1	1.13652
2	1.13651
3	1.13645
4	1.13636
5	1.13633
6	1.13635
7	1.13635
8	1.13630
9	1.13624
10	1.13617
11	1.13610
12	1.13602
13	1.13590
14	1.13575
15	1.13560
16	1.13547
17	1.13538
18	1.13536
19	1.13540
20	1.13550
21	1.13563
22	1.13573
23	1.13574
24	1.13568
25	1.13556
26	1.13536
27	1.13517
28	1.13509
29	1.13510
30	1.13517
31	1.13526
32	1.13538
33	1.13549
34	1.13561
35	1.13576
36	1.13592
37	1.13607
38	1.13622
39	1.13637
40	1.13650
41	1.13664
42	1.13676
43	1.13686
44	1.13693
45	1.13701
46	1.13705
47	1.13703
48	1.13708
49	1.13742
50	1.13802
51	1.13867
52	1.13915
53	1.13936
54	1.13929
55	1.13901
56	1.13860
57	1.13815
58	1.13774
59	1.13745
60	1.13734
61	1.13737
62	1.13744
63	1.13747
64	1.13750
65	1.13754
66	1.13754
67	1.13749
68	1.13746
69	1.13748
70	1.13752
71	1.13754
72	1.13755
73	1.13752
74	1.13745
75	1.13732
76	1.13718
77	1.13707
78	1.13705
79	1.13710
80	1.13723
81	1.13723
82	1.13725
83	1.13726
84	1.13727
85	1.13729
86	1.13732
87	1.13734
88	1.13737
89	1.13741
90	1.13746
91	1.13750
92	1.13750
93	1.13750
94	1.13750
95	1.13750
96	1.13748
97	1.13747
98	1.13746
99	1.13745
100	1.13745
101	1.13747
102	1.13749
103	1.13750
104	1.13750
105	1.13750
106	1.13749
107	1.13751
108	1.13754
109	1.13755
110	1.13757
111	1.13760
112	1.13764
113	1.13767
114	1.13771
115	1.13775
116	1.13777
117	1.13779
118	1.13791
119	1.13790
120	1.13733
121	1.13636
122	1.13577
123	1.13582
124	1.13605
125	1.13616
126	1.13623
127	1.13629
128	1.13633
129	1.13636
130	1.13641
131	1.13648
132	1.13654
133	1.13654
134	1.13649
135	1.13643
136	1.13638
137	1.13640
138	1.13645
139	1.13644
140	1.13627
141	1.13605
142	1.13578
143	1.13543
144	1.13499
145	1.13443
146	1.13376
147	1.13306
148	1.13236
149	1.13160
150	1.13075
151	1.13009
152	1.13002
153	1.13034
154	1.13025
155	1.12951
156	1.12860
157	1.12779
158	1.12700
159	1.12617
160	1.12530
161	1.12441
162	1.12346
163	1.12244
164	1.12150
165	1.12090
166	1.12088
167	1.12134
168	1.12198
169	1.12248
170	1.12254
171	1.12186
172	1.12021
173	1.11762
174	1.11464
175	1.11260
176	1.11221
177	1.11295
178	1.11330
179	1.11251
180	1.11128
181	1.11077
182	1.11123
183	1.11193
184	1.11235
185	1.11270
186	1.11322
187	1.11379
188	1.11429
189	1.11473
190	1.11517
191	1.11556
192	1.11586
193	1.11603
194	1.11611
195	1.11619
196	1.11638
197	1.11674
198	1.11727
199	1.11787
200	1.11831
201	1.11858
202	1.11900
203	1.11980
204	1.12076
205	1.12160
206	1.12235
207	1.12311
208	1.12385
209	1.12455
210	1.12521
211	1.12582
212	1.12635
213	1.12683
214	1.12727
215	1.12767
216	1.12803
217	1.12833
218	1.12857
219	1.12876
220	1.12888
221	1.12873
222	1.12802
223	1.12681
224	1.12569
225	1.12551
226	1.12684
227	1.12917
228	1.13084
229	1.13054
230	1.12884
231	1.12756
232	1.12736
233	1.12743
234	1.12734
235	1.12718
236	1.12706
237	1.12696
238	1.12688
239	1.12684
240	1.12685
241	1.12690
242	1.12697
243	1.12703
244	1.12709
245	1.12714
246	1.12720
247	1.12726
248	1.12732
249	1.12740
250	1.12750
251	1.12759
252	1.12766
253	1.12773
254	1.12781
255	1.12789
256	1.12797
257	1.12803
258	1.12809
259	1.12814
260	1.12817
261	1.12817
262	1.12813
263	1.12806
264	1.12800
265	1.12797
266	1.12798
267	1.12801
268	1.12802
269	1.12802
270	1.12806
271	1.12817
272	1.12814
273	1.12786
274	1.12754
275	1.12737
276	1.12723
277	1.12703
278	1.12682
279	1.12663
280	1.12645
281	1.12626
282	1.12605
283	1.12581
284	1.12552
285	1.12519
286	1.12483
287	1.12445
288	1.12405
289	1.12361
290	1.12318
291	1.12277
292	1.12237
293	1.12197
294	1.12160
295	1.12124
296	1.12089
297	1.12056
298	1.12028
299	1.12005
300	1.11984
301	1.11966
302	1.11955
303	1.11951
304	1.11951
305	1.11957
306	1.11970
307	1.11985
308	1.12000
309	1.12015
310	1.12027
311	1.12036
312	1.12038
313	1.12033
314	1.12020
315	1.12000
316	1.11974
317	1.11942
318	1.11905
319	1.11867
320	1.11831
321	1.11799
322	1.11774
323	1.11758
324	1.11753
325	1.11758
326	1.11772
327	1.11794
328	1.11823
329	1.11859
330	1.11902
331	1.11952
332	1.12005
333	1.12061
334	1.12118
335	1.12176
336	1.12234
337	1.12292
338	1.12349
339	1.12406
340	1.12458
341	1.12504
342	1.12546
343	1.12586
344	1.12625
345	1.12663
346	1.12698
347	1.12730
348	1.12760
349	1.12789
350	1.12816
351	1.12840
352	1.12858
353	1.12872
354	1.12883
355	1.12893
356	1.12901
357	1.12903
358	1.12901
359	1.12895
360	1.12887
361	1.12876
362	1.12864
363	1.12850
364	1.12835
365	1.12819
366	1.12802
367	1.12783
368	1.12763
369	1.12741
370	1.12720
371	1.12696
372	1.12671
373	1.12644
374	1.12619
375	1.12596
376	1.12577
377	1.12558
378	1.12536
379	1.12509
380	1.12479
381	1.12451
382	1.12423
383	1.12394
384	1.12365
385	1.12335
386	1.12307
387	1.12277
388	1.12243
389	1.12207
390	1.12172
391	1.12139
392	1.12108
393	1.12077
394	1.12048
395	1.12020
396	1.11992
397	1.11962
398	1.11931
399	1.11901
400	1.11871
401	1.11843
402	1.11814
403	1.11783
404	1.11753
405	1.11723
406	1.11695
407	1.11669
408	1.11646
409	1.11624
410	1.11602
411	1.11581
412	1.11562
413	1.11547
414	1.11537
415	1.11530
416	1.11526
417	1.11524
418	1.11526
419	1.11532
420	1.11540
421	1.11551
422	1.11564
423	1.11580
424	1.11600
425	1.11622
426	1.11646
427	1.11669
428	1.11692
429	1.11716
430	1.11741
431	1.11765
432	1.11786
433	1.11804
434	1.11820
435	1.11835
436	1.11847
437	1.11858
438	1.11868
439	1.11877
440	1.11885
441	1.11891
442	1.11897
443	1.11902
444	1.11906
445	1.11908
446	1.11909
447	1.11909
448	1.11909
449	1.11909
450	1.11910
451	1.11912
452	1.11914
453	1.11917
454	1.11919
455	1.11920
456	1.11923
457	1.11927
458	1.11933
459	1.11940
460	1.11946
461	1.11952
462	1.11958
463	1.11964
464	1.11969
465	1.11974
466	1.11980
467	1.11985
468	1.11988
469	1.11985
470	1.11975
471	1.11965
472	1.11960
473	1.11962
474	1.11969
475	1.11981
476	1.11990
477	1.11985
478	1.11960
479	1.11919
480	1.11877
481	1.11850
482	1.11848
483	1.11868
484	1.11901
485	1.11934
486	1.11956
487	1.11963
488	1.11956
489	1.11938
490	1.11915
491	1.11892
492	1.11872
493	1.11858
494	1.11851
495	1.11849
496	1.11849
497	1.11855
498	1.11868
499	1.11888
500	1.11912
501	1.11937
502	1.11964
503	1.11993
504	1.12023
505	1.12053
506	1.12081
507	1.12109
508	1.12138
509	1.12166
510	1.12188
511	1.12204
512	1.12216
513	1.12226
514	1.12238
515	1.12253
516	1.12270
517	1.12291
518	1.12313
519	1.12335
520	1.12355
521	1.12375
522	1.12397
523	1.12420
524	1.12443
525	1.12470
526	1.12503
527	1.12538
528	1.12569
529	1.12594
530	1.12625
531	1.12670
532	1.12708
533	1.12714
534	1.12700
535	1.12703
536	1.12735
537	1.12781
538	1.12824
539	1.12869
540	1.12920
541	1.12971
542	1.13017
543	1.13059
544	1.13098
545	1.13136
546	1.13177
547	1.13219
548	1.13256
549	1.13291
550	1.13329
551	1.13368
552	1.13404
553	1.13438
554	1.13474
555	1.13512
556	1.13547
557	1.13578
558	1.13605
559	1.13626
560	1.13643
561	1.13658
562	1.13669
563	1.13676
564	1.13682
565	1.13687
566	1.13689
567	1.13687
568	1.13681
569	1.13671
570	1.13659
571	1.13646
572	1.13627
573	1.13596
574	1.13556
575	1.13510
576	1.13456
577	1.13391
578	1.13315
579	1.13227
580	1.13127
581	1.13012
582	1.12878
583	1.12722
584	1.12552
585	1.12377
586	1.12208
587	1.12049
588	1.11901
589	1.11761
590	1.11629
591	1.11509
592	1.11412
593	1.11341
594	1.11295
595	1.11272
596	1.11272
597	1.11291
598	1.11327
599	1.11373
600	1.11427
601	1.11495
602	1.11575
603	1.11659
604	1.11741
605	1.11825
606	1.11913
607	1.12006
608	1.12105
609	1.12205
610	1.12303
611	1.12396
612	1.12483
613	1.12565
614	1.12643
615	1.12714
616	1.12774
617	1.12820
618	1.12857
619	1.12889
620	1.12915
621	1.12933
622	1.12945
623	1.12950
624	1.12946
625	1.12937
626	1.12923
627	1.12903
628	1.12875
629	1.12842
630	1.12805
631	1.12765
632	1.12723
633	1.12679
634	1.12630
635	1.12572
636	1.12504
637	1.12424
638	1.12333
639	1.12227
640	1.12107
641	1.11970
642	1.11818
643	1.11659
644	1.11501
645	1.11345
646	1.11199
647	1.11075
648	1.10985
649	1.10928
650	1.10877
651	1.10806
652	1.10735
653	1.10704
654	1.10719
655	1.10761
656	1.10818
657	1.10891
658	1.10981
659	1.11083
660	1.11199
661	1.11336
662	1.11493
663	1.11662
664	1.11838
665	1.12022
666	1.12210
667	1.12399
668	1.12581
669	1.12755
670	1.12924
671	1.13084
672	1.13229
673	1.13357
674	1.13470
675	1.13564
676	1.13642
677	1.13704
678	1.13753
679	1.13786
680	1.13805
681	1.13807
682	1.13795
683	1.13772
684	1.13739
685	1.13692
686	1.13634
687	1.13566
688	1.13488
689	1.13402
690	1.13312
691	1.13219
692	1.13120
693	1.13017
694	1.12912
695	1.12805
696	1.12690
697	1.12564
698	1.12427
699	1.12278
700	1.12118
701	1.11946
702	1.11762
703	1.11568
704	1.11366
705	1.11160
706	1.10954
707	1.10758
708	1.10579
709	1.10420
710	1.10281
711	1.10159
712	1.10061
713	1.09995
714	1.09965
715	1.09968
716	1.10002
717	1.10062
718	1.10142
719	1.10238
720	1.10352
721	1.10486
722	1.10642
723	1.10817
724	1.11006
725	1.11202
726	1.11401
727	1.11598
728	1.11785
729	1.11962
730	1.12128
731	1.12283
732	1.12422
733	1.12540
734	1.12633
735	1.12706
736	1.12758
737	1.12789
738	1.12797
739	1.12785
740	1.12756
741	1.12710
742	1.12647
743	1.12566
744	1.12466
745	1.12352
746	1.12234
747	1.12112
748	1.11977
749	1.11825
750	1.11665
751	1.11502
752	1.11335
753	1.11157
754	1.10958
755	1.10745
756	1.10536
757	1.10333
758	1.10126
759	1.09913
760	1.09702
761	1.09499
762	1.09304
763	1.09116
764	1.08944
765	1.08796
766	1.08678
767	1.08591
768	1.08531
769	1.08491
770	1.08463
771	1.08443
772	1.08440
773	1.08465
774	1.08528
775	1.08627
776	1.08750
777	1.08892
778	1.09054
779	1.09241
780	1.09451
781	1.09681
782	1.09930
783	1.10195
784	1.10469
785	1.10743
786	1.11010
787	1.11265
788	1.11506
789	1.11727
790	1.11926
791	1.12101
792	1.12250
793	1.12372
794	1.12465
795	1.12526
796	1.12557
797	1.12560
798	1.12532
799	1.12471
800	1.12379
801	1.12260
802	1.12117
803	1.11950
804	1.11762
805	1.11555
806	1.11331
807	1.11096
808	1.10854
809	1.10607
810	1.10356
811	1.10097
812	1.09829
813	1.09555
814	1.09281
815	1.09010
816	1.08749
817	1.08507
818	1.08296
819	1.08121
820	1.07976
821	1.07855
822	1.07761
823	1.07700
824	1.07673
825	1.07676
826	1.07714
827	1.07793
828	1.07916
829	1.08081
830	1.08286
831	1.08528
832	1.08804
833	1.09106
834	1.09426
835	1.09757
836	1.10092
837	1.10422
838	1.10740
839	1.11043
840	1.11327
841	1.11590
842	1.11822
843	1.12018
844	1.12175
845	1.12288
846	1.12357
847	1.12386
848	1.12381
849	1.12343
850	1.12272
851	1.12167
852	1.12030
853	1.11865
854	1.11682
855	1.11478
856	1.11249
857	1.10995
858	1.10722
859	1.10431
860	1.10119
861	1.09787
862	1.09450
863	1.09123
864	1.08808
865	1.08503
866	1.08209
867	1.07934
868	1.07684
869	1.07457
870	1.07254
871	1.07084
872	1.06951
873	1.06856
874	1.06801
875	1.06794
876	1.06834
877	1.06906
878	1.06991
879	1.07082
880	1.07184
881	1.07300
882	1.07436
883	1.07596
884	1.07781
885	1.07988
886	1.08210
887	1.08447
888	1.08700
889	1.08972
890	1.09255
891	1.09541
892	1.09825
893	1.10104
894	1.10371
895	1.10619
896	1.10847
897	1.11049
898	1.11225
899	1.11375
900	1.11498
901	1.11591
902	1.11654
903	1.11684
904	1.11683
905	1.11652
906	1.11593
907	1.11509
908	1.11402
909	1.11277
910	1.11129
911	1.10955
912	1.10765
913	1.10570
914	1.10365
915	1.10150
916	1.09934
917	1.09716
918	1.09494
919	1.09270
920	1.09049
921	1.08834
922	1.08630
923	1.08436
924	1.08249
925	1.08078
926	1.07938
927	1.07832
928	1.07751
929	1.07700
930	1.07683
931	1.07703
932	1.07755
933	1.07838
934	1.07952
935	1.08096
936	1.08270
937	1.08471
938	1.08702
939	1.08964
940	1.09251
941	1.09553
942	1.09866
943	1.10189
944	1.10516
945	1.10838
946	1.11150
947	1.11454
948	1.11744
949	1.12014
950	1.12256
951	1.12464
952	1.12638
953	1.12779
954	1.12887
955	1.12956
956	1.12988
957	1.12987
958	1.12956
959	1.12895
960	1.12810
961	1.12702
962	1.12569
963	1.12412
964	1.12235
965	1.12036
966	1.11804
967	1.11531
968	1.11231
969	1.10928
970	1.10636
971	1.10348
972	1.10049
973	1.09745
974	1.09453
975	1.09172
976	1.08899
977	1.08634
978	1.08392
979	1.08193
980	1.08045
981	1.07952
982	1.07910
983	1.07906
984	1.07929
985	1.07982
986	1.08069
987	1.08183
988	1.08319
989	1.08486
990	1.08683
991	1.08901
992	1.09134
993	1.09383
994	1.09654
995	1.09942
996	1.10239
997	1.10538
998	1.10828
999	1.11108
1000	1.11375
1001	1.11622
1002	1.11842
1003	1.12033
1004	1.12195
1005	1.12329
1006	1.12432
1007	1.12500
1008	1.12533
1009	1.12534
1010	1.12503
1011	1.12442
1012	1.12354
1013	1.12243
1014	1.12111
1015	1.11956
1016	1.11780
1017	1.11592
1018	1.11396
1019	1.11199
1020	1.11000
1021	1.10788
1022	1.10557
1023	1.10312
1024	1.10060
1025	1.09803
1026	1.09543
1027	1.09280
1028	1.09022
1029	1.08775
1030	1.08550
1031	1.08357
1032	1.08201
1033	1.08080
1034	1.07992
1035	1.07935
1036	1.07908
1037	1.07914
1038	1.07954
1039	1.08028
1040	1.08137
1041	1.08281
1042	1.08466
1043	1.08688
1044	1.08939
1045	1.09212
1046	1.09500
1047	1.09798
1048	1.10102
1049	1.10408
1050	1.10708
1051	1.10993
1052	1.11257
1053	1.11494
1054	1.11704
1055	1.11886
1056	1.12036
1057	1.12153
1058	1.12234
1059	1.12281
1060	1.12295
1061	1.12278
1062	1.12229
1063	1.12149
1064	1.12044
1065	1.11916
1066	1.11765
1067	1.11590
1068	1.11393
1069	1.11164
1070	1.10896
1071	1.10607
1072	1.10321
1073	1.10038
1074	1.09755
1075	1.09470
1076	1.09187
1077	1.08909
1078	1.08636
1079	1.08372
1080	1.08132
1081	1.07937
1082	1.07799
1083	1.07707
1084	1.07646
1085	1.07609
1086	1.07605
1087	1.07642
1088	1.07717
1089	1.07824
1090	1.07961
1091	1.08126
1092	1.08322
1093	1.08546
1094	1.08801
1095	1.09086
1096	1.09399
1097	1.09729
1098	1.10067
1099	1.10402
1100	1.10727
1101	1.11038
1102	1.11330
1103	1.11598
1104	1.11839
1105	1.12053
1106	1.12238
1107	1.12390
1108	1.12503
1109	1.12576
1110	1.12611
1111	1.12608
1112	1.12570
1113	1.12498
1114	1.12395
1115	1.12264
1116	1.12110
1117	1.11935
1118	1.11742
1119	1.11536
1120	1.11320
1121	1.11097
1122	1.10867
1123	1.10627
1124	1.10378
1125	1.10120
1126	1.09855
1127	1.09594
1128	1.09343
1129	1.09103
1130	1.08874
1131	1.08662
1132	1.08479
1133	1.08326
1134	1.08201
1135	1.08099
1136	1.08022
1137	1.07966
1138	1.07931
1139	1.07915
1140	1.07919
1141	1.07947
1142	1.08005
1143	1.08094
1144	1.08220
1145	1.08385
1146	1.08590
1147	1.08835
1148	1.09115
1149	1.09420
1150	1.09737
1151	1.10059
1152	1.10385
1153	1.10712
1154	1.11032
1155	1.11337
1156	1.11616
1157	1.11861
1158	1.12067
1159	1.12229
1160	1.12347
1161	1.12422
1162	1.12456
1163	1.12447
1164	1.12394
1165	1.12299
1166	1.12166
1167	1.11997
1168	1.11799
1169	1.11578
1170	1.11336
1171	1.11073
1172	1.10786
1173	1.10473
1174	1.10142
1175	1.09818
1176	1.09515
1177	1.09222
1178	1.08933
1179	1.08653
1180	1.08389
1181	1.08145
1182	1.07939
1183	1.07794
1184	1.07716
1185	1.07687
1186	1.07685
1187	1.07707
1188	1.07758
1189	1.07850
1190	1.07984
1191	1.08156
1192	1.08360
1193	1.08586
1194	1.08827
1195	1.09081
1196	1.09355
1197	1.09652
1198	1.09967
1199	1.10290
1200	1.10614
1201	1.10936
1202	1.11252
1203	1.11553
1204	1.11834
1205	1.12095
1206	1.12335
1207	1.12550
1208	1.12735
1209	1.12888
1210	1.13007
1211	1.13093
1212	1.13146
1213	1.13165
1214	1.13150
1215	1.13102
1216	1.13024
1217	1.12915
1218	1.12780
1219	1.12620
1220	1.12438
1221	1.12237
1222	1.12021
1223	1.11794
1224	1.11558
1225	1.11314
1226	1.11061
1227	1.10798
1228	1.10527
1229	1.10248
1230	1.09965
1231	1.09681
1232	1.09406
1233	1.09144
1234	1.08898
1235	1.08671
1236	1.08467
1237	1.08289
1238	1.08141
1239	1.08024
1240	1.07940
1241	1.07889
1242	1.07863
1243	1.07863
1244	1.07893
1245	1.07954
1246	1.08051
1247	1.08191
1248	1.08377
1249	1.08605
1250	1.08869
1251	1.09167
1252	1.09491
1253	1.09831
1254	1.10175
1255	1.10520
1256	1.10858
1257	1.11181
1258	1.11480
1259	1.11749
1260	1.11987
1261	1.12190
1262	1.12352
1263	1.12480
1264	1.12577
1265	1.12637
1266	1.12652
1267	1.12619
1268	1.12537
1269	1.12414
1270	1.12255
1271	1.12064
1272	1.11844
1273	1.11597
1274	1.11324
1275	1.11023
1276	1.10697
1277	1.10363
1278	1.10047
1279	1.09749
1280	1.09459
1281	1.09173
1282	1.08900
1283	1.08644
1284	1.08400
1285	1.08167
1286	1.07962
1287	1.07802
1288	1.07694
1289	1.07635
1290	1.07615
1291	1.07621
1292	1.07640
1293	1.07677
1294	1.07745
1295	1.07842
1296	1.07960
1297	1.08097
1298	1.08256
1299	1.08438
1300	1.08644
1301	1.08877
1302	1.09142
1303	1.09435
1304	1.09744
1305	1.10059
1306	1.10377
1307	1.10691
1308	1.10996
1309	1.11286
1310	1.11559
1311	1.11811
1312	1.12037
1313	1.12238
1314	1.12410
1315	1.12554
1316	1.12666
1317	1.12748
1318	1.12801
1319	1.12823
1320	1.12814
1321	1.12774
1322	1.12704
1323	1.12607
1324	1.12484
1325	1.12337
1326	1.12172
1327	1.11991
1328	1.11793
1329	1.11576
1330	1.11338
1331	1.11084
1332	1.10816
1333	1.10536
1334	1.10247
1335	1.09958
1336	1.09668
1337	1.09377
1338	1.09087
1339	1.08810
1340	1.08560
1341	1.08341
1342	1.08158
1343	1.08014
1344	1.07909
1345	1.07838
1346	1.07793
1347	1.07775
1348	1.07789
1349	1.07834
1350	1.07907
1351	1.08011
1352	1.08156
1353	1.08344
1354	1.08570
1355	1.08825
1356	1.09103
1357	1.09396
1358	1.09696
1359	1.09998
1360	1.10299
1361	1.10602
1362	1.10908
1363	1.11217
1364	1.11512
1365	1.11772
1366	1.11996
1367	1.12186
1368	1.12334
1369	1.12431
1370	1.12478
1371	1.12481
1372	1.12443
1373	1.12364
1374	1.12243
1375	1.12085
1376	1.11899
1377	1.11690
1378	1.11454
1379	1.11184
1380	1.10881
1381	1.10560
1382	1.10240
1383	1.09932
1384	1.09632
1385	1.09335
1386	1.09046
1387	1.08772
1388	1.08518
1389	1.08290
1390	1.08106
1391	1.07983
1392	1.07920
1393	1.07894
1394	1.07887
1395	1.07894
1396	1.07931
1397	1.08010
1398	1.08128
1399	1.08271
1400	1.08432
1401	1.08608
1402	1.08797
1403	1.08995
1404	1.09202
1405	1.09427
1406	1.09675
1407	1.09941
1408	1.10217
1409	1.10499
1410	1.10784
1411	1.11066
1412	1.11336
1413	1.11590
1414	1.11827
1415	1.12041
1416	1.12229
1417	1.12389
1418	1.12519
1419	1.12616
1420	1.12674
1421	1.12693
1422	1.12675
1423	1.12621
1424	1.12533
1425	1.12413
1426	1.12268
1427	1.12100
1428	1.11910
1429	1.11701
1430	1.11475
1431	1.11238
1432	1.10996
1433	1.10748
1434	1.10494
1435	1.10233
1436	1.09965
1437	1.09690
1438	1.09412
1439	1.09139
1440	1.08877
1441	1.08634
1442	1.08419
1443	1.08241
1444	1.08100
1445	1.07987
1446	1.07893
1447	1.07818
1448	1.07766
1449	1.07742
1450	1.07742
1451	1.07763
1452	1.07807
1453	1.07879
1454	1.07977
1455	1.08107
1456	1.08277
1457	1.08494
1458	1.08754
1459	1.09049
1460	1.09368
1461	1.09705
1462	1.10054
1463	1.10409
1464	1.10763
1465	1.11109
1466	1.11438
1467	1.11742
1468	1.12014
1469	1.12244
1470	1.12427
1471	1.12564
1472	1.12657
1473	1.12709
1474	1.12720
1475	1.12690
1476	1.12618
1477	1.12505
1478	1.12356
1479	1.12174
1480	1.11962
1481	1.11721
1482	1.11444
1483	1.11129
1484	1.10792
1485	1.10458
1486	1.10136
1487	1.09820
1488	1.09504
1489	1.09197
1490	1.08899
1491	1.08611
1492	1.08344
1493	1.08127
1494	1.07977
1495	1.07886
1496	1.07830
1497	1.07792
1498	1.07770
1499	1.07784
1500	1.07857
1501	1.07987
1502	1.08161
1503	1.08368
1504	1.08599
1505	1.08848
1506	1.09117
1507	1.09407
1508	1.09711
1509	1.10024
1510	1.10342
1511	1.10662
1512	1.10977
1513	1.11280
1514	1.11567
1515	1.11837
1516	1.12088
1517	1.12316
1518	1.12517
1519	1.12687
1520	1.12824
1521	1.12928
1522	1.12998
1523	1.13035
1524	1.13037
1525	1.13007
1526	1.12943
1527	1.12850
1528	1.12728
1529	1.12580
1530	1.12410
1531	1.12221
1532	1.12012
1533	1.11788
1534	1.11553
1535	1.11311
1536	1.11062
1537	1.10808
1538	1.10549
1539	1.10284
1540	1.10010
1541	1.09731
1542	1.09459
1543	1.09200
1544	1.08954
1545	1.08730
1546	1.08533
1547	1.08366
1548	1.08231
1549	1.08128
1550	1.08059
1551	1.08023
1552	1.08019
1553	1.08047
1554	1.08106
1555	1.08190
1556	1.08297
1557	1.08429
1558	1.08592
1559	1.08788
1560	1.09012
1561	1.09258
1562	1.09523
1563	1.09802
1564	1.10086
1565	1.10375
1566	1.10675
1567	1.10982
1568	1.11281
1569	1.11563
1570	1.11825
1571	1.12065
1572	1.12277
1573	1.12457
1574	1.12602
1575	1.12711
1576	1.12782
1577	1.12820
1578	1.12827
1579	1.12806
1580	1.12751
1581	1.12659
1582	1.12535
1583	1.12387
1584	1.12220
1585	1.12028
1586	1.11810
1587	1.11560
1588	1.11275
1589	1.10962
1590	1.10642
1591	1.10330
1592	1.10026
1593	1.09730
1594	1.09450
1595	1.09192
1596	1.08949
1597	1.08712
1598	1.08491
1599	1.08307
1600	1.08173
1601	1.08091
1602	1.08046
1603	1.08028
1604	1.08027
1605	1.08050
1606	1.08106
1607	1.08198
1608	1.08317
1609	1.08460
1610	1.08626
1611	1.08816
1612	1.09034
1613	1.09280
1614	1.09553
1615	1.09844
1616	1.10147
1617	1.10461
1618	1.10782
1619	1.11096
1620	1.11397
1621	1.11677
1622	1.11935
1623	1.12167
1624	1.12376
1625	1.12557
1626	1.12706
1627	1.12821
1628	1.12902
1629	1.12950
1630	1.12967
1631	1.12956
1632	1.12916
1633	1.12847
1634	1.12752
1635	1.12632
1636	1.12488
1637	1.12321
1638	1.12136
1639	1.11939
1640	1.11724
1641	1.11493
1642	1.11251
1643	1.10995
1644	1.10725
1645	1.10440
1646	1.10147
1647	1.09853
1648	1.09563
1649	1.09281
1650	1.09017
1651	1.08779
1652	1.08564
1653	1.08372
1654	1.08210
1655	1.08081
1656	1.07988
1657	1.07930
1658	1.07906
1659	1.07911
1660	1.07943
1661	1.08002
1662	1.08094
1663	1.08225
1664	1.08396
1665	1.08601
1666	1.08833
1667	1.09080
1668	1.09328
1669	1.09569
1670	1.09808
1671	1.10061
1672	1.10335
1673	1.10618
1674	1.10899
1675	1.11173
1676	1.11439
1677	1.11684
1678	1.11888
1679	1.12050
1680	1.12191
1681	1.12294
1682	1.12319
1683	1.12285
1684	1.12227
1685	1.12144
1686	1.12026
1687	1.11863
1688	1.11651
1689	1.11409
1690	1.11155
1691	1.10871
1692	1.10552
1693	1.10225
1694	1.09909
1695	1.09602
1696	1.09300
1697	1.09006
1698	1.08719
1699	1.08447
1700	1.08215
1701	1.08045
1702	1.07942
1703	1.07885
1704	1.07850
1705	1.07828
1706	1.07827
1707	1.07865
1708	1.07947
1709	1.08065
1710	1.08209
1711	1.08377
1712	1.08570
1713	1.08789
1714	1.09032
1715	1.09301
1716	1.09594
1717	1.09903
1718	1.10219
1719	1.10539
1720	1.10862
1721	1.11187
1722	1.11510
1723	1.11822
1724	1.12113
1725	1.12378
1726	1.12611
1727	1.12803
1728	1.12955
1729	1.13067
1730	1.13140
1731	1.13171
1732	1.13162
1733	1.13114
1734	1.13030
1735	1.12915
1736	1.12771
1737	1.12602
1738	1.12410
1739	1.12202
1740	1.11983
1741	1.11752
1742	1.11510
1743	1.11258
1744	1.11001
1745	1.10734
1746	1.10452
1747	1.10161
1748	1.09868
1749	1.09582
1750	1.09304
1751	1.09040
1752	1.08801
1753	1.08594
1754	1.08417
1755	1.08268
1756	1.08150
1757	1.08067
1758	1.08023
1759	1.08013
1760	1.08029
1761	1.08070
1762	1.08135
1763	1.08223
1764	1.08338
1765	1.08488
1766	1.08675
1767	1.08891
1768	1.09140
1769	1.09435
1770	1.09760
1771	1.10071
1772	1.10354
1773	1.10608
1774	1.10809
1775	1.10969
1776	1.11202
1777	1.11586
1778	1.11989
1779	1.12221
1780	1.12264
1781	1.12260
1782	1.12358
1783	1.12557
1784	1.12746
1785	1.12840
1786	1.12832
1787	1.12761
1788	1.12639
1789	1.12457
1790	1.12261
1791	1.12090
1792	1.11896
1793	1.11668
1794	1.11432
1795	1.11145
1796	1.10792
1797	1.10439
1798	1.10123
1799	1.09819
1800	1.09516
1801	1.09225
1802	1.08951
1803	1.08696
1804	1.08467
1805	1.08272
1806	1.08117
1807	1.08013
1808	1.07956
1809	1.07930
1810	1.07923
1811	1.07945
1812	1.08008
1813	1.08108
1814	1.08231
1815	1.08369
1816	1.08522
1817	1.08689
1818	1.08874
1819	1.09087
1820	1.09327
1821	1.09585
1822	1.09847
1823	1.10106
1824	1.10372
1825	1.10653
1826	1.10953
1827	1.11265
1828	1.11570
1829	1.11854
1830	1.12110
1831	1.12337
1832	1.12532
1833	1.12688
1834	1.12805
1835	1.12884
1836	1.12929
1837	1.12938
1838	1.12911
1839	1.12849
1840	1.12758
1841	1.12639
1842	1.12495
1843	1.12333
1844	1.12161
1845	1.11983
1846	1.11793
1847	1.11579
1848	1.11343
1849	1.11090
1850	1.10827
1851	1.10552
1852	1.10267
1853	1.09974
1854	1.09672
1855	1.09366
1856	1.09067
1857	1.08791
1858	1.08548
1859	1.08342
1860	1.08175
1861	1.08051
1862	1.07973
1863	1.07935
1864	1.07932
1865	1.07961
1866	1.08020
1867	1.08105
1868	1.08216
1869	1.08361
1870	1.08542
1871	1.08752
1872	1.08991
1873	1.09277
1874	1.09604
1875	1.09923
1876	1.10199
1877	1.10444
1878	1.10678
1879	1.10906
1880	1.11132
1881	1.11359
1882	1.11569
1883	1.11744
1884	1.11879
1885	1.11987
1886	1.12074
1887	1.12124
1888	1.12128
1889	1.12090
1890	1.12016
1891	1.11909
1892	1.11772
1893	1.11606
1894	1.11414
1895	1.11203
1896	1.10968
1897	1.10692
1898	1.10364
1899	1.10009
1900	1.09668
1901	1.09356
1902	1.09060
1903	1.08776
1904	1.08510
1905	1.08267
1906	1.08057
1907	1.07896
1908	1.07793
1909	1.07734
1910	1.07703
1911	1.07695
1912	1.07714
1913	1.07763
1914	1.07852
1915	1.07981
1916	1.08140
1917	1.08315
1918	1.08501
1919	1.08703
1920	1.08921
1921	1.09159
1922	1.09418
1923	1.09698
1924	1.09991
1925	1.10285
1926	1.10575
1927	1.10857
1928	1.11133
1929	1.11400
1930	1.11658
1931	1.11901
1932	1.12128
1933	1.12336
1934	1.12520
1935	1.12677
1936	1.12803
1937	1.12898
1938	1.12969
1939	1.13015
1940	1.13036
1941	1.13028
1942	1.12990
1943	1.12925
1944	1.12837
1945	1.12729
1946	1.12600
1947	1.12449
1948	1.12280
1949	1.12094
1950	1.11887
1951	1.11651
1952	1.11381
1953	1.11084
1954	1.10769
1955	1.10440
1956	1.10100
1957	1.09754
1958	1.09413
1959	1.09093
1960	1.08803
1961	1.08543
1962	1.08323
1963	1.08149
1964	1.08024
1965	1.07946
1966	1.07908
1967	1.07907
1968	1.07939
1969	1.08003
1970	1.08107
1971	1.08259
1972	1.08459
1973	1.08697
1974	1.08958
1975	1.09230
1976	1.09519
1977	1.09854
1978	1.10222
1979	1.10566
1980	1.10878
1981	1.11187
1982	1.11493
1983	1.11774
1984	1.12020
1985	1.12230
1986	1.12408
1987	1.12553
1988	1.12656
1989	1.12711
1990	1.12724
1991	1.12697
1992	1.12627
1993	1.12521
1994	1.12386
1995	1.12226
1996	1.12041
1997	1.11837
1998	1.11619
1999	1.11367
2000	1.11050
2001	1.10694
2002	1.10376
2003	1.10111
2004	1.09854
2005	1.09589
2006	1.09333
2007	1.09087
2008	1.08846
2009	1.08620
2010	1.08432
2011	1.08292
2012	1.08195
2013	1.08128
2014	1.08082
2015	1.08050
2016	1.08038
2017	1.08057
2018	1.08110
2019	1.08190
2020	1.08293
2021	1.08421
2022	1.08572
2023	1.08746
2024	1.08951
2025	1.09195
2026	1.09477
2027	1.09782
2028	1.10096
2029	1.10409
2030	1.10718
2031	1.11025
2032	1.11327
2033	1.11617
2034	1.11887
2035	1.12130
2036	1.12345
2037	1.12530
2038	1.12684
2039	1.12808
2040	1.12904
2041	1.12971
2042	1.13007
2043	1.13011
2044	1.12986
2045	1.12936
2046	1.12862
2047	1.12765
2048	1.12645
2049	1.12504
2050	1.12346
2051	1.12170
2052	1.11976
2053	1.11766
2054	1.11539
2055	1.11296
2056	1.11037
2057	1.10763
2058	1.10476
2059	1.10180
2060	1.09882
2061	1.09591
2062	1.09316
2063	1.09066
2064	1.08840
2065	1.08640
2066	1.08473
2067	1.08346
2068	1.08255
2069	1.08200
2070	1.08177
2071	1.08185
2072	1.08223
2073	1.08290
2074	1.08387
2075	1.08520
2076	1.08691
2077	1.08894
2078	1.09126
2079	1.09386
2080	1.09668
2081	1.09959
2082	1.10246
2083	1.10540
2084	1.10848
2085	1.11142
2086	1.11406
2087	1.11665
2088	1.11908
2089	1.12102
2090	1.12249
2091	1.12362
2092	1.12442
2093	1.12494
2094	1.12521
2095	1.12508
2096	1.12452
2097	1.12363
2098	1.12248
2099	1.12109
2100	1.11949
2101	1.11758
2102	1.11518
2103	1.11238
2104	1.10946
2105	1.10658
2106	1.10376
2107	1.10099
2108	1.09821
2109	1.09538
2110	1.09258
2111	1.08994
2112	1.08747
2113	1.08523
2114	1.08341
2115	1.08213
2116	1.08139
2117	1.08107
2118	1.08101
2119	1.08117
2120	1.08159
2121	1.08235
2122	1.08339
2123	1.08460
2124	1.08590
2125	1.08729
2126	1.08878
2127	1.09035
2128	1.09205
2129	1.09394
2130	1.09608
2131	1.09852
2132	1.10119
2133	1.10398
2134	1.10676
2135	1.10955
2136	1.11241
2137	1.11532
2138	1.11815
2139	1.12080
2140	1.12321
2141	1.12538
2142	1.12728
2143	1.12889
2144	1.13016
2145	1.13110
2146	1.13172
2147	1.13202
2148	1.13201
2149	1.13167
2150	1.13104
2151	1.13012
2152	1.12895
2153	1.12752
2154	1.12584
2155	1.12396
2156	1.12192
2157	1.11978
2158	1.11752
2159	1.11516
2160	1.11268
2161	1.11011
2162	1.10746
2163	1.10474
2164	1.10199
2165	1.09924
2166	1.09653
2167	1.09394
2168	1.09153
2169	1.08935
2170	1.08736
2171	1.08556
2172	1.08394
2173	1.08248
2174	1.08123
2175	1.08024
2176	1.07947
2177	1.07891
2178	1.07860
2179	1.07865
2180	1.07916
2181	1.08017
2182	1.08167
2183	1.08364
2184	1.08608
2185	1.08900
2186	1.09227
2187	1.09570
2188	1.09918
2189	1.10268
2190	1.10625
2191	1.10979
2192	1.11319
2193	1.11633
2194	1.11916
2195	1.12162
2196	1.12367
2197	1.12534
2198	1.12662
2199	1.12754
2200	1.12807
2201	1.12814
2202	1.12773
2203	1.12693
2204	1.12588
2205	1.12462
2206	1.12314
2207	1.12144
2208	1.11949
2209	1.11717
2210	1.11445
2211	1.11149
2212	1.10856
2213	1.10572
2214	1.10293
2215	1.10019
2216	1.09760
2217	1.09518
2218	1.09284
2219	1.09053
2220	1.08828
2221	1.08619
2222	1.08437
2223	1.08288
2224	1.08176
2225	1.08096
2226	1.08042
2227	1.08013
2228	1.08017
2229	1.08059
2230	1.08129
2231	1.08217
2232	1.08323
2233	1.08447
2234	1.08591
2235	1.08760
2236	1.08960
2237	1.09193
2238	1.09453
2239	1.09730
2240	1.10018
2241	1.10309
2242	1.10596
2243	1.10878
2244	1.11160
2245	1.11437
2246	1.11698
2247	1.11938
2248	1.12151
2249	1.12337
2250	1.12492
2251	1.12615
2252	1.12706
2253	1.12769
2254	1.12802
2255	1.12804
2256	1.12776
2257	1.12717
2258	1.12631
2259	1.12521
2260	1.12389
2261	1.12240
2262	1.12077
2263	1.11900
2264	1.11712
2265	1.11514
2266	1.11309
2267	1.11094
2268	1.10866
2269	1.10626
2270	1.10375
2271	1.10113
2272	1.09841
2273	1.09560
2274	1.09277
2275	1.08999
2276	1.08733
2277	1.08482
2278	1.08255
2279	1.08060
2280	1.07903
2281	1.07784
2282	1.07704
2283	1.07655
2284	1.07633
2285	1.07641
2286	1.07686
2287	1.07773
2288	1.07898
2289	1.08057
2290	1.08250
2291	1.08480
2292	1.08749
2293	1.09051
2294	1.09373
2295	1.09702
2296	1.10022
2297	1.10313
2298	1.10560
2299	1.10771
2300	1.10979
2301	1.11208
2302	1.11451
2303	1.11681
2304	1.11870
2305	1.12009
2306	1.12108
2307	1.12171
2308	1.12198
2309	1.12187
2310	1.12143
2311	1.12067
2312	1.11960
2313	1.11826
2314	1.11664
2315	1.11474
2316	1.11255
2317	1.11012
2318	1.10744
2319	1.10456
2320	1.10168
2321	1.09889
2322	1.09613
2323	1.09334
2324	1.09061
2325	1.08803
2326	1.08557
2327	1.08331
2328	1.08137
2329	1.07980
2330	1.07862
2331	1.07780
2332	1.07730
2333	1.07706
2334	1.07713
2335	1.07759
2336	1.07844
2337	1.07958
2338	1.08097
2339	1.08261
2340	1.08448
2341	1.08656
2342	1.08888
2343	1.09150
2344	1.09440
2345	1.09750
2346	1.10069
2347	1.10385
2348	1.10692
2349	1.10987
2350	1.11271
2351	1.11544
2352	1.11800
2353	1.12031
2354	1.12235
2355	1.12407
2356	1.12546
2357	1.12650
2358	1.12721
2359	1.12760
2360	1.12767
2361	1.12742
2362	1.12685
2363	1.12596
2364	1.12479
2365	1.12335
2366	1.12170
2367	1.11987
2368	1.11787
2369	1.11576
2370	1.11357
2371	1.11131
2372	1.10897
2373	1.10661
2374	1.10423
2375	1.10182
2376	1.09937
2377	1.09694
2378	1.09459
2379	1.09237
2380	1.09029
2381	1.08839
2382	1.08670
2383	1.08520
2384	1.08389
2385	1.08282
2386	1.08201
2387	1.08145
2388	1.08113
2389	1.08106
2390	1.08125
2391	1.08173
2392	1.08253
2393	1.08367
2394	1.08518
2395	1.08710
2396	1.08942
2397	1.09207
2398	1.09490
2399	1.09772
2400	1.10041
2401	1.10301
2402	1.10572
2403	1.10861
2404	1.11159
2405	1.11447
2406	1.11710
2407	1.11940
2408	1.12137
2409	1.12300
2410	1.12427
2411	1.12518
2412	1.12575
2413	1.12598
2414	1.12585
2415	1.12546
2416	1.12488
2417	1.12400
2418	1.12268
2419	1.12102
2420	1.11924
2421	1.11738
2422	1.11534
2423	1.11305
2424	1.11044
2425	1.10762
2426	1.10488
2427	1.10233
2428	1.09980
2429	1.09721
2430	1.09473
2431	1.09255
2432	1.09060
2433	1.08878
2434	1.08709
2435	1.08562
2436	1.08448
2437	1.08373
2438	1.08337
2439	1.08337
2440	1.08365
2441	1.08417
2442	1.08494
2443	1.08597
2444	1.08719
2445	1.08855
2446	1.09001
2447	1.09155
2448	1.09320
2449	1.09504
2450	1.09709
2451	1.09937
2452	1.10177
2453	1.10422
2454	1.10672
2455	1.10929
2456	1.11195
2457	1.11463
2458	1.11723
2459	1.11968
2460	1.12195
2461	1.12400
2462	1.12579
2463	1.12729
2464	1.12846
2465	1.12931
2466	1.12985
2467	1.13006
2468	1.12994
2469	1.12948
2470	1.12872
2471	1.12765
2472	1.12633
2473	1.12477
2474	1.12300
2475	1.12105
2476	1.11899
2477	1.11685
2478	1.11464
2479	1.11232
2480	1.10988
2481	1.10734
2482	1.10472
2483	1.10208
2484	1.09943
2485	1.09678
2486	1.09412
2487	1.09147
2488	1.08888
2489	1.08647
2490	1.08426
2491	1.08227
2492	1.08055
2493	1.07915
2494	1.07808
2495	1.07726
2496	1.07666
2497	1.07630
2498	1.07625
2499	1.07652
2500	1.07718
2501	1.07832
2502	1.07994
2503	1.08202
2504	1.08448
2505	1.08724
2506	1.09020
2507	1.09318
2508	1.09608
2509	1.09902
2510	1.10210
2511	1.10521
2512	1.10818
2513	1.11095
2514	1.11354
2515	1.11589
2516	1.11793
2517	1.11970
2518	1.12122
2519	1.12244
2520	1.12326
2521	1.12363
2522	1.12361
2523	1.12328
2524	1.12267
2525	1.12178
2526	1.12056
2527	1.11897
2528	1.11702
2529	1.11474
2530	1.11214
2531	1.10932
2532	1.10649
2533	1.10373
2534	1.10095
2535	1.09807
2536	1.09520
2537	1.09246
2538	1.08985
2539	1.08735
2540	1.08499
2541	1.08289
2542	1.08116
2543	1.07986
2544	1.07895
2545	1.07830
2546	1.07779
2547	1.07744
2548	1.07740
2549	1.07774
2550	1.07839
2551	1.07932
2552	1.08051
2553	1.08196
2554	1.08368
2555	1.08578
2556	1.08828
2557	1.09114
2558	1.09427
2559	1.09755
2560	1.10083
2561	1.10396
2562	1.10703
2563	1.11022
2564	1.11345
2565	1.11650
2566	1.11925
2567	1.12174
2568	1.12396
2569	1.12592
2570	1.12758
2571	1.12891
2572	1.12991
2573	1.13057
2574	1.13086
2575	1.13081
2576	1.13042
2577	1.12970
2578	1.12871
2579	1.12744
2580	1.12589
2581	1.12409
2582	1.12209
2583	1.11996
2584	1.11771
2585	1.11531
2586	1.11274
2587	1.11003
2588	1.10722
2589	1.10435
2590	1.10147
2591	1.09860
2592	1.09574
2593	1.09291
2594	1.09018
2595	1.08765
2596	1.08531
2597	1.08316
2598	1.08124
2599	1.07965
2600	1.07835
2601	1.07735
2602	1.07662
2603	1.07618
2604	1.07600
2605	1.07611
2606	1.07655
2607	1.07740
2608	1.07870
2609	1.08046
2610	1.08260
2611	1.08509
2612	1.08789
2613	1.09085
2614	1.09370
2615	1.09634
2616	1.09900
2617	1.10197
2618	1.10515
2619	1.10823
2620	1.11101
2621	1.11345
2622	1.11553
2623	1.11722
2624	1.11850
2625	1.11941
2626	1.12003
2627	1.12032
2628	1.12020
2629	1.11967
2630	1.11881
2631	1.11770
2632	1.11632
2633	1.11472
2634	1.11301
2635	1.11107
2636	1.10880
2637	1.10624
2638	1.10341
2639	1.10046
2640	1.09767
2641	1.09507
2642	1.09250
2643	1.08999
2644	1.08770
2645	1.08558
2646	1.08358
2647	1.08179
2648	1.08031
2649	1.07922
2650	1.07857
2651	1.07836
2652	1.07847
2653	1.07881
2654	1.07942
2655	1.08040
2656	1.08169
2657	1.08320
2658	1.08486
2659	1.08670
2660	1.08873
2661	1.09098
2662	1.09345
2663	1.09611
2664	1.09896
2665	1.10194
2666	1.10499
2667	1.10803
2668	1.11101
2669	1.11389
2670	1.11663
2671	1.11917
2672	1.12150
2673	1.12358
2674	1.12539
2675	1.12689
2676	1.12805
2677	1.12888
2678	1.12938
2679	1.12953
2680	1.12933
2681	1.12883
2682	1.12804
2683	1.12693
2684	1.12552
2685	1.12389
2686	1.12206
2687	1.12005
2688	1.11789
2689	1.11561
2690	1.11328
2691	1.11089
2692	1.10846
2693	1.10602
2694	1.10357
2695	1.10109
2696	1.09860
2697	1.09616
2698	1.09381
2699	1.09154
2700	1.08934
2701	1.08732
2702	1.08551
2703	1.08386
2704	1.08239
2705	1.08108
2706	1.07996
2707	1.07903
2708	1.07826
2709	1.07764
2710	1.07718
2711	1.07692
2712	1.07693
2713	1.07727
2714	1.07801
2715	1.07920
2716	1.08087
2717	1.08305
2718	1.08563
2719	1.08851
2720	1.09163
2721	1.09491
2722	1.09816
2723	1.10124
2724	1.10418
2725	1.10714
2726	1.11015
2727	1.11310
2728	1.11590
2729	1.11845
2730	1.12065
2731	1.12247
2732	1.12394
2733	1.12501
2734	1.12565
2735	1.12586
2736	1.12567
2737	1.12510
2738	1.12413
2739	1.12281
2740	1.12119
2741	1.11928
2742	1.11706
2743	1.11445
2744	1.11145
2745	1.10820
2746	1.10500
2747	1.10191
2748	1.09884
2749	1.09576
2750	1.09282
2751	1.09005
2752	1.08743
2753	1.08501
2754	1.08295
2755	1.08142
2756	1.08044
2757	1.07993
2758	1.07975
2759	1.07981
2760	1.08017
2761	1.08092
2762	1.08207
2763	1.08351
2764	1.08509
2765	1.08677
2766	1.08856
2767	1.09050
2768	1.09263
2769	1.09500
2770	1.09761
2771	1.10038
2772	1.10320
2773	1.10606
2774	1.10898
2775	1.11195
2776	1.11489
2777	1.11773
2778	1.12038
2779	1.12279
2780	1.12496
2781	1.12686
2782	1.12846
2783	1.12971
2784	1.13065
2785	1.13128
2786	1.13159
2787	1.13157
2788	1.13124
2789	1.13058
2790	1.12962
2791	1.12840
2792	1.12695
2793	1.12528
2794	1.12341
2795	1.12135
2796	1.11917
2797	1.11691
2798	1.11456
2799	1.11209
2800	1.10947
2801	1.10678
2802	1.10403
2803	1.10127
2804	1.09855
2805	1.09589
2806	1.09325
2807	1.09070
2808	1.08830
2809	1.08610
2810	1.08412
2811	1.08241
2812	1.08100
2813	1.07986
2814	1.07895
2815	1.07828
2816	1.07789
2817	1.07780
2818	1.07804
2819	1.07862
2820	1.07958
2821	1.08099
2822	1.08282
2823	1.08503
2824	1.08763
2825	1.09068
2826	1.09405
2827	1.09737
2828	1.10043
2829	1.10356
2830	1.10716
2831	1.11101
2832	1.11452
2833	1.11750
2834	1.12007
2835	1.12230
2836	1.12415
2837	1.12563
2838	1.12675
2839	1.12747
2840	1.12775
2841	1.12760
2842	1.12702
2843	1.12608
2844	1.12494
2845	1.12366
2846	1.12207
2847	1.12002
2848	1.11754
2849	1.11475
2850	1.11174
2851	1.10861
2852	1.10552
2853	1.10256
2854	1.09959
2855	1.09658
2856	1.09369
2857	1.09103
2858	1.08860
2859	1.08649
2860	1.08480
2861	1.08359
2862	1.08283
2863	1.08244
2864	1.08228
2865	1.08232
2866	1.08266
2867	1.08338
2868	1.08440
2869	1.08564
2870	1.08710
2871	1.08874
2872	1.09054
2873	1.09252
2874	1.09477
2875	1.09733
2876	1.10012
2877	1.10299
2878	1.10582
2879	1.10861
2880	1.11137
2881	1.11415
2882	1.11698
2883	1.11979
2884	1.12251
2885	1.12502
2886	1.12725
2887	1.12915
2888	1.13069
2889	1.13189
2890	1.13278
2891	1.13335
2892	1.13359
2893	1.13351
2894	1.13316
2895	1.13259
2896	1.13181
2897	1.13080
2898	1.12956
2899	1.12808
2900	1.12638
2901	1.12454
2902	1.12259
2903	1.12049
2904	1.11814
2905	1.11556
2906	1.11281
2907	1.10993
2908	1.10690
2909	1.10378
2910	1.10062
2911	1.09741
2912	1.09418
2913	1.09105
2914	1.08814
2915	1.08552
2916	1.08322
2917	1.08130
2918	1.07976
2919	1.07856
2920	1.07769
2921	1.07720
2922	1.07711
2923	1.07741
2924	1.07808
2925	1.07913
2926	1.08060
2927	1.08248
2928	1.08475
2929	1.08736
2930	1.09012
2931	1.09282
2932	1.09558
2933	1.09885
2934	1.10245
2935	1.10572
2936	1.10856
2937	1.11134
2938	1.11406
2939	1.11656
2940	1.11875
2941	1.12059
2942	1.12209
2943	1.12333
2944	1.12434
2945	1.12498
2946	1.12524
2947	1.12521
2948	1.12484
2949	1.12405
2950	1.12293
2951	1.12162
2952	1.11999
2953	1.11789
2954	1.11555
2955	1.11321
2956	1.11060
2957	1.10768
2958	1.10478
2959	1.10209
2960	1.09953
2961	1.09696
2962	1.09444
2963	1.09212
2964	1.08998
2965	1.08791
2966	1.08595
2967	1.08423
2968	1.08284
2969	1.08186
2970	1.08133
2971	1.08117
2972	1.08127
2973	1.08155
2974	1.08203
2975	1.08270
2976	1.08356
2977	1.08457
2978	1.08570
2979	1.08696
2980	1.08840
2981	1.09009
2982	1.09207
2983	1.09431
2984	1.09674
2985	1.09928
2986	1.10183
2987	1.10438
2988	1.10698
2989	1.10967
2990	1.11245
2991	1.11523
2992	1.11791
2993	1.12034
2994	1.12247
2995	1.12426
2996	1.12571
2997	1.12680
2998	1.12756
2999	1.12798
3000	1.12807
3001	1.12783
3002	1.12724
3003	1.12638
3004	1.12528
3005	1.12393
3006	1.12236
3007	1.12058
3008	1.11857
3009	1.11632
3010	1.11392
3011	1.11145
3012	1.10893
3013	1.10631
3014	1.10356
3015	1.10075
3016	1.09798
3017	1.09524
3018	1.09259
3019	1.09015
3020	1.08800
3021	1.08607
3022	1.08432
3023	1.08276
3024	1.08144
3025	1.08036
3026	1.07960
3027	1.07916
3028	1.07897
3029	1.07899
3030	1.07928
3031	1.07988
3032	1.08084
3033	1.08219
3034	1.08395
3035	1.08607
3036	1.08842
3037	1.09105
3038	1.09425
3039	1.09787
3040	1.10134
3041	1.10447
3042	1.10759
3043	1.11083
3044	1.11405
3045	1.11704
3046	1.11969
3047	1.12203
3048	1.12411
3049	1.12594
3050	1.12739
3051	1.12837
3052	1.12893
3053	1.12918
3054	1.12913
3055	1.12874
3056	1.12798
3057	1.12691
3058	1.12563
3059	1.12413
3060	1.12222
3061	1.11984
3062	1.11728
3063	1.11476
3064	1.11214
3065	1.10934
3066	1.10650
3067	1.10373
3068	1.10098
3069	1.09825
3070	1.09561
3071	1.09316
3072	1.09089
3073	1.08889
3074	1.08728
3075	1.08612
3076	1.08540
3077	1.08512
3078	1.08518
3079	1.08544
3080	1.08581
3081	1.08630
3082	1.08700
3083	1.08795
3084	1.08910
3085	1.09035
3086	1.09167
3087	1.09306
3088	1.09463
3089	1.09644
3090	1.09850
3091	1.10072
3092	1.10301
3093	1.10540
3094	1.10788
3095	1.11042
3096	1.11303
3097	1.11572
3098	1.11839
3099	1.12090
3100	1.12316
3101	1.12517
3102	1.12694
3103	1.12844
3104	1.12965
3105	1.13058
3106	1.13121
3107	1.13149
3108	1.13148
3109	1.13129
3110	1.13089
3111	1.13027
3112	1.12940
3113	1.12831
3114	1.12697
3115	1.12539
3116	1.12362
3117	1.12166
3118	1.11950
3119	1.11711
3120	1.11451
3121	1.11170
3122	1.10875
3123	1.10576
3124	1.10273
3125	1.09962
3126	1.09645
3127	1.09332
3128	1.09032
3129	1.08749
3130	1.08490
3131	1.08265
3132	1.08078
3133	1.07929
3134	1.07819
3135	1.07745
3136	1.07707
3137	1.07700
3138	1.07728
3139	1.07795
3140	1.07906
3141	1.08062
3142	1.08259
3143	1.08494
3144	1.08754
3145	1.09021
3146	1.09309
3147	1.09664
3148	1.10059
3149	1.10407
3150	1.10704
3151	1.11004
3152	1.11306
3153	1.11586
3154	1.11843
3155	1.12075
3156	1.12277
3157	1.12444
3158	1.12575
3159	1.12668
3160	1.12721
3161	1.12738
3162	1.12716
3163	1.12653
3164	1.12552
3165	1.12421
3166	1.12245
3167	1.12011
3168	1.11745
3169	1.11467
3170	1.11161
3171	1.10844
3172	1.10553
3173	1.10280
3174	1.10003
3175	1.09724
3176	1.09465
3177	1.09235
3178	1.09026
3179	1.08838
3180	1.08683
3181	1.08569
3182	1.08503
3183	1.08489
3184	1.08516
3185	1.08561
3186	1.08610
3187	1.08668
3188	1.08747
3189	1.08848
3190	1.08963
3191	1.09084
3192	1.09208
3193	1.09338
3194	1.09479
3195	1.09637
3196	1.09822
3197	1.10028
3198	1.10243
3199	1.10457
3200	1.10668
3201	1.10883
3202	1.11115
3203	1.11366
3204	1.11626
3205	1.11885
3206	1.12132
3207	1.12364
3208	1.12576
3209	1.12764
3210	1.12926
3211	1.13061
3212	1.13165
3213	1.13240
3214	1.13289
3215	1.13309
3216	1.13296
3217	1.13250
3218	1.13177
3219	1.13081
3220	1.12965
3221	1.12827
3222	1.12661
3223	1.12461
3224	1.12230
3225	1.11970
3226	1.11684
3227	1.11371
3228	1.11036
3229	1.10685
3230	1.10315
3231	1.09927
3232	1.09534
3233	1.09159
3234	1.08814
3235	1.08507
3236	1.08246
3237	1.08033
3238	1.07869
3239	1.07754
3240	1.07682
3241	1.07645
3242	1.07641
3243	1.07672
3244	1.07744
3245	1.07862
3246	1.08026
3247	1.08229
3248	1.08455
3249	1.08710
3250	1.09024
3251	1.09386
3252	1.09722
3253	1.09990
3254	1.10223
3255	1.10468
3256	1.10732
3257	1.10990
3258	1.11229
3259	1.11441
3260	1.11622
3261	1.11769
3262	1.11884
3263	1.11968
3264	1.12019
3265	1.12035
3266	1.12019
3267	1.11975
3268	1.11908
3269	1.11819
3270	1.11705
3271	1.11568
3272	1.11424
3273	1.11262
3274	1.11026
3275	1.10713
3276	1.10402
3277	1.10139
3278	1.09887
3279	1.09615
3280	1.09334
3281	1.09069
3282	1.08820
3283	1.08580
3284	1.08355
3285	1.08163
3286	1.08016
3287	1.07919
3288	1.07868
3289	1.07848
3290	1.07849
3291	1.07872
3292	1.07925
3293	1.08012
3294	1.08128
3295	1.08270
3296	1.08432
3297	1.08612
3298	1.08811
3299	1.09031
3300	1.09273
3301	1.09534
3302	1.09813
3303	1.10103
3304	1.10398
3305	1.10694
3306	1.10986
3307	1.11267
3308	1.11531
3309	1.11775
3310	1.11997
3311	1.12196
3312	1.12372
3313	1.12520
3314	1.12634
3315	1.12711
3316	1.12757
3317	1.12772
3318	1.12758
3319	1.12714
3320	1.12639
3321	1.12533
3322	1.12401
3323	1.12250
3324	1.12082
3325	1.11900
3326	1.11705
3327	1.11499
3328	1.11286
3329	1.11070
3330	1.10850
3331	1.10625
3332	1.10394
3333	1.10159
3334	1.09925
3335	1.09695
3336	1.09472
3337	1.09257
3338	1.09053
3339	1.08861
3340	1.08682
3341	1.08516
3342	1.08366
3343	1.08240
3344	1.08142
3345	1.08075
3346	1.08032
3347	1.08010
3348	1.08011
3349	1.08034
3350	1.08086
3351	1.08175
3352	1.08308
3353	1.08485
3354	1.08699
3355	1.08942
3356	1.09203
3357	1.09461
3358	1.09698
3359	1.09928
3360	1.10185
3361	1.10478
3362	1.10788
3363	1.11095
3364	1.11384
3365	1.11643
3366	1.11863
3367	1.12043
3368	1.12185
3369	1.12289
3370	1.12358
3371	1.12391
3372	1.12388
3373	1.12355
3374	1.12296
3375	1.12212
3376	1.12105
3377	1.11969
3378	1.11808
3379	1.11626
3380	1.11412
3381	1.11155
3382	1.10865
3383	1.10571
3384	1.10285
3385	1.10000
3386	1.09712
3387	1.09428
3388	1.09155
3389	1.08897
3390	1.08659
3391	1.08458
3392	1.08304
3393	1.08202
3394	1.08146
3395	1.08130
3396	1.08153
3397	1.08218
3398	1.08324
3399	1.08462
3400	1.08625
3401	1.08809
3402	1.09011
3403	1.09236
3404	1.09488
3405	1.09760
3406	1.10045
3407	1.10339
3408	1.10637
3409	1.10936
3410	1.11230
3411	1.11512
3412	1.11779
3413	1.12030
3414	1.12260
3415	1.12465
3416	1.12640
3417	1.12786
3418	1.12901
3419	1.12981
3420	1.13023
3421	1.13029
3422	1.13002
3423	1.12944
3424	1.12855
3425	1.12738
3426	1.12597
3427	1.12436
3428	1.12258
3429	1.12066
3430	1.11865
3431	1.11657
3432	1.11445
3433	1.11230
3434	1.11010
3435	1.10785
3436	1.10553
3437	1.10318
3438	1.10080
3439	1.09845
3440	1.09618
3441	1.09404
3442	1.09199
3443	1.09001
3444	1.08818
3445	1.08655
3446	1.08517
3447	1.08400
3448	1.08308
3449	1.08242
3450	1.08207
3451	1.08203
3452	1.08224
3453	1.08259
3454	1.08312
3455	1.08385
3456	1.08475
3457	1.08581
3458	1.08708
3459	1.08865
3460	1.09052
3461	1.09262
3462	1.09488
3463	1.09724
3464	1.09964
3465	1.10203
3466	1.10441
3467	1.10681
3468	1.10920
3469	1.11147
3470	1.11355
3471	1.11545
3472	1.11717
3473	1.11869
3474	1.11995
3475	1.12088
3476	1.12150
3477	1.12180
3478	1.12176
3479	1.12140
3480	1.12074
3481	1.11981
3482	1.11864
3483	1.11727
3484	1.11570
3485	1.11395
3486	1.11200
3487	1.10983
3488	1.10745
3489	1.10500
3490	1.10264
3491	1.10042
3492	1.09823
3493	1.09603
3494	1.09392
3495	1.09197
3496	1.09016
3497	1.08843
3498	1.08685
3499	1.08549
3500	1.08443
3501	1.08369
3502	1.08323
3503	1.08294
3504	1.08274
3505	1.08267
3506	1.08287
3507	1.08337
3508	1.08413
3509	1.08506
3510	1.08614
3511	1.08737
3512	1.08882
3513	1.09056
3514	1.09261
3515	1.09490
3516	1.09739
3517	1.10007
3518	1.10285
3519	1.10567
3520	1.10848
3521	1.11129
3522	1.11404
3523	1.11667
3524	1.11911
3525	1.12128
3526	1.12315
3527	1.12473
3528	1.12604
3529	1.12706
3530	1.12779
3531	1.12820
3532	1.12828
3533	1.12806
3534	1.12755
3535	1.12677
3536	1.12571
3537	1.12437
3538	1.12278
3539	1.12097
3540	1.11901
3541	1.11694
3542	1.11481
3543	1.11260
3544	1.11033
3545	1.10803
3546	1.10568
3547	1.10326
3548	1.10078
3549	1.09828
3550	1.09578
3551	1.09328
3552	1.09087
3553	1.08861
3554	1.08657
3555	1.08474
3556	1.08314
3557	1.08181
3558	1.08075
3559	1.07997
3560	1.07944
3561	1.07914
3562	1.07908
3563	1.07925
3564	1.07970
3565	1.08045
3566	1.08153
3567	1.08299
3568	1.08483
3569	1.08704
3570	1.08953
3571	1.09225
3572	1.09516
3573	1.09818
3574	1.10125
3575	1.10436
3576	1.10744
3577	1.11038
3578	1.11308
3579	1.11555
3580	1.11778
3581	1.11972
3582	1.12136
3583	1.12268
3584	1.12368
3585	1.12436
3586	1.12471
3587	1.12471
3588	1.12435
3589	1.12367
3590	1.12274
3591	1.12155
3592	1.12011
3593	1.11844
3594	1.11654
3595	1.11442
3596	1.11208
3597	1.10953
3598	1.10681
3599	1.10408
3600	1.10143
3601	1.09886
3602	1.09628
3603	1.09376
3604	1.09145
3605	1.08938
3606	1.08746
3607	1.08573
3608	1.08433
3609	1.08338
3610	1.08291
3611	1.08288
3612	1.08313
3613	1.08352
3614	1.08404
3615	1.08480
3616	1.08588
3617	1.08721
3618	1.08869
3619	1.09027
3620	1.09192
3621	1.09365
3622	1.09550
3623	1.09752
3624	1.09972
3625	1.10207
3626	1.10452
3627	1.10701
3628	1.10952
3629	1.11199
3630	1.11440
3631	1.11673
3632	1.11892
3633	1.12095
3634	1.12280
3635	1.12445
3636	1.12585
3637	1.12699
3638	1.12788
3639	1.12852
3640	1.12888
3641	1.12896
3642	1.12877
3643	1.12834
3644	1.12771
3645	1.12684
3646	1.12574
3647	1.12443
3648	1.12295
3649	1.12129
3650	1.11945
3651	1.11745
3652	1.11535
3653	1.11317
3654	1.11087
3655	1.10844
3656	1.10593
3657	1.10337
3658	1.10076
3659	1.09812
3660	1.09547
3661	1.09287
3662	1.09039
3663	1.08805
3664	1.08587
3665	1.08388
3666	1.08216
3667	1.08076
3668	1.07973
3669	1.07908
3670	1.07873
3671	1.07866
3672	1.07888
3673	1.07941
3674	1.08032
3675	1.08166
3676	1.08342
3677	1.08553
3678	1.08798
3679	1.09074
3680	1.09374
3681	1.09688
3682	1.10015
3683	1.10352
3684	1.10691
3685	1.11019
3686	1.11327
3687	1.11608
3688	1.11860
3689	1.12087
3690	1.12285
3691	1.12449
3692	1.12575
3693	1.12666
3694	1.12727
3695	1.12759
3696	1.12760
3697	1.12725
3698	1.12658
3699	1.12563
3700	1.12443
3701	1.12298
3702	1.12128
3703	1.11940
3704	1.11734
3705	1.11509
3706	1.11262
3707	1.10996
3708	1.10720
3709	1.10452
3710	1.10200
3711	1.09952
3712	1.09698
3713	1.09442
3714	1.09196
3715	1.08968
3716	1.08759
3717	1.08574
3718	1.08425
3719	1.08317
3720	1.08253
3721	1.08231
3722	1.08240
3723	1.08264
3724	1.08300
3725	1.08353
3726	1.08431
3727	1.08538
3728	1.08669
3729	1.08818
3730	1.08983
3731	1.09167
3732	1.09373
3733	1.09603
3734	1.09858
3735	1.10131
3736	1.10413
3737	1.10696
3738	1.10975
3739	1.11246
3740	1.11504
3741	1.11747
3742	1.11971
3743	1.12174
3744	1.12350
3745	1.12494
3746	1.12605
3747	1.12685
3748	1.12729
3749	1.12738
3750	1.12714
3751	1.12661
3752	1.12581
3753	1.12475
3754	1.12342
3755	1.12187
3756	1.12014
3757	1.11823
3758	1.11619
3759	1.11404
3760	1.11182
3761	1.10957
3762	1.10729
3763	1.10499
3764	1.10267
3765	1.10033
3766	1.09796
3767	1.09559
3768	1.09328
3769	1.09106
3770	1.08901
3771	1.08717
3772	1.08561
3773	1.08429
3774	1.08316
3775	1.08215
3776	1.08125
3777	1.08051
3778	1.08001
3779	1.07975
3780	1.07964
3781	1.07966
3782	1.07986
3783	1.08034
3784	1.08112
3785	1.08222
3786	1.08365
3787	1.08544
3788	1.08756
3789	1.08994
3790	1.09254
3791	1.09532
3792	1.09825
3793	1.10128
3794	1.10433
3795	1.10733
3796	1.11021
3797	1.11292
3798	1.11540
3799	1.11764
3800	1.11962
3801	1.12130
3802	1.12262
3803	1.12362
3804	1.12430
3805	1.12463
3806	1.12462
3807	1.12428
3808	1.12363
3809	1.12269
3810	1.12145
3811	1.11992
3812	1.11809
3813	1.11591
3814	1.11334
3815	1.11047
3816	1.10749
3817	1.10454
3818	1.10161
3819	1.09863
3820	1.09560
3821	1.09256
3822	1.08956
3823	1.08678
3824	1.08445
3825	1.08270
3826	1.08148
3827	1.08059
3828	1.07992
3829	1.07950
3830	1.07945
3831	1.07985
3832	1.08059
3833	1.08160
3834	1.08285
3835	1.08436
3836	1.08611
3837	1.08810
3838	1.09034
3839	1.09289
3840	1.09575
3841	1.09881
3842	1.10192
3843	1.10500
3844	1.10803
3845	1.11105
3846	1.11402
3847	1.11686
3848	1.11951
3849	1.12195
3850	1.12412
3851	1.12599
3852	1.12752
3853	1.12874
3854	1.12963
3855	1.13019
3856	1.13040
3857	1.13028
3858	1.12983
3859	1.12909
3860	1.12808
3861	1.12681
3862	1.12527
3863	1.12349
3864	1.12151
3865	1.11940
3866	1.11716
3867	1.11480
3868	1.11232
3869	1.10977
3870	1.10713
3871	1.10435
3872	1.10146
3873	1.09859
3874	1.09577
3875	1.09292
3876	1.08999
3877	1.08706
3878	1.08425
3879	1.08164
3880	1.07928
3881	1.07722
3882	1.07550
3883	1.07411
3884	1.07304
3885	1.07225
3886	1.07177
3887	1.07159
3888	1.07176
3889	1.07237
3890	1.07347
3891	1.07501
3892	1.07694
3893	1.07929
3894	1.08211
3895	1.08534
3896	1.08885
3897	1.09242
3898	1.09591
3899	1.09918
3900	1.10226
3901	1.10525
3902	1.10817
3903	1.11100
3904	1.11370
3905	1.11620
3906	1.11833
3907	1.12003
3908	1.12133
3909	1.12222
3910	1.12270
3911	1.12275
3912	1.12238
3913	1.12161
3914	1.12046
3915	1.11897
3916	1.11716
3917	1.11502
3918	1.11254
3919	1.10970
3920	1.10663
3921	1.10356
3922	1.10069
3923	1.09796
3924	1.09526
3925	1.09258
3926	1.09000
3927	1.08751
3928	1.08516
3929	1.08308
3930	1.08138
3931	1.08002
3932	1.07898
3933	1.07824
3934	1.07780
3935	1.07763
3936	1.07776
3937	1.07819
3938	1.07890
3939	1.07983
3940	1.08095
3941	1.08227
3942	1.08380
3943	1.08558
3944	1.08761
3945	1.08997
3946	1.09268
3947	1.09568
3948	1.09887
3949	1.10217
3950	1.10544
3951	1.10860
3952	1.11170
3953	1.11476
3954	1.11767
3955	1.12032
3956	1.12268
3957	1.12474
3958	1.12648
3959	1.12784
3960	1.12884
3961	1.12949
3962	1.12983
3963	1.12984
3964	1.12951
3965	1.12884
3966	1.12787
3967	1.12665
3968	1.12517
3969	1.12344
3970	1.12148
3971	1.11935
3972	1.11715
3973	1.11490
3974	1.11257
3975	1.11013
3976	1.10760
3977	1.10498
3978	1.10234
3979	1.09975
3980	1.09728
3981	1.09496
3982	1.09279
3983	1.09079
3984	1.08895
3985	1.08729
3986	1.08582
3987	1.08460
3988	1.08364
3989	1.08294
3990	1.08249
3991	1.08227
3992	1.08224
3993	1.08240
3994	1.08280
3995	1.08346
3996	1.08440
3997	1.08565
3998	1.08725
3999	1.08916
4000	1.09135
4001	1.09378
4002	1.09633
4003	1.09880
4004	1.10119
4005	1.10376
4006	1.10661
4007	1.10958
4008	1.11243
4009	1.11507
4010	1.11744
4011	1.11950
4012	1.12127
4013	1.12276
4014	1.12393
4015	1.12476
4016	1.12524
4017	1.12543
4018	1.12530
4019	1.12483
4020	1.12399
4021	1.12282
4022	1.12138
4023	1.11973
4024	1.11788
4025	1.11580
4026	1.11348
4027	1.11094
4028	1.10826
4029	1.10567
4030	1.10325
4031	1.10090
4032	1.09854
4033	1.09622
4034	1.09405
4035	1.09197
4036	1.08991
4037	1.08797
4038	1.08630
4039	1.08496
4040	1.08395
4041	1.08324
4042	1.08284
4043	1.08268
4044	1.08273
4045	1.08305
4046	1.08369
4047	1.08459
4048	1.08567
4049	1.08692
4050	1.08835
4051	1.08998
4052	1.09188
4053	1.09410
4054	1.09660
4055	1.09924
4056	1.10194
4057	1.10468
4058	1.10748
4059	1.11032
4060	1.11313
4061	1.11580
4062	1.11829
4063	1.12059
4064	1.12267
4065	1.12450
4066	1.12604
4067	1.12727
4068	1.12823
4069	1.12891
4070	1.12929
4071	1.12936
4072	1.12914
4073	1.12865
4074	1.12788
4075	1.12683
4076	1.12551
4077	1.12394
4078	1.12214
4079	1.12019
4080	1.11812
4081	1.11589
4082	1.11350
4083	1.11097
4084	1.10834
4085	1.10561
4086	1.10283
4087	1.10005
4088	1.09728
4089	1.09457
4090	1.09202
4091	1.08970
4092	1.08761
4093	1.08571
4094	1.08397
4095	1.08243
4096	1.08115
4097	1.08019
4098	1.07950
4099	1.07897
4100	1.07857
4101	1.07837
4102	1.07843
4103	1.07879
4104	1.07952
4105	1.08071
4106	1.08239
4107	1.08454
4108	1.08706
4109	1.08983
4110	1.09273
4111	1.09562
4112	1.09833
4113	1.10094
4114	1.10369
4115	1.10665
4116	1.10969
4117	1.11264
4118	1.11535
4119	1.11770
4120	1.11961
4121	1.12112
4122	1.12225
4123	1.12305
4124	1.12350
4125	1.12362
4126	1.12337
4127	1.12278
4128	1.12186
4129	1.12066
4130	1.11916
4131	1.11734
4132	1.11523
4133	1.11284
4134	1.11012
4135	1.10723
4136	1.10446
4137	1.10188
4138	1.09936
4139	1.09678
4140	1.09423
4141	1.09182
4142	1.08955
4143	1.08749
4144	1.08579
4145	1.08458
4146	1.08385
4147	1.08346
4148	1.08323
4149	1.08302
4150	1.08285
4151	1.08289
4152	1.08324
4153	1.08390
4154	1.08478
4155	1.08578
4156	1.08690
4157	1.08822
4158	1.08977
4159	1.09157
4160	1.09365
4161	1.09601
4162	1.09847
4163	1.10084
4164	1.10308
4165	1.10534
4166	1.10775
4167	1.11032
4168	1.11297
4169	1.11555
4170	1.11795
4171	1.12010
4172	1.12196
4173	1.12355
4174	1.12487
4175	1.12593
4176	1.12672
4177	1.12727
4178	1.12758
4179	1.12763
4180	1.12743
4181	1.12696
4182	1.12625
4183	1.12528
4184	1.12402
4185	1.12246
4186	1.12061
4187	1.11851
4188	1.11620
4189	1.11370
4190	1.11098
4191	1.10804
4192	1.10492
4193	1.10166
4194	1.09832
4195	1.09493
4196	1.09149
4197	1.08809
4198	1.08484
4199	1.08184
4200	1.07919
4201	1.07686
4202	1.07482
4203	1.07310
4204	1.07171
4205	1.07069
4206	1.07009
4207	1.06998
4208	1.07040
4209	1.07138
4210	1.07293
4211	1.07500
4212	1.07751
4213	1.08034
4214	1.08327
4215	1.08629
4216	1.08980
4217	1.09396
4218	1.09809
4219	1.10161
4220	1.10475
4221	1.10786
4222	1.11085
4223	1.11351
4224	1.11576
4225	1.11767
4226	1.11926
4227	1.12047
4228	1.12128
4229	1.12175
4230	1.12190
4231	1.12171
4232	1.12120
4233	1.12044
4234	1.11945
4235	1.11805
4236	1.11600
4237	1.11354
4238	1.11122
4239	1.10906
4240	1.10678
4241	1.10442
4242	1.10214
4243	1.09990
4244	1.09761
4245	1.09539
4246	1.09337
4247	1.09152
4248	1.08979
4249	1.08820
4250	1.08679
4251	1.08559
4252	1.08470
4253	1.08418
4254	1.08394
4255	1.08389
4256	1.08401
4257	1.08432
4258	1.08486
4259	1.08566
4260	1.08660
4261	1.08759
4262	1.08863
4263	1.08982
4264	1.09122
4265	1.09288
4266	1.09484
4267	1.09703
4268	1.09937
4269	1.10186
4270	1.10449
4271	1.10719
4272	1.10986
4273	1.11247
4274	1.11502
4275	1.11747
4276	1.11978
4277	1.12192
4278	1.12387
4279	1.12562
4280	1.12715
4281	1.12846
4282	1.12949
4283	1.13023
4284	1.13067
4285	1.13083
4286	1.13069
4287	1.13026
4288	1.12954
4289	1.12854
4290	1.12724
4291	1.12568
4292	1.12391
4293	1.12200
4294	1.11994
4295	1.11774
4296	1.11541
4297	1.11298
4298	1.11049
4299	1.10793
4300	1.10529
4301	1.10263
4302	1.09999
4303	1.09731
4304	1.09458
4305	1.09189
4306	1.08933
4307	1.08692
4308	1.08471
4309	1.08278
4310	1.08117
4311	1.07996
4312	1.07914
4313	1.07864
4314	1.07836
4315	1.07829
4316	1.07845
4317	1.07888
4318	1.07965
4319	1.08085
4320	1.08253
4321	1.08463
4322	1.08700
4323	1.08976
4324	1.09311
4325	1.09656
4326	1.09930
4327	1.10177
4328	1.10460
4329	1.10730
4330	1.11003
4331	1.11326
4332	1.11582
4333	1.11705
4334	1.11831
4335	1.12076
4336	1.12351
4337	1.12529
4338	1.12604
4339	1.12617
4340	1.12562
4341	1.12446
4342	1.12335
4343	1.12250
4344	1.12151
4345	1.12025
4346	1.11879
4347	1.11713
4348	1.11523
4349	1.11302
4350	1.11057
4351	1.10808
4352	1.10568
4353	1.10335
4354	1.10099
4355	1.09871
4356	1.09659
4357	1.09460
4358	1.09264
4359	1.09074
4360	1.08901
4361	1.08758
4362	1.08657
4363	1.08609
4364	1.08608
4365	1.08632
4366	1.08665
4367	1.08716
4368	1.08795
4369	1.08900
4370	1.09024
4371	1.09161
4372	1.09309
4373	1.09467
4374	1.09640
4375	1.09834
4376	1.10054
4377	1.10302
4378	1.10565
4379	1.10830
4380	1.11097
4381	1.11366
4382	1.11630
4383	1.11884
4384	1.12125
4385	1.12350
4386	1.12552
4387	1.12728
4388	1.12878
4389	1.12999
4390	1.13089
4391	1.13149
4392	1.13178
4393	1.13176
4394	1.13147
4395	1.13092
4396	1.13011
4397	1.12904
4398	1.12771
4399	1.12617
4400	1.12445
4401	1.12257
4402	1.12059
4403	1.11855
4404	1.11644
4405	1.11422
4406	1.11191
4407	1.10953
4408	1.10706
4409	1.10452
4410	1.10194
4411	1.09937
4412	1.09685
4413	1.09444
4414	1.09223
4415	1.09026
4416	1.08853
4417	1.08704
4418	1.08581
4419	1.08484
4420	1.08416
4421	1.08377
4422	1.08366
4423	1.08379
4424	1.08414
4425	1.08472
4426	1.08555
4427	1.08663
4428	1.08801
4429	1.08968
4430	1.09165
4431	1.09386
4432	1.09621
4433	1.09868
4434	1.10123
4435	1.10386
4436	1.10649
4437	1.10908
4438	1.11161
4439	1.11400
4440	1.11620
4441	1.11818
4442	1.11992
4443	1.12138
4444	1.12254
4445	1.12337
4446	1.12387
4447	1.12406
4448	1.12396
4449	1.12357
4450	1.12288
4451	1.12187
4452	1.12059
4453	1.11909
4454	1.11741
4455	1.11561
4456	1.11370
4457	1.11164
4458	1.10939
4459	1.10694
4460	1.10437
4461	1.10180
4462	1.09933
4463	1.09696
4464	1.09465
4465	1.09245
4466	1.09040
4467	1.08849
4468	1.08674
4469	1.08524
4470	1.08405
4471	1.08323
4472	1.08277
4473	1.08267
4474	1.08282
4475	1.08313
4476	1.08361
4477	1.08436
4478	1.08538
4479	1.08660
4480	1.08796
4481	1.08949
4482	1.09123
4483	1.09318
4484	1.09537
4485	1.09780
4486	1.10043
4487	1.10318
4488	1.10597
4489	1.10876
4490	1.11149
4491	1.11411
4492	1.11658
4493	1.11884
4494	1.12084
4495	1.12256
4496	1.12396
4497	1.12504
4498	1.12576
4499	1.12612
4500	1.12615
4501	1.12586
4502	1.12525
4503	1.12430
4504	1.12305
4505	1.12154
4506	1.11981
4507	1.11790
4508	1.11580
4509	1.11355
4510	1.11121
4511	1.10879
4512	1.10633
4513	1.10383
4514	1.10129
4515	1.09873
4516	1.09613
4517	1.09353
4518	1.09099
4519	1.08858
4520	1.08633
4521	1.08428
4522	1.08248
4523	1.08087
4524	1.07938
4525	1.07800
4526	1.07682
4527	1.07591
4528	1.07525
4529	1.07479
4530	1.07457
4531	1.07465
4532	1.07504
4533	1.07575
4534	1.07679
4535	1.07823
4536	1.08006
4537	1.08228
4538	1.08485
4539	1.08769
4540	1.09071
4541	1.09384
4542	1.09703
4543	1.10026
4544	1.10350
4545	1.10668
4546	1.10973
4547	1.11256
4548	1.11514
4549	1.11740
4550	1.11932
4551	1.12090
4552	1.12213
4553	1.12293
4554	1.12330
4555	1.12330
4556	1.12296
4557	1.12223
4558	1.12110
4559	1.11970
4560	1.11816
4561	1.11646
4562	1.11454
4563	1.11242
4564	1.11017
4565	1.10773
4566	1.10503
4567	1.10217
4568	1.09941
4569	1.09685
4570	1.09438
4571	1.09191
4572	1.08953
4573	1.08732
4574	1.08528
4575	1.08337
4576	1.08163
4577	1.08015
4578	1.07902
4579	1.07832
4580	1.07809
4581	1.07820
4582	1.07848
4583	1.07889
4584	1.07954
4585	1.08049
4586	1.08172
4587	1.08316
4588	1.08477
4589	1.08655
4590	1.08859
4591	1.09092
4592	1.09348
4593	1.09625
4594	1.09918
4595	1.10216
4596	1.10507
4597	1.10790
4598	1.11066
4599	1.11328
4600	1.11574
4601	1.11799
4602	1.12004
4603	1.12183
4604	1.12330
4605	1.12445
4606	1.12527
4607	1.12575
4608	1.12586
4609	1.12563
4610	1.12506
4611	1.12421
4612	1.12309
4613	1.12170
4614	1.12005
4615	1.11819
4616	1.11616
4617	1.11396
4618	1.11162
4619	1.10921
4620	1.10673
4621	1.10418
4622	1.10155
4623	1.09885
4624	1.09611
4625	1.09339
4626	1.09074
4627	1.08815
4628	1.08566
4629	1.08337
4630	1.08142
4631	1.07982
4632	1.07851
4633	1.07744
4634	1.07657
4635	1.07595
4636	1.07558
4637	1.07547
4638	1.07563
4639	1.07607
4640	1.07683
4641	1.07790
4642	1.07931
4643	1.08110
4644	1.08329
4645	1.08584
4646	1.08868
4647	1.09178
4648	1.09506
4649	1.09839
4650	1.10174
4651	1.10508
4652	1.10836
4653	1.11147
4654	1.11436
4655	1.11702
4656	1.11935
4657	1.12132
4658	1.12292
4659	1.12416
4660	1.12503
4661	1.12556
4662	1.12570
4663	1.12546
4664	1.12488
4665	1.12401
4666	1.12284
4667	1.12141
4668	1.11980
4669	1.11803
4670	1.11611
4671	1.11406
4672	1.11193
4673	1.10974
4674	1.10743
4675	1.10492
4676	1.10229
4677	1.09972
4678	1.09727
4679	1.09486
4680	1.09242
4681	1.09004
4682	1.08785
4683	1.08586
4684	1.08409
4685	1.08259
4686	1.08137
4687	1.08045
4688	1.07989
4689	1.07974
4690	1.07997
4691	1.08042
4692	1.08102
4693	1.08175
4694	1.08266
4695	1.08375
4696	1.08503
4697	1.08650
4698	1.08811
4699	1.08987
4700	1.09184
4701	1.09401
4702	1.09633
4703	1.09875
4704	1.10126
4705	1.10384
4706	1.10640
4707	1.10888
4708	1.11124
4709	1.11343
4710	1.11541
4711	1.11711
4712	1.11855
4713	1.11971
4714	1.12051
4715	1.12095
4716	1.12111
4717	1.12099
4718	1.12056
4719	1.11983
4720	1.11884
4721	1.11760
4722	1.11614
4723	1.11451
4724	1.11273
4725	1.11078
4726	1.10868
4727	1.10647
4728	1.10422
4729	1.10195
4730	1.09965
4731	1.09736
4732	1.09508
4733	1.09276
4734	1.09043
4735	1.08813
4736	1.08589
4737	1.08370
4738	1.08157
4739	1.07963
4740	1.07798
4741	1.07660
4742	1.07543
4743	1.07445
4744	1.07369
4745	1.07320
4746	1.07297
4747	1.07300
4748	1.07327
4749	1.07379
4750	1.07456
4751	1.07562
4752	1.07700
4753	1.07875
4754	1.08084
4755	1.08326
4756	1.08597
4757	1.08890
4758	1.09199
4759	1.09517
4760	1.09840
4761	1.10161
4762	1.10475
4763	1.10778
4764	1.11066
4765	1.11333
4766	1.11572
4767	1.11780
4768	1.11953
4769	1.12084
4770	1.12170
4771	1.12220
4772	1.12235
4773	1.12210
4774	1.12144
4775	1.12041
4776	1.11906
4777	1.11744
4778	1.11559
4779	1.11356
4780	1.11140
4781	1.10908
4782	1.10657
4783	1.10381
4784	1.10080
4785	1.09776
4786	1.09488
4787	1.09214
4788	1.08944
4789	1.08683
4790	1.08440
4791	1.08218
4792	1.08017
4793	1.07848
4794	1.07719
4795	1.07643
4796	1.07621
4797	1.07641
4798	1.07685
4799	1.07743
4800	1.07819
4801	1.07921
4802	1.08050
4803	1.08202
4804	1.08374
4805	1.08564
4806	1.08772
4807	1.09002
4808	1.09254
4809	1.09525
4810	1.09810
4811	1.10107
4812	1.10409
4813	1.10708
4814	1.11002
4815	1.11286
4816	1.11552
4817	1.11798
4818	1.12025
4819	1.12229
4820	1.12401
4821	1.12542
4822	1.12651
4823	1.12726
4824	1.12768
4825	1.12778
4826	1.12754
4827	1.12697
4828	1.12608
4829	1.12488
4830	1.12343
4831	1.12173
4832	1.11981
4833	1.11768
4834	1.11539
4835	1.11292
4836	1.11033
4837	1.10770
4838	1.10508
4839	1.10244
4840	1.09975
4841	1.09703
4842	1.09432
4843	1.09171
4844	1.08928
4845	1.08706
4846	1.08508
4847	1.08340
4848	1.08206
4849	1.08101
4850	1.08020
4851	1.07965
4852	1.07936
4853	1.07934
4854	1.07956
4855	1.08000
4856	1.08063
4857	1.08145
4858	1.08248
4859	1.08370
4860	1.08515
4861	1.08689
4862	1.08892
4863	1.09122
4864	1.09374
4865	1.09645
4866	1.09932
4867	1.10226
4868	1.10521
4869	1.10816
4870	1.11107
4871	1.11387
4872	1.11646
4873	1.11880
4874	1.12088
4875	1.12268
4876	1.12417
4877	1.12529
4878	1.12605
4879	1.12647
4880	1.12657
4881	1.12634
4882	1.12578
4883	1.12492
4884	1.12373
4885	1.12223
4886	1.12053
4887	1.11871
4888	1.11680
4889	1.11474
4890	1.11250
4891	1.11007
4892	1.10740
4893	1.10459
4894	1.10186
4895	1.09930
4896	1.09680
4897	1.09430
4898	1.09190
4899	1.08971
4900	1.08769
4901	1.08581
4902	1.08418
4903	1.08292
4904	1.08204
4905	1.08155
4906	1.08142
4907	1.08151
4908	1.08166
4909	1.08183
4910	1.08216
4911	1.08269
4912	1.08339
4913	1.08423
4914	1.08526
4915	1.08651
4916	1.08799
4917	1.08974
4918	1.09178
4919	1.09411
4920	1.09666
4921	1.09937
4922	1.10216
4923	1.10498
4924	1.10777
4925	1.11048
4926	1.11306
4927	1.11545
4928	1.11762
4929	1.11954
4930	1.12116
4931	1.12243
4932	1.12334
4933	1.12388
4934	1.12401
4935	1.12376
4936	1.12315
4937	1.12221
4938	1.12093
4939	1.11937
4940	1.11756
4941	1.11555
4942	1.11333
4943	1.11093
4944	1.10841
4945	1.10579
4946	1.10311
4947	1.10043
4948	1.09776
4949	1.09509
4950	1.09241
4951	1.08976
4952	1.08720
4953	1.08480
4954	1.08264
4955	1.08079
4956	1.07930
4957	1.07814
4958	1.07723
4959	1.07657
4960	1.07611
4961	1.07584
4962	1.07575
4963	1.07580
4964	1.07596
4965	1.07626
4966	1.07672
4967	1.07738
4968	1.07827
4969	1.07946
4970	1.08102
4971	1.08298
4972	1.08534
4973	1.08803
4974	1.09099
4975	1.09415
4976	1.09741
4977	1.10070
4978	1.10396
4979	1.10713
4980	1.11019
4981	1.11309
4982	1.11573
4983	1.11802
4984	1.11993
4985	1.12142
4986	1.12248
4987	1.12313
4988	1.12342
4989	1.12334
4990	1.12286
4991	1.12194
4992	1.12066
4993	1.11912
4994	1.11739
4995	1.11542
4996	1.11319
4997	1.11074
4998	1.10808
4999	1.10513
5000	1.10188
5001	1.09851
5002	1.09528
5003	1.09222
5004	1.08919
5005	1.08621
5006	1.08339
5007	1.08079
5008	1.07844
5009	1.07650
5010	1.07511
5011	1.07431
5012	1.07405
5013	1.07415
5014	1.07444
5015	1.07484
5016	1.07543
5017	1.07634
5018	1.07756
5019	1.07902
5020	1.08069
5021	1.08257
5022	1.08468
5023	1.08701
5024	1.08958
5025	1.09241
5026	1.09546
5027	1.09865
5028	1.10187
5029	1.10508
5030	1.10821
5031	1.11125
5032	1.11415
5033	1.11690
5034	1.11944
5035	1.12173
5036	1.12373
5037	1.12541
5038	1.12674
5039	1.12771
5040	1.12830
5041	1.12851
5042	1.12837
5043	1.12789
5044	1.12710
5045	1.12598
5046	1.12455
5047	1.12286
5048	1.12092
5049	1.11873
5050	1.11635
5051	1.11383
5052	1.11121
5053	1.10852
5054	1.10584
5055	1.10316
5056	1.10040
5057	1.09751
5058	1.09457
5059	1.09171
5060	1.08895
5061	1.08628
5062	1.08373
5063	1.08137
5064	1.07929
5065	1.07746
5066	1.07587
5067	1.07451
5068	1.07341
5069	1.07252
5070	1.07179
5071	1.07123
5072	1.07093
5073	1.07092
5074	1.07124
5075	1.07195
5076	1.07313
5077	1.07479
5078	1.07687
5079	1.07931
5080	1.08211
5081	1.08518
5082	1.08843
5083	1.09181
5084	1.09530
5085	1.09883
5086	1.10228
5087	1.10551
5088	1.10848
5089	1.11121
5090	1.11370
5091	1.11587
5092	1.11763
5093	1.11895
5094	1.11985
5095	1.12033
5096	1.12039
5097	1.11999
5098	1.11915
5099	1.11793
5100	1.11642
5101	1.11461
5102	1.11253
5103	1.11021
5104	1.10774
5105	1.10511
5106	1.10224
5107	1.09917
5108	1.09615
5109	1.09330
5110	1.09053
5111	1.08774
5112	1.08502
5113	1.08248
5114	1.08015
5115	1.07807
5116	1.07633
5117	1.07496
5118	1.07397
5119	1.07333
5120	1.07299
5121	1.07294
5122	1.07323
5123	1.07389
5124	1.07488
5125	1.07621
5126	1.07781
5127	1.07964
5128	1.08165
5129	1.08391
5130	1.08645
5131	1.08922
5132	1.09217
5133	1.09525
5134	1.09841
5135	1.10159
5136	1.10471
5137	1.10773
5138	1.11065
5139	1.11343
5140	1.11601
5141	1.11832
5142	1.12031
5143	1.12197
5144	1.12330
5145	1.12426
5146	1.12484
5147	1.12502
5148	1.12481
5149	1.12422
5150	1.12328
5151	1.12198
5152	1.12037
5153	1.11854
5154	1.11652
5155	1.11427
5156	1.11180
5157	1.10918
5158	1.10651
5159	1.10378
5160	1.10099
5161	1.09819
5162	1.09543
5163	1.09274
5164	1.09014
5165	1.08764
5166	1.08526
5167	1.08302
5168	1.08097
5169	1.07921
5170	1.07779
5171	1.07669
5172	1.07587
5173	1.07530
5174	1.07496
5175	1.07481
5176	1.07485
5177	1.07505
5178	1.07540
5179	1.07594
5180	1.07677
5181	1.07788
5182	1.07926
5183	1.08090
5184	1.08285
5185	1.08513
5186	1.08772
5187	1.09053
5188	1.09348
5189	1.09649
5190	1.09952
5191	1.10259
5192	1.10564
5193	1.10857
5194	1.11132
5195	1.11386
5196	1.11613
5197	1.11805
5198	1.11956
5199	1.12071
5200	1.12150
5201	1.12189
5202	1.12190
5203	1.12153
5204	1.12078
5205	1.11965
5206	1.11821
5207	1.11653
5208	1.11465
5209	1.11262
5210	1.11048
5211	1.10826
5212	1.10593
5213	1.10338
5214	1.10055
5215	1.09760
5216	1.09483
5217	1.09227
5218	1.08975
5219	1.08727
5220	1.08501
5221	1.08300
5222	1.08116
5223	1.07953
5224	1.07821
5225	1.07731
5226	1.07682
5227	1.07671
5228	1.07686
5229	1.07715
5230	1.07755
5231	1.07816
5232	1.07910
5233	1.08037
5234	1.08193
5235	1.08377
5236	1.08589
5237	1.08830
5238	1.09098
5239	1.09393
5240	1.09713
5241	1.10048
5242	1.10388
5243	1.10723
5244	1.11049
5245	1.11362
5246	1.11659
5247	1.11936
5248	1.12185
5249	1.12404
5250	1.12590
5251	1.12741
5252	1.12854
5253	1.12928
5254	1.12963
5255	1.12963
5256	1.12927
5257	1.12857
5258	1.12756
5259	1.12627
5260	1.12471
5261	1.12290
5262	1.12085
5263	1.11861
5264	1.11624
5265	1.11378
5266	1.11124
5267	1.10866
5268	1.10606
5269	1.10349
5270	1.10089
5271	1.09822
5272	1.09549
5273	1.09277
5274	1.09015
5275	1.08767
5276	1.08534
5277	1.08323
5278	1.08134
5279	1.07966
5280	1.07819
5281	1.07698
5282	1.07605
5283	1.07544
5284	1.07512
5285	1.07507
5286	1.07528
5287	1.07576
5288	1.07651
5289	1.07757
5290	1.07895
5291	1.08069
5292	1.08283
5293	1.08535
5294	1.08819
5295	1.09129
5296	1.09456
5297	1.09794
5298	1.10139
5299	1.10486
5300	1.10830
5301	1.11160
5302	1.11469
5303	1.11752
5304	1.12004
5305	1.12221
5306	1.12401
5307	1.12539
5308	1.12635
5309	1.12692
5310	1.12710
5311	1.12690
5312	1.12626
5313	1.12526
5314	1.12410
5315	1.12279
5316	1.12112
5317	1.11896
5318	1.11650
5319	1.11392
5320	1.11123
5321	1.10836
5322	1.10532
5323	1.10228
5324	1.09942
5325	1.09671
5326	1.09399
5327	1.09129
5328	1.08872
5329	1.08633
5330	1.08410
5331	1.08207
5332	1.08030
5333	1.07887
5334	1.07780
5335	1.07713
5336	1.07679
5337	1.07667
5338	1.07669
5339	1.07694
5340	1.07754
5341	1.07845
5342	1.07957
5343	1.08086
5344	1.08234
5345	1.08401
5346	1.08590
5347	1.08806
5348	1.09049
5349	1.09315
5350	1.09597
5351	1.09887
5352	1.10180
5353	1.10473
5354	1.10762
5355	1.11046
5356	1.11322
5357	1.11583
5358	1.11823
5359	1.12036
5360	1.12220
5361	1.12374
5362	1.12497
5363	1.12585
5364	1.12632
5365	1.12636
5366	1.12598
5367	1.12522
5368	1.12414
5369	1.12280
5370	1.12124
5371	1.11944
5372	1.11738
5373	1.11507
5374	1.11255
5375	1.10987
5376	1.10707
5377	1.10421
5378	1.10131
5379	1.09835
5380	1.09536
5381	1.09239
5382	1.08951
5383	1.08676
5384	1.08418
5385	1.08185
5386	1.07981
5387	1.07805
5388	1.07653
5389	1.07528
5390	1.07433
5391	1.07371
5392	1.07339
5393	1.07333
5394	1.07352
5395	1.07397
5396	1.07468
5397	1.07562
5398	1.07682
5399	1.07833
5400	1.08017
5401	1.08234
5402	1.08476
5403	1.08732
5404	1.09002
5405	1.09284
5406	1.09575
5407	1.09868
5408	1.10159
5409	1.10443
5410	1.10713
5411	1.10963
5412	1.11191
5413	1.11393
5414	1.11566
5415	1.11703
5416	1.11798
5417	1.11853
5418	1.11871
5419	1.11854
5420	1.11804
5421	1.11720
5422	1.11599
5423	1.11443
5424	1.11262
5425	1.11061
5426	1.10833
5427	1.10578
5428	1.10299
5429	1.09998
5430	1.09681
5431	1.09375
5432	1.09090
5433	1.08810
5434	1.08522
5435	1.08242
5436	1.07987
5437	1.07761
5438	1.07564
5439	1.07402
5440	1.07280
5441	1.07202
5442	1.07172
5443	1.07180
5444	1.07203
5445	1.07230
5446	1.07270
5447	1.07334
5448	1.07427
5449	1.07544
5450	1.07678
5451	1.07830
5452	1.07999
5453	1.08188
5454	1.08403
5455	1.08646
5456	1.08918
5457	1.09210
5458	1.09515
5459	1.09829
5460	1.10149
5461	1.10469
5462	1.10785
5463	1.11092
5464	1.11384
5465	1.11653
5466	1.11895
5467	1.12104
5468	1.12277
5469	1.12415
5470	1.12521
5471	1.12593
5472	1.12631
5473	1.12638
5474	1.12613
5475	1.12551
5476	1.12447
5477	1.12307
5478	1.12145
5479	1.11965
5480	1.11767
5481	1.11552
5482	1.11322
5483	1.11078
5484	1.10822
5485	1.10558
5486	1.10282
5487	1.09993
5488	1.09695
5489	1.09400
5490	1.09112
5491	1.08830
5492	1.08560
5493	1.08312
5494	1.08093
5495	1.07899
5496	1.07727
5497	1.07577
5498	1.07455
5499	1.07363
5500	1.07299
5501	1.07263
5502	1.07254
5503	1.07277
5504	1.07332
5505	1.07422
5506	1.07545
5507	1.07702
5508	1.07892
5509	1.08118
5510	1.08375
5511	1.08656
5512	1.08951
5513	1.09257
5514	1.09575
5515	1.09902
5516	1.10230
5517	1.10550
5518	1.10854
5519	1.11136
5520	1.11391
5521	1.11616
5522	1.11809
5523	1.11968
5524	1.12086
5525	1.12160
5526	1.12192
5527	1.12183
5528	1.12134
5529	1.12047
5530	1.11925
5531	1.11770
5532	1.11585
5533	1.11372
5534	1.11133
5535	1.10867
5536	1.10574
5537	1.10252
5538	1.09919
5539	1.09600
5540	1.09298
5541	1.08997
5542	1.08698
5543	1.08412
5544	1.08146
5545	1.07900
5546	1.07680
5547	1.07500
5548	1.07370
5549	1.07294
5550	1.07264
5551	1.07266
5552	1.07293
5553	1.07351
5554	1.07443
5555	1.07566
5556	1.07712
5557	1.07877
5558	1.08058
5559	1.08253
5560	1.08465
5561	1.08701
5562	1.08963
5563	1.09247
5564	1.09545
5565	1.09852
5566	1.10160
5567	1.10469
5568	1.10774
5569	1.11070
5570	1.11352
5571	1.11616
5572	1.11856
5573	1.12070
5574	1.12254
5575	1.12404
5576	1.12515
5577	1.12587
5578	1.12621
5579	1.12616
5580	1.12573
5581	1.12494
5582	1.12380
5583	1.12233
5584	1.12056
5585	1.11856
5586	1.11634
5587	1.11393
5588	1.11140
5589	1.10878
5590	1.10611
5591	1.10339
5592	1.10061
5593	1.09783
5594	1.09504
5595	1.09224
5596	1.08948
5597	1.08683
5598	1.08434
5599	1.08200
5600	1.07985
5601	1.07798
5602	1.07638
5603	1.07501
5604	1.07382
5605	1.07282
5606	1.07202
5607	1.07145
5608	1.07114
5609	1.07104
5610	1.07116
5611	1.07151
5612	1.07212
5613	1.07302
5614	1.07422
5615	1.07579
5616	1.07775
5617	1.08007
5618	1.08270
5619	1.08556
5620	1.08856
5621	1.09167
5622	1.09489
5623	1.09814
5624	1.10138
5625	1.10456
5626	1.10762
5627	1.11046
5628	1.11299
5629	1.11524
5630	1.11716
5631	1.11867
5632	1.11975
5633	1.12045
5634	1.12076
5635	1.12066
5636	1.12015
5637	1.11925
5638	1.11800
5639	1.11648
5640	1.11469
5641	1.11262
5642	1.11030
5643	1.10780
5644	1.10516
5645	1.10229
5646	1.09917
5647	1.09600
5648	1.09305
5649	1.09032
5650	1.08764
5651	1.08500
5652	1.08257
5653	1.08043
5654	1.07856
5655	1.07701
5656	1.07585
5657	1.07511
5658	1.07480
5659	1.07488
5660	1.07520
5661	1.07562
5662	1.07617
5663	1.07700
5664	1.07814
5665	1.07952
5666	1.08105
5667	1.08268
5668	1.08441
5669	1.08629
5670	1.08837
5671	1.09070
5672	1.09325
5673	1.09600
5674	1.09889
5675	1.10189
5676	1.10493
5677	1.10794
5678	1.11087
5679	1.11367
5680	1.11628
5681	1.11869
5682	1.12084
5683	1.12270
5684	1.12424
5685	1.12546
5686	1.12634
5687	1.12687
5688	1.12705
5689	1.12692
5690	1.12651
5691	1.12580
5692	1.12479
5693	1.12351
5694	1.12201
5695	1.12029
5696	1.11836
5697	1.11625
5698	1.11398
5699	1.11158
5700	1.10907
5701	1.10650
5702	1.10389
5703	1.10122
5704	1.09844
5705	1.09555
5706	1.09262
5707	1.08977
5708	1.08703
5709	1.08450
5710	1.08223
5711	1.08022
5712	1.07842
5713	1.07682
5714	1.07547
5715	1.07440
5716	1.07364
5717	1.07319
5718	1.07304
5719	1.07315
5720	1.07351
5721	1.07416
5722	1.07514
5723	1.07649
5724	1.07826
5725	1.08046
5726	1.08302
5727	1.08581
5728	1.08876
5729	1.09187
5730	1.09511
5731	1.09840
5732	1.10171
5733	1.10502
5734	1.10820
5735	1.11113
5736	1.11378
5737	1.11615
5738	1.11819
5739	1.11983
5740	1.12107
5741	1.12192
5742	1.12238
5743	1.12240
5744	1.12200
5745	1.12125
5746	1.12022
5747	1.11888
5748	1.11724
5749	1.11536
5750	1.11329
5751	1.11100
5752	1.10846
5753	1.10567
5754	1.10264
5755	1.09952
5756	1.09652
5757	1.09369
5758	1.09088
5759	1.08805
5760	1.08536
5761	1.08291
5762	1.08068
5763	1.07870
5764	1.07704
5765	1.07576
5766	1.07489
5767	1.07443
5768	1.07432
5769	1.07439
5770	1.07458
5771	1.07495
5772	1.07559
5773	1.07645
5774	1.07743
5775	1.07850
5776	1.07972
5777	1.08113
5778	1.08279
5779	1.08475
5780	1.08704
5781	1.08963
5782	1.09245
5783	1.09542
5784	1.09850
5785	1.10164
5786	1.10479
5787	1.10789
5788	1.11089
5789	1.11373
5790	1.11636
5791	1.11876
5792	1.12091
5793	1.12276
5794	1.12426
5795	1.12540
5796	1.12621
5797	1.12668
5798	1.12681
5799	1.12660
5800	1.12606
5801	1.12524
5802	1.12416
5803	1.12280
5804	1.12117
5805	1.11928
5806	1.11721
5807	1.11501
5808	1.11269
5809	1.11028
5810	1.10781
5811	1.10526
5812	1.10258
5813	1.09979
5814	1.09695
5815	1.09414
5816	1.09140
5817	1.08875
5818	1.08623
5819	1.08388
5820	1.08176
5821	1.07987
5822	1.07819
5823	1.07674
5824	1.07556
5825	1.07468
5826	1.07406
5827	1.07369
5828	1.07360
5829	1.07381
5830	1.07436
5831	1.07527
5832	1.07661
5833	1.07841
5834	1.08064
5835	1.08323
5836	1.08612
5837	1.08926
5838	1.09256
5839	1.09594
5840	1.09933
5841	1.10272
5842	1.10609
5843	1.10930
5844	1.11224
5845	1.11491
5846	1.11731
5847	1.11936
5848	1.12102
5849	1.12228
5850	1.12315
5851	1.12365
5852	1.12377
5853	1.12349
5854	1.12283
5855	1.12178
5856	1.12037
5857	1.11864
5858	1.11664
5859	1.11443
5860	1.11204
5861	1.10952
5862	1.10685
5863	1.10402
5864	1.10101
5865	1.09787
5866	1.09478
5867	1.09187
5868	1.08905
5869	1.08623
5870	1.08353
5871	1.08112
5872	1.07903
5873	1.07731
5874	1.07603
5875	1.07522
5876	1.07484
5877	1.07493
5878	1.07539
5879	1.07601
5880	1.07660
5881	1.07722
5882	1.07801
5883	1.07902
5884	1.08017
5885	1.08139
5886	1.08270
5887	1.08412
5888	1.08569
5889	1.08749
5890	1.08953
5891	1.09181
5892	1.09431
5893	1.09699
5894	1.09975
5895	1.10252
5896	1.10528
5897	1.10800
5898	1.11065
5899	1.11318
5900	1.11554
5901	1.11770
5902	1.11964
5903	1.12133
5904	1.12271
5905	1.12379
5906	1.12457
5907	1.12505
5908	1.12521
5909	1.12505
5910	1.12462
5911	1.12394
5912	1.12299
5913	1.12179
5914	1.12037
5915	1.11874
5916	1.11690
5917	1.11487
5918	1.11268
5919	1.11039
5920	1.10799
5921	1.10549
5922	1.10284
5923	1.10003
5924	1.09710
5925	1.09413
5926	1.09120
5927	1.08833
5928	1.08560
5929	1.08308
5930	1.08081
5931	1.07873
5932	1.07684
5933	1.07514
5934	1.07365
5935	1.07240
5936	1.07139
5937	1.07059
5938	1.06999
5939	1.06968
5940	1.06969
5941	1.07007
5942	1.07089
5943	1.07221
5944	1.07402
5945	1.07624
5946	1.07883
5947	1.08173
5948	1.08488
5949	1.08821
5950	1.09169
5951	1.09527
5952	1.09889
5953	1.10246
5954	1.10583
5955	1.10895
5956	1.11181
5957	1.11436
5958	1.11650
5959	1.11816
5960	1.11937
5961	1.12017
5962	1.12051
5963	1.12038
5964	1.11981
5965	1.11880
5966	1.11735
5967	1.11555
5968	1.11345
5969	1.11102
5970	1.10827
5971	1.10523
5972	1.10192
5973	1.09841
5974	1.09491
5975	1.09157
5976	1.08837
5977	1.08520
5978	1.08211
5979	1.07919
5980	1.07647
5981	1.07407
5982	1.07210
5983	1.07063
5984	1.06964
5985	1.06907
5986	1.06885
5987	1.06900
5988	1.06960
5989	1.07071
5990	1.07223
5991	1.07407
5992	1.07616
5993	1.07847
5994	1.08095
5995	1.08363
5996	1.08652
5997	1.08959
5998	1.09283
5999	1.09619
6000	1.09958
6001	1.10292
6002	1.10619
6003	1.10936
6004	1.11237
6005	1.11517
6006	1.11774
6007	1.12004
6008	1.12205
6009	1.12375
6010	1.12509
6011	1.12603
6012	1.12657
6013	1.12672
6014	1.12649
6015	1.12590
6016	1.12503
6017	1.12389
6018	1.12248
6019	1.12081
6020	1.11892
6021	1.11686
6022	1.11464
6023	1.11229
6024	1.10985
6025	1.10738
6026	1.10488
6027	1.10233
6028	1.09971
6029	1.09703
6030	1.09434
6031	1.09165
6032	1.08902
6033	1.08648
6034	1.08404
6035	1.08171
6036	1.07963
6037	1.07787
6038	1.07633
6039	1.07495
6040	1.07373
6041	1.07271
6042	1.07188
6043	1.07118
6044	1.07065
6045	1.07032
6046	1.07025
6047	1.07047
6048	1.07098
6049	1.07181
6050	1.07305
6051	1.07476
6052	1.07689
6053	1.07932
6054	1.08198
6055	1.08486
6056	1.08793
6057	1.09112
6058	1.09439
6059	1.09767
6060	1.10089
6061	1.10399
6062	1.10689
6063	1.10950
6064	1.11174
6065	1.11365
6066	1.11523
6067	1.11644
6068	1.11728
6069	1.11778
6070	1.11794
6071	1.11774
6072	1.11715
6073	1.11618
6074	1.11484
6075	1.11313
6076	1.11107
6077	1.10870
6078	1.10599
6079	1.10300
6080	1.09998
6081	1.09714
6082	1.09444
6083	1.09171
6084	1.08896
6085	1.08638
6086	1.08407
6087	1.08197
6088	1.08004
6089	1.07835
6090	1.07698
6091	1.07598
6092	1.07541
6093	1.07527
6094	1.07548
6095	1.07583
6096	1.07625
6097	1.07679
6098	1.07754
6099	1.07849
6100	1.07961
6101	1.08090
6102	1.08235
6103	1.08398
6104	1.08579
6105	1.08784
6106	1.09020
6107	1.09285
6108	1.09574
6109	1.09878
6110	1.10185
6111	1.10491
6112	1.10793
6113	1.11088
6114	1.11369
6115	1.11630
6116	1.11868
6117	1.12081
6118	1.12263
6119	1.12414
6120	1.12530
6121	1.12613
6122	1.12663
6123	1.12679
6124	1.12663
6125	1.12614
6126	1.12532
6127	1.12418
6128	1.12276
6129	1.12109
6130	1.11918
6131	1.11704
6132	1.11469
6133	1.11221
6134	1.10965
6135	1.10707
6136	1.10445
6137	1.10181
6138	1.09910
6139	1.09628
6140	1.09334
6141	1.09037
6142	1.08746
6143	1.08480
6144	1.08249
6145	1.08053
6146	1.07883
6147	1.07733
6148	1.07606
6149	1.07500
6150	1.07414
6151	1.07354
6152	1.07318
6153	1.07302
6154	1.07307
6155	1.07340
6156	1.07402
6157	1.07489
6158	1.07606
6159	1.07762
6160	1.07958
6161	1.08189
6162	1.08445
6163	1.08721
6164	1.09012
6165	1.09315
6166	1.09622
6167	1.09932
6168	1.10239
6169	1.10537
6170	1.10818
6171	1.11067
6172	1.11282
6173	1.11466
6174	1.11622
6175	1.11741
6176	1.11818
6177	1.11858
6178	1.11862
6179	1.11828
6180	1.11756
6181	1.11651
6182	1.11515
6183	1.11351
6184	1.11163
6185	1.10957
6186	1.10732
6187	1.10487
6188	1.10212
6189	1.09901
6190	1.09572
6191	1.09256
6192	1.08960
6193	1.08669
6194	1.08379
6195	1.08104
6196	1.07852
6197	1.07627
6198	1.07434
6199	1.07287
6200	1.07197
6201	1.07158
6202	1.07155
6203	1.07172
6204	1.07202
6205	1.07258
6206	1.07350
6207	1.07475
6208	1.07625
6209	1.07795
6210	1.07986
6211	1.08194
6212	1.08424
6213	1.08681
6214	1.08963
6215	1.09264
6216	1.09579
6217	1.09900
6218	1.10224
6219	1.10546
6220	1.10866
6221	1.11176
6222	1.11469
6223	1.11741
6224	1.11989
6225	1.12209
6226	1.12395
6227	1.12547
6228	1.12661
6229	1.12736
6230	1.12772
6231	1.12768
6232	1.12727
6233	1.12649
6234	1.12538
6235	1.12396
6236	1.12227
6237	1.12032
6238	1.11812
6239	1.11569
6240	1.11311
6241	1.11044
6242	1.10772
6243	1.10499
6244	1.10227
6245	1.09956
6246	1.09684
6247	1.09407
6248	1.09129
6249	1.08852
6250	1.08584
6251	1.08331
6252	1.08101
6253	1.07900
6254	1.07729
6255	1.07585
6256	1.07468
6257	1.07379
6258	1.07313
6259	1.07263
6260	1.07224
6261	1.07195
6262	1.07175
6263	1.07167
6264	1.07178
6265	1.07214
6266	1.07277
6267	1.07370
6268	1.07500
6269	1.07672
6270	1.07881
6271	1.08122
6272	1.08390
6273	1.08681
6274	1.08987
6275	1.09299
6276	1.09612
6277	1.09927
6278	1.10240
6279	1.10542
6280	1.10831
6281	1.11109
6282	1.11360
6283	1.11566
6284	1.11723
6285	1.11846
6286	1.11937
6287	1.11983
6288	1.11976
6289	1.11915
6290	1.11809
6291	1.11672
6292	1.11515
6293	1.11343
6294	1.11156
6295	1.10947
6296	1.10711
6297	1.10448
6298	1.10155
6299	1.09836
6300	1.09513
6301	1.09203
6302	1.08906
6303	1.08610
6304	1.08321
6305	1.08053
6306	1.07815
6307	1.07612
6308	1.07453
6309	1.07344
6310	1.07283
6311	1.07259
6312	1.07261
6313	1.07279
6314	1.07314
6315	1.07377
6316	1.07471
6317	1.07594
6318	1.07734
6319	1.07884
6320	1.08044
6321	1.08217
6322	1.08409
6323	1.08626
6324	1.08870
6325	1.09139
6326	1.09430
6327	1.09735
6328	1.10045
6329	1.10352
6330	1.10651
6331	1.10944
6332	1.11226
6333	1.11490
6334	1.11729
6335	1.11943
6336	1.12130
6337	1.12285
6338	1.12402
6339	1.12479
6340	1.12521
6341	1.12528
6342	1.12500
6343	1.12439
6344	1.12346
6345	1.12226
6346	1.12081
6347	1.11915
6348	1.11728
6349	1.11524
6350	1.11307
6351	1.11080
6352	1.10843
6353	1.10599
6354	1.10347
6355	1.10085
6356	1.09812
6357	1.09536
6358	1.09264
6359	1.08999
6360	1.08739
6361	1.08489
6362	1.08258
6363	1.08047
6364	1.07851
6365	1.07669
6366	1.07510
6367	1.07384
6368	1.07289
6369	1.07223
6370	1.07186
6371	1.07181
6372	1.07209
6373	1.07270
6374	1.07363
6375	1.07493
6376	1.07665
6377	1.07875
6378	1.08118
6379	1.08387
6380	1.08679
6381	1.08988
6382	1.09313
6383	1.09648
6384	1.09988
6385	1.10323
6386	1.10643
6387	1.10944
6388	1.11223
6389	1.11475
6390	1.11697
6391	1.11882
6392	1.12026
6393	1.12128
6394	1.12189
6395	1.12212
6396	1.12196
6397	1.12145
6398	1.12063
6399	1.11948
6400	1.11799
6401	1.11620
6402	1.11415
6403	1.11190
6404	1.10949
6405	1.10697
6406	1.10430
6407	1.10143
6408	1.09848
6409	1.09569
6410	1.09314
6411	1.09068
6412	1.08821
6413	1.08586
6414	1.08376
6415	1.08189
6416	1.08024
6417	1.07887
6418	1.07780
6419	1.07696
6420	1.07638
6421	1.07619
6422	1.07637
6423	1.07672
6424	1.07705
6425	1.07735
6426	1.07777
6427	1.07841
6428	1.07928
6429	1.08032
6430	1.08150
6431	1.08279
6432	1.08420
6433	1.08582
6434	1.08773
6435	1.08990
6436	1.09228
6437	1.09483
6438	1.09752
6439	1.10029
6440	1.10311
6441	1.10591
6442	1.10867
6443	1.11136
6444	1.11396
6445	1.11640
6446	1.11861
6447	1.12057
6448	1.12220
6449	1.12348
6450	1.12442
6451	1.12507
6452	1.12544
6453	1.12552
6454	1.12528
6455	1.12476
6456	1.12400
6457	1.12299
6458	1.12173
6459	1.12023
6460	1.11850
6461	1.11658
6462	1.11448
6463	1.11222
6464	1.10975
6465	1.10706
6466	1.10417
6467	1.10110
6468	1.09789
6469	1.09462
6470	1.09132
6471	1.08809
6472	1.08505
6473	1.08223
6474	1.07960
6475	1.07717
6476	1.07499
6477	1.07312
6478	1.07160
6479	1.07039
6480	1.06947
6481	1.06889
6482	1.06867
6483	1.06884
6484	1.06943
6485	1.07051
6486	1.07206
6487	1.07403
6488	1.07636
6489	1.07902
6490	1.08197
6491	1.08512
6492	1.08842
6493	1.09182
6494	1.09525
6495	1.09863
6496	1.10188
6497	1.10492
6498	1.10767
6499	1.11011
6500	1.11224
6501	1.11404
6502	1.11543
6503	1.11640
6504	1.11697
6505	1.11716
6506	1.11699
6507	1.11643
6508	1.11550
6509	1.11427
6510	1.11283
6511	1.11116
6512	1.10915
6513	1.10681
6514	1.10419
6515	1.10131
6516	1.09829
6517	1.09533
6518	1.09254
6519	1.08979
6520	1.08697
6521	1.08416
6522	1.08151
6523	1.07917
6524	1.07726
6525	1.07579
6526	1.07477
6527	1.07414
6528	1.07382
6529	1.07370
6530	1.07375
6531	1.07406
6532	1.07470
6533	1.07566
6534	1.07689
6535	1.07832
6536	1.07993
6537	1.08169
6538	1.08361
6539	1.08575
6540	1.08818
6541	1.09089
6542	1.09382
6543	1.09691
6544	1.10009
6545	1.10330
6546	1.10648
6547	1.10961
6548	1.11267
6549	1.11560
6550	1.11833
6551	1.12082
6552	1.12303
6553	1.12495
6554	1.12654
6555	1.12779
6556	1.12871
6557	1.12928
6558	1.12951
6559	1.12944
6560	1.12906
6561	1.12838
6562	1.12740
6563	1.12616
6564	1.12469
6565	1.12297
6566	1.12102
6567	1.11889
6568	1.11659
6569	1.11416
6570	1.11161
6571	1.10897
6572	1.10627
6573	1.10352
6574	1.10069
6575	1.09781
6576	1.09497
6577	1.09222
6578	1.08961
6579	1.08717
6580	1.08494
6581	1.08295
6582	1.08127
6583	1.07989
6584	1.07877
6585	1.07787
6586	1.07721
6587	1.07682
6588	1.07667
6589	1.07669
6590	1.07688
6591	1.07726
6592	1.07790
6593	1.07888
6594	1.08024
6595	1.08200
6596	1.08414
6597	1.08662
6598	1.08935
6599	1.09227
6600	1.09534
6601	1.09851
6602	1.10171
6603	1.10481
6604	1.10776
6605	1.11059
6606	1.11324
6607	1.11562
6608	1.11765
6609	1.11928
6610	1.12049
6611	1.12129
6612	1.12174
6613	1.12180
6614	1.12147
6615	1.12077
6616	1.11975
6617	1.11843
6618	1.11685
6619	1.11503
6620	1.11293
6621	1.11052
6622	1.10782
6623	1.10490
6624	1.10186
6625	1.09886
6626	1.09601
6627	1.09326
6628	1.09052
6629	1.08782
6630	1.08523
6631	1.08278
6632	1.08053
6633	1.07861
6634	1.07714
6635	1.07614
6636	1.07554
6637	1.07523
6638	1.07514
6639	1.07536
6640	1.07598
6641	1.07696
6642	1.07822
6643	1.07967
6644	1.08131
6645	1.08313
6646	1.08515
6647	1.08741
6648	1.08995
6649	1.09273
6650	1.09566
6651	1.09870
6652	1.10181
6653	1.10496
6654	1.10811
6655	1.11120
6656	1.11420
6657	1.11706
6658	1.11978
6659	1.12227
6660	1.12451
6661	1.12647
6662	1.12811
6663	1.12936
6664	1.13023
6665	1.13075
6666	1.13092
6667	1.13076
6668	1.13027
6669	1.12945
6670	1.12834
6671	1.12696
6672	1.12530
6673	1.12338
6674	1.12121
6675	1.11882
6676	1.11628
6677	1.11364
6678	1.11092
6679	1.10811
6680	1.10518
6681	1.10213
6682	1.09902
6683	1.09593
6684	1.09289
6685	1.08991
6686	1.08704
6687	1.08440
6688	1.08205
6689	1.07997
6690	1.07820
6691	1.07674
6692	1.07562
6693	1.07482
6694	1.07433
6695	1.07413
6696	1.07422
6697	1.07460
6698	1.07525
6699	1.07621
6700	1.07752
6701	1.07923
6702	1.08132
6703	1.08373
6704	1.08641
6705	1.08931
6706	1.09236
6707	1.09549
6708	1.09868
6709	1.10192
6710	1.10515
6711	1.10827
6712	1.11124
6713	1.11403
6714	1.11654
6715	1.11873
6716	1.12056
6717	1.12198
6718	1.12298
6719	1.12355
6720	1.12373
6721	1.12350
6722	1.12285
6723	1.12179
6724	1.12037
6725	1.11864
6726	1.11663
6727	1.11435
6728	1.11176
6729	1.10892
6730	1.10592
6731	1.10272
6732	1.09941
6733	1.09621
6734	1.09326
6735	1.09046
6736	1.08770
6737	1.08501
6738	1.08246
6739	1.08006
6740	1.07788
6741	1.07600
6742	1.07450
6743	1.07339
6744	1.07268
6745	1.07230
6746	1.07218
6747	1.07234
6748	1.07277
6749	1.07341
6750	1.07423
6751	1.07521
6752	1.07639
6753	1.07780
6754	1.07946
6755	1.08141
6756	1.08370
6757	1.08635
6758	1.08928
6759	1.09236
6760	1.09553
6761	1.09873
6762	1.10191
6763	1.10502
6764	1.10804
6765	1.11096
6766	1.11367
6767	1.11611
6768	1.11827
6769	1.12016
6770	1.12171
6771	1.12286
6772	1.12363
6773	1.12405
6774	1.12414
6775	1.12390
6776	1.12332
6777	1.12240
6778	1.12119
6779	1.11971
6780	1.11801
6781	1.11610
6782	1.11399
6783	1.11171
6784	1.10931
6785	1.10685
6786	1.10435
6787	1.10176
6788	1.09907
6789	1.09632
6790	1.09358
6791	1.09091
6792	1.08835
6793	1.08589
6794	1.08358
6795	1.08148
6796	1.07960
6797	1.07792
6798	1.07643
6799	1.07519
6800	1.07425
6801	1.07360
6802	1.07319
6803	1.07303
6804	1.07313
6805	1.07351
6806	1.07420
6807	1.07524
6808	1.07668
6809	1.07851
6810	1.08069
6811	1.08311
6812	1.08575
6813	1.08858
6814	1.09155
6815	1.09462
6816	1.09773
6817	1.10086
6818	1.10395
6819	1.10694
6820	1.10973
6821	1.11230
6822	1.11463
6823	1.11668
6824	1.11836
6825	1.11965
6826	1.12057
6827	1.12112
6828	1.12129
6829	1.12106
6830	1.12045
6831	1.11949
6832	1.11823
6833	1.11667
6834	1.11482
6835	1.11271
6836	1.11036
6837	1.10772
6838	1.10474
6839	1.10162
6840	1.09867
6841	1.09590
6842	1.09311
6843	1.09026
6844	1.08754
6845	1.08510
6846	1.08293
6847	1.08096
6848	1.07924
6849	1.07777
6850	1.07660
6851	1.07578
6852	1.07533
6853	1.07524
6854	1.07542
6855	1.07578
6856	1.07631
6857	1.07705
6858	1.07802
6859	1.07920
6860	1.08055
6861	1.08205
6862	1.08371
6863	1.08554
6864	1.08758
6865	1.08986
6866	1.09241
6867	1.09514
6868	1.09799
6869	1.10092
6870	1.10390
6871	1.10689
6872	1.10980
6873	1.11260
6874	1.11526
6875	1.11773
6876	1.11997
6877	1.12198
6878	1.12375
6879	1.12522
6880	1.12637
6881	1.12722
6882	1.12774
6883	1.12795
6884	1.12784
6885	1.12746
6886	1.12678
6887	1.12579
6888	1.12452
6889	1.12302
6890	1.12131
6891	1.11939
6892	1.11725
6893	1.11496
6894	1.11258
6895	1.11013
6896	1.10757
6897	1.10489
6898	1.10211
6899	1.09925
6900	1.09636
6901	1.09348
6902	1.09067
6903	1.08802
6904	1.08562
6905	1.08349
6906	1.08160
6907	1.07995
6908	1.07859
6909	1.07758
6910	1.07692
6911	1.07658
6912	1.07653
6913	1.07675
6914	1.07725
6915	1.07807
6916	1.07927
6917	1.08085
6918	1.08279
6919	1.08506
6920	1.08763
6921	1.09042
6922	1.09335
6923	1.09634
6924	1.09941
6925	1.10252
6926	1.10558
6927	1.10846
6928	1.11112
6929	1.11359
6930	1.11587
6931	1.11791
6932	1.11967
6933	1.12113
6934	1.12225
6935	1.12301
6936	1.12343
6937	1.12353
6938	1.12331
6939	1.12276
6940	1.12190
6941	1.12075
6942	1.11936
6943	1.11778
6944	1.11598
6945	1.11396
6946	1.11179
6947	1.10950
6948	1.10703
6949	1.10428
6950	1.10137
6951	1.09852
6952	1.09581
6953	1.09314
6954	1.09047
6955	1.08790
6956	1.08554
6957	1.08343
6958	1.08161
6959	1.08014
6960	1.07906
6961	1.07839
6962	1.07814
6963	1.07825
6964	1.07860
6965	1.07912
6966	1.07984
6967	1.08081
6968	1.08206
6969	1.08361
6970	1.08537
6971	1.08730
6972	1.08946
6973	1.09191
6974	1.09458
6975	1.09734
6976	1.10015
6977	1.10300
6978	1.10589
6979	1.10873
6980	1.11146
6981	1.11404
6982	1.11647
6983	1.11870
6984	1.12070
6985	1.12244
6986	1.12390
6987	1.12505
6988	1.12588
6989	1.12638
6990	1.12657
6991	1.12645
6992	1.12600
6993	1.12524
6994	1.12420
6995	1.12290
6996	1.12137
6997	1.11964
6998	1.11772
6999	1.11562
7000	1.11340
7001	1.11111
7002	1.10875
7003	1.10636
7004	1.10396
7005	1.10156
7006	1.09913
7007	1.09664
7008	1.09408
7009	1.09148
7010	1.08892
7011	1.08649
7012	1.08419
7013	1.08208
7014	1.08012
7015	1.07832
7016	1.07677
7017	1.07555
7018	1.07463
7019	1.07399
7020	1.07365
7021	1.07364
7022	1.07391
7023	1.07443
7024	1.07521
7025	1.07624
7026	1.07755
7027	1.07915
7028	1.08101
7029	1.08312
7030	1.08548
7031	1.08806
7032	1.09079
7033	1.09360
7034	1.09647
7035	1.09936
7036	1.10221
7037	1.10497
7038	1.10760
7039	1.11002
7040	1.11224
7041	1.11427
7042	1.11608
7043	1.11755
7044	1.11865
7045	1.11938
7046	1.11980
7047	1.11988
7048	1.11956
7049	1.11888
7050	1.11788
7051	1.11662
7052	1.11514
7053	1.11345
7054	1.11158
7055	1.10959
7056	1.10744
7057	1.10505
7058	1.10241
7059	1.09971
7060	1.09717
7061	1.09478
7062	1.09243
7063	1.09007
7064	1.08777
7065	1.08565
7066	1.08377
7067	1.08215
7068	1.08079
7069	1.07969
7070	1.07888
7071	1.07833
7072	1.07802
7073	1.07791
7074	1.07801
7075	1.07834
7076	1.07889
7077	1.07957
7078	1.08040
7079	1.08141
7080	1.08260
7081	1.08400
7082	1.08563
7083	1.08755
7084	1.08980
7085	1.09230
7086	1.09498
7087	1.09778
7088	1.10067
7089	1.10361
7090	1.10657
7091	1.10948
7092	1.11225
7093	1.11485
7094	1.11725
7095	1.11939
7096	1.12123
7097	1.12278
7098	1.12404
7099	1.12496
7100	1.12552
7101	1.12577
7102	1.12573
7103	1.12543
7104	1.12487
7105	1.12405
7106	1.12298
7107	1.12166
7108	1.12009
7109	1.11834
7110	1.11642
7111	1.11436
7112	1.11216
7113	1.10984
7114	1.10738
7115	1.10475
7116	1.10201
7117	1.09923
7118	1.09646
7119	1.09372
7120	1.09106
7121	1.08854
7122	1.08621
7123	1.08413
7124	1.08231
7125	1.08071
7126	1.07933
7127	1.07821
7128	1.07734
7129	1.07668
7130	1.07619
7131	1.07589
7132	1.07582
7133	1.07604
7134	1.07658
7135	1.07746
7136	1.07872
7137	1.08044
7138	1.08258
7139	1.08506
7140	1.08785
7141	1.09086
7142	1.09395
7143	1.09706
7144	1.10019
7145	1.10336
7146	1.10647
7147	1.10944
7148	1.11217
7149	1.11465
7150	1.11683
7151	1.11868
7152	1.12015
7153	1.12124
7154	1.12196
7155	1.12229
7156	1.12219
7157	1.12168
7158	1.12079
7159	1.11959
7160	1.11805
7161	1.11620
7162	1.11411
7163	1.11187
7164	1.10949
7165	1.10689
7166	1.10402
7167	1.10094
7168	1.09782
7169	1.09485
7170	1.09208
7171	1.08938
7172	1.08667
7173	1.08408
7174	1.08178
7175	1.07980
7176	1.07816
7177	1.07688
7178	1.07596
7179	1.07537
7180	1.07515
7181	1.07524
7182	1.07549
7183	1.07583
7184	1.07631
7185	1.07706
7186	1.07811
7187	1.07939
7188	1.08086
7189	1.08249
7190	1.08428
7191	1.08625
7192	1.08844
7193	1.09088
7194	1.09354
7195	1.09638
7196	1.09934
7197	1.10237
7198	1.10542
7199	1.10846
7200	1.11146
7201	1.11435
7202	1.11707
7203	1.11959
7204	1.12187
7205	1.12388
7206	1.12555
7207	1.12686
7208	1.12782
7209	1.12842
7210	1.12863
7211	1.12845
7212	1.12793
7213	1.12710
7214	1.12599
7215	1.12461
7216	1.12298
7217	1.12109
7218	1.11899
7219	1.11672
7220	1.11431
7221	1.11174
7222	1.10906
7223	1.10632
7224	1.10355
7225	1.10074
7226	1.09786
7227	1.09492
7228	1.09196
7229	1.08905
7230	1.08629
7231	1.08383
7232	1.08182
7233	1.08020
7234	1.07887
7235	1.07779
7236	1.07695
7237	1.07631
7238	1.07585
7239	1.07555
7240	1.07540
7241	1.07541
7242	1.07566
7243	1.07617
7244	1.07695
7245	1.07803
7246	1.07945
7247	1.08121
7248	1.08333
7249	1.08578
7250	1.08851
7251	1.09144
7252	1.09448
7253	1.09759
7254	1.10070
7255	1.10378
7256	1.10678
7257	1.10966
7258	1.11232
7259	1.11467
7260	1.11669
7261	1.11843
7262	1.11988
7263	1.12100
7264	1.12175
7265	1.12215
7266	1.12220
7267	1.12185
7268	1.12113
7269	1.12012
7270	1.11884
7271	1.11727
7272	1.11546
7273	1.11342
7274	1.11112
7275	1.10859
7276	1.10579
7277	1.10265
7278	1.09937
7279	1.09623
7280	1.09323
7281	1.09019
7282	1.08712
7283	1.08419
7284	1.08150
7285	1.07906
7286	1.07694
7287	1.07528
7288	1.07413
7289	1.07345
7290	1.07320
7291	1.07324
7292	1.07343
7293	1.07372
7294	1.07421
7295	1.07500
7296	1.07608
7297	1.07735
7298	1.07879
7299	1.08039
7300	1.08215
7301	1.08410
7302	1.08629
7303	1.08872
7304	1.09136
7305	1.09414
7306	1.09701
7307	1.09994
7308	1.10289
7309	1.10581
7310	1.10866
7311	1.11142
7312	1.11407
7313	1.11654
7314	1.11882
7315	1.12087
7316	1.12267
7317	1.12419
7318	1.12543
7319	1.12638
7320	1.12702
7321	1.12739
7322	1.12747
7323	1.12726
7324	1.12676
7325	1.12595
7326	1.12479
7327	1.12334
7328	1.12170
7329	1.11988
7330	1.11786
7331	1.11560
7332	1.11315
7333	1.11058
7334	1.10793
7335	1.10512
7336	1.10214
7337	1.09908
7338	1.09602
7339	1.09301
7340	1.09014
7341	1.08753
7342	1.08525
7343	1.08324
7344	1.08148
7345	1.08000
7346	1.07882
7347	1.07792
7348	1.07726
7349	1.07680
7350	1.07653
7351	1.07647
7352	1.07665
7353	1.07711
7354	1.07791
7355	1.07911
7356	1.08073
7357	1.08276
7358	1.08517
7359	1.08790
7360	1.09086
7361	1.09395
7362	1.09715
7363	1.10044
7364	1.10377
7365	1.10706
7366	1.11019
7367	1.11306
7368	1.11571
7369	1.11814
7370	1.12022
7371	1.12186
7372	1.12305
7373	1.12387
7374	1.12436
7375	1.12454
7376	1.12437
7377	1.12382
7378	1.12292
7379	1.12170
7380	1.12020
7381	1.11843
7382	1.11644
7383	1.11425
7384	1.11185
7385	1.10917
7386	1.10618
7387	1.10308
7388	1.10014
7389	1.09740
7390	1.09470
7391	1.09196
7392	1.08937
7393	1.08706
7394	1.08498
7395	1.08309
7396	1.08150
7397	1.08031
7398	1.07961
7399	1.07946
7400	1.07981
7401	1.08045
7402	1.08116
7403	1.08191
7404	1.08280
7405	1.08389
7406	1.08507
7407	1.08630
7408	1.08761
7409	1.08902
7410	1.09055
7411	1.09223
7412	1.09413
7413	1.09627
7414	1.09862
7415	1.10111
7416	1.10366
7417	1.10623
7418	1.10877
7419	1.11131
7420	1.11381
7421	1.11621
7422	1.11845
7423	1.12047
7424	1.12222
7425	1.12366
7426	1.12484
7427	1.12575
7428	1.12636
7429	1.12663
7430	1.12658
7431	1.12622
7432	1.12557
7433	1.12464
7434	1.12349
7435	1.12213
7436	1.12054
7437	1.11871
7438	1.11670
7439	1.11454
7440	1.11224
7441	1.10981
7442	1.10732
7443	1.10479
7444	1.10217
7445	1.09943
7446	1.09661
7447	1.09382
7448	1.09117
7449	1.08868
7450	1.08637
7451	1.08424
7452	1.08233
7453	1.08069
7454	1.07934
7455	1.07826
7456	1.07743
7457	1.07685
7458	1.07652
7459	1.07643
7460	1.07654
7461	1.07686
7462	1.07740
7463	1.07819
7464	1.07925
7465	1.08062
7466	1.08234
7467	1.08438
7468	1.08669
7469	1.08922
7470	1.09188
7471	1.09463
7472	1.09743
7473	1.10023
7474	1.10299
7475	1.10569
7476	1.10827
7477	1.11065
7478	1.11277
7479	1.11459
7480	1.11607
7481	1.11716
7482	1.11788
7483	1.11823
7484	1.11823
7485	1.11788
7486	1.11718
7487	1.11616
7488	1.11486
7489	1.11331
7490	1.11150
7491	1.10948
7492	1.10725
7493	1.10477
7494	1.10199
7495	1.09894
7496	1.09576
7497	1.09267
7498	1.08977
7499	1.08696
7500	1.08417
7501	1.08144
7502	1.07882
7503	1.07634
7504	1.07413
7505	1.07239
7506	1.07127
7507	1.07063
7508	1.07025
7509	1.07003
7510	1.07007
7511	1.07049
7512	1.07127
7513	1.07240
7514	1.07388
7515	1.07569
7516	1.07778
7517	1.08014
7518	1.08278
7519	1.08569
7520	1.08880
7521	1.09203
7522	1.09528
7523	1.09851
7524	1.10167
7525	1.10474
7526	1.10767
7527	1.11042
7528	1.11292
7529	1.11512
7530	1.11699
7531	1.11852
7532	1.11969
7533	1.12048
7534	1.12090
7535	1.12097
7536	1.12072
7537	1.12009
7538	1.11904
7539	1.11759
7540	1.11580
7541	1.11366
7542	1.11121
7543	1.10854
7544	1.10566
7545	1.10258
7546	1.09932
7547	1.09592
7548	1.09237
7549	1.08866
7550	1.08479
7551	1.08075
7552	1.07659
7553	1.07242
7554	1.06834
7555	1.06447
7556	1.06095
7557	1.05787
7558	1.05522
7559	1.05293
7560	1.05091
7561	1.04910
7562	1.04749
7563	1.04607
7564	1.04489
7565	1.04399
7566	1.04337
7567	1.04301
7568	1.04287
7569	1.04290
7570	1.04312
7571	1.04356
7572	1.04430
7573	1.04531
7574	1.04662
7575	1.04825
7576	1.05016
7577	1.05228
7578	1.05466
7579	1.05742
7580	1.06060
7581	1.06421
7582	1.06819
7583	1.07241
7584	1.07675
7585	1.08110
7586	1.08527
7587	1.08906
7588	1.09237
7589	1.09518
7590	1.09750
7591	1.09937
7592	1.10080
7593	1.10180
7594	1.10239
7595	1.10257
7596	1.10220
7597	1.10117
7598	1.09935
7599	1.09663
7600	1.09302
7601	1.08891
7602	1.08478
7603	1.08072
7604	1.07644
7605	1.07184
7606	1.06721
7607	1.06284
7608	1.05880
7609	1.05504
7610	1.05166
7611	1.04877
7612	1.04640
7613	1.04459
7614	1.04337
7615	1.04275
7616	1.04270
7617	1.04325
7618	1.04453
7619	1.04666
7620	1.04971
7621	1.05368
7622	1.05852
7623	1.06418
7624	1.07034
7625	1.07659
7626	1.08285
7627	1.08928
7628	1.09583
7629	1.10228
7630	1.10839
7631	1.11404
7632	1.11921
7633	1.12389
7634	1.12791
7635	1.13112
7636	1.13347
7637	1.13495
7638	1.13552
7639	1.13513
7640	1.13371
7641	1.13113
7642	1.12727
7643	1.12224
7644	1.11647
7645	1.11050
7646	1.10469
7647	1.09916
7648	1.09392
7649	1.08904
7650	1.08472
7651	1.08109
7652	1.07810
7653	1.07573
7654	1.07408
7655	1.07327
7656	1.07340
7657	1.07447
7658	1.07649
7659	1.07946
7660	1.08335
7661	1.08796
7662	1.09300
7663	1.09833
7664	1.10397
7665	1.10978
7666	1.11539
7667	1.12066
7668	1.12555
7669	1.13005
7670	1.13419
7671	1.13796
7672	1.14109
7673	1.14326
7674	1.14439
7675	1.14456
7676	1.14377
7677	1.14190
7678	1.13889
7679	1.13481
7680	1.12980
7681	1.12387
7682	1.11710
7683	1.10990
7684	1.10253
7685	1.09508
7686	1.08797
7687	1.08175
7688	1.07665
7689	1.07242
7690	1.06869
7691	1.06540
7692	1.06261
7693	1.06045
7694	1.05918
7695	1.05904
7696	1.06009
7697	1.06221
7698	1.06521
7699	1.06901
7700	1.07354
7701	1.07863
7702	1.08405
7703	1.08965
7704	1.09524
7705	1.10064
7706	1.10575
7707	1.11045
7708	1.11465
7709	1.11826
7710	1.12129
7711	1.12360
7712	1.12496
7713	1.12524
7714	1.12424
7715	1.12169
7716	1.11792
7717	1.11370
7718	1.10925
7719	1.10431
7720	1.09897
7721	1.09367
7722	1.08870
7723	1.08403
7724	1.07964
7725	1.07555
7726	1.07186
7727	1.06858
7728	1.06582
7729	1.06375
7730	1.06248
7731	1.06201
7732	1.06239
7733	1.06374
7734	1.06609
7735	1.06940
7736	1.07357
7737	1.07846
7738	1.08382
7739	1.08936
7740	1.09497
7741	1.10066
7742	1.10636
7743	1.11186
7744	1.11691
7745	1.12129
7746	1.12486
7747	1.12755
7748	1.12946
7749	1.13071
7750	1.13121
7751	1.13073
7752	1.12917
7753	1.12656
7754	1.12286
7755	1.11803
7756	1.11220
7757	1.10576
7758	1.09917
7759	1.09271
7760	1.08645
7761	1.08054
7762	1.07528
7763	1.07082
7764	1.06696
7765	1.06355
7766	1.06074
7767	1.05876
7768	1.05786
7769	1.05822
7770	1.05998
7771	1.06304
7772	1.06714
7773	1.07208
7774	1.07767
7775	1.08366
7776	1.08986
7777	1.09613
7778	1.10227
7779	1.10811
7780	1.11350
7781	1.11837
7782	1.12265
7783	1.12624
7784	1.12901
7785	1.13091
7786	1.13189
7787	1.13172
7788	1.13032
7789	1.12787
7790	1.12454
7791	1.12025
7792	1.11503
7793	1.10930
7794	1.10354
7795	1.09809
7796	1.09305
7797	1.08832
7798	1.08375
7799	1.07944
7800	1.07573
7801	1.07296
7802	1.07116
7803	1.07029
7804	1.07037
7805	1.07152
7806	1.07374
7807	1.07699
7808	1.08108
7809	1.08576
7810	1.09084
7811	1.09618
7812	1.10169
7813	1.10726
7814	1.11276
7815	1.11803
7816	1.12283
7817	1.12700
7818	1.13043
7819	1.13308
7820	1.13496
7821	1.13618
7822	1.13670
7823	1.13636
7824	1.13500
7825	1.13251
7826	1.12883
7827	1.12392
7828	1.11786
7829	1.11105
7830	1.10394
7831	1.09662
7832	1.08914
7833	1.08194
7834	1.07559
7835	1.07030
7836	1.06584
7837	1.06193
7838	1.05856
7839	1.05606
7840	1.05484
7841	1.05521
7842	1.05725
7843	1.06085
7844	1.06569
7845	1.07140
7846	1.07769
7847	1.08440
7848	1.09133
7849	1.09814
7850	1.10451
7851	1.11039
7852	1.11574
7853	1.12049
7854	1.12451
7855	1.12779
7856	1.13034
7857	1.13207
7858	1.13280
7859	1.13237
7860	1.13076
7861	1.12806
7862	1.12435
7863	1.11971
7864	1.11439
7865	1.10880
7866	1.10326
7867	1.09784
7868	1.09251
7869	1.08724
7870	1.08206
7871	1.07718
7872	1.07294
7873	1.06959
7874	1.06727
7875	1.06606
7876	1.06598
7877	1.06704
7878	1.06921
7879	1.07244
7880	1.07658
7881	1.08140
7882	1.08666
7883	1.09215
7884	1.09768
7885	1.10309
7886	1.10818
7887	1.11276
7888	1.11667
7889	1.11982
7890	1.12224
7891	1.12395
7892	1.12494
7893	1.12515
7894	1.12448
7895	1.12277
7896	1.11999
7897	1.11616
7898	1.11121
7899	1.10512
7900	1.09826
7901	1.09111
7902	1.08390
7903	1.07682
7904	1.07029
7905	1.06465
7906	1.05988
7907	1.05567
7908	1.05192
7909	1.04894
7910	1.04722
7911	1.04705
7912	1.04851
7913	1.05153
7914	1.05592
7915	1.06134
7916	1.06746
7917	1.07403
7918	1.08088
7919	1.08780
7920	1.09449
7921	1.10075
7922	1.10657
7923	1.11186
7924	1.11642
7925	1.12024
7926	1.12338
7927	1.12569
7928	1.12699
7929	1.12723
7930	1.12648
7931	1.12482
7932	1.12219
7933	1.11858
7934	1.11403
7935	1.10859
7936	1.10258
7937	1.09652
7938	1.09080
7939	1.08555
7940	1.08074
7941	1.07629
7942	1.07227
7943	1.06901
7944	1.06683
7945	1.06576
7946	1.06565
7947	1.06639
7948	1.06801
7949	1.07053
7950	1.07386
7951	1.07789
7952	1.08245
7953	1.08734
7954	1.09239
7955	1.09749
7956	1.10256
7957	1.10752
7958	1.11223
7959	1.11648
7960	1.12012
7961	1.12307
7962	1.12534
7963	1.12693
7964	1.12774
7965	1.12754
7966	1.12617
7967	1.12362
7968	1.11994
7969	1.11513
7970	1.10925
7971	1.10258
7972	1.09547
7973	1.08816
7974	1.08087
7975	1.07401
7976	1.06801
7977	1.06305
7978	1.05886
7979	1.05512
7980	1.05196
7981	1.04987
7982	1.04934
7983	1.05054
7984	1.05339
7985	1.05761
7986	1.06290
7987	1.06900
7988	1.07572
7989	1.08286
7990	1.09018
7991	1.09731
7992	1.10391
7993	1.10988
7994	1.11526
7995	1.11993
7996	1.12372
7997	1.12658
7998	1.12850
7999	1.12948
8000	1.12950
8001	1.12850
8002	1.12648
8003	1.12347
8004	1.11951
8005	1.11473
8006	1.10943
8007	1.10395
8008	1.09851
8009	1.09320
8010	1.08804
8011	1.08299
8012	1.07809
8013	1.07363
8014	1.07008
8015	1.06769
8016	1.06643
8017	1.06618
8018	1.06694
8019	1.06881
8020	1.07178
8021	1.07571
8022	1.08032
8023	1.08538
8024	1.09070
8025	1.09611
8026	1.10147
8027	1.10659
8028	1.11131
8029	1.11545
8030	1.11886
8031	1.12150
8032	1.12346
8033	1.12477
8034	1.12525
8035	1.12481
8036	1.12350
8037	1.12124
8038	1.11793
8039	1.11346
8040	1.10778
8041	1.10112
8042	1.09403
8043	1.08688
8044	1.07974
8045	1.07281
8046	1.06656
8047	1.06123
8048	1.05674
8049	1.05284
8050	1.04958
8051	1.04732
8052	1.04647
8053	1.04726
8054	1.04968
8055	1.05359
8056	1.05881
8057	1.06504
8058	1.07196
8059	1.07935
8060	1.08702
8061	1.09480
8062	1.10247
8063	1.10984
8064	1.11664
8065	1.12256
8066	1.12736
8067	1.13106
8068	1.13377
8069	1.13555
8070	1.13633
8071	1.13608
8072	1.13484
8073	1.13272
8074	1.12973
8075	1.12572
8076	1.12064
8077	1.11495
8078	1.10929
8079	1.10401
8080	1.09904
8081	1.09423
8082	1.08953
8083	1.08508
8084	1.08114
8085	1.07801
8086	1.07592
8087	1.07493
8088	1.07498
8089	1.07601
8090	1.07800
8091	1.08091
8092	1.08464
8093	1.08903
8094	1.09391
8095	1.09913
8096	1.10454
8097	1.11000
8098	1.11538
8099	1.12055
8100	1.12530
8101	1.12942
8102	1.13271
8103	1.13513
8104	1.13684
8105	1.13799
8106	1.13847
8107	1.13803
8108	1.13653
8109	1.13393
8110	1.13023
8111	1.12538
8112	1.11933
8113	1.11225
8114	1.10452
8115	1.09644
8116	1.08819
8117	1.08016
8118	1.07292
8119	1.06681
8120	1.06173
8121	1.05736
8122	1.05364
8123	1.05089
8124	1.04959
8125	1.05005
8126	1.05239
8127	1.05643
8128	1.06175
8129	1.06789
8130	1.07449
8131	1.08137
8132	1.08847
8133	1.09560
8134	1.10229
8135	1.10826
8136	1.11350
8137	1.11804
8138	1.12176
8139	1.12462
8140	1.12669
8141	1.12787
8142	1.12800
8143	1.12697
8144	1.12478
8145	1.12151
8146	1.11736
8147	1.11241
8148	1.10666
8149	1.10037
8150	1.09398
8151	1.08771
8152	1.08156
8153	1.07547
8154	1.06948
8155	1.06383
8156	1.05889
8157	1.05504
8158	1.05234
8159	1.05066
8160	1.04996
8161	1.05041
8162	1.05213
8163	1.05506
8164	1.05904
8165	1.06383
8166	1.06917
8167	1.07487
8168	1.08077
8169	1.08667
8170	1.09235
8171	1.09767
8172	1.10250
8173	1.10668
8174	1.11011
8175	1.11288
8176	1.11515
8177	1.11688
8178	1.11790
8179	1.11805
8180	1.11729
8181	1.11557
8182	1.11274
8183	1.10865
8184	1.10331
8185	1.09709
8186	1.09042
8187	1.08340
8188	1.07608
8189	1.06884
8190	1.06229
8191	1.05678
8192	1.05220
8193	1.04832
8194	1.04534
8195	1.04363
8196	1.04354
8197	1.04529
8198	1.04886
8199	1.05403
8200	1.06046
8201	1.06778
8202	1.07560
8203	1.08356
8204	1.09154
8205	1.09942
8206	1.10689
8207	1.11366
8208	1.11957
8209	1.12457
8210	1.12864
8211	1.13176
8212	1.13392
8213	1.13512
8214	1.13539
8215	1.13473
8216	1.13309
8217	1.13039
8218	1.12655
8219	1.12163
8220	1.11605
8221	1.11044
8222	1.10500
8223	1.09958
8224	1.09406
8225	1.08848
8226	1.08294
8227	1.07775
8228	1.07337
8229	1.07015
8230	1.06813
8231	1.06724
8232	1.06751
8233	1.06899
8234	1.07158
8235	1.07514
8236	1.07945
8237	1.08430
8238	1.08951
8239	1.09488
8240	1.10023
8241	1.10541
8242	1.11032
8243	1.11485
8244	1.11882
8245	1.12208
8246	1.12450
8247	1.12614
8248	1.12714
8249	1.12750
8250	1.12705
8251	1.12568
8252	1.12330
8253	1.11982
8254	1.11513
8255	1.10925
8256	1.10253
8257	1.09544
8258	1.08816
8259	1.08069
8260	1.07335
8261	1.06665
8262	1.06086
8263	1.05582
8264	1.05139
8265	1.04773
8266	1.04530
8267	1.04449
8268	1.04557
8269	1.04856
8270	1.05320
8271	1.05899
8272	1.06553
8273	1.07256
8274	1.07989
8275	1.08739
8276	1.09486
8277	1.10203
8278	1.10870
8279	1.11474
8280	1.11993
8281	1.12406
8282	1.12725
8283	1.12962
8284	1.13104
8285	1.13144
8286	1.13082
8287	1.12910
8288	1.12617
8289	1.12210
8290	1.11706
8291	1.11136
8292	1.10547
8293	1.09977
8294	1.09437
8295	1.08923
8296	1.08430
8297	1.07965
8298	1.07555
8299	1.07232
8300	1.07019
8301	1.06920
8302	1.06926
8303	1.07034
8304	1.07238
8305	1.07540
8306	1.07930
8307	1.08377
8308	1.08848
8309	1.09330
8310	1.09819
8311	1.10307
8312	1.10781
8313	1.11230
8314	1.11635
8315	1.11976
8316	1.12240
8317	1.12424
8318	1.12538
8319	1.12594
8320	1.12598
8321	1.12537
8322	1.12390
8323	1.12140
8324	1.11781
8325	1.11306
8326	1.10709
8327	1.10014
8328	1.09268
8329	1.08497
8330	1.07713
8331	1.06957
8332	1.06288
8333	1.05732
8334	1.05263
8335	1.04843
8336	1.04487
8337	1.04249
8338	1.04174
8339	1.04280
8340	1.04576
8341	1.05044
8342	1.05645
8343	1.06334
8344	1.07078
8345	1.07852
8346	1.08633
8347	1.09405
8348	1.10143
8349	1.10816
8350	1.11413
8351	1.11940
8352	1.12401
8353	1.12787
8354	1.13081
8355	1.13269
8356	1.13351
8357	1.13331
8358	1.13205
8359	1.12968
8360	1.12622
8361	1.12173
8362	1.11632
8363	1.11026
8364	1.10397
8365	1.09774
8366	1.09170
8367	1.08597
8368	1.08064
8369	1.07576
8370	1.07145
8371	1.06796
8372	1.06551
8373	1.06411
8374	1.06373
8375	1.06440
8376	1.06615
8377	1.06889
8378	1.07247
8379	1.07666
8380	1.08123
8381	1.08605
8382	1.09106
8383	1.09612
8384	1.10107
8385	1.10587
8386	1.11043
8387	1.11457
8388	1.11815
8389	1.12112
8390	1.12349
8391	1.12520
8392	1.12616
8393	1.12632
8394	1.12554
8395	1.12365
8396	1.12063
8397	1.11655
8398	1.11143
8399	1.10538
8400	1.09873
8401	1.09182
8402	1.08480
8403	1.07797
8404	1.07179
8405	1.06659
8406	1.06230
8407	1.05872
8408	1.05585
8409	1.05391
8410	1.05318
8411	1.05387
8412	1.05601
8413	1.05956
8414	1.06433
8415	1.07001
8416	1.07628
8417	1.08294
8418	1.08979
8419	1.09663
8420	1.10333
8421	1.10970
8422	1.11549
8423	1.12058
8424	1.12489
8425	1.12829
8426	1.13079
8427	1.13252
8428	1.13341
8429	1.13329
8430	1.13204
8431	1.12970
8432	1.12631
8433	1.12179
8434	1.11625
8435	1.11014
8436	1.10406
8437	1.09832
8438	1.09296
8439	1.08801
8440	1.08340
8441	1.07911
8442	1.07537
8443	1.07252
8444	1.07072
8445	1.06991
8446	1.07004
8447	1.07113
8448	1.07320
8449	1.07621
8450	1.08003
8451	1.08446
8452	1.08930
8453	1.09437
8454	1.09958
8455	1.10479
8456	1.10988
8457	1.11475
8458	1.11924
8459	1.12312
8460	1.12616
8461	1.12842
8462	1.13011
8463	1.13134
8464	1.13189
8465	1.13155
8466	1.13021
8467	1.12790
8468	1.12458
8469	1.12006
8470	1.11431
8471	1.10770
8472	1.10071
8473	1.09359
8474	1.08658
8475	1.08006
8476	1.07441
8477	1.06972
8478	1.06581
8479	1.06243
8480	1.05964
8481	1.05776
8482	1.05718
8483	1.05820
8484	1.06089
8485	1.06499
8486	1.07013
8487	1.07602
8488	1.08238
8489	1.08900
8490	1.09569
8491	1.10227
8492	1.10842
8493	1.11396
8494	1.11916
8495	1.12420
8496	1.12862
8497	1.13201
8498	1.13440
8499	1.13583
8500	1.13615
8501	1.13531
8502	1.13327
8503	1.13004
8504	1.12571
8505	1.12048
8506	1.11465
8507	1.10863
8508	1.10277
8509	1.09727
8510	1.09227
8511	1.08777
8512	1.08375
8513	1.08027
8514	1.07753
8515	1.07567
8516	1.07474
8517	1.07481
8518	1.07591
8519	1.07795
8520	1.08082
8521	1.08441
8522	1.08853
8523	1.09296
8524	1.09757
8525	1.10225
8526	1.10689
8527	1.11137
8528	1.11563
8529	1.11953
8530	1.12287
8531	1.12544
8532	1.12719
8533	1.12820
8534	1.12849
8535	1.12798
8536	1.12653
8537	1.12405
8538	1.12048
8539	1.11577
8540	1.10997
8541	1.10338
8542	1.09646
8543	1.08947
8544	1.08255
8545	1.07600
8546	1.07026
8547	1.06551
8548	1.06152
8549	1.05806
8550	1.05532
8551	1.05366
8552	1.05336
8553	1.05458
8554	1.05734
8555	1.06143
8556	1.06648
8557	1.07223
8558	1.07853
8559	1.08528
8560	1.09220
8561	1.09890
8562	1.10518
8563	1.11106
8564	1.11649
8565	1.12123
8566	1.12513
8567	1.12820
8568	1.13045
8569	1.13178
8570	1.13204
8571	1.13116
8572	1.12916
8573	1.12613
8574	1.12211
8575	1.11706
8576	1.11104
8577	1.10442
8578	1.09769
8579	1.09114
8580	1.08503
8581	1.07959
8582	1.07491
8583	1.07094
8584	1.06778
8585	1.06564
8586	1.06459
8587	1.06462
8588	1.06567
8589	1.06769
8590	1.07060
8591	1.07433
8592	1.07874
8593	1.08358
8594	1.08864
8595	1.09385
8596	1.09911
8597	1.10426
8598	1.10919
8599	1.11384
8600	1.11812
8601	1.12186
8602	1.12497
8603	1.12738
8604	1.12897
8605	1.12959
8606	1.12928
8607	1.12811
8608	1.12583
8609	1.12225
8610	1.11739
8611	1.11144
8612	1.10471
8613	1.09758
8614	1.09021
8615	1.08276
8616	1.07560
8617	1.06921
8618	1.06382
8619	1.05930
8620	1.05542
8621	1.05226
8622	1.05024
8623	1.04973
8624	1.05086
8625	1.05362
8626	1.05790
8627	1.06341
8628	1.06981
8629	1.07675
8630	1.08402
8631	1.09137
8632	1.09856
8633	1.10534
8634	1.11156
8635	1.11714
8636	1.12207
8637	1.12626
8638	1.12955
8639	1.13172
8640	1.13278
8641	1.13298
8642	1.13234
8643	1.13066
8644	1.12784
8645	1.12394
8646	1.11903
8647	1.11336
8648	1.10732
8649	1.10128
8650	1.09541
8651	1.08981
8652	1.08446
8653	1.07935
8654	1.07455
8655	1.07039
8656	1.06723
8657	1.06524
8658	1.06437
8659	1.06465
8660	1.06613
8661	1.06874
8662	1.07232
8663	1.07662
8664	1.08141
8665	1.08644
8666	1.09152
8667	1.09648
8668	1.10118
8669	1.10550
8670	1.10929
8671	1.11245
8672	1.11498
8673	1.11692
8674	1.11818
8675	1.11868
8676	1.11835
8677	1.11706
8678	1.11469
8679	1.11128
8680	1.10690
8681	1.10160
8682	1.09558
8683	1.08929
8684	1.08299
8685	1.07680
8686	1.07094
8687	1.06570
8688	1.06115
8689	1.05718
8690	1.05383
8691	1.05142
8692	1.05037
8693	1.05083
8694	1.05276
8695	1.05612
8696	1.06084
8697	1.06664
8698	1.07317
8699	1.08018
8700	1.08745
8701	1.09474
8702	1.10186
8703	1.10863
8704	1.11483
8705	1.12027
8706	1.12492
8707	1.12865
8708	1.13135
8709	1.13302
8710	1.13372
8711	1.13344
8712	1.13215
8713	1.12989
8714	1.12675
8715	1.12283
8716	1.11815
8717	1.11281
8718	1.10710
8719	1.10149
8720	1.09634
8721	1.09174
8722	1.08758
8723	1.08370
8724	1.08024
8725	1.07753
8726	1.07584
8727	1.07519
8728	1.07546
8729	1.07653
8730	1.07830
8731	1.08070
8732	1.08366
8733	1.08711
8734	1.09090
8735	1.09488
8736	1.09901
8737	1.10322
8738	1.10736
8739	1.11121
8740	1.11456
8741	1.11734
8742	1.11943
8743	1.12073
8744	1.12131
8745	1.12132
8746	1.12084
8747	1.11990
8748	1.11838
8749	1.11610
8750	1.11294
8751	1.10873
8752	1.10336
8753	1.09701
8754	1.09023
8755	1.08339
8756	1.07667
8757	1.07038
8758	1.06496
8759	1.06062
8760	1.05713
8761	1.05427
8762	1.05212
8763	1.05097
8764	1.05106
8765	1.05250
8766	1.05527
8767	1.05930
8768	1.06440
8769	1.07024
8770	1.07654
8771	1.08311
8772	1.08983
8773	1.09651
8774	1.10286
8775	1.10866
8776	1.11387
8777	1.11845
8778	1.12227
8779	1.12523
8780	1.12730
8781	1.12837
8782	1.12824
8783	1.12674
8784	1.12412
8785	1.12085
8786	1.11712
8787	1.11271
8788	1.10742
8789	1.10143
8790	1.09519
8791	1.08907
8792	1.08335
8793	1.07821
8794	1.07362
8795	1.06943
8796	1.06575
8797	1.06296
8798	1.06133
8799	1.06084
8800	1.06130
8801	1.06261
8802	1.06488
8803	1.06815
8804	1.07230
8805	1.07701
8806	1.08199
8807	1.08716
8808	1.09247
8809	1.09775
8810	1.10286
8811	1.10776
8812	1.11225
8813	1.11593
8814	1.11891
8815	1.12199
8816	1.12520
8817	1.12735
8818	1.12781
8819	1.12714
8820	1.12580
8821	1.12361
8822	1.12028
8823	1.11572
8824	1.11015
8825	1.10394
8826	1.09723
8827	1.09012
8828	1.08301
8829	1.07647
8830	1.07086
8831	1.06619
8832	1.06228
8833	1.05898
8834	1.05638
8835	1.05472
8836	1.05428
8837	1.05513
8838	1.05723
8839	1.06047
8840	1.06477
8841	1.07000
8842	1.07592
8843	1.08228
8844	1.08888
8845	1.09545
8846	1.10175
8847	1.10759
8848	1.11287
8849	1.11757
8850	1.12169
8851	1.12517
8852	1.12787
8853	1.12965
8854	1.13043
8855	1.13024
8856	1.12915
8857	1.12713
8858	1.12414
8859	1.12014
8860	1.11522
8861	1.10963
8862	1.10375
8863	1.09794
8864	1.09252
8865	1.08771
8866	1.08352
8867	1.07976
8868	1.07640
8869	1.07372
8870	1.07202
8871	1.07141
8872	1.07176
8873	1.07295
8874	1.07493
8875	1.07765
8876	1.08105
8877	1.08498
8878	1.08932
8879	1.09396
8880	1.09874
8881	1.10352
8882	1.10822
8883	1.11283
8884	1.11718
8885	1.12099
8886	1.12405
8887	1.12643
8888	1.12832
8889	1.12975
8890	1.13051
8891	1.13032
8892	1.12910
8893	1.12692
8894	1.12375
8895	1.11939
8896	1.11378
8897	1.10727
8898	1.10032
8899	1.09323
8900	1.08624
8901	1.07979
8902	1.07421
8903	1.06954
8904	1.06560
8905	1.06219
8906	1.05937
8907	1.05740
8908	1.05663
8909	1.05733
8910	1.05957
8911	1.06316
8912	1.06776
8913	1.07308
8914	1.07893
8915	1.08520
8916	1.09171
8917	1.09821
8918	1.10445
8919	1.11022
8920	1.11538
8921	1.11987
8922	1.12366
8923	1.12676
8924	1.12910
8925	1.13056
8926	1.13097
8927	1.13029
8928	1.12858
8929	1.12595
8930	1.12241
8931	1.11793
8932	1.11268
8933	1.10706
8934	1.10147
8935	1.09609
8936	1.09101
8937	1.08625
8938	1.08176
8939	1.07766
8940	1.07428
8941	1.07190
8942	1.07059
8943	1.07029
8944	1.07097
8945	1.07260
8946	1.07516
8947	1.07854
8948	1.08257
8949	1.08706
8950	1.09186
8951	1.09689
8952	1.10205
8953	1.10722
8954	1.11225
8955	1.11696
8956	1.12115
8957	1.12471
8958	1.12759
8959	1.12982
8960	1.13142
8961	1.13231
8962	1.13239
8963	1.13157
8964	1.12977
8965	1.12697
8966	1.12307
8967	1.11795
8968	1.11164
8969	1.10455
8970	1.09707
8971	1.08948
8972	1.08222
8973	1.07588
8974	1.07069
8975	1.06645
8976	1.06276
8977	1.05949
8978	1.05686
8979	1.05529
8980	1.05514
8981	1.05655
8982	1.05943
8983	1.06360
8984	1.06879
8985	1.07475
8986	1.08130
8987	1.08821
8988	1.09512
8989	1.10167
8990	1.10761
8991	1.11285
8992	1.11740
8993	1.12120
8994	1.12422
8995	1.12644
8996	1.12780
8997	1.12827
8998	1.12781
8999	1.12642
9000	1.12406
9001	1.12072
9002	1.11647
9003	1.11145
9004	1.10596
9005	1.10033
9006	1.09481
9007	1.08960
9008	1.08476
9009	1.08009
9010	1.07539
9011	1.07094
9012	1.06721
9013	1.06453
9014	1.06290
9015	1.06226
9016	1.06261
9017	1.06399
9018	1.06641
9019	1.06978
9020	1.07389
9021	1.07849
9022	1.08340
9023	1.08845
9024	1.09349
9025	1.09836
9026	1.10286
9027	1.10684
9028	1.11021
9029	1.11299
9030	1.11523
9031	1.11700
9032	1.11829
9033	1.11881
9034	1.11824
9035	1.11662
9036	1.11418
9037	1.11082
9038	1.10619
9039	1.10037
9040	1.09390
9041	1.08712
9042	1.08023
9043	1.07356
9044	1.06749
9045	1.06230
9046	1.05797
9047	1.05428
9048	1.05120
9049	1.04896
9050	1.04793
9051	1.04839
9052	1.05041
9053	1.05390
9054	1.05863
9055	1.06427
9056	1.07060
9057	1.07741
9058	1.08444
9059	1.09138
9060	1.09799
9061	1.10409
9062	1.10951
9063	1.11420
9064	1.11817
9065	1.12143
9066	1.12390
9067	1.12547
9068	1.12601
9069	1.12544
9070	1.12375
9071	1.12103
9072	1.11745
9073	1.11312
9074	1.10802
9075	1.10233
9076	1.09639
9077	1.09057
9078	1.08517
9079	1.08041
9080	1.07625
9081	1.07252
9082	1.06923
9083	1.06670
9084	1.06520
9085	1.06478
9086	1.06540
9087	1.06696
9088	1.06939
9089	1.07261
9090	1.07655
9091	1.08106
9092	1.08594
9093	1.09102
9094	1.09614
9095	1.10118
9096	1.10600
9097	1.11056
9098	1.11484
9099	1.11858
9100	1.12168
9101	1.12435
9102	1.12657
9103	1.12795
9104	1.12820
9105	1.12745
9106	1.12581
9107	1.12328
9108	1.11974
9109	1.11504
9110	1.10926
9111	1.10278
9112	1.09600
9113	1.08897
9114	1.08178
9115	1.07491
9116	1.06890
9117	1.06397
9118	1.05990
9119	1.05642
9120	1.05360
9121	1.05182
9122	1.05139
9123	1.05248
9124	1.05513
9125	1.05922
9126	1.06450
9127	1.07063
9128	1.07732
9129	1.08438
9130	1.09162
9131	1.09874
9132	1.10546
9133	1.11167
9134	1.11736
9135	1.12245
9136	1.12680
9137	1.13033
9138	1.13297
9139	1.13462
9140	1.13516
9141	1.13456
9142	1.13276
9143	1.12970
9144	1.12557
9145	1.12066
9146	1.11501
9147	1.10864
9148	1.10196
9149	1.09549
9150	1.08957
9151	1.08436
9152	1.07977
9153	1.07558
9154	1.07169
9155	1.06833
9156	1.06587
9157	1.06449
9158	1.06413
9159	1.06473
9160	1.06623
9161	1.06865
9162	1.07186
9163	1.07565
9164	1.07989
9165	1.08458
9166	1.08960
9167	1.09471
9168	1.09979
9169	1.10479
9170	1.10939
9171	1.11325
9172	1.11658
9173	1.11999
9174	1.12326
9175	1.12539
9176	1.12610
9177	1.12596
9178	1.12516
9179	1.12340
9180	1.12051
9181	1.11652
9182	1.11138
9183	1.10525
9184	1.09861
9185	1.09184
9186	1.08507
9187	1.07853
9188	1.07267
9189	1.06771
9190	1.06358
9191	1.06009
9192	1.05725
9193	1.05529
9194	1.05448
9195	1.05502
9196	1.05701
9197	1.06036
9198	1.06482
9199	1.07008
9200	1.07592
9201	1.08220
9202	1.08878
9203	1.09538
9204	1.10172
9205	1.10761
9206	1.11298
9207	1.11772
9208	1.12175
9209	1.12501
9210	1.12750
9211	1.12914
9212	1.12982
9213	1.12945
9214	1.12803
9215	1.12562
9216	1.12230
9217	1.11809
9218	1.11305
9219	1.10740
9220	1.10152
9221	1.09574
9222	1.09036
9223	1.08554
9224	1.08119
9225	1.07713
9226	1.07343
9227	1.07050
9228	1.06866
9229	1.06795
9230	1.06814
9231	1.06915
9232	1.07100
9233	1.07374
9234	1.07728
9235	1.08138
9236	1.08580
9237	1.09043
9238	1.09516
9239	1.09989
9240	1.10456
9241	1.10909
9242	1.11325
9243	1.11678
9244	1.11965
9245	1.12197
9246	1.12389
9247	1.12548
9248	1.12661
9249	1.12704
9250	1.12662
9251	1.12532
9252	1.12309
9253	1.11978
9254	1.11522
9255	1.10944
9256	1.10270
9257	1.09532
9258	1.08760
9259	1.07999
9260	1.07302
9261	1.06709
9262	1.06223
9263	1.05818
9264	1.05472
9265	1.05196
9266	1.05026
9267	1.04995
9268	1.05130
9269	1.05431
9270	1.05871
9271	1.06412
9272	1.07023
9273	1.07683
9274	1.08376
9275	1.09077
9276	1.09751
9277	1.10368
9278	1.10915
9279	1.11391
9280	1.11798
9281	1.12136
9282	1.12396
9283	1.12564
9284	1.12629
9285	1.12587
9286	1.12442
9287	1.12203
9288	1.11876
9289	1.11462
9290	1.10962
9291	1.10391
9292	1.09792
9293	1.09206
9294	1.08658
9295	1.08161
9296	1.07705
9297	1.07276
9298	1.06883
9299	1.06558
9300	1.06329
9301	1.06200
9302	1.06161
9303	1.06210
9304	1.06351
9305	1.06578
9306	1.06878
9307	1.07239
9308	1.07649
9309	1.08098
9310	1.08573
9311	1.09060
9312	1.09545
9313	1.10014
9314	1.10451
9315	1.10843
9316	1.11181
9317	1.11463
9318	1.11683
9319	1.11824
9320	1.11873
9321	1.11831
9322	1.11702
9323	1.11484
9324	1.11169
9325	1.10748
9326	1.10216
9327	1.09588
9328	1.08907
9329	1.08211
9330	1.07524
9331	1.06877
9332	1.06306
9333	1.05832
9334	1.05443
9335	1.05109
9336	1.04826
9337	1.04637
9338	1.04586
9339	1.04689
9340	1.04939
9341	1.05331
9342	1.05849
9343	1.06464
9344	1.07144
9345	1.07869
9346	1.08614
9347	1.09345
9348	1.10038
9349	1.10681
9350	1.11270
9351	1.11793
9352	1.12234
9353	1.12591
9354	1.12862
9355	1.13029
9356	1.13078
9357	1.13014
9358	1.12855
9359	1.12612
9360	1.12281
9361	1.11845
9362	1.11308
9363	1.10700
9364	1.10068
9365	1.09446
9366	1.08851
9367	1.08306
9368	1.07822
9369	1.07394
9370	1.07013
9371	1.06689
9372	1.06454
9373	1.06333
9374	1.06334
9375	1.06447
9376	1.06659
9377	1.06965
9378	1.07354
9379	1.07814
9380	1.08326
9381	1.08872
9382	1.09428
9383	1.09977
9384	1.10509
9385	1.11021
9386	1.11495
9387	1.11901
9388	1.12252
9389	1.12577
9390	1.12849
9391	1.13024
9392	1.13098
9393	1.13089
9394	1.12994
9395	1.12801
9396	1.12502
9397	1.12096
9398	1.11573
9399	1.10939
9400	1.10242
9401	1.09520
9402	1.08785
9403	1.08073
9404	1.07429
9405	1.06872
9406	1.06391
9407	1.05969
9408	1.05611
9409	1.05355
9410	1.05240
9411	1.05282
9412	1.05479
9413	1.05820
9414	1.06290
9415	1.06864
9416	1.07514
9417	1.08212
9418	1.08930
9419	1.09643
9420	1.10332
9421	1.10984
9422	1.11588
9423	1.12135
9424	1.12609
9425	1.13003
9426	1.13317
9427	1.13542
9428	1.13664
9429	1.13673
9430	1.13570
9431	1.13353
9432	1.13028
9433	1.12598
9434	1.12070
9435	1.11469
9436	1.10842
9437	1.10231
9438	1.09661
9439	1.09143
9440	1.08666
9441	1.08211
9442	1.07786
9443	1.07429
9444	1.07170
9445	1.07015
9446	1.06959
9447	1.06997
9448	1.07133
9449	1.07364
9450	1.07676
9451	1.08046
9452	1.08454
9453	1.08893
9454	1.09358
9455	1.09829
9456	1.10290
9457	1.10720
9458	1.11105
9459	1.11439
9460	1.11715
9461	1.11941
9462	1.12140
9463	1.12296
9464	1.12354
9465	1.12293
9466	1.12126
9467	1.11863
9468	1.11500
9469	1.11024
9470	1.10444
9471	1.09797
9472	1.09122
9473	1.08434
9474	1.07747
9475	1.07097
9476	1.06525
9477	1.06052
9478	1.05667
9479	1.05361
9480	1.05152
9481	1.05068
9482	1.05123
9483	1.05319
9484	1.05655
9485	1.06113
9486	1.06660
9487	1.07261
9488	1.07899
9489	1.08565
9490	1.09243
9491	1.09908
9492	1.10541
9493	1.11137
9494	1.11692
9495	1.12182
9496	1.12575
9497	1.12866
9498	1.13079
9499	1.13212
9500	1.13247
9501	1.13178
9502	1.13007
9503	1.12736
9504	1.12357
9505	1.11867
9506	1.11290
9507	1.10671
9508	1.10050
9509	1.09450
9510	1.08893
9511	1.08389
9512	1.07932
9513	1.07511
9514	1.07134
9515	1.06831
9516	1.06627
9517	1.06534
9518	1.06548
9519	1.06655
9520	1.06841
9521	1.07093
9522	1.07394
9523	1.07728
9524	1.08085
9525	1.08464
9526	1.08850
9527	1.09226
9528	1.09581
9529	1.09900
9530	1.10164
9531	1.10360
9532	1.10489
9533	1.10564
9534	1.10605
9535	1.10614
9536	1.10574
9537	1.10466
9538	1.10290
9539	1.10046
9540	1.09707
9541	1.09247
9542	1.08677
9543	1.08047
9544	1.07395
9545	1.06749
9546	1.06150
9547	1.05631
9548	1.05196
9549	1.04828
9550	1.04524
9551	1.04305
9552	1.04203
9553	1.04235
9554	1.04399
9555	1.04697
9556	1.05130
9557	1.05675
9558	1.06291
9559	1.06952
9560	1.07643
9561	1.08347
9562	1.09041
9563	1.09706
9564	1.10330
9565	1.10905
9566	1.11415
9567	1.11838
9568	1.12169
9569	1.12424
9570	1.12600
9571	1.12672
9572	1.12625
9573	1.12470
9574	1.12225
9575	1.11906
9576	1.11515
9577	1.11037
9578	1.10474
9579	1.09868
9580	1.09263
9581	1.08697
9582	1.08205
9583	1.07800
9584	1.07457
9585	1.07149
9586	1.06889
9587	1.06706
9588	1.06610
9589	1.06590
9590	1.06641
9591	1.06762
9592	1.06952
9593	1.07204
9594	1.07499
9595	1.07820
9596	1.08154
9597	1.08501
9598	1.08857
9599	1.09211
9600	1.09550
9601	1.09862
9602	1.10137
9603	1.10374
9604	1.10571
9605	1.10730
9606	1.10855
9607	1.10942
9608	1.10975
9609	1.10933
9610	1.10805
9611	1.10597
9612	1.10303
9613	1.09899
9614	1.09390
9615	1.08816
9616	1.08210
9617	1.07600
9618	1.07016
9619	1.06490
9620	1.06030
9621	1.05627
9622	1.05270
9623	1.04978
9624	1.04795
9625	1.04748
9626	1.04841
9627	1.05072
9628	1.05436
9629	1.05910
9630	1.06450
9631	1.07027
9632	1.07635
9633	1.08268
9634	1.08909
9635	1.09535
9636	1.10127
9637	1.10670
9638	1.11156
9639	1.11580
9640	1.11932
9641	1.12204
9642	1.12386
9643	1.12471
9644	1.12451
9645	1.12334
9646	1.12123
9647	1.11808
9648	1.11381
9649	1.10867
9650	1.10310
9651	1.09735
9652	1.09152
9653	1.08582
9654	1.08062
9655	1.07621
9656	1.07251
9657	1.06929
9658	1.06641
9659	1.06406
9660	1.06258
9661	1.06214
9662	1.06271
9663	1.06423
9664	1.06662
9665	1.06968
9666	1.07325
9667	1.07718
9668	1.08129
9669	1.08537
9670	1.08935
9671	1.09320
9672	1.09675
9673	1.09982
9674	1.10247
9675	1.10468
9676	1.10629
9677	1.10726
9678	1.10777
9679	1.10793
9680	1.10762
9681	1.10666
9682	1.10494
9683	1.10239
9684	1.09879
9685	1.09407
9686	1.08855
9687	1.08271
9688	1.07685
9689	1.07131
9690	1.06651
9691	1.06271
9692	1.05986
9693	1.05772
9694	1.05631
9695	1.05593
9696	1.05678
9697	1.05878
9698	1.06178
9699	1.06567
9700	1.07032
9701	1.07551
9702	1.08107
9703	1.08692
9704	1.09300
9705	1.09912
9706	1.10501
9707	1.11045
9708	1.11538
9709	1.11980
9710	1.12366
9711	1.12680
9712	1.12909
9713	1.13056
9714	1.13130
9715	1.13125
9716	1.13021
9717	1.12812
9718	1.12509
9719	1.12120
9720	1.11643
9721	1.11094
9722	1.10506
9723	1.09906
9724	1.09318
9725	1.08779
9726	1.08319
9727	1.07936
9728	1.07610
9729	1.07334
9730	1.07120
9731	1.06985
9732	1.06936
9733	1.06973
9734	1.07095
9735	1.07299
9736	1.07569
9737	1.07880
9738	1.08219
9739	1.08586
9740	1.08976
9741	1.09374
9742	1.09764
9743	1.10131
9744	1.10455
9745	1.10723
9746	1.10931
9747	1.11081
9748	1.11180
9749	1.11249
9750	1.11281
9751	1.11242
9752	1.11112
9753	1.10895
9754	1.10588
9755	1.10193
9756	1.09722
9757	1.09191
9758	1.08619
9759	1.08032
9760	1.07478
9761	1.06993
9762	1.06568
9763	1.06178
9764	1.05828
9765	1.05545
9766	1.05363
9767	1.05299
9768	1.05357
9769	1.05538
9770	1.05835
9771	1.06228
9772	1.06692
9773	1.07206
9774	1.07751
9775	1.08311
9776	1.08871
9777	1.09408
9778	1.09905
9779	1.10355
9780	1.10758
9781	1.11109
9782	1.11397
9783	1.11621
9784	1.11784
9785	1.11881
9786	1.11896
9787	1.11815
9788	1.11634
9789	1.11359
9790	1.10989
9791	1.10518
9792	1.09957
9793	1.09347
9794	1.08728
9795	1.08138
9796	1.07633
9797	1.07251
9798	1.06974
9799	1.06745
9800	1.06547
9801	1.06397
9802	1.06318
9803	1.06321
9804	1.06404
9805	1.06558
9806	1.06768
9807	1.07025
9808	1.07318
9809	1.07641
9810	1.07992
9811	1.08371
9812	1.08773
9813	1.09185
9814	1.09596
9815	1.09993
9816	1.10355
9817	1.10659
9818	1.10913
9819	1.11129
9820	1.11302
9821	1.11411
9822	1.11450
9823	1.11423
9824	1.11321
9825	1.11131
9826	1.10842
9827	1.10450
9828	1.09949
9829	1.09369
9830	1.08753
9831	1.08121
9832	1.07492
9833	1.06919
9834	1.06445
9835	1.06069
9836	1.05766
9837	1.05523
9838	1.05372
9839	1.05347
9840	1.05448
9841	1.05657
9842	1.05969
9843	1.06381
9844	1.06876
9845	1.07434
9846	1.08042
9847	1.08690
9848	1.09356
9849	1.10005
9850	1.10605
9851	1.11156
9852	1.11673
9853	1.12141
9854	1.12524
9855	1.12803
9856	1.12978
9857	1.13046
9858	1.13007
9859	1.12865
9860	1.12625
9861	1.12290
9862	1.11865
9863	1.11356
9864	1.10782
9865	1.10184
9866	1.09598
9867	1.09049
9868	1.08569
9869	1.08191
9870	1.07912
9871	1.07693
9872	1.07508
9873	1.07363
9874	1.07270
9875	1.07240
9876	1.07280
9877	1.07400
9878	1.07598
9879	1.07854
9880	1.08143
9881	1.08444
9882	1.08750
9883	1.09064
9884	1.09387
9885	1.09716
9886	1.10047
9887	1.10371
9888	1.10661
9889	1.10897
9890	1.11072
9891	1.11192
9892	1.11256
9893	1.11256
9894	1.11190
9895	1.11059
9896	1.10863
9897	1.10600
9898	1.10261
9899	1.09837
9900	1.09340
9901	1.08794
9902	1.08213
9903	1.07615
9904	1.07033
9905	1.06498
9906	1.06029
9907	1.05634
9908	1.05325
9909	1.05124
9910	1.05049
9911	1.05094
9912	1.05258
9913	1.05557
9914	1.05995
9915	1.06546
9916	1.07167
9917	1.07826
9918	1.08507
9919	1.09201
9920	1.09887
9921	1.10532
9922	1.11112
9923	1.11623
9924	1.12074
9925	1.12462
9926	1.12776
9927	1.12994
9928	1.13099
9929	1.13091
9930	1.12982
9931	1.12777
9932	1.12471
9933	1.12060
9934	1.11545
9935	1.10952
9936	1.10328
9937	1.09729
9938	1.09193
9939	1.08741
9940	1.08356
9941	1.07999
9942	1.07648
9943	1.07318
9944	1.07048
9945	1.06873
9946	1.06805
9947	1.06835
9948	1.06944
9949	1.07116
9950	1.07338
9951	1.07589
9952	1.07846
9953	1.08096
9954	1.08345
9955	1.08612
9956	1.08914
9957	1.09247
9958	1.09588
9959	1.09907
9960	1.10182
9961	1.10403
9962	1.10577
9963	1.10714
9964	1.10818
9965	1.10884
9966	1.10900
9967	1.10856
9968	1.10745
9969	1.10550
9970	1.10242
9971	1.09805
9972	1.09272
9973	1.08696
9974	1.08111
9975	1.07552
9976	1.07050
9977	1.06623
9978	1.06268
9979	1.05975
9980	1.05757
9981	1.05645
9982	1.05668
9983	1.05828
9984	1.06101
9985	1.06456
9986	1.06872
9987	1.07345
9988	1.07875
9989	1.08456
9990	1.09075
9991	1.09698
9992	1.10284
9993	1.10815
9994	1.11295
9995	1.11725
9996	1.12088
9997	1.12369
9998	1.12565
9999	1.12675
10000	1.12688
10001	1.12607
10002	1.12446
10003	1.12215
10004	1.11908
10005	1.11520
10006	1.11051
10007	1.10517
10008	1.09947
10009	1.09374
10010	1.08837
10011	1.08379
10012	1.08018
10013	1.07731
10014	1.07483
10015	1.07271
10016	1.07111
10017	1.07013
10018	1.06979
10019	1.07012
10020	1.07123
10021	1.07316
10022	1.07575
10023	1.07880
10024	1.08201
10025	1.08516
10026	1.08815
10027	1.09095
10028	1.09359
10029	1.09618
10030	1.09875
10031	1.10111
10032	1.10294
10033	1.10411
10034	1.10480
10035	1.10526
10036	1.10553
10037	1.10543
10038	1.10477
10039	1.10345
10040	1.10148
10041	1.09879
10042	1.09529
10043	1.09105
10044	1.08631
10045	1.08123
10046	1.07611
10047	1.07156
10048	1.06790
10049	1.06490
10050	1.06226
10051	1.06008
10052	1.05881
10053	1.05874
10054	1.05977
10055	1.06171
10056	1.06448
10057	1.06809
10058	1.07245
10059	1.07739
10060	1.08279
10061	1.08849
10062	1.09429
10063	1.09998
10064	1.10536
10065	1.11029
10066	1.11465
10067	1.11838
10068	1.12153
10069	1.12409
10070	1.12594
10071	1.12690
10072	1.12686
10073	1.12587
10074	1.12406
10075	1.12152
10076	1.11820
10077	1.11405
10078	1.10915
10079	1.10355
10080	1.09742
10081	1.09112
10082	1.08517
10083	1.08024
10084	1.07669
10085	1.07424
10086	1.07219
10087	1.07023
10088	1.06858
10089	1.06756
10090	1.06737
10091	1.06808
10092	1.06959
10093	1.07173
10094	1.07425
10095	1.07698
10096	1.07977
10097	1.08262
10098	1.08558
10099	1.08857
10100	1.09146
10101	1.09416
10102	1.09664
10103	1.09887
10104	1.10072
10105	1.10217
10106	1.10329
10107	1.10404
10108	1.10436
10109	1.10425
10110	1.10366
10111	1.10245
10112	1.10044
10113	1.09750
10114	1.09366
10115	1.08908
10116	1.08406
10117	1.07902
10118	1.07446
10119	1.07069
10120	1.06767
10121	1.06520
10122	1.06312
10123	1.06150
10124	1.06069
10125	1.06103
10126	1.06261
10127	1.06523
10128	1.06869
10129	1.07284
10130	1.07757
10131	1.08277
10132	1.08840
10133	1.09435
10134	1.10040
10135	1.10629
10136	1.11183
10137	1.11700
10138	1.12185
10139	1.12626
10140	1.13001
10141	1.13283
10142	1.13457
10143	1.13528
10144	1.13513
10145	1.13405
10146	1.13184
10147	1.12863
10148	1.12448
10149	1.11934
10150	1.11341
10151	1.10703
10152	1.10043
10153	1.09399
10154	1.08843
10155	1.08430
10156	1.08151
10157	1.07962
10158	1.07835
10159	1.07767
10160	1.07766
10161	1.07832
10162	1.07949
10163	1.08097
10164	1.08279
10165	1.08504
10166	1.08771
10167	1.09072
10168	1.09405
10169	1.09761
10170	1.10117
10171	1.10457
10172	1.10778
10173	1.11089
10174	1.11395
10175	1.11677
10176	1.11894
10177	1.12024
10178	1.12067
10179	1.12028
10180	1.11908
10181	1.11714
10182	1.11453
10183	1.11131
10184	1.10745
10185	1.10288
10186	1.09777
10187	1.09257
10188	1.08756
10189	1.08280
10190	1.07838
10191	1.07452
10192	1.07124
10193	1.06835
10194	1.06583
10195	1.06403
10196	1.06326
10197	1.06350
10198	1.06462
10199	1.06662
10200	1.06958
10201	1.07339
10202	1.07778
10203	1.08261
10204	1.08781
10205	1.09315
10206	1.09836
10207	1.10323
10208	1.10758
10209	1.11130
10210	1.11446
10211	1.11713
10212	1.11922
10213	1.12067
10214	1.12135
10215	1.12114
10216	1.12008
10217	1.11819
10218	1.11529
10219	1.11143
10220	1.10686
10221	1.10169
10222	1.09601
10223	1.09017
10224	1.08457
10225	1.07966
10226	1.07582
10227	1.07286
10228	1.07016
10229	1.06753
10230	1.06538
10231	1.06418
10232	1.06404
10233	1.06471
10234	1.06596
10235	1.06771
10236	1.06991
10237	1.07252
10238	1.07547
10239	1.07874
10240	1.08218
10241	1.08552
10242	1.08875
10243	1.09224
10244	1.09618
10245	1.10023
10246	1.10374
10247	1.10625
10248	1.10777
10249	1.10855
10250	1.10873
10251	1.10827
10252	1.10713
10253	1.10533
10254	1.10290
10255	1.09985
10256	1.09615
10257	1.09179
10258	1.08699
10259	1.08199
10260	1.07685
10261	1.07183
10262	1.06740
10263	1.06389
10264	1.06133
10265	1.05962
10266	1.05875
10267	1.05882
10268	1.05992
10269	1.06208
10270	1.06530
10271	1.06952
10272	1.07451
10273	1.07999
10274	1.08573
10275	1.09162
10276	1.09759
10277	1.10356
10278	1.10930
10279	1.11459
10280	1.11946
10281	1.12402
10282	1.12815
10283	1.13165
10284	1.13448
10285	1.13659
10286	1.13788
10287	1.13825
10288	1.13759
10289	1.13578
10290	1.13278
10291	1.12871
10292	1.12377
10293	1.11810
10294	1.11199
10295	1.10578
10296	1.09975
10297	1.09430
10298	1.08993
10299	1.08686
10300	1.08479
10301	1.08332
10302	1.08233
10303	1.08191
10304	1.08205
10305	1.08263
10306	1.08365
10307	1.08528
10308	1.08767
10309	1.09078
10310	1.09439
10311	1.09824
10312	1.10213
10313	1.10592
10314	1.10951
10315	1.11291
10316	1.11615
10317	1.11917
10318	1.12177
10319	1.12378
10320	1.12518
10321	1.12605
10322	1.12639
10323	1.12615
10324	1.12535
10325	1.12396
10326	1.12184
10327	1.11882
10328	1.11474
10329	1.10965
10330	1.10381
10331	1.09762
10332	1.09140
10333	1.08552
10334	1.08037
10335	1.07609
10336	1.07248
10337	1.06930
10338	1.06661
10339	1.06473
10340	1.06390
10341	1.06420
10342	1.06573
10343	1.06859
10344	1.07267
10345	1.07761
10346	1.08315
10347	1.08909
10348	1.09526
10349	1.10144
10350	1.10749
10351	1.11323
10352	1.11848
10353	1.12305
10354	1.12688
10355	1.13008
10356	1.13275
10357	1.13475
10358	1.13582
10359	1.13595
10360	1.13509
10361	1.13310
10362	1.12993
10363	1.12563
10364	1.12034
10365	1.11437
10366	1.10808
10367	1.10167
10368	1.09552
10369	1.09028
10370	1.08635
10371	1.08336
10372	1.08081
10373	1.07859
10374	1.07691
10375	1.07600
10376	1.07599
10377	1.07682
10378	1.07832
10379	1.08043
10380	1.08305
10381	1.08603
10382	1.08915
10383	1.09232
10384	1.09553
10385	1.09876
10386	1.10189
10387	1.10479
10388	1.10740
10389	1.10960
10390	1.11121
10391	1.11216
10392	1.11265
10393	1.11279
10394	1.11251
10395	1.11170
10396	1.11035
10397	1.10841
10398	1.10588
10399	1.10260
10400	1.09836
10401	1.09325
10402	1.08765
10403	1.08190
10404	1.07624
10405	1.07095
10406	1.06637
10407	1.06258
10408	1.05940
10409	1.05673
10410	1.05483
10411	1.05415
10412	1.05486
10413	1.05683
10414	1.05994
10415	1.06414
10416	1.06933
10417	1.07518
10418	1.08136
10419	1.08779
10420	1.09442
10421	1.10109
10422	1.10753
10423	1.11359
10424	1.11936
10425	1.12477
10426	1.12943
10427	1.13305
10428	1.13573
10429	1.13748
10430	1.13812
10431	1.13760
10432	1.13615
10433	1.13395
10434	1.13094
10435	1.12696
10436	1.12201
10437	1.11634
10438	1.11037
10439	1.10450
10440	1.09902
10441	1.09416
10442	1.09015
10443	1.08704
10444	1.08459
10445	1.08252
10446	1.08080
10447	1.07969
10448	1.07949
10449	1.08031
10450	1.08198
10451	1.08426
10452	1.08691
10453	1.08981
10454	1.09290
10455	1.09617
10456	1.09958
10457	1.10306
10458	1.10650
10459	1.10976
10460	1.11274
10461	1.11535
10462	1.11746
10463	1.11895
10464	1.11996
10465	1.12065
10466	1.12097
10467	1.12080
10468	1.11999
10469	1.11841
10470	1.11594
10471	1.11254
10472	1.10813
10473	1.10272
10474	1.09660
10475	1.09015
10476	1.08379
10477	1.07802
10478	1.07323
10479	1.06936
10480	1.06616
10481	1.06348
10482	1.06150
10483	1.06045
10484	1.06049
10485	1.06169
10486	1.06415
10487	1.06784
10488	1.07247
10489	1.07767
10490	1.08322
10491	1.08910
10492	1.09524
10493	1.10137
10494	1.10716
10495	1.11249
10496	1.11748
10497	1.12215
10498	1.12635
10499	1.12987
10500	1.13260
10501	1.13447
10502	1.13544
10503	1.13549
10504	1.13457
10505	1.13259
10506	1.12949
10507	1.12525
10508	1.11995
10509	1.11390
10510	1.10758
10511	1.10138
10512	1.09560
10513	1.09057
10514	1.08656
10515	1.08348
10516	1.08111
10517	1.07935
10518	1.07811
10519	1.07738
10520	1.07726
10521	1.07789
10522	1.07932
10523	1.08152
10524	1.08429
10525	1.08739
10526	1.09072
10527	1.09423
10528	1.09771
10529	1.10100
10530	1.10413
10531	1.10713
10532	1.10997
10533	1.11253
10534	1.11469
10535	1.11639
10536	1.11769
10537	1.11854
10538	1.11882
10539	1.11838
10540	1.11716
10541	1.11522
10542	1.11258
10543	1.10908
10544	1.10446
10545	1.09881
10546	1.09257
10547	1.08614
10548	1.07984
10549	1.07400
10550	1.06875
10551	1.06403
10552	1.05981
10553	1.05609
10554	1.05311
10555	1.05116
10556	1.05044
10557	1.05109
10558	1.05328
10559	1.05700
10560	1.06194
10561	1.06763
10562	1.07369
10563	1.07997
10564	1.08635
10565	1.09261
10566	1.09850
10567	1.10377
10568	1.10831
10569	1.11216
10570	1.11536
10571	1.11790
10572	1.11992
10573	1.12147
10574	1.12247
10575	1.12275
10576	1.12222
10577	1.12079
10578	1.11839
10579	1.11494
10580	1.11038
10581	1.10489
10582	1.09885
10583	1.09266
10584	1.08677
10585	1.08174
10586	1.07784
10587	1.07471
10588	1.07192
10589	1.06938
10590	1.06732
10591	1.06606
10592	1.06582
10593	1.06654
10594	1.06807
10595	1.07023
10596	1.07280
10597	1.07556
10598	1.07844
10599	1.08140
10600	1.08442
10601	1.08742
10602	1.09038
10603	1.09323
10604	1.09583
10605	1.09801
10606	1.09969
10607	1.10097
10608	1.10198
10609	1.10264
10610	1.10278
10611	1.10233
10612	1.10125
10613	1.09943
10614	1.09678
10615	1.09324
10616	1.08875
10617	1.08340
10618	1.07761
10619	1.07187
10620	1.06660
10621	1.06198
10622	1.05801
10623	1.05463
10624	1.05179
10625	1.04962
10626	1.04837
10627	1.04827
10628	1.04952
10629	1.05224
10630	1.05630
10631	1.06137
10632	1.06720
10633	1.07363
10634	1.08036
10635	1.08717
10636	1.09404
10637	1.10079
10638	1.10710
10639	1.11287
10640	1.11807
10641	1.12262
10642	1.12633
10643	1.12907
10644	1.13081
10645	1.13161
10646	1.13144
10647	1.13021
10648	1.12789
10649	1.12456
10650	1.12023
10651	1.11493
10652	1.10882
10653	1.10230
10654	1.09572
10655	1.08928
10656	1.08331
10657	1.07834
10658	1.07461
10659	1.07195
10660	1.07009
10661	1.06888
10662	1.06837
10663	1.06880
10664	1.07031
10665	1.07277
10666	1.07591
10667	1.07950
10668	1.08343
10669	1.08766
10670	1.09207
10671	1.09643
10672	1.10062
10673	1.10457
10674	1.10824
10675	1.11155
10676	1.11450
10677	1.11704
10678	1.11896
10679	1.12001
10680	1.12016
10681	1.11957
10682	1.11834
10683	1.11647
10684	1.11389
10685	1.11050
10686	1.10612
10687	1.10075
10688	1.09475
10689	1.08851
10690	1.08221
10691	1.07615
10692	1.07083
10693	1.06665
10694	1.06363
10695	1.06158
10696	1.06043
10697	1.06019
10698	1.06092
10699	1.06274
10700	1.06575
10701	1.06986
10702	1.07476
10703	1.08012
10704	1.08565
10705	1.09122
10706	1.09679
10707	1.10230
10708	1.10755
10709	1.11251
10710	1.11740
10711	1.12219
10712	1.12661
10713	1.13040
10714	1.13344
10715	1.13557
10716	1.13667
10717	1.13665
10718	1.13545
10719	1.13312
10720	1.12970
10721	1.12525
10722	1.11978
10723	1.11352
10724	1.10695
10725	1.10050
10726	1.09450
10727	1.08928
10728	1.08486
10729	1.08102
10730	1.07761
10731	1.07475
10732	1.07265
10733	1.07143
10734	1.07114
10735	1.07170
10736	1.07301
10737	1.07491
10738	1.07723
10739	1.07986
10740	1.08275
10741	1.08579
10742	1.08888
10743	1.09194
10744	1.09496
10745	1.09786
10746	1.10055
10747	1.10290
10748	1.10482
10749	1.10625
10750	1.10716
10751	1.10742
10752	1.10691
10753	1.10564
10754	1.10372
10755	1.10115
10756	1.09777
10757	1.09342
10758	1.08817
10759	1.08234
10760	1.07622
10761	1.07001
10762	1.06403
10763	1.05868
10764	1.05411
10765	1.05024
10766	1.04701
10767	1.04462
10768	1.04337
10769	1.04348
10770	1.04503
10771	1.04806
10772	1.05244
10773	1.05790
10774	1.06412
10775	1.07086
10776	1.07800
10777	1.08530
10778	1.09251
10779	1.09944
10780	1.10602
10781	1.11210
10782	1.11750
10783	1.12206
10784	1.12565
10785	1.12823
10786	1.12975
10787	1.13016
10788	1.12949
10789	1.12780
10790	1.12519
10791	1.12170
10792	1.11731
10793	1.11200
10794	1.10599
10795	1.09970
10796	1.09353
10797	1.08773
10798	1.08247
10799	1.07787
10800	1.07402
10801	1.07087
10802	1.06831
10803	1.06629
10804	1.06496
10805	1.06456
10806	1.06521
10807	1.06680
10808	1.06912
10809	1.07194
10810	1.07504
10811	1.07831
10812	1.08172
10813	1.08520
10814	1.08871
10815	1.09213
10816	1.09534
10817	1.09822
10818	1.10068
10819	1.10271
10820	1.10438
10821	1.10580
10822	1.10692
10823	1.10762
10824	1.10779
10825	1.10729
10826	1.10603
10827	1.10390
10828	1.10078
10829	1.09657
10830	1.09145
10831	1.08576
10832	1.07976
10833	1.07375
10834	1.06821
10835	1.06348
10836	1.05950
10837	1.05606
10838	1.05322
10839	1.05134
10840	1.05075
10841	1.05155
10842	1.05368
10843	1.05708
10844	1.06161
10845	1.06697
10846	1.07277
10847	1.07887
10848	1.08524
10849	1.09169
10850	1.09795
10851	1.10383
10852	1.10936
10853	1.11456
10854	1.11935
10855	1.12360
10856	1.12725
10857	1.13018
10858	1.13218
10859	1.13309
10860	1.13286
10861	1.13153
10862	1.12918
10863	1.12585
10864	1.12146
10865	1.11599
10866	1.10972
10867	1.10315
10868	1.09676
10869	1.09102
10870	1.08621
10871	1.08227
10872	1.07886
10873	1.07587
10874	1.07349
10875	1.07192
10876	1.07119
10877	1.07129
10878	1.07218
10879	1.07382
10880	1.07601
10881	1.07848
10882	1.08105
10883	1.08362
10884	1.08614
10885	1.08854
10886	1.09085
10887	1.09311
10888	1.09533
10889	1.09742
10890	1.09924
10891	1.10068
10892	1.10173
10893	1.10257
10894	1.10319
10895	1.10338
10896	1.10298
10897	1.10195
10898	1.10026
10899	1.09782
10900	1.09448
10901	1.09017
10902	1.08506
10903	1.07951
10904	1.07393
10905	1.06870
10906	1.06403
10907	1.05999
10908	1.05660
10909	1.05380
10910	1.05160
10911	1.05021
10912	1.04987
10913	1.05075
10914	1.05295
10915	1.05644
10916	1.06099
10917	1.06628
10918	1.07202
10919	1.07808
10920	1.08441
10921	1.09089
10922	1.09710
10923	1.10269
10924	1.10774
10925	1.11240
10926	1.11651
10927	1.11979
10928	1.12224
10929	1.12396
10930	1.12492
10931	1.12508
10932	1.12439
10933	1.12276
10934	1.12014
10935	1.11652
10936	1.11180
10937	1.10604
10938	1.09958
10939	1.09291
10940	1.08637
10941	1.08025
10942	1.07496
10943	1.07081
10944	1.06776
10945	1.06557
10946	1.06404
10947	1.06314
10948	1.06296
10949	1.06373
10950	1.06550
10951	1.06812
10952	1.07140
10953	1.07508
10954	1.07893
10955	1.08283
10956	1.08676
10957	1.09059
10958	1.09420
10959	1.09759
10960	1.10078
10961	1.10372
10962	1.10635
10963	1.10856
10964	1.11027
10965	1.11136
10966	1.11171
10967	1.11129
10968	1.11015
10969	1.10834
10970	1.10580
10971	1.10232
10972	1.09779
10973	1.09239
10974	1.08651
10975	1.08041
10976	1.07426
10977	1.06846
10978	1.06335
10979	1.05904
10980	1.05539
10981	1.05242
10982	1.05041
10983	1.04966
10984	1.05030
10985	1.05241
10986	1.05600
10987	1.06082
10988	1.06651
10989	1.07278
10990	1.07947
10991	1.08633
10992	1.09309
10993	1.09952
10994	1.10549
10995	1.11095
10996	1.11586
10997	1.12015
10998	1.12379
10999	1.12671
11000	1.12876
11001	1.12990
11002	1.13014
11003	1.12942
11004	1.12764
11005	1.12473
11006	1.12066
11007	1.11543
11008	1.10937
11009	1.10303
11010	1.09673
11011	1.09056
11012	1.08472
11013	1.07945
11014	1.07477
11015	1.07064
11016	1.06725
11017	1.06480
11018	1.06343
11019	1.06308
11020	1.06368
11021	1.06517
11022	1.06745
11023	1.07024
11024	1.07324
11025	1.07626
11026	1.07925
11027	1.08225
11028	1.08530
11029	1.08832
11030	1.09116
11031	1.09367
11032	1.09574
11033	1.09734
11034	1.09845
11035	1.09902
11036	1.09907
11037	1.09868
11038	1.09784
11039	1.09642
11040	1.09429
11041	1.09143
11042	1.08777
11043	1.08323
11044	1.07801
11045	1.07245
11046	1.06699
11047	1.06204
11048	1.05780
11049	1.05429
11050	1.05155
11051	1.04962
11052	1.04851
11053	1.04836
11054	1.04938
11055	1.05160
11056	1.05490
11057	1.05917
11058	1.06429
11059	1.07004
11060	1.07620
11061	1.08265
11062	1.08932
11063	1.09603
11064	1.10251
11065	1.10865
11066	1.11447
11067	1.11984
11068	1.12443
11069	1.12805
11070	1.13065
11071	1.13217
11072	1.13255
11073	1.13180
11074	1.13001
11075	1.12733
11076	1.12387
11077	1.11963
11078	1.11453
11079	1.10876
11080	1.10277
11081	1.09696
11082	1.09150
11083	1.08650
11084	1.08206
11085	1.07823
11086	1.07499
11087	1.07226
11088	1.07001
11089	1.06836
11090	1.06750
11091	1.06759
11092	1.06863
11093	1.07047
11094	1.07290
11095	1.07574
11096	1.07891
11097	1.08235
11098	1.08593
11099	1.08948
11100	1.09297
11101	1.09638
11102	1.09957
11103	1.10240
11104	1.10474
11105	1.10653
11106	1.10784
11107	1.10871
11108	1.10910
11109	1.10890
11110	1.10802
11111	1.10637
11112	1.10393
11113	1.10062
11114	1.09635
11115	1.09127
11116	1.08573
11117	1.07997
11118	1.07410
11119	1.06848
11120	1.06355
11121	1.05950
11122	1.05623
11123	1.05369
11124	1.05203
11125	1.05135
11126	1.05176
11127	1.05345
11128	1.05649
11129	1.06069
11130	1.06569
11131	1.07118
11132	1.07689
11133	1.08261
11134	1.08824
11135	1.09368
11136	1.09876
11137	1.10336
11138	1.10752
11139	1.11139
11140	1.11493
11141	1.11797
11142	1.12041
11143	1.12219
11144	1.12313
11145	1.12309
11146	1.12205
11147	1.11999
11148	1.11685
11149	1.11258
11150	1.10725
11151	1.10115
11152	1.09467
11153	1.08819
11154	1.08225
11155	1.07742
11156	1.07373
11157	1.07076
11158	1.06826
11159	1.06633
11160	1.06509
11161	1.06460
11162	1.06484
11163	1.06578
11164	1.06742
11165	1.06962
11166	1.07218
11167	1.07497
11168	1.07791
11169	1.08090
11170	1.08383
11171	1.08666
11172	1.08940
11173	1.09199
11174	1.09439
11175	1.09656
11176	1.09844
11177	1.09996
11178	1.10101
11179	1.10150
11180	1.10136
11181	1.10059
11182	1.09921
11183	1.09724
11184	1.09462
11185	1.09121
11186	1.08694
11187	1.08207
11188	1.07691
11189	1.07166
11190	1.06660
11191	1.06211
11192	1.05834
11193	1.05524
11194	1.05270
11195	1.05082
11196	1.04991
11197	1.05018
11198	1.05169
11199	1.05445
11200	1.05838
11201	1.06326
11202	1.06882
11203	1.07484
11204	1.08120
11205	1.08764
11206	1.09391
11207	1.10000
11208	1.10586
11209	1.11138
11210	1.11651
11211	1.12115
11212	1.12510
11213	1.12826
11214	1.13061
11215	1.13203
11216	1.13241
11217	1.13172
11218	1.12997
11219	1.12714
11220	1.12322
11221	1.11832
11222	1.11268
11223	1.10669
11224	1.10065
11225	1.09480
11226	1.08933
11227	1.08441
11228	1.08014
11229	1.07649
11230	1.07342
11231	1.07084
11232	1.06873
11233	1.06724
11234	1.06663
11235	1.06701
11236	1.06835
11237	1.07054
11238	1.07340
11239	1.07671
11240	1.08032
11241	1.08413
11242	1.08804
11243	1.09191
11244	1.09556
11245	1.09890
11246	1.10189
11247	1.10443
11248	1.10642
11249	1.10789
11250	1.10886
11251	1.10923
11252	1.10895
11253	1.10803
11254	1.10647
11255	1.10422
11256	1.10121
11257	1.09738
11258	1.09268
11259	1.08730
11260	1.08149
11261	1.07546
11262	1.06951
11263	1.06403
11264	1.05920
11265	1.05507
11266	1.05166
11267	1.04909
11268	1.04752
11269	1.04711
11270	1.04796
11271	1.05018
11272	1.05384
11273	1.05884
11274	1.06484
11275	1.07145
11276	1.07837
11277	1.08545
11278	1.09250
11279	1.09926
11280	1.10555
11281	1.11135
11282	1.11660
11283	1.12126
11284	1.12538
11285	1.12894
11286	1.13172
11287	1.13337
11288	1.13375
11289	1.13288
11290	1.13088
11291	1.12793
11292	1.12411
11293	1.11933
11294	1.11354
11295	1.10707
11296	1.10057
11297	1.09445
11298	1.08888
11299	1.08407
11300	1.07998
11301	1.07628
11302	1.07281
11303	1.06981
11304	1.06766
11305	1.06662
11306	1.06661
11307	1.06744
11308	1.06903
11309	1.07131
11310	1.07414
11311	1.07739
11312	1.08090
11313	1.08460
11314	1.08839
11315	1.09219
11316	1.09594
11317	1.09955
11318	1.10293
11319	1.10596
11320	1.10853
11321	1.11066
11322	1.11241
11323	1.11371
11324	1.11442
11325	1.11438
11326	1.11352
11327	1.11176
11328	1.10905
11329	1.10531
11330	1.10048
11331	1.09473
11332	1.08847
11333	1.08194
11334	1.07530
11335	1.06886
11336	1.06299
11337	1.05788
11338	1.05351
11339	1.04990
11340	1.04729
11341	1.04593
11342	1.04598
11343	1.04752
11344	1.05057
11345	1.05495
11346	1.06029
11347	1.06624
11348	1.07268
11349	1.07957
11350	1.08670
11351	1.09372
11352	1.10030
11353	1.10635
11354	1.11195
11355	1.11711
11356	1.12164
11357	1.12529
11358	1.12789
11359	1.12941
11360	1.12991
11361	1.12941
11362	1.12786
11363	1.12524
11364	1.12158
11365	1.11694
11366	1.11138
11367	1.10525
11368	1.09898
11369	1.09281
11370	1.08693
11371	1.08181
11372	1.07775
11373	1.07464
11374	1.07220
11375	1.07032
11376	1.06907
11377	1.06869
11378	1.06934
11379	1.07092
11380	1.07330
11381	1.07634
11382	1.07981
11383	1.08351
11384	1.08730
11385	1.09113
11386	1.09492
11387	1.09863
11388	1.10220
11389	1.10556
11390	1.10858
11391	1.11113
11392	1.11317
11393	1.11474
11394	1.11584
11395	1.11631
11396	1.11600
11397	1.11490
11398	1.11298
11399	1.11020
11400	1.10655
11401	1.10193
11402	1.09636
11403	1.09012
11404	1.08363
11405	1.07719
11406	1.07113
11407	1.06568
11408	1.06089
11409	1.05680
11410	1.05349
11411	1.05115
11412	1.04995
11413	1.05004
11414	1.05153
11415	1.05443
11416	1.05861
11417	1.06378
11418	1.06960
11419	1.07580
11420	1.08219
11421	1.08869
11422	1.09515
11423	1.10125
11424	1.10673
11425	1.11162
11426	1.11610
11427	1.12016
11428	1.12361
11429	1.12630
11430	1.12810
11431	1.12892
11432	1.12878
11433	1.12768
11434	1.12560
11435	1.12255
11436	1.11848
11437	1.11329
11438	1.10716
11439	1.10062
11440	1.09415
11441	1.08824
11442	1.08330
11443	1.07938
11444	1.07608
11445	1.07316
11446	1.07072
11447	1.06901
11448	1.06819
11449	1.06834
11450	1.06946
11451	1.07138
11452	1.07386
11453	1.07675
11454	1.07995
11455	1.08333
11456	1.08672
11457	1.09008
11458	1.09347
11459	1.09688
11460	1.10013
11461	1.10304
11462	1.10556
11463	1.10772
11464	1.10954
11465	1.11099
11466	1.11189
11467	1.11216
11468	1.11177
11469	1.11070
11470	1.10882
11471	1.10596
11472	1.10192
11473	1.09663
11474	1.09041
11475	1.08374
11476	1.07690
11477	1.07015
11478	1.06381
11479	1.05814
11480	1.05327
11481	1.04924
11482	1.04613
11483	1.04415
11484	1.04355
11485	1.04443
11486	1.04677
11487	1.05048
11488	1.05533
11489	1.06098
11490	1.06720
11491	1.07385
11492	1.08077
11493	1.08768
11494	1.09426
11495	1.10023
11496	1.10559
11497	1.11046
11498	1.11488
11499	1.11868
11500	1.12172
11501	1.12394
11502	1.12526
11503	1.12552
11504	1.12458
11505	1.12239
11506	1.11911
11507	1.11485
11508	1.10955
11509	1.10327
11510	1.09643
11511	1.08958
11512	1.08313
11513	1.07743
11514	1.07293
11515	1.06973
11516	1.06742
11517	1.06557
11518	1.06416
11519	1.06352
11520	1.06384
11521	1.06502
11522	1.06682
11523	1.06915
11524	1.07197
11525	1.07520
11526	1.07865
11527	1.08218
11528	1.08574
11529	1.08932
11530	1.09288
11531	1.09634
11532	1.09957
11533	1.10245
11534	1.10493
11535	1.10697
11536	1.10855
11537	1.10963
11538	1.11010
11539	1.10988
11540	1.10897
11541	1.10739
11542	1.10505
11543	1.10184
11544	1.09764
11545	1.09255
11546	1.08683
11547	1.08084
11548	1.07494
11549	1.06947
11550	1.06466
11551	1.06054
11552	1.05695
11553	1.05387
11554	1.05148
11555	1.05009
11556	1.04991
11557	1.05104
11558	1.05349
11559	1.05718
11560	1.06192
11561	1.06739
11562	1.07331
11563	1.07963
11564	1.08621
11565	1.09280
11566	1.09916
11567	1.10513
11568	1.11052
11569	1.11526
11570	1.11927
11571	1.12253
11572	1.12492
11573	1.12624
11574	1.12651
11575	1.12596
11576	1.12460
11577	1.12223
11578	1.11880
11579	1.11438
11580	1.10899
11581	1.10284
11582	1.09635
11583	1.08989
11584	1.08384
11585	1.07856
11586	1.07426
11587	1.07073
11588	1.06769
11589	1.06517
11590	1.06342
11591	1.06267
11592	1.06295
11593	1.06416
11594	1.06610
11595	1.06867
11596	1.07174
11597	1.07519
11598	1.07887
11599	1.08270
11600	1.08673
11601	1.09091
11602	1.09510
11603	1.09917
11604	1.10292
11605	1.10613
11606	1.10873
11607	1.11080
11608	1.11254
11609	1.11400
11610	1.11502
11611	1.11531
11612	1.11482
11613	1.11364
11614	1.11162
11615	1.10841
11616	1.10394
11617	1.09854
11618	1.09258
11619	1.08624
11620	1.07979
11621	1.07364
11622	1.06809
11623	1.06335
11624	1.05949
11625	1.05645
11626	1.05428
11627	1.05319
11628	1.05340
11629	1.05505
11630	1.05814
11631	1.06243
11632	1.06756
11633	1.07328
11634	1.07951
11635	1.08614
11636	1.09298
11637	1.09978
11638	1.10632
11639	1.11240
11640	1.11791
11641	1.12276
11642	1.12692
11643	1.13047
11644	1.13331
11645	1.13516
11646	1.13593
11647	1.13581
11648	1.13484
11649	1.13283
11650	1.12964
11651	1.12527
11652	1.11985
11653	1.11374
11654	1.10733
11655	1.10085
11656	1.09462
11657	1.08903
11658	1.08427
11659	1.08033
11660	1.07708
11661	1.07447
11662	1.07251
11663	1.07139
11664	1.07129
11665	1.07217
11666	1.07390
11667	1.07637
11668	1.07945
11669	1.08290
11670	1.08646
11671	1.09005
11672	1.09364
11673	1.09719
11674	1.10065
11675	1.10394
11676	1.10687
11677	1.10935
11678	1.11141
11679	1.11312
11680	1.11451
11681	1.11544
11682	1.11573
11683	1.11527
11684	1.11404
11685	1.11203
11686	1.10914
11687	1.10519
11688	1.10017
11689	1.09443
11690	1.08834
11691	1.08204
11692	1.07572
11693	1.06983
11694	1.06468
11695	1.06024
11696	1.05645
11697	1.05349
11698	1.05164
11699	1.05106
11700	1.05187
11701	1.05417
11702	1.05788
11703	1.06267
11704	1.06814
11705	1.07403
11706	1.08025
11707	1.08660
11708	1.09285
11709	1.09880
11710	1.10429
11711	1.10913
11712	1.11333
11713	1.11703
11714	1.12030
11715	1.12300
11716	1.12483
11717	1.12564
11718	1.12550
11719	1.12439
11720	1.12216
11721	1.11866
11722	1.11386
11723	1.10795
11724	1.10137
11725	1.09457
11726	1.08794
11727	1.08192
11728	1.07696
11729	1.07296
11730	1.06952
11731	1.06645
11732	1.06389
11733	1.06211
11734	1.06126
11735	1.06133
11736	1.06217
11737	1.06372
11738	1.06590
11739	1.06855
11740	1.07149
11741	1.07457
11742	1.07772
11743	1.08092
11744	1.08414
11745	1.08738
11746	1.09060
11747	1.09363
11748	1.09627
11749	1.09841
11750	1.10019
11751	1.10177
11752	1.10313
11753	1.10408
11754	1.10450
11755	1.10427
11756	1.10327
11757	1.10135
11758	1.09833
11759	1.09408
11760	1.08878
11761	1.08289
11762	1.07677
11763	1.07062
11764	1.06468
11765	1.05925
11766	1.05446
11767	1.05028
11768	1.04670
11769	1.04395
11770	1.04229
11771	1.04193
11772	1.04303
11773	1.04569
11774	1.04982
11775	1.05509
11776	1.06113
11777	1.06775
11778	1.07481
11779	1.08211
11780	1.08932
11781	1.09610
11782	1.10224
11783	1.10760
11784	1.11213
11785	1.11593
11786	1.11908
11787	1.12146
11788	1.12284
11789	1.12310
11790	1.12225
11791	1.12034
11792	1.11742
11793	1.11365
11794	1.10903
11795	1.10348
11796	1.09718
11797	1.09052
11798	1.08389
11799	1.07766
11800	1.07226
11801	1.06786
11802	1.06421
11803	1.06100
11804	1.05817
11805	1.05588
11806	1.05440
11807	1.05401
11808	1.05477
11809	1.05657
11810	1.05923
11811	1.06251
11812	1.06618
11813	1.07005
11814	1.07404
11815	1.07813
11816	1.08230
11817	1.08646
11818	1.09046
11819	1.09417
11820	1.09745
11821	1.10017
11822	1.10234
11823	1.10409
11824	1.10544
11825	1.10625
11826	1.10640
11827	1.10576
11828	1.10433
11829	1.10209
11830	1.09895
11831	1.09477
11832	1.08970
11833	1.08410
11834	1.07839
11835	1.07291
11836	1.06795
11837	1.06358
11838	1.05978
11839	1.05655
11840	1.05400
11841	1.05239
11842	1.05203
11843	1.05302
11844	1.05540
11845	1.05923
11846	1.06434
11847	1.07037
11848	1.07695
11849	1.08395
11850	1.09124
11851	1.09859
11852	1.10566
11853	1.11221
11854	1.11818
11855	1.12362
11856	1.12845
11857	1.13254
11858	1.13576
11859	1.13804
11860	1.13928
11861	1.13940
11862	1.13842
11863	1.13646
11864	1.13370
11865	1.13027
11866	1.12613
11867	1.12103
11868	1.11496
11869	1.10835
11870	1.10174
11871	1.09545
11872	1.08978
11873	1.08483
11874	1.08050
11875	1.07672
11876	1.07363
11877	1.07147
11878	1.07043
11879	1.07048
11880	1.07146
11881	1.07326
11882	1.07574
11883	1.07876
11884	1.08215
11885	1.08579
11886	1.08953
11887	1.09329
11888	1.09696
11889	1.10048
11890	1.10381
11891	1.10694
11892	1.10976
11893	1.11206
11894	1.11371
11895	1.11480
11896	1.11539
11897	1.11552
11898	1.11512
11899	1.11402
11900	1.11196
11901	1.10882
11902	1.10479
11903	1.10015
11904	1.09497
11905	1.08935
11906	1.08353
11907	1.07783
11908	1.07256
11909	1.06798
11910	1.06421
11911	1.06119
11912	1.05886
11913	1.05739
11914	1.05705
11915	1.05805
11916	1.06049
11917	1.06430
11918	1.06922
11919	1.07490
11920	1.08105
11921	1.08755
11922	1.09431
11923	1.10115
11924	1.10782
11925	1.11412
11926	1.11996
11927	1.12512
11928	1.12937
11929	1.13274
11930	1.13531
11931	1.13697
11932	1.13758
11933	1.13725
11934	1.13607
11935	1.13405
11936	1.13118
11937	1.12744
11938	1.12275
11939	1.11711
11940	1.11077
11941	1.10413
11942	1.09752
11943	1.09125
11944	1.08567
11945	1.08096
11946	1.07705
11947	1.07387
11948	1.07154
11949	1.07026
11950	1.07012
11951	1.07101
11952	1.07273
11953	1.07517
11954	1.07824
11955	1.08179
11956	1.08553
11957	1.08930
11958	1.09317
11959	1.09711
11960	1.10089
11961	1.10458
11962	1.10855
11963	1.11250
11964	1.11558
11965	1.11768
11966	1.11930
11967	1.12058
11968	1.12131
11969	1.12132
11970	1.12049
11971	1.11876
11972	1.11612
11973	1.11252
11974	1.10797
11975	1.10261
11976	1.09669
11977	1.09052
11978	1.08448
11979	1.07886
11980	1.07378
11981	1.06940
11982	1.06582
11983	1.06309
11984	1.06123
11985	1.06033
11986	1.06059
11987	1.06227
11988	1.06542
11989	1.06979
11990	1.07500
11991	1.08077
11992	1.08697
11993	1.09338
11994	1.09974
11995	1.10584
11996	1.11164
11997	1.11712
11998	1.12219
11999	1.12673
12000	1.13073
12001	1.13411
12002	1.13672
12003	1.13843
12004	1.13916
12005	1.13885
12006	1.13746
12007	1.13506
12008	1.13164
12009	1.12707
12010	1.12138
12011	1.11492
12012	1.10819
12013	1.10148
12014	1.09508
12015	1.08930
12016	1.08417
12017	1.07954
12018	1.07550
12019	1.07236
12020	1.07031
12021	1.06943
12022	1.06967
12023	1.07096
12024	1.07315
12025	1.07604
12026	1.07943
12027	1.08320
12028	1.08729
12029	1.09162
12030	1.09606
12031	1.10044
12032	1.10465
12033	1.10860
12034	1.11216
12035	1.11519
12036	1.11769
12037	1.11967
12038	1.12107
12039	1.12191
12040	1.12244
12041	1.12264
12042	1.12189
12043	1.11966
12044	1.11601
12045	1.11120
12046	1.10552
12047	1.09933
12048	1.09276
12049	1.08578
12050	1.07871
12051	1.07215
12052	1.06643
12053	1.06152
12054	1.05723
12055	1.05359
12056	1.05095
12057	1.04963
12058	1.04981
12059	1.05153
12060	1.05476
12061	1.05925
12062	1.06460
12063	1.07054
12064	1.07688
12065	1.08344
12066	1.09002
12067	1.09645
12068	1.10249
12069	1.10797
12070	1.11282
12071	1.11709
12072	1.12071
12073	1.12353
12074	1.12546
12075	1.12648
12076	1.12655
12077	1.12565
12078	1.12374
12079	1.12081
12080	1.11680
12081	1.11172
12082	1.10587
12083	1.09975
12084	1.09373
12085	1.08799
12086	1.08262
12087	1.07764
12088	1.07313
12089	1.06932
12090	1.06649
12091	1.06479
12092	1.06423
12093	1.06469
12094	1.06605
12095	1.06827
12096	1.07130
12097	1.07500
12098	1.07913
12099	1.08350
12100	1.08801
12101	1.09254
12102	1.09699
12103	1.10130
12104	1.10536
12105	1.10901
12106	1.11216
12107	1.11485
12108	1.11705
12109	1.11870
12110	1.11971
12111	1.11994
12112	1.11931
12113	1.11786
12114	1.11557
12115	1.11236
12116	1.10806
12117	1.10263
12118	1.09634
12119	1.08955
12120	1.08245
12121	1.07531
12122	1.06857
12123	1.06257
12124	1.05744
12125	1.05318
12126	1.04987
12127	1.04757
12128	1.04640
12129	1.04657
12130	1.04833
12131	1.05173
12132	1.05652
12133	1.06227
12134	1.06859
12135	1.07526
12136	1.08217
12137	1.08914
12138	1.09589
12139	1.10217
12140	1.10785
12141	1.11293
12142	1.11744
12143	1.12134
12144	1.12443
12145	1.12656
12146	1.12769
12147	1.12785
12148	1.12702
12149	1.12527
12150	1.12264
12151	1.11893
12152	1.11402
12153	1.10839
12154	1.10255
12155	1.09664
12156	1.09091
12157	1.08578
12158	1.08131
12159	1.07719
12160	1.07341
12161	1.07033
12162	1.06824
12163	1.06719
12164	1.06713
12165	1.06799
12166	1.06971
12167	1.07220
12168	1.07529
12169	1.07877
12170	1.08239
12171	1.08604
12172	1.08977
12173	1.09357
12174	1.09728
12175	1.10080
12176	1.10410
12177	1.10702
12178	1.10937
12179	1.11114
12180	1.11248
12181	1.11334
12182	1.11361
12183	1.11324
12184	1.11214
12185	1.11016
12186	1.10722
12187	1.10319
12188	1.09799
12189	1.09183
12190	1.08507
12191	1.07799
12192	1.07096
12193	1.06442
12194	1.05867
12195	1.05385
12196	1.04996
12197	1.04700
12198	1.04506
12199	1.04431
12200	1.04500
12201	1.04731
12202	1.05122
12203	1.05643
12204	1.06251
12205	1.06914
12206	1.07617
12207	1.08349
12208	1.09092
12209	1.09813
12210	1.10485
12211	1.11092
12212	1.11635
12213	1.12112
12214	1.12514
12215	1.12832
12216	1.13054
12217	1.13171
12218	1.13178
12219	1.13078
12220	1.12873
12221	1.12567
12222	1.12160
12223	1.11633
12224	1.10988
12225	1.10276
12226	1.09561
12227	1.08870
12228	1.08225
12229	1.07664
12230	1.07201
12231	1.06815
12232	1.06500
12233	1.06273
12234	1.06153
12235	1.06145
12236	1.06237
12237	1.06406
12238	1.06641
12239	1.06939
12240	1.07281
12241	1.07642
12242	1.08008
12243	1.08380
12244	1.08749
12245	1.09109
12246	1.09451
12247	1.09761
12248	1.10022
12249	1.10229
12250	1.10392
12251	1.10521
12252	1.10621
12253	1.10684
12254	1.10687
12255	1.10613
12256	1.10449
12257	1.10190
12258	1.09830
12259	1.09364
12260	1.08809
12261	1.08198
12262	1.07560
12263	1.06928
12264	1.06341
12265	1.05822
12266	1.05369
12267	1.04980
12268	1.04672
12269	1.04478
12270	1.04427
12271	1.04534
12272	1.04801
12273	1.05216
12274	1.05754
12275	1.06380
12276	1.07059
12277	1.07767
12278	1.08495
12279	1.09227
12280	1.09932
12281	1.10585
12282	1.11188
12283	1.11755
12284	1.12276
12285	1.12722
12286	1.13081
12287	1.13348
12288	1.13509
12289	1.13557
12290	1.13497
12291	1.13324
12292	1.13031
12293	1.12624
12294	1.12110
12295	1.11518
12296	1.10896
12297	1.10286
12298	1.09722
12299	1.09233
12300	1.08814
12301	1.08438
12302	1.08094
12303	1.07810
12304	1.07619
12305	1.07532
12306	1.07546
12307	1.07655
12308	1.07855
12309	1.08140
12310	1.08489
12311	1.08873
12312	1.09273
12313	1.09683
12314	1.10098
12315	1.10503
12316	1.10882
12317	1.11226
12318	1.11530
12319	1.11789
12320	1.12001
12321	1.12164
12322	1.12274
12323	1.12321
12324	1.12301
12325	1.12211
12326	1.12034
12327	1.11761
12328	1.11398
12329	1.10954
12330	1.10432
12331	1.09845
12332	1.09213
12333	1.08556
12334	1.07898
12335	1.07287
12336	1.06762
12337	1.06323
12338	1.05947
12339	1.05638
12340	1.05438
12341	1.05382
12342	1.05472
12343	1.05704
12344	1.06074
12345	1.06564
12346	1.07140
12347	1.07779
12348	1.08466
12349	1.09182
12350	1.09906
12351	1.10612
12352	1.11281
12353	1.11907
12354	1.12480
12355	1.12987
12356	1.13416
12357	1.13761
12358	1.14013
12359	1.14158
12360	1.14193
12361	1.14121
12362	1.13938
12363	1.13642
12364	1.13235
12365	1.12725
12366	1.12137
12367	1.11514
12368	1.10891
12369	1.10292
12370	1.09739
12371	1.09254
12372	1.08851
12373	1.08526
12374	1.08260
12375	1.08041
12376	1.07883
12377	1.07812
12378	1.07834
12379	1.07941
12380	1.08120
12381	1.08359
12382	1.08651
12383	1.08979
12384	1.09323
12385	1.09668
12386	1.10003
12387	1.10323
12388	1.10625
12389	1.10904
12390	1.11150
12391	1.11347
12392	1.11489
12393	1.11591
12394	1.11653
12395	1.11655
12396	1.11582
12397	1.11441
12398	1.11231
12399	1.10943
12400	1.10564
12401	1.10089
12402	1.09524
12403	1.08896
12404	1.08231
12405	1.07548
12406	1.06884
12407	1.06281
12408	1.05751
12409	1.05281
12410	1.04871
12411	1.04546
12412	1.04340
12413	1.04271
12414	1.04348
12415	1.04569
12416	1.04933
12417	1.05423
12418	1.06007
12419	1.06646
12420	1.07316
12421	1.08002
12422	1.08691
12423	1.09356
12424	1.09974
12425	1.10532
12426	1.11030
12427	1.11473
12428	1.11858
12429	1.12178
12430	1.12425
12431	1.12588
12432	1.12658
12433	1.12623
12434	1.12476
12435	1.12210
12436	1.11824
12437	1.11320
12438	1.10722
12439	1.10071
12440	1.09410
12441	1.08770
12442	1.08178
12443	1.07660
12444	1.07221
12445	1.06842
12446	1.06501
12447	1.06203
12448	1.05979
12449	1.05870
12450	1.05893
12451	1.06034
12452	1.06267
12453	1.06573
12454	1.06942
12455	1.07371
12456	1.07841
12457	1.08331
12458	1.08825
12459	1.09313
12460	1.09770
12461	1.10183
12462	1.10552
12463	1.10877
12464	1.11154
12465	1.11380
12466	1.11550
12467	1.11650
12468	1.11673
12469	1.11619
12470	1.11484
12471	1.11263
12472	1.10944
12473	1.10513
12474	1.09968
12475	1.09350
12476	1.08702
12477	1.08039
12478	1.07384
12479	1.06775
12480	1.06245
12481	1.05802
12482	1.05437
12483	1.05157
12484	1.04979
12485	1.04919
12486	1.04986
12487	1.05185
12488	1.05515
12489	1.05962
12490	1.06499
12491	1.07089
12492	1.07714
12493	1.08369
12494	1.09041
12495	1.09706
12496	1.10353
12497	1.10977
12498	1.11557
12499	1.12069
12500	1.12511
12501	1.12888
12502	1.13187
12503	1.13389
12504	1.13480
12505	1.13458
12506	1.13322
12507	1.13082
12508	1.12749
12509	1.12317
12510	1.11775
12511	1.11143
12512	1.10476
12513	1.09827
12514	1.09223
12515	1.08673
12516	1.08185
12517	1.07772
12518	1.07435
12519	1.07172
12520	1.06985
12521	1.06885
12522	1.06877
12523	1.06957
12524	1.07119
12525	1.07356
12526	1.07656
12527	1.08004
12528	1.08388
12529	1.08791
12530	1.09194
12531	1.09586
12532	1.09957
12533	1.10301
12534	1.10609
12535	1.10873
12536	1.11082
12537	1.11234
12538	1.11332
12539	1.11374
12540	1.11352
12541	1.11259
12542	1.11090
12543	1.10845
12544	1.10526
12545	1.10120
12546	1.09623
12547	1.09058
12548	1.08453
12549	1.07831
12550	1.07218
12551	1.06648
12552	1.06143
12553	1.05699
12554	1.05314
12555	1.05011
12556	1.04826
12557	1.04780
12558	1.04882
12559	1.05135
12560	1.05544
12561	1.06089
12562	1.06722
12563	1.07401
12564	1.08115
12565	1.08854
12566	1.09595
12567	1.10307
12568	1.10969
12569	1.11575
12570	1.12121
12571	1.12590
12572	1.12967
12573	1.13249
12574	1.13432
12575	1.13521
12576	1.13527
12577	1.13448
12578	1.13275
12579	1.13019
12580	1.12668
12581	1.12188
12582	1.11592
12583	1.10943
12584	1.10291
12585	1.09662
12586	1.09084
12587	1.08567
12588	1.08099
12589	1.07674
12590	1.07307
12591	1.07020
12592	1.06830
12593	1.06738
12594	1.06746
12595	1.06851
12596	1.07045
12597	1.07311
12598	1.07635
12599	1.08010
12600	1.08426
12601	1.08868
12602	1.09311
12603	1.09742
12604	1.10156
12605	1.10544
12606	1.10889
12607	1.11173
12608	1.11385
12609	1.11558
12610	1.11756
12611	1.11950
12612	1.12016
12613	1.11919
12614	1.11748
12615	1.11553
12616	1.11279
12617	1.10862
12618	1.10318
12619	1.09710
12620	1.09077
12621	1.08429
12622	1.07787
12623	1.07190
12624	1.06661
12625	1.06208
12626	1.05826
12627	1.05519
12628	1.05306
12629	1.05215
12630	1.05266
12631	1.05464
12632	1.05807
12633	1.06277
12634	1.06844
12635	1.07472
12636	1.08137
12637	1.08824
12638	1.09516
12639	1.10187
12640	1.10809
12641	1.11369
12642	1.11866
12643	1.12293
12644	1.12642
12645	1.12915
12646	1.13112
12647	1.13225
12648	1.13238
12649	1.13147
12650	1.12955
12651	1.12662
12652	1.12265
12653	1.11765
12654	1.11178
12655	1.10542
12656	1.09903
12657	1.09297
12658	1.08735
12659	1.08225
12660	1.07773
12661	1.07385
12662	1.07065
12663	1.06824
12664	1.06673
12665	1.06619
12666	1.06665
12667	1.06806
12668	1.07025
12669	1.07309
12670	1.07651
12671	1.08036
12672	1.08448
12673	1.08870
12674	1.09289
12675	1.09699
12676	1.10096
12677	1.10468
12678	1.10792
12679	1.11055
12680	1.11271
12681	1.11453
12682	1.11593
12683	1.11681
12684	1.11705
12685	1.11665
12686	1.11555
12687	1.11360
12688	1.11056
12689	1.10628
12690	1.10086
12691	1.09469
12692	1.08811
12693	1.08131
12694	1.07454
12695	1.06812
12696	1.06234
12697	1.05731
12698	1.05302
12699	1.04955
12700	1.04708
12701	1.04582
12702	1.04600
12703	1.04777
12704	1.05113
12705	1.05595
12706	1.06188
12707	1.06849
12708	1.07550
12709	1.08273
12710	1.08990
12711	1.09674
12712	1.10303
12713	1.10868
12714	1.11366
12715	1.11793
12716	1.12144
12717	1.12418
12718	1.12606
12719	1.12701
12720	1.12691
12721	1.12572
12722	1.12346
12723	1.12021
12724	1.11599
12725	1.11086
12726	1.10512
12727	1.09922
12728	1.09348
12729	1.08802
12730	1.08278
12731	1.07771
12732	1.07283
12733	1.06835
12734	1.06457
12735	1.06173
12736	1.05994
12737	1.05926
12738	1.05974
12739	1.06134
12740	1.06398
12741	1.06753
12742	1.07185
12743	1.07672
12744	1.08195
12745	1.08734
12746	1.09270
12747	1.09794
12748	1.10300
12749	1.10764
12750	1.11168
12751	1.11509
12752	1.11794
12753	1.12030
12754	1.12212
12755	1.12325
12756	1.12354
12757	1.12298
12758	1.12153
12759	1.11915
12760	1.11574
12761	1.11113
12762	1.10535
12763	1.09875
12764	1.09172
12765	1.08441
12766	1.07699
12767	1.06988
12768	1.06361
12769	1.05843
12770	1.05424
12771	1.05083
12772	1.04829
12773	1.04706
12774	1.04750
12775	1.04976
12776	1.05372
12777	1.05903
12778	1.06528
12779	1.07216
12780	1.07953
12781	1.08717
12782	1.09475
12783	1.10201
12784	1.10887
12785	1.11518
12786	1.12068
12787	1.12527
12788	1.12909
12789	1.13213
12790	1.13424
12791	1.13538
12792	1.13549
12793	1.13449
12794	1.13238
12795	1.12924
12796	1.12506
12797	1.11980
12798	1.11360
12799	1.10682
12800	1.09984
12801	1.09298
12802	1.08645
12803	1.08032
12804	1.07459
12805	1.06948
12806	1.06536
12807	1.06242
12808	1.06071
12809	1.06030
12810	1.06122
12811	1.06337
12812	1.06661
12813	1.07074
12814	1.07551
12815	1.08054
12816	1.08557
12817	1.09049
12818	1.09527
12819	1.09984
12820	1.10414
12821	1.10806
12822	1.11139
12823	1.11402
12824	1.11598
12825	1.11738
12826	1.11823
12827	1.11849
12828	1.11808
12829	1.11685
12830	1.11464
12831	1.11134
12832	1.10696
12833	1.10160
12834	1.09554
12835	1.08910
12836	1.08251
12837	1.07602
12838	1.06993
12839	1.06451
12840	1.05985
12841	1.05591
12842	1.05271
12843	1.05042
12844	1.04930
12845	1.04958
12846	1.05138
12847	1.05466
12848	1.05913
12849	1.06442
12850	1.07034
12851	1.07679
12852	1.08354
12853	1.09020
12854	1.09648
12855	1.10229
12856	1.10768
12857	1.11262
12858	1.11691
12859	1.12040
12860	1.12316
12861	1.12531
12862	1.12679
12863	1.12744
12864	1.12718
12865	1.12592
12866	1.12357
12867	1.12007
12868	1.11542
12869	1.10970
12870	1.10323
12871	1.09645
12872	1.08970
12873	1.08328
12874	1.07745
12875	1.07233
12876	1.06788
12877	1.06416
12878	1.06132
12879	1.05951
12880	1.05881
12881	1.05916
12882	1.06042
12883	1.06249
12884	1.06530
12885	1.06869
12886	1.07249
12887	1.07656
12888	1.08076
12889	1.08498
12890	1.08914
12891	1.09318
12892	1.09703
12893	1.10055
12894	1.10363
12895	1.10632
12896	1.10869
12897	1.11061
12898	1.11179
12899	1.11209
12900	1.11162
12901	1.11053
12902	1.10873
12903	1.10588
12904	1.10183
12905	1.09672
12906	1.09092
12907	1.08479
12908	1.07854
12909	1.07238
12910	1.06664
12911	1.06159
12912	1.05733
12913	1.05376
12914	1.05087
12915	1.04893
12916	1.04822
12917	1.04886
12918	1.05083
12919	1.05416
12920	1.05873
12921	1.06422
12922	1.07031
12923	1.07685
12924	1.08365
12925	1.09047
12926	1.09702
12927	1.10315
12928	1.10875
12929	1.11375
12930	1.11803
12931	1.12149
12932	1.12412
12933	1.12590
12934	1.12676
12935	1.12664
12936	1.12552
12937	1.12347
12938	1.12050
12939	1.11664
12940	1.11194
12941	1.10638
12942	1.10015
12943	1.09378
12944	1.08770
12945	1.08215
12946	1.07726
12947	1.07298
12948	1.06919
12949	1.06590
12950	1.06333
12951	1.06176
12952	1.06131
12953	1.06189
12954	1.06336
12955	1.06562
12956	1.06864
12957	1.07233
12958	1.07650
12959	1.08099
12960	1.08567
12961	1.09043
12962	1.09513
12963	1.09965
12964	1.10384
12965	1.10756
12966	1.11065
12967	1.11306
12968	1.11491
12969	1.11629
12970	1.11714
12971	1.11758
12972	1.11777
12973	1.11737
12974	1.11570
12975	1.11260
12976	1.10829
12977	1.10301
12978	1.09705
12979	1.09070
12980	1.08413
12981	1.07762
12982	1.07166
12983	1.06659
12984	1.06239
12985	1.05895
12986	1.05624
12987	1.05441
12988	1.05370
12989	1.05438
12990	1.05654
12991	1.06013
12992	1.06497
12993	1.07074
12994	1.07704
12995	1.08372
12996	1.09065
12997	1.09755
12998	1.10411
12999	1.11015
13000	1.11564
13001	1.12060
13002	1.12501
13003	1.12877
13004	1.13181
13005	1.13412
13006	1.13562
13007	1.13620
13008	1.13590
13009	1.13470
13010	1.13255
13011	1.12938
13012	1.12504
13013	1.11947
13014	1.11294
13015	1.10598
13016	1.09898
13017	1.09222
13018	1.08602
13019	1.08053
13020	1.07571
13021	1.07163
13022	1.06856
13023	1.06668
13024	1.06593
13025	1.06615
13026	1.06728
13027	1.06921
13028	1.07171
13029	1.07459
13030	1.07775
13031	1.08112
13032	1.08462
13033	1.08808
13034	1.09142
13035	1.09465
13036	1.09771
13037	1.10046
13038	1.10273
13039	1.10448
13040	1.10577
13041	1.10660
13042	1.10687
13043	1.10657
13044	1.10570
13045	1.10409
13046	1.10160
13047	1.09824
13048	1.09395
13049	1.08875
13050	1.08288
13051	1.07669
13052	1.07051
13053	1.06480
13054	1.05996
13055	1.05604
13056	1.05285
13057	1.05034
13058	1.04868
13059	1.04818
13060	1.04901
13061	1.05117
13062	1.05462
13063	1.05921
13064	1.06461
13065	1.07047
13066	1.07666
13067	1.08309
13068	1.08956
13069	1.09596
13070	1.10209
13071	1.10770
13072	1.11274
13073	1.11722
13074	1.12099
13075	1.12401
13076	1.12631
13077	1.12786
13078	1.12857
13079	1.12840
13080	1.12735
13081	1.12535
13082	1.12233
13083	1.11828
13084	1.11324
13085	1.10747
13086	1.10137
13087	1.09528
13088	1.08954
13089	1.08445
13090	1.08003
13091	1.07615
13092	1.07285
13093	1.07038
13094	1.06892
13095	1.06849
13096	1.06899
13097	1.07025
13098	1.07215
13099	1.07463
13100	1.07760
13101	1.08091
13102	1.08441
13103	1.08805
13104	1.09182
13105	1.09560
13106	1.09931
13107	1.10278
13108	1.10573
13109	1.10807
13110	1.10992
13111	1.11139
13112	1.11246
13113	1.11296
13114	1.11282
13115	1.11211
13116	1.11082
13117	1.10878
13118	1.10584
13119	1.10187
13120	1.09677
13121	1.09084
13122	1.08458
13123	1.07831
13124	1.07233
13125	1.06703
13126	1.06259
13127	1.05900
13128	1.05614
13129	1.05401
13130	1.05276
13131	1.05264
13132	1.05381
13133	1.05632
13134	1.06009
13135	1.06490
13136	1.07036
13137	1.07621
13138	1.08237
13139	1.08877
13140	1.09509
13141	1.10095
13142	1.10621
13143	1.11087
13144	1.11494
13145	1.11840
13146	1.12135
13147	1.12374
13148	1.12530
13149	1.12583
13150	1.12538
13151	1.12402
13152	1.12169
13153	1.11837
13154	1.11409
13155	1.10889
13156	1.10296
13157	1.09662
13158	1.09001
13159	1.08341
13160	1.07730
13161	1.07198
13162	1.06732
13163	1.06331
13164	1.06026
13165	1.05838
13166	1.05761
13167	1.05779
13168	1.05883
13169	1.06071
13170	1.06340
13171	1.06678
13172	1.07062
13173	1.07480
13174	1.07926
13175	1.08379
13176	1.08822
13177	1.09251
13178	1.09660
13179	1.10032
13180	1.10361
13181	1.10644
13182	1.10865
13183	1.11004
13184	1.11084
13185	1.11156
13186	1.11208
13187	1.11152
13188	1.10942
13189	1.10620
13190	1.10241
13191	1.09804
13192	1.09291
13193	1.08720
13194	1.08122
13195	1.07535
13196	1.07005
13197	1.06566
13198	1.06218
13199	1.05941
13200	1.05725
13201	1.05594
13202	1.05570
13203	1.05662
13204	1.05874
13205	1.06213
13206	1.06664
13207	1.07192
13208	1.07775
13209	1.08407
13210	1.09072
13211	1.09734
13212	1.10360
13213	1.10941
13214	1.11480
13215	1.11967
13216	1.12386
13217	1.12741
13218	1.13038
13219	1.13259
13220	1.13383
13221	1.13405
13222	1.13317
13223	1.13118
13224	1.12824
13225	1.12446
13226	1.11969
13227	1.11396
13228	1.10762
13229	1.10112
13230	1.09481
13231	1.08899
13232	1.08387
13233	1.07943
13234	1.07545
13235	1.07191
13236	1.06898
13237	1.06684
13238	1.06562
13239	1.06538
13240	1.06606
13241	1.06758
13242	1.06986
13243	1.07279
13244	1.07623
13245	1.08006
13246	1.08410
13247	1.08816
13248	1.09216
13249	1.09611
13250	1.09989
13251	1.10325
13252	1.10600
13253	1.10813
13254	1.10981
13255	1.11103
13256	1.11164
13257	1.11156
13258	1.11077
13259	1.10922
13260	1.10683
13261	1.10356
13262	1.09930
13263	1.09404
13264	1.08816
13265	1.08212
13266	1.07621
13267	1.07065
13268	1.06560
13269	1.06108
13270	1.05703
13271	1.05354
13272	1.05084
13273	1.04912
13274	1.04854
13275	1.04930
13276	1.05156
13277	1.05520
13278	1.05987
13279	1.06519
13280	1.07099
13281	1.07717
13282	1.08354
13283	1.08980
13284	1.09568
13285	1.10103
13286	1.10595
13287	1.11055
13288	1.11469
13289	1.11811
13290	1.12072
13291	1.12244
13292	1.12310
13293	1.12260
13294	1.12102
13295	1.11857
13296	1.11541
13297	1.11144
13298	1.10647
13299	1.10058
13300	1.09419
13301	1.08772
13302	1.08159
13303	1.07613
13304	1.07138
13305	1.06714
13306	1.06335
13307	1.06025
13308	1.05808
13309	1.05696
13310	1.05681
13311	1.05755
13312	1.05911
13313	1.06143
13314	1.06440
13315	1.06780
13316	1.07154
13317	1.07560
13318	1.07994
13319	1.08437
13320	1.08878
13321	1.09306
13322	1.09710
13323	1.10071
13324	1.10370
13325	1.10612
13326	1.10816
13327	1.10972
13328	1.11058
13329	1.11073
13330	1.11021
13331	1.10895
13332	1.10694
13333	1.10411
13334	1.10023
13335	1.09531
13336	1.08980
13337	1.08406
13338	1.07825
13339	1.07262
13340	1.06753
13341	1.06331
13342	1.06004
13343	1.05755
13344	1.05576
13345	1.05482
13346	1.05495
13347	1.05631
13348	1.05890
13349	1.06263
13350	1.06729
13351	1.07259
13352	1.07834
13353	1.08448
13354	1.09082
13355	1.09710
13356	1.10313
13357	1.10884
13358	1.11420
13359	1.11914
13360	1.12347
13361	1.12708
13362	1.12994
13363	1.13196
13364	1.13299
13365	1.13305
13366	1.13213
13367	1.13024
13368	1.12740
13369	1.12364
13370	1.11885
13371	1.11309
13372	1.10673
13373	1.10016
13374	1.09366
13375	1.08756
13376	1.08230
13377	1.07812
13378	1.07482
13379	1.07213
13380	1.07000
13381	1.06859
13382	1.06814
13383	1.06874
13384	1.07023
13385	1.07238
13386	1.07507
13387	1.07826
13388	1.08186
13389	1.08574
13390	1.08970
13391	1.09358
13392	1.09737
13393	1.10109
13394	1.10464
13395	1.10783
13396	1.11055
13397	1.11282
13398	1.11466
13399	1.11603
13400	1.11686
13401	1.11705
13402	1.11649
13403	1.11504
13404	1.11271
13405	1.10955
13406	1.10537
13407	1.10009
13408	1.09400
13409	1.08757
13410	1.08111
13411	1.07493
13412	1.06935
13413	1.06464
13414	1.06086
13415	1.05792
13416	1.05579
13417	1.05451
13418	1.05428
13419	1.05531
13420	1.05775
13421	1.06158
13422	1.06660
13423	1.07238
13424	1.07855
13425	1.08499
13426	1.09161
13427	1.09821
13428	1.10450
13429	1.11021
13430	1.11522
13431	1.11958
13432	1.12339
13433	1.12674
13434	1.12949
13435	1.13133
13436	1.13207
13437	1.13172
13438	1.13040
13439	1.12813
13440	1.12485
13441	1.12048
13442	1.11508
13443	1.10895
13444	1.10249
13445	1.09610
13446	1.09019
13447	1.08500
13448	1.08039
13449	1.07604
13450	1.07193
13451	1.06834
13452	1.06559
13453	1.06388
13454	1.06332
13455	1.06392
13456	1.06557
13457	1.06803
13458	1.07094
13459	1.07404
13460	1.07730
13461	1.08081
13462	1.08461
13463	1.08856
13464	1.09250
13465	1.09626
13466	1.09976
13467	1.10292
13468	1.10561
13469	1.10782
13470	1.10960
13471	1.11076
13472	1.11110
13473	1.11068
13474	1.10956
13475	1.10767
13476	1.10499
13477	1.10134
13478	1.09656
13479	1.09088
13480	1.08481
13481	1.07860
13482	1.07234
13483	1.06619
13484	1.06038
13485	1.05527
13486	1.05112
13487	1.04785
13488	1.04540
13489	1.04396
13490	1.04378
13491	1.04502
13492	1.04770
13493	1.05171
13494	1.05679
13495	1.06272
13496	1.06927
13497	1.07618
13498	1.08322
13499	1.09022
13500	1.09689
13501	1.10302
13502	1.10856
13503	1.11337
13504	1.11741
13505	1.12075
13506	1.12338
13507	1.12505
13508	1.12566
13509	1.12531
13510	1.12411
13511	1.12194
13512	1.11868
13513	1.11425
13514	1.10879
13515	1.10271
13516	1.09636
13517	1.09000
13518	1.08389
13519	1.07834
13520	1.07351
13521	1.06929
13522	1.06559
13523	1.06243
13524	1.05997
13525	1.05841
13526	1.05796
13527	1.05869
13528	1.06051
13529	1.06321
13530	1.06654
13531	1.07031
13532	1.07436
13533	1.07866
13534	1.08313
13535	1.08760
13536	1.09190
13537	1.09599
13538	1.09984
13539	1.10334
13540	1.10634
13541	1.10873
13542	1.11040
13543	1.11115
13544	1.11089
13545	1.10978
13546	1.10802
13547	1.10563
13548	1.10251
13549	1.09848
13550	1.09347
13551	1.08776
13552	1.08181
13553	1.07587
13554	1.07014
13555	1.06492
13556	1.06052
13557	1.05703
13558	1.05430
13559	1.05220
13560	1.05086
13561	1.05058
13562	1.05164
13563	1.05418
13564	1.05818
13565	1.06342
13566	1.06950
13567	1.07609
13568	1.08293
13569	1.08987
13570	1.09676
13571	1.10327
13572	1.10918
13573	1.11461
13574	1.11966
13575	1.12407
13576	1.12765
13577	1.13046
13578	1.13251
13579	1.13359
13580	1.13355
13581	1.13247
13582	1.13044
13583	1.12748
13584	1.12360
13585	1.11878
13586	1.11303
13587	1.10655
13588	1.09981
13589	1.09326
13590	1.08736
13591	1.08244
13592	1.07833
13593	1.07469
13594	1.07155
13595	1.06933
13596	1.06825
13597	1.06825
13598	1.06914
13599	1.07076
13600	1.07305
13601	1.07595
13602	1.07932
13603	1.08297
13604	1.08682
13605	1.09089
13606	1.09507
13607	1.09919
13608	1.10312
13609	1.10688
13610	1.11053
13611	1.11386
13612	1.11659
13613	1.11860
13614	1.11987
13615	1.12039
13616	1.12013
13617	1.11905
13618	1.11711
13619	1.11427
13620	1.11043
13621	1.10559
13622	1.09992
13623	1.09373
13624	1.08726
13625	1.08074
13626	1.07460
13627	1.06929
13628	1.06505
13629	1.06168
13630	1.05884
13631	1.05650
13632	1.05502
13633	1.05469
13634	1.05563
13635	1.05781
13636	1.06118
13637	1.06555
13638	1.07069
13639	1.07643
13640	1.08253
13641	1.08872
13642	1.09480
13643	1.10063
13644	1.10601
13645	1.11077
13646	1.11481
13647	1.11806
13648	1.12060
13649	1.12261
13650	1.12405
13651	1.12482
13652	1.12487
13653	1.12406
13654	1.12224
13655	1.11938
13656	1.11546
13657	1.11044
13658	1.10469
13659	1.09875
13660	1.09289
13661	1.08728
13662	1.08226
13663	1.07813
13664	1.07487
13665	1.07228
13666	1.07019
13667	1.06866
13668	1.06794
13669	1.06829
13670	1.06973
13671	1.07198
13672	1.07471
13673	1.07780
13674	1.08130
13675	1.08515
13676	1.08918
13677	1.09319
13678	1.09711
13679	1.10090
13680	1.10451
13681	1.10780
13682	1.11064
13683	1.11295
13684	1.11480
13685	1.11618
13686	1.11685
13687	1.11668
13688	1.11568
13689	1.11394
13690	1.11145
13691	1.10810
13692	1.10370
13693	1.09819
13694	1.09184
13695	1.08513
13696	1.07843
13697	1.07213
13698	1.06665
13699	1.06212
13700	1.05839
13701	1.05538
13702	1.05322
13703	1.05202
13704	1.05183
13705	1.05283
13706	1.05517
13707	1.05884
13708	1.06356
13709	1.06899
13710	1.07484
13711	1.08094
13712	1.08713
13713	1.09324
13714	1.09910
13715	1.10457
13716	1.10960
13717	1.11420
13718	1.11832
13719	1.12187
13720	1.12477
13721	1.12694
13722	1.12821
13723	1.12847
13724	1.12776
13725	1.12612
13726	1.12353
13727	1.12008
13728	1.11574
13729	1.11042
13730	1.10434
13731	1.09793
13732	1.09168
13733	1.08601
13734	1.08115
13735	1.07697
13736	1.07326
13737	1.06998
13738	1.06733
13739	1.06550
13740	1.06455
13741	1.06442
13742	1.06510
13743	1.06657
13744	1.06873
13745	1.07141
13746	1.07440
13747	1.07753
13748	1.08068
13749	1.08383
13750	1.08697
13751	1.09009
13752	1.09317
13753	1.09611
13754	1.09881
13755	1.10115
13756	1.10309
13757	1.10460
13758	1.10569
13759	1.10630
13760	1.10625
13761	1.10538
13762	1.10366
13763	1.10114
13764	1.09773
13765	1.09337
13766	1.08819
13767	1.08246
13768	1.07647
13769	1.07052
13770	1.06497
13771	1.06011
13772	1.05605
13773	1.05274
13774	1.05011
13775	1.04829
13776	1.04755
13777	1.04814
13778	1.05021
13779	1.05378
13780	1.05859
13781	1.06422
13782	1.07030
13783	1.07669
13784	1.08340
13785	1.09030
13786	1.09698
13787	1.10316
13788	1.10885
13789	1.11409
13790	1.11879
13791	1.12278
13792	1.12593
13793	1.12812
13794	1.12927
13795	1.12945
13796	1.12875
13797	1.12719
13798	1.12470
13799	1.12117
13800	1.11652
13801	1.11081
13802	1.10439
13803	1.09775
13804	1.09117
13805	1.08474
13806	1.07881
13807	1.07394
13808	1.07034
13809	1.06773
13810	1.06572
13811	1.06420
13812	1.06339
13813	1.06358
13814	1.06485
13815	1.06706
13816	1.07002
13817	1.07347
13818	1.07717
13819	1.08099
13820	1.08489
13821	1.08885
13822	1.09276
13823	1.09650
13824	1.10004
13825	1.10327
13826	1.10602
13827	1.10826
13828	1.11018
13829	1.11194
13830	1.11339
13831	1.11425
13832	1.11442
13833	1.11381
13834	1.11231
13835	1.10987
13836	1.10646
13837	1.10210
13838	1.09696
13839	1.09130
13840	1.08528
13841	1.07923
13842	1.07366
13843	1.06890
13844	1.06492
13845	1.06154
13846	1.05874
13847	1.05661
13848	1.05537
13849	1.05527
13850	1.05654
13851	1.05924
13852	1.06321
13853	1.06812
13854	1.07358
13855	1.07940
13856	1.08546
13857	1.09159
13858	1.09745
13859	1.10275
13860	1.10744
13861	1.11155
13862	1.11512
13863	1.11812
13864	1.12058
13865	1.12248
13866	1.12377
13867	1.12442
13868	1.12437
13869	1.12343
13870	1.12147
13871	1.11851
13872	1.11463
13873	1.10972
13874	1.10379
13875	1.09718
13876	1.09043
13877	1.08401
13878	1.07838
13879	1.07377
13880	1.06993
13881	1.06657
13882	1.06371
13883	1.06166
13884	1.06072
13885	1.06101
13886	1.06239
13887	1.06464
13888	1.06758
13889	1.07101
13890	1.07476
13891	1.07862
13892	1.08253
13893	1.08649
13894	1.09047
13895	1.09432
13896	1.09794
13897	1.10133
13898	1.10435
13899	1.10683
13900	1.10882
13901	1.11041
13902	1.11156
13903	1.11225
13904	1.11232
13905	1.11151
13906	1.10968
13907	1.10688
13908	1.10321
13909	1.09867
13910	1.09327
13911	1.08720
13912	1.08072
13913	1.07409
13914	1.06779
13915	1.06235
13916	1.05800
13917	1.05466
13918	1.05211
13919	1.05036
13920	1.04963
13921	1.05019
13922	1.05213
13923	1.05531
13924	1.05955
13925	1.06467
13926	1.07055
13927	1.07702
13928	1.08386
13929	1.09079
13930	1.09755
13931	1.10391
13932	1.10982
13933	1.11537
13934	1.12056
13935	1.12503
13936	1.12847
13937	1.13095
13938	1.13253
13939	1.13316
13940	1.13285
13941	1.13159
13942	1.12931
13943	1.12606
13944	1.12192
13945	1.11687
13946	1.11100
13947	1.10466
13948	1.09820
13949	1.09184
13950	1.08590
13951	1.08069
13952	1.07633
13953	1.07274
13954	1.06981
13955	1.06742
13956	1.06555
13957	1.06439
13958	1.06413
13959	1.06484
13960	1.06649
13961	1.06893
13962	1.07196
13963	1.07541
13964	1.07925
13965	1.08346
13966	1.08783
13967	1.09215
13968	1.09631
13969	1.10024
13970	1.10377
13971	1.10682
13972	1.10942
13973	1.11153
13974	1.11296
13975	1.11356
13976	1.11338
13977	1.11257
13978	1.11121
13979	1.10931
13980	1.10674
13981	1.10323
13982	1.09860
13983	1.09297
13984	1.08676
13985	1.08035
13986	1.07401
13987	1.06826
13988	1.06362
13989	1.06017
13990	1.05760
13991	1.05568
13992	1.05445
13993	1.05414
13994	1.05486
13995	1.05667
13996	1.05965
13997	1.06370
13998	1.06848
13999	1.07369
14000	1.07921
14001	1.08490
14002	1.09047
14003	1.09571
14004	1.10060
14005	1.10516
14006	1.10932
14007	1.11303
14008	1.11637
14009	1.11938
14010	1.12184
14011	1.12351
14012	1.12429
14013	1.12416
14014	1.12313
14015	1.12117
14016	1.11826
14017	1.11437
14018	1.10944
14019	1.10362
14020	1.09735
14021	1.09104
14022	1.08508
14023	1.07993
14024	1.07578
14025	1.07236
14026	1.06943
14027	1.06712
14028	1.06573
14029	1.06540
14030	1.06601
14031	1.06736
14032	1.06937
14033	1.07195
14034	1.07502
14035	1.07846
14036	1.08212
14037	1.08588
14038	1.08965
14039	1.09339
14040	1.09709
14041	1.10070
14042	1.10404
14043	1.10691
14044	1.10926
14045	1.11127
14046	1.11308
14047	1.11444
14048	1.11502
14049	1.11469
14050	1.11349
14051	1.11143
14052	1.10855
14053	1.10478
14054	1.09996
14055	1.09421
14056	1.08793
14057	1.08143
14058	1.07503
14059	1.06930
14060	1.06473
14061	1.06134
14062	1.05873
14063	1.05654
14064	1.05489
14065	1.05419
14066	1.05474
14067	1.05652
14068	1.05943
14069	1.06334
14070	1.06806
14071	1.07338
14072	1.07910
14073	1.08512
14074	1.09141
14075	1.09767
14076	1.10357
14077	1.10907
14078	1.11416
14079	1.11871
14080	1.12255
14081	1.12566
14082	1.12797
14083	1.12936
14084	1.12979
14085	1.12936
14086	1.12808
14087	1.12592
14088	1.12281
14089	1.11868
14090	1.11349
14091	1.10743
14092	1.10092
14093	1.09423
14094	1.08761
14095	1.08155
14096	1.07655
14097	1.07264
14098	1.06953
14099	1.06702
14100	1.06511
14101	1.06397
14102	1.06377
14103	1.06458
14104	1.06633
14105	1.06892
14106	1.07219
14107	1.07593
14108	1.07995
14109	1.08406
14110	1.08819
14111	1.09232
14112	1.09636
14113	1.10021
14114	1.10371
14115	1.10671
14116	1.10924
14117	1.11151
14118	1.11346
14119	1.11474
14120	1.11524
14121	1.11506
14122	1.11417
14123	1.11240
14124	1.10975
14125	1.10619
14126	1.10157
14127	1.09603
14128	1.09001
14129	1.08379
14130	1.07760
14131	1.07192
14132	1.06719
14133	1.06344
14134	1.06048
14135	1.05820
14136	1.05667
14137	1.05607
14138	1.05663
14139	1.05858
14140	1.06200
14141	1.06668
14142	1.07224
14143	1.07839
14144	1.08491
14145	1.09153
14146	1.09796
14147	1.10410
14148	1.10988
14149	1.11517
14150	1.11988
14151	1.12401
14152	1.12757
14153	1.13062
14154	1.13304
14155	1.13448
14156	1.13482
14157	1.13430
14158	1.13288
14159	1.13032
14160	1.12664
14161	1.12190
14162	1.11612
14163	1.10956
14164	1.10276
14165	1.09616
14166	1.09022
14167	1.08549
14168	1.08207
14169	1.07946
14170	1.07719
14171	1.07527
14172	1.07406
14173	1.07382
14174	1.07454
14175	1.07603
14176	1.07807
14177	1.08052
14178	1.08324
14179	1.08613
14180	1.08914
14181	1.09226
14182	1.09548
14183	1.09873
14184	1.10196
14185	1.10503
14186	1.10780
14187	1.11008
14188	1.11180
14189	1.11301
14190	1.11385
14191	1.11428
14192	1.11416
14193	1.11341
14194	1.11198
14195	1.10973
14196	1.10652
14197	1.10224
14198	1.09685
14199	1.09057
14200	1.08382
14201	1.07695
14202	1.07027
14203	1.06419
14204	1.05907
14205	1.05495
14206	1.05149
14207	1.04850
14208	1.04636
14209	1.04558
14210	1.04628
14211	1.04828
14212	1.05144
14213	1.05566
14214	1.06074
14215	1.06645
14216	1.07265
14217	1.07927
14218	1.08608
14219	1.09272
14220	1.09889
14221	1.10465
14222	1.11009
14223	1.11508
14224	1.11943
14225	1.12303
14226	1.12582
14227	1.12773
14228	1.12864
14229	1.12845
14230	1.12719
14231	1.12495
14232	1.12174
14233	1.11751
14234	1.11236
14235	1.10663
14236	1.10067
14237	1.09467
14238	1.08880
14239	1.08346
14240	1.07896
14241	1.07529
14242	1.07222
14243	1.06968
14244	1.06774
14245	1.06652
14246	1.06609
14247	1.06656
14248	1.06800
14249	1.07037
14250	1.07344
14251	1.07690
14252	1.08054
14253	1.08436
14254	1.08830
14255	1.09222
14256	1.09597
14257	1.09947
14258	1.10265
14259	1.10531
14260	1.10734
14261	1.10885
14262	1.11007
14263	1.11096
14264	1.11130
14265	1.11099
14266	1.11009
14267	1.10854
14268	1.10630
14269	1.10323
14270	1.09913
14271	1.09406
14272	1.08831
14273	1.08212
14274	1.07569
14275	1.06947
14276	1.06401
14277	1.05951
14278	1.05578
14279	1.05267
14280	1.05021
14281	1.04863
14282	1.04817
14283	1.04902
14284	1.05123
14285	1.05473
14286	1.05933
14287	1.06466
14288	1.07045
14289	1.07660
14290	1.08302
14291	1.08941
14292	1.09544
14293	1.10098
14294	1.10600
14295	1.11050
14296	1.11434
14297	1.11735
14298	1.11951
14299	1.12096
14300	1.12167
14301	1.12153
14302	1.12041
14303	1.11825
14304	1.11502
14305	1.11071
14306	1.10535
14307	1.09904
14308	1.09210
14309	1.08497
14310	1.07818
14311	1.07236
14312	1.06793
14313	1.06452
14314	1.06151
14315	1.05876
14316	1.05660
14317	1.05542
14318	1.05540
14319	1.05645
14320	1.05833
14321	1.06086
14322	1.06395
14323	1.06747
14324	1.07131
14325	1.07537
14326	1.07956
14327	1.08384
14328	1.08811
14329	1.09225
14330	1.09616
14331	1.09974
14332	1.10289
14333	1.10561
14334	1.10792
14335	1.10987
14336	1.11155
14337	1.11292
14338	1.11360
14339	1.11328
14340	1.11195
14341	1.10967
14342	1.10627
14343	1.10159
14344	1.09581
14345	1.08934
14346	1.08245
14347	1.07539
14348	1.06875
14349	1.06320
14350	1.05888
14351	1.05546
14352	1.05261
14353	1.05028
14354	1.04877
14355	1.04851
14356	1.04971
14357	1.05225
14358	1.05583
14359	1.06022
14360	1.06529
14361	1.07087
14362	1.07672
14363	1.08261
14364	1.08848
14365	1.09425
14366	1.09969
14367	1.10464
14368	1.10914
14369	1.11325
14370	1.11680
14371	1.11962
14372	1.12170
14373	1.12304
14374	1.12355
14375	1.12311
14376	1.12168
14377	1.11925
14378	1.11584
14379	1.11146
14380	1.10625
14381	1.10055
14382	1.09475
14383	1.08914
14384	1.08399
14385	1.07964
14386	1.07634
14387	1.07393
14388	1.07201
14389	1.07033
14390	1.06897
14391	1.06828
14392	1.06855
14393	1.06984
14394	1.07206
14395	1.07506
14396	1.07862
14397	1.08255
14398	1.08675
14399	1.09103
14400	1.09523
14401	1.09926
14402	1.10307
14403	1.10656
14404	1.10966
14405	1.11233
14406	1.11453
14407	1.11617
14408	1.11724
14409	1.11771
14410	1.11755
14411	1.11684
14412	1.11557
14413	1.11341
14414	1.11009
14415	1.10561
14416	1.10018
14417	1.09409
14418	1.08766
14419	1.08100
14420	1.07426
14421	1.06781
14422	1.06212
14423	1.05742
14424	1.05361
14425	1.05057
14426	1.04844
14427	1.04747
14428	1.04787
14429	1.04978
14430	1.05322
14431	1.05798
14432	1.06372
14433	1.07008
14434	1.07679
14435	1.08367
14436	1.09067
14437	1.09759
14438	1.10414
14439	1.11032
14440	1.11622
14441	1.12150
14442	1.12614
14443	1.13035
14444	1.13364
14445	1.13559
14446	1.13649
14447	1.13650
14448	1.13551
14449	1.13342
14450	1.13018
14451	1.12597
14452	1.12110
14453	1.11570
14454	1.10977
14455	1.10348
14456	1.09721
14457	1.09131
14458	1.08604
14459	1.08153
14460	1.07773
14461	1.07451
14462	1.07178
14463	1.06965
14464	1.06844
14465	1.06839
14466	1.06949
14467	1.07156
14468	1.07441
14469	1.07793
14470	1.08200
14471	1.08643
14472	1.09108
14473	1.09581
14474	1.10045
14475	1.10485
14476	1.10898
14477	1.11276
14478	1.11607
14479	1.11891
14480	1.12146
14481	1.12369
14482	1.12528
14483	1.12599
14484	1.12584
14485	1.12488
14486	1.12299
14487	1.12006
14488	1.11606
14489	1.11095
14490	1.10480
14491	1.09792
14492	1.09072
14493	1.08349
14494	1.07666
14495	1.07068
14496	1.06575
14497	1.06166
14498	1.05819
14499	1.05538
14500	1.05355
14501	1.05300
14502	1.05396
14503	1.05642
14504	1.06024
14505	1.06520
14506	1.07103
14507	1.07745
14508	1.08422
14509	1.09117
14510	1.09812
14511	1.10491
14512	1.11136
14513	1.11727
14514	1.12250
14515	1.12697
14516	1.13065
14517	1.13355
14518	1.13560
14519	1.13666
14520	1.13668
14521	1.13557
14522	1.13332
14523	1.13010
14524	1.12604
14525	1.12108
14526	1.11520
14527	1.10862
14528	1.10169
14529	1.09473
14530	1.08821
14531	1.08259
14532	1.07804
14533	1.07430
14534	1.07115
14535	1.06871
14536	1.06719
14537	1.06663
14538	1.06699
14539	1.06824
14540	1.07037
14541	1.07326
14542	1.07676
14543	1.08077
14544	1.08519
14545	1.08988
14546	1.09467
14547	1.09941
14548	1.10403
14549	1.10839
14550	1.11225
14551	1.11559
14552	1.11859
14553	1.12133
14554	1.12357
14555	1.12509
14556	1.12580
14557	1.12572
14558	1.12471
14559	1.12261
14560	1.11941
14561	1.11522
14562	1.11015
14563	1.10433
14564	1.09799
14565	1.09137
14566	1.08451
14567	1.07770
14568	1.07142
14569	1.06604
14570	1.06156
14571	1.05782
14572	1.05474
14573	1.05241
14574	1.05092
14575	1.05033
14576	1.05077
14577	1.05250
14578	1.05569
14579	1.06018
14580	1.06561
14581	1.07163
14582	1.07801
14583	1.08460
14584	1.09127
14585	1.09788
14586	1.10420
14587	1.11008
14588	1.11546
14589	1.12024
14590	1.12431
14591	1.12767
14592	1.13032
14593	1.13217
14594	1.13317
14595	1.13331
14596	1.13255
14597	1.13074
14598	1.12785
14599	1.12396
14600	1.11922
14601	1.11382
14602	1.10805
14603	1.10219
14604	1.09638
14605	1.09068
14606	1.08522
14607	1.08013
14608	1.07550
14609	1.07144
14610	1.06804
14611	1.06539
14612	1.06362
14613	1.06289
14614	1.06318
14615	1.06442
14616	1.06653
14617	1.06946
14618	1.07312
14619	1.07739
14620	1.08218
14621	1.08739
14622	1.09290
14623	1.09849
14624	1.10396
14625	1.10914
14626	1.11399
14627	1.11850
14628	1.12268
14629	1.12652
14630	1.13008
14631	1.13323
14632	1.13568
14633	1.13723
14634	1.13784
14635	1.13747
14636	1.13612
14637	1.13373
14638	1.13027
14639	1.12587
14640	1.12072
14641	1.11480
14642	1.10821
14643	1.10137
14644	1.09461
14645	1.08806
14646	1.08203
14647	1.07686
14648	1.07255
14649	1.06887
14650	1.06570
14651	1.06320
14652	1.06145
14653	1.06052
14654	1.06051
14655	1.06152
14656	1.06354
14657	1.06647
14658	1.07022
14659	1.07468
14660	1.07969
14661	1.08504
14662	1.09051
14663	1.09591
14664	1.10119
14665	1.10665
14666	1.11233
14667	1.11754
14668	1.12197
14669	1.12622
14670	1.13032
14671	1.13355
14672	1.13572
14673	1.13678
14674	1.13661
14675	1.13555
14676	1.13380
14677	1.13115
14678	1.12743
14679	1.12268
14680	1.11717
14681	1.11128
14682	1.10535
14683	1.09975
14684	1.09472
14685	1.09040
14686	1.08686
14687	1.08412
14688	1.08211
14689	1.08062
14690	1.07949
14691	1.07871
14692	1.07846
14693	1.07890
14694	1.08013
14695	1.08212
14696	1.08480
14697	1.08804
14698	1.09167
14699	1.09560
14700	1.09982
14701	1.10434
14702	1.10891
14703	1.11318
14704	1.11705
14705	1.12059
14706	1.12386
14707	1.12679
14708	1.12918
14709	1.13092
14710	1.13225
14711	1.13332
14712	1.13386
14713	1.13375
14714	1.13315
14715	1.13209
14716	1.13058
14717	1.12871
14718	1.12654
14719	1.12396
14720	1.12089
14721	1.11739
14722	1.11359
14723	1.10950
14724	1.10509
14725	1.10041
14726	1.09579
14727	1.09163
14728	1.08805
14729	1.08497
14730	1.08234
14731	1.08028
14732	1.07889
14733	1.07809
14734	1.07777
14735	1.07793
14736	1.07863
14737	1.07986
14738	1.08150
14739	1.08351
14740	1.08597
14741	1.08897
14742	1.09227
14743	1.09555
14744	1.09880
14745	1.10216
14746	1.10556
14747	1.10887
14748	1.11209
14749	1.11530
14750	1.11834
14751	1.12097
14752	1.12313
14753	1.12497
14754	1.12657
14755	1.12791
14756	1.12887
14757	1.12932
14758	1.12929
14759	1.12898
14760	1.12850
14761	1.12776
14762	1.12664
14763	1.12519
14764	1.12354
14765	1.12175
14766	1.11977
14767	1.11757
14768	1.11516
14769	1.11256
14770	1.10979
14771	1.10692
14772	1.10402
14773	1.10113
14774	1.09830
14775	1.09552
14776	1.09292
14777	1.09069
14778	1.08879
14779	1.08708
14780	1.08562
14781	1.08446
14782	1.08356
14783	1.08290
14784	1.08252
14785	1.08245
14786	1.08267
14787	1.08317
14788	1.08399
14789	1.08527
14790	1.08701
14791	1.08904
14792	1.09125
14793	1.09361
14794	1.09612
14795	1.09872
14796	1.10141
14797	1.10419
14798	1.10699
14799	1.10974
14800	1.11237
14801	1.11483
14802	1.11706
14803	1.11898
14804	1.12059
14805	1.12191
14806	1.12297
14807	1.12375
14808	1.12424
14809	1.12448
14810	1.12450
14811	1.12432
14812	1.12394
14813	1.12338
14814	1.12264
14815	1.12166
14816	1.12046
14817	1.11921
14818	1.11805
14819	1.11688
14820	1.11551
14821	1.11394
14822	1.11227
14823	1.11056
14824	1.10889
14825	1.10729
14826	1.10568
14827	1.10396
14828	1.10221
14829	1.10055
14830	1.09897
14831	1.09740
14832	1.09588
14833	1.09449
14834	1.09326
14835	1.09223
14836	1.09144
14837	1.09092
14838	1.09066
14839	1.09064
14840	1.09093
14841	1.09165
14842	1.09277
14843	1.09399
14844	1.09499
14845	1.09582
14846	1.09680
14847	1.09805
14848	1.09939
14849	1.10073
14850	1.10210
14851	1.10360
14852	1.10523
14853	1.10699
14854	1.10884
14855	1.11074
14856	1.11262
14857	1.11445
14858	1.11625
14859	1.11800
14860	1.11962
14861	1.12108
14862	1.12242
14863	1.12369
14864	1.12488
14865	1.12592
14866	1.12680
14867	1.12752
14868	1.12807
14869	1.12846
14870	1.12866
14871	1.12867
14872	1.12852
14873	1.12820
14874	1.12774
14875	1.12716
14876	1.12648
14877	1.12570
14878	1.12487
14879	1.12399
14880	1.12304
14881	1.12196
14882	1.12077
14883	1.11950
14884	1.11812
14885	1.11658
14886	1.11487
14887	1.11304
14888	1.11116
14889	1.10926
14890	1.10734
14891	1.10538
14892	1.10335
14893	1.10132
14894	1.09937
14895	1.09758
14896	1.09598
14897	1.09455
14898	1.09334
14899	1.09240
14900	1.09171
14901	1.09120
14902	1.09085
14903	1.09068
14904	1.09073
14905	1.09101
14906	1.09146
14907	1.09203
14908	1.09267
14909	1.09339
14910	1.09417
14911	1.09500
14912	1.09590
14913	1.09689
14914	1.09798
14915	1.09921
14916	1.10058
14917	1.10209
14918	1.10367
14919	1.10528
14920	1.10688
14921	1.10845
14922	1.11000
14923	1.11149
14924	1.11294
14925	1.11435
14926	1.11568
14927	1.11686
14928	1.11789
14929	1.11876
14930	1.11945
14931	1.12011
14932	1.12104
14933	1.12207
14934	1.12269
14935	1.12284
14936	1.12279
14937	1.12269
14938	1.12253
14939	1.12230
14940	1.12200
14941	1.12163
14942	1.12120
14943	1.12071
14944	1.12018
14945	1.11960
14946	1.11894
14947	1.11818
14948	1.11728
14949	1.11626
14950	1.11510
14951	1.11384
14952	1.11247
14953	1.11097
14954	1.10939
14955	1.10785
14956	1.10637
14957	1.10489
14958	1.10355
14959	1.10268
14960	1.10236
14961	1.10230
14962	1.10225
14963	1.10219
14964	1.10227
14965	1.10257
14966	1.10304
14967	1.10364
14968	1.10428
14969	1.10492
14970	1.10554
14971	1.10622
14972	1.10698
14973	1.10785
14974	1.10883
14975	1.10994
14976	1.11118
14977	1.11253
14978	1.11395
14979	1.11547
14980	1.11705
14981	1.11868
14982	1.12030
14983	1.12191
14984	1.12348
14985	1.12499
14986	1.12642
14987	1.12775
14988	1.12901
14989	1.13018
14990	1.13128
14991	1.13228
14992	1.13317
14993	1.13393
14994	1.13457
14995	1.13509
14996	1.13544
14997	1.13563
14998	1.13571
14999	1.13569
15000	1.13555
15001	1.13523
15002	1.13477
15003	1.13419
15004	1.13352
15005	1.13273
15006	1.13183
15007	1.13082
15008	1.12972
15009	1.12853
15010	1.12722
15011	1.12577
15012	1.12419
15013	1.12250
15014	1.12074
15015	1.11891
15016	1.11703
15017	1.11508
15018	1.11307
15019	1.11097
15020	1.10881
15021	1.10666
15022	1.10464
15023	1.10278
15024	1.10107
15025	1.09952
15026	1.09812
15027	1.09689
15028	1.09587
15029	1.09510
15030	1.09458
15031	1.09429
15032	1.09424
15033	1.09443
15034	1.09483
15035	1.09539
15036	1.09605
15037	1.09691
15038	1.09810
15039	1.09959
15040	1.10116
15041	1.10272
15042	1.10428
15043	1.10586
15044	1.10743
15045	1.10902
15046	1.11068
15047	1.11242
15048	1.11419
15049	1.11592
15050	1.11758
15051	1.11915
15052	1.12063
15053	1.12197
15054	1.12315
15055	1.12419
15056	1.12507
15057	1.12578
15058	1.12631
15059	1.12669
15060	1.12690
15061	1.12695
15062	1.12686
15063	1.12663
15064	1.12625
15065	1.12575
15066	1.12527
15067	1.12495
15068	1.12470
15069	1.12425
15070	1.12358
15071	1.12274
15072	1.12185
15073	1.12104
15074	1.12025
15075	1.11941
15076	1.11847
15077	1.11738
15078	1.11614
15079	1.11478
15080	1.11333
15081	1.11190
15082	1.11057
15083	1.10934
15084	1.10814
15085	1.10696
15086	1.10586
15087	1.10488
15088	1.10408
15089	1.10350
15090	1.10318
15091	1.10311
15092	1.10321
15093	1.10347
15094	1.10388
15095	1.10444
15096	1.10517
15097	1.10607
15098	1.10712
15099	1.10822
15100	1.10935
15101	1.11049
15102	1.11163
15103	1.11277
15104	1.11391
15105	1.11506
15106	1.11627
15107	1.11757
15108	1.11893
15109	1.12031
15110	1.12170
15111	1.12308
15112	1.12445
15113	1.12576
15114	1.12704
15115	1.12827
15116	1.12946
15117	1.13055
15118	1.13151
15119	1.13234
15120	1.13305
15121	1.13367
15122	1.13418
15123	1.13453
15124	1.13476
15125	1.13492
15126	1.13497
15127	1.13491
15128	1.13474
15129	1.13450
15130	1.13421
15131	1.13383
15132	1.13336
15133	1.13281
15134	1.13218
15135	1.13150
15136	1.13075
15137	1.12993
15138	1.12903
15139	1.12805
15140	1.12699
15141	1.12581
15142	1.12451
15143	1.12307
15144	1.12152
15145	1.11986
15146	1.11810
15147	1.11625
15148	1.11435
15149	1.11243
15150	1.11051
15151	1.10868
15152	1.10702
15153	1.10557
15154	1.10433
15155	1.10331
15156	1.10252
15157	1.10193
15158	1.10148
15159	1.10113
15160	1.10092
15161	1.10087
15162	1.10099
15163	1.10133
15164	1.10190
15165	1.10264
15166	1.10351
15167	1.10448
15168	1.10553
15169	1.10662
15170	1.10775
15171	1.10897
15172	1.11032
15173	1.11181
15174	1.11338
15175	1.11498
15176	1.11661
15177	1.11825
15178	1.11985
15179	1.12137
15180	1.12280
15181	1.12417
15182	1.12549
15183	1.12673
15184	1.12785
15185	1.12884
15186	1.12967
15187	1.13036
15188	1.13092
15189	1.13136
15190	1.13168
15191	1.13188
15192	1.13194
15193	1.13185
15194	1.13162
15195	1.13123
15196	1.13072
15197	1.13007
15198	1.12930
15199	1.12843
15200	1.12750
15201	1.12655
15202	1.12562
15203	1.12463
15204	1.12352
15205	1.12233
15206	1.12105
15207	1.11969
15208	1.11826
15209	1.11678
15210	1.11522
15211	1.11356
15212	1.11182
15213	1.11006
15214	1.10834
15215	1.10665
15216	1.10497
15217	1.10334
15218	1.10186
15219	1.10062
15220	1.09965
15221	1.09897
15222	1.09858
15223	1.09843
15224	1.09845
15225	1.09861
15226	1.09892
15227	1.09942
15228	1.10013
15229	1.10107
15230	1.10221
15231	1.10353
15232	1.10498
15233	1.10652
15234	1.10811
15235	1.10974
15236	1.11139
15237	1.11309
15238	1.11486
15239	1.11668
15240	1.11852
15241	1.12036
15242	1.12218
15243	1.12396
15244	1.12564
15245	1.12724
15246	1.12875
15247	1.13013
15248	1.13136
15249	1.13244
15250	1.13337
15251	1.13415
15252	1.13477
15253	1.13522
15254	1.13553
15255	1.13571
15256	1.13576
15257	1.13566
15258	1.13541
15259	1.13500
15260	1.13447
15261	1.13386
15262	1.13316
15263	1.13239
15264	1.13153
15265	1.13060
15266	1.12957
15267	1.12846
15268	1.12730
15269	1.12611
15270	1.12487
15271	1.12358
15272	1.12223
15273	1.12079
15274	1.11926
15275	1.11760
15276	1.11584
15277	1.11400
15278	1.11211
15279	1.11017
15280	1.10820
15281	1.10623
15282	1.10427
15283	1.10233
15284	1.10047
15285	1.09879
15286	1.09735
15287	1.09614
15288	1.09519
15289	1.09452
15290	1.09411
15291	1.09387
15292	1.09378
15293	1.09385
15294	1.09414
15295	1.09464
15296	1.09535
15297	1.09625
15298	1.09732
15299	1.09852
15300	1.09983
15301	1.10124
15302	1.10272
15303	1.10421
15304	1.10570
15305	1.10722
15306	1.10883
15307	1.11052
15308	1.11226
15309	1.11402
15310	1.11573
15311	1.11732
15312	1.11881
15313	1.12019
15314	1.12145
15315	1.12261
15316	1.12368
15317	1.12462
15318	1.12543
15319	1.12610
15320	1.12661
15321	1.12699
15322	1.12725
15323	1.12738
15324	1.12740
15325	1.12732
15326	1.12715
15327	1.12686
15328	1.12646
15329	1.12592
15330	1.12528
15331	1.12453
15332	1.12366
15333	1.12270
15334	1.12167
15335	1.12059
15336	1.11945
15337	1.11818
15338	1.11674
15339	1.11511
15340	1.11337
15341	1.11160
15342	1.10986
15343	1.10813
15344	1.10641
15345	1.10468
15346	1.10297
15347	1.10133
15348	1.09979
15349	1.09835
15350	1.09700
15351	1.09580
15352	1.09480
15353	1.09400
15354	1.09344
15355	1.09315
15356	1.09314
15357	1.09336
15358	1.09373
15359	1.09419
15360	1.09477
15361	1.09551
15362	1.09643
15363	1.09747
15364	1.09862
15365	1.09983
15366	1.10106
15367	1.10231
15368	1.10361
15369	1.10497
15370	1.10639
15371	1.10787
15372	1.10941
15373	1.11099
15374	1.11261
15375	1.11425
15376	1.11591
15377	1.11754
15378	1.11909
15379	1.12056
15380	1.12193
15381	1.12318
15382	1.12430
15383	1.12527
15384	1.12612
15385	1.12683
15386	1.12742
15387	1.12787
15388	1.12820
15389	1.12840
15390	1.12849
15391	1.12847
15392	1.12833
15393	1.12808
15394	1.12774
15395	1.12732
15396	1.12681
15397	1.12619
15398	1.12548
15399	1.12469
15400	1.12383
15401	1.12290
15402	1.12189
15403	1.12076
15404	1.11949
15405	1.11805
15406	1.11646
15407	1.11473
15408	1.11289
15409	1.11094
15410	1.10893
15411	1.10685
15412	1.10472
15413	1.10257
15414	1.10051
15415	1.09860
15416	1.09688
15417	1.09537
15418	1.09408
15419	1.09300
15420	1.09213
15421	1.09149
15422	1.09111
15423	1.09099
15424	1.09113
15425	1.09152
15426	1.09216
15427	1.09301
15428	1.09405
15429	1.09524
15430	1.09652
15431	1.09787
15432	1.09934
15433	1.10099
15434	1.10277
15435	1.10467
15436	1.10666
15437	1.10872
15438	1.11081
15439	1.11290
15440	1.11494
15441	1.11692
15442	1.11882
15443	1.12064
15444	1.12233
15445	1.12389
15446	1.12534
15447	1.12668
15448	1.12784
15449	1.12878
15450	1.12955
15451	1.13021
15452	1.13073
15453	1.13115
15454	1.13147
15455	1.13162
15456	1.13161
15457	1.13147
15458	1.13121
15459	1.13085
15460	1.13038
15461	1.12982
15462	1.12919
15463	1.12848
15464	1.12769
15465	1.12681
15466	1.12582
15467	1.12471
15468	1.12348
15469	1.12214
15470	1.12069
15471	1.11915
15472	1.11752
15473	1.11579
15474	1.11398
15475	1.11217
15476	1.11039
15477	1.10866
15478	1.10697
15479	1.10533
15480	1.10375
15481	1.10226
15482	1.10092
15483	1.09978
15484	1.09891
15485	1.09832
15486	1.09799
15487	1.09794
15488	1.09819
15489	1.09869
15490	1.09934
15491	1.10007
15492	1.10084
15493	1.10167
15494	1.10261
15495	1.10369
15496	1.10482
15497	1.10593
15498	1.10701
15499	1.10808
15500	1.10913
15501	1.11016
15502	1.11116
15503	1.11219
15504	1.11323
15505	1.11427
15506	1.11532
15507	1.11641
15508	1.11752
15509	1.11867
15510	1.11984
15511	1.12099
15512	1.12209
15513	1.12313
15514	1.12410
15515	1.12501
15516	1.12584
15517	1.12658
15518	1.12722
15519	1.12774
15520	1.12816
15521	1.12846
15522	1.12865
15523	1.12872
15524	1.12865
15525	1.12843
15526	1.12809
15527	1.12765
15528	1.12714
15529	1.12653
15530	1.12580
15531	1.12493
15532	1.12393
15533	1.12282
15534	1.12164
15535	1.12038
15536	1.11904
15537	1.11761
15538	1.11608
15539	1.11442
15540	1.11265
15541	1.11079
15542	1.10887
15543	1.10692
15544	1.10497
15545	1.10300
15546	1.10102
15547	1.09908
15548	1.09729
15549	1.09570
15550	1.09427
15551	1.09299
15552	1.09188
15553	1.09099
15554	1.09026
15555	1.08968
15556	1.08930
15557	1.08915
15558	1.08920
15559	1.08947
15560	1.08997
15561	1.09067
15562	1.09153
15563	1.09250
15564	1.09363
15565	1.09494
15566	1.09632
15567	1.09774
15568	1.09929
15569	1.10106
15570	1.10299
15571	1.10494
15572	1.10689
15573	1.10885
15574	1.11079
15575	1.11265
15576	1.11442
15577	1.11614
15578	1.11778
15579	1.11934
15580	1.12080
15581	1.12214
15582	1.12331
15583	1.12435
15584	1.12525
15585	1.12599
15586	1.12655
15587	1.12696
15588	1.12724
15589	1.12737
15590	1.12734
15591	1.12719
15592	1.12691
15593	1.12647
15594	1.12588
15595	1.12521
15596	1.12447
15597	1.12364
15598	1.12268
15599	1.12159
15600	1.12043
15601	1.11923
15602	1.11799
15603	1.11664
15604	1.11519
15605	1.11363
15606	1.11199
15607	1.11032
15608	1.10868
15609	1.10702
15610	1.10531
15611	1.10362
15612	1.10205
15613	1.10065
15614	1.09946
15615	1.09857
15616	1.09801
15617	1.09769
15618	1.09756
15619	1.09766
15620	1.09804
15621	1.09862
15622	1.09930
15623	1.10007
15624	1.10094
15625	1.10191
15626	1.10293
15627	1.10394
15628	1.10494
15629	1.10590
15630	1.10683
15631	1.10775
15632	1.10865
15633	1.10955
15634	1.11053
15635	1.11163
15636	1.11284
15637	1.11413
15638	1.11548
15639	1.11690
15640	1.11834
15641	1.11977
15642	1.12114
15643	1.12244
15644	1.12364
15645	1.12473
15646	1.12571
15647	1.12657
15648	1.12732
15649	1.12793
15650	1.12838
15651	1.12867
15652	1.12880
15653	1.12877
15654	1.12857
15655	1.12824
15656	1.12778
15657	1.12721
15658	1.12651
15659	1.12571
15660	1.12481
15661	1.12381
15662	1.12270
15663	1.12148
15664	1.12017
15665	1.11875
15666	1.11719
15667	1.11548
15668	1.11366
15669	1.11175
15670	1.10975
15671	1.10769
15672	1.10559
15673	1.10345
15674	1.10128
15675	1.09916
15676	1.09715
15677	1.09532
15678	1.09366
15679	1.09220
15680	1.09100
15681	1.09002
15682	1.08920
15683	1.08853
15684	1.08803
15685	1.08778
15686	1.08776
15687	1.08796
15688	1.08832
15689	1.08879
15690	1.08934
15691	1.08995
15692	1.09065
15693	1.09150
15694	1.09251
15695	1.09368
15696	1.09501
15697	1.09643
15698	1.09791
15699	1.09945
15700	1.10103
15701	1.10261
15702	1.10416
15703	1.10565
15704	1.10711
15705	1.10853
15706	1.10986
15707	1.11107
15708	1.11217
15709	1.11314
15710	1.11391
15711	1.11449
15712	1.11490
15713	1.11522
15714	1.11549
15715	1.11560
15716	1.11549
15717	1.11522
15718	1.11481
15719	1.11427
15720	1.11364
15721	1.11293
15722	1.11216
15723	1.11131
15724	1.11032
15725	1.10917
15726	1.10787
15727	1.10646
15728	1.10502
15729	1.10356
15730	1.10200
15731	1.10029
15732	1.09849
15733	1.09676
15734	1.09513
15735	1.09358
15736	1.09212
15737	1.09080
15738	1.08967
15739	1.08878
15740	1.08816
15741	1.08783
15742	1.08777
15743	1.08798
15744	1.08844
15745	1.08912
15746	1.08998
15747	1.09102
15748	1.09218
15749	1.09341
15750	1.09467
15751	1.09593
15752	1.09719
15753	1.09847
15754	1.09983
15755	1.10131
15756	1.10293
15757	1.10464
15758	1.10644
15759	1.10833
15760	1.11026
15761	1.11222
15762	1.11414
15763	1.11599
15764	1.11773
15765	1.11933
15766	1.12082
15767	1.12220
15768	1.12346
15769	1.12465
15770	1.12571
15771	1.12651
15772	1.12704
15773	1.12742
15774	1.12774
15775	1.12793
15776	1.12792
15777	1.12775
15778	1.12748
15779	1.12712
15780	1.12664
15781	1.12606
15782	1.12539
15783	1.12466
15784	1.12386
15785	1.12299
15786	1.12202
15787	1.12096
15788	1.11983
15789	1.11864
15790	1.11736
15791	1.11596
15792	1.11443
15793	1.11278
15794	1.11105
15795	1.10929
15796	1.10750
15797	1.10567
15798	1.10382
15799	1.10196
15800	1.10018
15801	1.09851
15802	1.09700
15803	1.09565
15804	1.09445
15805	1.09342
15806	1.09258
15807	1.09189
15808	1.09132
15809	1.09092
15810	1.09078
15811	1.09091
15812	1.09127
15813	1.09179
15814	1.09246
15815	1.09329
15816	1.09430
15817	1.09546
15818	1.09671
15819	1.09804
15820	1.09948
15821	1.10105
15822	1.10275
15823	1.10453
15824	1.10633
15825	1.10813
15826	1.10993
15827	1.11172
15828	1.11342
15829	1.11503
15830	1.11653
15831	1.11792
15832	1.11914
15833	1.12020
15834	1.12111
15835	1.12189
15836	1.12254
15837	1.12306
15838	1.12341
15839	1.12360
15840	1.12366
15841	1.12360
15842	1.12342
15843	1.12310
15844	1.12266
15845	1.12212
15846	1.12149
15847	1.12076
15848	1.11996
15849	1.11909
15850	1.11818
15851	1.11726
15852	1.11631
15853	1.11527
15854	1.11412
15855	1.11289
15856	1.11160
15857	1.11021
15858	1.10871
15859	1.10713
15860	1.10550
15861	1.10387
15862	1.10228
15863	1.10075
15864	1.09929
15865	1.09791
15866	1.09666
15867	1.09559
15868	1.09474
15869	1.09409
15870	1.09367
15871	1.09356
15872	1.09374
15873	1.09408
15874	1.09446
15875	1.09488
15876	1.09538
15877	1.09600
15878	1.09670
15879	1.09745
15880	1.09821
15881	1.09898
15882	1.09976
15883	1.10060
15884	1.10151
15885	1.10252
15886	1.10362
15887	1.10482
15888	1.10614
15889	1.10760
15890	1.10915
15891	1.11077
15892	1.11242
15893	1.11409
15894	1.11577
15895	1.11738
15896	1.11890
15897	1.12032
15898	1.12165
15899	1.12286
15900	1.12396
15901	1.12494
15902	1.12578
15903	1.12646
15904	1.12698
15905	1.12737
15906	1.12762
15907	1.12770
15908	1.12761
15909	1.12737
15910	1.12699
15911	1.12644
15912	1.12573
15913	1.12490
15914	1.12400
15915	1.12300
15916	1.12191
15917	1.12072
15918	1.11947
15919	1.11816
15920	1.11679
15921	1.11532
15922	1.11375
15923	1.11207
15924	1.11030
15925	1.10846
15926	1.10652
15927	1.10448
15928	1.10241
15929	1.10042
15930	1.09857
15931	1.09690
15932	1.09538
15933	1.09397
15934	1.09271
15935	1.09169
15936	1.09092
15937	1.09036
15938	1.08995
15939	1.08962
15940	1.08943
15941	1.08944
15942	1.08967
15943	1.09008
15944	1.09061
15945	1.09118
15946	1.09181
15947	1.09250
15948	1.09329
15949	1.09414
15950	1.09506
15951	1.09614
15952	1.09744
15953	1.09893
15954	1.10055
15955	1.10224
15956	1.10396
15957	1.10568
15958	1.10733
15959	1.10891
15960	1.11043
15961	1.11191
15962	1.11337
15963	1.11472
15964	1.11586
15965	1.11675
15966	1.11768
15967	1.11900
15968	1.12044
15969	1.12131
15970	1.12156
15971	1.12157
15972	1.12159
15973	1.12160
15974	1.12147
15975	1.12118
15976	1.12076
15977	1.12025
15978	1.11968
15979	1.11907
15980	1.11841
15981	1.11766
15982	1.11688
15983	1.11606
15984	1.11503
15985	1.11382
15986	1.11263
15987	1.11153
15988	1.11028
15989	1.10876
15990	1.10708
15991	1.10549
15992	1.10411
15993	1.10278
15994	1.10128
15995	1.09970
15996	1.09848
15997	1.09773
15998	1.09725
15999	1.09693
16000	1.09680
16001	1.09690
16002	1.09715
16003	1.09743
16004	1.09773
16005	1.09809
16006	1.09858
16007	1.09920
16008	1.09991
16009	1.10064
16010	1.10142
16011	1.10221
16012	1.10299
16013	1.10381
16014	1.10470
16015	1.10570
16016	1.10683
16017	1.10808
16018	1.10946
16019	1.11095
16020	1.11256
16021	1.11423
16022	1.11592
16023	1.11758
16024	1.11919
16025	1.12073
16026	1.12220
16027	1.12355
16028	1.12477
16029	1.12587
16030	1.12685
16031	1.12773
16032	1.12849
16033	1.12911
16034	1.12957
16035	1.12986
16036	1.12997
16037	1.12993
16038	1.12977
16039	1.12948
16040	1.12906
16041	1.12850
16042	1.12781
16043	1.12703
16044	1.12620
16045	1.12535
16046	1.12446
16047	1.12348
16048	1.12243
16049	1.12136
16050	1.12025
16051	1.11905
16052	1.11771
16053	1.11626
16054	1.11471
16055	1.11309
16056	1.11139
16057	1.10965
16058	1.10788
16059	1.10608
16060	1.10431
16061	1.10261
16062	1.10099
16063	1.09937
16064	1.09780
16065	1.09640
16066	1.09520
16067	1.09415
16068	1.09322
16069	1.09244
16070	1.09189
16071	1.09158
16072	1.09148
16073	1.09158
16074	1.09186
16075	1.09225
16076	1.09274
16077	1.09335
16078	1.09408
16079	1.09493
16080	1.09597
16081	1.09722
16082	1.09864
16083	1.10021
16084	1.10186
16085	1.10353
16086	1.10520
16087	1.10686
16088	1.10843
16089	1.10984
16090	1.11114
16091	1.11243
16092	1.11373
16093	1.11497
16094	1.11600
16095	1.11671
16096	1.11719
16097	1.11778
16098	1.11868
16099	1.11965
16100	1.12044
16101	1.12071
16102	1.12023
16103	1.11959
16104	1.11939
16105	1.11931
16106	1.11891
16107	1.11830
16108	1.11767
16109	1.11710
16110	1.11648
16111	1.11574
16112	1.11491
16113	1.11391
16114	1.11253
16115	1.11095
16116	1.10950
16117	1.10823
16118	1.10699
16119	1.10555
16120	1.10382
16121	1.10203
16122	1.10038
16123	1.09888
16124	1.09753
16125	1.09633
16126	1.09532
16127	1.09452
16128	1.09397
16129	1.09366
16130	1.09354
16131	1.09355
16132	1.09375
16133	1.09422
16134	1.09492
16135	1.09572
16136	1.09668
16137	1.09781
16138	1.09896
16139	1.10004
16140	1.10121
16141	1.10257
16142	1.10403
16143	1.10546
16144	1.10694
16145	1.10857
16146	1.11031
16147	1.11210
16148	1.11390
16149	1.11573
16150	1.11755
16151	1.11935
16152	1.12105
16153	1.12264
16154	1.12410
16155	1.12542
16156	1.12658
16157	1.12758
16158	1.12842
16159	1.12911
16160	1.12968
16161	1.13013
16162	1.13046
16163	1.13067
16164	1.13077
16165	1.13073
16166	1.13058
16167	1.13033
16168	1.12999
16169	1.12955
16170	1.12904
16171	1.12844
16172	1.12775
16173	1.12697
16174	1.12615
16175	1.12528
16176	1.12433
16177	1.12329
16178	1.12219
16179	1.12101
16180	1.11974
16181	1.11834
16182	1.11682
16183	1.11515
16184	1.11336
16185	1.11150
16186	1.10958
16187	1.10760
16188	1.10560
16189	1.10361
16190	1.10162
16191	1.09962
16192	1.09771
16193	1.09600
16194	1.09454
16195	1.09335
16196	1.09241
16197	1.09168
16198	1.09114
16199	1.09077
16200	1.09060
16201	1.09063
16202	1.09081
16203	1.09108
16204	1.09141
16205	1.09184
16206	1.09241
16207	1.09307
16208	1.09379
16209	1.09459
16210	1.09549
16211	1.09658
16212	1.09793
16213	1.09951
16214	1.10122
16215	1.10298
16216	1.10481
16217	1.10671
16218	1.10859
16219	1.11036
16220	1.11204
16221	1.11362
16222	1.11506
16223	1.11631
16224	1.11738
16225	1.11823
16226	1.11865
16227	1.11870
16228	1.11900
16229	1.12001
16230	1.12116
16231	1.12166
16232	1.12152
16233	1.12116
16234	1.12077
16235	1.12030
16236	1.11972
16237	1.11910
16238	1.11847
16239	1.11784
16240	1.11715
16241	1.11638
16242	1.11559
16243	1.11487
16244	1.11406
16245	1.11287
16246	1.11142
16247	1.10994
16248	1.10842
16249	1.10685
16250	1.10529
16251	1.10377
16252	1.10218
16253	1.10044
16254	1.09859
16255	1.09674
16256	1.09499
16257	1.09343
16258	1.09216
16259	1.09124
16260	1.09059
16261	1.09010
16262	1.08978
16263	1.08972
16264	1.08985
16265	1.09003
16266	1.09023
16267	1.09053
16268	1.09096
16269	1.09148
16270	1.09205
16271	1.09268
16272	1.09336
16273	1.09410
16274	1.09497
16275	1.09598
16276	1.09713
16277	1.09842
16278	1.09985
16279	1.10139
16280	1.10300
16281	1.10468
16282	1.10641
16283	1.10817
16284	1.10993
16285	1.11167
16286	1.11335
16287	1.11492
16288	1.11636
16289	1.11767
16290	1.11885
16291	1.11995
16292	1.12096
16293	1.12186
16294	1.12261
16295	1.12321
16296	1.12367
16297	1.12403
16298	1.12427
16299	1.12439
16300	1.12437
16301	1.12423
16302	1.12397
16303	1.12362
16304	1.12319
16305	1.12268
16306	1.12210
16307	1.12147
16308	1.12077
16309	1.11996
16310	1.11901
16311	1.11790
16312	1.11659
16313	1.11511
16314	1.11351
16315	1.11178
16316	1.10994
16317	1.10801
16318	1.10604
16319	1.10400
16320	1.10187
16321	1.09965
16322	1.09746
16323	1.09541
16324	1.09353
16325	1.09187
16326	1.09047
16327	1.08934
16328	1.08846
16329	1.08784
16330	1.08753
16331	1.08755
16332	1.08789
16333	1.08851
16334	1.08931
16335	1.09018
16336	1.09109
16337	1.09207
16338	1.09317
16339	1.09442
16340	1.09580
16341	1.09731
16342	1.09898
16343	1.10080
16344	1.10267
16345	1.10449
16346	1.10626
16347	1.10798
16348	1.10965
16349	1.11128
16350	1.11285
16351	1.11430
16352	1.11562
16353	1.11673
16354	1.11773
16355	1.11878
16356	1.11971
16357	1.12044
16358	1.12102
16359	1.12118
16360	1.12117
16361	1.12152
16362	1.12179
16363	1.12152
16364	1.12095
16365	1.12044
16366	1.12001
16367	1.11949
16368	1.11883
16369	1.11813
16370	1.11746
16371	1.11679
16372	1.11612
16373	1.11534
16374	1.11439
16375	1.11342
16376	1.11250
16377	1.11142
16378	1.11015
16379	1.10888
16380	1.10766
16381	1.10643
16382	1.10516
16383	1.10391
16384	1.10266
16385	1.10133
16386	1.09993
16387	1.09851
16388	1.09715
16389	1.09596
16390	1.09502
16391	1.09442
16392	1.09422
16393	1.09442
16394	1.09490
16395	1.09556
16396	1.09635
16397	1.09726
16398	1.09829
16399	1.09941
16400	1.10060
16401	1.10182
16402	1.10304
16403	1.10423
16404	1.10541
16405	1.10659
16406	1.10779
16407	1.10900
16408	1.11023
16409	1.11152
16410	1.11287
16411	1.11428
16412	1.11573
16413	1.11719
16414	1.11863
16415	1.12003
16416	1.12139
16417	1.12269
16418	1.12393
16419	1.12511
16420	1.12619
16421	1.12715
16422	1.12795
16423	1.12863
16424	1.12919
16425	1.12964
16426	1.12997
16427	1.13017
16428	1.13025
16429	1.13019
16430	1.13004
16431	1.12987
16432	1.12962
16433	1.12923
16434	1.12871
16435	1.12811
16436	1.12748
16437	1.12685
16438	1.12618
16439	1.12542
16440	1.12459
16441	1.12369
16442	1.12272
16443	1.12166
16444	1.12050
16445	1.11923
16446	1.11783
16447	1.11633
16448	1.11472
16449	1.11304
16450	1.11129
16451	1.10947
16452	1.10760
16453	1.10569
16454	1.10379
16455	1.10195
16456	1.10022
16457	1.09861
16458	1.09713
16459	1.09582
16460	1.09471
16461	1.09384
16462	1.09321
16463	1.09286
16464	1.09279
16465	1.09303
16466	1.09362
16467	1.09454
16468	1.09569
16469	1.09700
16470	1.09840
16471	1.09986
16472	1.10137
16473	1.10291
16474	1.10448
16475	1.10607
16476	1.10768
16477	1.10934
16478	1.11102
16479	1.11264
16480	1.11415
16481	1.11553
16482	1.11685
16483	1.11807
16484	1.11910
16485	1.11992
16486	1.12078
16487	1.12191
16488	1.12313
16489	1.12403
16490	1.12450
16491	1.12471
16492	1.12479
16493	1.12476
16494	1.12462
16495	1.12440
16496	1.12409
16497	1.12370
16498	1.12322
16499	1.12265
16500	1.12203
16501	1.12133
16502	1.12057
16503	1.11973
16504	1.11888
16505	1.11798
16506	1.11694
16507	1.11588
16508	1.11497
16509	1.11399
16510	1.11281
16511	1.11147
16512	1.10997
16513	1.10834
16514	1.10671
16515	1.10513
16516	1.10358
16517	1.10207
16518	1.10065
16519	1.09936
16520	1.09820
16521	1.09712
16522	1.09618
16523	1.09552
16524	1.09521
16525	1.09522
16526	1.09544
16527	1.09581
16528	1.09630
16529	1.09697
16530	1.09789
16531	1.09909
16532	1.10048
16533	1.10200
16534	1.10362
16535	1.10528
16536	1.10696
16537	1.10863
16538	1.11030
16539	1.11200
16540	1.11373
16541	1.11552
16542	1.11738
16543	1.11924
16544	1.12106
16545	1.12285
16546	1.12459
16547	1.12625
16548	1.12780
16549	1.12923
16550	1.13051
16551	1.13164
16552	1.13260
16553	1.13339
16554	1.13403
16555	1.13457
16556	1.13502
16557	1.13537
16558	1.13561
16559	1.13574
16560	1.13577
16561	1.13571
16562	1.13558
16563	1.13539
16564	1.13514
16565	1.13486
16566	1.13451
16567	1.13407
16568	1.13354
16569	1.13294
16570	1.13230
16571	1.13161
16572	1.13089
16573	1.13013
16574	1.12932
16575	1.12845
16576	1.12753
16577	1.12658
16578	1.12559
16579	1.12455
16580	1.12346
16581	1.12233
16582	1.12116
16583	1.11991
16584	1.11857
16585	1.11719
16586	1.11579
16587	1.11438
16588	1.11292
16589	1.11139
16590	1.10982
16591	1.10826
16592	1.10677
16593	1.10542
16594	1.10422
16595	1.10315
16596	1.10217
16597	1.10129
16598	1.10055
16599	1.09996
16600	1.09959
16601	1.09946
16602	1.09957
16603	1.09991
16604	1.10044
16605	1.10112
16606	1.10189
16607	1.10270
16608	1.10356
16609	1.10447
16610	1.10546
16611	1.10653
16612	1.10774
16613	1.10909
16614	1.11055
16615	1.11210
16616	1.11372
16617	1.11540
16618	1.11709
16619	1.11878
16620	1.12048
16621	1.12216
16622	1.12377
16623	1.12528
16624	1.12667
16625	1.12795
16626	1.12908
16627	1.13003
16628	1.13078
16629	1.13134
16630	1.13170
16631	1.13188
16632	1.13190
16633	1.13176
16634	1.13145
16635	1.13097
16636	1.13033
16637	1.12957
16638	1.12869
16639	1.12770
16640	1.12662
16641	1.12551
16642	1.12438
16643	1.12318
16644	1.12189
16645	1.12047
16646	1.11896
16647	1.11738
16648	1.11574
16649	1.11407
16650	1.11238
16651	1.11068
16652	1.10894
16653	1.10722
16654	1.10561
16655	1.10413
16656	1.10270
16657	1.10130
16658	1.10001
16659	1.09891
16660	1.09801
16661	1.09730
16662	1.09685
16663	1.09665
16664	1.09669
16665	1.09693
16666	1.09738
16667	1.09803
16668	1.09885
16669	1.09981
16670	1.10087
16671	1.10200
16672	1.10322
16673	1.10450
16674	1.10579
16675	1.10710
16676	1.10842
16677	1.10979
16678	1.11124
16679	1.11278
16680	1.11433
16681	1.11586
16682	1.11734
16683	1.11880
16684	1.12021
16685	1.12156
16686	1.12279
16687	1.12389
16688	1.12490
16689	1.12583
16690	1.12666
16691	1.12741
16692	1.12809
16693	1.12867
16694	1.12912
16695	1.12942
16696	1.12959
16697	1.12962
16698	1.12949
16699	1.12920
16700	1.12879
16701	1.12826
16702	1.12763
16703	1.12688
16704	1.12603
16705	1.12509
16706	1.12408
16707	1.12297
16708	1.12168
16709	1.12017
16710	1.11851
16711	1.11675
16712	1.11490
16713	1.11293
16714	1.11090
16715	1.10882
16716	1.10667
16717	1.10448
16718	1.10231
16719	1.10024
16720	1.09831
16721	1.09651
16722	1.09489
16723	1.09349
16724	1.09237
16725	1.09157
16726	1.09104
16727	1.09074
16728	1.09065
16729	1.09082
16730	1.09125
16731	1.09191
16732	1.09274
16733	1.09373
16734	1.09487
16735	1.09614
16736	1.09755
16737	1.09906
16738	1.10071
16739	1.10246
16740	1.10426
16741	1.10602
16742	1.10770
16743	1.10929
16744	1.11076
16745	1.11212
16746	1.11336
16747	1.11450
16748	1.11557
16749	1.11654
16750	1.11739
16751	1.11812
16752	1.11872
16753	1.11921
16754	1.11960
16755	1.11991
16756	1.12014
16757	1.12029
16758	1.12036
16759	1.12036
16760	1.12027
16761	1.12010
16762	1.11987
16763	1.11959
16764	1.11926
16765	1.11889
16766	1.11844
16767	1.11788
16768	1.11724
16769	1.11650
16770	1.11563
16771	1.11465
16772	1.11358
16773	1.11242
16774	1.11115
16775	1.10975
16776	1.10824
16777	1.10666
16778	1.10509
16779	1.10356
16780	1.10207
16781	1.10058
16782	1.09907
16783	1.09761
16784	1.09627
16785	1.09512
16786	1.09421
16787	1.09359
16788	1.09327
16789	1.09319
16790	1.09329
16791	1.09351
16792	1.09385
16793	1.09436
16794	1.09507
16795	1.09596
16796	1.09699
16797	1.09809
16798	1.09921
16799	1.10031
16800	1.10141
16801	1.10256
16802	1.10380
16803	1.10512
16804	1.10658
16805	1.10819
16806	1.10991
16807	1.11173
16808	1.11360
16809	1.11550
16810	1.11736
16811	1.11913
16812	1.12082
16813	1.12241
16814	1.12388
16815	1.12521
16816	1.12639
16817	1.12744
16818	1.12834
16819	1.12911
16820	1.12973
16821	1.13022
16822	1.13055
16823	1.13071
16824	1.13069
16825	1.13053
16826	1.13021
16827	1.12976
16828	1.12920
16829	1.12853
16830	1.12771
16831	1.12675
16832	1.12573
16833	1.12465
16834	1.12352
16835	1.12233
16836	1.12109
16837	1.11978
16838	1.11837
16839	1.11684
16840	1.11523
16841	1.11354
16842	1.11180
16843	1.10999
16844	1.10806
16845	1.10601
16846	1.10391
16847	1.10183
16848	1.09985
16849	1.09797
16850	1.09620
16851	1.09453
16852	1.09297
16853	1.09155
16854	1.09027
16855	1.08922
16856	1.08846
16857	1.08798
16858	1.08773
16859	1.08772
16860	1.08799
16861	1.08854
16862	1.08930
16863	1.09024
16864	1.09141
16865	1.09282
16866	1.09443
16867	1.09619
16868	1.09805
16869	1.10017
16870	1.10258
16871	1.10479
16872	1.10641
16873	1.10803
16874	1.11021
16875	1.11246
16876	1.11442
16877	1.11634
16878	1.11812
16879	1.11940
16880	1.12039
16881	1.12138
16882	1.12229
16883	1.12299
16884	1.12350
16885	1.12385
16886	1.12411
16887	1.12427
16888	1.12431
16889	1.12418
16890	1.12393
16891	1.12358
16892	1.12317
16893	1.12270
16894	1.12218
16895	1.12166
16896	1.12114
16897	1.12060
16898	1.12002
16899	1.11940
16900	1.11873
16901	1.11800
16902	1.11718
16903	1.11627
16904	1.11523
16905	1.11405
16906	1.11276
16907	1.11141
16908	1.11004
16909	1.10866
16910	1.10722
16911	1.10572
16912	1.10420
16913	1.10265
16914	1.10102
16915	1.09943
16916	1.09816
16917	1.09733
16918	1.09685
16919	1.09671
16920	1.09690
16921	1.09729
16922	1.09774
16923	1.09823
16924	1.09876
16925	1.09937
16926	1.10009
16927	1.10090
16928	1.10178
16929	1.10266
16930	1.10354
16931	1.10441
16932	1.10532
16933	1.10628
16934	1.10731
16935	1.10839
16936	1.10953
16937	1.11073
16938	1.11198
16939	1.11330
16940	1.11471
16941	1.11615
16942	1.11756
16943	1.11892
16944	1.12021
16945	1.12142
16946	1.12257
16947	1.12363
16948	1.12460
16949	1.12546
16950	1.12623
16951	1.12691
16952	1.12748
16953	1.12794
16954	1.12825
16955	1.12840
16956	1.12842
16957	1.12832
16958	1.12811
16959	1.12779
16960	1.12734
16961	1.12675
16962	1.12602
16963	1.12517
16964	1.12425
16965	1.12324
16966	1.12215
16967	1.12099
16968	1.11978
16969	1.11849
16970	1.11705
16971	1.11547
16972	1.11379
16973	1.11203
16974	1.11022
16975	1.10838
16976	1.10653
16977	1.10465
16978	1.10273
16979	1.10079
16980	1.09891
16981	1.09716
16982	1.09555
16983	1.09407
16984	1.09274
16985	1.09160
16986	1.09068
16987	1.08998
16988	1.08955
16989	1.08942
16990	1.08955
16991	1.08989
16992	1.09043
16993	1.09116
16994	1.09200
16995	1.09293
16996	1.09398
16997	1.09519
16998	1.09657
16999	1.09808
17000	1.09967
17001	1.10131
17002	1.10299
17003	1.10464
17004	1.10642
17005	1.10868
17006	1.11120
17007	1.11314
17008	1.11412
17009	1.11453
17010	1.11494
17011	1.11587
17012	1.11758
17013	1.11948
17014	1.12067
17015	1.12113
17016	1.12133
17017	1.12150
17018	1.12156
17019	1.12145
17020	1.12119
17021	1.12081
17022	1.12035
17023	1.11980
17024	1.11919
17025	1.11851
17026	1.11778
17027	1.11701
17028	1.11623
17029	1.11544
17030	1.11462
17031	1.11372
17032	1.11271
17033	1.11158
17034	1.11035
17035	1.10908
17036	1.10775
17037	1.10628
17038	1.10467
17039	1.10301
17040	1.10138
17041	1.09985
17042	1.09841
17043	1.09682
17044	1.09496
17045	1.09309
17046	1.09162
17047	1.09064
17048	1.08999
17049	1.08958
17050	1.08942
17051	1.08950
17052	1.08973
17053	1.09008
17054	1.09057
17055	1.09119
17056	1.09192
17057	1.09275
17058	1.09370
17059	1.09475
17060	1.09584
17061	1.09699
17062	1.09821
17063	1.09951
17064	1.10089
17065	1.10236
17066	1.10391
17067	1.10554
17068	1.10725
17069	1.10905
17070	1.11092
17071	1.11280
17072	1.11465
17073	1.11642
17074	1.11809
17075	1.11963
17076	1.12103
17077	1.12228
17078	1.12336
17079	1.12428
17080	1.12503
17081	1.12562
17082	1.12606
17083	1.12637
17084	1.12652
17085	1.12651
17086	1.12635
17087	1.12608
17088	1.12570
17089	1.12522
17090	1.12466
17091	1.12403
17092	1.12331
17093	1.12251
17094	1.12164
17095	1.12068
17096	1.11965
17097	1.11854
17098	1.11733
17099	1.11599
17100	1.11450
17101	1.11292
17102	1.11124
17103	1.10948
17104	1.10764
17105	1.10571
17106	1.10366
17107	1.10151
17108	1.09938
17109	1.09739
17110	1.09557
17111	1.09389
17112	1.09234
17113	1.09096
17114	1.08979
17115	1.08882
17116	1.08801
17117	1.08737
17118	1.08696
17119	1.08677
17120	1.08678
17121	1.08699
17122	1.08737
17123	1.08790
17124	1.08861
17125	1.08951
17126	1.09059
17127	1.09187
17128	1.09338
17129	1.09509
17130	1.09692
17131	1.09877
17132	1.10056
17133	1.10228
17134	1.10402
17135	1.10581
17136	1.10763
17137	1.10937
17138	1.11092
17139	1.11256
17140	1.11489
17141	1.11761
17142	1.11964
17143	1.12065
17144	1.12107
17145	1.12106
17146	1.12063
17147	1.11995
17148	1.11927
17149	1.11877
17150	1.11853
17151	1.11853
17152	1.11875
17153	1.11914
17154	1.11937
17155	1.11900
17156	1.11808
17157	1.11696
17158	1.11591
17159	1.11496
17160	1.11398
17161	1.11286
17162	1.11165
17163	1.11037
17164	1.10900
17165	1.10754
17166	1.10601
17167	1.10443
17168	1.10279
17169	1.10118
17170	1.09981
17171	1.09866
17172	1.09762
17173	1.09667
17174	1.09583
17175	1.09516
17176	1.09468
17177	1.09437
17178	1.09420
17179	1.09415
17180	1.09417
17181	1.09420
17182	1.09427
17183	1.09443
17184	1.09472
17185	1.09514
17186	1.09562
17187	1.09601
17188	1.09621
17189	1.09623
17190	1.09624
17191	1.09652
17192	1.09724
17193	1.09830
17194	1.09949
17195	1.10071
17196	1.10207
17197	1.10369
17198	1.10551
17199	1.10733
17200	1.10912
17201	1.11097
17202	1.11284
17203	1.11454
17204	1.11605
17205	1.11747
17206	1.11884
17207	1.12010
17208	1.12122
17209	1.12222
17210	1.12313
17211	1.12394
17212	1.12463
17213	1.12519
17214	1.12563
17215	1.12592
17216	1.12607
17217	1.12606
17218	1.12592
17219	1.12564
17220	1.12520
17221	1.12460
17222	1.12388
17223	1.12306
17224	1.12216
17225	1.12117
17226	1.12010
17227	1.11888
17228	1.11742
17229	1.11575
17230	1.11397
17231	1.11209
17232	1.11007
17233	1.10790
17234	1.10555
17235	1.10308
17236	1.10054
17237	1.09798
17238	1.09543
17239	1.09291
17240	1.09049
17241	1.08824
17242	1.08620
17243	1.08436
17244	1.08275
17245	1.08143
17246	1.08040
17247	1.07964
17248	1.07917
17249	1.07913
17250	1.07947
17251	1.07998
17252	1.08062
17253	1.08151
17254	1.08264
17255	1.08396
17256	1.08556
17257	1.08748
17258	1.08950
17259	1.09155
17260	1.09386
17261	1.09637
17262	1.09874
17263	1.10082
17264	1.10274
17265	1.10457
17266	1.10630
17267	1.10790
17268	1.10935
17269	1.11064
17270	1.11173
17271	1.11262
17272	1.11335
17273	1.11397
17274	1.11449
17275	1.11485
17276	1.11503
17277	1.11504
17278	1.11488
17279	1.11461
17280	1.11422
17281	1.11374
17282	1.11320
17283	1.11262
17284	1.11203
17285	1.11145
17286	1.11088
17287	1.11034
17288	1.10980
17289	1.10923
17290	1.10857
17291	1.10779
17292	1.10691
17293	1.10596
17294	1.10501
17295	1.10409
17296	1.10301
17297	1.10159
17298	1.10020
17299	1.09922
17300	1.09842
17301	1.09737
17302	1.09591
17303	1.09453
17304	1.09372
17305	1.09330
17306	1.09297
17307	1.09277
17308	1.09277
17309	1.09295
17310	1.09320
17311	1.09343
17312	1.09360
17313	1.09371
17314	1.09382
17315	1.09398
17316	1.09417
17317	1.09434
17318	1.09445
17319	1.09453
17320	1.09470
17321	1.09502
17322	1.09542
17323	1.09585
17324	1.09642
17325	1.09722
17326	1.09824
17327	1.09947
17328	1.10088
17329	1.10243
17330	1.10406
17331	1.10572
17332	1.10737
17333	1.10898
17334	1.11054
17335	1.11201
17336	1.11339
17337	1.11468
17338	1.11588
17339	1.11697
17340	1.11790
17341	1.11866
17342	1.11930
17343	1.11981
17344	1.12016
17345	1.12038
17346	1.12052
17347	1.12055
17348	1.12036
17349	1.11990
17350	1.11926
17351	1.11852
17352	1.11772
17353	1.11685
17354	1.11595
17355	1.11502
17356	1.11404
17357	1.11294
17358	1.11169
17359	1.11031
17360	1.10886
17361	1.10728
17362	1.10555
17363	1.10366
17364	1.10163
17365	1.09954
17366	1.09744
17367	1.09531
17368	1.09316
17369	1.09107
17370	1.08910
17371	1.08726
17372	1.08552
17373	1.08393
17374	1.08268
17375	1.08190
17376	1.08142
17377	1.08097
17378	1.08056
17379	1.08040
17380	1.08058
17381	1.08109
17382	1.08184
17383	1.08277
17384	1.08389
17385	1.08539
17386	1.08736
17387	1.08960
17388	1.09194
17389	1.09435
17390	1.09688
17391	1.09943
17392	1.10188
17393	1.10409
17394	1.10610
17395	1.10800
17396	1.10984
17397	1.11157
17398	1.11313
17399	1.11447
17400	1.11556
17401	1.11644
17402	1.11713
17403	1.11761
17404	1.11790
17405	1.11802
17406	1.11801
17407	1.11786
17408	1.11757
17409	1.11716
17410	1.11665
17411	1.11607
17412	1.11544
17413	1.11478
17414	1.11407
17415	1.11332
17416	1.11254
17417	1.11169
17418	1.11072
17419	1.10965
17420	1.10852
17421	1.10734
17422	1.10607
17423	1.10466
17424	1.10312
17425	1.10155
17426	1.09997
17427	1.09838
17428	1.09691
17429	1.09566
17430	1.09440
17431	1.09294
17432	1.09152
17433	1.09061
17434	1.09020
17435	1.08978
17436	1.08924
17437	1.08896
17438	1.08913
17439	1.08946
17440	1.08968
17441	1.08976
17442	1.08983
17443	1.09002
17444	1.09037
17445	1.09082
17446	1.09134
17447	1.09203
17448	1.09288
17449	1.09383
17450	1.09487
17451	1.09604
17452	1.09738
17453	1.09893
17454	1.10070
17455	1.10264
17456	1.10472
17457	1.10687
17458	1.10903
17459	1.11113
17460	1.11312
17461	1.11500
17462	1.11677
17463	1.11844
17464	1.11999
17465	1.12143
17466	1.12275
17467	1.12393
17468	1.12496
17469	1.12582
17470	1.12650
17471	1.12699
17472	1.12733
17473	1.12753
17474	1.12762
17475	1.12758
17476	1.12737
17477	1.12699
17478	1.12644
17479	1.12575
17480	1.12494
17481	1.12403
17482	1.12298
17483	1.12182
17484	1.12055
17485	1.11916
17486	1.11760
17487	1.11585
17488	1.11392
17489	1.11183
17490	1.10964
17491	1.10740
17492	1.10511
17493	1.10279
17494	1.10050
17495	1.09833
17496	1.09629
17497	1.09433
17498	1.09227
17499	1.09002
17500	1.08789
17501	1.08618
17502	1.08478
17503	1.08347
17504	1.08231
17505	1.08143
17506	1.08086
17507	1.08060
17508	1.08065
17509	1.08100
17510	1.08165
17511	1.08257
17512	1.08377
17513	1.08527
17514	1.08707
17515	1.08910
17516	1.09135
17517	1.09379
17518	1.09629
17519	1.09871
17520	1.10098
17521	1.10308
17522	1.10503
17523	1.10683
17524	1.10844
17525	1.10985
17526	1.11109
17527	1.11221
17528	1.11319
17529	1.11399
17530	1.11463
17531	1.11515
17532	1.11554
17533	1.11575
17534	1.11582
17535	1.11580
17536	1.11574
17537	1.11562
17538	1.11545
17539	1.11527
17540	1.11513
17541	1.11507
17542	1.11508
17543	1.11515
17544	1.11526
17545	1.11538
17546	1.11549
17547	1.11559
17548	1.11568
17549	1.11572
17550	1.11564
17551	1.11544
17552	1.11516
17553	1.11482
17554	1.11443
17555	1.11397
17556	1.11344
17557	1.11285
17558	1.11217
17559	1.11141
17560	1.11056
17561	1.10962
17562	1.10870
17563	1.10788
17564	1.10711
17565	1.10634
17566	1.10555
17567	1.10481
17568	1.10436
17569	1.10428
17570	1.10438
17571	1.10453
17572	1.10465
17573	1.10475
17574	1.10479
17575	1.10485
17576	1.10498
17577	1.10518
17578	1.10542
17579	1.10568
17580	1.10601
17581	1.10637
17582	1.10662
17583	1.10682
17584	1.10725
17585	1.10808
17586	1.10914
17587	1.11012
17588	1.11084
17589	1.11136
17590	1.11181
17591	1.11240
17592	1.11331
17593	1.11457
17594	1.11609
17595	1.11771
17596	1.11929
17597	1.12081
17598	1.12228
17599	1.12373
17600	1.12512
17601	1.12635
17602	1.12735
17603	1.12810
17604	1.12869
17605	1.12926
17606	1.12992
17607	1.13072
17608	1.13157
17609	1.13232
17610	1.13286
17611	1.13329
17612	1.13377
17613	1.13429
17614	1.13469
17615	1.13499
17616	1.13527
17617	1.13553
17618	1.13569
17619	1.13576
17620	1.13576
17621	1.13570
17622	1.13558
17623	1.13541
17624	1.13522
17625	1.13504
17626	1.13488
17627	1.13470
17628	1.13445
17629	1.13410
17630	1.13375
17631	1.13344
17632	1.13316
17633	1.13289
17634	1.13257
17635	1.13221
17636	1.13186
17637	1.13151
17638	1.13114
17639	1.13075
17640	1.13035
17641	1.12991
17642	1.12944
17643	1.12896
17644	1.12848
17645	1.12798
17646	1.12746
17647	1.12693
17648	1.12645
17649	1.12603
17650	1.12569
17651	1.12542
17652	1.12519
17653	1.12500
17654	1.12484
17655	1.12469
17656	1.12452
17657	1.12434
17658	1.12412
17659	1.12383
17660	1.12351
17661	1.12332
17662	1.12336
17663	1.12359
17664	1.12389
17665	1.12415
17666	1.12432
17667	1.12448
17668	1.12472
17669	1.12508
17670	1.12553
17671	1.12609
17672	1.12684
17673	1.12776
17674	1.12869
17675	1.12947
17676	1.13015
17677	1.13079
17678	1.13138
17679	1.13187
17680	1.13226
17681	1.13257
17682	1.13280
17683	1.13293
17684	1.13296
17685	1.13288
17686	1.13272
17687	1.13248
17688	1.13210
17689	1.13186
17690	1.13167
17691	1.13152
17692	1.13141
17693	1.13141
17694	1.13158
17695	1.13188
17696	1.13227
17697	1.13267
17698	1.13306
17699	1.13345
17700	1.13388
17701	1.13432
17702	1.13475
17703	1.13518
17704	1.13563
17705	1.13612
17706	1.13669
17707	1.13736
17708	1.13811
17709	1.13891
17710	1.13975
17711	1.14065
17712	1.14156
17713	1.14239
17714	1.14315
17715	1.14387
17716	1.14453
17717	1.14515
17718	1.14575
17719	1.14636
17720	1.14696
17721	1.14756
17722	1.14813
17723	1.14863
17724	1.14908
17725	1.14948
17726	1.14983
17727	1.15010
17728	1.15024
17729	1.15025
17730	1.15019
17731	1.15025
17732	1.15062
17733	1.15105
17734	1.15132
17735	1.15142
17736	1.15114
17737	1.15063
17738	1.15021
17739	1.14995
17740	1.14961
17741	1.14914
17742	1.14851
17743	1.14780
17744	1.14721
17745	1.14683
17746	1.14653
17747	1.14616
17748	1.14560
17749	1.14477
17750	1.14377
17751	1.14285
17752	1.14222
17753	1.14192
17754	1.14179
17755	1.14160
17756	1.14122
17757	1.14076
17758	1.14033
17759	1.13989
17760	1.13936
17761	1.13878
17762	1.13823
17763	1.13774
17764	1.13720
17765	1.13652
17766	1.13584
17767	1.13540
17768	1.13497
17769	1.13371
17770	1.13172
17771	1.13061
17772	1.13110
17773	1.13181
17774	1.13166
17775	1.13133
17776	1.13155
17777	1.13169
17778	1.13099
17779	1.13010
17780	1.12989
17781	1.13009
17782	1.13008
17783	1.12972
17784	1.12909
17785	1.12832
17786	1.12770
17787	1.12757
17788	1.12793
17789	1.12785
17790	1.12634
17791	1.12392
17792	1.12193
17793	1.12092
17794	1.12088
17795	1.12202
17796	1.12415
17797	1.12588
17798	1.12535
17799	1.12258
17800	1.12055
17801	1.12186
17802	1.12536
17803	1.12821
17804	1.12913
17805	1.12847
17806	1.12710
17807	1.12596
17808	1.12556
17809	1.12557
17810	1.12557
17811	1.12551
17812	1.12542
17813	1.12534
17814	1.12529
17815	1.12528
17816	1.12528
17817	1.12520
17818	1.12507
17819	1.12500
17820	1.12499
17821	1.12501
17822	1.12503
17823	1.12506
17824	1.12509
17825	1.12513
17826	1.12520
17827	1.12527
17828	1.12535
17829	1.12542
17830	1.12548
17831	1.12551
17832	1.12554
17833	1.12556
17834	1.12558
17835	1.12560
17836	1.12562
17837	1.12564
17838	1.12563
17839	1.12562
17840	1.12560
17841	1.12560
17842	1.12561
17843	1.12560
17844	1.12557