1	
2	
3	-0.27530
4	-0.27406
5	-0.27221
6	-0.27145
7	-0.27222
8	-0.27266
9	-0.27085
10	-0.26859
11	-0.26734
12	-0.26443
13	-0.26094
14	-0.26298
15	-0.26201
16	-0.25784
17	-0.26067
18	-0.26348
19	-0.26263
20	-0.26344
21	-0.26410
22	-0.26021
23	-0.26009
24	-0.26362
25	-0.26191
26	-0.25861
27	-0.26040
28	-0.26300
29	-0.26391
30	-0.26311
31	-0.26209
32	-0.26153
33	-0.25971
34	-0.25888
35	-0.26020
36	-0.25811
37	-0.25598
38	-0.25606
39	-0.25554
40	-0.25623
41	-0.25867
42	-0.26172
43	-0.25580
44	-0.24732
45	-0.24580
46	-0.24929
47	-0.24907
48	-0.24621
49	-0.24472
50	-0.24086
51	-0.23904
52	-0.23916
53	-0.23822
54	-0.23426
55	-0.23012
56	-0.22831
57	-0.22734
58	-0.22924
59	-0.22879
60	-0.22652
61	-0.22526
62	-0.22607
63	-0.22589
64	-0.22314
65	-0.22325
66	-0.22540
67	-0.22412
68	-0.22277
69	-0.22488
70	-0.22572
71	-0.22645
72	-0.23251
73	-0.23436
74	-0.23071
75	-0.23036
76	-0.23139
77	-0.23233
78	-0.23433
79	-0.23671
80	-0.23779
81	-0.23863
82	-0.24173
83	-0.24207
84	-0.24124
85	-0.24383
86	-0.24727
87	-0.24651
88	-0.24470
89	-0.24636
90	-0.24791
91	-0.24424
92	-0.24305
93	-0.24469
94	-0.24535
95	-0.24586
96	-0.24759
97	-0.24605
98	-0.24623
99	-0.25069
100	-0.25236
101	-0.25065
102	-0.25176
103	-0.25434
104	-0.25317
105	-0.25365
106	-0.25861
107	-0.25876
108	-0.25740
109	-0.26288
110	-0.26612
111	-0.26251
112	-0.26604
113	-0.27254
114	-0.26574
115	-0.26064
116	-0.26399
117	-0.26775
118	-0.26610
119	-0.26442
120	-0.26452
121	-0.26466
122	-0.26523
123	-0.26734
124	-0.26576
125	-0.26404
126	-0.26240
127	-0.25953
128	-0.25871
129	-0.25858
130	-0.25903
131	-0.25778
132	-0.25615
133	-0.25562
134	-0.25424
135	-0.25324
136	-0.24907
137	-0.24516
138	-0.24417
139	-0.24744
140	-0.24777
141	-0.24239
142	-0.24143
143	-0.24048
144	-0.23690
145	-0.23292
146	-0.23073
147	-0.22665
148	-0.22197
149	-0.22126
150	-0.22187
151	-0.21929
152	-0.21479
153	-0.21518
154	-0.21641
155	-0.21551
156	-0.21386
157	-0.20996
158	-0.20711
159	-0.20655
160	-0.20965
161	-0.20988
162	-0.20634
163	-0.20403
164	-0.20427
165	-0.20522
166	-0.20397
167	-0.20508
168	-0.20616
169	-0.20723
170	-0.20920
171	-0.21105
172	-0.20846
173	-0.20572
174	-0.20673
175	-0.20435
176	-0.20191
177	-0.20092
178	-0.19915
179	-0.19598
180	-0.19396
181	-0.19471
182	-0.19432
183	-0.19396
184	-0.19542
185	-0.19730
186	-0.19909
187	-0.20289
188	-0.20689
189	-0.21102
190	-0.21511
191	-0.21931
192	-0.22457
193	-0.22642
194	-0.22614
195	-0.22727
196	-0.22890
197	-0.23285
198	-0.23851
199	-0.24202
200	-0.23956
201	-0.23438
202	-0.23262
203	-0.23284
204	-0.23072
205	-0.22799
206	-0.22277
207	-0.21910
208	-0.22073
209	-0.21857
210	-0.21176
211	-0.20808
212	-0.20117
213	-0.19101
214	-0.18656
215	-0.18519
216	-0.17719
217	-0.16968
218	-0.16961
219	-0.17077
220	-0.17113
221	-0.16699
222	-0.15568
223	-0.14405
224	-0.13594
225	-0.14734
226	-0.15701
227	-0.15438
228	-0.13986
229	-0.13780
230	-0.13992
231	-0.14247
232	-0.14134
233	-0.13731
234	-0.13598
235	-0.13403
236	-0.13480
237	-0.13596
238	-0.13590
239	-0.13829
240	-0.13761
241	-0.13577
242	-0.13774
243	-0.13879
244	-0.13912
245	-0.13718
246	-0.13919
247	-0.14595
248	-0.15195
249	-0.15115
250	-0.14869
251	-0.14777
252	-0.14962
253	-0.14814
254	-0.14805
255	-0.15104
256	-0.15436
257	-0.15583
258	-0.15607
259	-0.15685
260	-0.15715
261	-0.15365
262	-0.15263
263	-0.15424
264	-0.15556
265	-0.15312
266	-0.14948
267	-0.14597
268	-0.14365
269	-0.14328
270	-0.14362
271	-0.14030
272	-0.13834
273	-0.13612
274	-0.13348
275	-0.13123
276	-0.13020
277	-0.12686
278	-0.12448
279	-0.12330
280	-0.12598
281	-0.13302
282	-0.13601
283	-0.13366
284	-0.13049
285	-0.13151
286	-0.13474
287	-0.13663
288	-0.13578
289	-0.13589
290	-0.13827
291	-0.14246
292	-0.14567
293	-0.14645
294	-0.14328
295	-0.14054
296	-0.14233
297	-0.14392
298	-0.14515
299	-0.14611
300	-0.14490
301	-0.14275
302	-0.14478
303	-0.14850
304	-0.14729
305	-0.14946
306	-0.15120
307	-0.14650
308	-0.14518
309	-0.14801
310	-0.14925
311	-0.14796
312	-0.14685
313	-0.14489
314	-0.14473
315	-0.14916
316	-0.15346
317	-0.15385
318	-0.15190
319	-0.14884
320	-0.14788
321	-0.14967
322	-0.15217
323	-0.15441
324	-0.15307
325	-0.15204
326	-0.15139
327	-0.15222
328	-0.15389
329	-0.15650
330	-0.15403
331	-0.14730
332	-0.14664
333	-0.15029
334	-0.15115
335	-0.15093
336	-0.14666
337	-0.14331
338	-0.14263
339	-0.14276
340	-0.14291
341	-0.14076
342	-0.13799
343	-0.13714
344	-0.13950
345	-0.14501
346	-0.14563
347	-0.14383
348	-0.14300
349	-0.14484
350	-0.14845
351	-0.14723
352	-0.14895
353	-0.15043
354	-0.14865
355	-0.14918
356	-0.14951
357	-0.14828
358	-0.14737
359	-0.14782
360	-0.14894
361	-0.14914
362	-0.14948
363	-0.14793
364	-0.14670
365	-0.14712
366	-0.14662
367	-0.14633
368	-0.14748
369	-0.14845
370	-0.15107
371	-0.15112
372	-0.15058
373	-0.15082
374	-0.15172
375	-0.15342
376	-0.15683
377	-0.15738
378	-0.15567
379	-0.15793
380	-0.16268
381	-0.16520
382	-0.16464
383	-0.16419
384	-0.16464
385	-0.16741
386	-0.17030
387	-0.17281
388	-0.17468
389	-0.17702
390	-0.17738
391	-0.17734
392	-0.17866
393	-0.18165
394	-0.18362
395	-0.18428
396	-0.18723
397	-0.18894
398	-0.18840
399	-0.18988
400	-0.18985
401	-0.19546
402	-0.20441
403	-0.20743
404	-0.20699
405	-0.20815
406	-0.20567
407	-0.20660
408	-0.21296
409	-0.22036
410	-0.22507
411	-0.22448
412	-0.22236
413	-0.22381
414	-0.22841
415	-0.23116
416	-0.23396
417	-0.23747
418	-0.24076
419	-0.24464
420	-0.24790
421	-0.25078
422	-0.25573
423	-0.26004
424	-0.26469
425	-0.26806
426	-0.26970
427	-0.26823
428	-0.27396
429	-0.28074
430	-0.28042
431	-0.27567
432	-0.28248
433	-0.28662
434	-0.28403
435	-0.28156
436	-0.27909
437	-0.27752
438	-0.27703
439	-0.27564
440	-0.27817
441	-0.28232
442	-0.28186
443	-0.27833
444	-0.27717
445	-0.27929
446	-0.28072
447	-0.27977
448	-0.27772
449	-0.27600
450	-0.27249
451	-0.27097
452	-0.27371
453	-0.27558
454	-0.27324
455	-0.26933
456	-0.26691
457	-0.26659
458	-0.26681
459	-0.26673
460	-0.26268
461	-0.25908
462	-0.26146
463	-0.26426
464	-0.26367
465	-0.25922
466	-0.25586
467	-0.25440
468	-0.25226
469	-0.25255
470	-0.25052
471	-0.24293
472	-0.23845
473	-0.23855
474	-0.23937
475	-0.24273
476	-0.24488
477	-0.24165
478	-0.22933
479	-0.25345
480	-0.27263
481	-0.24746
482	-0.23095
483	-0.23087
484	-0.21823
485	-0.21735
486	-0.24973
487	-0.24246
488	-0.21502
489	-0.21874
490	-0.22393
491	-0.22797
492	-0.24773
493	-0.27451
494	-0.28626
495	-0.30204
496	-0.35202
497	-0.40784
498	-0.42167
499	-0.42218
500	-0.45685
501	-0.46125
502	-0.46406
503	-0.48418
504	-0.48484
505	-0.47737
506	-0.49923
507	-0.51829
508	-0.52692
509	-0.53025
510	-0.53158
511	-0.53252
512	-0.52558
513	-0.52813
514	-0.54064
515	-0.54998
516	-0.55364
517	-0.56111
518	-0.55243
519	-0.52740
520	-0.54137
521	-0.55659
522	-0.55785
523	-0.56571
524	-0.55060
525	-0.53225
526	-0.55126
527	-0.56606
528	-0.56799
529	-0.57696
530	-0.57798
531	-0.56269
532	-0.56771
533	-0.58290
534	-0.60535
535	-0.61978
536	-0.60579
537	-0.60631
538	-0.60916
539	-0.60000
540	-0.59140
541	-0.57958
542	-0.55969
543	-0.54388
544	-0.51407
545	-0.47680
546	-0.46668
547	-0.44705
548	-0.37876
549	-0.31925
550	-0.27932
551	-0.23161
552	-0.20405
553	-0.17641
554	-0.10605
555	-0.01498
556	0.03256
557	0.02579
558	0.02699
559	0.02060
560	0.01561
561	0.01714
562	0.02081
563	0.02129
564	0.01864
565	0.01587
566	0.01483
567	0.01525
568	0.01566
569	0.01488
570	0.01347
571	0.01299
572	0.01334
573	0.01279
574	0.01120
575	0.01083
576	0.01309
577	0.01568
578	0.01505
579	0.00982
580	-0.00164
581	-0.02080
582	-0.03788
583	-0.03208
584	0.17882
585	0.09650
586	-0.09355
587	-0.03518
588	0.22014
589	0.33468
590	0.24495
591	0.19525
592	0.15914
593	0.09321
594	0.11523
595	0.14711
596	0.09231
597	0.01531
598	0.02039
599	0.01928
600	-0.01880
601	-0.04800
602	-0.08146
603	-0.10382
604	-0.15735
605	-0.21200
606	-0.25899
607	-0.28453
608	-0.32532
609	-0.35125
610	-0.35845
611	-0.40923
612	-0.44554
613	-0.41720
614	-0.40337
615	-0.42734
616	-0.41598
617	-0.44411
618	-0.47640
619	-0.44715
620	-0.41898
621	-0.46183
622	-0.50526
623	-0.50229
624	-0.53852
625	-0.56973
626	-0.59448
627	-0.63471
628	-0.66216
629	-0.69228
630	-0.70171
631	-0.69262
632	-0.72424
633	-0.78493
634	-0.83033
635	-0.85531
636	-0.85614
637	-0.87686
638	-0.86471
639	-0.88657
640	-0.97972
641	-0.97911
642	-0.96352
643	-0.98253
644	-0.97183
645	-0.99849
646	-1.09365
647	-1.08568
648	-0.95375
649	-0.95984
650	-1.05541
651	-0.98991
652	-0.78280
653	-0.69324
654	-0.63654
655	-0.45170
656	-0.37825
657	-0.39220
658	-0.29487
659	-0.17063
660	-0.15629
661	-0.14839
662	-0.08330
663	-0.04281
664	0.01638
665	0.02624
666	0.03884
667	0.04194
668	0.03136
669	0.01653
670	0.00722
671	0.00474
672	0.00573
673	0.00787
674	0.01040
675	0.01254
676	0.01413
677	0.01587
678	0.01765
679	0.01880
680	0.01898
681	0.01799
682	0.01617
683	0.01448
684	0.01375
685	0.01414
686	0.01500
687	0.01586
688	0.01700
689	0.01757
690	0.01704
691	0.01758
692	0.02000
693	0.02150
694	0.02023
695	0.01606
696	0.00852
697	-0.00153
698	-0.01083
699	-0.01603
700	-0.01771
701	-0.02112
702	-0.02858
703	-0.03071
704	-0.01471
705	0.08505
706	-0.03411
707	-0.01303
708	0.23782
709	0.40791
710	0.33010
711	0.19967
712	0.18703
713	0.16267
714	0.12263
715	0.09969
716	0.06284
717	0.02266
718	-0.05071
719	-0.06905
720	-0.04049
721	-0.15904
722	-0.24048
723	-0.23756
724	-0.22485
725	-0.25994
726	-0.33785
727	-0.34163
728	-0.34476
729	-0.34106
730	-0.32225
731	-0.34984
732	-0.40653
733	-0.46987
734	-0.43437
735	-0.43520
736	-0.45438
737	-0.48325
738	-0.55684
739	-0.58349
740	-0.57707
741	-0.58849
742	-0.65166
743	-0.71725
744	-0.80390
745	-0.87140
746	-0.85623
747	-0.87854
748	-0.96054
749	-1.02008
750	-1.10115
751	-1.18579
752	-1.18341
753	-1.21189
754	-1.28014
755	-1.39333
756	-1.44748
757	-1.47793
758	-1.52406
759	-1.57302
760	-1.60865
761	-1.64952
762	-1.68188
763	-1.67602
764	-1.60351
765	-1.64757
766	-1.67132
767	-1.51436
768	-1.37969
769	-1.37791
770	-1.24700
771	-0.99673
772	-0.91548
773	-0.81890
774	-0.57522
775	-0.36924
776	-0.26924
777	-0.20775
778	-0.09051
779	0.03896
780	0.05537
781	0.05945
782	0.04339
783	0.02049
784	0.00627
785	0.00260
786	0.00411
787	0.00685
788	0.00927
789	0.01176
790	0.01529
791	0.01952
792	0.02219
793	0.02120
794	0.01776
795	0.01494
796	0.01398
797	0.01450
798	0.01582
799	0.01737
800	0.01900
801	0.02078
802	0.02252
803	0.02340
804	0.02344
805	0.02419
806	0.02503
807	0.02227
808	0.01421
809	0.00290
810	-0.00879
811	-0.01826
812	-0.02535
813	-0.03387
814	-0.04448
815	-0.04545
816	0.12501
817	0.17117
818	0.05554
819	0.06943
820	0.30674
821	0.42597
822	0.33891
823	0.22270
824	0.26230
825	0.28888
826	0.17526
827	0.02354
828	-0.02328
829	-0.02235
830	-0.07602
831	-0.16409
832	-0.25436
833	-0.29345
834	-0.30681
835	-0.29728
836	-0.31503
837	-0.35722
838	-0.42091
839	-0.52112
840	-0.53289
841	-0.47268
842	-0.39700
843	-0.46548
844	-0.50961
845	-0.49447
846	-0.47013
847	-0.43626
848	-0.49089
849	-0.52830
850	-0.61094
851	-0.61771
852	-0.58652
853	-0.58494
854	-0.59762
855	-0.71540
856	-0.80431
857	-0.87179
858	-0.91103
859	-0.93065
860	-1.05396
861	-1.20740
862	-1.30699
863	-1.37066
864	-1.43406
865	-1.55043
866	-1.64330
867	-1.71190
868	-1.78335
869	-1.84194
870	-1.80125
871	-1.76244
872	-1.77993
873	-1.82536
874	-1.71009
875	-1.45116
876	-1.29431
877	-1.24216
878	-1.10521
879	-0.83515
880	-0.68618
881	-0.50862
882	-0.30862
883	-0.19511
884	-0.14141
885	0.03520
886	0.05086
887	0.06263
888	0.05700
889	0.03624
890	0.01561
891	0.00486
892	0.00289
893	0.00506
894	0.00813
895	0.01092
896	0.01326
897	0.01523
898	0.01720
899	0.01920
900	0.01989
901	0.01839
902	0.01661
903	0.01659
904	0.01739
905	0.01774
906	0.01851
907	0.01996
908	0.02081
909	0.02108
910	0.02201
911	0.02345
912	0.02387
913	0.02162
914	0.01540
915	0.00538
916	-0.00615
917	-0.01580
918	-0.02070
919	-0.02152
920	-0.02202
921	-0.02580
922	-0.03372
923	-0.03458
924	0.06626
925	0.01369
926	0.03055
927	0.20031
928	0.47845
929	0.55965
930	0.35895
931	0.07602
932	0.00526
933	0.15169
934	0.10275
935	-0.08187
936	-0.06728
937	-0.05662
938	-0.14595
939	-0.20621
940	-0.21934
941	-0.35911
942	-0.50043
943	-0.42952
944	-0.48369
945	-0.61536
946	-0.66399
947	-0.63323
948	-0.61656
949	-0.69463
950	-0.70320
951	-0.73373
952	-0.76162
953	-0.72441
954	-0.68525
955	-0.69335
956	-0.75975
957	-0.81390
958	-0.81196
959	-0.82393
960	-0.83349
961	-0.85938
962	-0.96465
963	-1.04442
964	-1.05879
965	-1.08481
966	-1.20174
967	-1.29009
968	-1.35287
969	-1.45255
970	-1.52890
971	-1.64816
972	-1.69054
973	-1.72236
974	-1.81841
975	-1.84442
976	-1.85219
977	-1.79937
978	-1.76868
979	-1.78996
980	-1.67989
981	-1.49978
982	-1.37695
983	-1.31608
984	-1.09614
985	-0.85846
986	-0.75465
987	-0.49490
988	-0.23408
989	-0.09325
990	-0.06202
991	0.04935
992	0.05930
993	0.05187
994	0.03161
995	0.01425
996	0.00698
997	0.00678
998	0.00884
999	0.01086
1000	0.01256
1001	0.01392
1002	0.01504
1003	0.01641
1004	0.01822
1005	0.01912
1006	0.01755
1007	0.01444
1008	0.01246
1009	0.01294
1010	0.01494
1011	0.01698
1012	0.01871
1013	0.02092
1014	0.02377
1015	0.02616
1016	0.02711
1017	0.02609
1018	0.02209
1019	0.01444
1020	0.00422
1021	-0.00578
1022	-0.01241
1023	-0.01504
1024	-0.01931
1025	-0.03262
1026	-0.05156
1027	-0.05623
1028	0.18795
1029	0.24331
1030	0.10545
1031	0.14182
1032	0.48423
1033	0.52779
1034	0.07716
1035	-0.15165
1036	0.14010
1037	0.30717
1038	-0.00409
1039	-0.26153
1040	-0.21621
1041	-0.25108
1042	-0.47539
1043	-0.53905
1044	-0.49058
1045	-0.66382
1046	-0.72731
1047	-0.58236
1048	-0.60643
1049	-0.69724
1050	-0.69228
1051	-0.65956
1052	-0.68811
1053	-0.69161
1054	-0.66083
1055	-0.59229
1056	-0.64723
1057	-0.73769
1058	-0.67754
1059	-0.71023
1060	-0.80552
1061	-0.80524
1062	-0.81759
1063	-0.88279
1064	-0.86679
1065	-0.84035
1066	-0.89535
1067	-1.01019
1068	-1.07969
1069	-1.12116
1070	-1.16436
1071	-1.28114
1072	-1.40568
1073	-1.46174
1074	-1.57984
1075	-1.62731
1076	-1.64957
1077	-1.70218
1078	-1.68074
1079	-1.66543
1080	-1.71247
1081	-1.68644
1082	-1.43886
1083	-1.27084
1084	-1.35371
1085	-1.19317
1086	-0.72915
1087	-0.55780
1088	-0.52489
1089	-0.33623
1090	-0.14485
1091	-0.07626
1092	0.04557
1093	0.06050
1094	0.06302
1095	0.04745
1096	0.02433
1097	0.00721
1098	0.00121
1099	0.00305
1100	0.00760
1101	0.01228
1102	0.01599
1103	0.01822
1104	0.01939
1105	0.01985
1106	0.01908
1107	0.01671
1108	0.01423
1109	0.01390
1110	0.01549
1111	0.01697
1112	0.01791
1113	0.01938
1114	0.02136
1115	0.02247
1116	0.02255
1117	0.02303
1118	0.02304
1119	0.01981
1120	0.01292
1121	0.00409
1122	-0.00508
1123	-0.01308
1124	-0.01868
1125	-0.02174
1126	-0.02348
1127	-0.02619
1128	-0.03142
1129	-0.03049
1130	0.14429
1131	0.06535
1132	0.01072
1133	0.12893
1134	0.33152
1135	0.37523
1136	0.25497
1137	0.19342
1138	0.17479
1139	0.20052
1140	0.19997
1141	0.11093
1142	0.08390
1143	0.00846
1144	-0.13131
1145	-0.14761
1146	-0.15021
1147	-0.25053
1148	-0.27865
1149	-0.20700
1150	-0.26660
1151	-0.34390
1152	-0.32904
1153	-0.37589
1154	-0.36461
1155	-0.33065
1156	-0.36125
1157	-0.36281
1158	-0.36022
1159	-0.35397
1160	-0.35265
1161	-0.36500
1162	-0.37763
1163	-0.43963
1164	-0.51649
1165	-0.53797
1166	-0.54263
1167	-0.58990
1168	-0.68662
1169	-0.72185
1170	-0.79074
1171	-0.89147
1172	-0.96784
1173	-1.05963
1174	-1.14813
1175	-1.27587
1176	-1.41216
1177	-1.47748
1178	-1.56912
1179	-1.61343
1180	-1.64841
1181	-1.69135
1182	-1.83967
1183	-1.97484
1184	-1.72259
1185	-1.48678
1186	-1.55332
1187	-1.41847
1188	-0.95591
1189	-0.84297
1190	-0.82855
1191	-0.40133
1192	-0.18915
1193	-0.31385
1194	-0.26788
1195	0.04793
1196	0.06066
1197	0.06002
1198	0.04178
1199	0.01868
1200	0.00619
1201	0.00555
1202	0.00891
1203	0.01226
1204	0.01462
1205	0.01549
1206	0.01676
1207	0.01948
1208	0.02153
1209	0.02122
1210	0.01911
1211	0.01671
1212	0.01533
1213	0.01522
1214	0.01589
1215	0.01698
1216	0.01826
1217	0.01975
1218	0.02154
1219	0.02342
1220	0.02544
1221	0.02827
1222	0.03064
1223	0.02878
1224	0.02056
1225	0.00741
1226	-0.00748
1227	-0.02056
1228	-0.02877
1229	-0.03078
1230	-0.02920
1231	-0.02969
1232	-0.03032
1233	0.09791
1234	0.08025
1235	0.03461
1236	0.07841
1237	0.36056
1238	0.49875
1239	0.36360
1240	0.27030
1241	0.29135
1242	0.33542
1243	0.25967
1244	0.12759
1245	0.10440
1246	0.03428
1247	-0.08187
1248	-0.12705
1249	-0.15276
1250	-0.16181
1251	-0.17537
1252	-0.21848
1253	-0.26718
1254	-0.28154
1255	-0.24600
1256	-0.29730
1257	-0.32059
1258	-0.30388
1259	-0.35421
1260	-0.37380
1261	-0.36553
1262	-0.33191
1263	-0.33718
1264	-0.35385
1265	-0.40064
1266	-0.45320
1267	-0.51042
1268	-0.52287
1269	-0.52634
1270	-0.57830
1271	-0.65598
1272	-0.70099
1273	-0.75914
1274	-0.86339
1275	-0.97431
1276	-1.09185
1277	-1.17665
1278	-1.32646
1279	-1.43308
1280	-1.45831
1281	-1.50785
1282	-1.61296
1283	-1.68251
1284	-1.65084
1285	-1.69080
1286	-1.75510
1287	-1.76793
1288	-1.56684
1289	-1.31100
1290	-1.33659
1291	-1.30654
1292	-0.95983
1293	-0.77023
1294	-0.67854
1295	-0.43814
1296	-0.31469
1297	-0.32094
1298	-0.17569
1299	0.04392
1300	0.06113
1301	0.06726
1302	0.05144
1303	0.02389
1304	0.00409
1305	-0.00031
1306	0.00501
1307	0.01201
1308	0.01657
1309	0.01824
1310	0.01834
1311	0.01774
1312	0.01695
1313	0.01647
1314	0.01591
1315	0.01529
1316	0.01534
1317	0.01567
1318	0.01588
1319	0.01670
1320	0.01835
1321	0.02013
1322	0.02108
1323	0.02082
1324	0.02076
1325	0.02138
1326	0.02031
1327	0.01625
1328	0.01026
1329	0.00270
1330	-0.00662
1331	-0.01613
1332	-0.02341
1333	-0.02737
1334	-0.02955
1335	-0.03292
1336	-0.03262
1337	0.05286
1338	0.04810
1339	0.03716
1340	0.16733
1341	0.43060
1342	0.53561
1343	0.40063
1344	0.18408
1345	0.06669
1346	0.08935
1347	0.11716
1348	0.11190
1349	0.11303
1350	0.06335
1351	-0.10074
1352	-0.16606
1353	-0.17297
1354	-0.25486
1355	-0.34118
1356	-0.33305
1357	-0.28230
1358	-0.38499
1359	-0.43310
1360	-0.39588
1361	-0.41493
1362	-0.44346
1363	-0.45395
1364	-0.47281
1365	-0.46659
1366	-0.46628
1367	-0.42841
1368	-0.41536
1369	-0.44209
1370	-0.49941
1371	-0.55850
1372	-0.56495
1373	-0.60092
1374	-0.61437
1375	-0.64459
1376	-0.73627
1377	-0.78206
1378	-0.87690
1379	-0.96810
1380	-1.04279
1381	-1.13817
1382	-1.23971
1383	-1.37863
1384	-1.47601
1385	-1.55071
1386	-1.63232
1387	-1.70819
1388	-1.73944
1389	-1.75257
1390	-1.86285
1391	-1.85018
1392	-1.56726
1393	-1.41644
1394	-1.47412
1395	-1.26322
1396	-0.90293
1397	-0.81695
1398	-0.63200
1399	-0.32009
1400	-0.26878
1401	-0.25681
1402	-0.10755
1403	0.03257
1404	0.05056
1405	0.06534
1406	0.06099
1407	0.03863
1408	0.01491
1409	0.00218
1410	0.00102
1411	0.00598
1412	0.01168
1413	0.01590
1414	0.01888
1415	0.02070
1416	0.02052
1417	0.01852
1418	0.01593
1419	0.01384
1420	0.01350
1421	0.01506
1422	0.01661
1423	0.01698
1424	0.01781
1425	0.02058
1426	0.02408
1427	0.02635
1428	0.02676
1429	0.02563
1430	0.02241
1431	0.01565
1432	0.00564
1433	-0.00488
1434	-0.01301
1435	-0.01729
1436	-0.01882
1437	-0.02315
1438	-0.03597
1439	-0.04899
1440	0.17381
1441	0.17994
1442	0.03837
1443	0.02056
1444	0.26622
1445	0.48606
1446	0.32151
1447	-0.02135
1448	-0.05793
1449	0.17913
1450	0.28891
1451	0.16558
1452	0.01013
1453	-0.02309
1454	-0.19513
1455	-0.33382
1456	-0.35039
1457	-0.45010
1458	-0.51512
1459	-0.49102
1460	-0.45982
1461	-0.52370
1462	-0.54095
1463	-0.52931
1464	-0.58949
1465	-0.60317
1466	-0.55375
1467	-0.56802
1468	-0.58000
1469	-0.48619
1470	-0.47359
1471	-0.53715
1472	-0.54841
1473	-0.59469
1474	-0.64290
1475	-0.69072
1476	-0.71571
1477	-0.74712
1478	-0.75484
1479	-0.80367
1480	-0.89233
1481	-0.97071
1482	-1.04511
1483	-1.13826
1484	-1.27716
1485	-1.38140
1486	-1.48422
1487	-1.56280
1488	-1.65630
1489	-1.71516
1490	-1.71381
1491	-1.82037
1492	-1.80206
1493	-1.85803
1494	-1.97569
1495	-1.68760
1496	-1.44210
1497	-1.51363
1498	-1.37475
1499	-0.88878
1500	-0.72958
1501	-0.69018
1502	-0.38996
1503	-0.21239
1504	-0.12191
1505	-0.05411
1506	0.05199
1507	0.05233
1508	0.03881
1509	0.02189
1510	0.01225
1511	0.01093
1512	0.01341
1513	0.01565
1514	0.01640
1515	0.01629
1516	0.01643
1517	0.01738
1518	0.01846
1519	0.01876
1520	0.01840
1521	0.01735
1522	0.01551
1523	0.01438
1524	0.01537
1525	0.01753
1526	0.01896
1527	0.01989
1528	0.02226
1529	0.02564
1530	0.02743
1531	0.02726
1532	0.02696
1533	0.02611
1534	0.02205
1535	0.01347
1536	0.00155
1537	-0.01059
1538	-0.01999
1539	-0.02554
1540	-0.02725
1541	-0.02879
1542	-0.03532
1543	-0.03532
1544	0.15055
1545	0.13568
1546	0.07851
1547	0.20218
1548	0.38180
1549	0.36852
1550	0.28225
1551	0.26742
1552	0.24589
1553	0.17634
1554	0.18788
1555	0.07038
1556	-0.08789
1557	-0.16237
1558	-0.25945
1559	-0.35538
1560	-0.49750
1561	-0.52286
1562	-0.48378
1563	-0.49497
1564	-0.54137
1565	-0.59866
1566	-0.59784
1567	-0.64139
1568	-0.64406
1569	-0.64908
1570	-0.64469
1571	-0.66987
1572	-0.67398
1573	-0.67517
1574	-0.66670
1575	-0.64896
1576	-0.67601
1577	-0.75090
1578	-0.78367
1579	-0.75640
1580	-0.78469
1581	-0.79780
1582	-0.83239
1583	-0.85353
1584	-0.88088
1585	-0.95827
1586	-1.01902
1587	-1.14824
1588	-1.25031
1589	-1.37083
1590	-1.51285
1591	-1.55405
1592	-1.58541
1593	-1.65910
1594	-1.76150
1595	-1.83002
1596	-1.84313
1597	-1.82302
1598	-1.77517
1599	-1.78861
1600	-1.66352
1601	-1.38135
1602	-1.30841
1603	-1.31509
1604	-1.02625
1605	-0.74389
1606	-0.72699
1607	-0.56311
1608	-0.27941
1609	-0.13998
1610	-0.12006
1611	-0.02285
1612	0.06162
1613	0.06347
1614	0.04654
1615	0.02223
1616	0.00660
1617	0.00383
1618	0.00788
1619	0.01204
1620	0.01399
1621	0.01505
1622	0.01659
1623	0.01790
1624	0.01815
1625	0.01736
1626	0.01568
1627	0.01429
1628	0.01439
1629	0.01562
1630	0.01731
1631	0.01911
1632	0.02092
1633	0.02277
1634	0.02361
1635	0.02291
1636	0.02251
1637	0.02270
1638	0.02073
1639	0.01521
1640	0.00684
1641	-0.00319
1642	-0.01293
1643	-0.02053
1644	-0.02668
1645	-0.03526
1646	-0.04627
1647	-0.04568
1648	0.13224
1649	0.06647
1650	-0.03212
1651	0.15291
1652	0.41459
1653	0.44227
1654	0.30615
1655	0.15246
1656	0.09535
1657	0.14246
1658	0.16966
1659	0.03871
1660	-0.06939
1661	-0.07285
1662	-0.15941
1663	-0.25902
1664	-0.23619
1665	-0.33182
1666	-0.42910
1667	-0.38167
1668	-0.41335
1669	-0.49407
1670	-0.52135
1671	-0.52229
1672	-0.53925
1673	-0.52517
1674	-0.55624
1675	-0.58307
1676	-0.54775
1677	-0.54822
1678	-0.52661
1679	-0.52155
1680	-0.56039
1681	-0.60278
1682	-0.66010
1683	-0.69618
1684	-0.69020
1685	-0.68487
1686	-0.74290
1687	-0.85933
1688	-0.87954
1689	-0.93732
1690	-1.05161
1691	-1.18442
1692	-1.32420
1693	-1.44524
1694	-1.53103
1695	-1.60080
1696	-1.62741
1697	-1.70881
1698	-1.77142
1699	-1.75065
1700	-1.90976
1701	-1.94509
1702	-1.62342
1703	-1.38174
1704	-1.46233
1705	-1.32841
1706	-0.90005
1707	-0.84726
1708	-0.71168
1709	-0.31788
1710	-0.20698
1711	-0.27253
1712	-0.15107
1713	0.03534
1714	0.05360
1715	0.06634
1716	0.05983
1717	0.03743
1718	0.01558
1719	0.00505
1720	0.00566
1721	0.01122
1722	0.01537
1723	0.01595
1724	0.01404
1725	0.01183
1726	0.01167
1727	0.01404
1728	0.01660
1729	0.01747
1730	0.01724
1731	0.01691
1732	0.01687
1733	0.01805
1734	0.02113
1735	0.02452
1736	0.02588
1737	0.02551
1738	0.02534
1739	0.02456
1740	0.02075
1741	0.01422
1742	0.00625
1743	-0.00316
1744	-0.01237
1745	-0.01778
1746	-0.02036
1747	-0.02808
1748	-0.04327
1749	-0.04946
1750	0.18607
1751	0.17716
1752	-0.00289
1753	0.03372
1754	0.32694
1755	0.50723
1756	0.35046
1757	0.08883
1758	0.05294
1759	0.12309
1760	0.16979
1761	0.01524
1762	-0.10761
1763	-0.04532
1764	-0.14046
1765	-0.24367
1766	-0.34849
1767	-0.47030
1768	-0.50389
1769	-0.47578
1770	-0.43282
1771	-0.54507
1772	-0.59485
1773	-0.60155
1774	-0.64058
1775	-0.65007
1776	-0.64932
1777	-0.65742
1778	-0.73700
1779	-0.72341
1780	-0.63581
1781	-0.62002
1782	-0.66958
1783	-0.73748
1784	-0.77883
1785	-0.73502
1786	-0.74406
1787	-0.75656
1788	-0.80508
1789	-0.88423
1790	-0.92654
1791	-0.98870
1792	-1.03864
1793	-1.16896
1794	-1.24113
1795	-1.34188
1796	-1.47917
1797	-1.51673
1798	-1.58201
1799	-1.66361
1800	-1.77669
1801	-1.86744
1802	-1.85694
1803	-1.85225
1804	-1.79092
1805	-1.81361
1806	-1.71886
1807	-1.46576
1808	-1.41683
1809	-1.37114
1810	-1.04254
1811	-0.73841
1812	-0.71090
1813	-0.57033
1814	-0.25294
1815	-0.12206
1816	-0.09305
1817	0.04381
1818	0.05901
1819	0.06366
1820	0.04951
1821	0.02593
1822	0.00890
1823	0.00413
1824	0.00754
1825	0.01291
1826	0.01631
1827	0.01756
1828	0.01824
1829	0.01836
1830	0.01757
1831	0.01673
1832	0.01595
1833	0.01525
1834	0.01517
1835	0.01532
1836	0.01580
1837	0.01752
1838	0.01999
1839	0.02134
1840	0.02060
1841	0.01913
1842	0.01718
1843	0.01315
1844	0.00711
1845	0.00041
1846	-0.00540
1847	-0.00878
1848	-0.01048
1849	-0.01213
1850	-0.01391
1851	-0.01849
1852	-0.02982
1853	-0.03816
1854	-0.02262
1855	0.10930
1856	0.03110
1857	0.13439
1858	0.45465
1859	0.48526
1860	0.21765
1861	0.09015
1862	0.03345
1863	0.14802
1864	0.30228
1865	0.14517
1866	0.02729
1867	0.08703
1868	0.00957
1869	-0.06759
1870	0.00697
1871	-0.07626
1872	-0.26415
1873	-0.17728
1874	-0.16205
1875	-0.29030
1876	-0.25710
1877	-0.26288
1878	-0.35574
1879	-0.41390
1880	-0.39495
1881	-0.42160
1882	-0.44631
1883	-0.43281
1884	-0.47129
1885	-0.49095
1886	-0.48234
1887	-0.49159
1888	-0.53794
1889	-0.60678
1890	-0.61697
1891	-0.65240
1892	-0.73624
1893	-0.80740
1894	-0.86671
1895	-0.89779
1896	-0.97325
1897	-1.09412
1898	-1.18975
1899	-1.34902
1900	-1.50592
1901	-1.60131
1902	-1.67899
1903	-1.76037
1904	-1.82340
1905	-1.85092
1906	-1.87823
1907	-2.02129
1908	-1.92982
1909	-1.59635
1910	-1.52656
1911	-1.54304
1912	-1.16742
1913	-0.83569
1914	-0.78852
1915	-0.50765
1916	-0.20911
1917	-0.19414
1918	-0.19581
1919	0.03740
1920	0.05575
1921	0.06669
1922	0.05671
1923	0.03258
1924	0.01129
1925	0.00175
1926	0.00249
1927	0.00705
1928	0.01097
1929	0.01420
1930	0.01677
1931	0.01815
1932	0.01906
1933	0.01971
1934	0.01966
1935	0.01934
1936	0.01893
1937	0.01805
1938	0.01735
1939	0.01769
1940	0.01912
1941	0.02131
1942	0.02327
1943	0.02446
1944	0.02614
1945	0.02773
1946	0.02552
1947	0.01801
1948	0.00754
1949	-0.00294
1950	-0.01131
1951	-0.01669
1952	-0.01951
1953	-0.02268
1954	-0.03195
1955	-0.04497
1956	-0.03985
1957	0.22453
1958	0.16064
1959	0.05656
1960	0.24398
1961	0.50217
1962	0.46092
1963	0.29622
1964	0.21552
1965	0.17741
1966	0.15623
1967	0.10184
1968	0.02635
1969	0.03053
1970	-0.04899
1971	-0.13856
1972	-0.17300
1973	-0.26721
1974	-0.30403
1975	-0.28322
1976	-0.24374
1977	-0.29616
1978	-0.38487
1979	-0.34239
1980	-0.34631
1981	-0.39522
1982	-0.36056
1983	-0.30268
1984	-0.39666
1985	-0.46003
1986	-0.38176
1987	-0.33834
1988	-0.34287
1989	-0.36586
1990	-0.45882
1991	-0.51184
1992	-0.53133
1993	-0.57135
1994	-0.61404
1995	-0.70115
1996	-0.77258
1997	-0.84420
1998	-0.91727
1999	-1.01209
2000	-1.15496
2001	-1.26562
2002	-1.39635
2003	-1.52149
2004	-1.60351
2005	-1.58784
2006	-1.65636
2007	-1.77069
2008	-1.68629
2009	-1.70379
2010	-1.82257
2011	-1.70317
2012	-1.44698
2013	-1.37497
2014	-1.41606
2015	-1.08079
2016	-0.73672
2017	-0.72532
2018	-0.56751
2019	-0.31602
2020	-0.28241
2021	-0.21243
2022	0.00354
2023	0.05329
2024	0.06215
2025	0.05062
2026	0.02565
2027	0.00631
2028	0.00077
2029	0.00441
2030	0.00990
2031	0.01324
2032	0.01492
2033	0.01653
2034	0.01839
2035	0.01970
2036	0.01936
2037	0.01750
2038	0.01515
2039	0.01333
2040	0.01309
2041	0.01442
2042	0.01643
2043	0.01857
2044	0.02034
2045	0.02164
2046	0.02296
2047	0.02409
2048	0.02442
2049	0.02409
2050	0.02163
2051	0.01493
2052	0.00539
2053	-0.00385
2054	-0.01103
2055	-0.01545
2056	-0.01833
2057	-0.02483
2058	-0.03857
2059	-0.04843
2060	0.14973
2061	0.14068
2062	-0.00018
2063	0.01207
2064	0.30489
2065	0.49430
2066	0.33832
2067	0.12822
2068	0.04518
2069	0.11683
2070	0.19731
2071	0.08674
2072	-0.02928
2073	-0.03966
2074	-0.12818
2075	-0.15060
2076	-0.14120
2077	-0.24482
2078	-0.34986
2079	-0.29109
2080	-0.26154
2081	-0.33607
2082	-0.34260
2083	-0.34538
2084	-0.34798
2085	-0.37409
2086	-0.41370
2087	-0.41948
2088	-0.39986
2089	-0.41427
2090	-0.38183
2091	-0.34294
2092	-0.45338
2093	-0.50061
2094	-0.53576
2095	-0.62778
2096	-0.62841
2097	-0.64489
2098	-0.70286
2099	-0.76826
2100	-0.82210
2101	-0.84679
2102	-0.92174
2103	-1.05217
2104	-1.14357
2105	-1.25002
2106	-1.38750
2107	-1.43666
2108	-1.48341
2109	-1.56669
2110	-1.65661
2111	-1.73346
2112	-1.81030
2113	-1.85815
2114	-1.87824
2115	-1.81886
2116	-1.57854
2117	-1.48004
2118	-1.49700
2119	-1.18570
2120	-0.87538
2121	-0.87980
2122	-0.70796
2123	-0.35367
2124	-0.25516
2125	-0.24817
2126	-0.07254
2127	0.02655
2128	0.04353
2129	0.06413
2130	0.06833
2131	0.04980
2132	0.02317
2133	0.00453
2134	-0.00155
2135	0.00174
2136	0.00877
2137	0.01514
2138	0.01925
2139	0.02076
2140	0.01998
2141	0.01851
2142	0.01730
2143	0.01598
2144	0.01485
2145	0.01459
2146	0.01505
2147	0.01615
2148	0.01822
2149	0.02103
2150	0.02350
2151	0.02457
2152	0.02426
2153	0.02396
2154	0.02411
2155	0.02299
2156	0.01921
2157	0.01264
2158	0.00337
2159	-0.00753
2160	-0.01776
2161	-0.02533
2162	-0.02887
2163	-0.02918
2164	-0.03010
2165	-0.02725
2166	0.10298
2167	0.12584
2168	0.02527
2169	0.14707
2170	0.36701
2171	0.22636
2172	0.16128
2173	0.32061
2174	0.41008
2175	0.34245
2176	0.26380
2177	0.20524
2178	0.09896
2179	0.01811
2180	-0.11075
2181	-0.18003
2182	-0.16596
2183	-0.24430
2184	-0.23778
2185	-0.19625
2186	-0.27907
2187	-0.35014
2188	-0.38982
2189	-0.44225
2190	-0.43396
2191	-0.43346
2192	-0.49379
2193	-0.42642
2194	-0.39042
2195	-0.45372
2196	-0.42704
2197	-0.43159
2198	-0.47275
2199	-0.48520
2200	-0.55911
2201	-0.60078
2202	-0.60407
2203	-0.62967
2204	-0.69728
2205	-0.77215
2206	-0.86730
2207	-0.89580
2208	-0.96897
2209	-1.09353
2210	-1.22277
2211	-1.30247
2212	-1.45854
2213	-1.56445
2214	-1.58034
2215	-1.69225
2216	-1.74924
2217	-1.82169
2218	-1.87518
2219	-1.81924
2220	-1.77468
2221	-1.79034
2222	-1.71028
2223	-1.45212
2224	-1.33859
2225	-1.31683
2226	-1.10546
2227	-0.80820
2228	-0.68802
2229	-0.57211
2230	-0.33247
2231	-0.17382
2232	-0.13884
2233	-0.03096
2234	0.05632
2235	0.06313
2236	0.05012
2237	0.02593
2238	0.00728
2239	0.00039
2240	0.00186
2241	0.00624
2242	0.01031
2243	0.01377
2244	0.01648
2245	0.01759
2246	0.01770
2247	0.01798
2248	0.01778
2249	0.01613
2250	0.01388
2251	0.01266
2252	0.01284
2253	0.01410
2254	0.01636
2255	0.01887
2256	0.02063
2257	0.02167
2258	0.02213
2259	0.02226
2260	0.02364
2261	0.02564
2262	0.02415
2263	0.01746
2264	0.00729
2265	-0.00486
2266	-0.01689
2267	-0.02504
2268	-0.02787
2269	-0.02791
2270	-0.02774
2271	-0.02589
2272	-0.01454
2273	0.07247
2274	-0.06381
2275	0.00663
2276	0.30246
2277	0.41729
2278	0.33853
2279	0.40381
2280	0.43748
2281	0.34412
2282	0.18990
2283	0.06948
2284	0.15780
2285	0.23225
2286	0.12163
2287	0.03254
2288	0.09305
2289	0.07930
2290	-0.04168
2291	0.01203
2292	-0.00827
2293	-0.11144
2294	-0.11185
2295	-0.10482
2296	-0.15318
2297	-0.15763
2298	-0.16354
2299	-0.15289
2300	-0.14539
2301	-0.22602
2302	-0.19637
2303	-0.18468
2304	-0.25557
2305	-0.25774
2306	-0.28657
2307	-0.33769
2308	-0.35810
2309	-0.33209
2310	-0.36542
2311	-0.46536
2312	-0.54567
2313	-0.60642
2314	-0.69565
2315	-0.77011
2316	-0.81309
2317	-0.87281
2318	-1.04288
2319	-1.18307
2320	-1.22839
2321	-1.31459
2322	-1.43418
2323	-1.51754
2324	-1.61532
2325	-1.67554
2326	-1.64967
2327	-1.67854
2328	-1.78643
2329	-1.71354
2330	-1.46658
2331	-1.40685
2332	-1.40785
2333	-1.03901
2334	-0.77583
2335	-0.78690
2336	-0.55516
2337	-0.21035
2338	-0.21179
2339	-0.27781
2340	-0.08519
2341	0.04682
2342	0.06177
2343	0.06023
2344	0.04009
2345	0.01610
2346	0.00213
2347	-0.00018
2348	0.00379
2349	0.00900
2350	0.01286
2351	0.01543
2352	0.01787
2353	0.01975
2354	0.02010
2355	0.01948
2356	0.01853
2357	0.01727
2358	0.01604
2359	0.01530
2360	0.01511
2361	0.01564
2362	0.01699
2363	0.01875
2364	0.02057
2365	0.02239
2366	0.02435
2367	0.02618
2368	0.02563
2369	0.02046
2370	0.01183
2371	0.00208
2372	-0.00718
2373	-0.01367
2374	-0.01628
2375	-0.01986
2376	-0.03169
2377	-0.04676
2378	-0.04345
2379	0.14996
2380	0.12374
2381	-0.01394
2382	0.05273
2383	0.41254
2384	0.46524
2385	0.18826
2386	0.05743
2387	0.13472
2388	0.20427
2389	0.18128
2390	0.04719
2391	-0.04391
2392	-0.08495
2393	-0.19179
2394	-0.26299
2395	-0.32367
2396	-0.42504
2397	-0.47192
2398	-0.46007
2399	-0.48447
2400	-0.55066
2401	-0.58326
2402	-0.58426
2403	-0.56628
2404	-0.56920
2405	-0.57973
2406	-0.59654
2407	-0.60062
2408	-0.58957
2409	-0.54974
2410	-0.57054
2411	-0.62063
2412	-0.66366
2413	-0.74475
2414	-0.78874
2415	-0.80484
2416	-0.80715
2417	-0.84758
2418	-0.90737
2419	-0.97352
2420	-0.99422
2421	-1.05498
2422	-1.17136
2423	-1.26116
2424	-1.38311
2425	-1.47664
2426	-1.54457
2427	-1.60895
2428	-1.67487
2429	-1.75098
2430	-1.84373
2431	-1.93823
2432	-1.96259
2433	-1.91013
2434	-1.83958
2435	-1.79899
2436	-1.72136
2437	-1.46205
2438	-1.26016
2439	-1.19642
2440	-1.03255
2441	-0.78099
2442	-0.63945
2443	-0.43224
2444	-0.21394
2445	-0.11951
2446	-0.07769
2447	0.03181
2448	0.05160
2449	0.06598
2450	0.05924
2451	0.03650
2452	0.01511
2453	0.00474
2454	0.00465
2455	0.00962
2456	0.01421
2457	0.01585
2458	0.01536
2459	0.01506
2460	0.01590
2461	0.01655
2462	0.01561
2463	0.01479
2464	0.01546
2465	0.01520
2466	0.01419
2467	0.01556
2468	0.01871
2469	0.02142
2470	0.02264
2471	0.02237
2472	0.02266
2473	0.02408
2474	0.02388
2475	0.02049
2476	0.01390
2477	0.00381
2478	-0.00854
2479	-0.01912
2480	-0.02386
2481	-0.02306
2482	-0.02074
2483	-0.02103
2484	-0.02552
2485	-0.02572
2486	0.11646
2487	0.05644
2488	-0.09169
2489	0.11871
2490	0.43023
2491	0.40315
2492	0.23976
2493	0.19026
2494	0.16154
2495	0.12953
2496	0.16704
2497	0.07747
2498	0.04900
2499	0.01771
2500	-0.10479
2501	-0.16576
2502	-0.14109
2503	-0.19438
2504	-0.32971
2505	-0.29325
2506	-0.31325
2507	-0.45687
2508	-0.50896
2509	-0.48397
2510	-0.47725
2511	-0.48093
2512	-0.51938
2513	-0.57844
2514	-0.59388
2515	-0.58774
2516	-0.56797
2517	-0.59482
2518	-0.61264
2519	-0.61593
2520	-0.70218
2521	-0.70037
2522	-0.72014
2523	-0.76297
2524	-0.80121
2525	-0.88470
2526	-0.94645
2527	-0.98632
2528	-1.01992
2529	-1.16605
2530	-1.22947
2531	-1.30668
2532	-1.46081
2533	-1.56077
2534	-1.60865
2535	-1.62224
2536	-1.72019
2537	-1.77602
2538	-1.79499
2539	-1.78706
2540	-1.77445
2541	-1.80379
2542	-1.62039
2543	-1.42970
2544	-1.39792
2545	-1.31107
2546	-0.98170
2547	-0.79711
2548	-0.78946
2549	-0.55861
2550	-0.32356
2551	-0.19866
2552	-0.16340
2553	0.00226
2554	0.05167
2555	0.05929
2556	0.04984
2557	0.02916
2558	0.01222
2559	0.00536
2560	0.00590
2561	0.00923
2562	0.01248
2563	0.01469
2564	0.01580
2565	0.01626
2566	0.01662
2567	0.01698
2568	0.01725
2569	0.01743
2570	0.01758
2571	0.01768
2572	0.01740
2573	0.01645
2574	0.01572
2575	0.01679
2576	0.01952
2577	0.02203
2578	0.02365
2579	0.02518
2580	0.02556
2581	0.02218
2582	0.01517
2583	0.00703
2584	-0.00066
2585	-0.00700
2586	-0.01188
2587	-0.01665
2588	-0.02186
2589	-0.02753
2590	-0.03474
2591	-0.03610
2592	0.10249
2593	0.11224
2594	0.06738
2595	0.13764
2596	0.34339
2597	0.42044
2598	0.29567
2599	0.25461
2600	0.23379
2601	0.20674
2602	0.17532
2603	0.10720
2604	0.11267
2605	0.09762
2606	-0.04626
2607	-0.12387
2608	-0.15633
2609	-0.27776
2610	-0.31702
2611	-0.25011
2612	-0.26065
2613	-0.33318
2614	-0.36591
2615	-0.36499
2616	-0.34200
2617	-0.34594
2618	-0.37878
2619	-0.31158
2620	-0.34297
2621	-0.45347
2622	-0.34412
2623	-0.31929
2624	-0.38334
2625	-0.41177
2626	-0.48242
2627	-0.51274
2628	-0.49969
2629	-0.48181
2630	-0.57047
2631	-0.61441
2632	-0.70467
2633	-0.82119
2634	-0.84975
2635	-0.94008
2636	-1.03605
2637	-1.14655
2638	-1.28306
2639	-1.38673
2640	-1.46467
2641	-1.54601
2642	-1.65031
2643	-1.75992
2644	-1.84015
2645	-1.81153
2646	-1.76484
2647	-1.80296
2648	-1.81997
2649	-1.62927
2650	-1.38957
2651	-1.33949
2652	-1.23550
2653	-0.87146
2654	-0.63269
2655	-0.59904
2656	-0.33935
2657	-0.11761
2658	-0.15269
2659	0.02236
2660	0.03510
2661	0.05569
2662	0.06617
2663	0.05568
2664	0.03265
2665	0.01248
2666	0.00239
2667	0.00137
2668	0.00491
2669	0.00935
2670	0.01328
2671	0.01582
2672	0.01711
2673	0.01839
2674	0.01912
2675	0.01771
2676	0.01510
2677	0.01368
2678	0.01427
2679	0.01602
2680	0.01764
2681	0.01855
2682	0.01942
2683	0.02110
2684	0.02308
2685	0.02472
2686	0.02700
2687	0.02944
2688	0.02885
2689	0.02380
2690	0.01474
2691	0.00252
2692	-0.01005
2693	-0.01975
2694	-0.02575
2695	-0.02874
2696	-0.03036
2697	-0.03281
2698	-0.02917
2699	0.12462
2700	0.10105
2701	-0.04188
2702	0.08146
2703	0.32325
2704	0.35348
2705	0.23618
2706	0.20108
2707	0.36194
2708	0.32180
2709	0.16225
2710	0.13948
2711	0.11614
2712	0.03890
2713	-0.07068
2714	-0.12942
2715	-0.12152
2716	-0.18063
2717	-0.20292
2718	-0.21525
2719	-0.24949
2720	-0.28370
2721	-0.34700
2722	-0.36140
2723	-0.40709
2724	-0.39808
2725	-0.39115
2726	-0.42174
2727	-0.43585
2728	-0.46448
2729	-0.37874
2730	-0.38595
2731	-0.46069
2732	-0.46958
2733	-0.55170
2734	-0.62388
2735	-0.62715
2736	-0.59973
2737	-0.65027
2738	-0.70401
2739	-0.76421
2740	-0.82513
2741	-0.87092
2742	-0.95928
2743	-1.05259
2744	-1.17576
2745	-1.32702
2746	-1.41328
2747	-1.45770
2748	-1.55467
2749	-1.62970
2750	-1.72937
2751	-1.83570
2752	-1.82655
2753	-1.79925
2754	-1.87713
2755	-1.80641
2756	-1.52025
2757	-1.39153
2758	-1.41626
2759	-1.11631
2760	-0.79952
2761	-0.72129
2762	-0.54888
2763	-0.25675
2764	-0.15487
2765	-0.13199
2766	0.02905
2767	0.04558
2768	0.06265
2769	0.06338
2770	0.04580
2771	0.02301
2772	0.00745
2773	0.00284
2774	0.00594
2775	0.01139
2776	0.01575
2777	0.01771
2778	0.01742
2779	0.01654
2780	0.01675
2781	0.01759
2782	0.01752
2783	0.01674
2784	0.01649
2785	0.01667
2786	0.01703
2787	0.01841
2788	0.02071
2789	0.02304
2790	0.02498
2791	0.02644
2792	0.02725
2793	0.02593
2794	0.02052
2795	0.01178
2796	0.00217
2797	-0.00675
2798	-0.01387
2799	-0.01848
2800	-0.02132
2801	-0.02326
2802	-0.02461
2803	-0.02616
2804	-0.02422
2805	0.08820
2806	0.08087
2807	0.00706
2808	0.11564
2809	0.40479
2810	0.42336
2811	0.21849
2812	0.22631
2813	0.26319
2814	0.21858
2815	0.20156
2816	0.15228
2817	0.13764
2818	0.10159
2819	-0.05462
2820	-0.13911
2821	-0.09555
2822	-0.14657
2823	-0.20740
2824	-0.17582
2825	-0.19974
2826	-0.24912
2827	-0.32917
2828	-0.42659
2829	-0.41825
2830	-0.39046
2831	-0.41367
2832	-0.39840
2833	-0.39950
2834	-0.44885
2835	-0.45447
2836	-0.45097
2837	-0.43464
2838	-0.46433
2839	-0.53062
2840	-0.57367
2841	-0.57076
2842	-0.58101
2843	-0.64675
2844	-0.69729
2845	-0.80385
2846	-0.86503
2847	-0.89580
2848	-0.98179
2849	-1.09449
2850	-1.21001
2851	-1.35063
2852	-1.46783
2853	-1.53934
2854	-1.63900
2855	-1.69389
2856	-1.76236
2857	-1.82887
2858	-1.80629
2859	-1.82821
2860	-1.89772
2861	-1.73363
2862	-1.42492
2863	-1.44565
2864	-1.38681
2865	-0.93325
2866	-0.78005
2867	-0.73369
2868	-0.40235
2869	-0.17140
2870	-0.21877
2871	-0.17728
2872	0.04276
2873	0.05745
2874	0.05988
2875	0.04393
2876	0.02218
2877	0.00892
2878	0.00647
2879	0.00988
2880	0.01443
2881	0.01660
2882	0.01556
2883	0.01404
2884	0.01373
2885	0.01434
2886	0.01555
2887	0.01622
2888	0.01544
2889	0.01446
2890	0.01469
2891	0.01570
2892	0.01693
2893	0.01896
2894	0.02181
2895	0.02480
2896	0.02732
2897	0.02877
2898	0.02929
2899	0.02878
2900	0.02551
2901	0.01834
2902	0.00822
2903	-0.00300
2904	-0.01336
2905	-0.02073
2906	-0.02408
2907	-0.02466
2908	-0.02616
2909	-0.03165
2910	-0.03167
2911	0.11181
2912	0.08152
2913	0.01286
2914	0.15366
2915	0.45058
2916	0.44859
2917	0.32575
2918	0.28243
2919	0.26242
2920	0.24532
2921	0.19915
2922	0.12319
2923	0.10879
2924	0.05360
2925	-0.10183
2926	-0.18983
2927	-0.18986
2928	-0.27744
2929	-0.35606
2930	-0.31622
2931	-0.37458
2932	-0.42597
2933	-0.42378
2934	-0.49777
2935	-0.45897
2936	-0.46924
2937	-0.51729
2938	-0.45908
2939	-0.47318
2940	-0.49698
2941	-0.40426
2942	-0.40253
2943	-0.44691
2944	-0.43856
2945	-0.51775
2946	-0.57619
2947	-0.54585
2948	-0.56563
2949	-0.60797
2950	-0.63543
2951	-0.69838
2952	-0.76725
2953	-0.83713
2954	-0.95159
2955	-1.02001
2956	-1.08940
2957	-1.21306
2958	-1.27804
2959	-1.36424
2960	-1.45785
2961	-1.50905
2962	-1.60342
2963	-1.72452
2964	-1.72840
2965	-1.67436
2966	-1.69244
2967	-1.74925
2968	-1.67386
2969	-1.45797
2970	-1.37802
2971	-1.35481
2972	-1.10892
2973	-0.91742
2974	-0.78979
2975	-0.54370
2976	-0.31372
2977	-0.24390
2978	-0.22122
2979	-0.04704
2980	0.03895
2981	0.05807
2982	0.06734
2983	0.05367
2984	0.02548
2985	0.00315
2986	-0.00265
2987	0.00471
2988	0.01548
2989	0.02173
2990	0.02242
2991	0.02016
2992	0.01680
2993	0.01400
2994	0.01301
2995	0.01369
2996	0.01566
2997	0.01804
2998	0.01897
2999	0.01782
3000	0.01628
3001	0.01587
3002	0.01617
3003	0.01680
3004	0.01900
3005	0.02185
3006	0.02182
3007	0.01904
3008	0.01600
3009	0.01239
3010	0.00685
3011	-0.00087
3012	-0.01001
3013	-0.01904
3014	-0.02698
3015	-0.03525
3016	-0.04387
3017	-0.04010
3018	0.14596
3019	0.07769
3020	-0.04410
3021	0.13084
3022	0.37400
3023	0.38624
3024	0.20943
3025	0.13294
3026	0.20740
3027	0.17575
3028	0.18353
3029	0.10855
3030	0.01291
3031	-0.00913
3032	-0.18618
3033	-0.24807
3034	-0.27851
3035	-0.43516
3036	-0.49730
3037	-0.43651
3038	-0.45049
3039	-0.60765
3040	-0.58721
3041	-0.58165
3042	-0.63052
3043	-0.58354
3044	-0.56960
3045	-0.61826
3046	-0.66685
3047	-0.64263
3048	-0.61935
3049	-0.58561
3050	-0.56032
3051	-0.63354
3052	-0.68794
3053	-0.68602
3054	-0.69858
3055	-0.73382
3056	-0.78923
3057	-0.80416
3058	-0.82470
3059	-0.91551
3060	-0.96241
3061	-1.00333
3062	-1.12183
3063	-1.25715
3064	-1.38203
3065	-1.45921
3066	-1.54412
3067	-1.61585
3068	-1.68109
3069	-1.80458
3070	-1.85887
3071	-1.94243
3072	-1.93353
3073	-1.91279
3074	-1.99927
3075	-1.92448
3076	-1.68107
3077	-1.55332
3078	-1.53277
3079	-1.29921
3080	-0.99824
3081	-0.96739
3082	-0.81475
3083	-0.38214
3084	-0.23930
3085	-0.26250
3086	-0.12324
3087	0.04248
3088	0.05926
3089	0.06412
3090	0.04910
3091	0.02576
3092	0.00969
3093	0.00529
3094	0.00882
3095	0.01474
3096	0.01801
3097	0.01755
3098	0.01642
3099	0.01660
3100	0.01780
3101	0.01859
3102	0.01675
3103	0.01338
3104	0.01207
3105	0.01320
3106	0.01501
3107	0.01736
3108	0.02074
3109	0.02431
3110	0.02665
3111	0.02748
3112	0.02745
3113	0.02662
3114	0.02387
3115	0.01811
3116	0.00910
3117	-0.00201
3118	-0.01264
3119	-0.02051
3120	-0.02508
3121	-0.02695
3122	-0.02842
3123	-0.03249
3124	-0.03151
3125	0.11055
3126	0.11417
3127	0.06607
3128	0.15591
3129	0.43497
3130	0.47557
3131	0.32287
3132	0.25176
3133	0.23810
3134	0.13168
3135	0.03370
3136	0.04909
3137	0.08519
3138	0.01565
3139	-0.19726
3140	-0.34475
3141	-0.37602
3142	-0.50488
3143	-0.57370
3144	-0.54001
3145	-0.62476
3146	-0.71810
3147	-0.72599
3148	-0.69711
3149	-0.68009
3150	-0.63111
3151	-0.62145
3152	-0.70074
3153	-0.70326
3154	-0.65173
3155	-0.59624
3156	-0.59815
3157	-0.65614
3158	-0.65837
3159	-0.64415
3160	-0.65439
3161	-0.63473
3162	-0.64632
3163	-0.69732
3164	-0.78984
3165	-0.83409
3166	-0.85913
3167	-0.91150
3168	-1.00740
3169	-1.14822
3170	-1.27121
3171	-1.40339
3172	-1.54518
3173	-1.63138
3174	-1.71108
3175	-1.78221
3176	-1.86199
3177	-1.94673
3178	-1.95613
3179	-1.89514
3180	-1.92888
3181	-1.92767
3182	-1.69681
3183	-1.52092
3184	-1.52621
3185	-1.27228
3186	-0.94401
3187	-0.92953
3188	-0.78724
3189	-0.46711
3190	-0.29576
3191	-0.24682
3192	-0.12866
3193	0.03582
3194	0.05175
3195	0.06318
3196	0.05603
3197	0.03452
3198	0.01480
3199	0.00608
3200	0.00727
3201	0.01305
3202	0.01822
3203	0.02062
3204	0.02087
3205	0.01968
3206	0.01748
3207	0.01541
3208	0.01433
3209	0.01457
3210	0.01592
3211	0.01712
3212	0.01752
3213	0.01819
3214	0.02008
3215	0.02275
3216	0.02522
3217	0.02692
3218	0.02754
3219	0.02526
3220	0.01718
3221	0.00365
3222	-0.01062
3223	-0.02011
3224	-0.02227
3225	-0.01944
3226	-0.01678
3227	-0.01992
3228	-0.03052
3229	-0.03554
3230	0.14757
3231	0.12567
3232	0.04189
3233	0.19005
3234	0.50492
3235	0.52706
3236	0.29765
3237	0.13663
3238	0.06201
3239	0.18482
3240	0.20961
3241	-0.01716
3242	-0.00511
3243	0.09833
3244	0.01185
3245	-0.10339
3246	-0.07923
3247	-0.21795
3248	-0.39311
3249	-0.30885
3250	-0.29681
3251	-0.37550
3252	-0.34644
3253	-0.34839
3254	-0.44662
3255	-0.45779
3256	-0.40338
3257	-0.49262
3258	-0.55352
3259	-0.53105
3260	-0.48458
3261	-0.46121
3262	-0.51523
3263	-0.55454
3264	-0.59136
3265	-0.66570
3266	-0.76555
3267	-0.76116
3268	-0.76272
3269	-0.86140
3270	-0.90610
3271	-0.93304
3272	-0.97300
3273	-1.06864
3274	-1.17567
3275	-1.25316
3276	-1.33138
3277	-1.42613
3278	-1.48585
3279	-1.55989
3280	-1.69278
3281	-1.69284
3282	-1.70810
3283	-1.75811
3284	-1.77208
3285	-1.82378
3286	-1.59990
3287	-1.40109
3288	-1.42593
3289	-1.31099
3290	-0.99059
3291	-0.87350
3292	-0.77064
3293	-0.40717
3294	-0.23860
3295	-0.25928
3296	-0.15876
3297	0.03170
3298	0.04651
3299	0.06125
3300	0.05979
3301	0.04041
3302	0.01784
3303	0.00405
3304	0.00062
3305	0.00387
3306	0.00882
3307	0.01238
3308	0.01502
3309	0.01776
3310	0.01939
3311	0.01861
3312	0.01669
3313	0.01549
3314	0.01503
3315	0.01495
3316	0.01553
3317	0.01655
3318	0.01748
3319	0.01845
3320	0.01982
3321	0.02184
3322	0.02415
3323	0.02584
3324	0.02738
3325	0.02893
3326	0.02695
3327	0.01846
3328	0.00499
3329	-0.00940
3330	-0.02086
3331	-0.02776
3332	-0.03050
3333	-0.03239
3334	-0.03685
3335	-0.03357
3336	0.13154
3337	0.11758
3338	0.01689
3339	0.12239
3340	0.42356
3341	0.32982
3342	0.08637
3343	0.21619
3344	0.29846
3345	0.20968
3346	0.20131
3347	0.11549
3348	-0.01629
3349	-0.10924
3350	-0.18124
3351	-0.28828
3352	-0.32585
3353	-0.39772
3354	-0.47878
3355	-0.41379
3356	-0.45470
3357	-0.52697
3358	-0.55380
3359	-0.62422
3360	-0.64248
3361	-0.60959
3362	-0.57548
3363	-0.59106
3364	-0.63456
3365	-0.63096
3366	-0.58944
3367	-0.64068
3368	-0.66982
3369	-0.63007
3370	-0.69799
3371	-0.77204
3372	-0.73376
3373	-0.71509
3374	-0.81778
3375	-0.83773
3376	-0.86447
3377	-0.96601
3378	-0.99002
3379	-1.08398
3380	-1.16753
3381	-1.27849
3382	-1.40073
3383	-1.48978
3384	-1.59117
3385	-1.63629
3386	-1.69320
3387	-1.73441
3388	-1.77212
3389	-1.73856
3390	-1.75151
3391	-1.85204
3392	-1.62758
3393	-1.29998
3394	-1.25657
3395	-1.19488
3396	-0.77303
3397	-0.46585
3398	-0.44946
3399	-0.27063
3400	-0.10909
3401	-0.06562
3402	0.04196
3403	0.05533
3404	0.05455
3405	0.03847
3406	0.01965
3407	0.00824
3408	0.00555
3409	0.00849
3410	0.01318
3411	0.01671
3412	0.01777
3413	0.01646
3414	0.01431
3415	0.01339
3416	0.01418
3417	0.01505
3418	0.01447
3419	0.01354
3420	0.01398
3421	0.01504
3422	0.01559
3423	0.01643
3424	0.01815
3425	0.02011
3426	0.02217
3427	0.02399
3428	0.02425
3429	0.02366
3430	0.02357
3431	0.02235
3432	0.01815
3433	0.01091
3434	0.00120
3435	-0.00920
3436	-0.01796
3437	-0.02353
3438	-0.02522
3439	-0.02472
3440	-0.02573
3441	-0.02391
3442	0.01898
3443	0.05680
3444	-0.00458
3445	0.06629
3446	0.35142
3447	0.38944
3448	0.26845
3449	0.25886
3450	0.28548
3451	0.25025
3452	0.13485
3453	0.09919
3454	0.11244
3455	0.05072
3456	-0.05867
3457	-0.06980
3458	-0.02549
3459	-0.11105
3460	-0.20832
3461	-0.22378
3462	-0.27487
3463	-0.31297
3464	-0.33001
3465	-0.35506
3466	-0.36906
3467	-0.41692
3468	-0.43625
3469	-0.39066
3470	-0.38538
3471	-0.41264
3472	-0.44008
3473	-0.46139
3474	-0.47734
3475	-0.47981
3476	-0.56312
3477	-0.61071
3478	-0.56689
3479	-0.59487
3480	-0.69099
3481	-0.72975
3482	-0.77033
3483	-0.86026
3484	-0.95798
3485	-0.97765
3486	-1.07655
3487	-1.19479
3488	-1.24821
3489	-1.35534
3490	-1.42497
3491	-1.52515
3492	-1.60922
3493	-1.70682
3494	-1.80690
3495	-1.79126
3496	-1.76141
3497	-1.72205
3498	-1.72096
3499	-1.76684
3500	-1.66587
3501	-1.43774
3502	-1.39608
3503	-1.34903
3504	-1.06848
3505	-0.82579
3506	-0.77323
3507	-0.61154
3508	-0.22637
3509	-0.13881
3510	-0.21355
3511	-0.09289
3512	0.04740
3513	0.05497
3514	0.04715
3515	0.02922
3516	0.01467
3517	0.00905
3518	0.00946
3519	0.01187
3520	0.01417
3521	0.01555
3522	0.01606
3523	0.01737
3524	0.02000
3525	0.02064
3526	0.01756
3527	0.01359
3528	0.01133
3529	0.01139
3530	0.01346
3531	0.01607
3532	0.01817
3533	0.01984
3534	0.02125
3535	0.02269
3536	0.02429
3537	0.02600
3538	0.02767
3539	0.02798
3540	0.02508
3541	0.01842
3542	0.00848
3543	-0.00293
3544	-0.01263
3545	-0.01789
3546	-0.01922
3547	-0.02181
3548	-0.03126
3549	-0.04123
3550	-0.03153
3551	0.12134
3552	-0.01474
3553	-0.07737
3554	0.18929
3555	0.44167
3556	0.34428
3557	0.22224
3558	0.31742
3559	0.33102
3560	0.14287
3561	0.08231
3562	0.12384
3563	0.14378
3564	0.08284
3565	0.02435
3566	0.01095
3567	-0.07261
3568	-0.18089
3569	-0.23556
3570	-0.24101
3571	-0.29010
3572	-0.32351
3573	-0.38999
3574	-0.46653
3575	-0.48297
3576	-0.48220
3577	-0.50226
3578	-0.58097
3579	-0.59601
3580	-0.57002
3581	-0.57619
3582	-0.61815
3583	-0.58315
3584	-0.56679
3585	-0.71810
3586	-0.74514
3587	-0.68475
3588	-0.72807
3589	-0.75147
3590	-0.77679
3591	-0.84047
3592	-0.90865
3593	-0.94437
3594	-1.00824
3595	-1.08819
3596	-1.18633
3597	-1.27604
3598	-1.37072
3599	-1.47160
3600	-1.51617
3601	-1.57781
3602	-1.69605
3603	-1.82212
3604	-1.86616
3605	-1.86472
3606	-1.87193
3607	-1.86199
3608	-1.90078
3609	-1.86489
3610	-1.64477
3611	-1.47515
3612	-1.44256
3613	-1.27651
3614	-1.00928
3615	-0.87266
3616	-0.72171
3617	-0.43729
3618	-0.25638
3619	-0.20043
3620	-0.11646
3621	0.03731
3622	0.05400
3623	0.06231
3624	0.05255
3625	0.03159
3626	0.01356
3627	0.00532
3628	0.00551
3629	0.00939
3630	0.01291
3631	0.01479
3632	0.01548
3633	0.01533
3634	0.01542
3635	0.01651
3636	0.01712
3637	0.01681
3638	0.01686
3639	0.01697
3640	0.01699
3641	0.01778
3642	0.01910
3643	0.02067
3644	0.02248
3645	0.02346
3646	0.02356
3647	0.02434
3648	0.02510
3649	0.02347
3650	0.01928
3651	0.01292
3652	0.00378
3653	-0.00725
3654	-0.01804
3655	-0.02670
3656	-0.03109
3657	-0.03089
3658	-0.02900
3659	-0.02380
3660	0.07899
3661	0.03536
3662	-0.07188
3663	0.12336
3664	0.41129
3665	0.41899
3666	0.26466
3667	0.31103
3668	0.42143
3669	0.31240
3670	0.15719
3671	0.08180
3672	0.12111
3673	0.12576
3674	0.01613
3675	-0.06855
3676	-0.08248
3677	-0.17294
3678	-0.32464
3679	-0.29686
3680	-0.32831
3681	-0.43892
3682	-0.44539
3683	-0.45326
3684	-0.46546
3685	-0.48447
3686	-0.47445
3687	-0.48910
3688	-0.53704
3689	-0.52771
3690	-0.49995
3691	-0.50463
3692	-0.54075
3693	-0.57985
3694	-0.62944
3695	-0.71056
3696	-0.67971
3697	-0.66977
3698	-0.71271
3699	-0.77841
3700	-0.86562
3701	-0.89753
3702	-0.91626
3703	-0.98567
3704	-1.07492
3705	-1.17472
3706	-1.26201
3707	-1.34210
3708	-1.40817
3709	-1.46668
3710	-1.52762
3711	-1.63153
3712	-1.72580
3713	-1.79164
3714	-1.78562
3715	-1.76566
3716	-1.75757
3717	-1.79232
3718	-1.88004
3719	-1.78057
3720	-1.50972
3721	-1.43510
3722	-1.47152
3723	-1.23736
3724	-0.95591
3725	-0.91354
3726	-0.71170
3727	-0.34204
3728	-0.23535
3729	-0.25194
3730	-0.10925
3731	0.05239
3732	0.06291
3733	0.05464
3734	0.03217
3735	0.01263
3736	0.00495
3737	0.00613
3738	0.01001
3739	0.01350
3740	0.01620
3741	0.01771
3742	0.01769
3743	0.01667
3744	0.01587
3745	0.01557
3746	0.01462
3747	0.01325
3748	0.01327
3749	0.01476
3750	0.01616
3751	0.01679
3752	0.01739
3753	0.01940
3754	0.02353
3755	0.02869
3756	0.03231
3757	0.03257
3758	0.02953
3759	0.02356
3760	0.01538
3761	0.00613
3762	-0.00375
3763	-0.01349
3764	-0.02133
3765	-0.02558
3766	-0.02688
3767	-0.02923
3768	-0.03135
3769	-0.01978
3770	0.12279
3771	0.07074
3772	0.04558
3773	0.20793
3774	0.35569
3775	0.22204
3776	0.17613
3777	0.33284
3778	0.39862
3779	0.27278
3780	0.13427
3781	0.09775
3782	0.07293
3783	-0.05212
3784	-0.22128
3785	-0.28816
3786	-0.35108
3787	-0.46005
3788	-0.46117
3789	-0.41246
3790	-0.48722
3791	-0.58250
3792	-0.58659
3793	-0.63336
3794	-0.73792
3795	-0.72045
3796	-0.66857
3797	-0.67027
3798	-0.71277
3799	-0.69771
3800	-0.67429
3801	-0.69599
3802	-0.67406
3803	-0.70670
3804	-0.80306
3805	-0.85833
3806	-0.84825
3807	-0.80539
3808	-0.78271
3809	-0.84128
3810	-0.93571
3811	-0.99344
3812	-1.05386
3813	-1.10053
3814	-1.20738
3815	-1.29808
3816	-1.37656
3817	-1.45473
3818	-1.53320
3819	-1.58935
3820	-1.64173
3821	-1.70215
3822	-1.72389
3823	-1.71845
3824	-1.77991
3825	-1.67864
3826	-1.35151
3827	-1.28819
3828	-1.37215
3829	-1.01582
3830	-0.65105
3831	-0.63434
3832	-0.48962
3833	-0.17725
3834	-0.11450
3835	-0.17169
3836	0.04346
3837	0.06069
3838	0.06442
3839	0.04796
3840	0.02349
3841	0.00618
3842	0.00071
3843	0.00420
3844	0.01057
3845	0.01480
3846	0.01668
3847	0.01764
3848	0.01777
3849	0.01724
3850	0.01667
3851	0.01623
3852	0.01587
3853	0.01542
3854	0.01446
3855	0.01378
3856	0.01481
3857	0.01743
3858	0.02060
3859	0.02341
3860	0.02492
3861	0.02509
3862	0.02540
3863	0.02594
3864	0.02433
3865	0.01951
3866	0.01198
3867	0.00211
3868	-0.00888
3869	-0.01951
3870	-0.02852
3871	-0.03309
3872	-0.03024
3873	-0.02180
3874	-0.01392
3875	0.07585
3876	0.04289
3877	0.02666
3878	0.22702
3879	0.42801
3880	0.41776
3881	0.33404
3882	0.35312
3883	0.36880
3884	0.29542
3885	0.18742
3886	0.16603
3887	0.26129
3888	0.21811
3889	0.02631
3890	-0.07212
3891	-0.03106
3892	-0.04557
3893	-0.10020
3894	-0.09471
3895	-0.13186
3896	-0.15091
3897	-0.14066
3898	-0.21728
3899	-0.26071
3900	-0.24014
3901	-0.27587
3902	-0.30251
3903	-0.29301
3904	-0.30703
3905	-0.28352
3906	-0.32473
3907	-0.34049
3908	-0.32470
3909	-0.36043
3910	-0.41049
3911	-0.43834
3912	-0.44079
3913	-0.50446
3914	-0.56846
3915	-0.61847
3916	-0.66216
3917	-0.72886
3918	-0.86595
3919	-0.95851
3920	-1.07158
3921	-1.18673
3922	-1.27715
3923	-1.43314
3924	-1.50067
3925	-1.54433
3926	-1.64329
3927	-1.66541
3928	-1.63881
3929	-1.68144
3930	-1.79076
3931	-1.61706
3932	-1.35760
3933	-1.36401
3934	-1.23685
3935	-0.90305
3936	-0.75506
3937	-0.72241
3938	-0.44920
3939	-0.27982
3940	-0.35519
3941	-0.21240
3942	0.03307
3943	0.04857
3944	0.06476
3945	0.06316
3946	0.04142
3947	0.01527
3948	0.00002
3949	-0.00095
3950	0.00616
3951	0.01342
3952	0.01771
3953	0.01966
3954	0.01959
3955	0.01766
3956	0.01594
3957	0.01541
3958	0.01411
3959	0.01218
3960	0.01214
3961	0.01373
3962	0.01535
3963	0.01722
3964	0.01923
3965	0.02073
3966	0.02235
3967	0.02429
3968	0.02556
3969	0.02610
3970	0.02542
3971	0.02138
3972	0.01355
3973	0.00345
3974	-0.00742
3975	-0.01685
3976	-0.02257
3977	-0.02462
3978	-0.02523
3979	-0.02699
3980	-0.02792
3981	-0.01685
3982	0.07447
3983	0.03627
3984	0.07370
3985	0.28584
3986	0.35215
3987	0.28201
3988	0.29852
3989	0.34230
3990	0.26097
3991	0.10035
3992	0.07077
3993	0.11396
3994	0.10641
3995	0.03954
3996	-0.07339
3997	-0.11345
3998	-0.21363
3999	-0.34437
4000	-0.30833
4001	-0.31548
4002	-0.37402
4003	-0.40891
4004	-0.48168
4005	-0.46465
4006	-0.48478
4007	-0.53866
4008	-0.50019
4009	-0.50288
4010	-0.59270
4011	-0.60437
4012	-0.55458
4013	-0.60268
4014	-0.60057
4015	-0.64959
4016	-0.74148
4017	-0.71451
4018	-0.71954
4019	-0.76833
4020	-0.81106
4021	-0.85692
4022	-0.92055
4023	-0.98880
4024	-1.03221
4025	-1.11724
4026	-1.21799
4027	-1.34275
4028	-1.44223
4029	-1.49353
4030	-1.55506
4031	-1.64486
4032	-1.70769
4033	-1.78655
4034	-1.81640
4035	-1.75053
4036	-1.73316
4037	-1.71252
4038	-1.73604
4039	-1.59524
4040	-1.38641
4041	-1.35056
4042	-1.23119
4043	-0.95254
4044	-0.75900
4045	-0.70910
4046	-0.44648
4047	-0.17266
4048	-0.19242
4049	-0.17380
4050	0.03655
4051	0.05350
4052	0.06216
4053	0.05218
4054	0.03130
4055	0.01325
4056	0.00395
4057	0.00237
4058	0.00527
4059	0.00909
4060	0.01173
4061	0.01387
4062	0.01648
4063	0.01911
4064	0.02060
4065	0.01964
4066	0.01652
4067	0.01374
4068	0.01314
4069	0.01459
4070	0.01726
4071	0.01978
4072	0.02101
4073	0.02161
4074	0.02279
4075	0.02337
4076	0.02169
4077	0.02000
4078	0.02037
4079	0.01950
4080	0.01413
4081	0.00499
4082	-0.00578
4083	-0.01565
4084	-0.02212
4085	-0.02582
4086	-0.03214
4087	-0.04153
4088	-0.03843
4089	0.15172
4090	0.08953
4091	0.00413
4092	0.08298
4093	0.31458
4094	0.40091
4095	0.22163
4096	0.14986
4097	0.22557
4098	0.18648
4099	0.11385
4100	0.05461
4101	0.00849
4102	-0.05768
4103	-0.13814
4104	-0.22846
4105	-0.32964
4106	-0.39441
4107	-0.44773
4108	-0.42653
4109	-0.46056
4110	-0.49982
4111	-0.51291
4112	-0.53409
4113	-0.52493
4114	-0.49948
4115	-0.49166
4116	-0.58019
4117	-0.59394
4118	-0.54099
4119	-0.51269
4120	-0.50791
4121	-0.51284
4122	-0.54132
4123	-0.61699
4124	-0.67345
4125	-0.69699
4126	-0.71954
4127	-0.74910
4128	-0.77960
4129	-0.86085
4130	-0.94358
4131	-0.96490
4132	-1.08723
4133	-1.23151
4134	-1.33263
4135	-1.40401
4136	-1.49836
4137	-1.67700
4138	-1.68427
4139	-1.72453
4140	-1.82123
4141	-1.88702
4142	-1.88144
4143	-1.85796
4144	-1.97800
4145	-1.92503
4146	-1.66006
4147	-1.48210
4148	-1.49706
4149	-1.25679
4150	-0.90097
4151	-0.92445
4152	-0.83257
4153	-0.41340
4154	-0.23090
4155	-0.25303
4156	-0.11712
4157	0.04173
4158	0.05981
4159	0.06857
4160	0.05612
4161	0.03047
4162	0.00960
4163	0.00177
4164	0.00411
4165	0.01058
4166	0.01663
4167	0.02050
4168	0.02201
4169	0.02090
4170	0.01843
4171	0.01693
4172	0.01619
4173	0.01552
4174	0.01624
4175	0.01829
4176	0.02021
4177	0.02157
4178	0.02257
4179	0.02361
4180	0.02453
4181	0.02479
4182	0.02488
4183	0.02419
4184	0.01994
4185	0.01186
4186	0.00264
4187	-0.00631
4188	-0.01450
4189	-0.02059
4190	-0.02403
4191	-0.02743
4192	-0.03469
4193	-0.03984
4194	-0.02366
4195	0.16491
4196	0.11213
4197	0.08881
4198	0.32525
4199	0.50730
4200	0.35542
4201	0.24490
4202	0.30939
4203	0.33562
4204	0.25569
4205	0.14092
4206	0.13464
4207	0.15598
4208	0.01574
4209	-0.14035
4210	-0.13894
4211	-0.15017
4212	-0.22371
4213	-0.22100
4214	-0.19866
4215	-0.27924
4216	-0.32767
4217	-0.37176
4218	-0.43496
4219	-0.44338
4220	-0.42824
4221	-0.45897
4222	-0.48194
4223	-0.46805
4224	-0.43845
4225	-0.44523
4226	-0.52020
4227	-0.53729
4228	-0.52921
4229	-0.58761
4230	-0.60867
4231	-0.58757
4232	-0.66319
4233	-0.72022
4234	-0.76970
4235	-0.85379
4236	-0.89498
4237	-0.94789
4238	-1.09359
4239	-1.22099
4240	-1.34414
4241	-1.45448
4242	-1.54725
4243	-1.63672
4244	-1.70361
4245	-1.80063
4246	-1.88517
4247	-1.92204
4248	-1.87020
4249	-1.85775
4250	-1.91484
4251	-1.81176
4252	-1.62956
4253	-1.52394
4254	-1.39371
4255	-1.15798
4256	-0.96725
4257	-0.92211
4258	-0.77224
4259	-0.45200
4260	-0.25091
4261	-0.21587
4262	-0.12627
4263	0.03626
4264	0.05212
4265	0.06038
4266	0.05009
4267	0.02841
4268	0.01020
4269	0.00270
4270	0.00363
4271	0.00738
4272	0.01082
4273	0.01331
4274	0.01509
4275	0.01683
4276	0.01783
4277	0.01719
4278	0.01565
4279	0.01401
4280	0.01283
4281	0.01236
4282	0.01221
4283	0.01272
4284	0.01443
4285	0.01680
4286	0.01920
4287	0.02195
4288	0.02580
4289	0.03041
4290	0.03417
4291	0.03468
4292	0.02965
4293	0.01981
4294	0.00815
4295	-0.00312
4296	-0.01273
4297	-0.02045
4298	-0.02628
4299	-0.02870
4300	-0.02763
4301	-0.02739
4302	-0.02509
4303	0.07277
4304	0.13601
4305	0.11868
4306	0.13602
4307	0.34366
4308	0.40392
4309	0.34412
4310	0.32584
4311	0.32333
4312	0.23867
4313	0.12692
4314	0.09668
4315	0.10965
4316	0.11098
4317	-0.06785
4318	-0.18521
4319	-0.19154
4320	-0.29950
4321	-0.28944
4322	-0.28113
4323	-0.39538
4324	-0.46167
4325	-0.43990
4326	-0.47934
4327	-0.52727
4328	-0.50256
4329	-0.49109
4330	-0.52232
4331	-0.57826
4332	-0.57847
4333	-0.54085
4334	-0.53333
4335	-0.56499
4336	-0.57629
4337	-0.59389
4338	-0.63464
4339	-0.61390
4340	-0.65018
4341	-0.68890
4342	-0.71024
4343	-0.80915
4344	-0.88560
4345	-0.87999
4346	-0.94109
4347	-1.01954
4348	-1.08907
4349	-1.21761
4350	-1.29773
4351	-1.38869
4352	-1.49048
4353	-1.50781
4354	-1.58807
4355	-1.64510
4356	-1.70129
4357	-1.71782
4358	-1.70521
4359	-1.71170
4360	-1.76684
4361	-1.71449
4362	-1.48659
4363	-1.34398
4364	-1.29457
4365	-1.13093
4366	-0.95209
4367	-0.80950
4368	-0.54684
4369	-0.32385
4370	-0.31315
4371	-0.20129
4372	-0.04678
4373	0.03658
4374	0.05319
4375	0.06121
4376	0.04923
4377	0.02609
4378	0.00833
4379	0.00170
4380	0.00275
4381	0.00653
4382	0.01002
4383	0.01309
4384	0.01625
4385	0.01869
4386	0.01928
4387	0.01786
4388	0.01569
4389	0.01404
4390	0.01354
4391	0.01421
4392	0.01519
4393	0.01592
4394	0.01670
4395	0.01788
4396	0.01938
4397	0.02130
4398	0.02360
4399	0.02492
4400	0.02445
4401	0.02279
4402	0.01972
4403	0.01436
4404	0.00664
4405	-0.00311
4406	-0.01327
4407	-0.02128
4408	-0.02766
4409	-0.03657
4410	-0.04477
4411	-0.03603
4412	0.10626
4413	0.06752
4414	-0.05951
4415	0.06676
4416	0.37765
4417	0.42432
4418	0.24111
4419	0.16048
4420	0.13028
4421	0.16067
4422	0.20997
4423	0.14690
4424	0.01661
4425	-0.03050
4426	-0.07020
4427	-0.09768
4428	-0.09650
4429	-0.23545
4430	-0.28796
4431	-0.23619
4432	-0.29087
4433	-0.31899
4434	-0.33998
4435	-0.38472
4436	-0.46025
4437	-0.49495
4438	-0.48369
4439	-0.50650
4440	-0.55089
4441	-0.54439
4442	-0.53415
4443	-0.55367
4444	-0.57163
4445	-0.56952
4446	-0.60619
4447	-0.64268
4448	-0.59480
4449	-0.62147
4450	-0.67913
4451	-0.70065
4452	-0.76537
4453	-0.84361
4454	-0.87193
4455	-0.92219
4456	-0.98469
4457	-1.07243
4458	-1.20248
4459	-1.32523
4460	-1.39925
4461	-1.47118
4462	-1.56720
4463	-1.64147
4464	-1.72818
4465	-1.80705
4466	-1.80144
4467	-1.77871
4468	-1.75251
4469	-1.78957
4470	-1.74880
4471	-1.46508
4472	-1.24062
4473	-1.25252
4474	-1.09699
4475	-0.77706
4476	-0.63870
4477	-0.53341
4478	-0.29650
4479	-0.19925
4480	-0.17347
4481	-0.05022
4482	0.04512
4483	0.06323
4484	0.06491
4485	0.04650
4486	0.02302
4487	0.00797
4488	0.00301
4489	0.00451
4490	0.00896
4491	0.01358
4492	0.01592
4493	0.01573
4494	0.01540
4495	0.01617
4496	0.01679
4497	0.01705
4498	0.01744
4499	0.01724
4500	0.01668
4501	0.01719
4502	0.01890
4503	0.02109
4504	0.02345
4505	0.02502
4506	0.02512
4507	0.02510
4508	0.02511
4509	0.02286
4510	0.01722
4511	0.00831
4512	-0.00289
4513	-0.01354
4514	-0.02089
4515	-0.02448
4516	-0.02664
4517	-0.03109
4518	-0.03537
4519	-0.02523
4520	0.09669
4521	-0.01830
4522	0.00367
4523	0.27192
4524	0.47123
4525	0.35154
4526	0.21906
4527	0.29956
4528	0.37857
4529	0.27626
4530	0.12483
4531	0.12470
4532	0.16496
4533	0.06145
4534	-0.02161
4535	0.01879
4536	-0.03548
4537	-0.19434
4538	-0.20456
4539	-0.22236
4540	-0.29236
4541	-0.33946
4542	-0.37294
4543	-0.40876
4544	-0.38286
4545	-0.35933
4546	-0.41946
4547	-0.40919
4548	-0.42715
4549	-0.41647
4550	-0.40132
4551	-0.43964
4552	-0.41437
4553	-0.46113
4554	-0.49615
4555	-0.47560
4556	-0.47096
4557	-0.48449
4558	-0.52858
4559	-0.61297
4560	-0.67191
4561	-0.71577
4562	-0.81788
4563	-0.88763
4564	-0.96644
4565	-1.04456
4566	-1.14215
4567	-1.23415
4568	-1.33910
4569	-1.42574
4570	-1.46975
4571	-1.62811
4572	-1.73551
4573	-1.72568
4574	-1.67681
4575	-1.64437
4576	-1.69903
4577	-1.71255
4578	-1.53094
4579	-1.33432
4580	-1.33502
4581	-1.19965
4582	-0.91560
4583	-0.74513
4584	-0.58333
4585	-0.35813
4586	-0.17335
4587	-0.17455
4588	-0.14698
4589	0.03657
4590	0.05404
4591	0.06249
4592	0.05107
4593	0.02804
4594	0.00958
4595	0.00239
4596	0.00381
4597	0.00856
4598	0.01244
4599	0.01453
4600	0.01600
4601	0.01668
4602	0.01602
4603	0.01614
4604	0.01818
4605	0.01876
4606	0.01622
4607	0.01383
4608	0.01357
4609	0.01467
4610	0.01632
4611	0.01797
4612	0.02008
4613	0.02372
4614	0.02790
4615	0.03025
4616	0.03014
4617	0.02752
4618	0.02099
4619	0.01068
4620	-0.00108
4621	-0.01185
4622	-0.01883
4623	-0.02203
4624	-0.02762
4625	-0.03969
4626	-0.04663
4627	-0.02835
4628	0.18093
4629	0.07975
4630	-0.03874
4631	0.19828
4632	0.49780
4633	0.36580
4634	0.20531
4635	0.27022
4636	0.32555
4637	0.27303
4638	0.14636
4639	0.07251
4640	0.08188
4641	0.05543
4642	-0.04121
4643	-0.03062
4644	-0.11824
4645	-0.25886
4646	-0.22672
4647	-0.26560
4648	-0.35352
4649	-0.36461
4650	-0.34525
4651	-0.41436
4652	-0.45316
4653	-0.39711
4654	-0.40270
4655	-0.44599
4656	-0.52026
4657	-0.47923
4658	-0.43710
4659	-0.48682
4660	-0.49909
4661	-0.48081
4662	-0.55988
4663	-0.63090
4664	-0.62855
4665	-0.66817
4666	-0.69643
4667	-0.70679
4668	-0.78737
4669	-0.86256
4670	-0.92190
4671	-1.01692
4672	-1.08558
4673	-1.19369
4674	-1.31136
4675	-1.35733
4676	-1.44791
4677	-1.54016
4678	-1.60934
4679	-1.67356
4680	-1.76151
4681	-1.84478
4682	-1.85856
4683	-1.82995
4684	-1.82356
4685	-1.82388
4686	-1.81937
4687	-1.63765
4688	-1.43674
4689	-1.39566
4690	-1.31387
4691	-1.09829
4692	-0.86142
4693	-0.72986
4694	-0.53882
4695	-0.28018
4696	-0.18232
4697	-0.15117
4698	0.03153
4699	0.04671
4700	0.05980
4701	0.05529
4702	0.03634
4703	0.01788
4704	0.00802
4705	0.00638
4706	0.00972
4707	0.01397
4708	0.01616
4709	0.01641
4710	0.01627
4711	0.01625
4712	0.01615
4713	0.01619
4714	0.01639
4715	0.01660
4716	0.01706
4717	0.01807
4718	0.01942
4719	0.02020
4720	0.02050
4721	0.02199
4722	0.02449
4723	0.02628
4724	0.02736
4725	0.02760
4726	0.02520
4727	0.01949
4728	0.01146
4729	0.00192
4730	-0.00812
4731	-0.01626
4732	-0.02073
4733	-0.02306
4734	-0.02770
4735	-0.03659
4736	-0.03840
4737	0.11433
4738	0.11588
4739	-0.04020
4740	-0.00388
4741	0.33254
4742	0.48010
4743	0.29771
4744	0.22587
4745	0.32911
4746	0.34159
4747	0.24010
4748	0.11618
4749	0.01643
4750	0.02798
4751	0.01557
4752	-0.08676
4753	-0.11081
4754	-0.20258
4755	-0.28651
4756	-0.27843
4757	-0.32855
4758	-0.38379
4759	-0.43221
4760	-0.44492
4761	-0.47991
4762	-0.46498
4763	-0.42344
4764	-0.48317
4765	-0.51421
4766	-0.54207
4767	-0.48844
4768	-0.45639
4769	-0.48581
4770	-0.49150
4771	-0.54340
4772	-0.58242
4773	-0.58751
4774	-0.58830
4775	-0.63420
4776	-0.69577
4777	-0.72881
4778	-0.81321
4779	-0.84865
4780	-0.87300
4781	-0.97249
4782	-1.08484
4783	-1.21657
4784	-1.36340
4785	-1.39374
4786	-1.45798
4787	-1.53429
4788	-1.60313
4789	-1.73586
4790	-1.81730
4791	-1.80328
4792	-1.73792
4793	-1.76177
4794	-1.82237
4795	-1.55817
4796	-1.29956
4797	-1.27450
4798	-1.18551
4799	-0.84704
4800	-0.62466
4801	-0.57105
4802	-0.32588
4803	-0.12156
4804	-0.09866
4805	0.02905
4806	0.04290
4807	0.05868
4808	0.05920
4809	0.04204
4810	0.02108
4811	0.00785
4812	0.00405
4813	0.00621
4814	0.01011
4815	0.01315
4816	0.01498
4817	0.01621
4818	0.01720
4819	0.01787
4820	0.01806
4821	0.01790
4822	0.01723
4823	0.01620
4824	0.01600
4825	0.01689
4826	0.01790
4827	0.01906
4828	0.02076
4829	0.02253
4830	0.02398
4831	0.02528
4832	0.02651
4833	0.02662
4834	0.02427
4835	0.01938
4836	0.01188
4837	0.00163
4838	-0.00973
4839	-0.01980
4840	-0.02673
4841	-0.02945
4842	-0.02842
4843	-0.02582
4844	-0.02160
4845	-0.00903
4846	0.05642
4847	0.01338
4848	0.09056
4849	0.29633
4850	0.37514
4851	0.26080
4852	0.23709
4853	0.31760
4854	0.37228
4855	0.23058
4856	0.12300
4857	0.07941
4858	-0.04361
4859	-0.01389
4860	-0.08068
4861	-0.15054
4862	-0.23358
4863	-0.33740
4864	-0.29902
4865	-0.33357
4866	-0.38908
4867	-0.46190
4868	-0.45751
4869	-0.51588
4870	-0.57043
4871	-0.51694
4872	-0.49180
4873	-0.53255
4874	-0.61334
4875	-0.59297
4876	-0.52645
4877	-0.54158
4878	-0.54912
4879	-0.57370
4880	-0.64898
4881	-0.66331
4882	-0.65632
4883	-0.65693
4884	-0.72998
4885	-0.76036
4886	-0.80740
4887	-0.92387
4888	-0.94490
4889	-0.99134
4890	-1.11204
4891	-1.23784
4892	-1.36838
4893	-1.40696
4894	-1.47562
4895	-1.55720
4896	-1.62037
4897	-1.74506
4898	-1.82559
4899	-1.86230
4900	-1.83408
4901	-1.79377
4902	-1.78982
4903	-1.76274
4904	-1.64718
4905	-1.40402
4906	-1.26175
4907	-1.18442
4908	-0.99032
4909	-0.76721
4910	-0.64271
4911	-0.45971
4912	-0.19559
4913	-0.11934
4914	-0.12900
4915	0.02944
4916	0.04871
4917	0.06498
4918	0.06178
4919	0.04144
4920	0.01943
4921	0.00537
4922	0.00108
4923	0.00438
4924	0.00992
4925	0.01413
4926	0.01704
4927	0.01847
4928	0.01808
4929	0.01706
4930	0.01623
4931	0.01520
4932	0.01461
4933	0.01576
4934	0.01813
4935	0.02026
4936	0.02163
4937	0.02249
4938	0.02368
4939	0.02562
4940	0.02737
4941	0.02823
4942	0.02709
4943	0.02160
4944	0.01191
4945	0.00127
4946	-0.00731
4947	-0.01257
4948	-0.01537
4949	-0.01799
4950	-0.02250
4951	-0.03008
4952	-0.03804
4953	-0.03256
4954	0.12861
4955	0.05245
4956	0.00974
4957	0.15553
4958	0.41355
4959	0.37042
4960	0.18609
4961	0.20483
4962	0.23554
4963	0.19395
4964	0.16511
4965	0.11015
4966	0.04697
4967	0.01314
4968	-0.10125
4969	-0.15117
4970	-0.20514
4971	-0.35775
4972	-0.41773
4973	-0.38559
4974	-0.42216
4975	-0.52382
4976	-0.57145
4977	-0.61001
4978	-0.60972
4979	-0.55117
4980	-0.57314
4981	-0.60280
4982	-0.59598
4983	-0.57943
4984	-0.56928
4985	-0.55138
4986	-0.51626
4987	-0.53595
4988	-0.60410
4989	-0.63245
4990	-0.62691
4991	-0.67020
4992	-0.68392
4993	-0.72259
4994	-0.79514
4995	-0.84681
4996	-0.89459
4997	-0.97409
4998	-1.09062
4999	-1.19749
5000	-1.30997
5001	-1.42899
5002	-1.52662
5003	-1.59722
5004	-1.64637
5005	-1.76838
5006	-1.84689
5007	-1.82169
5008	-1.77431
5009	-1.86459
5010	-1.90986
5011	-1.58788
5012	-1.31702
5013	-1.38390
5014	-1.22162
5015	-0.78617
5016	-0.64694
5017	-0.63261
5018	-0.34352
5019	-0.13057
5020	-0.12848
5021	-0.06476
5022	0.04572
5023	0.05917
5024	0.05752
5025	0.04019
5026	0.02023
5027	0.00804
5028	0.00483
5029	0.00701
5030	0.01042
5031	0.01311
5032	0.01586
5033	0.01868
5034	0.01976
5035	0.01891
5036	0.01754
5037	0.01595
5038	0.01418
5039	0.01345
5040	0.01471
5041	0.01736
5042	0.02022
5043	0.02244
5044	0.02377
5045	0.02482
5046	0.02585
5047	0.02613
5048	0.02616
5049	0.02617
5050	0.02348
5051	0.01598
5052	0.00454
5053	-0.00823
5054	-0.01869
5055	-0.02489
5056	-0.02825
5057	-0.02952
5058	-0.02684
5059	-0.02099
5060	-0.01235
5061	0.00116
5062	-0.00229
5063	0.04401
5064	0.23504
5065	0.44262
5066	0.35011
5067	0.25812
5068	0.34668
5069	0.33465
5070	0.24716
5071	0.18949
5072	0.19205
5073	0.20407
5074	0.18535
5075	0.07105
5076	0.00351
5077	-0.00114
5078	-0.08549
5079	-0.08773
5080	-0.01273
5081	-0.06148
5082	-0.10722
5083	-0.10869
5084	-0.13139
5085	-0.16936
5086	-0.17387
5087	-0.15469
5088	-0.18013
5089	-0.19574
5090	-0.20929
5091	-0.19456
5092	-0.15219
5093	-0.18398
5094	-0.22386
5095	-0.27771
5096	-0.28116
5097	-0.30221
5098	-0.33590
5099	-0.31343
5100	-0.40765
5101	-0.48141
5102	-0.51819
5103	-0.57606
5104	-0.64197
5105	-0.71437
5106	-0.83069
5107	-0.93448
5108	-1.04807
5109	-1.13906
5110	-1.23131
5111	-1.34643
5112	-1.41260
5113	-1.47512
5114	-1.51475
5115	-1.58501
5116	-1.69405
5117	-1.57381
5118	-1.37464
5119	-1.35093
5120	-1.32682
5121	-0.91912
5122	-0.71456
5123	-0.74920
5124	-0.46966
5125	-0.20731
5126	-0.17247
5127	-0.18988
5128	0.04396
5129	0.05887
5130	0.05948
5131	0.04155
5132	0.01888
5133	0.00599
5134	0.00515
5135	0.01049
5136	0.01567
5137	0.01768
5138	0.01716
5139	0.01575
5140	0.01447
5141	0.01409
5142	0.01494
5143	0.01624
5144	0.01656
5145	0.01533
5146	0.01380
5147	0.01343
5148	0.01442
5149	0.01640
5150	0.01894
5151	0.02182
5152	0.02513
5153	0.02791
5154	0.02822
5155	0.02602
5156	0.02413
5157	0.02359
5158	0.02111
5159	0.01390
5160	0.00280
5161	-0.00964
5162	-0.02045
5163	-0.02672
5164	-0.02914
5165	-0.03319
5166	-0.03728
5167	-0.02544
5168	0.11225
5169	0.06550
5170	0.05333
5171	0.20181
5172	0.45594
5173	0.38493
5174	0.23540
5175	0.26581
5176	0.28860
5177	0.23630
5178	0.16984
5179	0.18839
5180	0.14587
5181	0.06706
5182	0.03455
5183	0.03451
5184	0.01610
5185	-0.10196
5186	-0.08661
5187	-0.07485
5188	-0.14463
5189	-0.14770
5190	-0.21411
5191	-0.28116
5192	-0.27967
5193	-0.26217
5194	-0.28516
5195	-0.30643
5196	-0.32081
5197	-0.31915
5198	-0.29377
5199	-0.29389
5200	-0.29157
5201	-0.33164
5202	-0.41597
5203	-0.48338
5204	-0.48496
5205	-0.52036
5206	-0.54976
5207	-0.61449
5208	-0.72605
5209	-0.80466
5210	-0.86224
5211	-0.92635
5212	-1.08065
5213	-1.14325
5214	-1.23151
5215	-1.38176
5216	-1.48206
5217	-1.53041
5218	-1.58782
5219	-1.72547
5220	-1.83740
5221	-1.84279
5222	-1.76195
5223	-1.74066
5224	-1.83114
5225	-1.67906
5226	-1.41478
5227	-1.36869
5228	-1.34556
5229	-1.05694
5230	-0.78957
5231	-0.68866
5232	-0.49245
5233	-0.26190
5234	-0.12484
5235	-0.14709
5236	0.04008
5237	0.05593
5238	0.06245
5239	0.04996
5240	0.02760
5241	0.01081
5242	0.00467
5243	0.00554
5244	0.00927
5245	0.01299
5246	0.01516
5247	0.01651
5248	0.01841
5249	0.02028
5250	0.02092
5251	0.01978
5252	0.01674
5253	0.01318
5254	0.01142
5255	0.01223
5256	0.01444
5257	0.01692
5258	0.01993
5259	0.02418
5260	0.02892
5261	0.03253
5262	0.03401
5263	0.03277
5264	0.02853
5265	0.02216
5266	0.01403
5267	0.00395
5268	-0.00678
5269	-0.01697
5270	-0.02640
5271	-0.03315
5272	-0.03361
5273	-0.02601
5274	-0.01505
5275	-0.00629
5276	0.03142
5277	-0.01585
5278	0.11356
5279	0.27063
5280	0.32752
5281	0.31288
5282	0.35685
5283	0.39565
5284	0.32301
5285	0.23676
5286	0.12601
5287	0.08846
5288	0.09344
5289	0.02037
5290	-0.03989
5291	-0.12023
5292	-0.21368
5293	-0.25658
5294	-0.25095
5295	-0.31886
5296	-0.40506
5297	-0.42608
5298	-0.44312
5299	-0.46862
5300	-0.46169
5301	-0.46667
5302	-0.44416
5303	-0.49177
5304	-0.55503
5305	-0.49306
5306	-0.45628
5307	-0.44328
5308	-0.43894
5309	-0.53768
5310	-0.58644
5311	-0.54273
5312	-0.59741
5313	-0.66920
5314	-0.67787
5315	-0.73735
5316	-0.81608
5317	-0.86803
5318	-0.95084
5319	-1.01945
5320	-1.13124
5321	-1.30749
5322	-1.37104
5323	-1.43206
5324	-1.52039
5325	-1.56697
5326	-1.64905
5327	-1.75708
5328	-1.84511
5329	-1.90269
5330	-1.87889
5331	-1.82235
5332	-1.84158
5333	-1.79386
5334	-1.56631
5335	-1.43504
5336	-1.38182
5337	-1.15954
5338	-0.92345
5339	-0.81500
5340	-0.71372
5341	-0.38926
5342	-0.15775
5343	-0.11557
5344	-0.05723
5345	0.04487
5346	0.05976
5347	0.05860
5348	0.04069
5349	0.02018
5350	0.00777
5351	0.00456
5352	0.00671
5353	0.01036
5354	0.01383
5355	0.01675
5356	0.01875
5357	0.01963
5358	0.01955
5359	0.01871
5360	0.01726
5361	0.01539
5362	0.01409
5363	0.01482
5364	0.01688
5365	0.01842
5366	0.01985
5367	0.02228
5368	0.02524
5369	0.02731
5370	0.02727
5371	0.02518
5372	0.02082
5373	0.01323
5374	0.00373
5375	-0.00523
5376	-0.01265
5377	-0.01800
5378	-0.02079
5379	-0.02166
5380	-0.02353
5381	-0.02954
5382	-0.03232
5383	0.12422
5384	0.10666
5385	-0.01732
5386	0.01736
5387	0.34136
5388	0.48807
5389	0.30846
5390	0.26532
5391	0.26513
5392	0.19617
5393	0.22363
5394	0.14320
5395	0.02649
5396	0.03730
5397	0.01374
5398	-0.07621
5399	-0.10074
5400	-0.12501
5401	-0.24140
5402	-0.28732
5403	-0.25843
5404	-0.33668
5405	-0.47599
5406	-0.50188
5407	-0.46755
5408	-0.45127
5409	-0.47847
5410	-0.54004
5411	-0.57521
5412	-0.58299
5413	-0.55498
5414	-0.54423
5415	-0.56349
5416	-0.56792
5417	-0.62450
5418	-0.62880
5419	-0.56123
5420	-0.58691
5421	-0.69526
5422	-0.75576
5423	-0.79094
5424	-0.81306
5425	-0.85184
5426	-0.93120
5427	-1.04850
5428	-1.13686
5429	-1.27843
5430	-1.42138
5431	-1.48577
5432	-1.59193
5433	-1.65790
5434	-1.73429
5435	-1.81267
5436	-1.85848
5437	-1.86790
5438	-1.83462
5439	-1.90505
5440	-1.89744
5441	-1.66503
5442	-1.49849
5443	-1.47012
5444	-1.28486
5445	-0.96722
5446	-0.91867
5447	-0.83787
5448	-0.48400
5449	-0.22120
5450	-0.21615
5451	-0.18805
5452	0.03830
5453	0.05516
5454	0.06477
5455	0.05449
5456	0.03104
5457	0.01126
5458	0.00332
5459	0.00505
5460	0.01037
5461	0.01475
5462	0.01720
5463	0.01795
5464	0.01724
5465	0.01633
5466	0.01626
5467	0.01638
5468	0.01589
5469	0.01565
5470	0.01671
5471	0.01833
5472	0.01955
5473	0.02060
5474	0.02232
5475	0.02489
5476	0.02684
5477	0.02701
5478	0.02655
5479	0.02569
5480	0.02198
5481	0.01445
5482	0.00457
5483	-0.00619
5484	-0.01620
5485	-0.02370
5486	-0.02764
5487	-0.02747
5488	-0.02469
5489	-0.02322
5490	-0.01997
5491	0.08207
5492	0.04507
5493	0.01403
5494	0.16606
5495	0.38911
5496	0.38243
5497	0.27938
5498	0.34813
5499	0.32644
5500	0.22966
5501	0.16514
5502	0.07918
5503	0.10823
5504	0.09665
5505	-0.03704
5506	-0.07389
5507	-0.08525
5508	-0.14214
5509	-0.20033
5510	-0.18571
5511	-0.25676
5512	-0.36017
5513	-0.38756
5514	-0.44415
5515	-0.44930
5516	-0.43129
5517	-0.44488
5518	-0.47529
5519	-0.53320
5520	-0.49867
5521	-0.39769
5522	-0.43280
5523	-0.49260
5524	-0.50909
5525	-0.52324
5526	-0.48676
5527	-0.48460
5528	-0.50991
5529	-0.54860
5530	-0.63073
5531	-0.70304
5532	-0.73731
5533	-0.73310
5534	-0.80285
5535	-0.90707
5536	-1.02116
5537	-1.14465
5538	-1.23624
5539	-1.32502
5540	-1.42950
5541	-1.52245
5542	-1.61439
5543	-1.71343
5544	-1.73470
5545	-1.69336
5546	-1.72190
5547	-1.81213
5548	-1.66865
5549	-1.36340
5550	-1.33533
5551	-1.28294
5552	-0.85112
5553	-0.65409
5554	-0.66963
5555	-0.41050
5556	-0.15607
5557	-0.17955
5558	-0.16767
5559	0.02472
5560	0.04205
5561	0.06108
5562	0.06460
5563	0.04885
5564	0.02569
5565	0.00800
5566	0.00061
5567	0.00138
5568	0.00611
5569	0.01170
5570	0.01606
5571	0.01845
5572	0.01910
5573	0.01853
5574	0.01726
5575	0.01567
5576	0.01436
5577	0.01434
5578	0.01582
5579	0.01752
5580	0.01876
5581	0.02018
5582	0.02221
5583	0.02440
5584	0.02583
5585	0.02633
5586	0.02725
5587	0.02819
5588	0.02569
5589	0.01792
5590	0.00647
5591	-0.00598
5592	-0.01696
5593	-0.02471
5594	-0.02847
5595	-0.02808
5596	-0.02550
5597	-0.02458
5598	-0.02056
5599	0.06424
5600	0.03348
5601	0.02995
5602	0.24387
5603	0.44172
5604	0.31269
5605	0.19513
5606	0.31504
5607	0.39081
5608	0.30850
5609	0.23098
5610	0.16856
5611	0.09452
5612	0.10610
5613	0.03490
5614	0.03232
5615	0.01402
5616	-0.15157
5617	-0.14635
5618	-0.08245
5619	-0.14008
5620	-0.23502
5621	-0.22198
5622	-0.26594
5623	-0.37279
5624	-0.35842
5625	-0.31854
5626	-0.31704
5627	-0.35505
5628	-0.35039
5629	-0.32152
5630	-0.32526
5631	-0.33651
5632	-0.36074
5633	-0.40977
5634	-0.43038
5635	-0.41179
5636	-0.41225
5637	-0.44043
5638	-0.47205
5639	-0.56783
5640	-0.66144
5641	-0.69082
5642	-0.73142
5643	-0.83488
5644	-0.94045
5645	-1.07891
5646	-1.21321
5647	-1.31117
5648	-1.39114
5649	-1.49827
5650	-1.62890
5651	-1.73442
5652	-1.81895
5653	-1.77586
5654	-1.78022
5655	-1.81965
5656	-1.83575
5657	-1.70755
5658	-1.43912
5659	-1.38837
5660	-1.30162
5661	-1.00182
5662	-0.80655
5663	-0.69847
5664	-0.44539
5665	-0.20028
5666	-0.18543
5667	-0.20084
5668	0.02603
5669	0.04270
5670	0.06226
5671	0.06495
5672	0.04679
5673	0.02241
5674	0.00564
5675	0.00002
5676	0.00222
5677	0.00728
5678	0.01232
5679	0.01629
5680	0.01856
5681	0.01910
5682	0.01889
5683	0.01876
5684	0.01812
5685	0.01641
5686	0.01447
5687	0.01382
5688	0.01543
5689	0.01842
5690	0.02056
5691	0.02144
5692	0.02267
5693	0.02456
5694	0.02644
5695	0.02878
5696	0.03121
5697	0.03112
5698	0.02622
5699	0.01577
5700	0.00108
5701	-0.01394
5702	-0.02576
5703	-0.03314
5704	-0.03517
5705	-0.03259
5706	-0.02924
5707	-0.02209
5708	0.01466
5709	-0.00061
5710	0.11182
5711	0.28984
5712	0.42023
5713	0.33913
5714	0.23962
5715	0.32144
5716	0.39842
5717	0.32276
5718	0.17904
5719	0.12675
5720	0.12644
5721	0.12008
5722	0.07096
5723	0.02619
5724	-0.02279
5725	-0.15267
5726	-0.18277
5727	-0.10635
5728	-0.12525
5729	-0.20047
5730	-0.26356
5731	-0.32049
5732	-0.35499
5733	-0.36195
5734	-0.36890
5735	-0.34820
5736	-0.36837
5737	-0.39778
5738	-0.37277
5739	-0.34806
5740	-0.34339
5741	-0.39872
5742	-0.46742
5743	-0.53644
5744	-0.53809
5745	-0.50623
5746	-0.54211
5747	-0.60063
5748	-0.68873
5749	-0.76075
5750	-0.80428
5751	-0.86364
5752	-0.93735
5753	-1.07610
5754	-1.21608
5755	-1.31590
5756	-1.37822
5757	-1.46557
5758	-1.55915
5759	-1.68274
5760	-1.80551
5761	-1.84340
5762	-1.80816
5763	-1.76361
5764	-1.85827
5765	-1.84170
5766	-1.60319
5767	-1.43827
5768	-1.41818
5769	-1.23328
5770	-0.90818
5771	-0.74914
5772	-0.66161
5773	-0.37517
5774	-0.16973
5775	-0.20005
5776	-0.12112
5777	0.03516
5778	0.05378
5779	0.06453
5780	0.05526
5781	0.03237
5782	0.01139
5783	0.00046
5784	-0.00111
5785	0.00293
5786	0.00850
5787	0.01281
5788	0.01580
5789	0.01785
5790	0.01818
5791	0.01677
5792	0.01520
5793	0.01473
5794	0.01523
5795	0.01631
5796	0.01782
5797	0.01920
5798	0.01973
5799	0.01997
5800	0.02141
5801	0.02401
5802	0.02576
5803	0.02555
5804	0.02470
5805	0.02282
5806	0.01659
5807	0.00622
5808	-0.00375
5809	-0.01029
5810	-0.01370
5811	-0.01604
5812	-0.01888
5813	-0.02158
5814	-0.02307
5815	-0.02432
5816	-0.02170
5817	0.04510
5818	-0.02405
5819	0.01912
5820	0.25451
5821	0.38284
5822	0.35020
5823	0.29816
5824	0.26339
5825	0.21909
5826	0.19148
5827	0.17950
5828	0.10362
5829	0.06084
5830	0.05336
5831	-0.08298
5832	-0.16173
5833	-0.18092
5834	-0.28972
5835	-0.34439
5836	-0.32768
5837	-0.34292
5838	-0.39539
5839	-0.41584
5840	-0.45307
5841	-0.50505
5842	-0.49390
5843	-0.49926
5844	-0.51717
5845	-0.51007
5846	-0.48136
5847	-0.46650
5848	-0.46310
5849	-0.45768
5850	-0.47764
5851	-0.55632
5852	-0.62478
5853	-0.61337
5854	-0.57727
5855	-0.61488
5856	-0.68095
5857	-0.74633
5858	-0.82142
5859	-0.85829
5860	-0.96989
5861	-1.05760
5862	-1.16160
5863	-1.27705
5864	-1.36236
5865	-1.42516
5866	-1.47603
5867	-1.58672
5868	-1.71079
5869	-1.78819
5870	-1.87721
5871	-1.88312
5872	-1.83783
5873	-1.89037
5874	-1.97228
5875	-1.80236
5876	-1.57354
5877	-1.53666
5878	-1.49246
5879	-1.21800
5880	-1.00000
5881	-0.97207
5882	-0.70215
5883	-0.32140
5884	-0.30672
5885	-0.31834
5886	-0.14774
5887	0.03110
5888	0.04755
5889	0.06193
5890	0.05861
5891	0.03876
5892	0.01769
5893	0.00543
5894	0.00215
5895	0.00478
5896	0.00944
5897	0.01275
5898	0.01439
5899	0.01594
5900	0.01755
5901	0.01841
5902	0.01809
5903	0.01642
5904	0.01484
5905	0.01507
5906	0.01650
5907	0.01768
5908	0.01848
5909	0.01957
5910	0.02150
5911	0.02396
5912	0.02583
5913	0.02669
5914	0.02743
5915	0.02761
5916	0.02494
5917	0.01860
5918	0.00935
5919	-0.00156
5920	-0.01192
5921	-0.02015
5922	-0.02603
5923	-0.02876
5924	-0.02891
5925	-0.03005
5926	-0.02744
5927	0.08545
5928	0.03127
5929	0.04971
5930	0.21000
5931	0.41664
5932	0.40750
5933	0.25526
5934	0.28447
5935	0.32125
5936	0.25708
5937	0.19967
5938	0.13442
5939	0.12758
5940	0.10808
5941	-0.01129
5942	-0.04285
5943	-0.02072
5944	-0.14529
5945	-0.19481
5946	-0.12670
5947	-0.12168
5948	-0.16315
5949	-0.20341
5950	-0.29050
5951	-0.38820
5952	-0.34139
5953	-0.31326
5954	-0.35794
5955	-0.32124
5956	-0.34225
5957	-0.32493
5958	-0.26249
5959	-0.25177
5960	-0.29955
5961	-0.43108
5962	-0.45845
5963	-0.38944
5964	-0.32502
5965	-0.34613
5966	-0.41668
5967	-0.49471
5968	-0.58920
5969	-0.65728
5970	-0.72432
5971	-0.78774
5972	-0.90222
5973	-1.04475
5974	-1.14984
5975	-1.20756
5976	-1.27712
5977	-1.41220
5978	-1.53916
5979	-1.61680
5980	-1.61974
5981	-1.67645
5982	-1.78546
5983	-1.67049
5984	-1.35913
5985	-1.40218
5986	-1.41799
5987	-0.93460
5988	-0.72545
5989	-0.69342
5990	-0.42413
5991	-0.16533
5992	-0.17969
5993	-0.20654
5994	0.02919
5995	0.04601
5996	0.06190
5997	0.06191
5998	0.04349
5999	0.01982
6000	0.00467
6001	0.00079
6002	0.00334
6003	0.00774
6004	0.01143
6005	0.01319
6006	0.01388
6007	0.01512
6008	0.01661
6009	0.01706
6010	0.01624
6011	0.01495
6012	0.01414
6013	0.01450
6014	0.01580
6015	0.01714
6016	0.01832
6017	0.02006
6018	0.02276
6019	0.02578
6020	0.02830
6021	0.03020
6022	0.03052
6023	0.02674
6024	0.01809
6025	0.00657
6026	-0.00534
6027	-0.01543
6028	-0.02213
6029	-0.02549
6030	-0.02608
6031	-0.02480
6032	-0.02419
6033	-0.02090
6034	0.04409
6035	0.05460
6036	0.01983
6037	0.19464
6038	0.39703
6039	0.35439
6040	0.26730
6041	0.30627
6042	0.34312
6043	0.29066
6044	0.20606
6045	0.14782
6046	0.14341
6047	0.13149
6048	0.05915
6049	0.00323
6050	-0.01104
6051	-0.07712
6052	-0.07110
6053	-0.05231
6054	-0.12030
6055	-0.14429
6056	-0.15313
6057	-0.17452
6058	-0.23452
6059	-0.21432
6060	-0.14155
6061	-0.18075
6062	-0.28268
6063	-0.30197
6064	-0.22044
6065	-0.24585
6066	-0.26880
6067	-0.23418
6068	-0.33079
6069	-0.41846
6070	-0.38703
6071	-0.39298
6072	-0.40085
6073	-0.45004
6074	-0.53799
6075	-0.59305
6076	-0.64730
6077	-0.70220
6078	-0.79968
6079	-0.92526
6080	-1.08301
6081	-1.16541
6082	-1.20257
6083	-1.31043
6084	-1.42621
6085	-1.54146
6086	-1.67865
6087	-1.72629
6088	-1.72899
6089	-1.73175
6090	-1.75078
6091	-1.66652
6092	-1.48087
6093	-1.48744
6094	-1.39620
6095	-1.10976
6096	-0.92610
6097	-0.87800
6098	-0.67041
6099	-0.33778
6100	-0.28472
6101	-0.25750
6102	-0.09762
6103	0.02630
6104	0.03852
6105	0.05618
6106	0.06300
6107	0.05054
6108	0.02839
6109	0.01080
6110	0.00332
6111	0.00372
6112	0.00740
6113	0.01147
6114	0.01533
6115	0.01841
6116	0.01999
6117	0.02063
6118	0.02038
6119	0.01818
6120	0.01508
6121	0.01353
6122	0.01379
6123	0.01515
6124	0.01730
6125	0.01915
6126	0.02050
6127	0.02273
6128	0.02599
6129	0.02913
6130	0.03113
6131	0.03043
6132	0.02532
6133	0.01628
6134	0.00509
6135	-0.00623
6136	-0.01542
6137	-0.02219
6138	-0.02746
6139	-0.03162
6140	-0.03554
6141	-0.03527
6142	-0.01864
6143	0.06675
6144	0.06019
6145	0.12067
6146	0.31388
6147	0.39818
6148	0.28611
6149	0.21203
6150	0.24904
6151	0.34697
6152	0.29291
6153	0.16620
6154	0.10214
6155	0.03960
6156	-0.00269
6157	-0.08223
6158	-0.07030
6159	-0.17545
6160	-0.35405
6161	-0.28237
6162	-0.26497
6163	-0.34881
6164	-0.41651
6165	-0.44060
6166	-0.48552
6167	-0.57053
6168	-0.48937
6169	-0.46535
6170	-0.54248
6171	-0.56029
6172	-0.53049
6173	-0.49101
6174	-0.48221
6175	-0.48320
6176	-0.55970
6177	-0.61730
6178	-0.63173
6179	-0.59992
6180	-0.59815
6181	-0.66765
6182	-0.71874
6183	-0.78685
6184	-0.82438
6185	-0.85645
6186	-0.93199
6187	-1.03090
6188	-1.16671
6189	-1.31161
6190	-1.37986
6191	-1.42115
6192	-1.52934
6193	-1.62226
6194	-1.76392
6195	-1.84319
6196	-1.87220
6197	-1.84248
6198	-1.84210
6199	-1.96741
6200	-1.72513
6201	-1.40695
6202	-1.40483
6203	-1.31879
6204	-0.93467
6205	-0.73401
6206	-0.72900
6207	-0.44958
6208	-0.17001
6209	-0.16902
6210	-0.15596
6211	0.03121
6212	0.04906
6213	0.06219
6214	0.05780
6215	0.03889
6216	0.01867
6217	0.00612
6218	0.00245
6219	0.00465
6220	0.00868
6221	0.01214
6222	0.01512
6223	0.01769
6224	0.01893
6225	0.01925
6226	0.01921
6227	0.01753
6228	0.01438
6229	0.01258
6230	0.01339
6231	0.01521
6232	0.01685
6233	0.01857
6234	0.02065
6235	0.02302
6236	0.02544
6237	0.02749
6238	0.02917
6239	0.02979
6240	0.02722
6241	0.02058
6242	0.01075
6243	-0.00083
6244	-0.01201
6245	-0.02137
6246	-0.02899
6247	-0.03407
6248	-0.03297
6249	-0.02251
6250	-0.00754
6251	0.00320
6252	-0.02684
6253	-0.01777
6254	0.17159
6255	0.31265
6256	0.31213
6257	0.21849
6258	0.22150
6259	0.31358
6260	0.33913
6261	0.30053
6262	0.23052
6263	0.18036
6264	0.18025
6265	0.12540
6266	0.01401
6267	-0.04386
6268	-0.09309
6269	-0.20939
6270	-0.17592
6271	-0.14892
6272	-0.26467
6273	-0.29287
6274	-0.32100
6275	-0.42891
6276	-0.49479
6277	-0.46219
6278	-0.42628
6279	-0.46765
6280	-0.46227
6281	-0.48212
6282	-0.46982
6283	-0.40653
6284	-0.38240
6285	-0.42903
6286	-0.50881
6287	-0.52483
6288	-0.51705
6289	-0.52748
6290	-0.53007
6291	-0.55139
6292	-0.65082
6293	-0.68231
6294	-0.71776
6295	-0.80275
6296	-0.88082
6297	-0.98763
6298	-1.12654
6299	-1.24618
6300	-1.32941
6301	-1.37710
6302	-1.50913
6303	-1.62085
6304	-1.73383
6305	-1.81475
6306	-1.81575
6307	-1.79121
6308	-1.86354
6309	-1.80589
6310	-1.49789
6311	-1.37939
6312	-1.40174
6313	-1.16585
6314	-0.83483
6315	-0.77369
6316	-0.68018
6317	-0.29163
6318	-0.13159
6319	-0.21387
6320	-0.08554
6321	0.03693
6322	0.05769
6323	0.06754
6324	0.05673
6325	0.03384
6326	0.01264
6327	0.00092
6328	-0.00032
6329	0.00408
6330	0.00931
6331	0.01403
6332	0.01745
6333	0.01909
6334	0.01954
6335	0.01924
6336	0.01817
6337	0.01661
6338	0.01564
6339	0.01621
6340	0.01780
6341	0.01940
6342	0.02112
6343	0.02285
6344	0.02355
6345	0.02335
6346	0.02349
6347	0.02350
6348	0.02167
6349	0.01751
6350	0.01152
6351	0.00428
6352	-0.00376
6353	-0.01198
6354	-0.01928
6355	-0.02453
6356	-0.02664
6357	-0.02596
6358	-0.02493
6359	-0.01939
6360	0.07945
6361	0.00215
6362	0.02156
6363	0.23950
6364	0.44095
6365	0.32776
6366	0.28410
6367	0.45249
6368	0.45120
6369	0.31709
6370	0.15762
6371	0.10555
6372	0.18801
6373	0.12703
6374	0.04943
6375	0.03879
6376	0.00533
6377	-0.09184
6378	-0.15575
6379	-0.15219
6380	-0.23738
6381	-0.32219
6382	-0.37815
6383	-0.43570
6384	-0.43483
6385	-0.36604
6386	-0.38673
6387	-0.42878
6388	-0.46144
6389	-0.48091
6390	-0.45887
6391	-0.44872
6392	-0.46079
6393	-0.47982
6394	-0.52337
6395	-0.56658
6396	-0.54775
6397	-0.54862
6398	-0.59936
6399	-0.65764
6400	-0.73007
6401	-0.79065
6402	-0.83634
6403	-0.88938
6404	-0.99120
6405	-1.13802
6406	-1.24274
6407	-1.37833
6408	-1.48517
6409	-1.54563
6410	-1.59441
6411	-1.66644
6412	-1.81967
6413	-1.86465
6414	-1.86032
6415	-1.87338
6416	-1.87534
6417	-1.88566
6418	-1.86821
6419	-1.74794
6420	-1.58888
6421	-1.52474
6422	-1.50474
6423	-1.36177
6424	-1.16603
6425	-1.05421
6426	-0.93010
6427	-0.67751
6428	-0.41952
6429	-0.30776
6430	-0.20358
6431	-0.03772
6432	0.04655
6433	0.06048
6434	0.05855
6435	0.03874
6436	0.01695
6437	0.00574
6438	0.00514
6439	0.00953
6440	0.01421
6441	0.01674
6442	0.01728
6443	0.01730
6444	0.01703
6445	0.01671
6446	0.01680
6447	0.01602
6448	0.01435
6449	0.01432
6450	0.01616
6451	0.01775
6452	0.01869
6453	0.02030
6454	0.02328
6455	0.02640
6456	0.02822
6457	0.02883
6458	0.02761
6459	0.02317
6460	0.01607
6461	0.00777
6462	-0.00131
6463	-0.01078
6464	-0.01901
6465	-0.02398
6466	-0.02553
6467	-0.02701
6468	-0.03186
6469	-0.03078
6470	0.12848
6471	0.08861
6472	0.03321
6473	0.15034
6474	0.35180
6475	0.35271
6476	0.29846
6477	0.32679
6478	0.36815
6479	0.29290
6480	0.11534
6481	0.06604
6482	0.12786
6483	0.08791
6484	-0.05874
6485	-0.10764
6486	-0.12575
6487	-0.17404
6488	-0.20415
6489	-0.24502
6490	-0.30886
6491	-0.38993
6492	-0.42772
6493	-0.44734
6494	-0.42710
6495	-0.42436
6496	-0.46773
6497	-0.46572
6498	-0.50035
6499	-0.47539
6500	-0.42620
6501	-0.44189
6502	-0.43041
6503	-0.43641
6504	-0.49457
6505	-0.51201
6506	-0.47916
6507	-0.48972
6508	-0.59921
6509	-0.67063
6510	-0.71279
6511	-0.74523
6512	-0.78451
6513	-0.87549
6514	-1.02618
6515	-1.14556
6516	-1.28006
6517	-1.41557
6518	-1.46500
6519	-1.54861
6520	-1.63294
6521	-1.71895
6522	-1.73128
6523	-1.75620
6524	-1.87333
6525	-1.91050
6526	-1.65297
6527	-1.46594
6528	-1.55242
6529	-1.33977
6530	-0.97039
6531	-0.87652
6532	-0.78964
6533	-0.49382
6534	-0.36558
6535	-0.36962
6536	-0.14240
6537	0.01995
6538	0.05016
6539	0.06130
6540	0.05553
6541	0.03463
6542	0.01364
6543	0.00279
6544	0.00175
6545	0.00560
6546	0.00974
6547	0.01247
6548	0.01485
6549	0.01778
6550	0.02030
6551	0.02095
6552	0.01923
6553	0.01592
6554	0.01238
6555	0.01042
6556	0.01134
6557	0.01398
6558	0.01596
6559	0.01696
6560	0.01834
6561	0.02086
6562	0.02488
6563	0.02940
6564	0.03232
6565	0.03339
6566	0.03217
6567	0.02602
6568	0.01458
6569	0.00116
6570	-0.01076
6571	-0.01981
6572	-0.02634
6573	-0.03029
6574	-0.02966
6575	-0.02332
6576	-0.01531
6577	-0.00829
6578	0.08023
6579	0.08188
6580	0.14744
6581	0.22839
6582	0.35522
6583	0.28167
6584	0.17354
6585	0.30695
6586	0.40590
6587	0.33107
6588	0.18539
6589	0.06956
6590	0.09260
6591	0.09086
6592	-0.09672
6593	-0.19392
6594	-0.22005
6595	-0.31694
6596	-0.31915
6597	-0.26772
6598	-0.29297
6599	-0.36080
6600	-0.39899
6601	-0.50518
6602	-0.54729
6603	-0.45569
6604	-0.41313
6605	-0.44231
6606	-0.47328
6607	-0.43573
6608	-0.38341
6609	-0.41821
6610	-0.46473
6611	-0.48017
6612	-0.51717
6613	-0.59557
6614	-0.60885
6615	-0.58895
6616	-0.63462
6617	-0.69302
6618	-0.80160
6619	-0.85298
6620	-0.89860
6621	-0.96938
6622	-1.05918
6623	-1.17058
6624	-1.29578
6625	-1.40340
6626	-1.45616
6627	-1.56025
6628	-1.63263
6629	-1.67395
6630	-1.77977
6631	-1.78705
6632	-1.73842
6633	-1.77261
6634	-1.72614
6635	-1.41862
6636	-1.28684
6637	-1.32664
6638	-1.08188
6639	-0.68939
6640	-0.56495
6641	-0.48074
6642	-0.24453
6643	-0.17523
6644	-0.12285
6645	0.03240
6646	0.04966
6647	0.06159
6648	0.05533
6649	0.03478
6650	0.01427
6651	0.00300
6652	0.00092
6653	0.00383
6654	0.00840
6655	0.01300
6656	0.01672
6657	0.01918
6658	0.02033
6659	0.01985
6660	0.01798
6661	0.01617
6662	0.01528
6663	0.01534
6664	0.01673
6665	0.01876
6666	0.01955
6667	0.01915
6668	0.01933
6669	0.02045
6670	0.02210
6671	0.02495
6672	0.02833
6673	0.02900
6674	0.02489
6675	0.01687
6676	0.00662
6677	-0.00384
6678	-0.01269
6679	-0.02019
6680	-0.02734
6681	-0.03213
6682	-0.03147
6683	-0.02755
6684	-0.02031
6685	0.04071
6686	-0.01415
6687	0.03568
6688	0.30645
6689	0.46465
6690	0.35661
6691	0.29556
6692	0.38774
6693	0.38110
6694	0.24497
6695	0.17314
6696	0.15130
6697	0.16343
6698	0.11672
6699	0.02369
6700	0.06019
6701	0.02786
6702	-0.16160
6703	-0.17460
6704	-0.12586
6705	-0.14403
6706	-0.19454
6707	-0.23458
6708	-0.31315
6709	-0.37345
6710	-0.31648
6711	-0.30613
6712	-0.33445
6713	-0.37283
6714	-0.39233
6715	-0.35780
6716	-0.34681
6717	-0.26311
6718	-0.27702
6719	-0.40653
6720	-0.43419
6721	-0.36366
6722	-0.33183
6723	-0.36330
6724	-0.40419
6725	-0.49353
6726	-0.53382
6727	-0.59465
6728	-0.69448
6729	-0.77265
6730	-0.87738
6731	-1.01622
6732	-1.12140
6733	-1.18051
6734	-1.30693
6735	-1.38727
6736	-1.47974
6737	-1.59783
6738	-1.60837
6739	-1.57354
6740	-1.54633
6741	-1.64902
6742	-1.50981
6743	-1.20521
6744	-1.22237
6745	-1.23871
6746	-0.83433
6747	-0.59260
6748	-0.66249
6749	-0.39603
6750	-0.19204
6751	-0.26600
6752	-0.19273
6753	0.00720
6754	0.05593
6755	0.06788
6756	0.05842
6757	0.03154
6758	0.00651
6759	-0.00361
6760	-0.00010
6761	0.00920
6762	0.01715
6763	0.02031
6764	0.01966
6765	0.01789
6766	0.01630
6767	0.01513
6768	0.01433
6769	0.01448
6770	0.01588
6771	0.01703
6772	0.01758
6773	0.01839
6774	0.01904
6775	0.01967
6776	0.02076
6777	0.02128
6778	0.02126
6779	0.02231
6780	0.02312
6781	0.02046
6782	0.01418
6783	0.00627
6784	-0.00181
6785	-0.00902
6786	-0.01423
6787	-0.01730
6788	-0.02003
6789	-0.02351
6790	-0.02621
6791	-0.02573
6792	-0.01567
6793	0.06325
6794	-0.01625
6795	0.00640
6796	0.29751
6797	0.45604
6798	0.30202
6799	0.29769
6800	0.40888
6801	0.33565
6802	0.20348
6803	0.12030
6804	0.11842
6805	0.15418
6806	0.12297
6807	0.01138
6808	0.00980
6809	0.01328
6810	-0.05919
6811	-0.08414
6812	-0.09497
6813	-0.14483
6814	-0.19088
6815	-0.22762
6816	-0.28029
6817	-0.27252
6818	-0.24822
6819	-0.30446
6820	-0.34973
6821	-0.37611
6822	-0.36663
6823	-0.34268
6824	-0.36223
6825	-0.37315
6826	-0.39682
6827	-0.50831
6828	-0.54863
6829	-0.51623
6830	-0.53640
6831	-0.59726
6832	-0.64864
6833	-0.74868
6834	-0.81139
6835	-0.82566
6836	-0.91628
6837	-1.02304
6838	-1.14243
6839	-1.26145
6840	-1.34892
6841	-1.46001
6842	-1.53632
6843	-1.60960
6844	-1.74126
6845	-1.85224
6846	-1.89944
6847	-1.87057
6848	-1.81440
6849	-1.85968
6850	-1.81463
6851	-1.64208
6852	-1.48007
6853	-1.38798
6854	-1.24661
6855	-1.01733
6856	-0.87511
6857	-0.71428
6858	-0.43432
6859	-0.22252
6860	-0.18978
6861	-0.10878
6862	0.03047
6863	0.04778
6864	0.06178
6865	0.05795
6866	0.03878
6867	0.01784
6868	0.00407
6869	-0.00082
6870	0.00079
6871	0.00478
6872	0.00885
6873	0.01263
6874	0.01533
6875	0.01678
6876	0.01809
6877	0.01917
6878	0.01867
6879	0.01638
6880	0.01395
6881	0.01344
6882	0.01488
6883	0.01638
6884	0.01726
6885	0.01850
6886	0.02034
6887	0.02248
6888	0.02465
6889	0.02617
6890	0.02766
6891	0.02902
6892	0.02684
6893	0.01869
6894	0.00592
6895	-0.00792
6896	-0.01888
6897	-0.02518
6898	-0.02856
6899	-0.03412
6900	-0.04264
6901	-0.03828
6902	0.11956
6903	0.13127
6904	0.05857
6905	0.18105
6906	0.46626
6907	0.44792
6908	0.27150
6909	0.30911
6910	0.37032
6911	0.26571
6912	0.12170
6913	0.09129
6914	0.09453
6915	0.06891
6916	-0.01245
6917	-0.12350
6918	-0.17020
6919	-0.24875
6920	-0.28630
6921	-0.29561
6922	-0.34551
6923	-0.35562
6924	-0.37285
6925	-0.39711
6926	-0.41908
6927	-0.41573
6928	-0.41904
6929	-0.46955
6930	-0.48974
6931	-0.48755
6932	-0.43995
6933	-0.45488
6934	-0.50260
6935	-0.50337
6936	-0.53602
6937	-0.61244
6938	-0.63558
6939	-0.63255
6940	-0.63203
6941	-0.70391
6942	-0.76998
6943	-0.78326
6944	-0.83701
6945	-0.91099
6946	-1.04631
6947	-1.14259
6948	-1.21572
6949	-1.27699
6950	-1.32460
6951	-1.42232
6952	-1.51554
6953	-1.61107
6954	-1.72736
6955	-1.78983
6956	-1.75816
6957	-1.72234
6958	-1.75593
6959	-1.83138
6960	-1.70050
6961	-1.44250
6962	-1.35396
6963	-1.33647
6964	-1.12402
6965	-0.85543
6966	-0.81685
6967	-0.60636
6968	-0.28032
6969	-0.20823
6970	-0.19293
6971	-0.07002
6972	0.04568
6973	0.05450
6974	0.04660
6975	0.02699
6976	0.01166
6977	0.00681
6978	0.00827
6979	0.01102
6980	0.01324
6981	0.01427
6982	0.01463
6983	0.01648
6984	0.01934
6985	0.02004
6986	0.01810
6987	0.01529
6988	0.01223
6989	0.01013
6990	0.01061
6991	0.01284
6992	0.01502
6993	0.01653
6994	0.01751
6995	0.01881
6996	0.02148
6997	0.02543
6998	0.02919
6999	0.03135
7000	0.03126
7001	0.02839
7002	0.02226
7003	0.01312
7004	0.00185
7005	-0.00974
7006	-0.01937
7007	-0.02581
7008	-0.03032
7009	-0.03648
7010	-0.04121
7011	-0.02877
7012	0.14492
7013	-0.02172
7014	-0.00199
7015	0.22452
7016	0.38220
7017	0.37409
7018	0.27152
7019	0.28110
7020	0.26484
7021	0.16291
7022	0.12458
7023	0.08621
7024	0.06302
7025	-0.01612
7026	-0.07168
7027	-0.09193
7028	-0.17113
7029	-0.27859
7030	-0.26028
7031	-0.26441
7032	-0.34721
7033	-0.34847
7034	-0.36169
7035	-0.39695
7036	-0.38657
7037	-0.36442
7038	-0.37443
7039	-0.40438
7040	-0.43152
7041	-0.40598
7042	-0.36881
7043	-0.38829
7044	-0.40882
7045	-0.47661
7046	-0.55391
7047	-0.59327
7048	-0.55741
7049	-0.55196
7050	-0.63431
7051	-0.67861
7052	-0.76188
7053	-0.84075
7054	-0.87269
7055	-0.95697
7056	-1.07280
7057	-1.20213
7058	-1.31440
7059	-1.35772
7060	-1.41970
7061	-1.52086
7062	-1.59915
7063	-1.70000
7064	-1.81330
7065	-1.82163
7066	-1.79109
7067	-1.75305
7068	-1.78681
7069	-1.69510
7070	-1.40680
7071	-1.27551
7072	-1.28919
7073	-1.12699
7074	-0.79745
7075	-0.67275
7076	-0.55250
7077	-0.28082
7078	-0.16971
7079	-0.16639
7080	-0.04794
7081	0.04801
7082	0.06194
7083	0.05782
7084	0.03571
7085	0.01204
7086	-0.00035
7087	-0.00069
7088	0.00558
7089	0.01267
7090	0.01712
7091	0.01918
7092	0.02054
7093	0.02002
7094	0.01673
7095	0.01406
7096	0.01424
7097	0.01575
7098	0.01760
7099	0.01987
7100	0.02107
7101	0.01987
7102	0.01769
7103	0.01694
7104	0.01835
7105	0.02060
7106	0.02219
7107	0.02256
7108	0.02098
7109	0.01738
7110	0.01358
7111	0.01098
7112	0.00791
7113	0.00120
7114	-0.00980
7115	-0.02163
7116	-0.02956
7117	-0.03158
7118	-0.02959
7119	-0.02476
7120	-0.01214
7121	0.00454
7122	0.00231
7123	0.05404
7124	0.29507
7125	0.47826
7126	0.32954
7127	0.27732
7128	0.28457
7129	0.23162
7130	0.19216
7131	0.14615
7132	0.12292
7133	0.10483
7134	0.07055
7135	-0.04575
7136	-0.02180
7137	-0.03370
7138	-0.19471
7139	-0.18700
7140	-0.16016
7141	-0.21159
7142	-0.20186
7143	-0.21236
7144	-0.27310
7145	-0.33265
7146	-0.29619
7147	-0.30939
7148	-0.37383
7149	-0.39924
7150	-0.39405
7151	-0.34800
7152	-0.35889
7153	-0.40110
7154	-0.43498
7155	-0.51350
7156	-0.55129
7157	-0.56895
7158	-0.56327
7159	-0.57612
7160	-0.65366
7161	-0.73794
7162	-0.80011
7163	-0.81112
7164	-0.89758
7165	-1.07011
7166	-1.21369
7167	-1.32545
7168	-1.41295
7169	-1.46199
7170	-1.55035
7171	-1.62838
7172	-1.74764
7173	-1.87333
7174	-1.89802
7175	-1.84119
7176	-1.82582
7177	-1.88814
7178	-1.80272
7179	-1.57852
7180	-1.47325
7181	-1.40665
7182	-1.22429
7183	-0.95671
7184	-0.87641
7185	-0.80371
7186	-0.42349
7187	-0.19557
7188	-0.20924
7189	-0.13706
7190	0.03765
7191	0.05224
7192	0.05831
7193	0.04610
7194	0.02513
7195	0.01005
7196	0.00484
7197	0.00536
7198	0.00779
7199	0.01044
7200	0.01271
7201	0.01484
7202	0.01681
7203	0.01831
7204	0.01908
7205	0.01876
7206	0.01714
7207	0.01465
7208	0.01300
7209	0.01393
7210	0.01682
7211	0.01974
7212	0.02131
7213	0.02148
7214	0.02203
7215	0.02387
7216	0.02586
7217	0.02782
7218	0.02940
7219	0.02788
7220	0.02164
7221	0.01136
7222	-0.00122
7223	-0.01311
7224	-0.02140
7225	-0.02561
7226	-0.02960
7227	-0.03860
7228	-0.04568
7229	0.07779
7230	0.11995
7231	0.04036
7232	0.03081
7233	0.25098
7234	0.45255
7235	0.30480
7236	0.10095
7237	0.13113
7238	0.21182
7239	0.25438
7240	0.18815
7241	0.03407
7242	-0.02526
7243	-0.03018
7244	-0.15912
7245	-0.23890
7246	-0.33111
7247	-0.46539
7248	-0.45957
7249	-0.40719
7250	-0.45715
7251	-0.53743
7252	-0.53792
7253	-0.60649
7254	-0.66495
7255	-0.59018
7256	-0.56715
7257	-0.63132
7258	-0.71450
7259	-0.66533
7260	-0.61698
7261	-0.61860
7262	-0.58982
7263	-0.66149
7264	-0.72721
7265	-0.73991
7266	-0.73718
7267	-0.74534
7268	-0.74339
7269	-0.77064
7270	-0.85480
7271	-0.91103
7272	-0.93256
7273	-0.95958
7274	-1.05509
7275	-1.19567
7276	-1.31243
7277	-1.38047
7278	-1.43321
7279	-1.50655
7280	-1.59965
7281	-1.71676
7282	-1.81059
7283	-1.89374
7284	-1.87936
7285	-1.83591
7286	-1.82582
7287	-1.89051
7288	-1.82680
7289	-1.48316
7290	-1.35331
7291	-1.45342
7292	-1.23099
7293	-0.87202
7294	-0.79504
7295	-0.64956
7296	-0.30220
7297	-0.19195
7298	-0.15905
7299	-0.06736
7300	0.04249
7301	0.05626
7302	0.05622
7303	0.04003
7304	0.02052
7305	0.00794
7306	0.00382
7307	0.00582
7308	0.01003
7309	0.01286
7310	0.01433
7311	0.01605
7312	0.01729
7313	0.01728
7314	0.01692
7315	0.01650
7316	0.01581
7317	0.01546
7318	0.01596
7319	0.01705
7320	0.01822
7321	0.01909
7322	0.02011
7323	0.02199
7324	0.02444
7325	0.02672
7326	0.02836
7327	0.02877
7328	0.02688
7329	0.02215
7330	0.01489
7331	0.00556
7332	-0.00489
7333	-0.01534
7334	-0.02527
7335	-0.03309
7336	-0.03556
7337	-0.03177
7338	-0.02476
7339	-0.01225
7340	0.06793
7341	0.00877
7342	0.11388
7343	0.34559
7344	0.44250
7345	0.29728
7346	0.24347
7347	0.29753
7348	0.29552
7349	0.25933
7350	0.17948
7351	0.10449
7352	0.07771
7353	0.02649
7354	-0.11872
7355	-0.17625
7356	-0.21231
7357	-0.35997
7358	-0.34730
7359	-0.32987
7360	-0.39913
7361	-0.40971
7362	-0.42477
7363	-0.50267
7364	-0.55173
7365	-0.48856
7366	-0.50864
7367	-0.57461
7368	-0.62084
7369	-0.55424
7370	-0.49574
7371	-0.51572
7372	-0.52252
7373	-0.61355
7374	-0.68913
7375	-0.72707
7376	-0.70664
7377	-0.69335
7378	-0.71898
7379	-0.75698
7380	-0.83800
7381	-0.87256
7382	-0.90001
7383	-0.94708
7384	-1.07043
7385	-1.20487
7386	-1.31610
7387	-1.40804
7388	-1.47128
7389	-1.55333
7390	-1.62982
7391	-1.73178
7392	-1.83824
7393	-1.90699
7394	-1.87082
7395	-1.79300
7396	-1.83725
7397	-1.80146
7398	-1.63087
7399	-1.39513
7400	-1.29819
7401	-1.24456
7402	-0.94608
7403	-0.73861
7404	-0.66361
7405	-0.42150
7406	-0.15475
7407	-0.10990
7408	-0.11747
7409	0.03082
7410	0.04851
7411	0.06295
7412	0.05901
7413	0.03818
7414	0.01573
7415	0.00257
7416	0.00062
7417	0.00642
7418	0.01347
7419	0.01766
7420	0.01953
7421	0.02035
7422	0.02037
7423	0.01978
7424	0.01826
7425	0.01518
7426	0.01199
7427	0.01149
7428	0.01361
7429	0.01638
7430	0.01894
7431	0.02101
7432	0.02257
7433	0.02362
7434	0.02418
7435	0.02478
7436	0.02510
7437	0.02398
7438	0.02098
7439	0.01539
7440	0.00634
7441	-0.00481
7442	-0.01522
7443	-0.02269
7444	-0.02634
7445	-0.02656
7446	-0.02482
7447	-0.02282
7448	-0.01816
7449	0.06800
7450	0.04892
7451	-0.01434
7452	0.09934
7453	0.39656
7454	0.45238
7455	0.27090
7456	0.24787
7457	0.32667
7458	0.32175
7459	0.17920
7460	0.05925
7461	0.11722
7462	0.16990
7463	0.06829
7464	-0.01662
7465	0.01834
7466	-0.14307
7467	-0.19808
7468	-0.11098
7469	-0.19139
7470	-0.23099
7471	-0.23452
7472	-0.33283
7473	-0.41586
7474	-0.38797
7475	-0.36933
7476	-0.44677
7477	-0.52991
7478	-0.55001
7479	-0.50189
7480	-0.49485
7481	-0.48020
7482	-0.46275
7483	-0.58269
7484	-0.68486
7485	-0.66301
7486	-0.68306
7487	-0.69497
7488	-0.67523
7489	-0.77774
7490	-0.86041
7491	-0.89608
7492	-0.94174
7493	-1.01522
7494	-1.15456
7495	-1.29345
7496	-1.39474
7497	-1.44518
7498	-1.52975
7499	-1.59700
7500	-1.67496
7501	-1.78716
7502	-1.79368
7503	-1.71285
7504	-1.66771
7505	-1.72683
7506	-1.52145
7507	-1.15974
7508	-1.17460
7509	-1.16096
7510	-0.65560
7511	-0.33054
7512	-0.41623
7513	-0.38765
7514	-0.11294
7515	0.03431
7516	0.05390
7517	0.06964
7518	0.06372
7519	0.03782
7520	0.01096
7521	-0.00238
7522	-0.00100
7523	0.00832
7524	0.01765
7525	0.02169
7526	0.01959
7527	0.01556
7528	0.01397
7529	0.01463
7530	0.01523
7531	0.01501
7532	0.01485
7533	0.01528
7534	0.01587
7535	0.01642
7536	0.01725
7537	0.01881
7538	0.02132
7539	0.02391
7540	0.02528
7541	0.02551
7542	0.02507
7543	0.02333
7544	0.01965
7545	0.01334
7546	0.00367
7547	-0.00792
7548	-0.01716
7549	-0.02125
7550	-0.02565
7551	-0.03914
7552	-0.05254
7553	0.14196
7554	0.26891
7555	0.14301
7556	0.00307
7557	0.21322
7558	0.51045
7559	0.38194
7560	0.19763
7561	0.17588
7562	0.20599
7563	0.05770
7564	-0.22490
7565	-0.22320
7566	-0.14990
7567	-0.19249
7568	-0.22445
7569	-0.19409
7570	-0.25712
7571	-0.37534
7572	-0.38649
7573	-0.48627
7574	-0.62754
7575	-0.73048
7576	-0.76031
7577	-0.83155
7578	-0.94877
7579	-0.96602
7580	-0.98533
7581	-1.06753
7582	-1.11159
7583	-1.13820
7584	-1.22760
7585	-1.22796
7586	-1.16770
7587	-1.15921
7588	-1.10145
7589	-1.04688
7590	-1.02639
7591	-0.96655
7592	-0.95133
7593	-0.94846
7594	-0.84670
7595	-0.77919
7596	-0.86562
7597	-0.72910
7598	-0.67276
7599	-0.59659
7600	-0.35873
7601	-0.32739
7602	-0.47764
7603	-0.26986
7604	0.06683
7605	0.06693
7606	0.06170
7607	0.04355
7608	0.02858
7609	0.02631
7610	0.02982
7611	0.03036
7612	0.02636
7613	0.02129
7614	0.01878
7615	0.01908
7616	0.01962
7617	0.01857
7618	0.01655
7619	0.01569
7620	0.01655
7621	0.01716
7622	0.01653
7623	0.01626
7624	0.01754
7625	0.01994
7626	0.02232
7627	0.02369
7628	0.02344
7629	0.02117
7630	0.01751
7631	0.01434
7632	0.01270
7633	0.01127
7634	0.00648
7635	-0.00449
7636	-0.01922
7637	-0.03072
7638	-0.03260
7639	-0.02676
7640	-0.02634
7641	-0.03589
7642	-0.03039
7643	0.14404
7644	0.25257
7645	0.36290
7646	0.46177
7647	0.18753
7648	-0.28584
7649	-0.46630
7650	-0.30160
7651	-0.35303
7652	-0.89417
7653	-0.99135
7654	-0.87888
7655	-1.22568
7656	-1.53740
7657	-1.62113
7658	-1.82733
7659	-2.14281
7660	-2.11950
7661	-2.05460
7662	-2.04740
7663	-1.93119
7664	-1.90249
7665	-1.74285
7666	-1.60588
7667	-1.44441
7668	-1.19380
7669	-1.00797
7670	-0.92990
7671	-0.82810
7672	-0.67380
7673	-0.54715
7674	-0.43933
7675	-0.37679
7676	-0.26345
7677	-0.20880
7678	-0.12789
7679	0.03394
7680	0.04723
7681	0.05420
7682	0.04927
7683	0.03888
7684	0.03329
7685	0.03467
7686	0.03803
7687	0.03852
7688	0.03545
7689	0.03071
7690	0.02611
7691	0.02302
7692	0.02203
7693	0.02215
7694	0.02111
7695	0.01801
7696	0.01541
7697	0.01527
7698	0.01576
7699	0.01557
7700	0.01681
7701	0.02028
7702	0.02341
7703	0.02427
7704	0.02314
7705	0.02145
7706	0.02031
7707	0.01886
7708	0.01605
7709	0.01231
7710	0.00839
7711	0.00394
7712	-0.00331
7713	-0.01507
7714	-0.02725
7715	-0.03625
7716	-0.04957
7717	-0.06844
7718	-0.05952
7719	0.28202
7720	0.41583
7721	0.21865
7722	0.22990
7723	0.07145
7724	-0.43961
7725	-0.70026
7726	-0.39051
7727	-0.28991
7728	-0.94854
7729	-1.29986
7730	-1.34874
7731	-1.58306
7732	-1.78763
7733	-1.90079
7734	-2.09387
7735	-2.42581
7736	-2.29692
7737	-2.13370
7738	-2.04592
7739	-1.94111
7740	-1.89171
7741	-1.68518
7742	-1.48435
7743	-1.20203
7744	-1.03657
7745	-0.83170
7746	-0.74585
7747	-0.75126
7748	-0.56675
7749	-0.33010
7750	-0.20831
7751	-0.25606
7752	-0.11577
7753	0.03487
7754	0.04572
7755	0.05223
7756	0.04964
7757	0.04275
7758	0.03950
7759	0.04138
7760	0.04481
7761	0.04613
7762	0.04372
7763	0.03783
7764	0.03077
7765	0.02580
7766	0.02422
7767	0.02477
7768	0.02544
7769	0.02453
7770	0.02111
7771	0.01700
7772	0.01526
7773	0.01639
7774	0.02002
7775	0.02554
7776	0.03000
7777	0.03070
7778	0.02811
7779	0.02444
7780	0.02171
7781	0.02068
7782	0.02064
7783	0.01948
7784	0.01442
7785	0.00383
7786	-0.01222
7787	-0.03238
7788	-0.05557
7789	-0.08029
7790	-0.08815
7791	0.22237
7792	0.48727
7793	0.27363
7794	-0.01378
7795	0.02927
7796	-0.04973
7797	-0.28285
7798	-0.24412
7799	-0.40132
7800	-0.81070
7801	-1.15948
7802	-1.43255
7803	-1.59202
7804	-1.90537
7805	-2.14162
7806	-2.30722
7807	-2.42665
7808	-2.42458
7809	-2.36589
7810	-2.13838
7811	-2.01917
7812	-1.91430
7813	-1.61209
7814	-1.34152
7815	-1.09847
7816	-0.96899
7817	-0.82331
7818	-0.69488
7819	-0.63825
7820	-0.45045
7821	-0.27812
7822	-0.10784
7823	-0.11101
7824	0.03452
7825	0.04436
7826	0.05060
7827	0.04807
7828	0.04108
7829	0.03837
7830	0.04312
7831	0.05066
7832	0.05289
7833	0.04713
7834	0.03796
7835	0.02956
7836	0.02320
7837	0.02057
7838	0.02285
7839	0.02733
7840	0.02881
7841	0.02514
7842	0.01951
7843	0.01526
7844	0.01299
7845	0.01448
7846	0.02089
7847	0.02798
7848	0.03000
7849	0.02628
7850	0.02090
7851	0.01736
7852	0.01657
7853	0.01783
7854	0.01759
7855	0.01033
7856	-0.00524
7857	-0.02299
7858	-0.03377
7859	-0.03705
7860	-0.04773
7861	-0.06900
7862	-0.06156
7863	0.30207
7864	0.35660
7865	0.12240
7866	0.08607
7867	0.02234
7868	-0.25617
7869	-0.35977
7870	-0.23644
7871	-0.51309
7872	-1.07405
7873	-1.26440
7874	-1.40434
7875	-1.72236
7876	-2.01639
7877	-2.26291
7878	-2.42763
7879	-2.49074
7880	-2.46409
7881	-2.43148
7882	-2.34166
7883	-2.23206
7884	-2.07250
7885	-1.63921
7886	-1.32408
7887	-1.11169
7888	-0.91574
7889	-0.79521
7890	-0.61084
7891	-0.45267
7892	-0.26645
7893	-0.11144
7894	0.03261
7895	0.04103
7896	0.04736
7897	0.04721
7898	0.04174
7899	0.03814
7900	0.04079
7901	0.04744
7902	0.05241
7903	0.05155
7904	0.04537
7905	0.03758
7906	0.03100
7907	0.02621
7908	0.02336
7909	0.02310
7910	0.02527
7911	0.02678
7912	0.02436
7913	0.01959
7914	0.01657
7915	0.01675
7916	0.01954
7917	0.02439
7918	0.02948
7919	0.03160
7920	0.02919
7921	0.02422
7922	0.01994
7923	0.01741
7924	0.01560
7925	0.01316
7926	0.00874
7927	0.00165
7928	-0.00839
7929	-0.02087
7930	-0.03197
7931	-0.04051
7932	-0.05594
7933	-0.07416
7934	0.08182
7935	0.26337
7936	0.31514
7937	0.25475
7938	0.22086
7939	-0.00028
7940	-0.49466
7941	-0.42022
7942	-0.30442
7943	-0.82711
7944	-1.27106
7945	-1.33712
7946	-1.44648
7947	-1.78972
7948	-1.98303
7949	-2.08382
7950	-2.27343
7951	-2.35281
7952	-2.29651
7953	-2.14954
7954	-1.99983
7955	-1.88193
7956	-1.64503
7957	-1.29937
7958	-1.09981
7959	-1.00239
7960	-0.81691
7961	-0.65147
7962	-0.58828
7963	-0.36195
7964	-0.17820
7965	-0.11554
7966	0.02949
7967	0.04016
7968	0.05213
7969	0.05585
7970	0.05067
7971	0.04442
7972	0.04229
7973	0.04302
7974	0.04357
7975	0.04214
7976	0.03847
7977	0.03312
7978	0.02731
7979	0.02337
7980	0.02306
7981	0.02548
7982	0.02726
7983	0.02550
7984	0.02126
7985	0.01799
7986	0.01785
7987	0.02094
7988	0.02571
7989	0.02999
7990	0.03165
7991	0.02953
7992	0.02494
7993	0.02029
7994	0.01667
7995	0.01412
7996	0.01137
7997	0.00576
7998	-0.00451
7999	-0.01786
8000	-0.02907
8001	-0.03846
8002	-0.05648
8003	-0.07621
8004	0.09901
8005	0.36604
8006	0.23709
8007	0.03628
8008	0.18171
8009	0.12827
8010	-0.22394
8011	-0.34383
8012	-0.35151
8013	-0.77315
8014	-1.19588
8015	-1.33627
8016	-1.45579
8017	-1.77480
8018	-2.08865
8019	-2.20183
8020	-2.30666
8021	-2.35953
8022	-2.27645
8023	-2.24798
8024	-2.10281
8025	-1.92692
8026	-1.67280
8027	-1.27769
8028	-1.00406
8029	-0.90173
8030	-0.85170
8031	-0.73123
8032	-0.55657
8033	-0.34913
8034	-0.22752
8035	-0.10350
8036	0.03207
8037	0.04526
8038	0.05575
8039	0.05556
8040	0.04703
8041	0.03927
8042	0.03764
8043	0.04132
8044	0.04624
8045	0.04804
8046	0.04512
8047	0.03899
8048	0.03138
8049	0.02403
8050	0.01970
8051	0.01956
8052	0.02154
8053	0.02301
8054	0.02321
8055	0.02235
8056	0.02039
8057	0.01868
8058	0.02004
8059	0.02489
8060	0.02979
8061	0.03078
8062	0.02790
8063	0.02443
8064	0.02196
8065	0.02010
8066	0.01808
8067	0.01446
8068	0.00740
8069	-0.00459
8070	-0.01980
8071	-0.03331
8072	-0.04603
8073	-0.06438
8074	-0.07555
8075	0.17648
8076	0.41155
8077	0.20287
8078	0.07237
8079	0.23858
8080	0.10229
8081	-0.33510
8082	-0.36061
8083	-0.31830
8084	-0.84182
8085	-1.26292
8086	-1.30249
8087	-1.49933
8088	-1.88256
8089	-2.05483
8090	-2.12635
8091	-2.26014
8092	-2.27019
8093	-2.20487
8094	-2.21494
8095	-2.12631
8096	-2.00810
8097	-1.79146
8098	-1.38265
8099	-1.15846
8100	-1.00008
8101	-0.85826
8102	-0.75024
8103	-0.64187
8104	-0.46086
8105	-0.29441
8106	-0.15311
8107	0.02831
8108	0.03585
8109	0.04591
8110	0.05013
8111	0.04522
8112	0.03852
8113	0.03779
8114	0.04285
8115	0.04839
8116	0.04989
8117	0.04655
8118	0.04071
8119	0.03499
8120	0.03045
8121	0.02773
8122	0.02711
8123	0.02782
8124	0.02839
8125	0.02663
8126	0.02195
8127	0.01663
8128	0.01336
8129	0.01419
8130	0.01907
8131	0.02499
8132	0.02898
8133	0.02920
8134	0.02561
8135	0.02080
8136	0.01715
8137	0.01530
8138	0.01377
8139	0.00897
8140	-0.00193
8141	-0.01749
8142	-0.03168
8143	-0.03743
8144	-0.03644
8145	-0.04339
8146	-0.05871
8147	0.03769
8148	0.28403
8149	0.28051
8150	0.21144
8151	0.25150
8152	0.07048
8153	-0.27498
8154	-0.23754
8155	-0.12713
8156	-0.64979
8157	-1.20807
8158	-1.23179
8159	-1.25158
8160	-1.62887
8161	-1.93541
8162	-2.09163
8163	-2.23133
8164	-2.30052
8165	-2.22812
8166	-2.21104
8167	-2.13124
8168	-2.00370
8169	-1.77279
8170	-1.40035
8171	-1.13339
8172	-0.98950
8173	-0.86565
8174	-0.68815
8175	-0.62122
8176	-0.39979
8177	-0.20719
8178	-0.12707
8179	0.03152
8180	0.04281
8181	0.05282
8182	0.05312
8183	0.04453
8184	0.03655
8185	0.03550
8186	0.04039
8187	0.04634
8188	0.04870
8189	0.04575
8190	0.03887
8191	0.03115
8192	0.02545
8193	0.02285
8194	0.02238
8195	0.02223
8196	0.02145
8197	0.02007
8198	0.01826
8199	0.01696
8200	0.01824
8201	0.02186
8202	0.02523
8203	0.02731
8204	0.02781
8205	0.02617
8206	0.02285
8207	0.01889
8208	0.01551
8209	0.01246
8210	0.00807
8211	0.00198
8212	-0.00626
8213	-0.01696
8214	-0.02716
8215	-0.03665
8216	-0.05395
8217	-0.07321
8218	0.17626
8219	0.40230
8220	0.27658
8221	0.02714
8222	0.11623
8223	0.04833
8224	-0.22215
8225	-0.23185
8226	-0.22773
8227	-0.69083
8228	-1.20749
8229	-1.35913
8230	-1.50229
8231	-1.84929
8232	-2.22405
8233	-2.41737
8234	-2.49574
8235	-2.47529
8236	-2.40739
8237	-2.33866
8238	-2.18953
8239	-2.03331
8240	-1.78975
8241	-1.34332
8242	-1.10103
8243	-1.00007
8244	-0.89530
8245	-0.79495
8246	-0.66412
8247	-0.48878
8248	-0.25103
8249	-0.11556
8250	0.03295
8251	0.04437
8252	0.05178
8253	0.04924
8254	0.03928
8255	0.03178
8256	0.03264
8257	0.04022
8258	0.04868
8259	0.05263
8260	0.05030
8261	0.04366
8262	0.03601
8263	0.02937
8264	0.02475
8265	0.02317
8266	0.02444
8267	0.02627
8268	0.02626
8269	0.02327
8270	0.01876
8271	0.01630
8272	0.01723
8273	0.02094
8274	0.02673
8275	0.03138
8276	0.03059
8277	0.02452
8278	0.01798
8279	0.01399
8280	0.01187
8281	0.01053
8282	0.00862
8283	0.00328
8284	-0.00762
8285	-0.02199
8286	-0.03805
8287	-0.06183
8288	-0.08745
8289	0.11117
8290	0.46170
8291	0.43545
8292	0.08152
8293	0.02078
8294	-0.03147
8295	-0.25907
8296	-0.25907
8297	-0.39148
8298	-0.94484
8299	-1.32267
8300	-1.48532
8301	-1.74935
8302	-1.89801
8303	-2.03094
8304	-2.27985
8305	-2.41605
8306	-2.41615
8307	-2.28789
8308	-2.29495
8309	-2.15099
8310	-1.98565
8311	-1.78844
8312	-1.33614
8313	-1.05553
8314	-0.92085
8315	-0.80297
8316	-0.72348
8317	-0.61902
8318	-0.44426
8319	-0.22610
8320	-0.10992
8321	0.02767
8322	0.03785
8323	0.04796
8324	0.04913
8325	0.04214
8326	0.03704
8327	0.03916
8328	0.04553
8329	0.05029
8330	0.04994
8331	0.04523
8332	0.03889
8333	0.03296
8334	0.02858
8335	0.02592
8336	0.02427
8337	0.02307
8338	0.02201
8339	0.02071
8340	0.01944
8341	0.01863
8342	0.01883
8343	0.02067
8344	0.02350
8345	0.02625
8346	0.02766
8347	0.02641
8348	0.02335
8349	0.01996
8350	0.01629
8351	0.01286
8352	0.01057
8353	0.00867
8354	0.00537
8355	-0.00254
8356	-0.01646
8357	-0.03039
8358	-0.03736
8359	-0.04409
8360	-0.06131
8361	-0.06389
8362	0.21982
8363	0.31265
8364	0.26338
8365	0.20378
8366	0.13389
8367	-0.19477
8368	-0.35471
8369	-0.09183
8370	-0.29865
8371	-0.99232
8372	-1.22377
8373	-1.12112
8374	-1.40981
8375	-1.79246
8376	-1.99933
8377	-2.19258
8378	-2.34858
8379	-2.31745
8380	-2.16091
8381	-2.03247
8382	-1.87821
8383	-1.76022
8384	-1.52245
8385	-1.22734
8386	-1.02556
8387	-0.85605
8388	-0.68516
8389	-0.62519
8390	-0.51349
8391	-0.24230
8392	-0.11285
8393	0.02173
8394	0.03323
8395	0.04803
8396	0.05513
8397	0.05081
8398	0.04283
8399	0.03927
8400	0.04128
8401	0.04643
8402	0.05053
8403	0.04940
8404	0.04311
8405	0.03504
8406	0.02761
8407	0.02251
8408	0.02200
8409	0.02481
8410	0.02626
8411	0.02469
8412	0.02212
8413	0.02050
8414	0.01998
8415	0.01989
8416	0.02157
8417	0.02592
8418	0.03022
8419	0.03138
8420	0.02881
8421	0.02386
8422	0.01889
8423	0.01527
8424	0.01199
8425	0.00785
8426	0.00166
8427	-0.00948
8428	-0.02444
8429	-0.03519
8430	-0.03998
8431	-0.05160
8432	-0.06879
8433	0.14247
8434	0.33909
8435	0.25031
8436	0.15474
8437	0.27029
8438	0.02236
8439	-0.42525
8440	-0.40806
8441	-0.23284
8442	-0.75877
8443	-1.29759
8444	-1.30204
8445	-1.47930
8446	-1.74903
8447	-1.97800
8448	-2.18320
8449	-2.32615
8450	-2.33586
8451	-2.23521
8452	-2.17718
8453	-2.04112
8454	-1.95985
8455	-1.78797
8456	-1.38234
8457	-1.17706
8458	-1.06118
8459	-0.84569
8460	-0.69586
8461	-0.64834
8462	-0.37740
8463	-0.19252
8464	-0.16053
8465	0.02971
8466	0.03859
8467	0.04910
8468	0.05136
8469	0.04488
8470	0.03791
8471	0.03606
8472	0.03938
8473	0.04425
8474	0.04629
8475	0.04399
8476	0.03857
8477	0.03178
8478	0.02546
8479	0.02192
8480	0.02242
8481	0.02502
8482	0.02610
8483	0.02410
8484	0.02072
8485	0.01840
8486	0.01785
8487	0.01926
8488	0.02285
8489	0.02709
8490	0.02925
8491	0.02813
8492	0.02490
8493	0.02082
8494	0.01597
8495	0.01079
8496	0.00552
8497	-0.00118
8498	-0.01032
8499	-0.02061
8500	-0.02904
8501	-0.03635
8502	-0.05223
8503	-0.07475
8504	-0.06223
8505	0.28031
8506	0.30637
8507	0.12365
8508	0.13146
8509	-0.01622
8510	-0.51640
8511	-0.51119
8512	-0.37171
8513	-0.81928
8514	-1.30452
8515	-1.36736
8516	-1.58390
8517	-1.80156
8518	-1.98119
8519	-2.24081
8520	-2.36581
8521	-2.38290
8522	-2.26941
8523	-2.22040
8524	-2.04000
8525	-1.92707
8526	-1.68760
8527	-1.24343
8528	-1.05850
8529	-0.95510
8530	-0.82361
8531	-0.64445
8532	-0.53061
8533	-0.37005
8534	-0.15557
8535	-0.05079
8536	0.02974
8537	0.03834
8538	0.04801
8539	0.05129
8540	0.04835
8541	0.04583
8542	0.04643
8543	0.04775
8544	0.04720
8545	0.04403
8546	0.03890
8547	0.03285
8548	0.02704
8549	0.02339
8550	0.02340
8551	0.02652
8552	0.02957
8553	0.02803
8554	0.02117
8555	0.01530
8556	0.01559
8557	0.01932
8558	0.02361
8559	0.02864
8560	0.03184
8561	0.02998
8562	0.02417
8563	0.01809
8564	0.01397
8565	0.01174
8566	0.00941
8567	0.00452
8568	-0.00373
8569	-0.01476
8570	-0.02567
8571	-0.03133
8572	-0.03352
8573	-0.04544
8574	-0.06573
8575	-0.05256
8576	0.27508
8577	0.23342
8578	0.27094
8579	0.32168
8580	0.14062
8581	-0.32081
8582	-0.42538
8583	-0.58114
8584	-0.96245
8585	-1.16723
8586	-1.31876
8587	-1.55126
8588	-1.78358
8589	-1.89252
8590	-2.00538
8591	-2.13218
8592	-2.19073
8593	-2.16961
8594	-2.05634
8595	-1.90365
8596	-1.69532
8597	-1.41876
8598	-1.10377
8599	-0.95561
8600	-0.86597
8601	-0.72343
8602	-0.61524
8603	-0.50443
8604	-0.34441
8605	-0.25520
8606	-0.09389
8607	0.03249
8608	0.04360
8609	0.05250
8610	0.05270
8611	0.04640
8612	0.04106
8613	0.03995
8614	0.04141
8615	0.04253
8616	0.04108
8617	0.03690
8618	0.03185
8619	0.02764
8620	0.02507
8621	0.02393
8622	0.02327
8623	0.02199
8624	0.01949
8625	0.01696
8626	0.01595
8627	0.01643
8628	0.01838
8629	0.02187
8630	0.02591
8631	0.02921
8632	0.03048
8633	0.02882
8634	0.02510
8635	0.02123
8636	0.01744
8637	0.01342
8638	0.00972
8639	0.00430
8640	-0.00676
8641	-0.02205
8642	-0.03674
8643	-0.05505
8644	-0.07888
8645	-0.07593
8646	0.29102
8647	0.42288
8648	0.17539
8649	0.07973
8650	0.02574
8651	-0.28056
8652	-0.32710
8653	-0.03948
8654	-0.49062
8655	-1.18566
8656	-1.30547
8657	-1.46377
8658	-1.85009
8659	-2.20797
8660	-2.32914
8661	-2.54666
8662	-2.59058
8663	-2.41104
8664	-2.38384
8665	-2.19581
8666	-2.05039
8667	-1.92836
8668	-1.46599
8669	-1.07287
8670	-0.92744
8671	-0.83093
8672	-0.67929
8673	-0.54339
8674	-0.38513
8675	-0.18777
8676	-0.04447
8677	0.04003
8678	0.05191
8679	0.05502
8680	0.04917
8681	0.04171
8682	0.03945
8683	0.04370
8684	0.05131
8685	0.05672
8686	0.05581
8687	0.04912
8688	0.03964
8689	0.02958
8690	0.02199
8691	0.02038
8692	0.02374
8693	0.02687
8694	0.02650
8695	0.02367
8696	0.02100
8697	0.02026
8698	0.02158
8699	0.02436
8700	0.02775
8701	0.02917
8702	0.02673
8703	0.02264
8704	0.02037
8705	0.01990
8706	0.01929
8707	0.01804
8708	0.01478
8709	0.00561
8710	-0.00966
8711	-0.02387
8712	-0.03341
8713	-0.04963
8714	-0.07852
8715	-0.08484
8716	0.35010
8717	0.54529
8718	0.15197
8719	0.05671
8720	0.09797
8721	-0.25923
8722	-0.37509
8723	-0.17161
8724	-0.55687
8725	-1.21601
8726	-1.43367
8727	-1.54255
8728	-1.77612
8729	-1.86580
8730	-2.04535
8731	-2.30457
8732	-2.38609
8733	-2.26683
8734	-2.21341
8735	-2.13733
8736	-1.93850
8737	-1.86401
8738	-1.57050
8739	-1.14761
8740	-0.93566
8741	-0.82603
8742	-0.71644
8743	-0.67373
8744	-0.50866
8745	-0.24941
8746	-0.17308
8747	0.02775
8748	0.03634
8749	0.04535
8750	0.04819
8751	0.04303
8752	0.03620
8753	0.03479
8754	0.03958
8755	0.04645
8756	0.05094
8757	0.05072
8758	0.04606
8759	0.03881
8760	0.03085
8761	0.02443
8762	0.02196
8763	0.02325
8764	0.02472
8765	0.02371
8766	0.02168
8767	0.02085
8768	0.02096
8769	0.02141
8770	0.02338
8771	0.02658
8772	0.02824
8773	0.02734
8774	0.02476
8775	0.02082
8776	0.01641
8777	0.01372
8778	0.01349
8779	0.01289
8780	0.00716
8781	-0.00606
8782	-0.02350
8783	-0.03737
8784	-0.04270
8785	-0.04737
8786	-0.06046
8787	-0.05608
8788	0.16234
8789	0.36992
8790	0.33665
8791	0.28540
8792	0.07009
8793	-0.42527
8794	-0.43586
8795	-0.14908
8796	-0.55142
8797	-1.17246
8798	-1.39621
8799	-1.47396
8800	-1.77976
8801	-1.99624
8802	-2.17091
8803	-2.45762
8804	-2.54082
8805	-2.39373
8806	-2.25251
8807	-2.02518
8808	-1.83866
8809	-1.71169
8810	-1.43052
8811	-1.10594
8812	-0.90194
8813	-0.75264
8814	-0.62050
8815	-0.56119
8816	-0.38806
8817	-0.22101
8818	-0.06395
8819	0.03157
8820	0.04212
8821	0.05082
8822	0.04980
8823	0.04128
8824	0.03353
8825	0.03111
8826	0.03421
8827	0.03998
8828	0.04392
8829	0.04375
8830	0.04075
8831	0.03661
8832	0.03114
8833	0.02492
8834	0.02084
8835	0.02029
8836	0.02134
8837	0.02185
8838	0.02190
8839	0.02175
8840	0.02036
8841	0.01860
8842	0.01945
8843	0.02338
8844	0.02778
8845	0.02973
8846	0.02808
8847	0.02432
8848	0.02069
8849	0.01773
8850	0.01418
8851	0.00884
8852	0.00113
8853	-0.01017
8854	-0.02454
8855	-0.03647
8856	-0.04009
8857	-0.04070
8858	-0.04939
8859	-0.04894
8860	0.16417
8861	0.28995
8862	0.29021
8863	0.25161
8864	0.12693
8865	-0.39291
8866	-0.67317
8867	-0.40813
8868	-0.49663
8869	-1.18064
8870	-1.51348
8871	-1.55487
8872	-1.89126
8873	-2.09236
8874	-2.13635
8875	-2.30521
8876	-2.48717
8877	-2.43188
8878	-2.19820
8879	-2.07161
8880	-1.89012
8881	-1.68998
8882	-1.46037
8883	-1.16757
8884	-1.02587
8885	-0.94070
8886	-0.77280
8887	-0.61187
8888	-0.46774
8889	-0.27385
8890	-0.10722
8891	0.03056
8892	0.03854
8893	0.04711
8894	0.05028
8895	0.04615
8896	0.03967
8897	0.03697
8898	0.04026
8899	0.04579
8900	0.04784
8901	0.04474
8902	0.03813
8903	0.03047
8904	0.02508
8905	0.02352
8906	0.02435
8907	0.02569
8908	0.02585
8909	0.02455
8910	0.02318
8911	0.02143
8912	0.01854
8913	0.01708
8914	0.01982
8915	0.02525
8916	0.02978
8917	0.03083
8918	0.02732
8919	0.02070
8920	0.01437
8921	0.01089
8922	0.01013
8923	0.00817
8924	-0.00080
8925	-0.01777
8926	-0.03482
8927	-0.04444
8928	-0.05281
8929	-0.06541
8930	-0.05569
8931	0.26818
8932	0.25781
8933	0.11225
8934	0.16966
8935	0.01845
8936	-0.33909
8937	-0.43057
8938	-0.26243
8939	-0.46947
8940	-1.06458
8941	-1.41046
8942	-1.58268
8943	-1.83146
8944	-2.07592
8945	-2.20637
8946	-2.41151
8947	-2.50872
8948	-2.37432
8949	-2.34226
8950	-2.22647
8951	-2.07581
8952	-1.91195
8953	-1.58335
8954	-1.28260
8955	-0.98591
8956	-0.86187
8957	-0.77921
8958	-0.65992
8959	-0.49817
8960	-0.32201
8961	-0.13944
8962	-0.07752
8963	0.03264
8964	0.04120
8965	0.04777
8966	0.04717
8967	0.04155
8968	0.03723
8969	0.03740
8970	0.04162
8971	0.04716
8972	0.04973
8973	0.04690
8974	0.04039
8975	0.03299
8976	0.02663
8977	0.02359
8978	0.02424
8979	0.02519
8980	0.02320
8981	0.01922
8982	0.01687
8983	0.01716
8984	0.01819
8985	0.02031
8986	0.02466
8987	0.02855
8988	0.02886
8989	0.02595
8990	0.02123
8991	0.01617
8992	0.01255
8993	0.00971
8994	0.00503
8995	-0.00331
8996	-0.01480
8997	-0.02548
8998	-0.03153
8999	-0.03870
9000	-0.05813
9001	-0.07204
9002	0.22434
9003	0.39245
9004	0.15215
9005	0.07352
9006	0.14647
9007	-0.20282
9008	-0.41774
9009	-0.13488
9010	-0.21399
9011	-0.90435
9012	-1.30219
9013	-1.35243
9014	-1.64501
9015	-2.07261
9016	-2.31667
9017	-2.55221
9018	-2.67866
9019	-2.57742
9020	-2.54794
9021	-2.46867
9022	-2.28565
9023	-2.13547
9024	-1.75118
9025	-1.29222
9026	-1.10625
9027	-0.94394
9028	-0.77714
9029	-0.66676
9030	-0.48004
9031	-0.23411
9032	-0.06791
9033	0.02744
9034	0.03600
9035	0.04598
9036	0.05166
9037	0.04898
9038	0.04184
9039	0.03648
9040	0.03615
9041	0.04079
9042	0.04654
9043	0.04843
9044	0.04500
9045	0.03747
9046	0.02812
9047	0.02085
9048	0.01890
9049	0.02176
9050	0.02565
9051	0.02646
9052	0.02374
9053	0.02053
9054	0.01838
9055	0.01682
9056	0.01723
9057	0.02172
9058	0.02878
9059	0.03380
9060	0.03328
9061	0.02712
9062	0.01857
9063	0.01197
9064	0.00878
9065	0.00772
9066	0.00615
9067	-0.00052
9068	-0.01402
9069	-0.02866
9070	-0.03958
9071	-0.05437
9072	-0.07381
9073	0.15132
9074	0.42697
9075	0.37937
9076	0.17997
9077	0.15736
9078	-0.03780
9079	-0.43553
9080	-0.34786
9081	-0.31253
9082	-0.82731
9083	-1.28034
9084	-1.55641
9085	-1.76290
9086	-1.93565
9087	-2.11460
9088	-2.28091
9089	-2.46728
9090	-2.43142
9091	-2.31539
9092	-2.21380
9093	-1.97664
9094	-1.90571
9095	-1.72499
9096	-1.39594
9097	-1.14019
9098	-0.92625
9099	-0.77019
9100	-0.66796
9101	-0.64200
9102	-0.40967
9103	-0.22366
9104	-0.07270
9105	0.02720
9106	0.03638
9107	0.04664
9108	0.05024
9109	0.04619
9110	0.04049
9111	0.03734
9112	0.03811
9113	0.04236
9114	0.04685
9115	0.04783
9116	0.04440
9117	0.03853
9118	0.03208
9119	0.02615
9120	0.02255
9121	0.02226
9122	0.02366
9123	0.02461
9124	0.02443
9125	0.02286
9126	0.02041
9127	0.01939
9128	0.02118
9129	0.02476
9130	0.02891
9131	0.03185
9132	0.03113
9133	0.02586
9134	0.01782
9135	0.01089
9136	0.00718
9137	0.00471
9138	0.00008
9139	-0.00982
9140	-0.02473
9141	-0.03707
9142	-0.03838
9143	-0.03448
9144	-0.04270
9145	-0.05121
9146	0.12292
9147	0.30486
9148	0.31983
9149	0.27457
9150	0.13080
9151	-0.30048
9152	-0.46534
9153	-0.20585
9154	-0.46777
9155	-1.07819
9156	-1.29071
9157	-1.28217
9158	-1.54862
9159	-1.85895
9160	-2.03994
9161	-2.26586
9162	-2.44468
9163	-2.38282
9164	-2.28863
9165	-2.14579
9166	-1.93994
9167	-1.81964
9168	-1.57910
9169	-1.21528
9170	-1.03792
9171	-0.85837
9172	-0.63944
9173	-0.62462
9174	-0.43734
9175	-0.24957
9176	-0.13710
9177	0.02595
9178	0.03552
9179	0.04749
9180	0.05298
9181	0.04825
9182	0.03935
9183	0.03380
9184	0.03477
9185	0.04101
9186	0.04739
9187	0.04893
9188	0.04492
9189	0.03779
9190	0.03071
9191	0.02555
9192	0.02286
9193	0.02351
9194	0.02565
9195	0.02563
9196	0.02322
9197	0.02045
9198	0.01895
9199	0.01942
9200	0.02160
9201	0.02545
9202	0.02968
9203	0.03155
9204	0.03003
9205	0.02631
9206	0.02111
9207	0.01508
9208	0.01093
9209	0.00910
9210	0.00496
9211	-0.00552
9212	-0.02091
9213	-0.03433
9214	-0.04388
9215	-0.05906
9216	-0.07253
9217	0.12915
9218	0.33533
9219	0.24210
9220	0.21764
9221	0.26770
9222	-0.04603
9223	-0.46304
9224	-0.33503
9225	-0.11685
9226	-0.62709
9227	-1.20945
9228	-1.34101
9229	-1.49292
9230	-1.82100
9231	-1.97565
9232	-2.17871
9233	-2.43228
9234	-2.43412
9235	-2.30118
9236	-2.21959
9237	-2.09501
9238	-1.95892
9239	-1.76208
9240	-1.44423
9241	-1.17138
9242	-1.01879
9243	-0.86408
9244	-0.75810
9245	-0.63842
9246	-0.40636
9247	-0.24016
9248	-0.09770
9249	0.03024
9250	0.03715
9251	0.04643
9252	0.04943
9253	0.04286
9254	0.03394
9255	0.03053
9256	0.03404
9257	0.04089
9258	0.04619
9259	0.04684
9260	0.04324
9261	0.03754
9262	0.03163
9263	0.02749
9264	0.02610
9265	0.02603
9266	0.02535
9267	0.02343
9268	0.02110
9269	0.01976
9270	0.01929
9271	0.01888
9272	0.01970
9273	0.02318
9274	0.02792
9275	0.03147
9276	0.03191
9277	0.02782
9278	0.02015
9279	0.01272
9280	0.00824
9281	0.00474
9282	-0.00248
9283	-0.01575
9284	-0.03168
9285	-0.04174
9286	-0.04088
9287	-0.03930
9288	-0.04893
9289	-0.04563
9290	0.14689
9291	0.21290
9292	0.22592
9293	0.26720
9294	0.08527
9295	-0.37636
9296	-0.57923
9297	-0.24201
9298	-0.48445
9299	-1.22681
9300	-1.31810
9301	-1.32210
9302	-1.69095
9303	-2.02695
9304	-2.17433
9305	-2.37374
9306	-2.51243
9307	-2.36641
9308	-2.27975
9309	-2.15368
9310	-2.02248
9311	-1.84526
9312	-1.43017
9313	-1.13504
9314	-0.96232
9315	-0.86204
9316	-0.70468
9317	-0.57611
9318	-0.44737
9319	-0.18068
9320	-0.08877
9321	0.02626
9322	0.03637
9323	0.04713
9324	0.05086
9325	0.04626
9326	0.04023
9327	0.03916
9328	0.04308
9329	0.04767
9330	0.04864
9331	0.04508
9332	0.03915
9333	0.03287
9334	0.02736
9335	0.02429
9336	0.02565
9337	0.03017
9338	0.03162
9339	0.02715
9340	0.02219
9341	0.02035
9342	0.01927
9343	0.01843
9344	0.02043
9345	0.02551
9346	0.03083
9347	0.03342
9348	0.03124
9349	0.02431
9350	0.01574
9351	0.00964
9352	0.00679
9353	0.00404
9354	-0.00223
9355	-0.01323
9356	-0.02680
9357	-0.03710
9358	-0.03940
9359	-0.04056
9360	-0.05130
9361	-0.04976
9362	0.19094
9363	0.24948
9364	0.29750
9365	0.28371
9366	0.03284
9367	-0.40701
9368	-0.41946
9369	-0.21555
9370	-0.66290
9371	-1.25009
9372	-1.37668
9373	-1.49595
9374	-1.80402
9375	-1.99707
9376	-2.17121
9377	-2.42133
9378	-2.55587
9379	-2.39600
9380	-2.21512
9381	-2.10060
9382	-1.92605
9383	-1.76829
9384	-1.39816
9385	-1.06649
9386	-0.91587
9387	-0.75314
9388	-0.62108
9389	-0.53950
9390	-0.40682
9391	-0.20415
9392	-0.07019
9393	0.02565
9394	0.03833
9395	0.04950
9396	0.05232
9397	0.04772
9398	0.04237
9399	0.03984
9400	0.04008
9401	0.04200
9402	0.04354
9403	0.04307
9404	0.04032
9405	0.03547
9406	0.02955
9407	0.02500
9408	0.02316
9409	0.02340
9410	0.02424
9411	0.02418
9412	0.02288
9413	0.02076
9414	0.01873
9415	0.01858
9416	0.02110
9417	0.02532
9418	0.02965
9419	0.03209
9420	0.03116
9421	0.02670
9422	0.02014
9423	0.01456
9424	0.01120
9425	0.00793
9426	0.00215
9427	-0.00795
9428	-0.02171
9429	-0.03359
9430	-0.03951
9431	-0.04704
9432	-0.06090
9433	-0.05193
9434	0.19276
9435	0.30093
9436	0.27828
9437	0.22044
9438	0.01072
9439	-0.35195
9440	-0.49827
9441	-0.25195
9442	-0.59966
9443	-1.21534
9444	-1.34266
9445	-1.48555
9446	-1.76881
9447	-1.98460
9448	-2.16827
9449	-2.43206
9450	-2.55116
9451	-2.37732
9452	-2.27563
9453	-2.16412
9454	-2.04144
9455	-1.91995
9456	-1.46473
9457	-1.16390
9458	-1.03505
9459	-0.83848
9460	-0.69844
9461	-0.59764
9462	-0.45423
9463	-0.22032
9464	-0.07772
9465	0.03309
9466	0.04263
9467	0.04977
9468	0.04894
9469	0.04151
9470	0.03566
9471	0.03641
9472	0.04243
9473	0.04925
9474	0.05205
9475	0.04892
9476	0.04229
9477	0.03475
9478	0.02754
9479	0.02320
9480	0.02386
9481	0.02769
9482	0.02982
9483	0.02725
9484	0.02262
9485	0.01962
9486	0.01778
9487	0.01710
9488	0.02037
9489	0.02699
9490	0.03207
9491	0.03241
9492	0.02779
9493	0.01978
9494	0.01218
9495	0.00835
9496	0.00693
9497	0.00334
9498	-0.00594
9499	-0.02056
9500	-0.03397
9501	-0.03871
9502	-0.04034
9503	-0.05327
9504	-0.06289
9505	0.09173
9506	0.24103
9507	0.28926
9508	0.23775
9509	0.08218
9510	-0.28600
9511	-0.42248
9512	-0.11479
9513	-0.25841
9514	-1.04624
9515	-1.36926
9516	-1.42111
9517	-1.68996
9518	-1.91379
9519	-2.05564
9520	-2.31142
9521	-2.54596
9522	-2.43933
9523	-2.30492
9524	-2.24321
9525	-2.07436
9526	-1.96946
9527	-1.71095
9528	-1.29436
9529	-1.05684
9530	-0.89085
9531	-0.69569
9532	-0.59724
9533	-0.47801
9534	-0.28016
9535	-0.09450
9536	0.03074
9537	0.03937
9538	0.04851
9539	0.05129
9540	0.04553
9541	0.03799
9542	0.03448
9543	0.03645
9544	0.04306
9545	0.04929
9546	0.04955
9547	0.04462
9548	0.03833
9549	0.03195
9550	0.02612
9551	0.02293
9552	0.02326
9553	0.02471
9554	0.02399
9555	0.02122
9556	0.01908
9557	0.01831
9558	0.01828
9559	0.01993
9560	0.02416
9561	0.02932
9562	0.03236
9563	0.03119
9564	0.02626
9565	0.02071
9566	0.01717
9567	0.01471
9568	0.01081
9569	0.00334
9570	-0.00912
9571	-0.02486
9572	-0.03797
9573	-0.04234
9574	-0.04322
9575	-0.05418
9576	-0.05818
9577	0.14711
9578	0.35616
9579	0.40460
9580	0.34691
9581	0.11139
9582	-0.28519
9583	-0.40919
9584	-0.21562
9585	-0.35160
9586	-0.89553
9587	-1.22366
9588	-1.22231
9589	-1.45753
9590	-1.70337
9591	-1.86768
9592	-2.12056
9593	-2.39644
9594	-2.34988
9595	-2.17957
9596	-2.07050
9597	-1.86526
9598	-1.77552
9599	-1.62934
9600	-1.32768
9601	-1.13264
9602	-0.89277
9603	-0.69686
9604	-0.56226
9605	-0.50480
9606	-0.37357
9607	-0.16968
9608	-0.02402
9609	0.03371
9610	0.04508
9611	0.05362
9612	0.05165
9613	0.04233
9614	0.03555
9615	0.03569
9616	0.04087
9617	0.04667
9618	0.04877
9619	0.04593
9620	0.03966
9621	0.03187
9622	0.02481
9623	0.02157
9624	0.02323
9625	0.02663
9626	0.02749
9627	0.02458
9628	0.02048
9629	0.01846
9630	0.01861
9631	0.01966
9632	0.02231
9633	0.02646
9634	0.02922
9635	0.02801
9636	0.02267
9637	0.01560
9638	0.01034
9639	0.00782
9640	0.00550
9641	0.00035
9642	-0.00977
9643	-0.02337
9644	-0.03376
9645	-0.03974
9646	-0.05293
9647	-0.06939
9648	0.04374
9649	0.27972
9650	0.23870
9651	0.18792
9652	0.11667
9653	-0.28239
9654	-0.38752
9655	-0.03525
9656	-0.00514
9657	-0.70561
9658	-1.24394
9659	-1.25122
9660	-1.36361
9661	-1.59819
9662	-1.79501
9663	-2.17036
9664	-2.49063
9665	-2.46851
9666	-2.32544
9667	-2.20413
9668	-2.01734
9669	-1.95507
9670	-1.82307
9671	-1.41165
9672	-1.12427
9673	-0.87205
9674	-0.65785
9675	-0.57459
9676	-0.48795
9677	-0.29612
9678	-0.13504
9679	0.03279
9680	0.04763
9681	0.05637
9682	0.05429
9683	0.04507
9684	0.03672
9685	0.03380
9686	0.03682
9687	0.04386
9688	0.05024
9689	0.05120
9690	0.04684
9691	0.04057
9692	0.03348
9693	0.02596
9694	0.02075
9695	0.01954
9696	0.02067
9697	0.02146
9698	0.02108
9699	0.02080
9700	0.02105
9701	0.02080
9702	0.02033
9703	0.02141
9704	0.02464
9705	0.02810
9706	0.02918
9707	0.02693
9708	0.02243
9709	0.01758
9710	0.01392
9711	0.01064
9712	0.00484
9713	-0.00515
9714	-0.01851
9715	-0.03159
9716	-0.04065
9717	-0.04999
9718	-0.06479
9719	-0.05853
9720	0.14595
9721	0.27735
9722	0.21999
9723	0.23856
9724	0.01448
9725	-0.43767
9726	-0.46907
9727	-0.05998
9728	-0.34337
9729	-1.04060
9730	-1.21381
9731	-1.26094
9732	-1.54350
9733	-1.77120
9734	-1.91329
9735	-2.31070
9736	-2.50607
9737	-2.35367
9738	-2.25886
9739	-2.08992
9740	-1.98365
9741	-1.90319
9742	-1.60786
9743	-1.21389
9744	-1.03803
9745	-0.83911
9746	-0.55472
9747	-0.51737
9748	-0.40649
9749	-0.21353
9750	-0.14230
9751	0.02867
9752	0.03892
9753	0.05038
9754	0.05416
9755	0.04870
9756	0.04216
9757	0.04067
9758	0.04478
9759	0.05035
9760	0.05127
9761	0.04642
9762	0.03882
9763	0.03037
9764	0.02333
9765	0.02088
9766	0.02322
9767	0.02724
9768	0.02940
9769	0.02776
9770	0.02343
9771	0.01967
9772	0.01801
9773	0.01812
9774	0.02027
9775	0.02460
9776	0.02953
9777	0.03218
9778	0.03053
9779	0.02569
9780	0.01980
9781	0.01343
9782	0.00769
9783	0.00311
9784	-0.00305
9785	-0.01324
9786	-0.02519
9787	-0.03407
9788	-0.04324
9789	-0.06302
9790	-0.07552
9791	0.14003
9792	0.38872
9793	0.40804
9794	0.30068
9795	0.12445
9796	-0.29352
9797	-0.46998
9798	-0.10587
9799	-0.17775
9800	-0.84682
9801	-1.28987
9802	-1.30385
9803	-1.46176
9804	-1.59849
9805	-1.67641
9806	-2.12703
9807	-2.41256
9808	-2.36813
9809	-2.30669
9810	-2.11031
9811	-1.85059
9812	-1.77306
9813	-1.72982
9814	-1.43289
9815	-1.13910
9816	-0.93455
9817	-0.65730
9818	-0.58685
9819	-0.56213
9820	-0.38505
9821	-0.21709
9822	-0.02499
9823	0.02903
9824	0.04193
9825	0.05277
9826	0.05374
9827	0.04626
9828	0.03859
9829	0.03610
9830	0.03909
9831	0.04443
9832	0.04728
9833	0.04562
9834	0.04119
9835	0.03525
9836	0.02867
9837	0.02415
9838	0.02312
9839	0.02382
9840	0.02410
9841	0.02321
9842	0.02191
9843	0.02112
9844	0.02044
9845	0.01998
9846	0.02192
9847	0.02687
9848	0.03101
9849	0.03047
9850	0.02601
9851	0.02066
9852	0.01595
9853	0.01256
9854	0.00972
9855	0.00417
9856	-0.00667
9857	-0.02111
9858	-0.03283
9859	-0.03978
9860	-0.05299
9861	-0.07293
9862	-0.05870
9863	0.20801
9864	0.27996
9865	0.29746
9866	0.21984
9867	-0.23909
9868	-0.61906
9869	-0.35299
9870	-0.05070
9871	-0.54289
9872	-1.27428
9873	-1.43793
9874	-1.54443
9875	-1.80562
9876	-1.81342
9877	-2.03659
9878	-2.41393
9879	-2.46765
9880	-2.30155
9881	-2.25440
9882	-2.06553
9883	-1.93981
9884	-1.86831
9885	-1.51491
9886	-1.24844
9887	-1.06481
9888	-0.85300
9889	-0.72696
9890	-0.63008
9891	-0.48421
9892	-0.23906
9893	-0.16932
9894	0.02923
9895	0.03804
9896	0.04741
9897	0.05053
9898	0.04558
9899	0.03927
9900	0.03789
9901	0.04211
9902	0.04876
9903	0.05248
9904	0.04972
9905	0.04237
9906	0.03399
9907	0.02637
9908	0.02197
9909	0.02278
9910	0.02634
9911	0.02832
9912	0.02697
9913	0.02353
9914	0.02034
9915	0.01912
9916	0.02010
9917	0.02281
9918	0.02704
9919	0.03120
9920	0.03180
9921	0.02738
9922	0.02008
9923	0.01329
9924	0.00932
9925	0.00675
9926	0.00215
9927	-0.00562
9928	-0.01576
9929	-0.02552
9930	-0.03242
9931	-0.04335
9932	-0.06643
9933	-0.07401
9934	0.20389
9935	0.37203
9936	0.34466
9937	0.30691
9938	0.00245
9939	-0.49324
9940	-0.43216
9941	0.14235
9942	-0.16377
9943	-0.99950
9944	-1.30284
9945	-1.43401
9946	-1.63427
9947	-1.70429
9948	-1.98386
9949	-2.41088
9950	-2.53454
9951	-2.39276
9952	-2.34648
9953	-2.01863
9954	-1.81010
9955	-1.90877
9956	-1.72674
9957	-1.40201
9958	-1.13937
9959	-0.87640
9960	-0.68013
9961	-0.65004
9962	-0.56997
9963	-0.31922
9964	-0.16651
9965	-0.00500
9966	0.03237
9967	0.04294
9968	0.05117
9969	0.05159
9970	0.04607
9971	0.04117
9972	0.04039
9973	0.04410
9974	0.04916
9975	0.04999
9976	0.04525
9977	0.03803
9978	0.03083
9979	0.02522
9980	0.02258
9981	0.02301
9982	0.02508
9983	0.02620
9984	0.02410
9985	0.02032
9986	0.01883
9987	0.01986
9988	0.02137
9989	0.02376
9990	0.02677
9991	0.02795
9992	0.02682
9993	0.02449
9994	0.02035
9995	0.01406
9996	0.00795
9997	0.00352
9998	-0.00061
9999	-0.00640
10000	-0.01479
10001	-0.02435
10002	-0.03360
10003	-0.04775
10004	-0.06838
10005	-0.06482
10006	0.22467
10007	0.41013
10008	0.35870
10009	0.25985
10010	-0.10853
10011	-0.61953
10012	-0.49162
10013	-0.06369
10014	-0.45219
10015	-1.10822
10016	-1.28677
10017	-1.48213
10018	-1.75989
10019	-1.73619
10020	-1.98901
10021	-2.46085
10022	-2.61493
10023	-2.46277
10024	-2.36536
10025	-2.13282
10026	-1.89699
10027	-1.85208
10028	-1.58643
10029	-1.28466
10030	-1.09766
10031	-0.87843
10032	-0.63935
10033	-0.58624
10034	-0.41408
10035	-0.20633
10036	-0.15003
10037	0.02786
10038	0.03953
10039	0.05034
10040	0.05299
10041	0.04761
10042	0.04123
10043	0.03815
10044	0.03997
10045	0.04637
10046	0.05089
10047	0.04822
10048	0.04116
10049	0.03419
10050	0.02856
10051	0.02431
10052	0.02200
10053	0.02199
10054	0.02349
10055	0.02439
10056	0.02304
10057	0.02097
10058	0.02067
10059	0.02158
10060	0.02271
10061	0.02463
10062	0.02695
10063	0.02789
10064	0.02568
10065	0.01996
10066	0.01301
10067	0.00803
10068	0.00516
10069	0.00210
10070	-0.00288
10071	-0.01150
10072	-0.02392
10073	-0.03541
10074	-0.03972
10075	-0.03950
10076	-0.04596
10077	-0.04894
10078	0.07649
10079	0.38656
10080	0.38798
10081	0.21551
10082	-0.03024
10083	-0.48035
10084	-0.49676
10085	-0.13532
10086	-0.27247
10087	-0.91689
10088	-1.32653
10089	-1.36793
10090	-1.45019
10091	-1.62007
10092	-1.81214
10093	-2.18703
10094	-2.50558
10095	-2.41059
10096	-2.22673
10097	-1.97967
10098	-1.75822
10099	-1.70983
10100	-1.56616
10101	-1.24948
10102	-1.04538
10103	-0.86610
10104	-0.59352
10105	-0.54243
10106	-0.43783
10107	-0.27679
10108	-0.10128
10109	0.02766
10110	0.04009
10111	0.05255
10112	0.05685
10113	0.05109
10114	0.04190
10115	0.03675
10116	0.03779
10117	0.04235
10118	0.04572
10119	0.04505
10120	0.04069
10121	0.03413
10122	0.02746
10123	0.02335
10124	0.02278
10125	0.02428
10126	0.02572
10127	0.02453
10128	0.02019
10129	0.01680
10130	0.01746
10131	0.02047
10132	0.02362
10133	0.02605
10134	0.02697
10135	0.02628
10136	0.02454
10137	0.02153
10138	0.01723
10139	0.01248
10140	0.00701
10141	0.00051
10142	-0.00607
10143	-0.01286
10144	-0.02029
10145	-0.02699
10146	-0.03758
10147	-0.06109
10148	-0.07517
10149	0.15728
10150	0.51701
10151	0.44223
10152	0.10579
10153	-0.10977
10154	-0.46690
10155	-0.36815
10156	-0.06841
10157	-0.56336
10158	-1.17864
10159	-1.52149
10160	-1.75314
10161	-1.85823
10162	-1.93800
10163	-2.00969
10164	-2.41057
10165	-2.59262
10166	-2.43076
10167	-2.37664
10168	-2.06449
10169	-1.86451
10170	-1.85334
10171	-1.64735
10172	-1.32731
10173	-1.06057
10174	-0.83106
10175	-0.52879
10176	-0.50705
10177	-0.46561
10178	-0.27949
10179	-0.14117
10180	0.02902
10181	0.03728
10182	0.04462
10183	0.04540
10184	0.03988
10185	0.03557
10186	0.03749
10187	0.04380
10188	0.04968
10189	0.05179
10190	0.04912
10191	0.04316
10192	0.03656
10193	0.03089
10194	0.02733
10195	0.02613
10196	0.02584
10197	0.02545
10198	0.02405
10199	0.02072
10200	0.01804
10201	0.01885
10202	0.02112
10203	0.02317
10204	0.02614
10205	0.02882
10206	0.02891
10207	0.02694
10208	0.02468
10209	0.02212
10210	0.01811
10211	0.01330
10212	0.00830
10213	0.00168
10214	-0.00748
10215	-0.01813
10216	-0.02756
10217	-0.03708
10218	-0.05632
10219	-0.07959
10220	-0.04180
10221	0.28752
10222	0.44046
10223	0.35190
10224	0.14465
10225	-0.23519
10226	-0.56769
10227	-0.26336
10228	-0.04819
10229	-0.66082
10230	-1.26023
10231	-1.37010
10232	-1.41781
10233	-1.64220
10234	-1.83705
10235	-2.09712
10236	-2.54013
10237	-2.53316
10238	-2.37193
10239	-2.18625
10240	-1.83938
10241	-1.71629
10242	-1.62610
10243	-1.42179
10244	-1.15670
10245	-0.92100
10246	-0.71852
10247	-0.54029
10248	-0.43662
10249	-0.33631
10250	-0.24676
10251	0.02519
10252	0.03851
10253	0.05061
10254	0.05425
10255	0.04878
10256	0.04006
10257	0.03429
10258	0.03438
10259	0.03980
10260	0.04568
10261	0.04730
10262	0.04498
10263	0.04090
10264	0.03525
10265	0.02807
10266	0.02160
10267	0.01816
10268	0.01801
10269	0.02069
10270	0.02438
10271	0.02458
10272	0.02056
10273	0.01759
10274	0.01811
10275	0.02051
10276	0.02395
10277	0.02723
10278	0.02852
10279	0.02761
10280	0.02496
10281	0.02058
10282	0.01521
10283	0.00980
10284	0.00312
10285	-0.00670
10286	-0.01871
10287	-0.02910
10288	-0.03372
10289	-0.03646
10290	-0.05006
10291	-0.06543
10292	0.05698
10293	0.29782
10294	0.32246
10295	0.30711
10296	0.11984
10297	-0.39036
10298	-0.65072
10299	-0.19957
10300	-0.21719
10301	-1.01599
10302	-1.40558
10303	-1.48586
10304	-1.66173
10305	-1.69665
10306	-1.74754
10307	-2.08253
10308	-2.37321
10309	-2.32589
10310	-2.31399
10311	-2.10606
10312	-1.86952
10313	-1.86166
10314	-1.67532
10315	-1.40695
10316	-1.09978
10317	-0.94005
10318	-0.75743
10319	-0.61832
10320	-0.59811
10321	-0.44598
10322	-0.30034
10323	-0.10048
10324	0.06114
10325	0.03604
10326	0.04568
10327	0.04972
10328	0.04646
10329	0.04184
10330	0.04073
10331	0.04402
10332	0.04870
10333	0.04965
10334	0.04602
10335	0.04059
10336	0.03417
10337	0.02681
10338	0.02106
10339	0.01960
10340	0.02190
10341	0.02495
10342	0.02636
10343	0.02500
10344	0.02121
10345	0.01787
10346	0.01733
10347	0.01990
10348	0.02516
10349	0.03032
10350	0.03161
10351	0.02816
10352	0.02189
10353	0.01549
10354	0.01053
10355	0.00627
10356	0.00116
10357	-0.00536
10358	-0.01397
10359	-0.02377
10360	-0.03468
10361	-0.05490
10362	-0.08074
10363	-0.06689
10364	0.33833
10365	0.40024
10366	0.12623
10367	0.05263
10368	-0.20145
10369	-0.53282
10370	-0.20438
10371	-0.02777
10372	-0.74042
10373	-1.24614
10374	-1.40416
10375	-1.66362
10376	-1.82452
10377	-1.87087
10378	-2.18041
10379	-2.45607
10380	-2.35429
10381	-2.35553
10382	-2.30690
10383	-1.96457
10384	-1.90393
10385	-1.82082
10386	-1.53891
10387	-1.22675
10388	-0.99072
10389	-0.78921
10390	-0.64209
10391	-0.57725
10392	-0.40624
10393	-0.27757
10394	-0.18036
10395	0.02758
10396	0.03637
10397	0.04527
10398	0.04860
10399	0.04463
10400	0.03893
10401	0.03701
10402	0.04015
10403	0.04671
10404	0.05195
10405	0.05109
10406	0.04496
10407	0.03753
10408	0.03037
10409	0.02461
10410	0.02237
10411	0.02334
10412	0.02493
10413	0.02542
10414	0.02425
10415	0.02151
10416	0.01895
10417	0.01859
10418	0.01984
10419	0.02166
10420	0.02493
10421	0.02824
10422	0.02819
10423	0.02438
10424	0.01843
10425	0.01193
10426	0.00698
10427	0.00361
10428	-0.00087
10429	-0.00851
10430	-0.01879
10431	-0.02870
10432	-0.03730
10433	-0.05138
10434	-0.06905
10435	-0.05423
10436	0.23817
10437	0.37531
10438	0.20055
10439	0.05028
10440	-0.19254
10441	-0.54806
10442	-0.41056
10443	-0.09599
10444	-0.55968
10445	-1.13444
10446	-1.41073
10447	-1.55681
10448	-1.73671
10449	-1.89684
10450	-2.08907
10451	-2.44293
10452	-2.58898
10453	-2.42479
10454	-2.26242
10455	-2.07998
10456	-1.98514
10457	-1.86692
10458	-1.58479
10459	-1.29548
10460	-1.09970
10461	-0.85742
10462	-0.62346
10463	-0.59917
10464	-0.41848
10465	-0.20144
10466	-0.07276
10467	0.02854
10468	0.03673
10469	0.04558
10470	0.04870
10471	0.04404
10472	0.03792
10473	0.03568
10474	0.03859
10475	0.04509
10476	0.05060
10477	0.05139
10478	0.04730
10479	0.03937
10480	0.02966
10481	0.02243
10482	0.02065
10483	0.02279
10484	0.02550
10485	0.02600
10486	0.02342
10487	0.02010
10488	0.01813
10489	0.01758
10490	0.01911
10491	0.02332
10492	0.02861
10493	0.03121
10494	0.02864
10495	0.02234
10496	0.01554
10497	0.01064
10498	0.00729
10499	0.00319
10500	-0.00292
10501	-0.01216
10502	-0.02424
10503	-0.03373
10504	-0.03774
10505	-0.04712
10506	-0.06579
10507	-0.05559
10508	0.20837
10509	0.39949
10510	0.29197
10511	0.21552
10512	-0.03627
10513	-0.44305
10514	-0.30312
10515	0.05781
10516	-0.53213
10517	-1.18792
10518	-1.22928
10519	-1.33199
10520	-1.54792
10521	-1.68202
10522	-1.89626
10523	-2.34180
10524	-2.38855
10525	-2.19644
10526	-2.19382
10527	-1.95811
10528	-1.88756
10529	-1.82416
10530	-1.46434
10531	-1.26620
10532	-1.07401
10533	-0.81110
10534	-0.68157
10535	-0.68108
10536	-0.55029
10537	-0.31269
10538	-0.18001
10539	-0.03539
10540	0.01400
10541	0.03894
10542	0.04938
10543	0.05223
10544	0.04650
10545	0.04032
10546	0.03893
10547	0.04198
10548	0.04682
10549	0.04787
10550	0.04228
10551	0.03434
10552	0.02790
10553	0.02353
10554	0.02269
10555	0.02539
10556	0.02804
10557	0.02747
10558	0.02381
10559	0.01953
10560	0.01708
10561	0.01698
10562	0.01869
10563	0.02199
10564	0.02597
10565	0.02859
10566	0.02817
10567	0.02480
10568	0.01939
10569	0.01336
10570	0.00886
10571	0.00573
10572	0.00062
10573	-0.00937
10574	-0.02294
10575	-0.03350
10576	-0.03721
10577	-0.04524
10578	-0.06550
10579	-0.06316
10580	0.24622
10581	0.49038
10582	0.36584
10583	0.09398
10584	-0.18190
10585	-0.51291
10586	-0.28770
10587	-0.02179
10588	-0.72489
10589	-1.32902
10590	-1.47902
10591	-1.71250
10592	-1.79038
10593	-1.75172
10594	-2.04355
10595	-2.42633
10596	-2.41561
10597	-2.35365
10598	-2.28555
10599	-1.92671
10600	-1.79728
10601	-1.72979
10602	-1.44357
10603	-1.17572
10604	-1.00053
10605	-0.73531
10606	-0.53308
10607	-0.53245
10608	-0.46109
10609	-0.29434
10610	-0.16139
10611	0.02626
10612	0.03538
10613	0.04593
10614	0.05101
10615	0.04831
10616	0.04302
10617	0.04112
10618	0.04354
10619	0.04719
10620	0.04843
10621	0.04580
10622	0.04103
10623	0.03630
10624	0.03181
10625	0.02781
10626	0.02592
10627	0.02648
10628	0.02685
10629	0.02470
10630	0.02158
10631	0.01996
10632	0.01983
10633	0.02052
10634	0.02255
10635	0.02628
10636	0.03005
10637	0.03137
10638	0.02850
10639	0.02150
10640	0.01343
10641	0.00784
10642	0.00426
10643	-0.00089
10644	-0.00981
10645	-0.02122
10646	-0.03035
10647	-0.03521
10648	-0.04533
10649	-0.06567
10650	-0.06343
10651	0.13841
10652	0.21862
10653	0.14810
10654	0.18753
10655	0.12391
10656	-0.23728
10657	-0.35517
10658	-0.34836
10659	-0.74112
10660	-1.08523
10661	-1.18936
10662	-1.34266
10663	-1.61378
10664	-1.73427
10665	-1.85291
10666	-2.14032
10667	-2.21297
10668	-2.16227
10669	-2.05435
10670	-1.80642
10671	-1.58870
10672	-1.43579
10673	-1.17628
10674	-0.89653
10675	-0.78367
10676	-0.70393
10677	-0.47674
10678	-0.41530
10679	-0.30189
10680	-0.17917
10681	-0.09719
10682	0.03706
10683	0.05093
10684	0.05684
10685	0.05229
10686	0.04377
10687	0.03842
10688	0.03850
10689	0.04244
10690	0.04611
10691	0.04558
10692	0.04148
10693	0.03705
10694	0.03286
10695	0.02851
10696	0.02555
10697	0.02493
10698	0.02516
10699	0.02427
10700	0.02197
10701	0.01990
10702	0.01917
10703	0.01931
10704	0.02080
10705	0.02451
10706	0.02932
10707	0.03245
10708	0.03108
10709	0.02499
10710	0.01743
10711	0.01207
10712	0.00897
10713	0.00519
10714	-0.00207
10715	-0.01406
10716	-0.02808
10717	-0.03685
10718	-0.03856
10719	-0.04551
10720	-0.06071
10721	-0.04788
10722	0.26586
10723	0.26674
10724	0.24465
10725	0.20801
10726	-0.03255
10727	-0.44287
10728	-0.37613
10729	-0.12392
10730	-0.63992
10731	-1.28147
10732	-1.36689
10733	-1.50389
10734	-1.74991
10735	-1.87971
10736	-2.07038
10737	-2.34638
10738	-2.36998
10739	-2.23312
10740	-2.21430
10741	-1.94563
10742	-1.85938
10743	-1.77767
10744	-1.37493
10745	-1.16582
10746	-0.98289
10747	-0.82078
10748	-0.70080
10749	-0.59302
10750	-0.43215
10751	-0.23482
10752	-0.14740
10753	0.02721
10754	0.03560
10755	0.04838
10756	0.05674
10757	0.05403
10758	0.04596
10759	0.04162
10760	0.04244
10761	0.04489
10762	0.04526
10763	0.04229
10764	0.03723
10765	0.03144
10766	0.02676
10767	0.02511
10768	0.02529
10769	0.02501
10770	0.02415
10771	0.02263
10772	0.02044
10773	0.01934
10774	0.02000
10775	0.02212
10776	0.02603
10777	0.03022
10778	0.03179
10779	0.02966
10780	0.02450
10781	0.01885
10782	0.01552
10783	0.01299
10784	0.00824
10785	0.00101
10786	-0.00940
10787	-0.02302
10788	-0.03460
10789	-0.03935
10790	-0.04473
10791	-0.06027
10792	-0.06035
10793	0.20418
10794	0.33460
10795	0.32019
10796	0.22609
10797	0.04003
10798	-0.40492
10799	-0.46383
10800	-0.19076
10801	-0.48872
10802	-1.10114
10803	-1.28890
10804	-1.32394
10805	-1.56685
10806	-1.71623
10807	-1.92664
10808	-2.28195
10809	-2.41225
10810	-2.33075
10811	-2.28228
10812	-2.04176
10813	-1.81811
10814	-1.87434
10815	-1.62052
10816	-1.26340
10817	-1.04679
10818	-0.81662
10819	-0.63811
10820	-0.58979
10821	-0.50224
10822	-0.28003
10823	-0.09986
10824	0.02691
10825	0.03669
10826	0.04775
10827	0.05343
10828	0.05008
10829	0.04264
10830	0.03834
10831	0.04041
10832	0.04655
10833	0.05079
10834	0.04944
10835	0.04363
10836	0.03593
10837	0.02862
10838	0.02379
10839	0.02260
10840	0.02451
10841	0.02654
10842	0.02511
10843	0.02101
10844	0.01860
10845	0.01937
10846	0.02109
10847	0.02291
10848	0.02578
10849	0.02881
10850	0.02930
10851	0.02550
10852	0.01850
10853	0.01166
10854	0.00779
10855	0.00610
10856	0.00355
10857	-0.00215
10858	-0.01218
10859	-0.02473
10860	-0.03400
10861	-0.03864
10862	-0.04830
10863	-0.06358
10864	-0.04868
10865	0.17034
10866	0.27157
10867	0.34948
10868	0.27261
10869	-0.09082
10870	-0.49995
10871	-0.34149
10872	-0.07134
10873	-0.59020
10874	-1.17369
10875	-1.19800
10876	-1.32615
10877	-1.63750
10878	-1.75319
10879	-1.91210
10880	-2.27653
10881	-2.35008
10882	-2.23035
10883	-2.18476
10884	-1.97737
10885	-1.80618
10886	-1.80868
10887	-1.56802
10888	-1.25521
10889	-1.12776
10890	-0.91917
10891	-0.72638
10892	-0.69034
10893	-0.52372
10894	-0.27883
10895	-0.16436
10896	-0.04212
10897	0.06131
10898	0.04228
10899	0.04914
10900	0.04919
10901	0.04412
10902	0.04152
10903	0.04467
10904	0.04949
10905	0.05047
10906	0.04649
10907	0.03983
10908	0.03265
10909	0.02623
10910	0.02208
10911	0.02191
10912	0.02484
10913	0.02664
10914	0.02480
10915	0.02075
10916	0.01700
10917	0.01545
10918	0.01646
10919	0.01950
10920	0.02388
10921	0.02763
10922	0.02839
10923	0.02550
10924	0.02011
10925	0.01460
10926	0.01087
10927	0.00741
10928	0.00085
10929	-0.00915
10930	-0.02023
10931	-0.02881
10932	-0.03137
10933	-0.03396
10934	-0.05099
10935	-0.06933
10936	0.12875
10937	0.33124
10938	0.33541
10939	0.15961
10940	0.00847
10941	-0.22429
10942	-0.34696
10943	-0.20912
10944	-0.54628
10945	-1.14184
10946	-1.40007
10947	-1.50377
10948	-1.59080
10949	-1.74935
10950	-1.91265
10951	-2.09730
10952	-2.24831
10953	-2.23447
10954	-2.14016
10955	-1.90798
10956	-1.72919
10957	-1.67194
10958	-1.45184
10959	-1.11819
10960	-0.85593
10961	-0.70719
10962	-0.60127
10963	-0.55123
10964	-0.42446
10965	-0.28547
10966	-0.19475
10967	0.02612
10968	0.03366
10969	0.04493
10970	0.05291
10971	0.05184
10972	0.04530
10973	0.04111
10974	0.04232
10975	0.04586
10976	0.04755
10977	0.04564
10978	0.04035
10979	0.03369
10980	0.02787
10981	0.02371
10982	0.02275
10983	0.02529
10984	0.02703
10985	0.02516
10986	0.02260
10987	0.02119
10988	0.02029
10989	0.02061
10990	0.02214
10991	0.02398
10992	0.02619
10993	0.02798
10994	0.02719
10995	0.02332
10996	0.01862
10997	0.01471
10998	0.01013
10999	0.00208
11000	-0.01103
11001	-0.02705
11002	-0.03851
11003	-0.04221
11004	-0.05098
11005	-0.06932
11006	-0.05715
11007	0.24666
11008	0.28516
11009	0.05176
11010	0.11389
11011	-0.12636
11012	-0.59400
11013	-0.27989
11014	0.01748
11015	-0.76400
11016	-1.32002
11017	-1.38091
11018	-1.64029
11019	-1.85041
11020	-2.01038
11021	-2.31651
11022	-2.58784
11023	-2.40957
11024	-2.28191
11025	-2.33442
11026	-2.07735
11027	-2.02847
11028	-1.88545
11029	-1.41974
11030	-1.15982
11031	-0.98956
11032	-0.74590
11033	-0.62826
11034	-0.61979
11035	-0.35982
11036	-0.12672
11037	0.02661
11038	0.03770
11039	0.04845
11040	0.05372
11041	0.05036
11042	0.04260
11043	0.03830
11044	0.04113
11045	0.04849
11046	0.05384
11047	0.05232
11048	0.04534
11049	0.03765
11050	0.03151
11051	0.02635
11052	0.02275
11053	0.02224
11054	0.02342
11055	0.02326
11056	0.02170
11057	0.02113
11058	0.02179
11059	0.02131
11060	0.02110
11061	0.02461
11062	0.02962
11063	0.03137
11064	0.02851
11065	0.02242
11066	0.01602
11067	0.01219
11068	0.01065
11069	0.00875
11070	0.00434
11071	-0.00465
11072	-0.01848
11073	-0.03221
11074	-0.04149
11075	-0.05297
11076	-0.06965
11077	-0.05866
11078	0.21626
11079	0.30551
11080	0.30731
11081	0.32451
11082	0.07767
11083	-0.42748
11084	-0.45223
11085	-0.06315
11086	-0.34687
11087	-1.02344
11088	-1.19208
11089	-1.28142
11090	-1.54154
11091	-1.73002
11092	-1.90690
11093	-2.22662
11094	-2.40699
11095	-2.27311
11096	-2.25986
11097	-2.05317
11098	-1.84928
11099	-1.80479
11100	-1.53296
11101	-1.31585
11102	-1.07677
11103	-0.82680
11104	-0.60857
11105	-0.58100
11106	-0.49559
11107	-0.26018
11108	-0.12861
11109	0.02525
11110	0.03212
11111	0.04287
11112	0.05141
11113	0.05095
11114	0.04454
11115	0.04019
11116	0.04085
11117	0.04424
11118	0.04652
11119	0.04562
11120	0.04261
11121	0.03776
11122	0.03040
11123	0.02334
11124	0.02045
11125	0.02198
11126	0.02555
11127	0.02759
11128	0.02532
11129	0.02012
11130	0.01669
11131	0.01714
11132	0.01964
11133	0.02330
11134	0.02826
11135	0.03228
11136	0.03208
11137	0.02736
11138	0.02020
11139	0.01262
11140	0.00631
11141	0.00120
11142	-0.00447
11143	-0.01208
11144	-0.02130
11145	-0.02809
11146	-0.03267
11147	-0.04806
11148	-0.07224
11149	0.04179
11150	0.35290
11151	0.38992
11152	0.23549
11153	0.18378
11154	-0.08038
11155	-0.39741
11156	-0.25550
11157	-0.12429
11158	-0.65755
11159	-1.18580
11160	-1.26936
11161	-1.34929
11162	-1.47368
11163	-1.63303
11164	-1.98553
11165	-2.30416
11166	-2.24949
11167	-2.15645
11168	-2.14312
11169	-1.86116
11170	-1.70093
11171	-1.63847
11172	-1.40782
11173	-1.13841
11174	-0.90648
11175	-0.75826
11176	-0.63295
11177	-0.61387
11178	-0.46292
11179	-0.26175
11180	-0.12323
11181	0.02481
11182	0.03794
11183	0.05262
11184	0.05884
11185	0.05367
11186	0.04473
11187	0.04013
11188	0.04155
11189	0.04570
11190	0.04767
11191	0.04487
11192	0.03862
11193	0.03158
11194	0.02572
11195	0.02297
11196	0.02467
11197	0.02887
11198	0.03083
11199	0.02752
11200	0.02122
11201	0.01683
11202	0.01642
11203	0.01874
11204	0.02268
11205	0.02777
11206	0.03227
11207	0.03351
11208	0.03008
11209	0.02352
11210	0.01747
11211	0.01400
11212	0.01161
11213	0.00719
11214	-0.00197
11215	-0.01637
11216	-0.03174
11217	-0.04221
11218	-0.05126
11219	-0.06659
11220	-0.06573
11221	0.20774
11222	0.30190
11223	0.17432
11224	0.24110
11225	0.08950
11226	-0.40532
11227	-0.46529
11228	-0.09946
11229	-0.18711
11230	-0.83767
11231	-1.25794
11232	-1.28355
11233	-1.38165
11234	-1.60247
11235	-1.81779
11236	-2.14859
11237	-2.39127
11238	-2.36153
11239	-2.29941
11240	-2.16164
11241	-2.01878
11242	-1.93092
11243	-1.77423
11244	-1.51073
11245	-1.22521
11246	-0.92767
11247	-0.70693
11248	-0.64356
11249	-0.59412
11250	-0.34634
11251	-0.13763
11252	-0.02306
11253	0.02812
11254	0.03892
11255	0.04918
11256	0.05240
11257	0.04767
11258	0.04137
11259	0.03934
11260	0.04264
11261	0.04772
11262	0.04920
11263	0.04544
11264	0.03876
11265	0.03161
11266	0.02587
11267	0.02323
11268	0.02447
11269	0.02814
11270	0.02993
11271	0.02668
11272	0.02119
11273	0.01814
11274	0.01808
11275	0.01918
11276	0.02126
11277	0.02519
11278	0.02950
11279	0.03145
11280	0.02962
11281	0.02412
11282	0.01659
11283	0.00970
11284	0.00424
11285	-0.00121
11286	-0.00761
11287	-0.01545
11288	-0.02431
11289	-0.03089
11290	-0.03530
11291	-0.04741
11292	-0.06608
11293	-0.05135
11294	0.30360
11295	0.42823
11296	0.27445
11297	0.11130
11298	-0.19278
11299	-0.57541
11300	-0.34337
11301	-0.15443
11302	-0.74772
11303	-1.36684
11304	-1.51340
11305	-1.59534
11306	-1.77904
11307	-1.91030
11308	-2.18867
11309	-2.51300
11310	-2.56233
11311	-2.37441
11312	-2.21110
11313	-1.97994
11314	-1.78918
11315	-1.73211
11316	-1.51917
11317	-1.20385
11318	-0.95098
11319	-0.67221
11320	-0.57954
11321	-0.58815
11322	-0.40267
11323	-0.22611
11324	-0.04504
11325	0.03067
11326	0.03939
11327	0.04784
11328	0.04874
11329	0.04256
11330	0.03713
11331	0.03685
11332	0.04103
11333	0.04666
11334	0.04954
11335	0.04726
11336	0.04099
11337	0.03332
11338	0.02664
11339	0.02308
11340	0.02362
11341	0.02737
11342	0.02986
11343	0.02694
11344	0.02134
11345	0.01774
11346	0.01722
11347	0.01913
11348	0.02234
11349	0.02638
11350	0.02991
11351	0.02985
11352	0.02508
11353	0.01787
11354	0.01173
11355	0.00877
11356	0.00753
11357	0.00440
11358	-0.00304
11359	-0.01540
11360	-0.02944
11361	-0.03818
11362	-0.04297
11363	-0.05561
11364	-0.06486
11365	0.08784
11366	0.24833
11367	0.20442
11368	0.26981
11369	0.16615
11370	-0.30454
11371	-0.52754
11372	-0.26105
11373	-0.42104
11374	-1.08731
11375	-1.35081
11376	-1.43057
11377	-1.65512
11378	-1.75591
11379	-1.84056
11380	-2.13343
11381	-2.39160
11382	-2.31009
11383	-2.25464
11384	-2.12497
11385	-1.81058
11386	-1.75687
11387	-1.55834
11388	-1.20435
11389	-0.97641
11390	-0.77702
11391	-0.59956
11392	-0.57455
11393	-0.41150
11394	-0.29875
11395	-0.19775
11396	0.02384
11397	0.03210
11398	0.04415
11399	0.05168
11400	0.04917
11401	0.04226
11402	0.03826
11403	0.03928
11404	0.04376
11405	0.04801
11406	0.04868
11407	0.04531
11408	0.03965
11409	0.03360
11410	0.02877
11411	0.02645
11412	0.02649
11413	0.02711
11414	0.02621
11415	0.02263
11416	0.01842
11417	0.01700
11418	0.01873
11419	0.02174
11420	0.02490
11421	0.02747
11422	0.02767
11423	0.02433
11424	0.01914
11425	0.01451
11426	0.01061
11427	0.00693
11428	0.00388
11429	-0.00054
11430	-0.00995
11431	-0.02279
11432	-0.03235
11433	-0.03721
11434	-0.04812
11435	-0.06744
11436	-0.05684
11437	0.14708
11438	0.24022
11439	0.17054
11440	0.24269
11441	0.00804
11442	-0.42880
11443	-0.33744
11444	-0.11487
11445	-0.64173
11446	-1.21215
11447	-1.33736
11448	-1.55281
11449	-1.77642
11450	-1.89433
11451	-2.12042
11452	-2.46262
11453	-2.46949
11454	-2.29448
11455	-2.24225
11456	-1.92969
11457	-1.80390
11458	-1.69059
11459	-1.32178
11460	-1.00134
11461	-0.80012
11462	-0.65642
11463	-0.51964
11464	-0.47086
11465	-0.27635
11466	-0.13230
11467	0.02354
11468	0.03616
11469	0.04875
11470	0.05364
11471	0.04959
11472	0.04202
11473	0.03651
11474	0.03629
11475	0.04145
11476	0.04758
11477	0.04942
11478	0.04571
11479	0.03899
11480	0.03252
11481	0.02825
11482	0.02610
11483	0.02551
11484	0.02653
11485	0.02696
11486	0.02413
11487	0.02010
11488	0.01791
11489	0.01805
11490	0.02006
11491	0.02278
11492	0.02572
11493	0.02860
11494	0.03010
11495	0.02928
11496	0.02566
11497	0.01954
11498	0.01293
11499	0.00720
11500	0.00131
11501	-0.00707
11502	-0.01925
11503	-0.03172
11504	-0.03711
11505	-0.03665
11506	-0.04564
11507	-0.06296
11508	0.04746
11509	0.25485
11510	0.37925
11511	0.44371
11512	0.31538
11513	-0.20921
11514	-0.63506
11515	-0.36958
11516	-0.23751
11517	-0.88536
11518	-1.35432
11519	-1.27279
11520	-1.45299
11521	-1.69932
11522	-1.76042
11523	-1.97797
11524	-2.31588
11525	-2.33529
11526	-2.22875
11527	-2.13523
11528	-1.84355
11529	-1.70182
11530	-1.62236
11531	-1.33725
11532	-1.08590
11533	-0.90043
11534	-0.65915
11535	-0.55584
11536	-0.53445
11537	-0.37235
11538	-0.23039
11539	-0.10875
11540	0.03255
11541	0.04384
11542	0.05174
11543	0.05141
11544	0.04567
11545	0.04102
11546	0.04105
11547	0.04478
11548	0.04771
11549	0.04649
11550	0.04232
11551	0.03702
11552	0.03137
11553	0.02731
11554	0.02594
11555	0.02607
11556	0.02698
11557	0.02803
11558	0.02618
11559	0.02119
11560	0.01826
11561	0.01922
11562	0.02134
11563	0.02405
11564	0.02764
11565	0.03018
11566	0.02910
11567	0.02389
11568	0.01643
11569	0.00951
11570	0.00539
11571	0.00286
11572	-0.00229
11573	-0.01219
11574	-0.02457
11575	-0.03378
11576	-0.03652
11577	-0.04124
11578	-0.05783
11579	-0.05913
11580	0.14104
11581	0.28545
11582	0.32599
11583	0.28141
11584	-0.01567
11585	-0.50300
11586	-0.51686
11587	-0.10793
11588	-0.39520
11589	-1.07991
11590	-1.25498
11591	-1.38527
11592	-1.66249
11593	-1.76486
11594	-1.92917
11595	-2.28529
11596	-2.42191
11597	-2.29712
11598	-2.20758
11599	-1.96657
11600	-1.76365
11601	-1.66666
11602	-1.53394
11603	-1.17629
11604	-0.94862
11605	-0.78299
11606	-0.58991
11607	-0.56249
11608	-0.42187
11609	-0.21065
11610	-0.09325
11611	0.02592
11612	0.03732
11613	0.04932
11614	0.05410
11615	0.04967
11616	0.04181
11617	0.03703
11618	0.03752
11619	0.04144
11620	0.04510
11621	0.04580
11622	0.04328
11623	0.03848
11624	0.03237
11625	0.02658
11626	0.02323
11627	0.02332
11628	0.02484
11629	0.02490
11630	0.02328
11631	0.02102
11632	0.01907
11633	0.01868
11634	0.02007
11635	0.02257
11636	0.02537
11637	0.02688
11638	0.02562
11639	0.02148
11640	0.01542
11641	0.00894
11642	0.00411
11643	0.00086
11644	-0.00445
11645	-0.01414
11646	-0.02581
11647	-0.03473
11648	-0.03791
11649	-0.04135
11650	-0.05362
11651	-0.05067
11652	0.12753
11653	0.27309
11654	0.30876
11655	0.20775
11656	-0.04440
11657	-0.46665
11658	-0.48516
11659	-0.14400
11660	-0.54573
11661	-1.19461
11662	-1.28920
11663	-1.41579
11664	-1.76138
11665	-1.94850
11666	-2.08052
11667	-2.38881
11668	-2.52773
11669	-2.34418
11670	-2.21892
11671	-2.01553
11672	-1.78122
11673	-1.60933
11674	-1.31112
11675	-1.00175
11676	-0.93220
11677	-0.76767
11678	-0.52961
11679	-0.51185
11680	-0.33048
11681	-0.15056
11682	-0.11347
11683	0.03103
11684	0.04350
11685	0.05328
11686	0.05395
11687	0.04705
11688	0.04052
11689	0.03976
11690	0.04418
11691	0.04888
11692	0.04871
11693	0.04336
11694	0.03618
11695	0.02960
11696	0.02495
11697	0.02362
11698	0.02553
11699	0.02821
11700	0.02813
11701	0.02387
11702	0.01905
11703	0.01808
11704	0.02020
11705	0.02285
11706	0.02567
11707	0.02816
11708	0.02886
11709	0.02728
11710	0.02372
11711	0.01851
11712	0.01263
11713	0.00768
11714	0.00325
11715	-0.00348
11716	-0.01390
11717	-0.02549
11718	-0.03366
11719	-0.04135
11720	-0.06049
11721	-0.07654
11722	0.17443
11723	0.42758
11724	0.21911
11725	0.05645
11726	0.12370
11727	-0.26565
11728	-0.50786
11729	-0.04741
11730	-0.19363
11731	-1.04580
11732	-1.31790
11733	-1.37039
11734	-1.73233
11735	-1.81588
11736	-1.90510
11737	-2.28852
11738	-2.44398
11739	-2.26385
11740	-2.24481
11741	-2.24504
11742	-1.97112
11743	-1.93215
11744	-1.75949
11745	-1.41213
11746	-1.17710
11747	-0.90306
11748	-0.75058
11749	-0.65976
11750	-0.58436
11751	-0.36067
11752	-0.22269
11753	-0.13465
11754	0.02644
11755	0.03564
11756	0.04652
11757	0.05219
11758	0.04894
11759	0.04202
11760	0.03856
11761	0.04129
11762	0.04731
11763	0.05060
11764	0.04830
11765	0.04213
11766	0.03450
11767	0.02728
11768	0.02265
11769	0.02188
11770	0.02378
11771	0.02585
11772	0.02573
11773	0.02287
11774	0.01961
11775	0.01831
11776	0.01837
11777	0.01931
11778	0.02268
11779	0.02782
11780	0.03091
11781	0.02897
11782	0.02228
11783	0.01382
11784	0.00682
11785	0.00252
11786	-0.00003
11787	-0.00332
11788	-0.01076
11789	-0.02198
11790	-0.03019
11791	-0.03498
11792	-0.05049
11793	-0.07390
11794	0.04392
11795	0.31655
11796	0.34915
11797	0.17997
11798	0.06448
11799	-0.19825
11800	-0.48060
11801	-0.21312
11802	-0.10578
11803	-0.80695
11804	-1.28553
11805	-1.33131
11806	-1.48315
11807	-1.69948
11808	-1.89496
11809	-2.20165
11810	-2.48524
11811	-2.44029
11812	-2.37302
11813	-2.33870
11814	-2.11182
11815	-1.95422
11816	-1.82768
11817	-1.53896
11818	-1.25030
11819	-0.97258
11820	-0.71797
11821	-0.61641
11822	-0.53991
11823	-0.35585
11824	-0.18319
11825	-0.03486
11826	0.03267
11827	0.04132
11828	0.04725
11829	0.04716
11830	0.04198
11831	0.03749
11832	0.03745
11833	0.04226
11834	0.04893
11835	0.05172
11836	0.04849
11837	0.04251
11838	0.03644
11839	0.03042
11840	0.02529
11841	0.02241
11842	0.02177
11843	0.02306
11844	0.02463
11845	0.02322
11846	0.01930
11847	0.01745
11848	0.01928
11849	0.02230
11850	0.02472
11851	0.02654
11852	0.02754
11853	0.02663
11854	0.02311
11855	0.01764
11856	0.01180
11857	0.00736
11858	0.00395
11859	-0.00117
11860	-0.00943
11861	-0.02000
11862	-0.03080
11863	-0.03784
11864	-0.04172
11865	-0.05106
11866	-0.05518
11867	0.13311
11868	0.36653
11869	0.39484
11870	0.24315
11871	0.03381
11872	-0.30182
11873	-0.39672
11874	-0.20510
11875	-0.46040
11876	-1.13960
11877	-1.41116
11878	-1.34322
11879	-1.55326
11880	-1.78140
11881	-1.95872
11882	-2.26935
11883	-2.46417
11884	-2.33946
11885	-2.08922
11886	-1.92548
11887	-1.73100
11888	-1.60944
11889	-1.40347
11890	-1.07837
11891	-0.90183
11892	-0.79058
11893	-0.65802
11894	-0.53005
11895	-0.45147
11896	-0.32293
11897	-0.12445
11898	-0.00604
11899	0.03168
11900	0.04231
11901	0.05005
11902	0.05132
11903	0.04880
11904	0.04686
11905	0.04664
11906	0.04676
11907	0.04568
11908	0.04312
11909	0.03947
11910	0.03473
11911	0.02944
11912	0.02526
11913	0.02374
11914	0.02459
11915	0.02541
11916	0.02411
11917	0.02180
11918	0.02042
11919	0.01969
11920	0.01986
11921	0.02209
11922	0.02560
11923	0.02857
11924	0.02906
11925	0.02547
11926	0.01805
11927	0.00987
11928	0.00491
11929	0.00263
11930	-0.00112
11931	-0.00816
11932	-0.01797
11933	-0.02786
11934	-0.03259
11935	-0.03152
11936	-0.03556
11937	-0.05249
11938	-0.05024
11939	0.20258
11940	0.32721
11941	0.30217
11942	0.19441
11943	-0.13052
11944	-0.59222
11945	-0.41951
11946	-0.31809
11947	-0.78515
11948	-1.25560
11949	-1.39874
11950	-1.53819
11951	-1.75219
11952	-1.84723
11953	-2.03739
11954	-2.30860
11955	-2.41775
11956	-2.28883
11957	-2.06023
11958	-1.86477
11959	-1.69801
11960	-1.56130
11961	-1.27898
11962	-0.99031
11963	-0.85829
11964	-0.65194
11965	-0.57185
11966	-0.50659
11967	-0.31846
11968	-0.19063
11969	-0.06132
11970	0.02780
11971	0.03850
11972	0.05094
11973	0.05673
11974	0.05365
11975	0.04755
11976	0.04370
11977	0.04244
11978	0.04171
11979	0.04022
11980	0.03823
11981	0.03502
11982	0.02973
11983	0.02509
11984	0.02482
11985	0.02781
11986	0.02938
11987	0.02710
11988	0.02318
11989	0.02050
11990	0.01904
11991	0.01874
11992	0.02152
11993	0.02720
11994	0.03129
11995	0.03054
11996	0.02592
11997	0.01908
11998	0.01156
11999	0.00603
12000	0.00282
12001	-0.00097
12002	-0.00790
12003	-0.01862
12004	-0.03022
12005	-0.03710
12006	-0.03891
12007	-0.04487
12008	-0.05551
12009	-0.03836
12010	0.14782
12011	0.19503
12012	0.19614
12013	0.23406
12014	-0.06889
12015	-0.43289
12016	-0.22955
12017	-0.22387
12018	-0.82172
12019	-1.30066
12020	-1.39372
12021	-1.55659
12022	-1.90508
12023	-2.08902
12024	-2.26296
12025	-2.46522
12026	-2.41137
12027	-2.29714
12028	-2.24617
12029	-2.04856
12030	-1.86023
12031	-1.65526
12032	-1.29412
12033	-0.95693
12034	-0.81712
12035	-0.66225
12036	-0.53005
12037	-0.47235
12038	-0.28236
12039	-0.12867
12040	-0.10563
12041	0.03365
12042	0.04447
12043	0.05248
12044	0.05086
12045	0.04233
12046	0.03538
12047	0.03455
12048	0.03889
12049	0.04418
12050	0.04638
12051	0.04467
12052	0.04031
12053	0.03438
12054	0.02850
12055	0.02525
12056	0.02568
12057	0.02742
12058	0.02677
12059	0.02383
12060	0.02163
12061	0.02010
12062	0.01801
12063	0.01784
12064	0.02134
12065	0.02644
12066	0.03009
12067	0.02974
12068	0.02480
12069	0.01707
12070	0.00949
12071	0.00482
12072	0.00254
12073	-0.00141
12074	-0.01044
12075	-0.02294
12076	-0.03243
12077	-0.03817
12078	-0.05189
12079	-0.07031
12080	0.13610
12081	0.31544
12082	0.22338
12083	0.19703
12084	0.22130
12085	-0.08251
12086	-0.46985
12087	-0.27003
12088	-0.18924
12089	-0.89529
12090	-1.40804
12091	-1.53819
12092	-1.74918
12093	-1.93116
12094	-2.07374
12095	-2.28669
12096	-2.41230
12097	-2.29987
12098	-2.23211
12099	-2.20963
12100	-1.97324
12101	-1.88433
12102	-1.65468
12103	-1.22835
12104	-1.02775
12105	-0.84702
12106	-0.70546
12107	-0.61937
12108	-0.50335
12109	-0.29347
12110	-0.13052
12111	0.02123
12112	0.02824
12113	0.04039
12114	0.05003
12115	0.05073
12116	0.04539
12117	0.04038
12118	0.03876
12119	0.04143
12120	0.04635
12121	0.04887
12122	0.04678
12123	0.04120
12124	0.03403
12125	0.02835
12126	0.02720
12127	0.02900
12128	0.02968
12129	0.02749
12130	0.02306
12131	0.01920
12132	0.01785
12133	0.01759
12134	0.01829
12135	0.02179
12136	0.02703
12137	0.03092
12138	0.03105
12139	0.02633
12140	0.01859
12141	0.01185
12142	0.00763
12143	0.00394
12144	-0.00229
12145	-0.01342
12146	-0.02743
12147	-0.03683
12148	-0.03874
12149	-0.04678
12150	-0.06793
12151	-0.06172
12152	0.27108
12153	0.23818
12154	0.11540
12155	0.20716
12156	-0.10577
12157	-0.66358
12158	-0.38441
12159	-0.06465
12160	-0.75730
12161	-1.38694
12162	-1.48190
12163	-1.73257
12164	-1.95290
12165	-2.04908
12166	-2.32001
12167	-2.57027
12168	-2.41970
12169	-2.29414
12170	-2.36106
12171	-2.07496
12172	-1.97800
12173	-1.84043
12174	-1.36100
12175	-1.11087
12176	-0.95151
12177	-0.74765
12178	-0.59492
12179	-0.52826
12180	-0.29934
12181	-0.11499
12182	-0.09610
12183	0.02946
12184	0.03839
12185	0.04738
12186	0.04957
12187	0.04455
12188	0.03921
12189	0.03835
12190	0.04204
12191	0.04687
12192	0.04809
12193	0.04474
12194	0.03953
12195	0.03426
12196	0.02939
12197	0.02575
12198	0.02492
12199	0.02715
12200	0.02895
12201	0.02687
12202	0.02250
12203	0.01872
12204	0.01671
12205	0.01794
12206	0.02238
12207	0.02735
12208	0.03017
12209	0.02947
12210	0.02533
12211	0.01873
12212	0.01192
12213	0.00779
12214	0.00535
12215	0.00066
12216	-0.00803
12217	-0.02019
12218	-0.03226
12219	-0.03750
12220	-0.03713
12221	-0.04536
12222	-0.05968
12223	0.07851
12224	0.20380
12225	0.24250
12226	0.36541
12227	0.32595
12228	-0.13700
12229	-0.57509
12230	-0.32988
12231	-0.36798
12232	-1.01367
12233	-1.28815
12234	-1.31937
12235	-1.55129
12236	-1.81339
12237	-1.87847
12238	-2.12925
12239	-2.36350
12240	-2.25377
12241	-2.20357
12242	-2.11697
12243	-1.87279
12244	-1.67938
12245	-1.40451
12246	-1.05998
12247	-0.90773
12248	-0.78622
12249	-0.61167
12250	-0.54247
12251	-0.44725
12252	-0.20581
12253	-0.09807
12254	0.02790
12255	0.03793
12256	0.04876
12257	0.05173
12258	0.04661
12259	0.04112
12260	0.03980
12261	0.04260
12262	0.04695
12263	0.04812
12264	0.04434
12265	0.03850
12266	0.03297
12267	0.02843
12268	0.02648
12269	0.02782
12270	0.02943
12271	0.02791
12272	0.02400
12273	0.02089
12274	0.01924
12275	0.01803
12276	0.01844
12277	0.02217
12278	0.02768
12279	0.03131
12280	0.03077
12281	0.02659
12282	0.02069
12283	0.01488
12284	0.01078
12285	0.00806
12286	0.00364
12287	-0.00555
12288	-0.01949
12289	-0.03321
12290	-0.04065
12291	-0.04692
12292	-0.06227
12293	-0.06349
12294	0.20570
12295	0.32957
12296	0.25873
12297	0.24707
12298	0.08781
12299	-0.40717
12300	-0.45627
12301	-0.13750
12302	-0.48640
12303	-1.14732
12304	-1.39123
12305	-1.54169
12306	-1.74765
12307	-1.87366
12308	-2.01354
12309	-2.26943
12310	-2.39719
12311	-2.19257
12312	-2.13496
12313	-2.00536
12314	-1.81646
12315	-1.70284
12316	-1.35427
12317	-1.07033
12318	-0.90368
12319	-0.71725
12320	-0.57304
12321	-0.51791
12322	-0.41757
12323	-0.27310
12324	-0.12733
12325	0.02688
12326	0.03489
12327	0.04560
12328	0.05092
12329	0.04718
12330	0.04057
12331	0.03769
12332	0.04015
12333	0.04627
12334	0.05098
12335	0.04961
12336	0.04312
12337	0.03522
12338	0.02837
12339	0.02415
12340	0.02326
12341	0.02494
12342	0.02728
12343	0.02773
12344	0.02456
12345	0.01958
12346	0.01655
12347	0.01638
12348	0.01868
12349	0.02328
12350	0.02798
12351	0.02982
12352	0.02758
12353	0.02249
12354	0.01650
12355	0.01104
12356	0.00693
12357	0.00237
12358	-0.00557
12359	-0.01729
12360	-0.02946
12361	-0.03652
12362	-0.04188
12363	-0.05784
12364	-0.06760
12365	0.14310
12366	0.26627
12367	0.15246
12368	0.17180
12369	0.14321
12370	-0.30086
12371	-0.47732
12372	-0.08785
12373	-0.28699
12374	-0.94857
12375	-1.17254
12376	-1.24537
12377	-1.54491
12378	-1.71569
12379	-1.82328
12380	-2.15010
12381	-2.34761
12382	-2.20640
12383	-2.17509
12384	-2.08946
12385	-1.87418
12386	-1.84291
12387	-1.54583
12388	-1.22428
12389	-1.06950
12390	-0.83643
12391	-0.66469
12392	-0.60689
12393	-0.49557
12394	-0.26939
12395	-0.11285
12396	0.02254
12397	0.03173
12398	0.04276
12399	0.04936
12400	0.04849
12401	0.04320
12402	0.03942
12403	0.04069
12404	0.04589
12405	0.05019
12406	0.04986
12407	0.04551
12408	0.03939
12409	0.03282
12410	0.02739
12411	0.02454
12412	0.02410
12413	0.02489
12414	0.02516
12415	0.02327
12416	0.02035
12417	0.01878
12418	0.01871
12419	0.02000
12420	0.02339
12421	0.02759
12422	0.02982
12423	0.02895
12424	0.02535
12425	0.01981
12426	0.01342
12427	0.00749
12428	0.00288
12429	-0.00144
12430	-0.00735
12431	-0.01564
12432	-0.02490
12433	-0.03135
12434	-0.03763
12435	-0.05481
12436	-0.07006
12437	0.07606
12438	0.32624
12439	0.28986
12440	0.24063
12441	0.13037
12442	-0.24748
12443	-0.46615
12444	-0.17646
12445	-0.30761
12446	-0.99435
12447	-1.27121
12448	-1.32690
12449	-1.59242
12450	-1.75981
12451	-1.90831
12452	-2.27561
12453	-2.48999
12454	-2.38107
12455	-2.28980
12456	-2.15368
12457	-1.91711
12458	-1.79006
12459	-1.59330
12460	-1.30630
12461	-1.04970
12462	-0.86679
12463	-0.65555
12464	-0.59184
12465	-0.54248
12466	-0.31694
12467	-0.14697
12468	0.02496
12469	0.03517
12470	0.04624
12471	0.05178
12472	0.04873
12473	0.04157
12474	0.03686
12475	0.03761
12476	0.04299
12477	0.04844
12478	0.04896
12479	0.04465
12480	0.03869
12481	0.03255
12482	0.02758
12483	0.02542
12484	0.02531
12485	0.02567
12486	0.02542
12487	0.02310
12488	0.01973
12489	0.01883
12490	0.02109
12491	0.02393
12492	0.02616
12493	0.02782
12494	0.02812
12495	0.02665
12496	0.02372
12497	0.01960
12498	0.01517
12499	0.01218
12500	0.01008
12501	0.00565
12502	-0.00245
12503	-0.01360
12504	-0.02625
12505	-0.03531
12506	-0.03767
12507	-0.04278
12508	-0.05794
12509	-0.05202
12510	0.25418
12511	0.25329
12512	0.21987
12513	0.17961
12514	0.03939
12515	-0.40962
12516	-0.39417
12517	-0.15141
12518	-0.57117
12519	-1.17655
12520	-1.35558
12521	-1.30342
12522	-1.51849
12523	-1.77581
12524	-1.93459
12525	-2.19730
12526	-2.32322
12527	-2.18623
12528	-2.09623
12529	-1.94233
12530	-1.73068
12531	-1.68107
12532	-1.44557
12533	-1.17612
12534	-0.95979
12535	-0.74128
12536	-0.61469
12537	-0.56527
12538	-0.40788
12539	-0.20689
12540	-0.07814
12541	0.03263
12542	0.04400
12543	0.05286
12544	0.05303
12545	0.04618
12546	0.04046
12547	0.04114
12548	0.04652
12549	0.05040
12550	0.04877
12551	0.04376
12552	0.03882
12553	0.03310
12554	0.02624
12555	0.02311
12556	0.02572
12557	0.02927
12558	0.02923
12559	0.02516
12560	0.02039
12561	0.01829
12562	0.01777
12563	0.01775
12564	0.02022
12565	0.02513
12566	0.02918
12567	0.02987
12568	0.02712
12569	0.02193
12570	0.01579
12571	0.01049
12572	0.00608
12573	0.00011
12574	-0.01005
12575	-0.02397
12576	-0.03655
12577	-0.04095
12578	-0.03961
12579	-0.04676
12580	-0.05631
12581	0.04786
12582	0.26021
12583	0.21233
12584	0.26838
12585	0.20453
12586	-0.33477
12587	-0.53377
12588	-0.07574
12589	-0.04473
12590	-0.81362
12591	-1.39091
12592	-1.43559
12593	-1.54252
12594	-1.77091
12595	-1.93502
12596	-2.20038
12597	-2.45741
12598	-2.40608
12599	-2.29680
12600	-2.21523
12601	-1.99937
12602	-1.94529
12603	-1.84146
12604	-1.47816
12605	-1.18580
12606	-0.86136
12607	-0.59998
12608	-0.58389
12609	-0.57307
12610	-0.37939
12611	-0.12073
12612	-0.03076
12613	0.02793
12614	0.03742
12615	0.04848
12616	0.05252
12617	0.04765
12618	0.04104
12619	0.03862
12620	0.04098
12621	0.04539
12622	0.04757
12623	0.04526
12624	0.04016
12625	0.03412
12626	0.02784
12627	0.02332
12628	0.02251
12629	0.02497
12630	0.02790
12631	0.02773
12632	0.02407
12633	0.02053
12634	0.01941
12635	0.01943
12636	0.02021
12637	0.02305
12638	0.02698
12639	0.02904
12640	0.02721
12641	0.02101
12642	0.01229
12643	0.00504
12644	0.00114
12645	-0.00147
12646	-0.00600
12647	-0.01482
12648	-0.02601
12649	-0.03298
12650	-0.03744
12651	-0.05262
12652	-0.06794
12653	0.11740
12654	0.35175
12655	0.32765
12656	0.26793
12657	0.13997
12658	-0.22462
12659	-0.44451
12660	-0.15896
12661	-0.25098
12662	-0.99946
12663	-1.33067
12664	-1.30673
12665	-1.48157
12666	-1.68242
12667	-1.80136
12668	-2.06908
12669	-2.27944
12670	-2.20958
12671	-2.12926
12672	-2.07893
12673	-1.89007
12674	-1.80045
12675	-1.63100
12676	-1.35819
12677	-1.13059
12678	-0.91718
12679	-0.71913
12680	-0.65103
12681	-0.58913
12682	-0.36916
12683	-0.22795
12684	-0.14590
12685	0.02958
12686	0.04025
12687	0.05223
12688	0.05562
12689	0.04853
12690	0.03916
12691	0.03543
12692	0.03794
12693	0.04204
12694	0.04365
12695	0.04237
12696	0.03893
12697	0.03352
12698	0.02812
12699	0.02586
12700	0.02651
12701	0.02710
12702	0.02607
12703	0.02415
12704	0.02262
12705	0.02145
12706	0.02054
12707	0.02112
12708	0.02369
12709	0.02741
12710	0.03056
12711	0.03087
12712	0.02727
12713	0.02108
12714	0.01532
12715	0.01102
12716	0.00634
12717	-0.00090
12718	-0.01286
12719	-0.02799
12720	-0.03897
12721	-0.04428
12722	-0.05493
12723	-0.06707
12724	0.04687
12725	0.21286
12726	0.19226
12727	0.18229
12728	0.28294
12729	0.00306
12730	-0.37097
12731	-0.32011
12732	0.00962
12733	-0.32823
12734	-1.00543
12735	-1.15563
12736	-1.33919
12737	-1.57260
12738	-1.77549
12739	-2.00448
12740	-2.25185
12741	-2.37229
12742	-2.31912
12743	-2.26213
12744	-2.12274
12745	-2.00112
12746	-1.84511
12747	-1.55875
12748	-1.23825
12749	-0.99824
12750	-0.80385
12751	-0.57968
12752	-0.60180
12753	-0.42145
12754	-0.19049
12755	-0.10307
12756	0.02403
12757	0.03351
12758	0.04529
12759	0.05112
12760	0.04780
12761	0.04101
12762	0.03703
12763	0.03803
12764	0.04285
12765	0.04813
12766	0.05003
12767	0.04701
12768	0.04058
12769	0.03284
12770	0.02583
12771	0.02187
12772	0.02142
12773	0.02338
12774	0.02561
12775	0.02476
12776	0.02109
12777	0.01823
12778	0.01745
12779	0.01833
12780	0.02043
12781	0.02285
12782	0.02435
12783	0.02423
12784	0.02261
12785	0.01915
12786	0.01407
12787	0.00938
12788	0.00554
12789	0.00069
12790	-0.00642
12791	-0.01556
12792	-0.02505
12793	-0.03238
12794	-0.04137
12795	-0.05954
12796	-0.06549
12797	0.20963
12798	0.24607
12799	0.12995
12800	0.14946
12801	0.14729
12802	-0.08712
12803	-0.33500
12804	-0.23224
12805	-0.54515
12806	-1.08452
12807	-1.20674
12808	-1.30007
12809	-1.57104
12810	-1.90597
12811	-2.13712
12812	-2.29981
12813	-2.36166
12814	-2.21548
12815	-2.14925
12816	-2.01501
12817	-1.80772
12818	-1.65148
12819	-1.25686
12820	-0.90705
12821	-0.84966
12822	-0.80993
12823	-0.64576
12824	-0.49388
12825	-0.31823
12826	-0.16312
12827	-0.10587
12828	0.03108
12829	0.04534
12830	0.05388
12831	0.05252
12832	0.04488
12833	0.03836
12834	0.03748
12835	0.04188
12836	0.04742
12837	0.04931
12838	0.04634
12839	0.04066
12840	0.03443
12841	0.02886
12842	0.02549
12843	0.02535
12844	0.02713
12845	0.02775
12846	0.02460
12847	0.01914
12848	0.01613
12849	0.01720
12850	0.02101
12851	0.02648
12852	0.03036
12853	0.02978
12854	0.02652
12855	0.02334
12856	0.02061
12857	0.01684
12858	0.01142
12859	0.00667
12860	0.00275
12861	-0.00481
12862	-0.01782
12863	-0.03098
12864	-0.03705
12865	-0.03907
12866	-0.05121
12867	-0.06600
12868	0.15754
12869	0.19293
12870	0.19361
12871	0.15379
12872	0.15987
12873	-0.04841
12874	-0.40285
12875	-0.19720
12876	-0.33624
12877	-0.97160
12878	-1.28135
12879	-1.36589
12880	-1.54623
12881	-1.82731
12882	-1.99837
12883	-2.24432
12884	-2.41583
12885	-2.33173
12886	-2.36604
12887	-2.29964
12888	-2.06295
12889	-1.94813
12890	-1.74822
12891	-1.37981
12892	-1.09749
12893	-0.91311
12894	-0.73135
12895	-0.63489
12896	-0.51729
12897	-0.27668
12898	-0.12929
12899	0.02690
12900	0.03749
12901	0.04728
12902	0.04973
12903	0.04434
12904	0.03767
12905	0.03466
12906	0.03633
12907	0.04184
12908	0.04765
12909	0.04928
12910	0.04576
12911	0.03937
12912	0.03211
12913	0.02562
12914	0.02226
12915	0.02306
12916	0.02612
12917	0.02766
12918	0.02497
12919	0.02028
12920	0.01851
12921	0.01970
12922	0.02088
12923	0.02287
12924	0.02686
12925	0.03029
12926	0.03095
12927	0.02938
12928	0.02612
12929	0.02100
12930	0.01537
12931	0.01109
12932	0.00730
12933	0.00058
12934	-0.01175
12935	-0.02730
12936	-0.03826
12937	-0.04198
12938	-0.05026
12939	-0.06587
12940	-0.04967
12941	0.16416
12942	0.32103
12943	0.33321
12944	0.23854
12945	-0.11657
12946	-0.56948
12947	-0.32773
12948	-0.09593
12949	-0.67450
12950	-1.31977
12951	-1.36506
12952	-1.46497
12953	-1.80167
12954	-1.94009
12955	-2.05250
12956	-2.36862
12957	-2.50216
12958	-2.34284
12959	-2.23262
12960	-2.06195
12961	-1.87205
12962	-1.73632
12963	-1.44995
12964	-1.12328
12965	-0.89035
12966	-0.69253
12967	-0.53931
12968	-0.46178
12969	-0.32598
12970	-0.14349
12971	-0.02664
12972	0.03381
12973	0.04397
12974	0.04912
12975	0.04671
12976	0.04075
12977	0.03662
12978	0.03692
12979	0.04109
12980	0.04590
12981	0.04770
12982	0.04593
12983	0.04234
12984	0.03746
12985	0.03106
12986	0.02511
12987	0.02276
12988	0.02402
12989	0.02559
12990	0.02525
12991	0.02398
12992	0.02274
12993	0.02108
12994	0.01971
12995	0.02047
12996	0.02378
12997	0.02785
12998	0.03035
12999	0.02953
13000	0.02493
13001	0.01858
13002	0.01355
13003	0.01056
13004	0.00657
13005	-0.00276
13006	-0.01885
13007	-0.03685
13008	-0.04701
13009	-0.04281
13010	-0.03335
13011	-0.03843
13012	-0.04676
13013	0.06808
13014	0.25669
13015	0.42927
13016	0.33818
13017	0.11155
13018	-0.36785
13019	-0.51753
13020	-0.23675
13021	-0.67878
13022	-1.26300
13023	-1.39703
13024	-1.51812
13025	-1.75261
13026	-1.91648
13027	-1.99691
13028	-2.18236
13029	-2.40239
13030	-2.30377
13031	-2.16381
13032	-2.01084
13033	-1.76007
13034	-1.63905
13035	-1.35784
13036	-0.99303
13037	-0.88659
13038	-0.73736
13039	-0.52503
13040	-0.46841
13041	-0.37204
13042	-0.19585
13043	-0.07802
13044	0.03594
13045	0.04667
13046	0.05234
13047	0.04947
13048	0.04276
13049	0.03891
13050	0.04048
13051	0.04529
13052	0.04824
13053	0.04617
13054	0.04095
13055	0.03536
13056	0.03006
13057	0.02594
13058	0.02402
13059	0.02408
13060	0.02453
13061	0.02302
13062	0.02056
13063	0.01990
13064	0.02017
13065	0.02031
13066	0.02176
13067	0.02482
13068	0.02751
13069	0.02809
13070	0.02606
13071	0.02114
13072	0.01440
13073	0.00829
13074	0.00343
13075	-0.00145
13076	-0.00705
13077	-0.01417
13078	-0.02293
13079	-0.03029
13080	-0.03491
13081	-0.04507
13082	-0.06249
13083	-0.05017
13084	0.33289
13085	0.32052
13086	0.17500
13087	0.06002
13088	-0.24428
13089	-0.55824
13090	-0.24972
13091	-0.16683
13092	-0.89447
13093	-1.39567
13094	-1.54774
13095	-1.71251
13096	-1.82652
13097	-1.96418
13098	-2.20350
13099	-2.44700
13100	-2.43349
13101	-2.35090
13102	-2.23829
13103	-1.96341
13104	-1.93215
13105	-1.77023
13106	-1.38168
13107	-1.06550
13108	-0.89025
13109	-0.66213
13110	-0.57705
13111	-0.58254
13112	-0.29866
13113	-0.17395
13114	0.02765
13115	0.03582
13116	0.04562
13117	0.05030
13118	0.04697
13119	0.04066
13120	0.03743
13121	0.03853
13122	0.04237
13123	0.04639
13124	0.04740
13125	0.04426
13126	0.03869
13127	0.03232
13128	0.02609
13129	0.02209
13130	0.02217
13131	0.02462
13132	0.02548
13133	0.02393
13134	0.02207
13135	0.02082
13136	0.02009
13137	0.02062
13138	0.02311
13139	0.02649
13140	0.02829
13141	0.02673
13142	0.02176
13143	0.01476
13144	0.00793
13145	0.00323
13146	-0.00044
13147	-0.00677
13148	-0.01665
13149	-0.02702
13150	-0.03361
13151	-0.03384
13152	-0.03345
13153	-0.04271
13154	-0.04639
13155	0.10460
13156	0.19842
13157	0.26301
13158	0.29342
13159	0.06074
13160	-0.22042
13161	-0.28363
13162	-0.16045
13163	-0.49918
13164	-1.10964
13165	-1.30324
13166	-1.38207
13167	-1.59639
13168	-1.86836
13169	-2.10362
13170	-2.33120
13171	-2.42358
13172	-2.32199
13173	-2.20756
13174	-1.97665
13175	-1.80595
13176	-1.71801
13177	-1.34797
13178	-0.98614
13179	-0.80287
13180	-0.66479
13181	-0.52936
13182	-0.47433
13183	-0.31682
13184	-0.13716
13185	0.02772
13186	0.03802
13187	0.04826
13188	0.05151
13189	0.04621
13190	0.03903
13191	0.03594
13192	0.03822
13193	0.04401
13194	0.04900
13195	0.04914
13196	0.04422
13197	0.03752
13198	0.03186
13199	0.02811
13200	0.02664
13201	0.02730
13202	0.02853
13203	0.02805
13204	0.02495
13205	0.02126
13206	0.01933
13207	0.01898
13208	0.01979
13209	0.02282
13210	0.02818
13211	0.03285
13212	0.03303
13213	0.02791
13214	0.02063
13215	0.01527
13216	0.01217
13217	0.00935
13218	0.00520
13219	-0.00393
13220	-0.02026
13221	-0.03761
13222	-0.04550
13223	-0.04518
13224	-0.05002
13225	-0.05015
13226	0.20032
13227	0.25509
13228	0.25285
13229	0.30636
13230	0.11492
13231	-0.24891
13232	-0.42368
13233	-0.22364
13234	-0.21086
13235	-0.88341
13236	-1.40620
13237	-1.43365
13238	-1.57745
13239	-1.91282
13240	-2.13285
13241	-2.22126
13242	-2.41984
13243	-2.40843
13244	-2.26779
13245	-2.17500
13246	-2.02262
13247	-1.91041
13248	-1.71286
13249	-1.42696
13250	-1.12889
13251	-0.95114
13252	-0.73509
13253	-0.64670
13254	-0.53943
13255	-0.34041
13256	-0.14296
13257	-0.04548
13258	0.03424
13259	0.04513
13260	0.05140
13261	0.04737
13262	0.03894
13263	0.03510
13264	0.03798
13265	0.04395
13266	0.04801
13267	0.04669
13268	0.04044
13269	0.03287
13270	0.02710
13271	0.02453
13272	0.02547
13273	0.02816
13274	0.02984
13275	0.02876
13276	0.02457
13277	0.01958
13278	0.01743
13279	0.01847
13280	0.02051
13281	0.02354
13282	0.02876
13283	0.03385
13284	0.03435
13285	0.02825
13286	0.01894
13287	0.01262
13288	0.01003
13289	0.00650
13290	-0.00076
13291	-0.01234
13292	-0.02638
13293	-0.03603
13294	-0.03577
13295	-0.03400
13296	-0.04743
13297	-0.06266
13298	0.10428
13299	0.31445
13300	0.39033
13301	0.18546
13302	-0.04336
13303	-0.34465
13304	-0.38303
13305	-0.21339
13306	-0.53574
13307	-1.14623
13308	-1.42053
13309	-1.55803
13310	-1.74442
13311	-1.86184
13312	-2.11737
13313	-2.35524
13314	-2.52086
13315	-2.51907
13316	-2.40174
13317	-2.21315
13318	-1.97833
13319	-1.86827
13320	-1.65548
13321	-1.30284
13322	-1.02431
13323	-0.76609
13324	-0.61427
13325	-0.59346
13326	-0.41920
13327	-0.26835
13328	-0.07359
13329	0.02354
13330	0.03174
13331	0.04308
13332	0.05090
13333	0.05021
13334	0.04356
13335	0.03700
13336	0.03483
13337	0.03796
13338	0.04302
13339	0.04528
13340	0.04361
13341	0.03918
13342	0.03285
13343	0.02746
13344	0.02608
13345	0.02739
13346	0.02833
13347	0.02724
13348	0.02334
13349	0.01873
13350	0.01627
13351	0.01599
13352	0.01797
13353	0.02271
13354	0.02801
13355	0.03046
13356	0.02886
13357	0.02379
13358	0.01657
13359	0.01011
13360	0.00718
13361	0.00616
13362	0.00253
13363	-0.00646
13364	-0.01993
13365	-0.03249
13366	-0.03707
13367	-0.03683
13368	-0.04657
13369	-0.06061
13370	0.10410
13371	0.31234
13372	0.40082
13373	0.23766
13374	0.06071
13375	-0.21001
13376	-0.39669
13377	-0.22432
13378	-0.47798
13379	-1.09528
13380	-1.44760
13381	-1.44002
13382	-1.57180
13383	-1.78371
13384	-1.97370
13385	-2.20257
13386	-2.48140
13387	-2.50625
13388	-2.30531
13389	-2.14044
13390	-1.95881
13391	-1.82571
13392	-1.61019
13393	-1.24197
13394	-1.01696
13395	-0.82861
13396	-0.70493
13397	-0.60824
13398	-0.48268
13399	-0.31621
13400	-0.15231
13401	-0.04938
13402	0.03107
13403	0.04044
13404	0.04804
13405	0.04656
13406	0.03946
13407	0.03532
13408	0.03783
13409	0.04472
13410	0.04994
13411	0.04904
13412	0.04321
13413	0.03540
13414	0.02798
13415	0.02411
13416	0.02522
13417	0.02829
13418	0.02938
13419	0.02706
13420	0.02200
13421	0.01704
13422	0.01616
13423	0.01874
13424	0.02086
13425	0.02225
13426	0.02427
13427	0.02586
13428	0.02547
13429	0.02277
13430	0.01834
13431	0.01331
13432	0.00884
13433	0.00430
13434	-0.00272
13435	-0.01347
13436	-0.02582
13437	-0.03444
13438	-0.03638
13439	-0.04125
13440	-0.05907
13441	-0.05980
13442	0.19550
13443	0.26893
13444	0.27504
13445	0.19730
13446	-0.10863
13447	-0.46716
13448	-0.32750
13449	-0.13897
13450	-0.78600
13451	-1.35626
13452	-1.45995
13453	-1.66774
13454	-1.87193
13455	-1.94176
13456	-2.13900
13457	-2.44471
13458	-2.50749
13459	-2.45359
13460	-2.40326
13461	-2.12651
13462	-1.99134
13463	-1.86679
13464	-1.51267
13465	-1.17725
13466	-0.98455
13467	-0.78492
13468	-0.67056
13469	-0.61520
13470	-0.41945
13471	-0.26314
13472	-0.15124
13473	0.02891
13474	0.03870
13475	0.04837
13476	0.05049
13477	0.04467
13478	0.03798
13479	0.03578
13480	0.03881
13481	0.04405
13482	0.04667
13483	0.04492
13484	0.04094
13485	0.03646
13486	0.03188
13487	0.02815
13488	0.02655
13489	0.02680
13490	0.02665
13491	0.02434
13492	0.02055
13493	0.01688
13494	0.01516
13495	0.01750
13496	0.02325
13497	0.02851
13498	0.03051
13499	0.02938
13500	0.02591
13501	0.02109
13502	0.01666
13503	0.01389
13504	0.01126
13505	0.00575
13506	-0.00375
13507	-0.01620
13508	-0.02819
13509	-0.03466
13510	-0.03794
13511	-0.05109
13512	-0.06782
13513	0.07468
13514	0.25194
13515	0.23205
13516	0.28522
13517	0.14514
13518	-0.25882
13519	-0.45575
13520	-0.17086
13521	-0.12880
13522	-0.81261
13523	-1.21857
13524	-1.30356
13525	-1.57677
13526	-1.76593
13527	-1.94735
13528	-2.27109
13529	-2.50898
13530	-2.45314
13531	-2.39387
13532	-2.22011
13533	-1.97275
13534	-1.93658
13535	-1.71736
13536	-1.34836
13537	-1.08675
13538	-0.86386
13539	-0.67787
13540	-0.59638
13541	-0.50957
13542	-0.30084
13543	-0.13200
13544	0.02558
13545	0.03858
13546	0.04946
13547	0.05286
13548	0.04846
13549	0.04183
13550	0.03846
13551	0.04048
13552	0.04641
13553	0.05124
13554	0.05008
13555	0.04344
13556	0.03586
13557	0.03011
13558	0.02664
13559	0.02509
13560	0.02443
13561	0.02421
13562	0.02368
13563	0.02131
13564	0.01898
13565	0.01955
13566	0.02123
13567	0.02213
13568	0.02415
13569	0.02772
13570	0.03027
13571	0.03029
13572	0.02802
13573	0.02379
13574	0.01852
13575	0.01373
13576	0.00871
13577	0.00158
13578	-0.00777
13579	-0.01883
13580	-0.02933
13581	-0.03474
13582	-0.03785
13583	-0.05149
13584	-0.06817
13585	0.10225
13586	0.31696
13587	0.42673
13588	0.31078
13589	0.16153
13590	-0.31457
13591	-0.66823
13592	-0.26099
13593	-0.32278
13594	-1.05931
13595	-1.38149
13596	-1.44485
13597	-1.67928
13598	-1.78601
13599	-1.83114
13600	-2.16379
13601	-2.44250
13602	-2.36764
13603	-2.22080
13604	-2.07321
13605	-1.88854
13606	-1.77308
13607	-1.60334
13608	-1.28907
13609	-1.01631
13610	-0.88737
13611	-0.69772
13612	-0.60462
13613	-0.53022
13614	-0.32053
13615	-0.16490
13616	0.02078
13617	0.02904
13618	0.04194
13619	0.05094
13620	0.05129
13621	0.04656
13622	0.04254
13623	0.04191
13624	0.04387
13625	0.04514
13626	0.04356
13627	0.04045
13628	0.03675
13629	0.03233
13630	0.02888
13631	0.02796
13632	0.02896
13633	0.02968
13634	0.02740
13635	0.02211
13636	0.01739
13637	0.01596
13638	0.01731
13639	0.02018
13640	0.02449
13641	0.02957
13642	0.03285
13643	0.03209
13644	0.02754
13645	0.02139
13646	0.01588
13647	0.01100
13648	0.00518
13649	-0.00270
13650	-0.01296
13651	-0.02394
13652	-0.03151
13653	-0.03814
13654	-0.05628
13655	-0.07586
13656	0.11595
13657	0.34819
13658	0.32898
13659	0.11899
13660	0.04044
13661	-0.20074
13662	-0.47259
13663	-0.28939
13664	-0.47224
13665	-1.04048
13666	-1.38130
13667	-1.48435
13668	-1.69803
13669	-1.87304
13670	-2.01258
13671	-2.34241
13672	-2.54295
13673	-2.49658
13674	-2.43130
13675	-2.28278
13676	-2.05986
13677	-1.88313
13678	-1.67287
13679	-1.31736
13680	-1.02975
13681	-0.88000
13682	-0.67455
13683	-0.59412
13684	-0.51223
13685	-0.31375
13686	-0.16727
13687	0.02317
13688	0.03070
13689	0.04105
13690	0.04818
13691	0.04611
13692	0.03910
13693	0.03510
13694	0.03726
13695	0.04423
13696	0.05135
13697	0.05327
13698	0.04874
13699	0.04102
13700	0.03350
13701	0.02751
13702	0.02431
13703	0.02473
13704	0.02695
13705	0.02743
13706	0.02461
13707	0.02064
13708	0.01904
13709	0.02007
13710	0.02115
13711	0.02296
13712	0.02734
13713	0.03127
13714	0.03078
13715	0.02609
13716	0.02003
13717	0.01556
13718	0.01410
13719	0.01359
13720	0.00979
13721	-0.00016
13722	-0.01622
13723	-0.03389
13724	-0.04456
13725	-0.04434
13726	-0.04408
13727	-0.05344
13728	-0.04443
13729	0.16125
13730	0.38231
13731	0.42443
13732	0.26801
13733	-0.05360
13734	-0.50076
13735	-0.39122
13736	-0.12867
13737	-0.60676
13738	-1.28408
13739	-1.43170
13740	-1.47550
13741	-1.76194
13742	-1.92100
13743	-2.02705
13744	-2.38918
13745	-2.59081
13746	-2.36010
13747	-2.19857
13748	-2.07601
13749	-1.82768
13750	-1.68888
13751	-1.43742
13752	-1.11655
13753	-0.93685
13754	-0.73185
13755	-0.55236
13756	-0.50418
13757	-0.44313
13758	-0.27312
13759	-0.08112
13760	0.02392
13761	0.03086
13762	0.04214
13763	0.05000
13764	0.04930
13765	0.04393
13766	0.04019
13767	0.04049
13768	0.04379
13769	0.04676
13770	0.04649
13771	0.04292
13772	0.03727
13773	0.03077
13774	0.02531
13775	0.02329
13776	0.02518
13777	0.02757
13778	0.02717
13779	0.02375
13780	0.01827
13781	0.01372
13782	0.01346
13783	0.01710
13784	0.02282
13785	0.02911
13786	0.03246
13787	0.02946
13788	0.02105
13789	0.01167
13790	0.00566
13791	0.00344
13792	0.00086
13793	-0.00556
13794	-0.01610
13795	-0.02793
13796	-0.03455
13797	-0.03380
13798	-0.03883
13799	-0.05805
13800	-0.05388
13801	0.18731
13802	0.38259
13803	0.37595
13804	0.21417
13805	-0.11981
13806	-0.56032
13807	-0.38921
13808	-0.29069
13809	-0.89473
13810	-1.19916
13811	-1.26682
13812	-1.50171
13813	-1.68515
13814	-1.65221
13815	-1.90210
13816	-2.30665
13817	-2.31431
13818	-2.28430
13819	-2.15236
13820	-1.86429
13821	-1.69051
13822	-1.58627
13823	-1.33016
13824	-1.05054
13825	-0.90623
13826	-0.69544
13827	-0.56274
13828	-0.54188
13829	-0.42696
13830	-0.23967
13831	-0.06594
13832	0.02994
13833	0.03871
13834	0.04598
13835	0.04700
13836	0.04228
13837	0.03805
13838	0.03894
13839	0.04387
13840	0.04799
13841	0.04789
13842	0.04460
13843	0.04059
13844	0.03602
13845	0.03047
13846	0.02525
13847	0.02174
13848	0.02104
13849	0.02294
13850	0.02407
13851	0.02267
13852	0.02103
13853	0.02046
13854	0.02056
13855	0.02154
13856	0.02349
13857	0.02583
13858	0.02777
13859	0.02823
13860	0.02579
13861	0.02066
13862	0.01527
13863	0.01129
13864	0.00742
13865	0.00048
13866	-0.01087
13867	-0.02359
13868	-0.03266
13869	-0.03999
13870	-0.05715
13871	-0.07650
13872	0.06085
13873	0.28365
13874	0.32393
13875	0.15182
13876	0.00314
13877	-0.19221
13878	-0.42039
13879	-0.23035
13880	-0.38852
13881	-1.02808
13882	-1.36465
13883	-1.52405
13884	-1.70707
13885	-1.84999
13886	-1.94504
13887	-2.22191
13888	-2.50915
13889	-2.48564
13890	-2.38445
13891	-2.24048
13892	-2.09341
13893	-1.95871
13894	-1.74551
13895	-1.44631
13896	-1.12092
13897	-0.94860
13898	-0.73254
13899	-0.58378
13900	-0.56586
13901	-0.36609
13902	-0.21693
13903	-0.04627
13904	0.02571
13905	0.03647
13906	0.04620
13907	0.04938
13908	0.04568
13909	0.04063
13910	0.03868
13911	0.04066
13912	0.04491
13913	0.04772
13914	0.04623
13915	0.04160
13916	0.03609
13917	0.03054
13918	0.02590
13919	0.02305
13920	0.02223
13921	0.02376
13922	0.02564
13923	0.02413
13924	0.02018
13925	0.01806
13926	0.01855
13927	0.02032
13928	0.02308
13929	0.02624
13930	0.02882
13931	0.02941
13932	0.02589
13933	0.01900
13934	0.01293
13935	0.00952
13936	0.00693
13937	0.00304
13938	-0.00432
13939	-0.01677
13940	-0.03099
13941	-0.03900
13942	-0.04121
13943	-0.05082
13944	-0.06173
13945	0.12434
13946	0.37805
13947	0.43461
13948	0.23045
13949	-0.00744
13950	-0.38557
13951	-0.54175
13952	-0.19096
13953	-0.18796
13954	-0.98035
13955	-1.64467
13956	-1.60994
13957	-1.65098
13958	-1.87011
13959	-2.02484
13960	-2.36473
13961	-2.69968
13962	-2.55400
13963	-2.33717
13964	-2.33049
13965	-2.08030
13966	-1.95663
13967	-1.87127
13968	-1.48620
13969	-1.18280
13970	-0.92972
13971	-0.65906
13972	-0.56706
13973	-0.58390
13974	-0.36678
13975	-0.09923
13976	0.01952
13977	0.02540
13978	0.03403
13979	0.04373
13980	0.04808
13981	0.04475
13982	0.04006
13983	0.03994
13984	0.04455
13985	0.05019
13986	0.05208
13987	0.04830
13988	0.04103
13989	0.03304
13990	0.02618
13991	0.02246
13992	0.02284
13993	0.02606
13994	0.02929
13995	0.02849
13996	0.02184
13997	0.01508
13998	0.01503
13999	0.01946
14000	0.02333
14001	0.02582
14002	0.02701
14003	0.02642
14004	0.02390
14005	0.01978
14006	0.01538
14007	0.01189
14008	0.00932
14009	0.00570
14010	-0.00262
14011	-0.01644
14012	-0.03045
14013	-0.03675
14014	-0.03594
14015	-0.04344
14016	-0.06337
14017	-0.05485
14018	0.23934
14019	0.33575
14020	0.16919
14021	0.03854
14022	-0.13449
14023	-0.55720
14024	-0.46132
14025	-0.28115
14026	-0.95279
14027	-1.42479
14028	-1.53651
14029	-1.71319
14030	-1.78447
14031	-1.93428
14032	-2.26925
14033	-2.52592
14034	-2.41728
14035	-2.29030
14036	-2.21106
14037	-1.95880
14038	-1.85878
14039	-1.67759
14040	-1.30780
14041	-1.04971
14042	-0.92367
14043	-0.79624
14044	-0.64828
14045	-0.59762
14046	-0.33824
14047	-0.15289
14048	-0.09605
14049	0.02507
14050	0.03371
14051	0.04329
14052	0.04866
14053	0.04728
14054	0.04331
14055	0.04182
14056	0.04342
14057	0.04601
14058	0.04658
14059	0.04345
14060	0.03850
14061	0.03413
14062	0.03055
14063	0.02739
14064	0.02553
14065	0.02568
14066	0.02545
14067	0.02256
14068	0.01911
14069	0.01770
14070	0.01823
14071	0.01990
14072	0.02220
14073	0.02485
14074	0.02747
14075	0.02893
14076	0.02757
14077	0.02265
14078	0.01597
14079	0.01071
14080	0.00685
14081	0.00182
14082	-0.00560
14083	-0.01589
14084	-0.02777
14085	-0.03644
14086	-0.03822
14087	-0.04053
14088	-0.05370
14089	-0.05229
14090	0.18427
14091	0.35945
14092	0.33100
14093	0.22297
14094	-0.08087
14095	-0.58727
14096	-0.43857
14097	-0.15746
14098	-0.69995
14099	-1.32481
14100	-1.55011
14101	-1.63636
14102	-1.84732
14103	-2.02898
14104	-2.25740
14105	-2.58171
14106	-2.69886
14107	-2.50317
14108	-2.38116
14109	-2.14209
14110	-1.89172
14111	-1.76012
14112	-1.39144
14113	-1.03509
14114	-0.89872
14115	-0.67710
14116	-0.53810
14117	-0.53205
14118	-0.34506
14119	-0.12974
14120	0.02341
14121	0.03195
14122	0.04193
14123	0.04841
14124	0.04735
14125	0.04168
14126	0.03779
14127	0.03894
14128	0.04346
14129	0.04702
14130	0.04638
14131	0.04202
14132	0.03710
14133	0.03272
14134	0.02813
14135	0.02546
14136	0.02654
14137	0.02867
14138	0.02777
14139	0.02255
14140	0.01723
14141	0.01697
14142	0.01985
14143	0.02195
14144	0.02460
14145	0.02797
14146	0.02912
14147	0.02780
14148	0.02520
14149	0.02117
14150	0.01645
14151	0.01270
14152	0.00884
14153	0.00236
14154	-0.00671
14155	-0.01769
14156	-0.02927
14157	-0.03652
14158	-0.03778
14159	-0.04452
14160	-0.06221
14161	-0.05360
14162	0.23497
14163	0.39873
14164	0.36512
14165	0.19520
14166	-0.18278
14167	-0.63833
14168	-0.48106
14169	-0.31387
14170	-0.95968
14171	-1.48586
14172	-1.54743
14173	-1.62329
14174	-1.79331
14175	-1.86365
14176	-2.04982
14177	-2.42508
14178	-2.46559
14179	-2.31289
14180	-2.21055
14181	-1.89683
14182	-1.76147
14183	-1.64914
14184	-1.30519
14185	-1.03292
14186	-0.89987
14187	-0.71837
14188	-0.59229
14189	-0.55720
14190	-0.36825
14191	-0.18218
14192	-0.07141
14193	0.02659
14194	0.03576
14195	0.04557
14196	0.04909
14197	0.04526
14198	0.04051
14199	0.04016
14200	0.04400
14201	0.04818
14202	0.04852
14203	0.04423
14204	0.03813
14205	0.03247
14206	0.02726
14207	0.02317
14208	0.02195
14209	0.02357
14210	0.02558
14211	0.02525
14212	0.02218
14213	0.01907
14214	0.01838
14215	0.01949
14216	0.02137
14217	0.02446
14218	0.02772
14219	0.02855
14220	0.02615
14221	0.02198
14222	0.01721
14223	0.01285
14224	0.01035
14225	0.00883
14226	0.00458
14227	-0.00535
14228	-0.02039
14229	-0.03510
14230	-0.04659
14231	-0.06257
14232	-0.07634
14233	0.05090
14234	0.26283
14235	0.32068
14236	0.26522
14237	0.07930
14238	-0.35087
14239	-0.62140
14240	-0.11032
14241	0.02527
14242	-0.73162
14243	-1.30470
14244	-1.44327
14245	-1.66124
14246	-1.87184
14247	-1.92268
14248	-2.20466
14249	-2.48268
14250	-2.47060
14251	-2.35751
14252	-2.18626
14253	-2.01643
14254	-1.94470
14255	-1.87141
14256	-1.59448
14257	-1.24303
14258	-1.01179
14259	-0.73975
14260	-0.55594
14261	-0.54524
14262	-0.39689
14263	-0.18266
14264	-0.04488
14265	0.02610
14266	0.03431
14267	0.04315
14268	0.04655
14269	0.04305
14270	0.03891
14271	0.03927
14272	0.04369
14273	0.04843
14274	0.04970
14275	0.04645
14276	0.04108
14277	0.03610
14278	0.03107
14279	0.02614
14280	0.02423
14281	0.02538
14282	0.02614
14283	0.02499
14284	0.02216
14285	0.01861
14286	0.01685
14287	0.01765
14288	0.01977
14289	0.02314
14290	0.02693
14291	0.02893
14292	0.02812
14293	0.02461
14294	0.01921
14295	0.01387
14296	0.01058
14297	0.00844
14298	0.00437
14299	-0.00294
14300	-0.01338
14301	-0.02536
14302	-0.03410
14303	-0.04157
14304	-0.05982
14305	-0.07571
14306	0.09182
14307	0.45460
14308	0.49414
14309	0.20088
14310	0.02223
14311	-0.38038
14312	-0.62824
14313	-0.22757
14314	-0.35248
14315	-1.09552
14316	-1.49623
14317	-1.52064
14318	-1.69693
14319	-1.82700
14320	-1.85323
14321	-2.23147
14322	-2.56104
14323	-2.34276
14324	-2.20361
14325	-2.06812
14326	-1.77053
14327	-1.73308
14328	-1.57696
14329	-1.24000
14330	-1.04637
14331	-0.85274
14332	-0.57566
14333	-0.49294
14334	-0.49458
14335	-0.31992
14336	-0.16261
14337	0.02181
14338	0.02845
14339	0.03828
14340	0.04633
14341	0.04776
14342	0.04343
14343	0.03813
14344	0.03566
14345	0.03685
14346	0.03975
14347	0.04173
14348	0.04164
14349	0.03914
14350	0.03440
14351	0.02932
14352	0.02607
14353	0.02523
14354	0.02597
14355	0.02687
14356	0.02627
14357	0.02298
14358	0.01832
14359	0.01586
14360	0.01615
14361	0.01696
14362	0.01887
14363	0.02341
14364	0.02860
14365	0.03107
14366	0.02934
14367	0.02422
14368	0.01835
14369	0.01334
14370	0.00863
14371	0.00356
14372	-0.00373
14373	-0.01599
14374	-0.03049
14375	-0.03866
14376	-0.03886
14377	-0.04413
14378	-0.05661
14379	-0.03965
14380	0.32198
14381	0.39661
14382	0.24466
14383	0.15761
14384	-0.22725
14385	-0.54478
14386	-0.32437
14387	-0.28776
14388	-0.75934
14389	-1.38587
14390	-1.50716
14391	-1.52432
14392	-1.70654
14393	-1.87365
14394	-2.13518
14395	-2.42056
14396	-2.51035
14397	-2.28916
14398	-2.14085
14399	-1.90003
14400	-1.71558
14401	-1.63589
14402	-1.40929
14403	-1.20862
14404	-0.97020
14405	-0.62055
14406	-0.57496
14407	-0.57329
14408	-0.34916
14409	-0.21849
14410	0.02381
14411	0.02473
14412	0.03461
14413	0.04645
14414	0.05225
14415	0.04889
14416	0.04171
14417	0.03678
14418	0.03596
14419	0.03890
14420	0.04310
14421	0.04464
14422	0.04221
14423	0.03759
14424	0.03226
14425	0.02687
14426	0.02302
14427	0.02270
14428	0.02567
14429	0.02803
14430	0.02575
14431	0.02044
14432	0.01686
14433	0.01583
14434	0.01612
14435	0.01899
14436	0.02435
14437	0.02892
14438	0.03039
14439	0.02830
14440	0.02255
14441	0.01488
14442	0.00872
14443	0.00469
14444	0.00002
14445	-0.00748
14446	-0.01823
14447	-0.02988
14448	-0.03701
14449	-0.04106
14450	-0.05263
14451	-0.05990
14452	0.19062
14453	0.37390
14454	0.39015
14455	0.21273
14456	0.00216
14457	-0.24650
14458	-0.38923
14459	-0.24740
14460	-0.46753
14461	-1.02083
14462	-1.38511
14463	-1.45236
14464	-1.63125
14465	-1.88265
14466	-2.09995
14467	-2.34809
14468	-2.53878
14469	-2.51766
14470	-2.34087
14471	-2.13994
14472	-1.90836
14473	-1.79955
14474	-1.67080
14475	-1.30764
14476	-1.06973
14477	-0.88802
14478	-0.67476
14479	-0.59392
14480	-0.48682
14481	-0.32502
14482	-0.13330
14483	0.01164
14484	0.02528
14485	0.03475
14486	0.04582
14487	0.05049
14488	0.04654
14489	0.03973
14490	0.03574
14491	0.03658
14492	0.04140
14493	0.04617
14494	0.04649
14495	0.04186
14496	0.03480
14497	0.02796
14498	0.02361
14499	0.02262
14500	0.02370
14501	0.02495
14502	0.02469
14503	0.02219
14504	0.01944
14505	0.01880
14506	0.01998
14507	0.02175
14508	0.02380
14509	0.02586
14510	0.02709
14511	0.02684
14512	0.02429
14513	0.01865
14514	0.01151
14515	0.00635
14516	0.00396
14517	0.00133
14518	-0.00464
14519	-0.01493
14520	-0.02739
14521	-0.03647
14522	-0.03810
14523	-0.03772
14524	-0.04444
14525	-0.04075
14526	0.21369
14527	0.31741
14528	0.30070
14529	0.31681
14530	0.11084
14531	-0.37749
14532	-0.49906
14533	-0.21646
14534	-0.38675
14535	-1.01909
14536	-1.12183
14537	-1.04197
14538	-1.33084
14539	-1.44887
14540	-1.57286
14541	-1.92712
14542	-2.15158
14543	-2.02388
14544	-1.86803
14545	-1.73713
14546	-1.49026
14547	-1.44110
14548	-1.41031
14549	-1.20601
14550	-1.07063
14551	-0.75962
14552	-0.61322
14553	-0.65126
14554	-0.55301
14555	-0.43186
14556	-0.21277
14557	-0.07181
14558	-0.00738
14559	0.02361
14560	0.03089
14561	0.04160
14562	0.04923
14563	0.04868
14564	0.04223
14565	0.03670
14566	0.03531
14567	0.03579
14568	0.03533
14569	0.03384
14570	0.03172
14571	0.02846
14572	0.02514
14573	0.02336
14574	0.02263
14575	0.02200
14576	0.02086
14577	0.01823
14578	0.01560
14579	0.01628
14580	0.01925
14581	0.02108
14582	0.02172
14583	0.02221
14584	0.02223
14585	0.02138
14586	0.01966
14587	0.01695
14588	0.01411
14589	0.01282
14590	0.01138
14591	0.00609
14592	-0.00303
14593	-0.01371
14594	-0.02419
14595	-0.03224
14596	-0.03693
14597	-0.04161
14598	-0.04474
14599	-0.02848
14600	0.01490
14601	0.05432
14602	0.06066
14603	0.04149
14604	0.02006
14605	0.01008
14606	0.00932
14607	0.01098
14608	0.01212
14609	0.01176
14610	0.01060
14611	0.01020
14612	0.01062
14613	0.01104
14614	0.01098
14615	0.01056
14616	0.01053
14617	0.01115
14618	0.01208
14619	0.01291
14620	0.01314
14621	0.01308
14622	0.01403
14623	0.01551
14624	0.01576
14625	0.01558
14626	0.01615
14627	0.01635
14628	0.01640
14629	0.01725
14630	0.01697
14631	0.01505
14632	0.01409
14633	0.01448
14634	0.01496
14635	0.01555
14636	0.01678
14637	0.01919
14638	0.02212
14639	0.02550
14640	0.03343
14641	0.04730
14642	0.05757
14643	0.05489
14644	0.04358
14645	0.03315
14646	0.02714
14647	0.02473
14648	0.02361
14649	0.02225
14650	0.02168
14651	0.02226
14652	0.02228
14653	0.02118
14654	0.01939
14655	0.01678
14656	0.01386
14657	0.01206
14658	0.01264
14659	0.01540
14660	0.01838
14661	0.02066
14662	0.02225
14663	0.02233
14664	0.02115
14665	0.01978
14666	0.01778
14667	0.01558
14668	0.01443
14669	0.01292
14670	0.00941
14671	0.00455
14672	-0.00145
14673	-0.00981
14674	-0.02017
14675	-0.02843
14676	-0.03266
14677	-0.03889
14678	-0.04532
14679	-0.02904
14680	0.01614
14681	0.05402
14682	0.05839
14683	0.04100
14684	0.02193
14685	0.01147
14686	0.00967
14687	0.01087
14688	0.01172
14689	0.01194
14690	0.01150
14691	0.01083
14692	0.01057
14693	0.01057
14694	0.01058
14695	0.01070
14696	0.01097
14697	0.01118
14698	0.01126
14699	0.01132
14700	0.01129
14701	0.01140
14702	0.01207
14703	0.01282
14704	0.01275
14705	0.01226
14706	0.01253
14707	0.01281
14708	0.01189
14709	0.01102
14710	0.01104
14711	0.01083
14712	0.01035
14713	0.01030
14714	0.01017
14715	0.00978
14716	0.00992
14717	0.01050
14718	0.01082
14719	0.01085
14720	0.01080
14721	0.01077
14722	0.01098
14723	0.01161
14724	0.01268
14725	0.01447
14726	0.01761
14727	0.02130
14728	0.02366
14729	0.02481
14730	0.02725
14731	0.03260
14732	0.03800
14733	0.03936
14734	0.04193
14735	0.05333
14736	0.06302
14737	0.05428
14738	0.03165
14739	0.01351
14740	0.00749
14741	0.00935
14742	0.01298
14743	0.01497
14744	0.01582
14745	0.01665
14746	0.01748
14747	0.01798
14748	0.01682
14749	0.01413
14750	0.01249
14751	0.01225
14752	0.01230
14753	0.01392
14754	0.01774
14755	0.02129
14756	0.02247
14757	0.02181
14758	0.02079
14759	0.02046
14760	0.02071
14761	0.01970
14762	0.01665
14763	0.01302
14764	0.00945
14765	0.00511
14766	-0.00098
14767	-0.00901
14768	-0.01718
14769	-0.02342
14770	-0.02662
14771	-0.02498
14772	-0.01851
14773	-0.01050
14774	0.09017
14775	0.06738
14776	0.03710
14777	0.25451
14778	0.37718
14779	0.24535
14780	0.23892
14781	0.35277
14782	0.34808
14783	0.34716
14784	0.31289
14785	0.28048
14786	0.28445
14787	0.21480
14788	-0.02467
14789	-0.07379
14790	0.06938
14791	-0.05291
14792	-0.05435
14793	0.12045
14794	0.03769
14795	-0.07191
14796	-0.06827
14797	-0.07365
14798	-0.15899
14799	-0.15040
14800	-0.11331
14801	-0.16012
14802	-0.17946
14803	-0.17188
14804	-0.13299
14805	-0.15617
14806	-0.20544
14807	-0.21484
14808	-0.27080
14809	-0.28196
14810	-0.28145
14811	-0.29856
14812	-0.30961
14813	-0.38581
14814	-0.44549
14815	-0.44190
14816	-0.47358
14817	-0.52473
14818	-0.55022
14819	-0.59547
14820	-0.68639
14821	-0.74667
14822	-0.76162
14823	-0.84493
14824	-0.92275
14825	-0.99053
14826	-1.11880
14827	-1.20733
14828	-1.22679
14829	-1.27461
14830	-1.31239
14831	-1.35546
14832	-1.43142
14833	-1.50129
14834	-1.43883
14835	-1.37641
14836	-1.36406
14837	-1.30489
14838	-1.20406
14839	-1.04563
14840	-0.92004
14841	-0.81827
14842	-0.64993
14843	-0.50899
14844	-0.42763
14845	-0.32584
14846	-0.20668
14847	-0.12531
14848	-0.06317
14849	-0.00691
14850	0.03183
14851	0.04653
14852	0.05298
14853	0.04338
14854	0.02423
14855	0.00817
14856	0.00134
14857	0.00202
14858	0.00594
14859	0.01000
14860	0.01285
14861	0.01428
14862	0.01519
14863	0.01625
14864	0.01658
14865	0.01545
14866	0.01388
14867	0.01326
14868	0.01341
14869	0.01331
14870	0.01318
14871	0.01405
14872	0.01576
14873	0.01714
14874	0.01764
14875	0.01731
14876	0.01638
14877	0.01553
14878	0.01433
14879	0.01111
14880	0.00620
14881	0.00156
14882	-0.00225
14883	-0.00563
14884	-0.00825
14885	-0.00966
14886	-0.01069
14887	-0.01222
14888	-0.01433
14889	-0.01618
14890	-0.01183
14891	0.05026
14892	-0.02497
14893	-0.09093
14894	0.05876
14895	0.21846
14896	0.23507
14897	0.18014
14898	0.22889
14899	0.28394
14900	0.20169
14901	0.08239
14902	0.05639
14903	0.11625
14904	0.11638
14905	0.09364
14906	0.06721
14907	0.05281
14908	-0.01367
14909	-0.08876
14910	-0.07462
14911	-0.08534
14912	-0.13152
14913	-0.17301
14914	-0.21441
14915	-0.26055
14916	-0.23531
14917	-0.19172
14918	-0.23341
14919	-0.29897
14920	-0.33393
14921	-0.36120
14922	-0.35310
14923	-0.31117
14924	-0.31356
14925	-0.37096
14926	-0.43423
14927	-0.42656
14928	-0.38444
14929	-0.41559
14930	-0.46175
14931	-0.49921
14932	-0.55002
14933	-0.61812
14934	-0.59167
14935	-0.56141
14936	-0.61567
14937	-0.68953
14938	-0.73771
14939	-0.76063
14940	-0.79407
14941	-0.82628
14942	-0.85014
14943	-0.91690
14944	-1.03956
14945	-1.06837
14946	-1.07565
14947	-1.09665
14948	-1.11451
14949	-1.15937
14950	-1.21622
14951	-1.27135
14952	-1.26781
14953	-1.28761
14954	-1.27828
14955	-1.28226
14956	-1.41051
14957	-1.42396
14958	-1.28686
14959	-1.21249
14960	-1.26552
14961	-1.26929
14962	-1.11740
14963	-0.96647
14964	-0.89210
14965	-0.79931
14966	-0.65213
14967	-0.55075
14968	-0.50435
14969	-0.36729
14970	-0.22340
14971	-0.22096
14972	-0.16301
14973	-0.07332
14974	-0.02241
14975	0.01680
14976	0.02768
14977	0.03941
14978	0.04103
14979	0.03133
14980	0.01809
14981	0.00852
14982	0.00452
14983	0.00439
14984	0.00598
14985	0.00844
14986	0.01155
14987	0.01507
14988	0.01873
14989	0.02093
14990	0.01981
14991	0.01673
14992	0.01419
14993	0.01233
14994	0.01065
14995	0.00972
14996	0.01058
14997	0.01295
14998	0.01490
14999	0.01623
15000	0.01828
15001	0.02028
15002	0.02091
15003	0.02048
15004	0.01957
15005	0.01837
15006	0.01688
15007	0.01425
15008	0.01017
15009	0.00575
15010	0.00143
15011	-0.00353
15012	-0.00917
15013	-0.01438
15014	-0.01775
15015	-0.01773
15016	-0.01314
15017	-0.00513
15018	0.00299
15019	0.01129
15020	-0.06314
15021	-0.01553
15022	0.11202
15023	0.26728
15024	0.25348
15025	0.19077
15026	0.21849
15027	0.27696
15028	0.32260
15029	0.24142
15030	0.12982
15031	0.09284
15032	0.13453
15033	0.10715
15034	0.06956
15035	0.07854
15036	0.01364
15037	-0.08780
15038	-0.11244
15039	-0.11219
15040	-0.14283
15041	-0.17453
15042	-0.18992
15043	-0.25539
15044	-0.29831
15045	-0.27567
15046	-0.26794
15047	-0.33230
15048	-0.37570
15049	-0.35223
15050	-0.34227
15051	-0.35068
15052	-0.33633
15053	-0.36277
15054	-0.43545
15055	-0.43355
15056	-0.42143
15057	-0.43832
15058	-0.48309
15059	-0.55226
15060	-0.55113
15061	-0.55672
15062	-0.59305
15063	-0.65757
15064	-0.66907
15065	-0.68612
15066	-0.79798
15067	-0.80372
15068	-0.80515
15069	-0.86008
15070	-0.89431
15071	-0.93422
15072	-0.98432
15073	-0.98403
15074	-1.00532
15075	-1.05268
15076	-1.09047
15077	-1.16110
15078	-1.19256
15079	-1.24939
15080	-1.22757
15081	-1.23339
15082	-1.34897
15083	-1.39498
15084	-1.42661
15085	-1.41611
15086	-1.42786
15087	-1.38524
15088	-1.33686
15089	-1.42418
15090	-1.37867
15091	-1.24912
15092	-1.18221
15093	-1.12526
15094	-1.01768
15095	-0.90051
15096	-0.80697
15097	-0.68942
15098	-0.55119
15099	-0.40660
15100	-0.31872
15101	-0.19741
15102	-0.10888
15103	-0.08615
15104	-0.03751
15105	0.03392
15106	0.03804
15107	0.02862
15108	0.01360
15109	0.00555
15110	0.00669
15111	0.01058
15112	0.01221
15113	0.01154
15114	0.01032
15115	0.00978
15116	0.01039
15117	0.01198
15118	0.01410
15119	0.01601
15120	0.01636
15121	0.01506
15122	0.01373
15123	0.01319
15124	0.01354
15125	0.01510
15126	0.01674
15127	0.01683
15128	0.01591
15129	0.01523
15130	0.01504
15131	0.01510
15132	0.01565
15133	0.01739
15134	0.01971
15135	0.02032
15136	0.01876
15137	0.01778
15138	0.01825
15139	0.01742
15140	0.01360
15141	0.00698
15142	-0.00165
15143	-0.00971
15144	-0.01414
15145	-0.01443
15146	-0.01433
15147	-0.01849
15148	-0.02319
15149	-0.01617
15150	0.10625
15151	0.03982
15152	-0.05991
15153	0.04898
15154	0.25693
15155	0.30317
15156	0.18766
15157	0.11240
15158	0.13080
15159	0.13064
15160	0.13801
15161	0.18773
15162	0.13470
15163	0.01820
15164	-0.04578
15165	-0.07027
15166	-0.10524
15167	-0.21517
15168	-0.26880
15169	-0.24058
15170	-0.22317
15171	-0.31704
15172	-0.37417
15173	-0.37818
15174	-0.40363
15175	-0.38412
15176	-0.36929
15177	-0.39286
15178	-0.42964
15179	-0.46274
15180	-0.47226
15181	-0.43602
15182	-0.47196
15183	-0.53293
15184	-0.58662
15185	-0.66178
15186	-0.70459
15187	-0.66548
15188	-0.65301
15189	-0.70519
15190	-0.76576
15191	-0.82987
15192	-0.78393
15193	-0.77598
15194	-0.82889
15195	-0.83557
15196	-0.91968
15197	-0.99140
15198	-0.98688
15199	-0.96155
15200	-0.96870
15201	-1.00811
15202	-1.07410
15203	-1.10437
15204	-1.14076
15205	-1.18274
15206	-1.15781
15207	-1.19245
15208	-1.22972
15209	-1.26934
15210	-1.31007
15211	-1.32380
15212	-1.34733
15213	-1.33878
15214	-1.35794
15215	-1.41682
15216	-1.44739
15217	-1.47336
15218	-1.47149
15219	-1.39003
15220	-1.32109
15221	-1.36250
15222	-1.36360
15223	-1.23088
15224	-1.13857
15225	-1.06683
15226	-0.92488
15227	-0.79765
15228	-0.73683
15229	-0.67130
15230	-0.51183
15231	-0.35119
15232	-0.23715
15233	-0.16186
15234	-0.10283
15235	-0.05375
15236	0.02554
15237	0.03177
15238	0.03017
15239	0.02140
15240	0.01313
15241	0.00945
15242	0.00903
15243	0.00971
15244	0.01015
15245	0.01014
15246	0.01031
15247	0.01110
15248	0.01235
15249	0.01391
15250	0.01590
15251	0.01691
15252	0.01553
15253	0.01362
15254	0.01290
15255	0.01233
15256	0.01129
15257	0.01075
15258	0.01143
15259	0.01275
15260	0.01386
15261	0.01489
15262	0.01605
15263	0.01668
15264	0.01673
15265	0.01734
15266	0.01888
15267	0.02024
15268	0.02044
15269	0.01966
15270	0.01751
15271	0.01317
15272	0.00771
15273	0.00265
15274	-0.00177
15275	-0.00543
15276	-0.00809
15277	-0.01007
15278	-0.01159
15279	-0.01321
15280	-0.01646
15281	-0.01841
15282	-0.01023
15283	0.05523
15284	-0.01093
15285	-0.04480
15286	0.06520
15287	0.27991
15288	0.30885
15289	0.19903
15290	0.15292
15291	0.16652
15292	0.12737
15293	0.14887
15294	0.22539
15295	0.19684
15296	0.09797
15297	0.03827
15298	0.05702
15299	0.05140
15300	-0.04674
15301	-0.05126
15302	-0.01740
15303	-0.06839
15304	-0.12059
15305	-0.16413
15306	-0.17635
15307	-0.22544
15308	-0.22674
15309	-0.17777
15310	-0.25503
15311	-0.32565
15312	-0.33254
15313	-0.28596
15314	-0.25797
15315	-0.29170
15316	-0.34097
15317	-0.41520
15318	-0.43613
15319	-0.44506
15320	-0.42745
15321	-0.44050
15322	-0.50529
15323	-0.56254
15324	-0.59078
15325	-0.61829
15326	-0.63225
15327	-0.64990
15328	-0.70588
15329	-0.78144
15330	-0.82971
15331	-0.84044
15332	-0.84354
15333	-0.84551
15334	-0.87597
15335	-0.92318
15336	-1.00694
15337	-1.05977
15338	-1.04351
15339	-1.07928
15340	-1.11128
15341	-1.14196
15342	-1.21390
15343	-1.26814
15344	-1.30466
15345	-1.33177
15346	-1.38015
15347	-1.43179
15348	-1.47818
15349	-1.49415
15350	-1.50279
15351	-1.52087
15352	-1.45224
15353	-1.37878
15354	-1.37746
15355	-1.36806
15356	-1.29045
15357	-1.11976
15358	-1.01148
15359	-0.92212
15360	-0.76935
15361	-0.62712
15362	-0.52320
15363	-0.44844
15364	-0.30879
15365	-0.21013
15366	-0.16958
15367	-0.14527
15368	-0.07417
15369	0.01539
15370	0.02069
15371	0.03298
15372	0.04293
15373	0.04076
15374	0.02792
15375	0.01401
15376	0.00564
15377	0.00340
15378	0.00509
15379	0.00845
15380	0.01198
15381	0.01430
15382	0.01470
15383	0.01409
15384	0.01379
15385	0.01389
15386	0.01346
15387	0.01245
15388	0.01192
15389	0.01199
15390	0.01204
15391	0.01231
15392	0.01317
15393	0.01405
15394	0.01515
15395	0.01728
15396	0.01958
15397	0.02092
15398	0.02176
15399	0.02146
15400	0.01867
15401	0.01433
15402	0.00968
15403	0.00405
15404	-0.00302
15405	-0.01001
15406	-0.01518
15407	-0.01803
15408	-0.01852
15409	-0.01772
15410	-0.01700
15411	-0.01184
15412	0.07385
15413	-0.01713
15414	-0.06756
15415	0.09186
15416	0.27404
15417	0.30489
15418	0.20717
15419	0.20132
15420	0.27296
15421	0.31254
15422	0.24480
15423	0.16706
15424	0.16760
15425	0.15022
15426	0.11984
15427	0.10116
15428	0.13294
15429	0.06134
15430	-0.05589
15431	-0.09131
15432	-0.11636
15433	-0.15606
15434	-0.21803
15435	-0.21134
15436	-0.25954
15437	-0.30424
15438	-0.28555
15439	-0.26953
15440	-0.29113
15441	-0.35848
15442	-0.35417
15443	-0.37322
15444	-0.40043
15445	-0.39495
15446	-0.38844
15447	-0.42975
15448	-0.47862
15449	-0.47329
15450	-0.48852
15451	-0.50380
15452	-0.55408
15453	-0.55809
15454	-0.57108
15455	-0.58785
15456	-0.58922
15457	-0.61676
15458	-0.64019
15459	-0.71555
15460	-0.71017
15461	-0.71034
15462	-0.71971
15463	-0.72509
15464	-0.77252
15465	-0.77310
15466	-0.76090
15467	-0.76735
15468	-0.78155
15469	-0.83117
15470	-0.89876
15471	-0.93931
15472	-0.95881
15473	-0.99360
15474	-1.02926
15475	-1.10012
15476	-1.19133
15477	-1.21657
15478	-1.24022
15479	-1.29253
15480	-1.33373
15481	-1.40070
15482	-1.48163
15483	-1.49431
15484	-1.47261
15485	-1.46184
15486	-1.43042
15487	-1.42328
15488	-1.35393
15489	-1.29816
15490	-1.21866
15491	-1.06437
15492	-0.92625
15493	-0.79284
15494	-0.73218
15495	-0.64031
15496	-0.52987
15497	-0.45007
15498	-0.32743
15499	-0.24135
15500	-0.25167
15501	-0.23633
15502	-0.10617
15503	-0.00078
15504	0.01385
15505	0.02105
15506	0.03368
15507	0.04151
15508	0.03734
15509	0.02495
15510	0.01307
15511	0.00584
15512	0.00315
15513	0.00400
15514	0.00648
15515	0.00921
15516	0.01253
15517	0.01558
15518	0.01656
15519	0.01645
15520	0.01668
15521	0.01601
15522	0.01392
15523	0.01239
15524	0.01276
15525	0.01434
15526	0.01596
15527	0.01694
15528	0.01711
15529	0.01675
15530	0.01675
15531	0.01741
15532	0.01817
15533	0.01911
15534	0.01944
15535	0.01748
15536	0.01377
15537	0.00945
15538	0.00436
15539	-0.00097
15540	-0.00517
15541	-0.00804
15542	-0.01143
15543	-0.01788
15544	-0.02735
15545	-0.03135
15546	-0.01705
15547	0.10603
15548	-0.00233
15549	-0.02253
15550	0.19482
15551	0.34881
15552	0.28881
15553	0.22359
15554	0.24947
15555	0.22507
15556	0.13053
15557	0.12925
15558	0.20750
15559	0.17032
15560	0.07852
15561	0.10808
15562	0.09061
15563	-0.01278
15564	-0.08834
15565	-0.07808
15566	-0.08404
15567	-0.14898
15568	-0.15358
15569	-0.18690
15570	-0.22793
15571	-0.24878
15572	-0.24019
15573	-0.23074
15574	-0.31017
15575	-0.35314
15576	-0.36481
15577	-0.37850
15578	-0.38161
15579	-0.35937
15580	-0.38967
15581	-0.47873
15582	-0.49479
15583	-0.48281
15584	-0.50679
15585	-0.55383
15586	-0.58753
15587	-0.64439
15588	-0.69977
15589	-0.69296
15590	-0.69910
15591	-0.74631
15592	-0.80538
15593	-0.81892
15594	-0.87242
15595	-0.88879
15596	-0.89840
15597	-0.95181
15598	-0.98900
15599	-1.05972
15600	-1.07829
15601	-1.11507
15602	-1.16453
15603	-1.14722
15604	-1.19046
15605	-1.24235
15606	-1.26168
15607	-1.29658
15608	-1.36139
15609	-1.40645
15610	-1.41720
15611	-1.43449
15612	-1.47465
15613	-1.53057
15614	-1.50221
15615	-1.44079
15616	-1.43310
15617	-1.37617
15618	-1.26165
15619	-1.19724
15620	-1.15184
15621	-1.01881
15622	-0.85666
15623	-0.68013
15624	-0.64651
15625	-0.59224
15626	-0.46106
15627	-0.39241
15628	-0.27565
15629	-0.21056
15630	-0.16034
15631	-0.09789
15632	-0.02239
15633	0.02055
15634	0.03356
15635	0.04429
15636	0.04188
15637	0.02829
15638	0.01423
15639	0.00585
15640	0.00263
15641	0.00280
15642	0.00527
15643	0.00885
15644	0.01266
15645	0.01593
15646	0.01771
15647	0.01809
15648	0.01749
15649	0.01582
15650	0.01355
15651	0.01173
15652	0.01121
15653	0.01230
15654	0.01403
15655	0.01491
15656	0.01540
15657	0.01651
15658	0.01709
15659	0.01617
15660	0.01529
15661	0.01527
15662	0.01437
15663	0.01149
15664	0.00744
15665	0.00306
15666	-0.00148
15667	-0.00628
15668	-0.01058
15669	-0.01309
15670	-0.01568
15671	-0.02223
15672	-0.02724
15673	-0.01636
15674	0.11339
15675	-0.04424
15676	-0.12096
15677	0.05966
15678	0.32051
15679	0.31329
15680	0.23103
15681	0.17189
15682	0.10577
15683	0.05513
15684	0.11492
15685	0.17267
15686	0.11686
15687	0.08809
15688	0.04939
15689	0.03923
15690	0.00129
15691	-0.08494
15692	-0.09364
15693	-0.08102
15694	-0.09360
15695	-0.16417
15696	-0.22165
15697	-0.22120
15698	-0.22214
15699	-0.20875
15700	-0.19663
15701	-0.25663
15702	-0.32299
15703	-0.30886
15704	-0.30545
15705	-0.31165
15706	-0.30527
15707	-0.28060
15708	-0.37438
15709	-0.44633
15710	-0.37513
15711	-0.37996
15712	-0.43828
15713	-0.48159
15714	-0.49391
15715	-0.54977
15716	-0.56808
15717	-0.55651
15718	-0.57736
15719	-0.62765
15720	-0.69182
15721	-0.70641
15722	-0.74101
15723	-0.76002
15724	-0.82218
15725	-0.87188
15726	-0.90403
15727	-0.99397
15728	-1.02777
15729	-1.03865
15730	-1.10868
15731	-1.15630
15732	-1.16411
15733	-1.23238
15734	-1.28195
15735	-1.30291
15736	-1.37869
15737	-1.42448
15738	-1.35385
15739	-1.29457
15740	-1.31203
15741	-1.29870
15742	-1.16518
15743	-1.03481
15744	-0.95228
15745	-0.77761
15746	-0.67724
15747	-0.64180
15748	-0.50425
15749	-0.34435
15750	-0.26864
15751	-0.19694
15752	-0.13921
15753	-0.13458
15754	-0.11161
15755	0.01900
15756	0.02920
15757	0.04141
15758	0.04352
15759	0.03211
15760	0.01600
15761	0.00451
15762	-0.00002
15763	0.00063
15764	0.00416
15765	0.00822
15766	0.01140
15767	0.01398
15768	0.01655
15769	0.01905
15770	0.02067
15771	0.01967
15772	0.01589
15773	0.01197
15774	0.01018
15775	0.01015
15776	0.01078
15777	0.01196
15778	0.01371
15779	0.01519
15780	0.01629
15781	0.01785
15782	0.01969
15783	0.02075
15784	0.02092
15785	0.02081
15786	0.01953
15787	0.01569
15788	0.01001
15789	0.00365
15790	-0.00299
15791	-0.00862
15792	-0.01243
15793	-0.01524
15794	-0.01771
15795	-0.01984
15796	-0.02047
15797	-0.01385
15798	0.02667
15799	0.00187
15800	-0.04655
15801	0.07470
15802	0.23432
15803	0.20994
15804	0.11848
15805	0.14037
15806	0.22218
15807	0.26152
15808	0.21293
15809	0.13250
15810	0.12702
15811	0.14339
15812	0.07646
15813	0.03404
15814	0.07243
15815	0.04449
15816	-0.06965
15817	-0.09850
15818	-0.08509
15819	-0.14859
15820	-0.20467
15821	-0.23275
15822	-0.25126
15823	-0.29103
15824	-0.32505
15825	-0.31255
15826	-0.31218
15827	-0.33126
15828	-0.38942
15829	-0.44298
15830	-0.46866
15831	-0.44974
15832	-0.37846
15833	-0.40363
15834	-0.47251
15835	-0.51505
15836	-0.53116
15837	-0.53885
15838	-0.56620
15839	-0.58278
15840	-0.58946
15841	-0.62799
15842	-0.66158
15843	-0.65843
15844	-0.67108
15845	-0.72029
15846	-0.74455
15847	-0.75699
15848	-0.81680
15849	-0.86561
15850	-0.86274
15851	-0.85712
15852	-0.86699
15853	-0.94089
15854	-0.99911
15855	-1.05070
15856	-1.11804
15857	-1.12630
15858	-1.11645
15859	-1.19659
15860	-1.26900
15861	-1.31509
15862	-1.35462
15863	-1.35537
15864	-1.32861
15865	-1.38271
15866	-1.52375
15867	-1.54753
15868	-1.45343
15869	-1.38382
15870	-1.37297
15871	-1.32191
15872	-1.24166
15873	-1.24809
15874	-1.16775
15875	-0.94921
15876	-0.84349
15877	-0.85437
15878	-0.73908
15879	-0.58612
15880	-0.50412
15881	-0.37900
15882	-0.25018
15883	-0.21230
15884	-0.20376
15885	-0.10397
15886	0.00259
15887	0.01963
15888	0.03308
15889	0.04366
15890	0.04125
15891	0.02836
15892	0.01485
15893	0.00618
15894	0.00222
15895	0.00171
15896	0.00346
15897	0.00642
15898	0.01016
15899	0.01378
15900	0.01603
15901	0.01743
15902	0.01807
15903	0.01638
15904	0.01380
15905	0.01315
15906	0.01316
15907	0.01222
15908	0.01154
15909	0.01214
15910	0.01361
15911	0.01530
15912	0.01707
15913	0.01891
15914	0.02032
15915	0.02080
15916	0.02040
15917	0.01901
15918	0.01612
15919	0.01190
15920	0.00668
15921	0.00040
15922	-0.00575
15923	-0.01004
15924	-0.01305
15925	-0.01820
15926	-0.02715
15927	-0.03203
15928	-0.01964
15929	0.05942
15930	-0.03583
15931	-0.06434
15932	0.08370
15933	0.26551
15934	0.28198
15935	0.18495
15936	0.10542
15937	0.07057
15938	-0.03079
15939	0.05256
15940	0.23838
15941	0.18906
15942	0.00258
15943	-0.06866
15944	-0.00534
15945	-0.04976
15946	-0.14735
15947	-0.17351
15948	-0.21837
15949	-0.26580
15950	-0.31710
15951	-0.31510
15952	-0.31357
15953	-0.37479
15954	-0.40339
15955	-0.46466
15956	-0.52981
15957	-0.53709
15958	-0.51745
15959	-0.52494
15960	-0.56268
15961	-0.55795
15962	-0.59376
15963	-0.61992
15964	-0.60766
15965	-0.58350
15966	-0.62924
15967	-0.72196
15968	-0.73620
15969	-0.75586
15970	-0.75223
15971	-0.71708
15972	-0.74397
15973	-0.83919
15974	-0.89217
15975	-0.94276
15976	-0.93980
15977	-0.91997
15978	-0.96066
15979	-1.01041
15980	-1.04597
15981	-1.09330
15982	-1.09056
15983	-1.05938
15984	-1.14346
15985	-1.22650
15986	-1.27034
15987	-1.33324
15988	-1.32227
15989	-1.35015
15990	-1.39709
15991	-1.45424
15992	-1.50824
15993	-1.53518
15994	-1.51554
15995	-1.54518
15996	-1.60070
15997	-1.54615
15998	-1.47887
15999	-1.46073
16000	-1.41560
16001	-1.33601
16002	-1.24864
16003	-1.17138
16004	-1.06940
16005	-0.91934
16006	-0.79610
16007	-0.75828
16008	-0.66124
16009	-0.49030
16010	-0.36520
16011	-0.27608
16012	-0.21287
16013	-0.19335
16014	-0.09819
16015	0.02628
16016	0.02407
16017	0.03640
16018	0.04275
16019	0.03654
16020	0.02312
16021	0.01129
16022	0.00440
16023	0.00172
16024	0.00194
16025	0.00379
16026	0.00681
16027	0.01040
16028	0.01377
16029	0.01771
16030	0.02128
16031	0.02088
16032	0.01655
16033	0.01135
16034	0.00741
16035	0.00628
16036	0.00757
16037	0.00940
16038	0.01167
16039	0.01474
16040	0.01746
16041	0.01913
16042	0.02031
16043	0.02142
16044	0.02170
16045	0.02034
16046	0.01828
16047	0.01621
16048	0.01305
16049	0.00851
16050	0.00322
16051	-0.00245
16052	-0.00774
16053	-0.01155
16054	-0.01379
16055	-0.01685
16056	-0.02266
16057	-0.02469
16058	-0.01200
16059	0.10535
16060	0.01133
16061	-0.08087
16062	0.09409
16063	0.26109
16064	0.20405
16065	0.17472
16066	0.21671
16067	0.16837
16068	0.04073
16069	0.06817
16070	0.16385
16071	0.12056
16072	0.06791
16073	0.05430
16074	0.01715
16075	-0.02709
16076	-0.06627
16077	-0.05507
16078	-0.08667
16079	-0.13367
16080	-0.16811
16081	-0.20582
16082	-0.22653
16083	-0.26361
16084	-0.24942
16085	-0.22437
16086	-0.28971
16087	-0.34737
16088	-0.33573
16089	-0.37538
16090	-0.40228
16091	-0.35283
16092	-0.38921
16093	-0.50435
16094	-0.50769
16095	-0.49993
16096	-0.52100
16097	-0.54248
16098	-0.53947
16099	-0.61209
16100	-0.69630
16101	-0.65982
16102	-0.65910
16103	-0.70997
16104	-0.74653
16105	-0.78895
16106	-0.83852
16107	-0.87286
16108	-0.87839
16109	-0.87759
16110	-0.92061
16111	-0.98437
16112	-1.01557
16113	-1.04543
16114	-1.09242
16115	-1.12132
16116	-1.16829
16117	-1.22980
16118	-1.27655
16119	-1.31114
16120	-1.35145
16121	-1.39379
16122	-1.40464
16123	-1.40168
16124	-1.47306
16125	-1.50830
16126	-1.43106
16127	-1.35585
16128	-1.39218
16129	-1.34304
16130	-1.19047
16131	-1.14478
16132	-1.06500
16133	-0.86371
16134	-0.73691
16135	-0.67435
16136	-0.53033
16137	-0.38098
16138	-0.30620
16139	-0.23690
16140	-0.14833
16141	-0.10511
16142	-0.06108
16143	0.01118
16144	0.01310
16145	0.02175
16146	0.03265
16147	0.03847
16148	0.03568
16149	0.02701
16150	0.01763
16151	0.01043
16152	0.00590
16153	0.00418
16154	0.00495
16155	0.00701
16156	0.00966
16157	0.01287
16158	0.01567
16159	0.01721
16160	0.01745
16161	0.01587
16162	0.01276
16163	0.01017
16164	0.00927
16165	0.00947
16166	0.01032
16167	0.01187
16168	0.01358
16169	0.01473
16170	0.01559
16171	0.01684
16172	0.01854
16173	0.01965
16174	0.01919
16175	0.01807
16176	0.01704
16177	0.01458
16178	0.00997
16179	0.00432
16180	-0.00171
16181	-0.00765
16182	-0.01242
16183	-0.01577
16184	-0.01852
16185	-0.02052
16186	-0.01961
16187	-0.01142
16188	0.03064
16189	-0.02563
16190	-0.00071
16191	0.16182
16192	0.27899
16193	0.27372
16194	0.21775
16195	0.20010
16196	0.18687
16197	0.14527
16198	0.13430
16199	0.20151
16200	0.22188
16201	0.10269
16202	0.07988
16203	0.11855
16204	0.08246
16205	0.02168
16206	-0.02607
16207	-0.04516
16208	-0.10531
16209	-0.11934
16210	-0.11228
16211	-0.15899
16212	-0.19563
16213	-0.21801
16214	-0.27029
16215	-0.33037
16216	-0.32669
16217	-0.34814
16218	-0.34572
16219	-0.35393
16220	-0.38239
16221	-0.39978
16222	-0.44506
16223	-0.43506
16224	-0.42446
16225	-0.41279
16226	-0.47826
16227	-0.52580
16228	-0.52571
16229	-0.55328
16230	-0.54358
16231	-0.54922
16232	-0.59973
16233	-0.66870
16234	-0.70589
16235	-0.71426
16236	-0.71295
16237	-0.71885
16238	-0.75396
16239	-0.81026
16240	-0.86541
16241	-0.89279
16242	-0.90681
16243	-0.94333
16244	-0.98183
16245	-1.06564
16246	-1.12976
16247	-1.16933
16248	-1.17568
16249	-1.17217
16250	-1.22168
16251	-1.29626
16252	-1.38093
16253	-1.34840
16254	-1.35145
16255	-1.41525
16256	-1.38880
16257	-1.37601
16258	-1.41251
16259	-1.39601
16260	-1.29232
16261	-1.19905
16262	-1.19690
16263	-1.13139
16264	-1.03275
16265	-0.94010
16266	-0.81604
16267	-0.72352
16268	-0.62348
16269	-0.54469
16270	-0.43923
16271	-0.34272
16272	-0.29194
16273	-0.20534
16274	-0.10185
16275	-0.00031
16276	0.01732
16277	0.01649
16278	0.03057
16279	0.04185
16280	0.04122
16281	0.03057
16282	0.01795
16283	0.00880
16284	0.00404
16285	0.00260
16286	0.00304
16287	0.00466
16288	0.00733
16289	0.01054
16290	0.01350
16291	0.01616
16292	0.01860
16293	0.01968
16294	0.01859
16295	0.01632
16296	0.01391
16297	0.01188
16298	0.01133
16299	0.01271
16300	0.01468
16301	0.01599
16302	0.01702
16303	0.01816
16304	0.01830
16305	0.01714
16306	0.01644
16307	0.01558
16308	0.01189
16309	0.00615
16310	0.00070
16311	-0.00363
16312	-0.00645
16313	-0.00809
16314	-0.00964
16315	-0.01179
16316	-0.01474
16317	-0.01752
16318	-0.01542
16319	-0.00359
16320	0.01864
16321	-0.06510
16322	0.01838
16323	0.23635
16324	0.32153
16325	0.27942
16326	0.30787
16327	0.27949
16328	0.09189
16329	0.00818
16330	0.15052
16331	0.25729
16332	0.22030
16333	0.12314
16334	0.04829
16335	0.07881
16336	0.04681
16337	-0.00591
16338	0.02383
16339	-0.03068
16340	-0.11277
16341	-0.11258
16342	-0.08649
16343	-0.12919
16344	-0.14830
16345	-0.12354
16346	-0.18686
16347	-0.26516
16348	-0.26749
16349	-0.25576
16350	-0.23970
16351	-0.19563
16352	-0.23345
16353	-0.31508
16354	-0.35982
16355	-0.33437
16356	-0.35438
16357	-0.39561
16358	-0.39005
16359	-0.46711
16360	-0.53756
16361	-0.52457
16362	-0.49278
16363	-0.48992
16364	-0.58228
16365	-0.66455
16366	-0.70501
16367	-0.70656
16368	-0.73784
16369	-0.73002
16370	-0.74737
16371	-0.83700
16372	-0.87216
16373	-0.86813
16374	-0.88210
16375	-0.91910
16376	-0.93772
16377	-0.99047
16378	-1.05187
16379	-1.07367
16380	-1.10681
16381	-1.15509
16382	-1.20281
16383	-1.25107
16384	-1.31770
16385	-1.33459
16386	-1.33757
16387	-1.35311
16388	-1.39470
16389	-1.38782
16390	-1.30113
16391	-1.30883
16392	-1.31977
16393	-1.25593
16394	-1.18828
16395	-1.11040
16396	-0.90699
16397	-0.72257
16398	-0.72165
16399	-0.67944
16400	-0.51740
16401	-0.39216
16402	-0.27097
16403	-0.22303
16404	-0.21496
16405	-0.18522
16406	-0.09908
16407	0.00821
16408	0.01117
16409	0.01547
16410	0.02434
16411	0.03181
16412	0.03362
16413	0.02985
16414	0.02321
16415	0.01663
16416	0.01148
16417	0.00804
16418	0.00680
16419	0.00754
16420	0.00931
16421	0.01111
16422	0.01200
16423	0.01225
16424	0.01287
16425	0.01358
16426	0.01353
16427	0.01279
16428	0.01214
16429	0.01185
16430	0.01176
16431	0.01234
16432	0.01392
16433	0.01567
16434	0.01694
16435	0.01804
16436	0.01904
16437	0.01916
16438	0.01837
16439	0.01821
16440	0.01854
16441	0.01717
16442	0.01365
16443	0.00844
16444	0.00133
16445	-0.00695
16446	-0.01436
16447	-0.01941
16448	-0.02210
16449	-0.02174
16450	-0.01586
16451	-0.00429
16452	0.00806
16453	-0.01103
16454	-0.08707
16455	-0.03209
16456	0.16666
16457	0.30256
16458	0.20264
16459	0.16403
16460	0.26370
16461	0.31007
16462	0.25629
16463	0.20762
16464	0.18839
16465	0.16716
16466	0.13524
16467	0.12163
16468	0.15190
16469	0.12343
16470	0.03050
16471	0.01544
16472	0.03045
16473	0.01910
16474	-0.04948
16475	-0.09498
16476	-0.13650
16477	-0.11494
16478	-0.07523
16479	-0.10526
16480	-0.14288
16481	-0.18939
16482	-0.19471
16483	-0.18699
16484	-0.15230
16485	-0.11853
16486	-0.21463
16487	-0.25066
16488	-0.22270
16489	-0.22137
16490	-0.20114
16491	-0.23033
16492	-0.31139
16493	-0.36956
16494	-0.37191
16495	-0.37860
16496	-0.39237
16497	-0.44232
16498	-0.47323
16499	-0.52238
16500	-0.56591
16501	-0.55462
16502	-0.55255
16503	-0.60566
16504	-0.64983
16505	-0.69152
16506	-0.76593
16507	-0.76627
16508	-0.78343
16509	-0.85288
16510	-0.91291
16511	-0.97805
16512	-1.03763
16513	-1.08678
16514	-1.09196
16515	-1.13053
16516	-1.22408
16517	-1.30472
16518	-1.33011
16519	-1.29881
16520	-1.36177
16521	-1.42886
16522	-1.34454
16523	-1.32926
16524	-1.36561
16525	-1.33256
16526	-1.21268
16527	-1.12346
16528	-1.03730
16529	-0.84644
16530	-0.72407
16531	-0.70435
16532	-0.56256
16533	-0.37052
16534	-0.25343
16535	-0.19973
16536	-0.12866
16537	-0.05102
16538	0.03158
16539	0.03658
16540	0.03002
16541	0.01720
16542	0.00835
16543	0.00662
16544	0.00857
16545	0.01029
16546	0.00984
16547	0.00816
16548	0.00718
16549	0.00695
16550	0.00735
16551	0.00974
16552	0.01413
16553	0.01793
16554	0.01891
16555	0.01767
16556	0.01494
16557	0.01082
16558	0.00820
16559	0.00922
16560	0.01092
16561	0.01132
16562	0.01237
16563	0.01461
16564	0.01635
16565	0.01712
16566	0.01746
16567	0.01742
16568	0.01713
16569	0.01723
16570	0.01784
16571	0.01778
16572	0.01658
16573	0.01549
16574	0.01489
16575	0.01436
16576	0.01419
16577	0.01446
16578	0.01371
16579	0.00957
16580	0.00150
16581	-0.00807
16582	-0.01575
16583	-0.01888
16584	-0.01645
16585	-0.01008
16586	-0.00340
16587	0.00182
16588	0.00846
16589	0.01706
16590	0.01970
16591	-0.00754
16592	-0.03923
16593	0.02701
16594	0.18576
16595	0.23642
16596	0.16432
16597	0.13540
16598	0.16783
16599	0.19008
16600	0.20188
16601	0.17442
16602	0.10438
16603	0.03784
16604	0.04419
16605	0.06357
16606	0.01744
16607	-0.00962
16608	-0.06003
16609	-0.09714
16610	-0.14153
16611	-0.18957
16612	-0.21604
16613	-0.26539
16614	-0.32113
16615	-0.34255
16616	-0.37872
16617	-0.39297
16618	-0.41430
16619	-0.45491
16620	-0.49327
16621	-0.50167
16622	-0.47986
16623	-0.49219
16624	-0.51157
16625	-0.51680
16626	-0.53795
16627	-0.54160
16628	-0.55172
16629	-0.54777
16630	-0.56878
16631	-0.61287
16632	-0.63679
16633	-0.65189
16634	-0.64887
16635	-0.67106
16636	-0.70228
16637	-0.74169
16638	-0.78989
16639	-0.81671
16640	-0.81620
16641	-0.80685
16642	-0.83897
16643	-0.89842
16644	-0.91088
16645	-0.95431
16646	-0.98545
16647	-0.99944
16648	-1.05140
16649	-1.13656
16650	-1.20937
16651	-1.23189
16652	-1.26800
16653	-1.29273
16654	-1.34922
16655	-1.42595
16656	-1.45231
16657	-1.49971
16658	-1.50709
16659	-1.45322
16660	-1.39083
16661	-1.38019
16662	-1.36047
16663	-1.22048
16664	-1.05742
16665	-0.96738
16666	-0.87690
16667	-0.73320
16668	-0.56121
16669	-0.47344
16670	-0.38663
16671	-0.23023
16672	-0.14906
16673	-0.10198
16674	-0.05575
16675	0.01370
16676	0.01779
16677	0.03027
16678	0.04323
16679	0.04530
16680	0.03500
16681	0.02069
16682	0.00983
16683	0.00407
16684	0.00312
16685	0.00620
16686	0.01030
16687	0.01267
16688	0.01422
16689	0.01629
16690	0.01783
16691	0.01815
16692	0.01751
16693	0.01586
16694	0.01385
16695	0.01243
16696	0.01231
16697	0.01363
16698	0.01542
16699	0.01715
16700	0.01921
16701	0.02076
16702	0.02019
16703	0.01784
16704	0.01559
16705	0.01323
16706	0.00920
16707	0.00455
16708	0.00108
16709	-0.00207
16710	-0.00646
16711	-0.01116
16712	-0.01457
16713	-0.01845
16714	-0.02504
16715	-0.02675
16716	-0.01142
16717	0.10907
16718	-0.00139
16719	-0.05293
16720	0.12645
16721	0.31944
16722	0.29250
16723	0.23753
16724	0.30320
16725	0.19907
16726	0.04861
16727	0.05261
16728	0.15963
16729	0.20021
16730	0.11930
16731	0.05590
16732	0.06474
16733	0.02109
16734	-0.08398
16735	-0.04486
16736	-0.00599
16737	-0.13716
16738	-0.19405
16739	-0.19843
16740	-0.26254
16741	-0.28136
16742	-0.24850
16743	-0.27692
16744	-0.36007
16745	-0.40350
16746	-0.42366
16747	-0.43243
16748	-0.40603
16749	-0.41224
16750	-0.46399
16751	-0.58041
16752	-0.62416
16753	-0.56338
16754	-0.55976
16755	-0.59674
16756	-0.65734
16757	-0.74592
16758	-0.80134
16759	-0.76801
16760	-0.74787
16761	-0.75779
16762	-0.85052
16763	-0.94619
16764	-0.96496
16765	-0.94835
16766	-0.93819
16767	-0.95804
16768	-1.02314
16769	-1.10618
16770	-1.14821
16771	-1.16476
16772	-1.18811
16773	-1.19989
16774	-1.27820
16775	-1.35948
16776	-1.40826
16777	-1.41450
16778	-1.42457
16779	-1.47007
16780	-1.48446
16781	-1.49106
16782	-1.52301
16783	-1.53793
16784	-1.51976
16785	-1.46745
16786	-1.42362
16787	-1.42009
16788	-1.38591
16789	-1.32018
16790	-1.26229
16791	-1.18168
16792	-0.98072
16793	-0.81883
16794	-0.76570
16795	-0.69261
16796	-0.53877
16797	-0.39904
16798	-0.29003
16799	-0.19937
16800	-0.13340
16801	-0.09560
16802	-0.04833
16803	0.02579
16804	0.04030
16805	0.04611
16806	0.03726
16807	0.02131
16808	0.00832
16809	0.00165
16810	-0.00002
16811	0.00109
16812	0.00376
16813	0.00770
16814	0.01141
16815	0.01352
16816	0.01553
16817	0.01808
16818	0.01839
16819	0.01572
16820	0.01256
16821	0.01064
16822	0.01035
16823	0.01086
16824	0.01122
16825	0.01226
16826	0.01452
16827	0.01626
16828	0.01698
16829	0.01827
16830	0.02005
16831	0.02055
16832	0.01981
16833	0.01958
16834	0.01904
16835	0.01615
16836	0.01148
16837	0.00595
16838	-0.00007
16839	-0.00520
16840	-0.00903
16841	-0.01409
16842	-0.02419
16843	-0.03574
16844	-0.03344
16845	0.06203
16846	-0.01012
16847	-0.08507
16848	0.00406
16849	0.25447
16850	0.39731
16851	0.22808
16852	0.11548
16853	0.24029
16854	0.34130
16855	0.27293
16856	0.18911
16857	0.16933
16858	0.13515
16859	0.12158
16860	0.12586
16861	0.17419
16862	0.10929
16863	0.00120
16864	0.02301
16865	-0.01470
16866	-0.06820
16867	-0.05926
16868	-0.04200
16869	-0.11436
16870	-0.17153
16871	-0.15714
16872	-0.18651
16873	-0.20339
16874	-0.25988
16875	-0.26749
16876	-0.27231
16877	-0.33250
16878	-0.32919
16879	-0.34303
16880	-0.39818
16881	-0.39052
16882	-0.37427
16883	-0.42700
16884	-0.46412
16885	-0.48141
16886	-0.51736
16887	-0.51481
16888	-0.51204
16889	-0.54944
16890	-0.61080
16891	-0.66970
16892	-0.69993
16893	-0.69893
16894	-0.70769
16895	-0.75279
16896	-0.80196
16897	-0.88519
16898	-0.87224
16899	-0.83700
16900	-0.92062
16901	-0.95785
16902	-0.98018
16903	-1.04103
16904	-1.10929
16905	-1.07589
16906	-1.04702
16907	-1.12717
16908	-1.19773
16909	-1.25144
16910	-1.27826
16911	-1.32629
16912	-1.35719
16913	-1.38959
16914	-1.45360
16915	-1.47292
16916	-1.48082
16917	-1.45762
16918	-1.44763
16919	-1.38536
16920	-1.33708
16921	-1.35882
16922	-1.28565
16923	-1.12874
16924	-0.97643
16925	-0.93096
16926	-0.85620
16927	-0.74591
16928	-0.70011
16929	-0.57096
16930	-0.41842
16931	-0.32940
16932	-0.28844
16933	-0.19765
16934	-0.06759
16935	-0.03210
16936	-0.00013
16937	0.03096
16938	0.04380
16939	0.04219
16940	0.02844
16941	0.01443
16942	0.00638
16943	0.00376
16944	0.00416
16945	0.00546
16946	0.00681
16947	0.00885
16948	0.01200
16949	0.01506
16950	0.01716
16951	0.01811
16952	0.01723
16953	0.01555
16954	0.01525
16955	0.01546
16956	0.01496
16957	0.01501
16958	0.01579
16959	0.01612
16960	0.01622
16961	0.01696
16962	0.01823
16963	0.01870
16964	0.01741
16965	0.01574
16966	0.01441
16967	0.01212
16968	0.00887
16969	0.00524
16970	0.00091
16971	-0.00382
16972	-0.00813
16973	-0.01155
16974	-0.01429
16975	-0.01833
16976	-0.02387
16977	-0.02228
16978	0.05521
16979	0.00950
16980	-0.09940
16981	-0.00353
16982	0.25755
16983	0.37420
16984	0.26942
16985	0.20625
16986	0.14622
16987	0.03932
16988	0.11512
16989	0.20841
16990	0.16903
16991	0.09882
16992	0.04317
16993	0.01115
16994	0.05082
16995	0.01112
16996	-0.08148
16997	-0.11071
16998	-0.14781
16999	-0.16389
17000	-0.15452
17001	-0.13802
17002	-0.20947
17003	-0.26173
17004	-0.24855
17005	-0.27010
17006	-0.33246
17007	-0.33034
17008	-0.30612
17009	-0.34238
17010	-0.34359
17011	-0.34741
17012	-0.40353
17013	-0.43548
17014	-0.43315
17015	-0.44333
17016	-0.48006
17017	-0.50662
17018	-0.55063
17019	-0.57596
17020	-0.54131
17021	-0.57068
17022	-0.64990
17023	-0.69684
17024	-0.74282
17025	-0.78296
17026	-0.78782
17027	-0.76249
17028	-0.83043
17029	-0.92125
17030	-0.95951
17031	-0.97511
17032	-0.97547
17033	-1.00677
17034	-1.05339
17035	-1.14118
17036	-1.20365
17037	-1.21721
17038	-1.23942
17039	-1.26234
17040	-1.32759
17041	-1.42020
17042	-1.50822
17043	-1.50951
17044	-1.48532
17045	-1.48649
17046	-1.45537
17047	-1.45520
17048	-1.40993
17049	-1.37597
17050	-1.28459
17051	-1.17456
17052	-1.14999
17053	-1.03719
17054	-0.87606
17055	-0.70122
17056	-0.61323
17057	-0.52745
17058	-0.37293
17059	-0.27313
17060	-0.21156
17061	-0.15505
17062	-0.09522
17063	-0.05331
17064	0.01417
17065	0.02361
17066	0.03712
17067	0.04306
17068	0.03665
17069	0.02400
17070	0.01304
17071	0.00586
17072	0.00188
17073	0.00158
17074	0.00414
17075	0.00732
17076	0.01052
17077	0.01394
17078	0.01640
17079	0.01720
17080	0.01736
17081	0.01694
17082	0.01514
17083	0.01301
17084	0.01202
17085	0.01212
17086	0.01277
17087	0.01380
17088	0.01491
17089	0.01590
17090	0.01695
17091	0.01788
17092	0.01828
17093	0.01825
17094	0.01845
17095	0.01883
17096	0.01813
17097	0.01534
17098	0.01015
17099	0.00254
17100	-0.00639
17101	-0.01427
17102	-0.01926
17103	-0.02266
17104	-0.02741
17105	-0.02941
17106	-0.01704
17107	0.07988
17108	-0.00331
17109	-0.05692
17110	0.05047
17111	0.24485
17112	0.25239
17113	0.19108
17114	0.18126
17115	0.20148
17116	0.14445
17117	0.06869
17118	0.16781
17119	0.17965
17120	0.08076
17121	0.01042
17122	0.01103
17123	0.00501
17124	-0.10829
17125	-0.17262
17126	-0.15888
17127	-0.19612
17128	-0.25835
17129	-0.29800
17130	-0.34067
17131	-0.36702
17132	-0.37420
17133	-0.35600
17134	-0.38494
17135	-0.41576
17136	-0.43424
17137	-0.43640
17138	-0.41334
17139	-0.41597
17140	-0.40723
17141	-0.43473
17142	-0.46947
17143	-0.45555
17144	-0.45532
17145	-0.45484
17146	-0.46963
17147	-0.50296
17148	-0.54435
17149	-0.57792
17150	-0.56608
17151	-0.60551
17152	-0.60407
17153	-0.65047
17154	-0.73238
17155	-0.72466
17156	-0.74482
17157	-0.77584
17158	-0.81020
17159	-0.83456
17160	-0.88303
17161	-0.94728
17162	-0.99134
17163	-1.04569
17164	-1.10682
17165	-1.17588
17166	-1.23587
17167	-1.29120
17168	-1.34197
17169	-1.42351
17170	-1.44959
17171	-1.45144
17172	-1.46738
17173	-1.51152
17174	-1.56564
17175	-1.54462
17176	-1.49288
17177	-1.43718
17178	-1.37268
17179	-1.30866
17180	-1.30376
17181	-1.23091
17182	-1.09844
17183	-0.93322
17184	-0.80243
17185	-0.77730
17186	-0.69722
17187	-0.55717
17188	-0.39472
17189	-0.30597
17190	-0.25584
17191	-0.15405
17192	-0.10461
17193	-0.03297
17194	0.02274
17195	0.03698
17196	0.04396
17197	0.03756
17198	0.02423
17199	0.01255
17200	0.00571
17201	0.00319
17202	0.00368
17203	0.00598
17204	0.00892
17205	0.01186
17206	0.01504
17207	0.01762
17208	0.01800
17209	0.01656
17210	0.01461
17211	0.01318
17212	0.01317
17213	0.01413
17214	0.01458
17215	0.01444
17216	0.01505
17217	0.01639
17218	0.01743
17219	0.01827
17220	0.01892
17221	0.01918
17222	0.01955
17223	0.01914
17224	0.01614
17225	0.01128
17226	0.00629
17227	0.00087
17228	-0.00555
17229	-0.01196
17230	-0.01726
17231	-0.02115
17232	-0.02390
17233	-0.02400
17234	-0.01475
17235	0.08029
17236	0.01257
17237	-0.10388
17238	-0.00797
17239	0.26782
17240	0.33148
17241	0.20946
17242	0.25176
17243	0.29955
17244	0.22813
17245	0.07712
17246	0.09977
17247	0.21365
17248	0.20207
17249	0.12303
17250	0.04517
17251	0.05352
17252	0.04526
17253	-0.00195
17254	-0.00307
17255	-0.05925
17256	-0.16602
17257	-0.24096
17258	-0.21954
17259	-0.21811
17260	-0.22993
17261	-0.19461
17262	-0.26213
17263	-0.35543
17264	-0.36561
17265	-0.31874
17266	-0.34064
17267	-0.33681
17268	-0.34720
17269	-0.43537
17270	-0.47032
17271	-0.45132
17272	-0.40943
17273	-0.41397
17274	-0.47827
17275	-0.55866
17276	-0.60066
17277	-0.60000
17278	-0.56011
17279	-0.58021
17280	-0.64099
17281	-0.69863
17282	-0.77852
17283	-0.79466
17284	-0.76218
17285	-0.74449
17286	-0.80180
17287	-0.88110
17288	-0.94244
17289	-0.98246
17290	-0.96529
17291	-0.98804
17292	-1.03800
17293	-1.11238
17294	-1.21858
17295	-1.24270
17296	-1.23490
17297	-1.27646
17298	-1.33627
17299	-1.38446
17300	-1.44273
17301	-1.47042
17302	-1.48282
17303	-1.48761
17304	-1.51338
17305	-1.51192
17306	-1.49720
17307	-1.44652
17308	-1.36355
17309	-1.33248
17310	-1.25350
17311	-1.17390
17312	-1.08393
17313	-0.97220
17314	-0.95135
17315	-0.90413
17316	-0.78222
17317	-0.69511
17318	-0.59728
17319	-0.50876
17320	-0.44226
17321	-0.36258
17322	-0.21633
17323	-0.07227
17324	-0.00892
17325	0.02428
17326	0.03409
17327	0.04751
17328	0.04411
17329	0.02824
17330	0.01389
17331	0.00702
17332	0.00525
17333	0.00590
17334	0.00806
17335	0.01087
17336	0.01395
17337	0.01692
17338	0.01827
17339	0.01742
17340	0.01522
17341	0.01247
17342	0.01049
17343	0.01079
17344	0.01286
17345	0.01480
17346	0.01584
17347	0.01632
17348	0.01667
17349	0.01701
17350	0.01680
17351	0.01622
17352	0.01673
17353	0.01861
17354	0.01930
17355	0.01608
17356	0.00934
17357	0.00140
17358	-0.00590
17359	-0.01096
17360	-0.01344
17361	-0.01606
17362	-0.02263
17363	-0.02935
17364	-0.02207
17365	0.03254
17366	0.01688
17367	-0.04635
17368	0.07010
17369	0.28694
17370	0.26701
17371	0.14654
17372	0.20540
17373	0.34125
17374	0.32458
17375	0.21675
17376	0.13742
17377	0.16687
17378	0.22933
17379	0.16709
17380	0.15073
17381	0.14675
17382	0.05806
17383	0.01235
17384	0.05278
17385	0.03692
17386	-0.02635
17387	-0.00971
17388	-0.01600
17389	-0.07343
17390	-0.10734
17391	-0.08342
17392	-0.08770
17393	-0.13272
17394	-0.16104
17395	-0.15204
17396	-0.18315
17397	-0.21561
17398	-0.16719
17399	-0.16539
17400	-0.22622
17401	-0.22917
17402	-0.22710
17403	-0.26176
17404	-0.29607
17405	-0.27854
17406	-0.27922
17407	-0.33645
17408	-0.38273
17409	-0.37873
17410	-0.42384
17411	-0.47313
17412	-0.47749
17413	-0.46157
17414	-0.50330
17415	-0.58771
17416	-0.63225
17417	-0.65505
17418	-0.69959
17419	-0.75288
17420	-0.79198
17421	-0.87556
17422	-0.96939
17423	-1.00259
17424	-1.02729
17425	-1.07778
17426	-1.16626
17427	-1.25526
17428	-1.33211
17429	-1.37154
17430	-1.38386
17431	-1.43623
17432	-1.45131
17433	-1.44810
17434	-1.45624
17435	-1.43506
17436	-1.34340
17437	-1.28237
17438	-1.26471
17439	-1.19861
17440	-1.08575
17441	-0.97573
17442	-0.90766
17443	-0.82280
17444	-0.73581
17445	-0.62278
17446	-0.49898
17447	-0.40390
17448	-0.30863
17449	-0.22195
17450	-0.11238
17451	-0.01845
17452	0.02729
17453	0.04066
17454	0.04355
17455	0.03181
17456	0.01698
17457	0.00834
17458	0.00524
17459	0.00486
17460	0.00606
17461	0.00790
17462	0.00991
17463	0.01263
17464	0.01615
17465	0.01900
17466	0.01985
17467	0.01888
17468	0.01631
17469	0.01258
17470	0.00958
17471	0.00894
17472	0.01040
17473	0.01256
17474	0.01421
17475	0.01549
17476	0.01714
17477	0.01910
17478	0.02088
17479	0.02213
17480	0.02291
17481	0.02312
17482	0.02143
17483	0.01714
17484	0.01154
17485	0.00530
17486	-0.00233
17487	-0.01071
17488	-0.01766
17489	-0.02373
17490	-0.03046
17491	-0.03057
17492	-0.01300
17493	0.10055
17494	-0.02386
17495	-0.04510
17496	0.19064
17497	0.32738
17498	0.15370
17499	0.13716
17500	0.30310
17501	0.39577
17502	0.42626
17503	0.36252
17504	0.21709
17505	0.17672
17506	0.23934
17507	0.19719
17508	0.22579
17509	0.26868
17510	0.15873
17511	0.15527
17512	0.20994
17513	0.17609
17514	0.11717
17515	0.09133
17516	0.10324
17517	0.08081
17518	0.08913
17519	0.11042
17520	0.09357
17521	0.07183
17522	0.09005
17523	0.08552
17524	0.05853
17525	0.09521
17526	0.09184
17527	0.05629
17528	0.06717
17529	0.05377
17530	0.06315
17531	0.10619
17532	0.10848
17533	0.07524
17534	0.07320
17535	0.02981
17536	0.02320
17537	0.08261
17538	0.06138
17539	-0.01349
17540	-0.01128
17541	-0.01284
17542	-0.02045
17543	0.02635
17544	0.01115
17545	-0.01561
17546	-0.03665
17547	-0.04876
17548	-0.03397
17549	-0.03694
17550	-0.04503
17551	-0.06086
17552	-0.07604
17553	-0.09263
17554	-0.09496
17555	-0.09840
17556	-0.11817
17557	-0.14054
17558	-0.19091
17559	-0.22980
17560	-0.21027
17561	-0.19451
17562	-0.20072
17563	-0.16276
17564	-0.20689
17565	-0.26387
17566	-0.17732
17567	-0.15257
17568	-0.25212
17569	-0.29785
17570	-0.26702
17571	-0.25227
17572	-0.24938
17573	-0.22001
17574	-0.25005
17575	-0.31855
17576	-0.33207
17577	-0.33115
17578	-0.39407
17579	-0.49042
17580	-0.54265
17581	-0.53939
17582	-0.53978
17583	-0.52311
17584	-0.50834
17585	-0.53536
17586	-0.57350
17587	-0.59807
17588	-0.56527
17589	-0.51119
17590	-0.46649
17591	-0.41063
17592	-0.34969
17593	-0.28492
17594	-0.21354
17595	-0.14657
17596	-0.11365
17597	-0.08148
17598	-0.00150
17599	0.01907
17600	0.02185
17601	0.01738
17602	0.01018
17603	0.00737
17604	0.00854
17605	0.00925
17606	0.00797
17607	0.00625
17608	0.00569
17609	0.00684
17610	0.00916
17611	0.01110
17612	0.01124
17613	0.00974
17614	0.00830
17615	0.00815
17616	0.00853
17617	0.00867
17618	0.00898
17619	0.00940
17620	0.00939
17621	0.00927
17622	0.00936
17623	0.00938
17624	0.00949
17625	0.01012
17626	0.01074
17627	0.01018
17628	0.00804
17629	0.00592
17630	0.00604
17631	0.00750
17632	0.00782
17633	0.00744
17634	0.00776
17635	0.00830
17636	0.00839
17637	0.00851
17638	0.00879
17639	0.00782
17640	0.00480
17641	0.00261
17642	0.00616
17643	0.01518
17644	-0.00647
17645	-0.05242
17646	-0.01069
17647	0.05129
17648	-0.00617
17649	-0.08556
17650	-0.10454
17651	-0.10530
17652	-0.11129
17653	-0.12275
17654	-0.10935
17655	-0.08860
17656	-0.09736
17657	-0.11768
17658	-0.12332
17659	-0.13088
17660	-0.15210
17661	-0.17312
17662	-0.19662
17663	-0.22748
17664	-0.23984
17665	-0.23593
17666	-0.26685
17667	-0.30088
17668	-0.32206
17669	-0.33754
17670	-0.36684
17671	-0.38422
17672	-0.37020
17673	-0.37881
17674	-0.38548
17675	-0.38330
17676	-0.40293
17677	-0.42142
17678	-0.42437
17679	-0.42555
17680	-0.42500
17681	-0.41744
17682	-0.40682
17683	-0.41292
17684	-0.41518
17685	-0.38851
17686	-0.36591
17687	-0.34654
17688	-0.32955
17689	-0.33658
17690	-0.37034
17691	-0.36620
17692	-0.27276
17693	-0.19661
17694	-0.23262
17695	-0.30214
17696	-0.26950
17697	-0.15723
17698	-0.15502
17699	-0.20586
17700	-0.21173
17701	-0.22648
17702	-0.22239
17703	-0.17897
17704	-0.17374
17705	-0.22087
17706	-0.26406
17707	-0.27651
17708	-0.27476
17709	-0.26166
17710	-0.26465
17711	-0.29867
17712	-0.32082
17713	-0.31507
17714	-0.28108
17715	-0.29643
17716	-0.33320
17717	-0.31959
17718	-0.32051
17719	-0.34621
17720	-0.33989
17721	-0.33189
17722	-0.34274
17723	-0.35911
17724	-0.36658
17725	-0.36474
17726	-0.35802
17727	-0.35619
17728	-0.36435
17729	-0.34706
17730	-0.34214
17731	-0.35617
17732	-0.34769
17733	-0.34920
17734	-0.35407
17735	-0.34596
17736	-0.33813
17737	-0.33643
17738	-0.35000
17739	-0.35651
17740	-0.34976
17741	-0.33221
17742	-0.32685
17743	-0.34618
17744	-0.36769
17745	-0.35656
17746	-0.31694
17747	-0.30467
17748	-0.31664
17749	-0.33835
17750	-0.35657
17751	-0.33497
17752	-0.28476
17753	-0.27576
17754	-0.30562
17755	-0.32253
17756	-0.31254
17757	-0.26955
17758	-0.23796
17759	-0.26375
17760	-0.31883
17761	-0.33008
17762	-0.28932
17763	-0.26019
17764	-0.25564
17765	-0.27488
17766	-0.29981
17767	-0.28521
17768	-0.24542
17769	-0.22893
17770	-0.25580
17771	-0.28504
17772	-0.27768
17773	-0.24566
17774	-0.21675
17775	-0.22187
17776	-0.25512
17777	-0.26404
17778	-0.24521
17779	-0.24001
17780	-0.25787
17781	-0.27224
17782	-0.27397
17783	-0.26901
17784	-0.24921
17785	-0.24629
17786	-0.26655
17787	-0.28601
17788	-0.29104
17789	-0.28392
17790	-0.28418
17791	-0.29847
17792	-0.30784
17793	-0.31339
17794	-0.32229
17795	-0.31315
17796	-0.31078
17797	-0.32461
17798	-0.32662
17799	-0.33055
17800	-0.34259
17801	-0.34287
17802	-0.34276
17803	-0.36000
17804	-0.36517
17805	-0.36442
17806	-0.36589
17807	-0.36749
17808	-0.38103
17809	-0.38420
17810	-0.37939
17811	-0.39249
17812	-0.38884
17813	-0.38053
17814	-0.40549
17815	-0.42113
17816	-0.40794
17817	-0.40613
17818	-0.40498
17819	-0.39999
17820	-0.42552
17821	-0.44657
17822	-0.42198
17823	-0.42375
17824	-0.42071
17825	-0.42471
17826	-0.44513
17827	-0.43747
17828	-0.42186
17829	-0.42200
17830	-0.43635
17831	-0.45263
17832	-0.46279
17833	-0.44311
17834	-0.41589
17835	-0.42608
17836	-0.43801
17837	-0.44117
17838	-0.43519
17839	-0.42459
17840	-0.43090
17841	-0.44126
17842	-0.44281
17843	
17844	