1	
2	
3	0.00023
4	0.00016
5	-0.00004
6	0.00016
7	0.00026
8	-0.00018
9	-0.00077
10	-0.00100
11	-0.00090
12	-0.00070
13	-0.00052
14	-0.00020
15	0.00016
16	0.00014
17	-0.00016
18	-0.00040
19	-0.00057
20	-0.00057
21	-0.00019
22	0.00005
23	0.00021
24	0.00005
25	-0.00028
26	-0.00052
27	-0.00013
28	0.00035
29	0.00056
30	0.00021
31	-0.00053
32	-0.00127
33	-0.00128
34	-0.00118
35	-0.00117
36	-0.00142
37	-0.00083
38	0.00069
39	0.00140
40	0.00013
41	-0.00135
42	-0.00089
43	0.00061
44	0.00067
45	-0.00023
46	-0.00017
47	0.00023
48	-0.00013
49	-0.00055
50	-0.00019
51	0.00044
52	0.00044
53	-0.00008
54	-0.00029
55	0.00023
56	0.00075
57	0.00049
58	-0.00003
59	0.00001
60	0.00036
61	0.00051
62	0.00016
63	0.00025
64	-0.00029
65	-0.00073
66	-0.00051
67	-0.00003
68	0.00003
69	-0.00024
70	-0.00023
71	0.00012
72	0.00014
73	-0.00034
74	-0.00051
75	-0.00044
76	-0.00048
77	-0.00046
78	-0.00004
79	0.00023
80	0.00002
81	0.00020
82	0.00034
83	0.00043
84	0.00024
85	0.00026
86	0.00079
87	0.00116
88	0.00095
89	0.00037
90	0.00030
91	0.00031
92	0.00007
93	-0.00038
94	-0.00044
95	-0.00021
96	-0.00010
97	-0.00017
98	-0.00013
99	0.00003
100	0.00003
101	-0.00022
102	-0.00046
103	-0.00017
104	-0.00029
105	-0.00059
106	-0.00087
107	-0.00071
108	-0.00035
109	-0.00014
110	-0.00028
111	-0.00063
112	-0.00074
113	-0.00034
114	0.00007
115	0.00015
116	0.00003
117	-0.00020
118	-0.00049
119	-0.00038
120	-0.00028
121	-0.00027
122	-0.00025
123	0.00014
124	0.00042
125	0.00023
126	-0.00006
127	-0.00012
128	-0.00006
129	0.00017
130	0.00062
131	0.00099
132	0.00086
133	0.00045
134	0.00031
135	0.00046
136	0.00089
137	0.00128
138	0.00110
139	0.00048
140	0.00003
141	-0.00006
142	0.00013
143	0.00040
144	0.00045
145	0.00021
146	-0.00005
147	-0.00013
148	-0.00003
149	0.00062
150	0.00193
151	0.00286
152	0.00245
153	0.00107
154	-0.00027
155	-0.00126
156	-0.00115
157	0.00005
158	0.00077
159	0.00026
160	-0.00043
161	-0.00004
162	0.00059
163	0.00047
164	-0.00024
165	-0.00081
166	-0.00124
167	-0.00143
168	-0.00078
169	0.00029
170	0.00081
171	0.00100
172	0.00102
173	0.00126
174	0.00075
175	0.00002
176	-0.00065
177	-0.00072
178	-0.00007
179	0.00054
180	0.00045
181	-0.00013
182	-0.00041
183	-0.00029
184	-0.00000
185	0.00003
186	-0.00021
187	-0.00027
188	-0.00027
189	-0.00076
190	-0.00144
191	-0.00155
192	-0.00067
193	0.00045
194	0.00056
195	-0.00031
196	-0.00096
197	-0.00136
198	-0.00171
199	-0.00110
200	-0.00040
201	-0.00082
202	-0.00161
203	-0.00223
204	-0.00243
205	-0.00206
206	-0.00143
207	-0.00125
208	-0.00124
209	-0.00114
210	-0.00127
211	-0.00218
212	-0.00327
213	-0.00352
214	-0.00278
215	-0.00165
216	-0.00072
217	-0.00083
218	-0.00171
219	-0.00234
220	-0.00185
221	-0.00105
222	-0.00038
223	-0.00010
224	-0.00002
225	0.00013
226	0.00024
227	0.00014
228	0.00009
229	0.00029
230	0.00069
231	0.00083
232	0.00085
233	0.00101
234	0.00106
235	0.00059
236	-0.00024
237	-0.00025
238	0.00069
239	0.00167
240	0.00197
241	0.00149
242	0.00060
243	0.00020
244	0.00047
245	0.00096
246	0.00121
247	0.00092
248	0.00037
249	0.00018
250	0.00030
251	0.00012
252	-0.00015
253	0.00016
254	0.00085
255	0.00107
256	0.00072
257	0.00066
258	0.00167
259	0.00322
260	0.00299
261	0.00112
262	-0.00016
263	0.00002
264	0.00062
265	0.00080
266	0.00086
267	0.00096
268	0.00083
269	0.00054
270	0.00056
271	0.00113
272	0.00130
273	0.00050
274	-0.00004
275	0.00074
276	0.00250
277	0.00304
278	0.00108
279	-0.00138
280	-0.00156
281	0.00055
282	0.00282
283	0.00352
284	0.00266
285	0.00161
286	0.00137
287	0.00173
288	0.00173
289	0.00160
290	0.00194
291	0.00173
292	0.00025
293	-0.00074
294	-0.00023
295	0.00051
296	0.00166
297	0.00265
298	0.00198
299	-0.00018
300	-0.00167
301	-0.00166
302	-0.00105
303	-0.00075
304	-0.00057
305	-0.00028
306	-0.00014
307	-0.00043
308	-0.00078
309	-0.00086
310	-0.00103
311	-0.00067
312	-0.00078
313	-0.00101
314	-0.00050
315	0.00082
316	0.00148
317	0.00052
318	-0.00114
319	-0.00162
320	-0.00104
321	-0.00086
322	-0.00112
323	-0.00090
324	-0.00022
325	0.00021
326	-0.00019
327	-0.00104
328	-0.00142
329	-0.00108
330	-0.00063
331	-0.00045
332	-0.00018
333	0.00036
334	0.00045
335	-0.00037
336	-0.00150
337	-0.00186
338	-0.00122
339	0.00002
340	0.00107
341	0.00076
342	-0.00039
343	-0.00066
344	0.00038
345	0.00108
346	0.00063
347	0.00001
348	0.00000
349	0.00012
350	-0.00004
351	-0.00015
352	0.00039
353	0.00066
354	0.00012
355	-0.00015
356	0.00030
357	0.00072
358	0.00069
359	0.00051
360	0.00057
361	0.00077
362	0.00075
363	0.00053
364	0.00026
365	0.00003
366	0.00014
367	0.00077
368	0.00126
369	0.00102
370	0.00069
371	0.00097
372	0.00120
373	0.00120
374	0.00138
375	0.00172
376	0.00154
377	0.00123
378	0.00137
379	0.00131
380	0.00094
381	0.00094
382	0.00111
383	0.00109
384	0.00120
385	0.00140
386	0.00121
387	0.00104
388	0.00126
389	0.00136
390	0.00114
391	0.00095
392	0.00089
393	0.00076
394	0.00073
395	0.00091
396	0.00101
397	0.00067
398	0.00026
399	0.00023
400	0.00047
401	0.00040
402	-0.00019
403	-0.00068
404	-0.00032
405	0.00073
406	0.00136
407	0.00103
408	0.00062
409	0.00053
410	0.00073
411	0.00129
412	0.00126
413	0.00042
414	0.00081
415	0.00245
416	0.00192
417	-0.00083
418	-0.00179
419	-0.00029
420	0.00031
421	-0.00077
422	-0.00146
423	-0.00110
424	-0.00057
425	-0.00036
426	-0.00046
427	-0.00019
428	0.00105
429	0.00193
430	0.00104
431	-0.00047
432	-0.00093
433	-0.00091
434	-0.00128
435	-0.00132
436	-0.00043
437	-0.00059
438	-0.00162
439	-0.00114
440	0.00059
441	0.00010
442	-0.00207
443	-0.00220
444	0.00017
445	0.00023
446	-0.00158
447	-0.00240
448	-0.00152
449	-0.00114
450	-0.00176
451	-0.00237
452	-0.00233
453	-0.00165
454	-0.00096
455	-0.00064
456	-0.00088
457	-0.00157
458	-0.00193
459	-0.00155
460	-0.00113
461	-0.00120
462	-0.00142
463	-0.00132
464	-0.00089
465	-0.00025
466	0.00014
467	-0.00010
468	-0.00086
469	-0.00177
470	-0.00240
471	-0.00267
472	-0.00270
473	-0.00179
474	-0.00100
475	-0.00096
476	-0.00191
477	-0.00308
478	-0.00330
479	-0.00266
480	-0.00261
481	-0.00262
482	-0.00202
483	-0.00087
484	0.00061
485	0.00083
486	-0.00100
487	-0.00259
488	-0.00373
489	-0.00470
490	-0.00360
491	-0.00157
492	-0.00013
493	-0.00091
494	-0.00326
495	-0.00521
496	-0.00447
497	-0.00322
498	-0.00355
499	-0.00458
500	-0.00539
501	-0.00600
502	-0.00745
503	-0.00768
504	-0.00594
505	-0.00467
506	-0.00399
507	-0.00411
508	-0.00478
509	-0.00397
510	-0.00227
511	-0.00224
512	-0.00400
513	-0.00457
514	-0.00366
515	-0.00362
516	-0.00428
517	-0.00440
518	-0.00378
519	-0.00211
520	-0.00121
521	-0.00256
522	-0.00456
523	-0.00434
524	-0.00434
525	-0.00499
526	-0.00418
527	-0.00306
528	-0.00375
529	-0.00606
530	-0.00760
531	-0.00704
532	-0.00736
533	-0.00926
534	-0.00834
535	-0.00855
536	-0.00967
537	-0.01091
538	-0.01162
539	-0.01067
540	-0.00963
541	-0.00807
542	-0.00688
543	-0.00495
544	-0.00472
545	-0.00321
546	-0.00138
547	-0.00031
548	0.00066
549	-0.00101
550	-0.00786
551	-0.00665
552	-0.00064
553	-0.00032
554	-0.00139
555	-0.00902
556	0.01803
557	-0.00836
558	-0.00285
559	0.00054
560	0.00038
561	0.00017
562	-0.00044
563	-0.00013
564	0.00039
565	0.00036
566	0.00008
567	-0.00022
568	-0.00055
569	-0.00096
570	-0.00137
571	-0.00149
572	-0.00105
573	-0.00004
574	0.00121
575	0.00214
576	0.00234
577	0.00182
578	0.00098
579	0.00029
580	0.00015
581	-0.00085
582	-0.00324
583	-0.00025
584	0.00672
585	-0.01049
586	-0.00372
587	0.01213
588	0.00189
589	0.01012
590	0.04242
591	0.04017
592	0.01230
593	0.00210
594	0.00373
595	0.00466
596	0.00345
597	0.01290
598	0.02468
599	0.00718
600	0.01308
601	0.00845
602	-0.00443
603	-0.00142
604	0.00346
605	0.01439
606	0.02325
607	0.04023
608	0.03491
609	0.01551
610	0.01558
611	0.03104
612	0.03351
613	0.02990
614	0.03386
615	0.03328
616	0.03174
617	0.03563
618	0.03716
619	0.02900
620	0.02558
621	0.02729
622	0.02794
623	0.02311
624	0.02151
625	0.02403
626	0.01994
627	0.01533
628	0.01253
629	0.00438
630	-0.00355
631	-0.00642
632	-0.00169
633	0.01189
634	0.01820
635	0.00956
636	-0.00675
637	-0.01945
638	-0.03102
639	-0.04886
640	-0.05051
641	-0.05729
642	-0.06488
643	-0.06094
644	-0.07085
645	-0.08426
646	-0.07793
647	-0.07500
648	-0.06684
649	-0.07282
650	-0.09728
651	-0.06719
652	-0.04425
653	-0.04894
654	-0.01111
655	0.01083
656	0.02378
657	0.00351
658	0.00340
659	-0.00300
660	-0.02604
661	-0.03317
662	0.00998
663	0.02204
664	-0.00088
665	-0.00434
666	-0.00633
667	-0.00224
668	0.00082
669	-0.00019
670	-0.00058
671	-0.00028
672	0.00002
673	0.00039
674	0.00063
675	0.00063
676	0.00038
677	-0.00012
678	-0.00073
679	-0.00115
680	-0.00102
681	-0.00050
682	-0.00019
683	-0.00038
684	-0.00076
685	-0.00085
686	-0.00050
687	-0.00020
688	-0.00031
689	-0.00063
690	-0.00078
691	-0.00082
692	-0.00091
693	-0.00090
694	-0.00058
695	-0.00019
696	-0.00007
697	-0.00012
698	-0.00008
699	0.00001
700	0.00113
701	0.00319
702	0.00268
703	0.00184
704	0.00092
705	-0.01921
706	-0.05135
707	-0.02728
708	0.02332
709	0.02749
710	0.02846
711	0.05125
712	0.05929
713	0.03218
714	0.00718
715	-0.01648
716	-0.01928
717	-0.00379
718	0.02057
719	0.01860
720	0.01454
721	0.02843
722	0.02844
723	0.02479
724	0.01863
725	0.01385
726	0.01247
727	0.01712
728	0.02799
729	0.03483
730	0.03095
731	0.03619
732	0.03983
733	0.04122
734	0.05643
735	0.05668
736	0.03603
737	0.02227
738	0.02250
739	0.02911
740	0.03531
741	0.02386
742	0.00649
743	0.00362
744	0.02075
745	0.03426
746	0.01823
747	-0.02282
748	-0.05164
749	-0.04586
750	-0.02164
751	-0.01253
752	-0.02044
753	-0.03140
754	-0.04654
755	-0.06858
756	-0.08360
757	-0.09993
758	-0.13902
759	-0.17195
760	-0.18925
761	-0.16241
762	-0.16064
763	-0.15678
764	-0.10519
765	-0.09683
766	-0.10516
767	-0.04750
768	-0.02526
769	-0.00405
770	0.01071
771	0.00714
772	-0.01777
773	-0.06161
774	-0.09789
775	-0.14326
776	-0.06820
777	-0.03672
778	0.00309
779	-0.00097
780	-0.00482
781	-0.00608
782	0.00000
783	0.00148
784	0.00010
785	-0.00068
786	-0.00089
787	-0.00059
788	0.00001
789	0.00084
790	0.00132
791	0.00050
792	-0.00161
793	-0.00344
794	-0.00361
795	-0.00290
796	-0.00233
797	-0.00173
798	-0.00140
799	-0.00233
800	-0.00400
801	-0.00465
802	-0.00370
803	-0.00200
804	-0.00064
805	-0.00052
806	-0.00100
807	-0.00093
808	-0.00032
809	0.00023
810	0.00075
811	0.00145
812	0.00190
813	0.00151
814	0.00022
815	0.00094
816	0.01327
817	-0.02141
818	-0.03769
819	-0.02528
820	0.00197
821	0.02777
822	0.04821
823	0.07224
824	0.04897
825	-0.00050
826	-0.06841
827	-0.09803
828	-0.07496
829	-0.02206
830	0.03716
831	0.03276
832	0.02706
833	0.06201
834	0.07539
835	0.04206
836	0.01068
837	-0.00755
838	0.00150
839	0.01996
840	0.04830
841	0.06033
842	0.05389
843	0.04887
844	0.04301
845	0.03986
846	0.04066
847	0.03753
848	0.03569
849	0.04324
850	0.04949
851	0.04729
852	0.03450
853	0.02214
854	0.02887
855	0.04174
856	0.03451
857	0.00971
858	-0.01505
859	-0.03322
860	-0.05625
861	-0.05829
862	-0.06164
863	-0.08489
864	-0.08536
865	-0.07755
866	-0.08633
867	-0.11028
868	-0.13524
869	-0.11666
870	-0.13578
871	-0.18065
872	-0.14721
873	-0.12428
874	-0.09678
875	-0.03537
876	0.02293
877	0.05173
878	0.03344
879	-0.00984
880	-0.05072
881	-0.14357
882	-0.16317
883	0.00642
884	0.06425
885	0.00014
886	0.00173
887	-0.00269
888	-0.00595
889	0.00135
890	0.00292
891	-0.00069
892	-0.00212
893	-0.00165
894	-0.00042
895	0.00054
896	0.00069
897	0.00061
898	0.00003
899	-0.00127
900	-0.00258
901	-0.00317
902	-0.00299
903	-0.00229
904	-0.00135
905	-0.00089
906	-0.00119
907	-0.00156
908	-0.00148
909	-0.00116
910	-0.00079
911	-0.00028
912	0.00040
913	0.00075
914	0.00043
915	-0.00009
916	-0.00035
917	-0.00018
918	0.00007
919	0.00012
920	0.00026
921	0.00037
922	-0.00130
923	-0.00304
924	0.00264
925	0.01945
926	0.07566
927	0.09938
928	0.09275
929	0.00543
930	-0.01063
931	0.07517
932	0.06087
933	0.04808
934	-0.00254
935	-0.05861
936	-0.06994
937	-0.02288
938	0.00741
939	0.00709
940	0.03001
941	0.07832
942	0.07408
943	0.04565
944	0.03243
945	0.01595
946	0.00378
947	0.00806
948	0.03462
949	0.05216
950	0.03271
951	0.01677
952	0.00667
953	-0.01289
954	-0.02441
955	-0.01945
956	0.00413
957	0.01477
958	0.01234
959	-0.00447
960	-0.01283
961	-0.00487
962	0.00339
963	0.00256
964	-0.00268
965	-0.01741
966	-0.04243
967	-0.05566
968	-0.05962
969	-0.06266
970	-0.06688
971	-0.06612
972	-0.06731
973	-0.08217
974	-0.07211
975	-0.02945
976	-0.03336
977	-0.04413
978	-0.03457
979	-0.02158
980	-0.00312
981	0.01371
982	0.05173
983	0.03311
984	-0.00058
985	-0.08643
986	-0.13749
987	-0.07091
988	-0.12806
989	-0.00299
990	-0.01948
991	-0.00107
992	-0.00442
993	-0.00131
994	0.00112
995	-0.00140
996	-0.00149
997	-0.00078
998	-0.00061
999	0.00004
1000	0.00117
1001	0.00171
1002	0.00132
1003	0.00034
1004	-0.00105
1005	-0.00225
1006	-0.00238
1007	-0.00190
1008	-0.00191
1009	-0.00234
1010	-0.00223
1011	-0.00191
1012	-0.00236
1013	-0.00278
1014	-0.00180
1015	-0.00026
1016	0.00068
1017	0.00069
1018	0.00011
1019	-0.00011
1020	0.00027
1021	0.00056
1022	0.00034
1023	0.00005
1024	0.00031
1025	-0.00133
1026	-0.00832
1027	-0.00709
1028	-0.00196
1029	-0.00760
1030	0.01106
1031	0.07754
1032	0.07916
1033	0.01552
1034	0.06455
1035	0.10383
1036	0.05914
1037	-0.00830
1038	-0.04687
1039	-0.06755
1040	-0.01065
1041	0.01820
1042	0.01973
1043	0.03193
1044	0.04578
1045	0.05615
1046	0.04277
1047	0.04721
1048	0.01659
1049	-0.00558
1050	-0.00311
1051	0.00792
1052	0.02189
1053	0.03086
1054	0.03516
1055	0.08729
1056	0.10512
1057	0.06343
1058	0.02723
1059	0.00635
1060	0.00803
1061	0.00748
1062	-0.00525
1063	-0.00256
1064	0.02192
1065	0.01700
1066	-0.00818
1067	-0.02312
1068	-0.02894
1069	-0.05288
1070	-0.06571
1071	-0.06746
1072	-0.08144
1073	-0.12587
1074	-0.16613
1075	-0.13863
1076	-0.16931
1077	-0.17626
1078	-0.13267
1079	-0.13495
1080	-0.09011
1081	-0.04138
1082	-0.00930
1083	0.01053
1084	0.04029
1085	0.02586
1086	-0.00226
1087	-0.08599
1088	-0.21852
1089	-0.00608
1090	0.06506
1091	-0.00008
1092	-0.00158
1093	-0.00458
1094	-0.01065
1095	-0.00146
1096	0.00077
1097	-0.00746
1098	-0.00576
1099	-0.00058
1100	0.00247
1101	0.00389
1102	0.00408
1103	0.00298
1104	0.00053
1105	-0.00267
1106	-0.00504
1107	-0.00472
1108	-0.00317
1109	-0.00207
1110	-0.00147
1111	-0.00190
1112	-0.00329
1113	-0.00401
1114	-0.00302
1115	-0.00135
1116	-0.00033
1117	-0.00018
1118	-0.00009
1119	0.00037
1120	0.00090
1121	0.00125
1122	0.00121
1123	0.00066
1124	0.00013
1125	0.00006
1126	0.00012
1127	-0.00007
1128	-0.00136
1129	-0.00296
1130	-0.01030
1131	0.01415
1132	0.07525
1133	0.11554
1134	0.09919
1135	0.08088
1136	0.10549
1137	0.12244
1138	0.04722
1139	0.01621
1140	0.00361
1141	-0.00580
1142	-0.01175
1143	0.02000
1144	0.04854
1145	0.02048
1146	0.02004
1147	0.02523
1148	0.02955
1149	0.04409
1150	0.03382
1151	0.01686
1152	0.01180
1153	0.00676
1154	0.01003
1155	0.01527
1156	0.01130
1157	0.00928
1158	0.01370
1159	0.01760
1160	0.03097
1161	0.03783
1162	0.03630
1163	0.03320
1164	0.03001
1165	0.02647
1166	0.03663
1167	0.04195
1168	0.03377
1169	0.01522
1170	-0.00082
1171	-0.02765
1172	-0.05627
1173	-0.05673
1174	-0.05803
1175	-0.07672
1176	-0.10724
1177	-0.15600
1178	-0.19044
1179	-0.23608
1180	-0.29295
1181	-0.22809
1182	-0.20636
1183	-0.26908
1184	-0.27536
1185	-0.18593
1186	-0.07783
1187	-0.01054
1188	0.02780
1189	0.01839
1190	-0.05094
1191	-0.09125
1192	-0.05139
1193	-0.00630
1194	0.00532
1195	-0.00449
1196	-0.00880
1197	-0.00513
1198	0.00148
1199	-0.00102
1200	-0.00368
1201	-0.00294
1202	-0.00178
1203	-0.00020
1204	0.00189
1205	0.00315
1206	0.00277
1207	0.00069
1208	-0.00266
1209	-0.00562
1210	-0.00654
1211	-0.00549
1212	-0.00368
1213	-0.00211
1214	-0.00158
1215	-0.00237
1216	-0.00302
1217	-0.00197
1218	-0.00024
1219	0.00032
1220	-0.00033
1221	-0.00107
1222	-0.00064
1223	0.00004
1224	-0.00048
1225	-0.00084
1226	-0.00025
1227	0.00093
1228	0.00192
1229	0.00264
1230	0.00297
1231	0.00196
1232	0.00010
1233	-0.00260
1234	0.01124
1235	0.05571
1236	0.11124
1237	0.10233
1238	0.07515
1239	0.14581
1240	0.19879
1241	0.13083
1242	0.07145
1243	0.05238
1244	0.01466
1245	-0.00410
1246	0.00233
1247	0.02347
1248	0.01917
1249	0.01870
1250	0.03216
1251	0.06477
1252	0.04510
1253	0.02024
1254	0.00949
1255	0.00178
1256	0.00343
1257	0.00925
1258	0.00879
1259	0.00661
1260	0.01053
1261	0.02277
1262	0.03291
1263	0.03628
1264	0.04040
1265	0.03159
1266	0.01936
1267	0.01405
1268	0.01960
1269	0.01980
1270	0.02543
1271	0.01867
1272	-0.00352
1273	-0.03364
1274	-0.05948
1275	-0.06643
1276	-0.06891
1277	-0.08854
1278	-0.11971
1279	-0.16814
1280	-0.17474
1281	-0.18244
1282	-0.24084
1283	-0.23422
1284	-0.21952
1285	-0.23555
1286	-0.29156
1287	-0.25078
1288	-0.14610
1289	-0.09725
1290	-0.04250
1291	0.00471
1292	0.01314
1293	0.00253
1294	-0.07939
1295	-0.07663
1296	0.07246
1297	-0.11076
1298	-0.04625
1299	-0.00371
1300	-0.01033
1301	-0.01276
1302	-0.00225
1303	0.00240
1304	-0.00604
1305	-0.00721
1306	-0.00244
1307	0.00143
1308	0.00346
1309	0.00376
1310	0.00254
1311	0.00037
1312	-0.00144
1313	-0.00222
1314	-0.00254
1315	-0.00309
1316	-0.00391
1317	-0.00433
1318	-0.00394
1319	-0.00338
1320	-0.00278
1321	-0.00159
1322	-0.00031
1323	0.00011
1324	-0.00008
1325	-0.00004
1326	0.00052
1327	0.00082
1328	0.00030
1329	-0.00016
1330	0.00003
1331	0.00034
1332	0.00047
1333	0.00047
1334	-0.00000
1335	-0.00142
1336	-0.00326
1337	0.00474
1338	0.01198
1339	0.03253
1340	0.11514
1341	0.11527
1342	0.08159
1343	0.09606
1344	0.13074
1345	0.09080
1346	0.03878
1347	0.01794
1348	-0.00761
1349	-0.02000
1350	-0.00299
1351	0.02465
1352	0.01142
1353	0.01512
1354	0.06133
1355	0.10613
1356	0.08806
1357	0.05139
1358	0.02928
1359	0.01163
1360	0.00935
1361	0.01710
1362	0.02468
1363	0.02933
1364	0.05788
1365	0.05796
1366	0.04425
1367	0.04469
1368	0.03931
1369	0.03158
1370	0.01953
1371	0.02308
1372	0.03406
1373	0.04534
1374	0.04536
1375	0.03287
1376	0.00338
1377	-0.00654
1378	-0.00885
1379	-0.02051
1380	-0.05103
1381	-0.08907
1382	-0.11217
1383	-0.14087
1384	-0.14615
1385	-0.21550
1386	-0.26543
1387	-0.20876
1388	-0.22522
1389	-0.24844
1390	-0.24312
1391	-0.24770
1392	-0.15415
1393	-0.11525
1394	-0.06117
1395	-0.00302
1396	0.01435
1397	0.01173
1398	-0.04281
1399	-0.00346
1400	-0.05908
1401	-0.04509
1402	0.03405
1403	-0.00051
1404	-0.00327
1405	-0.01460
1406	-0.01374
1407	0.00032
1408	-0.00133
1409	-0.00689
1410	-0.00479
1411	-0.00092
1412	0.00188
1413	0.00320
1414	0.00334
1415	0.00180
1416	-0.00120
1417	-0.00360
1418	-0.00406
1419	-0.00319
1420	-0.00254
1421	-0.00245
1422	-0.00270
1423	-0.00342
1424	-0.00422
1425	-0.00396
1426	-0.00224
1427	0.00011
1428	0.00210
1429	0.00308
1430	0.00245
1431	0.00078
1432	-0.00034
1433	-0.00077
1434	0.00004
1435	0.00207
1436	0.00244
1437	0.00099
1438	-0.00090
1439	-0.00344
1440	-0.01280
1441	0.00872
1442	0.02453
1443	0.10006
1444	0.13482
1445	0.02563
1446	-0.02422
1447	0.07581
1448	0.09712
1449	0.02221
1450	0.00347
1451	0.01229
1452	0.01121
1453	0.03912
1454	0.05858
1455	0.03216
1456	0.03337
1457	0.05401
1458	0.05347
1459	0.05031
1460	0.05418
1461	0.03356
1462	0.01892
1463	0.01573
1464	0.02109
1465	0.02371
1466	0.02096
1467	0.02587
1468	0.01484
1469	0.00966
1470	0.02516
1471	0.04279
1472	0.03634
1473	0.03215
1474	0.03741
1475	0.03399
1476	0.01971
1477	0.00747
1478	0.00579
1479	0.01071
1480	0.00595
1481	-0.01316
1482	-0.05250
1483	-0.08059
1484	-0.10759
1485	-0.13754
1486	-0.13275
1487	-0.17997
1488	-0.25970
1489	-0.25401
1490	-0.26341
1491	-0.25969
1492	-0.23858
1493	-0.27058
1494	-0.20702
1495	-0.10188
1496	-0.07545
1497	-0.02433
1498	0.00985
1499	0.01680
1500	-0.02508
1501	-0.11820
1502	-0.04062
1503	0.02150
1504	0.01079
1505	-0.01868
1506	-0.00529
1507	-0.00283
1508	0.00004
1509	0.00008
1510	0.00118
1511	0.00118
1512	0.00015
1513	0.00009
1514	0.00071
1515	0.00092
1516	0.00081
1517	0.00037
1518	-0.00006
1519	-0.00018
1520	-0.00019
1521	-0.00026
1522	-0.00051
1523	-0.00107
1524	-0.00198
1525	-0.00281
1526	-0.00278
1527	-0.00227
1528	-0.00213
1529	-0.00184
1530	-0.00031
1531	0.00204
1532	0.00386
1533	0.00406
1534	0.00223
1535	-0.00051
1536	-0.00172
1537	-0.00178
1538	-0.00084
1539	0.00335
1540	0.00746
1541	0.00620
1542	0.00152
1543	0.00007
1544	0.00365
1545	-0.01335
1546	0.07654
1547	0.14778
1548	0.07350
1549	0.01310
1550	0.03823
1551	0.09183
1552	0.07726
1553	0.06289
1554	0.07373
1555	0.05932
1556	0.03792
1557	0.01069
1558	-0.00398
1559	0.00821
1560	0.03212
1561	0.04456
1562	0.03610
1563	0.03274
1564	0.02392
1565	0.00864
1566	-0.00743
1567	-0.02456
1568	-0.02953
1569	-0.00777
1570	0.00614
1571	0.01124
1572	0.01557
1573	0.03157
1574	0.03306
1575	0.00400
1576	-0.01799
1577	-0.01766
1578	-0.00373
1579	0.00639
1580	0.00761
1581	0.01029
1582	0.02015
1583	0.02696
1584	0.05195
1585	0.07905
1586	0.06016
1587	0.01693
1588	-0.03355
1589	-0.08373
1590	-0.12141
1591	-0.18495
1592	-0.27642
1593	-0.27140
1594	-0.25122
1595	-0.25224
1596	-0.21810
1597	-0.23111
1598	-0.19020
1599	-0.15672
1600	-0.12879
1601	-0.05638
1602	-0.02732
1603	0.00995
1604	-0.00057
1605	-0.03699
1606	-0.12515
1607	-0.20949
1608	-0.08157
1609	0.05576
1610	-0.05724
1611	0.03338
1612	-0.00505
1613	-0.00990
1614	-0.00157
1615	0.00196
1616	-0.00314
1617	-0.00338
1618	-0.00118
1619	0.00036
1620	0.00088
1621	0.00092
1622	0.00053
1623	-0.00043
1624	-0.00142
1625	-0.00208
1626	-0.00222
1627	-0.00200
1628	-0.00180
1629	-0.00188
1630	-0.00266
1631	-0.00376
1632	-0.00397
1633	-0.00335
1634	-0.00285
1635	-0.00252
1636	-0.00168
1637	0.00004
1638	0.00188
1639	0.00227
1640	0.00109
1641	0.00012
1642	-0.00002
1643	0.00102
1644	0.00193
1645	-0.00076
1646	-0.00651
1647	-0.00716
1648	-0.00199
1649	-0.01867
1650	0.00540
1651	0.11058
1652	0.10446
1653	0.04904
1654	0.06135
1655	0.13882
1656	0.07635
1657	0.04030
1658	0.01956
1659	-0.01415
1660	-0.01981
1661	0.03372
1662	0.05398
1663	0.00971
1664	0.01703
1665	0.06122
1666	0.06562
1667	0.04322
1668	0.03455
1669	0.01877
1670	0.00122
1671	-0.00635
1672	-0.00481
1673	0.01337
1674	0.02808
1675	0.02946
1676	0.04935
1677	0.06351
1678	0.04333
1679	0.02472
1680	0.01583
1681	0.01660
1682	0.02761
1683	0.04927
1684	0.06582
1685	0.04972
1686	0.02824
1687	0.01186
1688	-0.00751
1689	-0.03319
1690	-0.05844
1691	-0.08889
1692	-0.12434
1693	-0.14101
1694	-0.16667
1695	-0.20711
1696	-0.26063
1697	-0.28607
1698	-0.18866
1699	-0.19085
1700	-0.24122
1701	-0.18253
1702	-0.14037
1703	-0.08103
1704	-0.02847
1705	0.00979
1706	0.01516
1707	-0.00428
1708	-0.10807
1709	-0.05124
1710	-0.04657
1711	-0.09398
1712	0.02808
1713	0.00177
1714	0.00354
1715	-0.01270
1716	-0.01421
1717	-0.00049
1718	-0.00223
1719	-0.00621
1720	-0.00246
1721	0.00109
1722	0.00259
1723	0.00282
1724	0.00211
1725	0.00100
1726	-0.00015
1727	-0.00131
1728	-0.00249
1729	-0.00353
1730	-0.00379
1731	-0.00321
1732	-0.00289
1733	-0.00332
1734	-0.00365
1735	-0.00302
1736	-0.00185
1737	-0.00081
1738	0.00025
1739	0.00114
1740	0.00111
1741	0.00033
1742	-0.00016
1743	-0.00003
1744	0.00089
1745	0.00248
1746	0.00289
1747	0.00075
1748	-0.00401
1749	-0.00631
1750	-0.01298
1751	0.01773
1752	0.03087
1753	0.10848
1754	0.13479
1755	0.04934
1756	0.04392
1757	0.14218
1758	0.11248
1759	0.02134
1760	0.00892
1761	-0.03213
1762	-0.05023
1763	-0.00163
1764	0.03964
1765	0.02072
1766	0.02488
1767	0.03127
1768	0.04597
1769	0.06310
1770	0.04641
1771	0.02472
1772	0.01376
1773	0.02265
1774	0.03062
1775	0.01624
1776	0.01980
1777	0.03730
1778	0.03854
1779	0.04503
1780	0.05331
1781	0.03167
1782	0.01543
1783	0.01240
1784	0.01156
1785	0.01038
1786	-0.00224
1787	-0.00824
1788	0.00325
1789	0.02282
1790	0.03405
1791	0.04599
1792	0.03369
1793	0.00131
1794	-0.02536
1795	-0.04259
1796	-0.05397
1797	-0.10527
1798	-0.18379
1799	-0.21308
1800	-0.22682
1801	-0.21920
1802	-0.23008
1803	-0.21947
1804	-0.12470
1805	-0.10676
1806	-0.06737
1807	-0.01692
1808	0.00211
1809	0.02450
1810	0.00994
1811	-0.03451
1812	-0.10313
1813	-0.16445
1814	-0.06811
1815	0.06661
1816	-0.03153
1817	-0.00108
1818	-0.00463
1819	-0.00901
1820	-0.00161
1821	0.00242
1822	-0.00205
1823	-0.00297
1824	-0.00121
1825	0.00035
1826	0.00145
1827	0.00209
1828	0.00207
1829	0.00084
1830	-0.00091
1831	-0.00197
1832	-0.00237
1833	-0.00251
1834	-0.00233
1835	-0.00204
1836	-0.00238
1837	-0.00320
1838	-0.00357
1839	-0.00310
1840	-0.00198
1841	-0.00073
1842	0.00032
1843	0.00104
1844	0.00136
1845	0.00159
1846	0.00208
1847	0.00238
1848	0.00145
1849	-0.00004
1850	-0.00017
1851	0.00047
1852	-0.00161
1853	-0.00627
1854	-0.00304
1855	0.00810
1856	0.04382
1857	0.12580
1858	0.14102
1859	0.03451
1860	0.03329
1861	0.14403
1862	0.10106
1863	0.01342
1864	-0.01570
1865	-0.06455
1866	-0.05976
1867	-0.04293
1868	0.00413
1869	0.00671
1870	0.02453
1871	0.03301
1872	0.03055
1873	0.03464
1874	0.03179
1875	0.03062
1876	0.02609
1877	0.00893
1878	0.01020
1879	0.03214
1880	0.03227
1881	0.02867
1882	0.03711
1883	0.04985
1884	0.05655
1885	0.05133
1886	0.04781
1887	0.04110
1888	0.03417
1889	0.03579
1890	0.03676
1891	0.03167
1892	0.03614
1893	0.02953
1894	0.01034
1895	-0.01168
1896	-0.03287
1897	-0.05009
1898	-0.07527
1899	-0.10997
1900	-0.13267
1901	-0.17754
1902	-0.20851
1903	-0.18351
1904	-0.23821
1905	-0.26755
1906	-0.21087
1907	-0.20493
1908	-0.19007
1909	-0.11515
1910	-0.06139
1911	0.00483
1912	0.04095
1913	0.04141
1914	-0.04954
1915	-0.14513
1916	-0.17547
1917	0.03118
1918	0.01273
1919	0.00014
1920	-0.00252
1921	-0.01572
1922	-0.01041
1923	0.00277
1924	0.00008
1925	-0.00546
1926	-0.00448
1927	-0.00142
1928	0.00074
1929	0.00213
1930	0.00276
1931	0.00177
1932	-0.00083
1933	-0.00351
1934	-0.00463
1935	-0.00439
1936	-0.00361
1937	-0.00298
1938	-0.00321
1939	-0.00425
1940	-0.00470
1941	-0.00382
1942	-0.00285
1943	-0.00266
1944	-0.00248
1945	-0.00114
1946	0.00089
1947	0.00133
1948	0.00022
1949	-0.00048
1950	-0.00041
1951	0.00040
1952	0.00124
1953	0.00117
1954	-0.00104
1955	-0.00670
1956	-0.00596
1957	-0.00000
1958	0.01556
1959	0.06632
1960	0.12243
1961	0.09212
1962	0.09160
1963	0.15236
1964	0.17432
1965	0.07488
1966	0.02997
1967	-0.03527
1968	-0.07844
1969	-0.05774
1970	0.03701
1971	0.05699
1972	0.04537
1973	0.04203
1974	0.04657
1975	0.06093
1976	0.05339
1977	0.04337
1978	0.02489
1979	0.00436
1980	-0.00427
1981	-0.00117
1982	0.01445
1983	0.04950
1984	0.04682
1985	0.03734
1986	0.05814
1987	0.06159
1988	0.05615
1989	0.04878
1990	0.03307
1991	0.03339
1992	0.04355
1993	0.03993
1994	0.02656
1995	0.00149
1996	-0.02446
1997	-0.05484
1998	-0.07203
1999	-0.07660
2000	-0.10673
2001	-0.11235
2002	-0.10693
2003	-0.16429
2004	-0.20818
2005	-0.25250
2006	-0.32338
2007	-0.30499
2008	-0.32404
2009	-0.31982
2010	-0.24611
2011	-0.23199
2012	-0.16161
2013	-0.08396
2014	-0.03402
2015	0.01736
2016	0.01412
2017	-0.03866
2018	-0.06498
2019	-0.08624
2020	-0.03143
2021	0.00867
2022	-0.01985
2023	-0.01429
2024	-0.02140
2025	-0.00723
2026	0.00128
2027	-0.00408
2028	-0.00569
2029	-0.00348
2030	-0.00145
2031	-0.00032
2032	0.00091
2033	0.00197
2034	0.00095
2035	-0.00129
2036	-0.00276
2037	-0.00280
2038	-0.00172
2039	-0.00097
2040	-0.00146
2041	-0.00243
2042	-0.00302
2043	-0.00367
2044	-0.00397
2045	-0.00275
2046	-0.00114
2047	-0.00054
2048	-0.00039
2049	0.00018
2050	0.00081
2051	0.00057
2052	-0.00018
2053	-0.00038
2054	0.00071
2055	0.00201
2056	0.00146
2057	-0.00011
2058	-0.00437
2059	-0.01143
2060	-0.01576
2061	0.00043
2062	0.01410
2063	0.10012
2064	0.12878
2065	0.06847
2066	0.05913
2067	0.12926
2068	0.09934
2069	0.03338
2070	0.02041
2071	-0.02494
2072	-0.04936
2073	-0.02025
2074	0.03371
2075	0.01685
2076	0.01106
2077	0.04017
2078	0.05901
2079	0.04267
2080	0.03229
2081	0.02010
2082	0.01577
2083	0.00570
2084	0.00064
2085	0.00367
2086	0.01197
2087	0.00674
2088	0.02761
2089	0.04143
2090	0.03288
2091	0.03075
2092	0.01968
2093	0.01231
2094	0.01144
2095	0.00687
2096	0.01016
2097	0.01798
2098	0.01676
2099	0.01016
2100	-0.00349
2101	-0.01471
2102	-0.02117
2103	-0.00650
2104	0.00634
2105	-0.00530
2106	-0.03247
2107	-0.07476
2108	-0.11666
2109	-0.15914
2110	-0.22080
2111	-0.23106
2112	-0.24324
2113	-0.23198
2114	-0.24431
2115	-0.26485
2116	-0.14360
2117	-0.07953
2118	-0.02944
2119	0.01332
2120	0.01879
2121	0.01184
2122	-0.06003
2123	-0.03874
2124	-0.08848
2125	-0.00250
2126	0.03261
2127	-0.00020
2128	-0.00019
2129	-0.00680
2130	-0.01134
2131	-0.00093
2132	0.00295
2133	-0.00442
2134	-0.00625
2135	-0.00335
2136	-0.00041
2137	0.00203
2138	0.00315
2139	0.00204
2140	-0.00110
2141	-0.00400
2142	-0.00436
2143	-0.00274
2144	-0.00182
2145	-0.00239
2146	-0.00328
2147	-0.00381
2148	-0.00409
2149	-0.00376
2150	-0.00221
2151	0.00008
2152	0.00173
2153	0.00169
2154	0.00044
2155	-0.00099
2156	-0.00197
2157	-0.00196
2158	-0.00083
2159	0.00059
2160	0.00178
2161	0.00256
2162	0.00258
2163	0.00213
2164	0.00113
2165	-0.00028
2166	0.00050
2167	0.04326
2168	0.03018
2169	0.17152
2170	0.12119
2171	0.03219
2172	0.06466
2173	0.14117
2174	0.11023
2175	0.06938
2176	0.06046
2177	0.03608
2178	0.01576
2179	0.02813
2180	0.06508
2181	0.04738
2182	0.01678
2183	0.02076
2184	0.04799
2185	0.07071
2186	0.06180
2187	0.03668
2188	0.03237
2189	0.01705
2190	0.00093
2191	-0.01534
2192	-0.01279
2193	0.00265
2194	0.01561
2195	0.02496
2196	0.04070
2197	0.04416
2198	0.02858
2199	0.01913
2200	0.02240
2201	0.02703
2202	0.02746
2203	0.02635
2204	0.00730
2205	-0.02035
2206	-0.03876
2207	-0.04798
2208	-0.05649
2209	-0.06162
2210	-0.07135
2211	-0.10106
2212	-0.11981
2213	-0.15083
2214	-0.22042
2215	-0.26636
2216	-0.29396
2217	-0.34096
2218	-0.36255
2219	-0.33980
2220	-0.32443
2221	-0.29305
2222	-0.16631
2223	-0.05415
2224	-0.04381
2225	0.00239
2226	0.01418
2227	0.00228
2228	-0.04433
2229	-0.07059
2230	-0.07275
2231	0.04060
2232	-0.00378
2233	0.02941
2234	-0.01175
2235	-0.01740
2236	-0.00590
2237	0.00482
2238	0.00239
2239	-0.00185
2240	-0.00296
2241	-0.00266
2242	-0.00162
2243	0.00007
2244	0.00150
2245	0.00127
2246	-0.00050
2247	-0.00276
2248	-0.00397
2249	-0.00342
2250	-0.00250
2251	-0.00217
2252	-0.00227
2253	-0.00255
2254	-0.00321
2255	-0.00403
2256	-0.00415
2257	-0.00307
2258	-0.00135
2259	-0.00015
2260	0.00002
2261	0.00021
2262	0.00117
2263	0.00194
2264	0.00242
2265	0.00317
2266	0.00286
2267	0.00089
2268	-0.00027
2269	-0.00006
2270	-0.00023
2271	-0.00014
2272	0.00486
2273	-0.00488
2274	0.01463
2275	0.03222
2276	0.09068
2277	0.02710
2278	0.03267
2279	0.12639
2280	0.12666
2281	0.06197
2282	0.00976
2283	-0.02680
2284	-0.04560
2285	-0.04035
2286	-0.00612
2287	0.02749
2288	0.02440
2289	0.01649
2290	0.02200
2291	0.04453
2292	0.05311
2293	0.02983
2294	0.02323
2295	0.02925
2296	0.01841
2297	0.02009
2298	0.01748
2299	0.01359
2300	0.01816
2301	0.01831
2302	0.02909
2303	0.05021
2304	0.03949
2305	0.02632
2306	0.02079
2307	0.02450
2308	0.02973
2309	0.03326
2310	0.03282
2311	0.01891
2312	0.00765
2313	0.00563
2314	-0.00139
2315	-0.01130
2316	-0.02303
2317	-0.04018
2318	-0.06445
2319	-0.07530
2320	-0.10338
2321	-0.15720
2322	-0.16979
2323	-0.18116
2324	-0.21465
2325	-0.22412
2326	-0.25540
2327	-0.29763
2328	-0.34168
2329	-0.28463
2330	-0.16718
2331	-0.16510
2332	-0.08274
2333	0.00414
2334	0.02801
2335	0.00801
2336	-0.05380
2337	0.02700
2338	-0.02869
2339	-0.07802
2340	0.00145
2341	-0.00417
2342	-0.01014
2343	-0.00889
2344	0.00024
2345	-0.00067
2346	-0.00463
2347	-0.00402
2348	-0.00212
2349	-0.00036
2350	0.00108
2351	0.00151
2352	0.00040
2353	-0.00174
2354	-0.00345
2355	-0.00384
2356	-0.00284
2357	-0.00178
2358	-0.00199
2359	-0.00253
2360	-0.00237
2361	-0.00198
2362	-0.00186
2363	-0.00117
2364	0.00021
2365	0.00085
2366	0.00045
2367	0.00012
2368	0.00042
2369	0.00073
2370	0.00067
2371	0.00076
2372	0.00126
2373	0.00161
2374	0.00123
2375	0.00058
2376	-0.00051
2377	-0.00274
2378	-0.00245
2379	0.00012
2380	0.03437
2381	0.07103
2382	0.09447
2383	0.07666
2384	0.00194
2385	0.04193
2386	0.12180
2387	0.07679
2388	0.00335
2389	0.02235
2390	0.00045
2391	-0.01476
2392	-0.00652
2393	0.01075
2394	0.01528
2395	0.02558
2396	0.02663
2397	0.03270
2398	0.05204
2399	0.05642
2400	0.04329
2401	0.02018
2402	0.00670
2403	0.01140
2404	0.02311
2405	0.03738
2406	0.04496
2407	0.03613
2408	0.03476
2409	0.03664
2410	0.02481
2411	0.01461
2412	0.01293
2413	0.01467
2414	0.01331
2415	0.00538
2416	-0.00429
2417	-0.01070
2418	-0.00876
2419	-0.00056
2420	0.00703
2421	0.00862
2422	0.00434
2423	-0.00959
2424	-0.02904
2425	-0.04039
2426	-0.07363
2427	-0.12679
2428	-0.16997
2429	-0.18882
2430	-0.19377
2431	-0.19521
2432	-0.18290
2433	-0.14767
2434	-0.10918
2435	-0.08584
2436	-0.03259
2437	-0.00166
2438	0.02860
2439	0.06482
2440	0.00778
2441	-0.01406
2442	-0.09973
2443	-0.12897
2444	-0.08366
2445	0.05872
2446	-0.00902
2447	-0.00008
2448	-0.00025
2449	-0.00327
2450	0.00140
2451	0.00426
2452	-0.00383
2453	-0.00717
2454	-0.00308
2455	0.00006
2456	0.00153
2457	0.00250
2458	0.00293
2459	0.00240
2460	0.00094
2461	-0.00124
2462	-0.00375
2463	-0.00557
2464	-0.00615
2465	-0.00538
2466	-0.00376
2467	-0.00258
2468	-0.00211
2469	-0.00166
2470	-0.00042
2471	0.00116
2472	0.00183
2473	0.00159
2474	0.00076
2475	-0.00038
2476	-0.00086
2477	-0.00031
2478	0.00093
2479	0.00157
2480	0.00085
2481	-0.00008
2482	-0.00029
2483	-0.00002
2484	-0.00055
2485	-0.00292
2486	-0.01480
2487	0.01496
2488	0.04258
2489	0.10142
2490	0.08009
2491	0.03931
2492	0.09736
2493	0.20757
2494	0.12226
2495	0.03200
2496	0.03237
2497	0.00684
2498	-0.01847
2499	-0.02509
2500	0.00360
2501	0.01055
2502	0.02177
2503	0.04670
2504	0.06185
2505	0.08648
2506	0.07421
2507	0.05575
2508	0.04320
2509	0.01842
2510	0.00305
2511	0.00836
2512	0.03715
2513	0.05415
2514	0.05952
2515	0.06140
2516	0.04744
2517	0.02419
2518	0.01594
2519	0.04015
2520	0.05323
2521	0.03992
2522	0.03068
2523	0.01113
2524	-0.00547
2525	-0.01337
2526	-0.01662
2527	-0.04436
2528	-0.07107
2529	-0.06473
2530	-0.07127
2531	-0.07295
2532	-0.08376
2533	-0.11056
2534	-0.14970
2535	-0.20484
2536	-0.21545
2537	-0.21322
2538	-0.22706
2539	-0.20625
2540	-0.18093
2541	-0.14638
2542	-0.06556
2543	-0.03071
2544	-0.01145
2545	0.01892
2546	0.01891
2547	0.00213
2548	-0.03541
2549	-0.12633
2550	-0.10180
2551	0.04322
2552	-0.03159
2553	-0.03737
2554	-0.01285
2555	-0.01664
2556	-0.00540
2557	0.00105
2558	-0.00596
2559	-0.00752
2560	-0.00413
2561	-0.00180
2562	-0.00029
2563	0.00119
2564	0.00219
2565	0.00183
2566	0.00012
2567	-0.00170
2568	-0.00259
2569	-0.00284
2570	-0.00327
2571	-0.00414
2572	-0.00468
2573	-0.00452
2574	-0.00401
2575	-0.00311
2576	-0.00171
2577	-0.00023
2578	0.00055
2579	0.00056
2580	0.00046
2581	0.00039
2582	0.00016
2583	0.00007
2584	0.00053
2585	0.00147
2586	0.00189
2587	0.00124
2588	0.00051
2589	-0.00008
2590	-0.00149
2591	-0.00288
2592	0.00156
2593	0.00583
2594	0.06403
2595	0.13727
2596	0.11067
2597	0.03866
2598	0.05572
2599	0.12656
2600	0.09526
2601	0.04284
2602	0.01784
2603	-0.01470
2604	-0.04209
2605	-0.03889
2606	-0.00044
2607	0.00270
2608	-0.00861
2609	-0.00773
2610	0.02523
2611	0.06219
2612	0.07352
2613	0.04587
2614	0.02287
2615	0.00611
2616	0.00216
2617	0.00891
2618	0.01588
2619	0.02099
2620	0.03163
2621	0.03023
2622	0.05344
2623	0.05664
2624	0.03501
2625	0.03589
2626	0.05418
2627	0.05032
2628	0.04775
2629	0.05832
2630	0.03979
2631	0.00374
2632	-0.00408
2633	0.01369
2634	0.01774
2635	-0.01304
2636	-0.04234
2637	-0.06569
2638	-0.08379
2639	-0.08797
2640	-0.11123
2641	-0.14599
2642	-0.18623
2643	-0.24121
2644	-0.25796
2645	-0.25700
2646	-0.26064
2647	-0.26023
2648	-0.26258
2649	-0.15378
2650	-0.06117
2651	-0.01896
2652	0.01991
2653	0.01387
2654	-0.00843
2655	-0.09250
2656	-0.07510
2657	0.00050
2658	0.02115
2659	0.00060
2660	0.00079
2661	-0.00172
2662	-0.01065
2663	-0.00608
2664	0.00162
2665	-0.00293
2666	-0.00712
2667	-0.00474
2668	-0.00159
2669	0.00033
2670	0.00165
2671	0.00221
2672	0.00128
2673	-0.00100
2674	-0.00361
2675	-0.00447
2676	-0.00337
2677	-0.00259
2678	-0.00251
2679	-0.00259
2680	-0.00312
2681	-0.00407
2682	-0.00411
2683	-0.00277
2684	-0.00119
2685	-0.00033
2686	-0.00016
2687	-0.00035
2688	-0.00068
2689	-0.00079
2690	-0.00042
2691	0.00007
2692	0.00098
2693	0.00355
2694	0.00608
2695	0.00511
2696	0.00235
2697	0.00112
2698	0.00059
2699	-0.00056
2700	0.02935
2701	-0.00968
2702	0.10420
2703	0.07632
2704	0.01757
2705	0.03926
2706	0.10016
2707	0.09072
2708	0.05519
2709	0.03827
2710	0.01977
2711	0.01786
2712	0.03353
2713	0.06005
2714	0.04218
2715	0.02692
2716	0.03099
2717	0.03426
2718	0.04478
2719	0.05387
2720	0.03927
2721	0.03290
2722	0.02902
2723	0.01353
2724	0.00067
2725	-0.01405
2726	-0.00964
2727	0.00789
2728	0.02671
2729	0.04250
2730	0.05615
2731	0.03602
2732	0.02411
2733	0.01600
2734	0.00415
2735	0.00837
2736	0.03037
2737	0.04173
2738	0.03701
2739	0.01310
2740	0.00182
2741	0.00880
2742	0.00672
2743	-0.00903
2744	-0.03678
2745	-0.07488
2746	-0.12343
2747	-0.18017
2748	-0.23586
2749	-0.28110
2750	-0.28461
2751	-0.28109
2752	-0.32977
2753	-0.32777
2754	-0.33440
2755	-0.26267
2756	-0.11525
2757	-0.08534
2758	-0.02108
2759	0.01608
2760	0.02835
2761	-0.00986
2762	-0.06908
2763	-0.01480
2764	-0.00355
2765	-0.02222
2766	-0.00063
2767	-0.00310
2768	-0.00918
2769	-0.01047
2770	-0.00204
2771	0.00225
2772	-0.00044
2773	-0.00224
2774	-0.00189
2775	-0.00027
2776	0.00188
2777	0.00267
2778	0.00172
2779	0.00013
2780	-0.00163
2781	-0.00275
2782	-0.00289
2783	-0.00288
2784	-0.00311
2785	-0.00323
2786	-0.00316
2787	-0.00315
2788	-0.00305
2789	-0.00247
2790	-0.00133
2791	0.00015
2792	0.00128
2793	0.00153
2794	0.00090
2795	0.00013
2796	-0.00004
2797	0.00078
2798	0.00310
2799	0.00416
2800	0.00245
2801	0.00072
2802	0.00018
2803	0.00004
2804	-0.00074
2805	-0.01231
2806	0.01908
2807	0.06037
2808	0.13621
2809	0.10851
2810	0.03303
2811	0.05836
2812	0.14963
2813	0.11896
2814	0.02437
2815	0.01644
2816	0.01200
2817	-0.00137
2818	0.00120
2819	0.02959
2820	0.02034
2821	0.01560
2822	0.02670
2823	0.02302
2824	0.03722
2825	0.05105
2826	0.04995
2827	0.03551
2828	0.01918
2829	0.01600
2830	0.01107
2831	0.01426
2832	0.02508
2833	0.03604
2834	0.02904
2835	0.02767
2836	0.02490
2837	0.02714
2838	0.02266
2839	0.03037
2840	0.03309
2841	0.01371
2842	0.00342
2843	0.00002
2844	0.00001
2845	0.00355
2846	0.01083
2847	0.00635
2848	-0.01409
2849	-0.02718
2850	-0.03017
2851	-0.04824
2852	-0.08386
2853	-0.13878
2854	-0.22241
2855	-0.26671
2856	-0.25324
2857	-0.28116
2858	-0.27450
2859	-0.23913
2860	-0.25813
2861	-0.16806
2862	-0.09968
2863	-0.06980
2864	0.00161
2865	0.02111
2866	0.02307
2867	-0.03611
2868	-0.10652
2869	-0.06054
2870	-0.01215
2871	-0.00005
2872	-0.00446
2873	-0.01030
2874	-0.01198
2875	-0.00194
2876	0.00059
2877	-0.00310
2878	-0.00279
2879	-0.00111
2880	-0.00034
2881	0.00032
2882	0.00091
2883	0.00141
2884	0.00115
2885	-0.00052
2886	-0.00242
2887	-0.00319
2888	-0.00320
2889	-0.00341
2890	-0.00364
2891	-0.00332
2892	-0.00269
2893	-0.00239
2894	-0.00199
2895	-0.00075
2896	0.00092
2897	0.00191
2898	0.00181
2899	0.00122
2900	0.00030
2901	-0.00096
2902	-0.00147
2903	-0.00066
2904	0.00065
2905	0.00087
2906	0.00003
2907	-0.00043
2908	0.00012
2909	-0.00003
2910	-0.00157
2911	-0.00175
2912	0.01273
2913	0.05285
2914	0.06417
2915	0.05574
2916	0.04026
2917	0.09085
2918	0.13735
2919	0.09823
2920	0.04207
2921	0.01194
2922	-0.03907
2923	-0.05390
2924	-0.04737
2925	-0.00303
2926	0.01065
2927	0.02001
2928	0.05411
2929	0.05114
2930	0.05987
2931	0.06820
2932	0.04163
2933	0.02817
2934	0.00363
2935	-0.01291
2936	-0.01958
2937	-0.00155
2938	0.01218
2939	0.02888
2940	0.03044
2941	0.03749
2942	0.05085
2943	0.03836
2944	0.03389
2945	0.04262
2946	0.03580
2947	0.02649
2948	0.02208
2949	0.02900
2950	0.02934
2951	0.01461
2952	0.00356
2953	0.00199
2954	-0.00435
2955	-0.01867
2956	-0.03956
2957	-0.06639
2958	-0.10350
2959	-0.13205
2960	-0.12802
2961	-0.15649
2962	-0.21314
2963	-0.21463
2964	-0.21563
2965	-0.24820
2966	-0.25790
2967	-0.24354
2968	-0.17553
2969	-0.11398
2970	-0.09878
2971	-0.04397
2972	-0.00123
2973	0.01886
2974	-0.00972
2975	-0.06987
2976	-0.06897
2977	-0.02611
2978	-0.03568
2979	-0.01777
2980	-0.00168
2981	-0.00742
2982	-0.01272
2983	-0.00340
2984	0.00363
2985	-0.00346
2986	-0.00625
2987	-0.00264
2988	0.00045
2989	0.00206
2990	0.00247
2991	0.00193
2992	0.00025
2993	-0.00139
2994	-0.00182
2995	-0.00169
2996	-0.00237
2997	-0.00372
2998	-0.00443
2999	-0.00404
3000	-0.00320
3001	-0.00209
3002	-0.00106
3003	-0.00081
3004	-0.00113
3005	-0.00099
3006	-0.00015
3007	0.00100
3008	0.00252
3009	0.00461
3010	0.00695
3011	0.00731
3012	0.00372
3013	-0.00056
3014	-0.00135
3015	0.00006
3016	0.00011
3017	-0.00139
3018	-0.00179
3019	0.04291
3020	0.05715
3021	0.13864
3022	0.10298
3023	0.05116
3024	0.09791
3025	0.14698
3026	0.06892
3027	0.02413
3028	0.01896
3029	0.00723
3030	0.01771
3031	0.05262
3032	0.03989
3033	0.00695
3034	0.00705
3035	0.01827
3036	0.02013
3037	0.03713
3038	0.05788
3039	0.03741
3040	0.02461
3041	0.01948
3042	0.01711
3043	0.00956
3044	0.00777
3045	0.01278
3046	0.01448
3047	0.01199
3048	0.02270
3049	0.03950
3050	0.03166
3051	0.01089
3052	-0.00726
3053	-0.01297
3054	-0.00007
3055	0.00789
3056	0.00292
3057	-0.00507
3058	-0.00338
3059	0.00432
3060	0.00546
3061	-0.00348
3062	-0.01850
3063	-0.03344
3064	-0.04748
3065	-0.05882
3066	-0.07890
3067	-0.12593
3068	-0.16982
3069	-0.16167
3070	-0.17016
3071	-0.18285
3072	-0.16585
3073	-0.15417
3074	-0.13228
3075	-0.09781
3076	-0.04834
3077	-0.03178
3078	0.00532
3079	0.02419
3080	0.00671
3081	-0.05785
3082	-0.14707
3083	-0.19725
3084	-0.13768
3085	-0.00358
3086	-0.03573
3087	-0.00047
3088	-0.00103
3089	-0.00399
3090	0.00196
3091	0.00382
3092	-0.00090
3093	-0.00187
3094	-0.00125
3095	-0.00042
3096	0.00131
3097	0.00235
3098	0.00199
3099	0.00050
3100	-0.00185
3101	-0.00365
3102	-0.00364
3103	-0.00283
3104	-0.00251
3105	-0.00272
3106	-0.00349
3107	-0.00479
3108	-0.00553
3109	-0.00460
3110	-0.00308
3111	-0.00241
3112	-0.00190
3113	-0.00057
3114	0.00102
3115	0.00147
3116	0.00102
3117	0.00079
3118	0.00107
3119	0.00157
3120	0.00174
3121	0.00112
3122	0.00027
3123	-0.00090
3124	-0.00213
3125	0.00002
3126	0.02681
3127	0.10305
3128	0.13784
3129	0.11713
3130	0.10988
3131	0.17695
3132	0.20059
3133	0.11661
3134	0.04829
3135	0.00403
3136	-0.03061
3137	-0.02419
3138	0.02769
3139	0.04949
3140	0.02422
3141	0.01400
3142	0.01207
3143	0.03251
3144	0.05866
3145	0.05631
3146	0.01724
3147	-0.00609
3148	-0.02269
3149	-0.02723
3150	-0.01123
3151	0.01707
3152	0.04596
3153	0.05025
3154	0.05001
3155	0.03592
3156	0.01380
3157	0.02200
3158	0.03873
3159	0.05371
3160	0.04782
3161	0.02549
3162	0.01396
3163	0.00835
3164	0.00289
3165	0.00132
3166	0.00544
3167	0.01109
3168	0.00680
3169	-0.00659
3170	-0.02176
3171	-0.03937
3172	-0.07107
3173	-0.11534
3174	-0.18728
3175	-0.24519
3176	-0.21854
3177	-0.23403
3178	-0.26469
3179	-0.24137
3180	-0.22480
3181	-0.16790
3182	-0.07836
3183	-0.06742
3184	-0.02875
3185	0.00397
3186	0.00366
3187	-0.02718
3188	-0.09642
3189	-0.19597
3190	-0.07907
3191	-0.06812
3192	-0.04208
3193	-0.00021
3194	-0.00289
3195	-0.00859
3196	-0.00266
3197	0.00386
3198	-0.00124
3199	-0.00298
3200	-0.00135
3201	-0.00073
3202	0.00033
3203	0.00178
3204	0.00244
3205	0.00171
3206	-0.00015
3207	-0.00170
3208	-0.00219
3209	-0.00218
3210	-0.00260
3211	-0.00352
3212	-0.00428
3213	-0.00441
3214	-0.00377
3215	-0.00264
3216	-0.00140
3217	-0.00014
3218	0.00128
3219	0.00264
3220	0.00295
3221	0.00192
3222	0.00069
3223	-0.00015
3224	-0.00063
3225	-0.00058
3226	-0.00014
3227	-0.00004
3228	-0.00232
3229	-0.00503
3230	-0.00039
3231	0.00545
3232	0.04780
3233	0.11955
3234	0.10271
3235	0.04980
3236	0.10180
3237	0.19766
3238	0.09968
3239	0.01959
3240	-0.03663
3241	-0.09083
3242	-0.07252
3243	-0.03743
3244	0.01827
3245	0.02118
3246	0.03144
3247	0.04548
3248	0.06172
3249	0.06641
3250	0.03472
3251	0.02124
3252	0.00887
3253	0.00625
3254	0.00949
3255	0.01135
3256	0.01901
3257	0.03080
3258	0.02842
3259	0.05591
3260	0.07171
3261	0.05852
3262	0.04603
3263	0.03148
3264	0.02263
3265	0.02144
3266	0.01618
3267	0.02357
3268	0.03514
3269	0.02200
3270	0.00583
3271	-0.01145
3272	-0.00856
3273	-0.00372
3274	-0.01335
3275	-0.03141
3276	-0.05511
3277	-0.08657
3278	-0.12118
3279	-0.16565
3280	-0.17671
3281	-0.20024
3282	-0.25868
3283	-0.18993
3284	-0.19168
3285	-0.19726
3286	-0.10054
3287	-0.08379
3288	-0.05442
3289	0.00320
3290	0.01905
3291	0.02992
3292	-0.02014
3293	-0.09469
3294	-0.01668
3295	-0.06055
3296	0.00659
3297	-0.00083
3298	-0.00570
3299	-0.01473
3300	-0.01148
3301	0.00157
3302	0.00009
3303	-0.00808
3304	-0.00790
3305	-0.00356
3306	-0.00027
3307	0.00148
3308	0.00213
3309	0.00206
3310	0.00062
3311	-0.00212
3312	-0.00409
3313	-0.00416
3314	-0.00337
3315	-0.00272
3316	-0.00251
3317	-0.00282
3318	-0.00359
3319	-0.00391
3320	-0.00265
3321	-0.00083
3322	0.00012
3323	0.00024
3324	-0.00017
3325	-0.00065
3326	-0.00058
3327	-0.00007
3328	0.00019
3329	0.00046
3330	0.00153
3331	0.00322
3332	0.00341
3333	0.00185
3334	0.00039
3335	-0.00002
3336	-0.00116
3337	0.02810
3338	0.05753
3339	0.09871
3340	0.07321
3341	0.01140
3342	0.04612
3343	0.12653
3344	0.10500
3345	0.01058
3346	0.03884
3347	0.02881
3348	0.00699
3349	0.01681
3350	0.03038
3351	0.01699
3352	0.01701
3353	0.02959
3354	0.03676
3355	0.05414
3356	0.05279
3357	0.02630
3358	0.01558
3359	0.01464
3360	0.01928
3361	0.02812
3362	0.04097
3363	0.05829
3364	0.04431
3365	0.01516
3366	-0.00022
3367	0.00818
3368	0.01181
3369	0.01352
3370	0.00828
3371	-0.00050
3372	-0.00777
3373	-0.00980
3374	-0.00528
3375	-0.00148
3376	0.00018
3377	0.00274
3378	0.00368
3379	0.00007
3380	-0.00792
3381	-0.02353
3382	-0.04271
3383	-0.07316
3384	-0.12068
3385	-0.18240
3386	-0.20879
3387	-0.22475
3388	-0.27443
3389	-0.26780
3390	-0.19449
3391	-0.18510
3392	-0.10072
3393	-0.02069
3394	0.02165
3395	0.06062
3396	0.03003
3397	-0.00953
3398	-0.05279
3399	-0.06539
3400	-0.00151
3401	-0.00583
3402	-0.00571
3403	-0.00837
3404	-0.00470
3405	0.00003
3406	0.00060
3407	-0.00146
3408	-0.00305
3409	-0.00278
3410	-0.00110
3411	0.00084
3412	0.00184
3413	0.00141
3414	0.00032
3415	-0.00084
3416	-0.00194
3417	-0.00271
3418	-0.00294
3419	-0.00313
3420	-0.00362
3421	-0.00383
3422	-0.00309
3423	-0.00210
3424	-0.00125
3425	-0.00014
3426	0.00087
3427	0.00122
3428	0.00084
3429	0.00016
3430	-0.00038
3431	-0.00075
3432	-0.00065
3433	0.00038
3434	0.00153
3435	0.00145
3436	0.00059
3437	0.00025
3438	0.00047
3439	0.00115
3440	0.00154
3441	0.00152
3442	0.00050
3443	0.01433
3444	0.00514
3445	0.06367
3446	0.08439
3447	0.01610
3448	0.02573
3449	0.08434
3450	0.08777
3451	0.04949
3452	0.02820
3453	0.00244
3454	-0.02552
3455	-0.05288
3456	-0.03201
3457	-0.00232
3458	0.01002
3459	0.02171
3460	0.02791
3461	0.03207
3462	0.04906
3463	0.03897
3464	0.01457
3465	-0.00907
3466	-0.03150
3467	-0.02699
3468	0.00005
3469	0.02303
3470	0.04418
3471	0.04750
3472	0.05534
3473	0.06343
3474	0.05007
3475	0.03342
3476	0.02691
3477	0.01598
3478	0.01895
3479	0.04744
3480	0.05972
3481	0.04760
3482	0.02334
3483	-0.00131
3484	-0.00184
3485	0.00150
3486	-0.01774
3487	-0.04503
3488	-0.08488
3489	-0.10627
3490	-0.12246
3491	-0.17905
3492	-0.19988
3493	-0.20090
3494	-0.22049
3495	-0.21010
3496	-0.21438
3497	-0.19712
3498	-0.16196
3499	-0.14767
3500	-0.07807
3501	-0.04690
3502	-0.03552
3503	-0.00740
3504	0.02027
3505	0.00353
3506	-0.02037
3507	-0.13064
3508	-0.07811
3509	-0.04850
3510	-0.02953
3511	0.00850
3512	-0.00156
3513	-0.00216
3514	-0.00003
3515	0.00322
3516	0.00483
3517	0.00370
3518	0.00131
3519	-0.00025
3520	-0.00034
3521	0.00033
3522	0.00065
3523	-0.00053
3524	-0.00251
3525	-0.00344
3526	-0.00312
3527	-0.00224
3528	-0.00166
3529	-0.00190
3530	-0.00257
3531	-0.00318
3532	-0.00366
3533	-0.00395
3534	-0.00346
3535	-0.00199
3536	-0.00028
3537	0.00081
3538	0.00070
3539	-0.00028
3540	-0.00114
3541	-0.00122
3542	-0.00036
3543	0.00163
3544	0.00337
3545	0.00298
3546	0.00106
3547	0.00009
3548	0.00053
3549	-0.00097
3550	-0.00040
3551	-0.01482
3552	0.00954
3553	0.00722
3554	0.06606
3555	0.02592
3556	0.01200
3557	0.07822
3558	0.14426
3559	0.07466
3560	0.01472
3561	-0.00405
3562	-0.03165
3563	-0.02194
3564	-0.02598
3565	-0.00044
3566	0.00997
3567	0.02137
3568	0.04474
3569	0.05383
3570	0.07447
3571	0.06824
3572	0.03806
3573	0.02274
3574	0.01359
3575	0.02115
3576	0.03636
3577	0.04536
3578	0.05226
3579	0.04424
3580	0.03265
3581	0.00616
3582	-0.00798
3583	-0.00365
3584	0.00290
3585	0.01409
3586	0.02720
3587	0.03784
3588	0.01909
3589	0.00619
3590	0.00886
3591	0.01189
3592	0.00983
3593	0.00102
3594	-0.00850
3595	-0.01952
3596	-0.02704
3597	-0.03476
3598	-0.05225
3599	-0.06381
3600	-0.07603
3601	-0.10564
3602	-0.15573
3603	-0.19107
3604	-0.19007
3605	-0.17645
3606	-0.18830
3607	-0.15296
3608	-0.09583
3609	-0.09448
3610	-0.06397
3611	-0.03533
3612	-0.00375
3613	0.02046
3614	0.01976
3615	-0.00304
3616	-0.08250
3617	-0.14137
3618	-0.05530
3619	-0.03078
3620	0.00818
3621	-0.00043
3622	-0.00282
3623	-0.00954
3624	-0.00354
3625	0.00386
3626	-0.00083
3627	-0.00476
3628	-0.00317
3629	-0.00097
3630	0.00041
3631	0.00118
3632	0.00155
3633	0.00111
3634	-0.00034
3635	-0.00185
3636	-0.00264
3637	-0.00315
3638	-0.00387
3639	-0.00401
3640	-0.00326
3641	-0.00286
3642	-0.00346
3643	-0.00381
3644	-0.00271
3645	-0.00094
3646	0.00018
3647	0.00021
3648	-0.00023
3649	-0.00038
3650	-0.00024
3651	0.00003
3652	0.00096
3653	0.00373
3654	0.00686
3655	0.00564
3656	0.00099
3657	-0.00112
3658	-0.00019
3659	0.00040
3660	-0.01317
3661	0.00333
3662	0.01372
3663	0.12817
3664	0.10495
3665	0.02981
3666	0.05205
3667	0.13717
3668	0.10330
3669	0.02498
3670	0.00123
3671	-0.02894
3672	-0.02880
3673	-0.01536
3674	0.02603
3675	0.02967
3676	0.01971
3677	0.03401
3678	0.05963
3679	0.08036
3680	0.06923
3681	0.03759
3682	0.02089
3683	0.01138
3684	0.01102
3685	0.02370
3686	0.04306
3687	0.05728
3688	0.05182
3689	0.03844
3690	0.02655
3691	0.02240
3692	0.03238
3693	0.02835
3694	0.02015
3695	0.01529
3696	0.01703
3697	0.01552
3698	0.00859
3699	0.00462
3700	0.00785
3701	0.02159
3702	0.03243
3703	0.01478
3704	-0.01476
3705	-0.04483
3706	-0.04236
3707	-0.03857
3708	-0.05100
3709	-0.07713
3710	-0.12405
3711	-0.13301
3712	-0.15680
3713	-0.17498
3714	-0.14535
3715	-0.16000
3716	-0.14641
3717	-0.09169
3718	-0.09270
3719	-0.06460
3720	-0.02929
3721	-0.01276
3722	0.02765
3723	0.02482
3724	0.01044
3725	-0.04864
3726	-0.21204
3727	-0.22802
3728	0.00222
3729	-0.06918
3730	0.00643
3731	-0.00196
3732	-0.00240
3733	0.00116
3734	0.00470
3735	-0.00009
3736	-0.00322
3737	-0.00193
3738	-0.00065
3739	-0.00008
3740	0.00046
3741	0.00081
3742	0.00039
3743	-0.00083
3744	-0.00220
3745	-0.00325
3746	-0.00343
3747	-0.00320
3748	-0.00317
3749	-0.00294
3750	-0.00220
3751	-0.00180
3752	-0.00182
3753	-0.00158
3754	-0.00092
3755	-0.00036
3756	-0.00034
3757	-0.00104
3758	-0.00167
3759	-0.00135
3760	-0.00011
3761	0.00141
3762	0.00197
3763	0.00120
3764	0.00056
3765	0.00084
3766	0.00134
3767	0.00126
3768	0.00048
3769	0.00044
3770	-0.00034
3771	0.01052
3772	0.08279
3773	0.10295
3774	0.04786
3775	0.04704
3776	0.11435
3777	0.10374
3778	0.05659
3779	0.05476
3780	0.04583
3781	0.03060
3782	0.06405
3783	0.08771
3784	0.05996
3785	0.04110
3786	0.06080
3787	0.06338
3788	0.05781
3789	0.09072
3790	0.09666
3791	0.03117
3792	-0.00558
3793	-0.01771
3794	-0.00181
3795	0.02027
3796	0.03128
3797	0.02000
3798	0.00500
3799	0.01055
3800	0.02464
3801	0.01695
3802	0.01032
3803	0.02184
3804	0.02566
3805	0.01381
3806	0.00624
3807	0.00377
3808	-0.00431
3809	-0.01531
3810	-0.02195
3811	-0.02478
3812	-0.00739
3813	-0.00526
3814	-0.04407
3815	-0.10015
3816	-0.11747
3817	-0.18283
3818	-0.23369
3819	-0.27822
3820	-0.30189
3821	-0.23268
3822	-0.22784
3823	-0.21028
3824	-0.14561
3825	-0.08007
3826	-0.02889
3827	0.00023
3828	0.01834
3829	0.01092
3830	-0.02359
3831	-0.13403
3832	-0.19281
3833	0.02355
3834	-0.02256
3835	-0.01476
3836	-0.00197
3837	-0.00762
3838	-0.01310
3839	-0.00266
3840	0.00145
3841	-0.00662
3842	-0.00742
3843	-0.00251
3844	0.00056
3845	0.00138
3846	0.00134
3847	0.00069
3848	-0.00058
3849	-0.00203
3850	-0.00321
3851	-0.00327
3852	-0.00250
3853	-0.00233
3854	-0.00290
3855	-0.00328
3856	-0.00324
3857	-0.00348
3858	-0.00408
3859	-0.00399
3860	-0.00267
3861	-0.00103
3862	-0.00005
3863	0.00025
3864	0.00028
3865	0.00019
3866	-0.00000
3867	-0.00005
3868	0.00101
3869	0.00426
3870	0.00612
3871	0.00400
3872	0.00162
3873	0.00116
3874	0.00228
3875	-0.00415
3876	0.01268
3877	0.02788
3878	0.11248
3879	0.07826
3880	0.02391
3881	0.08891
3882	0.14791
3883	0.08856
3884	0.04745
3885	0.01932
3886	0.00854
3887	0.01125
3888	0.02938
3889	0.04069
3890	0.02542
3891	0.01014
3892	0.01079
3893	0.01554
3894	0.03164
3895	0.04109
3896	0.03042
3897	0.02671
3898	0.02014
3899	0.00968
3900	-0.00238
3901	-0.00629
3902	0.00175
3903	0.01688
3904	0.01574
3905	0.02982
3906	0.05915
3907	0.05086
3908	0.02738
3909	0.01996
3910	0.02051
3911	0.02697
3912	0.02940
3913	0.03180
3914	0.03239
3915	0.01870
3916	-0.01579
3917	-0.05859
3918	-0.06686
3919	-0.06970
3920	-0.08939
3921	-0.11443
3922	-0.13996
3923	-0.16633
3924	-0.17402
3925	-0.19565
3926	-0.18988
3927	-0.19239
3928	-0.23877
3929	-0.28065
3930	-0.31796
3931	-0.17297
3932	-0.10901
3933	-0.13990
3934	-0.03310
3935	0.00809
3936	0.02226
3937	-0.02524
3938	-0.01247
3939	-0.02683
3940	-0.10152
3941	-0.03649
3942	0.00183
3943	-0.00413
3944	-0.01189
3945	-0.01183
3946	0.00070
3947	-0.00017
3948	-0.00732
3949	-0.00562
3950	-0.00184
3951	0.00039
3952	0.00150
3953	0.00152
3954	0.00057
3955	-0.00045
3956	-0.00112
3957	-0.00141
3958	-0.00141
3959	-0.00161
3960	-0.00230
3961	-0.00314
3962	-0.00361
3963	-0.00340
3964	-0.00238
3965	-0.00125
3966	-0.00069
3967	-0.00025
3968	0.00065
3969	0.00132
3970	0.00070
3971	-0.00057
3972	-0.00098
3973	-0.00032
3974	0.00041
3975	0.00070
3976	0.00101
3977	0.00147
3978	0.00169
3979	0.00158
3980	0.00123
3981	0.00064
3982	0.00097
3983	0.02934
3984	0.07155
3985	0.13962
3986	0.07018
3987	0.06384
3988	0.11421
3989	0.07644
3990	0.02370
3991	0.01293
3992	0.01178
3993	-0.00633
3994	-0.01593
3995	0.01041
3996	0.03609
3997	0.02130
3998	0.02317
3999	0.03916
4000	0.05090
4001	0.05481
4002	0.03188
4003	0.00660
4004	-0.00229
4005	0.00933
4006	0.03787
4007	0.03520
4008	0.03574
4009	0.05373
4010	0.04274
4011	0.04745
4012	0.04653
4013	0.02807
4014	0.01473
4015	0.00325
4016	0.01180
4017	0.03892
4018	0.05576
4019	0.03366
4020	0.00969
4021	0.00374
4022	0.00898
4023	0.00848
4024	-0.01036
4025	-0.03768
4026	-0.06256
4027	-0.07127
4028	-0.07785
4029	-0.10168
4030	-0.13321
4031	-0.15018
4032	-0.15898
4033	-0.15852
4034	-0.13646
4035	-0.15065
4036	-0.17732
4037	-0.15244
4038	-0.08853
4039	-0.04103
4040	-0.01804
4041	-0.01148
4042	0.00384
4043	0.01263
4044	0.00308
4045	-0.03338
4046	-0.01654
4047	-0.14239
4048	-0.05151
4049	0.04171
4050	-0.00105
4051	-0.00546
4052	-0.01058
4053	-0.00370
4054	0.00325
4055	-0.00001
4056	-0.00301
4057	-0.00246
4058	-0.00168
4059	-0.00078
4060	0.00090
4061	0.00235
4062	0.00209
4063	0.00028
4064	-0.00248
4065	-0.00462
4066	-0.00479
4067	-0.00376
4068	-0.00254
4069	-0.00168
4070	-0.00187
4071	-0.00331
4072	-0.00440
4073	-0.00353
4074	-0.00135
4075	0.00065
4076	0.00118
4077	0.00035
4078	-0.00048
4079	-0.00096
4080	-0.00091
4081	0.00003
4082	0.00204
4083	0.00371
4084	0.00320
4085	0.00142
4086	0.00045
4087	-0.00122
4088	-0.00328
4089	-0.00379
4090	0.01231
4091	0.04972
4092	0.07539
4093	0.07394
4094	0.06227
4095	0.11627
4096	0.15278
4097	0.07050
4098	0.02058
4099	0.01345
4100	0.00803
4101	0.01947
4102	0.06957
4103	0.07644
4104	0.03564
4105	0.06001
4106	0.08654
4107	0.07405
4108	0.07256
4109	0.07681
4110	0.05136
4111	0.03042
4112	0.02431
4113	0.02798
4114	0.03008
4115	0.03067
4116	0.04016
4117	0.03916
4118	0.04251
4119	0.05468
4120	0.04707
4121	0.02751
4122	0.02061
4123	0.03442
4124	0.04281
4125	0.04655
4126	0.02938
4127	0.00674
4128	-0.00828
4129	-0.02532
4130	-0.03743
4131	-0.05432
4132	-0.03485
4133	-0.02526
4134	-0.04438
4135	-0.06670
4136	-0.10308
4137	-0.16482
4138	-0.20637
4139	-0.27948
4140	-0.29325
4141	-0.25508
4142	-0.28559
4143	-0.28147
4144	-0.22283
4145	-0.14740
4146	-0.07002
4147	-0.06012
4148	-0.01794
4149	0.01777
4150	0.01744
4151	0.00765
4152	-0.07638
4153	-0.07197
4154	-0.09867
4155	-0.04010
4156	-0.01768
4157	-0.00002
4158	-0.00493
4159	-0.01075
4160	-0.00250
4161	0.00771
4162	0.00731
4163	0.00300
4164	-0.00088
4165	-0.00189
4166	0.00013
4167	0.00206
4168	0.00190
4169	0.00019
4170	-0.00214
4171	-0.00362
4172	-0.00345
4173	-0.00270
4174	-0.00255
4175	-0.00320
4176	-0.00446
4177	-0.00568
4178	-0.00563
4179	-0.00408
4180	-0.00216
4181	-0.00069
4182	0.00014
4183	0.00039
4184	0.00018
4185	0.00005
4186	0.00047
4187	0.00173
4188	0.00284
4189	0.00212
4190	0.00056
4191	-0.00003
4192	-0.00217
4193	-0.00842
4194	-0.00693
4195	-0.00146
4196	0.04096
4197	0.11888
4198	0.10810
4199	0.09614
4200	0.17742
4201	0.23717
4202	0.15587
4203	0.04404
4204	0.00659
4205	-0.03649
4206	-0.03783
4207	-0.03065
4208	0.01364
4209	0.03320
4210	0.02296
4211	0.03878
4212	0.07361
4213	0.07907
4214	0.07827
4215	0.04944
4216	0.02589
4217	0.00691
4218	-0.00309
4219	-0.00226
4220	0.01179
4221	0.03337
4222	0.03436
4223	0.04854
4224	0.06496
4225	0.08972
4226	0.06382
4227	0.02357
4228	0.00754
4229	0.00649
4230	0.01451
4231	0.03138
4232	0.03651
4233	0.02055
4234	0.00512
4235	-0.01243
4236	-0.02799
4237	-0.04260
4238	-0.05466
4239	-0.06867
4240	-0.08761
4241	-0.09669
4242	-0.11526
4243	-0.14489
4244	-0.15668
4245	-0.17577
4246	-0.22381
4247	-0.20021
4248	-0.14939
4249	-0.17370
4250	-0.15906
4251	-0.07022
4252	-0.02926
4253	-0.02727
4254	0.01292
4255	0.01997
4256	0.02673
4257	-0.01497
4258	-0.06005
4259	-0.08551
4260	-0.17342
4261	-0.07143
4262	0.02882
4263	-0.00136
4264	-0.00554
4265	-0.00867
4266	0.00019
4267	0.00600
4268	0.00064
4269	-0.00316
4270	-0.00283
4271	-0.00159
4272	-0.00003
4273	0.00148
4274	0.00203
4275	0.00074
4276	-0.00173
4277	-0.00330
4278	-0.00343
4279	-0.00282
4280	-0.00219
4281	-0.00217
4282	-0.00283
4283	-0.00343
4284	-0.00325
4285	-0.00224
4286	-0.00066
4287	0.00085
4288	0.00158
4289	0.00129
4290	-0.00007
4291	-0.00150
4292	-0.00178
4293	-0.00112
4294	-0.00033
4295	0.00054
4296	0.00229
4297	0.00493
4298	0.00591
4299	0.00345
4300	0.00079
4301	0.00055
4302	0.00037
4303	0.00028
4304	0.02251
4305	0.04828
4306	0.10601
4307	0.07699
4308	0.04659
4309	0.08760
4310	0.12497
4311	0.10139
4312	0.05924
4313	0.01616
4314	-0.01835
4315	-0.03262
4316	-0.00632
4317	0.03970
4318	0.03885
4319	0.03709
4320	0.03515
4321	0.04029
4322	0.05547
4323	0.05990
4324	0.02824
4325	0.00469
4326	-0.01200
4327	-0.02155
4328	-0.01293
4329	0.00885
4330	0.02230
4331	0.02159
4332	0.02543
4333	0.03884
4334	0.05586
4335	0.03851
4336	0.01100
4337	-0.00384
4338	-0.00563
4339	0.01054
4340	0.03267
4341	0.03104
4342	0.01220
4343	-0.00532
4344	-0.01575
4345	-0.02168
4346	-0.01582
4347	-0.01367
4348	-0.02993
4349	-0.04739
4350	-0.06470
4351	-0.08101
4352	-0.10196
4353	-0.15956
4354	-0.19470
4355	-0.21224
4356	-0.26052
4357	-0.25953
4358	-0.22389
4359	-0.24329
4360	-0.24379
4361	-0.15669
4362	-0.11635
4363	-0.07818
4364	-0.02938
4365	0.00547
4366	0.00834
4367	-0.00087
4368	-0.05062
4369	-0.09039
4370	-0.06786
4371	-0.06695
4372	0.01473
4373	-0.00202
4374	-0.00855
4375	-0.01325
4376	-0.00391
4377	0.00314
4378	-0.00051
4379	-0.00330
4380	-0.00298
4381	-0.00235
4382	-0.00159
4383	-0.00023
4384	0.00087
4385	-0.00004
4386	-0.00224
4387	-0.00372
4388	-0.00385
4389	-0.00284
4390	-0.00190
4391	-0.00191
4392	-0.00277
4393	-0.00378
4394	-0.00390
4395	-0.00275
4396	-0.00080
4397	0.00050
4398	0.00058
4399	0.00016
4400	-0.00026
4401	-0.00117
4402	-0.00223
4403	-0.00216
4404	0.00012
4405	0.00283
4406	0.00258
4407	0.00042
4408	-0.00034
4409	-0.00005
4410	-0.00320
4411	-0.00358
4412	-0.01419
4413	0.00233
4414	0.01718
4415	0.04888
4416	0.04933
4417	0.01827
4418	0.04495
4419	0.10849
4420	0.08491
4421	0.02991
4422	0.02598
4423	-0.01883
4424	-0.02854
4425	-0.03261
4426	0.00979
4427	0.02089
4428	0.02265
4429	0.02978
4430	0.03369
4431	0.06136
4432	0.05836
4433	0.03218
4434	0.00972
4435	0.00410
4436	0.00778
4437	0.01021
4438	0.01666
4439	0.03825
4440	0.04388
4441	0.04084
4442	0.04982
4443	0.03991
4444	0.02727
4445	0.02483
4446	0.02932
4447	0.03776
4448	0.04896
4449	0.05861
4450	0.06047
4451	0.03831
4452	0.01537
4453	0.00882
4454	0.01243
4455	0.01733
4456	0.01837
4457	0.00405
4458	-0.02593
4459	-0.05952
4460	-0.09021
4461	-0.11183
4462	-0.12904
4463	-0.17031
4464	-0.23728
4465	-0.23654
4466	-0.22330
4467	-0.23993
4468	-0.21553
4469	-0.21642
4470	-0.16129
4471	-0.04582
4472	-0.01608
4473	0.01725
4474	0.02694
4475	0.00549
4476	-0.02812
4477	-0.12740
4478	-0.03417
4479	0.01530
4480	-0.05739
4481	0.01986
4482	-0.00184
4483	-0.00779
4484	-0.00779
4485	0.00198
4486	0.00320
4487	-0.00462
4488	-0.00718
4489	-0.00404
4490	-0.00050
4491	0.00181
4492	0.00265
4493	0.00214
4494	0.00084
4495	-0.00104
4496	-0.00333
4497	-0.00488
4498	-0.00476
4499	-0.00376
4500	-0.00332
4501	-0.00390
4502	-0.00500
4503	-0.00544
4504	-0.00442
4505	-0.00267
4506	-0.00137
4507	-0.00081
4508	-0.00017
4509	0.00093
4510	0.00185
4511	0.00205
4512	0.00182
4513	0.00163
4514	0.00141
4515	0.00088
4516	0.00034
4517	0.00008
4518	-0.00089
4519	-0.00053
4520	-0.00103
4521	0.01733
4522	0.07380
4523	0.09423
4524	0.04130
4525	0.03832
4526	0.11085
4527	0.11327
4528	0.05004
4529	0.02025
4530	0.00113
4531	-0.01082
4532	-0.02708
4533	-0.00975
4534	0.01659
4535	0.01506
4536	0.02498
4537	0.03110
4538	0.05081
4539	0.05683
4540	0.03033
4541	0.00661
4542	-0.00353
4543	0.00089
4544	0.01414
4545	0.03018
4546	0.03325
4547	0.03802
4548	0.03378
4549	0.03372
4550	0.04034
4551	0.02674
4552	0.02051
4553	0.03109
4554	0.04746
4555	0.04630
4556	0.03875
4557	0.03172
4558	0.03650
4559	0.03340
4560	0.02531
4561	0.02660
4562	0.01257
4563	-0.01029
4564	-0.02593
4565	-0.03361
4566	-0.04691
4567	-0.07216
4568	-0.09858
4569	-0.12043
4570	-0.14740
4571	-0.17900
4572	-0.17637
4573	-0.22268
4574	-0.22717
4575	-0.18272
4576	-0.19614
4577	-0.17916
4578	-0.09054
4579	-0.07230
4580	-0.05060
4581	-0.00185
4582	0.01488
4583	0.00392
4584	-0.04738
4585	-0.07846
4586	0.00935
4587	-0.00935
4588	-0.03023
4589	-0.00121
4590	-0.00838
4591	-0.01408
4592	-0.00480
4593	0.00422
4594	0.00168
4595	-0.00201
4596	-0.00280
4597	-0.00233
4598	-0.00080
4599	0.00076
4600	0.00082
4601	-0.00021
4602	-0.00151
4603	-0.00290
4604	-0.00407
4605	-0.00423
4606	-0.00343
4607	-0.00259
4608	-0.00200
4609	-0.00169
4610	-0.00170
4611	-0.00159
4612	-0.00096
4613	-0.00008
4614	0.00073
4615	0.00127
4616	0.00072
4617	-0.00087
4618	-0.00167
4619	-0.00080
4620	0.00215
4621	0.00425
4622	0.00195
4623	-0.00102
4624	-0.00034
4625	-0.00023
4626	-0.00537
4627	-0.00087
4628	-0.00818
4629	0.01725
4630	0.03993
4631	0.04068
4632	0.01093
4633	0.00240
4634	0.06986
4635	0.11343
4636	0.03878
4637	0.00439
4638	-0.01144
4639	-0.03741
4640	-0.03489
4641	-0.02794
4642	0.00906
4643	0.01889
4644	0.03314
4645	0.05776
4646	0.07732
4647	0.08314
4648	0.05757
4649	0.04481
4650	0.02953
4651	0.01609
4652	0.00810
4653	0.00424
4654	0.01704
4655	0.03385
4656	0.03510
4657	0.03473
4658	0.04733
4659	0.05386
4660	0.03753
4661	0.03103
4662	0.02882
4663	0.03304
4664	0.05427
4665	0.06243
4666	0.03493
4667	0.01000
4668	-0.00061
4669	-0.00126
4670	0.00562
4671	0.01017
4672	0.00256
4673	-0.01983
4674	-0.03633
4675	-0.04526
4676	-0.06185
4677	-0.09875
4678	-0.13626
4679	-0.16677
4680	-0.19847
4681	-0.18053
4682	-0.15228
4683	-0.20967
4684	-0.16281
4685	-0.09436
4686	-0.08893
4687	-0.04360
4688	-0.00848
4689	0.02578
4690	0.02966
4691	0.02350
4692	0.00181
4693	-0.03277
4694	-0.10206
4695	-0.11940
4696	0.00466
4697	0.01984
4698	-0.00150
4699	-0.00524
4700	-0.00887
4701	-0.00450
4702	0.00100
4703	-0.00038
4704	-0.00160
4705	-0.00100
4706	-0.00080
4707	-0.00047
4708	0.00072
4709	0.00179
4710	0.00129
4711	-0.00005
4712	-0.00130
4713	-0.00198
4714	-0.00225
4715	-0.00274
4716	-0.00358
4717	-0.00403
4718	-0.00368
4719	-0.00301
4720	-0.00223
4721	-0.00129
4722	-0.00043
4723	0.00023
4724	0.00066
4725	0.00025
4726	-0.00079
4727	-0.00133
4728	-0.00097
4729	0.00045
4730	0.00201
4731	0.00230
4732	0.00080
4733	-0.00057
4734	-0.00001
4735	-0.00027
4736	-0.00206
4737	0.01256
4738	-0.00271
4739	0.01984
4740	0.03750
4741	0.07629
4742	0.02511
4743	0.02330
4744	0.07231
4745	0.07154
4746	0.03571
4747	0.02326
4748	0.00506
4749	-0.02751
4750	-0.04043
4751	-0.00764
4752	0.01011
4753	0.00929
4754	0.02433
4755	0.03346
4756	0.05149
4757	0.06796
4758	0.04509
4759	0.03232
4760	0.01255
4761	0.00051
4762	0.00689
4763	0.01672
4764	0.02774
4765	0.03080
4766	0.02346
4767	0.04717
4768	0.04226
4769	0.01706
4770	0.01314
4771	0.02482
4772	0.03197
4773	0.02714
4774	0.02428
4775	0.02142
4776	0.01521
4777	0.01655
4778	0.02881
4779	0.03315
4780	0.02772
4781	0.01262
4782	-0.01274
4783	-0.02545
4784	-0.03893
4785	-0.07136
4786	-0.14426
4787	-0.18269
4788	-0.19153
4789	-0.23773
4790	-0.21904
4791	-0.20387
4792	-0.21210
4793	-0.21480
4794	-0.19497
4795	-0.07924
4796	-0.03155
4797	0.00265
4798	0.03385
4799	0.01312
4800	-0.00424
4801	-0.06687
4802	-0.04416
4803	0.01023
4804	0.00694
4805	-0.00105
4806	-0.00667
4807	-0.01346
4808	-0.00890
4809	0.00007
4810	-0.00237
4811	-0.00739
4812	-0.00601
4813	-0.00278
4814	-0.00080
4815	0.00076
4816	0.00193
4817	0.00176
4818	0.00013
4819	-0.00235
4820	-0.00418
4821	-0.00425
4822	-0.00321
4823	-0.00233
4824	-0.00211
4825	-0.00216
4826	-0.00217
4827	-0.00243
4828	-0.00272
4829	-0.00249
4830	-0.00189
4831	-0.00111
4832	-0.00021
4833	-0.00001
4834	-0.00067
4835	-0.00116
4836	-0.00101
4837	-0.00017
4838	0.00132
4839	0.00326
4840	0.00475
4841	0.00438
4842	0.00231
4843	0.00084
4844	0.00049
4845	-0.00004
4846	0.00496
4847	0.04425
4848	0.12425
4849	0.13323
4850	0.04152
4851	0.03665
4852	0.11066
4853	0.10878
4854	0.04660
4855	0.01661
4856	0.01273
4857	0.00877
4858	0.01053
4859	0.01909
4860	0.01859
4861	0.00782
4862	0.01195
4863	0.02877
4864	0.03312
4865	0.02451
4866	0.01624
4867	0.01652
4868	0.01498
4869	0.01166
4870	0.02378
4871	0.03222
4872	0.03465
4873	0.03047
4874	0.02763
4875	0.04296
4876	0.05630
4877	0.04668
4878	0.04422
4879	0.04583
4880	0.03923
4881	0.03764
4882	0.03178
4883	0.01613
4884	0.01050
4885	0.01233
4886	0.00736
4887	-0.00235
4888	-0.00668
4889	-0.01145
4890	-0.02458
4891	-0.03692
4892	-0.05395
4893	-0.09123
4894	-0.13421
4895	-0.15870
4896	-0.15769
4897	-0.18495
4898	-0.19601
4899	-0.16284
4900	-0.15922
4901	-0.16193
4902	-0.12491
4903	-0.10021
4904	-0.06369
4905	-0.01174
4906	0.00956
4907	0.03336
4908	0.02602
4909	0.00294
4910	-0.04290
4911	-0.03649
4912	-0.10659
4913	-0.05619
4914	0.05432
4915	0.00014
4916	0.00032
4917	-0.00907
4918	-0.00801
4919	0.00336
4920	0.00138
4921	-0.00620
4922	-0.00627
4923	-0.00278
4924	-0.00053
4925	0.00081
4926	0.00141
4927	0.00080
4928	-0.00056
4929	-0.00176
4930	-0.00227
4931	-0.00205
4932	-0.00173
4933	-0.00160
4934	-0.00166
4935	-0.00232
4936	-0.00345
4937	-0.00389
4938	-0.00320
4939	-0.00227
4940	-0.00128
4941	-0.00003
4942	0.00041
4943	-0.00033
4944	-0.00038
4945	0.00004
4946	0.00010
4947	0.00217
4948	0.00556
4949	0.00541
4950	0.00178
4951	0.00005
4952	-0.00067
4953	-0.00326
4954	-0.00354
4955	0.01580
4956	0.08309
4957	0.07483
4958	0.05696
4959	0.02968
4960	0.08205
4961	0.13655
4962	0.06113
4963	0.00651
4964	0.00384
4965	0.00212
4966	0.00233
4967	0.01845
4968	0.02544
4969	0.00488
4970	0.00941
4971	0.02808
4972	0.03762
4973	0.05123
4974	0.04056
4975	0.01815
4976	0.01296
4977	0.01483
4978	0.01603
4979	0.01741
4980	0.01911
4981	0.02748
4982	0.03200
4983	0.03516
4984	0.04102
4985	0.04408
4986	0.04674
4987	0.04499
4988	0.04198
4989	0.04749
4990	0.05108
4991	0.05292
4992	0.06152
4993	0.05365
4994	0.04783
4995	0.04313
4996	0.01137
4997	-0.01964
4998	-0.02866
4999	-0.03223
5000	-0.05811
5001	-0.09695
5002	-0.14309
5003	-0.20652
5004	-0.25201
5005	-0.25425
5006	-0.23724
5007	-0.25304
5008	-0.25156
5009	-0.24061
5010	-0.19636
5011	-0.07225
5012	-0.04704
5013	0.00500
5014	0.03780
5015	0.02759
5016	-0.01620
5017	-0.07377
5018	-0.07551
5019	0.03869
5020	0.00662
5021	0.00025
5022	-0.00389
5023	-0.00846
5024	-0.00477
5025	0.00294
5026	0.00093
5027	-0.00395
5028	-0.00414
5029	-0.00241
5030	-0.00083
5031	0.00075
5032	0.00234
5033	0.00262
5034	0.00080
5035	-0.00212
5036	-0.00493
5037	-0.00571
5038	-0.00433
5039	-0.00282
5040	-0.00253
5041	-0.00348
5042	-0.00494
5043	-0.00574
5044	-0.00474
5045	-0.00254
5046	-0.00075
5047	0.00035
5048	0.00078
5049	0.00019
5050	-0.00077
5051	-0.00081
5052	0.00027
5053	0.00184
5054	0.00321
5055	0.00285
5056	0.00098
5057	-0.00019
5058	0.00011
5059	0.00168
5060	0.00319
5061	-0.00169
5062	0.03429
5063	0.07644
5064	0.08762
5065	0.03707
5066	0.01823
5067	0.06835
5068	0.09774
5069	0.04317
5070	0.00916
5071	0.00500
5072	0.00326
5073	0.00170
5074	0.00857
5075	0.02522
5076	0.02031
5077	0.01606
5078	0.01048
5079	0.01281
5080	0.03281
5081	0.03261
5082	0.01487
5083	0.01642
5084	0.00241
5085	0.00004
5086	0.00690
5087	0.01069
5088	0.01075
5089	0.00298
5090	0.00380
5091	0.02307
5092	0.03634
5093	0.02348
5094	0.02364
5095	0.00956
5096	0.01066
5097	0.02791
5098	0.03265
5099	0.04051
5100	0.03126
5101	0.01702
5102	0.00998
5103	-0.01698
5104	-0.02370
5105	-0.03417
5106	-0.03769
5107	-0.04470
5108	-0.07356
5109	-0.08895
5110	-0.13421
5111	-0.15864
5112	-0.15332
5113	-0.19294
5114	-0.18919
5115	-0.18621
5116	-0.22434
5117	-0.19245
5118	-0.14264
5119	-0.14438
5120	-0.06887
5121	-0.01073
5122	0.01641
5123	-0.00510
5124	-0.02620
5125	0.00628
5126	0.00715
5127	0.00001
5128	-0.00768
5129	-0.01575
5130	-0.01068
5131	-0.00095
5132	-0.00071
5133	-0.00145
5134	-0.00108
5135	-0.00147
5136	-0.00117
5137	-0.00021
5138	0.00056
5139	0.00108
5140	0.00089
5141	0.00011
5142	-0.00083
5143	-0.00188
5144	-0.00323
5145	-0.00449
5146	-0.00489
5147	-0.00433
5148	-0.00336
5149	-0.00265
5150	-0.00201
5151	-0.00116
5152	-0.00019
5153	0.00110
5154	0.00249
5155	0.00287
5156	0.00186
5157	0.00020
5158	-0.00144
5159	-0.00236
5160	-0.00160
5161	0.00003
5162	0.00062
5163	0.00050
5164	0.00056
5165	0.00069
5166	0.00110
5167	0.00263
5168	-0.00181
5169	0.01199
5170	0.09189
5171	0.10868
5172	0.04326
5173	0.02490
5174	0.06151
5175	0.06909
5176	0.04000
5177	0.01935
5178	0.00892
5179	-0.00383
5180	-0.01467
5181	-0.00617
5182	0.00915
5183	0.00800
5184	0.01402
5185	0.02285
5186	0.02003
5187	0.02244
5188	0.02572
5189	0.01520
5190	0.01191
5191	0.01459
5192	0.01629
5193	0.01541
5194	0.01727
5195	0.02385
5196	0.01526
5197	0.01644
5198	0.03641
5199	0.02815
5200	0.01927
5201	0.02230
5202	0.02076
5203	0.02402
5204	0.03047
5205	0.02791
5206	0.00766
5207	-0.00063
5208	0.00400
5209	0.00829
5210	-0.00064
5211	-0.01688
5212	-0.03862
5213	-0.05233
5214	-0.06033
5215	-0.07065
5216	-0.09223
5217	-0.14238
5218	-0.17224
5219	-0.17086
5220	-0.18848
5221	-0.18758
5222	-0.18635
5223	-0.21240
5224	-0.21045
5225	-0.12237
5226	-0.06747
5227	-0.05477
5228	-0.00618
5229	0.01682
5230	0.01724
5231	-0.02415
5232	-0.08701
5233	0.01964
5234	-0.02722
5235	-0.02199
5236	-0.00212
5237	-0.00655
5238	-0.00738
5239	-0.00024
5240	0.00308
5241	0.00050
5242	-0.00136
5243	-0.00194
5244	-0.00173
5245	-0.00059
5246	0.00086
5247	0.00140
5248	0.00047
5249	-0.00181
5250	-0.00441
5251	-0.00517
5252	-0.00393
5253	-0.00268
5254	-0.00212
5255	-0.00192
5256	-0.00203
5257	-0.00260
5258	-0.00327
5259	-0.00325
5260	-0.00198
5261	0.00032
5262	0.00186
5263	0.00168
5264	0.00074
5265	-0.00003
5266	-0.00031
5267	-0.00013
5268	0.00117
5269	0.00590
5270	0.01222
5271	0.01203
5272	0.00560
5273	-0.00046
5274	-0.00287
5275	-0.00082
5276	-0.01067
5277	0.03613
5278	0.16897
5279	0.21179
5280	0.07267
5281	0.04176
5282	0.07413
5283	0.06948
5284	0.03646
5285	0.03969
5286	0.04879
5287	0.03457
5288	0.02238
5289	0.01039
5290	-0.00758
5291	-0.02129
5292	-0.02418
5293	0.00160
5294	0.02596
5295	0.04136
5296	0.03546
5297	0.01803
5298	-0.00241
5299	-0.01024
5300	-0.00362
5301	0.00833
5302	0.01416
5303	0.02825
5304	0.02974
5305	0.02659
5306	0.02451
5307	0.01917
5308	0.01819
5309	0.01748
5310	0.01161
5311	0.01216
5312	0.01316
5313	0.00850
5314	0.00630
5315	0.00532
5316	0.00437
5317	-0.00126
5318	-0.02103
5319	-0.04945
5320	-0.07191
5321	-0.06637
5322	-0.08266
5323	-0.13427
5324	-0.15026
5325	-0.17289
5326	-0.20841
5327	-0.20756
5328	-0.23087
5329	-0.22686
5330	-0.22084
5331	-0.25707
5332	-0.20665
5333	-0.15489
5334	-0.08376
5335	-0.05160
5336	-0.01438
5337	0.03153
5338	0.02951
5339	-0.01439
5340	-0.01371
5341	-0.00629
5342	-0.13675
5343	0.00282
5344	-0.00428
5345	-0.00461
5346	-0.01039
5347	-0.00798
5348	0.00164
5349	0.00373
5350	0.00040
5351	-0.00081
5352	-0.00105
5353	-0.00096
5354	0.00003
5355	0.00136
5356	0.00205
5357	0.00122
5358	-0.00056
5359	-0.00197
5360	-0.00228
5361	-0.00164
5362	-0.00119
5363	-0.00123
5364	-0.00141
5365	-0.00172
5366	-0.00229
5367	-0.00228
5368	-0.00123
5369	0.00013
5370	0.00127
5371	0.00158
5372	0.00099
5373	0.00020
5374	-0.00017
5375	-0.00013
5376	0.00078
5377	0.00181
5378	0.00119
5379	0.00017
5380	-0.00006
5381	-0.00043
5382	-0.00386
5383	-0.01608
5384	-0.01288
5385	0.03332
5386	0.09296
5387	0.07201
5388	0.04296
5389	0.08225
5390	0.20607
5391	0.12867
5392	0.00456
5393	0.00098
5394	-0.01187
5395	-0.00978
5396	-0.01951
5397	0.00614
5398	0.00617
5399	-0.00221
5400	0.01612
5401	0.05476
5402	0.05513
5403	0.03564
5404	0.04063
5405	0.03404
5406	0.02501
5407	0.02417
5408	0.02615
5409	0.02543
5410	0.01899
5411	0.02350
5412	0.03784
5413	0.05445
5414	0.05140
5415	0.03757
5416	0.03263
5417	0.03330
5418	0.02760
5419	0.03863
5420	0.04918
5421	0.03586
5422	0.02842
5423	0.01707
5424	0.00339
5425	0.00086
5426	-0.00056
5427	-0.01090
5428	-0.02636
5429	-0.03741
5430	-0.05534
5431	-0.09629
5432	-0.12801
5433	-0.14200
5434	-0.17416
5435	-0.17034
5436	-0.17035
5437	-0.22628
5438	-0.23274
5439	-0.18599
5440	-0.10646
5441	-0.05761
5442	-0.04794
5443	-0.01379
5444	0.01042
5445	0.02694
5446	0.00229
5447	-0.05075
5448	-0.11204
5449	-0.05567
5450	-0.10732
5451	-0.02733
5452	-0.00069
5453	-0.00599
5454	-0.01139
5455	-0.00517
5456	0.00552
5457	0.00402
5458	-0.00079
5459	-0.00263
5460	-0.00231
5461	-0.00051
5462	0.00126
5463	0.00205
5464	0.00155
5465	0.00004
5466	-0.00175
5467	-0.00294
5468	-0.00323
5469	-0.00316
5470	-0.00325
5471	-0.00342
5472	-0.00375
5473	-0.00443
5474	-0.00483
5475	-0.00412
5476	-0.00240
5477	-0.00051
5478	0.00045
5479	0.00029
5480	-0.00026
5481	-0.00035
5482	0.00017
5483	0.00088
5484	0.00128
5485	0.00124
5486	0.00108
5487	0.00079
5488	0.00089
5489	0.00160
5490	0.00152
5491	0.00197
5492	0.01532
5493	0.06124
5494	0.11202
5495	0.07540
5496	0.04259
5497	0.12035
5498	0.17906
5499	0.09894
5500	0.02987
5501	0.00729
5502	-0.03024
5503	-0.04102
5504	-0.02729
5505	0.01562
5506	0.01459
5507	0.00920
5508	0.01429
5509	0.03394
5510	0.06169
5511	0.05671
5512	0.02766
5513	0.01185
5514	0.00817
5515	0.00718
5516	0.00573
5517	0.01196
5518	0.02620
5519	0.02719
5520	0.02492
5521	0.04672
5522	0.06043
5523	0.04210
5524	0.02277
5525	0.00994
5526	0.01472
5527	0.02701
5528	0.03132
5529	0.03844
5530	0.03643
5531	0.03098
5532	0.02962
5533	-0.00203
5534	-0.02459
5535	-0.02723
5536	-0.02245
5537	-0.03137
5538	-0.05691
5539	-0.08780
5540	-0.12010
5541	-0.15517
5542	-0.18604
5543	-0.22370
5544	-0.26384
5545	-0.28323
5546	-0.27834
5547	-0.28910
5548	-0.20416
5549	-0.10550
5550	-0.11777
5551	-0.03686
5552	0.01220
5553	0.01244
5554	-0.04238
5555	-0.03108
5556	-0.03823
5557	0.03224
5558	-0.01326
5559	-0.00016
5560	-0.00163
5561	-0.00841
5562	-0.01003
5563	-0.00114
5564	0.00060
5565	-0.00447
5566	-0.00446
5567	-0.00218
5568	-0.00048
5569	0.00163
5570	0.00316
5571	0.00183
5572	-0.00145
5573	-0.00428
5574	-0.00488
5575	-0.00311
5576	-0.00128
5577	-0.00111
5578	-0.00218
5579	-0.00328
5580	-0.00406
5581	-0.00433
5582	-0.00359
5583	-0.00213
5584	-0.00079
5585	-0.00005
5586	0.00001
5587	-0.00052
5588	-0.00108
5589	-0.00087
5590	-0.00018
5591	0.00052
5592	0.00128
5593	0.00215
5594	0.00277
5595	0.00262
5596	0.00217
5597	0.00212
5598	0.00104
5599	-0.00071
5600	0.03036
5601	0.05152
5602	0.13817
5603	0.06700
5604	0.02816
5605	0.07808
5606	0.13916
5607	0.09046
5608	0.03523
5609	0.01232
5610	-0.00700
5611	-0.02775
5612	-0.02306
5613	0.00910
5614	0.02302
5615	0.02861
5616	0.01960
5617	0.01333
5618	0.03317
5619	0.03492
5620	0.01050
5621	-0.00154
5622	-0.00669
5623	-0.00119
5624	0.00754
5625	0.01962
5626	0.02897
5627	0.01977
5628	0.01695
5629	0.02527
5630	0.03802
5631	0.04420
5632	0.04687
5633	0.03336
5634	0.02895
5635	0.03078
5636	0.03577
5637	0.03192
5638	0.01739
5639	0.01517
5640	0.01846
5641	0.00900
5642	-0.00814
5643	-0.02343
5644	-0.03737
5645	-0.04706
5646	-0.05145
5647	-0.07797
5648	-0.13628
5649	-0.17596
5650	-0.19493
5651	-0.22348
5652	-0.19354
5653	-0.20230
5654	-0.24291
5655	-0.22703
5656	-0.24171
5657	-0.20757
5658	-0.12138
5659	-0.08409
5660	-0.01799
5661	0.00390
5662	-0.00338
5663	-0.04360
5664	-0.07977
5665	-0.04296
5666	-0.04325
5667	-0.04818
5668	-0.00036
5669	-0.00306
5670	-0.01602
5671	-0.02004
5672	-0.00463
5673	0.00060
5674	-0.00641
5675	-0.00696
5676	-0.00359
5677	-0.00138
5678	0.00022
5679	0.00141
5680	0.00151
5681	-0.00000
5682	-0.00250
5683	-0.00459
5684	-0.00478
5685	-0.00314
5686	-0.00158
5687	-0.00140
5688	-0.00253
5689	-0.00412
5690	-0.00519
5691	-0.00472
5692	-0.00295
5693	-0.00143
5694	-0.00076
5695	-0.00018
5696	0.00060
5697	0.00107
5698	0.00065
5699	-0.00014
5700	-0.00035
5701	0.00024
5702	0.00329
5703	0.00716
5704	0.00650
5705	0.00291
5706	0.00113
5707	0.00044
5708	-0.00839
5709	0.01262
5710	0.12560
5711	0.16691
5712	0.05876
5713	0.02724
5714	0.05811
5715	0.07081
5716	0.05067
5717	0.02488
5718	0.00636
5719	-0.00421
5720	-0.01440
5721	0.00995
5722	0.03354
5723	0.02035
5724	0.00995
5725	0.00083
5726	0.00414
5727	0.01162
5728	0.01640
5729	0.01994
5730	0.02297
5731	0.02635
5732	0.02417
5733	0.02962
5734	0.02724
5735	0.02539
5736	0.01829
5737	0.01361
5738	0.01556
5739	0.02506
5740	0.03245
5741	0.03070
5742	0.02700
5743	0.02692
5744	0.02586
5745	0.02454
5746	0.02166
5747	0.01581
5748	0.01123
5749	0.01568
5750	0.00290
5751	-0.02982
5752	-0.06032
5753	-0.07155
5754	-0.06129
5755	-0.08139
5756	-0.11936
5757	-0.15220
5758	-0.19649
5759	-0.20544
5760	-0.19142
5761	-0.22312
5762	-0.22286
5763	-0.21149
5764	-0.23135
5765	-0.22165
5766	-0.09993
5767	-0.07572
5768	-0.05246
5769	0.00288
5770	0.01833
5771	-0.00128
5772	-0.05084
5773	-0.05453
5774	-0.07507
5775	-0.02702
5776	-0.00547
5777	-0.00085
5778	-0.00619
5779	-0.01448
5780	-0.00801
5781	0.00355
5782	0.00170
5783	-0.00407
5784	-0.00434
5785	-0.00219
5786	-0.00015
5787	0.00110
5788	0.00135
5789	0.00046
5790	-0.00113
5791	-0.00234
5792	-0.00248
5793	-0.00192
5794	-0.00156
5795	-0.00190
5796	-0.00253
5797	-0.00287
5798	-0.00297
5799	-0.00279
5800	-0.00209
5801	-0.00122
5802	-0.00038
5803	0.00029
5804	0.00020
5805	-0.00054
5806	-0.00096
5807	-0.00071
5808	-0.00010
5809	0.00186
5810	0.00410
5811	0.00332
5812	0.00093
5813	0.00007
5814	0.00035
5815	0.00039
5816	-0.00077
5817	-0.00519
5818	0.00623
5819	0.08981
5820	0.17707
5821	0.06814
5822	0.04802
5823	0.13623
5824	0.17544
5825	0.05784
5826	0.01755
5827	0.00686
5828	-0.00340
5829	-0.00394
5830	0.00537
5831	0.00792
5832	-0.00291
5833	-0.00406
5834	0.01339
5835	0.03218
5836	0.04198
5837	0.04753
5838	0.04884
5839	0.03904
5840	0.01831
5841	0.01599
5842	0.02924
5843	0.02998
5844	0.02347
5845	0.02448
5846	0.03583
5847	0.06133
5848	0.07022
5849	0.04908
5850	0.03166
5851	0.03144
5852	0.03031
5853	0.01980
5854	0.01428
5855	0.02050
5856	0.01994
5857	0.01551
5858	0.01148
5859	0.00604
5860	-0.00756
5861	-0.02232
5862	-0.03356
5863	-0.03933
5864	-0.05610
5865	-0.08439
5866	-0.13142
5867	-0.18922
5868	-0.17857
5869	-0.19738
5870	-0.23339
5871	-0.19738
5872	-0.21618
5873	-0.21697
5874	-0.18887
5875	-0.13612
5876	-0.05679
5877	-0.07505
5878	-0.04917
5879	0.00057
5880	0.01255
5881	-0.00806
5882	-0.07943
5883	-0.13114
5884	-0.06473
5885	-0.07432
5886	-0.03233
5887	0.00002
5888	0.00022
5889	-0.00754
5890	-0.01083
5891	0.00149
5892	0.00178
5893	-0.00431
5894	-0.00385
5895	-0.00157
5896	-0.00050
5897	0.00013
5898	0.00091
5899	0.00143
5900	0.00058
5901	-0.00124
5902	-0.00277
5903	-0.00322
5904	-0.00321
5905	-0.00332
5906	-0.00315
5907	-0.00310
5908	-0.00397
5909	-0.00501
5910	-0.00475
5911	-0.00332
5912	-0.00211
5913	-0.00167
5914	-0.00131
5915	-0.00063
5916	-0.00014
5917	-0.00005
5918	0.00011
5919	0.00082
5920	0.00255
5921	0.00457
5922	0.00449
5923	0.00226
5924	0.00061
5925	0.00016
5926	-0.00098
5927	-0.00051
5928	0.00848
5929	0.07022
5930	0.13819
5931	0.06620
5932	0.01654
5933	0.07098
5934	0.13777
5935	0.09348
5936	0.04247
5937	0.01877
5938	-0.00173
5939	-0.02013
5940	-0.02624
5941	0.00077
5942	0.01849
5943	0.01315
5944	0.01106
5945	0.00932
5946	0.03344
5947	0.06132
5948	0.03680
5949	0.01475
5950	-0.00421
5951	-0.00659
5952	-0.00338
5953	0.00178
5954	0.00485
5955	0.00901
5956	0.01743
5957	0.01615
5958	0.01779
5959	0.02188
5960	0.02198
5961	0.01366
5962	0.01003
5963	0.01261
5964	0.01998
5965	0.02826
5966	0.03331
5967	0.02910
5968	0.02532
5969	0.00732
5970	-0.01093
5971	-0.02854
5972	-0.02340
5973	-0.02579
5974	-0.06229
5975	-0.11169
5976	-0.16035
5977	-0.17330
5978	-0.17630
5979	-0.18781
5980	-0.20818
5981	-0.25785
5982	-0.33954
5983	-0.26993
5984	-0.21965
5985	-0.21429
5986	-0.06360
5987	0.00338
5988	0.01291
5989	-0.02108
5990	-0.05144
5991	0.07616
5992	0.01500
5993	-0.02393
5994	-0.00163
5995	-0.00587
5996	-0.01505
5997	-0.01439
5998	-0.00175
5999	-0.00268
6000	-0.00921
6001	-0.00649
6002	-0.00226
6003	-0.00008
6004	0.00116
6005	0.00194
6006	0.00188
6007	0.00044
6008	-0.00219
6009	-0.00461
6010	-0.00538
6011	-0.00480
6012	-0.00390
6013	-0.00303
6014	-0.00256
6015	-0.00279
6016	-0.00319
6017	-0.00275
6018	-0.00144
6019	-0.00009
6020	0.00090
6021	0.00132
6022	0.00089
6023	-0.00034
6024	-0.00098
6025	-0.00057
6026	0.00011
6027	0.00203
6028	0.00411
6029	0.00386
6030	0.00158
6031	0.00010
6032	0.00118
6033	0.00164
6034	-0.00008
6035	0.02462
6036	0.05812
6037	0.12807
6038	0.08133
6039	0.04528
6040	0.10085
6041	0.12948
6042	0.06825
6043	0.01969
6044	0.00541
6045	-0.00238
6046	-0.00461
6047	-0.00037
6048	0.02153
6049	0.01977
6050	0.02130
6051	0.02672
6052	0.01727
6053	0.02163
6054	0.03270
6055	0.03130
6056	0.02601
6057	0.01438
6058	0.00826
6059	0.01446
6060	0.02191
6061	0.02544
6062	0.00963
6063	0.00885
6064	0.02307
6065	0.02983
6066	0.02469
6067	0.02763
6068	0.02980
6069	0.01678
6070	0.02818
6071	0.02945
6072	0.01882
6073	0.02203
6074	0.01941
6075	0.01939
6076	0.01605
6077	0.00093
6078	-0.01213
6079	-0.01817
6080	-0.02572
6081	-0.06309
6082	-0.10781
6083	-0.14881
6084	-0.16561
6085	-0.16111
6086	-0.16062
6087	-0.15796
6088	-0.17163
6089	-0.20322
6090	-0.25533
6091	-0.20847
6092	-0.16224
6093	-0.14521
6094	-0.05561
6095	-0.01669
6096	0.00415
6097	0.00434
6098	-0.02316
6099	-0.06226
6100	-0.06661
6101	-0.14135
6102	0.02088
6103	0.00011
6104	-0.00210
6105	-0.01129
6106	-0.02006
6107	-0.00677
6108	0.00087
6109	-0.00743
6110	-0.00896
6111	-0.00411
6112	-0.00104
6113	0.00036
6114	0.00124
6115	0.00132
6116	0.00040
6117	-0.00119
6118	-0.00272
6119	-0.00348
6120	-0.00319
6121	-0.00266
6122	-0.00256
6123	-0.00285
6124	-0.00316
6125	-0.00330
6126	-0.00314
6127	-0.00263
6128	-0.00155
6129	-0.00024
6130	-0.00025
6131	-0.00118
6132	-0.00135
6133	-0.00074
6134	-0.00019
6135	0.00039
6136	0.00275
6137	0.00679
6138	0.00703
6139	0.00302
6140	0.00097
6141	0.00050
6142	-0.00118
6143	-0.00006
6144	0.03784
6145	0.10445
6146	0.10405
6147	0.03624
6148	0.04281
6149	0.10324
6150	0.09701
6151	0.04791
6152	0.01799
6153	0.00379
6154	-0.00303
6155	-0.00122
6156	0.02387
6157	0.01977
6158	0.01176
6159	0.00452
6160	0.00796
6161	0.02117
6162	0.04347
6163	0.03005
6164	0.01164
6165	0.00391
6166	-0.00693
6167	-0.00772
6168	0.00358
6169	0.03065
6170	0.02703
6171	0.01558
6172	0.01934
6173	0.02718
6174	0.04463
6175	0.04811
6176	0.03432
6177	0.02727
6178	0.02201
6179	0.02805
6180	0.04047
6181	0.02924
6182	0.01926
6183	0.01479
6184	0.01697
6185	0.02222
6186	0.01700
6187	-0.00360
6188	-0.03377
6189	-0.04770
6190	-0.07227
6191	-0.12626
6192	-0.16364
6193	-0.19603
6194	-0.21978
6195	-0.23129
6196	-0.25347
6197	-0.23883
6198	-0.26605
6199	-0.25824
6200	-0.12564
6201	-0.07702
6202	-0.05588
6203	0.01393
6204	0.01937
6205	0.00947
6206	-0.06047
6207	-0.10745
6208	0.05870
6209	-0.05047
6210	-0.04794
6211	-0.00020
6212	-0.00209
6213	-0.00909
6214	-0.00603
6215	0.00268
6216	-0.00034
6217	-0.00619
6218	-0.00513
6219	-0.00220
6220	-0.00032
6221	0.00104
6222	0.00164
6223	0.00087
6224	-0.00078
6225	-0.00276
6226	-0.00440
6227	-0.00437
6228	-0.00304
6229	-0.00199
6230	-0.00165
6231	-0.00228
6232	-0.00391
6233	-0.00517
6234	-0.00448
6235	-0.00239
6236	0.00003
6237	0.00167
6238	0.00120
6239	-0.00048
6240	-0.00119
6241	-0.00083
6242	-0.00028
6243	0.00054
6244	0.00432
6245	0.01063
6246	0.01225
6247	0.00637
6248	-0.00092
6249	-0.00335
6250	-0.00138
6251	0.00017
6252	-0.01061
6253	0.05489
6254	0.15780
6255	0.12397
6256	0.04128
6257	0.04090
6258	0.06545
6259	0.04562
6260	0.02688
6261	0.01946
6262	0.01486
6263	0.01187
6264	0.02780
6265	0.03265
6266	0.02168
6267	0.00405
6268	-0.01545
6269	-0.01383
6270	0.01264
6271	0.07333
6272	0.07628
6273	0.03263
6274	0.02292
6275	0.01330
6276	0.00607
6277	-0.00297
6278	-0.00664
6279	-0.00141
6280	-0.00134
6281	-0.00676
6282	-0.00741
6283	0.01227
6284	0.03268
6285	0.03315
6286	0.02083
6287	0.01367
6288	0.01419
6289	0.01619
6290	0.02292
6291	0.02499
6292	0.01985
6293	0.02338
6294	0.02490
6295	0.01380
6296	-0.00794
6297	-0.03950
6298	-0.06489
6299	-0.10005
6300	-0.11400
6301	-0.16060
6302	-0.20624
6303	-0.18818
6304	-0.21413
6305	-0.26636
6306	-0.26300
6307	-0.28964
6308	-0.27702
6309	-0.23196
6310	-0.17372
6311	-0.09820
6312	-0.07133
6313	-0.01379
6314	0.00580
6315	-0.01413
6316	-0.04930
6317	-0.00731
6318	-0.03334
6319	-0.05667
6320	0.00616
6321	-0.00054
6322	-0.00753
6323	-0.02097
6324	-0.01383
6325	0.00158
6326	-0.00063
6327	-0.00595
6328	-0.00438
6329	-0.00197
6330	-0.00032
6331	0.00145
6332	0.00267
6333	0.00216
6334	0.00047
6335	-0.00174
6336	-0.00312
6337	-0.00272
6338	-0.00164
6339	-0.00105
6340	-0.00128
6341	-0.00259
6342	-0.00445
6343	-0.00546
6344	-0.00509
6345	-0.00381
6346	-0.00203
6347	-0.00016
6348	0.00081
6349	0.00052
6350	0.00000
6351	0.00013
6352	0.00087
6353	0.00144
6354	0.00091
6355	0.00020
6356	-0.00002
6357	-0.00017
6358	-0.00046
6359	-0.00084
6360	-0.00971
6361	0.01509
6362	0.10185
6363	0.14891
6364	0.07627
6365	0.04887
6366	0.16851
6367	0.17161
6368	0.05297
6369	0.00994
6370	0.00490
6371	0.00187
6372	0.00318
6373	0.01089
6374	0.02038
6375	0.01868
6376	0.01402
6377	0.01996
6378	0.05627
6379	0.08921
6380	0.07688
6381	0.03651
6382	0.03092
6383	0.02947
6384	0.01743
6385	0.01081
6386	0.01703
6387	0.02897
6388	0.03782
6389	0.04140
6390	0.06048
6391	0.06446
6392	0.04198
6393	0.03299
6394	0.04299
6395	0.04305
6396	0.03943
6397	0.03312
6398	0.01938
6399	0.01524
6400	0.01776
6401	0.02485
6402	0.02957
6403	0.02817
6404	0.01934
6405	-0.01037
6406	-0.04437
6407	-0.07687
6408	-0.10991
6409	-0.14628
6410	-0.16494
6411	-0.15950
6412	-0.18932
6413	-0.22624
6414	-0.21743
6415	-0.18749
6416	-0.16263
6417	-0.12647
6418	-0.10068
6419	-0.09217
6420	-0.07546
6421	-0.07866
6422	-0.07390
6423	-0.03108
6424	-0.01492
6425	-0.02425
6426	-0.06494
6427	-0.17273
6428	-0.22896
6429	-0.06572
6430	-0.04285
6431	-0.00147
6432	-0.00378
6433	-0.01109
6434	-0.01004
6435	0.00098
6436	0.00400
6437	0.00388
6438	0.00307
6439	0.00035
6440	-0.00131
6441	-0.00089
6442	0.00013
6443	0.00083
6444	0.00049
6445	-0.00052
6446	-0.00112
6447	-0.00134
6448	-0.00172
6449	-0.00228
6450	-0.00291
6451	-0.00367
6452	-0.00454
6453	-0.00489
6454	-0.00445
6455	-0.00353
6456	-0.00220
6457	-0.00050
6458	0.00084
6459	0.00133
6460	0.00127
6461	0.00085
6462	0.00020
6463	-0.00031
6464	-0.00030
6465	0.00003
6466	-0.00005
6467	-0.00119
6468	-0.00447
6469	-0.00564
6470	0.00096
6471	-0.00648
6472	0.04600
6473	0.10315
6474	0.05125
6475	0.05085
6476	0.18421
6477	0.18983
6478	0.06696
6479	0.01651
6480	-0.02092
6481	-0.03933
6482	-0.03561
6483	-0.01936
6484	0.01706
6485	0.01470
6486	0.02309
6487	0.04224
6488	0.05697
6489	0.07320
6490	0.06467
6491	0.03531
6492	0.01382
6493	0.00376
6494	0.00308
6495	0.01008
6496	0.01456
6497	0.02168
6498	0.02149
6499	0.03224
6500	0.06385
6501	0.05009
6502	0.02451
6503	0.02123
6504	0.02691
6505	0.02739
6506	0.03548
6507	0.03569
6508	0.01255
6509	0.01068
6510	0.02581
6511	0.01694
6512	-0.02478
6513	-0.05072
6514	-0.05871
6515	-0.07234
6516	-0.08205
6517	-0.07356
6518	-0.10565
6519	-0.17305
6520	-0.20933
6521	-0.23853
6522	-0.29114
6523	-0.29132
6524	-0.29440
6525	-0.30956
6526	-0.21103
6527	-0.16072
6528	-0.12832
6529	-0.02581
6530	0.01999
6531	0.05108
6532	-0.01073
6533	-0.04459
6534	-0.08567
6535	0.02706
6536	0.01234
6537	0.00025
6538	-0.00512
6539	-0.01200
6540	-0.00927
6541	0.00254
6542	0.00367
6543	-0.00292
6544	-0.00551
6545	-0.00416
6546	-0.00202
6547	-0.00012
6548	0.00141
6549	0.00165
6550	-0.00022
6551	-0.00313
6552	-0.00512
6553	-0.00476
6554	-0.00306
6555	-0.00215
6556	-0.00243
6557	-0.00352
6558	-0.00487
6559	-0.00526
6560	-0.00385
6561	-0.00137
6562	0.00099
6563	0.00223
6564	0.00126
6565	-0.00090
6566	-0.00188
6567	-0.00134
6568	-0.00044
6569	-0.00002
6570	0.00009
6571	0.00393
6572	0.01136
6573	0.01312
6574	0.00669
6575	-0.00019
6576	-0.00093
6577	0.00001
6578	-0.00171
6579	0.03301
6580	0.11057
6581	0.12263
6582	0.08720
6583	0.07599
6584	0.15220
6585	0.14661
6586	0.08623
6587	0.04677
6588	0.03645
6589	0.01839
6590	0.02137
6591	0.04277
6592	0.04141
6593	0.01777
6594	0.02192
6595	0.03785
6596	0.04725
6597	0.06290
6598	0.06488
6599	0.03817
6600	0.01209
6601	-0.00724
6602	-0.01071
6603	0.00361
6604	0.02129
6605	0.01940
6606	0.01675
6607	0.01992
6608	0.02303
6609	0.04344
6610	0.06583
6611	0.03885
6612	0.01614
6613	0.01175
6614	0.01806
6615	0.02693
6616	0.03465
6617	0.03599
6618	0.02377
6619	-0.00279
6620	-0.01213
6621	-0.02714
6622	-0.06720
6623	-0.10615
6624	-0.13172
6625	-0.13848
6626	-0.18365
6627	-0.25738
6628	-0.29338
6629	-0.35661
6630	-0.33759
6631	-0.29280
6632	-0.32151
6633	-0.30104
6634	-0.19530
6635	-0.09829
6636	-0.04482
6637	0.00705
6638	0.01444
6639	-0.00144
6640	-0.08409
6641	-0.05868
6642	-0.01668
6643	-0.00382
6644	0.00222
6645	-0.00115
6646	-0.00435
6647	-0.00959
6648	-0.00378
6649	0.00086
6650	-0.00467
6651	-0.00659
6652	-0.00370
6653	-0.00168
6654	-0.00037
6655	0.00097
6656	0.00152
6657	0.00052
6658	-0.00187
6659	-0.00460
6660	-0.00596
6661	-0.00450
6662	-0.00158
6663	0.00002
6664	-0.00111
6665	-0.00433
6666	-0.00703
6667	-0.00686
6668	-0.00473
6669	-0.00296
6670	-0.00212
6671	-0.00147
6672	-0.00071
6673	-0.00042
6674	-0.00046
6675	-0.00019
6676	-0.00000
6677	0.00042
6678	0.00366
6679	0.00832
6680	0.00769
6681	0.00232
6682	-0.00048
6683	0.00061
6684	0.00100
6685	0.00619
6686	0.02283
6687	0.04653
6688	0.11035
6689	0.04830
6690	0.03664
6691	0.12330
6692	0.15468
6693	0.08259
6694	0.02312
6695	0.00016
6696	-0.01424
6697	-0.02102
6698	-0.02176
6699	0.00095
6700	0.01029
6701	0.01434
6702	0.01173
6703	0.01577
6704	0.04482
6705	0.05420
6706	0.02507
6707	0.00889
6708	0.00029
6709	0.00196
6710	0.01159
6711	0.01944
6712	0.01798
6713	0.02147
6714	0.02329
6715	0.01973
6716	0.02654
6717	0.04038
6718	0.04682
6719	0.02888
6720	0.01607
6721	0.02172
6722	0.02841
6723	0.02481
6724	0.03077
6725	0.04033
6726	0.03640
6727	0.01707
6728	-0.00932
6729	-0.03544
6730	-0.06099
6731	-0.06371
6732	-0.06345
6733	-0.08777
6734	-0.12500
6735	-0.16703
6736	-0.20794
6737	-0.19803
6738	-0.21655
6739	-0.26990
6740	-0.26988
6741	-0.32164
6742	-0.25661
6743	-0.15094
6744	-0.14002
6745	-0.03496
6746	0.00813
6747	0.01653
6748	-0.02515
6749	-0.00524
6750	-0.09138
6751	-0.02689
6752	0.01022
6753	0.00166
6754	-0.01044
6755	-0.02198
6756	-0.01204
6757	0.00125
6758	-0.00883
6759	-0.01355
6760	-0.00599
6761	0.00032
6762	0.00204
6763	0.00169
6764	0.00117
6765	0.00037
6766	-0.00084
6767	-0.00173
6768	-0.00220
6769	-0.00289
6770	-0.00367
6771	-0.00394
6772	-0.00380
6773	-0.00335
6774	-0.00239
6775	-0.00120
6776	-0.00057
6777	-0.00069
6778	-0.00102
6779	-0.00112
6780	-0.00065
6781	0.00007
6782	0.00028
6783	0.00034
6784	0.00120
6785	0.00335
6786	0.00451
6787	0.00304
6788	0.00056
6789	-0.00070
6790	-0.00030
6791	-0.00001
6792	-0.00037
6793	0.00071
6794	0.04047
6795	0.08070
6796	0.10046
6797	0.04682
6798	0.04733
6799	0.14389
6800	0.15438
6801	0.03232
6802	0.00613
6803	-0.00368
6804	-0.00253
6805	0.00096
6806	0.00369
6807	0.00526
6808	0.00536
6809	0.00809
6810	0.00841
6811	0.01577
6812	0.03721
6813	0.04659
6814	0.03119
6815	0.02014
6816	0.01409
6817	0.01781
6818	0.02506
6819	0.03163
6820	0.02633
6821	0.01727
6822	0.02011
6823	0.04009
6824	0.06206
6825	0.05109
6826	0.04224
6827	0.03856
6828	0.02700
6829	0.01009
6830	-0.00841
6831	-0.00372
6832	0.01527
6833	0.02664
6834	0.01456
6835	-0.01322
6836	-0.02065
6837	-0.01448
6838	-0.02225
6839	-0.04758
6840	-0.08552
6841	-0.12134
6842	-0.14450
6843	-0.19483
6844	-0.18212
6845	-0.16392
6846	-0.21169
6847	-0.17081
6848	-0.18213
6849	-0.21272
6850	-0.14550
6851	-0.08791
6852	-0.04557
6853	-0.01499
6854	0.01626
6855	0.01734
6856	0.00015
6857	-0.03486
6858	-0.05876
6859	-0.09852
6860	-0.08514
6861	-0.01191
6862	-0.00046
6863	-0.00269
6864	-0.01067
6865	-0.01055
6866	0.00087
6867	0.00341
6868	-0.00281
6869	-0.00448
6870	-0.00260
6871	-0.00100
6872	0.00017
6873	0.00119
6874	0.00122
6875	-0.00053
6876	-0.00316
6877	-0.00518
6878	-0.00483
6879	-0.00254
6880	-0.00100
6881	-0.00087
6882	-0.00162
6883	-0.00282
6884	-0.00369
6885	-0.00358
6886	-0.00243
6887	-0.00103
6888	-0.00017
6889	-0.00029
6890	-0.00119
6891	-0.00167
6892	-0.00097
6893	0.00014
6894	0.00044
6895	0.00058
6896	0.00174
6897	0.00415
6898	0.00479
6899	0.00251
6900	0.00003
6901	-0.00062
6902	0.00030
6903	0.00757
6904	0.04391
6905	0.07210
6906	0.05495
6907	0.02242
6908	0.07190
6909	0.12718
6910	0.08102
6911	0.02757
6912	-0.03066
6913	-0.07536
6914	-0.06544
6915	-0.01168
6916	0.04080
6917	0.02610
6918	0.01844
6919	0.03971
6920	0.05237
6921	0.04565
6922	0.03449
6923	0.01195
6924	0.00082
6925	0.00119
6926	0.00527
6927	0.01875
6928	0.03476
6929	0.03760
6930	0.03283
6931	0.03764
6932	0.05634
6933	0.04932
6934	0.01581
6935	0.00360
6936	0.02631
6937	0.06050
6938	0.06704
6939	0.04686
6940	0.03005
6941	0.01513
6942	0.00833
6943	0.01406
6944	0.01634
6945	0.00597
6946	-0.00315
6947	-0.00641
6948	-0.01771
6949	-0.04573
6950	-0.07309
6951	-0.09780
6952	-0.12240
6953	-0.16909
6954	-0.22127
6955	-0.18270
6956	-0.18221
6957	-0.21444
6958	-0.18517
6959	-0.17100
6960	-0.11826
6961	-0.04575
6962	-0.03891
6963	-0.01521
6964	0.00381
6965	0.00784
6966	-0.03198
6967	-0.02938
6968	-0.10205
6969	-0.06645
6970	0.01163
6971	0.00101
6972	-0.01034
6973	-0.01452
6974	-0.00447
6975	0.00086
6976	-0.00290
6977	-0.00319
6978	-0.00130
6979	-0.00070
6980	-0.00087
6981	-0.00040
6982	0.00055
6983	0.00099
6984	0.00057
6985	-0.00067
6986	-0.00201
6987	-0.00270
6988	-0.00269
6989	-0.00234
6990	-0.00214
6991	-0.00242
6992	-0.00311
6993	-0.00363
6994	-0.00337
6995	-0.00220
6996	-0.00053
6997	0.00120
6998	0.00236
6999	0.00224
7000	0.00088
7001	-0.00063
7002	-0.00131
7003	-0.00107
7004	-0.00052
7005	-0.00010
7006	0.00034
7007	0.00130
7008	0.00247
7009	0.00188
7010	0.00035
7011	0.00054
7012	-0.00248
7013	-0.04595
7014	0.03803
7015	0.08372
7016	0.02689
7017	-0.01521
7018	-0.00603
7019	0.03396
7020	0.04498
7021	0.04229
7022	0.02756
7023	-0.01351
7024	-0.03318
7025	-0.01283
7026	0.02005
7027	0.01618
7028	0.01717
7029	0.02505
7030	0.04239
7031	0.05763
7032	0.05669
7033	0.04165
7034	0.01348
7035	-0.01054
7036	-0.01532
7037	0.00178
7038	0.01613
7039	0.02138
7040	0.01644
7041	0.03362
7042	0.07188
7043	0.06137
7044	0.03877
7045	0.03683
7046	0.04939
7047	0.04678
7048	0.03405
7049	0.03098
7050	0.02257
7051	0.01295
7052	-0.00731
7053	-0.02457
7054	-0.02042
7055	-0.01030
7056	-0.02318
7057	-0.06362
7058	-0.09858
7059	-0.12317
7060	-0.17292
7061	-0.20311
7062	-0.21688
7063	-0.26053
7064	-0.23728
7065	-0.22488
7066	-0.24743
7067	-0.26302
7068	-0.21451
7069	-0.13064
7070	-0.09093
7071	-0.05698
7072	-0.00281
7073	0.01786
7074	0.00078
7075	-0.03747
7076	-0.07383
7077	-0.09724
7078	-0.07601
7079	-0.05447
7080	-0.00508
7081	-0.00375
7082	-0.01076
7083	-0.01079
7084	0.00147
7085	0.00190
7086	-0.00323
7087	-0.00299
7088	-0.00160
7089	-0.00027
7090	0.00139
7091	0.00219
7092	0.00119
7093	-0.00080
7094	-0.00196
7095	-0.00189
7096	-0.00153
7097	-0.00193
7098	-0.00333
7099	-0.00484
7100	-0.00530
7101	-0.00491
7102	-0.00431
7103	-0.00336
7104	-0.00227
7105	-0.00154
7106	-0.00128
7107	-0.00103
7108	-0.00079
7109	-0.00068
7110	-0.00044
7111	0.00106
7112	0.00508
7113	0.00782
7114	0.00463
7115	0.00052
7116	-0.00015
7117	0.00012
7118	-0.00106
7119	-0.00303
7120	-0.00147
7121	-0.00572
7122	0.02115
7123	0.09074
7124	0.09610
7125	0.04287
7126	0.09251
7127	0.18056
7128	0.12045
7129	0.03728
7130	0.01630
7131	0.00866
7132	-0.00054
7133	-0.00821
7134	0.00666
7135	0.02485
7136	0.01293
7137	0.02249
7138	0.01774
7139	0.02041
7140	0.05472
7141	0.05482
7142	0.03105
7143	0.02729
7144	0.02437
7145	0.01824
7146	0.01353
7147	0.01102
7148	0.00936
7149	0.01037
7150	0.03184
7151	0.05416
7152	0.04822
7153	0.04054
7154	0.03973
7155	0.03843
7156	0.03109
7157	0.02553
7158	0.03148
7159	0.03448
7160	0.02183
7161	0.01291
7162	-0.00931
7163	-0.01818
7164	-0.01916
7165	-0.04231
7166	-0.07153
7167	-0.09975
7168	-0.10313
7169	-0.12342
7170	-0.16883
7171	-0.16951
7172	-0.19137
7173	-0.21223
7174	-0.19110
7175	-0.19413
7176	-0.19506
7177	-0.21027
7178	-0.16136
7179	-0.06967
7180	-0.05129
7181	-0.02656
7182	0.00607
7183	0.00596
7184	-0.00713
7185	-0.05951
7186	-0.04452
7187	-0.06323
7188	-0.08364
7189	-0.00030
7190	-0.00418
7191	-0.01180
7192	-0.01237
7193	-0.00198
7194	0.00054
7195	-0.00175
7196	-0.00067
7197	-0.00003
7198	-0.00086
7199	-0.00089
7200	0.00004
7201	0.00089
7202	0.00016
7203	-0.00236
7204	-0.00420
7205	-0.00396
7206	-0.00216
7207	-0.00094
7208	-0.00135
7209	-0.00249
7210	-0.00379
7211	-0.00493
7212	-0.00506
7213	-0.00359
7214	-0.00148
7215	0.00025
7216	0.00138
7217	0.00148
7218	0.00033
7219	-0.00077
7220	-0.00070
7221	-0.00025
7222	0.00017
7223	0.00241
7224	0.00644
7225	0.00716
7226	0.00339
7227	0.00086
7228	-0.00064
7229	-0.00704
7230	-0.00346
7231	0.02033
7232	0.08161
7233	0.07296
7234	0.04593
7235	0.04911
7236	0.13341
7237	0.12349
7238	0.02184
7239	0.00064
7240	-0.00074
7241	-0.00976
7242	-0.00360
7243	0.04622
7244	0.03988
7245	0.00918
7246	0.03647
7247	0.05471
7248	0.03717
7249	0.05136
7250	0.04892
7251	0.04227
7252	0.03294
7253	0.02268
7254	0.01186
7255	0.01151
7256	0.02481
7257	0.04928
7258	0.04635
7259	0.04364
7260	0.04647
7261	0.03687
7262	0.03048
7263	0.03475
7264	0.03566
7265	0.05715
7266	0.06368
7267	0.04253
7268	0.03397
7269	0.02116
7270	0.01541
7271	0.01202
7272	0.00805
7273	0.00552
7274	-0.01470
7275	-0.04000
7276	-0.05180
7277	-0.06280
7278	-0.10157
7279	-0.14753
7280	-0.17900
7281	-0.20772
7282	-0.20718
7283	-0.21836
7284	-0.25732
7285	-0.21867
7286	-0.15790
7287	-0.14347
7288	-0.09204
7289	-0.03864
7290	-0.03688
7291	0.03514
7292	0.03489
7293	0.01201
7294	-0.03725
7295	-0.14546
7296	-0.12978
7297	0.03288
7298	-0.03205
7299	0.01070
7300	-0.00596
7301	-0.01329
7302	-0.00838
7303	0.00116
7304	-0.00053
7305	-0.00349
7306	-0.00172
7307	-0.00057
7308	-0.00066
7309	-0.00023
7310	0.00080
7311	0.00123
7312	0.00001
7313	-0.00188
7314	-0.00299
7315	-0.00253
7316	-0.00163
7317	-0.00181
7318	-0.00305
7319	-0.00434
7320	-0.00477
7321	-0.00445
7322	-0.00396
7323	-0.00348
7324	-0.00297
7325	-0.00212
7326	-0.00076
7327	0.00015
7328	-0.00000
7329	-0.00044
7330	-0.00046
7331	-0.00022
7332	0.00042
7333	0.00352
7334	0.00772
7335	0.00649
7336	0.00201
7337	0.00049
7338	0.00130
7339	0.00079
7340	-0.00899
7341	0.02878
7342	0.08329
7343	0.11511
7344	0.05372
7345	0.08643
7346	0.18706
7347	0.13153
7348	0.04380
7349	0.01157
7350	0.00300
7351	0.00538
7352	0.02983
7353	0.08203
7354	0.06035
7355	0.01979
7356	0.01708
7357	0.03526
7358	0.04971
7359	0.06333
7360	0.03801
7361	0.01367
7362	0.00084
7363	0.00048
7364	0.00979
7365	0.01949
7366	0.02636
7367	0.03276
7368	0.03580
7369	0.05337
7370	0.05241
7371	0.02244
7372	0.00929
7373	0.00996
7374	0.01247
7375	0.02111
7376	0.02182
7377	0.00889
7378	-0.00465
7379	-0.00675
7380	-0.00163
7381	0.00466
7382	0.00890
7383	0.01939
7384	0.02051
7385	-0.00819
7386	-0.03690
7387	-0.07118
7388	-0.10410
7389	-0.16763
7390	-0.20587
7391	-0.20047
7392	-0.19983
7393	-0.18923
7394	-0.19817
7395	-0.20661
7396	-0.14214
7397	-0.12084
7398	-0.08152
7399	-0.02715
7400	-0.00424
7401	0.02038
7402	0.00412
7403	-0.00981
7404	-0.04051
7405	-0.11144
7406	-0.04631
7407	0.02375
7408	-0.02477
7409	-0.00097
7410	-0.00560
7411	-0.01223
7412	-0.00918
7413	0.00102
7414	0.00158
7415	-0.00270
7416	-0.00307
7417	-0.00184
7418	-0.00020
7419	0.00114
7420	0.00196
7421	0.00170
7422	-0.00010
7423	-0.00193
7424	-0.00235
7425	-0.00136
7426	-0.00082
7427	-0.00156
7428	-0.00305
7429	-0.00420
7430	-0.00446
7431	-0.00389
7432	-0.00272
7433	-0.00160
7434	-0.00083
7435	-0.00013
7436	0.00045
7437	0.00054
7438	0.00012
7439	-0.00038
7440	-0.00044
7441	0.00005
7442	0.00087
7443	0.00144
7444	0.00134
7445	0.00089
7446	0.00049
7447	0.00037
7448	-0.00011
7449	0.00928
7450	0.00768
7451	0.06096
7452	0.09986
7453	0.07364
7454	0.02373
7455	0.05440
7456	0.11596
7457	0.07110
7458	0.01668
7459	0.01167
7460	0.01144
7461	0.00102
7462	0.00140
7463	0.02362
7464	0.01496
7465	0.00606
7466	0.00599
7467	0.00467
7468	0.01793
7469	0.03816
7470	0.02410
7471	0.02690
7472	0.02392
7473	0.01418
7474	0.02825
7475	0.02888
7476	0.02957
7477	0.03045
7478	0.01959
7479	0.02543
7480	0.02229
7481	0.02356
7482	0.03175
7483	0.03791
7484	0.02206
7485	0.00437
7486	0.00213
7487	0.02731
7488	0.04200
7489	0.03659
7490	0.02490
7491	-0.00461
7492	-0.03089
7493	-0.05520
7494	-0.06068
7495	-0.04973
7496	-0.06316
7497	-0.09875
7498	-0.17671
7499	-0.28511
7500	-0.28332
7501	-0.26619
7502	-0.26573
7503	-0.25231
7504	-0.23454
7505	-0.18925
7506	-0.08779
7507	-0.02899
7508	0.00656
7509	0.02467
7510	-0.01450
7511	-0.00301
7512	-0.05817
7513	-0.06062
7514	0.06284
7515	-0.00068
7516	-0.00972
7517	-0.02220
7518	-0.01598
7519	0.00127
7520	-0.00556
7521	-0.01247
7522	-0.00609
7523	-0.00058
7524	0.00121
7525	0.00204
7526	0.00253
7527	0.00193
7528	0.00078
7529	-0.00024
7530	-0.00109
7531	-0.00222
7532	-0.00361
7533	-0.00463
7534	-0.00465
7535	-0.00405
7536	-0.00323
7537	-0.00241
7538	-0.00173
7539	-0.00114
7540	-0.00073
7541	-0.00054
7542	-0.00048
7543	-0.00030
7544	0.00035
7545	0.00173
7546	0.00299
7547	0.00247
7548	0.00081
7549	-0.00005
7550	-0.00001
7551	-0.00224
7552	-0.00764
7553	-0.01619
7554	0.01690
7555	0.02449
7556	0.08607
7557	0.08032
7558	0.01361
7559	0.07986
7560	0.19275
7561	0.09007
7562	0.00615
7563	-0.03491
7564	-0.20001
7565	-0.13945
7566	-0.06563
7567	-0.03667
7568	0.01008
7569	0.04768
7570	0.13690
7571	0.13648
7572	0.05480
7573	0.01020
7574	-0.02227
7575	-0.01592
7576	0.02255
7577	0.08340
7578	0.17852
7579	0.23026
7580	0.19730
7581	0.14118
7582	0.06527
7583	0.03871
7584	0.05588
7585	0.03088
7586	-0.02520
7587	-0.07564
7588	-0.07173
7589	-0.08029
7590	-0.06523
7591	-0.03330
7592	-0.04507
7593	-0.03539
7594	-0.03687
7595	-0.07242
7596	-0.04015
7597	-0.03138
7598	-0.05754
7599	-0.09934
7600	-0.13096
7601	-0.20392
7602	-0.22799
7603	-0.00817
7604	-0.16853
7605	-0.02259
7606	-0.01052
7607	0.00143
7608	-0.00086
7609	0.00025
7610	-0.00049
7611	-0.00071
7612	0.00011
7613	-0.00066
7614	-0.00019
7615	0.00138
7616	0.00156
7617	0.00100
7618	0.00074
7619	0.00049
7620	-0.00060
7621	-0.00304
7622	-0.00581
7623	-0.00717
7624	-0.00718
7625	-0.00657
7626	-0.00524
7627	-0.00332
7628	-0.00175
7629	-0.00058
7630	0.00134
7631	0.00572
7632	0.01183
7633	0.01083
7634	-0.00075
7635	-0.00485
7636	0.00373
7637	0.00281
7638	-0.00614
7639	-0.00447
7640	-0.00040
7641	-0.00115
7642	0.00082
7643	-0.05453
7644	-0.00020
7645	0.21568
7646	0.31928
7647	0.15663
7648	0.08412
7649	0.04657
7650	-0.05579
7651	-0.11016
7652	-0.11789
7653	-0.10837
7654	-0.07099
7655	0.01303
7656	0.13873
7657	0.20770
7658	0.01343
7659	-0.12931
7660	-0.09760
7661	-0.03375
7662	-0.10124
7663	-0.23408
7664	-0.19847
7665	-0.10612
7666	-0.05507
7667	-0.01034
7668	-0.00156
7669	-0.02380
7670	0.00277
7671	0.01421
7672	-0.02087
7673	-0.04082
7674	-0.02676
7675	-0.06099
7676	-0.08187
7677	0.03474
7678	0.04278
7679	0.00301
7680	-0.00555
7681	-0.01338
7682	-0.00977
7683	-0.00240
7684	0.00014
7685	0.00052
7686	0.00095
7687	0.00146
7688	0.00284
7689	0.00507
7690	0.00495
7691	0.00284
7692	0.00084
7693	-0.00025
7694	-0.00007
7695	0.00021
7696	0.00044
7697	0.00111
7698	0.00125
7699	0.00073
7700	0.00009
7701	-0.00049
7702	-0.00110
7703	-0.00140
7704	-0.00114
7705	-0.00093
7706	-0.00134
7707	-0.00179
7708	-0.00112
7709	0.00421
7710	0.01706
7711	0.02444
7712	0.01094
7713	-0.00170
7714	0.00145
7715	0.00015
7716	-0.00395
7717	-0.00033
7718	-0.00618
7719	-0.02769
7720	0.03225
7721	0.29042
7722	0.27125
7723	-0.01200
7724	0.02511
7725	0.05016
7726	0.01530
7727	-0.12569
7728	-0.28986
7729	-0.29569
7730	-0.17978
7731	0.06178
7732	0.12568
7733	0.05782
7734	-0.04019
7735	-0.04698
7736	-0.08195
7737	-0.21967
7738	-0.45476
7739	-0.55241
7740	-0.27498
7741	-0.17493
7742	-0.14038
7743	-0.03886
7744	-0.00261
7745	-0.00344
7746	-0.00446
7747	-0.04075
7748	-0.02963
7749	-0.15114
7750	-0.25542
7751	0.07371
7752	0.03070
7753	-0.00091
7754	-0.01656
7755	-0.02523
7756	-0.01374
7757	-0.00316
7758	-0.00039
7759	-0.00025
7760	-0.00054
7761	-0.00038
7762	0.00072
7763	0.00316
7764	0.00567
7765	0.00573
7766	0.00294
7767	0.00024
7768	0.00038
7769	0.00143
7770	0.00124
7771	0.00090
7772	0.00140
7773	0.00182
7774	0.00074
7775	-0.00197
7776	-0.00527
7777	-0.00766
7778	-0.00751
7779	-0.00474
7780	-0.00113
7781	0.00223
7782	0.00527
7783	0.00847
7784	0.01137
7785	0.00817
7786	0.00075
7787	-0.00019
7788	0.00166
7789	0.00092
7790	0.00641
7791	-0.01603
7792	-0.05161
7793	0.15721
7794	0.14685
7795	-0.38170
7796	-0.16294
7797	0.03862
7798	0.16341
7799	0.08742
7800	-0.08493
7801	-0.27715
7802	-0.31707
7803	-0.01116
7804	0.22657
7805	0.23786
7806	0.14330
7807	0.09703
7808	-0.05444
7809	-0.29302
7810	-0.45661
7811	-0.44279
7812	-0.25832
7813	-0.18170
7814	-0.12696
7815	-0.06740
7816	-0.03526
7817	-0.03266
7818	-0.03803
7819	-0.07978
7820	-0.16738
7821	-0.17023
7822	-0.02056
7823	0.06673
7824	0.00581
7825	-0.00596
7826	-0.01667
7827	-0.01435
7828	-0.00579
7829	-0.00136
7830	-0.00030
7831	0.00004
7832	0.00222
7833	0.00907
7834	0.01526
7835	0.01496
7836	0.00887
7837	0.00203
7838	-0.00033
7839	0.00109
7840	0.00226
7841	0.00173
7842	0.00114
7843	0.00138
7844	0.00203
7845	0.00180
7846	0.00006
7847	-0.00307
7848	-0.00536
7849	-0.00410
7850	-0.00170
7851	-0.00060
7852	0.00204
7853	0.00933
7854	0.01873
7855	0.02082
7856	0.00900
7857	-0.00234
7858	0.00046
7859	0.00216
7860	-0.00200
7861	-0.00038
7862	0.00129
7863	-0.02186
7864	-0.06592
7865	0.18025
7866	0.07922
7867	-0.07892
7868	0.00577
7869	0.05408
7870	0.00835
7871	-0.03178
7872	-0.13529
7873	-0.27084
7874	-0.17080
7875	0.13631
7876	0.28647
7877	0.14721
7878	-0.06518
7879	-0.09248
7880	-0.15384
7881	-0.35021
7882	-0.48756
7883	-0.47711
7884	-0.33977
7885	-0.26814
7886	-0.16755
7887	-0.03141
7888	-0.00936
7889	-0.02606
7890	-0.04137
7891	-0.08551
7892	-0.08773
7893	-0.00504
7894	-0.00311
7895	-0.01837
7896	-0.02460
7897	-0.01498
7898	-0.00577
7899	-0.00261
7900	-0.00132
7901	-0.00054
7902	-0.00049
7903	0.00149
7904	0.00862
7905	0.01409
7906	0.01300
7907	0.00804
7908	0.00239
7909	-0.00032
7910	0.00040
7911	0.00169
7912	0.00266
7913	0.00313
7914	0.00236
7915	0.00082
7916	-0.00044
7917	-0.00156
7918	-0.00404
7919	-0.00815
7920	-0.00966
7921	-0.00617
7922	-0.00212
7923	0.00079
7924	0.00350
7925	0.00750
7926	0.01660
7927	0.02686
7928	0.02124
7929	0.00320
7930	-0.00195
7931	0.00170
7932	0.00066
7933	0.00444
7934	-0.00927
7935	-0.03004
7936	0.17742
7937	0.39168
7938	0.14163
7939	0.04871
7940	0.12187
7941	0.20035
7942	0.03795
7943	-0.14937
7944	-0.35671
7945	-0.33184
7946	-0.03397
7947	0.26416
7948	0.21539
7949	-0.10645
7950	-0.21725
7951	-0.12973
7952	-0.15542
7953	-0.31060
7954	-0.42991
7955	-0.34195
7956	-0.13010
7957	-0.16531
7958	-0.10065
7959	0.01296
7960	-0.01202
7961	-0.06780
7962	-0.00955
7963	0.01783
7964	-0.20189
7965	0.09388
7966	0.00867
7967	-0.00555
7968	-0.02299
7969	-0.02429
7970	-0.01030
7971	-0.00216
7972	-0.00056
7973	0.00020
7974	0.00301
7975	0.00693
7976	0.00835
7977	0.00723
7978	0.00423
7979	0.00115
7980	-0.00011
7981	0.00019
7982	0.00089
7983	0.00101
7984	0.00139
7985	0.00211
7986	0.00174
7987	0.00063
7988	-0.00053
7989	-0.00291
7990	-0.00647
7991	-0.00802
7992	-0.00608
7993	-0.00279
7994	-0.00037
7995	0.00126
7996	0.00395
7997	0.00938
7998	0.01134
7999	0.00524
8000	-0.00005
8001	0.00030
8002	-0.00059
8003	0.00317
8004	-0.07522
8005	0.02901
8006	0.13875
8007	0.29996
8008	0.04539
8009	-0.01982
8010	0.03977
8011	0.17766
8012	0.12147
8013	-0.15523
8014	-0.46075
8015	-0.36435
8016	0.06491
8017	0.40759
8018	0.21584
8019	-0.11263
8020	-0.19009
8021	-0.03297
8022	-0.04242
8023	-0.25176
8024	-0.46041
8025	-0.50432
8026	-0.30636
8027	-0.20697
8028	-0.17238
8029	-0.03465
8030	-0.01235
8031	-0.10388
8032	-0.08189
8033	-0.01192
8034	-0.06792
8035	-0.06262
8036	0.00673
8037	-0.00641
8038	-0.01987
8039	-0.02021
8040	-0.01040
8041	-0.00385
8042	-0.00206
8043	-0.00174
8044	-0.00094
8045	0.00068
8046	0.00260
8047	0.00412
8048	0.00555
8049	0.00543
8050	0.00200
8051	-0.00084
8052	0.00059
8053	0.00230
8054	0.00149
8055	0.00053
8056	0.00038
8057	0.00095
8058	0.00108
8059	-0.00097
8060	-0.00501
8061	-0.00868
8062	-0.00946
8063	-0.00633
8064	-0.00165
8065	0.00211
8066	0.00514
8067	0.00874
8068	0.01080
8069	0.00708
8070	0.00106
8071	-0.00020
8072	-0.00056
8073	-0.00186
8074	0.00641
8075	-0.03344
8076	-0.03166
8077	0.05970
8078	0.28470
8079	-0.06907
8080	-0.04945
8081	0.08881
8082	0.22021
8083	0.09403
8084	-0.12758
8085	-0.41792
8086	-0.42411
8087	-0.01813
8088	0.26929
8089	0.15383
8090	-0.13683
8091	-0.16289
8092	-0.07235
8093	-0.17193
8094	-0.35671
8095	-0.47456
8096	-0.42270
8097	-0.21419
8098	-0.16070
8099	-0.10168
8100	-0.02036
8101	-0.03047
8102	-0.07556
8103	-0.00651
8104	-0.11466
8105	-0.16753
8106	0.01038
8107	0.00391
8108	-0.00530
8109	-0.01851
8110	-0.02255
8111	-0.01394
8112	-0.00507
8113	-0.00137
8114	-0.00037
8115	0.00007
8116	0.00181
8117	0.00811
8118	0.01392
8119	0.01184
8120	0.00587
8121	0.00155
8122	0.00001
8123	0.00070
8124	0.00178
8125	0.00204
8126	0.00265
8127	0.00403
8128	0.00385
8129	0.00136
8130	-0.00104
8131	-0.00334
8132	-0.00495
8133	-0.00379
8134	-0.00144
8135	-0.00042
8136	-0.00074
8137	-0.00157
8138	0.00144
8139	0.01342
8140	0.02088
8141	0.00959
8142	-0.00073
8143	0.00224
8144	0.00019
8145	-0.00298
8146	-0.00036
8147	-0.01713
8148	0.00253
8149	0.07471
8150	0.31739
8151	0.23198
8152	0.11135
8153	0.09010
8154	0.07997
8155	-0.10848
8156	-0.25117
8157	-0.43088
8158	-0.16147
8159	0.18825
8160	0.43339
8161	0.31392
8162	-0.01503
8163	-0.14099
8164	-0.02967
8165	-0.06292
8166	-0.32743
8167	-0.61011
8168	-0.67567
8169	-0.40113
8170	-0.23380
8171	-0.15722
8172	-0.04076
8173	-0.00819
8174	-0.04893
8175	-0.02218
8176	-0.02948
8177	-0.07705
8178	0.00191
8179	0.00697
8180	-0.00337
8181	-0.01790
8182	-0.02133
8183	-0.01197
8184	-0.00343
8185	-0.00069
8186	-0.00009
8187	0.00002
8188	-0.00015
8189	0.00260
8190	0.00799
8191	0.01040
8192	0.00779
8193	0.00259
8194	-0.00017
8195	0.00016
8196	0.00016
8197	0.00037
8198	0.00087
8199	0.00061
8200	0.00010
8201	-0.00015
8202	-0.00073
8203	-0.00250
8204	-0.00511
8205	-0.00625
8206	-0.00423
8207	-0.00134
8208	0.00007
8209	0.00120
8210	0.00651
8211	0.01746
8212	0.01849
8213	0.00404
8214	-0.00260
8215	0.00233
8216	0.00236
8217	0.00608
8218	-0.00125
8219	0.02313
8220	0.00119
8221	0.20843
8222	-0.08851
8223	-0.15131
8224	0.01685
8225	0.10612
8226	0.09772
8227	-0.03950
8228	-0.26154
8229	-0.32148
8230	-0.06368
8231	0.25663
8232	0.34257
8233	0.25382
8234	0.06548
8235	-0.14192
8236	-0.27790
8237	-0.43438
8238	-0.53159
8239	-0.53305
8240	-0.38017
8241	-0.22488
8242	-0.14902
8243	-0.04438
8244	-0.03800
8245	-0.07111
8246	-0.06405
8247	-0.10711
8248	-0.32820
8249	-0.13591
8250	0.01426
8251	-0.00756
8252	-0.02879
8253	-0.02685
8254	-0.01050
8255	-0.00214
8256	-0.00053
8257	-0.00012
8258	0.00014
8259	-0.00036
8260	0.00159
8261	0.00851
8262	0.01353
8263	0.01132
8264	0.00527
8265	0.00000
8266	-0.00116
8267	0.00097
8268	0.00211
8269	0.00156
8270	0.00067
8271	0.00026
8272	0.00060
8273	0.00067
8274	-0.00183
8275	-0.00867
8276	-0.01328
8277	-0.00914
8278	-0.00253
8279	0.00050
8280	0.00178
8281	0.00397
8282	0.01032
8283	0.01792
8284	0.01409
8285	0.00158
8286	-0.00018
8287	0.00476
8288	0.00606
8289	-0.03747
8290	-0.02234
8291	-0.10023
8292	0.19652
8293	0.02820
8294	0.01308
8295	0.06294
8296	0.13523
8297	0.07724
8298	-0.06443
8299	-0.28692
8300	-0.38430
8301	-0.17818
8302	0.09829
8303	0.14262
8304	0.02126
8305	-0.03358
8306	-0.06972
8307	-0.18036
8308	-0.34970
8309	-0.40052
8310	-0.33418
8311	-0.20992
8312	-0.15730
8313	-0.07402
8314	-0.02235
8315	-0.01682
8316	-0.01955
8317	-0.02799
8318	-0.08413
8319	-0.06218
8320	-0.02018
8321	0.00655
8322	-0.00942
8323	-0.02851
8324	-0.02772
8325	-0.01170
8326	-0.00260
8327	-0.00044
8328	-0.00020
8329	-0.00063
8330	0.00138
8331	0.00747
8332	0.01268
8333	0.01234
8334	0.00804
8335	0.00322
8336	0.00047
8337	-0.00039
8338	0.00002
8339	0.00151
8340	0.00207
8341	0.00140
8342	0.00049
8343	-0.00034
8344	-0.00131
8345	-0.00336
8346	-0.00646
8347	-0.00831
8348	-0.00640
8349	-0.00253
8350	0.00015
8351	0.00093
8352	0.00133
8353	0.00545
8354	0.01702
8355	0.02424
8356	0.01307
8357	-0.00041
8358	0.00090
8359	0.00171
8360	-0.00139
8361	0.00442
8362	-0.03456
8363	0.03086
8364	0.32147
8365	0.20266
8366	-0.08633
8367	0.08413
8368	0.15261
8369	0.06664
8370	-0.15759
8371	-0.31573
8372	-0.20665
8373	0.03438
8374	0.22464
8375	0.31172
8376	0.15100
8377	-0.05542
8378	-0.07096
8379	-0.02975
8380	-0.09202
8381	-0.28458
8382	-0.44241
8383	-0.39187
8384	-0.25960
8385	-0.20204
8386	-0.10833
8387	-0.02127
8388	-0.06402
8389	-0.15186
8390	0.02056
8391	-0.12931
8392	-0.16688
8393	0.01100
8394	0.00393
8395	-0.00588
8396	-0.01451
8397	-0.01235
8398	-0.00582
8399	-0.00220
8400	-0.00118
8401	-0.00096
8402	-0.00097
8403	0.00050
8404	0.00640
8405	0.01156
8406	0.01142
8407	0.00756
8408	0.00199
8409	-0.00038
8410	0.00134
8411	0.00275
8412	0.00239
8413	0.00171
8414	0.00136
8415	0.00138
8416	0.00141
8417	0.00024
8418	-0.00322
8419	-0.00752
8420	-0.00771
8421	-0.00393
8422	-0.00055
8423	0.00110
8424	0.00245
8425	0.00778
8426	0.01638
8427	0.01494
8428	0.00335
8429	-0.00112
8430	0.00101
8431	0.00067
8432	0.00562
8433	-0.04900
8434	0.03979
8435	0.08270
8436	0.34531
8437	-0.03446
8438	-0.07142
8439	0.11483
8440	0.20255
8441	0.03487
8442	-0.16589
8443	-0.41525
8444	-0.32156
8445	0.00493
8446	0.19586
8447	0.23236
8448	0.20522
8449	0.04116
8450	-0.19958
8451	-0.33495
8452	-0.41197
8453	-0.54325
8454	-0.55788
8455	-0.29256
8456	-0.15492
8457	-0.10440
8458	-0.05800
8459	-0.03805
8460	-0.08210
8461	-0.08617
8462	-0.07068
8463	-0.13599
8464	0.01949
8465	0.00950
8466	-0.00111
8467	-0.01736
8468	-0.02309
8469	-0.01357
8470	-0.00405
8471	-0.00084
8472	-0.00037
8473	-0.00043
8474	0.00156
8475	0.00770
8476	0.01333
8477	0.01353
8478	0.00847
8479	0.00188
8480	-0.00092
8481	0.00001
8482	0.00159
8483	0.00191
8484	0.00120
8485	0.00075
8486	0.00077
8487	0.00082
8488	0.00009
8489	-0.00225
8490	-0.00556
8491	-0.00706
8492	-0.00489
8493	-0.00142
8494	0.00072
8495	0.00175
8496	0.00470
8497	0.01246
8498	0.01698
8499	0.00822
8500	-0.00082
8501	0.00028
8502	0.00072
8503	0.00347
8504	0.00634
8505	-0.01969
8506	-0.02928
8507	0.29060
8508	0.08685
8509	-0.04653
8510	0.05418
8511	0.12246
8512	0.03542
8513	-0.06610
8514	-0.15183
8515	-0.15179
8516	-0.00466
8517	0.16514
8518	0.15622
8519	-0.05844
8520	-0.16248
8521	-0.15634
8522	-0.27954
8523	-0.42781
8524	-0.54654
8525	-0.48175
8526	-0.26434
8527	-0.17412
8528	-0.08234
8529	-0.01882
8530	-0.04721
8531	-0.10315
8532	-0.05525
8533	-0.07591
8534	-0.03484
8535	0.03134
8536	0.00760
8537	-0.00334
8538	-0.01606
8539	-0.01805
8540	-0.01114
8541	-0.00616
8542	-0.00451
8543	-0.00326
8544	0.00080
8545	0.00679
8546	0.01081
8547	0.01162
8548	0.00828
8549	0.00270
8550	-0.00044
8551	-0.00047
8552	0.00102
8553	0.00229
8554	0.00276
8555	0.00200
8556	0.00094
8557	0.00076
8558	0.00067
8559	-0.00186
8560	-0.00885
8561	-0.01447
8562	-0.01110
8563	-0.00398
8564	0.00028
8565	0.00248
8566	0.00396
8567	0.00776
8568	0.01443
8569	0.01529
8570	0.00573
8571	-0.00023
8572	0.00008
8573	-0.00295
8574	-0.00047
8575	0.00353
8576	0.05704
8577	0.23204
8578	0.43738
8579	0.26618
8580	0.08492
8581	0.14952
8582	0.25497
8583	0.05797
8584	-0.15688
8585	-0.40132
8586	-0.34298
8587	-0.06810
8588	0.26233
8589	0.17803
8590	-0.08307
8591	-0.20186
8592	-0.09920
8593	-0.09907
8594	-0.22120
8595	-0.31455
8596	-0.30975
8597	-0.16920
8598	-0.14568
8599	-0.07209
8600	-0.01319
8601	-0.04548
8602	-0.14472
8603	-0.04415
8604	-0.00559
8605	-0.07258
8606	0.00725
8607	0.00493
8608	-0.00697
8609	-0.01985
8610	-0.01869
8611	-0.00719
8612	-0.00150
8613	-0.00036
8614	-0.00020
8615	0.00061
8616	0.00421
8617	0.00879
8618	0.01025
8619	0.00800
8620	0.00373
8621	0.00031
8622	-0.00009
8623	0.00054
8624	0.00045
8625	0.00044
8626	0.00052
8627	0.00087
8628	0.00136
8629	0.00158
8630	0.00015
8631	-0.00424
8632	-0.00810
8633	-0.00735
8634	-0.00353
8635	0.00005
8636	0.00254
8637	0.00547
8638	0.01124
8639	0.01560
8640	0.00973
8641	0.00109
8642	-0.00043
8643	0.00149
8644	0.00757
8645	0.00960
8646	-0.02419
8647	-0.06672
8648	0.23585
8649	0.04789
8650	-0.25576
8651	-0.01272
8652	0.08395
8653	0.12946
8654	-0.00181
8655	-0.22798
8656	-0.32026
8657	-0.01917
8658	0.25900
8659	0.22314
8660	0.06771
8661	0.01690
8662	-0.06709
8663	-0.25895
8664	-0.53415
8665	-0.64817
8666	-0.74962
8667	-0.56654
8668	-0.26822
8669	-0.19239
8670	-0.05660
8671	-0.00543
8672	-0.08620
8673	-0.12636
8674	0.02785
8675	-0.16941
8676	-0.12434
8677	-0.00113
8678	-0.02073
8679	-0.02988
8680	-0.01636
8681	-0.00366
8682	-0.00029
8683	-0.00036
8684	-0.00063
8685	-0.00078
8686	0.00008
8687	0.00548
8688	0.01281
8689	0.01547
8690	0.01025
8691	0.00175
8692	-0.00156
8693	0.00105
8694	0.00282
8695	0.00202
8696	0.00110
8697	0.00009
8698	0.00001
8699	0.00055
8700	-0.00082
8701	-0.00568
8702	-0.00976
8703	-0.00846
8704	-0.00409
8705	0.00048
8706	0.00574
8707	0.01308
8708	0.02095
8709	0.02019
8710	0.00823
8711	-0.00148
8712	-0.00046
8713	0.00258
8714	0.00768
8715	0.00956
8716	-0.02641
8717	0.03335
8718	0.24977
8719	0.16217
8720	-0.18988
8721	0.01216
8722	0.10418
8723	0.24362
8724	0.05683
8725	-0.31682
8726	-0.56330
8727	-0.35975
8728	0.05876
8729	0.22708
8730	0.13469
8731	-0.07255
8732	-0.16821
8733	-0.22647
8734	-0.39811
8735	-0.53801
8736	-0.60303
8737	-0.39642
8738	-0.19929
8739	-0.16591
8740	-0.07098
8741	-0.02717
8742	-0.05742
8743	-0.06576
8744	0.01581
8745	-0.22431
8746	-0.13386
8747	0.01415
8748	-0.00057
8749	-0.01836
8750	-0.02470
8751	-0.01391
8752	-0.00415
8753	-0.00110
8754	-0.00056
8755	-0.00027
8756	0.00020
8757	0.00241
8758	0.00824
8759	0.01450
8760	0.01630
8761	0.01133
8762	0.00311
8763	-0.00055
8764	0.00086
8765	0.00182
8766	0.00146
8767	0.00102
8768	0.00050
8769	-0.00014
8770	-0.00107
8771	-0.00253
8772	-0.00456
8773	-0.00583
8774	-0.00421
8775	-0.00098
8776	0.00084
8777	0.00206
8778	0.00710
8779	0.02247
8780	0.03670
8781	0.02488
8782	0.00190
8783	-0.00016
8784	0.00295
8785	-0.00088
8786	0.00144
8787	-0.00387
8788	-0.00951
8789	0.10886
8790	0.44473
8791	0.28717
8792	-0.00731
8793	0.03786
8794	0.10968
8795	0.06813
8796	-0.06076
8797	-0.17804
8798	-0.11540
8799	0.09746
8800	0.30576
8801	0.27789
8802	0.05930
8803	-0.23207
8804	-0.29590
8805	-0.33818
8806	-0.48833
8807	-0.69696
8808	-0.78248
8809	-0.38014
8810	-0.15375
8811	-0.11689
8812	-0.03195
8813	-0.02647
8814	-0.10935
8815	-0.08371
8816	-0.07928
8817	-0.14090
8818	-0.03646
8819	0.00961
8820	-0.00753
8821	-0.02262
8822	-0.01992
8823	-0.00688
8824	-0.00089
8825	-0.00005
8826	-0.00000
8827	-0.00002
8828	0.00006
8829	0.00253
8830	0.00829
8831	0.01217
8832	0.01143
8833	0.00738
8834	0.00215
8835	-0.00018
8836	0.00173
8837	0.00308
8838	0.00193
8839	0.00063
8840	0.00021
8841	0.00051
8842	0.00073
8843	0.00016
8844	-0.00244
8845	-0.00602
8846	-0.00635
8847	-0.00352
8848	-0.00085
8849	0.00057
8850	0.00323
8851	0.01138
8852	0.02065
8853	0.01605
8854	0.00231
8855	-0.00018
8856	0.00092
8857	-0.00035
8858	0.00058
8859	-0.00610
8860	-0.05079
8861	0.09229
8862	0.37007
8863	0.30468
8864	-0.08731
8865	-0.02000
8866	0.07753
8867	0.07095
8868	-0.01577
8869	-0.10319
8870	-0.12346
8871	-0.03980
8872	-0.01122
8873	-0.04482
8874	-0.00502
8875	-0.00071
8876	-0.22534
8877	-0.44084
8878	-0.55937
8879	-0.69363
8880	-0.65765
8881	-0.39915
8882	-0.17853
8883	-0.08633
8884	-0.01821
8885	-0.02552
8886	-0.04101
8887	-0.05046
8888	-0.05330
8889	-0.02390
8890	-0.11051
8891	0.01060
8892	0.00115
8893	-0.01421
8894	-0.02247
8895	-0.01384
8896	-0.00396
8897	-0.00068
8898	-0.00015
8899	0.00012
8900	0.00181
8901	0.00694
8902	0.01297
8903	0.01444
8904	0.00969
8905	0.00279
8906	-0.00034
8907	0.00091
8908	0.00217
8909	0.00192
8910	0.00152
8911	0.00120
8912	0.00136
8913	0.00176
8914	0.00107
8915	-0.00145
8916	-0.00440
8917	-0.00523
8918	-0.00395
8919	-0.00214
8920	-0.00014
8921	0.00436
8922	0.01599
8923	0.02681
8924	0.01605
8925	-0.00101
8926	0.00044
8927	0.00177
8928	-0.00347
8929	-0.00029
8930	-0.00174
8931	-0.06038
8932	-0.02239
8933	0.31040
8934	0.35507
8935	0.01503
8936	0.00615
8937	0.08159
8938	0.08879
8939	-0.00559
8940	-0.22270
8941	-0.30657
8942	-0.10676
8943	0.17606
8944	0.15191
8945	-0.09976
8946	-0.28467
8947	-0.21585
8948	-0.27832
8949	-0.45352
8950	-0.56847
8951	-0.64866
8952	-0.40540
8953	-0.19315
8954	-0.10608
8955	-0.04902
8956	-0.03204
8957	-0.05275
8958	-0.10734
8959	-0.16015
8960	-0.15389
8961	-0.11117
8962	-0.01088
8963	0.00273
8964	-0.01148
8965	-0.02240
8966	-0.01600
8967	-0.00447
8968	-0.00031
8969	0.00004
8970	-0.00003
8971	0.00097
8972	0.00540
8973	0.01259
8974	0.01705
8975	0.01573
8976	0.01027
8977	0.00369
8978	0.00015
8979	0.00064
8980	0.00177
8981	0.00165
8982	0.00076
8983	0.00054
8984	0.00091
8985	0.00096
8986	-0.00050
8987	-0.00432
8988	-0.00680
8989	-0.00490
8990	-0.00152
8991	0.00008
8992	0.00052
8993	0.00303
8994	0.01250
8995	0.02471
8996	0.02207
8997	0.00552
8998	-0.00150
8999	0.00135
9000	0.00600
9001	0.01133
9002	-0.00865
9003	-0.01308
9004	0.13938
9005	0.25585
9006	-0.18037
9007	-0.05581
9008	0.05696
9009	0.16271
9010	0.10609
9011	0.00555
9012	-0.22549
9013	-0.08249
9014	0.16782
9015	0.14209
9016	0.03764
9017	0.04095
9018	-0.04130
9019	-0.27210
9020	-0.58395
9021	-0.72665
9022	-0.76402
9023	-0.61410
9024	-0.33220
9025	-0.26301
9026	-0.07494
9027	-0.00149
9028	-0.01623
9029	-0.05423
9030	-0.05714
9031	-0.14461
9032	-0.10962
9033	0.01711
9034	0.00628
9035	-0.01547
9036	-0.03582
9037	-0.02701
9038	-0.00905
9039	-0.00175
9040	-0.00036
9041	0.00031
9042	0.00194
9043	0.00534
9044	0.00966
9045	0.01236
9046	0.01161
9047	0.00663
9048	0.00067
9049	-0.00099
9050	0.00079
9051	0.00196
9052	0.00137
9053	-0.00051
9054	-0.00134
9055	-0.00038
9056	0.00116
9057	0.00123
9058	-0.00252
9059	-0.00859
9060	-0.01035
9061	-0.00601
9062	-0.00122
9063	0.00111
9064	0.00334
9065	0.00976
9066	0.02100
9067	0.02272
9068	0.00906
9069	-0.00072
9070	0.00035
9071	0.00140
9072	0.00478
9073	-0.03677
9074	-0.04286
9075	0.02429
9076	0.35747
9077	0.22683
9078	0.04456
9079	0.06532
9080	0.20057
9081	0.16608
9082	-0.02424
9083	-0.38489
9084	-0.46076
9085	-0.16190
9086	0.14663
9087	0.09126
9088	-0.06189
9089	-0.09820
9090	-0.14619
9091	-0.36900
9092	-0.51694
9093	-0.56624
9094	-0.55474
9095	-0.30450
9096	-0.16013
9097	-0.09233
9098	-0.02040
9099	-0.01514
9100	-0.03657
9101	0.02731
9102	-0.05259
9103	-0.21501
9104	-0.07497
9105	0.01522
9106	0.00368
9107	-0.01599
9108	-0.02656
9109	-0.01737
9110	-0.00558
9111	-0.00090
9112	0.00005
9113	0.00027
9114	0.00142
9115	0.00488
9116	0.00825
9117	0.00833
9118	0.00732
9119	0.00606
9120	0.00249
9121	-0.00009
9122	0.00225
9123	0.00249
9124	0.00079
9125	-0.00004
9126	-0.00053
9127	-0.00014
9128	0.00049
9129	0.00002
9130	-0.00322
9131	-0.00643
9132	-0.00518
9133	-0.00128
9134	0.00080
9135	0.00113
9136	0.00314
9137	0.01026
9138	0.01800
9139	0.01397
9140	0.00286
9141	-0.00008
9142	-0.00033
9143	-0.00033
9144	-0.00014
9145	-0.00187
9146	-0.14329
9147	0.02213
9148	0.36867
9149	0.38923
9150	0.07161
9151	0.07126
9152	0.12029
9153	0.01287
9154	-0.13813
9155	-0.24400
9156	-0.15156
9157	0.14241
9158	0.25917
9159	0.07034
9160	-0.18294
9161	-0.19442
9162	-0.09120
9163	-0.22496
9164	-0.59833
9165	-0.86883
9166	-0.88013
9167	-0.65528
9168	-0.34343
9169	-0.25547
9170	-0.08350
9171	-0.01275
9172	-0.06594
9173	-0.08926
9174	-0.00638
9175	-0.15482
9176	-0.11589
9177	0.01285
9178	0.00446
9179	-0.01430
9180	-0.02625
9181	-0.01794
9182	-0.00611
9183	-0.00117
9184	-0.00011
9185	0.00011
9186	0.00069
9187	0.00265
9188	0.00560
9189	0.00755
9190	0.00815
9191	0.00571
9192	0.00113
9193	0.00013
9194	0.00247
9195	0.00286
9196	0.00122
9197	0.00035
9198	0.00059
9199	0.00136
9200	0.00123
9201	-0.00035
9202	-0.00447
9203	-0.00953
9204	-0.00987
9205	-0.00460
9206	0.00074
9207	0.00243
9208	0.00218
9209	0.00328
9210	0.00873
9211	0.01507
9212	0.01254
9213	0.00303
9214	0.00006
9215	0.00470
9216	0.01215
9217	-0.03434
9218	-0.02707
9219	0.16803
9220	0.44219
9221	-0.00695
9222	-0.08818
9223	0.07065
9224	0.17260
9225	0.07990
9226	-0.06441
9227	-0.21612
9228	-0.10720
9229	0.08233
9230	0.08489
9231	0.04105
9232	0.10132
9233	0.06219
9234	-0.17824
9235	-0.44796
9236	-0.59958
9237	-0.69189
9238	-0.66195
9239	-0.37155
9240	-0.18881
9241	-0.11704
9242	-0.03250
9243	-0.03961
9244	-0.05902
9245	0.04820
9246	-0.17553
9247	-0.17508
9248	0.00000
9249	0.00875
9250	-0.00417
9251	-0.02209
9252	-0.02421
9253	-0.01099
9254	-0.00235
9255	-0.00005
9256	0.00041
9257	0.00054
9258	0.00102
9259	0.00352
9260	0.00956
9261	0.01456
9262	0.01370
9263	0.00827
9264	0.00235
9265	-0.00001
9266	0.00181
9267	0.00315
9268	0.00236
9269	0.00153
9270	0.00091
9271	0.00054
9272	0.00033
9273	-0.00018
9274	-0.00215
9275	-0.00503
9276	-0.00588
9277	-0.00375
9278	-0.00120
9279	0.00003
9280	0.00263
9281	0.01133
9282	0.01919
9283	0.01138
9284	0.00008
9285	0.00049
9286	0.00058
9287	-0.00233
9288	-0.00169
9289	0.00082
9290	-0.02086
9291	0.03634
9292	0.29454
9293	0.29248
9294	0.08236
9295	0.05693
9296	0.07720
9297	0.03152
9298	-0.07376
9299	-0.28858
9300	-0.31588
9301	-0.03290
9302	0.23546
9303	0.24852
9304	0.08596
9305	-0.10640
9306	-0.15422
9307	-0.22060
9308	-0.39834
9309	-0.60087
9310	-0.58643
9311	-0.32456
9312	-0.18392
9313	-0.09492
9314	-0.02874
9315	-0.00860
9316	-0.06460
9317	-0.13311
9318	0.02009
9319	-0.04630
9320	-0.12164
9321	0.01560
9322	0.00491
9323	-0.01099
9324	-0.01891
9325	-0.01174
9326	-0.00366
9327	-0.00144
9328	-0.00166
9329	-0.00239
9330	-0.00086
9331	0.00446
9332	0.00941
9333	0.01001
9334	0.00677
9335	0.00220
9336	-0.00045
9337	0.00018
9338	0.00212
9339	0.00198
9340	0.00072
9341	0.00043
9342	0.00115
9343	0.00209
9344	0.00179
9345	-0.00003
9346	-0.00348
9347	-0.00690
9348	-0.00751
9349	-0.00487
9350	-0.00148
9351	0.00147
9352	0.00666
9353	0.01812
9354	0.02804
9355	0.01942
9356	0.00162
9357	-0.00137
9358	0.00051
9359	-0.00120
9360	0.00048
9361	-0.00135
9362	-0.10323
9363	0.03573
9364	0.47552
9365	0.37056
9366	0.03011
9367	0.04910
9368	0.10190
9369	0.04788
9370	-0.05825
9371	-0.22290
9372	-0.18424
9373	0.08067
9374	0.15920
9375	-0.10995
9376	-0.37220
9377	-0.25619
9378	-0.15030
9379	-0.31182
9380	-0.59087
9381	-0.70605
9382	-0.61530
9383	-0.33902
9384	-0.16925
9385	-0.10650
9386	-0.00929
9387	0.00036
9388	-0.05878
9389	-0.04060
9390	-0.05351
9391	-0.12219
9392	-0.07301
9393	0.01266
9394	0.00063
9395	-0.01533
9396	-0.02365
9397	-0.01408
9398	-0.00420
9399	-0.00115
9400	-0.00078
9401	-0.00151
9402	-0.00181
9403	-0.00063
9404	0.00128
9405	0.00314
9406	0.00371
9407	0.00257
9408	0.00104
9409	0.00001
9410	0.00049
9411	0.00159
9412	0.00175
9413	0.00150
9414	0.00103
9415	0.00062
9416	0.00078
9417	0.00020
9418	-0.00310
9419	-0.00741
9420	-0.00853
9421	-0.00621
9422	-0.00331
9423	-0.00128
9424	0.00218
9425	0.01143
9426	0.02354
9427	0.02348
9428	0.00952
9429	0.00006
9430	-0.00003
9431	0.00084
9432	0.00629
9433	0.00456
9434	-0.04148
9435	0.05811
9436	0.33762
9437	0.01022
9438	-0.18899
9439	0.04696
9440	0.15986
9441	0.13787
9442	-0.04586
9443	-0.25408
9444	-0.29517
9445	-0.09892
9446	0.05604
9447	-0.00089
9448	-0.10660
9449	-0.08382
9450	-0.14230
9451	-0.37245
9452	-0.69731
9453	-0.87027
9454	-0.85532
9455	-0.47141
9456	-0.24794
9457	-0.15748
9458	-0.02241
9459	0.00081
9460	-0.03106
9461	-0.09936
9462	-0.06001
9463	-0.22932
9464	-0.11377
9465	0.01107
9466	-0.00757
9467	-0.02606
9468	-0.02313
9469	-0.00775
9470	-0.00089
9471	0.00008
9472	0.00015
9473	0.00001
9474	0.00050
9475	0.00470
9476	0.01116
9477	0.01295
9478	0.00977
9479	0.00475
9480	0.00041
9481	0.00092
9482	0.00342
9483	0.00261
9484	0.00065
9485	-0.00004
9486	0.00127
9487	0.00302
9488	0.00247
9489	-0.00174
9490	-0.00857
9491	-0.01187
9492	-0.00779
9493	-0.00207
9494	0.00018
9495	0.00127
9496	0.00466
9497	0.01456
9498	0.02545
9499	0.01988
9500	0.00272
9501	-0.00070
9502	0.00305
9503	0.00288
9504	0.00675
9505	-0.03624
9506	0.02845
9507	0.33047
9508	0.29475
9509	-0.03600
9510	0.05490
9511	0.15629
9512	0.16216
9513	0.00618
9514	-0.25201
9515	-0.42823
9516	-0.08759
9517	0.31234
9518	0.34783
9519	0.02574
9520	-0.17200
9521	-0.02229
9522	-0.08314
9523	-0.40774
9524	-0.65651
9525	-0.66517
9526	-0.52738
9527	-0.27722
9528	-0.13036
9529	-0.04114
9530	0.00222
9531	-0.00902
9532	-0.05305
9533	-0.04831
9534	-0.08805
9535	-0.13036
9536	0.01695
9537	0.00171
9538	-0.02396
9539	-0.03575
9540	-0.02019
9541	-0.00512
9542	-0.00058
9543	-0.00007
9544	-0.00015
9545	0.00073
9546	0.00361
9547	0.00754
9548	0.01048
9549	0.01080
9550	0.00776
9551	0.00284
9552	-0.00014
9553	0.00066
9554	0.00124
9555	0.00054
9556	0.00028
9557	0.00029
9558	0.00097
9559	0.00092
9560	-0.00077
9561	-0.00529
9562	-0.00970
9563	-0.00869
9564	-0.00398
9565	-0.00044
9566	0.00140
9567	0.00442
9568	0.01420
9569	0.02844
9570	0.02728
9571	0.00790
9572	-0.00153
9573	0.00169
9574	-0.00064
9575	-0.00116
9576	0.00340
9577	-0.07094
9578	0.02849
9579	0.47013
9580	0.36996
9581	-0.06246
9582	0.02545
9583	0.12769
9584	0.02692
9585	-0.16874
9586	-0.37193
9587	-0.31636
9588	-0.01631
9589	0.32058
9590	0.46266
9591	0.20678
9592	-0.19136
9593	-0.14232
9594	-0.05822
9595	-0.26750
9596	-0.64678
9597	-0.90038
9598	-0.71128
9599	-0.33510
9600	-0.23679
9601	-0.06495
9602	0.01542
9603	0.01480
9604	-0.06396
9605	-0.01054
9606	-0.12201
9607	-0.13017
9608	-0.02134
9609	0.00910
9610	-0.01483
9611	-0.03781
9612	-0.02836
9613	-0.00740
9614	0.00003
9615	0.00030
9616	0.00005
9617	0.00156
9618	0.00504
9619	0.00897
9620	0.01113
9621	0.00887
9622	0.00403
9623	0.00053
9624	-0.00039
9625	0.00094
9626	0.00162
9627	0.00070
9628	0.00022
9629	0.00050
9630	0.00117
9631	0.00107
9632	0.00006
9633	-0.00286
9634	-0.00635
9635	-0.00639
9636	-0.00342
9637	-0.00118
9638	-0.00032
9639	0.00190
9640	0.01100
9641	0.02509
9642	0.02565
9643	0.00885
9644	-0.00174
9645	0.00047
9646	0.00245
9647	0.00711
9648	-0.07091
9649	0.03560
9650	0.19961
9651	0.30044
9652	-0.25658
9653	-0.09870
9654	0.06153
9655	0.17643
9656	0.03400
9657	-0.16234
9658	-0.43181
9659	-0.09995
9660	0.21861
9661	0.29731
9662	0.16949
9663	-0.08458
9664	-0.15286
9665	-0.10438
9666	-0.15323
9667	-0.39924
9668	-0.73354
9669	-0.85811
9670	-0.53469
9671	-0.30676
9672	-0.09929
9673	-0.02513
9674	-0.05893
9675	-0.09914
9676	0.02873
9677	-0.06716
9678	-0.12950
9679	0.01026
9680	-0.00687
9681	-0.02560
9682	-0.02446
9683	-0.00880
9684	-0.00067
9685	0.00054
9686	0.00071
9687	0.00181
9688	0.00187
9689	0.00010
9690	0.00166
9691	0.00792
9692	0.01379
9693	0.01269
9694	0.00553
9695	-0.00067
9696	-0.00057
9697	0.00345
9698	0.00435
9699	0.00221
9700	0.00033
9701	-0.00039
9702	-0.00032
9703	-0.00124
9704	-0.00412
9705	-0.00780
9706	-0.00910
9707	-0.00598
9708	-0.00113
9709	0.00182
9710	0.00282
9711	0.00404
9712	0.00794
9713	0.01393
9714	0.01560
9715	0.00834
9716	0.00087
9717	0.00104
9718	0.00903
9719	0.01005
9720	-0.09228
9721	0.08470
9722	0.39154
9723	-0.24363
9724	-0.46925
9725	0.01840
9726	0.16151
9727	0.08531
9728	-0.09156
9729	-0.26300
9730	-0.22182
9731	0.00018
9732	0.12649
9733	0.13970
9734	0.02690
9735	-0.12597
9736	-0.14783
9737	-0.18005
9738	-0.36569
9739	-0.62064
9740	-0.80289
9741	-0.67690
9742	-0.35925
9743	-0.22819
9744	-0.05372
9745	0.00379
9746	-0.03360
9747	-0.14754
9748	0.00720
9749	-0.13612
9750	-0.17931
9751	0.01145
9752	-0.00337
9753	-0.02538
9754	-0.03585
9755	-0.02058
9756	-0.00494
9757	-0.00004
9758	0.00015
9759	-0.00081
9760	0.00098
9761	0.00739
9762	0.01254
9763	0.01143
9764	0.00568
9765	0.00015
9766	-0.00171
9767	-0.00090
9768	0.00058
9769	0.00097
9770	0.00043
9771	0.00022
9772	0.00067
9773	0.00148
9774	0.00112
9775	-0.00192
9776	-0.00757
9777	-0.01168
9778	-0.01024
9779	-0.00516
9780	-0.00062
9781	0.00200
9782	0.00394
9783	0.00765
9784	0.01236
9785	0.01303
9786	0.00799
9787	0.00271
9788	-0.00013
9789	0.00251
9790	0.01123
9791	0.05387
9792	0.05893
9793	0.40053
9794	0.23314
9795	-0.28549
9796	-0.00024
9797	0.14960
9798	0.27970
9799	0.01146
9800	-0.30931
9801	-0.50050
9802	-0.17876
9803	0.14505
9804	0.21905
9805	0.03067
9806	-0.17505
9807	-0.14120
9808	-0.13512
9809	-0.26361
9810	-0.44910
9811	-0.65023
9812	-0.64041
9813	-0.32744
9814	-0.20132
9815	-0.10827
9816	-0.00372
9817	0.01229
9818	-0.03032
9819	0.03869
9820	-0.11324
9821	-0.14121
9822	-0.01453
9823	0.01200
9824	-0.00296
9825	-0.02291
9826	-0.02729
9827	-0.01429
9828	-0.00410
9829	-0.00086
9830	-0.00025
9831	-0.00043
9832	-0.00030
9833	0.00184
9834	0.00599
9835	0.00844
9836	0.00638
9837	0.00245
9838	0.00028
9839	0.00002
9840	0.00104
9841	0.00175
9842	0.00182
9843	0.00228
9844	0.00282
9845	0.00251
9846	0.00144
9847	-0.00067
9848	-0.00477
9849	-0.00746
9850	-0.00605
9851	-0.00321
9852	-0.00125
9853	0.00034
9854	0.00472
9855	0.01446
9856	0.02149
9857	0.01463
9858	0.00122
9859	-0.00143
9860	0.00242
9861	0.00780
9862	0.00956
9863	-0.10765
9864	0.01220
9865	0.34494
9866	-0.11449
9867	-0.16161
9868	0.02739
9869	0.18463
9870	0.07475
9871	-0.11568
9872	-0.50487
9873	-0.28983
9874	0.08734
9875	0.19401
9876	0.09913
9877	0.05164
9878	0.07029
9879	-0.01328
9880	-0.20238
9881	-0.51636
9882	-0.70184
9883	-0.71792
9884	-0.39323
9885	-0.18263
9886	-0.05210
9887	-0.01265
9888	0.00005
9889	-0.00834
9890	-0.06311
9891	-0.06839
9892	-0.11422
9893	-0.06410
9894	0.01637
9895	0.00179
9896	-0.02210
9897	-0.03376
9898	-0.01698
9899	-0.00293
9900	0.00013
9901	0.00017
9902	-0.00036
9903	0.00129
9904	0.00718
9905	0.01332
9906	0.01494
9907	0.01137
9908	0.00504
9909	0.00061
9910	-0.00013
9911	0.00095
9912	0.00092
9913	0.00021
9914	-0.00004
9915	0.00045
9916	0.00197
9917	0.00261
9918	0.00049
9919	-0.00441
9920	-0.00813
9921	-0.00728
9922	-0.00378
9923	-0.00143
9924	-0.00053
9925	0.00092
9926	0.00613
9927	0.01636
9928	0.02393
9929	0.01870
9930	0.00605
9931	-0.00042
9932	0.00738
9933	0.01743
9934	-0.05201
9935	0.07956
9936	0.35381
9937	0.02515
9938	-0.24797
9939	0.01654
9940	0.18321
9941	0.16978
9942	0.03824
9943	-0.31819
9944	-0.44100
9945	-0.11833
9946	0.25255
9947	0.35582
9948	0.12969
9949	-0.12221
9950	-0.04667
9951	-0.02460
9952	-0.27767
9953	-0.76112
9954	-1.01971
9955	-0.68789
9956	-0.32723
9957	-0.19041
9958	-0.09696
9959	-0.00200
9960	0.02922
9961	-0.00937
9962	-0.05965
9963	-0.18739
9964	-0.23304
9965	-0.22048
9966	0.01017
9967	-0.01052
9968	-0.03238
9969	-0.02671
9970	-0.00765
9971	-0.00052
9972	0.00022
9973	-0.00066
9974	-0.00069
9975	0.00146
9976	0.00560
9977	0.00960
9978	0.00981
9979	0.00582
9980	0.00128
9981	-0.00034
9982	0.00032
9983	0.00086
9984	0.00061
9985	0.00031
9986	-0.00007
9987	-0.00044
9988	-0.00048
9989	-0.00109
9990	-0.00312
9991	-0.00535
9992	-0.00521
9993	-0.00274
9994	-0.00048
9995	0.00008
9996	0.00034
9997	0.00343
9998	0.01468
9999	0.03037
10000	0.03108
10001	0.01413
10002	0.00047
10003	0.00127
10004	0.01496
10005	0.00844
10006	-0.00747
10007	0.17503
10008	0.45418
10009	-0.08694
10010	-0.37901
10011	-0.01303
10012	0.11240
10013	0.12569
10014	-0.03418
10015	-0.26427
10016	-0.27445
10017	0.00155
10018	0.11671
10019	0.05215
10020	-0.09842
10021	-0.11408
10022	-0.14779
10023	-0.29829
10024	-0.60053
10025	-0.98337
10026	-1.08597
10027	-0.79003
10028	-0.38130
10029	-0.11780
10030	-0.06333
10031	-0.02242
10032	-0.02325
10033	-0.06203
10034	-0.06587
10035	-0.20020
10036	-0.12750
10037	0.01551
10038	-0.00075
10039	-0.02155
10040	-0.03051
10041	-0.01572
10042	-0.00335
10043	0.00021
10044	0.00097
10045	-0.00018
10046	0.00023
10047	0.00352
10048	0.00710
10049	0.01020
10050	0.01067
10051	0.00601
10052	0.00054
10053	-0.00071
10054	0.00071
10055	0.00147
10056	0.00093
10057	0.00029
10058	0.00005
10059	0.00033
10060	0.00050
10061	-0.00062
10062	-0.00285
10063	-0.00521
10064	-0.00617
10065	-0.00483
10066	-0.00303
10067	-0.00170
10068	0.00169
10069	0.01157
10070	0.02365
10071	0.02170
10072	0.00651
10073	-0.00055
10074	0.00007
10075	-0.00115
10076	0.00032
10077	-0.00170
10078	-0.12603
10079	0.17233
10080	0.51127
10081	0.20108
10082	-0.26301
10083	-0.00035
10084	0.13425
10085	0.05929
10086	-0.11485
10087	-0.31363
10088	-0.21647
10089	0.11939
10090	0.29435
10091	0.25430
10092	0.02375
10093	-0.14763
10094	-0.09556
10095	-0.08552
10096	-0.30524
10097	-0.69807
10098	-0.89821
10099	-0.73408
10100	-0.40552
10101	-0.22859
10102	-0.05546
10103	-0.00227
10104	-0.09907
10105	-0.08280
10106	-0.03074
10107	-0.05145
10108	-0.11784
10109	0.01582
10110	0.00186
10111	-0.01608
10112	-0.02569
10113	-0.01638
10114	-0.00459
10115	0.00012
10116	0.00083
10117	-0.00018
10118	-0.00053
10119	0.00172
10120	0.00507
10121	0.00725
10122	0.00583
10123	0.00202
10124	-0.00019
10125	-0.00014
10126	0.00063
10127	0.00116
10128	0.00098
10129	0.00075
10130	0.00096
10131	0.00157
10132	0.00140
10133	-0.00151
10134	-0.00597
10135	-0.00884
10136	-0.00837
10137	-0.00436
10138	0.00062
10139	0.00399
10140	0.00599
10141	0.00778
10142	0.00964
10143	0.00923
10144	0.00597
10145	0.00241
10146	0.00004
10147	0.00469
10148	0.01551
10149	-0.08330
10150	0.15597
10151	0.43320
10152	0.22169
10153	-0.14799
10154	0.01914
10155	0.16192
10156	0.27444
10157	0.10646
10158	-0.19159
10159	-0.41224
10160	-0.25175
10161	0.05811
10162	0.23382
10163	0.16327
10164	-0.09536
10165	-0.16321
10166	-0.24088
10167	-0.54575
10168	-0.77869
10169	-0.90751
10170	-0.59245
10171	-0.26363
10172	-0.17024
10173	-0.03903
10174	0.00499
10175	-0.01136
10176	-0.04486
10177	0.00084
10178	-0.12680
10179	-0.08032
10180	0.00853
10181	-0.01177
10182	-0.02795
10183	-0.02365
10184	-0.00804
10185	-0.00060
10186	0.00081
10187	0.00110
10188	0.00056
10189	-0.00015
10190	0.00520
10191	0.01422
10192	0.01621
10193	0.01158
10194	0.00605
10195	0.00240
10196	0.00042
10197	0.00003
10198	0.00080
10199	0.00102
10200	0.00096
10201	0.00106
10202	0.00158
10203	0.00235
10204	0.00163
10205	-0.00184
10206	-0.00654
10207	-0.00851
10208	-0.00589
10209	-0.00184
10210	0.00053
10211	0.00189
10212	0.00622
10213	0.01682
10214	0.02689
10215	0.02345
10216	0.00875
10217	-0.00070
10218	0.00490
10219	0.02058
10220	-0.09898
10221	-0.00394
10222	0.26264
10223	0.31268
10224	-0.34002
10225	-0.17529
10226	0.03484
10227	0.18633
10228	0.10037
10229	-0.11067
10230	-0.35741
10231	-0.20504
10232	0.05526
10233	0.29734
10234	0.31685
10235	-0.02424
10236	-0.26452
10237	-0.13371
10238	-0.14057
10239	-0.38916
10240	-0.66817
10241	-0.80793
10242	-0.52649
10243	-0.24853
10244	-0.18895
10245	-0.05941
10246	-0.03266
10247	-0.11679
10248	-0.06322
10249	0.09596
10250	-0.00780
10251	0.01252
10252	-0.00063
10253	-0.01750
10254	-0.02671
10255	-0.01769
10256	-0.00575
10257	-0.00113
10258	-0.00020
10259	0.00009
10260	-0.00003
10261	-0.00031
10262	0.00203
10263	0.00554
10264	0.00729
10265	0.00626
10266	0.00231
10267	-0.00077
10268	-0.00006
10269	0.00252
10270	0.00477
10271	0.00443
10272	0.00240
10273	0.00139
10274	0.00132
10275	0.00016
10276	-0.00291
10277	-0.00624
10278	-0.00771
10279	-0.00631
10280	-0.00282
10281	0.00147
10282	0.00559
10283	0.00935
10284	0.01183
10285	0.01039
10286	0.00407
10287	-0.00135
10288	-0.00072
10289	0.00015
10290	0.00040
10291	0.00624
10292	-0.00858
10293	-0.02080
10294	0.27462
10295	0.20731
10296	-0.42653
10297	-0.09982
10298	0.11925
10299	0.27803
10300	0.12005
10301	-0.20232
10302	-0.53148
10303	-0.29055
10304	0.10900
10305	0.29494
10306	0.25146
10307	-0.06394
10308	-0.16807
10309	-0.14216
10310	-0.23854
10311	-0.49579
10312	-0.71680
10313	-0.64381
10314	-0.41241
10315	-0.18536
10316	-0.07085
10317	-0.02905
10318	-0.01205
10319	-0.05467
10320	-0.13233
10321	-0.08032
10322	-0.08743
10323	-0.13448
10324	-0.00698
10325	-0.00936
10326	-0.02375
10327	-0.02419
10328	-0.01044
10329	-0.00149
10330	0.00089
10331	0.00028
10332	-0.00053
10333	0.00146
10334	0.00476
10335	0.00767
10336	0.00958
10337	0.00784
10338	0.00338
10339	0.00005
10340	-0.00057
10341	0.00056
10342	0.00094
10343	0.00052
10344	0.00012
10345	0.00002
10346	0.00038
10347	0.00088
10348	-0.00001
10349	-0.00437
10350	-0.00892
10351	-0.00817
10352	-0.00361
10353	-0.00036
10354	0.00060
10355	0.00138
10356	0.00442
10357	0.01058
10358	0.01517
10359	0.01321
10360	0.00458
10361	0.00046
10362	0.01609
10363	0.00979
10364	-0.01161
10365	0.15707
10366	0.15217
10367	-0.52088
10368	-0.26373
10369	0.02700
10370	0.25183
10371	0.26421
10372	0.07642
10373	-0.39006
10374	-0.51601
10375	-0.12969
10376	0.18964
10377	0.28371
10378	0.16235
10379	0.00360
10380	-0.12385
10381	-0.30732
10382	-0.56030
10383	-0.68754
10384	-0.66020
10385	-0.54383
10386	-0.39014
10387	-0.16771
10388	-0.05645
10389	0.00861
10390	-0.00696
10391	-0.06450
10392	-0.08686
10393	-0.21964
10394	-0.05327
10395	0.01575
10396	-0.00025
10397	-0.02118
10398	-0.03200
10399	-0.01894
10400	-0.00467
10401	-0.00001
10402	0.00077
10403	-0.00013
10404	-0.00031
10405	0.00311
10406	0.00743
10407	0.00947
10408	0.00773
10409	0.00311
10410	-0.00050
10411	-0.00098
10412	0.00015
10413	0.00091
10414	0.00074
10415	0.00027
10416	0.00004
10417	0.00016
10418	0.00074
10419	0.00076
10420	-0.00136
10421	-0.00611
10422	-0.00947
10423	-0.00764
10424	-0.00363
10425	-0.00117
10426	0.00034
10427	0.00434
10428	0.01423
10429	0.02410
10430	0.02039
10431	0.00639
10432	-0.00054
10433	0.00335
10434	0.01692
10435	0.00909
10436	0.00083
10437	0.29076
10438	0.34018
10439	-0.22468
10440	-0.27443
10441	0.04628
10442	0.21675
10443	0.19464
10444	-0.01004
10445	-0.22245
10446	-0.16200
10447	0.10949
10448	0.19921
10449	0.09332
10450	-0.06499
10451	-0.11290
10452	-0.18349
10453	-0.36022
10454	-0.72255
10455	-0.87910
10456	-0.80159
10457	-0.46675
10458	-0.20744
10459	-0.16235
10460	-0.05486
10461	-0.01123
10462	-0.02138
10463	-0.02251
10464	-0.06447
10465	-0.31021
10466	-0.09575
10467	0.01307
10468	-0.00330
10469	-0.02291
10470	-0.02970
10471	-0.01525
10472	-0.00274
10473	0.00034
10474	0.00043
10475	0.00015
10476	0.00013
10477	0.00286
10478	0.01007
10479	0.01617
10480	0.01383
10481	0.00648
10482	0.00108
10483	-0.00032
10484	0.00146
10485	0.00280
10486	0.00165
10487	0.00039
10488	-0.00020
10489	0.00002
10490	0.00041
10491	-0.00047
10492	-0.00365
10493	-0.00700
10494	-0.00681
10495	-0.00371
10496	-0.00138
10497	-0.00081
10498	-0.00066
10499	0.00273
10500	0.01517
10501	0.02821
10502	0.02144
10503	0.00263
10504	-0.00120
10505	0.00268
10506	0.00545
10507	0.00989
10508	-0.06180
10509	0.11873
10510	0.30412
10511	-0.07486
10512	-0.08578
10513	0.08743
10514	0.26719
10515	0.02844
10516	-0.21071
10517	-0.58220
10518	-0.31839
10519	0.12945
10520	0.32743
10521	0.31413
10522	0.12017
10523	-0.01207
10524	-0.05686
10525	-0.15919
10526	-0.41784
10527	-0.63895
10528	-0.71122
10529	-0.54318
10530	-0.30572
10531	-0.11677
10532	-0.03299
10533	-0.01991
10534	-0.01430
10535	-0.02736
10536	-0.01504
10537	-0.13970
10538	-0.28583
10539	-0.11337
10540	0.00825
10541	-0.01377
10542	-0.02953
10543	-0.02362
10544	-0.00630
10545	0.00020
10546	0.00077
10547	-0.00021
10548	0.00022
10549	0.00433
10550	0.00819
10551	0.00997
10552	0.00881
10553	0.00493
10554	0.00154
10555	0.00010
10556	0.00025
10557	0.00073
10558	0.00019
10559	-0.00017
10560	-0.00006
10561	0.00189
10562	0.00389
10563	0.00328
10564	0.00004
10565	-0.00468
10566	-0.00679
10567	-0.00507
10568	-0.00257
10569	-0.00098
10570	0.00053
10571	0.00455
10572	0.01134
10573	0.01230
10574	0.00389
10575	-0.00096
10576	0.00050
10577	-0.00208
10578	-0.00318
10579	0.00521
10580	-0.03898
10581	0.11410
10582	0.26531
10583	-0.00704
10584	-0.03935
10585	0.07166
10586	0.27678
10587	0.17952
10588	-0.13412
10589	-0.42646
10590	-0.25284
10591	0.06821
10592	0.19792
10593	0.14146
10594	0.15271
10595	0.15307
10596	-0.03521
10597	-0.23372
10598	-0.49221
10599	-0.66776
10600	-0.61188
10601	-0.39487
10602	-0.19923
10603	-0.06821
10604	0.00394
10605	0.03373
10606	-0.01955
10607	-0.07856
10608	0.05642
10609	-0.10654
10610	-0.12142
10611	0.01467
10612	0.00312
10613	-0.01551
10614	-0.02532
10615	-0.01457
10616	-0.00311
10617	0.00015
10618	0.00011
10619	0.00013
10620	0.00264
10621	0.00598
10622	0.00698
10623	0.00570
10624	0.00302
10625	0.00052
10626	-0.00015
10627	0.00056
10628	0.00079
10629	0.00038
10630	0.00030
10631	0.00064
10632	0.00119
10633	0.00163
10634	0.00171
10635	0.00000
10636	-0.00523
10637	-0.01052
10638	-0.00955
10639	-0.00448
10640	-0.00126
10641	-0.00021
10642	0.00117
10643	0.00598
10644	0.01290
10645	0.01348
10646	0.00588
10647	0.00053
10648	0.00058
10649	0.00791
10650	0.01588
10651	-0.02600
10652	0.11468
10653	0.33248
10654	0.14968
10655	-0.04797
10656	0.08551
10657	0.22301
10658	0.13563
10659	-0.13123
10660	-0.30163
10661	-0.07057
10662	0.29749
10663	0.44409
10664	0.29740
10665	0.04447
10666	-0.12555
10667	-0.14931
10668	-0.19056
10669	-0.36499
10670	-0.60192
10671	-0.70052
10672	-0.44121
10673	-0.15791
10674	-0.02842
10675	-0.01955
10676	-0.09528
10677	-0.24644
10678	-0.17914
10679	0.02256
10680	-0.03048
10681	-0.06018
10682	0.00210
10683	-0.00938
10684	-0.01793
10685	-0.01408
10686	-0.00538
10687	-0.00114
10688	0.00005
10689	0.00031
10690	-0.00004
10691	0.00059
10692	0.00277
10693	0.00405
10694	0.00316
10695	0.00145
10696	0.00021
10697	0.00022
10698	0.00200
10699	0.00308
10700	0.00206
10701	0.00153
10702	0.00197
10703	0.00230
10704	0.00189
10705	0.00006
10706	-0.00471
10707	-0.00985
10708	-0.00999
10709	-0.00596
10710	-0.00222
10711	-0.00010
10712	0.00217
10713	0.00785
10714	0.01473
10715	0.01260
10716	0.00213
10717	-0.00152
10718	0.00116
10719	-0.00224
10720	-0.00371
10721	0.00389
10722	-0.06938
10723	0.10641
10724	0.38954
10725	0.09836
10726	-0.05810
10727	0.04612
10728	0.13727
10729	0.01846
10730	-0.15443
10731	-0.37297
10732	-0.24898
10733	0.08526
10734	0.24996
10735	0.13162
10736	-0.11000
10737	-0.16954
10738	-0.08540
10739	-0.17591
10740	-0.45458
10741	-0.66315
10742	-0.66445
10743	-0.36462
10744	-0.19211
10745	-0.10136
10746	-0.00972
10747	0.00904
10748	-0.01418
10749	-0.02038
10750	-0.02033
10751	-0.12627
10752	-0.08255
10753	0.01482
10754	0.00650
10755	-0.01130
10756	-0.02760
10757	-0.02123
10758	-0.00786
10759	-0.00196
10760	-0.00044
10761	0.00104
10762	0.00437
10763	0.00830
10764	0.01065
10765	0.00965
10766	0.00529
10767	0.00145
10768	-0.00002
10769	-0.00022
10770	-0.00001
10771	0.00011
10772	0.00038
10773	0.00115
10774	0.00179
10775	0.00154
10776	0.00032
10777	-0.00299
10778	-0.00743
10779	-0.00910
10780	-0.00686
10781	-0.00368
10782	-0.00159
10783	0.00083
10784	0.00669
10785	0.01604
10786	0.01913
10787	0.01005
10788	0.00063
10789	-0.00007
10790	-0.00030
10791	0.00266
10792	0.00690
10793	-0.04971
10794	0.12671
10795	0.38479
10796	0.02408
10797	-0.16933
10798	0.06699
10799	0.26498
10800	0.10751
10801	-0.20793
10802	-0.46499
10803	-0.24117
10804	0.09413
10805	0.24940
10806	0.12377
10807	-0.05957
10808	-0.06682
10809	-0.00429
10810	-0.08762
10811	-0.44225
10812	-0.82981
10813	-1.08384
10814	-0.65658
10815	-0.33231
10816	-0.25716
10817	-0.07958
10818	0.00389
10819	-0.00492
10820	-0.05031
10821	-0.08670
10822	-0.16789
10823	-0.13698
10824	0.01810
10825	0.00432
10826	-0.01750
10827	-0.03336
10828	-0.02253
10829	-0.00557
10830	0.00023
10831	0.00048
10832	-0.00061
10833	0.00014
10834	0.00524
10835	0.00979
10836	0.00959
10837	0.00604
10838	0.00150
10839	-0.00131
10840	-0.00091
10841	0.00076
10842	0.00100
10843	0.00042
10844	0.00008
10845	-0.00001
10846	0.00023
10847	0.00001
10848	-0.00188
10849	-0.00569
10850	-0.00879
10851	-0.00758
10852	-0.00362
10853	-0.00136
10854	-0.00066
10855	0.00177
10856	0.01005
10857	0.02037
10858	0.01973
10859	0.00612
10860	-0.00148
10861	0.00072
10862	0.00043
10863	0.00440
10864	0.00329
10865	-0.08685
10866	0.09790
10867	0.34422
10868	-0.16616
10869	-0.11808
10870	0.12608
10871	0.23284
10872	0.02468
10873	-0.18235
10874	-0.32300
10875	-0.15404
10876	0.14149
10877	0.26454
10878	0.13467
10879	-0.17483
10880	-0.24004
10881	-0.11613
10882	-0.17423
10883	-0.47922
10884	-0.72784
10885	-0.75901
10886	-0.44613
10887	-0.27067
10888	-0.19091
10889	-0.05318
10890	-0.02673
10891	-0.03833
10892	-0.03143
10893	-0.11662
10894	-0.20868
10895	-0.01488
10896	-0.02390
10897	-0.00005
10898	-0.01241
10899	-0.01751
10900	-0.00902
10901	-0.00135
10902	0.00037
10903	0.00009
10904	0.00007
10905	0.00227
10906	0.00750
10907	0.01311
10908	0.01649
10909	0.01384
10910	0.00597
10911	0.00058
10912	-0.00002
10913	0.00106
10914	0.00106
10915	0.00011
10916	-0.00048
10917	-0.00013
10918	0.00120
10919	0.00134
10920	-0.00071
10921	-0.00617
10922	-0.01095
10923	-0.00921
10924	-0.00417
10925	-0.00092
10926	0.00047
10927	0.00142
10928	0.00285
10929	0.00493
10930	0.00652
10931	0.00545
10932	0.00281
10933	0.00023
10934	-0.00145
10935	0.00762
10936	0.00609
10937	0.09170
10938	0.24923
10939	0.08114
10940	-0.18195
10941	0.04985
10942	0.21502
10943	0.30550
10944	0.00272
10945	-0.39274
10946	-0.40237
10947	-0.05820
10948	0.31962
10949	0.31382
10950	0.14146
10951	0.12221
10952	0.03376
10953	-0.15539
10954	-0.38832
10955	-0.47355
10956	-0.49345
10957	-0.42510
10958	-0.20447
10959	-0.09915
10960	0.00587
10961	0.00497
10962	-0.12673
10963	-0.17009
10964	0.05516
10965	0.03315
10966	-0.02992
10967	0.00761
10968	-0.00111
10969	-0.01479
10970	-0.02222
10971	-0.01291
10972	-0.00211
10973	0.00141
10974	0.00104
10975	-0.00026
10976	0.00044
10977	0.00349
10978	0.00519
10979	0.00506
10980	0.00418
10981	0.00201
10982	0.00001
10983	0.00019
10984	0.00139
10985	0.00113
10986	0.00041
10987	0.00063
10988	0.00075
10989	0.00072
10990	0.00066
10991	-0.00009
10992	-0.00238
10993	-0.00474
10994	-0.00525
10995	-0.00415
10996	-0.00257
10997	-0.00057
10998	0.00372
10999	0.01171
11000	0.01697
11001	0.01181
11002	0.00126
11003	-0.00143
11004	0.00315
11005	0.01070
11006	0.01272
11007	-0.09246
11008	0.05777
11009	0.17923
11010	-0.30086
11011	-0.17566
11012	0.01288
11013	0.18256
11014	0.15125
11015	-0.05496
11016	-0.43151
11017	-0.33860
11018	0.06889
11019	0.30986
11020	0.25604
11021	0.06771
11022	-0.02240
11023	-0.11014
11024	-0.33334
11025	-0.62201
11026	-0.65590
11027	-0.58613
11028	-0.33281
11029	-0.20896
11030	-0.10126
11031	-0.00601
11032	0.00941
11033	-0.01454
11034	-0.02973
11035	-0.03904
11036	-0.23411
11037	0.01584
11038	0.00164
11039	-0.02196
11040	-0.03813
11041	-0.02392
11042	-0.00581
11043	-0.00056
11044	-0.00050
11045	-0.00097
11046	-0.00040
11047	0.00187
11048	0.00696
11049	0.01336
11050	0.01543
11051	0.01028
11052	0.00296
11053	-0.00041
11054	-0.00037
11055	0.00032
11056	0.00087
11057	0.00029
11058	-0.00028
11059	0.00013
11060	0.00063
11061	-0.00123
11062	-0.00598
11063	-0.01073
11064	-0.00978
11065	-0.00473
11066	-0.00137
11067	-0.00033
11068	0.00082
11069	0.00618
11070	0.01731
11071	0.02313
11072	0.01348
11073	0.00153
11074	0.00026
11075	0.00153
11076	0.00674
11077	0.00446
11078	-0.02338
11079	0.07378
11080	0.30230
11081	-0.23454
11082	-0.27679
11083	0.08400
11084	0.20989
11085	0.06991
11086	-0.16129
11087	-0.42438
11088	-0.24972
11089	0.09270
11090	0.23929
11091	0.16524
11092	-0.07511
11093	-0.22097
11094	-0.18319
11095	-0.20515
11096	-0.32123
11097	-0.52156
11098	-0.89454
11099	-0.87800
11100	-0.40712
11101	-0.14376
11102	-0.01008
11103	0.02728
11104	-0.00853
11105	-0.09283
11106	-0.13003
11107	-0.14808
11108	-0.11741
11109	0.01534
11110	0.00445
11111	-0.01312
11112	-0.02796
11113	-0.02158
11114	-0.00616
11115	0.00067
11116	0.00110
11117	-0.00008
11118	0.00148
11119	0.00710
11120	0.01255
11121	0.01278
11122	0.00818
11123	0.00266
11124	-0.00091
11125	-0.00097
11126	0.00097
11127	0.00138
11128	0.00038
11129	-0.00043
11130	-0.00066
11131	0.00035
11132	0.00167
11133	0.00036
11134	-0.00488
11135	-0.01186
11136	-0.01359
11137	-0.00802
11138	-0.00154
11139	0.00107
11140	0.00117
11141	0.00152
11142	0.00445
11143	0.01162
11144	0.01735
11145	0.01330
11146	0.00351
11147	0.00096
11148	0.01652
11149	-0.07276
11150	0.08631
11151	0.21807
11152	0.16629
11153	-0.44246
11154	-0.12327
11155	0.10059
11156	0.29156
11157	0.07159
11158	-0.25243
11159	-0.46067
11160	-0.20315
11161	0.07658
11162	0.21352
11163	0.15226
11164	-0.07418
11165	-0.19433
11166	-0.17588
11167	-0.21545
11168	-0.30070
11169	-0.47114
11170	-0.68322
11171	-0.55898
11172	-0.30981
11173	-0.12801
11174	-0.02388
11175	0.01622
11176	-0.02016
11177	0.00731
11178	-0.02730
11179	-0.23557
11180	-0.09741
11181	0.01340
11182	0.00226
11183	-0.01238
11184	-0.02049
11185	-0.01442
11186	-0.00539
11187	-0.00151
11188	-0.00096
11189	-0.00162
11190	-0.00148
11191	0.00022
11192	0.00250
11193	0.00414
11194	0.00238
11195	-0.00011
11196	-0.00023
11197	0.00055
11198	0.00105
11199	0.00087
11200	0.00065
11201	0.00081
11202	0.00160
11203	0.00249
11204	0.00208
11205	-0.00114
11206	-0.00709
11207	-0.01133
11208	-0.00968
11209	-0.00499
11210	-0.00178
11211	0.00024
11212	0.00464
11213	0.01565
11214	0.02781
11215	0.02570
11216	0.00992
11217	-0.00020
11218	0.00191
11219	0.01022
11220	0.01433
11221	-0.02787
11222	0.07706
11223	0.30210
11224	0.11566
11225	-0.28810
11226	0.00938
11227	0.15769
11228	0.15909
11229	-0.08156
11230	-0.34206
11231	-0.29508
11232	0.09177
11233	0.27408
11234	0.20298
11235	-0.01107
11236	-0.18183
11237	-0.15614
11238	-0.13470
11239	-0.22786
11240	-0.50803
11241	-0.78332
11242	-0.73956
11243	-0.51453
11244	-0.32525
11245	-0.12398
11246	-0.03980
11247	-0.01019
11248	-0.01179
11249	0.02728
11250	-0.18018
11251	-0.24939
11252	-0.12960
11253	0.01270
11254	-0.00328
11255	-0.02612
11256	-0.03374
11257	-0.01680
11258	-0.00341
11259	0.00010
11260	0.00023
11261	-0.00072
11262	0.00034
11263	0.00422
11264	0.00774
11265	0.00831
11266	0.00487
11267	0.00076
11268	-0.00049
11269	0.00002
11270	0.00031
11271	0.00013
11272	-0.00003
11273	-0.00031
11274	-0.00009
11275	0.00112
11276	0.00159
11277	-0.00037
11278	-0.00610
11279	-0.01121
11280	-0.01000
11281	-0.00485
11282	-0.00102
11283	0.00043
11284	0.00126
11285	0.00301
11286	0.00678
11287	0.01078
11288	0.01011
11289	0.00505
11290	0.00088
11291	0.00017
11292	0.00773
11293	0.00425
11294	0.05913
11295	0.23688
11296	0.26261
11297	-0.15218
11298	-0.04841
11299	0.15760
11300	0.31754
11301	0.12875
11302	-0.13185
11303	-0.44500
11304	-0.26806
11305	0.07592
11306	0.21545
11307	0.08966
11308	-0.09125
11309	-0.16621
11310	-0.18729
11311	-0.30597
11312	-0.64336
11313	-0.86685
11314	-0.82626
11315	-0.44889
11316	-0.20550
11317	-0.11965
11318	-0.01821
11319	0.01275
11320	-0.02714
11321	-0.06775
11322	-0.09088
11323	-0.19125
11324	0.01080
11325	0.00762
11326	-0.01054
11327	-0.02709
11328	-0.02308
11329	-0.00761
11330	-0.00025
11331	0.00066
11332	0.00017
11333	0.00019
11334	0.00286
11335	0.00861
11336	0.01357
11337	0.01248
11338	0.00691
11339	0.00207
11340	-0.00028
11341	0.00043
11342	0.00188
11343	0.00090
11344	0.00002
11345	-0.00044
11346	0.00015
11347	0.00167
11348	0.00229
11349	0.00083
11350	-0.00387
11351	-0.00751
11352	-0.00606
11353	-0.00264
11354	-0.00097
11355	-0.00049
11356	0.00144
11357	0.00886
11358	0.01919
11359	0.01886
11360	0.00633
11361	-0.00027
11362	0.00046
11363	0.00204
11364	0.00889
11365	-0.04199
11366	-0.00218
11367	0.26604
11368	0.20698
11369	-0.20494
11370	0.02062
11371	0.18299
11372	0.24470
11373	-0.03435
11374	-0.34213
11375	-0.36582
11376	-0.05212
11377	0.19596
11378	0.18752
11379	0.09448
11380	0.01622
11381	-0.09726
11382	-0.21007
11383	-0.40464
11384	-0.54137
11385	-0.64676
11386	-0.58317
11387	-0.27058
11388	-0.12440
11389	-0.02629
11390	0.00342
11391	-0.05480
11392	-0.06477
11393	-0.04494
11394	-0.22933
11395	0.04251
11396	0.01432
11397	0.00081
11398	-0.01979
11399	-0.03210
11400	-0.02053
11401	-0.00505
11402	0.00039
11403	0.00079
11404	0.00002
11405	0.00025
11406	0.00370
11407	0.00791
11408	0.00922
11409	0.00752
11410	0.00301
11411	-0.00034
11412	-0.00022
11413	0.00039
11414	0.00053
11415	0.00059
11416	0.00023
11417	0.00003
11418	0.00054
11419	0.00160
11420	0.00138
11421	-0.00135
11422	-0.00586
11423	-0.00829
11424	-0.00668
11425	-0.00356
11426	-0.00152
11427	-0.00021
11428	0.00247
11429	0.00730
11430	0.01201
11431	0.01416
11432	0.01049
11433	0.00350
11434	0.00009
11435	0.00916
11436	0.00730
11437	-0.02521
11438	0.14904
11439	0.25807
11440	-0.41148
11441	-0.28419
11442	0.03995
11443	0.27886
11444	0.15612
11445	-0.02376
11446	-0.21401
11447	-0.19354
11448	0.00787
11449	0.16413
11450	0.06925
11451	-0.20102
11452	-0.34821
11453	-0.24888
11454	-0.28353
11455	-0.43366
11456	-0.62647
11457	-0.68928
11458	-0.34682
11459	-0.17260
11460	-0.08266
11461	-0.00872
11462	-0.01317
11463	-0.14952
11464	-0.09314
11465	-0.01727
11466	-0.06285
11467	0.01251
11468	-0.00058
11469	-0.01995
11470	-0.03106
11471	-0.01918
11472	-0.00497
11473	-0.00051
11474	0.00005
11475	-0.00001
11476	-0.00016
11477	0.00063
11478	0.00348
11479	0.00687
11480	0.00819
11481	0.00546
11482	0.00148
11483	-0.00006
11484	0.00066
11485	0.00155
11486	0.00097
11487	0.00034
11488	0.00018
11489	0.00020
11490	0.00067
11491	0.00081
11492	-0.00056
11493	-0.00361
11494	-0.00671
11495	-0.00738
11496	-0.00512
11497	-0.00213
11498	0.00030
11499	0.00375
11500	0.01083
11501	0.01830
11502	0.01601
11503	0.00484
11504	-0.00058
11505	0.00008
11506	0.00058
11507	0.00567
11508	-0.05105
11509	-0.01932
11510	0.26526
11511	0.45817
11512	0.08679
11513	0.09237
11514	0.19733
11515	0.16990
11516	-0.11827
11517	-0.33339
11518	-0.38111
11519	-0.07367
11520	0.27518
11521	0.31140
11522	0.05823
11523	-0.19715
11524	-0.10587
11525	-0.12302
11526	-0.35157
11527	-0.59028
11528	-0.72946
11529	-0.66124
11530	-0.26152
11531	-0.17628
11532	-0.07422
11533	0.01161
11534	0.00730
11535	-0.11597
11536	-0.02304
11537	0.01074
11538	-0.14725
11539	-0.03759
11540	0.00266
11541	-0.01625
11542	-0.02964
11543	-0.02067
11544	-0.00546
11545	0.00084
11546	0.00152
11547	0.00034
11548	0.00015
11549	0.00253
11550	0.00626
11551	0.00860
11552	0.00768
11553	0.00394
11554	0.00068
11555	-0.00015
11556	0.00026
11557	0.00052
11558	0.00037
11559	0.00030
11560	0.00046
11561	0.00083
11562	0.00125
11563	0.00075
11564	-0.00255
11565	-0.00768
11566	-0.00979
11567	-0.00639
11568	-0.00229
11569	-0.00064
11570	0.00030
11571	0.00366
11572	0.01227
11573	0.02167
11574	0.01957
11575	0.00701
11576	0.00008
11577	0.00087
11578	0.00822
11579	0.01314
11580	-0.06219
11581	0.07559
11582	0.36861
11583	-0.09938
11584	-0.23945
11585	0.07497
11586	0.25335
11587	0.12632
11588	-0.08277
11589	-0.33138
11590	-0.23042
11591	0.11277
11592	0.24326
11593	0.11162
11594	-0.17862
11595	-0.29301
11596	-0.18956
11597	-0.19850
11598	-0.40602
11599	-0.70851
11600	-0.87639
11601	-0.61680
11602	-0.28406
11603	-0.18384
11604	-0.02309
11605	0.02395
11606	-0.02873
11607	-0.12820
11608	-0.03828
11609	-0.13867
11610	-0.11060
11611	0.01248
11612	0.00066
11613	-0.01551
11614	-0.02486
11615	-0.01511
11616	-0.00363
11617	0.00003
11618	0.00049
11619	0.00007
11620	0.00040
11621	0.00248
11622	0.00403
11623	0.00492
11624	0.00526
11625	0.00340
11626	0.00073
11627	-0.00010
11628	0.00064
11629	0.00095
11630	0.00042
11631	0.00005
11632	-0.00012
11633	0.00009
11634	0.00062
11635	0.00047
11636	-0.00128
11637	-0.00472
11638	-0.00669
11639	-0.00518
11640	-0.00283
11641	-0.00156
11642	-0.00049
11643	0.00264
11644	0.00993
11645	0.01635
11646	0.01275
11647	0.00372
11648	0.00013
11649	0.00064
11650	0.00533
11651	0.00500
11652	-0.11289
11653	0.10291
11654	0.32637
11655	-0.24970
11656	-0.23727
11657	0.10955
11658	0.27947
11659	0.10736
11660	-0.11347
11661	-0.27889
11662	-0.13088
11663	0.11301
11664	0.12617
11665	-0.00128
11666	-0.07554
11667	-0.04052
11668	-0.07934
11669	-0.27899
11670	-0.68391
11671	-0.80096
11672	-0.72238
11673	-0.47867
11674	-0.14979
11675	-0.06412
11676	-0.00048
11677	0.00015
11678	-0.12339
11679	-0.20042
11680	0.12815
11681	-0.13392
11682	-0.11899
11683	0.00805
11684	-0.00726
11685	-0.02959
11686	-0.03087
11687	-0.01353
11688	-0.00300
11689	0.00012
11690	0.00024
11691	-0.00100
11692	0.00034
11693	0.00618
11694	0.01151
11695	0.01171
11696	0.00549
11697	-0.00100
11698	-0.00145
11699	0.00076
11700	0.00135
11701	0.00066
11702	0.00033
11703	0.00060
11704	0.00128
11705	0.00155
11706	0.00022
11707	-0.00335
11708	-0.00860
11709	-0.01177
11710	-0.00938
11711	-0.00402
11712	-0.00016
11713	0.00206
11714	0.00399
11715	0.00603
11716	0.00830
11717	0.00996
11718	0.00853
11719	0.00270
11720	0.00124
11721	0.01527
11722	-0.14495
11723	0.00448
11724	0.23873
11725	0.05903
11726	-0.48537
11727	-0.05015
11728	0.09679
11729	0.31060
11730	0.14804
11731	0.00293
11732	-0.35988
11733	-0.32971
11734	-0.01232
11735	0.30929
11736	0.36053
11737	0.05256
11738	-0.17251
11739	-0.18148
11740	-0.33894
11741	-0.58535
11742	-0.73741
11743	-0.69414
11744	-0.41121
11745	-0.21007
11746	-0.08364
11747	-0.02471
11748	0.00672
11749	-0.01095
11750	-0.03537
11751	-0.21976
11752	-0.25065
11753	-0.00857
11754	0.01422
11755	-0.00071
11756	-0.02145
11757	-0.03040
11758	-0.01545
11759	-0.00297
11760	0.00002
11761	0.00013
11762	-0.00033
11763	0.00079
11764	0.00484
11765	0.01054
11766	0.01402
11767	0.01256
11768	0.00649
11769	0.00051
11770	-0.00114
11771	0.00028
11772	0.00118
11773	0.00050
11774	-0.00021
11775	-0.00023
11776	0.00065
11777	0.00157
11778	0.00104
11779	-0.00216
11780	-0.00687
11781	-0.00873
11782	-0.00571
11783	-0.00212
11784	-0.00055
11785	0.00070
11786	0.00552
11787	0.01598
11788	0.02138
11789	0.01311
11790	0.00191
11791	-0.00032
11792	0.00265
11793	0.01183
11794	-0.05130
11795	-0.04167
11796	0.16160
11797	0.31876
11798	-0.17250
11799	-0.10350
11800	0.09002
11801	0.22121
11802	0.06015
11803	-0.19233
11804	-0.44263
11805	-0.23269
11806	0.12746
11807	0.32482
11808	0.27099
11809	-0.00458
11810	-0.13803
11811	-0.10992
11812	-0.21400
11813	-0.51684
11814	-0.79966
11815	-0.85909
11816	-0.52803
11817	-0.32495
11818	-0.15726
11819	-0.02021
11820	0.03093
11821	-0.02759
11822	-0.00104
11823	-0.22074
11824	-0.25372
11825	-0.00283
11826	0.00616
11827	-0.01543
11828	-0.03283
11829	-0.02352
11830	-0.00542
11831	0.00083
11832	0.00108
11833	0.00033
11834	-0.00019
11835	0.00164
11836	0.00641
11837	0.01006
11838	0.00971
11839	0.00703
11840	0.00370
11841	0.00081
11842	-0.00041
11843	0.00018
11844	0.00081
11845	0.00038
11846	0.00001
11847	-0.00005
11848	0.00070
11849	0.00099
11850	-0.00036
11851	-0.00390
11852	-0.00756
11853	-0.00784
11854	-0.00412
11855	-0.00068
11856	0.00052
11857	0.00158
11858	0.00698
11859	0.02071
11860	0.03135
11861	0.02011
11862	0.00186
11863	-0.00028
11864	0.00171
11865	0.00390
11866	0.00459
11867	-0.01102
11868	0.10829
11869	0.40949
11870	0.20163
11871	-0.20497
11872	0.03184
11873	0.19435
11874	0.15121
11875	-0.06018
11876	-0.32647
11877	-0.28562
11878	0.05898
11879	0.32674
11880	0.21152
11881	-0.13176
11882	-0.29666
11883	-0.19403
11884	-0.17712
11885	-0.35101
11886	-0.63502
11887	-0.81618
11888	-0.65017
11889	-0.28120
11890	-0.13497
11891	-0.03957
11892	-0.01347
11893	-0.07988
11894	-0.10750
11895	-0.10564
11896	-0.09894
11897	-0.15076
11898	-0.05238
11899	0.00234
11900	-0.01058
11901	-0.02016
11902	-0.01498
11903	-0.00460
11904	0.00070
11905	0.00143
11906	-0.00018
11907	0.00160
11908	0.00753
11909	0.01084
11910	0.00943
11911	0.00626
11912	0.00331
11913	0.00084
11914	-0.00033
11915	-0.00003
11916	0.00001
11917	0.00020
11918	0.00062
11919	0.00060
11920	0.00055
11921	0.00039
11922	-0.00098
11923	-0.00461
11924	-0.00811
11925	-0.00745
11926	-0.00369
11927	-0.00120
11928	-0.00047
11929	0.00062
11930	0.00484
11931	0.01118
11932	0.01289
11933	0.00637
11934	0.00074
11935	-0.00000
11936	0.00048
11937	0.00504
11938	0.00710
11939	-0.03035
11940	0.17297
11941	0.35709
11942	0.02032
11943	-0.04324
11944	0.17761
11945	0.24927
11946	0.05118
11947	-0.16295
11948	-0.29850
11949	-0.12444
11950	0.18517
11951	0.24340
11952	0.01548
11953	-0.20567
11954	-0.19369
11955	-0.17901
11956	-0.34226
11957	-0.63068
11958	-0.76620
11959	-0.62620
11960	-0.40088
11961	-0.21978
11962	-0.12175
11963	-0.03427
11964	-0.05781
11965	-0.18134
11966	-0.06741
11967	0.01156
11968	-0.04106
11969	0.00362
11970	0.00809
11971	0.00345
11972	-0.00455
11973	-0.00879
11974	-0.00643
11975	-0.00414
11976	-0.00333
11977	-0.00091
11978	0.00481
11979	0.01080
11980	0.01253
11981	0.00963
11982	0.00409
11983	-0.00041
11984	-0.00163
11985	-0.00070
11986	0.00090
11987	0.00126
11988	0.00059
11989	0.00007
11990	0.00013
11991	0.00096
11992	0.00177
11993	0.00030
11994	-0.00447
11995	-0.00796
11996	-0.00624
11997	-0.00206
11998	0.00014
11999	0.00062
12000	0.00192
12001	0.00727
12002	0.01506
12003	0.01457
12004	0.00524
12005	0.00033
12006	-0.00022
12007	0.00052
12008	0.00484
12009	-0.00161
12010	-0.01933
12011	0.26412
12012	0.46523
12013	0.16248
12014	0.05033
12015	0.12053
12016	0.23860
12017	0.07373
12018	-0.11486
12019	-0.25311
12020	-0.00802
12021	0.27082
12022	0.31640
12023	0.09861
12024	-0.09606
12025	-0.04280
12026	-0.01835
12027	-0.27886
12028	-0.68253
12029	-0.74025
12030	-0.68361
12031	-0.30451
12032	-0.11852
12033	-0.06353
12034	-0.00607
12035	-0.01534
12036	-0.10881
12037	-0.12438
12038	-0.09242
12039	-0.24017
12040	0.07906
12041	0.00442
12042	-0.01421
12043	-0.03148
12044	-0.02479
12045	-0.00781
12046	-0.00059
12047	0.00029
12048	-0.00005
12049	0.00055
12050	0.00379
12051	0.01006
12052	0.01466
12053	0.01266
12054	0.00697
12055	0.00198
12056	-0.00027
12057	0.00106
12058	0.00224
12059	0.00106
12060	-0.00013
12061	-0.00068
12062	0.00032
12063	0.00215
12064	0.00214
12065	-0.00175
12066	-0.00758
12067	-0.00908
12068	-0.00532
12069	-0.00167
12070	-0.00048
12071	0.00020
12072	0.00444
12073	0.01620
12074	0.02614
12075	0.01865
12076	0.00356
12077	-0.00033
12078	0.00472
12079	0.01324
12080	-0.04967
12081	-0.00695
12082	0.07460
12083	0.24654
12084	-0.07451
12085	0.01249
12086	0.09192
12087	0.28962
12088	0.12123
12089	-0.15414
12090	-0.43678
12091	-0.18066
12092	0.21955
12093	0.33065
12094	0.06211
12095	-0.27147
12096	-0.27728
12097	-0.17827
12098	-0.32973
12099	-0.56611
12100	-0.63606
12101	-0.51590
12102	-0.25612
12103	-0.14469
12104	-0.05818
12105	-0.00418
12106	-0.02028
12107	-0.16582
12108	-0.02792
12109	0.01140
12110	-0.16208
12111	0.01411
12112	0.00589
12113	-0.00850
12114	-0.02363
12115	-0.02292
12116	-0.01037
12117	-0.00229
12118	-0.00024
12119	-0.00004
12120	0.00033
12121	0.00288
12122	0.00673
12123	0.00858
12124	0.00786
12125	0.00509
12126	0.00139
12127	0.00000
12128	0.00092
12129	0.00154
12130	0.00104
12131	0.00034
12132	0.00038
12133	0.00124
12134	0.00206
12135	0.00119
12136	-0.00162
12137	-0.00499
12138	-0.00629
12139	-0.00490
12140	-0.00301
12141	-0.00208
12142	-0.00095
12143	0.00448
12144	0.01631
12145	0.02331
12146	0.01427
12147	0.00126
12148	-0.00054
12149	0.00171
12150	0.00537
12151	0.00894
12152	-0.03911
12153	0.04832
12154	0.29423
12155	-0.08068
12156	-0.12417
12157	0.04756
12158	0.21943
12159	0.13218
12160	-0.02216
12161	-0.24071
12162	-0.20902
12163	0.06500
12164	0.19633
12165	0.12918
12166	-0.02069
12167	-0.05897
12168	-0.11539
12169	-0.36824
12170	-0.62441
12171	-0.69932
12172	-0.53354
12173	-0.24657
12174	-0.15886
12175	-0.05747
12176	0.00004
12177	0.00089
12178	-0.09635
12179	-0.12647
12180	-0.07666
12181	-0.14971
12182	-0.10618
12183	0.00464
12184	-0.01085
12185	-0.02621
12186	-0.02039
12187	-0.00650
12188	-0.00087
12189	0.00005
12190	-0.00021
12191	0.00030
12192	0.00391
12193	0.01049
12194	0.01530
12195	0.01388
12196	0.00857
12197	0.00292
12198	-0.00030
12199	0.00056
12200	0.00207
12201	0.00180
12202	0.00096
12203	0.00059
12204	0.00098
12205	0.00201
12206	0.00194
12207	-0.00166
12208	-0.00810
12209	-0.01205
12210	-0.00909
12211	-0.00353
12212	-0.00077
12213	0.00021
12214	0.00210
12215	0.00780
12216	0.01749
12217	0.02199
12218	0.01338
12219	0.00256
12220	-0.00008
12221	0.00342
12222	0.01118
12223	-0.04547
12224	-0.04057
12225	0.23425
12226	0.34981
12227	-0.05336
12228	0.06030
12229	0.21832
12230	0.28755
12231	-0.01647
12232	-0.30035
12233	-0.40104
12234	-0.05639
12235	0.29669
12236	0.28606
12237	-0.03967
12238	-0.37398
12239	-0.25705
12240	-0.13918
12241	-0.25300
12242	-0.44770
12243	-0.66363
12244	-0.58002
12245	-0.24366
12246	-0.13024
12247	-0.02620
12248	0.00050
12249	-0.07472
12250	-0.11755
12251	-0.03411
12252	-0.07870
12253	-0.04898
12254	0.00688
12255	-0.00989
12256	-0.02682
12257	-0.02523
12258	-0.00911
12259	-0.00048
12260	0.00042
12261	0.00004
12262	0.00045
12263	0.00353
12264	0.00781
12265	0.00946
12266	0.00765
12267	0.00347
12268	0.00039
12269	-0.00001
12270	0.00068
12271	0.00165
12272	0.00140
12273	0.00021
12274	-0.00009
12275	0.00082
12276	0.00239
12277	0.00206
12278	-0.00186
12279	-0.00818
12280	-0.01119
12281	-0.00798
12282	-0.00294
12283	-0.00042
12284	0.00051
12285	0.00299
12286	0.01041
12287	0.01951
12288	0.01818
12289	0.00565
12290	-0.00038
12291	0.00127
12292	0.00357
12293	0.00883
12294	-0.07737
12295	-0.00029
12296	0.37278
12297	0.15121
12298	-0.14101
12299	0.05123
12300	0.19076
12301	0.15263
12302	-0.09274
12303	-0.38571
12304	-0.36153
12305	-0.00917
12306	0.23488
12307	0.14372
12308	-0.08529
12309	-0.16546
12310	-0.13086
12311	-0.20453
12312	-0.40745
12313	-0.56613
12314	-0.62781
12315	-0.43913
12316	-0.23568
12317	-0.10714
12318	0.01682
12319	0.00724
12320	-0.09114
12321	-0.17318
12322	-0.01881
12323	0.04541
12324	-0.09442
12325	0.00794
12326	-0.00727
12327	-0.02386
12328	-0.02433
12329	-0.00901
12330	0.00048
12331	0.00192
12332	0.00106
12333	-0.00045
12334	-0.00078
12335	0.00241
12336	0.00662
12337	0.00846
12338	0.00724
12339	0.00352
12340	0.00046
12341	0.00011
12342	0.00120
12343	0.00198
12344	0.00118
12345	0.00020
12346	0.00023
12347	0.00156
12348	0.00242
12349	0.00023
12350	-0.00539
12351	-0.01154
12352	-0.01172
12353	-0.00625
12354	-0.00157
12355	0.00045
12356	0.00233
12357	0.00657
12358	0.01399
12359	0.02063
12360	0.01800
12361	0.00734
12362	0.00012
12363	0.00442
12364	0.01712
12365	-0.05627
12366	0.06576
12367	0.25657
12368	-0.03296
12369	-0.42823
12370	0.01292
12371	0.17743
12372	0.26923
12373	-0.02785
12374	-0.28107
12375	-0.35974
12376	-0.12992
12377	0.09019
12378	0.17797
12379	0.09879
12380	-0.21072
12381	-0.29265
12382	-0.18405
12383	-0.20010
12384	-0.39354
12385	-0.60952
12386	-0.52660
12387	-0.35947
12388	-0.25736
12389	-0.05318
12390	-0.00721
12391	-0.02212
12392	-0.02931
12393	0.00867
12394	-0.26519
12395	-0.06994
12396	0.01686
12397	0.00384
12398	-0.01306
12399	-0.03000
12400	-0.02538
12401	-0.00804
12402	0.00074
12403	0.00236
12404	0.00071
12405	-0.00120
12406	0.00014
12407	0.00434
12408	0.00807
12409	0.00882
12410	0.00610
12411	0.00200
12412	-0.00032
12413	-0.00067
12414	-0.00016
12415	0.00105
12416	0.00086
12417	-0.00013
12418	-0.00080
12419	-0.00074
12420	0.00011
12421	-0.00131
12422	-0.00648
12423	-0.01136
12424	-0.01000
12425	-0.00407
12426	-0.00011
12427	0.00095
12428	0.00181
12429	0.00424
12430	0.00880
12431	0.01282
12432	0.01201
12433	0.00661
12434	0.00085
12435	0.00199
12436	0.01447
12437	0.02719
12438	0.07849
12439	0.27614
12440	0.09613
12441	-0.41181
12442	-0.06886
12443	0.14838
12444	0.29235
12445	0.11082
12446	-0.14580
12447	-0.39357
12448	-0.23934
12449	0.09578
12450	0.27746
12451	0.24261
12452	0.01220
12453	-0.15527
12454	-0.27949
12455	-0.44898
12456	-0.63862
12457	-0.71700
12458	-0.59871
12459	-0.42222
12460	-0.26462
12461	-0.07494
12462	-0.00017
12463	-0.02310
12464	-0.09786
12465	-0.07698
12466	-0.19323
12467	-0.15353
12468	0.01440
12469	-0.00080
12470	-0.02043
12471	-0.02917
12472	-0.01533
12473	-0.00204
12474	0.00136
12475	0.00153
12476	0.00084
12477	-0.00033
12478	0.00024
12479	0.00370
12480	0.00839
12481	0.01063
12482	0.00789
12483	0.00306
12484	0.00005
12485	0.00002
12486	0.00096
12487	0.00083
12488	0.00051
12489	0.00047
12490	0.00061
12491	0.00090
12492	-0.00010
12493	-0.00347
12494	-0.00746
12495	-0.00861
12496	-0.00628
12497	-0.00326
12498	-0.00161
12499	-0.00098
12500	0.00038
12501	0.00546
12502	0.01599
12503	0.02480
12504	0.01926
12505	0.00541
12506	-0.00008
12507	0.00155
12508	0.00782
12509	0.00767
12510	0.01851
12511	0.19241
12512	0.29408
12513	-0.11434
12514	-0.14393
12515	0.12790
12516	0.29180
12517	0.11830
12518	-0.10258
12519	-0.37825
12520	-0.33381
12521	-0.01997
12522	0.19123
12523	0.13736
12524	-0.15593
12525	-0.25046
12526	-0.10328
12527	-0.10713
12528	-0.39795
12529	-0.68270
12530	-0.75280
12531	-0.46224
12532	-0.25238
12533	-0.17370
12534	-0.04486
12535	-0.01307
12536	-0.09479
12537	-0.08500
12538	-0.04290
12539	-0.13595
12540	-0.07717
12541	0.00099
12542	-0.01541
12543	-0.02804
12544	-0.02092
12545	-0.00647
12546	-0.00021
12547	0.00081
12548	0.00020
12549	-0.00032
12550	0.00280
12551	0.00797
12552	0.01032
12553	0.00822
12554	0.00360
12555	0.00014
12556	-0.00045
12557	0.00096
12558	0.00128
12559	0.00063
12560	0.00017
12561	-0.00004
12562	0.00142
12563	0.00345
12564	0.00278
12565	-0.00157
12566	-0.00770
12567	-0.01001
12568	-0.00664
12569	-0.00260
12570	-0.00095
12571	-0.00016
12572	0.00321
12573	0.01114
12574	0.01783
12575	0.01363
12576	0.00358
12577	0.00005
12578	0.00006
12579	0.00088
12580	0.00505
12581	-0.06139
12582	0.20996
12583	0.31538
12584	0.18896
12585	-0.25544
12586	0.03096
12587	0.20775
12588	0.25676
12589	-0.01171
12590	-0.28241
12591	-0.47032
12592	-0.17010
12593	0.13686
12594	0.21125
12595	-0.01516
12596	-0.25873
12597	-0.21154
12598	-0.11946
12599	-0.19353
12600	-0.52384
12601	-0.87857
12602	-0.74624
12603	-0.37695
12604	-0.29050
12605	-0.13744
12606	-0.01555
12607	0.03806
12608	-0.01458
12609	-0.07183
12610	-0.16918
12611	-0.10815
12612	-0.11824
12613	0.00921
12614	-0.00536
12615	-0.02541
12616	-0.03056
12617	-0.01578
12618	-0.00385
12619	-0.00057
12620	-0.00033
12621	0.00090
12622	0.00432
12623	0.00784
12624	0.00930
12625	0.00757
12626	0.00370
12627	0.00038
12628	-0.00081
12629	-0.00016
12630	0.00088
12631	0.00077
12632	-0.00004
12633	-0.00073
12634	-0.00098
12635	-0.00004
12636	0.00121
12637	0.00075
12638	-0.00236
12639	-0.00638
12640	-0.00726
12641	-0.00446
12642	-0.00201
12643	-0.00099
12644	0.00041
12645	0.00612
12646	0.01647
12647	0.01876
12648	0.00783
12649	-0.00041
12650	0.00061
12651	0.00415
12652	0.01223
12653	-0.08925
12654	-0.07721
12655	0.17925
12656	0.16404
12657	-0.15328
12658	0.08210
12659	0.18901
12660	0.31297
12661	0.04514
12662	-0.33214
12663	-0.65237
12664	-0.31214
12665	0.14352
12666	0.30866
12667	0.15243
12668	-0.09782
12669	-0.05284
12670	-0.05890
12671	-0.32224
12672	-0.63308
12673	-0.67798
12674	-0.50562
12675	-0.31670
12676	-0.18818
12677	-0.04848
12678	0.00389
12679	-0.02077
12680	-0.09244
12681	-0.03873
12682	-0.15436
12683	-0.17073
12684	-0.00410
12685	0.00532
12686	-0.00810
12687	-0.02599
12688	-0.02674
12689	-0.01178
12690	-0.00226
12691	0.00006
12692	0.00007
12693	0.00028
12694	0.00329
12695	0.00839
12696	0.01048
12697	0.00777
12698	0.00358
12699	0.00106
12700	0.00006
12701	0.00015
12702	0.00118
12703	0.00165
12704	0.00104
12705	0.00048
12706	0.00061
12707	0.00121
12708	0.00075
12709	-0.00172
12710	-0.00507
12711	-0.00641
12712	-0.00449
12713	-0.00196
12714	-0.00108
12715	-0.00078
12716	0.00348
12717	0.01473
12718	0.01960
12719	0.00840
12720	-0.00133
12721	0.00202
12722	0.00151
12723	0.00093
12724	-0.03545
12725	-0.05552
12726	0.13998
12727	0.28221
12728	-0.04621
12729	-0.01682
12730	0.08326
12731	0.18667
12732	0.02348
12733	-0.21842
12734	-0.36239
12735	-0.07155
12736	0.20566
12737	0.21151
12738	0.21242
12739	0.18462
12740	0.01582
12741	-0.13953
12742	-0.19677
12743	-0.32792
12744	-0.55927
12745	-0.56241
12746	-0.41281
12747	-0.27655
12748	-0.14031
12749	-0.01871
12750	0.00268
12751	-0.07949
12752	-0.16731
12753	0.02753
12754	-0.16570
12755	-0.14275
12756	0.00484
12757	-0.00660
12758	-0.01979
12759	-0.02196
12760	-0.00985
12761	-0.00112
12762	0.00050
12763	0.00015
12764	-0.00026
12765	-0.00002
12766	0.00234
12767	0.00667
12768	0.00993
12769	0.01031
12770	0.00757
12771	0.00261
12772	-0.00051
12773	0.00039
12774	0.00203
12775	0.00138
12776	0.00005
12777	-0.00112
12778	-0.00154
12779	-0.00073
12780	0.00005
12781	-0.00126
12782	-0.00520
12783	-0.00780
12784	-0.00630
12785	-0.00315
12786	-0.00126
12787	-0.00037
12788	0.00202
12789	0.00894
12790	0.01825
12791	0.01915
12792	0.01010
12793	0.00238
12794	0.00004
12795	0.00665
12796	0.01644
12797	-0.07481
12798	-0.00607
12799	0.23424
12800	-0.11512
12801	-0.40648
12802	0.05021
12803	0.20560
12804	0.15840
12805	-0.07990
12806	-0.32871
12807	-0.23119
12808	0.09854
12809	0.30915
12810	0.30747
12811	0.07514
12812	-0.25592
12813	-0.32959
12814	-0.32966
12815	-0.44604
12816	-0.58492
12817	-0.73458
12818	-0.57475
12819	-0.25106
12820	-0.09768
12821	-0.02668
12822	-0.04342
12823	-0.14589
12824	-0.16916
12825	-0.08589
12826	-0.18376
12827	-0.03849
12828	0.00742
12829	-0.00534
12830	-0.02012
12831	-0.02025
12832	-0.00850
12833	-0.00113
12834	0.00138
12835	0.00189
12836	0.00009
12837	-0.00156
12838	0.00040
12839	0.00599
12840	0.01019
12841	0.00827
12842	0.00369
12843	0.00039
12844	-0.00073
12845	0.00014
12846	0.00074
12847	0.00028
12848	0.00024
12849	0.00062
12850	0.00080
12851	0.00024
12852	-0.00178
12853	-0.00546
12854	-0.00882
12855	-0.00924
12856	-0.00612
12857	-0.00122
12858	0.00284
12859	0.00548
12860	0.00763
12861	0.00840
12862	0.00692
12863	0.00352
12864	0.00172
12865	0.00056
12866	0.00016
12867	0.00846
12868	-0.01427
12869	0.00409
12870	0.23611
12871	0.26922
12872	-0.18280
12873	-0.02139
12874	0.18561
12875	0.30684
12876	0.04084
12877	-0.14345
12878	-0.24651
12879	-0.06965
12880	0.14472
12881	0.21647
12882	0.08599
12883	-0.14927
12884	-0.23312
12885	-0.24055
12886	-0.36911
12887	-0.50973
12888	-0.63644
12889	-0.60033
12890	-0.26927
12891	-0.18030
12892	-0.06410
12893	-0.00155
12894	-0.01593
12895	-0.08238
12896	-0.02689
12897	-0.22495
12898	-0.10148
12899	0.01367
12900	-0.00290
12901	-0.02372
12902	-0.03076
12903	-0.01584
12904	-0.00358
12905	-0.00036
12906	-0.00007
12907	-0.00015
12908	0.00068
12909	0.00312
12910	0.00625
12911	0.00897
12912	0.01054
12913	0.00940
12914	0.00490
12915	0.00075
12916	0.00002
12917	0.00049
12918	0.00118
12919	0.00074
12920	-0.00021
12921	-0.00029
12922	0.00042
12923	0.00076
12924	-0.00072
12925	-0.00378
12926	-0.00635
12927	-0.00690
12928	-0.00513
12929	-0.00193
12930	0.00131
12931	0.00576
12932	0.01412
12933	0.02186
12934	0.01749
12935	0.00463
12936	-0.00058
12937	0.00040
12938	0.00120
12939	0.00574
12940	-0.00153
12941	-0.08484
12942	0.06966
12943	0.32358
12944	-0.13966
12945	-0.14599
12946	0.09180
12947	0.17690
12948	0.01026
12949	-0.20230
12950	-0.35002
12951	-0.13312
12952	0.18587
12953	0.20780
12954	0.02338
12955	-0.14289
12956	-0.06840
12957	-0.09135
12958	-0.35054
12959	-0.63318
12960	-0.76087
12961	-0.69355
12962	-0.32374
12963	-0.20999
12964	-0.11065
12965	-0.01302
12966	-0.02588
12967	-0.11471
12968	0.01727
12969	-0.16921
12970	-0.11453
12971	-0.02786
12972	0.00432
12973	-0.00996
12974	-0.02304
12975	-0.01822
12976	-0.00649
12977	-0.00129
12978	-0.00004
12979	0.00017
12980	0.00002
12981	0.00202
12982	0.00796
12983	0.01283
12984	0.01254
12985	0.00902
12986	0.00491
12987	0.00124
12988	-0.00000
12989	0.00183
12990	0.00230
12991	0.00133
12992	0.00066
12993	-0.00002
12994	0.00097
12995	0.00206
12996	0.00134
12997	-0.00237
12998	-0.00627
12999	-0.00705
13000	-0.00490
13001	-0.00234
13002	-0.00018
13003	0.00340
13004	0.01003
13005	0.01538
13006	0.01193
13007	0.00267
13008	-0.00013
13009	0.00109
13010	-0.00049
13011	-0.00092
13012	0.00215
13013	-0.03159
13014	0.03722
13015	0.33812
13016	0.22908
13017	0.04750
13018	0.15816
13019	0.23098
13020	0.06287
13021	-0.15763
13022	-0.30824
13023	-0.18194
13024	0.10345
13025	0.22748
13026	0.10141
13027	-0.08851
13028	-0.12584
13029	-0.11623
13030	-0.19039
13031	-0.45987
13032	-0.60850
13033	-0.50654
13034	-0.29358
13035	-0.13597
13036	-0.08363
13037	-0.01837
13038	-0.02004
13039	-0.16857
13040	-0.15165
13041	0.13519
13042	0.01244
13043	-0.06582
13044	0.00029
13045	-0.01320
13046	-0.02075
13047	-0.01336
13048	-0.00413
13049	-0.00054
13050	-0.00001
13051	-0.00038
13052	0.00057
13053	0.00469
13054	0.01067
13055	0.01484
13056	0.01242
13057	0.00516
13058	0.00026
13059	-0.00137
13060	-0.00036
13061	0.00117
13062	0.00066
13063	0.00016
13064	-0.00001
13065	0.00049
13066	0.00109
13067	0.00030
13068	-0.00322
13069	-0.00770
13070	-0.00848
13071	-0.00484
13072	-0.00150
13073	-0.00004
13074	0.00209
13075	0.00880
13076	0.01850
13077	0.01790
13078	0.00590
13079	-0.00035
13080	0.00006
13081	0.00125
13082	0.00775
13083	-0.00135
13084	-0.01620
13085	0.18805
13086	0.28602
13087	-0.26519
13088	-0.10630
13089	0.11254
13090	0.38254
13091	0.20863
13092	-0.06832
13093	-0.42663
13094	-0.29325
13095	0.07722
13096	0.18739
13097	-0.01320
13098	-0.18162
13099	-0.11075
13100	-0.10399
13101	-0.32399
13102	-0.72929
13103	-0.87599
13104	-0.69816
13105	-0.38539
13106	-0.19160
13107	-0.08860
13108	-0.01333
13109	-0.02458
13110	-0.15053
13111	0.02392
13112	-0.00252
13113	-0.18689
13114	0.01602
13115	0.00264
13116	-0.01042
13117	-0.01796
13118	-0.01114
13119	-0.00264
13120	-0.00008
13121	0.00017
13122	-0.00009
13123	-0.00061
13124	0.00116
13125	0.00793
13126	0.01484
13127	0.01576
13128	0.00992
13129	0.00195
13130	-0.00107
13131	0.00066
13132	0.00146
13133	0.00092
13134	0.00053
13135	0.00041
13136	0.00117
13137	0.00213
13138	0.00157
13139	-0.00240
13140	-0.00773
13141	-0.00838
13142	-0.00456
13143	-0.00146
13144	0.00051
13145	0.00419
13146	0.01202
13147	0.01890
13148	0.01459
13149	0.00249
13150	-0.00073
13151	0.00034
13152	-0.00117
13153	0.00008
13154	0.00189
13155	-0.10853
13156	0.03880
13157	0.38425
13158	0.41580
13159	0.16360
13160	0.09632
13161	0.17478
13162	0.06261
13163	-0.08793
13164	-0.19894
13165	-0.03009
13166	0.18723
13167	0.27445
13168	0.06261
13169	-0.14250
13170	-0.12150
13171	-0.09750
13172	-0.33165
13173	-0.67332
13174	-0.79001
13175	-0.88483
13176	-0.58807
13177	-0.23854
13178	-0.11735
13179	-0.01052
13180	-0.02404
13181	-0.19519
13182	-0.06879
13183	0.06307
13184	-0.06891
13185	0.00972
13186	-0.00266
13187	-0.01722
13188	-0.02125
13189	-0.01104
13190	-0.00268
13191	-0.00030
13192	-0.00022
13193	-0.00094
13194	-0.00172
13195	-0.00050
13196	0.00423
13197	0.00891
13198	0.00884
13199	0.00480
13200	0.00095
13201	-0.00005
13202	0.00158
13203	0.00274
13204	0.00201
13205	0.00161
13206	0.00274
13207	0.00464
13208	0.00448
13209	0.00142
13210	-0.00364
13211	-0.00901
13212	-0.01032
13213	-0.00667
13214	-0.00261
13215	-0.00040
13216	0.00196
13217	0.00817
13218	0.01859
13219	0.02030
13220	0.00721
13221	-0.00080
13222	0.00242
13223	0.00023
13224	-0.00153
13225	0.00172
13226	-0.01773
13227	0.02797
13228	0.30204
13229	0.29483
13230	0.02612
13231	0.05847
13232	0.14073
13233	0.12054
13234	-0.08618
13235	-0.32640
13236	-0.28869
13237	0.00773
13238	0.23937
13239	0.17059
13240	-0.01236
13241	-0.08679
13242	-0.09138
13243	-0.25862
13244	-0.53065
13245	-0.72112
13246	-0.81173
13247	-0.67063
13248	-0.35108
13249	-0.18591
13250	-0.05562
13251	-0.00263
13252	-0.01795
13253	-0.08703
13254	-0.06702
13255	-0.06156
13256	-0.14224
13257	-0.03584
13258	0.00408
13259	-0.01570
13260	-0.02706
13261	-0.01643
13262	-0.00423
13263	-0.00065
13264	-0.00033
13265	-0.00064
13266	0.00008
13267	0.00467
13268	0.01166
13269	0.01458
13270	0.01150
13271	0.00562
13272	0.00131
13273	-0.00001
13274	0.00058
13275	0.00181
13276	0.00228
13277	0.00130
13278	0.00052
13279	0.00076
13280	0.00251
13281	0.00310
13282	-0.00032
13283	-0.00717
13284	-0.01115
13285	-0.00821
13286	-0.00296
13287	0.00012
13288	0.00236
13289	0.00579
13290	0.01007
13291	0.01195
13292	0.00853
13293	0.00249
13294	0.00012
13295	-0.00022
13296	0.00062
13297	0.00555
13298	-0.02377
13299	0.06586
13300	0.31036
13301	0.36169
13302	0.07590
13303	0.08239
13304	0.20916
13305	0.15592
13306	-0.09215
13307	-0.32407
13308	-0.25689
13309	0.02939
13310	0.27698
13311	0.24241
13312	0.11548
13313	0.06691
13314	-0.05191
13315	-0.28416
13316	-0.59378
13317	-0.69262
13318	-0.64258
13319	-0.56190
13320	-0.30139
13321	-0.14389
13322	-0.04063
13323	0.00353
13324	-0.02670
13325	-0.04423
13326	-0.06332
13327	-0.04785
13328	-0.05261
13329	0.01534
13330	0.00948
13331	-0.00565
13332	-0.02600
13333	-0.02583
13334	-0.01156
13335	-0.00313
13336	-0.00091
13337	-0.00033
13338	0.00024
13339	0.00222
13340	0.00555
13341	0.00806
13342	0.00751
13343	0.00445
13344	0.00145
13345	-0.00003
13346	0.00087
13347	0.00206
13348	0.00125
13349	0.00049
13350	0.00069
13351	0.00168
13352	0.00233
13353	0.00049
13354	-0.00414
13355	-0.00920
13356	-0.00979
13357	-0.00546
13358	-0.00172
13359	-0.00059
13360	0.00003
13361	0.00456
13362	0.01641
13363	0.02419
13364	0.01382
13365	-0.00054
13366	-0.00006
13367	0.00089
13368	-0.00092
13369	0.00372
13370	-0.00846
13371	-0.03870
13372	0.22598
13373	0.32598
13374	-0.00158
13375	0.06176
13376	0.18022
13377	0.16718
13378	-0.08436
13379	-0.28173
13380	-0.21854
13381	0.08991
13382	0.28935
13383	0.19329
13384	0.04819
13385	0.00427
13386	-0.07312
13387	-0.28130
13388	-0.69705
13389	-0.98626
13390	-0.93807
13391	-0.63200
13392	-0.33098
13393	-0.21391
13394	-0.07619
13395	-0.00906
13396	-0.04723
13397	-0.07260
13398	0.00724
13399	-0.07131
13400	-0.10501
13401	-0.06197
13402	0.00421
13403	-0.01121
13404	-0.02403
13405	-0.01917
13406	-0.00785
13407	-0.00208
13408	-0.00049
13409	-0.00021
13410	0.00085
13411	0.00623
13412	0.01572
13413	0.02152
13414	0.01755
13415	0.00731
13416	0.00034
13417	-0.00066
13418	0.00020
13419	0.00066
13420	0.00021
13421	-0.00025
13422	-0.00010
13423	0.00117
13424	0.00247
13425	0.00096
13426	-0.00287
13427	-0.00634
13428	-0.00723
13429	-0.00527
13430	-0.00248
13431	-0.00046
13432	0.00195
13433	0.00752
13434	0.01626
13435	0.01936
13436	0.00975
13437	0.00048
13438	-0.00001
13439	0.00031
13440	0.00329
13441	0.00675
13442	-0.01701
13443	0.01073
13444	0.25024
13445	-0.08299
13446	-0.14050
13447	0.06596
13448	0.24332
13449	0.15587
13450	-0.04795
13451	-0.40108
13452	-0.35051
13453	0.07177
13454	0.38373
13455	0.27759
13456	-0.10050
13457	-0.20007
13458	-0.08637
13459	-0.19166
13460	-0.50030
13461	-0.71782
13462	-0.68151
13463	-0.39948
13464	-0.22358
13465	-0.12584
13466	-0.03079
13467	-0.00961
13468	-0.05045
13469	-0.07107
13470	-0.13048
13471	-0.15190
13472	0.04340
13473	0.01690
13474	0.00438
13475	-0.01535
13476	-0.02451
13477	-0.01380
13478	-0.00369
13479	-0.00077
13480	-0.00019
13481	-0.00019
13482	0.00081
13483	0.00485
13484	0.00981
13485	0.01214
13486	0.01105
13487	0.00667
13488	0.00164
13489	0.00001
13490	0.00116
13491	0.00165
13492	0.00142
13493	0.00177
13494	0.00260
13495	0.00293
13496	0.00187
13497	-0.00119
13498	-0.00536
13499	-0.00796
13500	-0.00734
13501	-0.00427
13502	-0.00091
13503	0.00176
13504	0.00465
13505	0.00912
13506	0.01326
13507	0.01087
13508	0.00203
13509	-0.00119
13510	0.00085
13511	-0.00304
13512	-0.00251
13513	-0.01734
13514	-0.02548
13515	0.25083
13516	0.31133
13517	-0.10166
13518	-0.02664
13519	0.10767
13520	0.15930
13521	-0.03136
13522	-0.21844
13523	-0.31444
13524	-0.04534
13525	0.26231
13526	0.23459
13527	0.01779
13528	-0.01699
13529	0.08626
13530	-0.01849
13531	-0.28261
13532	-0.55545
13533	-0.64914
13534	-0.52475
13535	-0.27718
13536	-0.19392
13537	-0.06896
13538	-0.00195
13539	-0.00703
13540	-0.08024
13541	0.02540
13542	-0.10992
13543	-0.18410
13544	0.01648
13545	0.00735
13546	-0.00861
13547	-0.02531
13548	-0.02171
13549	-0.00850
13550	-0.00175
13551	-0.00004
13552	-0.00073
13553	-0.00259
13554	-0.00127
13555	0.00753
13556	0.01687
13557	0.01747
13558	0.01038
13559	0.00249
13560	-0.00089
13561	-0.00041
13562	0.00082
13563	0.00092
13564	0.00088
13565	0.00087
13566	0.00109
13567	0.00192
13568	0.00092
13569	-0.00306
13570	-0.00869
13571	-0.01087
13572	-0.00851
13573	-0.00421
13574	-0.00016
13575	0.00319
13576	0.00753
13577	0.01437
13578	0.02057
13579	0.01737
13580	0.00525
13581	-0.00054
13582	0.00022
13583	0.00206
13584	0.01024
13585	-0.09650
13586	-0.06597
13587	0.30944
13588	0.45283
13589	-0.18120
13590	-0.09053
13591	0.12497
13592	0.22077
13593	0.04315
13594	-0.19304
13595	-0.37833
13596	-0.14354
13597	0.20883
13598	0.22669
13599	0.01042
13600	-0.16993
13601	-0.07790
13602	-0.06443
13603	-0.27958
13604	-0.65937
13605	-0.84280
13606	-0.56693
13607	-0.25014
13608	-0.15474
13609	-0.06886
13610	-0.01220
13611	-0.03357
13612	-0.06652
13613	0.00156
13614	-0.04871
13615	-0.11951
13616	0.01259
13617	0.00417
13618	-0.00392
13619	-0.01442
13620	-0.01624
13621	-0.00837
13622	-0.00257
13623	-0.00010
13624	0.00035
13625	-0.00026
13626	0.00122
13627	0.00518
13628	0.00805
13629	0.00878
13630	0.00651
13631	0.00239
13632	-0.00014
13633	-0.00026
13634	0.00015
13635	0.00000
13636	0.00005
13637	0.00055
13638	0.00192
13639	0.00324
13640	0.00258
13641	-0.00160
13642	-0.00716
13643	-0.00957
13644	-0.00819
13645	-0.00489
13646	-0.00173
13647	0.00122
13648	0.00682
13649	0.01523
13650	0.01716
13651	0.00796
13652	-0.00003
13653	0.00010
13654	0.00225
13655	0.00983
13656	-0.07176
13657	0.00064
13658	0.21286
13659	0.28152
13660	-0.00814
13661	0.07781
13662	0.22707
13663	0.28330
13664	-0.01678
13665	-0.36992
13666	-0.34483
13667	0.06007
13668	0.36697
13669	0.29872
13670	0.15605
13671	0.07340
13672	-0.09308
13673	-0.32571
13674	-0.59407
13675	-0.72530
13676	-0.83717
13677	-0.80462
13678	-0.42013
13679	-0.20180
13680	-0.07033
13681	0.00517
13682	0.00656
13683	-0.09964
13684	-0.07762
13685	-0.01427
13686	-0.16878
13687	0.01787
13688	0.00456
13689	-0.01127
13690	-0.02367
13691	-0.01838
13692	-0.00689
13693	-0.00136
13694	-0.00001
13695	0.00010
13696	-0.00023
13697	0.00203
13698	0.00830
13699	0.01602
13700	0.01948
13701	0.01310
13702	0.00326
13703	-0.00054
13704	0.00085
13705	0.00231
13706	0.00186
13707	0.00088
13708	0.00071
13709	0.00168
13710	0.00238
13711	0.00123
13712	-0.00256
13713	-0.00787
13714	-0.00946
13715	-0.00610
13716	-0.00256
13717	-0.00135
13718	-0.00106
13719	0.00249
13720	0.01327
13721	0.02328
13722	0.01783
13723	0.00208
13724	-0.00012
13725	0.00341
13726	-0.00303
13727	-0.00741
13728	0.00042
13729	-0.05624
13730	0.18269
13731	0.41777
13732	0.22586
13733	0.05235
13734	0.09604
13735	0.12732
13736	-0.04328
13737	-0.19220
13738	-0.32879
13739	-0.11603
13740	0.18930
13741	0.26930
13742	0.13381
13743	0.00445
13744	0.03461
13745	-0.01757
13746	-0.21529
13747	-0.60643
13748	-0.75073
13749	-0.65589
13750	-0.33590
13751	-0.16109
13752	-0.10687
13753	-0.01834
13754	0.01018
13755	-0.02595
13756	-0.00759
13757	-0.05507
13758	-0.04971
13759	-0.01623
13760	0.01109
13761	0.00002
13762	-0.01816
13763	-0.03086
13764	-0.02002
13765	-0.00546
13766	-0.00022
13767	0.00018
13768	0.00023
13769	0.00267
13770	0.00677
13771	0.01068
13772	0.01029
13773	0.00609
13774	0.00258
13775	0.00040
13776	0.00020
13777	0.00119
13778	0.00096
13779	0.00047
13780	0.00082
13781	0.00226
13782	0.00321
13783	0.00196
13784	-0.00156
13785	-0.00736
13786	-0.01132
13787	-0.00890
13788	-0.00363
13789	-0.00081
13790	0.00011
13791	0.00139
13792	0.00575
13793	0.01289
13794	0.01546
13795	0.00845
13796	0.00081
13797	0.00012
13798	0.00028
13799	0.00129
13800	0.00835
13801	0.02336
13802	0.24340
13803	0.37588
13804	-0.00850
13805	-0.00764
13806	0.14972
13807	0.23408
13808	-0.01102
13809	-0.21406
13810	-0.26678
13811	0.02040
13812	0.34074
13813	0.36955
13814	0.22391
13815	0.13092
13816	0.08445
13817	-0.03000
13818	-0.22871
13819	-0.54076
13820	-0.74264
13821	-0.66272
13822	-0.38169
13823	-0.28886
13824	-0.13912
13825	-0.02746
13826	-0.03695
13827	-0.13526
13828	-0.14130
13829	0.00905
13830	-0.03475
13831	-0.11453
13832	0.00600
13833	-0.00481
13834	-0.01493
13835	-0.01341
13836	-0.00493
13837	-0.00041
13838	0.00091
13839	0.00095
13840	-0.00040
13841	0.00003
13842	0.00552
13843	0.01122
13844	0.01215
13845	0.00927
13846	0.00428
13847	-0.00003
13848	-0.00142
13849	-0.00022
13850	0.00039
13851	0.00011
13852	0.00008
13853	0.00013
13854	0.00095
13855	0.00130
13856	-0.00042
13857	-0.00452
13858	-0.00914
13859	-0.01090
13860	-0.00812
13861	-0.00319
13862	0.00035
13863	0.00243
13864	0.00505
13865	0.00832
13866	0.00882
13867	0.00516
13868	0.00133
13869	-0.00034
13870	-0.00150
13871	0.00702
13872	-0.04139
13873	-0.01652
13874	0.21330
13875	0.19409
13876	-0.28783
13877	-0.08832
13878	0.07884
13879	0.27070
13880	0.16616
13881	-0.11044
13882	-0.42056
13883	-0.27617
13884	0.08758
13885	0.23388
13886	0.16218
13887	-0.00100
13888	-0.11695
13889	-0.18789
13890	-0.32611
13891	-0.59406
13892	-0.69839
13893	-0.60090
13894	-0.35928
13895	-0.17437
13896	-0.07608
13897	-0.01020
13898	0.00286
13899	-0.04906
13900	-0.05429
13901	-0.07417
13902	-0.29472
13903	-0.18133
13904	0.01536
13905	0.00167
13906	-0.01890
13907	-0.02991
13908	-0.01700
13909	-0.00373
13910	0.00108
13911	0.00214
13912	0.00082
13913	-0.00033
13914	0.00293
13915	0.00875
13916	0.01352
13917	0.01547
13918	0.01177
13919	0.00482
13920	0.00056
13921	-0.00040
13922	-0.00007
13923	0.00013
13924	0.00013
13925	0.00012
13926	0.00018
13927	0.00064
13928	0.00076
13929	-0.00097
13930	-0.00509
13931	-0.00787
13932	-0.00681
13933	-0.00420
13934	-0.00248
13935	-0.00037
13936	0.00654
13937	0.01874
13938	0.02215
13939	0.00972
13940	-0.00163
13941	-0.00010
13942	-0.00002
13943	-0.00312
13944	0.00154
13945	-0.06894
13946	-0.10548
13947	0.22638
13948	0.32579
13949	-0.12725
13950	-0.02687
13951	0.11407
13952	0.17034
13953	-0.03742
13954	-0.29834
13955	-0.37123
13956	-0.00198
13957	0.27859
13958	0.25740
13959	0.10393
13960	-0.04451
13961	-0.10030
13962	-0.18980
13963	-0.46798
13964	-0.74868
13965	-0.89486
13966	-0.81324
13967	-0.43897
13968	-0.26872
13969	-0.12782
13970	-0.00653
13971	0.01170
13972	-0.06165
13973	0.00456
13974	-0.08979
13975	-0.26059
13976	0.01826
13977	0.01223
13978	0.00409
13979	-0.01313
13980	-0.02581
13981	-0.01731
13982	-0.00614
13983	-0.00147
13984	-0.00035
13985	-0.00093
13986	-0.00052
13987	0.00406
13988	0.01011
13989	0.01145
13990	0.00825
13991	0.00288
13992	-0.00085
13993	-0.00046
13994	0.00092
13995	0.00111
13996	0.00057
13997	0.00022
13998	0.00044
13999	0.00192
14000	0.00385
14001	0.00287
14002	-0.00165
14003	-0.00685
14004	-0.00808
14005	-0.00560
14006	-0.00353
14007	-0.00210
14008	0.00167
14009	0.00839
14010	0.01260
14011	0.01047
14012	0.00424
14013	0.00075
14014	0.00032
14015	-0.00015
14016	0.00611
14017	0.00679
14018	-0.08732
14019	0.05621
14020	0.23669
14021	-0.10164
14022	-0.05340
14023	0.09455
14024	0.22712
14025	0.15538
14026	-0.05284
14027	-0.35707
14028	-0.29199
14029	0.11567
14030	0.32468
14031	0.18935
14032	-0.15720
14033	-0.22007
14034	-0.16081
14035	-0.28624
14036	-0.54448
14037	-0.71650
14038	-0.59093
14039	-0.23947
14040	-0.13446
14041	-0.10651
14042	-0.02209
14043	-0.02860
14044	-0.14719
14045	-0.01493
14046	0.04619
14047	-0.19582
14048	-0.06298
14049	0.00725
14050	-0.00139
14051	-0.01238
14052	-0.01715
14053	-0.01004
14054	-0.00303
14055	-0.00010
14056	0.00089
14057	-0.00025
14058	0.00186
14059	0.00792
14060	0.01121
14061	0.01082
14062	0.00821
14063	0.00439
14064	0.00103
14065	-0.00002
14066	0.00043
14067	0.00005
14068	-0.00007
14069	-0.00000
14070	0.00032
14071	0.00140
14072	0.00178
14073	0.00070
14074	-0.00190
14075	-0.00510
14076	-0.00615
14077	-0.00461
14078	-0.00279
14079	-0.00159
14080	0.00086
14081	0.00774
14082	0.01726
14083	0.01879
14084	0.00791
14085	-0.00044
14086	0.00031
14087	0.00047
14088	0.00327
14089	0.00374
14090	-0.12885
14091	0.11748
14092	0.34566
14093	-0.01623
14094	-0.15306
14095	0.07584
14096	0.22005
14097	0.16715
14098	-0.03212
14099	-0.24809
14100	-0.16402
14101	0.14675
14102	0.26259
14103	0.20550
14104	0.06008
14105	-0.09523
14106	-0.22595
14107	-0.38613
14108	-0.73889
14109	-0.98375
14110	-0.95355
14111	-0.53808
14112	-0.22101
14113	-0.09995
14114	-0.01757
14115	-0.01050
14116	-0.09648
14117	-0.08215
14118	-0.04187
14119	-0.10248
14120	0.02304
14121	0.00758
14122	-0.01224
14123	-0.03069
14124	-0.02512
14125	-0.00782
14126	-0.00017
14127	0.00130
14128	0.00085
14129	-0.00014
14130	0.00125
14131	0.00597
14132	0.01235
14133	0.01476
14134	0.00950
14135	0.00255
14136	-0.00003
14137	0.00017
14138	0.00060
14139	0.00062
14140	0.00049
14141	0.00081
14142	0.00213
14143	0.00309
14144	0.00169
14145	-0.00159
14146	-0.00530
14147	-0.00666
14148	-0.00556
14149	-0.00388
14150	-0.00229
14151	-0.00049
14152	0.00321
14153	0.01012
14154	0.01637
14155	0.01408
14156	0.00451
14157	-0.00053
14158	0.00021
14159	-0.00023
14160	0.00371
14161	0.00736
14162	-0.03068
14163	0.08033
14164	0.38047
14165	-0.01151
14166	-0.04585
14167	0.15900
14168	0.30866
14169	0.10237
14170	-0.14375
14171	-0.34230
14172	-0.17473
14173	0.20586
14174	0.32263
14175	0.12274
14176	-0.07881
14177	-0.07354
14178	-0.11162
14179	-0.30320
14180	-0.54181
14181	-0.67908
14182	-0.73023
14183	-0.40572
14184	-0.20574
14185	-0.06412
14186	0.00238
14187	-0.00477
14188	-0.09199
14189	-0.02659
14190	0.01281
14191	-0.06446
14192	-0.06972
14193	0.00657
14194	-0.00758
14195	-0.02262
14196	-0.02118
14197	-0.00780
14198	-0.00082
14199	0.00046
14200	-0.00001
14201	-0.00033
14202	0.00263
14203	0.00888
14204	0.01343
14205	0.01235
14206	0.00742
14207	0.00293
14208	0.00056
14209	-0.00004
14210	0.00044
14211	0.00072
14212	0.00039
14213	0.00005
14214	0.00026
14215	0.00130
14216	0.00180
14217	0.00040
14218	-0.00271
14219	-0.00492
14220	-0.00426
14221	-0.00241
14222	-0.00141
14223	-0.00132
14224	-0.00019
14225	0.00595
14226	0.01733
14227	0.02341
14228	0.01568
14229	0.00364
14230	-0.00006
14231	0.00361
14232	0.01204
14233	-0.01681
14234	-0.04709
14235	0.17817
14236	0.22571
14237	-0.30645
14238	-0.12840
14239	0.05344
14240	0.19513
14241	0.10257
14242	-0.08297
14243	-0.34162
14244	-0.21329
14245	0.10491
14246	0.21072
14247	0.15083
14248	0.02201
14249	-0.01826
14250	-0.10432
14251	-0.29694
14252	-0.62546
14253	-0.78105
14254	-0.70564
14255	-0.49045
14256	-0.25863
14257	-0.11755
14258	-0.03589
14259	0.00154
14260	-0.03303
14261	-0.05030
14262	-0.06791
14263	-0.16878
14264	-0.08448
14265	0.00622
14266	-0.00696
14267	-0.01944
14268	-0.02002
14269	-0.00946
14270	-0.00209
14271	-0.00010
14272	-0.00019
14273	-0.00079
14274	0.00096
14275	0.00592
14276	0.01079
14277	0.01165
14278	0.00735
14279	0.00182
14280	-0.00030
14281	-0.00017
14282	0.00004
14283	0.00022
14284	0.00021
14285	0.00005
14286	0.00014
14287	0.00091
14288	0.00217
14289	0.00146
14290	-0.00160
14291	-0.00489
14292	-0.00658
14293	-0.00541
14294	-0.00297
14295	-0.00169
14296	-0.00157
14297	-0.00015
14298	0.00672
14299	0.01747
14300	0.01938
14301	0.00860
14302	0.00021
14303	0.00028
14304	0.00277
14305	0.01099
14306	-0.04784
14307	0.10507
14308	0.33426
14309	0.21315
14310	-0.21320
14311	0.01093
14312	0.19160
14313	0.28646
14314	0.02551
14315	-0.28470
14316	-0.44593
14317	-0.15208
14318	0.19627
14319	0.26993
14320	0.10636
14321	-0.13541
14322	-0.12513
14323	-0.12201
14324	-0.34144
14325	-0.72002
14326	-1.04170
14327	-0.77047
14328	-0.33557
14329	-0.20979
14330	-0.07039
14331	-0.02093
14332	-0.06073
14333	-0.09069
14334	0.09192
14335	-0.08874
14336	-0.04410
14337	0.01509
14338	0.00497
14339	-0.00981
14340	-0.02326
14341	-0.01946
14342	-0.00673
14343	-0.00046
14344	0.00054
14345	0.00007
14346	0.00036
14347	0.00266
14348	0.00675
14349	0.01026
14350	0.01051
14351	0.00680
14352	0.00212
14353	-0.00001
14354	0.00003
14355	0.00045
14356	-0.00004
14357	-0.00035
14358	-0.00010
14359	0.00031
14360	0.00151
14361	0.00206
14362	0.00108
14363	-0.00073
14364	-0.00372
14365	-0.00537
14366	-0.00465
14367	-0.00340
14368	-0.00218
14369	-0.00009
14370	0.00543
14371	0.01649
14372	0.02198
14373	0.01019
14374	-0.00137
14375	0.00079
14376	0.00130
14377	-0.00176
14378	0.00057
14379	-0.00036
14380	0.06957
14381	0.23319
14382	0.29738
14383	0.08492
14384	0.08781
14385	0.11462
14386	0.17154
14387	-0.05003
14388	-0.28399
14389	-0.49092
14390	-0.23345
14391	0.07311
14392	0.17714
14393	0.01898
14394	-0.12234
14395	-0.13774
14396	-0.12916
14397	-0.23293
14398	-0.47813
14399	-0.66674
14400	-0.57617
14401	-0.32609
14402	-0.19190
14403	-0.12049
14404	-0.02579
14405	-0.00427
14406	-0.06645
14407	0.04268
14408	0.00544
14409	-0.16679
14410	-0.09639
14411	0.00393
14412	-0.00601
14413	-0.01857
14414	-0.02458
14415	-0.01436
14416	-0.00277
14417	0.00104
14418	0.00119
14419	0.00008
14420	-0.00037
14421	0.00170
14422	0.00538
14423	0.00736
14424	0.00639
14425	0.00380
14426	0.00076
14427	-0.00048
14428	0.00123
14429	0.00261
14430	0.00181
14431	0.00095
14432	0.00102
14433	0.00226
14434	0.00303
14435	0.00094
14436	-0.00267
14437	-0.00719
14438	-0.00963
14439	-0.00777
14440	-0.00415
14441	-0.00114
14442	0.00127
14443	0.00559
14444	0.01419
14445	0.02060
14446	0.01349
14447	0.00164
14448	-0.00011
14449	0.00099
14450	0.00340
14451	0.00930
14452	0.01681
14453	0.05332
14454	0.27247
14455	0.15810
14456	-0.16852
14457	0.01900
14458	0.16125
14459	0.22472
14460	0.03908
14461	-0.20844
14462	-0.36994
14463	-0.12709
14464	0.19883
14465	0.22675
14466	-0.03931
14467	-0.23448
14468	-0.19356
14469	-0.23051
14470	-0.49839
14471	-0.80451
14472	-0.89140
14473	-0.74335
14474	-0.41045
14475	-0.31535
14476	-0.13138
14477	-0.00409
14478	-0.01124
14479	-0.11732
14480	-0.04420
14481	-0.18857
14482	-0.25294
14483	-0.05300
14484	0.00954
14485	-0.00432
14486	-0.02631
14487	-0.03311
14488	-0.01923
14489	-0.00609
14490	-0.00072
14491	0.00049
14492	0.00001
14493	0.00012
14494	0.00380
14495	0.01007
14496	0.01393
14497	0.01307
14498	0.00787
14499	0.00190
14500	-0.00045
14501	-0.00038
14502	0.00024
14503	0.00050
14504	0.00027
14505	0.00012
14506	0.00060
14507	0.00136
14508	0.00016
14509	-0.00274
14510	-0.00618
14511	-0.00718
14512	-0.00485
14513	-0.00198
14514	-0.00059
14515	0.00035
14516	0.00344
14517	0.01108
14518	0.01900
14519	0.01846
14520	0.00954
14521	0.00185
14522	-0.00008
14523	0.00040
14524	0.00260
14525	0.00216
14526	-0.00482
14527	0.09966
14528	0.39836
14529	0.22781
14530	0.02293
14531	0.16614
14532	0.21985
14533	-0.02579
14534	-0.24207
14535	-0.31074
14536	-0.13717
14537	0.15437
14538	0.27991
14539	0.12992
14540	-0.18453
14541	-0.28429
14542	-0.13200
14543	-0.06353
14544	-0.19535
14545	-0.48261
14546	-0.59081
14547	-0.36967
14548	-0.22043
14549	-0.17617
14550	-0.04437
14551	-0.01204
14552	-0.06938
14553	-0.09273
14554	-0.07357
14555	-0.21507
14556	-0.11213
14557	-0.05531
14558	-0.07259
14559	0.00417
14560	-0.00192
14561	-0.01373
14562	-0.02298
14563	-0.01546
14564	-0.00426
14565	0.00009
14566	0.00015
14567	0.00035
14568	0.00419
14569	0.00901
14570	0.01085
14571	0.00849
14572	0.00420
14573	0.00145
14574	0.00030
14575	0.00000
14576	0.00048
14577	0.00099
14578	0.00100
14579	0.00155
14580	0.00255
14581	0.00144
14582	-0.00087
14583	-0.00233
14584	-0.00265
14585	-0.00191
14586	-0.00088
14587	-0.00029
14588	-0.00024
14589	-0.00062
14590	0.00082
14591	0.01031
14592	0.02776
14593	0.03204
14594	0.01192
14595	-0.00157
14596	0.00105
14597	0.00316
14598	0.00460
14599	0.00201
14600	-0.01714
14601	-0.03973
14602	-0.03328
14603	-0.00790
14604	-0.00004
14605	-0.00043
14606	-0.00086
14607	-0.00180
14608	0.00105
14609	0.00292
14610	0.00227
14611	0.00078
14612	-0.00068
14613	-0.00123
14614	-0.00048
14615	0.00009
14616	-0.00010
14617	-0.00018
14618	0.00012
14619	0.00056
14620	0.00133
14621	0.00217
14622	0.00269
14623	0.00301
14624	0.00281
14625	0.00198
14626	0.00118
14627	0.00079
14628	0.00051
14629	0.00043
14630	0.00065
14631	0.00134
14632	0.00293
14633	0.00480
14634	0.00482
14635	0.00407
14636	0.00428
14637	0.00490
14638	0.00385
14639	0.00086
14640	-0.00447
14641	-0.01673
14642	-0.01981
14643	-0.00903
14644	-0.00275
14645	-0.00111
14646	0.00202
14647	0.00584
14648	0.00760
14649	0.00743
14650	0.00629
14651	0.00443
14652	0.00236
14653	0.00072
14654	0.00001
14655	-0.00029
14656	-0.00034
14657	0.00021
14658	0.00081
14659	0.00071
14660	-0.00040
14661	-0.00198
14662	-0.00295
14663	-0.00328
14664	-0.00312
14665	-0.00248
14666	-0.00140
14667	-0.00016
14668	0.00198
14669	0.00589
14670	0.01035
14671	0.01189
14672	0.00783
14673	0.00192
14674	0.00011
14675	0.00007
14676	-0.00109
14677	-0.00128
14678	0.00064
14679	-0.00184
14680	-0.01778
14681	-0.03502
14682	-0.03142
14683	-0.01307
14684	-0.00244
14685	-0.00120
14686	-0.00043
14687	-0.00074
14688	0.00075
14689	0.00187
14690	0.00178
14691	0.00143
14692	0.00108
14693	0.00074
14694	0.00014
14695	-0.00068
14696	-0.00090
14697	-0.00023
14698	0.00052
14699	0.00067
14700	0.00027
14701	-0.00019
14702	-0.00024
14703	0.00019
14704	0.00067
14705	0.00071
14706	0.00053
14707	0.00056
14708	0.00076
14709	0.00089
14710	0.00094
14711	0.00092
14712	0.00089
14713	0.00105
14714	0.00143
14715	0.00158
14716	0.00123
14717	0.00077
14718	0.00059
14719	0.00070
14720	0.00093
14721	0.00103
14722	0.00100
14723	0.00087
14724	0.00051
14725	-0.00000
14726	-0.00039
14727	-0.00047
14728	-0.00000
14729	0.00176
14730	0.00644
14731	0.01264
14732	0.01305
14733	0.00377
14734	-0.00754
14735	-0.01742
14736	-0.02041
14737	-0.00629
14738	0.00014
14739	-0.00258
14740	-0.00087
14741	0.00030
14742	-0.00003
14743	-0.00007
14744	0.00087
14745	0.00177
14746	0.00150
14747	0.00056
14748	-0.00023
14749	-0.00075
14750	-0.00112
14751	-0.00117
14752	-0.00093
14753	-0.00092
14754	-0.00166
14755	-0.00325
14756	-0.00452
14757	-0.00416
14758	-0.00285
14759	-0.00184
14760	-0.00066
14761	0.00208
14762	0.00653
14763	0.01104
14764	0.01261
14765	0.00925
14766	0.00317
14767	-0.00093
14768	-0.00112
14769	-0.00004
14770	-0.00019
14771	-0.00017
14772	0.00171
14773	0.00253
14774	-0.00049
14775	0.04645
14776	0.07661
14777	0.16752
14778	0.12857
14779	0.12097
14780	0.25760
14781	0.23261
14782	0.09220
14783	0.04476
14784	0.03291
14785	0.02235
14786	0.02432
14787	0.03806
14788	0.03095
14789	0.01469
14790	0.00414
14791	-0.00530
14792	-0.00105
14793	0.01402
14794	0.03366
14795	0.03675
14796	0.03878
14797	0.02163
14798	0.00953
14799	0.00174
14800	0.00175
14801	0.00502
14802	0.00191
14803	0.00526
14804	0.01824
14805	0.02784
14806	0.03119
14807	0.01651
14808	0.00666
14809	0.00971
14810	0.01164
14811	0.01206
14812	0.01599
14813	0.01425
14814	0.01258
14815	0.01912
14816	0.01663
14817	0.01328
14818	0.00647
14819	-0.01153
14820	-0.02576
14821	-0.03438
14822	-0.04226
14823	-0.06736
14824	-0.08703
14825	-0.09132
14826	-0.11203
14827	-0.13921
14828	-0.17942
14829	-0.19960
14830	-0.16951
14831	-0.15287
14832	-0.16345
14833	-0.17227
14834	-0.20666
14835	-0.24614
14836	-0.19335
14837	-0.14521
14838	-0.09056
14839	-0.04799
14840	-0.03644
14841	-0.01258
14842	-0.00955
14843	-0.01429
14844	-0.00138
14845	-0.03221
14846	-0.05006
14847	-0.05372
14848	-0.02151
14849	0.00430
14850	-0.00261
14851	-0.00726
14852	-0.00863
14853	-0.00329
14854	0.00078
14855	0.00008
14856	-0.00078
14857	-0.00071
14858	-0.00018
14859	0.00080
14860	0.00151
14861	0.00142
14862	0.00062
14863	-0.00047
14864	-0.00171
14865	-0.00267
14866	-0.00291
14867	-0.00251
14868	-0.00187
14869	-0.00142
14870	-0.00135
14871	-0.00140
14872	-0.00117
14873	-0.00079
14874	-0.00030
14875	0.00027
14876	0.00087
14877	0.00114
14878	0.00086
14879	0.00035
14880	-0.00007
14881	0.00015
14882	0.00089
14883	0.00044
14884	-0.00088
14885	-0.00117
14886	-0.00080
14887	-0.00018
14888	0.00067
14889	0.00093
14890	0.00188
14891	-0.01358
14892	-0.01004
14893	0.00164
14894	0.02599
14895	0.02450
14896	0.00537
14897	0.02017
14898	0.08863
14899	0.06019
14900	0.02086
14901	0.00742
14902	0.00465
14903	0.00633
14904	0.01181
14905	0.02976
14906	0.02900
14907	0.01622
14908	0.01832
14909	0.03181
14910	0.02678
14911	0.01288
14912	0.01332
14913	0.01866
14914	0.01890
14915	0.01623
14916	0.01644
14917	0.01390
14918	0.01610
14919	0.01954
14920	0.01694
14921	0.01225
14922	0.01825
14923	0.01978
14924	0.01476
14925	0.01580
14926	0.02451
14927	0.03054
14928	0.02167
14929	0.01661
14930	0.02638
14931	0.02505
14932	0.01825
14933	0.01381
14934	0.01590
14935	0.01933
14936	0.01990
14937	0.01179
14938	-0.00886
14939	-0.03470
14940	-0.03682
14941	-0.01700
14942	-0.00955
14943	-0.01895
14944	-0.02533
14945	-0.03187
14946	-0.04455
14947	-0.05001
14948	-0.05453
14949	-0.05001
14950	-0.05470
14951	-0.07667
14952	-0.09211
14953	-0.09668
14954	-0.09458
14955	-0.09150
14956	-0.11969
14957	-0.15676
14958	-0.15445
14959	-0.11849
14960	-0.10997
14961	-0.09545
14962	-0.04498
14963	-0.01713
14964	-0.01984
14965	-0.00196
14966	0.00046
14967	-0.00588
14968	-0.03664
14969	-0.00501
14970	-0.03223
14971	-0.07941
14972	-0.00552
14973	0.02797
14974	-0.00064
14975	-0.00216
14976	-0.00645
14977	-0.00881
14978	-0.00383
14979	0.00013
14980	-0.00094
14981	-0.00203
14982	-0.00139
14983	-0.00036
14984	-0.00002
14985	-0.00003
14986	0.00022
14987	0.00051
14988	-0.00003
14989	-0.00190
14990	-0.00354
14991	-0.00366
14992	-0.00251
14993	-0.00099
14994	-0.00015
14995	-0.00004
14996	-0.00040
14997	-0.00108
14998	-0.00184
14999	-0.00230
15000	-0.00173
15001	0.00015
15002	0.00188
15003	0.00185
15004	0.00013
15005	-0.00136
15006	-0.00144
15007	-0.00106
15008	-0.00068
15009	-0.00025
15010	-0.00012
15011	-0.00023
15012	-0.00017
15013	0.00051
15014	0.00272
15015	0.00476
15016	0.00465
15017	0.00589
15018	0.00960
15019	0.05184
15020	-0.00022
15021	0.01827
15022	0.01970
15023	0.00315
15024	-0.00109
15025	0.02344
15026	0.02723
15027	0.01580
15028	0.00226
15029	0.00086
15030	0.00934
15031	0.01274
15032	0.02310
15033	0.02785
15034	0.03044
15035	0.03343
15036	0.02812
15037	0.01505
15038	0.00732
15039	0.00183
15040	0.00675
15041	0.01377
15042	0.01854
15043	0.02116
15044	0.03174
15045	0.04375
15046	0.03942
15047	0.02907
15048	0.02517
15049	0.02803
15050	0.03047
15051	0.02710
15052	0.02051
15053	0.02081
15054	0.02968
15055	0.03110
15056	0.02001
15057	0.00494
15058	0.00666
15059	0.01596
15060	0.01989
15061	0.02275
15062	0.01937
15063	0.00422
15064	-0.00814
15065	-0.00626
15066	0.00194
15067	0.00905
15068	0.01642
15069	0.02059
15070	0.01448
15071	-0.00595
15072	-0.03200
15073	-0.03792
15074	-0.02804
15075	-0.02194
15076	-0.03217
15077	-0.05616
15078	-0.07867
15079	-0.08298
15080	-0.07848
15081	-0.08698
15082	-0.08845
15083	-0.09473
15084	-0.09495
15085	-0.09784
15086	-0.11303
15087	-0.11201
15088	-0.12215
15089	-0.13370
15090	-0.10431
15091	-0.08665
15092	-0.07792
15093	-0.05632
15094	-0.02187
15095	0.00278
15096	0.01367
15097	0.01734
15098	0.00247
15099	0.00231
15100	-0.03797
15101	-0.00202
15102	0.00812
15103	-0.00088
15104	-0.00556
15105	-0.00532
15106	-0.00530
15107	-0.00095
15108	0.00006
15109	-0.00017
15110	0.00002
15111	-0.00003
15112	0.00009
15113	0.00016
15114	0.00017
15115	0.00011
15116	0.00003
15117	-0.00003
15118	-0.00020
15119	-0.00057
15120	-0.00091
15121	-0.00100
15122	-0.00096
15123	-0.00073
15124	-0.00035
15125	-0.00039
15126	-0.00101
15127	-0.00150
15128	-0.00148
15129	-0.00129
15130	-0.00113
15131	-0.00092
15132	-0.00045
15133	0.00009
15134	0.00024
15135	-0.00008
15136	-0.00052
15137	-0.00072
15138	-0.00032
15139	0.00078
15140	0.00238
15141	0.00302
15142	0.00165
15143	0.00019
15144	-0.00039
15145	-0.00008
15146	0.00122
15147	0.00235
15148	0.00205
15149	0.00263
15150	0.01057
15151	-0.00977
15152	-0.01506
15153	-0.00078
15154	0.01911
15155	0.03364
15156	0.05091
15157	0.04592
15158	0.02581
15159	0.01536
15160	0.00478
15161	-0.00191
15162	0.00447
15163	0.02760
15164	0.04144
15165	0.03111
15166	0.03640
15167	0.05157
15168	0.04140
15169	0.01950
15170	0.00722
15171	0.00240
15172	0.00836
15173	0.02003
15174	0.02493
15175	0.01695
15176	0.01675
15177	0.02226
15178	0.02477
15179	0.02514
15180	0.02838
15181	0.04521
15182	0.03796
15183	0.01964
15184	0.01284
15185	0.01109
15186	0.02181
15187	0.02843
15188	0.01658
15189	0.00614
15190	0.00448
15191	0.00009
15192	-0.00391
15193	0.00021
15194	0.00400
15195	0.00874
15196	0.01036
15197	0.00715
15198	0.00787
15199	0.01338
15200	0.01350
15201	0.00561
15202	0.00707
15203	0.02142
15204	0.02380
15205	0.00375
15206	0.00057
15207	0.01541
15208	0.01265
15209	-0.00965
15210	-0.03554
15211	-0.05479
15212	-0.05853
15213	-0.05175
15214	-0.07289
15215	-0.08595
15216	-0.07809
15217	-0.10942
15218	-0.13782
15219	-0.14816
15220	-0.17744
15221	-0.17154
15222	-0.14220
15223	-0.08903
15224	-0.05332
15225	-0.05157
15226	-0.02044
15227	-0.00204
15228	0.01062
15229	0.00818
15230	0.00200
15231	-0.02573
15232	-0.02936
15233	-0.04127
15234	0.01081
15235	0.03667
15236	0.00098
15237	0.00170
15238	0.00176
15239	0.00040
15240	0.00004
15241	0.00021
15242	-0.00025
15243	-0.00034
15244	-0.00009
15245	0.00010
15246	0.00002
15247	-0.00035
15248	-0.00059
15249	-0.00087
15250	-0.00123
15251	-0.00138
15252	-0.00114
15253	-0.00082
15254	-0.00064
15255	-0.00050
15256	-0.00034
15257	-0.00023
15258	-0.00021
15259	-0.00037
15260	-0.00076
15261	-0.00133
15262	-0.00177
15263	-0.00173
15264	-0.00128
15265	-0.00061
15266	0.00003
15267	0.00031
15268	0.00019
15269	0.00009
15270	0.00012
15271	0.00021
15272	0.00076
15273	0.00214
15274	0.00271
15275	0.00134
15276	-0.00054
15277	-0.00139
15278	-0.00045
15279	0.00122
15280	0.00198
15281	0.00175
15282	0.00279
15283	0.00650
15284	0.00204
15285	0.03304
15286	0.02426
15287	0.02209
15288	0.02424
15289	0.03741
15290	0.03827
15291	0.03105
15292	0.02057
15293	0.01071
15294	0.00756
15295	0.00675
15296	0.01300
15297	0.01899
15298	0.01493
15299	0.02026
15300	0.03714
15301	0.02903
15302	0.01513
15303	0.00663
15304	0.00935
15305	0.01512
15306	0.01841
15307	0.01816
15308	0.01924
15309	0.02794
15310	0.02583
15311	0.01948
15312	0.02244
15313	0.02667
15314	0.02214
15315	0.01643
15316	0.01755
15317	0.02048
15318	0.01850
15319	0.01247
15320	0.01525
15321	0.02725
15322	0.02852
15323	0.01604
15324	0.00183
15325	0.00070
15326	0.00983
15327	0.01717
15328	0.01003
15329	-0.00633
15330	-0.01563
15331	-0.01199
15332	-0.00650
15333	-0.00823
15334	-0.00729
15335	0.00056
15336	0.00638
15337	0.00696
15338	0.00847
15339	0.00686
15340	-0.00647
15341	-0.02890
15342	-0.04579
15343	-0.05479
15344	-0.07366
15345	-0.09450
15346	-0.12710
15347	-0.14389
15348	-0.12382
15349	-0.11330
15350	-0.11979
15351	-0.13208
15352	-0.14464
15353	-0.15790
15354	-0.14356
15355	-0.09317
15356	-0.04660
15357	-0.03020
15358	-0.02334
15359	-0.00600
15360	0.01127
15361	0.02045
15362	0.00049
15363	-0.00225
15364	-0.04701
15365	-0.02617
15366	-0.03278
15367	-0.03709
15368	0.03510
15369	0.00100
15370	-0.00033
15371	-0.00142
15372	-0.00281
15373	-0.00111
15374	0.00037
15375	-0.00112
15376	-0.00178
15377	-0.00093
15378	0.00011
15379	0.00081
15380	0.00085
15381	0.00030
15382	-0.00057
15383	-0.00175
15384	-0.00317
15385	-0.00434
15386	-0.00455
15387	-0.00384
15388	-0.00285
15389	-0.00200
15390	-0.00138
15391	-0.00104
15392	-0.00102
15393	-0.00130
15394	-0.00161
15395	-0.00142
15396	-0.00049
15397	0.00042
15398	0.00024
15399	-0.00061
15400	-0.00087
15401	-0.00085
15402	-0.00007
15403	0.00282
15404	0.00432
15405	0.00228
15406	-0.00021
15407	-0.00137
15408	-0.00091
15409	0.00108
15410	0.00324
15411	0.00517
15412	0.02456
15413	0.00460
15414	-0.00420
15415	0.00779
15416	0.01232
15417	-0.00320
15418	0.02089
15419	0.03688
15420	0.02083
15421	0.00076
15422	-0.00319
15423	0.00131
15424	0.00454
15425	0.01555
15426	0.02726
15427	0.03524
15428	0.03880
15429	0.03876
15430	0.03550
15431	0.02005
15432	-0.00118
15433	-0.00599
15434	0.00177
15435	0.01124
15436	0.02406
15437	0.03535
15438	0.03983
15439	0.03478
15440	0.02903
15441	0.02577
15442	0.03157
15443	0.03703
15444	0.04017
15445	0.03027
15446	0.01883
15447	0.01867
15448	0.03106
15449	0.04182
15450	0.04729
15451	0.04162
15452	0.02514
15453	0.01052
15454	0.01535
15455	0.04077
15456	0.05813
15457	0.04852
15458	0.02776
15459	0.00693
15460	0.00982
15461	0.02785
15462	0.02559
15463	0.01988
15464	0.03495
15465	0.04232
15466	0.03793
15467	0.02644
15468	0.02128
15469	0.01499
15470	-0.00226
15471	-0.02291
15472	-0.05057
15473	-0.06833
15474	-0.06883
15475	-0.07320
15476	-0.08340
15477	-0.10065
15478	-0.11085
15479	-0.10055
15480	-0.08659
15481	-0.09435
15482	-0.12855
15483	-0.16345
15484	-0.16822
15485	-0.17394
15486	-0.19938
15487	-0.17671
15488	-0.14456
15489	-0.11332
15490	-0.05812
15491	-0.02929
15492	-0.00807
15493	0.00380
15494	0.01265
15495	0.00733
15496	0.00247
15497	-0.03226
15498	-0.02416
15499	0.01123
15500	-0.07477
15501	0.01765
15502	0.03037
15503	0.00167
15504	0.00042
15505	-0.00083
15506	-0.00341
15507	-0.00478
15508	-0.00193
15509	0.00021
15510	-0.00011
15511	-0.00005
15512	0.00033
15513	0.00020
15514	-0.00001
15515	0.00013
15516	0.00016
15517	-0.00026
15518	-0.00125
15519	-0.00227
15520	-0.00299
15521	-0.00336
15522	-0.00297
15523	-0.00191
15524	-0.00110
15525	-0.00129
15526	-0.00247
15527	-0.00375
15528	-0.00420
15529	-0.00352
15530	-0.00227
15531	-0.00105
15532	0.00001
15533	0.00061
15534	0.00037
15535	-0.00003
15536	0.00001
15537	0.00091
15538	0.00263
15539	0.00336
15540	0.00243
15541	0.00094
15542	0.00012
15543	0.00068
15544	0.00096
15545	0.00118
15546	0.00259
15547	0.00179
15548	-0.01000
15549	-0.00638
15550	0.03291
15551	0.03739
15552	0.04848
15553	0.06583
15554	0.03695
15555	0.01000
15556	0.00647
15557	0.00763
15558	0.00901
15559	0.01739
15560	0.04511
15561	0.05346
15562	0.02775
15563	0.03033
15564	0.02783
15565	0.01759
15566	0.01601
15567	0.01915
15568	0.01550
15569	0.01622
15570	0.02547
15571	0.03492
15572	0.03291
15573	0.03009
15574	0.02512
15575	0.02145
15576	0.02702
15577	0.02542
15578	0.01684
15579	0.01798
15580	0.03336
15581	0.04600
15582	0.04056
15583	0.02889
15584	0.02041
15585	0.01072
15586	0.00273
15587	0.00362
15588	0.01691
15589	0.02089
15590	0.00332
15591	-0.02520
15592	-0.02400
15593	0.00323
15594	0.01757
15595	0.01112
15596	-0.00100
15597	-0.01538
15598	-0.03327
15599	-0.02917
15600	-0.01506
15601	-0.02106
15602	-0.03283
15603	-0.03702
15604	-0.05461
15605	-0.07414
15606	-0.09911
15607	-0.10663
15608	-0.10225
15609	-0.11026
15610	-0.09999
15611	-0.09486
15612	-0.14172
15613	-0.15030
15614	-0.13286
15615	-0.16698
15616	-0.16476
15617	-0.09492
15618	-0.06390
15619	-0.04875
15620	-0.03343
15621	-0.02136
15622	-0.00846
15623	-0.00084
15624	0.01298
15625	0.00290
15626	-0.03120
15627	-0.10784
15628	0.00682
15629	0.01966
15630	-0.07973
15631	0.02653
15632	0.01042
15633	-0.00102
15634	-0.00406
15635	-0.00611
15636	-0.00233
15637	0.00074
15638	-0.00011
15639	-0.00068
15640	-0.00024
15641	-0.00009
15642	0.00003
15643	0.00062
15644	0.00102
15645	0.00059
15646	-0.00057
15647	-0.00230
15648	-0.00400
15649	-0.00454
15650	-0.00363
15651	-0.00220
15652	-0.00109
15653	-0.00088
15654	-0.00179
15655	-0.00285
15656	-0.00334
15657	-0.00301
15658	-0.00182
15659	-0.00053
15660	-0.00000
15661	-0.00005
15662	0.00000
15663	0.00036
15664	0.00126
15665	0.00314
15666	0.00527
15667	0.00422
15668	0.00013
15669	-0.00171
15670	-0.00054
15671	-0.00035
15672	-0.00313
15673	-0.00092
15674	0.00858
15675	0.00179
15676	0.01157
15677	0.01878
15678	0.02321
15679	0.03636
15680	0.07939
15681	0.07279
15682	0.03353
15683	0.01021
15684	0.00595
15685	0.00206
15686	0.00699
15687	0.02389
15688	0.02393
15689	0.00895
15690	0.01847
15691	0.03326
15692	0.03385
15693	0.02061
15694	0.00950
15695	0.00646
15696	0.00829
15697	0.01308
15698	0.02449
15699	0.02663
15700	0.02510
15701	0.02726
15702	0.02383
15703	0.02334
15704	0.01640
15705	0.01554
15706	0.01985
15707	0.03590
15708	0.04880
15709	0.03598
15710	0.02859
15711	0.03324
15712	0.04344
15713	0.04540
15714	0.03065
15715	0.02153
15716	0.02122
15717	0.01794
15718	0.02397
15719	0.03329
15720	0.03230
15721	0.01237
15722	-0.00366
15723	0.00016
15724	0.01873
15725	0.01990
15726	-0.00216
15727	-0.03647
15728	-0.04492
15729	-0.05711
15730	-0.07661
15731	-0.09692
15732	-0.13949
15733	-0.12130
15734	-0.09891
15735	-0.10292
15736	-0.12031
15737	-0.15676
15738	-0.19292
15739	-0.16465
15740	-0.15192
15741	-0.15979
15742	-0.11659
15743	-0.10232
15744	-0.05446
15745	-0.01037
15746	0.01167
15747	0.00751
15748	0.00214
15749	-0.01656
15750	-0.01843
15751	-0.00334
15752	-0.04845
15753	-0.02357
15754	0.01651
15755	-0.00026
15756	-0.00329
15757	-0.00637
15758	-0.00441
15759	-0.00004
15760	-0.00076
15761	-0.00269
15762	-0.00224
15763	-0.00120
15764	-0.00006
15765	0.00098
15766	0.00118
15767	0.00034
15768	-0.00143
15769	-0.00370
15770	-0.00553
15771	-0.00526
15772	-0.00337
15773	-0.00196
15774	-0.00152
15775	-0.00148
15776	-0.00160
15777	-0.00195
15778	-0.00223
15779	-0.00202
15780	-0.00141
15781	-0.00056
15782	0.00043
15783	0.00086
15784	0.00018
15785	-0.00062
15786	-0.00047
15787	-0.00010
15788	0.00067
15789	0.00264
15790	0.00404
15791	0.00299
15792	0.00015
15793	-0.00230
15794	-0.00195
15795	0.00092
15796	0.00323
15797	0.00423
15798	0.00167
15799	0.00259
15800	-0.02078
15801	0.00669
15802	0.03368
15803	0.01636
15804	0.02260
15805	0.03761
15806	0.02433
15807	0.01027
15808	0.01106
15809	0.01855
15810	0.02031
15811	0.01986
15812	0.02288
15813	0.02533
15814	0.02979
15815	0.03848
15816	0.03525
15817	0.01890
15818	0.01375
15819	0.01462
15820	0.01409
15821	0.01498
15822	0.02019
15823	0.02058
15824	0.01710
15825	0.02291
15826	0.03303
15827	0.03107
15828	0.02595
15829	0.02707
15830	0.02361
15831	0.01138
15832	0.00745
15833	0.01316
15834	0.02191
15835	0.02462
15836	0.02018
15837	0.01746
15838	0.01989
15839	0.01911
15840	0.01591
15841	0.01394
15842	0.01404
15843	0.00704
15844	0.00726
15845	0.02752
15846	0.04320
15847	0.02812
15848	0.00851
15849	-0.00474
15850	-0.01386
15851	-0.01307
15852	-0.00564
15853	-0.00430
15854	-0.01693
15855	-0.02964
15856	-0.02680
15857	-0.02431
15858	-0.04957
15859	-0.09198
15860	-0.10100
15861	-0.10704
15862	-0.10860
15863	-0.11123
15864	-0.11462
15865	-0.10653
15866	-0.12429
15867	-0.16568
15868	-0.15014
15869	-0.15473
15870	-0.19786
15871	-0.14045
15872	-0.10075
15873	-0.11375
15874	-0.07241
15875	-0.04425
15876	-0.02482
15877	-0.00747
15878	0.00918
15879	0.00307
15880	-0.02321
15881	-0.08535
15882	-0.04694
15883	0.00461
15884	0.00325
15885	0.05366
15886	0.00416
15887	-0.00109
15888	-0.00470
15889	-0.00739
15890	-0.00389
15891	0.00048
15892	0.00117
15893	0.00034
15894	0.00022
15895	0.00024
15896	-0.00016
15897	-0.00011
15898	0.00024
15899	0.00027
15900	-0.00048
15901	-0.00175
15902	-0.00292
15903	-0.00327
15904	-0.00289
15905	-0.00236
15906	-0.00169
15907	-0.00108
15908	-0.00091
15909	-0.00122
15910	-0.00176
15911	-0.00238
15912	-0.00257
15913	-0.00171
15914	-0.00029
15915	0.00036
15916	-0.00028
15917	-0.00078
15918	-0.00060
15919	-0.00019
15920	0.00213
15921	0.00506
15922	0.00466
15923	0.00234
15924	0.00078
15925	0.00129
15926	0.00272
15927	0.00285
15928	0.00192
15929	0.00308
15930	-0.03211
15931	-0.02791
15932	0.00246
15933	0.02004
15934	0.03364
15935	0.03356
15936	0.00076
15937	-0.01651
15938	-0.00827
15939	-0.00241
15940	0.00501
15941	0.01864
15942	0.04229
15943	0.05571
15944	0.04546
15945	0.03538
15946	0.03756
15947	0.03988
15948	0.02680
15949	0.01241
15950	0.00489
15951	0.00314
15952	0.00556
15953	0.01663
15954	0.03126
15955	0.03580
15956	0.01482
15957	-0.00083
15958	0.00092
15959	0.02373
15960	0.03582
15961	0.02683
15962	0.01685
15963	0.02268
15964	0.02766
15965	0.02228
15966	0.02005
15967	0.01652
15968	0.01205
15969	0.00283
15970	-0.00470
15971	-0.00451
15972	-0.00547
15973	-0.00405
15974	0.00264
15975	0.00164
15976	-0.01107
15977	-0.02174
15978	-0.00777
15979	0.01483
15980	0.02670
15981	0.01370
15982	-0.00119
15983	-0.00422
15984	-0.00361
15985	-0.01035
15986	-0.02810
15987	-0.05194
15988	-0.08330
15989	-0.11618
15990	-0.12033
15991	-0.11983
15992	-0.14015
15993	-0.13829
15994	-0.13495
15995	-0.15103
15996	-0.14841
15997	-0.13700
15998	-0.13164
15999	-0.13144
16000	-0.11620
16001	-0.08638
16002	-0.05947
16003	-0.03844
16004	-0.01563
16005	-0.00323
16006	0.00750
16007	0.00474
16008	-0.01015
16009	-0.04227
16010	-0.05266
16011	-0.04971
16012	-0.03782
16013	-0.00458
16014	0.01777
16015	0.00163
16016	-0.00111
16017	-0.00386
16018	-0.00511
16019	-0.00169
16020	0.00114
16021	0.00031
16022	-0.00086
16023	-0.00076
16024	-0.00047
16025	-0.00024
16026	0.00025
16027	0.00056
16028	0.00008
16029	-0.00135
16030	-0.00426
16031	-0.00666
16032	-0.00590
16033	-0.00353
16034	-0.00165
16035	-0.00067
16036	-0.00047
16037	-0.00090
16038	-0.00161
16039	-0.00228
16040	-0.00225
16041	-0.00114
16042	0.00045
16043	0.00133
16044	0.00102
16045	-0.00005
16046	-0.00081
16047	-0.00069
16048	-0.00043
16049	0.00080
16050	0.00371
16051	0.00423
16052	0.00169
16053	-0.00091
16054	-0.00180
16055	0.00100
16056	0.00401
16057	0.00481
16058	0.00468
16059	-0.00041
16060	0.00090
16061	-0.00591
16062	0.01404
16063	0.03097
16064	0.02841
16065	0.05909
16066	0.04254
16067	0.00487
16068	0.00142
16069	0.00566
16070	0.00348
16071	0.00482
16072	0.02998
16073	0.05607
16074	0.03220
16075	0.02151
16076	0.02636
16077	0.01648
16078	0.01043
16079	0.00833
16080	0.00507
16081	0.00809
16082	0.01927
16083	0.03081
16084	0.03125
16085	0.02980
16086	0.02355
16087	0.01733
16088	0.01677
16089	0.01761
16090	0.01936
16091	0.02611
16092	0.02953
16093	0.03131
16094	0.03003
16095	0.02804
16096	0.01957
16097	0.00128
16098	-0.00246
16099	0.01025
16100	0.02075
16101	0.01597
16102	0.00137
16103	-0.00483
16104	0.00541
16105	0.01659
16106	0.01656
16107	0.01717
16108	0.01775
16109	0.00941
16110	-0.01343
16111	-0.03512
16112	-0.04028
16113	-0.02497
16114	-0.00308
16115	-0.00706
16116	-0.03975
16117	-0.07704
16118	-0.07826
16119	-0.06856
16120	-0.09079
16121	-0.12098
16122	-0.12128
16123	-0.10988
16124	-0.12704
16125	-0.16369
16126	-0.14831
16127	-0.16943
16128	-0.18091
16129	-0.11921
16130	-0.06992
16131	-0.04660
16132	-0.03155
16133	-0.00950
16134	0.00766
16135	0.01687
16136	0.00823
16137	-0.00965
16138	-0.01670
16139	-0.03688
16140	0.01579
16141	-0.04840
16142	0.01035
16143	0.00021
16144	0.00003
16145	-0.00002
16146	-0.00025
16147	-0.00006
16148	0.00029
16149	0.00043
16150	0.00009
16151	-0.00027
16152	-0.00023
16153	0.00005
16154	0.00049
16155	0.00094
16156	0.00088
16157	0.00007
16158	-0.00189
16159	-0.00458
16160	-0.00629
16161	-0.00604
16162	-0.00447
16163	-0.00280
16164	-0.00155
16165	-0.00081
16166	-0.00067
16167	-0.00086
16168	-0.00097
16169	-0.00075
16170	-0.00030
16171	0.00021
16172	0.00059
16173	0.00061
16174	0.00005
16175	-0.00056
16176	-0.00063
16177	0.00013
16178	0.00356
16179	0.00679
16180	0.00446
16181	-0.00027
16182	-0.00251
16183	-0.00231
16184	0.00036
16185	0.00331
16186	0.00451
16187	0.00388
16188	0.00207
16189	-0.02068
16190	-0.00245
16191	0.06509
16192	0.05696
16193	0.04678
16194	0.06115
16195	0.03654
16196	0.00734
16197	0.00832
16198	0.01513
16199	0.01881
16200	0.02909
16201	0.04488
16202	0.04739
16203	0.03723
16204	0.03097
16205	0.04302
16206	0.04485
16207	0.02398
16208	0.00925
16209	0.00925
16210	0.01642
16211	0.02597
16212	0.03095
16213	0.03326
16214	0.02796
16215	0.01893
16216	0.02163
16217	0.02949
16218	0.03837
16219	0.04820
16220	0.03594
16221	0.02550
16222	0.01980
16223	0.01429
16224	0.01708
16225	0.02804
16226	0.03299
16227	0.03195
16228	0.02790
16229	0.01672
16230	0.00310
16231	-0.00003
16232	0.01214
16233	0.02036
16234	0.01582
16235	0.00458
16236	-0.00334
16237	-0.00405
16238	-0.00009
16239	-0.00051
16240	-0.00728
16241	-0.01271
16242	-0.00731
16243	0.00309
16244	-0.00309
16245	-0.03116
16246	-0.06744
16247	-0.08415
16248	-0.09153
16249	-0.10534
16250	-0.11301
16251	-0.10696
16252	-0.09989
16253	-0.12057
16254	-0.13439
16255	-0.11145
16256	-0.12704
16257	-0.17630
16258	-0.18691
16259	-0.17777
16260	-0.16929
16261	-0.17435
16262	-0.15499
16263	-0.08307
16264	-0.06444
16265	-0.03612
16266	-0.00381
16267	0.00738
16268	0.01718
16269	-0.00192
16270	-0.02017
16271	-0.00149
16272	-0.03921
16273	-0.08463
16274	0.06524
16275	0.02695
16276	-0.00448
16277	-0.00087
16278	-0.00491
16279	-0.00760
16280	-0.00309
16281	0.00023
16282	-0.00057
16283	-0.00113
16284	-0.00034
16285	0.00030
16286	0.00019
16287	-0.00000
16288	0.00020
16289	0.00065
16290	0.00049
16291	-0.00147
16292	-0.00462
16293	-0.00656
16294	-0.00625
16295	-0.00448
16296	-0.00256
16297	-0.00155
16298	-0.00158
16299	-0.00193
16300	-0.00211
16301	-0.00211
16302	-0.00174
16303	-0.00075
16304	0.00031
16305	0.00049
16306	-0.00026
16307	-0.00093
16308	-0.00062
16309	0.00134
16310	0.00517
16311	0.00730
16312	0.00476
16313	0.00062
16314	-0.00159
16315	-0.00107
16316	0.00090
16317	0.00248
16318	0.00327
16319	0.00240
16320	0.00166
16321	0.00023
16322	0.03810
16323	0.06115
16324	0.04635
16325	0.06482
16326	0.08176
16327	0.05186
16328	0.02014
16329	0.00516
16330	0.00265
16331	0.00865
16332	0.02114
16333	0.03245
16334	0.02620
16335	0.02328
16336	0.02769
16337	0.02120
16338	0.01471
16339	0.00590
16340	0.00527
16341	0.01176
16342	0.02377
16343	0.02950
16344	0.03295
16345	0.03174
16346	0.03162
16347	0.02605
16348	0.02836
16349	0.02846
16350	0.01887
16351	0.01852
16352	0.02553
16353	0.03700
16354	0.04277
16355	0.03461
16356	0.02490
16357	0.02356
16358	0.02752
16359	0.02963
16360	0.02883
16361	0.03236
16362	0.03491
16363	0.03777
16364	0.02754
16365	0.01139
16366	0.01654
16367	0.03313
16368	0.03593
16369	0.02923
16370	0.01995
16371	0.00775
16372	-0.00373
16373	-0.01566
16374	-0.02438
16375	-0.01508
16376	-0.00641
16377	-0.01738
16378	-0.04424
16379	-0.07030
16380	-0.09215
16381	-0.08982
16382	-0.09096
16383	-0.10360
16384	-0.10076
16385	-0.10220
16386	-0.11209
16387	-0.10086
16388	-0.12400
16389	-0.15955
16390	-0.14279
16391	-0.14029
16392	-0.18067
16393	-0.14864
16394	-0.11543
16395	-0.07251
16396	-0.02998
16397	-0.01559
16398	-0.00343
16399	-0.00011
16400	-0.00238
16401	-0.00994
16402	-0.00898
16403	-0.03376
16404	-0.01024
16405	-0.00426
16406	0.02628
16407	0.02023
16408	-0.00021
16409	-0.00035
16410	-0.00065
16411	-0.00040
16412	-0.00001
16413	-0.00084
16414	-0.00109
16415	-0.00047
16416	-0.00003
16417	0.00004
16418	0.00000
16419	0.00022
16420	0.00047
16421	0.00042
16422	0.00010
16423	-0.00083
16424	-0.00258
16425	-0.00421
16426	-0.00484
16427	-0.00467
16428	-0.00403
16429	-0.00302
16430	-0.00213
16431	-0.00165
16432	-0.00129
16433	-0.00075
16434	-0.00005
16435	0.00071
16436	0.00135
16437	0.00130
16438	0.00029
16439	-0.00044
16440	-0.00010
16441	-0.00031
16442	0.00039
16443	0.00378
16444	0.00510
16445	0.00275
16446	0.00013
16447	-0.00119
16448	-0.00044
16449	0.00147
16450	0.00340
16451	0.00554
16452	0.00464
16453	-0.00067
16454	0.00083
16455	-0.00824
16456	0.06269
16457	0.06459
16458	0.03656
16459	0.04780
16460	0.05524
16461	0.03744
16462	0.01630
16463	0.00843
16464	0.00893
16465	0.02066
16466	0.03182
16467	0.03329
16468	0.02704
16469	0.02385
16470	0.02018
16471	0.01708
16472	0.00137
16473	-0.00084
16474	0.00795
16475	0.01821
16476	0.02234
16477	0.02676
16478	0.02407
16479	0.03527
16480	0.02894
16481	0.02473
16482	0.03303
16483	0.03758
16484	0.03029
16485	0.02923
16486	0.01892
16487	0.01142
16488	0.01819
16489	0.02819
16490	0.03256
16491	0.02588
16492	0.01280
16493	0.00669
16494	0.01081
16495	0.01521
16496	0.01068
16497	-0.00740
16498	-0.02754
16499	-0.02745
16500	-0.00372
16501	0.02099
16502	0.00649
16503	-0.02963
16504	-0.03948
16505	-0.01535
16506	-0.00337
16507	-0.01563
16508	-0.03248
16509	-0.03315
16510	-0.03465
16511	-0.04622
16512	-0.05501
16513	-0.06825
16514	-0.07995
16515	-0.07914
16516	-0.08010
16517	-0.07503
16518	-0.07598
16519	-0.08131
16520	-0.09136
16521	-0.11929
16522	-0.13605
16523	-0.15924
16524	-0.17993
16525	-0.15877
16526	-0.11948
16527	-0.08092
16528	-0.04144
16529	-0.01777
16530	-0.00267
16531	0.00743
16532	0.00754
16533	-0.00826
16534	-0.01550
16535	-0.00041
16536	-0.00952
16537	0.00025
16538	-0.00048
16539	0.00047
16540	0.00155
16541	0.00014
16542	-0.00007
16543	0.00014
16544	0.00000
16545	-0.00000
16546	0.00013
16547	0.00022
16548	0.00016
16549	-0.00003
16550	-0.00020
16551	-0.00031
16552	-0.00053
16553	-0.00100
16554	-0.00166
16555	-0.00212
16556	-0.00187
16557	-0.00098
16558	-0.00036
16559	-0.00014
16560	-0.00011
16561	-0.00043
16562	-0.00113
16563	-0.00198
16564	-0.00210
16565	-0.00117
16566	-0.00016
16567	0.00024
16568	0.00024
16569	0.00029
16570	0.00059
16571	0.00096
16572	0.00083
16573	0.00015
16574	-0.00029
16575	-0.00032
16576	0.00029
16577	0.00154
16578	0.00214
16579	0.00152
16580	0.00088
16581	0.00189
16582	0.00530
16583	0.00698
16584	0.00366
16585	-0.00081
16586	-0.00269
16587	-0.00192
16588	-0.00088
16589	-0.00007
16590	-0.00047
16591	-0.01031
16592	0.01043
16593	0.05973
16594	0.12153
16595	0.09045
16596	0.04283
16597	0.01935
16598	-0.02139
16599	-0.04119
16600	-0.02091
16601	0.02151
16602	0.04912
16603	0.06727
16604	0.08551
16605	0.07288
16606	0.04201
16607	0.02488
16608	0.00373
16609	-0.01243
16610	-0.02278
16611	-0.01407
16612	0.00662
16613	0.01847
16614	0.01850
16615	0.02405
16616	0.03253
16617	0.02885
16618	0.01337
16619	-0.00309
16620	-0.00952
16621	0.00211
16622	0.02194
16623	0.03894
16624	0.04396
16625	0.03262
16626	0.00922
16627	-0.00686
16628	-0.00722
16629	-0.00107
16630	-0.00377
16631	-0.00633
16632	-0.00157
16633	-0.00133
16634	-0.00611
16635	-0.00584
16636	-0.00533
16637	-0.00949
16638	-0.01602
16639	-0.01948
16640	-0.01239
16641	0.00247
16642	0.00308
16643	-0.01139
16644	-0.02104
16645	-0.01488
16646	-0.01613
16647	-0.03914
16648	-0.06528
16649	-0.06779
16650	-0.06165
16651	-0.08060
16652	-0.12100
16653	-0.15092
16654	-0.15074
16655	-0.11818
16656	-0.10684
16657	-0.11758
16658	-0.13716
16659	-0.17822
16660	-0.18324
16661	-0.17616
16662	-0.14981
16663	-0.11261
16664	-0.08387
16665	-0.03410
16666	-0.00572
16667	0.00774
16668	0.00333
16669	-0.00213
16670	-0.01371
16671	-0.05555
16672	-0.06867
16673	-0.02751
16674	0.00348
16675	-0.00019
16676	-0.00052
16677	-0.00127
16678	-0.00289
16679	-0.00206
16680	-0.00018
16681	-0.00031
16682	-0.00157
16683	-0.00152
16684	-0.00065
16685	0.00015
16686	0.00121
16687	0.00169
16688	0.00103
16689	-0.00060
16690	-0.00274
16691	-0.00417
16692	-0.00403
16693	-0.00268
16694	-0.00160
16695	-0.00137
16696	-0.00180
16697	-0.00250
16698	-0.00286
16699	-0.00230
16700	-0.00097
16701	0.00051
16702	0.00117
16703	0.00058
16704	-0.00034
16705	-0.00058
16706	-0.00059
16707	-0.00021
16708	0.00250
16709	0.00629
16710	0.00507
16711	0.00016
16712	-0.00144
16713	-0.00049
16714	-0.00032
16715	-0.00236
16716	0.00146
16717	-0.00904
16718	0.00310
16719	0.01336
16720	0.02050
16721	0.01571
16722	0.02218
16723	0.07053
16724	0.07859
16725	0.03140
16726	0.01003
16727	0.00137
16728	-0.00247
16729	0.00181
16730	0.01607
16731	0.03413
16732	0.02543
16733	0.01850
16734	0.02159
16735	0.01267
16736	0.01774
16737	0.02256
16738	0.01303
16739	0.01566
16740	0.01525
16741	0.02126
16742	0.05226
16743	0.05575
16744	0.03358
16745	0.02164
16746	0.02343
16747	0.03845
16748	0.03776
16749	0.02532
16750	0.02930
16751	0.03882
16752	0.02929
16753	0.02468
16754	0.02912
16755	0.02444
16756	0.01383
16757	0.01149
16758	0.01460
16759	0.01420
16760	0.01363
16761	0.01376
16762	0.00329
16763	-0.00410
16764	0.01379
16765	0.03725
16766	0.02587
16767	-0.00072
16768	-0.02779
16769	-0.03468
16770	-0.02700
16771	-0.02251
16772	-0.03956
16773	-0.05972
16774	-0.06362
16775	-0.08614
16776	-0.10361
16777	-0.10112
16778	-0.11643
16779	-0.11790
16780	-0.10823
16781	-0.11537
16782	-0.10479
16783	-0.11304
16784	-0.13231
16785	-0.10709
16786	-0.11070
16787	-0.08207
16788	-0.05231
16789	-0.06063
16790	-0.06562
16791	-0.03496
16792	-0.00132
16793	0.01371
16794	0.02197
16795	0.01587
16796	-0.02261
16797	-0.06411
16798	-0.06919
16799	-0.05061
16800	0.01440
16801	0.03354
16802	0.00725
16803	-0.00170
16804	-0.00560
16805	-0.00625
16806	-0.00153
16807	0.00063
16808	-0.00018
16809	-0.00047
16810	-0.00036
16811	-0.00040
16812	-0.00039
16813	-0.00003
16814	0.00037
16815	0.00005
16816	-0.00088
16817	-0.00299
16818	-0.00484
16819	-0.00436
16820	-0.00298
16821	-0.00219
16822	-0.00191
16823	-0.00172
16824	-0.00179
16825	-0.00227
16826	-0.00289
16827	-0.00299
16828	-0.00190
16829	0.00019
16830	0.00184
16831	0.00149
16832	-0.00016
16833	-0.00089
16834	-0.00013
16835	-0.00004
16836	-0.00019
16837	0.00240
16838	0.00579
16839	0.00591
16840	0.00227
16841	-0.00127
16842	-0.00053
16843	0.00154
16844	0.00317
16845	0.00653
16846	0.00137
16847	-0.00746
16848	0.00176
16849	0.01028
16850	0.01862
16851	0.02549
16852	0.04751
16853	0.04545
16854	0.02210
16855	0.00685
16856	-0.00018
16857	-0.00197
16858	0.00735
16859	0.02627
16860	0.03539
16861	0.03291
16862	0.03631
16863	0.03195
16864	0.02147
16865	0.01442
16866	0.01339
16867	0.01563
16868	0.02269
16869	0.03210
16870	0.04186
16871	0.04486
16872	0.04443
16873	0.03001
16874	0.02033
16875	0.03530
16876	0.05108
16877	0.03963
16878	0.02564
16879	0.02669
16880	0.02557
16881	0.02640
16882	0.02782
16883	0.02571
16884	0.02286
16885	0.02078
16886	0.01956
16887	0.02615
16888	0.02777
16889	0.01664
16890	0.00884
16891	0.01936
16892	0.03561
16893	0.03117
16894	0.00650
16895	-0.01332
16896	-0.02073
16897	-0.02580
16898	-0.02424
16899	-0.00664
16900	-0.00106
16901	-0.01612
16902	-0.03526
16903	-0.04461
16904	-0.05037
16905	-0.06175
16906	-0.06820
16907	-0.05702
16908	-0.05148
16909	-0.06366
16910	-0.07266
16911	-0.07404
16912	-0.09580
16913	-0.12635
16914	-0.14209
16915	-0.14079
16916	-0.12464
16917	-0.15416
16918	-0.17473
16919	-0.14221
16920	-0.12814
16921	-0.11310
16922	-0.07523
16923	-0.03572
16924	-0.03007
16925	-0.03406
16926	-0.01029
16927	-0.00093
16928	0.00084
16929	-0.01525
16930	-0.07657
16931	-0.10671
16932	-0.01952
16933	-0.04191
16934	0.01812
16935	-0.01413
16936	0.03388
16937	-0.00397
16938	-0.00925
16939	-0.00592
16940	-0.00020
16941	-0.00061
16942	-0.00178
16943	-0.00060
16944	0.00049
16945	0.00039
16946	0.00004
16947	0.00003
16948	0.00017
16949	-0.00009
16950	-0.00126
16951	-0.00285
16952	-0.00373
16953	-0.00347
16954	-0.00259
16955	-0.00120
16956	-0.00028
16957	-0.00070
16958	-0.00197
16959	-0.00263
16960	-0.00216
16961	-0.00119
16962	-0.00036
16963	0.00020
16964	0.00033
16965	-0.00009
16966	-0.00058
16967	-0.00104
16968	-0.00103
16969	0.00093
16970	0.00398
16971	0.00407
16972	0.00102
16973	-0.00094
16974	-0.00065
16975	0.00058
16976	0.00068
16977	0.00095
16978	-0.00475
16979	0.00290
16980	0.00006
16981	0.02893
16982	0.05092
16983	0.04650
16984	0.06970
16985	0.09727
16986	0.05907
16987	0.02144
16988	0.00939
16989	0.00647
16990	0.00796
16991	0.02383
16992	0.03217
16993	0.01687
16994	0.01190
16995	0.01633
16996	0.01477
16997	0.01345
16998	0.01160
16999	0.00781
17000	0.00501
17001	0.01233
17002	0.03243
17003	0.03788
17004	0.02855
17005	0.01159
17006	0.00793
17007	0.01727
17008	0.03484
17009	0.02976
17010	0.01658
17011	0.01137
17012	0.01190
17013	0.01968
17014	0.03168
17015	0.03073
17016	0.01616
17017	0.00552
17018	0.01533
17019	0.03561
17020	0.03250
17021	0.02082
17022	0.02398
17023	0.03401
17024	0.03906
17025	0.03128
17026	0.01592
17027	0.00479
17028	0.00381
17029	0.00208
17030	0.00371
17031	0.00604
17032	-0.01009
17033	-0.03409
17034	-0.04748
17035	-0.06509
17036	-0.08270
17037	-0.09052
17038	-0.08257
17039	-0.06792
17040	-0.07842
17041	-0.10060
17042	-0.11435
17043	-0.12617
17044	-0.13920
17045	-0.15477
17046	-0.16854
17047	-0.16176
17048	-0.16720
17049	-0.13171
17050	-0.07262
17051	-0.05563
17052	-0.04527
17053	-0.02729
17054	-0.00627
17055	0.00620
17056	0.00823
17057	-0.01072
17058	-0.03421
17059	-0.05114
17060	-0.05606
17061	0.02392
17062	0.02767
17063	-0.00880
17064	-0.00011
17065	-0.00015
17066	-0.00199
17067	-0.00218
17068	0.00042
17069	0.00071
17070	-0.00081
17071	-0.00110
17072	-0.00074
17073	-0.00038
17074	-0.00005
17075	0.00039
17076	0.00066
17077	0.00029
17078	-0.00107
17079	-0.00312
17080	-0.00446
17081	-0.00409
17082	-0.00316
17083	-0.00256
17084	-0.00207
17085	-0.00166
17086	-0.00151
17087	-0.00155
17088	-0.00181
17089	-0.00208
17090	-0.00158
17091	-0.00027
17092	0.00072
17093	0.00054
17094	-0.00039
17095	-0.00081
17096	-0.00084
17097	0.00002
17098	0.00366
17099	0.00608
17100	0.00310
17101	-0.00073
17102	-0.00198
17103	-0.00147
17104	0.00009
17105	0.00123
17106	0.00437
17107	0.00341
17108	-0.00164
17109	0.00610
17110	0.01206
17111	0.01381
17112	0.01797
17113	0.03912
17114	0.05483
17115	0.02914
17116	0.01163
17117	0.01118
17118	0.01315
17119	0.00980
17120	0.01624
17121	0.03143
17122	0.03412
17123	0.02638
17124	0.04706
17125	0.05548
17126	0.04147
17127	0.02371
17128	0.00343
17129	-0.00455
17130	0.00014
17131	0.00561
17132	0.00612
17133	0.01262
17134	0.02711
17135	0.03308
17136	0.03462
17137	0.03782
17138	0.02500
17139	0.00919
17140	0.00865
17141	0.02050
17142	0.02946
17143	0.02402
17144	0.01380
17145	0.01444
17146	0.03134
17147	0.03913
17148	0.03417
17149	0.02335
17150	0.01462
17151	0.01218
17152	0.02644
17153	0.03701
17154	0.02558
17155	0.00946
17156	0.00918
17157	0.01351
17158	0.01197
17159	0.01339
17160	0.01243
17161	-0.00561
17162	-0.03488
17163	-0.05396
17164	-0.05731
17165	-0.07356
17166	-0.10730
17167	-0.12341
17168	-0.14125
17169	-0.14758
17170	-0.13996
17171	-0.14718
17172	-0.15374
17173	-0.15423
17174	-0.17337
17175	-0.19340
17176	-0.20630
17177	-0.20716
17178	-0.16055
17179	-0.10999
17180	-0.07561
17181	-0.06289
17182	-0.03229
17183	-0.00816
17184	0.00595
17185	0.00520
17186	-0.02201
17187	-0.05502
17188	-0.03698
17189	-0.11684
17190	-0.09649
17191	0.00145
17192	-0.00339
17193	0.00827
17194	-0.00083
17195	-0.00441
17196	-0.00489
17197	-0.00082
17198	0.00122
17199	0.00068
17200	0.00045
17201	0.00059
17202	0.00019
17203	-0.00013
17204	0.00017
17205	0.00037
17206	-0.00006
17207	-0.00142
17208	-0.00306
17209	-0.00389
17210	-0.00377
17211	-0.00312
17212	-0.00265
17213	-0.00254
17214	-0.00251
17215	-0.00245
17216	-0.00244
17217	-0.00242
17218	-0.00208
17219	-0.00138
17220	-0.00041
17221	0.00023
17222	-0.00009
17223	-0.00068
17224	-0.00099
17225	-0.00105
17226	0.00112
17227	0.00643
17228	0.00715
17229	0.00098
17230	-0.00246
17231	-0.00168
17232	-0.00013
17233	0.00032
17234	0.00345
17235	-0.00129
17236	-0.00775
17237	0.00519
17238	0.01442
17239	0.03170
17240	0.02246
17241	0.03220
17242	0.09397
17243	0.07329
17244	0.02517
17245	0.00516
17246	0.00384
17247	0.00908
17248	0.01847
17249	0.02466
17250	0.02369
17251	0.01656
17252	0.01884
17253	0.02139
17254	0.02500
17255	0.03199
17256	0.03537
17257	0.03316
17258	0.02804
17259	0.02136
17260	0.02228
17261	0.03092
17262	0.03209
17263	0.01635
17264	0.01423
17265	0.03800
17266	0.05409
17267	0.04688
17268	0.03151
17269	0.02472
17270	0.03167
17271	0.04028
17272	0.04466
17273	0.04913
17274	0.04487
17275	0.03506
17276	0.03638
17277	0.03745
17278	0.02881
17279	0.02421
17280	0.03739
17281	0.05158
17282	0.04281
17283	0.01643
17284	-0.00399
17285	-0.00650
17286	0.00202
17287	0.00683
17288	0.00205
17289	-0.00713
17290	-0.01563
17291	-0.02254
17292	-0.03689
17293	-0.06529
17294	-0.10054
17295	-0.11986
17296	-0.13100
17297	-0.12075
17298	-0.11577
17299	-0.13652
17300	-0.14462
17301	-0.13269
17302	-0.13448
17303	-0.15667
17304	-0.15957
17305	-0.15699
17306	-0.14165
17307	-0.12600
17308	-0.12395
17309	-0.09842
17310	-0.07268
17311	-0.04220
17312	-0.01264
17313	-0.00754
17314	-0.01343
17315	-0.00773
17316	0.00127
17317	-0.01280
17318	-0.05013
17319	-0.09243
17320	-0.13706
17321	-0.08376
17322	-0.04422
17323	-0.01968
17324	0.00210
17325	0.00156
17326	-0.00380
17327	-0.00681
17328	-0.00310
17329	0.00088
17330	0.00231
17331	0.00341
17332	0.00327
17333	0.00148
17334	-0.00028
17335	-0.00047
17336	0.00009
17337	0.00013
17338	-0.00078
17339	-0.00182
17340	-0.00249
17341	-0.00241
17342	-0.00162
17343	-0.00082
17344	-0.00094
17345	-0.00223
17346	-0.00381
17347	-0.00447
17348	-0.00362
17349	-0.00174
17350	0.00017
17351	0.00120
17352	0.00113
17353	0.00021
17354	-0.00091
17355	-0.00111
17356	0.00053
17357	0.00394
17358	0.00498
17359	0.00142
17360	-0.00133
17361	-0.00100
17362	0.00001
17363	-0.00071
17364	0.00120
17365	0.00519
17366	0.00328
17367	0.00259
17368	0.01979
17369	0.03949
17370	0.02468
17371	0.03053
17372	0.05271
17373	0.04688
17374	0.02050
17375	0.00346
17376	0.00019
17377	0.00637
17378	0.01777
17379	0.02965
17380	0.03329
17381	0.02412
17382	0.01603
17383	0.01756
17384	0.02558
17385	0.02405
17386	0.01751
17387	0.02159
17388	0.03088
17389	0.03720
17390	0.05111
17391	0.05172
17392	0.03730
17393	0.02488
17394	0.01391
17395	0.01003
17396	0.02340
17397	0.03675
17398	0.03886
17399	0.03218
17400	0.02841
17401	0.03067
17402	0.02917
17403	0.02448
17404	0.02309
17405	0.02341
17406	0.01542
17407	0.01566
17408	0.02082
17409	0.02108
17410	0.01152
17411	0.00868
17412	0.01383
17413	0.01762
17414	0.01066
17415	-0.00600
17416	-0.01927
17417	-0.02189
17418	-0.01183
17419	-0.00759
17420	-0.02541
17421	-0.05089
17422	-0.06522
17423	-0.07303
17424	-0.07647
17425	-0.09615
17426	-0.12371
17427	-0.14071
17428	-0.13795
17429	-0.11795
17430	-0.13773
17431	-0.18360
17432	-0.20651
17433	-0.22938
17434	-0.20220
17435	-0.15912
17436	-0.14561
17437	-0.12217
17438	-0.11683
17439	-0.09000
17440	-0.04650
17441	-0.03063
17442	-0.01792
17443	-0.00015
17444	-0.00226
17445	-0.02577
17446	-0.06743
17447	-0.05586
17448	-0.02288
17449	-0.06347
17450	-0.01838
17451	-0.00020
17452	-0.00619
17453	-0.01388
17454	-0.01039
17455	-0.00125
17456	0.00016
17457	-0.00138
17458	-0.00126
17459	-0.00051
17460	-0.00034
17461	-0.00050
17462	-0.00014
17463	0.00046
17464	0.00041
17465	-0.00067
17466	-0.00207
17467	-0.00312
17468	-0.00320
17469	-0.00236
17470	-0.00158
17471	-0.00126
17472	-0.00133
17473	-0.00177
17474	-0.00231
17475	-0.00265
17476	-0.00271
17477	-0.00197
17478	-0.00033
17479	0.00087
17480	0.00075
17481	-0.00001
17482	-0.00061
17483	-0.00067
17484	0.00024
17485	0.00293
17486	0.00431
17487	0.00147
17488	-0.00107
17489	-0.00070
17490	0.00078
17491	0.00312
17492	0.00680
17493	-0.00277
17494	-0.00752
17495	-0.02054
17496	0.05026
17497	0.05691
17498	0.01444
17499	0.02703
17500	0.02833
17501	0.01160
17502	-0.00148
17503	-0.00617
17504	0.00496
17505	0.01969
17506	0.04838
17507	0.06120
17508	0.05083
17509	0.04655
17510	0.02292
17511	0.01111
17512	0.01148
17513	0.01072
17514	0.00803
17515	0.01018
17516	0.01100
17517	0.01203
17518	0.01445
17519	0.01791
17520	0.01515
17521	0.01202
17522	0.01807
17523	0.02752
17524	0.02704
17525	0.02907
17526	0.03106
17527	0.02782
17528	0.02145
17529	0.01329
17530	0.00852
17531	0.00739
17532	0.00840
17533	0.01157
17534	0.02102
17535	0.02627
17536	0.02921
17537	0.03503
17538	0.02229
17539	0.00425
17540	-0.00406
17541	0.00179
17542	0.01794
17543	0.02770
17544	0.02222
17545	0.00343
17546	-0.01124
17547	-0.01419
17548	-0.00694
17549	0.00258
17550	0.00745
17551	0.00463
17552	0.00030
17553	0.00114
17554	0.00912
17555	0.01341
17556	0.00163
17557	-0.01597
17558	-0.02231
17559	-0.01965
17560	-0.01270
17561	-0.00454
17562	0.00187
17563	0.00198
17564	-0.00414
17565	-0.01460
17566	-0.02436
17567	-0.02353
17568	-0.01918
17569	-0.01928
17570	-0.02320
17571	-0.02425
17572	-0.02536
17573	-0.02751
17574	-0.03737
17575	-0.04768
17576	-0.04556
17577	-0.04019
17578	-0.05466
17579	-0.06032
17580	-0.05664
17581	-0.05833
17582	-0.06787
17583	-0.06352
17584	-0.05369
17585	-0.06255
17586	-0.07154
17587	-0.05945
17588	-0.04378
17589	-0.04116
17590	-0.03739
17591	-0.03915
17592	-0.04316
17593	-0.00972
17594	0.00099
17595	-0.02003
17596	-0.01613
17597	-0.00257
17598	0.00007
17599	-0.00040
17600	0.00023
17601	0.00133
17602	0.00097
17603	-0.00003
17604	-0.00066
17605	-0.00045
17606	0.00006
17607	0.00023
17608	0.00012
17609	-0.00000
17610	0.00001
17611	0.00009
17612	0.00009
17613	-0.00003
17614	-0.00014
17615	-0.00020
17616	-0.00015
17617	0.00001
17618	0.00010
17619	-0.00001
17620	-0.00005
17621	0.00013
17622	0.00028
17623	0.00020
17624	0.00006
17625	-0.00001
17626	-0.00021
17627	-0.00058
17628	-0.00079
17629	-0.00071
17630	-0.00054
17631	-0.00037
17632	-0.00020
17633	-0.00008
17634	-0.00004
17635	0.00004
17636	0.00002
17637	-0.00029
17638	-0.00063
17639	-0.00045
17640	0.00009
17641	0.00047
17642	0.00251
17643	0.00462
17644	0.00511
17645	-0.00009
17646	0.00404
17647	0.00010
17648	-0.00489
17649	0.00228
17650	0.00598
17651	-0.00010
17652	-0.00022
17653	0.00274
17654	0.00238
17655	0.00060
17656	0.00273
17657	0.00229
17658	0.00100
17659	0.00041
17660	0.00020
17661	0.00130
17662	0.00217
17663	0.00240
17664	0.00302
17665	0.00371
17666	0.00247
17667	0.00139
17668	0.00179
17669	0.00270
17670	0.00222
17671	0.00204
17672	0.00279
17673	0.00345
17674	0.00387
17675	0.00511
17676	0.00725
17677	0.00917
17678	0.01071
17679	0.01041
17680	0.00654
17681	0.00537
17682	0.01081
17683	0.01788
17684	0.01965
17685	0.01876
17686	0.01937
17687	0.01904
17688	0.01520
17689	0.01218
17690	0.01379
17691	0.01695
17692	0.01449
17693	0.01047
17694	0.01221
17695	0.01446
17696	0.00997
17697	0.00252
17698	-0.00098
17699	-0.00207
17700	-0.00002
17701	-0.00110
17702	-0.00284
17703	-0.00450
17704	-0.00613
17705	-0.00690
17706	-0.00654
17707	-0.00693
17708	-0.00763
17709	-0.00754
17710	-0.00801
17711	-0.00656
17712	-0.00374
17713	-0.00339
17714	-0.00526
17715	-0.00799
17716	-0.00794
17717	-0.00831
17718	-0.00857
17719	-0.00686
17720	-0.00513
17721	-0.00555
17722	-0.00756
17723	-0.00889
17724	-0.00713
17725	-0.00459
17726	-0.00453
17727	-0.00568
17728	-0.00672
17729	-0.00582
17730	-0.00375
17731	-0.00324
17732	-0.00407
17733	-0.00486
17734	-0.00481
17735	-0.00496
17736	-0.00541
17737	-0.00414
17738	-0.00330
17739	-0.00443
17740	-0.00598
17741	-0.00429
17742	-0.00173
17743	-0.00044
17744	-0.00126
17745	-0.00432
17746	-0.00482
17747	-0.00213
17748	-0.00091
17749	-0.00202
17750	-0.00427
17751	-0.00483
17752	-0.00270
17753	-0.00123
17754	-0.00154
17755	-0.00349
17756	-0.00458
17757	-0.00314
17758	-0.00193
17759	-0.00196
17760	-0.00232
17761	-0.00197
17762	-0.00114
17763	-0.00067
17764	-0.00071
17765	-0.00108
17766	-0.00159
17767	-0.00134
17768	-0.00075
17769	-0.00065
17770	-0.00085
17771	-0.00091
17772	-0.00045
17773	-0.00020
17774	-0.00022
17775	-0.00071
17776	-0.00064
17777	-0.00036
17778	-0.00025
17779	-0.00015
17780	0.00003
17781	0.00063
17782	0.00077
17783	0.00046
17784	0.00006
17785	-0.00031
17786	-0.00083
17787	-0.00071
17788	0.00036
17789	0.00060
17790	0.00032
17791	-0.00008
17792	-0.00061
17793	-0.00048
17794	-0.00005
17795	0.00022
17796	0.00040
17797	0.00053
17798	-0.00027
17799	-0.00037
17800	0.00037
17801	0.00079
17802	0.00075
17803	0.00053
17804	-0.00009
17805	-0.00023
17806	0.00042
17807	0.00109
17808	0.00127
17809	0.00078
17810	0.00055
17811	0.00088
17812	0.00114
17813	0.00112
17814	0.00103
17815	0.00099
17816	0.00114
17817	0.00123
17818	0.00107
17819	0.00085
17820	0.00064
17821	0.00068
17822	0.00075
17823	0.00062
17824	0.00076
17825	0.00117
17826	0.00053
17827	-0.00132
17828	-0.00148
17829	-0.00029
17830	0.00015
17831	-0.00052
17832	-0.00025
17833	0.00110
17834	0.00148
17835	0.00108
17836	0.00032
17837	0.00013
17838	0.00033
17839	0.00063
17840	0.00065
17841	0.00024
17842	0.00001
17843	
17844	