1	-4.90636
2	-4.96243
3	-4.98116
4	-4.97478
5	-4.96807
6	-4.95887
7	-4.94266
8	-4.92677
9	-4.91478
10	-4.90451
11	-4.89391
12	-4.88533
13	-4.88093
14	-4.87546
15	-4.86359
16	-4.84714
17	-4.83509
18	-4.83153
19	-4.82991
20	-4.82814
21	-4.82997
22	-4.83807
23	-4.85265
24	-4.86497
25	-4.86443
26	-4.85750
27	-4.85657
28	-4.85775
29	-4.85521
30	-4.85682
31	-4.86546
32	-4.87240
33	-4.87400
34	-4.87332
35	-4.87301
36	-4.87448
37	-4.87460
38	-4.87079
39	-4.86629
40	-4.86333
41	-4.86326
42	-4.86886
43	-4.87755
44	-4.88205
45	-4.88066
46	-4.87641
47	-4.87160
48	-4.86584
49	-4.85787
50	-4.85386
51	-4.86284
52	-4.88336
53	-4.90736
54	-4.92962
55	-4.94518
56	-4.95070
57	-4.95207
58	-4.95547
59	-4.95829
60	-4.95886
61	-4.96084
62	-4.96360
63	-4.96396
64	-4.96367
65	-4.96417
66	-4.96178
67	-4.95637
68	-4.95414
69	-4.95711
70	-4.95921
71	-4.95656
72	-4.95460
73	-4.95517
74	-4.94728
75	-4.92863
76	-4.91546
77	-4.91457
78	-4.91394
79	-4.90880
80	-4.90958
81	-4.92179
82	-4.93851
83	-4.95392
84	-4.97013
85	-4.99398
86	-5.02567
87	-5.05523
88	-5.07314
89	-5.07241
90	-5.05453
91	-5.03856
92	-5.03980
93	-5.04618
94	-5.04275
95	-5.03931
96	-5.03997
97	-5.03616
98	-5.03320
99	-5.03412
100	-5.03250
101	-5.03128
102	-5.03357
103	-5.03122
104	-5.01918
105	-5.00853
106	-5.00678
107	-5.00111
108	-4.98305
109	-4.96549
110	-4.95964
111	-4.96178
112	-4.96465
113	-4.96271
114	-4.95155
115	-4.93410
116	-4.92099
117	-4.91554
118	-4.91171
119	-4.91094
120	-4.91817
121	-4.92664
122	-4.92526
123	-4.90798
124	-4.87837
125	-4.85334
126	-4.84489
127	-4.84734
128	-4.84516
129	-4.82733
130	-4.79893
131	-4.77623
132	-4.77197
133	-4.78612
134	-4.80812
135	-4.82551
136	-4.83677
137	-4.84575
138	-4.84644
139	-4.83520
140	-4.82128
141	-4.81640
142	-4.82708
143	-4.84902
144	-4.87134
145	-4.88803
146	-4.90285
147	-4.92828
148	-4.97450
149	-5.03785
150	-5.10734
151	-5.17957
152	-5.25950
153	-5.35048
154	-5.45048
155	-5.55023
156	-5.63383
157	-5.69087
158	-5.72990
159	-5.77396
160	-5.82793
161	-5.86623
162	-5.87691
163	-5.88348
164	-5.90968
165	-5.95304
166	-5.99546
167	-6.03154
168	-6.07015
169	-6.10335
170	-6.12086
171	-6.14767
172	-6.20839
173	-6.28886
174	-6.36711
175	-6.43632
176	-6.49613
177	-6.55188
178	-6.60864
179	-6.65405
180	-6.67325
181	-6.67790
182	-6.69168
183	-6.72084
184	-6.75206
185	-6.77470
186	-6.80292
187	-6.84028
188	-6.83873
189	-6.76415
190	-6.64702
191	-6.51155
192	-6.34615
193	-6.16387
194	-6.01418
195	-5.91865
196	-5.84825
197	-5.78409
198	-5.73987
199	-5.71773
200	-5.70814
201	-5.71313
202	-5.71983
203	-5.70333
204	-5.67672
205	-5.66899
206	-5.67260
207	-5.66451
208	-5.64499
209	-5.62947
210	-5.61550
211	-5.58267
212	-5.52707
213	-5.45982
214	-5.37881
215	-5.26802
216	-5.12540
217	-4.98123
218	-4.86492
219	-4.77306
220	-4.69095
221	-4.61863
222	-4.57545
223	-4.57808
224	-4.61011
225	-4.64146
226	-4.67166
227	-4.72260
228	-4.79241
229	-4.85063
230	-4.89295
231	-4.95222
232	-5.03652
233	-5.11920
234	-5.18108
235	-5.22207
236	-5.26191
237	-5.32422
238	-5.40637
239	-5.48724
240	-5.55611
241	-5.62036
242	-5.68362
243	-5.73480
244	-5.76795
245	-5.79317
246	-5.82403
247	-5.85922
248	-5.88498
249	-5.89485
250	-5.89291
251	-5.88655
252	-5.88165
253	-5.88341
254	-5.89223
255	-5.89328
256	-5.87766
257	-5.86411
258	-5.86146
259	-5.84808
260	-5.81749
261	-5.79004
262	-5.77389
263	-5.76003
264	-5.74349
265	-5.72410
266	-5.70182
267	-5.68237
268	-5.67017
269	-5.65850
270	-5.64515
271	-5.63559
272	-5.62213
273	-5.59795
274	-5.57543
275	-5.56055
276	-5.54625
277	-5.53644
278	-5.54560
279	-5.57032
280	-5.58722
281	-5.59368
282	-5.61541
283	-5.65780
284	-5.69300
285	-5.71288
286	-5.74524
287	-5.78733
288	-5.79432
289	-5.76757
290	-5.76727
291	-5.80839
292	-5.82810
293	-5.79279
294	-5.75051
295	-5.74182
296	-5.74030
297	-5.70853
298	-5.65980
299	-5.62808
300	-5.61732
301	-5.61312
302	-5.59951
303	-5.57028
304	-5.54505
305	-5.53608
306	-5.51650
307	-5.46544
308	-5.42420
309	-5.43827
310	-5.46313
311	-5.43064
312	-5.35556
313	-5.29066
314	-5.25415
315	-5.23772
316	-5.22329
317	-5.18383
318	-5.11178
319	-5.03127
320	-4.96469
321	-4.91667
322	-4.88382
323	-4.85738
324	-4.83019
325	-4.80582
326	-4.79174
327	-4.78410
328	-4.77418
329	-4.76309
330	-4.75056
331	-4.72864
332	-4.69256
333	-4.64100
334	-4.57497
335	-4.49994
336	-4.42174
337	-4.34222
338	-4.25344
339	-4.15391
340	-4.07622
341	-4.04178
342	-3.99771
343	-3.90111
344	-3.81241
345	-3.78976
346	-3.79745
347	-3.78649
348	-3.75523
349	-3.72444
350	-3.70850
351	-3.70119
352	-3.69579
353	-3.69656
354	-3.69200
355	-3.66772
356	-3.64357
357	-3.64961
358	-3.67629
359	-3.68872
360	-3.68572
361	-3.69441
362	-3.72562
363	-3.76625
364	-3.79831
365	-3.83039
366	-3.88762
367	-3.96308
368	-4.02845
369	-4.08148
370	-4.14139
371	-4.21946
372	-4.31156
373	-4.40202
374	-4.47768
375	-4.54734
376	-4.63194
377	-4.73418
378	-4.82771
379	-4.89194
380	-4.95699
381	-5.06107
382	-5.17743
383	-5.26056
384	-5.32620
385	-5.40241
386	-5.47029
387	-5.52110
388	-5.58608
389	-5.67637
390	-5.77053
391	-5.85341
392	-5.92210
393	-5.98219
394	-6.04530
395	-6.11261
396	-6.17276
397	-6.21849
398	-6.25089
399	-6.27361
400	-6.30121
401	-6.34620
402	-6.39381
403	-6.42376
404	-6.43691
405	-6.44907
406	-6.46956
407	-6.48877
408	-6.50027
409	-6.51530
410	-6.53543
411	-6.54864
412	-6.55638
413	-6.56010
414	-6.55116
415	-6.53754
416	-6.53520
417	-6.53958
418	-6.53488
419	-6.51314
420	-6.47680
421	-6.43405
422	-6.39653
423	-6.37235
424	-6.35256
425	-6.32547
426	-6.29364
427	-6.25935
428	-6.21580
429	-6.15957
430	-6.11605
431	-6.11757
432	-6.14546
433	-6.16012
434	-6.15865
435	-6.15207
436	-6.14514
437	-6.14336
438	-6.14112
439	-6.12850
440	-6.11473
441	-6.10924
442	-6.10443
443	-6.09317
444	-6.07832
445	-6.05990
446	-6.02804
447	-5.98184
448	-5.94065
449	-5.93112
450	-5.96964
451	-6.03594
452	-6.07998
453	-6.07760
454	-6.04767
455	-6.01705
456	-5.99146
457	-5.96064
458	-5.93310
459	-5.92948
460	-5.93680
461	-5.93034
462	-5.91683
463	-5.90255
464	-5.86778
465	-5.80686
466	-5.74434
467	-5.70182
468	-5.68233
469	-5.67537
470	-5.66113
471	-5.63329
472	-5.60932
473	-5.59535
474	-5.57763
475	-5.55094
476	-5.51769
477	-5.48080
478	-5.45472
479	-5.44288
480	-5.42629
481	-5.40376
482	-5.39380
483	-5.39920
484	-5.41255
485	-5.43049
486	-5.45360
487	-5.48469
488	-5.52464
489	-5.57632
490	-5.64490
491	-5.72112
492	-5.78546
493	-5.83811
494	-5.89299
495	-5.93976
496	-5.94795
497	-5.90493
498	-5.81833
499	-5.69382
500	-5.54679
501	-5.41387
502	-5.31823
503	-5.24530
504	-5.17484
505	-5.11055
506	-5.06799
507	-5.05793
508	-5.07983
509	-5.12065
510	-5.16000
511	-5.18298
512	-5.20123
513	-5.23765
514	-5.28499
515	-5.31327
516	-5.31177
517	-5.30064
518	-5.29695
519	-5.29268
520	-5.28057
521	-5.26719
522	-5.25533
523	-5.23264
524	-5.18720
525	-5.13289
526	-5.09218
527	-5.05123
528	-4.96832
529	-4.83169
530	-4.66594
531	-4.48754
532	-4.29174
533	-4.06560
534	-3.80123
535	-3.50271
536	-3.17526
537	-2.81745
538	-2.41244
539	-1.94180
540	-1.43119
541	-0.90683
542	-0.30729
543	0.44616
544	1.34396
545	2.34853
546	3.48335
547	4.78473
548	6.20983
549	7.67296
550	9.14273
551	10.61976
552	12.07823
553	13.49940
554	14.90059
555	16.30830
556	17.69769
557	18.99785
558	20.15861
559	21.17573
560	22.06394
561	22.83353
562	23.49580
563	24.06718
564	24.55040
565	24.94472
566	25.26466
567	25.48834
568	25.55649
569	25.48174
570	25.33348
571	25.12597
572	24.84124
573	24.50283
574	24.13379
575	23.71553
576	23.22195
577	22.65009
578	22.01296
579	21.33127
580	20.64461
581	20.01163
582	19.47701
583	19.03111
584	18.63998
585	18.27906
586	17.88981
587	17.38341
588	16.73686
589	16.03255
590	15.40739
591	14.93855
592	14.58718
593	14.25591
594	13.85483
595	13.36288
596	12.85104
597	12.40478
598	12.03775
599	11.69745
600	11.32264
601	10.88650
602	10.38467
603	9.81122
604	9.17668
605	8.51565
606	7.85689
607	7.20898
608	6.58064
609	5.98760
610	5.43693
611	4.91369
612	4.38611
613	3.83812
614	3.28267
615	2.73595
616	2.21684
617	1.76192
618	1.39057
619	1.05871
620	0.70758
621	0.34963
622	0.03439
623	-0.22814
624	-0.45995
625	-0.69917
626	-0.97137
627	-1.24586
628	-1.48117
629	-1.68822
630	-1.89573
631	-2.11220
632	-2.36101
633	-2.68343
634	-3.08957
635	-3.55827
636	-4.08218
637	-4.66976
638	-5.29878
639	-5.91692
640	-6.50232
641	-7.06334
642	-7.59515
643	-8.10001
644	-8.61003
645	-9.15420
646	-9.74721
647	-10.38807
648	-11.01086
649	-11.49115
650	-11.73554
651	-11.69773
652	-11.32889
653	-10.61964
654	-9.64844
655	-8.50455
656	-7.22704
657	-5.83883
658	-4.37856
659	-2.90795
660	-1.48608
661	-0.10688
662	1.29154
663	2.74173
664	4.23907
665	5.77529
666	7.32591
667	8.87884
668	10.44112
669	11.99038
670	13.49123
671	14.92194
672	16.24852
673	17.45940
674	18.61071
675	19.74530
676	20.82030
677	21.78427
678	22.65405
679	23.45679
680	24.17596
681	24.80196
682	25.35224
683	25.81813
684	26.16002
685	26.37182
686	26.50634
687	26.60026
688	26.63392
689	26.58165
690	26.44980
691	26.25334
692	25.96737
693	25.53141
694	24.92242
695	24.18112
696	23.33423
697	22.37393
698	21.37722
699	20.53469
700	19.98115
701	19.68715
702	19.56200
703	19.54856
704	19.57298
705	19.53500
706	19.40740
707	19.22441
708	18.98289
709	18.70061
710	18.48107
711	18.38564
712	18.35073
713	18.28322
714	18.11063
715	17.75012
716	17.14203
717	16.34563
718	15.51493
719	14.73744
720	13.99395
721	13.26109
722	12.54409
723	11.82580
724	11.06920
725	10.28105
726	9.47720
727	8.61274
728	7.65893
729	6.66421
730	5.68685
731	4.74516
732	3.82405
733	2.89320
734	1.92427
735	0.92574
736	-0.03966
737	-0.91939
738	-1.73365
739	-2.51963
740	-3.25250
741	-3.89988
742	-4.47819
743	-5.01150
744	-5.51351
745	-5.99656
746	-6.45616
747	-6.88405
748	-7.29808
749	-7.73416
750	-8.22679
751	-8.80651
752	-9.48479
753	-10.24245
754	-11.05480
755	-11.88292
756	-12.64654
757	-13.27382
758	-13.75938
759	-14.15031
760	-14.49315
761	-14.78723
762	-15.01503
763	-15.19579
764	-15.35527
765	-15.48723
766	-15.58249
767	-15.65109
768	-15.67097
769	-15.55219
770	-15.21167
771	-14.62995
772	-13.81624
773	-12.79681
774	-11.62895
775	-10.35916
776	-8.95930
777	-7.36107
778	-5.56728
779	-3.66574
780	-1.73676
781	0.18979
782	2.10047
783	3.97888
784	5.81638
785	7.61920
786	9.40007
787	11.16322
788	12.90953
789	14.64010
790	16.33536
791	17.97188
792	19.56101
793	21.11384
794	22.58069
795	23.90260
796	25.08654
797	26.13511
798	26.99157
799	27.63873
800	28.13534
801	28.50471
802	28.71087
803	28.73806
804	28.58362
805	28.23639
806	27.73582
807	27.13926
808	26.41873
809	25.52752
810	24.59198
811	23.86423
812	23.40860
813	23.05117
814	22.74802
815	22.70986
816	23.03916
817	23.53287
818	23.93460
819	24.19058
820	24.39375
821	24.59400
822	24.71481
823	24.60734
824	24.14924
825	23.36605
826	22.45132
827	21.56425
828	20.68314
829	19.73942
830	18.76706
831	17.82759
832	16.90453
833	15.96644
834	15.03329
835	14.10475
836	13.11353
837	12.00548
838	10.79457
839	9.51774
840	8.21535
841	6.93089
842	5.66948
843	4.42951
844	3.23870
845	2.07054
846	0.85460
847	-0.40145
848	-1.63121
849	-2.79804
850	-3.89478
851	-4.90738
852	-5.81464
853	-6.62441
854	-7.38904
855	-8.14175
856	-8.88819
857	-9.67269
858	-10.55678
859	-11.54121
860	-12.56703
861	-13.54714
862	-14.37647
863	-14.99604
864	-15.45186
865	-15.82043
866	-16.12675
867	-16.38396
868	-16.63333
869	-16.89946
870	-17.15591
871	-17.37592
872	-17.55956
873	-17.66294
874	-17.57581
875	-17.22123
876	-16.61705
877	-15.80766
878	-14.80239
879	-13.61545
880	-12.29570
881	-10.88838
882	-9.41700
883	-7.87381
884	-6.20955
885	-4.40307
886	-2.49565
887	-0.53226
888	1.44075
889	3.38572
890	5.34462
891	7.38512
892	9.47324
893	11.51875
894	13.48767
895	15.38789
896	17.22965
897	19.02486
898	20.76206
899	22.40174
900	23.92161
901	25.32010
902	26.57987
903	27.69606
904	28.68428
905	29.52512
906	30.20814
907	30.76417
908	31.19044
909	31.45869
910	31.57121
911	31.51897
912	31.25751
913	30.76672
914	30.07675
915	29.24026
916	28.35860
917	27.60338
918	27.08830
919	26.71264
920	26.30713
921	25.95026
922	25.87170
923	26.05607
924	26.20514
925	26.09495
926	25.77772
927	25.42292
928	25.13733
929	24.94854
930	24.83547
931	24.76559
932	24.69120
933	24.48347
934	23.94294
935	22.97176
936	21.73865
937	20.55079
938	19.53413
939	18.59604
940	17.65326
941	16.69284
942	15.69901
943	14.67381
944	13.62652
945	12.51830
946	11.32647
947	10.08717
948	8.82113
949	7.52484
950	6.22704
951	4.96752
952	3.75277
953	2.57513
954	1.43424
955	0.33003
956	-0.73665
957	-1.76569
958	-2.77245
959	-3.78676
960	-4.83526
961	-5.91849
962	-7.00728
963	-8.06452
964	-9.07917
965	-10.05600
966	-10.97502
967	-11.78847
968	-12.46406
969	-13.01714
970	-13.47273
971	-13.83809
972	-14.14504
973	-14.45471
974	-14.81188
975	-15.21793
976	-15.62756
977	-16.00739
978	-16.37137
979	-16.68584
980	-16.84232
981	-16.78085
982	-16.50328
983	-15.95243
984	-15.03189
985	-13.76457
986	-12.30519
987	-10.77669
988	-9.19208
989	-7.52631
990	-5.77049
991	-3.93496
992	-2.03859
993	-0.07989
994	1.95188
995	4.02605
996	6.07875
997	8.06877
998	9.98737
999	11.83559
1000	13.62297
1001	15.38672
1002	17.15172
1003	18.87879
1004	20.54294
1005	22.16386
1006	23.69760
1007	25.07273
1008	26.30063
1009	27.39207
1010	28.28839
1011	28.94574
1012	29.38180
1013	29.66927
1014	29.88470
1015	29.99899
1016	29.90072
1017	29.57065
1018	29.12601
1019	28.66389
1020	28.16150
1021	27.56723
1022	26.89641
1023	26.22667
1024	25.64743
1025	25.19048
1026	24.86040
1027	24.70438
1028	24.72237
1029	24.80187
1030	24.82832
1031	24.78022
1032	24.72026
1033	24.74462
1034	24.88499
1035	25.02621
1036	24.94578
1037	24.43739
1038	23.45568
1039	22.19204
1040	20.92383
1041	19.78622
1042	18.76083
1043	17.77627
1044	16.75738
1045	15.67560
1046	14.54247
1047	13.36093
1048	12.11983
1049	10.78709
1050	9.33890
1051	7.82594
1052	6.33873
1053	4.88572
1054	3.42304
1055	2.00863
1056	0.73700
1057	-0.42280
1058	-1.56602
1059	-2.73146
1060	-3.89858
1061	-5.04328
1062	-6.16837
1063	-7.27709
1064	-8.34305
1065	-9.34321
1066	-10.28302
1067	-11.19004
1068	-12.10474
1069	-13.02256
1070	-13.86857
1071	-14.58439
1072	-15.17277
1073	-15.65774
1074	-16.06796
1075	-16.42763
1076	-16.74890
1077	-17.03820
1078	-17.28868
1079	-17.48452
1080	-17.60436
1081	-17.60941
1082	-17.43831
1083	-17.02762
1084	-16.36572
1085	-15.49130
1086	-14.43473
1087	-13.21329
1088	-11.84235
1089	-10.32306
1090	-8.65525
1091	-6.85121
1092	-4.91228
1093	-2.83849
1094	-0.68005
1095	1.48162
1096	3.61372
1097	5.73685
1098	7.83705
1099	9.85806
1100	11.78157
1101	13.62532
1102	15.41501
1103	17.17730
1104	18.91113
1105	20.59414
1106	22.19184
1107	23.65137
1108	24.94884
1109	26.12344
1110	27.20996
1111	28.16105
1112	28.90363
1113	29.41899
1114	29.72631
1115	29.85829
1116	29.83122
1117	29.60670
1118	29.18032
1119	28.63761
1120	28.03371
1121	27.35381
1122	26.62728
1123	25.96374
1124	25.41758
1125	24.87794
1126	24.25336
1127	23.71326
1128	23.51771
1129	23.68484
1130	23.96984
1131	24.11622
1132	24.04849
1133	23.86438
1134	23.69796
1135	23.60416
1136	23.57781
1137	23.60994
1138	23.61614
1139	23.43377
1140	22.93663
1141	22.09141
1142	20.99435
1143	19.83715
1144	18.75903
1145	17.77505
1146	16.83749
1147	15.89126
1148	14.89709
1149	13.85695
1150	12.80084
1151	11.71673
1152	10.55076
1153	9.30119
1154	8.01827
1155	6.73430
1156	5.46696
1157	4.21547
1158	2.93206
1159	1.57418
1160	0.17921
1161	-1.15832
1162	-2.39003
1163	-3.56069
1164	-4.73344
1165	-5.91032
1166	-7.05908
1167	-8.15297
1168	-9.17507
1169	-10.13696
1170	-11.08085
1171	-12.01525
1172	-12.88508
1173	-13.62978
1174	-14.23394
1175	-14.71979
1176	-15.12283
1177	-15.47415
1178	-15.79781
1179	-16.12801
1180	-16.49700
1181	-16.88921
1182	-17.25439
1183	-17.52811
1184	-17.61299
1185	-17.43356
1186	-16.97359
1187	-16.21213
1188	-15.15318
1189	-13.89805
1190	-12.55730
1191	-11.16044
1192	-9.69859
1193	-8.14979
1194	-6.45137
1195	-4.55125
1196	-2.48197
1197	-0.34408
1198	1.76265
1199	3.79968
1200	5.76619
1201	7.66119
1202	9.50516
1203	11.30661
1204	13.05013
1205	14.74912
1206	16.42626
1207	18.07351
1208	19.65542
1209	21.12178
1210	22.43557
1211	23.59729
1212	24.62528
1213	25.51417
1214	26.25526
1215	26.85892
1216	27.32895
1217	27.66273
1218	27.85734
1219	27.90332
1220	27.79101
1221	27.51295
1222	27.10400
1223	26.63713
1224	26.11231
1225	25.46679
1226	24.73127
1227	24.05429
1228	23.56876
1229	23.27710
1230	23.11629
1231	23.12263
1232	23.36194
1233	23.71713
1234	23.94276
1235	23.93827
1236	23.81031
1237	23.66854
1238	23.56787
1239	23.58202
1240	23.70274
1241	23.75599
1242	23.57500
1243	23.12392
1244	22.37174
1245	21.29059
1246	20.02666
1247	18.81973
1248	17.77054
1249	16.83043
1250	15.92402
1251	15.00064
1252	14.04353
1253	13.05986
1254	12.02813
1255	10.90750
1256	9.71335
1257	8.49814
1258	7.28140
1259	6.05356
1260	4.79648
1261	3.49009
1262	2.13717
1263	0.77856
1264	-0.53242
1265	-1.78079
1266	-2.98994
1267	-4.16320
1268	-5.27156
1269	-6.30073
1270	-7.25173
1271	-8.12640
1272	-8.95669
1273	-9.81452
1274	-10.73631
1275	-11.68299
1276	-12.59007
1277	-13.40357
1278	-14.08885
1279	-14.64441
1280	-15.08978
1281	-15.44369
1282	-15.73337
1283	-16.00582
1284	-16.30471
1285	-16.62465
1286	-16.88168
1287	-16.95988
1288	-16.80668
1289	-16.44820
1290	-15.91214
1291	-15.17562
1292	-14.22231
1293	-13.12603
1294	-11.98722
1295	-10.80178
1296	-9.49108
1297	-7.99623
1298	-6.28221
1299	-4.34908
1300	-2.27010
1301	-0.14539
1302	1.97015
1303	4.05796
1304	6.10166
1305	8.08739
1306	10.02229
1307	11.91986
1308	13.75903
1309	15.51246
1310	17.19952
1311	18.85586
1312	20.47964
1313	22.03965
1314	23.49655
1315	24.78881
1316	25.87237
1317	26.78075
1318	27.55958
1319	28.19267
1320	28.64887
1321	28.92049
1322	28.99875
1323	28.87776
1324	28.58565
1325	28.18083
1326	27.70549
1327	27.16070
1328	26.53648
1329	25.87017
1330	25.27204
1331	24.84432
1332	24.57193
1333	24.35742
1334	24.20542
1335	24.22902
1336	24.43058
1337	24.62266
1338	24.60672
1339	24.35487
1340	23.97055
1341	23.56615
1342	23.23666
1343	23.05673
1344	23.05588
1345	23.18942
1346	23.28907
1347	23.08168
1348	22.35847
1349	21.17914
1350	19.86948
1351	18.74706
1352	17.83467
1353	16.93805
1354	15.96871
1355	14.98377
1356	13.98375
1357	12.89599
1358	11.69908
1359	10.43405
1360	9.12770
1361	7.77476
1362	6.38213
1363	4.96926
1364	3.53274
1365	2.06504
1366	0.61450
1367	-0.74690
1368	-2.02389
1369	-3.26441
1370	-4.46086
1371	-5.57401
1372	-6.59945
1373	-7.54803
1374	-8.41150
1375	-9.18042
1376	-9.88714
1377	-10.61270
1378	-11.42642
1379	-12.30216
1380	-13.14846
1381	-13.92822
1382	-14.65174
1383	-15.28809
1384	-15.80093
1385	-16.21609
1386	-16.56740
1387	-16.83688
1388	-17.02690
1389	-17.21055
1390	-17.41230
1391	-17.55119
1392	-17.54080
1393	-17.33089
1394	-16.88996
1395	-16.20511
1396	-15.27511
1397	-14.13144
1398	-12.85318
1399	-11.50189
1400	-10.07411
1401	-8.53325
1402	-6.83071
1403	-4.93880
1404	-2.90411
1405	-0.82142
1406	1.24287
1407	3.28115
1408	5.31042
1409	7.32384
1410	9.30302
1411	11.25522
1412	13.19651
1413	15.11930
1414	16.99603
1415	18.79657
1416	20.49971
1417	22.09770
1418	23.58270
1419	24.92728
1420	26.11374
1421	27.16224
1422	28.07263
1423	28.80411
1424	29.34209
1425	29.70956
1426	29.93167
1427	30.01349
1428	29.89795
1429	29.52211
1430	28.93803
1431	28.25082
1432	27.49356
1433	26.68603
1434	25.94075
1435	25.40063
1436	25.02528
1437	24.61253
1438	24.19785
1439	24.08026
1440	24.34572
1441	24.72815
1442	24.96820
1443	25.09007
1444	25.21791
1445	25.32733
1446	25.40895
1447	25.65346
1448	26.10488
1449	26.37182
1450	26.04523
1451	25.10676
1452	23.80793
1453	22.45225
1454	21.29373
1455	20.40322
1456	19.65027
1457	18.88376
1458	18.02758
1459	17.05827
1460	15.97979
1461	14.76557
1462	13.38203
1463	11.87770
1464	10.34167
1465	8.82753
1466	7.35649
1467	5.92800
1468	4.53963
1469	3.20588
1470	1.94174
1471	0.75757
1472	-0.35287
1473	-1.44649
1474	-2.58348
1475	-3.76158
1476	-4.93646
1477	-6.06595
1478	-7.12795
1479	-8.12383
1480	-9.07263
1481	-10.02125
1482	-11.01484
1483	-12.04195
1484	-13.03329
1485	-13.90453
1486	-14.61352
1487	-15.18555
1488	-15.67496
1489	-16.10953
1490	-16.48209
1491	-16.80041
1492	-17.09663
1493	-17.36485
1494	-17.56632
1495	-17.66938
1496	-17.60967
1497	-17.27168
1498	-16.56438
1499	-15.50629
1500	-14.19798
1501	-12.72115
1502	-11.12774
1503	-9.48220
1504	-7.81834
1505	-6.07682
1506	-4.15976
1507	-2.05195
1508	0.14659
1509	2.31636
1510	4.41817
1511	6.47856
1512	8.50917
1513	10.49203
1514	12.43087
1515	14.33524
1516	16.17948
1517	17.94994
1518	19.66363
1519	21.32005
1520	22.87848
1521	24.27875
1522	25.50310
1523	26.57294
1524	27.48264
1525	28.21005
1526	28.75962
1527	29.15659
1528	29.40901
1529	29.49277
1530	29.38521
1531	29.08212
1532	28.59547
1533	27.95438
1534	27.17124
1535	26.22938
1536	25.14483
1537	24.07445
1538	23.32887
1539	23.06281
1540	23.05190
1541	23.12832
1542	23.42256
1543	23.93999
1544	24.42457
1545	24.69251
1546	24.82165
1547	24.92466
1548	24.99654
1549	25.04872
1550	25.17216
1551	25.40933
1552	25.58480
1553	25.40211
1554	24.73854
1555	23.70077
1556	22.48184
1557	21.26063
1558	20.15785
1559	19.18808
1560	18.26338
1561	17.30399
1562	16.31407
1563	15.31241
1564	14.27671
1565	13.18470
1566	12.02693
1567	10.79113
1568	9.49117
1569	8.17734
1570	6.88289
1571	5.60339
1572	4.33806
1573	3.08717
1574	1.84870
1575	0.66623
1576	-0.42543
1577	-1.47590
1578	-2.53788
1579	-3.58801
1580	-4.58450
1581	-5.52397
1582	-6.41702
1583	-7.27283
1584	-8.10527
1585	-8.95154
1586	-9.86815
1587	-10.87059
1588	-11.90471
1589	-12.88995
1590	-13.74693
1591	-14.40843
1592	-14.87777
1593	-15.24356
1594	-15.58935
1595	-15.93519
1596	-16.25762
1597	-16.52963
1598	-16.74513
1599	-16.90013
1600	-16.96996
1601	-16.88878
1602	-16.56033
1603	-15.94166
1604	-15.08013
1605	-14.05574
1606	-12.91431
1607	-11.65962
1608	-10.29541
1609	-8.80626
1610	-7.12348
1611	-5.19793
1612	-3.07778
1613	-0.87669
1614	1.31346
1615	3.47200
1616	5.62410
1617	7.75508
1618	9.79584
1619	11.72521
1620	13.61055
1621	15.50940
1622	17.37225
1623	19.10700
1624	20.71591
1625	22.26331
1626	23.74240
1627	25.07030
1628	26.20219
1629	27.18787
1630	28.06268
1631	28.75627
1632	29.19703
1633	29.41549
1634	29.47787
1635	29.39800
1636	29.16172
1637	28.79453
1638	28.31862
1639	27.69177
1640	26.90161
1641	26.04651
1642	25.29261
1643	24.78954
1644	24.48608
1645	24.15385
1646	23.78858
1647	23.64449
1648	23.81273
1649	24.07508
1650	24.20914
1651	24.19758
1652	24.12799
1653	24.11632
1654	24.26919
1655	24.53909
1656	24.66620
1657	24.39899
1658	23.67461
1659	22.59086
1660	21.37167
1661	20.27284
1662	19.39702
1663	18.65424
1664	17.89330
1665	17.02933
1666	16.07316
1667	15.05434
1668	13.95268
1669	12.73030
1670	11.38126
1671	9.94144
1672	8.46817
1673	7.00055
1674	5.54682
1675	4.10056
1676	2.64243
1677	1.16540
1678	-0.26895
1679	-1.57475
1680	-2.76559
1681	-3.93422
1682	-5.13086
1683	-6.33264
1684	-7.49995
1685	-8.61235
1686	-9.66469
1687	-10.65868
1688	-11.61008
1689	-12.54090
1690	-13.44035
1691	-14.23160
1692	-14.84102
1693	-15.29476
1694	-15.67767
1695	-16.06272
1696	-16.48406
1697	-16.90470
1698	-17.27016
1699	-17.58955
1700	-17.88277
1701	-18.10349
1702	-18.19155
1703	-18.11081
1704	-17.77910
1705	-17.10004
1706	-16.09523
1707	-14.88037
1708	-13.53360
1709	-12.07464
1710	-10.52843
1711	-8.92274
1712	-7.23094
1713	-5.38596
1714	-3.36326
1715	-1.21916
1716	0.95945
1717	3.11129
1718	5.20417
1719	7.23344
1720	9.22285
1721	11.17887
1722	13.07856
1723	14.91764
1724	16.70852
1725	18.46743
1726	20.22824
1727	21.98985
1728	23.67234
1729	25.18417
1730	26.49618
1731	27.64666
1732	28.66582
1733	29.51162
1734	30.13622
1735	30.54323
1736	30.74244
1737	30.72146
1738	30.47131
1739	30.00550
1740	29.37737
1741	28.65628
1742	27.86986
1743	27.06344
1744	26.40205
1745	26.01719
1746	25.76037
1747	25.41352
1748	25.08445
1749	25.01071
1750	25.18113
1751	25.39017
1752	25.50579
1753	25.52445
1754	25.44142
1755	25.27904
1756	25.14439
1757	25.06840
1758	24.89877
1759	24.46388
1760	23.73758
1761	22.79729
1762	21.73130
1763	20.64428
1764	19.63467
1765	18.70044
1766	17.75717
1767	16.75769
1768	15.71484
1769	14.64132
1770	13.53558
1771	12.38659
1772	11.16361
1773	9.85356
1774	8.50078
1775	7.16171
1776	5.85256
1777	4.55450
1778	3.24375
1779	1.92140
1780	0.60767
1781	-0.67375
1782	-1.87153
1783	-2.92987
1784	-3.89225
1785	-4.87153
1786	-5.89598
1787	-6.89857
1788	-7.83061
1789	-8.68862
1790	-9.49306
1791	-10.29198
1792	-11.13446
1793	-12.01950
1794	-12.89341
1795	-13.69157
1796	-14.36876
1797	-14.90575
1798	-15.32397
1799	-15.69154
1800	-16.06692
1801	-16.44452
1802	-16.80202
1803	-17.14873
1804	-17.47644
1805	-17.73202
1806	-17.84427
1807	-17.74814
1808	-17.40859
1809	-16.80093
1810	-15.90699
1811	-14.77060
1812	-13.47194
1813	-12.07158
1814	-10.63059
1815	-9.16175
1816	-7.58265
1817	-5.82093
1818	-3.87079
1819	-1.75069
1820	0.49271
1821	2.77726
1822	5.02009
1823	7.18574
1824	9.27581
1825	11.27986
1826	13.20031
1827	15.07640
1828	16.93941
1829	18.79327
1830	20.62240
1831	22.38370
1832	24.02062
1833	25.49215
1834	26.79187
1835	27.93389
1836	28.92115
1837	29.74438
1838	30.38325
1839	30.82168
1840	31.06810
1841	31.14335
1842	31.07969
1843	30.87975
1844	30.50350
1845	29.95930
1846	29.33000
1847	28.71276
1848	28.16672
1849	27.65804
1850	27.08655
1851	26.46463
1852	25.96605
1853	25.70491
1854	25.57794
1855	25.38159
1856	25.00053
1857	24.45431
1858	23.87772
1859	23.46503
1860	23.30909
1861	23.34160
1862	23.39299
1863	23.21650
1864	22.61782
1865	21.62977
1866	20.48128
1867	19.38050
1868	18.39168
1869	17.48390
1870	16.61417
1871	15.73758
1872	14.79867
1873	13.78843
1874	12.74060
1875	11.65263
1876	10.50374
1877	9.28712
1878	7.98612
1879	6.61837
1880	5.24646
1881	3.89464
1882	2.54628
1883	1.19864
1884	-0.14257
1885	-1.45542
1886	-2.68507
1887	-3.82078
1888	-4.93250
1889	-6.06379
1890	-7.16832
1891	-8.19456
1892	-9.14299
1893	-10.03447
1894	-10.88524
1895	-11.70139
1896	-12.46494
1897	-13.14659
1898	-13.73198
1899	-14.22020
1900	-14.62790
1901	-14.99767
1902	-15.36899
1903	-15.75406
1904	-16.14437
1905	-16.51313
1906	-16.82935
1907	-17.06626
1908	-17.17115
1909	-17.06002
1910	-16.65749
1911	-15.92655
1912	-14.88676
1913	-13.62728
1914	-12.25807
1915	-10.83840
1916	-9.37943
1917	-7.86322
1918	-6.23600
1919	-4.45359
1920	-2.53712
1921	-0.54341
1922	1.49869
1923	3.57564
1924	5.64092
1925	7.64417
1926	9.58000
1927	11.47998
1928	13.38400
1929	15.30589
1930	17.20567
1931	19.01496
1932	20.71736
1933	22.35953
1934	23.94049
1935	25.36868
1936	26.57963
1937	27.60940
1938	28.49331
1939	29.19324
1940	29.68078
1941	29.98406
1942	30.12643
1943	30.07555
1944	29.78904
1945	29.29092
1946	28.66747
1947	27.99327
1948	27.28658
1949	26.56146
1950	25.91204
1951	25.46565
1952	25.19044
1953	24.86668
1954	24.44672
1955	24.20511
1956	24.31702
1957	24.58563
1958	24.71790
1959	24.69779
1960	24.70025
1961	24.79124
1962	24.89179
1963	24.90301
1964	24.77435
1965	24.50835
1966	24.07131
1967	23.36584
1968	22.40373
1969	21.35548
1970	20.35619
1971	19.41419
1972	18.48972
1973	17.55756
1974	16.60890
1975	15.62896
1976	14.59153
1977	13.47103
1978	12.25674
1979	10.95407
1980	9.57335
1981	8.12891
1982	6.65317
1983	5.19647
1984	3.77655
1985	2.35905
1986	0.93868
1987	-0.44097
1988	-1.77090
1989	-3.07160
1990	-4.30844
1991	-5.43092
1992	-6.46333
1993	-7.45414
1994	-8.38427
1995	-9.22875
1996	-10.02139
1997	-10.80067
1998	-11.58121
1999	-12.37056
2000	-13.14107
2001	-13.83045
2002	-14.41828
2003	-14.93423
2004	-15.40098
2005	-15.82435
2006	-16.20012
2007	-16.52789
2008	-16.79753
2009	-16.95914
2010	-16.97697
2011	-16.86125
2012	-16.61986
2013	-16.24647
2014	-15.72580
2015	-15.03864
2016	-14.18195
2017	-13.15977
2018	-11.98738
2019	-10.69078
2020	-9.25300
2021	-7.62601
2022	-5.81124
2023	-3.86484
2024	-1.85168
2025	0.16259
2026	2.13722
2027	4.10250
2028	6.08827
2029	8.02335
2030	9.81618
2031	11.48763
2032	13.14593
2033	14.85989
2034	16.57117
2035	18.18098
2036	19.69282
2037	21.15453
2038	22.55758
2039	23.87274
2040	25.08501
2041	26.18053
2042	27.14627
2043	27.96708
2044	28.59691
2045	28.98887
2046	29.17435
2047	29.21890
2048	29.11863
2049	28.83749
2050	28.40620
2051	27.90213
2052	27.33927
2053	26.69451
2054	26.05428
2055	25.58195
2056	25.28772
2057	24.97004
2058	24.53681
2059	24.22006
2060	24.25117
2061	24.51171
2062	24.70526
2063	24.71965
2064	24.63155
2065	24.53989
2066	24.53365
2067	24.62532
2068	24.64681
2069	24.39042
2070	23.82236
2071	23.02580
2072	22.07899
2073	21.07478
2074	20.11613
2075	19.23182
2076	18.36237
2077	17.44715
2078	16.48408
2079	15.48802
2080	14.44226
2081	13.30810
2082	12.06537
2083	10.74608
2084	9.40451
2085	8.06278
2086	6.72150
2087	5.39080
2088	4.07730
2089	2.77798
2090	1.50111
2091	0.27196
2092	-0.87425
2093	-1.93393
2094	-2.97172
2095	-4.03435
2096	-5.08972
2097	-6.10487
2098	-7.08650
2099	-8.04771
2100	-9.01146
2101	-9.99337
2102	-10.97783
2103	-11.94161
2104	-12.86498
2105	-13.70783
2106	-14.42003
2107	-14.99978
2108	-15.49916
2109	-15.97569
2110	-16.44373
2111	-16.86736
2112	-17.23047
2113	-17.56179
2114	-17.86781
2115	-18.09885
2116	-18.15798
2117	-17.94447
2118	-17.42698
2119	-16.63729
2120	-15.60035
2121	-14.34719
2122	-12.95772
2123	-11.51334
2124	-10.05201
2125	-8.57671
2126	-7.03479
2127	-5.33207
2128	-3.43261
2129	-1.39960
2130	0.67671
2131	2.75272
2132	4.81709
2133	6.83178
2134	8.76182
2135	10.65673
2136	12.58909
2137	14.53483
2138	16.41458
2139	18.20122
2140	19.92264
2141	21.59339
2142	23.18225
2143	24.64457
2144	25.94073
2145	27.02697
2146	27.88386
2147	28.54014
2148	29.02969
2149	29.34568
2150	29.46620
2151	29.39220
2152	29.13842
2153	28.73028
2154	28.21983
2155	27.66640
2156	27.08479
2157	26.44120
2158	25.72347
2159	24.99613
2160	24.40074
2161	24.03531
2162	23.81553
2163	23.65001
2164	23.63906
2165	23.87790
2166	24.23857
2167	24.49904
2168	24.59940
2169	24.64195
2170	24.70395
2171	24.80408
2172	24.98714
2173	25.25251
2174	25.35818
2175	25.02311
2176	24.28218
2177	23.37046
2178	22.44207
2179	21.52458
2180	20.61575
2181	19.72601
2182	18.84181
2183	17.90932
2184	16.91499
2185	15.90056
2186	14.87539
2187	13.81300
2188	12.68055
2189	11.41211
2190	9.97425
2191	8.46344
2192	7.00283
2193	5.59527
2194	4.18461
2195	2.75827
2196	1.34422
2197	0.00371
2198	-1.22836
2199	-2.40467
2200	-3.56883
2201	-4.70443
2202	-5.81554
2203	-6.91733
2204	-7.99751
2205	-9.04948
2206	-10.06425
2207	-11.01192
2208	-11.89640
2209	-12.74629
2210	-13.54877
2211	-14.25875
2212	-14.83330
2213	-15.27359
2214	-15.64310
2215	-16.00897
2216	-16.40580
2217	-16.83674
2218	-17.26068
2219	-17.61484
2220	-17.85670
2221	-17.97337
2222	-17.96067
2223	-17.79576
2224	-17.44005
2225	-16.86423
2226	-16.06167
2227	-15.06671
2228	-13.93941
2229	-12.69537
2230	-11.32248
2231	-9.84147
2232	-8.25879
2233	-6.54588
2234	-4.70016
2235	-2.75992
2236	-0.77782
2237	1.20109
2238	3.16376
2239	5.10861
2240	7.00982
2241	8.84460
2242	10.60191
2243	12.27912
2244	13.92061
2245	15.57062
2246	17.19462
2247	18.73466
2248	20.17637
2249	21.51879
2250	22.75285
2251	23.86269
2252	24.81985
2253	25.60904
2254	26.24827
2255	26.76574
2256	27.16887
2257	27.44304
2258	27.57588
2259	27.57627
2260	27.46275
2261	27.24030
2262	26.89896
2263	26.43820
2264	25.88806
2265	25.32660
2266	24.86807
2267	24.54747
2268	24.22742
2269	23.79437
2270	23.42159
2271	23.39253
2272	23.68717
2273	23.95635
2274	23.91152
2275	23.61400
2276	23.34942
2277	23.29560
2278	23.32271
2279	23.13659
2280	22.64653
2281	22.05882
2282	21.58102
2283	21.17991
2284	20.66866
2285	19.97262
2286	19.20183
2287	18.45416
2288	17.70661
2289	16.92390
2290	16.11957
2291	15.28865
2292	14.39054
2293	13.40128
2294	12.32096
2295	11.15442
2296	9.90523
2297	8.55586
2298	7.10417
2299	5.63859
2300	4.24978
2301	2.90248
2302	1.56454
2303	0.31502
2304	-0.82892
2305	-1.95624
2306	-3.07898
2307	-4.14581
2308	-5.16905
2309	-6.18323
2310	-7.17784
2311	-8.13834
2312	-9.07832
2313	-10.01184
2314	-10.93100
2315	-11.81610
2316	-12.63653
2317	-13.36781
2318	-14.01473
2319	-14.59716
2320	-15.12512
2321	-15.58706
2322	-15.98255
2323	-16.34367
2324	-16.68589
2325	-17.00331
2326	-17.31439
2327	-17.63363
2328	-17.90142
2329	-18.02152
2330	-17.94907
2331	-17.65358
2332	-17.07462
2333	-16.20697
2334	-15.13879
2335	-13.95236
2336	-12.65696
2337	-11.24267
2338	-9.73051
2339	-8.11770
2340	-6.36297
2341	-4.47431
2342	-2.52026
2343	-0.56375
2344	1.36892
2345	3.28575
2346	5.20784
2347	7.12961
2348	9.01406
2349	10.84305
2350	12.63161
2351	14.39087
2352	16.12112
2353	17.81260
2354	19.41944
2355	20.89825
2356	22.27842
2357	23.60312
2358	24.83806
2359	25.90841
2360	26.78851
2361	27.51947
2362	28.12922
2363	28.58206
2364	28.84101
2365	28.92453
2366	28.86836
2367	28.67634
2368	28.34744
2369	27.92198
2370	27.43439
2371	26.87379
2372	26.24435
2373	25.62792
2374	25.13902
2375	24.77648
2376	24.44869
2377	24.22314
2378	24.26581
2379	24.51336
2380	24.70778
2381	24.72514
2382	24.60677
2383	24.37739
2384	24.11267
2385	24.01623
2386	24.17078
2387	24.34635
2388	24.20093
2389	23.58125
2390	22.57001
2391	21.36161
2392	20.15292
2393	19.06106
2394	18.09768
2395	17.20763
2396	16.29549
2397	15.27737
2398	14.16296
2399	13.01031
2400	11.81564
2401	10.53882
2402	9.18050
2403	7.78629
2404	6.41345
2405	5.08151
2406	3.74619
2407	2.35956
2408	0.95017
2409	-0.39104
2410	-1.60650
2411	-2.75178
2412	-3.92171
2413	-5.11231
2414	-6.26666
2415	-7.35673
2416	-8.35929
2417	-9.25116
2418	-10.04281
2419	-10.75279
2420	-11.38418
2421	-11.96991
2422	-12.57274
2423	-13.21187
2424	-13.85093
2425	-14.45045
2426	-15.00730
2427	-15.53800
2428	-16.02486
2429	-16.44733
2430	-16.84570
2431	-17.25692
2432	-17.65152
2433	-17.99092
2434	-18.26460
2435	-18.43957
2436	-18.42643
2437	-18.13006
2438	-17.51975
2439	-16.62507
2440	-15.49230
2441	-14.17969
2442	-12.76457
2443	-11.32109
2444	-9.89080
2445	-8.46195
2446	-6.96050
2447	-5.29995
2448	-3.46540
2449	-1.52170
2450	0.46901
2451	2.49481
2452	4.54144
2453	6.56632
2454	8.55494
2455	10.52668
2456	12.47836
2457	14.37280
2458	16.20820
2459	18.05505
2460	19.93542
2461	21.74679
2462	23.39047
2463	24.85569
2464	26.15469
2465	27.27496
2466	28.21424
2467	28.99704
2468	29.61902
2469	30.05385
2470	30.32181
2471	30.44733
2472	30.40442
2473	30.16922
2474	29.76958
2475	29.25726
2476	28.66752
2477	28.03959
2478	27.46915
2479	27.07373
2480	26.85453
2481	26.65451
2482	26.36723
2483	26.12984
2484	26.15552
2485	26.43421
2486	26.68318
2487	26.60452
2488	26.16436
2489	25.57896
2490	25.09152
2491	24.83384
2492	24.78861
2493	24.82080
2494	24.78414
2495	24.60116
2496	24.20239
2497	23.48446
2498	22.44321
2499	21.25189
2500	20.12642
2501	19.15170
2502	18.26147
2503	17.35346
2504	16.38662
2505	15.37550
2506	14.30842
2507	13.13921
2508	11.87582
2509	10.56826
2510	9.22102
2511	7.80628
2512	6.32746
2513	4.83855
2514	3.41321
2515	2.06164
2516	0.73521
2517	-0.54870
2518	-1.72975
2519	-2.82085
2520	-3.87326
2521	-4.90824
2522	-5.93477
2523	-6.94730
2524	-7.90124
2525	-8.74221
2526	-9.49044
2527	-10.23379
2528	-11.01952
2529	-11.83238
2530	-12.63939
2531	-13.39135
2532	-14.04854
2533	-14.62348
2534	-15.15150
2535	-15.64788
2536	-16.10811
2537	-16.52139
2538	-16.89048
2539	-17.22907
2540	-17.52881
2541	-17.74502
2542	-17.82273
2543	-17.73428
2544	-17.48269
2545	-17.07289
2546	-16.48526
2547	-15.69134
2548	-14.69051
2549	-13.50659
2550	-12.15837
2551	-10.64150
2552	-8.94738
2553	-7.10516
2554	-5.17836
2555	-3.21379
2556	-1.21379
2557	0.84833
2558	2.97858
2559	5.12051
2560	7.17756
2561	9.07531
2562	10.82324
2563	12.51504
2564	14.22386
2565	15.93946
2566	17.62914
2567	19.27733
2568	20.86823
2569	22.38772
2570	23.79807
2571	25.03456
2572	26.07947
2573	26.96244
2574	27.69303
2575	28.24403
2576	28.58371
2577	28.73823
2578	28.75874
2579	28.61019
2580	28.23496
2581	27.70868
2582	27.16275
2583	26.61217
2584	26.01405
2585	25.43493
2586	25.02659
2587	24.78925
2588	24.49134
2589	24.04614
2590	23.74126
2591	23.82830
2592	24.16556
2593	24.42969
2594	24.48677
2595	24.42289
2596	24.36901
2597	24.42404
2598	24.63472
2599	24.91872
2600	25.05855
2601	24.86486
2602	24.27983
2603	23.36467
2604	22.29199
2605	21.25492
2606	20.33350
2607	19.49247
2608	18.66235
2609	17.78317
2610	16.81997
2611	15.77506
2612	14.67101
2613	13.51676
2614	12.29958
2615	10.99801
2616	9.60588
2617	8.14726
2618	6.67082
2619	5.21715
2620	3.79157
2621	2.38441
2622	0.98377
2623	-0.38815
2624	-1.66484
2625	-2.83843
2626	-3.97045
2627	-5.08924
2628	-6.18688
2629	-7.27542
2630	-8.35279
2631	-9.36879
2632	-10.28758
2633	-11.12698
2634	-11.92061
2635	-12.70156
2636	-13.47967
2637	-14.20866
2638	-14.83089
2639	-15.35188
2640	-15.83205
2641	-16.31234
2642	-16.76715
2643	-17.15005
2644	-17.48226
2645	-17.81770
2646	-18.13608
2647	-18.36151
2648	-18.42575
2649	-18.26970
2650	-17.84675
2651	-17.13375
2652	-16.14244
2653	-14.93992
2654	-13.62447
2655	-12.25692
2656	-10.84180
2657	-9.36958
2658	-7.81362
2659	-6.11397
2660	-4.24852
2661	-2.27454
2662	-0.27370
2663	1.71189
2664	3.69481
2665	5.69070
2666	7.65750
2667	9.52916
2668	11.31664
2669	13.10140
2670	14.90989
2671	16.67353
2672	18.33592
2673	19.91550
2674	21.43814
2675	22.89259
2676	24.24907
2677	25.45840
2678	26.46730
2679	27.25799
2680	27.85124
2681	28.28167
2682	28.56487
2683	28.68987
2684	28.65939
2685	28.49930
2686	28.22555
2687	27.84542
2688	27.37177
2689	26.78231
2690	26.03330
2691	25.14849
2692	24.25304
2693	23.57308
2694	23.27818
2695	23.22501
2696	23.19424
2697	23.28002
2698	23.63131
2699	24.10501
2700	24.43588
2701	24.57743
2702	24.64814
2703	24.67963
2704	24.65408
2705	24.64050
2706	24.71670
2707	24.76845
2708	24.54341
2709	23.95689
2710	23.13726
2711	22.22787
2712	21.29436
2713	20.38004
2714	19.51608
2715	18.67311
2716	17.78362
2717	16.81868
2718	15.79972
2719	14.76046
2720	13.69459
2721	12.52763
2722	11.20747
2723	9.78975
2724	8.35916
2725	6.91607
2726	5.42281
2727	3.91332
2728	2.45401
2729	1.05961
2730	-0.26760
2731	-1.50937
2732	-2.67525
2733	-3.79422
2734	-4.86477
2735	-5.87847
2736	-6.86811
2737	-7.85769
2738	-8.82363
2739	-9.73071
2740	-10.57351
2741	-11.38861
2742	-12.22849
2743	-13.10831
2744	-13.97689
2745	-14.75662
2746	-15.40876
2747	-15.94440
2748	-16.41040
2749	-16.85560
2750	-17.27097
2751	-17.61835
2752	-17.90437
2753	-18.16060
2754	-18.38999
2755	-18.55288
2756	-18.57631
2757	-18.37656
2758	-17.87621
2759	-17.02488
2760	-15.86953
2761	-14.55634
2762	-13.17773
2763	-11.71372
2764	-10.15399
2765	-8.51989
2766	-6.77634
2767	-4.87921
2768	-2.87858
2769	-0.85765
2770	1.18570
2771	3.27495
2772	5.34720
2773	7.34833
2774	9.31154
2775	11.25861
2776	13.16703
2777	15.02491
2778	16.82814
2779	18.58596
2780	20.32204
2781	22.01096
2782	23.58134
2783	24.98352
2784	26.19562
2785	27.21008
2786	28.03873
2787	28.69345
2788	29.16680
2789	29.44805
2790	29.53955
2791	29.45747
2792	29.22222
2793	28.86177
2794	28.40929
2795	27.87466
2796	27.23787
2797	26.52859
2798	25.91934
2799	25.60647
2800	25.48332
2801	25.22355
2802	24.85005
2803	24.72661
2804	24.99505
2805	25.39671
2806	25.57711
2807	25.40628
2808	25.00323
2809	24.56776
2810	24.26397
2811	24.16416
2812	24.22459
2813	24.30857
2814	24.25750
2815	23.95215
2816	23.32130
2817	22.41002
2818	21.40063
2819	20.45349
2820	19.60378
2821	18.80798
2822	17.98078
2823	17.05560
2824	16.05659
2825	15.02964
2826	13.95041
2827	12.77246
2828	11.48472
2829	10.10344
2830	8.65661
2831	7.17216
2832	5.67914
2833	4.19973
2834	2.74131
2835	1.32474
2836	0.00107
2837	-1.20418
2838	-2.33213
2839	-3.42908
2840	-4.50110
2841	-5.55171
2842	-6.60140
2843	-7.64222
2844	-8.62687
2845	-9.52088
2846	-10.33933
2847	-11.12615
2848	-11.91688
2849	-12.70686
2850	-13.46074
2851	-14.16203
2852	-14.80502
2853	-15.35945
2854	-15.82011
2855	-16.24656
2856	-16.68073
2857	-17.09735
2858	-17.46850
2859	-17.78026
2860	-17.99448
2861	-18.05975
2862	-17.92875
2863	-17.54753
2864	-16.86332
2865	-15.85674
2866	-14.58192
2867	-13.16518
2868	-11.70764
2869	-10.21743
2870	-8.65890
2871	-7.00075
2872	-5.22339
2873	-3.33029
2874	-1.33805
2875	0.73482
2876	2.85027
2877	4.94910
2878	6.96883
2879	8.87207
2880	10.68721
2881	12.49207
2882	14.32773
2883	16.16258
2884	17.94769
2885	19.66003
2886	21.29440
2887	22.83834
2888	24.27364
2889	25.59558
2890	26.78174
2891	27.78041
2892	28.58240
2893	29.21928
2894	29.69232
2895	29.99218
2896	30.14613
2897	30.16742
2898	30.00114
2899	29.58450
2900	28.97137
2901	28.29769
2902	27.61729
2903	26.91510
2904	26.24882
2905	25.73247
2906	25.39128
2907	25.10758
2908	24.82338
2909	24.69473
2910	24.86132
2911	25.18258
2912	25.32732
2913	25.13725
2914	24.78401
2915	24.52258
2916	24.42793
2917	24.41246
2918	24.38789
2919	24.28619
2920	24.02572
2921	23.55262
2922	22.84574
2923	21.92811
2924	20.91735
2925	19.95071
2926	19.05723
2927	18.18791
2928	17.29795
2929	16.37461
2930	15.44149
2931	14.49941
2932	13.48332
2933	12.33917
2934	11.09102
2935	9.79092
2936	8.44803
2937	7.06520
2938	5.70267
2939	4.40718
2940	3.16006
2941	1.93834
2942	0.71877
2943	-0.50580
2944	-1.68727
2945	-2.80869
2946	-3.93796
2947	-5.13284
2948	-6.35405
2949	-7.51454
2950	-8.57303
2951	-9.53839
2952	-10.40844
2953	-11.17428
2954	-11.85585
2955	-12.47555
2956	-13.03377
2957	-13.52364
2958	-13.95424
2959	-14.35828
2960	-14.75635
2961	-15.13087
2962	-15.48248
2963	-15.85318
2964	-16.23702
2965	-16.58253
2966	-16.87722
2967	-17.09016
2968	-17.12722
2969	-16.92298
2970	-16.47929
2971	-15.82717
2972	-14.99677
2973	-14.01483
2974	-12.91172
2975	-11.70405
2976	-10.39487
2977	-8.97694
2978	-7.41718
2979	-5.68884
2980	-3.81530
2981	-1.85875
2982	0.11940
2983	2.09084
2984	4.06490
2985	6.05569
2986	8.03639
2987	9.95653
2988	11.80644
2989	13.60607
2990	15.36362
2991	17.08923
2992	18.79386
2993	20.46848
2994	22.08667
2995	23.60593
2996	24.97455
2997	26.16736
2998	27.19617
2999	28.07859
3000	28.81781
3001	29.39218
3002	29.78347
3003	30.01181
3004	30.08478
3005	29.96824
3006	29.67045
3007	29.25026
3008	28.73793
3009	28.12381
3010	27.40466
3011	26.66968
3012	26.12050
3013	25.83281
3014	25.59017
3015	25.23690
3016	24.97331
3017	25.05688
3018	25.42088
3019	25.76513
3020	25.91908
3021	25.92222
3022	25.85153
3023	25.77328
3024	25.79654
3025	25.98156
3026	26.15292
3027	26.00203
3028	25.38196
3029	24.36644
3030	23.15389
3031	21.96310
3032	20.89829
3033	19.91832
3034	18.96232
3035	17.99752
3036	16.99221
3037	15.95164
3038	14.89229
3039	13.78262
3040	12.58772
3041	11.30351
3042	9.93916
3043	8.53266
3044	7.14697
3045	5.80308
3046	4.47102
3047	3.13178
3048	1.80407
3049	0.54098
3050	-0.63359
3051	-1.77263
3052	-2.91857
3053	-4.05005
3054	-5.13660
3055	-6.15252
3056	-7.07725
3057	-7.90896
3058	-8.65483
3059	-9.33623
3060	-10.00346
3061	-10.69713
3062	-11.41618
3063	-12.14264
3064	-12.86651
3065	-13.57987
3066	-14.25906
3067	-14.86000
3068	-15.35780
3069	-15.79153
3070	-16.22067
3071	-16.63993
3072	-17.00240
3073	-17.29906
3074	-17.54538
3075	-17.72154
3076	-17.77207
3077	-17.64980
3078	-17.33200
3079	-16.78461
3080	-15.94646
3081	-14.79872
3082	-13.43438
3083	-11.97933
3084	-10.47519
3085	-8.90497
3086	-7.23161
3087	-5.40094
3088	-3.41428
3089	-1.34443
3090	0.75061
3091	2.84973
3092	4.93314
3093	6.97249
3094	8.94760
3095	10.86169
3096	12.72352
3097	14.55051
3098	16.37311
3099	18.17271
3100	19.90600
3101	21.57534
3102	23.15892
3103	24.58779
3104	25.83957
3105	26.94084
3106	27.91829
3107	28.77064
3108	29.42041
3109	29.78075
3110	29.90167
3111	29.87735
3112	29.69456
3113	29.32988
3114	28.83899
3115	28.27413
3116	27.61972
3117	26.87105
3118	26.15548
3119	25.66747
3120	25.40652
3121	25.13210
3122	24.78134
3123	24.61259
3124	24.76445
3125	25.03621
3126	25.16080
3127	25.06706
3128	24.82685
3129	24.56042
3130	24.43927
3131	24.57522
3132	24.88455
3133	25.16475
3134	25.21198
3135	24.84982
3136	23.98614
3137	22.74007
3138	21.43923
3139	20.34415
3140	19.44647
3141	18.60575
3142	17.73819
3143	16.82318
3144	15.85788
3145	14.83589
3146	13.71733
3147	12.46177
3148	11.09257
3149	9.67438
3150	8.23593
3151	6.78231
3152	5.34824
3153	3.94684
3154	2.56753
3155	1.23067
3156	-0.07266
3157	-1.37355
3158	-2.63951
3159	-3.83757
3160	-5.00485
3161	-6.20211
3162	-7.43672
3163	-8.62603
3164	-9.65568
3165	-10.48354
3166	-11.15750
3167	-11.77695
3168	-12.42797
3169	-13.10164
3170	-13.73088
3171	-14.30911
3172	-14.87512
3173	-15.42173
3174	-15.92340
3175	-16.39487
3176	-16.84699
3177	-17.23796
3178	-17.51442
3179	-17.68915
3180	-17.82098
3181	-17.90170
3182	-17.84148
3183	-17.57902
3184	-17.12413
3185	-16.49511
3186	-15.66919
3187	-14.60664
3188	-13.33753
3189	-11.96693
3190	-10.55684
3191	-9.08785
3192	-7.52251
3193	-5.83014
3194	-3.98030
3195	-1.97238
3196	0.13811
3197	2.27361
3198	4.37010
3199	6.39395
3200	8.36740
3201	10.33251
3202	12.28231
3203	14.19000
3204	16.04923
3205	17.83809
3206	19.53662
3207	21.15957
3208	22.70924
3209	24.16350
3210	25.49660
3211	26.67040
3212	27.64810
3213	28.41004
3214	28.95110
3215	29.28081
3216	29.40938
3217	29.32083
3218	28.99129
3219	28.44781
3220	27.77261
3221	27.04304
3222	26.33896
3223	25.80285
3224	25.58465
3225	25.63858
3226	25.63676
3227	25.37850
3228	25.11021
3229	25.10198
3230	25.24915
3231	25.24743
3232	24.91987
3233	24.31444
3234	23.64838
3235	23.17607
3236	23.00557
3237	23.06993
3238	23.16080
3239	22.98104
3240	22.34914
3241	21.35494
3242	20.25603
3243	19.22400
3244	18.26793
3245	17.36502
3246	16.50364
3247	15.63361
3248	14.71531
3249	13.76278
3250	12.77770
3251	11.71714
3252	10.54094
3253	9.24657
3254	7.89157
3255	6.55523
3256	5.23738
3257	3.91132
3258	2.61531
3259	1.35865
3260	0.11573
3261	-1.06005
3262	-2.11974
3263	-3.10356
3264	-4.04054
3265	-4.93679
3266	-5.84034
3267	-6.77259
3268	-7.68369
3269	-8.52416
3270	-9.29151
3271	-10.01727
3272	-10.75371
3273	-11.54012
3274	-12.35877
3275	-13.14662
3276	-13.85089
3277	-14.46601
3278	-15.01942
3279	-15.52382
3280	-15.98094
3281	-16.40668
3282	-16.78864
3283	-17.09470
3284	-17.33611
3285	-17.51469
3286	-17.57282
3287	-17.45243
3288	-17.11113
3289	-16.51006
3290	-15.65212
3291	-14.59635
3292	-13.40688
3293	-12.09233
3294	-10.63749
3295	-9.06625
3296	-7.39709
3297	-5.61047
3298	-3.72311
3299	-1.80367
3300	0.11025
3301	2.04957
3302	4.04707
3303	6.06431
3304	8.03036
3305	9.92364
3306	11.76716
3307	13.57908
3308	15.36716
3309	17.13065
3310	18.85049
3311	20.50464
3312	22.07957
3313	23.55093
3314	24.88655
3315	26.05549
3316	27.03306
3317	27.82778
3318	28.45768
3319	28.92021
3320	29.22293
3321	29.37464
3322	29.35534
3323	29.15678
3324	28.81180
3325	28.37258
3326	27.85909
3327	27.21048
3328	26.34629
3329	25.34585
3330	24.52110
3331	24.11993
3332	23.95839
3333	23.74574
3334	23.62009
3335	23.82590
3336	24.24253
3337	24.58130
3338	24.77297
3339	24.92522
3340	25.05644
3341	25.10654
3342	25.12179
3343	25.21017
3344	25.26184
3345	24.97738
3346	24.22705
3347	23.15708
3348	22.00193
3349	20.93828
3350	20.02129
3351	19.17974
3352	18.30997
3353	17.35997
3354	16.33936
3355	15.28575
3356	14.20524
3357	13.06669
3358	11.85037
3359	10.55098
3360	9.17351
3361	7.75163
3362	6.32444
3363	4.91831
3364	3.55492
3365	2.23473
3366	0.95268
3367	-0.25924
3368	-1.37713
3369	-2.43571
3370	-3.46933
3371	-4.47916
3372	-5.47478
3373	-6.46768
3374	-7.41667
3375	-8.27744
3376	-9.07204
3377	-9.84008
3378	-10.60448
3379	-11.40749
3380	-12.27450
3381	-13.16604
3382	-14.01967
3383	-14.77909
3384	-15.40494
3385	-15.90238
3386	-16.30004
3387	-16.62842
3388	-16.92111
3389	-17.17827
3390	-17.36722
3391	-17.45995
3392	-17.40128
3393	-17.09176
3394	-16.45321
3395	-15.47837
3396	-14.23107
3397	-12.81612
3398	-11.33044
3399	-9.82204
3400	-8.27315
3401	-6.61600
3402	-4.79445
3403	-2.82317
3404	-0.76529
3405	1.33041
3406	3.43964
3407	5.52771
3408	7.54362
3409	9.46559
3410	11.32445
3411	13.14678
3412	14.91272
3413	16.60097
3414	18.21376
3415	19.74976
3416	21.18814
3417	22.49984
3418	23.69375
3419	24.79487
3420	25.76714
3421	26.55817
3422	27.18541
3423	27.69108
3424	28.08130
3425	28.35439
3426	28.51567
3427	28.54197
3428	28.39053
3429	28.05972
3430	27.60975
3431	27.07837
3432	26.41618
3433	25.58998
3434	24.70045
3435	23.91531
3436	23.33471
3437	22.95216
3438	22.73536
3439	22.75482
3440	23.09303
3441	23.63446
3442	24.13463
3443	24.44189
3444	24.54216
3445	24.45011
3446	24.19398
3447	23.89030
3448	23.69626
3449	23.65300
3450	23.60419
3451	23.30211
3452	22.68180
3453	21.89110
3454	21.03865
3455	20.12597
3456	19.18257
3457	18.27800
3458	17.42394
3459	16.56869
3460	15.66136
3461	14.67107
3462	13.59912
3463	12.49537
3464	11.39961
3465	10.26750
3466	9.01112
3467	7.63006
3468	6.23788
3469	4.91004
3470	3.59755
3471	2.24385
3472	0.87883
3473	-0.42736
3474	-1.63088
3475	-2.74431
3476	-3.80475
3477	-4.81848
3478	-5.78251
3479	-6.72349
3480	-7.65891
3481	-8.57725
3482	-9.45979
3483	-10.29830
3484	-11.10876
3485	-11.92430
3486	-12.76342
3487	-13.60423
3488	-14.39299
3489	-15.07910
3490	-15.63914
3491	-16.08029
3492	-16.43396
3493	-16.74794
3494	-17.06263
3495	-17.38082
3496	-17.69011
3497	-17.97536
3498	-18.20697
3499	-18.38042
3500	-18.50240
3501	-18.52634
3502	-18.37133
3503	-17.96891
3504	-17.28192
3505	-16.32850
3506	-15.18188
3507	-13.90818
3508	-12.52950
3509	-11.06705
3510	-9.55053
3511	-7.97149
3512	-6.31052
3513	-4.58028
3514	-2.77442
3515	-0.85949
3516	1.12191
3517	3.03940
3518	4.81238
3519	6.48407
3520	8.13671
3521	9.80465
3522	11.48580
3523	13.16206
3524	14.79494
3525	16.37034
3526	17.89476
3527	19.31811
3528	20.59834
3529	21.78934
3530	22.91803
3531	23.91808
3532	24.75873
3533	25.46391
3534	26.01400
3535	26.38517
3536	26.62205
3537	26.74134
3538	26.68594
3539	26.44825
3540	26.09427
3541	25.65812
3542	25.13452
3543	24.56112
3544	24.07406
3545	23.83713
3546	23.82505
3547	23.82513
3548	23.79294
3549	23.91886
3550	24.27877
3551	24.68158
3552	24.89150
3553	24.85103
3554	24.65629
3555	24.43302
3556	24.22938
3557	23.98911
3558	23.67164
3559	23.31196
3560	22.93237
3561	22.51757
3562	22.02917
3563	21.39499
3564	20.58011
3565	19.65144
3566	18.70836
3567	17.79153
3568	16.86513
3569	15.88055
3570	14.83692
3571	13.74737
3572	12.60698
3573	11.42258
3574	10.20517
3575	8.93671
3576	7.60337
3577	6.23001
3578	4.84215
3579	3.45949
3580	2.12432
3581	0.86494
3582	-0.33510
3583	-1.50231
3584	-2.62551
3585	-3.66024
3586	-4.60674
3587	-5.51651
3588	-6.41424
3589	-7.28378
3590	-8.11032
3591	-8.89280
3592	-9.63832
3593	-10.35901
3594	-11.06277
3595	-11.76549
3596	-12.49757
3597	-13.25706
3598	-13.99100
3599	-14.65277
3600	-15.24177
3601	-15.77088
3602	-16.23684
3603	-16.63279
3604	-16.97422
3605	-17.30076
3606	-17.62498
3607	-17.91570
3608	-18.15700
3609	-18.35961
3610	-18.49350
3611	-18.46262
3612	-18.16696
3613	-17.55172
3614	-16.63212
3615	-15.49669
3616	-14.23076
3617	-12.85456
3618	-11.36119
3619	-9.76526
3620	-8.08806
3621	-6.32869
3622	-4.47926
3623	-2.55272
3624	-0.57574
3625	1.42407
3626	3.41855
3627	5.38656
3628	7.30853
3629	9.17054
3630	10.98852
3631	12.78917
3632	14.57612
3633	16.33544
3634	18.04979
3635	19.71271
3636	21.31875
3637	22.81979
3638	24.13324
3639	25.21894
3640	26.13660
3641	26.98021
3642	27.73125
3643	28.29320
3644	28.65891
3645	28.88354
3646	28.95189
3647	28.79492
3648	28.39383
3649	27.84576
3650	27.26321
3651	26.60493
3652	25.79715
3653	25.00608
3654	24.52976
3655	24.38004
3656	24.23373
3657	23.94986
3658	23.81091
3659	24.06049
3660	24.54848
3661	24.96162
3662	25.13265
3663	25.07010
3664	24.89875
3665	24.77265
3666	24.71998
3667	24.60793
3668	24.30804
3669	23.83636
3670	23.28885
3671	22.68579
3672	21.97046
3673	21.13930
3674	20.25828
3675	19.36220
3676	18.43665
3677	17.49831
3678	16.58029
3679	15.64877
3680	14.64651
3681	13.56481
3682	12.41188
3683	11.18736
3684	9.89639
3685	8.55400
3686	7.20156
3687	5.89995
3688	4.67386
3689	3.49410
3690	2.31648
3691	1.13367
3692	-0.01267
3693	-1.08897
3694	-2.11251
3695	-3.11453
3696	-4.10427
3697	-5.07954
3698	-6.02830
3699	-6.91767
3700	-7.71442
3701	-8.42846
3702	-9.09893
3703	-9.75651
3704	-10.42000
3705	-11.09355
3706	-11.75312
3707	-12.38411
3708	-13.00410
3709	-13.61653
3710	-14.20094
3711	-14.73892
3712	-15.19788
3713	-15.54844
3714	-15.82022
3715	-16.06676
3716	-16.31412
3717	-16.57554
3718	-16.82068
3719	-16.97417
3720	-17.00389
3721	-16.90907
3722	-16.61453
3723	-15.98757
3724	-15.00369
3725	-13.80373
3726	-12.53122
3727	-11.21452
3728	-9.82832
3729	-8.34615
3730	-6.72762
3731	-4.95343
3732	-3.04313
3733	-1.01348
3734	1.09255
3735	3.18092
3736	5.18831
3737	7.13540
3738	9.05406
3739	10.92546
3740	12.73727
3741	14.51559
3742	16.26353
3743	17.95358
3744	19.57934
3745	21.15289
3746	22.65576
3747	24.03360
3748	25.25616
3749	26.31594
3750	27.18245
3751	27.86621
3752	28.43579
3753	28.91223
3754	29.25001
3755	29.40922
3756	29.38554
3757	29.19516
3758	28.86436
3759	28.43137
3760	27.90838
3761	27.25751
3762	26.46477
3763	25.65296
3764	25.06747
3765	24.80917
3766	24.68590
3767	24.58108
3768	24.66361
3769	25.01989
3770	25.47000
3771	25.81855
3772	26.06104
3773	26.30313
3774	26.54978
3775	26.69899
3776	26.73868
3777	26.69418
3778	26.41442
3779	25.77155
3780	24.86424
3781	23.89080
3782	22.97304
3783	22.09628
3784	21.20329
3785	20.28453
3786	19.33561
3787	18.32806
3788	17.27843
3789	16.22620
3790	15.15183
3791	14.02017
3792	12.82264
3793	11.52512
3794	10.10438
3795	8.62971
3796	7.19534
3797	5.81589
3798	4.45175
3799	3.08954
3800	1.76250
3801	0.49841
3802	-0.73173
3803	-1.96560
3804	-3.18032
3805	-4.34081
3806	-5.45781
3807	-6.54438
3808	-7.57488
3809	-8.53488
3810	-9.43370
3811	-10.28323
3812	-11.10638
3813	-11.91990
3814	-12.71494
3815	-13.46996
3816	-14.14794
3817	-14.70227
3818	-15.13847
3819	-15.53176
3820	-15.94831
3821	-16.37724
3822	-16.76267
3823	-17.07557
3824	-17.29362
3825	-17.36634
3826	-17.25012
3827	-16.90191
3828	-16.26491
3829	-15.32924
3830	-14.16579
3831	-12.87764
3832	-11.54591
3833	-10.19273
3834	-8.75476
3835	-7.14677
3836	-5.35681
3837	-3.42257
3838	-1.38149
3839	0.71455
3840	2.81199
3841	4.88817
3842	6.91273
3843	8.82869
3844	10.63445
3845	12.38813
3846	14.11197
3847	15.78079
3848	17.38400
3849	18.95912
3850	20.51914
3851	21.98743
3852	23.30534
3853	24.48193
3854	25.51089
3855	26.37988
3856	27.09005
3857	27.62919
3858	28.00286
3859	28.24828
3860	28.38141
3861	28.35228
3862	28.10250
3863	27.66195
3864	27.11698
3865	26.49597
3866	25.76364
3867	24.91597
3868	24.08149
3869	23.50289
3870	23.25760
3871	23.14153
3872	23.10109
3873	23.33221
3874	23.84052
3875	24.39118
3876	24.79747
3877	24.98167
3878	24.89114
3879	24.59187
3880	24.29221
3881	24.13427
3882	24.09268
3883	24.10762
3884	24.14369
3885	24.06642
3886	23.63562
3887	22.73428
3888	21.52921
3889	20.33717
3890	19.34045
3891	18.47519
3892	17.60905
3893	16.71175
3894	15.78292
3895	14.76845
3896	13.64787
3897	12.47163
3898	11.26128
3899	9.96311
3900	8.53741
3901	7.04263
3902	5.56302
3903	4.10648
3904	2.64097
3905	1.16476
3906	-0.27524
3907	-1.61880
3908	-2.85302
3909	-4.01042
3910	-5.12528
3911	-6.19277
3912	-7.19527
3913	-8.15894
3914	-9.11635
3915	-10.04389
3916	-10.91573
3917	-11.76866
3918	-12.64758
3919	-13.52998
3920	-14.34091
3921	-15.01818
3922	-15.57054
3923	-16.05996
3924	-16.51915
3925	-16.92530
3926	-17.23764
3927	-17.45025
3928	-17.59984
3929	-17.70387
3930	-17.73558
3931	-17.65830
3932	-17.44083
3933	-17.04636
3934	-16.45123
3935	-15.68967
3936	-14.80658
3937	-13.78486
3938	-12.58847
3939	-11.22169
3940	-9.68951
3941	-7.96513
3942	-6.05454
3943	-4.03354
3944	-1.98543
3945	0.04847
3946	2.05118
3947	4.00677
3948	5.91758
3949	7.81313
3950	9.69121
3951	11.49507
3952	13.19957
3953	14.84425
3954	16.45155
3955	18.00507
3956	19.48381
3957	20.87664
3958	22.21005
3959	23.49739
3960	24.67074
3961	25.65056
3962	26.41880
3963	27.00644
3964	27.45155
3965	27.75144
3966	27.88896
3967	27.87805
3968	27.72714
3969	27.43395
3970	27.03264
3971	26.56560
3972	26.03109
3973	25.43216
3974	24.86390
3975	24.47349
3976	24.29227
3977	24.17845
3978	24.06218
3979	24.10649
3980	24.43287
3981	24.89907
3982	25.27569
3983	25.46531
3984	25.49609
3985	25.41964
3986	25.27041
3987	25.06696
3988	24.79807
3989	24.40686
3990	23.86595
3991	23.29477
3992	22.83854
3993	22.39851
3994	21.70699
3995	20.66332
3996	19.43469
3997	18.25348
3998	17.19254
3999	16.19397
4000	15.21199
4001	14.19766
4002	13.09974
4003	11.93200
4004	10.71150
4005	9.41043
4006	8.03531
4007	6.64475
4008	5.25493
4009	3.84347
4010	2.45048
4011	1.10734
4012	-0.23574
4013	-1.56895
4014	-2.81154
4015	-3.95294
4016	-5.03886
4017	-6.09264
4018	-7.11910
4019	-8.13256
4020	-9.12938
4021	-10.07103
4022	-10.91626
4023	-11.66267
4024	-12.35799
4025	-13.05385
4026	-13.74391
4027	-14.37151
4028	-14.89818
4029	-15.34402
4030	-15.75180
4031	-16.13722
4032	-16.48892
4033	-16.79229
4034	-17.04610
4035	-17.26087
4036	-17.44940
4037	-17.62592
4038	-17.78406
4039	-17.87097
4040	-17.81386
4041	-17.56481
4042	-17.09993
4043	-16.39087
4044	-15.42208
4045	-14.23280
4046	-12.89131
4047	-11.45196
4048	-9.93732
4049	-8.31648
4050	-6.54703
4051	-4.64575
4052	-2.68096
4053	-0.71362
4054	1.24774
4055	3.21854
4056	5.16716
4057	7.03236
4058	8.80520
4059	10.54318
4060	12.29714
4061	14.04599
4062	15.73043
4063	17.33720
4064	18.88516
4065	20.36616
4066	21.76545
4067	23.05908
4068	24.19377
4069	25.14480
4070	25.93922
4071	26.59855
4072	27.11099
4073	27.47136
4074	27.70169
4075	27.77782
4076	27.63731
4077	27.30303
4078	26.86839
4079	26.36299
4080	25.74850
4081	25.03077
4082	24.33660
4083	23.86581
4084	23.66754
4085	23.51552
4086	23.24795
4087	23.06030
4088	23.17941
4089	23.51537
4090	23.84910
4091	24.13750
4092	24.40846
4093	24.57793
4094	24.61685
4095	24.67454
4096	24.84376
4097	24.95576
4098	24.74541
4099	24.11744
4100	23.18838
4101	22.14669
4102	21.10737
4103	20.10648
4104	19.14850
4105	18.21635
4106	17.28159
4107	16.31516
4108	15.30728
4109	14.26162
4110	13.14268
4111	11.89628
4112	10.52693
4113	9.08528
4114	7.61074
4115	6.11931
4116	4.61725
4117	3.12716
4118	1.68893
4119	0.30531
4120	-1.05214
4121	-2.37139
4122	-3.62803
4123	-4.84279
4124	-6.03807
4125	-7.19951
4126	-8.28260
4127	-9.23498
4128	-10.04584
4129	-10.76842
4130	-11.44467
4131	-12.07563
4132	-12.68306
4133	-13.31093
4134	-13.97267
4135	-14.64492
4136	-15.29736
4137	-15.91071
4138	-16.47692
4139	-16.96981
4140	-17.34969
4141	-17.62975
4142	-17.86770
4143	-18.09198
4144	-18.29121
4145	-18.43069
4146	-18.45948
4147	-18.34858
4148	-18.08796
4149	-17.61754
4150	-16.85970
4151	-15.84094
4152	-14.66740
4153	-13.39765
4154	-12.03668
4155	-10.57735
4156	-8.97406
4157	-7.16569
4158	-5.16204
4159	-3.04541
4160	-0.89456
4161	1.25096
4162	3.37427
4163	5.44991
4164	7.44954
4165	9.38371
4166	11.29375
4167	13.19610
4168	15.06190
4169	16.84617
4170	18.53091
4171	20.14433
4172	21.71798
4173	23.20974
4174	24.52227
4175	25.61668
4176	26.52982
4177	27.27854
4178	27.82504
4179	28.14401
4180	28.25126
4181	28.15763
4182	27.85376
4183	27.35084
4184	26.71464
4185	26.03452
4186	25.36389
4187	24.78039
4188	24.42654
4189	24.30581
4190	24.15393
4191	23.78270
4192	23.40762
4193	23.34886
4194	23.59344
4195	23.85131
4196	23.91338
4197	23.79412
4198	23.62683
4199	23.53426
4200	23.52949
4201	23.50412
4202	23.34462
4203	23.02297
4204	22.54827
4205	21.89363
4206	21.03821
4207	20.06084
4208	19.10641
4209	18.24829
4210	17.44326
4211	16.60913
4212	15.70583
4213	14.74307
4214	13.73250
4215	12.66690
4216	11.52187
4217	10.25889
4218	8.86352
4219	7.38092
4220	5.87510
4221	4.35506
4222	2.80699
4223	1.28727
4224	-0.12366
4225	-1.42929
4226	-2.66176
4227	-3.80316
4228	-4.84803
4229	-5.82613
4230	-6.77282
4231	-7.70788
4232	-8.61232
4233	-9.46590
4234	-10.27510
4235	-11.03220
4236	-11.73120
4237	-12.41572
4238	-13.11774
4239	-13.79639
4240	-14.40236
4241	-14.94167
4242	-15.44371
4243	-15.90009
4244	-16.26533
4245	-16.54754
4246	-16.82955
4247	-17.12988
4248	-17.37923
4249	-17.56343
4250	-17.71254
4251	-17.79173
4252	-17.73501
4253	-17.52385
4254	-17.17487
4255	-16.66587
4256	-15.93210
4257	-14.96995
4258	-13.84696
4259	-12.60071
4260	-11.22080
4261	-9.69932
4262	-8.04301
4263	-6.28119
4264	-4.47182
4265	-2.64753
4266	-0.78383
4267	1.14053
4268	3.07834
4269	4.94283
4270	6.71411
4271	8.44020
4272	10.12964
4273	11.75878
4274	13.33902
4275	14.88824
4276	16.40726
4277	17.89474
4278	19.32121
4279	20.61824
4280	21.76662
4281	22.83488
4282	23.83728
4283	24.67482
4284	25.29703
4285	25.75238
4286	26.07713
4287	26.27177
4288	26.32549
4289	26.21650
4290	25.94251
4291	25.53353
4292	25.02017
4293	24.42261
4294	23.73806
4295	22.95356
4296	22.17166
4297	21.65973
4298	21.57271
4299	21.73134
4300	21.97453
4301	22.41019
4302	23.04018
4303	23.61824
4304	23.97632
4305	24.14172
4306	24.14886
4307	24.01299
4308	23.84205
4309	23.76701
4310	23.77481
4311	23.72203
4312	23.51685
4313	23.14214
4314	22.53425
4315	21.65716
4316	20.64599
4317	19.69890
4318	18.86057
4319	18.02700
4320	17.13129
4321	16.20105
4322	15.25609
4323	14.26576
4324	13.19013
4325	12.02484
4326	10.80321
4327	9.53033
4328	8.19175
4329	6.82976
4330	5.50320
4331	4.21115
4332	2.91586
4333	1.61312
4334	0.34177
4335	-0.87841
4336	-2.05416
4337	-3.17034
4338	-4.21463
4339	-5.22998
4340	-6.25391
4341	-7.25444
4342	-8.18038
4343	-9.01987
4344	-9.77520
4345	-10.44020
4346	-11.04634
4347	-11.66240
4348	-12.31859
4349	-12.99589
4350	-13.67432
4351	-14.32862
4352	-14.90318
4353	-15.36535
4354	-15.75494
4355	-16.10939
4356	-16.42222
4357	-16.69625
4358	-16.94843
4359	-17.19187
4360	-17.40640
4361	-17.52042
4362	-17.47272
4363	-17.23659
4364	-16.77977
4365	-16.06199
4366	-15.08288
4367	-13.91347
4368	-12.63679
4369	-11.29021
4370	-9.88282
4371	-8.40125
4372	-6.81594
4373	-5.12366
4374	-3.35462
4375	-1.54300
4376	0.29597
4377	2.15736
4378	4.00956
4379	5.80983
4380	7.54637
4381	9.22321
4382	10.84449
4383	12.42281
4384	13.96970
4385	15.48142
4386	16.94793
4387	18.36519
4388	19.73063
4389	21.01813
4390	22.17930
4391	23.21874
4392	24.18599
4393	25.06315
4394	25.78391
4395	26.33614
4396	26.75350
4397	27.06240
4398	27.26023
4399	27.31344
4400	27.20591
4401	26.96696
4402	26.62445
4403	26.16784
4404	25.60307
4405	25.03813
4406	24.63849
4407	24.44492
4408	24.30408
4409	24.10341
4410	23.99121
4411	24.15831
4412	24.52896
4413	24.84025
4414	24.93588
4415	24.85997
4416	24.72563
4417	24.62571
4418	24.60401
4419	24.59481
4420	24.44009
4421	24.00906
4422	23.33373
4423	22.56000
4424	21.76718
4425	20.94253
4426	20.08833
4427	19.23886
4428	18.38727
4429	17.46910
4430	16.44025
4431	15.33911
4432	14.25519
4433	13.23075
4434	12.19976
4435	11.07657
4436	9.85047
4437	8.55355
4438	7.23594
4439	5.93405
4440	4.63845
4441	3.34806
4442	2.07703
4443	0.82465
4444	-0.40229
4445	-1.59235
4446	-2.74337
4447	-3.86149
4448	-4.96130
4449	-6.05456
4450	-7.12942
4451	-8.15069
4452	-9.09193
4453	-9.95403
4454	-10.73551
4455	-11.43923
4456	-12.10851
4457	-12.79670
4458	-13.51359
4459	-14.22366
4460	-14.87296
4461	-15.42556
4462	-15.88980
4463	-16.31566
4464	-16.75062
4465	-17.19380
4466	-17.62506
4467	-18.01920
4468	-18.29839
4469	-18.37494
4470	-18.23440
4471	-17.90030
4472	-17.35786
4473	-16.58203
4474	-15.62454
4475	-14.58414
4476	-13.49044
4477	-12.29608
4478	-10.96843
4479	-9.52020
4480	-7.94674
4481	-6.21631
4482	-4.33293
4483	-2.34505
4484	-0.30327
4485	1.76217
4486	3.83964
4487	5.91670
4488	7.96746
4489	9.96994
4490	11.92033
4491	13.82728
4492	15.70499
4493	17.54366
4494	19.30238
4495	20.94472
4496	22.45528
4497	23.84549
4498	25.12148
4499	26.24996
4500	27.19986
4501	27.96705
4502	28.55822
4503	28.98285
4504	29.23877
4505	29.32086
4506	29.25524
4507	29.06814
4508	28.76005
4509	28.34683
4510	27.83799
4511	27.20450
4512	26.45671
4513	25.70534
4514	25.11439
4515	24.73304
4516	24.42790
4517	24.16989
4518	24.14838
4519	24.46293
4520	24.92565
4521	25.24762
4522	25.32932
4523	25.30532
4524	25.34077
4525	25.48068
4526	25.64917
4527	25.65347
4528	25.29839
4529	24.59209
4530	23.71309
4531	22.80934
4532	21.92128
4533	21.04274
4534	20.18299
4535	19.35689
4536	18.53022
4537	17.63362
4538	16.65588
4539	15.65069
4540	14.63540
4541	13.57211
4542	12.43525
4543	11.20932
4544	9.86587
4545	8.41674
4546	6.94751
4547	5.52732
4548	4.13581
4549	2.73380
4550	1.32600
4551	-0.04740
4552	-1.34158
4553	-2.56031
4554	-3.74043
4555	-4.88980
4556	-6.00606
4557	-7.09517
4558	-8.14875
4559	-9.14810
4560	-10.07999
4561	-10.92832
4562	-11.68859
4563	-12.38780
4564	-13.05370
4565	-13.67117
4566	-14.20921
4567	-14.68334
4568	-15.13825
4569	-15.57858
4570	-15.97259
4571	-16.32079
4572	-16.65366
4573	-16.96290
4574	-17.22538
4575	-17.45144
4576	-17.62855
4577	-17.70011
4578	-17.62701
4579	-17.38264
4580	-16.90780
4581	-16.15076
4582	-15.14758
4583	-14.00597
4584	-12.79520
4585	-11.48532
4586	-10.03692
4587	-8.48963
4588	-6.88890
4589	-5.21506
4590	-3.44155
4591	-1.58044
4592	0.33240
4593	2.24276
4594	4.11688
4595	5.97238
4596	7.80374
4597	9.56558
4598	11.26126
4599	12.92360
4600	14.53744
4601	16.08231
4602	17.58393
4603	19.06445
4604	20.50668
4605	21.86069
4606	23.07776
4607	24.16170
4608	25.13567
4609	25.98155
4610	26.67154
4611	27.19530
4612	27.54205
4613	27.73192
4614	27.81616
4615	27.79673
4616	27.63568
4617	27.35020
4618	26.99198
4619	26.57071
4620	26.08575
4621	25.61010
4622	25.25825
4623	25.04316
4624	24.84057
4625	24.59329
4626	24.48489
4627	24.71993
4628	25.16324
4629	25.44819
4630	25.39420
4631	25.10798
4632	24.81144
4633	24.68175
4634	24.71421
4635	24.69299
4636	24.37879
4637	23.75125
4638	22.98247
4639	22.19446
4640	21.36707
4641	20.47487
4642	19.56463
4643	18.67520
4644	17.78752
4645	16.85497
4646	15.84565
4647	14.78043
4648	13.69247
4649	12.56082
4650	11.33735
4651	10.00410
4652	8.60743
4653	7.22404
4654	5.86018
4655	4.47040
4656	3.08099
4657	1.76397
4658	0.51323
4659	-0.71003
4660	-1.88190
4661	-2.98590
4662	-4.06224
4663	-5.13276
4664	-6.17882
4665	-7.17301
4666	-8.10365
4667	-8.96585
4668	-9.73707
4669	-10.40753
4670	-11.00503
4671	-11.55494
4672	-12.08652
4673	-12.64815
4674	-13.25195
4675	-13.87493
4676	-14.50935
4677	-15.13947
4678	-15.71857
4679	-16.21538
4680	-16.62727
4681	-16.96511
4682	-17.27798
4683	-17.61769
4684	-17.98321
4685	-18.33679
4686	-18.61137
4687	-18.74494
4688	-18.70994
4689	-18.47050
4690	-17.97044
4691	-17.15647
4692	-16.04800
4693	-14.77566
4694	-13.43422
4695	-11.99779
4696	-10.45201
4697	-8.83224
4698	-7.13557
4699	-5.34596
4700	-3.47109
4701	-1.49873
4702	0.56723
4703	2.65742
4704	4.70659
4705	6.70590
4706	8.66706
4707	10.58448
4708	12.44443
4709	14.26683
4710	16.10250
4711	17.94566
4712	19.70354
4713	21.29493
4714	22.71776
4715	23.99125
4716	25.09839
4717	26.02622
4718	26.77593
4719	27.32033
4720	27.65654
4721	27.85073
4722	27.94305
4723	27.89870
4724	27.68293
4725	27.32606
4726	26.90392
4727	26.44338
4728	25.89091
4729	25.23576
4730	24.60523
4731	24.21059
4732	24.13907
4733	24.18034
4734	24.12625
4735	24.13652
4736	24.45917
4737	25.00864
4738	25.45806
4739	25.60729
4740	25.48461
4741	25.24166
4742	25.07982
4743	25.10577
4744	25.21788
4745	25.19971
4746	24.86525
4747	24.21142
4748	23.41810
4749	22.63437
4750	21.85625
4751	21.03189
4752	20.16288
4753	19.27026
4754	18.34179
4755	17.37537
4756	16.40448
4757	15.42234
4758	14.37299
4759	13.23655
4760	12.02701
4761	10.73819
4762	9.37195
4763	7.96654
4764	6.55834
4765	5.17996
4766	3.85957
4767	2.56587
4768	1.27060
4769	0.02792
4770	-1.12288
4771	-2.20046
4772	-3.21153
4773	-4.17936
4774	-5.18104
4775	-6.22206
4776	-7.18083
4777	-8.00006
4778	-8.78033
4779	-9.57607
4780	-10.33136
4781	-11.05982
4782	-11.85644
4783	-12.73967
4784	-13.63294
4785	-14.46829
4786	-15.19974
4787	-15.78759
4788	-16.25747
4789	-16.68637
4790	-17.12654
4791	-17.59193
4792	-18.03736
4793	-18.35209
4794	-18.44260
4795	-18.27195
4796	-17.81535
4797	-17.07872
4798	-16.11891
4799	-14.98271
4800	-13.69756
4801	-12.30850
4802	-10.85691
4803	-9.35890
4804	-7.80499
4805	-6.15777
4806	-4.39219
4807	-2.52675
4808	-0.59503
4809	1.37708
4810	3.36999
4811	5.36101
4812	7.30349
4813	9.15071
4814	10.90712
4815	12.61195
4816	14.29846
4817	15.98312
4818	17.63840
4819	19.19946
4820	20.64572
4821	22.01260
4822	23.29813
4823	24.45186
4824	25.45072
4825	26.29890
4826	27.00068
4827	27.55819
4828	27.96327
4829	28.21627
4830	28.32182
4831	28.26324
4832	28.01949
4833	27.59985
4834	27.06826
4835	26.50311
4836	25.91139
4837	25.26361
4838	24.64182
4839	24.25755
4840	24.17688
4841	24.14325
4842	23.99020
4843	23.93499
4844	24.18000
4845	24.60212
4846	24.95313
4847	25.11721
4848	25.11975
4849	25.03208
4850	24.91161
4851	24.79317
4852	24.68267
4853	24.50215
4854	24.11127
4855	23.51059
4856	22.81381
4857	22.03345
4858	21.11952
4859	20.10149
4860	19.05836
4861	18.02457
4862	16.99568
4863	15.96456
4864	14.91432
4865	13.83794
4866	12.75505
4867	11.67019
4868	10.54931
4869	9.35280
4870	8.06735
4871	6.71846
4872	5.34824
4873	3.97007
4874	2.56999
4875	1.14068
4876	-0.29027
4877	-1.67925
4878	-3.02333
4879	-4.33941
4880	-5.61237
4881	-6.82279
4882	-7.98999
4883	-9.12437
4884	-10.18901
4885	-11.15060
4886	-12.00440
4887	-12.74431
4888	-13.37563
4889	-13.94551
4890	-14.50024
4891	-15.04169
4892	-15.56627
4893	-16.07974
4894	-16.56157
4895	-16.99374
4896	-17.40195
4897	-17.82873
4898	-18.28679
4899	-18.73817
4900	-19.12989
4901	-19.43835
4902	-19.64080
4903	-19.70061
4904	-19.58146
4905	-19.23393
4906	-18.63173
4907	-17.79736
4908	-16.76759
4909	-15.59346
4910	-14.33471
4911	-13.01104
4912	-11.61211
4913	-10.13614
4914	-8.56202
4915	-6.85728
4916	-5.04363
4917	-3.18120
4918	-1.28770
4919	0.66495
4920	2.69238
4921	4.75922
4922	6.78803
4923	8.73000
4924	10.59334
4925	12.39480
4926	14.14274
4927	15.85031
4928	17.51975
4929	19.13294
4930	20.67874
4931	22.14977
4932	23.50371
4933	24.69424
4934	25.72258
4935	26.58952
4936	27.24890
4937	27.67738
4938	27.92810
4939	28.05682
4940	28.05617
4941	27.88728
4942	27.54822
4943	27.10055
4944	26.62466
4945	26.12225
4946	25.55668
4947	25.04972
4948	24.82948
4949	24.86124
4950	24.81745
4951	24.60106
4952	24.51011
4953	24.75523
4954	25.14427
4955	25.36411
4956	25.34378
4957	25.19018
4958	24.98161
4959	24.78716
4960	24.72353
4961	24.80836
4962	24.81168
4963	24.49336
4964	23.86764
4965	23.04304
4966	22.05660
4967	20.97320
4968	19.91891
4969	18.95522
4970	18.03284
4971	17.08225
4972	16.09206
4973	15.07148
4974	14.00798
4975	12.89862
4976	11.74805
4977	10.54059
4978	9.25768
4979	7.89590
4980	6.47667
4981	5.05217
4982	3.65271
4983	2.24606
4984	0.80380
4985	-0.64302
4986	-2.04637
4987	-3.37412
4988	-4.61939
4989	-5.81763
4990	-7.01074
4991	-8.17546
4992	-9.24789
4993	-10.20099
4994	-11.03341
4995	-11.73940
4996	-12.35301
4997	-12.94816
4998	-13.56133
4999	-14.17801
5000	-14.78824
5001	-15.40805
5002	-16.03933
5003	-16.65121
5004	-17.24385
5005	-17.83404
5006	-18.36946
5007	-18.79110
5008	-19.09599
5009	-19.26615
5010	-19.23290
5011	-18.93546
5012	-18.37749
5013	-17.58170
5014	-16.54233
5015	-15.30180
5016	-13.96750
5017	-12.60554
5018	-11.21244
5019	-9.76899
5020	-8.24002
5021	-6.57552
5022	-4.75911
5023	-2.82528
5024	-0.83010
5025	1.18001
5026	3.17977
5027	5.15960
5028	7.10711
5029	8.99821
5030	10.82278
5031	12.60271
5032	14.36233
5033	16.09331
5034	17.75652
5035	19.31319
5036	20.76481
5037	22.13788
5038	23.42705
5039	24.59039
5040	25.59070
5041	26.42947
5042	27.12620
5043	27.67023
5044	28.03055
5045	28.18965
5046	28.15735
5047	27.95491
5048	27.57815
5049	27.02823
5050	26.36554
5051	25.64857
5052	24.87733
5053	24.09432
5054	23.52972
5055	23.45131
5056	23.67654
5057	23.70722
5058	23.56102
5059	23.70175
5060	24.26687
5061	24.91994
5062	25.28922
5063	25.26342
5064	24.98630
5065	24.70861
5066	24.54932
5067	24.39353
5068	24.11462
5069	23.72950
5070	23.28026
5071	22.74868
5072	22.08587
5073	21.27198
5074	20.36710
5075	19.47011
5076	18.61405
5077	17.76444
5078	16.89768
5079	15.99178
5080	14.98615
5081	13.84917
5082	12.64195
5083	11.43073
5084	10.19090
5085	8.86321
5086	7.43927
5087	5.95897
5088	4.46337
5089	2.96525
5090	1.48499
5091	0.07581
5092	-1.23280
5093	-2.44360
5094	-3.55734
5095	-4.59117
5096	-5.58217
5097	-6.55412
5098	-7.51695
5099	-8.47302
5100	-9.41854
5101	-10.35434
5102	-11.29097
5103	-12.24471
5104	-13.23230
5105	-14.23974
5106	-15.19331
5107	-16.01641
5108	-16.70647
5109	-17.29419
5110	-17.78569
5111	-18.18928
5112	-18.52580
5113	-18.82879
5114	-19.13608
5115	-19.42476
5116	-19.61251
5117	-19.63906
5118	-19.48283
5119	-19.11813
5120	-18.50240
5121	-17.60592
5122	-16.47786
5123	-15.22794
5124	-13.88958
5125	-12.41455
5126	-10.79664
5127	-9.05315
5128	-7.15820
5129	-5.10840
5130	-2.96767
5131	-0.81141
5132	1.30592
5133	3.35644
5134	5.34408
5135	7.27500
5136	9.14682
5137	10.97380
5138	12.77044
5139	14.53139
5140	16.23681
5141	17.85266
5142	19.36916
5143	20.81033
5144	22.15337
5145	23.33267
5146	24.34354
5147	25.23795
5148	26.04500
5149	26.75955
5150	27.35448
5151	27.79692
5152	28.09103
5153	28.26588
5154	28.31252
5155	28.19341
5156	27.92523
5157	27.57388
5158	27.14211
5159	26.56109
5160	25.82676
5161	25.06006
5162	24.41999
5163	23.99117
5164	23.75270
5165	23.69715
5166	23.89474
5167	24.31851
5168	24.76806
5169	25.04852
5170	25.08905
5171	24.92964
5172	24.70832
5173	24.58235
5174	24.59048
5175	24.61538
5176	24.45893
5177	24.01121
5178	23.33002
5179	22.49891
5180	21.54033
5181	20.50339
5182	19.49177
5183	18.56583
5184	17.69002
5185	16.79184
5186	15.83689
5187	14.82823
5188	13.75745
5189	12.59669
5190	11.34374
5191	10.02420
5192	8.64177
5193	7.21180
5194	5.80571
5195	4.45357
5196	3.10355
5197	1.73047
5198	0.37218
5199	-0.92302
5200	-2.13024
5201	-3.25322
5202	-4.30657
5203	-5.30545
5204	-6.25600
5205	-7.15222
5206	-7.99855
5207	-8.82491
5208	-9.64481
5209	-10.42128
5210	-11.13723
5211	-11.86094
5212	-12.65499
5213	-13.48246
5214	-14.26613
5215	-14.96483
5216	-15.56558
5217	-16.05910
5218	-16.45975
5219	-16.81670
5220	-17.15691
5221	-17.46429
5222	-17.73565
5223	-17.99466
5224	-18.23157
5225	-18.36921
5226	-18.32034
5227	-18.05058
5228	-17.53603
5229	-16.74708
5230	-15.73018
5231	-14.57156
5232	-13.30042
5233	-11.92913
5234	-10.47865
5235	-8.91391
5236	-7.18675
5237	-5.33012
5238	-3.40374
5239	-1.42871
5240	0.56915
5241	2.54218
5242	4.46720
5243	6.35819
5244	8.22641
5245	10.05715
5246	11.83992
5247	13.59039
5248	15.32161
5249	17.00851
5250	18.61934
5251	20.15129
5252	21.59338
5253	22.91782
5254	24.10642
5255	25.13582
5256	25.98543
5257	26.66232
5258	27.18165
5259	27.53651
5260	27.71549
5261	27.75466
5262	27.69532
5263	27.50834
5264	27.15519
5265	26.65089
5266	25.99733
5267	25.16099
5268	24.20712
5269	23.43344
5270	23.17224
5271	23.35421
5272	23.64306
5273	23.96668
5274	24.43829
5275	25.03458
5276	25.61567
5277	26.08230
5278	26.35224
5279	26.32615
5280	26.03653
5281	25.68718
5282	25.44990
5283	25.30231
5284	25.10346
5285	24.79360
5286	24.39807
5287	23.81377
5288	22.88468
5289	21.71135
5290	20.55686
5291	19.50892
5292	18.48152
5293	17.40961
5294	16.28911
5295	15.12787
5296	13.92688
5297	12.67422
5298	11.34187
5299	9.92528
5300	8.47588
5301	7.05447
5302	5.68304
5303	4.34088
5304	2.97681
5305	1.55470
5306	0.10075
5307	-1.31657
5308	-2.65140
5309	-3.91028
5310	-5.12029
5311	-6.28451
5312	-7.38877
5313	-8.42259
5314	-9.37330
5315	-10.21816
5316	-10.95801
5317	-11.62766
5318	-12.25198
5319	-12.83629
5320	-13.39763
5321	-13.95604
5322	-14.50615
5323	-15.02590
5324	-15.49936
5325	-15.92110
5326	-16.28976
5327	-16.62107
5328	-16.95915
5329	-17.33217
5330	-17.70233
5331	-18.01192
5332	-18.24388
5333	-18.38046
5334	-18.36375
5335	-18.14358
5336	-17.70987
5337	-17.06348
5338	-16.20394
5339	-15.14609
5340	-13.91041
5341	-12.51000
5342	-10.96328
5343	-9.29846
5344	-7.54254
5345	-5.72941
5346	-3.89066
5347	-2.01783
5348	-0.07820
5349	1.92114
5350	3.91282
5351	5.82983
5352	7.66724
5353	9.47408
5354	11.29463
5355	13.11733
5356	14.90219
5357	16.64055
5358	18.33486
5359	19.95076
5360	21.44451
5361	22.82368
5362	24.11533
5363	25.28471
5364	26.26399
5365	27.03247
5366	27.60417
5367	27.98219
5368	28.18317
5369	28.23763
5370	28.13060
5371	27.85268
5372	27.44804
5373	26.96740
5374	26.44304
5375	25.89775
5376	25.42316
5377	25.20506
5378	25.22992
5379	25.16147
5380	24.88960
5381	24.76172
5382	25.02220
5383	25.46198
5384	25.68856
5385	25.52034
5386	25.07757
5387	24.60188
5388	24.27564
5389	24.13766
5390	24.06475
5391	23.85800
5392	23.41393
5393	22.79398
5394	22.09507
5395	21.32644
5396	20.47995
5397	19.60396
5398	18.72125
5399	17.80047
5400	16.84220
5401	15.86882
5402	14.86475
5403	13.83065
5404	12.80354
5405	11.75327
5406	10.59212
5407	9.28954
5408	7.87962
5409	6.41793
5410	4.94998
5411	3.48911
5412	2.04064
5413	0.61655
5414	-0.77069
5415	-2.11079
5416	-3.40134
5417	-4.63670
5418	-5.81359
5419	-6.95016
5420	-8.06803
5421	-9.15804
5422	-10.19581
5423	-11.14061
5424	-11.93614
5425	-12.58875
5426	-13.18639
5427	-13.78439
5428	-14.35970
5429	-14.89518
5430	-15.42105
5431	-15.94803
5432	-16.43276
5433	-16.84947
5434	-17.24000
5435	-17.66349
5436	-18.12150
5437	-18.55680
5438	-18.92070
5439	-19.20078
5440	-19.38146
5441	-19.42283
5442	-19.29044
5443	-18.98192
5444	-18.48896
5445	-17.76696
5446	-16.80429
5447	-15.65615
5448	-14.36429
5449	-12.93032
5450	-11.36771
5451	-9.69556
5452	-7.91354
5453	-6.03193
5454	-4.07850
5455	-2.06599
5456	-0.00047
5457	2.08543
5458	4.14138
5459	6.14160
5460	8.09531
5461	10.00709
5462	11.86503
5463	13.68029
5464	15.47501
5465	17.24308
5466	18.97789
5467	20.66232
5468	22.21481
5469	23.58040
5470	24.80744
5471	25.91246
5472	26.82609
5473	27.52303
5474	28.05533
5475	28.45800
5476	28.70148
5477	28.72968
5478	28.52429
5479	28.12889
5480	27.60062
5481	26.94366
5482	26.15977
5483	25.36037
5484	24.77614
5485	24.60180
5486	24.69458
5487	24.66923
5488	24.48815
5489	24.48722
5490	24.83843
5491	25.31425
5492	25.56144
5493	25.45871
5494	25.16273
5495	24.91821
5496	24.84318
5497	24.85302
5498	24.77752
5499	24.49282
5500	24.00480
5501	23.42389
5502	22.81071
5503	22.11752
5504	21.30451
5505	20.41590
5506	19.50223
5507	18.56130
5508	17.58946
5509	16.60579
5510	15.61983
5511	14.62566
5512	13.59717
5513	12.47096
5514	11.20454
5515	9.84033
5516	8.44589
5517	7.03760
5518	5.60283
5519	4.14688
5520	2.69638
5521	1.27788
5522	-0.09227
5523	-1.39485
5524	-2.61211
5525	-3.75109
5526	-4.82344
5527	-5.83684
5528	-6.82617
5529	-7.82698
5530	-8.81954
5531	-9.76221
5532	-10.64101
5533	-11.47344
5534	-12.30154
5535	-13.15772
5536	-14.00870
5537	-14.78756
5538	-15.46714
5539	-16.04790
5540	-16.53499
5541	-16.96781
5542	-17.41301
5543	-17.89518
5544	-18.36920
5545	-18.78279
5546	-19.09962
5547	-19.24061
5548	-19.11804
5549	-18.74593
5550	-18.17654
5551	-17.37175
5552	-16.31855
5553	-15.13102
5554	-13.88083
5555	-12.53071
5556	-11.06985
5557	-9.52365
5558	-7.86962
5559	-6.06294
5560	-4.11702
5561	-2.10612
5562	-0.10093
5563	1.87110
5564	3.81960
5565	5.75095
5566	7.64047
5567	9.47441
5568	11.28670
5569	13.09810
5570	14.86407
5571	16.54372
5572	18.16537
5573	19.75985
5574	21.28959
5575	22.70822
5576	24.00274
5577	25.14897
5578	26.11775
5579	26.93379
5580	27.63610
5581	28.17478
5582	28.48437
5583	28.60516
5584	28.59501
5585	28.43608
5586	28.10037
5587	27.61210
5588	27.03752
5589	26.42777
5590	25.76689
5591	25.03394
5592	24.34240
5593	23.90618
5594	23.76205
5595	23.75467
5596	23.86685
5597	24.18798
5598	24.66083
5599	25.09726
5600	25.35616
5601	25.41874
5602	25.34051
5603	25.21871
5604	25.15515
5605	25.19061
5606	25.25294
5607	25.12757
5608	24.65518
5609	23.91951
5610	23.10933
5611	22.31711
5612	21.52928
5613	20.71979
5614	19.86057
5615	18.92295
5616	17.93455
5617	16.95239
5618	15.97576
5619	14.94966
5620	13.84659
5621	12.69628
5622	11.50628
5623	10.21799
5624	8.80789
5625	7.34518
5626	5.89671
5627	4.47232
5628	3.07058
5629	1.68597
5630	0.29936
5631	-1.06369
5632	-2.33678
5633	-3.51072
5634	-4.62187
5635	-5.68887
5636	-6.73583
5637	-7.79223
5638	-8.83848
5639	-9.83330
5640	-10.77769
5641	-11.67666
5642	-12.49130
5643	-13.20630
5644	-13.87710
5645	-14.54715
5646	-15.18080
5647	-15.72958
5648	-16.21165
5649	-16.66752
5650	-17.09781
5651	-17.49941
5652	-17.88995
5653	-18.26375
5654	-18.58451
5655	-18.83471
5656	-19.01998
5657	-19.11417
5658	-19.04683
5659	-18.74863
5660	-18.17240
5661	-17.31090
5662	-16.23301
5663	-15.04307
5664	-13.77898
5665	-12.42151
5666	-10.98127
5667	-9.46120
5668	-7.81426
5669	-6.03866
5670	-4.19470
5671	-2.30963
5672	-0.37023
5673	1.60955
5674	3.58220
5675	5.51197
5676	7.37854
5677	9.17405
5678	10.92701
5679	12.66917
5680	14.39370
5681	16.07795
5682	17.71019
5683	19.28905
5684	20.79189
5685	22.17099
5686	23.42938
5687	24.60004
5688	25.65215
5689	26.52526
5690	27.17933
5691	27.63722
5692	28.01618
5693	28.35425
5694	28.53073
5695	28.46560
5696	28.21117
5697	27.84798
5698	27.40059
5699	26.82572
5700	26.06914
5701	25.19342
5702	24.47974
5703	24.18892
5704	24.14316
5705	24.04126
5706	24.02081
5707	24.33295
5708	24.88135
5709	25.35223
5710	25.53432
5711	25.46294
5712	25.38734
5713	25.51043
5714	25.77491
5715	25.96534
5716	25.86838
5717	25.38964
5718	24.61606
5719	23.73069
5720	22.86875
5721	22.05477
5722	21.23971
5723	20.36614
5724	19.42719
5725	18.46557
5726	17.50050
5727	16.48869
5728	15.38467
5729	14.21120
5730	13.00674
5731	11.73865
5732	10.35838
5733	8.88844
5734	7.40295
5735	5.95309
5736	4.53396
5737	3.12294
5738	1.70282
5739	0.28733
5740	-1.05695
5741	-2.29667
5742	-3.48348
5743	-4.66374
5744	-5.81956
5745	-6.91690
5746	-7.95802
5747	-8.95270
5748	-9.87970
5749	-10.71640
5750	-11.47527
5751	-12.18195
5752	-12.84805
5753	-13.47199
5754	-14.03269
5755	-14.50684
5756	-14.92066
5757	-15.32349
5758	-15.71155
5759	-16.05717
5760	-16.38577
5761	-16.74753
5762	-17.14603
5763	-17.53836
5764	-17.87841
5765	-18.10673
5766	-18.13046
5767	-17.88956
5768	-17.38194
5769	-16.63715
5770	-15.72863
5771	-14.70935
5772	-13.55534
5773	-12.23853
5774	-10.78887
5775	-9.25203
5776	-7.62915
5777	-5.90655
5778	-4.11186
5779	-2.29037
5780	-0.46572
5781	1.34853
5782	3.14684
5783	4.94409
5784	6.73438
5785	8.48864
5786	10.21927
5787	11.94131
5788	13.61926
5789	15.24098
5790	16.83530
5791	18.39014
5792	19.85597
5793	21.22260
5794	22.50554
5795	23.68709
5796	24.71933
5797	25.56622
5798	26.25809
5799	26.84614
5800	27.29745
5801	27.55755
5802	27.65046
5803	27.61359
5804	27.44682
5805	27.15015
5806	26.74999
5807	26.28930
5808	25.78976
5809	25.28061
5810	24.89859
5811	24.75999
5812	24.68554
5813	24.42481
5814	24.10058
5815	24.03037
5816	24.28438
5817	24.61842
5818	24.75972
5819	24.67750
5820	24.53522
5821	24.46616
5822	24.52661
5823	24.72531
5824	24.94466
5825	24.97016
5826	24.69242
5827	24.11433
5828	23.23755
5829	22.12686
5830	20.95867
5831	19.88913
5832	18.94226
5833	18.04619
5834	17.12221
5835	16.13350
5836	15.07893
5837	13.96311
5838	12.78603
5839	11.54207
5840	10.22160
5841	8.83042
5842	7.39947
5843	5.96433
5844	4.53337
5845	3.09648
5846	1.66025
5847	0.23704
5848	-1.15955
5849	-2.49124
5850	-3.74302
5851	-4.95653
5852	-6.16386
5853	-7.35421
5854	-8.49679
5855	-9.55626
5856	-10.49200
5857	-11.28032
5858	-11.93786
5859	-12.50882
5860	-13.03449
5861	-13.53964
5862	-14.05686
5863	-14.62941
5864	-15.25123
5865	-15.85632
5866	-16.39983
5867	-16.89996
5868	-17.36116
5869	-17.72511
5870	-17.98960
5871	-18.26190
5872	-18.59755
5873	-18.92801
5874	-19.18226
5875	-19.33987
5876	-19.37027
5877	-19.21959
5878	-18.85636
5879	-18.25866
5880	-17.38676
5881	-16.25869
5882	-14.98089
5883	-13.63832
5884	-12.24333
5885	-10.78819
5886	-9.25603
5887	-7.60617
5888	-5.81620
5889	-3.91363
5890	-1.94296
5891	0.05893
5892	2.05359
5893	4.02342
5894	5.97546
5895	7.89576
5896	9.75774
5897	11.55972
5898	13.31305
5899	15.03984
5900	16.75845
5901	18.44166
5902	20.03937
5903	21.52755
5904	22.89796
5905	24.13572
5906	25.23410
5907	26.20403
5908	27.03602
5909	27.67945
5910	28.10205
5911	28.34018
5912	28.44735
5913	28.40611
5914	28.16361
5915	27.72364
5916	27.15954
5917	26.55054
5918	25.89759
5919	25.15602
5920	24.42334
5921	23.95630
5922	23.81120
5923	23.68525
5924	23.42964
5925	23.32827
5926	23.61990
5927	24.14304
5928	24.58967
5929	24.84863
5930	24.97765
5931	25.04449
5932	25.12216
5933	25.30545
5934	25.60069
5935	25.77209
5936	25.53011
5937	24.86439
5938	23.97368
5939	23.02195
5940	22.09013
5941	21.22715
5942	20.42233
5943	19.59424
5944	18.67232
5945	17.65223
5946	16.55134
5947	15.37330
5948	14.13624
5949	12.85650
5950	11.52422
5951	10.12834
5952	8.64245
5953	7.04124
5954	5.38621
5955	3.80557
5956	2.35394
5957	0.96858
5958	-0.40306
5959	-1.72969
5960	-2.96726
5961	-4.11226
5962	-5.19974
5963	-6.26354
5964	-7.30795
5965	-8.33542
5966	-9.35689
5967	-10.35914
5968	-11.31630
5969	-12.22815
5970	-13.12132
5971	-14.01818
5972	-14.89560
5973	-15.68992
5974	-16.35918
5975	-16.92535
5976	-17.43692
5977	-17.91723
5978	-18.37595
5979	-18.82406
5980	-19.27227
5981	-19.70852
5982	-20.03597
5983	-20.11765
5984	-19.89877
5985	-19.38139
5986	-18.54116
5987	-17.40187
5988	-16.09430
5989	-14.72385
5990	-13.29654
5991	-11.80121
5992	-10.21952
5993	-8.47557
5994	-6.50991
5995	-4.37948
5996	-2.20583
5997	-0.06836
5998	2.02882
5999	4.11438
6000	6.18298
6001	8.18890
6002	10.10204
6003	11.94551
6004	13.75931
6005	15.54383
6006	17.28112
6007	18.98297
6008	20.64708
6009	22.21026
6010	23.63023
6011	24.92374
6012	26.10361
6013	27.19432
6014	28.18815
6015	28.95090
6016	29.38877
6017	29.61643
6018	29.77839
6019	29.85780
6020	29.76216
6021	29.46161
6022	29.00575
6023	28.46343
6024	27.84619
6025	27.10388
6026	26.23435
6027	25.37838
6028	24.74632
6029	24.40442
6030	24.18457
6031	23.99973
6032	24.03250
6033	24.37939
6034	24.80883
6035	24.99885
6036	24.84033
6037	24.46694
6038	24.12008
6039	23.95903
6040	23.94031
6041	23.92544
6042	23.82428
6043	23.58165
6044	23.14763
6045	22.51611
6046	21.73232
6047	20.85284
6048	19.95426
6049	19.11347
6050	18.31006
6051	17.45733
6052	16.53194
6053	15.56703
6054	14.58424
6055	13.57333
6056	12.49290
6057	11.29720
6058	9.96337
6059	8.53314
6060	7.12056
6061	5.78103
6062	4.44017
6063	3.04007
6064	1.63802
6065	0.31515
6066	-0.90538
6067	-2.05153
6068	-3.15983
6069	-4.22944
6070	-5.24285
6071	-6.20555
6072	-7.13673
6073	-8.05114
6074	-8.96697
6075	-9.90080
6076	-10.84680
6077	-11.79749
6078	-12.76222
6079	-13.71015
6080	-14.54900
6081	-15.20860
6082	-15.70434
6083	-16.10286
6084	-16.44237
6085	-16.72042
6086	-16.95971
6087	-17.21683
6088	-17.53616
6089	-17.93498
6090	-18.36963
6091	-18.70715
6092	-18.82096
6093	-18.68253
6094	-18.30266
6095	-17.65663
6096	-16.71969
6097	-15.55613
6098	-14.29273
6099	-12.97275
6100	-11.55923
6101	-10.05993
6102	-8.50094
6103	-6.85262
6104	-5.09277
6105	-3.25818
6106	-1.37995
6107	0.54637
6108	2.49615
6109	4.40988
6110	6.26804
6111	8.10388
6112	9.94787
6113	11.79601
6114	13.62294
6115	15.39482
6116	17.09118
6117	18.73069
6118	20.32559
6119	21.82557
6120	23.16299
6121	24.33564
6122	25.38038
6123	26.29375
6124	27.04938
6125	27.63251
6126	28.04066
6127	28.30015
6128	28.43468
6129	28.42330
6130	28.23948
6131	27.88389
6132	27.39185
6133	26.80849
6134	26.13081
6135	25.36084
6136	24.66476
6137	24.30883
6138	24.26859
6139	24.21121
6140	24.08179
6141	24.16297
6142	24.54895
6143	25.02336
6144	25.38742
6145	25.63497
6146	25.79538
6147	25.85475
6148	25.87844
6149	25.99173
6150	26.14745
6151	26.04707
6152	25.50768
6153	24.66674
6154	23.71962
6155	22.75484
6156	21.81865
6157	20.92741
6158	20.04654
6159	19.12564
6160	18.12079
6161	17.02609
6162	15.89389
6163	14.77303
6164	13.65071
6165	12.47029
6166	11.17366
6167	9.75010
6168	8.27126
6169	6.82278
6170	5.42083
6171	4.04238
6172	2.66077
6173	1.26539
6174	-0.09552
6175	-1.38234
6176	-2.63521
6177	-3.87777
6178	-5.06746
6179	-6.18174
6180	-7.25142
6181	-8.29681
6182	-9.29526
6183	-10.20365
6184	-11.00618
6185	-11.73904
6186	-12.45791
6187	-13.19553
6188	-13.93627
6189	-14.63028
6190	-15.25844
6191	-15.84471
6192	-16.38180
6193	-16.84490
6194	-17.27322
6195	-17.71979
6196	-18.18020
6197	-18.61488
6198	-18.97494
6199	-19.21093
6200	-19.26461
6201	-19.08476
6202	-18.65132
6203	-17.94964
6204	-16.98229
6205	-15.81168
6206	-14.51619
6207	-13.13587
6208	-11.69217
6209	-10.18914
6210	-8.58723
6211	-6.84811
6212	-4.98704
6213	-3.04938
6214	-1.06514
6215	0.95487
6216	2.98656
6217	4.97330
6218	6.87394
6219	8.71850
6220	10.54917
6221	12.35468
6222	14.11242
6223	15.82166
6224	17.46968
6225	19.03402
6226	20.51416
6227	21.91178
6228	23.21150
6229	24.38059
6230	25.38028
6231	26.20159
6232	26.86086
6233	27.36951
6234	27.72830
6235	27.92842
6236	27.97592
6237	27.88552
6238	27.64779
6239	27.24826
6240	26.69874
6241	26.03894
6242	25.30839
6243	24.52829
6244	23.81626
6245	23.40851
6246	23.33268
6247	23.37019
6248	23.50603
6249	23.90043
6250	24.50406
6251	25.07904
6252	25.47392
6253	25.66625
6254	25.64075
6255	25.41959
6256	25.14026
6257	24.95284
6258	24.86245
6259	24.78694
6260	24.67703
6261	24.50943
6262	24.22407
6263	23.69294
6264	22.84809
6265	21.80823
6266	20.79371
6267	19.90966
6268	19.09125
6269	18.24042
6270	17.31334
6271	16.32328
6272	15.30643
6273	14.25943
6274	13.14764
6275	11.94972
6276	10.66321
6277	9.30456
6278	7.87559
6279	6.38274
6280	4.90738
6281	3.50705
6282	2.13696
6283	0.77698
6284	-0.54068
6285	-1.80903
6286	-3.02377
6287	-4.17032
6288	-5.25699
6289	-6.31422
6290	-7.37540
6291	-8.43805
6292	-9.45672
6293	-10.38797
6294	-11.21694
6295	-11.96170
6296	-12.67742
6297	-13.40155
6298	-14.09948
6299	-14.72297
6300	-15.27674
6301	-15.79334
6302	-16.29327
6303	-16.79058
6304	-17.29132
6305	-17.78036
6306	-18.23800
6307	-18.63846
6308	-18.93086
6309	-19.05329
6310	-18.96831
6311	-18.65943
6312	-18.10415
6313	-17.30085
6314	-16.29309
6315	-15.13905
6316	-13.87398
6317	-12.49793
6318	-11.02195
6319	-9.46681
6320	-7.81013
6321	-6.02470
6322	-4.13209
6323	-2.17325
6324	-0.16957
6325	1.86489
6326	3.90602
6327	5.93369
6328	7.93380
6329	9.88361
6330	11.77645
6331	13.63955
6332	15.49723
6333	17.33994
6334	19.12406
6335	20.80734
6336	22.38584
6337	23.86041
6338	25.21220
6339	26.41812
6340	27.44059
6341	28.25280
6342	28.89132
6343	29.41199
6344	29.81235
6345	30.03648
6346	30.03976
6347	29.83281
6348	29.47318
6349	29.03241
6350	28.54740
6351	27.99177
6352	27.36130
6353	26.79709
6354	26.46409
6355	26.25055
6356	25.91967
6357	25.57456
6358	25.52841
6359	25.82064
6360	26.15165
6361	26.22521
6362	25.98110
6363	25.57569
6364	25.24515
6365	25.11917
6366	25.12222
6367	25.05185
6368	24.76805
6369	24.31844
6370	23.82350
6371	23.27998
6372	22.60496
6373	21.78914
6374	20.89300
6375	19.96087
6376	19.01080
6377	18.06415
6378	17.12218
6379	16.14921
6380	15.11033
6381	13.98872
6382	12.77614
6383	11.47139
6384	10.08137
6385	8.64388
6386	7.23043
6387	5.87143
6388	4.53025
6389	3.18893
6390	1.88860
6391	0.66320
6392	-0.50393
6393	-1.63535
6394	-2.72687
6395	-3.77381
6396	-4.78764
6397	-5.79358
6398	-6.81351
6399	-7.81684
6400	-8.72949
6401	-9.51847
6402	-10.22662
6403	-10.91125
6404	-11.60807
6405	-12.33452
6406	-13.09144
6407	-13.85283
6408	-14.55998
6409	-15.16610
6410	-15.66108
6411	-16.03847
6412	-16.32967
6413	-16.62757
6414	-16.97811
6415	-17.35087
6416	-17.71852
6417	-18.06138
6418	-18.35320
6419	-18.57440
6420	-18.71080
6421	-18.76312
6422	-18.73366
6423	-18.57283
6424	-18.17887
6425	-17.47116
6426	-16.45079
6427	-15.19958
6428	-13.81493
6429	-12.33268
6430	-10.73233
6431	-9.00528
6432	-7.18658
6433	-5.31102
6434	-3.37817
6435	-1.39007
6436	0.62377
6437	2.63457
6438	4.61989
6439	6.55039
6440	8.42080
6441	10.26852
6442	12.12847
6443	13.99771
6444	15.85023
6445	17.67023
6446	19.44927
6447	21.14861
6448	22.72080
6449	24.15385
6450	25.43643
6451	26.51153
6452	27.33328
6453	27.92903
6454	28.33541
6455	28.54240
6456	28.54144
6457	28.34714
6458	27.98358
6459	27.48998
6460	26.91702
6461	26.29311
6462	25.64099
6463	25.07266
6464	24.76319
6465	24.71419
6466	24.65998
6467	24.43836
6468	24.27789
6469	24.44819
6470	24.85388
6471	25.14409
6472	25.11900
6473	24.88884
6474	24.67337
6475	24.54159
6476	24.36132
6477	23.97288
6478	23.38917
6479	22.79153
6480	22.28950
6481	21.78532
6482	21.14145
6483	20.33527
6484	19.42627
6485	18.47871
6486	17.52449
6487	16.58574
6488	15.69619
6489	14.84494
6490	13.94602
6491	12.92588
6492	11.79055
6493	10.55904
6494	9.20594
6495	7.72893
6496	6.19249
6497	4.66720
6498	3.18601
6499	1.75872
6500	0.38962
6501	-0.92305
6502	-2.20140
6503	-3.46440
6504	-4.68857
6505	-5.84424
6506	-6.93845
6507	-8.00577
6508	-9.07008
6509	-10.11605
6510	-11.09329
6511	-11.96411
6512	-12.74390
6513	-13.49042
6514	-14.23420
6515	-14.92848
6516	-15.52944
6517	-16.08984
6518	-16.66849
6519	-17.21826
6520	-17.67250
6521	-18.06102
6522	-18.43690
6523	-18.77596
6524	-19.03358
6525	-19.19026
6526	-19.22330
6527	-19.10314
6528	-18.78709
6529	-18.23131
6530	-17.43968
6531	-16.45419
6532	-15.30663
6533	-14.00996
6534	-12.56920
6535	-10.98723
6536	-9.25931
6537	-7.39453
6538	-5.43670
6539	-3.42503
6540	-1.38102
6541	0.65882
6542	2.64896
6543	4.58396
6544	6.49081
6545	8.33331
6546	10.05387
6547	11.70448
6548	13.36131
6549	15.00593
6550	16.57804
6551	18.04198
6552	19.41734
6553	20.75943
6554	22.05833
6555	23.23812
6556	24.26314
6557	25.14413
6558	25.88487
6559	26.46136
6560	26.83465
6561	27.00503
6562	27.01677
6563	26.90823
6564	26.67850
6565	26.30267
6566	25.79310
6567	25.18576
6568	24.46484
6569	23.59241
6570	22.64562
6571	21.93508
6572	21.78983
6573	22.08526
6574	22.44383
6575	22.85447
6576	23.48685
6577	24.24733
6578	24.88860
6579	25.29336
6580	25.47240
6581	25.43300
6582	25.20629
6583	24.97524
6584	24.97179
6585	25.18055
6586	25.30161
6587	25.09575
6588	24.58075
6589	23.84056
6590	22.88726
6591	21.75725
6592	20.58156
6593	19.47639
6594	18.43735
6595	17.40337
6596	16.35078
6597	15.28714
6598	14.21190
6599	13.10012
6600	11.93343
6601	10.71206
6602	9.40900
6603	8.02025
6604	6.61973
6605	5.25827
6606	3.90292
6607	2.50110
6608	1.05468
6609	-0.36734
6610	-1.69993
6611	-2.93331
6612	-4.10300
6613	-5.26104
6614	-6.41932
6615	-7.53853
6616	-8.57739
6617	-9.53211
6618	-10.41402
6619	-11.22653
6620	-12.01221
6621	-12.85487
6622	-13.76441
6623	-14.65264
6624	-15.43928
6625	-16.10835
6626	-16.68436
6627	-17.18653
6628	-17.63157
6629	-18.04603
6630	-18.42214
6631	-18.73257
6632	-18.97851
6633	-19.13897
6634	-19.12906
6635	-18.86455
6636	-18.31064
6637	-17.46973
6638	-16.39824
6639	-15.18369
6640	-13.86462
6641	-12.45969
6642	-11.01757
6643	-9.53022
6644	-7.90305
6645	-6.08355
6646	-4.12077
6647	-2.09602
6648	-0.07194
6649	1.93524
6650	3.95729
6651	5.98549
6652	7.94198
6653	9.78345
6654	11.53426
6655	13.22691
6656	14.88298
6657	16.50861
6658	18.09063
6659	19.60993
6660	21.04519
6661	22.39300
6662	23.66923
6663	24.84911
6664	25.87785
6665	26.75427
6666	27.51925
6667	28.16379
6668	28.60896
6669	28.82089
6670	28.85811
6671	28.74202
6672	28.41656
6673	27.87390
6674	27.19637
6675	26.46984
6676	25.70612
6677	24.88898
6678	24.14994
6679	23.75636
6680	23.71429
6681	23.71036
6682	23.68824
6683	23.92123
6684	24.47248
6685	25.05906
6686	25.43452
6687	25.58985
6688	25.64508
6689	25.71302
6690	25.77628
6691	25.73752
6692	25.59411
6693	25.35159
6694	24.94848
6695	24.38828
6696	23.71792
6697	22.93728
6698	22.07891
6699	21.22796
6700	20.39301
6701	19.50880
6702	18.56159
6703	17.57666
6704	16.55844
6705	15.51434
6706	14.42978
6707	13.26554
6708	12.00792
6709	10.65249
6710	9.21170
6711	7.71033
6712	6.17792
6713	4.69443
6714	3.30204
6715	1.93576
6716	0.56117
6717	-0.77910
6718	-2.05760
6719	-3.27211
6720	-4.41867
6721	-5.50880
6722	-6.58434
6723	-7.68193
6724	-8.80276
6725	-9.92844
6726	-11.04614
6727	-12.13943
6728	-13.17305
6729	-14.10693
6730	-14.90237
6731	-15.52516
6732	-15.99310
6733	-16.38033
6734	-16.74666
6735	-17.10636
6736	-17.47270
6737	-17.87843
6738	-18.30128
6739	-18.64072
6740	-18.82108
6741	-18.81725
6742	-18.59852
6743	-18.14168
6744	-17.45166
6745	-16.56351
6746	-15.54384
6747	-14.44441
6748	-13.27654
6749	-12.03011
6750	-10.67699
6751	-9.18039
6752	-7.51242
6753	-5.65904
6754	-3.64198
6755	-1.55661
6756	0.48420
6757	2.46282
6758	4.43218
6759	6.40989
6760	8.36576
6761	10.25939
6762	12.06689
6763	13.80060
6764	15.47878
6765	17.08751
6766	18.60392
6767	20.02289
6768	21.35445
6769	22.60941
6770	23.76145
6771	24.77518
6772	25.69298
6773	26.55095
6774	27.27794
6775	27.83100
6776	28.27424
6777	28.63531
6778	28.83240
6779	28.78020
6780	28.50993
6781	28.14969
6782	27.79039
6783	27.40429
6784	26.93907
6785	26.44172
6786	26.01279
6787	25.64788
6788	25.22477
6789	24.76142
6790	24.51361
6791	24.65945
6792	25.06160
6793	25.39925
6794	25.45082
6795	25.24505
6796	24.99399
6797	24.88805
6798	24.91617
6799	24.90666
6800	24.70331
6801	24.27630
6802	23.71004
6803	23.07553
6804	22.35560
6805	21.52666
6806	20.62761
6807	19.71137
6808	18.78759
6809	17.84024
6810	16.85370
6811	15.81124
6812	14.72032
6813	13.60373
6814	12.44887
6815	11.22880
6816	9.93830
6817	8.57622
6818	7.14610
6819	5.67620
6820	4.20717
6821	2.76532
6822	1.35389
6823	-0.03237
6824	-1.37911
6825	-2.65337
6826	-3.82982
6827	-4.90780
6828	-5.91567
6829	-6.88650
6830	-7.83167
6831	-8.75853
6832	-9.66826
6833	-10.54421
6834	-11.37074
6835	-12.16491
6836	-12.97248
6837	-13.80572
6838	-14.60685
6839	-15.32267
6840	-15.96425
6841	-16.54442
6842	-17.03913
6843	-17.43435
6844	-17.73522
6845	-17.96468
6846	-18.18467
6847	-18.44360
6848	-18.72443
6849	-18.97776
6850	-19.15123
6851	-19.19440
6852	-19.08293
6853	-18.80210
6854	-18.30228
6855	-17.54917
6856	-16.58088
6857	-15.45413
6858	-14.18788
6859	-12.78629
6860	-11.26390
6861	-9.62794
6862	-7.89261
6863	-6.10193
6864	-4.29620
6865	-2.47259
6866	-0.59402
6867	1.35733
6868	3.34328
6869	5.30125
6870	7.19772
6871	9.04117
6872	10.84155
6873	12.59158
6874	14.30325
6875	16.00546
6876	17.68613
6877	19.30231
6878	20.84094
6879	22.28669
6880	23.58193
6881	24.70099
6882	25.67652
6883	26.51867
6884	27.20158
6885	27.71154
6886	28.05165
6887	28.22521
6888	28.23837
6889	28.09182
6890	27.78860
6891	27.36674
6892	26.89379
6893	26.39690
6894	25.83675
6895	25.22633
6896	24.71134
6897	24.41563
6898	24.25855
6899	24.12959
6900	24.17776
6901	24.57415
6902	25.15146
6903	25.54851
6904	25.64620
6905	25.67281
6906	25.83025
6907	26.04743
6908	26.15335
6909	26.05513
6910	25.70047
6911	25.09473
6912	24.34319
6913	23.53369
6914	22.66845
6915	21.74976
6916	20.81829
6917	19.89427
6918	18.95556
6919	17.98549
6920	16.99273
6921	15.98703
6922	14.95025
6923	13.84909
6924	12.67472
6925	11.41374
6926	10.03288
6927	8.58361
6928	7.20523
6929	5.93525
6930	4.67076
6931	3.36576
6932	2.09009
6933	0.88977
6934	-0.25365
6935	-1.35450
6936	-2.41223
6937	-3.43567
6938	-4.43047
6939	-5.38607
6940	-6.31418
6941	-7.24029
6942	-8.14725
6943	-8.99262
6944	-9.77066
6945	-10.49412
6946	-11.15266
6947	-11.75223
6948	-12.34083
6949	-12.94118
6950	-13.52413
6951	-14.06166
6952	-14.53154
6953	-14.91184
6954	-15.22450
6955	-15.53226
6956	-15.88113
6957	-16.25552
6958	-16.59533
6959	-16.85724
6960	-17.00897
6961	-16.99607
6962	-16.78344
6963	-16.35957
6964	-15.69929
6965	-14.80083
6966	-13.71497
6967	-12.49563
6968	-11.16315
6969	-9.73459
6970	-8.22624
6971	-6.61215
6972	-4.86783
6973	-3.03168
6974	-1.15747
6975	0.73216
6976	2.62929
6977	4.52782
6978	6.41090
6979	8.23980
6980	9.98827
6981	11.68062
6982	13.36270
6983	15.03147
6984	16.63574
6985	18.15298
6986	19.61363
6987	21.03503
6988	22.37057
6989	23.55020
6990	24.55618
6991	25.45082
6992	26.29918
6993	27.04433
6994	27.56640
6995	27.88199
6996	28.10317
6997	28.23227
6998	28.18332
6999	27.93176
7000	27.53254
7001	27.04057
7002	26.46243
7003	25.77948
7004	25.01127
7005	24.25362
7006	23.67231
7007	23.41439
7008	23.43932
7009	23.59429
7010	23.89985
7011	24.44809
7012	25.10449
7013	25.59224
7014	25.76764
7015	25.68208
7016	25.46733
7017	25.26904
7018	25.21263
7019	25.26067
7020	25.14980
7021	24.67840
7022	23.94838
7023	23.13574
7024	22.26763
7025	21.33006
7026	20.36884
7027	19.42880
7028	18.49662
7029	17.53218
7030	16.52444
7031	15.48385
7032	14.41338
7033	13.31183
7034	12.16519
7035	10.93203
7036	9.59046
7037	8.18239
7038	6.75504
7039	5.31999
7040	3.90252
7041	2.52746
7042	1.16125
7043	-0.23721
7044	-1.63833
7045	-2.96841
7046	-4.19518
7047	-5.34640
7048	-6.45355
7049	-7.52005
7050	-8.54164
7051	-9.50836
7052	-10.39946
7053	-11.20569
7054	-11.94922
7055	-12.67126
7056	-13.40105
7057	-14.13632
7058	-14.84398
7059	-15.47628
7060	-16.01007
7061	-16.46026
7062	-16.84731
7063	-17.18169
7064	-17.47904
7065	-17.75500
7066	-18.01505
7067	-18.26480
7068	-18.48679
7069	-18.61134
7070	-18.55314
7071	-18.25570
7072	-17.71056
7073	-16.96040
7074	-16.06275
7075	-15.04014
7076	-13.86493
7077	-12.51074
7078	-10.99850
7079	-9.35920
7080	-7.60729
7081	-5.78069
7082	-3.93038
7083	-2.06452
7084	-0.16562
7085	1.76634
7086	3.70907
7087	5.61898
7088	7.45263
7089	9.20016
7090	10.88933
7091	12.56126
7092	14.23105
7093	15.86473
7094	17.42618
7095	18.92337
7096	20.35622
7097	21.68708
7098	22.89370
7099	23.98053
7100	24.94339
7101	25.76610
7102	26.44359
7103	26.99212
7104	27.42707
7105	27.74248
7106	27.91401
7107	27.92798
7108	27.81434
7109	27.64279
7110	27.45499
7111	27.19726
7112	26.79876
7113	26.34556
7114	26.03991
7115	25.92017
7116	25.79830
7117	25.57784
7118	25.43393
7119	25.54792
7120	25.84756
7121	26.09078
7122	26.07392
7123	25.76473
7124	25.33599
7125	25.04222
7126	25.00433
7127	25.12659
7128	25.22299
7129	25.16664
7130	24.91402
7131	24.42217
7132	23.62564
7133	22.56754
7134	21.44915
7135	20.44354
7136	19.55292
7137	18.68692
7138	17.77745
7139	16.79742
7140	15.74390
7141	14.63042
7142	13.46213
7143	12.21782
7144	10.89124
7145	9.51680
7146	8.11801
7147	6.69551
7148	5.27374
7149	3.87081
7150	2.45645
7151	1.02887
7152	-0.34068
7153	-1.59479
7154	-2.74335
7155	-3.82219
7156	-4.85395
7157	-5.84639
7158	-6.80363
7159	-7.73814
7160	-8.64644
7161	-9.50755
7162	-10.30992
7163	-11.05458
7164	-11.77860
7165	-12.54036
7166	-13.33548
7167	-14.10683
7168	-14.82087
7169	-15.46016
7170	-16.01338
7171	-16.49833
7172	-16.93737
7173	-17.33673
7174	-17.69363
7175	-18.00661
7176	-18.29121
7177	-18.55387
7178	-18.75232
7179	-18.82749
7180	-18.75455
7181	-18.52652
7182	-18.09949
7183	-17.40463
7184	-16.44509
7185	-15.29786
7186	-13.99751
7187	-12.54735
7188	-11.00145
7189	-9.41541
7190	-7.77742
7191	-6.03507
7192	-4.17621
7193	-2.25675
7194	-0.32530
7195	1.60389
7196	3.50354
7197	5.34806
7198	7.14144
7199	8.89316
7200	10.60997
7201	12.30365
7202	13.98946
7203	15.65903
7204	17.28125
7205	18.86005
7206	20.39354
7207	21.81356
7208	23.09427
7209	24.27283
7210	25.32370
7211	26.18779
7212	26.86053
7213	27.36716
7214	27.71514
7215	27.88286
7216	27.84765
7217	27.60298
7218	27.16505
7219	26.58362
7220	25.91573
7221	25.18632
7222	24.41997
7223	23.75594
7224	23.43386
7225	23.45861
7226	23.47927
7227	23.31937
7228	23.24634
7229	23.49675
7230	23.96070
7231	24.42741
7232	24.82278
7233	25.14327
7234	25.37799
7235	25.56158
7236	25.79162
7237	26.10688
7238	26.28854
7239	26.02237
7240	25.25634
7241	24.17627
7242	22.99481
7243	21.86499
7244	20.86440
7245	19.96202
7246	19.06983
7247	18.13844
7248	17.15222
7249	16.10904
7250	15.04061
7251	13.96947
7252	12.87003
7253	11.70096
7254	10.41714
7255	9.00546
7256	7.53337
7257	6.07086
7258	4.62332
7259	3.18623
7260	1.78099
7261	0.42297
7262	-0.90486
7263	-2.21081
7264	-3.46283
7265	-4.64462
7266	-5.78548
7267	-6.89618
7268	-7.95329
7269	-8.93617
7270	-9.83601
7271	-10.65302
7272	-11.38719
7273	-12.04316
7274	-12.67400
7275	-13.34555
7276	-14.04422
7277	-14.70887
7278	-15.31481
7279	-15.87619
7280	-16.41099
7281	-16.91934
7282	-17.38996
7283	-17.81365
7284	-18.18460
7285	-18.50010
7286	-18.76242
7287	-18.97422
7288	-19.09768
7289	-19.04570
7290	-18.75540
7291	-18.23364
7292	-17.49589
7293	-16.50665
7294	-15.27435
7295	-13.90664
7296	-12.47881
7297	-11.00799
7298	-9.51853
7299	-7.98200
7300	-6.31844
7301	-4.50571
7302	-2.57987
7303	-0.57380
7304	1.46858
7305	3.49478
7306	5.47408
7307	7.37904
7308	9.18998
7309	10.91931
7310	12.59336
7311	14.24639
7312	15.89597
7313	17.51748
7314	19.07826
7315	20.55805
7316	21.95850
7317	23.28779
7318	24.50484
7319	25.56402
7320	26.47872
7321	27.25401
7322	27.84850
7323	28.24155
7324	28.45319
7325	28.49352
7326	28.35250
7327	28.02565
7328	27.54810
7329	26.99757
7330	26.42105
7331	25.77613
7332	25.04204
7333	24.41893
7334	24.20271
7335	24.28220
7336	24.22241
7337	24.01400
7338	24.04462
7339	24.43498
7340	24.92233
7341	25.24619
7342	25.35147
7343	25.32292
7344	25.31242
7345	25.43212
7346	25.64391
7347	25.80401
7348	25.74121
7349	25.35109
7350	24.65974
7351	23.75829
7352	22.72264
7353	21.64462
7354	20.63023
7355	19.69059
7356	18.75608
7357	17.79026
7358	16.78879
7359	15.75010
7360	14.68861
7361	13.59983
7362	12.44450
7363	11.19843
7364	9.86636
7365	8.47625
7366	7.06984
7367	5.67993
7368	4.34954
7369	3.09247
7370	1.84203
7371	0.56684
7372	-0.66772
7373	-1.82289
7374	-2.92521
7375	-3.98799
7376	-5.00553
7377	-5.99218
7378	-6.94960
7379	-7.85112
7380	-8.69329
7381	-9.50581
7382	-10.29467
7383	-11.04457
7384	-11.77830
7385	-12.53729
7386	-13.31206
7387	-14.05011
7388	-14.71192
7389	-15.28575
7390	-15.77538
7391	-16.19748
7392	-16.58240
7393	-16.94632
7394	-17.27333
7395	-17.56867
7396	-17.85532
7397	-18.08325
7398	-18.15892
7399	-18.03277
7400	-17.67478
7401	-17.05220
7402	-16.17630
7403	-15.10643
7404	-13.90228
7405	-12.60433
7406	-11.24473
7407	-9.84788
7408	-8.39878
7409	-6.83384
7410	-5.11526
7411	-3.27498
7412	-1.35627
7413	0.61785
7414	2.62589
7415	4.64177
7416	6.62658
7417	8.54900
7418	10.41499
7419	12.23772
7420	14.02539
7421	15.80287
7422	17.57913
7423	19.31987
7424	20.98279
7425	22.55484
7426	24.03725
7427	25.38831
7428	26.54374
7429	27.49562
7430	28.27931
7431	28.92957
7432	29.47031
7433	29.88461
7434	30.10342
7435	30.07779
7436	29.84150
7437	29.47340
7438	29.00759
7439	28.42257
7440	27.71575
7441	26.94678
7442	26.26754
7443	25.85078
7444	25.63950
7445	25.41264
7446	25.21265
7447	25.28797
7448	25.67253
7449	26.11058
7450	26.35197
7451	26.32440
7452	26.06597
7453	25.68449
7454	25.34035
7455	25.12191
7456	24.97709
7457	24.80087
7458	24.52505
7459	24.13521
7460	23.59072
7461	22.81756
7462	21.82391
7463	20.75069
7464	19.75270
7465	18.85292
7466	17.96925
7467	17.04567
7468	16.08194
7469	15.08408
7470	14.05547
7471	12.99451
7472	11.87394
7473	10.66693
7474	9.38796
7475	8.06876
7476	6.72334
7477	5.36471
7478	4.01297
7479	2.66882
7480	1.32483
7481	0.00796
7482	-1.22467
7483	-2.33823
7484	-3.36398
7485	-4.36484
7486	-5.35737
7487	-6.31122
7488	-7.21167
7489	-8.09773
7490	-8.98997
7491	-9.82728
7492	-10.57880
7493	-11.32620
7494	-12.13706
7495	-12.95887
7496	-13.68685
7497	-14.27485
7498	-14.76227
7499	-15.21024
7500	-15.62844
7501	-15.99351
7502	-16.30217
7503	-16.52974
7504	-16.60961
7505	-16.51319
7506	-16.23837
7507	-15.72965
7508	-14.94721
7509	-13.95058
7510	-12.81186
7511	-11.55007
7512	-10.17945
7513	-8.71692
7514	-7.15102
7515	-5.45953
7516	-3.64039
7517	-1.71333
7518	0.27647
7519	2.26304
7520	4.20720
7521	6.11717
7522	7.98657
7523	9.76753
7524	11.46064
7525	13.13458
7526	14.81037
7527	16.43732
7528	17.99462
7529	19.52491
7530	21.05095
7531	22.51665
7532	23.84984
7533	25.03263
7534	26.07772
7535	26.99566
7536	27.78504
7537	28.43046
7538	28.95214
7539	29.41360
7540	29.82969
7541	30.15897
7542	30.38822
7543	30.53572
7544	30.60282
7545	30.57980
7546	30.45856
7547	30.24676
7548	30.02245
7549	29.89757
7550	29.87189
7551	29.87886
7552	29.97879
7553	30.26526
7554	30.66055
7555	30.97693
7556	31.10220
7557	31.12249
7558	31.23835
7559	31.47485
7560	31.58636
7561	31.34513
7562	30.79103
7563	30.10879
7564	29.40968
7565	28.72347
7566	28.06497
7567	27.39779
7568	26.63209
7569	25.74356
7570	24.81203
7571	23.87788
7572	22.88890
7573	21.80702
7574	20.61012
7575	19.25628
7576	17.74064
7577	16.11646
7578	14.44335
7579	12.72816
7580	10.93283
7581	9.03482
7582	7.03949
7583	4.99352
7584	3.01201
7585	1.19281
7586	-0.48682
7587	-2.13228
7588	-3.85345
7589	-5.72091
7590	-7.69600
7591	-9.62516
7592	-11.35323
7593	-12.77707
7594	-13.80365
7595	-14.38986
7596	-14.61745
7597	-14.64551
7598	-14.58223
7599	-14.39268
7600	-13.93606
7601	-13.12309
7602	-12.01638
7603	-10.75618
7604	-9.38587
7605	-7.77024
7606	-5.73955
7607	-3.29033
7608	-0.60169
7609	2.12953
7610	4.86041
7611	7.68758
7612	10.64644
7613	13.63420
7614	16.56933
7615	19.45061
7616	22.25292
7617	24.92120
7618	27.41343
7619	29.70507
7620	31.81524
7621	33.79272
7622	35.64464
7623	37.30208
7624	38.67176
7625	39.70917
7626	40.41429
7627	40.79184
7628	40.82810
7629	40.47557
7630	39.69501
7631	38.51665
7632	37.04202
7633	35.39956
7634	33.68360
7635	31.94880
7636	30.27963
7637	28.81253
7638	27.69515
7639	26.99498
7640	26.62022
7641	26.43865
7642	26.40623
7643	26.37489
7644	25.89723
7645	24.75533
7646	23.65297
7647	23.50758
7648	24.31088
7649	25.13927
7650	25.14300
7651	24.22079
7652	22.76531
7653	21.20830
7654	19.78640
7655	18.55673
7656	17.42605
7657	16.18804
7658	14.69515
7659	12.92038
7660	10.84472
7661	8.46673
7662	5.91519
7663	3.38251
7664	0.96649
7665	-1.31521
7666	-3.45423
7667	-5.47197
7668	-7.40055
7669	-9.22730
7670	-10.90816
7671	-12.40256
7672	-13.62110
7673	-14.40303
7674	-14.64453
7675	-14.42626
7676	-13.93928
7677	-13.27833
7678	-12.42187
7679	-11.42188
7680	-10.42860
7681	-9.49185
7682	-8.51689
7683	-7.46447
7684	-6.43098
7685	-5.44162
7686	-4.27135
7687	-2.53786
7688	-0.08471
7689	2.73498
7690	5.48713
7691	8.14696
7692	10.86511
7693	13.64879
7694	16.43200
7695	19.14220
7696	21.67585
7697	23.95831
7698	25.98646
7699	27.77249
7700	29.29790
7701	30.55367
7702	31.58364
7703	32.40914
7704	32.94929
7705	33.11390
7706	32.90671
7707	32.36722
7708	31.52736
7709	30.45631
7710	29.24120
7711	27.95727
7712	26.69042
7713	25.48569
7714	24.36742
7715	23.44776
7716	22.88596
7717	22.65749
7718	22.51537
7719	22.32178
7720	22.15609
7721	22.08825
7722	22.20900
7723	22.67453
7724	23.34844
7725	23.72772
7726	23.31655
7727	22.01684
7728	20.21269
7729	18.49470
7730	17.23750
7731	16.34773
7732	15.40846
7733	14.06081
7734	12.20450
7735	9.92170
7736	7.35531
7737	4.65053
7738	1.94498
7739	-0.64358
7740	-3.07108
7741	-5.33807
7742	-7.40737
7743	-9.24486
7744	-10.88695
7745	-12.38330
7746	-13.75330
7747	-14.98827
7748	-15.97782
7749	-16.53773
7750	-16.62342
7751	-16.36552
7752	-15.89654
7753	-15.26940
7754	-14.47372
7755	-13.45978
7756	-12.20313
7757	-10.80842
7758	-9.49748
7759	-8.38198
7760	-7.29658
7761	-5.88316
7762	-3.79609
7763	-1.02246
7764	2.04192
7765	5.04506
7766	7.97349
7767	10.91383
7768	13.84642
7769	16.73397
7770	19.56411
7771	22.24613
7772	24.65697
7773	26.77296
7774	28.64048
7775	30.29100
7776	31.73898
7777	32.95757
7778	33.83675
7779	34.28024
7780	34.28959
7781	33.89286
7782	33.11496
7783	32.03896
7784	30.79105
7785	29.46407
7786	28.14427
7787	26.95197
7788	25.97563
7789	25.25925
7790	24.85087
7791	24.75075
7792	24.86081
7793	25.04715
7794	25.17518
7795	25.19249
7796	25.05563
7797	24.54274
7798	23.51579
7799	22.16260
7800	20.72756
7801	19.29362
7802	17.90510
7803	16.59513
7804	15.26194
7805	13.73028
7806	11.85797
7807	9.54494
7808	6.79167
7809	3.74513
7810	0.63517
7811	-2.33528
7812	-5.05552
7813	-7.52402
7814	-9.81434
7815	-11.93739
7816	-13.77757
7817	-15.22576
7818	-16.22530
7819	-16.73674
7820	-16.78316
7821	-16.45550
7822	-15.87904
7823	-15.16663
7824	-14.32753
7825	-13.29595
7826	-12.09198
7827	-10.83411
7828	-9.61170
7829	-8.46073
7830	-7.38812
7831	-6.34335
7832	-5.17060
7833	-3.52560
7834	-1.06182
7835	2.05656
7836	5.24783
7837	8.20498
7838	11.04264
7839	13.95329
7840	17.00342
7841	20.04860
7842	22.84609
7843	25.32201
7844	27.57256
7845	29.64755
7846	31.50042
7847	33.07593
7848	34.31441
7849	35.14206
7850	35.53952
7851	35.54622
7852	35.17165
7853	34.39499
7854	33.23669
7855	31.78323
7856	30.17749
7857	28.61316
7858	27.23760
7859	26.07132
7860	25.12080
7861	24.46564
7862	24.09744
7863	23.89809
7864	23.77081
7865	23.56626
7866	23.17185
7867	22.67675
7868	22.20072
7869	21.68300
7870	20.96019
7871	19.91429
7872	18.52566
7873	16.95847
7874	15.46209
7875	14.08811
7876	12.69727
7877	11.11691
7878	9.17082
7879	6.75256
7880	3.88567
7881	0.70400
7882	-2.58526
7883	-5.78138
7884	-8.75924
7885	-11.49641
7886	-14.00742
7887	-16.19411
7888	-17.85674
7889	-18.89187
7890	-19.36802
7891	-19.36988
7892	-18.91292
7893	-18.08647
7894	-17.11044
7895	-16.12402
7896	-15.07128
7897	-13.89129
7898	-12.66440
7899	-11.48539
7900	-10.32400
7901	-9.14458
7902	-8.01942
7903	-6.86355
7904	-5.18692
7905	-2.52396
7906	0.87781
7907	4.26652
7908	7.27416
7909	10.12349
7910	13.07312
7911	16.07739
7912	18.95331
7913	21.64013
7914	24.18993
7915	26.61806
7916	28.88033
7917	30.90754
7918	32.61433
7919	33.93347
7920	34.81422
7921	35.19096
7922	35.04390
7923	34.45564
7924	33.53422
7925	32.36245
7926	31.02060
7927	29.61696
7928	28.31947
7929	27.26324
7930	26.38014
7931	25.46536
7932	24.52840
7933	23.80334
7934	23.35474
7935	23.00972
7936	22.56173
7937	22.00066
7938	21.63044
7939	21.67389
7940	21.91959
7941	21.87699
7942	21.17100
7943	19.83003
7944	18.23121
7945	16.75816
7946	15.50993
7947	14.24476
7948	12.64685
7949	10.64867
7950	8.32366
7951	5.66910
7952	2.74025
7953	-0.25448
7954	-3.12160
7955	-5.76659
7956	-8.14794
7957	-10.28605
7958	-12.22032
7959	-13.87857
7960	-15.09046
7961	-15.77321
7962	-15.99628
7963	-15.89638
7964	-15.59656
7965	-15.11718
7966	-14.37259
7967	-13.33686
7968	-12.13187
7969	-10.88488
7970	-9.59357
7971	-8.24391
7972	-6.97084
7973	-5.90447
7974	-4.91500
7975	-3.59574
7976	-1.49795
7977	1.41985
7978	4.65303
7979	7.72976
7980	10.66371
7981	13.65517
7982	16.69096
7983	19.60015
7984	22.29463
7985	24.78914
7986	27.07442
7987	29.09620
7988	30.82755
7989	32.27977
7990	33.41658
7991	34.14105
7992	34.41489
7993	34.27327
7994	33.71509
7995	32.74718
7996	31.50690
7997	30.14490
7998	28.71337
7999	27.31985
8000	26.08969
8001	24.95872
8002	23.87745
8003	23.01983
8004	22.49582
8005	22.19656
8006	22.00053
8007	21.86503
8008	21.83273
8009	21.87954
8010	21.73652
8011	21.16740
8012	20.21132
8013	18.96453
8014	17.47507
8015	15.92993
8016	14.55224
8017	13.28323
8018	11.83228
8019	9.96235
8020	7.59648
8021	4.80238
8022	1.76179
8023	-1.32727
8024	-4.31757
8025	-7.09575
8026	-9.62971
8027	-11.97970
8028	-14.14699
8029	-16.00380
8030	-17.39878
8031	-18.23929
8032	-18.49283
8033	-18.18990
8034	-17.48626
8035	-16.62861
8036	-15.75075
8037	-14.79456
8038	-13.67256
8039	-12.43008
8040	-11.20229
8041	-10.04863
8042	-8.93223
8043	-7.85250
8044	-6.80890
8045	-5.53495
8046	-3.50527
8047	-0.54999
8048	2.77705
8049	5.87220
8050	8.74726
8051	11.70985
8052	14.80490
8053	17.82200
8054	20.61324
8055	23.17278
8056	25.52551
8057	27.68195
8058	29.62421
8059	31.30032
8060	32.67112
8061	33.70086
8062	34.29827
8063	34.37201
8064	33.94366
8065	33.11857
8066	32.00786
8067	30.70961
8068	29.31157
8069	27.96541
8070	26.85908
8071	26.01642
8072	25.29314
8073	24.63213
8074	24.13798
8075	23.85460
8076	23.71744
8077	23.66713
8078	23.62170
8079	23.55567
8080	23.47995
8081	23.22312
8082	22.56144
8083	21.50479
8084	20.20763
8085	18.79541
8086	17.40268
8087	16.10204
8088	14.78393
8089	13.29364
8090	11.54877
8091	9.46590
8092	6.97735
8093	4.13036
8094	1.10258
8095	-1.88866
8096	-4.70066
8097	-7.28100
8098	-9.64226
8099	-11.81670
8100	-13.75875
8101	-15.31417
8102	-16.34395
8103	-16.83913
8104	-16.86929
8105	-16.52321
8106	-15.92314
8107	-15.17356
8108	-14.29074
8109	-13.24774
8110	-12.08132
8111	-10.89155
8112	-9.72976
8113	-8.57347
8114	-7.41640
8115	-6.30424
8116	-5.22422
8117	-3.89561
8118	-1.80703
8119	1.19436
8120	4.56194
8121	7.70947
8122	10.63622
8123	13.60157
8124	16.63374
8125	19.57857
8126	22.34495
8127	24.93547
8128	27.35043
8129	29.54735
8130	31.47789
8131	33.11632
8132	34.41826
8133	35.30753
8134	35.74903
8135	35.76877
8136	35.37003
8137	34.53845
8138	33.32916
8139	31.83768
8140	30.21446
8141	28.68983
8142	27.36634
8143	26.15745
8144	25.03526
8145	24.13820
8146	23.53755
8147	23.07192
8148	22.53403
8149	21.88576
8150	21.30828
8151	21.13294
8152	21.46407
8153	21.91540
8154	21.87100
8155	20.97926
8156	19.36231
8157	17.48881
8158	15.87056
8159	14.66929
8160	13.57021
8161	12.12290
8162	10.12651
8163	7.64143
8164	4.79298
8165	1.68414
8166	-1.54737
8167	-4.69864
8168	-7.58463
8169	-10.12628
8170	-12.33966
8171	-14.25941
8172	-15.83994
8173	-16.96989
8174	-17.60936
8175	-17.82301
8176	-17.68699
8177	-17.27343
8178	-16.67088
8179	-15.93158
8180	-15.04858
8181	-14.00825
8182	-12.83686
8183	-11.57997
8184	-10.26583
8185	-8.92889
8186	-7.63221
8187	-6.39780
8188	-5.05392
8189	-3.15053
8190	-0.31341
8191	3.15962
8192	6.52106
8193	9.46501
8194	12.28301
8195	15.24863
8196	18.29814
8197	21.23554
8198	23.96465
8199	26.50129
8200	28.88074
8201	31.06251
8202	32.95908
8203	34.55980
8204	35.85789
8205	36.72420
8206	37.03816
8207	36.83464
8208	36.23851
8209	35.35736
8210	34.24300
8211	32.92663
8212	31.52502
8213	30.21805
8214	29.07378
8215	27.99596
8216	26.91408
8217	25.94794
8218	25.26595
8219	24.88717
8220	24.61902
8221	24.23388
8222	23.80863
8223	23.55432
8224	23.37067
8225	22.88567
8226	21.88342
8227	20.50037
8228	19.03967
8229	17.70672
8230	16.50978
8231	15.29272
8232	13.82760
8233	11.96982
8234	9.70920
8235	7.07245
8236	4.12388
8237	1.03642
8238	-1.98817
8239	-4.79777
8240	-7.30014
8241	-9.54037
8242	-11.64859
8243	-13.59835
8244	-15.19356
8245	-16.31431
8246	-16.96729
8247	-17.13805
8248	-16.82283
8249	-16.18541
8250	-15.46357
8251	-14.68288
8252	-13.68659
8253	-12.44784
8254	-11.13127
8255	-9.85916
8256	-8.61479
8257	-7.40408
8258	-6.28446
8259	-5.15238
8260	-3.61951
8261	-1.26909
8262	1.83715
8263	5.15198
8264	8.30427
8265	11.35942
8266	14.44390
8267	17.52030
8268	20.48262
8269	23.25867
8270	25.81784
8271	28.15498
8272	30.27571
8273	32.20115
8274	33.93651
8275	35.39870
8276	36.43978
8277	36.96002
8278	36.96609
8279	36.51814
8280	35.67682
8281	34.53006
8282	33.18752
8283	31.76884
8284	30.44009
8285	29.30548
8286	28.29613
8287	27.26475
8288	26.22832
8289	25.38481
8290	24.87447
8291	24.65804
8292	24.58251
8293	24.51266
8294	24.29373
8295	23.67675
8296	22.55796
8297	21.16257
8298	19.74200
8299	18.32132
8300	16.89505
8301	15.53181
8302	14.19017
8303	12.69239
8304	10.86085
8305	8.61801
8306	6.01325
8307	3.15776
8308	0.18725
8309	-2.75254
8310	-5.55777
8311	-8.18314
8312	-10.63831
8313	-12.91272
8314	-14.89943
8315	-16.44485
8316	-17.44259
8317	-17.88882
8318	-17.86457
8319	-17.49645
8320	-16.95370
8321	-16.34766
8322	-15.64376
8323	-14.77315
8324	-13.73992
8325	-12.59043
8326	-11.37268
8327	-10.15083
8328	-9.00433
8329	-7.96537
8330	-6.92410
8331	-5.49781
8332	-3.16257
8333	0.10131
8334	3.61421
8335	6.82320
8336	9.79224
8337	12.77621
8338	15.84286
8339	18.90015
8340	21.83531
8341	24.62874
8342	27.31268
8343	29.85246
8344	32.18297
8345	34.25895
8346	35.99942
8347	37.29115
8348	38.06591
8349	38.33948
8350	38.15548
8351	37.50807
8352	36.39249
8353	34.88735
8354	33.14633
8355	31.39631
8356	29.83500
8357	28.51135
8358	27.36645
8359	26.36538
8360	25.56263
8361	24.99238
8362	24.57463
8363	24.17714
8364	23.76994
8365	23.58034
8366	23.81954
8367	24.20944
8368	24.12912
8369	23.23652
8370	21.70472
8371	19.95361
8372	18.38783
8373	17.19571
8374	16.18877
8375	14.95130
8376	13.23660
8377	11.06324
8378	8.49026
8379	5.54889
8380	2.35629
8381	-0.88208
8382	-3.97268
8383	-6.78368
8384	-9.32122
8385	-11.71509
8386	-13.96875
8387	-15.84573
8388	-17.13341
8389	-17.84563
8390	-18.08587
8391	-17.90709
8392	-17.39018
8393	-16.67820
8394	-15.84010
8395	-14.83955
8396	-13.66555
8397	-12.36741
8398	-11.01632
8399	-9.68511
8400	-8.40359
8401	-7.16565
8402	-5.94794
8403	-4.58531
8404	-2.66839
8405	0.09932
8406	3.39638
8407	6.61104
8408	9.59688
8409	12.60947
8410	15.71628
8411	18.72313
8412	21.52153
8413	24.15588
8414	26.63870
8415	28.90739
8416	30.89434
8417	32.57185
8418	33.92699
8419	34.88667
8420	35.31918
8421	35.16895
8422	34.54333
8423	33.57540
8424	32.32918
8425	30.90809
8426	29.44479
8427	28.05729
8428	26.83406
8429	25.72906
8430	24.65646
8431	23.71021
8432	23.04226
8433	22.62098
8434	22.30659
8435	21.95867
8436	21.48524
8437	21.06713
8438	20.99804
8439	21.20174
8440	21.18261
8441	20.47681
8442	19.03349
8443	17.24246
8444	15.58765
8445	14.21745
8446	12.91606
8447	11.41286
8448	9.59452
8449	7.43234
8450	4.88838
8451	1.99314
8452	-1.08239
8453	-4.11170
8454	-6.94146
8455	-9.53888
8456	-11.93569
8457	-14.08608
8458	-15.83540
8459	-17.05130
8460	-17.70928
8461	-17.86314
8462	-17.61015
8463	-17.07799
8464	-16.36000
8465	-15.44530
8466	-14.30779
8467	-13.04081
8468	-11.79152
8469	-10.59939
8470	-9.39792
8471	-8.16005
8472	-6.93685
8473	-5.74888
8474	-4.48616
8475	-2.82634
8476	-0.37112
8477	2.80651
8478	6.07707
8479	9.08591
8480	12.08340
8481	15.23297
8482	18.32401
8483	21.16706
8484	23.74789
8485	26.07902
8486	28.14775
8487	29.95764
8488	31.52306
8489	32.81700
8490	33.75632
8491	34.26078
8492	34.33710
8493	34.07130
8494	33.50792
8495	32.64202
8496	31.50244
8497	30.15352
8498	28.73191
8499	27.43100
8500	26.34672
8501	25.40906
8502	24.55142
8503	23.85475
8504	23.39135
8505	23.10695
8506	22.83937
8507	22.38102
8508	21.79677
8509	21.42451
8510	21.33214
8511	21.11977
8512	20.41838
8513	19.21117
8514	17.66608
8515	16.00655
8516	14.42923
8517	12.93458
8518	11.32121
8519	9.39467
8520	7.07423
8521	4.37592
8522	1.43200
8523	-1.56971
8524	-4.48803
8525	-7.22595
8526	-9.75523
8527	-12.11448
8528	-14.25223
8529	-15.98545
8530	-17.16635
8531	-17.77860
8532	-17.87770
8533	-17.57613
8534	-17.03534
8535	-16.32556
8536	-15.40081
8537	-14.26189
8538	-12.99539
8539	-11.68608
8540	-10.38895
8541	-9.14087
8542	-7.97796
8543	-6.93668
8544	-5.93991
8545	-4.62629
8546	-2.48689
8547	0.55600
8548	3.93553
8549	7.13025
8550	10.19610
8551	13.36140
8552	16.56716
8553	19.60925
8554	22.40763
8555	24.97731
8556	27.31525
8557	29.40587
8558	31.23899
8559	32.80176
8560	34.06396
8561	34.94794
8562	35.35019
8563	35.22349
8564	34.62729
8565	33.69352
8566	32.54117
8567	31.23042
8568	29.86672
8569	28.61573
8570	27.52228
8571	26.48635
8572	25.45535
8573	24.52440
8574	23.76637
8575	23.15045
8576	22.66421
8577	22.23303
8578	21.73059
8579	21.24150
8580	20.94266
8581	20.81182
8582	20.57296
8583	19.89043
8584	18.66437
8585	17.12608
8586	15.56814
8587	14.07575
8588	12.55319
8589	10.84617
8590	8.83608
8591	6.47904
8592	3.78082
8593	0.84165
8594	-2.11036
8595	-4.88347
8596	-7.43174
8597	-9.77990
8598	-11.96649
8599	-13.97227
8600	-15.63761
8601	-16.76827
8602	-17.28054
8603	-17.24983
8604	-16.88256
8605	-16.35024
8606	-15.65944
8607	-14.73689
8608	-13.55691
8609	-12.18929
8610	-10.77246
8611	-9.39285
8612	-8.04021
8613	-6.72606
8614	-5.52800
8615	-4.43327
8616	-3.14622
8617	-1.16875
8618	1.67265
8619	4.91493
8620	7.99894
8621	10.85522
8622	13.69203
8623	16.55001
8624	19.27500
8625	21.74175
8626	23.95254
8627	25.94606
8628	27.72101
8629	29.26578
8630	30.58682
8631	31.69104
8632	32.53681
8633	33.02525
8634	33.10514
8635	32.79940
8636	32.11471
8637	31.10201
8638	29.91040
8639	28.63412
8640	27.36188
8641	26.26764
8642	25.35710
8643	24.46357
8644	23.60937
8645	22.99315
8646	22.66492
8647	22.50077
8648	22.34737
8649	22.17526
8650	22.11338
8651	22.15414
8652	21.99641
8653	21.30462
8654	20.01736
8655	18.39365
8656	16.80128
8657	15.42779
8658	14.16482
8659	12.73503
8660	10.92598
8661	8.66016
8662	5.92366
8663	2.81728
8664	-0.40825
8665	-3.51644
8666	-6.37412
8667	-8.92249
8668	-11.20618
8669	-13.27526
8670	-15.04108
8671	-16.39751
8672	-17.32688
8673	-17.81599
8674	-17.84864
8675	-17.50171
8676	-16.94048
8677	-16.26135
8678	-15.41669
8679	-14.35389
8680	-13.10321
8681	-11.71349
8682	-10.25073
8683	-8.87665
8684	-7.76644
8685	-6.81960
8686	-5.52605
8687	-3.30906
8688	-0.12139
8689	3.45413
8690	6.86027
8691	10.02480
8692	13.08527
8693	16.08442
8694	18.99067
8695	21.76211
8696	24.37533
8697	26.83114
8698	29.11496
8699	31.19745
8700	33.06437
8701	34.65579
8702	35.79917
8703	36.31438
8704	36.18325
8705	35.53958
8706	34.53283
8707	33.26625
8708	31.83342
8709	30.34409
8710	28.93405
8711	27.72762
8712	26.69452
8713	25.70616
8714	24.81849
8715	24.20881
8716	23.87101
8717	23.70398
8718	23.68569
8719	23.81913
8720	24.01845
8721	23.94245
8722	23.22810
8723	21.94961
8724	20.47960
8725	19.02745
8726	17.63186
8727	16.34678
8728	15.12015
8729	13.70898
8730	11.92141
8731	9.75100
8732	7.22214
8733	4.35918
8734	1.30836
8735	-1.72180
8736	-4.61432
8737	-7.36244
8738	-9.97806
8739	-12.42578
8740	-14.61101
8741	-16.37742
8742	-17.58521
8743	-18.23564
8744	-18.41433
8745	-18.19627
8746	-17.70516
8747	-17.08546
8748	-16.37388
8749	-15.52492
8750	-14.50928
8751	-13.34731
8752	-12.09766
8753	-10.82079
8754	-9.57776
8755	-8.44106
8756	-7.41166
8757	-6.21912
8758	-4.28637
8759	-1.32894
8760	2.11780
8761	5.35817
8762	8.33543
8763	11.34109
8764	14.46874
8765	17.57739
8766	20.50335
8767	23.18940
8768	25.64750
8769	27.88565
8770	29.89549
8771	31.64742
8772	33.07073
8773	34.08129
8774	34.64297
8775	34.75843
8776	34.43438
8777	33.71859
8778	32.72180
8779	31.51301
8780	30.11484
8781	28.68528
8782	27.41102
8783	26.26258
8784	25.13530
8785	24.13298
8786	23.43987
8787	23.00419
8788	22.65514
8789	22.31859
8790	21.99331
8791	21.85504
8792	22.08449
8793	22.45301
8794	22.45138
8795	21.72247
8796	20.27808
8797	18.45070
8798	16.68605
8799	15.25140
8800	14.02466
8801	12.62346
8802	10.77060
8803	8.41555
8804	5.61425
8805	2.53176
8806	-0.57748
8807	-3.54302
8808	-6.30008
8809	-8.80857
8810	-11.05770
8811	-13.05184
8812	-14.74041
8813	-16.00743
8814	-16.76623
8815	-17.06177
8816	-17.03034
8817	-16.78226
8818	-16.34968
8819	-15.69619
8820	-14.78094
8821	-13.65273
8822	-12.43558
8823	-11.20205
8824	-9.95766
8825	-8.71473
8826	-7.47791
8827	-6.24403
8828	-4.98782
8829	-3.50379
8830	-1.38903
8831	1.51963
8832	4.78328
8833	7.82475
8834	10.62321
8835	13.51397
8836	16.54185
8837	19.46517
8838	22.14905
8839	24.59925
8840	26.81456
8841	28.76150
8842	30.39169
8843	31.69315
8844	32.70974
8845	33.42664
8846	33.72595
8847	33.57260
8848	33.09072
8849	32.35421
8850	31.32350
8851	30.02425
8852	28.60656
8853	27.25951
8854	26.10356
8855	25.06655
8856	24.02457
8857	23.12110
8858	22.59386
8859	22.38182
8860	22.28678
8861	22.16331
8862	21.78942
8863	21.22731
8864	20.92120
8865	21.05825
8866	21.33308
8867	21.21756
8868	20.31557
8869	18.64473
8870	16.67461
8871	14.96506
8872	13.68353
8873	12.51128
8874	11.01555
8875	8.97736
8876	6.38874
8877	3.40196
8878	0.30513
8879	-2.65531
8880	-5.40105
8881	-7.95003
8882	-10.33501
8883	-12.54974
8884	-14.47348
8885	-15.91341
8886	-16.75679
8887	-17.04390
8888	-16.92337
8889	-16.56307
8890	-16.03499
8891	-15.28784
8892	-14.29297
8893	-13.14045
8894	-11.95737
8895	-10.81076
8896	-9.67340
8897	-8.49643
8898	-7.32466
8899	-6.23639
8900	-5.14850
8901	-3.68006
8902	-1.36041
8903	1.77070
8904	5.07449
8905	8.07796
8906	10.93871
8907	13.96138
8908	17.08532
8909	20.05445
8910	22.74312
8911	25.16421
8912	27.35452
8913	29.29788
8914	30.92614
8915	32.19720
8916	33.08165
8917	33.51674
8918	33.51493
8919	33.21940
8920	32.75332
8921	32.13879
8922	31.31572
8923	30.21595
8924	28.94983
8925	27.72733
8926	26.57873
8927	25.41929
8928	24.36219
8929	23.65139
8930	23.28086
8931	23.02540
8932	22.78324
8933	22.58478
8934	22.48812
8935	22.57933
8936	22.76567
8937	22.68600
8938	22.00912
8939	20.72046
8940	19.08182
8941	17.45847
8942	16.10680
8943	14.96236
8944	13.69535
8945	12.05151
8946	9.99290
8947	7.54262
8948	4.76587
8949	1.82891
8950	-1.11262
8951	-3.95713
8952	-6.60363
8953	-9.02877
8954	-11.30428
8955	-13.41442
8956	-15.16842
8957	-16.35814
8958	-16.94212
8959	-17.03575
8960	-16.79003
8961	-16.31046
8962	-15.64611
8963	-14.80622
8964	-13.79789
8965	-12.66864
8966	-11.48561
8967	-10.30298
8968	-9.14182
8969	-7.97989
8970	-6.82568
8971	-5.73483
8972	-4.58470
8973	-2.89872
8974	-0.25023
8975	3.07020
8976	6.29972
8977	9.19539
8978	12.11595
8979	15.21763
8980	18.26556
8981	21.05724
8982	23.58217
8983	25.87863
8984	27.92770
8985	29.68301
8986	31.11339
8987	32.19023
8988	32.87549
8989	33.15845
8990	33.10580
8991	32.79264
8992	32.21692
8993	31.37195
8994	30.30082
8995	29.10516
8996	27.93286
8997	26.83036
8998	25.70513
8999	24.51703
9000	23.41114
9001	22.56353
9002	21.97525
9003	21.53993
9004	21.19999
9005	21.01558
9006	21.15345
9007	21.56607
9008	21.76283
9009	21.26038
9010	20.06005
9011	18.44300
9012	16.71862
9013	15.20224
9014	13.97760
9015	12.74200
9016	11.16331
9017	9.15872
9018	6.72453
9019	3.84565
9020	0.65335
9021	-2.57984
9022	-5.64973
9023	-8.48018
9024	-11.04168
9025	-13.31373
9026	-15.23179
9027	-16.70178
9028	-17.68793
9029	-18.21018
9030	-18.32759
9031	-18.15460
9032	-17.79251
9033	-17.26301
9034	-16.54241
9035	-15.61392
9036	-14.51191
9037	-13.31043
9038	-12.04345
9039	-10.72150
9040	-9.43078
9041	-8.28320
9042	-7.24309
9043	-6.02665
9044	-4.15042
9045	-1.32099
9046	2.10103
9047	5.43900
9048	8.48174
9049	11.46195
9050	14.49646
9051	17.48050
9052	20.31186
9053	22.94314
9054	25.35425
9055	27.55073
9056	29.50691
9057	31.18601
9058	32.59164
9059	33.67104
9060	34.29958
9061	34.45640
9062	34.26072
9063	33.79372
9064	33.04758
9065	31.99070
9066	30.63929
9067	29.17912
9068	27.83047
9069	26.61844
9070	25.43328
9071	24.33007
9072	23.56459
9073	23.18421
9074	22.94170
9075	22.68753
9076	22.52083
9077	22.63946
9078	23.01506
9079	23.23084
9080	22.79992
9081	21.58336
9082	19.85191
9083	18.07990
9084	16.63599
9085	15.48519
9086	14.25422
9087	12.65496
9088	10.68779
9089	8.43989
9090	5.89704
9091	3.06045
9092	0.12111
9093	-2.67658
9094	-5.24300
9095	-7.60570
9096	-9.83311
9097	-11.98654
9098	-14.01472
9099	-15.76760
9100	-17.08216
9101	-17.80354
9102	-17.89801
9103	-17.54888
9104	-16.97919
9105	-16.26171
9106	-15.37271
9107	-14.32180
9108	-13.16741
9109	-11.96234
9110	-10.73609
9111	-9.50538
9112	-8.27786
9113	-7.08951
9114	-5.97141
9115	-4.71723
9116	-2.81392
9117	0.03534
9118	3.42709
9119	6.69871
9120	9.68737
9121	12.67982
9122	15.83214
9123	18.96421
9124	21.84686
9125	24.42549
9126	26.72988
9127	28.76940
9128	30.55626
9129	32.08606
9130	33.27862
9131	34.04483
9132	34.41058
9133	34.44270
9134	34.09671
9135	33.33100
9136	32.25311
9137	30.96901
9138	29.55301
9139	28.19379
9140	27.01105
9141	25.90472
9142	24.83347
9143	23.96005
9144	23.35061
9145	22.85156
9146	22.37486
9147	21.91920
9148	21.41670
9149	21.04075
9150	21.13486
9151	21.62979
9152	22.02066
9153	21.76664
9154	20.65006
9155	18.91466
9156	17.09122
9157	15.55778
9158	14.27778
9159	12.94773
9160	11.31084
9161	9.26713
9162	6.77048
9163	3.85203
9164	0.71584
9165	-2.39453
9166	-5.35016
9167	-8.10491
9168	-10.64093
9169	-12.93609
9170	-14.92244
9171	-16.49231
9172	-17.55686
9173	-18.10639
9174	-18.20397
9175	-17.95699
9176	-17.46619
9177	-16.76940
9178	-15.87642
9179	-14.84203
9180	-13.72118
9181	-12.50510
9182	-11.21119
9183	-9.92111
9184	-8.67741
9185	-7.47984
9186	-6.33312
9187	-5.08762
9188	-3.27152
9189	-0.49851
9190	2.91998
9191	6.26433
9192	9.25477
9193	12.15333
9194	15.18085
9195	18.23886
9196	21.15016
9197	23.85195
9198	26.32118
9199	28.50963
9200	30.38979
9201	31.98392
9202	33.28154
9203	34.19541
9204	34.68850
9205	34.82410
9206	34.60114
9207	33.92630
9208	32.79800
9209	31.34087
9210	29.71254
9211	28.15551
9212	26.90616
9213	25.92830
9214	25.01187
9215	24.12079
9216	23.39342
9217	22.88008
9218	22.53630
9219	22.32455
9220	22.18969
9221	22.16478
9222	22.29930
9223	22.37670
9224	22.02251
9225	21.05502
9226	19.55732
9227	17.80519
9228	16.17381
9229	14.85460
9230	13.66025
9231	12.26783
9232	10.52979
9233	8.41929
9234	5.90592
9235	3.03743
9236	0.00143
9237	-2.99714
9238	-5.86526
9239	-8.56210
9240	-11.01573
9241	-13.18200
9242	-14.99861
9243	-16.30069
9244	-16.98817
9245	-17.16857
9246	-16.99646
9247	-16.55249
9248	-15.90240
9249	-15.09875
9250	-14.15806
9251	-13.09646
9252	-11.95069
9253	-10.76801
9254	-9.57835
9255	-8.39790
9256	-7.23093
9257	-6.03491
9258	-4.77355
9259	-3.36788
9260	-1.48271
9261	1.23194
9262	4.53157
9263	7.75769
9264	10.68347
9265	13.59715
9266	16.64706
9267	19.65304
9268	22.43692
9269	24.96889
9270	27.24781
9271	29.24225
9272	30.93044
9273	32.30734
9274	33.34735
9275	33.97808
9276	34.15166
9277	33.95261
9278	33.54219
9279	32.98820
9280	32.21638
9281	31.12808
9282	29.80883
9283	28.50839
9284	27.36664
9285	26.32417
9286	25.37065
9287	24.66622
9288	24.26243
9289	23.98536
9290	23.70245
9291	23.34300
9292	22.80439
9293	22.28482
9294	22.18227
9295	22.45995
9296	22.58318
9297	22.07100
9298	20.87526
9299	19.28596
9300	17.68960
9301	16.31663
9302	15.08747
9303	13.71458
9304	11.95616
9305	9.73610
9306	7.10008
9307	4.15844
9308	1.06698
9309	-2.00363
9310	-4.93958
9311	-7.70748
9312	-10.28386
9313	-12.62099
9314	-14.66471
9315	-16.30288
9316	-17.38548
9317	-17.85659
9318	-17.80767
9319	-17.41131
9320	-16.79788
9321	-16.00120
9322	-15.03536
9323	-13.93997
9324	-12.72526
9325	-11.40001
9326	-10.05536
9327	-8.79249
9328	-7.62417
9329	-6.51080
9330	-5.39404
9331	-4.05520
9332	-2.02667
9333	0.93649
9334	4.36901
9335	7.61861
9336	10.61251
9337	13.63111
9338	16.74823
9339	19.82416
9340	22.72315
9341	25.37512
9342	27.76229
9343	29.88502
9344	31.73407
9345	33.28004
9346	34.45259
9347	35.17036
9348	35.43264
9349	35.31988
9350	34.88216
9351	34.13183
9352	33.11213
9353	31.84357
9354	30.40274
9355	28.99513
9356	27.71844
9357	26.49547
9358	25.31761
9359	24.35962
9360	23.70517
9361	23.19475
9362	22.67457
9363	22.11822
9364	21.59937
9365	21.39894
9366	21.70376
9367	22.20531
9368	22.36502
9369	21.82236
9370	20.52549
9371	18.76362
9372	17.03589
9373	15.63517
9374	14.41639
9375	13.01777
9376	11.19355
9377	8.93319
9378	6.32996
9379	3.45794
9380	0.45011
9381	-2.49115
9382	-5.24506
9383	-7.78203
9384	-10.09382
9385	-12.22558
9386	-14.19313
9387	-15.83459
9388	-16.90406
9389	-17.31922
9390	-17.22681
9391	-16.84372
9392	-16.28989
9393	-15.55072
9394	-14.57378
9395	-13.38991
9396	-12.10611
9397	-10.82322
9398	-9.58196
9399	-8.36794
9400	-7.17249
9401	-6.04345
9402	-4.97960
9403	-3.67046
9404	-1.54761
9405	1.54703
9406	5.00667
9407	8.20782
9408	11.20628
9409	14.30693
9410	17.49829
9411	20.57517
9412	23.40375
9413	25.95145
9414	28.22234
9415	30.19376
9416	31.84699
9417	33.25455
9418	34.48773
9419	35.43196
9420	35.88840
9421	35.86996
9422	35.54433
9423	34.93334
9424	33.98645
9425	32.74428
9426	31.27366
9427	29.75878
9428	28.43941
9429	27.33999
9430	26.36086
9431	25.50223
9432	24.82181
9433	24.32850
9434	24.00666
9435	23.79290
9436	23.55951
9437	23.33916
9438	23.26979
9439	23.26169
9440	23.07650
9441	22.51696
9442	21.44587
9443	19.88404
9444	18.04079
9445	16.21163
9446	14.68807
9447	13.41096
9448	11.87469
9449	9.71504
9450	7.00962
9451	3.98897
9452	0.86514
9453	-2.19817
9454	-5.10097
9455	-7.79357
9456	-10.28122
9457	-12.58829
9458	-14.66346
9459	-16.35022
9460	-17.49039
9461	-18.03760
9462	-18.09738
9463	-17.86158
9464	-17.45514
9465	-16.87051
9466	-16.05268
9467	-14.99123
9468	-13.75609
9469	-12.46077
9470	-11.15149
9471	-9.79402
9472	-8.43115
9473	-7.20678
9474	-6.09774
9475	-4.67988
9476	-2.37265
9477	0.88345
9478	4.42610
9479	7.65706
9480	10.67463
9481	13.79335
9482	16.95258
9483	19.92679
9484	22.68566
9485	25.29915
9486	27.77083
9487	30.04920
9488	32.06771
9489	33.79271
9490	35.17874
9491	36.09365
9492	36.44229
9493	36.29062
9494	35.75122
9495	34.88766
9496	33.74500
9497	32.36219
9498	30.87951
9499	29.54168
9500	28.43263
9501	27.39928
9502	26.32033
9503	25.29873
9504	24.46952
9505	23.82084
9506	23.25699
9507	22.66168
9508	22.11161
9509	21.88633
9510	22.04750
9511	22.17253
9512	21.70758
9513	20.50100
9514	18.79017
9515	16.94290
9516	15.30489
9517	13.95965
9518	12.60559
9519	10.89723
9520	8.77360
9521	6.33323
9522	3.61628
9523	0.63720
9524	-2.49260
9525	-5.56556
9526	-8.40812
9527	-10.99396
9528	-13.36825
9529	-15.46648
9530	-17.11524
9531	-18.19603
9532	-18.71542
9533	-18.79123
9534	-18.58646
9535	-18.18665
9536	-17.57259
9537	-16.73854
9538	-15.75640
9539	-14.67844
9540	-13.48531
9541	-12.17298
9542	-10.79427
9543	-9.42445
9544	-8.14371
9545	-6.96761
9546	-5.64435
9547	-3.60696
9548	-0.53869
9549	3.06604
9550	6.42980
9551	9.41645
9552	12.41744
9553	15.60149
9554	18.76056
9555	21.70120
9556	24.40676
9557	26.90070
9558	29.17470
9559	31.20185
9560	32.95402
9561	34.39650
9562	35.41356
9563	35.82799
9564	35.59564
9565	34.90005
9566	33.95677
9567	32.83713
9568	31.55548
9569	30.15408
9570	28.77689
9571	27.59863
9572	26.60370
9573	25.65862
9574	24.78747
9575	24.11875
9576	23.63326
9577	23.24436
9578	22.93623
9579	22.64279
9580	22.34986
9581	22.15924
9582	22.02666
9583	21.75500
9584	21.17958
9585	20.21550
9586	18.86304
9587	17.30375
9588	15.83301
9589	14.54197
9590	13.20135
9591	11.53542
9592	9.45601
9593	7.02315
9594	4.31977
9595	1.41551
9596	-1.57461
9597	-4.48696
9598	-7.21567
9599	-9.73124
9600	-12.00381
9601	-13.97949
9602	-15.56803
9603	-16.66131
9604	-17.22540
9605	-17.36713
9606	-17.24410
9607	-16.92433
9608	-16.37897
9609	-15.57972
9610	-14.57585
9611	-13.45461
9612	-12.23991
9613	-10.91371
9614	-9.50627
9615	-8.11399
9616	-6.84716
9617	-5.72276
9618	-4.53788
9619	-2.83119
9620	-0.19959
9621	3.14498
9622	6.50972
9623	9.56462
9624	12.53769
9625	15.59921
9626	18.63649
9627	21.54400
9628	24.30427
9629	26.88293
9630	29.23915
9631	31.34199
9632	33.16025
9633	34.66810
9634	35.79865
9635	36.47182
9636	36.70261
9637	36.54736
9638	35.99734
9639	35.06614
9640	33.81142
9641	32.27745
9642	30.62649
9643	29.07331
9644	27.62780
9645	26.19064
9646	24.83943
9647	23.78091
9648	23.05621
9649	22.52908
9650	22.12249
9651	21.95780
9652	22.26684
9653	22.96268
9654	23.40545
9655	22.96192
9656	21.65730
9657	19.96719
9658	18.31057
9659	16.92567
9660	15.82166
9661	14.69040
9662	13.16654
9663	11.14615
9664	8.70723
9665	5.91701
9666	2.82495
9667	-0.44952
9668	-3.69999
9669	-6.74167
9670	-9.53263
9671	-12.12007
9672	-14.45778
9673	-16.39067
9674	-17.77722
9675	-18.53261
9676	-18.69993
9677	-18.45261
9678	-17.92002
9679	-17.13375
9680	-16.14651
9681	-15.03793
9682	-13.83793
9683	-12.54087
9684	-11.17908
9685	-9.82916
9686	-8.51404
9687	-7.25976
9688	-6.12722
9689	-4.87653
9690	-2.87384
9691	0.23351
9692	3.94453
9693	7.43994
9694	10.50264
9695	13.49953
9696	16.67734
9697	19.89230
9698	22.91937
9699	25.70024
9700	28.28726
9701	30.69709
9702	32.85837
9703	34.68855
9704	36.15310
9705	37.21537
9706	37.81347
9707	37.92730
9708	37.58263
9709	36.77265
9710	35.52582
9711	34.00252
9712	32.37542
9713	30.75438
9714	29.30326
9715	28.15235
9716	27.21404
9717	26.33093
9718	25.50595
9719	24.82912
9720	24.37163
9721	24.14122
9722	24.00528
9723	23.88581
9724	23.81522
9725	23.70824
9726	23.35160
9727	22.58246
9728	21.35484
9729	19.75222
9730	18.03588
9731	16.51330
9732	15.21595
9733	13.81808
9734	11.98308
9735	9.63354
9736	6.87407
9737	3.84869
9738	0.69293
9739	-2.46363
9740	-5.49975
9741	-8.33850
9742	-10.95571
9743	-13.30261
9744	-15.28502
9745	-16.81527
9746	-17.83550
9747	-18.36548
9748	-18.53377
9749	-18.46981
9750	-18.17861
9751	-17.58489
9752	-16.67806
9753	-15.56228
9754	-14.34552
9755	-13.00851
9756	-11.49383
9757	-9.91781
9758	-8.51922
9759	-7.39692
9760	-6.37444
9761	-5.00897
9762	-2.77462
9763	0.43170
9764	4.02494
9765	7.37565
9766	10.44583
9767	13.46895
9768	16.50236
9769	19.45870
9770	22.22807
9771	24.74299
9772	27.00809
9773	29.03579
9774	30.81569
9775	32.36455
9776	33.68588
9777	34.65268
9778	35.09015
9779	35.04202
9780	34.71861
9781	34.18126
9782	33.35595
9783	32.23903
9784	30.93097
9785	29.60956
9786	28.38836
9787	27.16293
9788	25.84743
9789	24.63050
9790	23.71886
9791	23.05598
9792	22.50073
9793	22.03185
9794	21.78192
9795	21.88880
9796	22.18988
9797	22.27512
9798	21.84413
9799	20.84470
9800	19.40522
9801	17.81287
9802	16.39226
9803	15.21217
9804	13.98744
9805	12.40001
9806	10.37525
9807	7.99820
9808	5.36410
9809	2.55676
9810	-0.33703
9811	-3.21129
9812	-5.94143
9813	-8.45576
9814	-10.75229
9815	-12.80492
9816	-14.53308
9817	-15.85214
9818	-16.71788
9819	-17.13987
9820	-17.18830
9821	-16.95803
9822	-16.47836
9823	-15.72543
9824	-14.75312
9825	-13.67897
9826	-12.54319
9827	-11.31577
9828	-10.01373
9829	-8.69825
9830	-7.41514
9831	-6.20782
9832	-5.01387
9833	-3.46396
9834	-1.08734
9835	2.08128
9836	5.44842
9837	8.58204
9838	11.58422
9839	14.68143
9840	17.83814
9841	20.86080
9842	23.65606
9843	26.23717
9844	28.59274
9845	30.69027
9846	32.53621
9847	34.12646
9848	35.37662
9849	36.17665
9850	36.47265
9851	36.28346
9852	35.65271
9853	34.61157
9854	33.24039
9855	31.68053
9856	30.08696
9857	28.65592
9858	27.51309
9859	26.59615
9860	25.81015
9861	25.15470
9862	24.65881
9863	24.36276
9864	24.25254
9865	24.15695
9866	23.97796
9867	23.76471
9868	23.43968
9869	22.75116
9870	21.57751
9871	20.04525
9872	18.41019
9873	16.95619
9874	15.79586
9875	14.70235
9876	13.31393
9877	11.49289
9878	9.34102
9879	6.92979
9880	4.24127
9881	1.35074
9882	-1.55302
9883	-4.30899
9884	-6.85575
9885	-9.23929
9886	-11.52094
9887	-13.62583
9888	-15.37924
9889	-16.64840
9890	-17.37515
9891	-17.56668
9892	-17.32352
9893	-16.78782
9894	-16.03674
9895	-15.08180
9896	-13.96414
9897	-12.76987
9898	-11.52646
9899	-10.19630
9900	-8.80944
9901	-7.49534
9902	-6.35972
9903	-5.32303
9904	-4.00268
9905	-1.88834
9906	1.11948
9907	4.50339
9908	7.72750
9909	10.79360
9910	13.92928
9911	17.09608
9912	20.09081
9913	22.83416
9914	25.35792
9915	27.68831
9916	29.81675
9917	31.73125
9918	33.44091
9919	34.90135
9920	35.95724
9921	36.47366
9922	36.48760
9923	36.12714
9924	35.47167
9925	34.55757
9926	33.39914
9927	32.05262
9928	30.68618
9929	29.44200
9930	28.32984
9931	27.31007
9932	26.36085
9933	25.49152
9934	24.74712
9935	24.17636
9936	23.79801
9937	23.66443
9938	23.82925
9939	24.08680
9940	23.95386
9941	23.09998
9942	21.62720
9943	19.86099
9944	18.12874
9945	16.68090
9946	15.46690
9947	14.12529
9948	12.39693
9949	10.27131
9950	7.78901
9951	4.99241
9952	1.97281
9953	-1.11141
9954	-4.05063
9955	-6.71114
9956	-9.10832
9957	-11.30507
9958	-13.30022
9959	-15.00999
9960	-16.32693
9961	-17.18031
9962	-17.55505
9963	-17.50159
9964	-17.14481
9965	-16.62734
9966	-15.98376
9967	-15.15611
9968	-14.15120
9969	-13.03987
9970	-11.82245
9971	-10.45433
9972	-9.02080
9973	-7.74866
9974	-6.71866
9975	-5.61808
9976	-3.88596
9977	-1.19923
9978	2.14162
9979	5.50577
9980	8.60474
9981	11.58241
9982	14.59124
9983	17.58857
9984	20.45550
9985	23.13953
9986	25.63735
9987	27.91507
9988	29.93332
9989	31.70276
9990	33.23877
9991	34.49905
9992	35.41019
9993	35.92139
9994	36.00921
9995	35.65225
9996	34.86508
9997	33.72484
9998	32.31211
9999	30.75350
10000	29.29247
10001	28.06155
10002	26.91786
10003	25.69942
10004	24.51419
10005	23.58673
10006	22.95286
10007	22.50529
10008	22.22696
10009	22.28459
10010	22.71495
10011	23.11724
10012	22.97616
10013	22.10855
10014	20.64390
10015	18.82884
10016	17.00526
10017	15.50947
10018	14.32784
10019	13.03502
10020	11.24652
10021	8.90053
10022	6.11792
10023	3.06991
10024	-0.06729
10025	-3.16659
10026	-6.14163
10027	-8.91325
10028	-11.41825
10029	-13.58061
10030	-15.29539
10031	-16.51993
10032	-17.31812
10033	-17.76737
10034	-17.91097
10035	-17.79959
10036	-17.48895
10037	-16.98932
10038	-16.26732
10039	-15.33456
10040	-14.26540
10041	-13.09029
10042	-11.78910
10043	-10.42180
10044	-9.13761
10045	-8.03202
10046	-7.01164
10047	-5.68712
10048	-3.51834
10049	-0.38261
10050	3.16526
10051	6.51732
10052	9.62568
10053	12.75964
10054	15.99324
10055	19.16618
10056	22.14988
10057	24.92893
10058	27.49655
10059	29.81797
10060	31.85964
10061	33.59091
10062	34.96212
10063	35.89450
10064	36.33635
10065	36.32508
10066	35.92296
10067	35.16054
10068	34.10075
10069	32.83851
10070	31.46984
10071	30.13618
10072	28.92056
10073	27.73311
10074	26.47839
10075	25.26814
10076	24.27452
10077	23.51525
10078	22.93973
10079	22.46767
10080	21.94648
10081	21.46003
10082	21.32710
10083	21.59424
10084	21.87603
10085	21.64997
10086	20.63491
10087	18.96526
10088	17.09830
10089	15.48227
10090	14.19578
10091	12.88949
10092	11.16630
10093	8.90562
10094	6.18811
10095	3.16353
10096	0.03868
10097	-3.00157
10098	-5.88188
10099	-8.56599
10100	-10.97097
10101	-13.02689
10102	-14.73116
10103	-16.08213
10104	-17.02124
10105	-17.48591
10106	-17.49448
10107	-17.17333
10108	-16.64082
10109	-15.89838
10110	-14.92634
10111	-13.80075
10112	-12.61980
10113	-11.37085
10114	-9.99657
10115	-8.59657
10116	-7.39155
10117	-6.41284
10118	-5.32729
10119	-3.62664
10120	-1.03530
10121	2.19399
10122	5.51344
10123	8.64589
10124	11.69163
10125	14.76937
10126	17.84151
10127	20.80894
10128	23.58869
10129	26.12848
10130	28.43386
10131	30.53307
10132	32.40458
10133	34.03107
10134	35.43454
10135	36.54989
10136	37.23238
10137	37.45274
10138	37.26555
10139	36.62588
10140	35.51180
10141	34.12341
10142	32.70090
10143	31.33758
10144	30.04491
10145	28.81586
10146	27.61442
10147	26.42039
10148	25.30629
10149	24.39979
10150	23.76221
10151	23.37353
10152	23.26564
10153	23.42136
10154	23.54762
10155	23.22373
10156	22.29601
10157	20.93821
10158	19.40317
10159	17.89021
10160	16.52737
10161	15.25791
10162	13.83617
10163	12.06350
10164	9.91458
10165	7.44197
10166	4.71501
10167	1.85395
10168	-0.97020
10169	-3.60460
10170	-5.99185
10171	-8.19414
10172	-10.30731
10173	-12.32510
10174	-14.13477
10175	-15.62345
10176	-16.71003
10177	-17.35307
10178	-17.58279
10179	-17.48059
10180	-17.07533
10181	-16.34141
10182	-15.33142
10183	-14.18118
10184	-12.97313
10185	-11.69412
10186	-10.33055
10187	-8.97662
10188	-7.79547
10189	-6.80660
10190	-5.71738
10191	-3.99882
10192	-1.33602
10193	1.94215
10194	5.21939
10195	8.27170
10196	11.24181
10197	14.23225
10198	17.20291
10199	20.07379
10200	22.77753
10201	25.25237
10202	27.46998
10203	29.45043
10204	31.20938
10205	32.72056
10206	33.87432
10207	34.49324
10208	34.53266
10209	34.14665
10210	33.46037
10211	32.50751
10212	31.37642
10213	30.14465
10214	28.84631
10215	27.60063
10216	26.44860
10217	25.27570
10218	24.12587
10219	23.28049
10220	22.80739
10221	22.47905
10222	22.21484
10223	22.14049
10224	22.35729
10225	22.71406
10226	22.77301
10227	22.22101
10228	21.17357
10229	19.88626
10230	18.48678
10231	17.12235
10232	15.95228
10233	14.87080
10234	13.53703
10235	11.70600
10236	9.34853
10237	6.57217
10238	3.56037
10239	0.47187
10240	-2.60161
10241	-5.53793
10242	-8.19786
10243	-10.56812
10244	-12.71168
10245	-14.58307
10246	-16.05196
10247	-17.03142
10248	-17.51371
10249	-17.55229
10250	-17.24190
10251	-16.65906
10252	-15.81198
10253	-14.72051
10254	-13.49331
10255	-12.22227
10256	-10.92355
10257	-9.64950
10258	-8.47813
10259	-7.43362
10260	-6.48930
10261	-5.40971
10262	-3.66482
10263	-0.90571
10264	2.50892
10265	5.86096
10266	8.87872
10267	11.79268
10268	14.79297
10269	17.79612
10270	20.64015
10271	23.29114
10272	25.78941
10273	28.12145
10274	30.23836
10275	32.09635
10276	33.65260
10277	34.84721
10278	35.59737
10279	35.87103
10280	35.71093
10281	35.13734
10282	34.15230
10283	32.84038
10284	31.36564
10285	29.92611
10286	28.67414
10287	27.60693
10288	26.60817
10289	25.67189
10290	24.97916
10291	24.60806
10292	24.40814
10293	24.20692
10294	23.85061
10295	23.35105
10296	22.98260
10297	22.87484
10298	22.72327
10299	22.10140
10300	20.89261
10301	19.28343
10302	17.61893
10303	16.22955
10304	15.13524
10305	14.00858
10306	12.52912
10307	10.63319
10308	8.40520
10309	5.88623
10310	3.09853
10311	0.18161
10312	-2.65971
10313	-5.32740
10314	-7.83972
10315	-10.21677
10316	-12.41908
10317	-14.36138
10318	-15.91292
10319	-16.93812
10320	-17.41933
10321	-17.46558
10322	-17.18482
10323	-16.63326
10324	-15.83364
10325	-14.78776
10326	-13.55067
10327	-12.27239
10328	-11.02799
10329	-9.72082
10330	-8.35420
10331	-7.13611
10332	-6.13547
10333	-5.10165
10334	-3.59796
10335	-1.26234
10336	1.79966
10337	5.02841
10338	8.06800
10339	11.06065
10340	14.18761
10341	17.33169
10342	20.27221
10343	22.93126
10344	25.33360
10345	27.49821
10346	29.44144
10347	31.19671
10348	32.77978
10349	34.14036
10350	35.15563
10351	35.70164
10352	35.79105
10353	35.55095
10354	35.02918
10355	34.19729
10356	33.07981
10357	31.78738
10358	30.50892
10359	29.37367
10360	28.35700
10361	27.38800
10362	26.48717
10363	25.74989
10364	25.24839
10365	24.95599
10366	24.78178
10367	24.72993
10368	24.75288
10369	24.48628
10370	23.55041
10371	22.03435
10372	20.32652
10373	18.70595
10374	17.29186
10375	16.10356
10376	14.96269
10377	13.56134
10378	11.73195
10379	9.49723
10380	6.93334
10381	4.11349
10382	1.14351
10383	-1.81628
10384	-4.63127
10385	-7.29021
10386	-9.81623
10387	-12.11399
10388	-14.06443
10389	-15.65057
10390	-16.84955
10391	-17.56365
10392	-17.76612
10393	-17.58365
10394	-17.17461
10395	-16.59655
10396	-15.81834
10397	-14.84295
10398	-13.74888
10399	-12.57015
10400	-11.25597
10401	-9.82867
10402	-8.47692
10403	-7.37924
10404	-6.46129
10405	-5.32785
10406	-3.43168
10407	-0.55916
10408	2.84971
10409	6.19897
10410	9.34490
10411	12.44553
10412	15.59051
10413	18.72040
10414	21.72229
10415	24.52365
10416	27.11370
10417	29.50341
10418	31.66496
10419	33.54170
10420	35.10348
10421	36.30429
10422	37.02888
10423	37.20835
10424	36.90922
10425	36.23195
10426	35.23871
10427	33.95933
10428	32.45051
10429	30.91947
10430	29.58929
10431	28.42474
10432	27.25557
10433	26.08727
10434	25.08881
10435	24.34294
10436	23.80866
10437	23.42560
10438	23.16659
10439	23.09988
10440	23.18224
10441	23.09107
10442	22.53315
10443	21.53755
10444	20.22578
10445	18.64846
10446	17.00044
10447	15.54265
10448	14.25155
10449	12.84667
10450	11.08177
10451	8.87895
10452	6.31166
10453	3.52389
10454	0.64673
10455	-2.22760
10456	-5.01191
10457	-7.60678
10458	-9.98571
10459	-12.19222
10460	-14.14348
10461	-15.63684
10462	-16.60320
10463	-17.14261
10464	-17.34813
10465	-17.26413
10466	-16.91928
10467	-16.31651
10468	-15.48338
10469	-14.50529
10470	-13.44358
10471	-12.27704
10472	-10.96756
10473	-9.56994
10474	-8.23082
10475	-7.06594
10476	-6.03823
10477	-4.84690
10478	-2.95365
10479	-0.08633
10480	3.30846
10481	6.58109
10482	9.63678
10483	12.72773
10484	15.88824
10485	18.96238
10486	21.87428
10487	24.60958
10488	27.11719
10489	29.35627
10490	31.34438
10491	33.10427
10492	34.59131
10493	35.72727
10494	36.45274
10495	36.72250
10496	36.53757
10497	35.94781
10498	34.99976
10499	33.72937
10500	32.23807
10501	30.73885
10502	29.37084
10503	28.07759
10504	26.80466
10505	25.68030
10506	24.85202
10507	24.27480
10508	23.85276
10509	23.51025
10510	23.15256
10511	22.82317
10512	22.61790
10513	22.42097
10514	21.93286
10515	20.97567
10516	19.62090
10517	18.12921
10518	16.77070
10519	15.58871
10520	14.37202
10521	12.89014
10522	11.06938
10523	8.94122
10524	6.56307
10525	3.98846
10526	1.25872
10527	-1.53483
10528	-4.22257
10529	-6.65839
10530	-8.83155
10531	-10.82218
10532	-12.66026
10533	-14.29048
10534	-15.59698
10535	-16.41853
10536	-16.66730
10537	-16.44785
10538	-15.99071
10539	-15.42493
10540	-14.67540
10541	-13.65948
10542	-12.47406
10543	-11.26513
10544	-10.03514
10545	-8.72972
10546	-7.41181
10547	-6.21071
10548	-5.11671
10549	-3.84937
10550	-1.94876
10551	0.77638
10552	3.92331
10553	6.94039
10554	9.76271
10555	12.65921
10556	15.69311
10557	18.67401
10558	21.44235
10559	23.95625
10560	26.21543
10561	28.23673
10562	30.06761
10563	31.76968
10564	33.34421
10565	34.63416
10566	35.38115
10567	35.50142
10568	35.22056
10569	34.78357
10570	34.17017
10571	33.27550
10572	32.16112
10573	31.00678
10574	29.90985
10575	28.80696
10576	27.64224
10577	26.50981
10578	25.55536
10579	24.82019
10580	24.22980
10581	23.62282
10582	22.93199
10583	22.36535
10584	22.08421
10585	21.89439
10586	21.43968
10587	20.51155
10588	19.13646
10589	17.58082
10590	16.15879
10591	14.92255
10592	13.65659
10593	12.14825
10594	10.34612
10595	8.27014
10596	5.92436
10597	3.31356
10598	0.47484
10599	-2.46364
10600	-5.29871
10601	-7.89527
10602	-10.25061
10603	-12.39980
10604	-14.29525
10605	-15.77990
10606	-16.74134
10607	-17.23301
10608	-17.36613
10609	-17.19613
10610	-16.73758
10611	-16.00970
10612	-15.07381
10613	-14.00755
10614	-12.84010
10615	-11.55468
10616	-10.16752
10617	-8.79203
10618	-7.56404
10619	-6.46920
10620	-5.27112
10621	-3.54876
10622	-0.95152
10623	2.32584
10624	5.65765
10625	8.75181
10626	11.81037
10627	14.96450
10628	18.06747
10629	20.97532
10630	23.66833
10631	26.14091
10632	28.37077
10633	30.36752
10634	32.15275
10635	33.71326
10636	34.99033
10637	35.86156
10638	36.20319
10639	36.01337
10640	35.37255
10641	34.37642
10642	33.16421
10643	31.84040
10644	30.47850
10645	29.20799
10646	28.09393
10647	27.06118
10648	26.06061
10649	25.16174
10650	24.39695
10651	23.75309
10652	23.26148
10653	22.87870
10654	22.50761
10655	22.05403
10656	21.37981
10657	20.50140
10658	19.63569
10659	18.81151
10660	17.81175
10661	16.54897
10662	15.11235
10663	13.56485
10664	11.88629
10665	9.96775
10666	7.67377
10667	4.99262
10668	2.04013
10669	-1.03033
10670	-4.03527
10671	-6.81128
10672	-9.31506
10673	-11.58158
10674	-13.59649
10675	-15.26416
10676	-16.47486
10677	-17.16530
10678	-17.33070
10679	-17.07007
10680	-16.54528
10681	-15.82286
10682	-14.86812
10683	-13.67934
10684	-12.35205
10685	-11.01216
10686	-9.70856
10687	-8.43262
10688	-7.17470
10689	-5.92886
10690	-4.69320
10691	-3.29780
10692	-1.26325
10693	1.69040
10694	5.08946
10695	8.25260
10696	11.12709
10697	14.05449
10698	17.10806
10699	20.10315
10700	22.92842
10701	25.54118
10702	27.88071
10703	29.93939
10704	31.75553
10705	33.33732
10706	34.63829
10707	35.58065
10708	36.09652
10709	36.14373
10710	35.71612
10711	34.85491
10712	33.66464
10713	32.28453
10714	30.87209
10715	29.59963
10716	28.52743
10717	27.52898
10718	26.51164
10719	25.63032
10720	25.03192
10721	24.60387
10722	24.21208
10723	23.82682
10724	23.43109
10725	23.10398
10726	22.93351
10727	22.78111
10728	22.31854
10729	21.35096
10730	19.97375
10731	18.44103
10732	16.99391
10733	15.70726
10734	14.41991
10735	12.89462
10736	11.04117
10737	8.88619
10738	6.43824
10739	3.73096
10740	0.89613
10741	-1.89201
10742	-4.49913
10743	-6.88666
10744	-9.15034
10745	-11.40875
10746	-13.59492
10747	-15.46915
10748	-16.80940
10749	-17.50529
10750	-17.60226
10751	-17.29270
10752	-16.77052
10753	-16.07324
10754	-15.12327
10755	-13.91915
10756	-12.60711
10757	-11.29914
10758	-9.94280
10759	-8.52136
10760	-7.20336
10761	-6.09606
10762	-4.96903
10763	-3.30950
10764	-0.75289
10765	2.46037
10766	5.71451
10767	8.72003
10768	11.67708
10769	14.78776
10770	17.92659
10771	20.86476
10772	23.55231
10773	26.03253
10774	28.30045
10775	30.33967
10776	32.15150
10777	33.70573
10778	34.88580
10779	35.51629
10780	35.51735
10781	34.98978
10782	34.11325
10783	33.03743
10784	31.80926
10785	30.36713
10786	28.81192
10787	27.46776
10788	26.48401
10789	25.69237
10790	24.92530
10791	24.19692
10792	23.58198
10793	23.09642
10794	22.67001
10795	22.22300
10796	21.85792
10797	21.68472
10798	21.49888
10799	21.04042
10800	20.23551
10801	19.04445
10802	17.49452
10803	15.87030
10804	14.46661
10805	13.19404
10806	11.69632
10807	9.76876
10808	7.43477
10809	4.76457
10810	1.84110
10811	-1.19944
10812	-4.20468
10813	-7.05774
10814	-9.68272
10815	-12.01977
10816	-14.03349
10817	-15.70636
10818	-16.99199
10819	-17.84625
10820	-18.30314
10821	-18.45187
10822	-18.35941
10823	-18.03127
10824	-17.45387
10825	-16.64819
10826	-15.66214
10827	-14.53730
10828	-13.28007
10829	-11.87525
10830	-10.38199
10831	-8.96962
10832	-7.78345
10833	-6.75770
10834	-5.46720
10835	-3.28172
10836	-0.06653
10837	3.47313
10838	6.61638
10839	9.43488
10840	12.39035
10841	15.58385
10842	18.77339
10843	21.78340
10844	24.58197
10845	27.15107
10846	29.46240
10847	31.51414
10848	33.31850
10849	34.83302
10850	35.92022
10851	36.47103
10852	36.52092
10853	36.13015
10854	35.31923
10855	34.16394
10856	32.75536
10857	31.21479
10858	29.73430
10859	28.38896
10860	27.11248
10861	25.89733
10862	24.87516
10863	24.13531
10864	23.60293
10865	23.21203
10866	22.89545
10867	22.53211
10868	22.19830
10869	22.06263
10870	22.03330
10871	21.77176
10872	20.99544
10873	19.64766
10874	17.94202
10875	16.24254
10876	14.77162
10877	13.44525
10878	11.99508
10879	10.22189
10880	8.08630
10881	5.62775
10882	2.90875
10883	0.03650
10884	-2.81815
10885	-5.51285
10886	-8.03450
10887	-10.42296
10888	-12.65321
10889	-14.63427
10890	-16.23762
10891	-17.35340
10892	-17.94655
10893	-18.05787
10894	-17.79744
10895	-17.30073
10896	-16.61206
10897	-15.69048
10898	-14.55929
10899	-13.32312
10900	-12.05241
10901	-10.74840
10902	-9.41445
10903	-8.13988
10904	-7.01285
10905	-5.87105
10906	-4.23561
10907	-1.68733
10908	1.60106
10909	4.95661
10910	7.98755
10911	10.90344
10912	13.95390
10913	17.02480
10914	19.89625
10915	22.53740
10916	25.01137
10917	27.29882
10918	29.32924
10919	31.08918
10920	32.61338
10921	33.89371
10922	34.85093
10923	35.39897
10924	35.51914
10925	35.25617
10926	34.65604
10927	33.76746
10928	32.63673
10929	31.32220
10930	29.96233
10931	28.68591
10932	27.51398
10933	26.40926
10934	25.38023
10935	24.46054
10936	23.66425
10937	23.01531
10938	22.49619
10939	22.09869
10940	21.83061
10941	21.53742
10942	20.98447
10943	20.12637
10944	19.03227
10945	17.70439
10946	16.26139
10947	14.92714
10948	13.64677
10949	12.15593
10950	10.36050
10951	8.28101
10952	5.88812
10953	3.19460
10954	0.33140
10955	-2.52602
10956	-5.28208
10957	-7.90213
10958	-10.28066
10959	-12.31519
10960	-14.02911
10961	-15.43130
10962	-16.42340
10963	-16.93984
10964	-17.03116
10965	-16.82122
10966	-16.39051
10967	-15.69696
10968	-14.69112
10969	-13.45024
10970	-12.10135
10971	-10.70489
10972	-9.27992
10973	-7.85856
10974	-6.49621
10975	-5.23106
10976	-3.97854
10977	-2.40898
10978	-0.06901
10979	3.08228
10980	6.47756
10981	9.62744
10982	12.58623
10983	15.54246
10984	18.47615
10985	21.28303
10986	23.91624
10987	26.37591
10988	28.63581
10989	30.62865
10990	32.33620
10991	33.83854
10992	35.18760
10993	36.26120
10994	36.86808
10995	36.97522
10996	36.69320
10997	36.09433
10998	35.19909
10999	34.05973
11000	32.75719
11001	31.37221
11002	29.99964
11003	28.72829
11004	27.58864
11005	26.56981
11006	25.69045
11007	25.03077
11008	24.59623
11009	24.23927
11010	23.92971
11011	23.76155
11012	23.57805
11013	22.95298
11014	21.72828
11015	20.17368
11016	18.59776
11017	17.12587
11018	15.76618
11019	14.39919
11020	12.79534
11021	10.81911
11022	8.49348
11023	5.85169
11024	2.92007
11025	-0.15199
11026	-3.13336
11027	-5.88892
11028	-8.44829
11029	-10.89821
11030	-13.20620
11031	-15.20375
11032	-16.74986
11033	-17.81238
11034	-18.39729
11035	-18.50467
11036	-18.20257
11037	-17.64622
11038	-16.93575
11039	-16.04195
11040	-14.94378
11041	-13.70283
11042	-12.35681
11043	-10.88218
11044	-9.33806
11045	-7.96393
11046	-6.92736
11047	-5.92945
11048	-4.27542
11049	-1.56202
11050	1.81821
11051	5.15858
11052	8.22684
11053	11.23627
11054	14.33092
11055	17.44202
11056	20.43922
11057	23.24292
11058	25.85309
11059	28.29961
11060	30.58366
11061	32.66772
11062	34.45434
11063	35.75670
11064	36.36684
11065	36.23368
11066	35.52704
11067	34.47563
11068	33.21047
11069	31.74696
11070	30.11140
11071	28.50786
11072	27.17466
11073	26.10837
11074	25.14662
11075	24.27952
11076	23.63599
11077	23.21832
11078	22.91010
11079	22.62103
11080	22.32654
11081	22.15921
11082	22.20405
11083	22.21763
11084	21.86356
11085	21.00957
11086	19.68045
11087	18.01201
11088	16.30794
11089	14.85723
11090	13.60776
11091	12.21173
11092	10.42221
11093	8.23061
11094	5.70276
11095	2.90996
11096	-0.04238
11097	-3.00368
11098	-5.80185
11099	-8.34287
11100	-10.65592
11101	-12.76265
11102	-14.59239
11103	-16.08035
11104	-17.19600
11105	-17.89655
11106	-18.17393
11107	-18.09188
11108	-17.72365
11109	-17.08874
11110	-16.18360
11111	-15.08086
11112	-13.88804
11113	-12.59972
11114	-11.17310
11115	-9.69443
11116	-8.31234
11117	-7.10849
11118	-6.03080
11119	-4.76799
11120	-2.78825
11121	0.16018
11122	3.64799
11123	7.00002
11124	10.01574
11125	12.94118
11126	15.94094
11127	18.90247
11128	21.66853
11129	24.21372
11130	26.54988
11131	28.63166
11132	30.41562
11133	31.93689
11134	33.26009
11135	34.34927
11136	35.06530
11137	35.32939
11138	35.21400
11139	34.81871
11140	34.15117
11141	33.19077
11142	31.97556
11143	30.63630
11144	29.32910
11145	28.10678
11146	26.93196
11147	25.79070
11148	24.73795
11149	23.85166
11150	23.18808
11151	22.72351
11152	22.39979
11153	22.26697
11154	22.32966
11155	22.32692
11156	21.92229
11157	21.02203
11158	19.73168
11159	18.23445
11160	16.75851
11161	15.45528
11162	14.21557
11163	12.72499
11164	10.79536
11165	8.48324
11166	5.89189
11167	3.08719
11168	0.16941
11169	-2.72239
11170	-5.45195
11171	-7.92854
11172	-10.15991
11173	-12.21024
11174	-14.07459
11175	-15.66673
11176	-16.86335
11177	-17.53474
11178	-17.66552
11179	-17.41397
11180	-16.93219
11181	-16.22861
11182	-15.26509
11183	-14.07889
11184	-12.75737
11185	-11.36544
11186	-9.95267
11187	-8.59361
11188	-7.38949
11189	-6.37750
11190	-5.35638
11191	-3.83809
11192	-1.40566
11193	1.78029
11194	5.11326
11195	8.23697
11196	11.25873
11197	14.33014
11198	17.40116
11199	20.35622
11200	23.14551
11201	25.74531
11202	28.11192
11203	30.20454
11204	32.02038
11205	33.60299
11206	34.98022
11207	36.05774
11208	36.64944
11209	36.68572
11210	36.30272
11211	35.63987
11212	34.71381
11213	33.50580
11214	32.09586
11215	30.70602
11216	29.48266
11217	28.37026
11218	27.32584
11219	26.42308
11220	25.66241
11221	24.98385
11222	24.42512
11223	23.99402
11224	23.69347
11225	23.57937
11226	23.51242
11227	23.18161
11228	22.42625
11229	21.26553
11230	19.77066
11231	18.16858
11232	16.78518
11233	15.64615
11234	14.39312
11235	12.71215
11236	10.59307
11237	8.16111
11238	5.48896
11239	2.60123
11240	-0.42379
11241	-3.41347
11242	-6.20740
11243	-8.78207
11244	-11.19644
11245	-13.41958
11246	-15.31718
11247	-16.78810
11248	-17.81367
11249	-18.37781
11250	-18.46104
11251	-18.14647
11252	-17.59557
11253	-16.86333
11254	-15.90224
11255	-14.75593
11256	-13.53170
11257	-12.24485
11258	-10.86911
11259	-9.45918
11260	-8.16446
11261	-7.10142
11262	-6.11040
11263	-4.67039
11264	-2.27039
11265	1.00362
11266	4.52087
11267	7.82783
11268	10.94671
11269	14.03826
11270	17.13146
11271	20.13366
11272	22.94863
11273	25.53830
11274	27.89154
11275	29.99275
11276	31.84184
11277	33.46726
11278	34.84178
11279	35.80801
11280	36.21936
11281	36.12330
11282	35.68884
11283	35.00496
11284	34.04215
11285	32.76537
11286	31.29595
11287	29.90343
11288	28.72138
11289	27.64878
11290	26.60301
11291	25.69826
11292	25.05053
11293	24.55119
11294	24.02872
11295	23.44014
11296	22.90669
11297	22.69432
11298	22.85080
11299	22.99637
11300	22.63437
11301	21.56304
11302	19.95758
11303	18.20654
11304	16.67220
11305	15.41048
11306	14.12858
11307	12.54850
11308	10.64142
11309	8.41629
11310	5.82527
11311	2.96796
11312	0.07280
11313	-2.70763
11314	-5.29973
11315	-7.67417
11316	-9.87161
11317	-11.90948
11318	-13.70283
11319	-15.13742
11320	-16.15163
11321	-16.74772
11322	-16.95158
11323	-16.80387
11324	-16.35670
11325	-15.63259
11326	-14.65774
11327	-13.52270
11328	-12.29761
11329	-10.96959
11330	-9.55865
11331	-8.17274
11332	-6.90353
11333	-5.76049
11334	-4.62029
11335	-3.12205
11336	-0.82798
11337	2.23991
11338	5.50514
11339	8.56973
11340	11.61410
11341	14.83697
11342	18.07286
11343	21.11833
11344	23.95217
11345	26.59324
11346	29.02462
11347	31.23199
11348	33.21367
11349	34.96891
11350	36.45770
11351	37.56350
11352	38.15361
11353	38.20404
11354	37.79631
11355	37.00095
11356	35.85659
11357	34.40894
11358	32.75786
11359	31.10039
11360	29.61798
11361	28.31515
11362	27.11435
11363	26.04547
11364	25.16069
11365	24.43690
11366	23.87899
11367	23.46548
11368	23.12463
11369	22.82280
11370	22.48895
11371	21.98167
11372	21.19184
11373	20.05778
11374	18.58456
11375	16.97670
11376	15.48505
11377	14.08415
11378	12.56620
11379	10.82511
11380	8.81582
11381	6.46724
11382	3.79868
11383	0.95456
11384	-1.91181
11385	-4.70267
11386	-7.33287
11387	-9.71870
11388	-11.85918
11389	-13.81509
11390	-15.55770
11391	-16.93795
11392	-17.81465
11393	-18.15565
11394	-18.07779
11395	-17.76722
11396	-17.26749
11397	-16.47261
11398	-15.36551
11399	-14.08750
11400	-12.75853
11401	-11.35935
11402	-9.86361
11403	-8.39102
11404	-7.09901
11405	-5.97185
11406	-4.70746
11407	-2.76788
11408	0.14543
11409	3.60427
11410	6.89867
11411	9.88205
11412	12.88821
11413	16.05820
11414	19.21095
11415	22.20574
11416	25.03792
11417	27.66051
11418	29.99518
11419	32.05533
11420	33.89975
11421	35.50113
11422	36.70018
11423	37.29972
11424	37.27801
11425	36.81846
11426	36.05021
11427	34.97980
11428	33.63888
11429	32.12902
11430	30.61743
11431	29.21761
11432	27.91357
11433	26.68478
11434	25.53901
11435	24.49220
11436	23.58399
11437	22.85421
11438	22.35763
11439	22.14620
11440	22.24006
11441	22.46383
11442	22.37566
11443	21.69596
11444	20.54365
11445	19.10821
11446	17.52974
11447	16.03126
11448	14.71977
11449	13.38593
11450	11.73915
11451	9.69227
11452	7.31579
11453	4.66219
11454	1.74895
11455	-1.33589
11456	-4.39029
11457	-7.18661
11458	-9.62498
11459	-11.77517
11460	-13.70971
11461	-15.36652
11462	-16.62145
11463	-17.39408
11464	-17.66899
11465	-17.52698
11466	-17.10956
11467	-16.48399
11468	-15.62963
11469	-14.55956
11470	-13.34620
11471	-12.05202
11472	-10.72256
11473	-9.40325
11474	-8.11651
11475	-6.89818
11476	-5.80110
11477	-4.68847
11478	-3.08322
11479	-0.54633
11480	2.71902
11481	6.03669
11482	9.07294
11483	12.04551
11484	15.14247
11485	18.21458
11486	21.08145
11487	23.73432
11488	26.18875
11489	28.40373
11490	30.34799
11491	32.04147
11492	33.53373
11493	34.79726
11494	35.65932
11495	35.97282
11496	35.83197
11497	35.42696
11498	34.76251
11499	33.74545
11500	32.41506
11501	30.96582
11502	29.60553
11503	28.35533
11504	27.10724
11505	25.89080
11506	24.86740
11507	24.08678
11508	23.49846
11509	23.02583
11510	22.47377
11511	21.81035
11512	21.36392
11513	21.35361
11514	21.57212
11515	21.52603
11516	20.79702
11517	19.36796
11518	17.65097
11519	16.08433
11520	14.76037
11521	13.47228
11522	11.97378
11523	10.14010
11524	7.94752
11525	5.40385
11526	2.56527
11527	-0.43211
11528	-3.41770
11529	-6.24334
11530	-8.82965
11531	-11.19334
11532	-13.34944
11533	-15.18830
11534	-16.52864
11535	-17.29084
11536	-17.55033
11537	-17.44754
11538	-17.10662
11539	-16.55918
11540	-15.73933
11541	-14.63636
11542	-13.36894
11543	-12.04739
11544	-10.66050
11545	-9.18639
11546	-7.74194
11547	-6.48959
11548	-5.41559
11549	-4.21573
11550	-2.36532
11551	0.43002
11552	3.77634
11553	7.01264
11554	10.00461
11555	13.02387
11556	16.13242
11557	19.15087
11558	21.97448
11559	24.60461
11560	27.02516
11561	29.19365
11562	31.09938
11563	32.77339
11564	34.20057
11565	35.26270
11566	35.82956
11567	35.90161
11568	35.59891
11569	34.99893
11570	34.10936
11571	32.95501
11572	31.61504
11573	30.25351
11574	29.01332
11575	27.88860
11576	26.76446
11577	25.58042
11578	24.45512
11579	23.52695
11580	22.80174
11581	22.20400
11582	21.66171
11583	21.30736
11584	21.29489
11585	21.44296
11586	21.37755
11587	20.80325
11588	19.58468
11589	17.89662
11590	16.19894
11591	14.80764
11592	13.58772
11593	12.15580
11594	10.30379
11595	8.06653
11596	5.51405
11597	2.71860
11598	-0.19927
11599	-3.11522
11600	-5.91019
11601	-8.48098
11602	-10.81508
11603	-12.95741
11604	-14.86791
11605	-16.38916
11606	-17.39705
11607	-17.90691
11608	-18.01906
11609	-17.82243
11610	-17.33659
11611	-16.55905
11612	-15.54070
11613	-14.35528
11614	-13.06489
11615	-11.73113
11616	-10.39381
11617	-9.07223
11618	-7.81105
11619	-6.66576
11620	-5.56200
11621	-4.16169
11622	-1.99766
11623	1.03753
11624	4.43879
11625	7.62695
11626	10.58363
11627	13.62169
11628	16.81425
11629	19.95744
11630	22.87567
11631	25.54289
11632	27.98120
11633	30.16371
11634	32.05093
11635	33.68507
11636	35.11653
11637	36.24211
11638	36.89530
11639	37.05930
11640	36.82600
11641	36.24770
11642	35.33462
11643	34.04771
11644	32.42484
11645	30.72365
11646	29.19509
11647	27.85324
11648	26.56869
11649	25.31669
11650	24.22598
11651	23.38711
11652	22.74506
11653	22.19325
11654	21.69494
11655	21.39839
11656	21.39065
11657	21.42129
11658	21.14483
11659	20.37300
11660	19.04277
11661	17.30907
11662	15.57590
11663	14.13547
11664	12.84279
11665	11.30143
11666	9.31394
11667	6.94815
11668	4.29279
11669	1.39866
11670	-1.61567
11671	-4.54401
11672	-7.20615
11673	-9.57788
11674	-11.74881
11675	-13.73120
11676	-15.40033
11677	-16.63285
11678	-17.37478
11679	-17.63595
11680	-17.51943
11681	-17.16278
11682	-16.61538
11683	-15.83796
11684	-14.81421
11685	-13.62254
11686	-12.34129
11687	-10.96860
11688	-9.52538
11689	-8.09414
11690	-6.75384
11691	-5.51912
11692	-4.17577
11693	-2.22975
11694	0.65894
11695	4.16983
11696	7.63457
11697	10.81936
11698	13.92363
11699	17.04847
11700	20.10369
11701	22.99199
11702	25.64550
11703	28.01799
11704	30.11883
11705	31.96847
11706	33.57464
11707	34.94695
11708	36.01772
11709	36.67215
11710	36.89740
11711	36.75542
11712	36.26139
11713	35.42240
11714	34.31038
11715	33.03069
11716	31.69848
11717	30.38518
11718	29.09287
11719	27.80902
11720	26.55676
11721	25.40984
11722	24.45113
11723	23.74341
11724	23.30938
11725	23.15908
11726	23.27060
11727	23.40695
11728	23.14934
11729	22.28041
11730	20.96040
11731	19.45997
11732	17.97659
11733	16.64626
11734	15.44610
11735	14.15321
11736	12.58545
11737	10.70555
11738	8.49030
11739	5.94518
11740	3.16075
11741	0.23116
11742	-2.75067
11743	-5.62431
11744	-8.23367
11745	-10.55425
11746	-12.64782
11747	-14.50378
11748	-15.98657
11749	-16.97242
11750	-17.46741
11751	-17.54443
11752	-17.28481
11753	-16.80394
11754	-16.16293
11755	-15.30763
11756	-14.22608
11757	-13.02826
11758	-11.79113
11759	-10.49943
11760	-9.18786
11761	-7.96545
11762	-6.87869
11763	-5.82801
11764	-4.48206
11765	-2.34915
11766	0.68609
11767	4.07081
11768	7.23462
11769	10.21220
11770	13.27522
11771	16.40096
11772	19.38216
11773	22.12783
11774	24.65941
11775	26.97839
11776	29.05846
11777	30.91260
11778	32.57831
11779	34.02079
11780	35.11486
11781	35.75639
11782	35.96729
11783	35.86190
11784	35.51649
11785	34.90798
11786	33.97453
11787	32.75899
11788	31.46587
11789	30.21554
11790	28.90853
11791	27.48087
11792	26.10395
11793	24.98021
11794	24.11224
11795	23.41721
11796	22.87719
11797	22.56740
11798	22.58776
11799	22.81612
11800	22.85881
11801	22.35901
11802	21.25153
11803	19.72608
11804	18.11413
11805	16.71914
11806	15.56230
11807	14.35365
11808	12.79604
11809	10.80745
11810	8.45141
11811	5.79859
11812	2.90780
11813	-0.11552
11814	-3.13686
11815	-6.04511
11816	-8.73938
11817	-11.15097
11818	-13.27864
11819	-15.14054
11820	-16.70173
11821	-17.87877
11822	-18.61156
11823	-18.89737
11824	-18.77850
11825	-18.33485
11826	-17.63295
11827	-16.69103
11828	-15.54614
11829	-14.27955
11830	-12.93239
11831	-11.50387
11832	-10.04933
11833	-8.68620
11834	-7.48393
11835	-6.34192
11836	-4.90271
11837	-2.66872
11838	0.46988
11839	3.92915
11840	7.09888
11841	10.05815
11842	13.17140
11843	16.42229
11844	19.55075
11845	22.45534
11846	25.17284
11847	27.70321
11848	29.99826
11849	32.01707
11850	33.75157
11851	35.20523
11852	36.30844
11853	36.91059
11854	36.93676
11855	36.46867
11856	35.62105
11857	34.46365
11858	33.05322
11859	31.49283
11860	29.97511
11861	28.65633
11862	27.50476
11863	26.40636
11864	25.36076
11865	24.46314
11866	23.73841
11867	23.11665
11868	22.55502
11869	22.08861
11870	21.90040
11871	22.14836
11872	22.56547
11873	22.63324
11874	22.06499
11875	20.89112
11876	19.29148
11877	17.60724
11878	16.16829
11879	14.91805
11880	13.48806
11881	11.64489
11882	9.39875
11883	6.78080
11884	3.83758
11885	0.75993
11886	-2.21883
11887	-4.97216
11888	-7.46721
11889	-9.73416
11890	-11.83862
11891	-13.76108
11892	-15.33332
11893	-16.39673
11894	-16.92647
11895	-16.99238
11896	-16.74473
11897	-16.31994
11898	-15.68126
11899	-14.73821
11900	-13.56330
11901	-12.31116
11902	-11.02296
11903	-9.67459
11904	-8.34302
11905	-7.16270
11906	-6.14503
11907	-5.09733
11908	-3.62317
11909	-1.31155
11910	1.78404
11911	5.08390
11912	8.15968
11913	11.11343
11914	14.16898
11915	17.28553
11916	20.26568
11917	22.98738
11918	25.43216
11919	27.61499
11920	29.54990
11921	31.25043
11922	32.72360
11923	33.92737
11924	34.75891
11925	35.13855
11926	35.08838
11927	34.68555
11928	33.98217
11929	32.98207
11930	31.67967
11931	30.22330
11932	28.85817
11933	27.61909
11934	26.36038
11935	25.04574
11936	23.84776
11937	22.90255
11938	22.14139
11939	21.47460
11940	20.82927
11941	20.16272
11942	19.71526
11943	19.74157
11944	20.07869
11945	20.22226
11946	19.68739
11947	18.33185
11948	16.48056
11949	14.64807
11950	13.06393
11951	11.54695
11952	9.79863
11953	7.68409
11954	5.20641
11955	2.43328
11956	-0.48802
11957	-3.40816
11958	-6.19254
11959	-8.68264
11960	-10.84309
11961	-12.78040
11962	-14.50298
11963	-15.87070
11964	-16.77694
11965	-17.24873
11966	-17.36463
11967	-17.18370
11968	-16.73570
11969	-16.00382
11970	-14.97788
11971	-13.75375
11972	-12.47757
11973	-11.18042
11974	-9.81487
11975	-8.42366
11976	-7.11861
11977	-5.95140
11978	-4.82963
11979	-3.42159
11980	-1.23318
11981	1.85724
11982	5.28536
11983	8.46649
11984	11.45335
11985	14.53786
11986	17.70731
11987	20.74874
11988	23.49714
11989	25.89497
11990	27.97894
11991	29.80969
11992	31.43825
11993	32.90101
11994	34.11898
11995	34.93031
11996	35.29233
11997	35.29278
11998	34.98798
11999	34.35706
12000	33.36963
12001	32.07346
12002	30.65668
12003	29.30633
12004	28.03916
12005	26.74850
12006	25.41893
12007	24.24381
12008	23.35929
12009	22.65508
12010	22.01940
12011	21.44739
12012	21.00587
12013	20.90272
12014	21.18093
12015	21.45574
12016	21.22081
12017	20.29344
12018	18.85124
12019	17.22257
12020	15.70456
12021	14.38190
12022	13.06392
12023	11.47579
12024	9.49360
12025	7.17180
12026	4.58356
12027	1.75853
12028	-1.18277
12029	-4.02699
12030	-6.63404
12031	-8.98259
12032	-11.12172
12033	-13.08007
12034	-14.77026
12035	-16.05101
12036	-16.86566
12037	-17.22506
12038	-17.17192
12039	-16.81190
12040	-16.21267
12041	-15.32989
12042	-14.16403
12043	-12.85184
12044	-11.53614
12045	-10.25669
12046	-8.98547
12047	-7.70451
12048	-6.45249
12049	-5.28097
12050	-4.07218
12051	-2.41272
12052	0.07761
12053	3.21011
12054	6.39544
12055	9.40946
12056	12.47671
12057	15.64230
12058	18.67909
12059	21.46055
12060	23.97972
12061	26.22534
12062	28.21215
12063	29.95922
12064	31.45634
12065	32.69690
12066	33.61638
12067	34.09493
12068	34.14491
12069	33.91423
12070	33.48232
12071	32.80629
12072	31.80139
12073	30.49547
12074	29.09087
12075	27.74869
12076	26.44723
12077	25.12321
12078	23.86294
12079	22.85146
12080	22.14900
12081	21.66301
12082	21.29193
12083	21.03350
12084	21.00440
12085	21.16794
12086	21.18998
12087	20.74384
12088	19.76440
12089	18.37492
12090	16.85156
12091	15.49876
12092	14.32609
12093	13.03073
12094	11.38567
12095	9.43024
12096	7.23694
12097	4.74632
12098	1.92624
12099	-1.06643
12100	-3.96774
12101	-6.60450
12102	-8.99028
12103	-11.24324
12104	-13.39539
12105	-15.27635
12106	-16.64234
12107	-17.38833
12108	-17.59101
12109	-17.39798
12110	-16.93578
12111	-16.27493
12112	-15.43220
12113	-14.42791
12114	-13.30305
12115	-12.08719
12116	-10.82632
12117	-9.55925
12118	-8.27243
12119	-6.98514
12120	-5.76653
12121	-4.54918
12122	-2.95667
12123	-0.50293
12124	2.79644
12125	6.27594
12126	9.40653
12127	12.30620
12128	15.23439
12129	18.16126
12130	20.95645
12131	23.57227
12132	25.98543
12133	28.15662
12134	30.06979
12135	31.72819
12136	33.10579
12137	34.11411
12138	34.63264
12139	34.65014
12140	34.32939
12141	33.83364
12142	33.17873
12143	32.28869
12144	31.15389
12145	29.95155
12146	28.88568
12147	27.93532
12148	26.94293
12149	25.91257
12150	25.01083
12151	24.32636
12152	23.81260
12153	23.34227
12154	22.83689
12155	22.49353
12156	22.50919
12157	22.59753
12158	22.19846
12159	21.07771
12160	19.42285
12161	17.62196
12162	16.07038
12163	14.82411
12164	13.49522
12165	11.76858
12166	9.74249
12167	7.56476
12168	5.14787
12169	2.40346
12170	-0.56379
12171	-3.53601
12172	-6.29623
12173	-8.78411
12174	-11.14592
12175	-13.43941
12176	-15.42162
12177	-16.81662
12178	-17.57024
12179	-17.79109
12180	-17.64540
12181	-17.27307
12182	-16.71092
12183	-15.93173
12184	-14.94817
12185	-13.83602
12186	-12.65701
12187	-11.42290
12188	-10.14175
12189	-8.86319
12190	-7.66397
12191	-6.55589
12192	-5.39106
12193	-3.77879
12194	-1.27154
12195	2.03434
12196	5.45103
12197	8.55794
12198	11.56036
12199	14.67949
12200	17.78209
12201	20.67208
12202	23.32710
12203	25.78110
12204	28.02088
12205	30.01661
12206	31.74914
12207	33.22450
12208	34.42013
12209	35.21939
12210	35.54048
12211	35.45941
12212	35.07845
12213	34.42135
12214	33.46228
12215	32.16704
12216	30.68827
12217	29.31413
12218	28.11357
12219	26.95392
12220	25.77049
12221	24.63255
12222	23.64377
12223	22.85506
12224	22.24331
12225	21.67794
12226	21.12794
12227	20.82780
12228	20.88795
12229	21.04112
12230	20.83268
12231	19.95275
12232	18.44249
12233	16.68129
12234	15.07639
12235	13.70406
12236	12.27532
12237	10.48948
12238	8.31104
12239	5.80881
12240	2.99929
12241	-0.01766
12242	-3.03930
12243	-5.90511
12244	-8.53590
12245	-10.92498
12246	-13.10187
12247	-14.99155
12248	-16.41628
12249	-17.28587
12250	-17.64764
12251	-17.58365
12252	-17.21212
12253	-16.66405
12254	-15.94417
12255	-14.97553
12256	-13.78338
12257	-12.48706
12258	-11.14842
12259	-9.74887
12260	-8.34168
12261	-7.08263
12262	-6.01280
12263	-4.91809
12264	-3.37496
12265	-0.97835
12266	2.18991
12267	5.49383
12268	8.45796
12269	11.22777
12270	14.10353
12271	17.06852
12272	19.94930
12273	22.64706
12274	25.11976
12275	27.35814
12276	29.37494
12277	31.15543
12278	32.67778
12279	33.90958
12280	34.73775
12281	35.06784
12282	34.95107
12283	34.46568
12284	33.65397
12285	32.59911
12286	31.35326
12287	29.95802
12288	28.56825
12289	27.33019
12290	26.22358
12291	25.18928
12292	24.28468
12293	23.59609
12294	23.15467
12295	22.89040
12296	22.62089
12297	22.37957
12298	22.38839
12299	22.55066
12300	22.41573
12301	21.62233
12302	20.18486
12303	18.44291
12304	16.81381
12305	15.46322
12306	14.18208
12307	12.64173
12308	10.72139
12309	8.48769
12310	5.97475
12311	3.18276
12312	0.23882
12313	-2.64210
12314	-5.32962
12315	-7.80953
12316	-10.11648
12317	-12.26152
12318	-14.17256
12319	-15.68017
12320	-16.63272
12321	-17.06851
12322	-17.18385
12323	-17.09847
12324	-16.76861
12325	-16.15760
12326	-15.33006
12327	-14.34247
12328	-13.20018
12329	-11.90853
12330	-10.48721
12331	-8.98678
12332	-7.52531
12333	-6.22481
12334	-5.00655
12335	-3.53378
12336	-1.40034
12337	1.54540
12338	4.93252
12339	8.19664
12340	11.23306
12341	14.29220
12342	17.43411
12343	20.49405
12344	23.33564
12345	25.93067
12346	28.30868
12347	30.47374
12348	32.38528
12349	34.01060
12350	35.31279
12351	36.21628
12352	36.67451
12353	36.70897
12354	36.33008
12355	35.53932
12356	34.38567
12357	32.96665
12358	31.46337
12359	30.07830
12360	28.89140
12361	27.88502
12362	27.01166
12363	26.21112
12364	25.47563
12365	24.87981
12366	24.47996
12367	24.17848
12368	23.93467
12369	23.87318
12370	23.94142
12371	23.72707
12372	22.85843
12373	21.45128
12374	19.89235
12375	18.40339
12376	17.02427
12377	15.71152
12378	14.27436
12379	12.46973
12380	10.21282
12381	7.58908
12382	4.71956
12383	1.70814
12384	-1.31328
12385	-4.21265
12386	-6.92638
12387	-9.41979
12388	-11.63739
12389	-13.52904
12390	-15.05780
12391	-16.16750
12392	-16.81287
12393	-17.03034
12394	-16.92548
12395	-16.58903
12396	-16.06175
12397	-15.35459
12398	-14.47290
12399	-13.43221
12400	-12.25680
12401	-10.95872
12402	-9.53977
12403	-8.07405
12404	-6.72701
12405	-5.54711
12406	-4.28798
12407	-2.48082
12408	0.20971
12409	3.52618
12410	6.83329
12411	9.88428
12412	12.91773
12413	16.10208
12414	19.29988
12415	22.31536
12416	25.10269
12417	27.68652
12418	30.04772
12419	32.15513
12420	34.04501
12421	35.75601
12422	37.20220
12423	38.24118
12424	38.80330
12425	38.87505
12426	38.45359
12427	37.57956
12428	36.35194
12429	34.86910
12430	33.24072
12431	31.65218
12432	30.25378
12433	29.05644
12434	27.99464
12435	27.02985
12436	26.18067
12437	25.48662
12438	24.93366
12439	24.40825
12440	23.95029
12441	23.79677
12442	23.92477
12443	23.92302
12444	23.38856
12445	22.22749
12446	20.60660
12447	18.87288
12448	17.37551
12449	16.14350
12450	14.85353
12451	13.18135
12452	11.06185
12453	8.59342
12454	5.83572
12455	2.81364
12456	-0.35190
12457	-3.44000
12458	-6.26348
12459	-8.79183
12460	-11.10922
12461	-13.23995
12462	-15.07190
12463	-16.46316
12464	-17.33008
12465	-17.65860
12466	-17.53566
12467	-17.13943
12468	-16.58695
12469	-15.84108
12470	-14.83358
12471	-13.60184
12472	-12.27570
12473	-10.95967
12474	-9.66436
12475	-8.39817
12476	-7.22862
12477	-6.16516
12478	-4.99176
12479	-3.25293
12480	-0.62811
12481	2.61519
12482	5.86466
12483	8.84724
12484	11.76708
12485	14.85059
12486	18.01588
12487	21.04256
12488	23.85479
12489	26.46707
12490	28.84391
12491	30.94919
12492	32.80118
12493	34.44595
12494	35.87253
12495	36.92404
12496	37.41082
12497	37.32692
12498	36.81410
12499	35.99422
12500	34.92745
12501	33.60323
12502	32.04972
12503	30.48500
12504	29.13838
12505	27.98079
12506	26.82760
12507	25.69406
12508	24.78530
12509	24.15980
12510	23.70801
12511	23.32430
12512	22.96243
12513	22.75198
12514	22.79479
12515	22.84865
12516	22.54282
12517	21.69716
12518	20.33218
12519	18.64619
12520	16.98096
12521	15.54380
12522	14.21132
12523	12.71017
12524	10.85825
12525	8.58853
12526	5.92188
12527	2.97656
12528	-0.08812
12529	-3.12385
12530	-5.99403
12531	-8.63481
12532	-11.08263
12533	-13.33411
12534	-15.26052
12535	-16.71397
12536	-17.62668
12537	-17.98830
12538	-17.88130
12539	-17.47988
12540	-16.86352
12541	-15.98008
12542	-14.85747
12543	-13.63723
12544	-12.38486
12545	-11.05540
12546	-9.64758
12547	-8.29263
12548	-7.12709
12549	-6.07802
12550	-4.80840
12551	-2.83933
12552	0.08672
12553	3.61294
12554	7.06801
12555	10.19909
12556	13.23051
12557	16.34003
12558	19.43181
12559	22.34221
12560	25.01694
12561	27.48720
12562	29.77127
12563	31.81747
12564	33.55784
12565	34.96069
12566	35.95148
12567	36.39018
12568	36.25725
12569	35.74489
12570	35.05460
12571	34.22580
12572	33.19733
12573	31.95692
12574	30.64779
12575	29.47219
12576	28.46086
12577	27.48553
12578	26.48943
12579	25.54120
12580	24.71043
12581	24.04537
12582	23.52672
12583	22.97176
12584	22.37026
12585	22.11132
12586	22.40922
12587	22.79360
12588	22.50175
12589	21.27836
12590	19.50853
12591	17.75994
12592	16.34146
12593	15.17398
12594	13.93361
12595	12.34347
12596	10.36011
12597	8.07978
12598	5.56120
12599	2.80624
12600	-0.11438
12601	-3.00683
12602	-5.69531
12603	-8.16934
12604	-10.51372
12605	-12.72344
12606	-14.68298
12607	-16.26638
12608	-17.36856
12609	-17.94511
12610	-18.07596
12611	-17.88083
12612	-17.40307
12613	-16.63996
12614	-15.62042
12615	-14.42532
12616	-13.14494
12617	-11.82496
12618	-10.47714
12619	-9.12842
12620	-7.83965
12621	-6.66929
12622	-5.55247
12623	-4.11761
12624	-1.81691
12625	1.37151
12626	4.74278
12627	7.79869
12628	10.75416
12629	13.86569
12630	17.00774
12631	19.98407
12632	22.72889
12633	25.22451
12634	27.45474
12635	29.43995
12636	31.23986
12637	32.87507
12638	34.27473
12639	35.29787
12640	35.84159
12641	35.96573
12642	35.78600
12643	35.32957
12644	34.58202
12645	33.50700
12646	32.17635
12647	30.81070
12648	29.49202
12649	28.14347
12650	26.76852
12651	25.46209
12652	24.30860
12653	23.38264
12654	22.68411
12655	22.13173
12656	21.81456
12657	21.91244
12658	22.31928
12659	22.59088
12660	22.26244
12661	21.18803
12662	19.59585
12663	17.92119
12664	16.51329
12665	15.35698
12666	14.12560
12667	12.57974
12668	10.71952
12669	8.55792
12670	6.04392
12671	3.21623
12672	0.24553
12673	-2.68983
12674	-5.47551
12675	-8.03396
12676	-10.35487
12677	-12.47521
12678	-14.30653
12679	-15.62239
12680	-16.30153
12681	-16.43496
12682	-16.20473
12683	-15.75531
12684	-15.12301
12685	-14.25678
12686	-13.14290
12687	-11.87811
12688	-10.58161
12689	-9.30020
12690	-8.04525
12691	-6.82675
12692	-5.62372
12693	-4.38136
12694	-2.98187
12695	-1.13169
12696	1.46705
12697	4.63163
12698	7.80318
12699	10.77218
12700	13.75121
12701	16.81588
12702	19.80295
12703	22.58593
12704	25.14651
12705	27.47567
12706	29.55371
12707	31.39332
12708	33.02047
12709	34.41603
12710	35.46932
12711	36.03248
12712	36.07313
12713	35.72629
12714	35.13244
12715	34.32391
12716	33.31422
12717	32.14267
12718	30.85015
12719	29.54163
12720	28.32966
12721	27.17698
12722	26.09704
12723	25.26157
12724	24.69205
12725	24.25720
12726	23.85022
12727	23.42223
12728	23.05647
12729	22.84651
12730	22.68608
12731	22.31701
12732	21.54007
12733	20.30188
12734	18.76628
12735	17.27950
12736	16.07083
12737	15.01455
12738	13.75931
12739	12.06144
12740	9.92055
12741	7.44170
12742	4.69741
12743	1.72237
12744	-1.39891
12745	-4.46684
12746	-7.28365
12747	-9.80571
12748	-12.06438
12749	-14.01146
12750	-15.54613
12751	-16.62928
12752	-17.28987
12753	-17.58022
12754	-17.55662
12755	-17.24604
12756	-16.63641
12757	-15.74268
12758	-14.62911
12759	-13.34861
12760	-11.96373
12761	-10.58486
12762	-9.28887
12763	-8.06126
12764	-6.84197
12765	-5.57983
12766	-4.16750
12767	-2.28506
12768	0.41441
12769	3.78124
12770	7.19767
12771	10.29221
12772	13.23311
12773	16.25537
12774	19.30679
12775	22.19916
12776	24.84016
12777	27.25582
12778	29.48050
12779	31.49668
12780	33.28765
12781	34.85853
12782	36.17360
12783	37.12039
12784	37.58563
12785	37.58212
12786	37.20554
12787	36.47976
12788	35.36456
12789	33.89009
12790	32.23607
12791	30.61899
12792	29.11651
12793	27.68323
12794	26.30973
12795	25.06910
12796	24.03412
12797	23.23687
12798	22.68362
12799	22.37669
12800	22.34808
12801	22.50171
12802	22.46563
12803	21.93784
12804	20.98431
12805	19.76849
12806	18.34944
12807	16.87096
12808	15.51259
12809	14.18170
12810	12.57874
12811	10.55972
12812	8.16089
12813	5.36823
12814	2.18384
12815	-1.18715
12816	-4.46594
12817	-7.49784
12818	-10.24071
12819	-12.70546
12820	-14.87443
12821	-16.62197
12822	-17.80980
12823	-18.43846
12824	-18.60703
12825	-18.42577
12826	-17.99886
12827	-17.39701
12828	-16.63227
12829	-15.67482
12830	-14.52818
12831	-13.27212
12832	-11.96996
12833	-10.61381
12834	-9.23075
12835	-7.92089
12836	-6.71532
12837	-5.47572
12838	-3.83685
12839	-1.35319
12840	1.94482
12841	5.41550
12842	8.55929
12843	11.50012
12844	14.54681
12845	17.71120
12846	20.77433
12847	23.57537
12848	26.11054
12849	28.41165
12850	30.44056
12851	32.15457
12852	33.58366
12853	34.74735
12854	35.58552
12855	36.04108
12856	36.12593
12857	35.86834
12858	35.26514
12859	34.33923
12860	33.20375
12861	31.95516
12862	30.62007
12863	29.21688
12864	27.75027
12865	26.27437
12866	24.93146
12867	23.82796
12868	22.97742
12869	22.37514
12870	21.95693
12871	21.67138
12872	21.57602
12873	21.58129
12874	21.42672
12875	20.91341
12876	19.96749
12877	18.65178
12878	17.18888
12879	15.80908
12880	14.54893
12881	13.23720
12882	11.64876
12883	9.65385
12884	7.26390
12885	4.56426
12886	1.64213
12887	-1.40960
12888	-4.46005
12889	-7.35002
12890	-9.97347
12891	-12.31624
12892	-14.36684
12893	-16.05438
12894	-17.31397
12895	-18.10284
12896	-18.40966
12897	-18.32810
12898	-17.98908
12899	-17.42127
12900	-16.59227
12901	-15.53473
12902	-14.32684
12903	-13.02774
12904	-11.69324
12905	-10.35197
12906	-9.02251
12907	-7.79686
12908	-6.72668
12909	-5.61434
12910	-4.00722
12911	-1.51744
12912	1.68465
12913	4.92644
12914	7.81602
12915	10.59151
12916	13.53214
12917	16.53830
12918	19.39380
12919	22.03808
12920	24.49328
12921	26.74274
12922	28.75673
12923	30.53972
12924	32.09973
12925	33.39119
12926	34.29329
12927	34.70400
12928	34.68392
12929	34.38991
12930	33.86850
12931	33.08119
12932	32.02920
12933	30.77924
12934	29.51639
12935	28.39983
12936	27.38261
12937	26.38619
12938	25.51687
12939	24.89369
12940	24.44683
12941	24.03783
12942	23.50838
12943	22.81721
12944	22.29025
12945	22.26123
12946	22.57685
12947	22.62419
12948	21.87907
12949	20.33644
12950	18.47499
12951	16.85192
12952	15.60987
12953	14.41687
12954	12.89158
12955	10.89841
12956	8.47218
12957	5.70643
12958	2.71802
12959	-0.37047
12960	-3.44150
12961	-6.38943
12962	-9.12796
12963	-11.62558
12964	-13.86095
12965	-15.73850
12966	-17.14162
12967	-17.99398
12968	-18.29633
12969	-18.16046
12970	-17.74405
12971	-17.13156
12972	-16.31435
12973	-15.27498
12974	-14.04758
12975	-12.72309
12976	-11.39292
12977	-10.07468
12978	-8.74230
12979	-7.42206
12980	-6.19603
12981	-5.04364
12982	-3.62165
12983	-1.39292
12984	1.73624
12985	5.15709
12986	8.28334
12987	11.19053
12988	14.20061
12989	17.30298
12990	20.28541
12991	23.04292
12992	25.59020
12993	27.95304
12994	30.09683
12995	31.95972
12996	33.53496
12997	34.80275
12998	35.63261
12999	35.92660
13000	35.76239
13001	35.25099
13002	34.41867
13003	33.30211
13004	31.98207
13005	30.55555
13006	29.18067
13007	27.97747
13008	26.89157
13009	25.85210
13010	24.93347
13011	24.19599
13012	23.58606
13013	23.07348
13014	22.54879
13015	21.78936
13016	21.00341
13017	20.75507
13018	21.13244
13019	21.50881
13020	21.13665
13021	19.79324
13022	17.85772
13023	15.94068
13024	14.42819
13025	13.14556
13026	11.54001
13027	9.40538
13028	6.96533
13029	4.27962
13030	1.26747
13031	-1.93335
13032	-5.07127
13033	-7.99766
13034	-10.69451
13035	-13.18766
13036	-15.37500
13037	-17.04288
13038	-18.08673
13039	-18.56705
13040	-18.58091
13041	-18.23056
13042	-17.64434
13043	-16.88354
13044	-15.90890
13045	-14.72454
13046	-13.43410
13047	-12.12505
13048	-10.80889
13049	-9.46926
13050	-8.13815
13051	-6.89059
13052	-5.72256
13053	-4.38408
13054	-2.36573
13055	0.57675
13056	3.94984
13057	7.10579
13058	10.01971
13059	13.00167
13060	16.08865
13061	19.08786
13062	21.88374
13063	24.47469
13064	26.85788
13065	29.00668
13066	30.93126
13067	32.65371
13068	34.10672
13069	35.16368
13070	35.74940
13071	35.86296
13072	35.56121
13073	34.93257
13074	34.05836
13075	32.97204
13076	31.72851
13077	30.46738
13078	29.24521
13079	27.96139
13080	26.52194
13081	25.02333
13082	23.68588
13083	22.61525
13084	21.79082
13085	21.17552
13086	20.81360
13087	20.89254
13088	21.39465
13089	21.81144
13090	21.50894
13091	20.30741
13092	18.55085
13093	16.76027
13094	15.28828
13095	14.09940
13096	12.83798
13097	11.20176
13098	9.15089
13099	6.74604
13100	4.00289
13101	0.98138
13102	-2.13163
13103	-5.12559
13104	-7.90457
13105	-10.48042
13106	-12.86625
13107	-14.99104
13108	-16.68456
13109	-17.75684
13110	-18.17909
13111	-18.13606
13112	-17.81889
13113	-17.28277
13114	-16.55110
13115	-15.65757
13116	-14.57603
13117	-13.31714
13118	-11.99233
13119	-10.67897
13120	-9.37448
13121	-8.09240
13122	-6.89243
13123	-5.78797
13124	-4.59050
13125	-2.80651
13126	-0.00009
13127	3.57492
13128	7.14058
13129	10.28392
13130	13.21471
13131	16.22396
13132	19.30864
13133	22.27382
13134	24.98155
13135	27.42804
13136	29.62801
13137	31.53622
13138	33.10793
13139	34.34672
13140	35.24742
13141	35.77346
13142	35.91413
13143	35.70075
13144	35.18096
13145	34.39370
13146	33.33646
13147	32.02794
13148	30.60915
13149	29.23466
13150	27.85925
13151	26.38076
13152	24.94845
13153	23.79099
13154	22.91212
13155	22.19378
13156	21.56235
13157	20.99770
13158	20.65746
13159	20.76654
13160	21.24119
13161	21.60516
13162	21.33535
13163	20.25185
13164	18.62173
13165	16.94656
13166	15.57044
13167	14.39822
13168	13.01338
13169	11.12420
13170	8.74346
13171	5.97950
13172	2.92522
13173	-0.27149
13174	-3.41071
13175	-6.32765
13176	-8.95679
13177	-11.33119
13178	-13.48425
13179	-15.35425
13180	-16.78956
13181	-17.63930
13182	-17.86771
13183	-17.61275
13184	-17.09370
13185	-16.40557
13186	-15.49005
13187	-14.35207
13188	-13.13160
13189	-11.93557
13190	-10.76462
13191	-9.60778
13192	-8.48108
13193	-7.39503
13194	-6.35741
13195	-5.26397
13196	-3.68926
13197	-1.14049
13198	2.23955
13199	5.72243
13200	8.93820
13201	12.08827
13202	15.28506
13203	18.38440
13204	21.29489
13205	24.03619
13206	26.59342
13207	28.88341
13208	30.85579
13209	32.52156
13210	33.87482
13211	34.83194
13212	35.29892
13213	35.33222
13214	35.10245
13215	34.67244
13216	33.98613
13217	32.98109
13218	31.65609
13219	30.21376
13220	28.88549
13221	27.64672
13222	26.38817
13223	25.20481
13224	24.29653
13225	23.68430
13226	23.24100
13227	22.85845
13228	22.46254
13229	22.11098
13230	21.96881
13231	22.01251
13232	21.95250
13233	21.44257
13234	20.31396
13235	18.69549
13236	16.99098
13237	15.55927
13238	14.36321
13239	13.06512
13240	11.41343
13241	9.38011
13242	7.00274
13243	4.30967
13244	1.40656
13245	-1.52544
13246	-4.35242
13247	-7.01977
13248	-9.51128
13249	-11.84409
13250	-14.00905
13251	-15.88789
13252	-17.29403
13253	-18.12882
13254	-18.44038
13255	-18.34271
13256	-17.93811
13257	-17.28459
13258	-16.40522
13259	-15.32612
13260	-14.11860
13261	-12.87023
13262	-11.58488
13263	-10.23195
13264	-8.90134
13265	-7.74759
13266	-6.77183
13267	-5.70963
13268	-4.07199
13269	-1.48071
13270	1.84382
13271	5.23723
13272	8.34386
13273	11.31461
13274	14.34017
13275	17.37671
13276	20.27220
13277	22.94633
13278	25.39093
13279	27.59215
13280	29.54021
13281	31.25261
13282	32.72733
13283	33.88653
13284	34.60611
13285	34.83147
13286	34.60656
13287	34.00116
13288	33.09239
13289	31.97536
13290	30.72598
13291	29.42057
13292	28.21658
13293	27.22360
13294	26.33994
13295	25.45839
13296	24.61139
13297	23.83540
13298	23.15217
13299	22.55248
13300	21.95753
13301	21.49319
13302	21.43058
13303	21.67634
13304	21.76801
13305	21.29446
13306	20.14816
13307	18.55624
13308	16.94434
13309	15.59608
13310	14.40695
13311	13.03598
13312	11.24151
13313	8.99062
13314	6.37784
13315	3.54758
13316	0.62993
13317	-2.25993
13318	-4.99910
13319	-7.53373
13320	-9.91700
13321	-12.17890
13322	-14.23981
13323	-15.99270
13324	-17.32047
13325	-18.09514
13326	-18.30583
13327	-18.09654
13328	-17.63387
13329	-17.00995
13330	-16.23413
13331	-15.26203
13332	-14.08623
13333	-12.81572
13334	-11.56798
13335	-10.32761
13336	-9.05425
13337	-7.81636
13338	-6.68649
13339	-5.53986
13340	-3.94152
13341	-1.44526
13342	1.80127
13343	5.12813
13344	8.15909
13345	11.08889
13346	14.12084
13347	17.14443
13348	20.00813
13349	22.70703
13350	25.24448
13351	27.56246
13352	29.62707
13353	31.46220
13354	33.07000
13355	34.31804
13356	35.02067
13357	35.18485
13358	34.98413
13359	34.49427
13360	33.69667
13361	32.61127
13362	31.28224
13363	29.83410
13364	28.43384
13365	27.08174
13366	25.66348
13367	24.28243
13368	23.23088
13369	22.54239
13370	21.97473
13371	21.41785
13372	20.92091
13373	20.58779
13374	20.56145
13375	20.77053
13376	20.85656
13377	20.46312
13378	19.47409
13379	18.03014
13380	16.46456
13381	15.04528
13382	13.71924
13383	12.22442
13384	10.37910
13385	8.17864
13386	5.67619
13387	2.91782
13388	0.00942
13389	-2.90298
13390	-5.71222
13391	-8.34743
13392	-10.77283
13393	-12.97380
13394	-14.89010
13395	-16.42957
13396	-17.50982
13397	-18.07629
13398	-18.14998
13399	-17.85851
13400	-17.35883
13401	-16.68958
13402	-15.78067
13403	-14.63656
13404	-13.38325
13405	-12.11785
13406	-10.85797
13407	-9.62844
13408	-8.46344
13409	-7.37020
13410	-6.32561
13411	-5.15922
13412	-3.41976
13413	-0.72146
13414	2.64313
13415	5.96027
13416	8.98441
13417	11.95704
13418	14.97749
13419	17.90113
13420	20.62452
13421	23.15170
13422	25.49767
13423	27.65022
13424	29.59475
13425	31.33004
13426	32.84295
13427	34.04805
13428	34.79997
13429	35.06555
13430	34.97209
13431	34.63142
13432	34.05106
13433	33.14784
13434	31.87937
13435	30.43233
13436	29.02010
13437	27.67371
13438	26.39266
13439	25.27672
13440	24.42018
13441	23.76562
13442	23.19153
13443	22.67505
13444	22.27047
13445	22.11953
13446	22.27914
13447	22.45997
13448	22.22637
13449	21.41263
13450	20.13663
13451	18.64368
13452	17.23198
13453	16.02413
13454	14.81866
13455	13.32264
13456	11.40695
13457	9.07831
13458	6.39620
13459	3.47083
13460	0.43289
13461	-2.60049
13462	-5.52321
13463	-8.26598
13464	-10.81313
13465	-13.13682
13466	-15.16474
13467	-16.79373
13468	-17.89963
13469	-18.40902
13470	-18.38094
13471	-17.97137
13472	-17.33307
13473	-16.53973
13474	-15.58034
13475	-14.42609
13476	-13.11960
13477	-11.79464
13478	-10.52792
13479	-9.24302
13480	-7.92071
13481	-6.72527
13482	-5.69359
13483	-4.44688
13484	-2.40615
13485	0.63170
13486	4.18364
13487	7.59029
13488	10.71046
13489	13.78128
13490	16.88075
13491	19.88815
13492	22.72794
13493	25.40395
13494	27.91511
13495	30.22060
13496	32.27126
13497	34.07322
13498	35.63070
13499	36.81741
13500	37.46370
13501	37.56078
13502	37.22247
13503	36.51410
13504	35.47451
13505	34.18818
13506	32.77078
13507	31.36378
13508	30.06016
13509	28.81960
13510	27.60693
13511	26.55220
13512	25.73061
13513	25.01794
13514	24.35283
13515	23.79043
13516	23.37362
13517	23.14808
13518	23.07158
13519	22.91311
13520	22.35256
13521	21.23163
13522	19.67269
13523	18.03025
13524	16.63369
13525	15.48403
13526	14.28393
13527	12.75513
13528	10.80933
13529	8.45877
13530	5.75915
13531	2.84137
13532	-0.13054
13533	-3.01885
13534	-5.71874
13535	-8.19798
13536	-10.50404
13537	-12.68155
13538	-14.70967
13539	-16.48936
13540	-17.84477
13541	-18.59406
13542	-18.66378
13543	-18.15726
13544	-17.30619
13545	-16.30468
13546	-15.18869
13547	-13.93327
13548	-12.60594
13549	-11.29551
13550	-10.00977
13551	-8.75636
13552	-7.60104
13553	-6.57297
13554	-5.47485
13555	-3.78270
13556	-1.03931
13557	2.48156
13558	5.96955
13559	9.09512
13560	12.17411
13561	15.36699
13562	18.46387
13563	21.32387
13564	23.98650
13565	26.47581
13566	28.74615
13567	30.75857
13568	32.51451
13569	33.99829
13570	35.13433
13571	35.83139
13572	36.04620
13573	35.81681
13574	35.22488
13575	34.33670
13576	33.23813
13577	32.04246
13578	30.84534
13579	29.72089
13580	28.66509
13581	27.59259
13582	26.51886
13583	25.63569
13584	25.00047
13585	24.43966
13586	23.88446
13587	23.36662
13588	22.92613
13589	22.71781
13590	22.80576
13591	22.92219
13592	22.60985
13593	21.60620
13594	20.03653
13595	18.33725
13596	16.90586
13597	15.75283
13598	14.57548
13599	13.07998
13600	11.14237
13601	8.75908
13602	5.99187
13603	2.99653
13604	-0.02082
13605	-2.91818
13606	-5.62098
13607	-8.12166
13608	-10.49455
13609	-12.72387
13610	-14.61481
13611	-16.00883
13612	-16.90277
13613	-17.31203
13614	-17.26618
13615	-16.88932
13616	-16.29616
13617	-15.49899
13618	-14.47895
13619	-13.29256
13620	-12.03353
13621	-10.71468
13622	-9.35553
13623	-8.08335
13624	-6.98732
13625	-5.99721
13626	-4.86607
13627	-3.16140
13628	-0.55849
13629	2.67397
13630	5.89633
13631	8.88235
13632	11.86678
13633	14.94253
13634	17.93233
13635	20.68029
13636	23.15100
13637	25.36163
13638	27.33089
13639	29.07769
13640	30.65204
13641	32.08983
13642	33.30437
13643	34.11851
13644	34.46441
13645	34.45838
13646	34.22474
13647	33.77840
13648	33.10417
13649	32.16993
13650	31.03366
13651	29.83895
13652	28.53891
13653	27.03239
13654	25.51764
13655	24.32525
13656	23.50867
13657	22.93310
13658	22.55212
13659	22.39380
13660	22.41399
13661	22.37123
13662	21.98880
13663	21.21348
13664	20.15960
13665	18.95535
13666	17.73288
13667	16.54356
13668	15.27211
13669	13.75980
13670	11.94621
13671	9.83028
13672	7.39371
13673	4.64923
13674	1.70526
13675	-1.26879
13676	-4.11780
13677	-6.75092
13678	-9.15092
13679	-11.33574
13680	-13.31355
13681	-15.06121
13682	-16.49952
13683	-17.51991
13684	-18.05754
13685	-18.13943
13686	-17.88667
13687	-17.43091
13688	-16.79286
13689	-15.89302
13690	-14.72309
13691	-13.41195
13692	-12.04815
13693	-10.61676
13694	-9.17361
13695	-7.85096
13696	-6.70221
13697	-5.61201
13698	-4.13942
13699	-1.69233
13700	1.72269
13701	5.36845
13702	8.67684
13703	11.74728
13704	14.85745
13705	18.00488
13706	21.02580
13707	23.85065
13708	26.47771
13709	28.87401
13710	31.02017
13711	32.91033
13712	34.51056
13713	35.77100
13714	36.61187
13715	36.96260
13716	36.81760
13717	36.20802
13718	35.23045
13719	33.99088
13720	32.48029
13721	30.76798
13722	29.14451
13723	27.83281
13724	26.78646
13725	25.90303
13726	25.21555
13727	24.73688
13728	24.35381
13729	23.98865
13730	23.55869
13731	22.95121
13732	22.37118
13733	22.16170
13734	22.25081
13735	22.14383
13736	21.44000
13737	20.13658
13738	18.51436
13739	16.91899
13740	15.53040
13741	14.21898
13742	12.70204
13743	10.83813
13744	8.62458
13745	6.05861
13746	3.20460
13747	0.24651
13748	-2.61757
13749	-5.27120
13750	-7.70280
13751	-9.94485
13752	-11.99248
13753	-13.80636
13754	-15.32196
13755	-16.45044
13756	-17.15075
13757	-17.43898
13758	-17.35759
13759	-16.96819
13760	-16.32151
13761	-15.45927
13762	-14.41732
13763	-13.22178
13764	-11.92934
13765	-10.59529
13766	-9.23907
13767	-7.93309
13768	-6.78677
13769	-5.73268
13770	-4.37178
13771	-2.18790
13772	0.87648
13773	4.25273
13774	7.42288
13775	10.42808
13776	13.50219
13777	16.62601
13778	19.62345
13779	22.41696
13780	25.02903
13781	27.46518
13782	29.69663
13783	31.70991
13784	33.51425
13785	35.07823
13786	36.26970
13787	36.93610
13788	37.06037
13789	36.72297
13790	35.96857
13791	34.85758
13792	33.50700
13793	32.05430
13794	30.64768
13795	29.36319
13796	28.15221
13797	26.95465
13798	25.83504
13799	24.87023
13800	23.99982
13801	23.18277
13802	22.44471
13803	21.80951
13804	21.37387
13805	21.13066
13806	20.86634
13807	20.39750
13808	19.68741
13809	18.67297
13810	17.34595
13811	15.89326
13812	14.49504
13813	13.11962
13814	11.56336
13815	9.63616
13816	7.28325
13817	4.54422
13818	1.51754
13819	-1.62829
13820	-4.69674
13821	-7.51182
13822	-10.01976
13823	-12.31273
13824	-14.39455
13825	-16.08254
13826	-17.23905
13827	-17.91719
13828	-18.21947
13829	-18.16562
13830	-17.77296
13831	-17.15135
13832	-16.39045
13833	-15.45824
13834	-14.31515
13835	-13.01131
13836	-11.62364
13837	-10.20900
13838	-8.84717
13839	-7.62817
13840	-6.53906
13841	-5.38996
13842	-3.82399
13843	-1.46676
13844	1.68518
13845	5.10356
13846	8.29007
13847	11.29534
13848	14.36330
13849	17.47530
13850	20.46130
13851	23.23028
13852	25.77115
13853	28.06564
13854	30.10001
13855	31.91813
13856	33.56849
13857	35.02585
13858	36.19757
13859	36.95202
13860	37.19548
13861	36.99407
13862	36.49161
13863	35.73117
13864	34.69748
13865	33.41433
13866	31.96593
13867	30.48817
13868	29.04938
13869	27.61590
13870	26.24314
13871	25.10506
13872	24.27423
13873	23.71051
13874	23.39990
13875	23.33757
13876	23.44985
13877	23.47366
13878	23.02406
13879	21.99101
13880	20.65390
13881	19.28417
13882	17.96224
13883	16.73092
13884	15.56432
13885	14.26608
13886	12.64077
13887	10.64691
13888	8.30630
13889	5.62760
13890	2.66287
13891	-0.41925
13892	-3.37538
13893	-6.06486
13894	-8.54108
13895	-10.88609
13896	-13.01615
13897	-14.78459
13898	-16.15765
13899	-17.13917
13900	-17.69110
13901	-17.81419
13902	-17.61088
13903	-17.20727
13904	-16.64139
13905	-15.88813
13906	-14.92797
13907	-13.78314
13908	-12.51225
13909	-11.13965
13910	-9.71404
13911	-8.37844
13912	-7.23498
13913	-6.21801
13914	-5.02296
13915	-3.14455
13916	-0.33122
13917	3.01153
13918	6.28078
13919	9.37655
13920	12.53999
13921	15.81973
13922	19.03682
13923	22.04349
13924	24.80218
13925	27.29778
13926	29.51823
13927	31.50821
13928	33.33591
13929	34.97126
13930	36.25537
13931	37.03054
13932	37.27410
13933	37.07094
13934	36.49574
13935	35.60200
13936	34.44162
13937	33.04181
13938	31.51777
13939	30.06139
13940	28.74409
13941	27.52492
13942	26.41480
13943	25.49591
13944	24.77588
13945	24.14685
13946	23.52265
13947	22.92381
13948	22.53995
13949	22.61759
13950	23.04459
13951	23.26158
13952	22.69964
13953	21.29267
13954	19.47763
13955	17.80072
13956	16.53577
13957	15.50864
13958	14.31884
13959	12.73053
13960	10.70848
13961	8.27822
13962	5.53702
13963	2.61692
13964	-0.37559
13965	-3.32934
13966	-6.14624
13967	-8.79346
13968	-11.29358
13969	-13.64637
13970	-15.75746
13971	-17.47663
13972	-18.66094
13973	-19.22663
13974	-19.22338
13975	-18.82406
13976	-18.18113
13977	-17.31658
13978	-16.21239
13979	-14.96768
13980	-13.73811
13981	-12.57029
13982	-11.38180
13983	-10.09095
13984	-8.76558
13985	-7.52991
13986	-6.33839
13987	-4.91387
13988	-2.80597
13989	0.20719
13990	3.66885
13991	6.94088
13992	9.97918
13993	13.06619
13994	16.21586
13995	19.22702
13996	22.00674
13997	24.58187
13998	26.93868
13999	29.03118
14000	30.86523
14001	32.47731
14002	33.83047
14003	34.77360
14004	35.18998
14005	35.12572
14006	34.70073
14007	33.98982
14008	33.02172
14009	31.82262
14010	30.50438
14011	29.24524
14012	28.06946
14013	26.84502
14014	25.56900
14015	24.47563
14016	23.70338
14017	23.09743
14018	22.56019
14019	22.17474
14020	21.92165
14021	21.73062
14022	21.56252
14023	21.29693
14024	20.75465
14025	19.83278
14026	18.56438
14027	17.14324
14028	15.81699
14029	14.62512
14030	13.33735
14031	11.71960
14032	9.74066
14033	7.45214
14034	4.84691
14035	1.97383
14036	-0.96738
14037	-3.78850
14038	-6.44977
14039	-8.96999
14040	-11.32162
14041	-13.41847
14042	-15.15128
14043	-16.44478
14044	-17.28346
14045	-17.67145
14046	-17.63200
14047	-17.25618
14048	-16.64693
14049	-15.83040
14050	-14.82754
14051	-13.70260
14052	-12.49021
14053	-11.21738
14054	-9.93689
14055	-8.67922
14056	-7.47601
14057	-6.37577
14058	-5.30376
14059	-3.88321
14060	-1.62018
14061	1.47781
14062	4.78238
14063	7.83356
14064	10.77760
14065	13.85577
14066	16.98260
14067	19.94051
14068	22.65675
14069	25.15758
14070	27.41766
14071	29.40472
14072	31.16278
14073	32.74192
14074	34.12841
14075	35.21155
14076	35.82111
14077	35.91895
14078	35.61236
14079	34.97690
14080	34.05365
14081	32.85372
14082	31.42174
14083	29.97085
14084	28.63971
14085	27.33767
14086	25.99489
14087	24.74430
14088	23.74568
14089	22.95272
14090	22.25183
14091	21.63121
14092	21.11972
14093	20.87783
14094	21.03093
14095	21.36422
14096	21.41741
14097	20.79713
14098	19.43702
14099	17.67355
14100	15.98728
14101	14.57499
14102	13.23932
14103	11.64905
14104	9.61259
14105	7.11695
14106	4.25145
14107	1.18398
14108	-1.88437
14109	-4.80127
14110	-7.49833
14111	-9.98700
14112	-12.28954
14113	-14.34649
14114	-16.05380
14115	-17.32879
14116	-18.10507
14117	-18.35783
14118	-18.18215
14119	-17.75652
14120	-17.17216
14121	-16.39068
14122	-15.40443
14123	-14.29923
14124	-13.12708
14125	-11.86986
14126	-10.55170
14127	-9.26318
14128	-8.07831
14129	-7.01703
14130	-5.97907
14131	-4.57027
14132	-2.24531
14133	1.03521
14134	4.59694
14135	7.85701
14136	10.89876
14137	13.99114
14138	17.10475
14139	20.06486
14140	22.77913
14141	25.22472
14142	27.38732
14143	29.26703
14144	30.91135
14145	32.38565
14146	33.64957
14147	34.51924
14148	34.85868
14149	34.75769
14150	34.40194
14151	33.83917
14152	33.02141
14153	31.95149
14154	30.72674
14155	29.51337
14156	28.40676
14157	27.33442
14158	26.24651
14159	25.27250
14160	24.50131
14161	23.85172
14162	23.24217
14163	22.59784
14164	21.90468
14165	21.39456
14166	21.25160
14167	21.27946
14168	21.06970
14169	20.34268
14170	19.05835
14171	17.43374
14172	15.82622
14173	14.41547
14174	13.06842
14175	11.52672
14176	9.61898
14177	7.31240
14178	4.68435
14179	1.87646
14180	-0.95784
14181	-3.70390
14182	-6.33163
14183	-8.86145
14184	-11.25084
14185	-13.40714
14186	-15.27570
14187	-16.79640
14188	-17.86129
14189	-18.40291
14190	-18.44397
14191	-18.08535
14192	-17.49160
14193	-16.76654
14194	-15.85108
14195	-14.70646
14196	-13.44312
14197	-12.14329
14198	-10.79879
14199	-9.46300
14200	-8.26117
14201	-7.24255
14202	-6.25629
14203	-4.87777
14204	-2.63425
14205	0.44636
14206	3.78763
14207	6.91991
14208	9.87916
14209	12.89244
14210	16.00003
14211	19.06414
14212	21.95800
14213	24.64985
14214	27.14451
14215	29.42120
14216	31.44578
14217	33.20759
14218	34.71947
14219	35.92271
14220	36.65109
14221	36.80917
14222	36.46732
14223	35.72400
14224	34.65661
14225	33.35174
14226	31.86198
14227	30.30061
14228	28.88061
14229	27.65955
14230	26.49522
14231	25.37727
14232	24.49306
14233	23.91591
14234	23.55634
14235	23.32995
14236	23.20339
14237	23.22005
14238	23.32435
14239	23.17353
14240	22.37086
14241	20.90042
14242	19.12344
14243	17.44323
14244	16.07912
14245	14.96587
14246	13.79193
14247	12.29020
14248	10.41866
14249	8.19626
14250	5.60205
14251	2.69091
14252	-0.37030
14253	-3.40044
14254	-6.26314
14255	-8.91149
14256	-11.42193
14257	-13.80691
14258	-15.84937
14259	-17.36898
14260	-18.43069
14261	-19.08846
14262	-19.25422
14263	-18.93988
14264	-18.32792
14265	-17.56112
14266	-16.64643
14267	-15.58737
14268	-14.44812
14269	-13.25197
14270	-11.97911
14271	-10.63775
14272	-9.29167
14273	-8.04950
14274	-6.92453
14275	-5.65500
14276	-3.71885
14277	-0.80449
14278	2.69445
14279	6.07424
14280	9.11404
14281	12.06198
14282	15.08250
14283	18.08821
14284	20.96756
14285	23.69550
14286	26.24195
14287	28.54968
14288	30.60326
14289	32.41461
14290	33.96320
14291	35.20219
14292	36.05019
14293	36.41399
14294	36.30108
14295	35.79686
14296	34.96435
14297	33.88480
14298	32.65733
14299	31.34069
14300	30.00916
14301	28.70652
14302	27.38946
14303	26.06032
14304	24.87730
14305	23.97666
14306	23.30611
14307	22.77597
14308	22.37670
14309	22.18618
14310	22.26795
14311	22.44221
14312	22.32493
14313	21.60283
14314	20.25514
14315	18.56483
14316	16.94500
14317	15.63992
14318	14.49463
14319	13.09389
14320	11.19631
14321	8.87789
14322	6.28352
14323	3.46883
14324	0.48315
14325	-2.54452
14326	-5.46568
14327	-8.18826
14328	-10.65042
14329	-12.79905
14330	-14.59578
14331	-15.99609
14332	-16.96049
14333	-17.51450
14334	-17.73277
14335	-17.67137
14336	-17.35714
14337	-16.81579
14338	-16.07519
14339	-15.15131
14340	-14.04804
14341	-12.78662
14342	-11.45087
14343	-10.14580
14344	-8.89919
14345	-7.68470
14346	-6.49971
14347	-5.33009
14348	-3.98426
14349	-2.03606
14350	0.74306
14351	3.95349
14352	7.00070
14353	9.80266
14354	12.64688
14355	15.61194
14356	18.52534
14357	21.26942
14358	23.85084
14359	26.27889
14360	28.49278
14361	30.41262
14362	32.02568
14363	33.37641
14364	34.48448
14365	35.26644
14366	35.61956
14367	35.60622
14368	35.33554
14369	34.77914
14370	33.88334
14371	32.68261
14372	31.32247
14373	29.98820
14374	28.70579
14375	27.38531
14376	26.10803
14377	25.14518
14378	24.57499
14379	24.14596
14380	23.61307
14381	22.92011
14382	22.23306
14383	21.90815
14384	22.05323
14385	22.30022
14386	22.13454
14387	21.29213
14388	19.86444
14389	18.21643
14390	16.72259
14391	15.46198
14392	14.22078
14393	12.74837
14394	10.92567
14395	8.72633
14396	6.13113
14397	3.18958
14398	0.10354
14399	-2.90323
14400	-5.74023
14401	-8.42375
14402	-10.97590
14403	-13.32249
14404	-15.28705
14405	-16.72551
14406	-17.60878
14407	-17.97374
14408	-17.90936
14409	-17.55417
14410	-17.01333
14411	-16.28709
14412	-15.34286
14413	-14.23218
14414	-13.03492
14415	-11.75277
14416	-10.37822
14417	-8.97126
14418	-7.61569
14419	-6.38249
14420	-5.22306
14421	-3.80078
14422	-1.62753
14423	1.40748
14424	4.79839
14425	7.99249
14426	10.97821
14427	14.00424
14428	17.07746
14429	20.03632
14430	22.81056
14431	25.40845
14432	27.81796
14433	30.00669
14434	31.94167
14435	33.59969
14436	34.97278
14437	36.00402
14438	36.57468
14439	36.64240
14440	36.31404
14441	35.72253
14442	34.91487
14443	33.88130
14444	32.61956
14445	31.22823
14446	29.88160
14447	28.62190
14448	27.32918
14449	26.00495
14450	24.89250
14451	24.12673
14452	23.54435
14453	23.01348
14454	22.57198
14455	22.27325
14456	22.13909
14457	22.08168
14458	21.90931
14459	21.44700
14460	20.58847
14461	19.28856
14462	17.68983
14463	16.12472
14464	14.75854
14465	13.39864
14466	11.77168
14467	9.73318
14468	7.24796
14469	4.39013
14470	1.32409
14471	-1.75294
14472	-4.65586
14473	-7.28219
14474	-9.64610
14475	-11.77615
14476	-13.64703
14477	-15.23763
14478	-16.53153
14479	-17.46206
14480	-17.96193
14481	-18.05373
14482	-17.84421
14483	-17.42058
14484	-16.78969
14485	-15.93644
14486	-14.88628
14487	-13.68383
14488	-12.35504
14489	-10.93863
14490	-9.52826
14491	-8.20574
14492	-6.98535
14493	-5.82169
14494	-4.46960
14495	-2.45785
14496	0.43228
14497	3.80127
14498	7.06582
14499	10.09527
14500	13.10926
14501	16.18280
14502	19.16959
14503	21.95851
14504	24.54912
14505	26.93457
14506	29.08493
14507	30.99929
14508	32.69062
14509	34.15234
14510	35.31042
14511	36.02125
14512	36.22192
14513	36.00814
14514	35.47668
14515	34.64107
14516	33.50286
14517	32.07372
14518	30.48568
14519	28.97567
14520	27.63329
14521	26.35418
14522	25.09305
14523	23.98102
14524	23.11502
14525	22.41115
14526	21.73947
14527	21.00900
14528	20.24555
14529	19.75331
14530	19.81735
14531	20.30164
14532	20.72175
14533	20.56360
14534	19.59560
14535	18.05065
14536	16.47628
14537	15.24551
14538	14.27239
14539	13.20513
14540	11.78071
14541	9.94262
14542	7.75243
14543	5.30632
14544	2.67791
14545	-0.05250
14546	-2.72071
14547	-5.16886
14548	-7.38241
14549	-9.40903
14550	-11.23309
14551	-12.80367
14552	-14.06959
14553	-14.98690
14554	-15.57109
14555	-15.88950
14556	-15.96013
14557	-15.74711
14558	-15.22717
14559	-14.38501
14560	-13.26606
14561	-12.03685
14562	-10.82026
14563	-9.58782
14564	-8.31332
14565	-7.07092
14566	-5.93219
14567	-4.82807
14568	-3.55141
14569	-1.84065
14570	0.48977
14571	3.29644
14572	6.16606
14573	8.91752
14574	11.69418
14575	14.53398
14576	17.28477
14577	19.85990
14578	22.28517
14579	24.58049
14580	26.70963
14581	28.61927
14582	30.28918
14583	31.72226
14584	32.87845
14585	33.66087
14586	33.99742
14587	33.88408
14588	33.34655
14589	32.41597
14590	31.14550
14591	29.61918
14592	27.99047
14593	26.44406
14594	25.05304
14595	23.78724
14596	22.66630
14597	21.77221
14598	21.11061
14599	20.55650
14600	20.01481
14601	19.51079
14602	19.10475
14603	18.96801
14604	19.31179
14605	19.93306
14606	20.19437
14607	19.67110
14608	18.53232
14609	17.18365
14610	15.90878
14611	14.91385
14612	14.28671
14613	13.82128
14614	13.18264
14615	12.21534
14616	10.93080
14617	9.33019
14618	7.39352
14619	5.20158
14620	2.94411
14621	0.74779
14622	-1.40999
14623	-3.55910
14624	-5.63742
14625	-7.56249
14626	-9.27972
14627	-10.77990
14628	-12.14266
14629	-13.44847
14630	-14.59180
14631	-15.32928
14632	-15.54755
14633	-15.37231
14634	-15.02370
14635	-14.63852
14636	-14.18169
14637	-13.51420
14638	-12.58502
14639	-11.52222
14640	-10.49403
14641	-9.53085
14642	-8.56621
14643	-7.55576
14644	-6.45505
14645	-5.18956
14646	-3.63692
14647	-1.63696
14648	0.76440
14649	3.25239
14650	5.68852
14651	8.25784
14652	11.02581
14653	13.81246
14654	16.48699
14655	19.03113
14656	21.41721
14657	23.60430
14658	25.57583
14659	27.33083
14660	28.88992
14661	30.27563
14662	31.44156
14663	32.28724
14664	32.75882
14665	32.91251
14666	32.86581
14667	32.65463
14668	32.17502
14669	31.31387
14670	30.10395
14671	28.69265
14672	27.19765
14673	25.66753
14674	24.15437
14675	22.78477
14676	21.70073
14677	20.93592
14678	20.40874
14679	20.01129
14680	19.65896
14681	19.26499
14682	18.81424
14683	18.51216
14684	18.64704
14685	19.20604
14686	19.78753
14687	19.86525
14688	19.17659
14689	17.94010
14690	16.62384
14691	15.55852
14692	14.81034
14693	14.24058
14694	13.62366
14695	12.78565
14696	11.66680
14697	10.31362
14698	8.83470
14699	7.33506
14700	5.86712
14701	4.42077
14702	2.95977
14703	1.48114
14704	0.02487
14705	-1.36249
14706	-2.66882
14707	-3.92862
14708	-5.16402
14709	-6.35895
14710	-7.52075
14711	-8.69732
14712	-9.89046
14713	-11.02576
14714	-12.04494
14715	-12.96189
14716	-13.81674
14717	-14.64984
14718	-15.50390
14719	-16.41179
14720	-17.39838
14721	-18.45231
14722	-19.47243
14723	-20.30765
14724	-20.84411
14725	-21.02717
14726	-20.86571
14727	-20.41282
14728	-19.68856
14729	-18.65377
14730	-17.28486
14731	-15.65131
14732	-13.88388
14733	-12.07130
14734	-10.22783
14735	-8.32254
14736	-6.31106
14737	-4.17432
14738	-1.92489
14739	0.40233
14740	2.73722
14741	4.99683
14742	7.13773
14743	9.17384
14744	11.16805
14745	13.19159
14746	15.24332
14747	17.24621
14748	19.17289
14749	21.08326
14750	23.00170
14751	24.86470
14752	26.59046
14753	28.13328
14754	29.48520
14755	30.65430
14756	31.65026
14757	32.47194
14758	33.08512
14759	33.42890
14760	33.45554
14761	33.14968
14762	32.53401
14763	31.66357
14764	30.60131
14765	29.43047
14766	28.24223
14767	27.05098
14768	25.81436
14769	24.54503
14770	23.37389
14771	22.53696
14772	22.23566
14773	22.44208
14774	22.87485
14775	23.19581
14776	23.25706
14777	23.19090
14778	23.22732
14779	23.46768
14780	23.81051
14781	24.10927
14782	24.28433
14783	24.23085
14784	23.83650
14785	23.06785
14786	21.99341
14787	20.81043
14788	19.76346
14789	18.91478
14790	18.12571
14791	17.29127
14792	16.41758
14793	15.51443
14794	14.58245
14795	13.66777
14796	12.80846
14797	11.95632
14798	11.02258
14799	9.96552
14800	8.82256
14801	7.68308
14802	6.59907
14803	5.54920
14804	4.51519
14805	3.50717
14806	2.53524
14807	1.62339
14808	0.79714
14809	0.03813
14810	-0.70588
14811	-1.46409
14812	-2.22864
14813	-3.00230
14814	-3.79476
14815	-4.58986
14816	-5.37690
14817	-6.18089
14818	-7.02827
14819	-7.92462
14820	-8.87624
14821	-9.88778
14822	-10.92170
14823	-11.90308
14824	-12.77336
14825	-13.51236
14826	-14.12724
14827	-14.64370
14828	-15.08872
14829	-15.46774
14830	-15.78230
14831	-16.07096
14832	-16.36710
14833	-16.64612
14834	-16.88978
14835	-17.10317
14836	-17.21908
14837	-17.13209
14838	-16.81883
14839	-16.29948
14840	-15.56202
14841	-14.61236
14842	-13.50869
14843	-12.30501
14844	-11.01836
14845	-9.65050
14846	-8.21083
14847	-6.70398
14848	-5.11387
14849	-3.44081
14850	-1.73342
14851	-0.04244
14852	1.64195
14853	3.36029
14854	5.11997
14855	6.91488
14856	8.74797
14857	10.60131
14858	12.43567
14859	14.22134
14860	15.93693
14861	17.56782
14862	19.12856
14863	20.63145
14864	22.03392
14865	23.26754
14866	24.30362
14867	25.17494
14868	25.94750
14869	26.66571
14870	27.31356
14871	27.82296
14872	28.14332
14873	28.29008
14874	28.28713
14875	28.11344
14876	27.75117
14877	27.22162
14878	26.55398
14879	25.76858
14880	24.89220
14881	23.95304
14882	22.98191
14883	22.01912
14884	21.10303
14885	20.27928
14886	19.62948
14887	19.25045
14888	19.17147
14889	19.29078
14890	19.43862
14891	19.52056
14892	19.55709
14893	19.57610
14894	19.54654
14895	19.44377
14896	19.28456
14897	19.07011
14898	18.78359
14899	18.44734
14900	18.10254
14901	17.76777
14902	17.44175
14903	17.07381
14904	16.56464
14905	15.88066
14906	15.11566
14907	14.37248
14908	13.65950
14909	12.95309
14910	12.26887
14911	11.62674
14912	11.00813
14913	10.37845
14914	9.72460
14915	9.04429
14916	8.32389
14917	7.58584
14918	6.90198
14919	6.28004
14920	5.63518
14921	4.92968
14922	4.20515
14923	3.49127
14924	2.80664
14925	2.18939
14926	1.63223
14927	1.06011
14928	0.44943
14929	-0.13661
14930	-0.67577
14931	-1.20565
14932	-1.72547
14933	-2.20022
14934	-2.61892
14935	-3.00406
14936	-3.39256
14937	-3.79495
14938	-4.18187
14939	-4.53490
14940	-4.87065
14941	-5.21859
14942	-5.60964
14943	-6.06798
14944	-6.60578
14945	-7.22537
14946	-7.91396
14947	-8.64671
14948	-9.40388
14949	-10.15716
14950	-10.85204
14951	-11.46345
14952	-12.03377
14953	-12.59568
14954	-13.11855
14955	-13.56745
14956	-13.95305
14957	-14.30514
14958	-14.62256
14959	-14.86167
14960	-14.98196
14961	-14.97156
14962	-14.81611
14963	-14.49799
14964	-14.02047
14965	-13.38785
14966	-12.59298
14967	-11.65280
14968	-10.62095
14969	-9.53972
14970	-8.39853
14971	-7.15450
14972	-5.78301
14973	-4.31277
14974	-2.80890
14975	-1.31646
14976	0.14735
14977	1.56352
14978	2.92479
14979	4.26331
14980	5.63830
14981	7.08471
14982	8.57076
14983	10.02348
14984	11.40462
14985	12.71932
14986	13.96308
14987	15.17339
14988	16.43473
14989	17.67460
14990	18.70304
14991	19.54549
14992	20.38876
14993	21.26614
14994	22.07652
14995	22.75685
14996	23.30439
14997	23.73022
14998	24.03205
14999	24.21432
15000	24.30889
15001	24.33411
15002	24.26294
15003	24.07530
15004	23.80924
15005	23.51066
15006	23.15884
15007	22.69386
15008	22.10697
15009	21.45328
15010	20.79856
15011	20.21283
15012	19.78129
15013	19.57738
15014	19.62340
15015	19.86139
15016	20.16710
15017	20.40962
15018	20.53603
15019	20.59681
15020	20.61502
15021	20.49375
15022	20.16929
15023	19.74525
15024	19.37384
15025	19.08714
15026	18.82519
15027	18.56917
15028	18.34048
15029	18.12390
15030	17.89431
15031	17.61620
15032	17.20331
15033	16.60565
15034	15.87952
15035	15.11085
15036	14.33907
15037	13.58036
15038	12.86830
15039	12.23090
15040	11.64596
15041	11.06457
15042	10.45912
15043	9.81237
15044	9.10430
15045	8.34265
15046	7.55317
15047	6.74723
15048	5.94135
15049	5.14172
15050	4.31127
15051	3.45923
15052	2.67572
15053	1.98820
15054	1.34085
15055	0.72161
15056	0.15616
15057	-0.35788
15058	-0.82652
15059	-1.24616
15060	-1.62381
15061	-1.97739
15062	-2.32642
15063	-2.68376
15064	-3.04764
15065	-3.41881
15066	-3.82073
15067	-4.28566
15068	-4.83663
15069	-5.48484
15070	-6.22259
15071	-7.02539
15072	-7.87607
15073	-8.76856
15074	-9.67261
15075	-10.52091
15076	-11.24377
15077	-11.80768
15078	-12.22312
15079	-12.52204
15080	-12.74357
15081	-12.93179
15082	-13.11759
15083	-13.31457
15084	-13.53513
15085	-13.78147
15086	-14.03412
15087	-14.27460
15088	-14.50157
15089	-14.71537
15090	-14.89713
15091	-15.00313
15092	-14.98443
15093	-14.81213
15094	-14.46425
15095	-13.92348
15096	-13.19920
15097	-12.30363
15098	-11.26379
15099	-10.15928
15100	-9.05263
15101	-7.92882
15102	-6.75844
15103	-5.55163
15104	-4.32093
15105	-3.06068
15106	-1.77518
15107	-0.49099
15108	0.77618
15109	2.06022
15110	3.38006
15111	4.69643
15112	6.01840
15113	7.39721
15114	8.80946
15115	10.19038
15116	11.53900
15117	12.89762
15118	14.23404
15119	15.45044
15120	16.53452
15121	17.58010
15122	18.64075
15123	19.67477
15124	20.64563
15125	21.55435
15126	22.38579
15127	23.12428
15128	23.77393
15129	24.32339
15130	24.74820
15131	25.06160
15132	25.30087
15133	25.44985
15134	25.46324
15135	25.35019
15136	25.14960
15137	24.86543
15138	24.46850
15139	23.93200
15140	23.25518
15141	22.46590
15142	21.62285
15143	20.82185
15144	20.17422
15145	19.75158
15146	19.52721
15147	19.41216
15148	19.38554
15149	19.48061
15150	19.66564
15151	19.88169
15152	20.09250
15153	20.21046
15154	20.14280
15155	19.94504
15156	19.78365
15157	19.76045
15158	19.84148
15159	19.88372
15160	19.71526
15161	19.28222
15162	18.66216
15163	17.91690
15164	17.08859
15165	16.29405
15166	15.62596
15167	15.02427
15168	14.38002
15169	13.67311
15170	12.94758
15171	12.24168
15172	11.54069
15173	10.79708
15174	10.02235
15175	9.24566
15176	8.43680
15177	7.59659
15178	6.77271
15179	5.97868
15180	5.21251
15181	4.46619
15182	3.71193
15183	2.95088
15184	2.22674
15185	1.56800
15186	0.95749
15187	0.37104
15188	-0.19700
15189	-0.74461
15190	-1.25422
15191	-1.70955
15192	-2.13750
15193	-2.58215
15194	-3.04501
15195	-3.49791
15196	-3.91914
15197	-4.30787
15198	-4.68678
15199	-5.07328
15200	-5.46146
15201	-5.85446
15202	-6.27796
15203	-6.75144
15204	-7.27718
15205	-7.85487
15206	-8.48307
15207	-9.14484
15208	-9.80416
15209	-10.42904
15210	-11.00800
15211	-11.53195
15212	-11.99929
15213	-12.42828
15214	-12.83876
15215	-13.25262
15216	-13.68288
15217	-14.10422
15218	-14.48645
15219	-14.82793
15220	-15.11454
15221	-15.31760
15222	-15.43736
15223	-15.47577
15224	-15.40945
15225	-15.20997
15226	-14.84135
15227	-14.26786
15228	-13.49051
15229	-12.55206
15230	-11.50824
15231	-10.40407
15232	-9.25846
15233	-8.05771
15234	-6.78205
15235	-5.44463
15236	-4.06771
15237	-2.64877
15238	-1.20289
15239	0.22983
15240	1.63827
15241	3.03898
15242	4.43841
15243	5.83622
15244	7.25459
15245	8.72919
15246	10.25856
15247	11.78545
15248	13.24294
15249	14.60959
15250	15.91778
15251	17.20808
15252	18.47413
15253	19.67440
15254	20.79073
15255	21.83422
15256	22.80452
15257	23.68254
15258	24.47215
15259	25.20432
15260	25.87648
15261	26.43369
15262	26.83084
15263	27.08210
15264	27.21923
15265	27.23198
15266	27.09286
15267	26.80941
15268	26.42311
15269	25.96019
15270	25.41191
15271	24.76267
15272	24.02415
15273	23.22912
15274	22.41030
15275	21.60470
15276	20.86657
15277	20.25911
15278	19.82712
15279	19.56828
15280	19.45728
15281	19.47748
15282	19.59292
15283	19.72476
15284	19.80277
15285	19.79512
15286	19.66224
15287	19.38484
15288	19.05552
15289	18.83820
15290	18.82860
15291	18.98352
15292	19.13204
15293	19.06518
15294	18.70808
15295	18.11673
15296	17.33502
15297	16.42870
15298	15.54442
15299	14.76603
15300	14.03653
15301	13.29095
15302	12.54605
15303	11.84193
15304	11.16558
15305	10.44853
15306	9.65523
15307	8.85794
15308	8.14388
15309	7.47587
15310	6.74662
15311	5.93063
15312	5.10921
15313	4.32802
15314	3.52252
15315	2.65439
15316	1.77792
15317	0.94409
15318	0.15436
15319	-0.60614
15320	-1.33681
15321	-2.02729
15322	-2.68251
15323	-3.31082
15324	-3.90765
15325	-4.46122
15326	-4.96337
15327	-5.40732
15328	-5.79029
15329	-6.12543
15330	-6.42872
15331	-6.70257
15332	-6.95047
15333	-7.19535
15334	-7.46376
15335	-7.77094
15336	-8.15222
15337	-8.65628
15338	-9.28804
15339	-10.02048
15340	-10.83104
15341	-11.68413
15342	-12.50728
15343	-13.22705
15344	-13.83587
15345	-14.36126
15346	-14.80185
15347	-15.16722
15348	-15.49864
15349	-15.82028
15350	-16.13256
15351	-16.43222
15352	-16.70670
15353	-16.92826
15354	-17.06533
15355	-17.09685
15356	-16.99969
15357	-16.73745
15358	-16.28738
15359	-15.63347
15360	-14.75118
15361	-13.67437
15362	-12.49694
15363	-11.26341
15364	-9.95650
15365	-8.56491
15366	-7.09017
15367	-5.54003
15368	-3.93907
15369	-2.30164
15370	-0.62546
15371	1.06137
15372	2.70468
15373	4.29017
15374	5.87418
15375	7.52942
15376	9.26161
15377	11.00146
15378	12.67783
15379	14.28042
15380	15.83054
15381	17.32037
15382	18.73861
15383	20.08080
15384	21.30561
15385	22.39138
15386	23.38517
15387	24.31027
15388	25.13824
15389	25.86334
15390	26.48513
15391	26.97895
15392	27.34078
15393	27.57106
15394	27.64793
15395	27.57951
15396	27.39949
15397	27.11489
15398	26.71245
15399	26.19603
15400	25.58501
15401	24.88858
15402	24.08997
15403	23.17344
15404	22.18540
15405	21.23697
15406	20.43380
15407	19.84763
15408	19.52905
15409	19.48012
15410	19.63950
15411	19.91213
15412	20.20290
15413	20.44484
15414	20.60297
15415	20.65388
15416	20.58417
15417	20.41932
15418	20.20645
15419	19.95638
15420	19.66084
15421	19.33655
15422	19.00905
15423	18.69170
15424	18.34813
15425	17.88550
15426	17.26700
15427	16.55788
15428	15.82287
15429	15.09239
15430	14.39666
15431	13.74099
15432	13.09564
15433	12.44183
15434	11.77881
15435	11.08906
15436	10.35791
15437	9.61040
15438	8.86375
15439	8.09603
15440	7.31400
15441	6.55838
15442	5.82458
15443	5.07668
15444	4.32218
15445	3.59648
15446	2.89857
15447	2.20048
15448	1.49363
15449	0.79908
15450	0.14930
15451	-0.44648
15452	-1.00914
15453	-1.55895
15454	-2.10400
15455	-2.64231
15456	-3.16639
15457	-3.67070
15458	-4.14479
15459	-4.58956
15460	-5.04568
15461	-5.54068
15462	-6.05353
15463	-6.55828
15464	-7.05751
15465	-7.56552
15466	-8.08790
15467	-8.63399
15468	-9.21312
15469	-9.81301
15470	-10.41372
15471	-10.99600
15472	-11.52445
15473	-11.97499
15474	-12.36444
15475	-12.70793
15476	-12.99847
15477	-13.24584
15478	-13.47592
15479	-13.70431
15480	-13.95049
15481	-14.24244
15482	-14.58222
15483	-14.93131
15484	-15.23549
15485	-15.47000
15486	-15.64996
15487	-15.77723
15488	-15.82037
15489	-15.74980
15490	-15.54827
15491	-15.20477
15492	-14.72247
15493	-14.12185
15494	-13.42907
15495	-12.65525
15496	-11.79886
15497	-10.88181
15498	-9.93350
15499	-8.94136
15500	-7.87736
15501	-6.72848
15502	-5.47407
15503	-4.09797
15504	-2.60623
15505	-1.01958
15506	0.58586
15507	2.11461
15508	3.57540
15509	5.04510
15510	6.56269
15511	8.11800
15512	9.65276
15513	11.10292
15514	12.47139
15515	13.81489
15516	15.16850
15517	16.53200
15518	17.88799
15519	19.18491
15520	20.38493
15521	21.51367
15522	22.59017
15523	23.59046
15524	24.49937
15525	25.31242
15526	25.99643
15527	26.52329
15528	26.92255
15529	27.23485
15530	27.44388
15531	27.50141
15532	27.38546
15533	27.10832
15534	26.69856
15535	26.17421
15536	25.53005
15537	24.74031
15538	23.79128
15539	22.74125
15540	21.70911
15541	20.82061
15542	20.19438
15543	19.89325
15544	19.88643
15545	20.08608
15546	20.36930
15547	20.60823
15548	20.74424
15549	20.78318
15550	20.71844
15551	20.56107
15552	20.41404
15553	20.39591
15554	20.50437
15555	20.62058
15556	20.60461
15557	20.37547
15558	19.90859
15559	19.20147
15560	18.34244
15561	17.51567
15562	16.81473
15563	16.16048
15564	15.47913
15565	14.80717
15566	14.14938
15567	13.41328
15568	12.57672
15569	11.74604
15570	10.97149
15571	10.18242
15572	9.34048
15573	8.49005
15574	7.66953
15575	6.86811
15576	6.05336
15577	5.21876
15578	4.37940
15579	3.54196
15580	2.71088
15581	1.89113
15582	1.08809
15583	0.31121
15584	-0.43547
15585	-1.15202
15586	-1.83902
15587	-2.49553
15588	-3.11304
15589	-3.68454
15590	-4.22334
15591	-4.75119
15592	-5.27337
15593	-5.78046
15594	-6.27631
15595	-6.78255
15596	-7.31103
15597	-7.86368
15598	-8.44081
15599	-9.02748
15600	-9.60700
15601	-10.17645
15602	-10.71778
15603	-11.20031
15604	-11.62440
15605	-12.00726
15606	-12.34200
15607	-12.63234
15608	-12.92527
15609	-13.25593
15610	-13.61216
15611	-13.98137
15612	-14.37055
15613	-14.76266
15614	-15.10591
15615	-15.36895
15616	-15.55120
15617	-15.62773
15618	-15.56182
15619	-15.35306
15620	-15.00616
15621	-14.50739
15622	-13.85102
15623	-13.03856
15624	-12.09472
15625	-11.09473
15626	-10.09105
15627	-9.04891
15628	-7.92146
15629	-6.69057
15630	-5.32955
15631	-3.85162
15632	-2.32497
15633	-0.77602
15634	0.80750
15635	2.39365
15636	3.93733
15637	5.45794
15638	7.02229
15639	8.66722
15640	10.33611
15641	11.92604
15642	13.41412
15643	14.85579
15644	16.27084
15645	17.63441
15646	18.92759
15647	20.13288
15648	21.24831
15649	22.29988
15650	23.29630
15651	24.20184
15652	24.97338
15653	25.60000
15654	26.10959
15655	26.54614
15656	26.88710
15657	27.04987
15658	27.01858
15659	26.84663
15660	26.57050
15661	26.19801
15662	25.70762
15663	25.06445
15664	24.27704
15665	23.41574
15666	22.58270
15667	21.86066
15668	21.26500
15669	20.76986
15670	20.38437
15671	20.16024
15672	20.10727
15673	20.14505
15674	20.17124
15675	20.11723
15676	19.92820
15677	19.57487
15678	19.09877
15679	18.60356
15680	18.18618
15681	17.88761
15682	17.69641
15683	17.53692
15684	17.30102
15685	16.91950
15686	16.33415
15687	15.52275
15688	14.60507
15689	13.74436
15690	12.95360
15691	12.17588
15692	11.43051
15693	10.72656
15694	10.00849
15695	9.25604
15696	8.50752
15697	7.77545
15698	7.01539
15699	6.18928
15700	5.31150
15701	4.41943
15702	3.53362
15703	2.66401
15704	1.81096
15705	0.94141
15706	0.02820
15707	-0.88817
15708	-1.74218
15709	-2.52565
15710	-3.27631
15711	-4.00849
15712	-4.70098
15713	-5.34389
15714	-5.96017
15715	-6.56021
15716	-7.12940
15717	-7.65864
15718	-8.15125
15719	-8.61703
15720	-9.07125
15721	-9.53633
15722	-10.03538
15723	-10.58231
15724	-11.18987
15725	-11.85967
15726	-12.56285
15727	-13.25726
15728	-13.89152
15729	-14.41313
15730	-14.81495
15731	-15.12620
15732	-15.35903
15733	-15.52368
15734	-15.66085
15735	-15.81582
15736	-16.01482
15737	-16.25956
15738	-16.51641
15739	-16.73063
15740	-16.85164
15741	-16.83967
15742	-16.66631
15743	-16.29878
15744	-15.69636
15745	-14.85945
15746	-13.85773
15747	-12.77683
15748	-11.63762
15749	-10.40770
15750	-9.10083
15751	-7.75773
15752	-6.33704
15753	-4.78686
15754	-3.18326
15755	-1.64824
15756	-0.20222
15757	1.19927
15758	2.58090
15759	3.96388
15760	5.37813
15761	6.83596
15762	8.32284
15763	9.80393
15764	11.24450
15765	12.61897
15766	13.90437
15767	15.09771
15768	16.22727
15769	17.33414
15770	18.43618
15771	19.50892
15772	20.52371
15773	21.47397
15774	22.35638
15775	23.16431
15776	23.88347
15777	24.49262
15778	24.98586
15779	25.36874
15780	25.63483
15781	25.77349
15782	25.77884
15783	25.63383
15784	25.31705
15785	24.83736
15786	24.21169
15787	23.42974
15788	22.49714
15789	21.47192
15790	20.43321
15791	19.48233
15792	18.76386
15793	18.37821
15794	18.29660
15795	18.43045
15796	18.71277
15797	19.07965
15798	19.45242
15799	19.75873
15800	19.96042
15801	20.05063
15802	20.01490
15803	19.85649
15804	19.65323
15805	19.48776
15806	19.36051
15807	19.22496
15808	19.00529
15809	18.60514
15810	18.01430
15811	17.32169
15812	16.59986
15813	15.88170
15814	15.19989
15815	14.55587
15816	13.90941
15817	13.24844
15818	12.59665
15819	11.94768
15820	11.28234
15821	10.62132
15822	9.97165
15823	9.28862
15824	8.54728
15825	7.77192
15826	6.98037
15827	6.16667
15828	5.35222
15829	4.57764
15830	3.83032
15831	3.06613
15832	2.28299
15833	1.50220
15834	0.72322
15835	-0.05361
15836	-0.80172
15837	-1.50716
15838	-2.19078
15839	-2.86055
15840	-3.49604
15841	-4.09162
15842	-4.65659
15843	-5.19148
15844	-5.69407
15845	-6.17163
15846	-6.63960
15847	-7.11080
15848	-7.58500
15849	-8.05190
15850	-8.51269
15851	-9.00146
15852	-9.55690
15853	-10.16591
15854	-10.78346
15855	-11.39216
15856	-11.99043
15857	-12.55729
15858	-13.06659
15859	-13.49417
15860	-13.81534
15861	-14.03962
15862	-14.22034
15863	-14.40524
15864	-14.60566
15865	-14.81834
15866	-15.03926
15867	-15.26053
15868	-15.47932
15869	-15.68270
15870	-15.83821
15871	-15.92458
15872	-15.91853
15873	-15.78630
15874	-15.53288
15875	-15.18310
15876	-14.71486
15877	-14.07723
15878	-13.27054
15879	-12.35001
15880	-11.33280
15881	-10.19350
15882	-8.94928
15883	-7.62822
15884	-6.21438
15885	-4.71204
15886	-3.17003
15887	-1.62516
15888	-0.09316
15889	1.40259
15890	2.83785
15891	4.23460
15892	5.65938
15893	7.15374
15894	8.69043
15895	10.18367
15896	11.55923
15897	12.83992
15898	14.10152
15899	15.36294
15900	16.58348
15901	17.73253
15902	18.81550
15903	19.84288
15904	20.81448
15905	21.71481
15906	22.50473
15907	23.16882
15908	23.74006
15909	24.22734
15910	24.58867
15911	24.79286
15912	24.85239
15913	24.79208
15914	24.61035
15915	24.29595
15916	23.84640
15917	23.25515
15918	22.53757
15919	21.74819
15920	20.91180
15921	20.02248
15922	19.15170
15923	18.45763
15924	18.06313
15925	17.97399
15926	18.11510
15927	18.39765
15928	18.73366
15929	19.02649
15930	19.20430
15931	19.27047
15932	19.26679
15933	19.20608
15934	19.09792
15935	18.99236
15936	18.97372
15937	19.09778
15938	19.32207
15939	19.50037
15940	19.41983
15941	18.93978
15942	18.10271
15943	17.07085
15944	16.03362
15945	15.12564
15946	14.35990
15947	13.65072
15948	12.90902
15949	12.11217
15950	11.29421
15951	10.50141
15952	9.74667
15953	8.99443
15954	8.21309
15955	7.40879
15956	6.61469
15957	5.85378
15958	5.09434
15959	4.30387
15960	3.49911
15961	2.68418
15962	1.85409
15963	1.05477
15964	0.31741
15965	-0.41224
15966	-1.18411
15967	-1.97122
15968	-2.72324
15969	-3.40988
15970	-4.02436
15971	-4.58899
15972	-5.12686
15973	-5.63314
15974	-6.09464
15975	-6.52150
15976	-6.93203
15977	-7.33157
15978	-7.73333
15979	-8.17843
15980	-8.70322
15981	-9.30112
15982	-9.94590
15983	-10.62485
15984	-11.34359
15985	-12.09389
15986	-12.80614
15987	-13.39559
15988	-13.83949
15989	-14.16000
15990	-14.38467
15991	-14.55134
15992	-14.70802
15993	-14.88533
15994	-15.08869
15995	-15.31987
15996	-15.58183
15997	-15.86689
15998	-16.15850
15999	-16.42682
16000	-16.61371
16001	-16.65888
16002	-16.55885
16003	-16.35430
16004	-16.04545
16005	-15.58793
16006	-14.95612
16007	-14.14414
16008	-13.15988
16009	-12.04816
16010	-10.86681
16011	-9.62491
16012	-8.29349
16013	-6.87727
16014	-5.41350
16015	-3.93321
16016	-2.46880
16017	-1.04745
16018	0.32595
16019	1.67004
16020	3.03342
16021	4.46436
16022	5.94370
16023	7.40097
16024	8.80723
16025	10.17976
16026	11.51128
16027	12.77154
16028	13.95130
16029	15.07581
16030	16.19035
16031	17.30536
16032	18.37505
16033	19.37401
16034	20.32026
16035	21.19551
16036	21.95108
16037	22.58806
16038	23.13717
16039	23.60273
16040	23.97288
16041	24.23404
16042	24.36847
16043	24.36383
16044	24.22022
16045	23.94133
16046	23.52503
16047	22.97282
16048	22.29569
16049	21.51064
16050	20.66761
16051	19.85411
16052	19.15062
16053	18.61394
16054	18.30301
16055	18.25842
16056	18.42847
16057	18.66453
16058	18.82975
16059	18.89101
16060	18.89206
16061	18.85465
16062	18.73221
16063	18.49730
16064	18.20914
16065	17.94069
16066	17.74066
16067	17.62522
16068	17.52260
16069	17.31645
16070	16.94737
16071	16.41698
16072	15.73152
16073	14.93165
16074	14.12738
16075	13.39995
16076	12.72182
16077	12.02457
16078	11.29343
16079	10.57470
16080	9.89534
16081	9.21118
16082	8.48450
16083	7.73650
16084	6.98196
16085	6.19576
16086	5.36816
16087	4.53653
16088	3.73660
16089	2.95913
16090	2.18424
16091	1.41640
16092	0.67123
16093	-0.04902
16094	-0.73883
16095	-1.36744
16096	-1.92341
16097	-2.42574
16098	-2.90120
16099	-3.38268
16100	-3.88102
16101	-4.36091
16102	-4.78795
16103	-5.17578
16104	-5.56255
16105	-5.95962
16106	-6.35483
16107	-6.75279
16108	-7.16937
16109	-7.62723
16110	-8.16111
16111	-8.77028
16112	-9.42898
16113	-10.14172
16114	-10.90161
16115	-11.66314
16116	-12.37896
16117	-13.00349
16118	-13.50103
16119	-13.87456
16120	-14.16523
16121	-14.42179
16122	-14.66121
16123	-14.87795
16124	-15.08505
16125	-15.29615
16126	-15.50217
16127	-15.68287
16128	-15.80614
16129	-15.84966
16130	-15.81970
16131	-15.70458
16132	-15.44251
16133	-14.97051
16134	-14.27232
16135	-13.37071
16136	-12.32115
16137	-11.18878
16138	-9.98958
16139	-8.71051
16140	-7.37362
16141	-6.00378
16142	-4.59199
16143	-3.14474
16144	-1.70403
16145	-0.29165
16146	1.10978
16147	2.52233
16148	3.95245
16149	5.37949
16150	6.79319
16151	8.22931
16152	9.70836
16153	11.19324
16154	12.60748
16155	13.89502
16156	15.10988
16157	16.36131
16158	17.64319
16159	18.84280
16160	19.91422
16161	20.89509
16162	21.80054
16163	22.63121
16164	23.39617
16165	24.07779
16166	24.65232
16167	25.12057
16168	25.47390
16169	25.67944
16170	25.73318
16171	25.68082
16172	25.55369
16173	25.31469
16174	24.90645
16175	24.32537
16176	23.62583
16177	22.84910
16178	21.97063
16179	20.98527
16180	20.00624
16181	19.17945
16182	18.56375
16183	18.17433
16184	18.02874
16185	18.10198
16186	18.33036
16187	18.62079
16188	18.83635
16189	18.89400
16190	18.83150
16191	18.68230
16192	18.42975
16193	18.13015
16194	17.89048
16195	17.73129
16196	17.59705
16197	17.43378
16198	17.20280
16199	16.87557
16200	16.42855
16201	15.83344
16202	15.09887
16203	14.30833
16204	13.55416
16205	12.85128
16206	12.14507
16207	11.40712
16208	10.68076
16209	9.99997
16210	9.33032
16211	8.63305
16212	7.91090
16213	7.17948
16214	6.45182
16215	5.72080
16216	4.96223
16217	4.18216
16218	3.40051
16219	2.60559
16220	1.78324
16221	0.94506
16222	0.12006
16223	-0.67484
16224	-1.43899
16225	-2.17247
16226	-2.88539
16227	-3.56789
16228	-4.14857
16229	-4.60531
16230	-5.02728
16231	-5.47243
16232	-5.90088
16233	-6.28552
16234	-6.65695
16235	-7.03436
16236	-7.40868
16237	-7.78103
16238	-8.17289
16239	-8.61221
16240	-9.10695
16241	-9.63593
16242	-10.18583
16243	-10.76816
16244	-11.38038
16245	-11.98478
16246	-12.53697
16247	-13.01648
16248	-13.42844
16249	-13.78298
16250	-14.08279
16251	-14.34415
16252	-14.60055
16253	-14.86471
16254	-15.12524
16255	-15.37021
16256	-15.58137
16257	-15.74511
16258	-15.87058
16259	-15.96367
16260	-16.00744
16261	-15.99343
16262	-15.93812
16263	-15.83362
16264	-15.61454
16265	-15.20901
16266	-14.59359
16267	-13.80108
16268	-12.90035
16269	-11.93172
16270	-10.86774
16271	-9.68456
16272	-8.41832
16273	-7.11637
16274	-5.77484
16275	-4.35321
16276	-2.85459
16277	-1.34410
16278	0.12755
16279	1.56465
16280	2.98745
16281	4.40906
16282	5.86044
16283	7.36749
16284	8.88986
16285	10.36215
16286	11.77817
16287	13.17236
16288	14.56651
16289	15.95844
16290	17.32235
16291	18.63806
16292	19.91061
16293	21.13004
16294	22.27193
16295	23.32448
16296	24.25942
16297	25.06028
16298	25.75145
16299	26.32755
16300	26.75890
16301	27.06083
16302	27.26260
16303	27.35632
16304	27.32154
16305	27.14757
16306	26.82864
16307	26.37067
16308	25.79721
16309	25.10199
16310	24.25739
16311	23.31864
16312	22.40607
16313	21.60750
16314	20.98693
16315	20.61541
16316	20.53030
16317	20.66978
16318	20.84495
16319	20.83833
16320	20.58252
16321	20.18688
16322	19.76175
16323	19.32106
16324	18.88293
16325	18.51422
16326	18.24065
16327	18.02491
16328	17.81727
16329	17.55685
16330	17.18014
16331	16.65583
16332	15.98723
16333	15.23622
16334	14.52002
16335	13.90493
16336	13.34422
16337	12.76599
16338	12.16172
16339	11.55579
16340	10.93011
16341	10.21864
16342	9.41768
16343	8.62776
16344	7.89119
16345	7.14069
16346	6.35387
16347	5.55661
16348	4.74745
16349	3.94615
16350	3.17552
16351	2.40972
16352	1.63935
16353	0.89602
16354	0.19082
16355	-0.48765
16356	-1.12600
16357	-1.71722
16358	-2.31177
16359	-2.94560
16360	-3.59145
16361	-4.22751
16362	-4.85154
16363	-5.44593
16364	-6.00134
16365	-6.53256
16366	-7.04884
16367	-7.53803
16368	-7.99891
16369	-8.45914
16370	-8.93070
16371	-9.38830
16372	-9.80426
16373	-10.19035
16374	-10.59509
16375	-11.03975
16376	-11.49739
16377	-11.93362
16378	-12.32124
16379	-12.65906
16380	-12.98448
16381	-13.31853
16382	-13.64956
16383	-13.98055
16384	-14.32264
16385	-14.67409
16386	-15.02007
16387	-15.31985
16388	-15.55133
16389	-15.75893
16390	-15.98068
16391	-16.16190
16392	-16.20428
16393	-16.07392
16394	-15.79837
16395	-15.39595
16396	-14.86617
16397	-14.20655
16398	-13.42100
16399	-12.52285
16400	-11.52474
16401	-10.45098
16402	-9.34510
16403	-8.22525
16404	-7.05159
16405	-5.77414
16406	-4.38685
16407	-2.92434
16408	-1.45362
16409	-0.02565
16410	1.37597
16411	2.76942
16412	4.14869
16413	5.53349
16414	6.94118
16415	8.35546
16416	9.75284
16417	11.11411
16418	12.41310
16419	13.62816
16420	14.79940
16421	16.01234
16422	17.26385
16423	18.46876
16424	19.60799
16425	20.70940
16426	21.73925
16427	22.64914
16428	23.45225
16429	24.18469
16430	24.83557
16431	25.34875
16432	25.70055
16433	25.93673
16434	26.10527
16435	26.19471
16436	26.15324
16437	25.93920
16438	25.57193
16439	25.09949
16440	24.51896
16441	23.79259
16442	22.90621
16443	21.88073
16444	20.77912
16445	19.71462
16446	18.83083
16447	18.23389
16448	17.91951
16449	17.81043
16450	17.86020
16451	18.06867
16452	18.40110
16453	18.74581
16454	18.98441
16455	19.05471
16456	18.91908
16457	18.58002
16458	18.17491
16459	17.89548
16460	17.76103
16461	17.63698
16462	17.43101
16463	17.12127
16464	16.66962
16465	16.02928
16466	15.21225
16467	14.31641
16468	13.46673
16469	12.71676
16470	12.03176
16471	11.36234
16472	10.69101
16473	10.01715
16474	9.33374
16475	8.63215
16476	7.91376
16477	7.16225
16478	6.34440
16479	5.48711
16480	4.66093
16481	3.88907
16482	3.14422
16483	2.37427
16484	1.56939
16485	0.79947
16486	0.10574
16487	-0.53648
16488	-1.13006
16489	-1.66813
16490	-2.16977
16491	-2.63611
16492	-3.05086
16493	-3.42458
16494	-3.77767
16495	-4.11004
16496	-4.41750
16497	-4.70911
16498	-4.99328
16499	-5.26424
16500	-5.51478
16501	-5.75435
16502	-5.99794
16503	-6.24617
16504	-6.50142
16505	-6.79171
16506	-7.16168
16507	-7.63384
16508	-8.18668
16509	-8.80085
16510	-9.48614
16511	-10.22520
16512	-10.94659
16513	-11.58619
16514	-12.13552
16515	-12.61326
16516	-13.02992
16517	-13.38946
16518	-13.70101
16519	-13.98739
16520	-14.27363
16521	-14.56107
16522	-14.83230
16523	-15.07199
16524	-15.26761
16525	-15.41078
16526	-15.48563
16527	-15.44529
16528	-15.22194
16529	-14.76952
16530	-14.07915
16531	-13.16566
16532	-12.07449
16533	-10.87428
16534	-9.60952
16535	-8.28836
16536	-6.92505
16537	-5.53829
16538	-4.11831
16539	-2.66202
16540	-1.21208
16541	0.17510
16542	1.47730
16543	2.73443
16544	4.04705
16545	5.47424
16546	6.88760
16547	8.10685
16548	9.19077
16549	10.30981
16550	11.44946
16551	12.51720
16552	13.51064
16553	14.45627
16554	15.37396
16555	16.27177
16556	17.13088
16557	17.95820
16558	18.78012
16559	19.57975
16560	20.30981
16561	20.94045
16562	21.48218
16563	21.96457
16564	22.38452
16565	22.70108
16566	22.88905
16567	22.96558
16568	22.95348
16569	22.85835
16570	22.69324
16571	22.48368
16572	22.23547
16573	21.93112
16574	21.55373
16575	21.08875
16576	20.53701
16577	19.93560
16578	19.32273
16579	18.72746
16580	18.24019
16581	18.00692
16582	18.08853
16583	18.39397
16584	18.80265
16585	19.26956
16586	19.77356
16587	20.26186
16588	20.69144
16589	21.04339
16590	21.29747
16591	21.41967
16592	21.34959
16593	21.03227
16594	20.50756
16595	19.92549
16596	19.45247
16597	19.16688
16598	19.01499
16599	18.87040
16600	18.64586
16601	18.33573
16602	17.95901
16603	17.47440
16604	16.78748
16605	15.90158
16606	14.97767
16607	14.15550
16608	13.42591
16609	12.71815
16610	12.00683
16611	11.30444
16612	10.61342
16613	9.92680
16614	9.24650
16615	8.55491
16616	7.80461
16617	6.98235
16618	6.11626
16619	5.22273
16620	4.31354
16621	3.39608
16622	2.46334
16623	1.52494
16624	0.61309
16625	-0.24056
16626	-1.02326
16627	-1.74934
16628	-2.43541
16629	-3.07841
16630	-3.67469
16631	-4.21484
16632	-4.67569
16633	-5.05634
16634	-5.37411
16635	-5.62736
16636	-5.83011
16637	-6.03608
16638	-6.28069
16639	-6.57131
16640	-6.91317
16641	-7.30461
16642	-7.77684
16643	-8.39643
16644	-9.17519
16645	-10.06605
16646	-11.02114
16647	-11.96616
16648	-12.79973
16649	-13.46622
16650	-13.96343
16651	-14.32628
16652	-14.62346
16653	-14.89234
16654	-15.11662
16655	-15.31411
16656	-15.54768
16657	-15.82703
16658	-16.10426
16659	-16.34128
16660	-16.49738
16661	-16.52009
16662	-16.40409
16663	-16.17669
16664	-15.81041
16665	-15.24346
16666	-14.45782
16667	-13.47269
16668	-12.32879
16669	-11.08077
16670	-9.75079
16671	-8.33564
16672	-6.85227
16673	-5.32826
16674	-3.77608
16675	-2.20314
16676	-0.62240
16677	0.94714
16678	2.47132
16679	3.94829
16680	5.45097
16681	7.01334
16682	8.55572
16683	10.02499
16684	11.47159
16685	12.93544
16686	14.37177
16687	15.71430
16688	16.95072
16689	18.11334
16690	19.23472
16691	20.32073
16692	21.34236
16693	22.26509
16694	23.07606
16695	23.77236
16696	24.36415
16697	24.86919
16698	25.26956
16699	25.53644
16700	25.69059
16701	25.75548
16702	25.69730
16703	25.47732
16704	25.10507
16705	24.61400
16706	24.00204
16707	23.24641
16708	22.38548
16709	21.52630
16710	20.75756
16711	20.10833
16712	19.59839
16713	19.27619
16714	19.15973
16715	19.16130
16716	19.13412
16717	19.00917
16718	18.84205
16719	18.67281
16720	18.41403
16721	17.98523
16722	17.45489
16723	16.96877
16724	16.59361
16725	16.27592
16726	15.94565
16727	15.54702
16728	14.99226
16729	14.23110
16730	13.34733
16731	12.50738
16732	11.79851
16733	11.17079
16734	10.53755
16735	9.85061
16736	9.11753
16737	8.39467
16738	7.71323
16739	7.04009
16740	6.32379
16741	5.55227
16742	4.75538
16743	3.94764
16744	3.12120
16745	2.28334
16746	1.44730
16747	0.62678
16748	-0.16559
16749	-0.92902
16750	-1.64922
16751	-2.30807
16752	-2.93235
16753	-3.56008
16754	-4.17748
16755	-4.74380
16756	-5.25145
16757	-5.71634
16758	-6.14443
16759	-6.53849
16760	-6.92507
16761	-7.33167
16762	-7.75526
16763	-8.18867
16764	-8.63880
16765	-9.10656
16766	-9.58766
16767	-10.09079
16768	-10.63850
16769	-11.24503
16770	-11.89397
16771	-12.54788
16772	-13.16666
16773	-13.71582
16774	-14.17518
16775	-14.54099
16776	-14.83402
16777	-15.09192
16778	-15.33381
16779	-15.55546
16780	-15.76389
16781	-15.99249
16782	-16.27940
16783	-16.61600
16784	-16.93632
16785	-17.21614
16786	-17.49831
16787	-17.77019
16788	-17.95511
16789	-18.00513
16790	-17.91172
16791	-17.67230
16792	-17.26530
16793	-16.65735
16794	-15.83275
16795	-14.80813
16796	-13.63936
16797	-12.38822
16798	-11.07063
16799	-9.67435
16800	-8.19877
16801	-6.65498
16802	-5.06913
16803	-3.48298
16804	-1.92683
16805	-0.41289
16806	1.04873
16807	2.47761
16808	3.92791
16809	5.41803
16810	6.91478
16811	8.37084
16812	9.74188
16813	11.02097
16814	12.24774
16815	13.46165
16816	14.67020
16817	15.85565
16818	16.99051
16819	18.07687
16820	19.13780
16821	20.13172
16822	20.98158
16823	21.68759
16824	22.31046
16825	22.87916
16826	23.37074
16827	23.75720
16828	24.03432
16829	24.20110
16830	24.23735
16831	24.11421
16832	23.81609
16833	23.35970
16834	22.79076
16835	22.13249
16836	21.37879
16837	20.54904
16838	19.68757
16839	18.85088
16840	18.14533
16841	17.70377
16842	17.58442
16843	17.71829
16844	17.95972
16845	18.18461
16846	18.35426
16847	18.48938
16848	18.57777
16849	18.55192
16850	18.39585
16851	18.18553
16852	17.97022
16853	17.73255
16854	17.44880
16855	17.09025
16856	16.65192
16857	16.15982
16858	15.59615
16859	14.93630
16860	14.23156
16861	13.55625
16862	12.93041
16863	12.34075
16864	11.77857
16865	11.22502
16866	10.64415
16867	10.01188
16868	9.30995
16869	8.53074
16870	7.72541
16871	6.95731
16872	6.22021
16873	5.46567
16874	4.66303
16875	3.84050
16876	3.06603
16877	2.35307
16878	1.65617
16879	0.95466
16880	0.27948
16881	-0.33406
16882	-0.89894
16883	-1.44828
16884	-1.98877
16885	-2.51294
16886	-3.02425
16887	-3.52081
16888	-3.97786
16889	-4.37272
16890	-4.73059
16891	-5.10566
16892	-5.52087
16893	-5.96814
16894	-6.42579
16895	-6.88069
16896	-7.35377
16897	-7.88021
16898	-8.47936
16899	-9.13751
16900	-9.81104
16901	-10.46631
16902	-11.08565
16903	-11.64127
16904	-12.11325
16905	-12.49744
16906	-12.79413
16907	-13.02565
16908	-13.23166
16909	-13.44286
16910	-13.67506
16911	-13.92781
16912	-14.19680
16913	-14.49134
16914	-14.80412
16915	-15.08520
16916	-15.30199
16917	-15.49569
16918	-15.71364
16919	-15.90960
16920	-15.98949
16921	-15.91696
16922	-15.71312
16923	-15.40647
16924	-14.99569
16925	-14.45041
16926	-13.75891
16927	-12.94266
16928	-12.03206
16929	-11.04495
16930	-9.97354
16931	-8.80682
16932	-7.55292
16933	-6.19816
16934	-4.72669
16935	-3.21996
16936	-1.76933
16937	-0.33733
16938	1.12151
16939	2.57048
16940	3.98642
16941	5.39583
16942	6.82916
16943	8.26959
16944	9.66302
16945	11.01452
16946	12.38076
16947	13.75384
16948	15.06691
16949	16.30345
16950	17.50677
16951	18.70544
16952	19.88622
16953	21.00366
16954	22.01033
16955	22.90354
16956	23.70927
16957	24.42735
16958	25.03679
16959	25.52268
16960	25.87133
16961	26.08485
16962	26.18740
16963	26.17560
16964	25.99781
16965	25.63774
16966	25.16246
16967	24.62510
16968	23.99152
16969	23.23080
16970	22.40381
16971	21.63075
16972	21.00482
16973	20.56047
16974	20.30359
16975	20.22697
16976	20.27732
16977	20.33972
16978	20.30079
16979	20.14273
16980	19.92250
16981	19.65524
16982	19.30345
16983	18.89269
16984	18.56033
16985	18.42249
16986	18.43175
16987	18.43560
16988	18.30521
16989	17.98843
16990	17.47552
16991	16.74338
16992	15.82707
16993	14.89080
16994	14.10805
16995	13.50467
16996	12.96564
16997	12.38325
16998	11.74957
16999	11.08466
17000	10.37212
17001	9.59848
17002	8.78321
17003	7.96474
17004	7.15655
17005	6.34164
17006	5.53395
17007	4.75934
17008	3.98758
17009	3.19151
17010	2.40535
17011	1.65242
17012	0.91812
17013	0.21751
17014	-0.42316
17015	-1.03094
17016	-1.63939
17017	-2.23918
17018	-2.80793
17019	-3.34054
17020	-3.85588
17021	-4.37326
17022	-4.87746
17023	-5.34677
17024	-5.79296
17025	-6.23660
17026	-6.67774
17027	-7.11874
17028	-7.58193
17029	-8.08449
17030	-8.62399
17031	-9.19278
17032	-9.77830
17033	-10.36587
17034	-10.96315
17035	-11.58288
17036	-12.17574
17037	-12.64952
17038	-12.97742
17039	-13.21513
17040	-13.43454
17041	-13.67886
17042	-13.94543
17043	-14.23148
17044	-14.57222
17045	-14.95934
17046	-15.30939
17047	-15.57568
17048	-15.78013
17049	-15.93683
17050	-16.02762
17051	-16.00187
17052	-15.78017
17053	-15.31481
17054	-14.62218
17055	-13.74852
17056	-12.75294
17057	-11.68833
17058	-10.56524
17059	-9.37106
17060	-8.11041
17061	-6.80162
17062	-5.45894
17063	-4.08055
17064	-2.65541
17065	-1.20584
17066	0.21097
17067	1.58603
17068	2.97561
17069	4.40951
17070	5.85864
17071	7.30375
17072	8.75484
17073	10.19047
17074	11.56907
17075	12.88505
17076	14.15520
17077	15.39184
17078	16.59774
17079	17.78091
17080	18.95507
17081	20.09377
17082	21.14635
17083	22.10841
17084	22.99470
17085	23.79119
17086	24.49020
17087	25.09139
17088	25.56775
17089	25.89607
17090	26.08404
17091	26.14314
17092	26.07183
17093	25.87524
17094	25.55584
17095	25.09297
17096	24.47410
17097	23.71825
17098	22.85002
17099	21.92608
17100	21.06241
17101	20.35859
17102	19.86145
17103	19.59817
17104	19.57440
17105	19.74437
17106	19.97567
17107	20.11335
17108	20.12955
17109	20.08933
17110	19.98697
17111	19.76707
17112	19.45841
17113	19.18678
17114	19.06223
17115	19.07896
17116	19.11825
17117	19.00298
17118	18.60433
17119	17.93648
17120	17.10035
17121	16.20786
17122	15.36694
17123	14.64805
17124	14.02918
17125	13.42466
17126	12.78606
17127	12.11235
17128	11.41265
17129	10.71802
17130	10.05412
17131	9.39374
17132	8.68544
17133	7.91389
17134	7.11192
17135	6.31209
17136	5.53002
17137	4.77759
17138	4.01716
17139	3.19203
17140	2.32963
17141	1.49682
17142	0.70419
17143	-0.07161
17144	-0.82809
17145	-1.54109
17146	-2.20658
17147	-2.83875
17148	-3.44261
17149	-4.00459
17150	-4.53340
17151	-5.07952
17152	-5.67198
17153	-6.29185
17154	-6.90852
17155	-7.50437
17156	-8.09410
17157	-8.69233
17158	-9.28229
17159	-9.87047
17160	-10.49729
17161	-11.17772
17162	-11.87568
17163	-12.53116
17164	-13.09927
17165	-13.56039
17166	-13.92491
17167	-14.22701
17168	-14.48612
17169	-14.69840
17170	-14.86256
17171	-14.99962
17172	-15.14892
17173	-15.33708
17174	-15.55246
17175	-15.75202
17176	-15.90292
17177	-16.01192
17178	-16.08318
17179	-16.09166
17180	-16.03211
17181	-15.92051
17182	-15.72533
17183	-15.36145
17184	-14.77445
17185	-14.00027
17186	-13.11448
17187	-12.12276
17188	-10.95858
17189	-9.60429
17190	-8.12431
17191	-6.58043
17192	-5.00277
17193	-3.41527
17194	-1.83565
17195	-0.28735
17196	1.18278
17197	2.55020
17198	3.85310
17199	5.15805
17200	6.52222
17201	7.95240
17202	9.38764
17203	10.77882
17204	12.13360
17205	13.47113
17206	14.80318
17207	16.11006
17208	17.34890
17209	18.55078
17210	19.78008
17211	20.98388
17212	22.05103
17213	22.96670
17214	23.77554
17215	24.47739
17216	25.04193
17217	25.45458
17218	25.71068
17219	25.81129
17220	25.77659
17221	25.62288
17222	25.34487
17223	24.93804
17224	24.40611
17225	23.74636
17226	22.97988
17227	22.19862
17228	21.51751
17229	20.97992
17230	20.57813
17231	20.33607
17232	20.29570
17233	20.42593
17234	20.59081
17235	20.64800
17236	20.57022
17237	20.41036
17238	20.18631
17239	19.88953
17240	19.54042
17241	19.14950
17242	18.70716
17243	18.25787
17244	17.86732
17245	17.51890
17246	17.13235
17247	16.63215
17248	15.97715
17249	15.19857
17250	14.40317
17251	13.68645
17252	13.05647
17253	12.46670
17254	11.87447
17255	11.25871
17256	10.61596
17257	9.93413
17258	9.19907
17259	8.41502
17260	7.60103
17261	6.79953
17262	6.03214
17263	5.24839
17264	4.40020
17265	3.52140
17266	2.66978
17267	1.84331
17268	1.02286
17269	0.23335
17270	-0.50439
17271	-1.21525
17272	-1.92769
17273	-2.62999
17274	-3.30198
17275	-3.95082
17276	-4.56631
17277	-5.12377
17278	-5.64627
17279	-6.17235
17280	-6.70438
17281	-7.21235
17282	-7.67607
17283	-8.12613
17284	-8.61036
17285	-9.12872
17286	-9.65698
17287	-10.21098
17288	-10.80920
17289	-11.39894
17290	-11.92381
17291	-12.40257
17292	-12.83902
17293	-13.17000
17294	-13.37476
17295	-13.51428
17296	-13.64788
17297	-13.79436
17298	-13.96393
17299	-14.16890
17300	-14.40824
17301	-14.67366
17302	-14.94708
17303	-15.19006
17304	-15.37977
17305	-15.53700
17306	-15.69256
17307	-15.83645
17308	-15.91411
17309	-15.89689
17310	-15.82377
17311	-15.72737
17312	-15.57328
17313	-15.30791
17314	-14.91015
17315	-14.38590
17316	-13.73957
17317	-12.95066
17318	-12.01213
17319	-10.97979
17320	-9.90274
17321	-8.73381
17322	-7.37173
17323	-5.78511
17324	-4.07416
17325	-2.36749
17326	-0.68927
17327	0.99303
17328	2.65543
17329	4.24240
17330	5.74984
17331	7.21829
17332	8.67115
17333	10.08960
17334	11.45180
17335	12.77798
17336	14.09711
17337	15.39044
17338	16.63726
17339	17.87062
17340	19.10637
17341	20.29047
17342	21.35965
17343	22.28682
17344	23.07507
17345	23.74177
17346	24.30022
17347	24.75262
17348	25.09086
17349	25.29533
17350	25.34541
17351	25.22259
17352	24.93454
17353	24.53292
17354	24.05717
17355	23.48013
17356	22.77420
17357	21.99916
17358	21.24251
17359	20.53581
17360	19.88952
17361	19.36061
17362	19.04142
17363	18.95986
17364	19.01348
17365	19.05376
17366	19.01593
17367	18.91748
17368	18.75732
17369	18.50220
17370	18.15952
17371	17.77791
17372	17.39533
17373	17.03133
17374	16.69774
17375	16.38676
17376	16.04464
17377	15.57789
17378	14.93649
17379	14.18388
17380	13.44343
17381	12.79329
17382	12.23576
17383	11.72132
17384	11.19472
17385	10.64575
17386	10.07821
17387	9.47473
17388	8.82981
17389	8.14582
17390	7.40856
17391	6.59939
17392	5.73137
17393	4.86075
17394	4.01594
17395	3.16788
17396	2.30987
17397	1.47535
17398	0.67861
17399	-0.07676
17400	-0.77472
17401	-1.41421
17402	-2.00766
17403	-2.55952
17404	-3.08277
17405	-3.62249
17406	-4.20857
17407	-4.80322
17408	-5.34468
17409	-5.82262
17410	-6.27359
17411	-6.72013
17412	-7.16062
17413	-7.61182
17414	-8.09347
17415	-8.58997
17416	-9.08074
17417	-9.56083
17418	-10.02963
17419	-10.50666
17420	-11.01840
17421	-11.55436
17422	-12.07475
17423	-12.54916
17424	-12.97001
17425	-13.32259
17426	-13.56857
17427	-13.71616
17428	-13.85044
17429	-14.03830
17430	-14.27092
17431	-14.50966
17432	-14.73594
17433	-14.94678
17434	-15.13799
17435	-15.31177
17436	-15.47283
17437	-15.61451
17438	-15.71251
17439	-15.71271
17440	-15.57323
17441	-15.31862
17442	-14.95252
17443	-14.39575
17444	-13.61062
17445	-12.63787
17446	-11.49752
17447	-10.20251
17448	-8.80146
17449	-7.31801
17450	-5.75225
17451	-4.17560
17452	-2.67286
17453	-1.20656
17454	0.29039
17455	1.79316
17456	3.27428
17457	4.76176
17458	6.26360
17459	7.75391
17460	9.22004
17461	10.65579
17462	12.04327
17463	13.37701
17464	14.67021
17465	15.92473
17466	17.12510
17467	18.26353
17468	19.35717
17469	20.42874
17470	21.45631
17471	22.37169
17472	23.12151
17473	23.71437
17474	24.19577
17475	24.57462
17476	24.81040
17477	24.88202
17478	24.81032
17479	24.60246
17480	24.23352
17481	23.71115
17482	23.08118
17483	22.34943
17484	21.48282
17485	20.50553
17486	19.54300
17487	18.75173
17488	18.22584
17489	17.97842
17490	17.98023
17491	18.18163
17492	18.48657
17493	18.75927
17494	18.90923
17495	18.93784
17496	18.88314
17497	18.76358
17498	18.57681
17499	18.31699
17500	17.97517
17501	17.53623
17502	17.02065
17503	16.50765
17504	16.04876
17505	15.59718
17506	15.08289
17507	14.51277
17508	13.93819
17509	13.39367
17510	12.91249
17511	12.50709
17512	12.12209
17513	11.68423
17514	11.17869
17515	10.63591
17516	10.08628
17517	9.53626
17518	8.96706
17519	8.37451
17520	7.77304
17521	7.14558
17522	6.47237
17523	5.78496
17524	5.12843
17525	4.52029
17526	3.94765
17527	3.40140
17528	2.90508
17529	2.47153
17530	2.07420
17531	1.68973
17532	1.31287
17533	0.94339
17534	0.58734
17535	0.26456
17536	-0.01254
17537	-0.26339
17538	-0.51589
17539	-0.76800
17540	-0.99903
17541	-1.21542
17542	-1.45664
17543	-1.74496
17544	-2.07241
17545	-2.44468
17546	-2.85543
17547	-3.25787
17548	-3.61583
17549	-3.92267
17550	-4.16794
17551	-4.34649
17552	-4.49298
17553	-4.64586
17554	-4.79379
17555	-4.91683
17556	-5.04755
17557	-5.22715
17558	-5.43983
17559	-5.66959
17560	-5.95373
17561	-6.31315
17562	-6.74040
17563	-7.23743
17564	-7.76446
17565	-8.25967
17566	-8.73408
17567	-9.22026
17568	-9.68383
17569	-10.06890
17570	-10.36289
17571	-10.57977
17572	-10.72993
17573	-10.82065
17574	-10.85256
17575	-10.84630
17576	-10.86978
17577	-10.94897
17578	-11.01214
17579	-10.99486
17580	-10.90370
17581	-10.75515
17582	-10.53208
17583	-10.21261
17584	-9.79958
17585	-9.30285
17586	-8.71527
17587	-8.01121
17588	-7.15633
17589	-6.16371
17590	-5.09770
17591	-3.97018
17592	-2.74332
17593	-1.44509
17594	-0.17035
17595	1.03691
17596	2.20944
17597	3.36969
17598	4.49804
17599	5.55154
17600	6.47278
17601	7.25398
17602	7.97536
17603	8.69916
17604	9.39284
17605	10.03053
17606	10.64149
17607	11.23315
17608	11.78394
17609	12.28359
17610	12.72208
17611	13.07671
17612	13.32897
17613	13.47914
17614	13.54921
17615	13.57513
17616	13.58194
17617	13.56165
17618	13.49754
17619	13.39648
17620	13.27929
17621	13.16542
17622	13.06176
17623	12.95922
17624	12.84588
17625	12.69976
17626	12.49796
17627	12.27241
17628	12.08074
17629	11.89763
17630	11.65549
17631	11.35993
17632	11.05011
17633	10.72655
17634	10.38971
17635	10.07221
17636	9.78659
17637	9.50275
17638	9.19404
17639	8.86022
17640	8.51930
17641	8.18984
17642	7.87196
17643	7.55732
17644	7.24455
17645	6.92434
17646	6.57755
17647	6.21752
17648	5.88294
17649	5.57340
17650	5.25788
17651	4.95172
17652	4.70205
17653	4.53146
17654	4.43176
17655	4.35410
17656	4.24306
17657	4.11396
17658	4.00725
17659	3.89756
17660	3.75685
17661	3.65301
17662	3.63385
17663	3.60572
17664	3.51074
17665	3.43773
17666	3.43978
17667	3.48022
17668	3.53679
17669	3.60370
17670	3.67976
17671	3.77673
17672	3.87129
17673	3.90400
17674	3.85237
17675	3.73788
17676	3.58270
17677	3.41311
17678	3.25391
17679	3.09490
17680	2.91166
17681	2.70298
17682	2.47956
17683	2.24243
17684	1.98117
17685	1.69249
17686	1.40041
17687	1.12915
17688	0.85611
17689	0.52807
17690	0.13057
17691	-0.28083
17692	-0.65046
17693	-0.98443
17694	-1.29863
17695	-1.58338
17696	-1.83575
17697	-2.05075
17698	-2.20475
17699	-2.28610
17700	-2.31853
17701	-2.33213
17702	-2.33236
17703	-2.31525
17704	-2.27898
17705	-2.21784
17706	-2.14370
17707	-2.08399
17708	-2.03311
17709	-1.96269
17710	-1.87840
17711	-1.80102
17712	-1.73155
17713	-1.68070
17714	-1.67127
17715	-1.69375
17716	-1.71472
17717	-1.72535
17718	-1.74953
17719	-1.80267
17720	-1.86066
17721	-1.89441
17722	-1.90913
17723	-1.92319
17724	-1.93979
17725	-1.94886
17726	-1.93778
17727	-1.90578
17728	-1.87470
17729	-1.87464
17730	-1.91037
17731	-1.96017
17732	-2.01103
17733	-2.06857
17734	-2.14192
17735	-2.23117
17736	-2.33311
17737	-2.44992
17738	-2.57940
17739	-2.70752
17740	-2.82330
17741	-2.92844
17742	-3.02567
17743	-3.11088
17744	-3.18323
17745	-3.24953
17746	-3.31022
17747	-3.35484
17748	-3.38679
17749	-3.42646
17750	-3.47685
17751	-3.52123
17752	-3.55178
17753	-3.57658
17754	-3.60404
17755	-3.63687
17756	-3.68098
17757	-3.74380
17758	-3.81643
17759	-3.87990
17760	-3.93328
17761	-3.99169
17762	-4.06258
17763	-4.13294
17764	-4.18475
17765	-4.22593
17766	-4.27503
17767	-4.32323
17768	-4.35220
17769	-4.36707
17770	-4.37880
17771	-4.38405
17772	-4.38133
17773	-4.38103
17774	-4.39850
17775	-4.44120
17776	-4.49927
17777	-4.56099
17778	-4.62505
17779	-4.69156
17780	-4.75871
17781	-4.82377
17782	-4.88253
17783	-4.92734
17784	-4.95119
17785	-4.96289
17786	-4.98179
17787	-5.00954
17788	-5.03126
17789	-5.04399
17790	-5.05324
17791	-5.06032
17792	-5.07736
17793	-5.11952
17794	-5.17528
17795	-5.21841
17796	-5.24161
17797	-5.25884
17798	-5.27942
17799	-5.29495
17800	-5.30179
17801	-5.31289
17802	-5.32693
17803	-5.32408
17804	-5.31160
17805	-5.31749
17806	-5.33336
17807	-5.33027
17808	-5.32061
17809	-5.33801
17810	-5.37817
17811	-5.41562
17812	-5.44255
17813	-5.45758
17814	-5.46071
17815	-5.46421
17816	-5.48228
17817	-5.52032
17818	-5.57425
17819	-5.63369
17820	-5.68925
17821	-5.73152
17822	-5.75390
17823	-5.76409
17824	-5.77283
17825	-5.77738
17826	-5.77146
17827	-5.75675
17828	-5.74133
17829	-5.73197
17830	-5.72210
17831	-5.70416
17832	-5.68892
17833	-5.68549
17834	-5.68643
17835	-5.68681
17836	-5.68941
17837	-5.69452
17838	-5.70720
17839	-5.73585
17840	-5.76774
17841	-5.78308
17842	-5.78901
17843	-5.79914
17844	-5.81067