1	-1.02035
2	-1.07702
3	-1.08924
4	-1.07115
5	-1.05459
6	-1.04823
7	-1.04939
8	-1.05395
9	-1.05612
10	-1.05903
11	-1.07112
12	-1.08661
13	-1.09488
14	-1.09427
15	-1.08457
16	-1.06566
17	-1.04113
18	-1.02138
19	-1.01752
20	-1.02851
21	-1.03922
22	-1.03599
23	-1.02797
24	-1.03268
25	-1.04364
26	-1.04239
27	-1.03156
28	-1.02899
29	-1.03807
30	-1.04939
31	-1.05906
32	-1.06459
33	-1.06441
34	-1.05842
35	-1.04692
36	-1.04086
37	-1.04548
38	-1.04974
39	-1.04638
40	-1.03783
41	-1.03157
42	-1.03004
43	-1.03042
44	-1.03486
45	-1.04362
46	-1.04752
47	-1.04003
48	-1.03350
49	-1.04581
50	-1.06687
51	-1.07693
52	-1.08552
53	-1.10471
54	-1.12185
55	-1.12541
56	-1.11870
57	-1.10908
58	-1.10136
59	-1.10050
60	-1.10872
61	-1.11457
62	-1.10821
63	-1.10326
64	-1.11409
65	-1.12674
66	-1.12510
67	-1.12291
68	-1.13333
69	-1.14264
70	-1.13808
71	-1.12432
72	-1.11477
73	-1.11644
74	-1.12106
75	-1.12668
76	-1.13825
77	-1.14376
78	-1.13907
79	-1.14307
80	-1.15596
81	-1.15898
82	-1.14837
83	-1.13447
84	-1.13005
85	-1.14288
86	-1.17137
87	-1.20465
88	-1.22007
89	-1.19990
90	-1.15846
91	-1.13373
92	-1.13830
93	-1.14046
94	-1.12914
95	-1.13389
96	-1.14646
97	-1.13694
98	-1.12207
99	-1.11695
100	-1.11206
101	-1.12062
102	-1.14846
103	-1.15862
104	-1.13362
105	-1.10986
106	-1.11659
107	-1.13561
108	-1.14086
109	-1.13399
110	-1.13076
111	-1.13954
112	-1.15176
113	-1.15631
114	-1.15069
115	-1.13638
116	-1.12825
117	-1.13256
118	-1.13143
119	-1.12126
120	-1.11119
121	-1.10258
122	-1.10193
123	-1.10895
124	-1.10671
125	-1.09132
126	-1.08344
127	-1.09972
128	-1.12025
129	-1.11766
130	-1.09910
131	-1.07260
132	-1.04450
133	-1.04545
134	-1.07797
135	-1.10229
136	-1.10604
137	-1.10723
138	-1.10064
139	-1.07468
140	-1.04445
141	-1.02872
142	-1.02929
143	-1.03392
144	-1.02080
145	-0.97313
146	-0.90895
147	-0.87563
148	-0.89062
149	-0.91573
150	-0.91244
151	-0.88688
152	-0.86295
153	-0.85673
154	-0.87703
155	-0.91176
156	-0.92857
157	-0.90768
158	-0.87039
159	-0.86354
160	-0.90003
161	-0.94253
162	-0.96632
163	-0.98633
164	-1.02260
165	-1.07710
166	-1.13171
167	-1.17095
168	-1.19833
169	-1.22492
170	-1.25446
171	-1.27250
172	-1.27064
173	-1.26486
174	-1.25637
175	-1.22456
176	-1.16964
177	-1.10600
178	-1.04988
179	-1.03863
180	-1.06601
181	-1.06656
182	-1.03661
183	-1.02526
184	-1.03825
185	-1.05897
186	-1.08840
187	-1.11997
188	-1.12814
189	-1.11726
190	-1.12481
191	-1.14809
192	-1.14582
193	-1.13051
194	-1.16540
195	-1.24677
196	-1.29818
197	-1.29336
198	-1.27232
199	-1.25751
200	-1.23785
201	-1.21187
202	-1.19300
203	-1.17778
204	-1.16024
205	-1.14334
206	-1.11141
207	-1.05655
208	-0.99090
209	-0.90806
210	-0.80909
211	-0.73594
212	-0.71169
213	-0.69509
214	-0.63548
215	-0.52761
216	-0.41433
217	-0.35162
218	-0.34453
219	-0.34608
220	-0.33207
221	-0.32186
222	-0.32939
223	-0.35120
224	-0.38606
225	-0.43175
226	-0.50419
227	-0.62826
228	-0.77042
229	-0.86494
230	-0.90800
231	-0.96196
232	-1.08298
233	-1.25454
234	-1.38938
235	-1.43418
236	-1.44168
237	-1.47610
238	-1.52575
239	-1.56160
240	-1.58958
241	-1.62782
242	-1.68892
243	-1.77688
244	-1.87912
245	-1.97591
246	-2.05561
247	-2.11085
248	-2.14381
249	-2.17050
250	-2.19057
251	-2.18926
252	-2.17649
253	-2.16638
254	-2.15387
255	-2.15099
256	-2.17743
257	-2.21460
258	-2.22545
259	-2.19721
260	-2.15184
261	-2.12453
262	-2.12772
263	-2.14434
264	-2.15475
265	-2.15824
266	-2.17135
267	-2.20599
268	-2.23564
269	-2.21267
270	-2.15141
271	-2.12178
272	-2.13651
273	-2.14634
274	-2.13393
275	-2.12048
276	-2.11808
277	-2.12615
278	-2.13964
279	-2.15502
280	-2.16817
281	-2.16102
282	-2.12635
283	-2.09243
284	-2.08527
285	-2.09050
286	-2.07579
287	-2.03786
288	-2.00342
289	-1.98610
290	-1.97387
291	-1.96044
292	-1.95166
293	-1.93150
294	-1.87609
295	-1.81188
296	-1.77076
297	-1.73470
298	-1.71743
299	-1.76051
300	-1.83192
301	-1.87572
302	-1.88976
303	-1.89432
304	-1.89593
305	-1.88126
306	-1.83051
307	-1.74756
308	-1.65931
309	-1.59189
310	-1.56215
311	-1.55855
312	-1.55917
313	-1.57748
314	-1.61854
315	-1.65107
316	-1.66512
317	-1.67114
318	-1.66402
319	-1.63773
320	-1.60477
321	-1.58416
322	-1.57993
323	-1.58333
324	-1.59061
325	-1.61357
326	-1.66999
327	-1.74386
328	-1.79216
329	-1.80409
330	-1.80440
331	-1.81354
332	-1.83534
333	-1.86307
334	-1.88634
335	-1.89759
336	-1.90124
337	-1.91051
338	-1.91874
339	-1.90251
340	-1.87741
341	-1.88700
342	-1.93321
343	-1.98049
344	-2.00118
345	-1.99285
346	-1.97836
347	-1.98482
348	-2.01598
349	-2.04640
350	-2.05197
351	-2.04921
352	-2.08226
353	-2.14416
354	-2.14750
355	-2.06588
356	-2.00525
357	-2.02533
358	-2.05635
359	-2.04859
360	-2.03843
361	-2.05631
362	-2.09174
363	-2.11653
364	-2.09065
365	-2.02810
366	-2.00494
367	-2.02760
368	-2.01874
369	-1.95812
370	-1.90284
371	-1.88858
372	-1.90386
373	-1.91852
374	-1.91216
375	-1.89897
376	-1.88722
377	-1.83465
378	-1.71093
379	-1.58030
380	-1.53782
381	-1.56495
382	-1.57291
383	-1.54702
384	-1.52064
385	-1.50494
386	-1.49880
387	-1.49279
388	-1.47599
389	-1.45145
390	-1.42563
391	-1.40157
392	-1.38452
393	-1.37421
394	-1.35942
395	-1.33409
396	-1.30983
397	-1.30095
398	-1.29774
399	-1.26868
400	-1.20442
401	-1.14721
402	-1.14786
403	-1.20234
404	-1.26364
405	-1.29425
406	-1.28006
407	-1.22780
408	-1.17697
409	-1.17935
410	-1.22967
411	-1.26648
412	-1.26775
413	-1.27226
414	-1.30206
415	-1.34133
416	-1.38017
417	-1.42127
418	-1.45820
419	-1.47731
420	-1.48321
421	-1.50057
422	-1.51968
423	-1.48173
424	-1.37793
425	-1.28782
426	-1.25418
427	-1.23258
428	-1.19638
429	-1.17296
430	-1.18478
431	-1.22692
432	-1.27642
433	-1.30386
434	-1.30580
435	-1.30554
436	-1.31167
437	-1.31122
438	-1.29848
439	-1.28186
440	-1.26954
441	-1.26204
442	-1.25353
443	-1.24306
444	-1.24113
445	-1.24371
446	-1.22541
447	-1.18813
448	-1.17039
449	-1.19934
450	-1.27118
451	-1.35236
452	-1.40157
453	-1.41681
454	-1.43145
455	-1.46227
456	-1.48973
457	-1.48819
458	-1.46381
459	-1.45972
460	-1.50818
461	-1.57832
462	-1.61083
463	-1.60096
464	-1.60051
465	-1.64464
466	-1.70662
467	-1.73896
468	-1.73587
469	-1.71784
470	-1.69765
471	-1.68201
472	-1.66794
473	-1.64780
474	-1.62018
475	-1.58159
476	-1.52873
477	-1.48040
478	-1.46652
479	-1.48332
480	-1.50196
481	-1.51148
482	-1.51684
483	-1.51756
484	-1.50328
485	-1.46896
486	-1.43316
487	-1.42316
488	-1.44290
489	-1.47089
490	-1.47792
491	-1.45339
492	-1.42843
493	-1.43131
494	-1.44169
495	-1.44488
496	-1.46039
497	-1.49345
498	-1.52635
499	-1.55893
500	-1.62878
501	-1.76159
502	-1.92482
503	-2.07526
504	-2.19267
505	-2.26578
506	-2.30485
507	-2.32808
508	-2.33878
509	-2.34954
510	-2.37470
511	-2.39399
512	-2.39135
513	-2.40579
514	-2.47128
515	-2.55633
516	-2.61240
517	-2.62681
518	-2.60919
519	-2.57084
520	-2.53508
521	-2.52702
522	-2.54531
523	-2.56785
524	-2.57532
525	-2.56474
526	-2.53995
527	-2.49887
528	-2.44976
529	-2.41495
530	-2.39262
531	-2.34849
532	-2.27447
533	-2.19822
534	-2.12905
535	-2.05021
536	-1.94080
537	-1.79101
538	-1.62767
539	-1.44820
540	-1.25047
541	-1.08134
542	-0.93770
543	-0.72572
544	-0.41816
545	-0.07938
546	0.27404
547	0.63422
548	0.95415
549	1.25158
550	1.57337
551	1.87882
552	2.11539
553	2.32298
554	2.58125
555	2.85418
556	3.05953
557	3.17804
558	3.21445
559	3.17380
560	3.13614
561	3.14710
562	3.11042
563	2.98512
564	2.88255
565	2.88033
566	2.90058
567	2.85811
568	2.81397
569	2.78805
570	2.73085
571	2.65918
572	2.63672
573	2.65863
574	2.69584
575	2.76217
576	2.88217
577	3.01927
578	3.11851
579	3.19633
580	3.27390
581	3.30494
582	3.24894
583	3.16845
584	3.11737
585	3.07365
586	3.05240
587	3.13451
588	3.39015
589	3.80090
590	4.19920
591	4.42360
592	4.51452
593	4.58591
594	4.63173
595	4.59284
596	4.46592
597	4.27290
598	4.02518
599	3.74903
600	3.49361
601	3.29932
602	3.17488
603	3.10051
604	3.06548
605	3.08057
606	3.13045
607	3.17851
608	3.21881
609	3.25705
610	3.26844
611	3.23959
612	3.17595
613	3.10271
614	3.03004
615	2.92928
616	2.79405
617	2.69730
618	2.66633
619	2.61744
620	2.53306
621	2.48771
622	2.44918
623	2.33370
624	2.16309
625	2.05052
626	2.04675
627	2.08290
628	2.09989
629	2.13728
630	2.22191
631	2.30480
632	2.36915
633	2.46326
634	2.60335
635	2.75687
636	2.90871
637	3.06569
638	3.21870
639	3.33660
640	3.39980
641	3.44442
642	3.52881
643	3.63995
644	3.71364
645	3.72791
646	3.69506
647	3.62160
648	3.54956
649	3.56202
650	3.66117
651	3.74028
652	3.72917
653	3.64721
654	3.52720
655	3.36990
656	3.15501
657	2.88020
658	2.60195
659	2.40347
660	2.31236
661	2.32417
662	2.46726
663	2.74644
664	3.12389
665	3.54480
666	3.95581
667	4.29757
668	4.53575
669	4.67423
670	4.72146
671	4.66965
672	4.53115
673	4.35677
674	4.20461
675	4.09601
676	3.99628
677	3.87873
678	3.78301
679	3.73972
680	3.70759
681	3.63813
682	3.52783
683	3.40595
684	3.29609
685	3.18953
686	3.08831
687	3.04785
688	3.06352
689	3.07663
690	3.07611
691	3.07232
692	3.04873
693	3.01473
694	3.00300
695	3.00225
696	2.99435
697	3.01193
698	3.06570
699	3.10363
700	3.10733
701	3.10917
702	3.10146
703	3.06534
704	3.03919
705	3.05160
706	3.09317
707	3.19034
708	3.45257
709	4.01080
710	4.78715
711	5.46385
712	5.84415
713	6.05719
714	6.23746
715	6.34372
716	6.35594
717	6.35351
718	6.35107
719	6.31156
720	6.26403
721	6.25167
722	6.26894
723	6.28733
724	6.29370
725	6.29256
726	6.28101
727	6.23065
728	6.13903
729	6.04625
730	5.97458
731	5.90363
732	5.78937
733	5.61359
734	5.41652
735	5.24115
736	5.07083
737	4.87251
738	4.63819
739	4.39747
740	4.20050
741	4.08942
742	4.03990
743	4.00113
744	3.97278
745	3.98890
746	4.05664
747	4.14589
748	4.22753
749	4.31087
750	4.43670
751	4.62114
752	4.83154
753	5.04030
754	5.27083
755	5.56606
756	5.91156
757	6.19682
758	6.28868
759	6.16058
760	5.91193
761	5.65253
762	5.43614
763	5.29844
764	5.26317
765	5.31645
766	5.40699
767	5.45071
768	5.38080
769	5.21127
770	4.99584
771	4.75133
772	4.49434
773	4.29632
774	4.21147
775	4.22440
776	4.28354
777	4.28640
778	4.14363
779	3.91213
780	3.69968
781	3.52680
782	3.40980
783	3.39046
784	3.44252
785	3.51146
786	3.53792
787	3.46394
788	3.29141
789	3.08619
790	2.87602
791	2.62544
792	2.34864
793	2.16299
794	2.13538
795	2.19281
796	2.22736
797	2.18673
798	2.10721
799	2.04276
800	1.97611
801	1.89942
802	1.85019
803	1.83752
804	1.79435
805	1.67359
806	1.49434
807	1.29767
808	1.15339
809	1.13348
810	1.24268
811	1.49117
812	1.88791
813	2.21356
814	2.15028
815	1.81168
816	1.65933
817	1.86834
818	2.23398
819	2.59501
820	3.13204
821	4.11906
822	5.35155
823	6.27576
824	6.79061
825	7.20260
826	7.55667
827	7.63732
828	7.45622
829	7.28748
830	7.27622
831	7.33310
832	7.36610
833	7.35358
834	7.26638
835	7.11473
836	6.96852
837	6.84981
838	6.70868
839	6.51372
840	6.32064
841	6.22354
842	6.21542
843	6.19095
844	6.10546
845	5.98880
846	5.84563
847	5.66067
848	5.43923
849	5.20286
850	4.98876
851	4.81152
852	4.66364
853	4.54296
854	4.50764
855	4.62804
856	4.87058
857	5.11820
858	5.33255
859	5.56595
860	5.79496
861	5.92758
862	5.99021
863	6.05996
864	6.08003
865	5.99313
866	5.86274
867	5.74348
868	5.62122
869	5.46358
870	5.26632
871	5.09201
872	5.02747
873	5.06812
874	5.09513
875	4.98609
876	4.70800
877	4.31174
878	3.86819
879	3.43022
880	3.05240
881	2.80685
882	2.74662
883	2.84391
884	3.00010
885	3.13399
886	3.22781
887	3.31016
888	3.40488
889	3.50892
890	3.63556
891	3.77286
892	3.88363
893	3.93064
894	3.87850
895	3.73045
896	3.53140
897	3.29418
898	3.04239
899	2.86222
900	2.79491
901	2.79584
902	2.82283
903	2.87067
904	2.94182
905	3.02829
906	3.09695
907	3.08944
908	2.99242
909	2.90185
910	2.88301
911	2.87982
912	2.80424
913	2.68028
914	2.62263
915	2.67377
916	2.77450
917	2.91920
918	3.19545
919	3.51212
920	3.50616
921	3.05032
922	2.53321
923	2.30609
924	2.30052
925	2.33681
926	2.42293
927	2.77730
928	3.63915
929	4.87665
930	5.96594
931	6.64307
932	7.11560
933	7.55874
934	7.92411
935	8.17483
936	8.31046
937	8.31671
938	8.23800
939	8.15433
940	8.09264
941	8.02083
942	7.91066
943	7.80759
944	7.78639
945	7.80697
946	7.73127
947	7.53432
948	7.35777
949	7.28387
950	7.20861
951	7.02618
952	6.78537
953	6.57637
954	6.40318
955	6.23811
956	6.07524
957	5.91087
958	5.76623
959	5.68026
960	5.67556
961	5.71752
962	5.76571
963	5.82796
964	5.98337
965	6.30626
966	6.70755
967	7.00020
968	7.10387
969	7.04117
970	6.87492
971	6.67574
972	6.46785
973	6.26847
974	6.11819
975	6.02104
976	5.93006
977	5.78742
978	5.58507
979	5.39390
980	5.27584
981	5.18713
982	5.03639
983	4.78226
984	4.42704
985	4.01125
986	3.63613
987	3.40391
988	3.32677
989	3.33890
990	3.38029
991	3.41685
992	3.42932
993	3.43462
994	3.46750
995	3.54461
996	3.60983
997	3.57495
998	3.41748
999	3.20622
1000	3.00284
1001	2.80179
1002	2.57252
1003	2.32167
1004	2.11343
1005	2.01231
1006	2.00948
1007	2.06117
1008	2.14635
1009	2.23292
1010	2.26315
1011	2.20126
1012	2.06886
1013	1.91176
1014	1.76824
1015	1.61508
1016	1.40590
1017	1.16009
1018	0.96809
1019	0.90278
1020	0.97198
1021	1.12020
1022	1.27346
1023	1.47349
1024	1.77329
1025	1.98905
1026	1.88767
1027	1.56264
1028	1.31536
1029	1.25660
1030	1.35107
1031	1.78432
1032	2.86106
1033	4.39048
1034	5.69345
1035	6.48993
1036	7.07049
1037	7.59726
1038	7.92590
1039	7.97701
1040	7.81827
1041	7.56226
1042	7.34484
1043	7.26590
1044	7.33697
1045	7.48780
1046	7.59764
1047	7.60932
1048	7.60189
1049	7.65950
1050	7.74717
1051	7.77623
1052	7.71997
1053	7.61508
1054	7.48221
1055	7.33973
1056	7.22960
1057	7.14777
1058	7.04267
1059	6.87975
1060	6.66350
1061	6.45409
1062	6.29894
1063	6.22073
1064	6.23883
1065	6.37911
1066	6.66720
1067	7.04820
1068	7.37583
1069	7.57175
1070	7.66795
1071	7.67898
1072	7.57857
1073	7.36814
1074	7.10277
1075	6.86785
1076	6.71302
1077	6.60939
1078	6.49735
1079	6.35660
1080	6.20671
1081	6.07157
1082	5.95954
1083	5.82422
1084	5.57460
1085	5.19551
1086	4.78086
1087	4.42208
1088	4.15958
1089	4.02612
1090	4.02458
1091	4.07725
1092	4.07795
1093	3.97961
1094	3.80666
1095	3.62704
1096	3.54109
1097	3.61224
1098	3.74330
1099	3.80996
1100	3.77824
1101	3.61469
1102	3.31308
1103	2.96185
1104	2.61876
1105	2.30608
1106	2.13470
1107	2.19462
1108	2.37081
1109	2.47170
1110	2.48311
1111	2.51632
1112	2.58872
1113	2.62849
1114	2.60177
1115	2.53578
1116	2.41565
1117	2.20133
1118	1.89714
1119	1.59786
1120	1.48471
1121	1.64595
1122	1.94645
1123	2.25033
1124	2.58299
1125	2.85739
1126	2.75490
1127	2.20548
1128	1.64054
1129	1.44101
1130	1.52275
1131	1.63634
1132	1.73944
1133	2.04183
1134	2.81771
1135	4.03640
1136	5.20360
1137	5.94048
1138	6.43185
1139	6.99493
1140	7.60111
1141	8.05850
1142	8.32175
1143	8.45981
1144	8.53806
1145	8.62375
1146	8.74584
1147	8.83804
1148	8.83258
1149	8.75492
1150	8.67267
1151	8.61122
1152	8.53462
1153	8.39292
1154	8.19535
1155	8.01011
1156	7.87892
1157	7.78923
1158	7.71614
1159	7.61697
1160	7.44336
1161	7.19773
1162	6.90103
1163	6.55697
1164	6.21268
1165	5.94561
1166	5.81898
1167	5.84839
1168	6.02068
1169	6.31190
1170	6.67737
1171	7.03262
1172	7.30031
1173	7.46024
1174	7.51400
1175	7.46585
1176	7.35148
1177	7.20303
1178	7.01844
1179	6.81867
1180	6.65937
1181	6.56208
1182	6.49697
1183	6.41887
1184	6.29104
1185	6.10731
1186	5.89161
1187	5.64156
1188	5.31590
1189	4.95155
1190	4.71046
1191	4.70012
1192	4.83050
1193	4.90349
1194	4.79366
1195	4.55133
1196	4.31897
1197	4.14972
1198	4.00056
1199	3.84717
1200	3.69467
1201	3.53504
1202	3.37231
1203	3.15292
1204	2.80312
1205	2.37708
1206	1.99229
1207	1.67346
1208	1.38995
1209	1.13996
1210	0.94469
1211	0.85751
1212	0.94422
1213	1.18212
1214	1.46574
1215	1.72044
1216	1.92402
1217	2.05511
1218	2.08511
1219	2.04819
1220	2.02340
1221	2.03539
1222	2.06278
1223	2.13796
1224	2.30852
1225	2.58825
1226	2.94059
1227	3.30226
1228	3.63244
1229	3.83122
1230	3.72634
1231	3.36558
1232	3.08878
1233	3.09726
1234	3.24875
1235	3.36892
1236	3.54700
1237	4.08919
1238	5.16046
1239	6.44125
1240	7.44626
1241	8.08013
1242	8.55807
1243	8.98379
1244	9.32510
1245	9.59951
1246	9.85079
1247	10.05109
1248	10.17462
1249	10.27277
1250	10.38010
1251	10.45132
1252	10.43005
1253	10.29399
1254	10.06404
1255	9.81483
1256	9.59713
1257	9.37353
1258	9.10935
1259	8.83642
1260	8.58668
1261	8.34863
1262	8.09285
1263	7.79736
1264	7.44864
1265	7.05312
1266	6.66446
1267	6.36673
1268	6.19878
1269	6.16117
1270	6.23989
1271	6.43099
1272	6.71762
1273	7.04308
1274	7.34450
1275	7.60074
1276	7.79572
1277	7.87459
1278	7.81032
1279	7.66658
1280	7.52430
1281	7.41356
1282	7.34763
1283	7.32560
1284	7.29818
1285	7.21463
1286	7.09859
1287	6.99046
1288	6.85488
1289	6.66050
1290	6.39844
1291	5.97935
1292	5.37873
1293	4.79358
1294	4.43644
1295	4.33229
1296	4.38964
1297	4.51471
1298	4.62878
1299	4.66908
1300	4.60113
1301	4.43557
1302	4.23581
1303	4.07331
1304	3.94620
1305	3.83923
1306	3.77640
1307	3.75644
1308	3.70270
1309	3.53502
1310	3.23673
1311	2.87153
1312	2.52708
1313	2.24377
1314	2.05849
1315	2.00304
1316	2.01475
1317	2.00075
1318	1.97305
1319	1.99689
1320	2.06394
1321	2.08670
1322	2.00634
1323	1.81769
1324	1.55442
1325	1.28733
1326	1.15246
1327	1.25837
1328	1.53469
1329	1.82292
1330	2.10826
1331	2.50542
1332	2.95803
1333	3.12890
1334	2.82989
1335	2.34555
1336	2.02067
1337	1.85808
1338	1.73102
1339	1.70161
1340	2.01641
1341	2.85988
1342	4.10803
1343	5.32494
1344	6.22097
1345	6.92331
1346	7.61585
1347	8.24593
1348	8.73066
1349	9.09160
1350	9.31393
1351	9.35114
1352	9.28708
1353	9.26140
1354	9.28384
1355	9.28709
1356	9.23734
1357	9.15020
1358	9.09958
1359	9.12682
1360	9.14859
1361	9.07439
1362	8.92858
1363	8.77934
1364	8.62930
1365	8.43732
1366	8.22168
1367	8.02344
1368	7.78717
1369	7.44332
1370	7.04353
1371	6.67877
1372	6.41165
1373	6.27800
1374	6.29704
1375	6.46444
1376	6.75755
1377	7.10432
1378	7.39148
1379	7.57167
1380	7.67847
1381	7.71299
1382	7.64940
1383	7.50988
1384	7.34151
1385	7.20122
1386	7.14417
1387	7.15501
1388	7.16003
1389	7.10619
1390	6.97663
1391	6.79293
1392	6.60178
1393	6.42635
1394	6.25011
1395	6.01571
1396	5.66965
1397	5.26373
1398	4.94750
1399	4.82566
1400	4.86123
1401	4.93104
1402	4.94907
1403	4.90094
1404	4.78356
1405	4.59277
1406	4.37452
1407	4.20433
1408	4.08823
1409	4.01217
1410	3.97286
1411	3.91302
1412	3.73759
1413	3.43113
1414	3.06513
1415	2.68877
1416	2.32101
1417	2.04295
1418	1.95569
1419	2.03566
1420	2.14971
1421	2.20121
1422	2.18502
1423	2.13430
1424	2.08799
1425	2.06093
1426	2.03327
1427	1.96577
1428	1.85282
1429	1.68527
1430	1.42678
1431	1.11366
1432	0.91730
1433	0.98321
1434	1.27862
1435	1.74510
1436	2.32528
1437	2.66959
1438	2.41853
1439	1.87127
1440	1.64161
1441	1.84934
1442	2.22476
1443	2.63441
1444	3.20029
1445	4.11275
1446	5.29163
1447	6.30379
1448	6.83967
1449	7.12780
1450	7.53932
1451	8.08677
1452	8.56651
1453	8.85718
1454	8.99327
1455	9.09150
1456	9.21313
1457	9.32405
1458	9.36973
1459	9.33435
1460	9.25335
1461	9.16506
1462	9.06146
1463	8.92356
1464	8.73190
1465	8.46912
1466	8.18099
1467	7.93625
1468	7.71967
1469	7.45220
1470	7.11455
1471	6.80228
1472	6.59666
1473	6.44641
1474	6.27676
1475	6.11319
1476	6.01667
1477	6.03410
1478	6.16769
1479	6.39232
1480	6.71336
1481	7.15511
1482	7.63719
1483	7.99575
1484	8.16014
1485	8.17641
1486	8.09973
1487	7.95852
1488	7.77616
1489	7.57121
1490	7.34556
1491	7.10663
1492	6.87583
1493	6.66450
1494	6.48757
1495	6.36908
1496	6.30706
1497	6.24895
1498	6.09632
1499	5.78441
1500	5.36837
1501	4.97864
1502	4.72023
1503	4.61318
1504	4.57932
1505	4.52069
1506	4.41855
1507	4.29241
1508	4.12555
1509	3.90435
1510	3.66902
1511	3.45265
1512	3.26657
1513	3.12199
1514	3.01401
1515	2.88078
1516	2.67772
1517	2.44326
1518	2.21737
1519	2.00495
1520	1.84140
1521	1.78451
1522	1.83461
1523	1.90897
1524	1.93664
1525	1.94493
1526	1.96877
1527	1.96963
1528	1.91312
1529	1.80684
1530	1.70639
1531	1.68001
1532	1.74835
1533	1.84291
1534	1.89634
1535	1.92172
1536	1.97007
1537	2.15726
1538	2.64737
1539	3.29719
1540	3.55303
1541	3.10822
1542	2.45820
1543	2.23441
1544	2.50810
1545	2.97516
1546	3.39449
1547	3.82872
1548	4.57898
1549	5.71961
1550	6.85318
1551	7.56450
1552	7.93273
1553	8.24654
1554	8.55678
1555	8.78876
1556	8.93010
1557	8.97923
1558	8.95444
1559	8.93268
1560	8.97558
1561	9.07189
1562	9.18119
1563	9.29735
1564	9.40794
1565	9.45473
1566	9.42830
1567	9.37324
1568	9.27879
1569	9.11497
1570	8.91902
1571	8.74728
1572	8.58767
1573	8.39747
1574	8.21778
1575	8.11630
1576	8.04103
1577	7.89449
1578	7.68038
1579	7.47539
1580	7.33243
1581	7.27542
1582	7.28492
1583	7.33403
1584	7.43252
1585	7.59839
1586	7.79059
1587	7.95555
1588	8.09368
1589	8.19730
1590	8.21630
1591	8.12749
1592	7.96179
1593	7.76193
1594	7.56466
1595	7.40002
1596	7.26556
1597	7.13737
1598	7.00599
1599	6.88013
1600	6.78061
1601	6.72108
1602	6.65839
1603	6.47322
1604	6.08886
1605	5.59751
1606	5.17486
1607	4.92914
1608	4.86707
1609	4.91701
1610	4.98008
1611	4.97723
1612	4.84701
1613	4.57596
1614	4.23912
1615	3.94170
1616	3.74138
1617	3.59703
1618	3.44309
1619	3.25933
1620	3.04091
1621	2.76198
1622	2.41090
1623	2.02039
1624	1.65200
1625	1.35141
1626	1.13899
1627	1.02295
1628	0.98547
1629	0.98452
1630	0.98060
1631	0.96920
1632	0.94828
1633	0.86056
1634	0.71988
1635	0.58623
1636	0.41946
1637	0.20037
1638	0.05629
1639	0.08470
1640	0.21864
1641	0.35642
1642	0.56507
1643	0.96932
1644	1.40733
1645	1.43397
1646	0.92597
1647	0.40802
1648	0.35875
1649	0.65630
1650	0.98329
1651	1.39940
1652	2.30081
1653	3.78781
1654	5.27808
1655	6.21782
1656	6.77291
1657	7.34436
1658	7.95157
1659	8.41509
1660	8.66092
1661	8.71326
1662	8.66425
1663	8.64433
1664	8.68696
1665	8.71290
1666	8.68221
1667	8.64856
1668	8.66985
1669	8.73161
1670	8.75933
1671	8.71469
1672	8.65412
1673	8.63649
1674	8.62899
1675	8.57162
1676	8.46288
1677	8.32480
1678	8.16772
1679	7.99176
1680	7.77401
1681	7.49772
1682	7.21226
1683	6.97715
1684	6.83367
1685	6.81079
1686	6.94414
1687	7.25959
1688	7.68987
1689	8.08632
1690	8.35647
1691	8.49152
1692	8.48304
1693	8.32032
1694	8.04274
1695	7.73753
1696	7.47131
1697	7.24381
1698	7.04078
1699	6.87714
1700	6.74245
1701	6.57991
1702	6.36252
1703	6.13797
1704	5.95450
1705	5.76748
1706	5.48408
1707	5.09928
1708	4.73003
1709	4.50799
1710	4.45762
1711	4.48881
1712	4.50975
1713	4.50076
1714	4.46144
1715	4.37951
1716	4.29404
1717	4.26938
1718	4.29948
1719	4.30893
1720	4.26888
1721	4.20530
1722	4.11700
1723	3.94043
1724	3.65023
1725	3.32303
1726	3.05924
1727	2.90555
1728	2.86287
1729	2.93132
1730	3.08893
1731	3.24679
1732	3.30773
1733	3.27405
1734	3.23162
1735	3.20043
1736	3.08895
1737	2.85464
1738	2.55881
1739	2.33164
1740	2.22796
1741	2.12033
1742	1.93873
1743	1.85371
1744	2.02507
1745	2.42950
1746	2.86912
1747	2.96087
1748	2.51565
1749	1.93639
1750	1.73295
1751	1.93032
1752	2.28034
1753	2.70225
1754	3.36839
1755	4.41600
1756	5.56399
1757	6.40293
1758	6.94994
1759	7.44443
1760	7.88796
1761	8.14623
1762	8.20282
1763	8.16048
1764	8.11463
1765	8.09725
1766	8.12809
1767	8.21987
1768	8.33279
1769	8.40173
1770	8.39589
1771	8.33581
1772	8.25552
1773	8.16047
1774	8.05127
1775	7.94302
1776	7.84159
1777	7.74095
1778	7.63692
1779	7.54585
1780	7.48977
1781	7.43821
1782	7.32555
1783	7.13465
1784	6.91366
1785	6.71018
1786	6.57024
1787	6.52844
1788	6.58258
1789	6.68704
1790	6.80255
1791	6.92492
1792	7.06738
1793	7.21605
1794	7.31506
1795	7.34155
1796	7.32809
1797	7.26749
1798	7.12304
1799	6.92754
1800	6.74691
1801	6.59914
1802	6.47599
1803	6.38032
1804	6.31939
1805	6.28452
1806	6.24985
1807	6.19149
1808	6.07197
1809	5.83294
1810	5.46228
1811	5.03767
1812	4.67149
1813	4.44011
1814	4.37540
1815	4.45974
1816	4.59580
1817	4.66228
1818	4.62430
1819	4.52562
1820	4.38635
1821	4.20026
1822	4.00079
1823	3.86275
1824	3.78619
1825	3.71289
1826	3.60854
1827	3.45603
1828	3.22778
1829	2.90439
1830	2.55771
1831	2.35159
1832	2.34924
1833	2.42549
1834	2.45946
1835	2.46910
1836	2.49477
1837	2.50047
1838	2.42427
1839	2.26478
1840	2.03150
1841	1.72655
1842	1.39212
1843	1.09696
1844	0.87652
1845	0.78541
1846	0.90913
1847	1.23978
1848	1.67397
1849	2.06504
1850	2.18226
1851	1.86796
1852	1.30019
1853	0.82435
1854	0.55685
1855	0.43158
1856	0.55918
1857	1.20165
1858	2.32620
1859	3.55514
1860	4.56095
1861	5.32471
1862	5.99922
1863	6.67765
1864	7.35285
1865	7.94184
1866	8.31792
1867	8.43436
1868	8.36996
1869	8.24007
1870	8.12216
1871	8.03703
1872	7.98189
1873	7.95859
1874	7.94184
1875	7.89695
1876	7.85709
1877	7.86207
1878	7.85219
1879	7.77824
1880	7.70589
1881	7.68330
1882	7.65936
1883	7.58909
1884	7.48198
1885	7.33602
1886	7.12218
1887	6.83749
1888	6.51794
1889	6.23920
1890	6.05091
1891	5.96345
1892	5.98447
1893	6.12369
1894	6.35757
1895	6.62641
1896	6.87130
1897	7.06608
1898	7.22048
1899	7.31169
1900	7.25569
1901	7.03600
1902	6.74245
1903	6.46262
1904	6.24335
1905	6.09452
1906	5.99066
1907	5.89261
1908	5.76649
1909	5.62098
1910	5.49578
1911	5.37457
1912	5.18781
1913	4.93369
1914	4.72366
1915	4.67551
1916	4.78638
1917	4.94091
1918	5.03189
1919	5.01037
1920	4.87957
1921	4.73554
1922	4.68665
1923	4.69883
1924	4.69448
1925	4.67693
1926	4.67134
1927	4.64616
1928	4.55257
1929	4.34874
1930	4.01151
1931	3.57464
1932	3.15133
1933	2.87469
1934	2.79813
1935	2.86216
1936	2.92807
1937	2.89456
1938	2.80758
1939	2.75913
1940	2.74933
1941	2.72954
1942	2.64639
1943	2.48010
1944	2.27785
1945	2.12086
1946	2.00420
1947	1.88502
1948	1.84496
1949	2.00154
1950	2.32438
1951	2.73810
1952	3.21401
1953	3.53542
1954	3.36948
1955	2.83180
1956	2.41025
1957	2.27070
1958	2.23307
1959	2.30206
1960	2.79651
1961	3.92870
1962	5.40574
1963	6.67732
1964	7.58227
1965	8.29845
1966	8.88065
1967	9.28503
1968	9.55505
1969	9.72700
1970	9.80762
1971	9.86056
1972	9.95489
1973	10.07834
1974	10.15030
1975	10.11640
1976	10.00384
1977	9.88249
1978	9.82716
1979	9.84711
1980	9.84062
1981	9.76683
1982	9.74980
1983	9.84361
1984	9.91729
1985	9.86742
1986	9.71883
1987	9.50071
1988	9.18274
1989	8.75676
1990	8.26252
1991	7.77140
1992	7.37466
1993	7.15742
1994	7.11936
1995	7.22282
1996	7.47935
1997	7.85187
1998	8.18336
1999	8.35892
2000	8.40491
2001	8.38285
2002	8.30334
2003	8.15507
2004	7.95346
2005	7.73270
2006	7.53556
2007	7.41137
2008	7.36410
2009	7.32862
2010	7.23424
2011	7.07006
2012	6.86534
2013	6.61393
2014	6.27710
2015	5.86319
2016	5.43456
2017	5.05503
2018	4.78649
2019	4.66805
2020	4.64191
2021	4.57783
2022	4.39016
2023	4.07888
2024	3.69355
2025	3.32515
2026	3.08204
2027	2.99794
2028	3.00427
2029	3.01155
2030	2.93810
2031	2.74981
2032	2.46943
2033	2.15732
2034	1.86955
2035	1.62542
2036	1.42305
2037	1.26892
2038	1.19676
2039	1.25257
2040	1.40593
2041	1.53970
2042	1.59691
2043	1.61089
2044	1.57027
2045	1.43788
2046	1.26963
2047	1.12608
2048	0.99682
2049	0.87694
2050	0.79566
2051	0.72025
2052	0.64635
2053	0.67243
2054	0.85874
2055	1.20964
2056	1.67115
2057	1.97548
2058	1.84484
2059	1.44711
2060	1.22953
2061	1.34530
2062	1.59673
2063	1.86128
2064	2.36714
2065	3.40780
2066	4.75131
2067	5.82978
2068	6.51197
2069	7.11405
2070	7.76035
2071	8.27624
2072	8.54742
2073	8.64242
2074	8.68031
2075	8.73605
2076	8.81936
2077	8.89552
2078	8.94104
2079	8.97253
2080	9.00595
2081	9.01680
2082	8.98193
2083	8.91767
2084	8.83140
2085	8.71192
2086	8.58152
2087	8.46313
2088	8.34141
2089	8.20622
2090	8.05633
2091	7.87926
2092	7.64944
2093	7.32375
2094	6.91482
2095	6.51300
2096	6.20853
2097	6.03227
2098	5.99831
2099	6.11257
2100	6.35627
2101	6.68645
2102	7.05537
2103	7.39954
2104	7.63989
2105	7.73083
2106	7.66392
2107	7.45672
2108	7.18003
2109	6.92977
2110	6.75179
2111	6.63881
2112	6.57573
2113	6.53537
2114	6.48362
2115	6.42116
2116	6.35499
2117	6.25410
2118	6.10010
2119	5.91176
2120	5.68575
2121	5.39554
2122	5.06927
2123	4.81883
2124	4.73077
2125	4.74001
2126	4.71112
2127	4.61519
2128	4.50889
2129	4.41614
2130	4.33639
2131	4.29029
2132	4.26067
2133	4.21446
2134	4.15299
2135	4.10556
2136	4.06928
2137	3.97697
2138	3.75707
2139	3.40917
2140	3.01387
2141	2.69263
2142	2.52764
2143	2.52222
2144	2.60391
2145	2.64806
2146	2.59759
2147	2.52198
2148	2.50018
2149	2.53160
2150	2.55345
2151	2.51911
2152	2.40455
2153	2.20043
2154	1.92361
2155	1.62790
2156	1.39118
2157	1.30973
2158	1.41617
2159	1.67212
2160	2.10127
2161	2.63519
2162	2.89346
2163	2.59547
2164	2.05215
2165	1.77783
2166	1.88994
2167	2.18921
2168	2.53030
2169	3.00496
2170	3.83645
2171	5.04822
2172	6.26309
2173	7.10134
2174	7.65753
2175	8.26398
2176	8.95400
2177	9.48978
2178	9.74549
2179	9.84010
2180	9.95701
2181	10.13770
2182	10.30168
2183	10.40827
2184	10.48969
2185	10.55758
2186	10.58177
2187	10.52427
2188	10.37164
2189	10.18208
2190	10.03415
2191	9.93512
2192	9.84455
2193	9.73174
2194	9.59895
2195	9.45184
2196	9.26028
2197	9.00959
2198	8.72336
2199	8.39431
2200	8.02575
2201	7.65369
2202	7.33041
2203	7.11436
2204	7.04599
2205	7.12085
2206	7.31652
2207	7.59699
2208	7.90187
2209	8.17599
2210	8.35950
2211	8.38852
2212	8.25603
2213	8.01812
2214	7.74016
2215	7.48107
2216	7.28845
2217	7.15637
2218	7.03815
2219	6.91182
2220	6.78028
2221	6.65017
2222	6.52759
2223	6.39354
2224	6.20763
2225	5.93449
2226	5.56113
2227	5.10854
2228	4.61465
2229	4.14295
2230	3.79936
2231	3.63674
2232	3.58048
2233	3.53075
2234	3.44036
2235	3.28196
2236	3.05900
2237	2.83513
2238	2.65864
2239	2.55033
2240	2.50975
2241	2.47629
2242	2.35502
2243	2.14415
2244	1.92964
2245	1.72562
2246	1.44730
2247	1.11152
2248	0.88702
2249	0.83865
2250	0.87152
2251	0.91781
2252	0.94393
2253	0.90914
2254	0.83019
2255	0.75746
2256	0.70990
2257	0.68336
2258	0.64400
2259	0.48053
2260	0.18025
2261	-0.05377
2262	-0.02321
2263	0.24076
2264	0.59504
2265	0.99146
2266	1.43612
2267	1.89338
2268	2.24778
2269	2.29180
2270	1.97410
2271	1.58838
2272	1.43115
2273	1.46686
2274	1.53629
2275	1.71052
2276	2.23994
2277	3.14295
2278	4.09473
2279	4.89708
2280	5.75925
2281	6.78426
2282	7.68935
2283	8.28496
2284	8.73608
2285	9.18367
2286	9.54348
2287	9.77127
2288	9.93973
2289	10.05275
2290	10.07538
2291	10.05552
2292	10.04574
2293	10.04440
2294	10.05107
2295	10.05351
2296	10.02875
2297	10.00443
2298	10.01401
2299	10.02144
2300	9.97381
2301	9.88705
2302	9.80322
2303	9.69309
2304	9.50030
2305	9.22439
2306	8.89061
2307	8.52738
2308	8.17057
2309	7.85005
2310	7.58420
2311	7.39996
2312	7.30441
2313	7.29121
2314	7.34004
2315	7.43372
2316	7.57111
2317	7.73422
2318	7.87313
2319	7.93047
2320	7.86845
2321	7.70066
2322	7.48762
2323	7.27890
2324	7.09211
2325	6.93450
2326	6.80399
2327	6.69090
2328	6.58480
2329	6.46651
2330	6.32602
2331	6.16784
2332	5.95388
2333	5.61087
2334	5.14854
2335	4.69329
2336	4.37079
2337	4.20246
2338	4.13097
2339	4.08867
2340	3.99770
2341	3.79304
2342	3.48951
2343	3.16068
2344	2.87569
2345	2.68193
2346	2.55788
2347	2.44363
2348	2.30380
2349	2.13668
2350	1.90939
2351	1.58646
2352	1.23873
2353	0.97157
2354	0.77884
2355	0.62239
2356	0.56729
2357	0.70149
2358	0.99506
2359	1.32348
2360	1.58127
2361	1.74792
2362	1.86758
2363	1.94837
2364	1.92760
2365	1.78058
2366	1.61418
2367	1.50602
2368	1.40429
2369	1.26301
2370	1.14547
2371	1.13554
2372	1.24790
2373	1.51347
2374	1.97948
2375	2.43328
2376	2.48933
2377	2.17431
2378	1.94615
2379	2.05837
2380	2.37993
2381	2.75730
2382	3.24363
2383	4.00880
2384	5.03611
2385	6.01658
2386	6.65188
2387	7.01240
2388	7.36605
2389	7.78914
2390	8.17645
2391	8.46732
2392	8.68168
2393	8.82270
2394	8.86753
2395	8.83757
2396	8.80001
2397	8.79518
2398	8.80062
2399	8.76668
2400	8.66687
2401	8.52691
2402	8.40372
2403	8.31170
2404	8.20582
2405	8.05563
2406	7.89486
2407	7.76425
2408	7.63322
2409	7.44174
2410	7.18515
2411	6.90843
2412	6.64361
2413	6.36192
2414	6.06472
2415	5.83514
2416	5.76054
2417	5.83606
2418	5.99329
2419	6.16925
2420	6.35149
2421	6.57090
2422	6.82276
2423	7.04629
2424	7.19197
2425	7.24164
2426	7.19391
2427	7.06295
2428	6.86902
2429	6.65266
2430	6.46292
2431	6.31928
2432	6.23844
2433	6.22111
2434	6.21861
2435	6.21006
2436	6.21716
2437	6.21177
2438	6.12334
2439	5.89803
2440	5.48927
2441	4.90172
2442	4.26501
2443	3.78409
2444	3.61131
2445	3.72306
2446	3.95816
2447	4.19591
2448	4.38495
2449	4.50464
2450	4.58048
2451	4.62866
2452	4.62611
2453	4.54992
2454	4.44969
2455	4.38441
2456	4.31993
2457	4.16697
2458	3.88529
2459	3.53023
2460	3.23123
2461	3.09170
2462	3.12519
2463	3.26234
2464	3.37364
2465	3.38240
2466	3.36242
2467	3.39622
2468	3.42858
2469	3.38622
2470	3.26362
2471	3.09260
2472	2.89826
2473	2.65141
2474	2.27399
2475	1.82379
2476	1.53605
2477	1.55681
2478	1.77627
2479	2.04120
2480	2.35763
2481	2.63393
2482	2.54752
2483	2.04994
2484	1.58109
2485	1.47733
2486	1.58865
2487	1.65096
2488	1.72103
2489	2.07259
2490	2.89273
2491	4.10083
2492	5.34818
2493	6.32296
2494	7.08435
2495	7.81702
2496	8.49638
2497	9.05432
2498	9.53285
2499	9.91641
2500	10.13101
2501	10.23138
2502	10.32627
2503	10.41393
2504	10.44976
2505	10.41044
2506	10.27570
2507	10.08698
2508	9.92255
2509	9.79177
2510	9.67983
2511	9.60059
2512	9.53219
2513	9.44023
2514	9.34369
2515	9.26687
2516	9.18373
2517	9.02328
2518	8.72693
2519	8.32009
2520	7.89716
2521	7.52206
2522	7.22090
2523	7.00764
2524	6.91545
2525	6.96993
2526	7.13705
2527	7.35031
2528	7.58681
2529	7.84377
2530	8.07338
2531	8.18710
2532	8.12689
2533	7.92935
2534	7.67917
2535	7.43566
2536	7.22937
2537	7.06736
2538	6.93527
2539	6.81621
2540	6.70122
2541	6.58544
2542	6.47806
2543	6.39141
2544	6.28472
2545	6.08741
2546	5.78958
2547	5.42397
2548	5.02230
2549	4.65169
2550	4.38657
2551	4.22279
2552	4.09494
2553	3.94067
2554	3.71192
2555	3.40616
2556	3.11461
2557	2.95588
2558	2.95283
2559	3.05790
2560	3.18836
2561	3.24189
2562	3.16808
2563	3.01108
2564	2.81438
2565	2.59065
2566	2.37523
2567	2.20112
2568	2.07899
2569	2.05612
2570	2.16701
2571	2.32602
2572	2.42340
2573	2.44262
2574	2.39478
2575	2.29333
2576	2.18731
2577	2.06759
2578	1.88391
2579	1.63755
2580	1.34734
2581	0.99188
2582	0.62750
2583	0.40971
2584	0.40720
2585	0.57630
2586	0.91810
2587	1.40799
2588	1.79161
2589	1.75385
2590	1.37286
2591	1.06071
2592	1.02464
2593	1.18620
2594	1.49292
2595	1.98596
2596	2.75230
2597	3.81018
2598	4.93081
2599	5.76735
2600	6.30386
2601	6.85514
2602	7.56576
2603	8.25837
2604	8.76245
2605	9.07171
2606	9.23877
2607	9.31213
2608	9.32714
2609	9.31112
2610	9.29351
2611	9.28217
2612	9.26265
2613	9.23538
2614	9.21584
2615	9.22264
2616	9.26951
2617	9.31721
2618	9.29017
2619	9.19029
2620	9.08035
2621	8.96574
2622	8.81539
2623	8.60806
2624	8.31406
2625	7.93155
2626	7.49635
2627	7.04384
2628	6.60336
2629	6.24555
2630	6.05824
2631	6.07956
2632	6.24671
2633	6.48131
2634	6.76578
2635	7.08792
2636	7.40610
2637	7.66875
2638	7.82921
2639	7.86345
2640	7.76926
2641	7.58064
2642	7.37212
2643	7.21103
2644	7.13126
2645	7.11793
2646	7.11216
2647	7.07390
2648	6.99163
2649	6.84797
2650	6.66104
2651	6.47227
2652	6.21111
2653	5.74493
2654	5.12129
2655	4.55838
2656	4.20594
2657	4.06777
2658	4.06917
2659	4.09934
2660	4.07273
2661	3.97940
2662	3.85299
2663	3.73328
2664	3.64439
2665	3.54278
2666	3.39118
2667	3.21778
2668	3.06341
2669	2.91296
2670	2.72097
2671	2.45900
2672	2.13105
2673	1.78986
2674	1.51671
2675	1.37866
2676	1.39862
2677	1.52773
2678	1.66959
2679	1.75040
2680	1.79540
2681	1.89194
2682	2.00180
2683	1.98370
2684	1.82298
2685	1.65557
2686	1.56035
2687	1.48903
2688	1.36207
2689	1.20543
2690	1.12078
2691	1.13968
2692	1.25092
2693	1.55280
2694	2.07365
2695	2.42278
2696	2.18212
2697	1.65663
2698	1.50715
2699	1.82133
2700	2.25436
2701	2.67773
2702	3.19563
2703	3.91988
2704	4.91560
2705	6.01112
2706	6.88804
2707	7.51089
2708	8.10712
2709	8.74970
2710	9.30980
2711	9.67815
2712	9.86916
2713	9.99527
2714	10.14635
2715	10.30998
2716	10.43225
2717	10.51743
2718	10.60537
2719	10.66066
2720	10.61489
2721	10.51788
2722	10.49773
2723	10.56482
2724	10.59351
2725	10.52470
2726	10.42730
2727	10.34892
2728	10.25246
2729	10.09165
2730	9.87162
2731	9.59380
2732	9.21663
2733	8.74371
2734	8.25546
2735	7.82951
2736	7.52219
2737	7.37142
2738	7.41926
2739	7.62071
2740	7.83896
2741	8.02394
2742	8.22217
2743	8.42413
2744	8.55186
2745	8.54507
2746	8.39957
2747	8.16841
2748	7.93433
2749	7.74588
2750	7.59100
2751	7.44946
2752	7.32955
2753	7.22847
2754	7.11829
2755	6.98808
2756	6.85542
2757	6.73158
2758	6.57252
2759	6.28689
2760	5.84644
2761	5.35593
2762	4.96571
2763	4.75174
2764	4.69174
2765	4.71173
2766	4.73069
2767	4.68775
2768	4.56815
2769	4.40328
2770	4.22756
2771	4.05744
2772	3.88183
2773	3.70918
2774	3.56900
2775	3.47047
2776	3.37042
2777	3.20863
2778	2.97516
2779	2.72869
2780	2.55252
2781	2.48999
2782	2.53934
2783	2.66140
2784	2.75831
2785	2.78234
2786	2.81191
2787	2.88753
2788	2.92093
2789	2.81668
2790	2.59614
2791	2.33171
2792	2.05038
2793	1.70157
2794	1.26779
2795	0.88820
2796	0.71836
2797	0.72893
2798	0.85682
2799	1.17813
2800	1.61330
2801	1.71987
2802	1.25072
2803	0.64905
2804	0.46373
2805	0.67002
2806	0.94782
2807	1.19816
2808	1.57287
2809	2.28665
2810	3.36454
2811	4.52911
2812	5.49282
2813	6.28222
2814	7.04629
2815	7.78840
2816	8.44314
2817	8.99920
2818	9.43207
2819	9.69188
2820	9.79473
2821	9.80337
2822	9.77113
2823	9.73509
2824	9.71542
2825	9.72068
2826	9.73145
2827	9.71385
2828	9.69302
2829	9.71444
2830	9.71786
2831	9.60944
2832	9.42263
2833	9.23995
2834	9.05402
2835	8.83148
2836	8.57777
2837	8.26981
2838	7.86778
2839	7.39986
2840	6.94302
2841	6.54444
2842	6.23709
2843	6.06713
2844	6.09437
2845	6.27889
2846	6.49462
2847	6.71210
2848	6.98251
2849	7.28049
2850	7.50281
2851	7.56347
2852	7.45054
2853	7.22292
2854	6.97334
2855	6.77994
2856	6.67414
2857	6.64757
2858	6.66534
2859	6.67116
2860	6.61274
2861	6.48228
2862	6.31840
2863	6.14899
2864	5.94893
2865	5.66916
2866	5.30077
2867	4.92766
2868	4.68872
2869	4.62589
2870	4.64125
2871	4.64506
2872	4.61509
2873	4.52471
2874	4.35556
2875	4.14415
2876	3.94377
2877	3.76347
2878	3.61469
2879	3.47989
2880	3.29553
2881	3.05370
2882	2.79955
2883	2.50962
2884	2.13285
2885	1.73020
2886	1.42696
2887	1.27819
2888	1.27914
2889	1.38814
2890	1.49450
2891	1.51916
2892	1.52015
2893	1.55896
2894	1.58216
2895	1.54220
2896	1.47259
2897	1.41706
2898	1.34796
2899	1.22142
2900	1.02486
2901	0.83779
2902	0.82818
2903	1.03872
2904	1.33876
2905	1.67548
2906	2.06305
2907	2.28627
2908	2.05323
2909	1.53190
2910	1.22948
2911	1.29317
2912	1.43158
2913	1.51463
2914	1.81191
2915	2.61504
2916	3.84836
2917	5.09181
2918	6.09181
2919	6.96124
2920	7.78626
2921	8.46670
2922	8.95072
2923	9.26962
2924	9.43214
2925	9.46038
2926	9.41738
2927	9.35600
2928	9.30063
2929	9.25242
2930	9.20510
2931	9.16342
2932	9.13679
2933	9.14075
2934	9.17811
2935	9.22496
2936	9.28060
2937	9.34302
2938	9.33881
2939	9.24012
2940	9.15237
2941	9.11955
2942	9.03498
2943	8.81487
2944	8.47073
2945	8.05892
2946	7.64483
2947	7.29970
2948	7.05793
2949	6.91249
2950	6.83569
2951	6.81939
2952	6.86017
2953	6.93454
2954	7.04852
2955	7.21902
2956	7.38646
2957	7.46202
2958	7.42611
2959	7.31899
2960	7.18218
2961	7.04011
2962	6.92016
2963	6.84042
2964	6.77870
2965	6.71734
2966	6.68826
2967	6.69734
2968	6.66966
2969	6.53949
2970	6.30984
2971	5.99334
2972	5.58438
2973	5.10435
2974	4.63608
2975	4.29597
2976	4.14874
2977	4.14756
2978	4.17296
2979	4.13902
2980	4.03898
2981	3.88820
2982	3.69125
2983	3.48022
2984	3.28460
2985	3.13227
2986	3.05411
2987	3.05185
2988	3.07608
2989	3.06254
2990	2.96670
2991	2.78607
2992	2.57135
2993	2.40267
2994	2.34873
2995	2.42958
2996	2.61189
2997	2.82454
2998	2.96515
2999	2.98042
3000	2.91605
3001	2.79867
3002	2.60925
3003	2.41056
3004	2.22652
3005	1.95960
3006	1.56886
3007	1.12368
3008	0.70576
3009	0.43477
3010	0.40707
3011	0.59633
3012	0.98002
3013	1.50010
3014	1.85363
3015	1.74697
3016	1.33978
3017	1.07301
3018	1.15856
3019	1.51092
3020	1.99929
3021	2.56976
3022	3.29735
3023	4.29627
3024	5.42708
3025	6.31127
3026	6.86839
3027	7.40417
3028	8.06823
3029	8.68117
3030	9.07001
3031	9.25083
3032	9.33247
3033	9.38239
3034	9.41024
3035	9.43248
3036	9.47279
3037	9.50541
3038	9.49679
3039	9.47844
3040	9.46335
3041	9.38815
3042	9.27143
3043	9.22573
3044	9.24516
3045	9.24094
3046	9.19209
3047	9.09216
3048	8.94061
3049	8.78724
3050	8.64368
3051	8.45576
3052	8.20473
3053	7.91268
3054	7.61520
3055	7.34568
3056	7.16733
3057	7.13682
3058	7.21462
3059	7.30519
3060	7.37668
3061	7.44620
3062	7.51882
3063	7.58362
3064	7.60098
3065	7.51718
3066	7.32474
3067	7.06572
3068	6.78909
3069	6.54049
3070	6.34514
3071	6.17799
3072	5.99192
3073	5.78007
3074	5.58544
3075	5.46302
3076	5.43817
3077	5.47026
3078	5.46512
3079	5.34900
3080	5.12265
3081	4.83132
3082	4.53197
3083	4.31258
3084	4.22742
3085	4.21160
3086	4.16192
3087	4.04144
3088	3.87182
3089	3.67856
3090	3.45739
3091	3.24406
3092	3.10848
3093	3.04699
3094	2.98032
3095	2.88476
3096	2.75910
3097	2.56997
3098	2.31378
3099	2.00119
3100	1.66759
3101	1.44020
3102	1.40744
3103	1.51510
3104	1.68381
3105	1.84606
3106	1.92876
3107	1.95040
3108	2.02333
3109	2.17360
3110	2.19116
3111	1.92454
3112	1.54337
3113	1.25892
3114	1.08016
3115	0.97415
3116	0.97207
3117	1.06400
3118	1.22646
3119	1.57828
3120	2.15808
3121	2.57479
3122	2.42151
3123	1.93741
3124	1.68375
3125	1.78736
3126	1.97758
3127	2.17229
3128	2.65105
3129	3.65484
3130	4.98125
3131	6.15607
3132	6.94594
3133	7.50453
3134	7.98586
3135	8.35606
3136	8.60319
3137	8.77986
3138	8.88319
3139	8.90454
3140	8.89016
3141	8.89671
3142	8.94622
3143	8.99046
3144	8.99791
3145	9.05464
3146	9.20503
3147	9.34438
3148	9.37485
3149	9.31145
3150	9.23707
3151	9.19710
3152	9.16302
3153	9.10082
3154	9.00388
3155	8.87777
3156	8.71101
3157	8.47456
3158	8.15857
3159	7.80072
3160	7.43832
3161	7.10744
3162	6.84402
3163	6.67960
3164	6.65216
3165	6.76860
3166	6.96718
3167	7.18176
3168	7.37838
3169	7.52201
3170	7.58918
3171	7.57658
3172	7.45162
3173	7.19919
3174	6.91248
3175	6.69286
3176	6.53899
3177	6.40996
3178	6.27461
3179	6.11099
3180	5.93982
3181	5.81772
3182	5.76992
3183	5.77100
3184	5.78722
3185	5.77442
3186	5.65352
3187	5.38639
3188	5.06525
3189	4.84180
3190	4.76352
3191	4.74309
3192	4.69276
3193	4.60639
3194	4.51073
3195	4.41745
3196	4.33780
3197	4.27668
3198	4.21648
3199	4.14959
3200	4.13023
3201	4.17605
3202	4.21509
3203	4.14989
3204	3.93891
3205	3.65165
3206	3.39909
3207	3.21391
3208	3.09615
3209	3.08214
3210	3.15976
3211	3.21960
3212	3.16303
3213	3.01281
3214	2.87222
3215	2.80276
3216	2.69827
3217	2.41671
3218	2.00721
3219	1.59793
3220	1.21321
3221	0.94242
3222	0.96028
3223	1.28922
3224	1.84640
3225	2.51796
3226	2.99430
3227	2.94049
3228	2.45988
3229	1.96053
3230	1.61302
3231	1.37086
3232	1.36645
3233	1.92031
3234	3.09441
3235	4.45352
3236	5.52200
3237	6.24720
3238	6.86145
3239	7.50500
3240	8.15167
3241	8.68835
3242	8.99026
3243	9.05992
3244	9.03688
3245	9.01685
3246	8.99572
3247	8.97996
3248	8.98641
3249	8.99861
3250	9.02134
3251	9.06356
3252	9.10182
3253	9.11544
3254	9.06984
3255	8.96877
3256	8.89285
3257	8.84883
3258	8.77022
3259	8.65965
3260	8.54581
3261	8.40271
3262	8.17160
3263	7.82539
3264	7.42147
3265	7.04407
3266	6.74620
3267	6.52493
3268	6.38464
3269	6.36395
3270	6.44271
3271	6.53730
3272	6.64432
3273	6.84728
3274	7.17422
3275	7.52523
3276	7.74801
3277	7.76889
3278	7.62115
3279	7.37926
3280	7.11142
3281	6.87597
3282	6.71918
3283	6.64491
3284	6.60130
3285	6.52458
3286	6.40055
3287	6.28717
3288	6.23058
3289	6.12864
3290	5.81865
3291	5.32994
3292	4.84964
3293	4.48847
3294	4.25294
3295	4.12343
3296	4.05294
3297	3.96626
3298	3.80577
3299	3.58060
3300	3.37493
3301	3.27484
3302	3.28089
3303	3.31250
3304	3.33162
3305	3.34435
3306	3.32882
3307	3.24396
3308	3.08426
3309	2.87903
3310	2.65683
3311	2.43312
3312	2.26527
3313	2.26966
3314	2.46465
3315	2.68904
3316	2.79963
3317	2.81996
3318	2.84262
3319	2.89124
3320	2.88598
3321	2.75076
3322	2.54784
3323	2.35849
3324	2.19498
3325	2.05323
3326	1.91781
3327	1.76242
3328	1.61307
3329	1.57314
3330	1.80356
3331	2.34545
3332	2.84003
3333	2.79919
3334	2.35038
3335	2.14420
3336	2.43292
3337	2.92559
3338	3.40635
3339	3.91981
3340	4.57361
3341	5.43264
3342	6.36696
3343	7.10280
3344	7.54099
3345	7.87256
3346	8.29432
3347	8.77645
3348	9.15386
3349	9.34829
3350	9.44790
3351	9.55150
3352	9.65289
3353	9.72154
3354	9.77247
3355	9.82471
3356	9.85727
3357	9.83775
3358	9.77195
3359	9.68473
3360	9.57885
3361	9.46899
3362	9.37044
3363	9.24606
3364	9.08870
3365	8.93831
3366	8.76344
3367	8.50567
3368	8.17423
3369	7.79925
3370	7.40035
3371	7.01368
3372	6.67899
3373	6.44862
3374	6.36033
3375	6.42612
3376	6.59771
3377	6.78138
3378	6.94894
3379	7.16670
3380	7.46319
3381	7.73609
3382	7.84286
3383	7.75354
3384	7.55590
3385	7.34436
3386	7.17655
3387	7.08417
3388	7.06202
3389	7.07913
3390	7.10777
3391	7.12939
3392	7.13413
3393	7.10303
3394	6.97905
3395	6.69216
3396	6.22320
3397	5.63945
3398	5.09562
3399	4.73646
3400	4.56926
3401	4.50858
3402	4.47080
3403	4.37696
3404	4.19141
3405	3.94511
3406	3.67031
3407	3.34023
3408	2.94138
3409	2.51091
3410	2.09021
3411	1.67279
3412	1.23920
3413	0.82791
3414	0.48347
3415	0.16682
3416	-0.13360
3417	-0.30999
3418	-0.28694
3419	-0.13826
3420	0.02115
3421	0.18819
3422	0.41922
3423	0.67276
3424	0.83782
3425	0.87337
3426	0.82258
3427	0.77626
3428	0.77347
3429	0.77631
3430	0.77747
3431	0.86734
3432	1.13120
3433	1.52278
3434	1.88545
3435	2.15113
3436	2.42278
3437	2.67786
3438	2.61282
3439	2.17582
3440	1.84316
3441	1.96013
3442	2.34948
3443	2.72286
3444	3.01818
3445	3.32324
3446	3.76663
3447	4.46096
3448	5.34849
3449	6.12163
3450	6.59194
3451	6.93056
3452	7.34260
3453	7.76613
3454	8.05007
3455	8.20816
3456	8.34373
3457	8.46647
3458	8.55635
3459	8.65601
3460	8.79658
3461	8.96908
3462	9.16085
3463	9.33730
3464	9.44512
3465	9.47121
3466	9.43777
3467	9.38555
3468	9.37951
3469	9.39843
3470	9.33115
3471	9.15934
3472	8.96040
3473	8.77075
3474	8.55510
3475	8.26907
3476	7.92534
3477	7.58598
3478	7.29389
3479	7.07472
3480	6.93747
3481	6.90128
3482	6.97832
3483	7.12397
3484	7.27067
3485	7.41378
3486	7.58340
3487	7.76327
3488	7.89999
3489	7.94933
3490	7.89750
3491	7.75894
3492	7.57456
3493	7.41516
3494	7.32139
3495	7.24607
3496	7.12045
3497	6.93030
3498	6.69787
3499	6.45174
3500	6.22015
3501	6.02644
3502	5.87645
3503	5.72152
3504	5.46601
3505	5.07114
3506	4.62833
3507	4.28926
3508	4.12516
3509	4.07363
3510	4.03099
3511	3.94080
3512	3.77312
3513	3.50462
3514	3.18469
3515	2.93368
3516	2.77603
3517	2.60816
3518	2.38529
3519	2.17052
3520	1.97746
3521	1.76738
3522	1.51968
3523	1.23801
3524	0.93117
3525	0.62765
3526	0.38924
3527	0.29092
3528	0.37315
3529	0.59937
3530	0.87364
3531	1.12292
3532	1.33000
3533	1.49095
3534	1.61680
3535	1.76069
3536	1.88706
3537	1.83739
3538	1.55932
3539	1.19289
3540	0.86268
3541	0.66958
3542	0.71880
3543	0.97129
3544	1.30597
3545	1.70291
3546	2.09257
3547	2.19751
3548	1.87968
3549	1.43419
3550	1.19213
3551	1.16830
3552	1.28548
3553	1.55626
3554	2.02675
3555	2.73786
3556	3.64174
3557	4.58287
3558	5.44930
3559	6.25754
3560	6.99565
3561	7.58923
3562	8.02282
3563	8.34616
3564	8.58350
3565	8.74746
3566	8.87336
3567	8.96762
3568	9.02033
3569	9.02718
3570	8.97414
3571	8.88578
3572	8.81131
3573	8.76063
3574	8.74334
3575	8.77701
3576	8.80537
3577	8.75696
3578	8.67122
3579	8.61701
3580	8.58680
3581	8.56013
3582	8.53059
3583	8.45263
3584	8.29208
3585	8.07147
3586	7.83762
3587	7.61184
3588	7.41338
3589	7.26852
3590	7.20045
3591	7.19405
3592	7.20967
3593	7.24482
3594	7.31373
3595	7.40701
3596	7.51365
3597	7.62471
3598	7.69916
3599	7.66102
3600	7.47753
3601	7.21913
3602	6.99100
3603	6.82409
3604	6.67534
3605	6.51222
3606	6.32536
3607	6.09749
3608	5.83505
3609	5.57530
3610	5.34746
3611	5.19117
3612	5.13382
3613	5.06573
3614	4.81102
3615	4.39184
3616	4.01560
3617	3.81247
3618	3.74176
3619	3.70293
3620	3.64129
3621	3.55593
3622	3.47027
3623	3.41130
3624	3.38320
3625	3.37535
3626	3.38896
3627	3.41849
3628	3.41907
3629	3.38987
3630	3.35358
3631	3.26792
3632	3.08129
3633	2.82164
3634	2.55795
3635	2.37002
3636	2.32997
3637	2.41654
3638	2.53551
3639	2.63684
3640	2.70183
3641	2.68661
3642	2.60389
3643	2.57064
3644	2.62702
3645	2.60058
3646	2.37133
3647	2.04655
3648	1.74474
3649	1.41636
3650	1.01657
3651	0.69714
3652	0.64187
3653	0.83486
3654	1.20848
3655	1.72474
3656	2.12614
3657	2.11396
3658	1.84884
3659	1.73042
3660	1.85336
3661	2.09014
3662	2.37619
3663	2.75724
3664	3.34029
3665	4.14837
3666	5.01078
3667	5.79882
3668	6.56528
3669	7.33771
3670	7.99804
3671	8.45735
3672	8.77901
3673	9.05365
3674	9.26696
3675	9.37801
3676	9.40929
3677	9.39606
3678	9.35819
3679	9.33733
3680	9.35599
3681	9.35143
3682	9.27189
3683	9.18459
3684	9.17110
3685	9.19954
3686	9.17563
3687	9.08210
3688	8.99073
3689	8.92651
3690	8.82584
3691	8.63659
3692	8.39182
3693	8.15438
3694	7.93742
3695	7.74068
3696	7.58103
3697	7.46369
3698	7.38441
3699	7.34958
3700	7.35796
3701	7.38982
3702	7.39153
3703	7.31842
3704	7.17268
3705	7.02637
3706	6.95121
3707	6.92121
3708	6.84897
3709	6.68779
3710	6.47541
3711	6.28779
3712	6.15007
3713	6.01680
3714	5.83209
3715	5.59417
3716	5.36811
3717	5.22981
3718	5.19743
3719	5.22420
3720	5.25018
3721	5.25469
3722	5.23492
3723	5.12041
3724	4.80878
3725	4.34289
3726	3.91970
3727	3.67529
3728	3.56520
3729	3.46633
3730	3.32655
3731	3.17894
3732	3.03455
3733	2.87921
3734	2.74829
3735	2.66373
3736	2.56966
3737	2.44741
3738	2.30808
3739	2.14034
3740	1.93126
3741	1.66350
3742	1.32095
3743	0.93090
3744	0.56918
3745	0.33353
3746	0.29160
3747	0.41045
3748	0.57232
3749	0.68401
3750	0.75514
3751	0.86620
3752	1.03511
3753	1.14587
3754	1.11180
3755	0.96069
3756	0.74839
3757	0.49651
3758	0.21347
3759	-0.07910
3760	-0.27868
3761	-0.25884
3762	-0.05594
3763	0.21478
3764	0.59808
3765	1.11188
3766	1.42392
3767	1.23286
3768	0.85718
3769	0.86204
3770	1.31922
3771	1.91761
3772	2.50699
3773	3.15835
3774	3.95563
3775	4.88508
3776	5.79864
3777	6.55056
3778	7.19693
3779	7.82569
3780	8.35551
3781	8.69564
3782	8.87638
3783	8.99019
3784	9.13627
3785	9.35015
3786	9.58905
3787	9.80070
3788	9.96185
3789	10.07737
3790	10.16913
3791	10.25394
3792	10.32129
3793	10.35037
3794	10.34291
3795	10.30370
3796	10.22812
3797	10.12302
3798	9.99806
3799	9.85114
3800	9.67509
3801	9.45309
3802	9.16250
3803	8.81797
3804	8.47184
3805	8.16947
3806	7.94129
3807	7.83884
3808	7.87867
3809	8.01862
3810	8.20758
3811	8.43350
3812	8.69165
3813	8.95541
3814	9.17220
3815	9.26108
3816	9.18029
3817	8.98735
3818	8.77737
3819	8.60931
3820	8.50658
3821	8.45606
3822	8.41399
3823	8.34772
3824	8.23945
3825	8.07928
3826	7.87267
3827	7.60571
3828	7.24749
3829	6.81379
3830	6.37259
3831	6.01487
3832	5.84004
3833	5.87190
3834	5.98515
3835	6.01510
3836	5.88243
3837	5.58315
3838	5.18271
3839	4.78282
3840	4.43859
3841	4.14422
3842	3.90581
3843	3.72805
3844	3.58457
3845	3.40471
3846	3.12663
3847	2.77752
3848	2.42716
3849	2.09867
3850	1.82124
3851	1.69348
3852	1.77434
3853	1.94966
3854	2.01954
3855	1.93670
3856	1.84100
3857	1.83392
3858	1.84000
3859	1.76439
3860	1.63869
3861	1.50674
3862	1.32528
3863	1.09317
3864	0.88053
3865	0.78584
3866	0.85623
3867	1.00609
3868	1.18056
3869	1.49890
3870	1.91188
3871	1.96925
3872	1.45961
3873	0.92612
3874	0.92817
3875	1.32067
3876	1.66831
3877	1.87213
3878	2.17751
3879	2.84304
3880	3.89551
3881	5.05442
3882	6.04144
3883	6.87080
3884	7.63449
3885	8.27788
3886	8.80193
3887	9.33436
3888	9.86759
3889	10.22988
3890	10.36836
3891	10.40705
3892	10.41920
3893	10.36890
3894	10.27190
3895	10.21145
3896	10.20246
3897	10.18876
3898	10.14525
3899	10.11403
3900	10.14734
3901	10.19656
3902	10.15948
3903	10.04502
3904	9.92167
3905	9.80030
3906	9.65369
3907	9.42428
3908	9.05521
3909	8.57087
3910	8.06990
3911	7.64697
3912	7.37667
3913	7.27978
3914	7.33479
3915	7.50025
3916	7.73178
3917	7.98645
3918	8.21607
3919	8.35470
3920	8.34169
3921	8.18549
3922	7.95859
3923	7.73213
3924	7.54335
3925	7.39657
3926	7.27700
3927	7.16563
3928	7.05483
3929	6.93601
3930	6.77972
3931	6.58073
3932	6.39253
3933	6.22962
3934	5.99558
3935	5.62049
3936	5.17733
3937	4.78336
3938	4.49295
3939	4.30359
3940	4.17895
3941	4.06655
3942	3.91265
3943	3.68067
3944	3.38855
3945	3.11128
3946	2.92067
3947	2.82420
3948	2.76348
3949	2.72159
3950	2.68930
3951	2.60082
3952	2.40804
3953	2.11356
3954	1.75298
3955	1.40656
3956	1.12067
3957	0.90069
3958	0.80620
3959	0.86270
3960	0.96802
3961	1.00187
3962	0.94222
3963	0.85153
3964	0.75663
3965	0.62464
3966	0.47962
3967	0.40837
3968	0.37865
3969	0.28175
3970	0.14288
3971	0.10242
3972	0.21729
3973	0.44880
3974	0.76753
3975	1.17994
3976	1.64166
3977	1.87224
3978	1.60145
3979	1.02327
3980	0.66011
3981	0.77037
3982	1.17964
3983	1.58597
3984	1.91445
3985	2.36240
3986	3.15201
3987	4.21401
3988	5.22511
3989	6.00811
3990	6.66120
3991	7.24019
3992	7.66850
3993	7.92250
3994	8.12705
3995	8.40615
3996	8.71441
3997	8.95241
3998	9.11702
3999	9.23301
4000	9.30310
4001	9.34712
4002	9.36988
4003	9.34768
4004	9.28326
4005	9.21576
4006	9.18568
4007	9.17647
4008	9.12993
4009	9.04403
4010	8.95314
4011	8.84009
4012	8.68191
4013	8.50587
4014	8.30714
4015	8.04727
4016	7.76074
4017	7.50659
4018	7.28503
4019	7.13274
4020	7.11498
4021	7.23144
4022	7.40213
4023	7.56534
4024	7.72670
4025	7.91008
4026	8.09321
4027	8.18584
4028	8.11891
4029	7.93563
4030	7.72559
4031	7.53997
4032	7.40474
4033	7.32400
4034	7.25681
4035	7.15820
4036	7.02862
4037	6.87574
4038	6.68686
4039	6.48560
4040	6.33376
4041	6.22515
4042	6.05045
4043	5.73778
4044	5.32985
4045	4.89544
4046	4.50725
4047	4.24018
4048	4.09400
4049	3.99866
4050	3.88647
4051	3.71378
4052	3.46918
4053	3.19880
4054	2.98053
4055	2.85227
4056	2.75752
4057	2.64767
4058	2.56055
4059	2.53527
4060	2.49927
4061	2.36526
4062	2.15983
4063	1.94759
4064	1.75610
4065	1.63660
4066	1.65667
4067	1.78819
4068	1.93019
4069	2.05063
4070	2.17170
4071	2.26513
4072	2.27857
4073	2.21085
4074	2.11754
4075	2.06444
4076	1.98162
4077	1.73161
4078	1.35693
4079	1.06992
4080	0.97231
4081	0.98744
4082	1.07680
4083	1.33564
4084	1.77510
4085	2.07341
4086	1.85797
4087	1.29598
4088	0.95144
4089	1.07440
4090	1.47280
4091	1.93248
4092	2.44898
4093	3.19326
4094	4.33234
4095	5.66086
4096	6.70600
4097	7.34347
4098	7.88579
4099	8.51272
4100	9.07912
4101	9.43270
4102	9.61760
4103	9.75971
4104	9.90292
4105	10.03883
4106	10.17288
4107	10.28350
4108	10.33104
4109	10.31592
4110	10.25237
4111	10.15189
4112	10.03102
4113	9.90320
4114	9.79820
4115	9.72970
4116	9.65937
4117	9.54491
4118	9.37755
4119	9.18573
4120	8.98430
4121	8.71301
4122	8.31911
4123	7.86144
4124	7.43761
4125	7.11867
4126	6.94638
4127	6.95889
4128	7.13785
4129	7.39878
4130	7.70613
4131	8.09409
4132	8.52249
4133	8.85872
4134	9.00542
4135	8.94521
4136	8.73872
4137	8.50329
4138	8.31362
4139	8.16598
4140	8.04928
4141	7.95400
4142	7.84166
4143	7.69356
4144	7.54232
4145	7.42432
4146	7.34581
4147	7.28779
4148	7.21649
4149	7.08784
4150	6.86711
4151	6.56981
4152	6.27684
4153	6.08559
4154	6.00574
4155	5.93916
4156	5.81402
4157	5.63897
4158	5.42850
4159	5.18902
4160	4.93606
4161	4.68610
4162	4.47689
4163	4.32434
4164	4.20652
4165	4.09735
4166	3.98000
4167	3.79086
4168	3.46017
4169	3.02737
4170	2.61816
4171	2.36349
4172	2.33089
4173	2.43996
4174	2.52828
4175	2.51924
4176	2.47600
4177	2.48696
4178	2.50382
4179	2.41428
4180	2.24131
4181	2.01004
4182	1.68617
4183	1.31036
4184	0.95219
4185	0.69305
4186	0.67258
4187	0.89988
4188	1.24250
4189	1.63775
4190	1.93637
4191	1.81251
4192	1.24974
4193	0.70345
4194	0.50763
4195	0.54976
4196	0.64972
4197	0.95010
4198	1.75429
4199	3.02791
4200	4.36172
4201	5.47284
4202	6.47255
4203	7.48409
4204	8.36378
4205	8.96744
4206	9.35746
4207	9.61612
4208	9.72201
4209	9.67438
4210	9.54626
4211	9.43140
4212	9.39348
4213	9.42555
4214	9.48005
4215	9.50978
4216	9.51006
4217	9.55784
4218	9.70685
4219	9.88568
4220	9.99675
4221	10.04809
4222	10.11089
4223	10.16249
4224	10.10050
4225	9.91073
4226	9.63368
4227	9.23005
4228	8.70225
4229	8.15686
4230	7.70260
4231	7.39805
4232	7.27516
4233	7.33475
4234	7.53554
4235	7.79803
4236	8.05491
4237	8.28782
4238	8.46675
4239	8.53437
4240	8.45791
4241	8.23385
4242	7.90502
4243	7.56618
4244	7.29556
4245	7.11438
4246	7.00277
4247	6.89958
4248	6.73207
4249	6.49145
4250	6.24037
4251	6.04246
4252	5.90583
4253	5.78391
4254	5.62083
4255	5.38587
4256	5.06844
4257	4.68011
4258	4.27943
4259	3.94870
4260	3.71640
4261	3.54536
4262	3.39203
4263	3.22199
4264	3.00725
4265	2.76659
4266	2.57410
4267	2.47703
4268	2.43905
4269	2.40719
4270	2.38260
4271	2.35155
4272	2.26088
4273	2.05778
4274	1.76128
4275	1.45533
4276	1.19256
4277	0.96296
4278	0.76346
4279	0.63318
4280	0.61001
4281	0.68560
4282	0.78343
4283	0.81212
4284	0.79104
4285	0.80059
4286	0.82479
4287	0.80518
4288	0.79492
4289	0.85139
4290	0.91140
4291	0.86360
4292	0.68153
4293	0.47114
4294	0.42504
4295	0.63065
4296	1.01602
4297	1.57681
4298	2.26747
4299	2.69808
4300	2.55938
4301	2.19129
4302	2.15075
4303	2.50147
4304	2.91275
4305	3.20735
4306	3.55733
4307	4.23588
4308	5.31058
4309	6.47326
4310	7.34735
4311	7.93266
4312	8.45181
4313	8.92934
4314	9.27322
4315	9.53126
4316	9.77862
4317	9.97079
4318	10.07834
4319	10.17037
4320	10.29718
4321	10.42495
4322	10.50712
4323	10.54492
4324	10.56591
4325	10.56847
4326	10.53748
4327	10.50869
4328	10.48882
4329	10.41232
4330	10.28686
4331	10.16085
4332	10.01003
4333	9.84051
4334	9.67309
4335	9.42855
4336	9.05578
4337	8.62346
4338	8.18828
4339	7.78559
4340	7.46871
4341	7.28433
4342	7.21984
4343	7.22222
4344	7.25388
4345	7.30523
4346	7.38202
4347	7.50881
4348	7.69735
4349	7.90099
4350	8.03436
4351	8.02985
4352	7.88783
4353	7.69690
4354	7.56113
4355	7.49902
4356	7.46697
4357	7.44422
4358	7.41963
4359	7.36516
4360	7.28670
4361	7.22234
4362	7.17436
4363	7.10338
4364	6.95389
4365	6.67053
4366	6.23420
4367	5.68590
4368	5.15149
4369	4.81310
4370	4.73216
4371	4.75651
4372	4.71013
4373	4.56047
4374	4.33530
4375	4.03514
4376	3.67894
4377	3.31841
4378	2.96762
4379	2.65143
4380	2.39442
4381	2.15914
4382	1.91119
4383	1.64937
4384	1.34813
4385	1.01472
4386	0.71053
4387	0.45266
4388	0.22847
4389	0.08569
4390	0.09599
4391	0.24386
4392	0.40425
4393	0.47258
4394	0.49243
4395	0.55971
4396	0.64029
4397	0.65447
4398	0.61761
4399	0.57268
4400	0.48695
4401	0.37525
4402	0.35180
4403	0.48353
4404	0.70100
4405	0.88438
4406	1.07001
4407	1.38400
4408	1.65331
4409	1.51642
4410	1.04581
4411	0.72966
4412	0.82180
4413	1.16427
4414	1.52140
4415	1.83708
4416	2.29098
4417	3.13031
4418	4.29182
4419	5.34303
4420	6.08693
4421	6.75869
4422	7.47465
4423	8.04861
4424	8.37435
4425	8.54979
4426	8.67971
4427	8.78598
4428	8.86991
4429	8.95367
4430	9.05153
4431	9.13977
4432	9.16344
4433	9.09905
4434	9.01203
4435	8.98201
4436	9.00057
4437	9.01317
4438	9.00296
4439	8.98559
4440	8.96923
4441	8.95174
4442	8.92066
4443	8.83442
4444	8.65478
4445	8.39293
4446	8.07568
4447	7.72538
4448	7.36485
4449	7.03119
4450	6.76683
4451	6.61956
4452	6.59356
4453	6.63605
4454	6.67876
4455	6.71190
4456	6.81849
4457	7.06122
4458	7.36709
4459	7.60235
4460	7.71049
4461	7.72097
4462	7.67254
4463	7.58272
4464	7.46524
4465	7.33571
4466	7.21543
4467	7.13030
4468	7.08016
4469	7.02423
4470	6.92287
4471	6.80163
4472	6.71182
4473	6.58037
4474	6.26815
4475	5.80608
4476	5.34710
4477	4.97535
4478	4.71967
4479	4.57875
4480	4.49674
4481	4.41301
4482	4.27510
4483	4.04906
4484	3.78632
4485	3.55945
4486	3.35619
4487	3.13303
4488	2.95162
4489	2.87320
4490	2.80891
4491	2.66126
4492	2.47758
4493	2.28712
4494	2.04647
4495	1.80639
4496	1.66913
4497	1.65848
4498	1.71967
4499	1.76084
4500	1.74921
4501	1.72753
4502	1.69652
4503	1.60014
4504	1.38752
4505	1.06718
4506	0.68798
4507	0.29668
4508	-0.09431
4509	-0.45868
4510	-0.72210
4511	-0.83339
4512	-0.81991
4513	-0.67432
4514	-0.28802
4515	0.24309
4516	0.49787
4517	0.25835
4518	-0.09109
4519	-0.06406
4520	0.33340
4521	0.82947
4522	1.31221
4523	1.87297
4524	2.67036
4525	3.68796
4526	4.62832
4527	5.31842
4528	5.92972
4529	6.62537
4530	7.31188
4531	7.83972
4532	8.20202
4533	8.47747
4534	8.70736
4535	8.86144
4536	8.92171
4537	8.95864
4538	9.03170
4539	9.09941
4540	9.11582
4541	9.09631
4542	9.07467
4543	9.09811
4544	9.20215
4545	9.34265
4546	9.42314
4547	9.40401
4548	9.31161
4549	9.16428
4550	8.98516
4551	8.79828
4552	8.56968
4553	8.25518
4554	7.87531
4555	7.48121
4556	7.13064
4557	6.86084
4558	6.71105
4559	6.70362
4560	6.78405
4561	6.87903
4562	6.99134
4563	7.13677
4564	7.28668
4565	7.43004
4566	7.57755
4567	7.69010
4568	7.70807
4569	7.64828
4570	7.58047
4571	7.53803
4572	7.51216
4573	7.48866
4574	7.46692
4575	7.46258
4576	7.47971
4577	7.47561
4578	7.39500
4579	7.25527
4580	7.08853
4581	6.80579
4582	6.33395
4583	5.79265
4584	5.34466
4585	5.04920
4586	4.90166
4587	4.84437
4588	4.79187
4589	4.71397
4590	4.61406
4591	4.47197
4592	4.26597
4593	4.01213
4594	3.74300
4595	3.50100
4596	3.30101
4597	3.11718
4598	2.90180
4599	2.62950
4600	2.31720
4601	1.99818
4602	1.71221
4603	1.51133
4604	1.42680
4605	1.44749
4606	1.55146
4607	1.70308
4608	1.84892
4609	1.98026
4610	2.11151
4611	2.21067
4612	2.25579
4613	2.23228
4614	2.09199
4615	1.80655
4616	1.44368
4617	1.10514
4618	0.83701
4619	0.64729
4620	0.59535
4621	0.76183
4622	1.13587
4623	1.60949
4624	1.96439
4625	1.97621
4626	1.76773
4627	1.71304
4628	1.90180
4629	2.15117
4630	2.42017
4631	2.88991
4632	3.71537
4633	4.76582
4634	5.69041
4635	6.39026
4636	7.08083
4637	7.82349
4638	8.40705
4639	8.70967
4640	8.84096
4641	8.94326
4642	9.05733
4643	9.16637
4644	9.23059
4645	9.21814
4646	9.16600
4647	9.10446
4648	9.00363
4649	8.88955
4650	8.82115
4651	8.77884
4652	8.71545
4653	8.63050
4654	8.56476
4655	8.53962
4656	8.50940
4657	8.41470
4658	8.24817
4659	8.04083
4660	7.81079
4661	7.55815
4662	7.29470
4663	7.02617
4664	6.77676
4665	6.57588
4666	6.45225
4667	6.42029
4668	6.43517
4669	6.42301
4670	6.37085
4671	6.31891
4672	6.30398
4673	6.36881
4674	6.55917
4675	6.81675
4676	6.98016
4677	6.97359
4678	6.86450
4679	6.74152
4680	6.62137
4681	6.47649
4682	6.31085
4683	6.13476
4684	5.96212
4685	5.86363
4686	5.88426
4687	5.97314
4688	6.03445
4689	5.98556
4690	5.80829
4691	5.53930
4692	5.18139
4693	4.72483
4694	4.26594
4695	3.93276
4696	3.73862
4697	3.63237
4698	3.58473
4699	3.57617
4700	3.57561
4701	3.56308
4702	3.54348
4703	3.49389
4704	3.37482
4705	3.19109
4706	3.00463
4707	2.83264
4708	2.63679
4709	2.41688
4710	2.21297
4711	2.03016
4712	1.88042
4713	1.83075
4714	1.90441
4715	2.04167
4716	2.18558
4717	2.29295
4718	2.32242
4719	2.28324
4720	2.19358
4721	2.02740
4722	1.82542
4723	1.66760
4724	1.54573
4725	1.32088
4726	0.86421
4727	0.30400
4728	-0.04924
4729	-0.09329
4730	0.06569
4731	0.46314
4732	1.13284
4733	1.67953
4734	1.62783
4735	1.17237
4736	0.92674
4737	1.08836
4738	1.42383
4739	1.73461
4740	2.03246
4741	2.51416
4742	3.36290
4743	4.47280
4744	5.50691
4745	6.32026
4746	7.04816
4747	7.77996
4748	8.39228
4749	8.75774
4750	8.93550
4751	9.07039
4752	9.21769
4753	9.35965
4754	9.50755
4755	9.65209
4756	9.69362
4757	9.58469
4758	9.42628
4759	9.33262
4760	9.31819
4761	9.30677
4762	9.23693
4763	9.13670
4764	9.01850
4765	8.83130
4766	8.58465
4767	8.37974
4768	8.25542
4769	8.11653
4770	7.87737
4771	7.54724
4772	7.16828
4773	6.78048
4774	6.44368
4775	6.17412
4776	5.94654
4777	5.77218
4778	5.70923
4779	5.76013
4780	5.84221
4781	5.90846
4782	6.02483
4783	6.26088
4784	6.56604
4785	6.81960
4786	6.94478
4787	6.95224
4788	6.91770
4789	6.91519
4790	6.96480
4791	7.05132
4792	7.14873
4793	7.21330
4794	7.20446
4795	7.11822
4796	6.98758
4797	6.82207
4798	6.53359
4799	6.03586
4800	5.41481
4801	4.88168
4802	4.60410
4803	4.59032
4804	4.68724
4805	4.73977
4806	4.71664
4807	4.62723
4808	4.44941
4809	4.18848
4810	3.88863
4811	3.57233
4812	3.27690
4813	3.00919
4814	2.72239
4815	2.40281
4816	2.06866
4817	1.72439
4818	1.38497
4819	1.08348
4820	0.86108
4821	0.75320
4822	0.75211
4823	0.79837
4824	0.84400
4825	0.90079
4826	0.99101
4827	1.09443
4828	1.18052
4829	1.22242
4830	1.18784
4831	1.04669
4832	0.84100
4833	0.62723
4834	0.39048
4835	0.14006
4836	-0.00031
4837	0.05821
4838	0.27753
4839	0.65106
4840	1.11995
4841	1.29889
4842	0.86184
4843	0.17526
4844	-0.09051
4845	0.21344
4846	0.72261
4847	1.12377
4848	1.44140
4849	1.89299
4850	2.63261
4851	3.60066
4852	4.55799
4853	5.34117
4854	5.95617
4855	6.47688
4856	6.92578
4857	7.26144
4858	7.50885
4859	7.77205
4860	8.08152
4861	8.38659
4862	8.65100
4863	8.84759
4864	8.94108
4865	8.94182
4866	8.90976
4867	8.87341
4868	8.82608
4869	8.79263
4870	8.79736
4871	8.79494
4872	8.73770
4873	8.66985
4874	8.62414
4875	8.53465
4876	8.37777
4877	8.19837
4878	7.98249
4879	7.69122
4880	7.34822
4881	6.97310
4882	6.60832
4883	6.34056
4884	6.21728
4885	6.21484
4886	6.28502
4887	6.38975
4888	6.51376
4889	6.63964
4890	6.74310
4891	6.83956
4892	6.95975
4893	7.07860
4894	7.13382
4895	7.10239
4896	7.02330
4897	6.94403
4898	6.87780
4899	6.80547
4900	6.68162
4901	6.47663
4902	6.23407
4903	6.02443
4904	5.87405
4905	5.80462
4906	5.81394
4907	5.76084
4908	5.47533
4909	4.97770
4910	4.42536
4911	3.95677
4912	3.63637
4913	3.44205
4914	3.32207
4915	3.24838
4916	3.19039
4917	3.11465
4918	3.02453
4919	2.95400
4920	2.92182
4921	2.91953
4922	2.91700
4923	2.90990
4924	2.87597
4925	2.75038
4926	2.51992
4927	2.28626
4928	2.12769
4929	1.98084
4930	1.81920
4931	1.76246
4932	1.86294
4933	2.02659
4934	2.14938
4935	2.18238
4936	2.15346
4937	2.12460
4938	2.07281
4939	1.94301
4940	1.74257
4941	1.51339
4942	1.24293
4943	0.87905
4944	0.41977
4945	-0.01920
4946	-0.26665
4947	-0.19043
4948	0.26127
4949	0.86416
4950	1.04029
4951	0.48855
4952	-0.23057
4953	-0.37098
4954	0.06749
4955	0.61854
4956	1.06362
4957	1.49726
4958	2.12018
4959	3.06370
4960	4.12369
4961	4.96853
4962	5.59671
4963	6.22011
4964	6.86054
4965	7.38794
4966	7.76567
4967	8.05212
4968	8.27764
4969	8.44623
4970	8.61380
4971	8.82710
4972	9.03428
4973	9.15720
4974	9.16507
4975	9.07859
4976	8.96182
4977	8.86405
4978	8.78968
4979	8.72301
4980	8.63892
4981	8.54410
4982	8.46650
4983	8.37711
4984	8.23842
4985	8.07149
4986	7.88802
4987	7.65104
4988	7.36300
4989	7.05678
4990	6.75131
4991	6.44995
4992	6.20067
4993	6.09604
4994	6.15949
4995	6.31691
4996	6.50996
4997	6.74434
4998	7.00763
4999	7.23183
5000	7.37504
5001	7.45006
5002	7.46255
5003	7.40567
5004	7.30964
5005	7.22790
5006	7.17470
5007	7.12899
5008	7.07273
5009	6.99943
5010	6.91889
5011	6.84572
5012	6.78276
5013	6.68645
5014	6.44940
5015	6.02710
5016	5.54255
5017	5.17795
5018	5.02579
5019	5.03300
5020	5.05504
5021	4.99527
5022	4.85245
5023	4.63960
5024	4.37015
5025	4.08650
5026	3.81091
5027	3.52590
5028	3.27577
5029	3.10851
5030	2.96828
5031	2.74494
5032	2.40099
5033	2.01573
5034	1.66230
5035	1.31448
5036	0.99444
5037	0.82558
5038	0.82788
5039	0.87332
5040	0.86368
5041	0.79376
5042	0.69751
5043	0.63632
5044	0.61275
5045	0.50696
5046	0.26549
5047	0.00670
5048	-0.23280
5049	-0.56578
5050	-1.06788
5051	-1.64063
5052	-2.03282
5053	-2.03746
5054	-1.62197
5055	-0.87755
5056	-0.14406
5057	0.03847
5058	-0.38033
5059	-0.74795
5060	-0.63206
5061	-0.24752
5062	0.09675
5063	0.40518
5064	0.89950
5065	1.71467
5066	2.72075
5067	3.68391
5068	4.58164
5069	5.50776
5070	6.41319
5071	7.18971
5072	7.85222
5073	8.46962
5074	9.02769
5075	9.46456
5076	9.76630
5077	9.94589
5078	10.00729
5079	9.99577
5080	9.98476
5081	9.99875
5082	10.01307
5083	10.00028
5084	9.98753
5085	10.04009
5086	10.14736
5087	10.23601
5088	10.29059
5089	10.31917
5090	10.29638
5091	10.22718
5092	10.10543
5093	9.86093
5094	9.48449
5095	9.04628
5096	8.60578
5097	8.17987
5098	7.79615
5099	7.49647
5100	7.30401
5101	7.22169
5102	7.25596
5103	7.39290
5104	7.57599
5105	7.72927
5106	7.78193
5107	7.70021
5108	7.50091
5109	7.23533
5110	6.98216
5111	6.81504
5112	6.74218
5113	6.72218
5114	6.72243
5115	6.71898
5116	6.68512
5117	6.58455
5118	6.38349
5119	6.11727
5120	5.85831
5121	5.56382
5122	5.13046
5123	4.61552
5124	4.20197
5125	3.98834
5126	3.90917
5127	3.82280
5128	3.66688
5129	3.49418
5130	3.36871
5131	3.29510
5132	3.23060
5133	3.13366
5134	2.97771
5135	2.77624
5136	2.56495
5137	2.36258
5138	2.11113
5139	1.75421
5140	1.37968
5141	1.08929
5142	0.82504
5143	0.55018
5144	0.39571
5145	0.43669
5146	0.57697
5147	0.73161
5148	0.91718
5149	1.15240
5150	1.34744
5151	1.36752
5152	1.23976
5153	1.16947
5154	1.22768
5155	1.30622
5156	1.37646
5157	1.48052
5158	1.56965
5159	1.64529
5160	1.80488
5161	2.02403
5162	2.22916
5163	2.43805
5164	2.51199
5165	2.23111
5166	1.75215
5167	1.47632
5168	1.58086
5169	1.95227
5170	2.37744
5171	2.79230
5172	3.39830
5173	4.34371
5174	5.38166
5175	6.18411
5176	6.77322
5177	7.36241
5178	7.96213
5179	8.43324
5180	8.75487
5181	8.99680
5182	9.17188
5183	9.27568
5184	9.34545
5185	9.39733
5186	9.41303
5187	9.39855
5188	9.39000
5189	9.41352
5190	9.45126
5191	9.47656
5192	9.48565
5193	9.44966
5194	9.35726
5195	9.27117
5196	9.20020
5197	9.06186
5198	8.83969
5199	8.58705
5200	8.30057
5201	7.94795
5202	7.54140
5203	7.14240
5204	6.79101
5205	6.49953
5206	6.28435
5207	6.17317
5208	6.17701
5209	6.26136
5210	6.36247
5211	6.45811
5212	6.58509
5213	6.75669
5214	6.90469
5215	6.95002
5216	6.89028
5217	6.77265
5218	6.63402
5219	6.50532
5220	6.41562
5221	6.36154
5222	6.31913
5223	6.27095
5224	6.19796
5225	6.10182
5226	6.01038
5227	5.90988
5228	5.73656
5229	5.43233
5230	4.99414
5231	4.52491
5232	4.17254
5233	3.99355
5234	3.93060
5235	3.87723
5236	3.76178
5237	3.57353
5238	3.31328
5239	3.00369
5240	2.69604
5241	2.40746
5242	2.14410
5243	1.92985
5244	1.78937
5245	1.67621
5246	1.49953
5247	1.23976
5248	0.94414
5249	0.64917
5250	0.40507
5251	0.27035
5252	0.26031
5253	0.37351
5254	0.57972
5255	0.79923
5256	1.00038
5257	1.20713
5258	1.37858
5259	1.42784
5260	1.39161
5261	1.36775
5262	1.34333
5263	1.23993
5264	1.06618
5265	0.88670
5266	0.77280
5267	0.80238
5268	1.03490
5269	1.53403
5270	2.25021
5271	2.79888
5272	2.74589
5273	2.27646
5274	2.06372
5275	2.36294
5276	2.83577
5277	3.19099
5278	3.47432
5279	3.85882
5280	4.51336
5281	5.45266
5282	6.42416
5283	7.16658
5284	7.70503
5285	8.16008
5286	8.52378
5287	8.80677
5288	9.13765
5289	9.53107
5290	9.85803
5291	10.09600
5292	10.31971
5293	10.51835
5294	10.62885
5295	10.66160
5296	10.68410
5297	10.72530
5298	10.76198
5299	10.77214
5300	10.75344
5301	10.69866
5302	10.57692
5303	10.36801
5304	10.11354
5305	9.88244
5306	9.68197
5307	9.46114
5308	9.18572
5309	8.86121
5310	8.51722
5311	8.17963
5312	7.88064
5313	7.65287
5314	7.54597
5315	7.57834
5316	7.69440
5317	7.82652
5318	7.95889
5319	8.10040
5320	8.24086
5321	8.34955
5322	8.39208
5323	8.34964
5324	8.23055
5325	8.06728
5326	7.90891
5327	7.79142
5328	7.70594
5329	7.61105
5330	7.47161
5331	7.27412
5332	7.02381
5333	6.77845
5334	6.63671
5335	6.58729
5336	6.46516
5337	6.14723
5338	5.66079
5339	5.09048
5340	4.51636
5341	4.01870
5342	3.65749
5343	3.44010
5344	3.31125
5345	3.18184
5346	3.00407
5347	2.83183
5348	2.77126
5349	2.84397
5350	2.92812
5351	2.90083
5352	2.75621
5353	2.57620
5354	2.42008
5355	2.28544
5356	2.14522
5357	2.01779
5358	1.93371
5359	1.86468
5360	1.79418
5361	1.79055
5362	1.91672
5363	2.09823
5364	2.20764
5365	2.25644
5366	2.29852
5367	2.25890
5368	2.10018
5369	1.90136
5370	1.69615
5371	1.40623
5372	1.01557
5373	0.64070
5374	0.40628
5375	0.37577
5376	0.58154
5377	1.05735
5378	1.66872
5379	1.94492
5380	1.53084
5381	0.74884
5382	0.22685
5383	0.17162
5384	0.38881
5385	0.72279
5386	1.20024
5387	1.88531
5388	2.76215
5389	3.69947
5390	4.58717
5391	5.43988
5392	6.28578
5393	7.04028
5394	7.59337
5395	7.94668
5396	8.19068
5397	8.39562
5398	8.56110
5399	8.65336
5400	8.67500
5401	8.64677
5402	8.57062
5403	8.49131
5404	8.49893
5405	8.61213
5406	8.73499
5407	8.77333
5408	8.73519
5409	8.67156
5410	8.59631
5411	8.50560
5412	8.40995
5413	8.30873
5414	8.15637
5415	7.90344
5416	7.55355
5417	7.14471
5418	6.72604
5419	6.34904
5420	6.08165
5421	5.96438
5422	5.97616
5423	6.05581
5424	6.19830
5425	6.45051
5426	6.76926
5427	7.03293
5428	7.20594
5429	7.32008
5430	7.34845
5431	7.24987
5432	7.06314
5433	6.86132
5434	6.68949
5435	6.58099
5436	6.53186
5437	6.45775
5438	6.28104
5439	6.04496
5440	5.85306
5441	5.73725
5442	5.65404
5443	5.55608
5444	5.41346
5445	5.20902
5446	4.95470
5447	4.69382
5448	4.46715
5449	4.29002
5450	4.16000
5451	4.05056
5452	3.90399
5453	3.68952
5454	3.46062
5455	3.29260
5456	3.19715
5457	3.15193
5458	3.12407
5459	3.10833
5460	3.11657
5461	3.12281
5462	3.06449
5463	2.91964
5464	2.70980
5465	2.44029
5466	2.15603
5467	1.98995
5468	1.99244
5469	2.04059
5470	2.06136
5471	2.12444
5472	2.23642
5473	2.30808
5474	2.30411
5475	2.24190
5476	2.12862
5477	1.98789
5478	1.79824
5479	1.49452
5480	1.08288
5481	0.70521
5482	0.53520
5483	0.65262
5484	1.06904
5485	1.71521
5486	2.28692
5487	2.34543
5488	1.80536
5489	1.14350
5490	0.82674
5491	0.86146
5492	1.04999
5493	1.34386
5494	1.86728
5495	2.73984
5496	3.87434
5497	4.99285
5498	5.91929
5499	6.76159
5500	7.61555
5501	8.34772
5502	8.80387
5503	9.03155
5504	9.17918
5505	9.30550
5506	9.39173
5507	9.43626
5508	9.46774
5509	9.51054
5510	9.53883
5511	9.48015
5512	9.33922
5513	9.23878
5514	9.25959
5515	9.36677
5516	9.46751
5517	9.47468
5518	9.41265
5519	9.36131
5520	9.28371
5521	9.12169
5522	8.94066
5523	8.77699
5524	8.52549
5525	8.12873
5526	7.68102
5527	7.28788
5528	6.97740
5529	6.76886
5530	6.67436
5531	6.68603
5532	6.78413
5533	6.95194
5534	7.15794
5535	7.34862
5536	7.48679
5537	7.57344
5538	7.59417
5539	7.49984
5540	7.30473
5541	7.11266
5542	7.01273
5543	7.01423
5544	7.06646
5545	7.11676
5546	7.14020
5547	7.12473
5548	7.04544
5549	6.86152
5550	6.56167
5551	6.16021
5552	5.65572
5553	5.09416
5554	4.60734
5555	4.32375
5556	4.27300
5557	4.35251
5558	4.41473
5559	4.38842
5560	4.26552
5561	4.06684
5562	3.86583
5563	3.71306
5564	3.57543
5565	3.40557
5566	3.22203
5567	3.06607
5568	2.95381
5569	2.83957
5570	2.64896
5571	2.36658
5572	2.06889
5573	1.86643
5574	1.80153
5575	1.83973
5576	1.95569
5577	2.10491
5578	2.17346
5579	2.14468
5580	2.16383
5581	2.26648
5582	2.27184
5583	2.07671
5584	1.79301
5585	1.59056
5586	1.48537
5587	1.35935
5588	1.14819
5589	0.91751
5590	0.77525
5591	0.75326
5592	0.87422
5593	1.23373
5594	1.65616
5595	1.67331
5596	1.20933
5597	0.79133
5598	0.78556
5599	1.07421
5600	1.43241
5601	1.78626
5602	2.23343
5603	2.96322
5604	3.96030
5605	4.92715
5606	5.64150
5607	6.22879
5608	6.89845
5609	7.60727
5610	8.17100
5611	8.53227
5612	8.75023
5613	8.88746
5614	9.00901
5615	9.15854
5616	9.31673
5617	9.44317
5618	9.50348
5619	9.48346
5620	9.42892
5621	9.41559
5622	9.46940
5623	9.55702
5624	9.63825
5625	9.69192
5626	9.69891
5627	9.63963
5628	9.52713
5629	9.39049
5630	9.22909
5631	9.02659
5632	8.76072
5633	8.41770
5634	8.01526
5635	7.60075
5636	7.21377
5637	6.91179
5638	6.74688
5639	6.72762
5640	6.82262
5641	6.98016
5642	7.16561
5643	7.38844
5644	7.66929
5645	7.95559
5646	8.11453
5647	8.08416
5648	7.94220
5649	7.76721
5650	7.58033
5651	7.43072
5652	7.36924
5653	7.36268
5654	7.33366
5655	7.23343
5656	7.04908
5657	6.79134
5658	6.48363
5659	6.14906
5660	5.80361
5661	5.44426
5662	5.05305
5663	4.66879
5664	4.41522
5665	4.36747
5666	4.45073
5667	4.53256
5668	4.53634
5669	4.44347
5670	4.26025
5671	4.01866
5672	3.76971
5673	3.53597
5674	3.32085
5675	3.11505
5676	2.90551
5677	2.70205
5678	2.52539
5679	2.32177
5680	2.02696
5681	1.67740
5682	1.34826
5683	1.09975
5684	0.99090
5685	1.04755
5686	1.22351
5687	1.38829
5688	1.42723
5689	1.36813
5690	1.26263
5691	1.08856
5692	0.88151
5693	0.74099
5694	0.64743
5695	0.49799
5696	0.24195
5697	-0.09495
5698	-0.45744
5699	-0.75824
5700	-0.87953
5701	-0.74022
5702	-0.27968
5703	0.45517
5704	1.04591
5705	1.03562
5706	0.66343
5707	0.55418
5708	0.83487
5709	1.24475
5710	1.66917
5711	2.19976
5712	2.99392
5713	4.01585
5714	4.96891
5715	5.63630
5716	6.14600
5717	6.75873
5718	7.48531
5719	8.08810
5720	8.45295
5721	8.68227
5722	8.87407
5723	9.03568
5724	9.15366
5725	9.23214
5726	9.26232
5727	9.23894
5728	9.21153
5729	9.20753
5730	9.19806
5731	9.19603
5732	9.22282
5733	9.24596
5734	9.23491
5735	9.18932
5736	9.11892
5737	9.02212
5738	8.91679
5739	8.83537
5740	8.73249
5741	8.52423
5742	8.21921
5743	7.90005
5744	7.62243
5745	7.38119
5746	7.20909
5747	7.17404
5748	7.28105
5749	7.45225
5750	7.61997
5751	7.78468
5752	7.96684
5753	8.13684
5754	8.23753
5755	8.23985
5756	8.15213
5757	8.00302
5758	7.82915
5759	7.67136
5760	7.55113
5761	7.45678
5762	7.37495
5763	7.29811
5764	7.18990
5765	6.99607
5766	6.70924
5767	6.40366
5768	6.14982
5769	5.88379
5770	5.49007
5771	5.00369
5772	4.57674
5773	4.30379
5774	4.18535
5775	4.17459
5776	4.18287
5777	4.11330
5778	3.92025
5779	3.63957
5780	3.36540
5781	3.14793
5782	2.94103
5783	2.75384
5784	2.65563
5785	2.65794
5786	2.70185
5787	2.67208
5788	2.46565
5789	2.12968
5790	1.79992
5791	1.53491
5792	1.36662
5793	1.37044
5794	1.52857
5795	1.68441
5796	1.70841
5797	1.61013
5798	1.49736
5799	1.46037
5800	1.49133
5801	1.53194
5802	1.51440
5803	1.39275
5804	1.12023
5805	0.69014
5806	0.24625
5807	0.00583
5808	0.02134
5809	0.21415
5810	0.63239
5811	1.30525
5812	1.90711
5813	2.01877
5814	1.67313
5815	1.31990
5816	1.28613
5817	1.52817
5818	1.84006
5819	2.16952
5820	2.69880
5821	3.55174
5822	4.58289
5823	5.48884
5824	6.11984
5825	6.60802
5826	7.15295
5827	7.78066
5828	8.38518
5829	8.89811
5830	9.30734
5831	9.60315
5832	9.78092
5833	9.85016
5834	9.84132
5835	9.78961
5836	9.71197
5837	9.64327
5838	9.61818
5839	9.61087
5840	9.58255
5841	9.53623
5842	9.48915
5843	9.43198
5844	9.34196
5845	9.21573
5846	9.07061
5847	8.92345
5848	8.75761
5849	8.51911
5850	8.16795
5851	7.74259
5852	7.32268
5853	6.96210
5854	6.66847
5855	6.46545
5856	6.40143
5857	6.48652
5858	6.65362
5859	6.80145
5860	6.87247
5861	6.91818
5862	7.02127
5863	7.13411
5864	7.15138
5865	7.08150
5866	6.98731
5867	6.87765
5868	6.73818
5869	6.58044
5870	6.43529
5871	6.31393
5872	6.19027
5873	6.05041
5874	5.92970
5875	5.85595
5876	5.79252
5877	5.68048
5878	5.49568
5879	5.22704
5880	4.87477
5881	4.50473
5882	4.21282
5883	4.04420
5884	3.98751
5885	3.98982
5886	3.97191
5887	3.88041
5888	3.72299
5889	3.52868
5890	3.33465
5891	3.20512
5892	3.15054
5893	3.13217
5894	3.13732
5895	3.16177
5896	3.16583
5897	3.10708
5898	2.95405
5899	2.71327
5900	2.42409
5901	2.13305
5902	1.91294
5903	1.82524
5904	1.86016
5905	1.96778
5906	2.07150
5907	2.06612
5908	1.93809
5909	1.82017
5910	1.78592
5911	1.74798
5912	1.59873
5913	1.37198
5914	1.15389
5915	0.89815
5916	0.46001
5917	-0.14128
5918	-0.62178
5919	-0.74095
5920	-0.52599
5921	-0.04797
5922	0.58993
5923	0.97502
5924	0.75378
5925	0.24192
5926	0.02929
5927	0.23789
5928	0.62174
5929	1.03676
5930	1.54363
5931	2.29418
5932	3.33239
5933	4.44470
5934	5.34700
5935	6.04116
5936	6.72961
5937	7.46517
5938	8.12022
5939	8.60400
5940	8.91265
5941	9.07616
5942	9.14311
5943	9.15465
5944	9.13218
5945	9.10948
5946	9.12566
5947	9.17006
5948	9.21982
5949	9.29939
5950	9.39582
5951	9.45745
5952	9.51726
5953	9.60855
5954	9.64977
5955	9.58239
5956	9.44882
5957	9.27437
5958	9.04168
5959	8.74127
5960	8.37085
5961	7.93454
5962	7.46799
5963	7.00964
5964	6.60983
5965	6.32555
5966	6.20995
5967	6.26779
5968	6.44070
5969	6.68926
5970	6.99374
5971	7.27808
5972	7.44097
5973	7.44797
5974	7.33557
5975	7.15402
5976	6.96682
5977	6.86087
5978	6.89288
5979	7.04029
5980	7.23797
5981	7.42373
5982	7.51205
5983	7.41209
5984	7.12458
5985	6.75450
5986	6.37670
5987	5.94757
5988	5.43274
5989	4.93593
5990	4.59873
5991	4.43695
5992	4.34294
5993	4.23374
5994	4.11866
5995	3.99853
5996	3.84325
5997	3.68972
5998	3.59523
5999	3.53440
6000	3.42839
6001	3.26488
6002	3.07168
6003	2.84369
6004	2.55594
6005	2.20300
6006	1.79442
6007	1.38504
6008	1.09199
6009	0.99251
6010	1.04512
6011	1.13666
6012	1.18373
6013	1.20491
6014	1.27705
6015	1.40119
6016	1.48021
6017	1.47680
6018	1.42587
6019	1.31952
6020	1.11882
6021	0.88215
6022	0.71387
6023	0.55711
6024	0.25238
6025	-0.12508
6026	-0.32230
6027	-0.23876
6028	0.13051
6029	0.71861
6030	1.13007
6031	1.00011
6032	0.65318
6033	0.65242
6034	0.98906
6035	1.34787
6036	1.67658
6037	2.13433
6038	2.83831
6039	3.76757
6040	4.74272
6041	5.60914
6042	6.37652
6043	7.11431
6044	7.82703
6045	8.47060
6046	9.01765
6047	9.45934
6048	9.77214
6049	9.95928
6050	10.09554
6051	10.25013
6052	10.41525
6053	10.55205
6054	10.63533
6055	10.66354
6056	10.65645
6057	10.63677
6058	10.63440
6059	10.65618
6060	10.66662
6061	10.65399
6062	10.63188
6063	10.57575
6064	10.44494
6065	10.24951
6066	10.02345
6067	9.74448
6068	9.37119
6069	8.91788
6070	8.46640
6071	8.08834
6072	7.81591
6073	7.66942
6074	7.67109
6075	7.78974
6076	7.95915
6077	8.15172
6078	8.33904
6079	8.44534
6080	8.39105
6081	8.15653
6082	7.81994
6083	7.50586
6084	7.29538
6085	7.20270
6086	7.18034
6087	7.15633
6088	7.10559
6089	7.04339
6090	6.96665
6091	6.85307
6092	6.68282
6093	6.44474
6094	6.13568
6095	5.75992
6096	5.34715
6097	4.94274
6098	4.59778
6099	4.38608
6100	4.33883
6101	4.38294
6102	4.40813
6103	4.35872
6104	4.24944
6105	4.10176
6106	3.91707
6107	3.72127
6108	3.55942
6109	3.42529
6110	3.31068
6111	3.23965
6112	3.23045
6113	3.22463
6114	3.10309
6115	2.82905
6116	2.48270
6117	2.15746
6118	1.93781
6119	1.89053
6120	2.00042
6121	2.16272
6122	2.25422
6123	2.23870
6124	2.18244
6125	2.13340
6126	2.06470
6127	1.96697
6128	1.88033
6129	1.82676
6130	1.71116
6131	1.37048
6132	0.73870
6133	0.00892
6134	-0.46948
6135	-0.53460
6136	-0.24748
6137	0.30801
6138	0.85854
6139	0.89942
6140	0.33281
6141	-0.23273
6142	-0.25165
6143	0.20167
6144	0.81707
6145	1.48625
6146	2.26569
6147	3.21954
6148	4.31225
6149	5.37374
6150	6.21984
6151	6.86575
6152	7.47627
6153	8.08957
6154	8.55501
6155	8.78051
6156	8.84786
6157	8.86144
6158	8.87608
6159	8.96486
6160	9.13953
6161	9.29787
6162	9.37987
6163	9.40613
6164	9.39727
6165	9.39824
6166	9.44749
6167	9.50583
6168	9.54865
6169	9.59019
6170	9.58085
6171	9.47767
6172	9.32665
6173	9.17865
6174	9.02030
6175	8.79055
6176	8.46880
6177	8.10265
6178	7.72706
6179	7.33951
6180	6.98003
6181	6.72696
6182	6.63377
6183	6.66326
6184	6.75919
6185	6.92604
6186	7.15406
6187	7.38558
6188	7.57404
6189	7.67941
6190	7.66663
6191	7.54705
6192	7.36258
6193	7.15495
6194	6.96811
6195	6.82479
6196	6.71737
6197	6.62939
6198	6.53030
6199	6.38549
6200	6.19952
6201	6.01095
6202	5.82327
6203	5.58100
6204	5.25018
6205	4.88282
6206	4.55921
6207	4.32616
6208	4.20604
6209	4.16359
6210	4.11393
6211	4.02321
6212	3.88849
6213	3.67806
6214	3.40106
6215	3.12494
6216	2.88845
6217	2.69196
6218	2.52484
6219	2.38514
6220	2.23890
6221	2.02980
6222	1.74364
6223	1.43683
6224	1.15063
6225	0.87837
6226	0.67338
6227	0.63627
6228	0.78879
6229	1.02993
6230	1.21886
6231	1.33544
6232	1.44087
6233	1.51064
6234	1.49814
6235	1.47513
6236	1.52798
6237	1.63901
6238	1.67162
6239	1.50112
6240	1.13168
6241	0.66084
6242	0.23540
6243	0.04633
6244	0.28075
6245	0.89199
6246	1.40857
6247	1.28342
6248	0.62702
6249	0.13948
6250	0.25349
6251	0.74333
6252	1.18890
6253	1.47467
6254	1.75307
6255	2.19128
6256	2.86808
6257	3.75319
6258	4.64620
6259	5.35543
6260	5.94889
6261	6.60621
6262	7.32275
6263	7.96745
6264	8.50673
6265	8.95979
6266	9.27176
6267	9.41527
6268	9.47423
6269	9.53267
6270	9.60258
6271	9.63890
6272	9.60341
6273	9.55565
6274	9.57518
6275	9.64152
6276	9.69821
6277	9.73951
6278	9.76825
6279	9.75137
6280	9.68716
6281	9.59893
6282	9.47062
6283	9.31384
6284	9.15563
6285	8.94297
6286	8.62556
6287	8.24877
6288	7.88516
6289	7.56433
6290	7.32032
6291	7.16899
6292	7.09839
6293	7.10555
6294	7.19785
6295	7.35367
6296	7.53284
6297	7.72345
6298	7.92384
6299	8.07392
6300	8.08797
6301	7.97024
6302	7.81454
6303	7.69458
6304	7.61433
6305	7.55525
6306	7.51594
6307	7.48708
6308	7.42986
6309	7.29562
6310	7.05996
6311	6.76706
6312	6.46611
6313	6.09766
6314	5.62784
6315	5.18660
6316	4.91810
6317	4.85892
6318	4.96033
6319	5.10486
6320	5.15214
6321	5.03517
6322	4.80075
6323	4.53408
6324	4.28570
6325	4.07489
6326	3.90955
6327	3.78597
6328	3.71860
6329	3.68766
6330	3.63906
6331	3.52947
6332	3.32408
6333	3.02524
6334	2.70268
6335	2.45424
6336	2.34273
6337	2.35149
6338	2.42470
6339	2.52495
6340	2.58388
6341	2.52472
6342	2.37700
6343	2.21715
6344	2.05475
6345	1.87784
6346	1.66093
6347	1.39341
6348	1.10450
6349	0.83919
6350	0.63768
6351	0.53903
6352	0.62513
6353	0.97238
6354	1.50271
6355	1.90055
6356	1.81267
6357	1.31704
6358	0.91606
6359	0.89912
6360	1.10943
6361	1.33378
6362	1.59921
6363	2.11808
6364	2.97566
6365	3.98979
6366	4.93346
6367	5.80234
6368	6.68194
6369	7.48369
6370	8.06698
6371	8.47544
6372	8.80895
6373	9.03895
6374	9.12163
6375	9.12044
6376	9.10959
6377	9.09151
6378	9.05382
6379	8.99878
6380	8.94352
6381	8.93777
6382	9.00738
6383	9.12028
6384	9.23880
6385	9.32195
6386	9.33451
6387	9.29405
6388	9.23771
6389	9.16441
6390	9.04211
6391	8.85930
6392	8.63562
6393	8.37517
6394	8.07191
6395	7.74674
6396	7.43277
6397	7.15634
6398	6.95137
6399	6.86582
6400	6.94658
6401	7.11144
6402	7.20178
6403	7.21927
6404	7.30031
6405	7.44067
6406	7.50016
6407	7.44219
6408	7.33544
6409	7.19358
6410	6.99802
6411	6.78725
6412	6.61505
6413	6.48369
6414	6.36321
6415	6.25568
6416	6.18584
6417	6.13502
6418	6.06300
6419	5.97048
6420	5.85796
6421	5.67586
6422	5.39587
6423	5.04829
6424	4.66074
6425	4.26469
6426	3.92421
6427	3.70296
6428	3.63476
6429	3.66923
6430	3.67162
6431	3.57002
6432	3.40136
6433	3.20567
6434	3.02180
6435	2.90831
6436	2.87230
6437	2.88997
6438	2.94579
6439	3.01172
6440	3.02981
6441	2.96448
6442	2.81805
6443	2.61370
6444	2.36246
6445	2.09313
6446	1.90748
6447	1.87944
6448	1.96580
6449	2.08059
6450	2.16304
6451	2.19012
6452	2.16737
6453	2.10037
6454	1.96392
6455	1.77615
6456	1.60677
6457	1.45040
6458	1.20938
6459	0.86153
6460	0.49841
6461	0.27975
6462	0.36141
6463	0.73212
6464	1.27007
6465	1.88613
6466	2.30582
6467	2.12113
6468	1.42805
6469	0.82022
6470	0.61020
6471	0.66465
6472	0.87040
6473	1.37436
6474	2.37592
6475	3.75918
6476	5.13137
6477	6.33878
6478	7.46107
6479	8.39569
6480	8.96843
6481	9.27982
6482	9.54654
6483	9.79039
6484	9.93843
6485	10.02239
6486	10.10146
6487	10.15898
6488	10.16171
6489	10.10746
6490	10.01358
6491	9.90015
6492	9.78639
6493	9.72147
6494	9.74458
6495	9.81027
6496	9.84964
6497	9.83325
6498	9.76097
6499	9.67180
6500	9.58565
6501	9.44420
6502	9.16924
6503	8.74141
6504	8.21860
6505	7.67773
6506	7.15798
6507	6.71498
6508	6.41821
6509	6.30412
6510	6.34261
6511	6.51489
6512	6.85376
6513	7.28403
6514	7.57018
6515	7.57731
6516	7.42558
6517	7.27888
6518	7.13541
6519	6.92486
6520	6.66523
6521	6.42261
6522	6.22302
6523	6.04899
6524	5.88557
6525	5.73092
6526	5.56193
6527	5.36568
6528	5.17006
6529	4.97710
6530	4.75228
6531	4.51570
6532	4.33619
6533	4.24195
6534	4.20849
6535	4.15893
6536	3.97998
6537	3.63824
6538	3.22294
6539	2.83598
6540	2.55223
6541	2.43510
6542	2.46540
6543	2.53827
6544	2.59247
6545	2.56974
6546	2.40738
6547	2.12393
6548	1.78986
6549	1.45711
6550	1.13517
6551	0.82057
6552	0.55199
6553	0.38531
6554	0.35186
6555	0.45555
6556	0.62339
6557	0.72444
6558	0.73797
6559	0.76836
6560	0.83336
6561	0.82822
6562	0.76035
6563	0.76043
6564	0.89346
6565	1.06246
6566	1.12636
6567	1.08168
6568	1.01426
6569	0.92971
6570	0.87914
6571	1.12880
6572	1.76356
6573	2.31805
6574	2.24878
6575	1.69160
6576	1.33078
6577	1.58771
6578	2.29565
6579	3.00250
6580	3.49677
6581	3.96171
6582	4.65202
6583	5.58767
6584	6.55756
6585	7.31880
6586	7.84370
6587	8.27485
6588	8.68925
6589	9.03273
6590	9.25294
6591	9.39517
6592	9.55418
6593	9.78664
6594	10.09285
6595	10.42542
6596	10.71759
6597	10.94153
6598	11.10345
6599	11.18185
6600	11.15005
6601	11.04389
6602	10.89166
6603	10.66446
6604	10.40196
6605	10.20280
6606	10.06809
6607	9.92338
6608	9.71786
6609	9.43560
6610	9.10161
6611	8.74637
6612	8.34362
6613	7.87704
6614	7.41529
6615	7.07789
6616	6.92380
6617	6.95068
6618	7.14554
6619	7.47875
6620	7.87919
6621	8.25299
6622	8.49621
6623	8.55756
6624	8.49149
6625	8.36463
6626	8.19282
6627	8.00093
6628	7.84005
6629	7.72896
6630	7.63455
6631	7.52729
6632	7.41131
6633	7.28514
6634	7.13289
6635	6.95670
6636	6.75194
6637	6.45704
6638	6.00872
6639	5.45017
6640	4.92867
6641	4.59509
6642	4.49278
6643	4.52190
6644	4.55455
6645	4.53133
6646	4.41346
6647	4.17388
6648	3.86903
6649	3.61123
6650	3.45682
6651	3.33432
6652	3.16495
6653	2.94446
6654	2.68290
6655	2.38098
6656	2.07516
6657	1.79817
6658	1.54068
6659	1.30346
6660	1.12975
6661	1.08429
6662	1.18651
6663	1.35835
6664	1.49162
6665	1.54913
6666	1.56814
6667	1.57414
6668	1.55633
6669	1.51420
6670	1.48696
6671	1.51338
6672	1.59175
6673	1.59093
6674	1.32766
6675	0.83418
6676	0.37765
6677	0.17715
6678	0.31330
6679	0.77904
6680	1.28047
6681	1.29049
6682	0.75645
6683	0.30276
6684	0.35078
6685	0.68738
6686	1.01996
6687	1.36365
6688	1.88931
6689	2.70643
6690	3.72861
6691	4.69679
6692	5.48236
6693	6.19440
6694	6.92539
6695	7.58159
6696	8.05024
6697	8.35276
6698	8.54546
6699	8.62004
6700	8.59038
6701	8.52733
6702	8.48289
6703	8.47367
6704	8.48260
6705	8.47133
6706	8.46423
6707	8.51389
6708	8.58849
6709	8.63753
6710	8.67791
6711	8.73909
6712	8.81155
6713	8.85223
6714	8.81980
6715	8.72556
6716	8.61137
6717	8.46571
6718	8.23807
6719	7.92631
6720	7.58725
6721	7.26980
6722	7.01087
6723	6.83445
6724	6.76535
6725	6.81393
6726	6.96645
6727	7.19239
6728	7.45925
6729	7.74423
6730	8.00352
6731	8.16438
6732	8.19576
6733	8.13412
6734	8.02726
6735	7.90401
6736	7.79299
6737	7.73266
6738	7.73982
6739	7.77842
6740	7.78910
6741	7.72744
6742	7.56426
6743	7.30197
6744	6.96666
6745	6.53842
6746	5.99555
6747	5.44280
6748	5.05635
6749	4.92346
6750	4.98824
6751	5.08398
6752	5.03417
6753	4.78237
6754	4.39955
6755	3.98547
6756	3.61942
6757	3.35032
6758	3.16840
6759	3.06555
6760	3.02366
6761	2.99855
6762	2.94970
6763	2.84491
6764	2.67214
6765	2.42562
6766	2.11413
6767	1.82644
6768	1.66639
6769	1.64307
6770	1.71420
6771	1.82888
6772	1.88751
6773	1.79824
6774	1.59445
6775	1.39538
6776	1.23663
6777	1.03672
6778	0.71231
6779	0.30189
6780	-0.09393
6781	-0.41052
6782	-0.62730
6783	-0.72569
6784	-0.69263
6785	-0.52870
6786	-0.18874
6787	0.30227
6788	0.60184
6789	0.41587
6790	-0.01877
6791	-0.22514
6792	-0.07239
6793	0.25112
6794	0.60353
6795	1.07924
6796	1.84218
6797	2.82266
6798	3.72891
6799	4.43191
6800	5.09693
6801	5.89019
6802	6.71614
6803	7.37955
6804	7.87456
6805	8.29680
6806	8.63496
6807	8.84785
6808	8.96038
6809	9.00981
6810	9.02204
6811	9.01024
6812	8.97692
6813	8.96291
6814	9.02221
6815	9.13083
6816	9.22127
6817	9.27581
6818	9.30007
6819	9.28520
6820	9.24376
6821	9.19452
6822	9.10965
6823	8.95507
6824	8.74139
6825	8.46694
6826	8.09475
6827	7.63432
6828	7.15911
6829	6.74188
6830	6.41271
6831	6.21079
6832	6.17681
6833	6.30658
6834	6.54400
6835	6.82683
6836	7.10783
6837	7.35125
6838	7.50454
6839	7.50851
6840	7.36878
6841	7.14228
6842	6.88295
6843	6.65297
6844	6.50713
6845	6.45609
6846	6.46576
6847	6.45836
6848	6.35007
6849	6.12959
6850	5.85678
6851	5.58608
6852	5.37307
6853	5.26935
6854	5.17062
6855	4.88040
6856	4.40959
6857	3.94613
6858	3.60807
6859	3.40088
6860	3.28405
6861	3.22700
6862	3.20367
6863	3.14264
6864	2.99840
6865	2.84923
6866	2.80279
6867	2.85017
6868	2.91175
6869	2.96563
6870	3.01713
6871	3.06424
6872	3.06018
6873	2.93084
6874	2.67769
6875	2.37984
6876	2.10312
6877	1.91525
6878	1.88952
6879	2.01632
6880	2.19149
6881	2.28995
6882	2.25063
6883	2.11984
6884	2.00684
6885	1.98633
6886	1.99920
6887	1.94300
6888	1.81620
6889	1.68993
6890	1.56782
6891	1.38874
6892	1.09720
6893	0.71582
6894	0.40437
6895	0.34787
6896	0.61873
6897	1.17070
6898	1.68020
6899	1.68437
6900	1.21023
6901	0.87527
6902	1.01100
6903	1.36815
6904	1.71355
6905	2.16268
6906	2.97745
6907	4.14249
6908	5.25389
6909	6.01930
6910	6.61186
6911	7.22802
6912	7.76042
6913	8.07525
6914	8.22737
6915	8.32666
6916	8.42853
6917	8.55361
6918	8.68951
6919	8.80713
6920	8.88510
6921	8.88661
6922	8.81177
6923	8.75477
6924	8.77293
6925	8.80392
6926	8.80553
6927	8.81286
6928	8.84262
6929	8.87835
6930	8.90388
6931	8.89822
6932	8.84665
6933	8.75228
6934	8.60756
6935	8.38969
6936	8.10079
6937	7.77508
6938	7.44974
6939	7.13540
6940	6.86161
6941	6.67156
6942	6.58024
6943	6.56054
6944	6.58272
6945	6.62872
6946	6.69636
6947	6.81317
6948	6.97995
6949	7.11967
6950	7.15309
6951	7.06595
6952	6.88856
6953	6.67912
6954	6.49811
6955	6.37609
6956	6.32639
6957	6.35565
6958	6.44392
6959	6.53503
6960	6.56400
6961	6.51018
6962	6.40049
6963	6.22132
6964	5.89540
6965	5.41785
6966	4.90362
6967	4.47563
6968	4.20415
6969	4.07991
6970	4.00437
6971	3.89085
6972	3.74361
6973	3.58588
6974	3.40048
6975	3.18788
6976	2.99839
6977	2.84202
6978	2.66453
6979	2.39608
6980	2.03940
6981	1.66819
6982	1.32958
6983	1.01971
6984	0.73561
6985	0.48050
6986	0.28025
6987	0.18494
6988	0.20582
6989	0.32782
6990	0.50697
6991	0.63128
6992	0.65982
6993	0.66827
6994	0.65371
6995	0.56822
6996	0.46621
6997	0.40594
6998	0.35740
6999	0.35700
7000	0.48882
7001	0.71627
7002	0.90393
7003	1.02996
7004	1.19539
7005	1.43729
7006	1.74735
7007	2.11866
7008	2.38427
7009	2.26752
7010	1.86061
7011	1.60257
7012	1.69828
7013	2.02134
7014	2.39741
7015	2.81713
7016	3.52746
7017	4.68165
7018	5.95193
7019	6.86975
7020	7.43804
7021	7.96483
7022	8.50068
7023	8.85085
7024	8.95582
7025	8.94196
7026	8.91690
7027	8.91532
7028	8.94375
7029	8.98030
7030	9.01667
7031	9.07247
7032	9.11007
7033	9.07663
7034	9.04150
7035	9.11710
7036	9.28505
7037	9.42540
7038	9.45730
7039	9.40421
7040	9.34459
7041	9.29982
7042	9.22962
7043	9.12206
7044	8.95750
7045	8.68288
7046	8.32318
7047	7.94929
7048	7.61303
7049	7.35049
7050	7.18182
7051	7.11888
7052	7.19502
7053	7.40831
7054	7.69386
7055	7.99022
7056	8.26135
7057	8.44835
7058	8.49606
7059	8.42744
7060	8.29653
7061	8.12609
7062	7.93718
7063	7.75530
7064	7.58719
7065	7.42471
7066	7.25314
7067	7.05883
7068	6.84467
7069	6.64264
7070	6.49943
7071	6.39335
7072	6.19885
7073	5.83898
7074	5.37399
7075	4.88782
7076	4.44458
7077	4.12105
7078	3.95264
7079	3.89506
7080	3.86520
7081	3.77865
7082	3.58678
7083	3.32349
7084	3.07881
7085	2.90789
7086	2.81557
7087	2.77953
7088	2.78570
7089	2.80976
7090	2.79650
7091	2.67227
7092	2.41187
7093	2.06804
7094	1.73813
7095	1.53362
7096	1.51962
7097	1.66302
7098	1.85521
7099	1.96925
7100	1.93964
7101	1.81764
7102	1.71519
7103	1.67218
7104	1.66191
7105	1.68985
7106	1.72261
7107	1.59174
7108	1.26745
7109	0.96853
7110	0.83241
7111	0.80846
7112	0.87078
7113	1.06350
7114	1.39343
7115	1.78453
7116	1.99364
7117	1.81692
7118	1.39351
7119	1.08113
7120	1.05627
7121	1.23877
7122	1.47158
7123	1.70199
7124	2.10436
7125	2.88277
7126	3.95142
7127	4.98950
7128	5.84748
7129	6.63133
7130	7.40139
7131	8.09192
7132	8.67632
7133	9.16575
7134	9.53272
7135	9.77093
7136	9.92005
7137	9.99750
7138	10.00460
7139	9.96175
7140	9.88464
7141	9.77442
7142	9.64872
7143	9.55381
7144	9.51819
7145	9.52674
7146	9.54045
7147	9.51770
7148	9.46232
7149	9.41531
7150	9.35640
7151	9.21717
7152	9.00258
7153	8.74703
7154	8.40999
7155	7.96256
7156	7.44776
7157	6.95416
7158	6.57465
7159	6.36907
7160	6.31571
7161	6.35032
7162	6.43958
7163	6.62207
7164	6.94277
7165	7.33996
7166	7.69315
7167	7.92496
7168	7.99863
7169	7.92287
7170	7.76234
7171	7.58261
7172	7.41489
7173	7.27879
7174	7.17105
7175	7.03517
7176	6.82864
7177	6.58351
7178	6.34257
7179	6.11630
7180	5.90165
7181	5.68165
7182	5.43854
7183	5.16211
7184	4.82948
7185	4.46056
7186	4.15869
7187	3.98051
7188	3.85722
7189	3.71504
7190	3.54264
7191	3.31937
7192	3.02281
7193	2.70991
7194	2.46587
7195	2.28742
7196	2.11383
7197	1.90873
7198	1.70758
7199	1.54818
7200	1.39766
7201	1.20309
7202	0.98547
7203	0.79157
7204	0.61733
7205	0.46582
7206	0.40816
7207	0.51308
7208	0.75265
7209	1.01290
7210	1.19980
7211	1.31343
7212	1.37728
7213	1.38735
7214	1.37162
7215	1.39646
7216	1.43248
7217	1.37221
7218	1.16550
7219	0.82475
7220	0.36423
7221	-0.11277
7222	-0.41162
7223	-0.40045
7224	-0.02931
7225	0.58357
7226	0.97153
7227	0.71618
7228	0.08610
7229	-0.28353
7230	-0.16342
7231	0.27381
7232	0.84710
7233	1.51970
7234	2.43504
7235	3.69004
7236	4.95263
7237	5.80538
7238	6.33857
7239	6.89993
7240	7.54045
7241	8.08109
7242	8.41063
7243	8.54407
7244	8.58357
7245	8.63267
7246	8.71793
7247	8.82263
7248	8.93762
7249	9.03484
7250	9.05966
7251	8.99170
7252	8.87376
7253	8.78996
7254	8.80517
7255	8.87158
7256	8.87519
7257	8.81061
7258	8.77109
7259	8.76575
7260	8.70422
7261	8.55729
7262	8.36917
7263	8.13274
7264	7.82237
7265	7.45822
7266	7.07467
7267	6.69651
7268	6.39615
7269	6.25308
7270	6.26830
7271	6.38581
7272	6.59789
7273	6.95369
7274	7.43488
7275	7.90308
7276	8.21181
7277	8.31488
7278	8.25673
7279	8.10286
7280	7.90136
7281	7.69578
7282	7.52446
7283	7.39379
7284	7.27618
7285	7.11787
7286	6.88525
7287	6.64844
7288	6.51839
7289	6.49833
7290	6.50350
7291	6.45255
7292	6.29098
7293	6.01748
7294	5.69559
7295	5.42081
7296	5.27648
7297	5.26990
7298	5.31564
7299	5.31373
7300	5.21021
7301	4.99086
7302	4.68339
7303	4.35257
7304	4.04245
7305	3.76518
7306	3.51399
7307	3.29240
7308	3.10167
7309	2.90916
7310	2.66120
7311	2.37577
7312	2.13804
7313	1.96752
7314	1.79713
7315	1.61455
7316	1.52280
7317	1.58620
7318	1.70297
7319	1.74585
7320	1.73979
7321	1.74619
7322	1.71230
7323	1.59383
7324	1.46064
7325	1.41475
7326	1.39581
7327	1.23114
7328	0.90308
7329	0.55634
7330	0.26768
7331	0.02413
7332	-0.13187
7333	-0.02356
7334	0.47067
7335	0.99822
7336	0.90968
7337	0.18608
7338	-0.42352
7339	-0.42538
7340	0.00018
7341	0.51528
7342	0.99928
7343	1.56701
7344	2.44200
7345	3.59771
7346	4.69803
7347	5.53909
7348	6.23329
7349	6.91434
7350	7.56857
7351	8.10535
7352	8.48859
7353	8.76735
7354	8.99733
7355	9.21642
7356	9.44761
7357	9.68174
7358	9.88652
7359	9.99953
7360	9.97921
7361	9.89696
7362	9.81650
7363	9.71300
7364	9.63316
7365	9.64199
7366	9.65790
7367	9.58497
7368	9.46755
7369	9.38386
7370	9.30420
7371	9.16300
7372	8.94982
7373	8.66717
7374	8.33253
7375	8.00742
7376	7.72344
7377	7.45918
7378	7.20786
7379	7.05010
7380	7.04470
7381	7.14022
7382	7.26162
7383	7.39906
7384	7.58538
7385	7.80452
7386	7.95148
7387	7.92614
7388	7.73683
7389	7.46763
7390	7.19356
7391	6.96468
7392	6.81429
7393	6.73178
7394	6.66367
7395	6.56678
7396	6.42792
7397	6.26848
7398	6.14637
7399	6.07873
7400	5.99895
7401	5.82781
7402	5.52769
7403	5.11460
7404	4.66469
7405	4.29549
7406	4.09522
7407	4.04420
7408	4.06040
7409	4.08792
7410	4.09066
7411	4.04467
7412	3.95491
7413	3.83028
7414	3.67930
7415	3.51091
7416	3.35676
7417	3.24478
7418	3.16894
7419	3.06777
7420	2.87117
7421	2.60359
7422	2.36051
7423	2.20700
7424	2.17516
7425	2.25340
7426	2.37466
7427	2.48416
7428	2.54520
7429	2.52072
7430	2.41653
7431	2.27360
7432	2.12789
7433	2.00303
7434	1.92799
7435	1.85793
7436	1.65249
7437	1.20586
7438	0.62768
7439	0.17411
7440	-0.05694
7441	-0.13565
7442	0.00236
7443	0.45804
7444	0.93123
7445	0.88531
7446	0.29810
7447	-0.22042
7448	-0.22440
7449	0.13619
7450	0.50546
7451	0.75681
7452	1.04973
7453	1.63799
7454	2.55506
7455	3.57759
7456	4.49853
7457	5.32710
7458	6.15039
7459	6.93828
7460	7.60941
7461	8.16074
7462	8.61391
7463	8.94581
7464	9.15016
7465	9.29411
7466	9.43749
7467	9.55052
7468	9.59243
7469	9.58574
7470	9.56072
7471	9.50193
7472	9.39550
7473	9.26866
7474	9.13562
7475	8.99405
7476	8.86230
7477	8.76161
7478	8.70647
7479	8.66954
7480	8.58045
7481	8.41499
7482	8.19569
7483	7.93614
7484	7.65070
7485	7.36566
7486	7.10844
7487	6.93658
7488	6.87477
7489	6.86436
7490	6.86925
7491	6.99609
7492	7.30897
7493	7.68057
7494	7.98302
7495	8.19813
7496	8.32936
7497	8.36637
7498	8.31660
7499	8.22162
7500	8.11135
7501	7.96422
7502	7.78596
7503	7.66348
7504	7.64216
7505	7.63318
7506	7.50457
7507	7.17673
7508	6.64228
7509	5.98836
7510	5.38134
7511	4.96791
7512	4.78825
7513	4.79534
7514	4.91793
7515	5.05577
7516	5.07777
7517	4.90742
7518	4.57928
7519	4.18480
7520	3.81609
7521	3.51736
7522	3.28323
7523	3.07247
7524	2.86021
7525	2.65854
7526	2.47282
7527	2.26467
7528	2.03648
7529	1.88357
7530	1.86876
7531	1.96257
7532	2.11419
7533	2.26720
7534	2.34591
7535	2.31687
7536	2.22166
7537	2.09005
7538	1.92030
7539	1.73645
7540	1.58510
7541	1.45845
7542	1.33337
7543	1.24490
7544	1.24325
7545	1.32358
7546	1.50766
7547	1.87325
7548	2.41768
7549	3.00134
7550	3.37958
7551	3.32345
7552	2.89976
7553	2.44543
7554	2.18646
7555	2.20180
7556	2.64545
7557	3.60003
7558	4.79685
7559	5.83719
7560	6.71557
7561	7.65015
7562	8.56187
7563	9.20295
7564	9.56249
7565	9.76666
7566	9.88921
7567	10.02069
7568	10.21475
7569	10.39000
7570	10.50152
7571	10.64164
7572	10.82767
7573	10.94646
7574	10.97149
7575	10.96552
7576	10.92412
7577	10.80673
7578	10.61659
7579	10.38710
7580	10.13846
7581	9.84711
7582	9.47701
7583	9.04035
7584	8.59359
7585	8.21195
7586	7.96556
7587	7.84439
7588	7.74988
7589	7.65416
7590	7.63155
7591	7.76779
7592	8.04681
7593	8.33833
7594	8.53201
7595	8.62024
7596	8.62338
7597	8.52862
7598	8.29472
7599	7.88118
7600	7.32456
7601	6.75597
7602	6.26676
7603	5.81434
7604	5.35012
7605	4.96390
7606	4.77362
7607	4.73463
7608	4.70736
7609	4.65227
7610	4.61468
7611	4.59238
7612	4.49845
7613	4.29668
7614	4.04692
7615	3.80363
7616	3.57418
7617	3.36811
7618	3.15119
7619	2.82836
7620	2.38137
7621	1.91241
7622	1.51829
7623	1.22731
7624	1.05064
7625	0.97689
7626	0.96667
7627	0.99050
7628	1.06694
7629	1.19035
7630	1.31604
7631	1.49799
7632	1.93510
7633	2.69769
7634	3.51228
7635	4.04187
7636	4.26680
7637	4.45689
7638	4.92484
7639	5.59521
7640	5.94183
7641	5.62155
7642	4.93339
7643	4.49849
7644	4.83304
7645	6.06135
7646	7.75411
7647	9.10387
7648	9.69281
7649	9.89064
7650	10.31419
7651	11.09002
7652	11.82652
7653	12.18828
7654	12.18068
7655	11.95333
7656	11.62272
7657	11.29102
7658	11.07520
7659	10.99145
7660	10.91294
7661	10.75791
7662	10.56012
7663	10.28308
7664	9.77778
7665	9.04905
7666	8.33023
7667	7.84589
7668	7.65033
7669	7.71850
7670	8.01644
7671	8.45503
7672	8.86657
7673	9.14897
7674	9.36520
7675	9.56995
7676	9.64760
7677	9.46732
7678	9.06069
7679	8.53361
7680	7.95793
7681	7.39070
7682	6.91693
7683	6.63195
7684	6.46663
7685	6.12635
7686	5.48508
7687	4.74877
7688	4.01123
7689	3.19723
7690	2.46802
7691	2.02461
7692	1.78136
7693	1.57393
7694	1.38840
7695	1.29051
7696	1.32058
7697	1.46047
7698	1.66258
7699	1.89598
7700	2.10903
7701	2.28706
7702	2.59033
7703	3.15074
7704	3.80785
7705	4.33292
7706	4.77221
7707	5.27112
7708	5.79368
7709	6.29479
7710	6.97234
7711	7.93498
7712	8.84857
7713	9.31370
7714	9.44846
7715	9.72282
7716	10.30015
7717	10.76417
7718	10.61986
7719	10.05023
7720	9.84704
7721	10.52048
7722	11.70723
7723	12.59942
7724	12.95006
7725	13.23771
7726	13.87008
7727	14.74836
7728	15.50125
7729	15.77984
7730	15.47236
7731	14.75096
7732	13.94809
7733	13.33080
7734	12.91621
7735	12.58614
7736	12.26860
7737	11.90374
7738	11.42361
7739	10.82342
7740	10.16218
7741	9.51207
7742	8.93161
7743	8.44957
7744	8.14890
7745	8.17609
7746	8.56380
7747	9.09333
7748	9.47527
7749	9.57666
7750	9.45518
7751	9.29573
7752	9.21298
7753	9.08340
7754	8.73505
7755	8.18005
7756	7.56849
7757	7.09675
7758	6.86005
7759	6.66474
7760	6.22761
7761	5.61468
7762	5.14326
7763	4.84988
7764	4.51929
7765	4.10746
7766	3.76306
7767	3.52369
7768	3.27677
7769	2.98930
7770	2.78147
7771	2.72503
7772	2.77160
7773	2.85730
7774	2.93067
7775	2.98132
7776	3.08181
7777	3.34161
7778	3.77712
7779	4.28998
7780	4.76138
7781	5.14093
7782	5.43111
7783	5.73423
7784	6.24469
7785	6.92839
7786	7.43608
7787	7.68173
7788	8.05881
7789	8.79829
7790	9.51162
7791	9.66143
7792	9.33151
7793	9.22747
7794	9.80808
7795	10.74403
7796	11.55647
7797	12.37607
7798	13.48534
7799	14.64517
7800	15.39039
7801	15.50990
7802	15.10024
7803	14.50967
7804	14.08972
7805	13.86231
7806	13.58175
7807	13.10787
7808	12.54044
7809	11.96536
7810	11.34185
7811	10.66963
7812	10.01330
7813	9.45335
7814	9.13013
7815	9.17005
7816	9.49059
7817	9.89335
7818	10.23534
7819	10.42249
7820	10.41861
7821	10.28321
7822	10.10053
7823	9.90963
7824	9.68038
7825	9.28220
7826	8.60548
7827	7.78894
7828	7.12508
7829	6.75741
7830	6.59651
7831	6.39239
7832	5.95651
7833	5.37111
7834	4.76686
7835	4.10752
7836	3.45607
7837	2.93747
7838	2.45168
7839	1.88515
7840	1.39601
7841	1.14057
7842	1.05727
7843	1.07180
7844	1.17200
7845	1.32270
7846	1.56668
7847	2.03398
7848	2.66683
7849	3.16826
7850	3.45156
7851	3.78104
7852	4.28337
7853	4.72765
7854	4.99861
7855	5.29218
7856	5.72821
7857	6.24534
7858	6.81182
7859	7.44348
7860	8.09704
7861	8.48594
7862	8.20900
7863	7.44753
7864	7.04647
7865	7.51353
7866	8.58314
7867	9.71946
7868	10.60169
7869	11.29865
7870	12.04606
7871	12.81121
7872	13.27684
7873	13.27315
7874	13.00690
7875	12.71882
7876	12.36743
7877	11.86551
7878	11.29113
7879	10.74937
7880	10.28627
7881	9.91733
7882	9.63305
7883	9.36652
7884	9.04634
7885	8.71947
7886	8.56567
7887	8.67655
7888	8.93515
7889	9.13223
7890	9.16671
7891	9.10696
7892	9.02702
7893	8.94467
7894	8.89192
7895	8.83056
7896	8.61524
7897	8.15011
7898	7.52536
7899	6.98908
7900	6.75061
7901	6.77139
7902	6.74647
7903	6.36822
7904	5.63773
7905	4.81135
7906	4.10373
7907	3.59054
7908	3.18104
7909	2.71335
7910	2.13617
7911	1.54387
7912	1.07679
7913	0.86003
7914	0.95181
7915	1.27431
7916	1.71161
7917	2.23889
7918	2.85330
7919	3.51765
7920	4.21912
7921	4.93755
7922	5.60215
7923	6.09657
7924	6.34180
7925	6.42384
7926	6.59530
7927	7.01064
7928	7.63301
7929	8.42604
7930	9.34352
7931	10.26653
7932	10.99595
7933	11.14912
7934	10.52731
7935	9.71458
7936	9.65245
7937	10.57546
7938	11.84157
7939	12.79061
7940	13.43560
7941	14.16537
7942	15.11209
7943	16.00252
7944	16.40055
7945	16.14781
7946	15.51177
7947	14.85700
7948	14.36672
7949	14.00930
7950	13.65147
7951	13.23504
7952	12.77357
7953	12.25607
7954	11.67522
7955	11.05901
7956	10.44016
7957	9.91495
7958	9.60935
7959	9.55868
7960	9.66335
7961	9.74041
7962	9.66756
7963	9.52556
7964	9.44106
7965	9.37618
7966	9.23106
7967	8.94293
7968	8.47344
7969	7.90795
7970	7.41521
7971	7.05898
7972	6.81046
7973	6.57749
7974	6.21302
7975	5.71501
7976	5.22145
7977	4.79518
7978	4.42585
7979	4.10358
7980	3.77313
7981	3.43234
7982	3.17878
7983	3.06834
7984	3.06197
7985	3.13321
7986	3.27887
7987	3.42771
7988	3.54716
7989	3.76844
7990	4.17646
7991	4.64579
7992	5.03996
7993	5.38898
7994	5.70732
7995	5.90988
7996	6.03136
7997	6.32010
7998	6.94925
7999	7.81335
8000	8.70409
8001	9.55784
8002	10.35657
8003	10.76723
8004	10.39705
8005	9.56938
8006	9.23537
8007	9.91013
8008	11.09662
8009	12.02438
8010	12.62282
8011	13.35181
8012	14.29059
8013	15.06227
8014	15.37587
8015	15.18378
8016	14.63049
8017	13.99295
8018	13.47399
8019	13.06069
8020	12.63719
8021	12.14037
8022	11.58659
8023	11.03459
8024	10.52429
8025	10.00296
8026	9.44553
8027	8.99980
8028	8.86221
8029	9.02217
8030	9.29347
8031	9.52906
8032	9.70245
8033	9.81787
8034	9.83145
8035	9.71386
8036	9.48636
8037	9.14466
8038	8.65310
8039	8.02250
8040	7.38161
8041	6.96846
8042	6.91548
8043	7.00137
8044	6.82819
8045	6.30653
8046	5.69160
8047	5.15289
8048	4.64986
8049	4.17492
8050	3.77384
8051	3.43325
8052	3.05612
8053	2.60983
8054	2.27518
8055	2.23677
8056	2.44633
8057	2.76506
8058	3.08974
8059	3.41261
8060	3.88929
8061	4.56875
8062	5.18759
8063	5.58127
8064	5.88166
8065	6.11865
8066	6.17612
8067	6.23628
8068	6.57931
8069	7.12753
8070	7.71114
8071	8.33934
8072	9.06291
8073	9.72876
8074	9.89453
8075	9.30649
8076	8.45883
8077	8.24645
8078	9.00895
8079	10.21350
8080	11.18220
8081	11.92997
8082	12.88441
8083	14.03229
8084	14.90592
8085	15.22004
8086	15.05918
8087	14.61375
8088	14.08815
8089	13.68532
8090	13.39797
8091	13.04239
8092	12.56880
8093	12.04463
8094	11.46987
8095	10.85907
8096	10.28973
8097	9.79311
8098	9.39961
8099	9.15505
8100	9.13754
8101	9.39728
8102	9.77723
8103	10.06859
8104	10.24413
8105	10.30158
8106	10.20442
8107	9.98480
8108	9.65330
8109	9.16257
8110	8.55838
8111	7.96389
8112	7.45851
8113	7.12380
8114	6.99200
8115	6.85145
8116	6.41744
8117	5.73357
8118	5.04748
8119	4.38442
8120	3.71656
8121	3.13596
8122	2.63383
8123	2.15383
8124	1.78435
8125	1.61684
8126	1.64248
8127	1.83608
8128	2.16041
8129	2.55660
8130	3.03253
8131	3.66711
8132	4.41782
8133	5.07037
8134	5.49204
8135	5.79736
8136	6.09357
8137	6.30438
8138	6.47795
8139	6.93306
8140	7.72404
8141	8.50488
8142	9.10304
8143	9.68288
8144	10.33284
8145	10.75449
8146	10.52990
8147	9.73832
8148	9.06325
8149	9.21885
8150	10.32583
8151	11.73073
8152	12.69950
8153	13.26681
8154	13.98200
8155	15.02642
8156	16.07330
8157	16.68007
8158	16.60304
8159	15.96596
8160	15.14186
8161	14.43396
8162	13.88415
8163	13.38810
8164	12.91022
8165	12.47381
8166	12.04048
8167	11.53698
8168	10.96788
8169	10.43840
8170	10.01488
8171	9.72185
8172	9.59729
8173	9.62050
8174	9.64614
8175	9.52515
8176	9.27706
8177	9.04311
8178	8.90802
8179	8.82367
8180	8.64997
8181	8.28097
8182	7.72525
8183	7.10590
8184	6.62827
8185	6.43081
8186	6.43375
8187	6.35281
8188	5.91582
8189	5.15073
8190	4.34855
8191	3.71258
8192	3.26316
8193	2.91631
8194	2.56221
8195	2.14775
8196	1.73092
8197	1.43340
8198	1.31255
8199	1.35985
8200	1.60590
8201	2.05616
8202	2.62348
8203	3.24854
8204	3.93529
8205	4.62578
8206	5.23185
8207	5.69878
8208	5.97700
8209	6.12274
8210	6.42163
8211	7.02110
8212	7.66778
8213	8.16846
8214	8.63308
8215	9.18589
8216	9.75953
8217	10.00087
8218	9.58185
8219	8.82989
8220	8.55538
8221	9.12328
8222	10.13163
8223	10.98164
8224	11.60199
8225	12.34840
8226	13.32646
8227	14.26913
8228	14.92461
8229	15.17827
8230	15.01792
8231	14.60675
8232	14.14548
8233	13.63963
8234	13.01302
8235	12.32281
8236	11.67995
8237	11.10706
8238	10.56225
8239	10.00374
8240	9.44804
8241	8.96004
8242	8.64694
8243	8.62139
8244	8.90341
8245	9.36535
8246	9.80531
8247	10.04140
8248	10.05355
8249	9.97650
8250	9.86515
8251	9.67667
8252	9.38734
8253	8.91333
8254	8.20288
8255	7.46045
8256	6.98452
8257	6.82299
8258	6.70635
8259	6.33692
8260	5.72443
8261	5.10699
8262	4.63301
8263	4.26982
8264	3.90945
8265	3.43902
8266	2.87343
8267	2.37580
8268	2.06477
8269	1.92201
8270	1.91650
8271	2.05723
8272	2.28186
8273	2.48659
8274	2.73883
8275	3.23571
8276	3.98492
8277	4.75983
8278	5.40569
8279	5.89737
8280	6.18084
8281	6.24953
8282	6.37553
8283	6.86075
8284	7.64947
8285	8.53591
8286	9.40423
8287	10.17565
8288	10.61741
8289	10.44397
8290	9.81260
8291	9.44295
8292	9.80213
8293	10.55570
8294	11.16985
8295	11.71310
8296	12.59245
8297	13.76795
8298	14.75919
8299	15.21832
8300	15.16652
8301	14.83464
8302	14.40477
8303	13.93532
8304	13.44282
8305	12.91533
8306	12.32296
8307	11.67172
8308	11.00265
8309	10.37104
8310	9.83199
8311	9.39222
8312	9.08134
8313	8.99378
8314	9.16918
8315	9.46528
8316	9.64274
8317	9.58035
8318	9.42023
8319	9.39544
8320	9.50166
8321	9.57610
8322	9.54109
8323	9.30648
8324	8.79160
8325	8.11714
8326	7.50073
8327	7.11023
8328	6.98901
8329	6.91150
8330	6.52145
8331	5.77831
8332	4.97167
8333	4.29009
8334	3.72840
8335	3.26612
8336	2.82534
8337	2.31623
8338	1.76410
8339	1.27143
8340	0.93963
8341	0.83524
8342	0.95099
8343	1.19184
8344	1.47088
8345	1.82812
8346	2.37269
8347	3.12535
8348	3.94662
8349	4.61071
8350	5.01215
8351	5.18747
8352	5.26357
8353	5.46175
8354	5.87009
8355	6.27781
8356	6.56829
8357	6.95919
8358	7.63404
8359	8.41915
8360	8.86878
8361	8.66464
8362	8.09776
8363	7.96040
8364	8.74230
8365	10.14094
8366	11.41295
8367	12.27223
8368	13.15481
8369	14.33532
8370	15.42478
8371	15.94708
8372	15.77761
8373	15.11997
8374	14.35028
8375	13.75081
8376	13.35253
8377	13.01637
8378	12.62614
8379	12.16986
8380	11.65232
8381	11.08681
8382	10.52031
8383	9.96064
8384	9.46236
8385	9.16935
8386	9.13968
8387	9.21791
8388	9.20968
8389	9.13777
8390	9.16049
8391	9.29756
8392	9.45414
8393	9.52774
8394	9.41207
8395	9.05937
8396	8.45366
8397	7.62797
8398	6.79832
8399	6.25420
8400	6.10668
8401	6.18176
8402	6.10850
8403	5.66475
8404	5.02339
8405	4.46524
8406	4.03731
8407	3.69137
8408	3.42603
8409	3.22065
8410	2.99457
8411	2.75988
8412	2.67967
8413	2.82322
8414	3.07088
8415	3.32051
8416	3.58853
8417	3.95810
8418	4.48952
8419	5.12368
8420	5.71762
8421	6.15301
8422	6.45702
8423	6.68297
8424	6.86002
8425	7.17458
8426	7.73701
8427	8.36088
8428	8.89677
8429	9.41823
8430	10.04419
8431	10.61549
8432	10.66884
8433	10.01347
8434	9.23258
8435	9.21955
8436	10.18305
8437	11.48818
8438	12.47950
8439	13.17820
8440	13.96360
8441	14.94014
8442	15.85733
8443	16.42389
8444	16.52325
8445	16.18773
8446	15.59344
8447	14.99173
8448	14.44953
8449	13.85433
8450	13.20947
8451	12.62674
8452	12.10137
8453	11.56420
8454	11.02572
8455	10.53527
8456	10.17485
8457	10.04152
8458	10.15930
8459	10.38458
8460	10.49933
8461	10.46346
8462	10.42358
8463	10.42449
8464	10.33925
8465	10.07431
8466	9.66376
8467	9.16291
8468	8.55414
8469	7.85263
8470	7.20708
8471	6.78563
8472	6.60554
8473	6.44992
8474	6.02580
8475	5.31626
8476	4.58383
8477	3.97655
8478	3.44300
8479	2.89657
8480	2.34068
8481	1.83779
8482	1.44501
8483	1.27268
8484	1.39878
8485	1.70024
8486	1.96808
8487	2.14187
8488	2.35382
8489	2.76965
8490	3.40150
8491	4.04676
8492	4.45523
8493	4.61640
8494	4.68229
8495	4.78070
8496	5.02943
8497	5.48108
8498	6.04672
8499	6.64689
8500	7.30381
8501	8.04722
8502	8.76372
8503	9.07865
8504	8.68564
8505	7.99527
8506	7.91456
8507	8.78669
8508	10.10167
8509	11.20400
8510	11.99543
8511	12.76101
8512	13.60039
8513	14.34266
8514	14.72523
8515	14.58689
8516	14.08686
8517	13.56530
8518	13.15387
8519	12.74907
8520	12.28846
8521	11.82695
8522	11.39956
8523	10.96015
8524	10.45546
8525	9.93047
8526	9.52340
8527	9.34482
8528	9.34176
8529	9.36275
8530	9.32910
8531	9.34729
8532	9.56918
8533	9.91070
8534	10.07958
8535	9.89830
8536	9.47321
8537	9.00508
8538	8.51111
8539	7.89560
8540	7.24830
8541	6.82042
8542	6.69152
8543	6.63752
8544	6.37518
8545	5.86230
8546	5.29600
8547	4.82760
8548	4.42104
8549	3.93764
8550	3.38464
8551	2.92434
8552	2.58400
8553	2.31252
8554	2.21080
8555	2.35031
8556	2.60651
8557	2.86772
8558	3.18732
8559	3.67310
8560	4.35895
8561	5.14483
8562	5.84588
8563	6.38266
8564	6.70078
8565	6.71028
8566	6.57910
8567	6.68630
8568	7.09993
8569	7.62047
8570	8.21464
8571	8.96353
8572	9.77923
8573	10.29460
8574	10.09040
8575	9.26880
8576	8.61029
8577	8.83687
8578	9.91027
8579	11.20950
8580	12.27794
8581	13.20701
8582	14.20224
8583	15.16602
8584	15.85739
8585	16.09142
8586	15.84867
8587	15.31322
8588	14.71977
8589	14.20743
8590	13.79762
8591	13.41372
8592	12.93128
8593	12.28571
8594	11.55215
8595	10.84832
8596	10.20611
8597	9.69131
8598	9.42527
8599	9.38375
8600	9.34691
8601	9.17569
8602	8.98689
8603	8.97058
8604	9.17019
8605	9.43629
8606	9.54241
8607	9.38858
8608	9.00721
8609	8.45549
8610	7.82380
8611	7.24755
8612	6.85821
8613	6.69424
8614	6.61558
8615	6.38304
8616	5.89275
8617	5.24587
8618	4.56981
8619	3.98736
8620	3.56886
8621	3.20631
8622	2.76328
8623	2.32066
8624	2.07750
8625	2.13732
8626	2.44510
8627	2.83655
8628	3.20287
8629	3.55484
8630	3.90426
8631	4.25602
8632	4.64521
8633	5.06041
8634	5.46291
8635	5.87647
8636	6.26518
8637	6.56216
8638	6.87152
8639	7.36988
8640	8.02996
8641	8.74861
8642	9.53847
8643	10.37617
8644	10.98614
8645	10.99076
8646	10.46194
8647	10.10800
8648	10.53144
8649	11.54336
8650	12.50238
8651	13.15092
8652	13.79519
8653	14.65238
8654	15.47600
8655	15.94985
8656	15.95575
8657	15.52727
8658	14.87651
8659	14.29922
8660	13.87955
8661	13.46604
8662	12.96075
8663	12.39982
8664	11.81392
8665	11.19293
8666	10.53578
8667	9.90447
8668	9.39805
8669	9.10068
8670	9.04178
8671	9.20241
8672	9.50250
8673	9.81329
8674	10.04887
8675	10.23446
8676	10.39454
8677	10.45995
8678	10.36072
8679	10.06544
8680	9.54836
8681	8.90252
8682	8.39322
8683	8.18347
8684	8.06982
8685	7.72665
8686	7.18336
8687	6.71304
8688	6.33105
8689	5.82688
8690	5.16893
8691	4.46109
8692	3.72482
8693	2.98484
8694	2.36237
8695	1.96194
8696	1.83322
8697	1.95855
8698	2.17987
8699	2.33368
8700	2.54378
8701	3.11049
8702	3.99422
8703	4.81759
8704	5.35167
8705	5.67387
8706	5.87472
8707	5.94621
8708	6.03918
8709	6.43852
8710	7.13260
8711	7.87196
8712	8.57834
8713	9.33327
8714	10.05626
8715	10.36122
8716	9.97735
8717	9.38341
8718	9.48349
8719	10.40178
8720	11.33663
8721	11.93024
8722	12.68510
8723	13.83469
8724	14.95770
8725	15.64933
8726	15.72309
8727	15.22020
8728	14.51565
8729	13.94688
8730	13.45371
8731	12.85372
8732	12.21501
8733	11.70564
8734	11.30372
8735	10.89842
8736	10.45777
8737	10.02482
8738	9.69777
8739	9.58143
8740	9.64197
8741	9.72441
8742	9.73634
8743	9.75078
8744	9.84132
8745	9.92274
8746	9.85720
8747	9.62729
8748	9.34122
8749	9.05096
8750	8.66130
8751	8.10149
8752	7.48970
8753	7.05691
8754	6.90540
8755	6.85616
8756	6.57536
8757	5.95757
8758	5.27592
8759	4.76387
8760	4.33189
8761	3.85986
8762	3.32879
8763	2.76097
8764	2.24750
8765	1.84843
8766	1.54274
8767	1.41443
8768	1.56471
8769	1.88518
8770	2.23856
8771	2.64788
8772	3.15532
8773	3.72704
8774	4.30227
8775	4.82271
8776	5.16766
8777	5.23766
8778	5.18932
8779	5.39347
8780	5.96808
8781	6.65695
8782	7.29561
8783	8.02769
8784	9.03037
8785	10.13176
8786	10.71473
8787	10.33488
8788	9.51353
8789	9.32322
8790	10.15928
8791	11.41875
8792	12.35175
8793	12.87168
8794	13.44319
8795	14.34316
8796	15.38142
8797	16.13473
8798	16.27075
8799	15.83364
8800	15.17830
8801	14.59775
8802	14.12237
8803	13.66104
8804	13.19381
8805	12.71866
8806	12.17574
8807	11.56371
8808	10.96936
8809	10.48797
8810	10.19012
8811	10.07749
8812	10.02846
8813	9.94738
8814	9.87367
8815	9.85661
8816	9.88853
8817	9.94674
8818	9.91484
8819	9.68066
8820	9.32403
8821	8.93958
8822	8.48713
8823	7.93985
8824	7.37477
8825	6.93806
8826	6.73591
8827	6.67362
8828	6.48550
8829	5.99858
8830	5.26989
8831	4.42652
8832	3.60219
8833	2.90221
8834	2.30761
8835	1.78948
8836	1.41938
8837	1.24742
8838	1.28085
8839	1.50591
8840	1.84746
8841	2.23570
8842	2.64886
8843	3.09196
8844	3.61005
8845	4.24741
8846	4.92013
8847	5.45434
8848	5.74949
8849	5.86228
8850	5.99277
8851	6.39472
8852	7.09470
8853	7.84797
8854	8.51262
8855	9.22196
8856	10.12315
8857	11.01954
8858	11.38674
8859	10.92017
8860	10.07313
8861	9.81043
8862	10.59488
8863	11.94113
8864	13.07137
8865	13.71914
8866	14.19180
8867	14.80870
8868	15.59542
8869	16.31624
8870	16.60199
8871	16.33387
8872	15.78241
8873	15.21729
8874	14.67544
8875	14.13288
8876	13.62034
8877	13.13833
8878	12.61895
8879	12.01190
8880	11.35416
8881	10.74912
8882	10.28325
8883	10.00354
8884	9.89804
8885	9.90327
8886	9.90719
8887	9.81605
8888	9.66060
8889	9.53594
8890	9.46804
8891	9.41056
8892	9.25601
8893	8.88885
8894	8.31310
8895	7.65024
8896	7.04410
8897	6.61786
8898	6.41369
8899	6.25385
8900	5.84649
8901	5.14951
8902	4.37299
8903	3.67238
8904	3.09531
8905	2.57871
8906	2.06543
8907	1.63094
8908	1.31125
8909	1.05772
8910	0.93827
8911	1.10975
8912	1.58325
8913	2.18361
8914	2.77145
8915	3.34593
8916	3.90018
8917	4.36749
8918	4.75907
8919	5.09892
8920	5.32544
8921	5.50024
8922	5.90964
8923	6.62510
8924	7.31907
8925	7.76835
8926	8.14928
8927	8.73081
8928	9.46521
8929	9.92854
8930	9.75318
8931	9.18068
8932	8.96882
8933	9.57595
8934	10.69890
8935	11.73411
8936	12.48190
8937	13.22199
8938	14.20018
8939	15.24510
8940	15.95548
8941	16.07912
8942	15.68906
8943	15.08361
8944	14.52833
8945	14.09532
8946	13.71345
8947	13.28769
8948	12.76650
8949	12.15593
8950	11.51188
8951	10.88239
8952	10.28182
8953	9.79189
8954	9.55063
8955	9.53844
8956	9.56579
8957	9.52052
8958	9.55198
8959	9.79156
8960	10.06815
8961	10.14089
8962	9.96270
8963	9.63294
8964	9.23757
8965	8.73182
8966	8.08452
8967	7.46316
8968	7.05319
8969	6.85016
8970	6.72451
8971	6.48502
8972	5.94570
8973	5.12256
8974	4.26124
8975	3.54838
8976	2.94585
8977	2.32042
8978	1.70040
8979	1.20651
8980	0.84735
8981	0.64603
8982	0.71004
8983	1.04613
8984	1.53421
8985	2.10026
8986	2.76786
8987	3.49099
8988	4.11610
8989	4.55424
8990	4.82673
8991	4.93085
8992	4.89595
8993	4.88976
8994	5.10859
8995	5.55513
8996	6.05861
8997	6.55800
8998	7.22098
8999	8.15534
9000	9.07476
9001	9.47185
9002	9.24056
9003	8.97314
9004	9.36929
9005	10.43030
9006	11.51411
9007	12.21295
9008	12.77714
9009	13.56196
9010	14.49290
9011	15.28102
9012	15.68611
9013	15.53402
9014	14.92634
9015	14.28195
9016	13.86570
9017	13.55415
9018	13.19638
9019	12.83112
9020	12.46415
9021	11.99525
9022	11.42802
9023	10.88358
9024	10.43361
9025	10.11278
9026	9.94339
9027	9.93194
9028	10.03000
9029	10.09338
9030	10.00741
9031	9.83567
9032	9.70274
9033	9.63018
9034	9.55870
9035	9.39360
9036	9.00546
9037	8.34025
9038	7.56565
9039	6.96817
9040	6.67331
9041	6.53256
9042	6.27908
9043	5.80757
9044	5.22051
9045	4.58207
9046	3.87822
9047	3.20933
9048	2.64634
9049	2.09443
9050	1.48599
9051	0.91271
9052	0.53883
9053	0.48333
9054	0.75939
9055	1.27342
9056	1.84931
9057	2.38191
9058	2.99311
9059	3.82140
9060	4.72965
9061	5.49010
9062	5.97410
9063	6.15488
9064	6.31255
9065	6.95262
9066	8.06947
9067	9.05722
9068	9.62412
9069	10.11444
9070	10.83060
9071	11.55509
9072	11.76388
9073	11.19419
9074	10.33796
9075	10.10186
9076	10.75596
9077	11.69503
9078	12.38463
9079	12.95621
9080	13.80811
9081	14.99413
9082	16.14321
9083	16.79443
9084	16.79681
9085	16.40018
9086	15.92167
9087	15.46922
9088	14.99665
9089	14.44375
9090	13.80811
9091	13.14263
9092	12.47490
9093	11.77096
9094	11.03580
9095	10.36521
9096	9.83376
9097	9.48598
9098	9.36389
9099	9.46109
9100	9.68207
9101	9.90264
9102	10.04062
9103	10.05980
9104	9.96510
9105	9.79295
9106	9.53085
9107	9.11951
9108	8.59260
9109	8.05016
9110	7.53525
9111	7.12766
9112	6.92309
9113	6.77390
9114	6.42522
9115	5.88004
9116	5.30385
9117	4.75513
9118	4.28434
9119	3.94002
9120	3.58997
9121	3.08892
9122	2.57187
9123	2.23218
9124	2.08634
9125	2.15601
9126	2.46831
9127	2.91389
9128	3.36433
9129	3.80219
9130	4.28992
9131	4.87762
9132	5.51812
9133	6.09595
9134	6.45236
9135	6.53661
9136	6.62054
9137	7.09105
9138	7.90199
9139	8.61508
9140	9.04613
9141	9.52848
9142	10.33206
9143	11.08139
9144	11.13472
9145	10.39216
9146	9.52016
9147	9.42365
9148	10.39948
9149	11.85853
9150	12.97797
9151	13.57607
9152	14.16373
9153	15.14615
9154	16.24002
9155	16.83313
9156	16.69711
9157	16.14557
9158	15.56529
9159	15.05054
9160	14.53652
9161	14.03839
9162	13.61450
9163	13.21534
9164	12.70772
9165	12.06829
9166	11.44208
9167	10.92923
9168	10.48589
9169	10.14133
9170	9.97329
9171	9.92075
9172	9.88401
9173	9.89382
9174	10.00325
9175	10.14561
9176	10.17267
9177	9.95455
9178	9.49551
9179	8.91796
9180	8.28901
9181	7.62292
9182	6.97034
9183	6.44003
9184	6.20875
9185	6.27465
9186	6.29829
9187	6.00358
9188	5.44573
9189	4.75432
9190	4.06654
9191	3.49645
9192	2.96307
9193	2.35547
9194	1.76166
9195	1.36818
9196	1.33706
9197	1.67133
9198	2.14931
9199	2.57858
9200	3.01074
9201	3.61530
9202	4.40655
9203	5.13519
9204	5.61566
9205	6.06169
9206	6.71295
9207	7.33554
9208	7.63815
9209	7.74921
9210	7.95864
9211	8.36468
9212	8.89450
9213	9.49223
9214	10.22744
9215	11.02643
9216	11.40062
9217	10.96846
9218	10.18693
9219	9.98321
9220	10.73612
9221	11.96185
9222	13.01554
9223	13.80914
9224	14.65095
9225	15.63958
9226	16.53522
9227	16.97417
9228	16.76862
9229	16.12912
9230	15.45882
9231	14.97067
9232	14.60054
9233	14.22060
9234	13.80994
9235	13.37137
9236	12.87597
9237	12.34610
9238	11.81391
9239	11.28669
9240	10.85385
9241	10.66221
9242	10.70262
9243	10.83408
9244	10.92185
9245	10.88843
9246	10.75497
9247	10.59482
9248	10.42972
9249	10.26814
9250	10.08954
9251	9.74461
9252	9.12683
9253	8.36574
9254	7.67648
9255	7.18325
9256	6.90815
9257	6.73816
9258	6.44576
9259	5.86844
9260	5.03523
9261	4.12423
9262	3.29563
9263	2.59303
9264	1.96415
9265	1.39107
9266	0.92870
9267	0.65961
9268	0.66563
9269	0.95030
9270	1.41486
9271	1.95569
9272	2.51330
9273	3.09451
9274	3.77630
9275	4.56794
9276	5.28960
9277	5.72588
9278	5.83369
9279	5.85576
9280	6.19062
9281	6.93193
9282	7.67805
9283	8.10703
9284	8.36869
9285	8.76081
9286	9.39070
9287	10.00467
9288	10.08875
9289	9.48875
9290	8.75633
9291	8.65179
9292	9.43107
9293	10.69282
9294	11.78489
9295	12.47962
9296	13.16021
9297	14.17166
9298	15.31389
9299	16.12764
9300	16.33464
9301	15.97627
9302	15.32438
9303	14.66024
9304	14.07163
9305	13.47821
9306	12.83242
9307	12.18706
9308	11.58600
9309	11.01560
9310	10.46918
9311	9.95431
9312	9.52003
9313	9.29762
9314	9.40576
9315	9.72488
9316	9.96567
9317	9.99874
9318	9.91962
9319	9.81943
9320	9.70880
9321	9.60428
9322	9.44921
9323	9.04524
9324	8.30556
9325	7.43703
9326	6.72511
9327	6.33006
9328	6.26396
9329	6.31791
9330	6.14345
9331	5.62653
9332	4.98675
9333	4.42185
9334	3.98276
9335	3.59066
9336	3.08110
9337	2.44852
9338	1.88623
9339	1.52648
9340	1.38578
9341	1.46587
9342	1.73730
9343	2.11437
9344	2.56127
9345	3.16761
9346	3.98625
9347	4.87406
9348	5.62614
9349	6.19795
9350	6.61235
9351	6.85224
9352	7.05587
9353	7.52409
9354	8.26539
9355	9.01276
9356	9.69347
9357	10.40149
9358	11.16936
9359	11.78823
9360	11.82971
9361	11.13288
9362	10.26328
9363	10.14705
9364	11.15621
9365	12.61470
9366	13.57168
9367	13.96194
9368	14.44611
9369	15.30997
9370	16.21199
9371	16.69183
9372	16.55842
9373	16.00984
9374	15.39757
9375	14.91766
9376	14.57310
9377	14.23993
9378	13.79262
9379	13.21148
9380	12.50845
9381	11.70245
9382	10.87592
9383	10.09266
9384	9.38152
9385	8.89380
9386	8.76031
9387	8.85647
9388	8.92033
9389	8.87541
9390	8.92395
9391	9.21090
9392	9.51147
9393	9.54621
9394	9.35696
9395	9.06879
9396	8.63310
9397	8.02773
9398	7.42652
9399	7.03448
9400	6.89594
9401	6.85830
9402	6.68248
9403	6.27117
9404	5.70325
9405	5.03674
9406	4.37562
9407	3.90408
9408	3.62812
9409	3.31312
9410	2.84518
9411	2.41744
9412	2.23842
9413	2.32967
9414	2.63085
9415	3.03404
9416	3.41759
9417	3.78266
9418	4.21574
9419	4.72093
9420	5.17156
9421	5.50929
9422	5.81397
9423	6.04578
9424	6.09258
9425	6.18882
9426	6.63751
9427	7.29496
9428	7.87348
9429	8.41372
9430	9.17560
9431	10.03093
9432	10.31827
9433	9.71504
9434	8.85660
9435	8.69454
9436	9.53323
9437	10.86464
9438	11.95490
9439	12.65389
9440	13.38935
9441	14.32771
9442	15.13300
9443	15.47820
9444	15.34404
9445	14.96379
9446	14.51881
9447	13.99011
9448	13.39891
9449	12.86946
9450	12.41995
9451	11.92712
9452	11.30169
9453	10.63910
9454	10.08350
9455	9.59436
9456	9.12499
9457	8.79529
9458	8.72242
9459	8.86589
9460	9.08218
9461	9.24019
9462	9.33243
9463	9.41871
9464	9.45939
9465	9.32975
9466	8.99777
9467	8.56074
9468	8.06401
9469	7.47664
9470	6.88209
9471	6.48650
9472	6.38175
9473	6.35826
9474	6.09148
9475	5.51952
9476	4.85384
9477	4.25820
9478	3.75097
9479	3.26007
9480	2.73969
9481	2.23326
9482	1.77434
9483	1.38943
9484	1.19666
9485	1.30783
9486	1.67791
9487	2.12948
9488	2.55891
9489	3.09573
9490	3.91708
9491	4.91442
9492	5.74336
9493	6.20550
9494	6.43799
9495	6.65624
9496	6.95850
9497	7.29302
9498	7.51859
9499	7.71897
9500	8.17894
9501	8.95469
9502	9.79331
9503	10.28820
9504	10.09259
9505	9.39958
9506	9.01390
9507	9.52782
9508	10.67624
9509	11.69386
9510	12.26311
9511	12.83148
9512	13.82277
9513	15.04066
9514	16.00441
9515	16.35676
9516	16.06827
9517	15.48296
9518	14.94320
9519	14.45836
9520	13.90726
9521	13.29152
9522	12.65152
9523	11.98155
9524	11.31592
9525	10.72360
9526	10.21625
9527	9.80332
9528	9.55585
9529	9.52570
9530	9.60976
9531	9.65489
9532	9.63055
9533	9.58915
9534	9.56772
9535	9.55377
9536	9.49167
9537	9.39407
9538	9.25602
9539	8.88357
9540	8.17551
9541	7.38374
9542	6.82814
9543	6.59201
9544	6.53356
9545	6.38516
9546	5.98079
9547	5.42491
9548	4.89126
9549	4.41336
9550	3.93990
9551	3.39390
9552	2.78044
9553	2.21430
9554	1.76564
9555	1.45534
9556	1.36814
9557	1.52871
9558	1.80803
9559	2.09491
9560	2.44220
9561	2.98219
9562	3.69333
9563	4.34481
9564	4.81946
9565	5.21029
9566	5.50352
9567	5.59185
9568	5.67886
9569	6.04276
9570	6.61225
9571	7.27269
9572	8.06035
9573	9.02092
9574	10.01244
9575	10.54122
9576	10.20929
9577	9.38679
9578	9.01190
9579	9.67188
9580	11.04759
9581	12.33728
9582	13.23885
9583	14.12382
9584	15.23599
9585	16.30920
9586	16.93679
9587	16.88709
9588	16.26623
9589	15.49316
9590	14.90756
9591	14.47162
9592	14.00995
9593	13.50770
9594	13.02595
9595	12.56848
9596	12.08079
9597	11.53277
9598	11.02363
9599	10.65129
9600	10.39044
9601	10.22843
9602	10.15470
9603	10.10286
9604	10.01684
9605	9.90878
9606	9.88055
9607	10.00482
9608	10.12250
9609	10.02461
9610	9.67148
9611	9.07719
9612	8.31019
9613	7.58329
9614	7.09896
9615	6.87802
9616	6.78770
9617	6.61663
9618	6.15622
9619	5.40865
9620	4.62218
9621	3.97402
9622	3.45077
9623	2.97326
9624	2.49075
9625	1.95942
9626	1.39685
9627	0.99113
9628	0.91812
9629	1.11074
9630	1.39226
9631	1.68048
9632	2.02070
9633	2.53530
9634	3.27636
9635	4.04397
9636	4.57610
9637	4.85650
9638	5.00246
9639	5.11909
9640	5.43555
9641	6.07797
9642	6.83122
9643	7.49996
9644	8.16819
9645	9.01016
9646	9.94249
9647	10.47708
9648	10.21476
9649	9.53998
9650	9.41958
9651	10.32316
9652	11.62463
9653	12.47325
9654	12.96315
9655	13.78251
9656	14.95296
9657	15.90059
9658	16.29263
9659	16.12880
9660	15.56753
9661	14.87489
9662	14.27097
9663	13.78197
9664	13.28058
9665	12.70708
9666	12.13690
9667	11.60478
9668	11.03943
9669	10.37963
9670	9.69606
9671	9.14120
9672	8.78985
9673	8.60939
9674	8.61140
9675	8.80022
9676	9.06480
9677	9.29399
9678	9.46083
9679	9.57161
9680	9.58780
9681	9.39192
9682	8.88987
9683	8.13978
9684	7.36371
9685	6.83143
9686	6.66884
9687	6.73663
9688	6.70836
9689	6.34949
9690	5.69744
9691	4.94331
9692	4.25900
9693	3.74064
9694	3.31462
9695	2.87401
9696	2.47263
9697	2.20111
9698	2.05216
9699	2.03174
9700	2.21368
9701	2.60537
9702	3.07073
9703	3.46844
9704	3.85496
9705	4.41167
9706	5.13077
9707	5.83413
9708	6.41098
9709	6.81132
9710	6.95231
9711	6.93091
9712	7.06627
9713	7.45139
9714	7.88482
9715	8.34234
9716	9.02236
9717	9.90912
9718	10.50085
9719	10.23954
9720	9.35767
9721	8.89231
9722	9.51538
9723	10.78253
9724	11.80770
9725	12.43197
9726	13.22274
9727	14.38799
9728	15.48674
9729	16.13721
9730	16.28588
9731	15.97692
9732	15.33780
9733	14.67915
9734	14.26449
9735	13.99420
9736	13.57571
9737	12.96759
9738	12.37393
9739	11.85527
9740	11.26695
9741	10.58153
9742	9.97385
9743	9.61244
9744	9.58092
9745	9.78266
9746	10.00249
9747	10.18092
9748	10.39485
9749	10.59771
9750	10.68297
9751	10.64827
9752	10.45012
9753	9.93259
9754	9.06565
9755	8.07058
9756	7.28541
9757	6.92458
9758	6.82802
9759	6.61844
9760	6.17629
9761	5.62877
9762	5.05652
9763	4.50504
9764	4.07484
9765	3.74723
9766	3.32584
9767	2.68530
9768	1.96653
9769	1.41330
9770	1.14252
9771	1.16882
9772	1.43578
9773	1.76499
9774	2.00832
9775	2.25882
9776	2.76864
9777	3.59265
9778	4.42561
9779	4.97719
9780	5.30258
9781	5.52133
9782	5.67151
9783	5.92160
9784	6.42822
9785	7.16325
9786	8.05459
9787	9.07328
9788	10.10817
9789	10.82217
9790	10.75775
9791	9.99099
9792	9.42506
9793	9.86487
9794	11.13392
9795	12.37769
9796	13.15946
9797	13.92153
9798	15.07784
9799	16.29669
9800	17.03763
9801	17.09640
9802	16.60762
9803	15.91077
9804	15.31136
9805	14.87581
9806	14.49180
9807	14.08500
9808	13.65182
9809	13.14993
9810	12.57507
9811	11.98425
9812	11.31558
9813	10.53802
9814	9.90234
9815	9.58870
9816	9.42992
9817	9.25213
9818	9.12466
9819	9.12431
9820	9.21668
9821	9.35367
9822	9.45703
9823	9.42846
9824	9.26645
9825	9.00430
9826	8.58618
9827	8.00337
9828	7.40363
9829	6.95004
9830	6.70750
9831	6.55930
9832	6.23181
9833	5.62672
9834	4.94561
9835	4.38469
9836	4.01076
9837	3.74315
9838	3.39954
9839	2.94104
9840	2.54016
9841	2.33545
9842	2.34505
9843	2.56961
9844	2.94149
9845	3.29611
9846	3.58511
9847	3.96963
9848	4.58181
9849	5.29644
9850	5.86350
9851	6.18246
9852	6.36932
9853	6.52364
9854	6.67525
9855	6.93811
9856	7.37455
9857	7.88893
9858	8.48588
9859	9.32124
9860	10.28341
9861	10.77070
9862	10.30318
9863	9.31802
9864	8.89178
9865	9.50745
9866	10.64754
9867	11.61610
9868	12.36474
9869	13.31676
9870	14.57117
9871	15.72794
9872	16.39367
9873	16.46021
9874	16.08336
9875	15.51715
9876	14.93080
9877	14.40940
9878	13.95739
9879	13.47317
9880	12.88120
9881	12.23216
9882	11.59190
9883	10.95787
9884	10.34025
9885	9.82509
9886	9.53320
9887	9.50175
9888	9.62884
9889	9.77577
9890	9.94436
9891	10.18250
9892	10.42401
9893	10.55405
9894	10.52856
9895	10.40415
9896	10.19178
9897	9.72837
9898	8.95286
9899	8.13307
9900	7.57218
9901	7.30282
9902	7.12569
9903	6.81166
9904	6.30103
9905	5.73344
9906	5.23575
9907	4.81436
9908	4.37993
9909	3.84719
9910	3.23308
9911	2.60629
9912	2.03478
9913	1.65832
9914	1.60293
9915	1.79993
9916	2.07213
9917	2.36367
9918	2.78401
9919	3.42855
9920	4.18170
9921	4.82549
9922	5.27935
9923	5.55101
9924	5.59909
9925	5.52807
9926	5.62966
9927	6.02133
9928	6.54294
9929	7.11884
9930	7.86408
9931	8.75051
9932	9.43125
9933	9.52088
9934	9.10944
9935	8.89890
9936	9.47305
9937	10.59881
9938	11.59731
9939	12.27852
9940	13.06041
9941	14.16181
9942	15.25665
9943	15.99746
9944	16.26293
9945	16.00655
9946	15.32387
9947	14.54306
9948	13.98578
9949	13.65507
9950	13.29378
9951	12.74886
9952	12.13882
9953	11.60168
9954	11.04854
9955	10.35727
9956	9.66926
9957	9.23473
9958	9.11607
9959	9.17507
9960	9.23616
9961	9.18835
9962	9.10824
9963	9.19827
9964	9.45146
9965	9.63048
9966	9.61868
9967	9.45892
9968	9.14706
9969	8.62839
9970	7.93758
9971	7.26675
9972	6.82422
9973	6.60123
9974	6.35524
9975	5.88816
9976	5.28626
9977	4.74694
9978	4.29086
9979	3.87238
9980	3.46220
9981	2.98002
9982	2.37975
9983	1.73372
9984	1.18842
9985	0.94302
9986	1.10663
9987	1.51398
9988	1.90753
9989	2.28935
9990	2.86338
9991	3.65600
9992	4.46034
9993	5.09412
9994	5.53483
9995	5.83864
9996	6.06183
9997	6.28684
9998	6.65008
9999	7.20476
10000	7.81243
10001	8.46050
10002	9.33105
10003	10.39971
10004	11.24031
10005	11.38536
10006	10.93178
10007	10.68003
10008	11.31383
10009	12.44088
10010	13.13609
10011	13.30278
10012	13.65877
10013	14.49243
10014	15.45555
10015	16.17522
10016	16.37346
10017	15.96486
10018	15.20388
10019	14.46538
10020	13.95957
10021	13.61818
10022	13.21611
10023	12.67312
10024	12.09709
10025	11.51669
10026	10.81000
10027	9.98775
10028	9.31097
10029	8.93882
10030	8.74542
10031	8.57879
10032	8.51646
10033	8.70936
10034	9.09604
10035	9.46647
10036	9.70610
10037	9.79537
10038	9.70442
10039	9.41009
10040	8.92095
10041	8.27141
10042	7.55809
10043	6.96863
10044	6.67412
10045	6.59049
10046	6.39661
10047	5.91682
10048	5.29451
10049	4.73209
10050	4.31510
10051	3.95657
10052	3.47179
10053	2.84209
10054	2.23896
10055	1.75715
10056	1.43097
10057	1.38036
10058	1.63280
10059	2.00554
10060	2.38648
10061	2.90510
10062	3.64660
10063	4.44730
10064	5.10080
10065	5.57807
10066	5.90167
10067	6.02188
10068	5.98206
10069	6.03355
10070	6.32263
10071	6.77095
10072	7.34455
10073	8.06681
10074	8.91299
10075	9.70782
10076	10.00270
10077	9.51572
10078	8.75201
10079	8.65465
10080	9.59482
10081	11.04139
10082	12.16799
10083	12.77198
10084	13.37165
10085	14.32547
10086	15.40108
10087	16.19893
10088	16.48669
10089	16.25199
10090	15.69232
10091	15.06980
10092	14.51297
10093	14.00861
10094	13.51246
10095	12.99890
10096	12.47957
10097	11.98211
10098	11.47537
10099	10.92341
10100	10.42926
10101	10.17542
10102	10.14171
10103	10.11976
10104	10.01385
10105	9.96138
10106	10.08912
10107	10.29513
10108	10.39760
10109	10.33498
10110	10.09028
10111	9.63143
10112	8.96554
10113	8.15627
10114	7.38940
10115	6.91507
10116	6.75053
10117	6.59813
10118	6.19436
10119	5.59763
10120	5.03981
10121	4.64671
10122	4.40656
10123	4.16640
10124	3.74556
10125	3.15586
10126	2.57801
10127	2.19070
10128	2.09925
10129	2.24927
10130	2.44111
10131	2.57948
10132	2.77539
10133	3.12777
10134	3.61607
10135	4.24026
10136	5.02722
10137	5.90281
10138	6.73753
10139	7.33703
10140	7.55594
10141	7.58087
10142	7.81928
10143	8.34410
10144	8.98239
10145	9.71354
10146	10.55960
10147	11.19002
10148	11.06859
10149	10.29597
10150	9.79202
10151	10.20177
10152	11.18185
10153	12.06001
10154	12.71392
10155	13.54597
10156	14.69871
10157	15.78156
10158	16.37884
10159	16.40624
10160	16.04256
10161	15.54084
10162	15.05916
10163	14.61199
10164	14.14581
10165	13.59581
10166	12.95224
10167	12.32422
10168	11.78313
10169	11.22469
10170	10.59723
10171	10.03068
10172	9.59387
10173	9.28185
10174	9.18641
10175	9.36233
10176	9.65847
10177	9.96310
10178	10.32402
10179	10.68854
10180	10.84599
10181	10.68201
10182	10.25916
10183	9.68627
10184	9.05601
10185	8.46176
10186	7.99159
10187	7.69616
10188	7.48584
10189	7.11709
10190	6.52743
10191	5.98005
10192	5.64121
10193	5.39008
10194	5.13566
10195	4.84857
10196	4.43074
10197	3.86666
10198	3.32711
10199	2.97549
10200	2.83833
10201	2.84255
10202	2.87899
10203	2.89535
10204	2.97889
10205	3.32429
10206	3.96092
10207	4.59788
10208	5.01238
10209	5.31873
10210	5.53895
10211	5.49424
10212	5.31427
10213	5.44095
10214	6.01004
10215	6.76695
10216	7.56775
10217	8.48548
10218	9.54026
10219	10.36687
10220	10.43660
10221	9.91054
10222	9.76872
10223	10.64177
10224	11.97552
10225	12.90187
10226	13.42250
10227	14.10003
10228	14.98972
10229	15.70596
10230	16.02357
10231	15.85404
10232	15.19282
10233	14.28659
10234	13.50303
10235	13.00292
10236	12.65433
10237	12.24824
10238	11.73835
10239	11.21323
10240	10.71280
10241	10.19714
10242	9.66162
10243	9.22439
10244	9.06093
10245	9.19729
10246	9.47516
10247	9.71413
10248	9.89836
10249	10.12135
10250	10.34864
10251	10.43148
10252	10.31140
10253	9.99663
10254	9.49584
10255	8.85593
10256	8.16367
10257	7.56218
10258	7.22201
10259	7.15080
10260	7.09032
10261	6.75100
10262	6.12503
10263	5.45664
10264	4.90824
10265	4.45253
10266	3.99875
10267	3.52488
10268	3.08051
10269	2.70550
10270	2.42302
10271	2.31198
10272	2.43734
10273	2.71069
10274	2.99496
10275	3.31817
10276	3.84273
10277	4.59027
10278	5.33495
10279	5.89500
10280	6.34731
10281	6.78610
10282	7.22527
10283	7.71338
10284	8.23614
10285	8.65002
10286	8.92916
10287	9.25995
10288	9.85779
10289	10.73329
10290	11.44436
10291	11.35045
10292	10.47560
10293	9.71448
10294	9.85544
10295	10.81592
10296	11.90373
10297	12.64813
10298	13.28650
10299	14.16915
10300	15.15235
10301	15.90239
10302	16.18270
10303	15.93316
10304	15.36944
10305	14.76774
10306	14.22817
10307	13.74464
10308	13.28077
10309	12.77744
10310	12.25067
10311	11.78101
10312	11.32282
10313	10.73834
10314	10.06120
10315	9.51886
10316	9.28886
10317	9.36261
10318	9.57930
10319	9.79517
10320	9.96928
10321	10.16269
10322	10.43194
10323	10.67937
10324	10.72063
10325	10.47846
10326	10.01217
10327	9.37271
10328	8.58684
10329	7.82758
10330	7.36856
10331	7.23073
10332	7.07184
10333	6.60166
10334	5.90657
10335	5.26249
10336	4.88318
10337	4.71122
10338	4.43354
10339	3.86252
10340	3.15904
10341	2.55426
10342	2.12020
10343	1.89975
10344	1.92200
10345	2.06940
10346	2.19517
10347	2.30107
10348	2.49252
10349	2.88928
10350	3.54674
10351	4.31361
10352	4.91360
10353	5.24753
10354	5.39702
10355	5.58297
10356	6.08124
10357	6.85024
10358	7.57246
10359	8.15033
10360	8.73157
10361	9.38158
10362	9.90562
10363	9.98379
10364	9.68302
10365	9.61415
10366	10.15252
10367	10.97465
10368	11.67356
10369	12.38116
10370	13.42174
10371	14.67471
10372	15.71896
10373	16.27191
10374	16.20689
10375	15.63790
10376	15.01182
10377	14.64224
10378	14.35739
10379	13.90887
10380	13.33828
10381	12.76586
10382	12.17803
10383	11.54566
10384	10.88900
10385	10.23508
10386	9.69372
10387	9.41418
10388	9.42974
10389	9.59540
10390	9.74621
10391	9.85344
10392	9.96651
10393	10.09017
10394	10.19997
10395	10.27480
10396	10.25452
10397	10.00604
10398	9.43199
10399	8.63270
10400	7.86025
10401	7.34488
10402	7.13937
10403	7.02334
10404	6.70748
10405	6.16426
10406	5.59872
10407	5.14775
10408	4.83388
10409	4.60864
10410	4.29925
10411	3.75950
10412	3.13200
10413	2.65013
10414	2.34108
10415	2.18417
10416	2.21594
10417	2.35665
10418	2.47607
10419	2.65427
10420	3.09683
10421	3.79463
10422	4.52191
10423	5.11865
10424	5.53664
10425	5.74703
10426	5.76926
10427	5.82982
10428	6.14098
10429	6.61170
10430	7.04021
10431	7.49161
10432	8.21267
10433	9.25258
10434	10.15922
10435	10.27128
10436	9.63899
10437	9.24027
10438	9.78740
10439	10.88418
10440	11.75749
10441	12.36903
10442	13.22143
10443	14.36978
10444	15.38810
10445	15.95672
10446	15.97176
10447	15.50377
10448	14.86410
10449	14.42624
10450	14.23359
10451	14.02248
10452	13.66032
10453	13.22137
10454	12.72841
10455	12.11719
10456	11.36172
10457	10.53108
10458	9.79859
10459	9.39340
10460	9.36356
10461	9.52169
10462	9.68291
10463	9.83527
10464	10.04539
10465	10.27145
10466	10.40060
10467	10.38211
10468	10.19162
10469	9.82475
10470	9.29328
10471	8.60597
10472	7.89072
10473	7.36564
10474	7.11387
10475	6.99198
10476	6.70867
10477	6.07240
10478	5.21065
10479	4.37510
10480	3.73194
10481	3.30354
10482	2.91680
10483	2.39237
10484	1.79939
10485	1.33018
10486	1.10087
10487	1.14507
10488	1.40758
10489	1.75506
10490	2.09691
10491	2.49804
10492	3.12997
10493	4.02740
10494	4.90859
10495	5.43116
10496	5.60713
10497	5.65845
10498	5.75697
10499	6.09662
10500	6.71068
10501	7.25561
10502	7.55992
10503	7.93711
10504	8.59217
10505	9.28607
10506	9.58920
10507	9.24595
10508	8.58615
10509	8.37710
10510	8.99449
10511	10.06023
10512	11.04753
10513	11.97431
10514	13.17154
10515	14.56114
10516	15.69513
10517	16.24969
10518	16.21094
10519	15.83433
10520	15.45820
10521	15.20915
10522	14.94556
10523	14.53876
10524	14.05183
10525	13.57932
10526	13.08378
10527	12.48606
10528	11.79062
10529	11.05353
10530	10.34403
10531	9.78062
10532	9.53689
10533	9.66475
10534	9.93172
10535	10.04592
10536	10.04878
10537	10.14228
10538	10.32872
10539	10.46898
10540	10.42339
10541	10.11200
10542	9.58424
10543	8.94946
10544	8.28442
10545	7.68803
10546	7.32719
10547	7.19514
10548	6.95559
10549	6.38832
10550	5.70007
10551	5.14235
10552	4.76864
10553	4.49262
10554	4.16410
10555	3.68907
10556	3.11913
10557	2.63043
10558	2.41796
10559	2.52408
10560	2.81284
10561	3.13640
10562	3.44689
10563	3.78957
10564	4.25361
10565	4.89944
10566	5.66442
10567	6.33406
10568	6.73828
10569	6.91249
10570	7.01164
10571	7.18483
10572	7.55056
10573	8.06609
10574	8.61658
10575	9.22995
10576	9.92822
10577	10.51745
10578	10.64496
10579	10.17305
10580	9.60056
10581	9.66562
10582	10.47946
10583	11.53338
10584	12.38119
10585	13.13260
10586	14.13154
10587	15.33084
10588	16.28239
10589	16.63811
10590	16.46668
10591	16.06215
10592	15.59637
10593	15.08305
10594	14.53360
10595	13.96839
10596	13.34171
10597	12.63276
10598	11.95677
10599	11.42059
10600	10.97858
10601	10.55738
10602	10.20548
10603	10.03867
10604	10.07718
10605	10.14154
10606	10.07580
10607	9.98241
10608	10.02078
10609	10.10288
10610	10.05022
10611	9.84638
10612	9.55392
10613	9.19073
10614	8.72996
10615	8.14346
10616	7.52121
10617	7.07848
10618	6.91063
10619	6.83595
10620	6.59324
10621	6.14266
10622	5.66097
10623	5.26695
10624	4.92607
10625	4.53072
10626	4.05838
10627	3.57248
10628	3.11130
10629	2.76895
10630	2.69238
10631	2.83910
10632	2.99091
10633	3.04712
10634	3.10297
10635	3.32346
10636	3.85696
10637	4.67012
10638	5.49180
10639	6.11999
10640	6.48638
10641	6.56071
10642	6.56399
10643	6.89946
10644	7.56755
10645	8.22920
10646	8.82384
10647	9.56938
10648	10.44787
10649	10.98199
10650	10.69646
10651	9.90689
10652	9.60855
10653	10.30214
10654	11.52163
10655	12.63002
10656	13.59569
10657	14.69771
10658	15.86182
10659	16.73103
10660	17.06907
10661	16.89403
10662	16.43020
10663	15.90212
10664	15.39828
10665	14.91219
10666	14.40402
10667	13.87315
10668	13.30591
10669	12.61163
10670	11.76983
10671	10.92804
10672	10.28778
10673	9.92502
10674	9.78007
10675	9.80021
10676	9.87004
10677	9.88010
10678	9.93856
10679	10.15910
10680	10.38532
10681	10.42309
10682	10.24564
10683	9.84359
10684	9.21954
10685	8.49891
10686	7.81169
10687	7.28357
10688	7.11648
10689	7.26735
10690	7.25865
10691	6.70453
10692	5.76296
10693	4.82309
10694	4.13172
10695	3.68138
10696	3.26474
10697	2.77654
10698	2.35407
10699	2.14619
10700	2.19936
10701	2.49448
10702	2.93886
10703	3.40018
10704	3.79314
10705	4.15627
10706	4.64300
10707	5.36335
10708	6.18144
10709	6.84443
10710	7.23370
10711	7.37826
10712	7.42363
10713	7.57892
10714	7.85952
10715	8.14129
10716	8.48696
10717	9.06447
10718	9.84276
10719	10.48239
10720	10.49348
10721	9.76160
10722	8.91479
10723	8.79065
10724	9.57602
10725	10.75296
10726	11.75838
10727	12.61193
10728	13.64946
10729	14.86570
10730	15.90373
10731	16.45213
10732	16.42223
10733	15.91860
10734	15.21255
10735	14.60134
10736	14.14413
10737	13.71493
10738	13.23112
10739	12.67569
10740	12.09432
10741	11.51959
10742	10.87088
10743	10.14167
10744	9.54962
10745	9.28760
10746	9.33299
10747	9.55589
10748	9.78262
10749	9.77248
10750	9.52605
10751	9.37723
10752	9.48353
10753	9.59964
10754	9.44502
10755	9.00269
10756	8.42188
10757	7.80555
10758	7.24745
10759	6.90587
10760	6.78323
10761	6.59772
10762	6.15845
10763	5.60871
10764	5.10820
10765	4.65571
10766	4.24986
10767	3.83481
10768	3.35834
10769	2.91696
10770	2.55711
10771	2.24077
10772	2.08184
10773	2.19264
10774	2.45055
10775	2.69130
10776	2.96178
10777	3.44965
10778	4.16314
10779	4.86065
10780	5.39679
10781	5.83669
10782	6.14222
10783	6.27286
10784	6.51532
10785	7.11670
10786	7.82073
10787	8.37217
10788	9.00387
10789	10.00027
10790	11.11260
10791	11.65720
10792	11.21906
10793	10.27520
10794	9.89708
10795	10.66826
10796	12.05759
10797	13.09878
10798	13.65248
10799	14.32117
10800	15.28425
10801	16.15673
10802	16.65563
10803	16.67052
10804	16.18623
10805	15.47679
10806	14.92004
10807	14.58732
10808	14.31588
10809	13.96711
10810	13.47584
10811	12.85052
10812	12.17149
10813	11.52187
10814	10.91850
10815	10.37636
10816	9.96813
10817	9.73949
10818	9.68107
10819	9.66722
10820	9.57161
10821	9.52442
10822	9.69967
10823	9.95212
10824	10.06588
10825	10.05025
10826	9.89778
10827	9.42942
10828	8.65910
10829	7.93742
10830	7.52978
10831	7.34995
10832	7.14758
10833	6.76877
10834	6.22588
10835	5.59434
10836	4.94483
10837	4.35940
10838	3.83909
10839	3.25168
10840	2.57885
10841	1.94298
10842	1.42021
10843	1.08185
10844	1.03381
10845	1.27060
10846	1.60856
10847	1.89354
10848	2.22485
10849	2.79094
10850	3.56003
10851	4.30180
10852	4.89543
10853	5.33984
10854	5.57416
10855	5.65021
10856	5.85831
10857	6.31648
10858	6.88167
10859	7.51014
10860	8.28189
10861	9.19813
10862	10.05038
10863	10.40952
10864	10.04754
10865	9.43527
10866	9.41717
10867	10.30434
10868	11.61826
10869	12.68330
10870	13.44228
10871	14.31438
10872	15.34846
10873	16.16209
10874	16.45612
10875	16.20004
10876	15.60649
10877	14.99103
10878	14.53140
10879	14.19287
10880	13.84251
10881	13.42020
10882	12.99270
10883	12.57416
10884	12.05111
10885	11.39376
10886	10.72687
10887	10.18655
10888	9.85870
10889	9.78475
10890	9.88762
10891	10.00315
10892	9.95279
10893	9.69140
10894	9.42282
10895	9.32977
10896	9.33243
10897	9.28175
10898	9.07073
10899	8.60921
10900	7.94400
10901	7.28931
10902	6.88424
10903	6.74866
10904	6.58751
10905	6.12325
10906	5.39232
10907	4.63112
10908	4.02583
10909	3.58289
10910	3.12022
10911	2.51834
10912	1.87970
10913	1.31661
10914	0.84348
10915	0.56581
10916	0.63827
10917	1.01487
10918	1.48638
10919	1.94910
10920	2.48623
10921	3.17475
10922	3.96955
10923	4.74521
10924	5.40915
10925	5.92013
10926	6.22072
10927	6.40433
10928	6.81707
10929	7.47749
10930	7.97022
10931	8.26001
10932	8.72066
10933	9.41798
10934	10.00181
10935	10.06807
10936	9.63366
10937	9.33496
10938	9.76617
10939	10.80604
10940	11.86172
10941	12.67403
10942	13.57560
10943	14.80873
10944	16.02372
10945	16.71263
10946	16.72019
10947	16.26310
10948	15.70547
10949	15.25877
10950	14.86218
10951	14.39805
10952	13.86219
10953	13.30141
10954	12.73963
10955	12.15747
10956	11.52756
10957	10.91263
10958	10.46903
10959	10.27083
10960	10.20255
10961	10.15371
10962	10.11365
10963	10.06587
10964	10.02812
10965	10.10169
10966	10.22710
10967	10.19938
10968	9.96206
10969	9.52003
10970	8.84308
10971	8.04995
10972	7.35791
10973	6.93639
10974	6.84577
10975	6.87213
10976	6.62728
10977	6.01272
10978	5.31494
10979	4.76033
10980	4.36082
10981	4.02452
10982	3.61064
10983	3.08939
10984	2.64308
10985	2.45460
10986	2.53492
10987	2.78078
10988	3.05276
10989	3.23766
10990	3.30296
10991	3.35905
10992	3.67206
10993	4.36711
10994	5.13174
10995	5.57983
10996	5.70552
10997	5.76352
10998	5.96621
10999	6.39512
11000	6.90184
11001	7.26362
11002	7.55047
11003	8.12642
11004	9.08615
11005	9.86473
11006	9.73991
11007	8.90826
11008	8.41278
11009	8.86178
11010	9.91934
11011	10.96413
11012	11.85110
11013	12.90221
11014	14.19079
11015	15.38239
11016	16.09132
11017	16.04863
11018	15.35772
11019	14.53638
11020	13.96403
11021	13.52663
11022	12.95681
11023	12.26837
11024	11.66850
11025	11.19055
11026	10.67578
11027	10.06947
11028	9.47905
11029	9.00565
11030	8.72860
11031	8.68542
11032	8.81853
11033	9.00803
11034	9.13193
11035	9.12946
11036	9.09708
11037	9.16845
11038	9.31229
11039	9.37274
11040	9.18561
11041	8.67076
11042	7.95526
11043	7.31102
11044	6.91691
11045	6.71058
11046	6.46117
11047	6.02911
11048	5.45716
11049	4.82932
11050	4.24453
11051	3.80078
11052	3.38868
11053	2.79980
11054	2.05603
11055	1.37306
11056	0.88956
11057	0.67723
11058	0.81760
11059	1.22269
11060	1.66736
11061	2.12424
11062	2.74395
11063	3.52127
11064	4.25725
11065	4.83455
11066	5.22278
11067	5.36779
11068	5.38221
11069	5.62551
11070	6.23887
11071	6.93955
11072	7.51681
11073	8.10627
11074	8.90105
11075	9.78747
11076	10.26977
11077	9.95910
11078	9.22177
11079	9.00605
11080	9.85272
11081	11.28614
11082	12.37558
11083	12.93115
11084	13.56855
11085	14.58259
11086	15.61559
11087	16.28835
11088	16.47106
11089	16.22660
11090	15.80264
11091	15.46921
11092	15.24349
11093	14.90378
11094	14.33425
11095	13.67957
11096	13.06818
11097	12.44101
11098	11.76630
11099	11.16008
11100	10.71548
11101	10.39354
11102	10.12584
11103	9.97474
11104	10.01732
11105	10.17112
11106	10.29077
11107	10.34348
11108	10.35510
11109	10.33161
11110	10.24676
11111	9.97747
11112	9.42219
11113	8.66001
11114	7.86974
11115	7.29084
11116	7.08843
11117	7.08460
11118	6.90676
11119	6.39869
11120	5.69383
11121	4.97590
11122	4.38281
11123	3.92135
11124	3.39815
11125	2.65720
11126	1.86209
11127	1.31520
11128	1.12383
11129	1.20985
11130	1.46434
11131	1.78849
11132	2.11557
11133	2.43910
11134	2.82644
11135	3.41817
11136	4.24813
11137	5.05549
11138	5.50800
11139	5.59247
11140	5.55880
11141	5.63724
11142	5.94969
11143	6.41454
11144	6.89576
11145	7.47875
11146	8.29347
11147	9.11116
11148	9.46290
11149	9.18180
11150	8.75163
11151	8.93660
11152	9.94818
11153	11.19438
11154	12.12818
11155	12.95744
11156	14.06632
11157	15.26040
11158	16.07054
11159	16.27272
11160	15.96208
11161	15.39550
11162	14.78795
11163	14.25425
11164	13.83664
11165	13.49092
11166	13.11688
11167	12.66494
11168	12.17066
11169	11.63106
11170	10.96967
11171	10.22297
11172	9.58735
11173	9.19610
11174	9.01116
11175	8.98228
11176	9.11333
11177	9.37619
11178	9.61850
11179	9.71575
11180	9.72324
11181	9.67505
11182	9.46708
11183	9.07382
11184	8.55323
11185	7.90210
11186	7.21188
11187	6.73161
11188	6.54018
11189	6.38433
11190	6.02440
11191	5.50026
11192	4.97404
11193	4.56885
11194	4.32052
11195	4.04809
11196	3.52063
11197	2.81144
11198	2.20216
11199	1.82453
11200	1.70516
11201	1.87418
11202	2.21888
11203	2.51488
11204	2.65354
11205	2.81310
11206	3.32113
11207	4.15834
11208	4.91694
11209	5.43072
11210	5.84780
11211	6.20151
11212	6.46276
11213	6.77915
11214	7.24065
11215	7.75879
11216	8.34736
11217	9.17246
11218	10.27066
11219	11.21572
11220	11.29819
11221	10.45396
11222	9.67082
11223	9.92257
11224	11.07478
11225	12.22623
11226	12.93669
11227	13.62731
11228	14.64918
11229	15.72289
11230	16.46756
11231	16.70594
11232	16.39724
11233	15.72538
11234	14.99344
11235	14.37808
11236	13.91778
11237	13.54305
11238	13.14076
11239	12.68819
11240	12.21286
11241	11.67793
11242	11.01573
11243	10.28121
11244	9.68088
11245	9.34330
11246	9.19979
11247	9.11843
11248	9.07429
11249	9.10662
11250	9.24885
11251	9.50709
11252	9.77367
11253	9.87067
11254	9.69573
11255	9.26159
11256	8.64849
11257	7.95687
11258	7.35649
11259	7.00289
11260	6.80965
11261	6.53905
11262	6.09950
11263	5.59474
11264	5.13471
11265	4.72332
11266	4.34794
11267	3.91557
11268	3.28294
11269	2.50375
11270	1.78968
11271	1.28535
11272	1.07318
11273	1.18662
11274	1.53828
11275	1.95377
11276	2.33259
11277	2.77277
11278	3.43165
11279	4.28143
11280	5.09186
11281	5.67122
11282	6.01833
11283	6.29772
11284	6.73719
11285	7.45921
11286	8.25679
11287	8.81840
11288	9.23364
11289	9.83012
11290	10.59863
11291	11.15435
11292	11.10615
11293	10.44184
11294	9.75608
11295	9.83645
11296	10.81009
11297	12.01902
11298	12.83597
11299	13.41321
11300	14.26310
11301	15.43270
11302	16.51605
11303	17.10397
11304	17.06201
11305	16.59114
11306	16.01216
11307	15.52117
11308	15.15887
11309	14.86685
11310	14.52036
11311	14.02313
11312	13.42011
11313	12.78864
11314	12.06548
11315	11.23020
11316	10.54735
11317	10.27749
11318	10.26305
11319	10.20294
11320	10.08753
11321	10.07494
11322	10.16864
11323	10.27462
11324	10.35507
11325	10.37975
11326	10.28097
11327	9.99409
11328	9.47046
11329	8.75883
11330	8.09157
11331	7.68114
11332	7.46163
11333	7.17670
11334	6.64116
11335	5.91125
11336	5.19101
11337	4.54659
11338	3.94700
11339	3.39487
11340	2.87075
11341	2.28057
11342	1.59066
11343	1.00412
11344	0.78842
11345	0.92982
11346	1.17433
11347	1.34292
11348	1.48851
11349	1.81441
11350	2.46844
11351	3.35584
11352	4.19130
11353	4.82966
11354	5.32655
11355	5.76421
11356	6.21382
11357	6.69750
11358	7.10763
11359	7.39623
11360	7.75545
11361	8.42926
11362	9.39395
11363	10.18513
11364	10.22392
11365	9.55866
11366	9.04120
11367	9.42350
11368	10.56459
11369	11.75033
11370	12.62629
11371	13.52146
11372	14.69112
11373	15.82329
11374	16.53549
11375	16.69858
11376	16.34836
11377	15.69834
11378	15.03391
11379	14.46641
11380	13.93481
11381	13.35605
11382	12.69830
11383	12.03734
11384	11.46845
11385	10.94925
11386	10.41142
11387	9.91895
11388	9.58599
11389	9.42766
11390	9.40520
11391	9.46587
11392	9.55964
11393	9.73733
11394	10.06697
11395	10.42634
11396	10.63385
11397	10.59458
11398	10.24025
11399	9.59328
11400	8.81202
11401	8.03897
11402	7.37978
11403	6.98605
11404	6.87863
11405	6.77325
11406	6.38966
11407	5.79680
11408	5.18020
11409	4.64147
11410	4.21080
11411	3.75916
11412	3.14753
11413	2.47700
11414	1.92287
11415	1.60612
11416	1.63243
11417	1.92482
11418	2.22931
11419	2.43819
11420	2.70317
11421	3.21202
11422	3.95977
11423	4.75251
11424	5.45195
11425	6.01818
11426	6.34509
11427	6.33725
11428	6.18376
11429	6.23846
11430	6.63818
11431	7.26687
11432	8.04797
11433	8.97228
11434	9.88848
11435	10.42771
11436	10.31365
11437	9.78872
11438	9.62342
11439	10.36319
11440	11.57056
11441	12.46366
11442	13.07539
11443	13.95677
11444	15.07753
11445	15.89682
11446	16.09143
11447	15.71186
11448	15.01659
11449	14.32406
11450	13.83577
11451	13.53354
11452	13.25928
11453	12.89365
11454	12.44876
11455	11.97238
11456	11.41013
11457	10.68500
11458	9.92653
11459	9.39880
11460	9.17374
11461	9.13430
11462	9.15066
11463	9.17402
11464	9.23960
11465	9.37732
11466	9.52842
11467	9.58631
11468	9.49154
11469	9.24557
11470	8.83240
11471	8.24213
11472	7.57985
11473	7.03222
11474	6.71825
11475	6.58835
11476	6.43162
11477	6.06713
11478	5.55845
11479	5.07289
11480	4.64787
11481	4.27241
11482	3.86122
11483	3.31322
11484	2.70865
11485	2.20049
11486	1.89352
11487	1.87250
11488	2.10213
11489	2.43421
11490	2.79260
11491	3.21687
11492	3.78108
11493	4.55456
11494	5.49805
11495	6.38469
11496	7.00464
11497	7.38770
11498	7.68190
11499	8.05473
11500	8.58896
11501	9.13340
11502	9.53146
11503	9.92498
11504	10.56286
11505	11.38919
11506	11.92403
11507	11.68628
11508	10.87336
11509	10.34792
11510	10.73061
11511	11.85626
11512	13.06778
11513	13.94983
11514	14.76498
11515	15.86382
11516	16.99557
11517	17.62773
11518	17.55587
11519	17.00165
11520	16.32189
11521	15.73378
11522	15.23823
11523	14.73352
11524	14.18736
11525	13.62410
11526	13.02828
11527	12.38820
11528	11.72375
11529	11.04743
11530	10.39561
11531	9.87126
11532	9.56634
11533	9.48772
11534	9.54130
11535	9.58942
11536	9.59579
11537	9.68934
11538	9.89033
11539	10.01023
11540	9.91496
11541	9.57604
11542	8.99320
11543	8.26066
11544	7.53088
11545	6.93664
11546	6.62741
11547	6.58577
11548	6.46521
11549	6.00483
11550	5.36712
11551	4.77913
11552	4.29904
11553	3.92071
11554	3.56792
11555	3.12313
11556	2.57790
11557	2.05095
11558	1.73980
11559	1.78528
11560	2.10499
11561	2.46955
11562	2.75543
11563	3.09232
11564	3.66588
11565	4.42915
11566	5.18867
11567	5.80338
11568	6.19967
11569	6.32849
11570	6.29758
11571	6.40862
11572	6.81837
11573	7.40230
11574	8.08646
11575	8.92747
11576	9.87134
11577	10.67113
11578	10.99170
11579	10.64795
11580	9.98683
11581	9.82513
11582	10.61798
11583	11.91720
11584	12.93663
11585	13.55228
11586	14.28403
11587	15.35369
11588	16.41865
11589	17.05418
11590	17.03516
11591	16.47864
11592	15.79409
11593	15.29370
11594	14.95641
11595	14.59469
11596	14.10221
11597	13.50218
11598	12.85287
11599	12.17074
11600	11.40736
11601	10.58788
11602	9.95993
11603	9.70829
11604	9.65572
11605	9.50774
11606	9.26404
11607	9.14103
11608	9.23652
11609	9.44822
11610	9.64362
11611	9.71543
11612	9.52701
11613	9.05852
11614	8.45591
11615	7.81539
11616	7.21253
11617	6.83660
11618	6.77112
11619	6.74570
11620	6.39968
11621	5.72383
11622	4.95404
11623	4.22921
11624	3.64224
11625	3.18829
11626	2.65957
11627	1.96092
11628	1.29978
11629	0.88651
11630	0.76604
11631	0.91608
11632	1.23643
11633	1.57104
11634	1.87131
11635	2.24437
11636	2.84103
11637	3.68056
11638	4.59159
11639	5.39408
11640	5.94619
11641	6.15894
11642	6.23009
11643	6.59581
11644	7.32474
11645	8.03256
11646	8.57626
11647	9.22146
11648	10.06272
11649	10.77654
11650	10.93644
11651	10.40528
11652	9.63814
11653	9.49769
11654	10.38711
11655	11.76259
11656	12.81879
11657	13.53751
11658	14.47377
11659	15.66045
11660	16.57703
11661	16.88309
11662	16.59537
11663	16.00759
11664	15.51194
11665	15.23825
11666	15.00956
11667	14.61841
11668	14.03230
11669	13.34856
11670	12.59530
11671	11.73808
11672	10.85909
11673	10.13108
11674	9.64135
11675	9.39654
11676	9.36117
11677	9.46042
11678	9.62731
11679	9.84995
11680	10.10795
11681	10.30636
11682	10.31274
11683	10.08162
11684	9.69798
11685	9.20361
11686	8.52072
11687	7.69845
11688	7.03541
11689	6.75555
11690	6.71318
11691	6.56124
11692	6.12627
11693	5.51659
11694	4.88211
11695	4.28726
11696	3.73691
11697	3.18332
11698	2.54785
11699	1.84942
11700	1.27107
11701	1.00677
11702	1.08363
11703	1.34564
11704	1.58751
11705	1.75000
11706	1.98815
11707	2.47435
11708	3.20217
11709	4.08280
11710	5.06780
11711	5.97681
11712	6.50094
11713	6.63654
11714	6.74916
11715	7.05022
11716	7.41168
11717	7.83494
11718	8.49944
11719	9.36397
11720	10.08077
11721	10.26476
11722	9.87292
11723	9.41767
11724	9.55452
11725	10.37066
11726	11.33212
11727	12.09571
11728	12.96455
11729	14.21496
11730	15.52388
11731	16.38016
11732	16.53135
11733	16.04920
11734	15.28802
11735	14.62686
11736	14.15480
11737	13.73275
11738	13.26865
11739	12.77054
11740	12.25397
11741	11.74162
11742	11.25012
11743	10.74158
11744	10.19131
11745	9.68476
11746	9.36262
11747	9.31032
11748	9.45960
11749	9.63264
11750	9.69979
11751	9.68102
11752	9.66593
11753	9.70957
11754	9.77642
11755	9.70348
11756	9.33123
11757	8.69585
11758	7.94768
11759	7.20748
11760	6.64627
11761	6.41339
11762	6.34598
11763	6.05518
11764	5.39425
11765	4.60240
11766	3.94496
11767	3.48398
11768	3.08054
11769	2.54444
11770	1.85756
11771	1.16179
11772	0.61246
11773	0.36773
11774	0.48312
11775	0.80738
11776	1.15291
11777	1.47173
11778	1.87886
11779	2.54662
11780	3.48660
11781	4.47945
11782	5.26354
11783	5.76489
11784	6.06603
11785	6.37004
11786	6.88461
11787	7.52768
11788	8.03168
11789	8.40746
11790	8.89454
11791	9.55044
11792	10.14821
11793	10.32489
11794	9.95949
11795	9.55326
11796	9.80230
11797	10.76870
11798	11.86709
11799	12.63159
11800	13.24450
11801	14.14556
11802	15.29556
11803	16.24429
11804	16.63028
11805	16.37685
11806	15.70512
11807	14.98771
11808	14.42228
11809	13.93106
11810	13.42203
11811	12.91928
11812	12.42064
11813	11.88726
11814	11.35904
11815	10.89277
11816	10.43812
11817	9.95253
11818	9.54742
11819	9.37908
11820	9.41434
11821	9.48492
11822	9.52394
11823	9.59289
11824	9.70977
11825	9.84430
11826	9.95709
11827	9.93034
11828	9.63553
11829	9.05485
11830	8.28754
11831	7.53634
11832	7.00878
11833	6.73728
11834	6.54812
11835	6.22175
11836	5.70923
11837	5.17818
11838	4.76150
11839	4.42747
11840	4.02760
11841	3.47565
11842	2.89042
11843	2.39280
11844	1.97898
11845	1.74117
11846	1.82813
11847	2.15974
11848	2.48729
11849	2.72347
11850	3.04082
11851	3.57688
11852	4.21463
11853	4.75334
11854	5.11967
11855	5.30550
11856	5.32163
11857	5.27273
11858	5.39308
11859	5.73833
11860	6.11767
11861	6.48955
11862	7.08563
11863	8.05911
11864	9.18552
11865	9.89392
11866	9.74495
11867	8.98856
11868	8.56075
11869	9.24609
11870	10.77660
11871	12.10216
11872	12.76990
11873	13.38915
11874	14.48300
11875	15.76076
11876	16.64136
11877	16.79499
11878	16.32746
11879	15.63211
11880	14.98565
11881	14.43855
11882	13.99314
11883	13.63075
11884	13.28243
11885	12.87156
11886	12.30604
11887	11.55675
11888	10.75955
11889	10.10882
11890	9.73374
11891	9.68450
11892	9.82661
11893	9.93805
11894	10.01860
11895	10.22758
11896	10.46950
11897	10.46775
11898	10.21639
11899	9.91236
11900	9.55145
11901	8.97311
11902	8.16877
11903	7.35981
11904	6.83834
11905	6.65637
11906	6.53384
11907	6.21756
11908	5.74601
11909	5.27030
11910	4.85217
11911	4.50880
11912	4.11188
11913	3.46242
11914	2.65543
11915	2.00753
11916	1.66962
11917	1.61733
11918	1.80417
11919	2.12493
11920	2.44784
11921	2.80879
11922	3.37977
11923	4.15219
11924	4.91610
11925	5.58974
11926	6.19759
11927	6.62908
11928	6.77368
11929	6.89586
11930	7.37127
11931	8.12311
11932	8.76690
11933	9.23242
11934	9.71730
11935	10.25560
11936	10.61103
11937	10.46516
11938	9.83017
11939	9.29260
11940	9.52549
11941	10.57822
11942	11.87294
11943	12.89822
11944	13.72221
11945	14.68940
11946	15.78418
11947	16.64721
11948	17.01247
11949	16.89248
11950	16.48621
11951	16.02036
11952	15.60365
11953	15.20569
11954	14.79931
11955	14.35842
11956	13.75652
11957	12.96117
11958	12.15820
11959	11.51647
11960	11.05525
11961	10.78821
11962	10.74119
11963	10.82372
11964	10.85517
11965	10.78626
11966	10.75544
11967	10.84528
11968	10.91667
11969	10.77789
11970	10.38029
11971	9.79533
11972	9.10528
11973	8.34231
11974	7.57148
11975	6.98117
11976	6.69625
11977	6.53572
11978	6.16357
11979	5.48106
11980	4.70446
11981	4.01728
11982	3.41114
11983	2.79298
11984	2.10770
11985	1.41508
11986	0.85760
11987	0.54060
11988	0.49304
11989	0.66861
11990	0.92229
11991	1.13610
11992	1.40793
11993	1.92154
11994	2.68093
11995	3.53660
11996	4.34613
11997	4.98471
11998	5.34729
11999	5.48096
12000	5.64222
12001	6.03068
12002	6.52459
12003	6.98231
12004	7.46409
12005	8.01185
12006	8.57296
12007	9.04191
12008	9.12304
12009	8.60323
12010	7.96126
12011	8.10020
12012	9.26960
12013	10.77197
12014	11.91251
12015	12.73827
12016	13.65106
12017	14.72410
12018	15.68079
12019	16.19618
12020	16.12424
12021	15.61529
12022	14.99812
12023	14.50208
12024	14.11015
12025	13.67061
12026	13.09423
12027	12.43579
12028	11.79514
12029	11.16924
12030	10.51754
12031	9.94878
12032	9.65790
12033	9.62705
12034	9.66422
12035	9.68201
12036	9.75222
12037	9.91976
12038	10.10630
12039	10.17299
12040	10.02401
12041	9.68175
12042	9.22787
12043	8.68733
12044	8.05878
12045	7.40822
12046	6.87079
12047	6.59922
12048	6.58342
12049	6.46531
12050	5.87893
12051	4.97425
12052	4.15628
12053	3.54760
12054	3.00904
12055	2.44252
12056	1.85292
12057	1.23988
12058	0.67068
12059	0.37988
12060	0.48376
12061	0.80797
12062	1.18494
12063	1.64163
12064	2.30347
12065	3.22725
12066	4.30007
12067	5.29241
12068	5.96567
12069	6.17938
12070	6.11444
12071	6.23936
12072	6.82774
12073	7.64071
12074	8.28353
12075	8.72113
12076	9.23446
12077	9.97770
12078	10.74977
12079	11.12468
12080	10.83079
12081	10.20659
12082	10.07606
12083	10.84448
12084	11.99493
12085	12.85974
12086	13.54096
12087	14.53871
12088	15.75484
12089	16.61488
12090	16.82982
12091	16.53569
12092	16.01571
12093	15.49086
12094	15.02114
12095	14.54872
12096	14.01050
12097	13.40338
12098	12.76506
12099	12.13183
12100	11.50651
12101	10.84664
12102	10.18425
12103	9.70762
12104	9.57294
12105	9.67578
12106	9.78760
12107	9.78807
12108	9.76480
12109	9.84898
12110	9.97296
12111	10.01520
12112	9.95449
12113	9.71243
12114	9.17199
12115	8.40589
12116	7.65130
12117	7.08601
12118	6.76790
12119	6.63063
12120	6.42854
12121	5.92113
12122	5.15890
12123	4.41400
12124	3.87023
12125	3.52202
12126	3.20057
12127	2.72361
12128	2.10294
12129	1.55765
12130	1.33089
12131	1.49763
12132	1.92702
12133	2.44412
12134	2.98435
12135	3.60206
12136	4.37597
12137	5.25912
12138	6.04572
12139	6.53986
12140	6.73485
12141	6.75840
12142	6.82476
12143	7.13252
12144	7.58654
12145	7.89025
12146	8.05576
12147	8.42358
12148	9.13848
12149	9.88947
12150	10.19153
12151	9.85415
12152	9.27017
12153	9.17242
12154	9.89543
12155	11.02914
12156	11.92644
12157	12.55931
12158	13.43401
12159	14.66036
12160	15.75974
12161	16.29762
12162	16.22397
12163	15.76148
12164	15.17580
12165	14.62247
12166	14.12717
12167	13.62889
12168	13.08002
12169	12.50827
12170	11.94165
12171	11.34447
12172	10.71361
12173	10.15906
12174	9.79210
12175	9.64700
12176	9.66636
12177	9.74617
12178	9.83431
12179	9.97183
12180	10.17210
12181	10.35830
12182	10.43798
12183	10.33102
12184	9.95815
12185	9.29689
12186	8.46111
12187	7.64082
12188	6.97427
12189	6.55907
12190	6.40618
12191	6.28876
12192	5.90501
12193	5.25635
12194	4.61665
12195	4.13262
12196	3.75231
12197	3.35062
12198	2.82701
12199	2.19947
12200	1.62271
12201	1.29695
12202	1.30914
12203	1.56608
12204	1.92497
12205	2.30637
12206	2.73184
12207	3.33382
12208	4.16423
12209	5.02327
12210	5.70081
12211	6.20309
12212	6.50654
12213	6.59729
12214	6.76590
12215	7.27373
12216	7.89928
12217	8.35845
12218	8.80920
12219	9.54458
12220	10.44100
12221	10.98123
12222	10.78820
12223	10.08413
12224	9.63279
12225	10.10545
12226	11.39876
12227	12.70774
12228	13.54222
12229	14.25409
12230	15.23374
12231	16.30173
12232	17.06526
12233	17.24497
12234	16.81744
12235	16.10911
12236	15.49856
12237	15.04682
12238	14.62022
12239	14.16352
12240	13.68549
12241	13.17220
12242	12.59618
12243	11.96869
12244	11.36869
12245	10.87353
12246	10.54927
12247	10.40644
12248	10.31885
12249	10.12256
12250	9.87055
12251	9.81933
12252	10.06198
12253	10.36210
12254	10.44144
12255	10.21180
12256	9.70844
12257	9.01075
12258	8.25478
12259	7.61080
12260	7.21300
12261	7.05051
12262	6.89419
12263	6.51862
12264	5.99758
12265	5.50613
12266	5.10155
12267	4.77337
12268	4.38967
12269	3.79807
12270	3.09827
12271	2.51129
12272	2.15928
12273	2.10069
12274	2.32222
12275	2.68299
12276	3.01506
12277	3.30600
12278	3.71056
12279	4.33954
12280	5.09212
12281	5.74335
12282	6.16016
12283	6.31713
12284	6.32482
12285	6.44716
12286	6.84752
12287	7.33213
12288	7.70013
12289	8.08311
12290	8.72677
12291	9.53365
12292	10.03607
12293	9.87284
12294	9.27842
12295	9.00117
12296	9.58697
12297	10.85671
12298	12.09037
12299	12.91712
12300	13.72637
12301	14.80840
12302	15.80814
12303	16.28918
12304	16.16081
12305	15.60489
12306	14.90740
12307	14.28765
12308	13.78425
12309	13.29437
12310	12.71470
12311	12.02729
12312	11.32111
12313	10.68533
12314	10.09721
12315	9.56859
12316	9.21697
12317	9.07831
12318	9.06543
12319	9.09301
12320	9.21510
12321	9.50080
12322	9.87628
12323	10.19995
12324	10.32059
12325	10.12354
12326	9.67394
12327	9.16327
12328	8.63328
12329	7.99345
12330	7.32354
12331	6.83467
12332	6.59321
12333	6.47360
12334	6.23506
12335	5.68507
12336	4.90747
12337	4.15082
12338	3.56045
12339	3.08477
12340	2.61115
12341	2.12174
12342	1.70890
12343	1.51638
12344	1.61337
12345	1.90544
12346	2.25373
12347	2.60409
12348	2.98046
12349	3.44763
12350	4.07304
12351	4.82810
12352	5.55575
12353	6.01524
12354	6.06386
12355	5.86394
12356	5.71781
12357	5.70496
12358	5.76582
12359	5.92862
12360	6.30765
12361	7.04696
12362	8.12617
12363	9.15507
12364	9.54167
12365	9.16998
12366	8.78700
12367	9.14781
12368	10.16323
12369	11.19933
12370	11.89061
12371	12.48843
12372	13.31557
12373	14.19829
12374	14.72423
12375	14.66380
12376	14.10275
12377	13.38258
12378	12.84231
12379	12.55481
12380	12.33353
12381	12.00779
12382	11.60346
12383	11.20981
12384	10.82379
12385	10.40190
12386	9.97022
12387	9.60440
12388	9.37119
12389	9.26158
12390	9.24221
12391	9.32359
12392	9.49078
12393	9.65074
12394	9.77069
12395	9.93650
12396	10.16386
12397	10.27715
12398	10.05839
12399	9.46637
12400	8.65017
12401	7.80324
12402	7.09909
12403	6.66553
12404	6.44802
12405	6.16709
12406	5.60319
12407	4.86675
12408	4.22782
12409	3.75970
12410	3.34115
12411	2.84632
12412	2.29038
12413	1.77554
12414	1.29932
12415	0.83829
12416	0.53231
12417	0.49326
12418	0.59833
12419	0.66966
12420	0.74659
12421	1.03962
12422	1.66331
12423	2.54482
12424	3.55815
12425	4.56673
12426	5.33759
12427	5.66558
12428	5.76027
12429	6.10847
12430	6.81556
12431	7.54579
12432	8.18035
12433	8.95955
12434	9.93395
12435	10.69759
12436	10.75765
12437	10.14630
12438	9.61112
12439	9.90790
12440	10.98466
12441	12.06470
12442	12.63515
12443	13.05335
12444	13.79050
12445	14.71213
12446	15.44698
12447	15.74215
12448	15.51947
12449	14.95552
12450	14.34826
12451	13.86144
12452	13.45173
12453	12.99054
12454	12.39918
12455	11.69920
12456	10.98669
12457	10.30589
12458	9.60202
12459	8.92620
12460	8.44474
12461	8.22950
12462	8.18990
12463	8.20865
12464	8.25860
12465	8.37879
12466	8.56036
12467	8.74470
12468	8.88291
12469	8.88500
12470	8.65543
12471	8.17571
12472	7.47160
12473	6.67151
12474	6.04446
12475	5.80263
12476	5.85170
12477	5.77391
12478	5.23310
12479	4.37463
12480	3.54574
12481	2.92583
12482	2.55182
12483	2.29453
12484	1.89160
12485	1.29380
12486	0.70743
12487	0.32675
12488	0.26692
12489	0.51639
12490	0.89548
12491	1.21111
12492	1.41402
12493	1.66268
12494	2.20762
12495	3.06363
12496	3.98358
12497	4.77955
12498	5.36079
12499	5.65292
12500	5.89438
12501	6.46508
12502	7.26616
12503	7.90367
12504	8.31169
12505	8.75661
12506	9.45452
12507	10.23876
12508	10.56363
12509	10.08415
12510	9.22717
12511	8.91689
12512	9.63156
12513	10.91147
12514	11.97572
12515	12.73137
12516	13.64655
12517	14.83717
12518	15.94477
12519	16.57981
12520	16.53341
12521	15.89915
12522	15.05754
12523	14.36754
12524	13.88336
12525	13.47045
12526	13.02167
12527	12.44247
12528	11.71458
12529	10.99203
12530	10.39288
12531	9.83347
12532	9.30836
12533	9.03567
12534	9.09444
12535	9.23824
12536	9.29720
12537	9.36039
12538	9.50162
12539	9.62726
12540	9.60489
12541	9.42009
12542	9.12674
12543	8.71187
12544	8.13051
12545	7.46417
12546	6.94624
12547	6.71067
12548	6.60308
12549	6.35769
12550	5.87452
12551	5.26656
12552	4.66410
12553	4.15959
12554	3.75856
12555	3.24271
12556	2.42822
12557	1.52484
12558	0.87851
12559	0.61594
12560	0.70156
12561	1.03007
12562	1.45499
12563	1.89553
12564	2.39182
12565	3.05522
12566	3.90051
12567	4.70446
12568	5.26645
12569	5.61420
12570	5.81562
12571	5.88691
12572	6.00490
12573	6.38352
12574	6.93649
12575	7.44774
12576	7.97310
12577	8.76309
12578	9.73551
12579	10.27589
12580	9.88294
12581	8.91992
12582	8.38085
12583	8.91601
12584	10.25179
12585	11.52216
12586	12.22825
12587	12.79941
12588	13.79492
12589	15.06394
12590	16.08668
12591	16.54235
12592	16.38845
12593	15.78858
12594	15.04852
12595	14.45905
12596	14.07160
12597	13.73566
12598	13.33311
12599	12.80995
12600	12.17357
12601	11.51793
12602	10.89297
12603	10.27409
12604	9.74229
12605	9.46670
12606	9.46942
12607	9.54957
12608	9.54989
12609	9.55074
12610	9.67505
12611	9.80985
12612	9.72731
12613	9.38731
12614	8.94318
12615	8.48402
12616	7.92074
12617	7.20206
12618	6.51772
12619	6.11532
12620	6.00646
12621	5.91319
12622	5.48130
12623	4.70921
12624	3.95962
12625	3.41510
12626	2.99925
12627	2.62257
12628	2.20371
12629	1.64804
12630	0.97851
12631	0.43309
12632	0.26934
12633	0.48619
12634	0.86719
12635	1.21859
12636	1.53789
12637	1.98536
12638	2.64437
12639	3.42073
12640	4.18250
12641	4.81438
12642	5.22262
12643	5.41062
12644	5.64663
12645	6.27981
12646	7.17532
12647	7.86324
12648	8.20729
12649	8.57525
12650	9.25103
12651	9.91913
12652	9.97400
12653	9.37186
12654	8.88405
12655	9.20275
12656	10.20865
12657	11.27283
12658	12.04983
12659	12.82649
12660	14.01508
12661	15.52426
12662	16.77593
12663	17.19866
12664	16.76291
12665	16.00046
12666	15.40131
12667	14.98838
12668	14.57348
12669	14.10629
12670	13.61063
12671	13.04425
12672	12.37844
12673	11.69087
12674	11.08062
12675	10.56935
12676	10.19100
12677	10.01717
12678	10.02757
12679	10.05591
12680	10.01148
12681	9.98473
12682	10.02260
12683	10.02310
12684	9.87783
12685	9.54395
12686	9.04334
12687	8.46108
12688	7.85594
12689	7.25206
12690	6.76175
12691	6.53127
12692	6.49207
12693	6.30753
12694	5.74904
12695	5.01050
12696	4.37294
12697	3.84073
12698	3.28220
12699	2.67384
12700	2.07366
12701	1.53955
12702	1.16654
12703	1.05567
12704	1.16831
12705	1.33785
12706	1.46232
12707	1.56932
12708	1.71278
12709	2.01417
12710	2.67369
12711	3.59705
12712	4.36026
12713	4.73081
12714	4.87769
12715	5.06618
12716	5.43095
12717	5.97958
12718	6.64230
12719	7.29749
12720	7.89045
12721	8.54737
12722	9.34132
12723	9.87909
12724	9.65987
12725	8.99696
12726	8.85480
12727	9.67200
12728	10.99790
12729	12.14007
12730	12.97391
12731	13.88483
12732	15.02593
12733	16.15150
12734	16.95062
12735	17.18337
12736	16.82911
12737	16.16545
12738	15.48788
12739	14.84911
12740	14.20214
12741	13.62115
12742	13.17420
12743	12.76116
12744	12.25684
12745	11.65886
12746	11.05085
12747	10.52199
12748	10.12088
12749	9.87530
12750	9.74952
12751	9.65165
12752	9.57227
12753	9.64391
12754	9.90329
12755	10.10228
12756	9.97249
12757	9.55130
12758	9.04454
12759	8.52051
12760	7.91088
12761	7.23971
12762	6.70337
12763	6.46513
12764	6.42636
12765	6.25170
12766	5.71184
12767	4.92386
12768	4.07139
12769	3.26009
12770	2.58481
12771	1.95935
12772	1.18952
12773	0.36229
12774	-0.22152
12775	-0.41460
12776	-0.28944
12777	0.01802
12778	0.39344
12779	0.80861
12780	1.32928
12781	2.00392
12782	2.84704
12783	3.80884
12784	4.71585
12785	5.42921
12786	5.91552
12787	6.27739
12788	6.72311
12789	7.28850
12790	7.77146
12791	8.10710
12792	8.48327
12793	9.09535
12794	9.96851
12795	10.76738
12796	10.92223
12797	10.41036
12798	10.04946
12799	10.52966
12800	11.58317
12801	12.43766
12802	12.95478
12803	13.70003
12804	14.87550
12805	16.09536
12806	16.93782
12807	17.08791
12808	16.55183
12809	15.78113
12810	15.15871
12811	14.64713
12812	14.08057
12813	13.46148
12814	12.84458
12815	12.18435
12816	11.45820
12817	10.75285
12818	10.15257
12819	9.73040
12820	9.53730
12821	9.52575
12822	9.55332
12823	9.54311
12824	9.56743
12825	9.69622
12826	9.86998
12827	10.00717
12828	10.06174
12829	9.92153
12830	9.45843
12831	8.68176
12832	7.75879
12833	6.95834
12834	6.53552
12835	6.48352
12836	6.40563
12837	5.94230
12838	5.23842
12839	4.57545
12840	4.00206
12841	3.50949
12842	3.05576
12843	2.51430
12844	1.93500
12845	1.55479
12846	1.45776
12847	1.54909
12848	1.75909
12849	2.04061
12850	2.33682
12851	2.64824
12852	3.00076
12853	3.39800
12854	3.91144
12855	4.63009
12856	5.42466
12857	6.09803
12858	6.55444
12859	6.73975
12860	6.83470
12861	7.18696
12862	7.82635
12863	8.64177
12864	9.72719
12865	10.94906
12866	11.71374
12867	11.54966
12868	10.77144
12869	10.27102
12870	10.70226
12871	11.93626
12872	13.25072
12873	14.20143
12874	15.04343
12875	16.05634
12876	17.04705
12877	17.66675
12878	17.68220
12879	17.08997
12880	16.19760
12881	15.38752
12882	14.77489
12883	14.21613
12884	13.62076
12885	13.05452
12886	12.55089
12887	12.06300
12888	11.52220
12889	10.90167
12890	10.32337
12891	9.91064
12892	9.59972
12893	9.29397
12894	9.09701
12895	9.11858
12896	9.24592
12897	9.34223
12898	9.42361
12899	9.49958
12900	9.43761
12901	9.08456
12902	8.44093
12903	7.65714
12904	6.92602
12905	6.42909
12906	6.25957
12907	6.25318
12908	6.05281
12909	5.56730
12910	5.05828
12911	4.63701
12912	4.17547
12913	3.66593
12914	3.12433
12915	2.48782
12916	1.79351
12917	1.16756
12918	0.75487
12919	0.69224
12920	0.97039
12921	1.43882
12922	1.98113
12923	2.55228
12924	3.13590
12925	3.78301
12926	4.54275
12927	5.27807
12928	5.84245
12929	6.29605
12930	6.71832
12931	7.17016
12932	7.85469
12933	8.72918
12934	9.42611
12935	9.89226
12936	10.45587
12937	11.27221
12938	11.96761
12939	11.92283
12940	11.09050
12941	10.33182
12942	10.56134
12943	11.74270
12944	13.03681
12945	13.83574
12946	14.35829
12947	15.12747
12948	16.20740
12949	17.18412
12950	17.61818
12951	17.43490
12952	16.89874
12953	16.25865
12954	15.59129
12955	14.93186
12956	14.33397
12957	13.80587
12958	13.31059
12959	12.80071
12960	12.20487
12961	11.48863
12962	10.75536
12963	10.15288
12964	9.77153
12965	9.65191
12966	9.75798
12967	9.90698
12968	9.96407
12969	9.99509
12970	10.05939
12971	10.09392
12972	9.97929
12973	9.59821
12974	8.99049
12975	8.31662
12976	7.63950
12977	7.01438
12978	6.61969
12979	6.53737
12980	6.52253
12981	6.23405
12982	5.67238
12983	5.06901
12984	4.48591
12985	3.92520
12986	3.40585
12987	2.85821
12988	2.27926
12989	1.80752
12990	1.55542
12991	1.55556
12992	1.78351
12993	2.14920
12994	2.53561
12995	2.87967
12996	3.23833
12997	3.76082
12998	4.46098
12999	5.13792
13000	5.63255
13001	5.96649
13002	6.16339
13003	6.25493
13004	6.40623
13005	6.78298
13006	7.37319
13007	8.05927
13008	8.83106
13009	9.74044
13010	10.49253
13011	10.53925
13012	9.80728
13013	8.96164
13014	8.88133
13015	9.87653
13016	11.40561
13017	12.63049
13018	13.30604
13019	13.88968
13020	14.77816
13021	15.77316
13022	16.41003
13023	16.45414
13024	15.93179
13025	15.09175
13026	14.34085
13027	13.82647
13028	13.35834
13029	12.82579
13030	12.28297
13031	11.76677
13032	11.26080
13033	10.76529
13034	10.35366
13035	10.11502
13036	10.00030
13037	9.87482
13038	9.70378
13039	9.60963
13040	9.65863
13041	9.72303
13042	9.70262
13043	9.64535
13044	9.54451
13045	9.26370
13046	8.70061
13047	7.91693
13048	7.13164
13049	6.60364
13050	6.47178
13051	6.56723
13052	6.46609
13053	5.97831
13054	5.35622
13055	4.83607
13056	4.39846
13057	3.92494
13058	3.34726
13059	2.70527
13060	2.08790
13061	1.57052
13062	1.27595
13063	1.31880
13064	1.62831
13065	2.01384
13066	2.41763
13067	2.94970
13068	3.67280
13069	4.46982
13070	5.17192
13071	5.78082
13072	6.33120
13073	6.70408
13074	6.88335
13075	7.15717
13076	7.69382
13077	8.33990
13078	8.96884
13079	9.60795
13080	10.29955
13081	10.93193
13082	11.13262
13083	10.63752
13084	9.89920
13085	9.85381
13086	10.79576
13087	11.99201
13088	12.74876
13089	13.26535
13090	14.13216
13091	15.43256
13092	16.68409
13093	17.33882
13094	17.19457
13095	16.48512
13096	15.64745
13097	15.01112
13098	14.61189
13099	14.26428
13100	13.78382
13101	13.10989
13102	12.33401
13103	11.59847
13104	10.95054
13105	10.38080
13106	9.97653
13107	9.83275
13108	9.88798
13109	9.95662
13110	9.93529
13111	9.93101
13112	10.08008
13113	10.28401
13114	10.30451
13115	10.06957
13116	9.69751
13117	9.22487
13118	8.57119
13119	7.81268
13120	7.20363
13121	6.91423
13122	6.83128
13123	6.60987
13124	6.00354
13125	5.08971
13126	4.11984
13127	3.36285
13128	2.89154
13129	2.42935
13130	1.72786
13131	0.97010
13132	0.47947
13133	0.32884
13134	0.44342
13135	0.75404
13136	1.15874
13137	1.57023
13138	2.04258
13139	2.69862
13140	3.53685
13141	4.41315
13142	5.18437
13143	5.75319
13144	6.13524
13145	6.49009
13146	6.88014
13147	7.14055
13148	7.36808
13149	7.99536
13150	9.05322
13151	10.13738
13152	10.90077
13153	11.07748
13154	10.67371
13155	10.25631
13156	10.53717
13157	11.64243
13158	12.99298
13159	13.92315
13160	14.41730
13161	14.94687
13162	15.73931
13163	16.60735
13164	17.20663
13165	17.27985
13166	16.86887
13167	16.22028
13168	15.52400
13169	14.87228
13170	14.29917
13171	13.76328
13172	13.20285
13173	12.59367
13174	11.92838
13175	11.23565
13176	10.61623
13177	10.20069
13178	10.01964
13179	9.94134
13180	9.79000
13181	9.58794
13182	9.52737
13183	9.70006
13184	9.95281
13185	10.04903
13186	9.90349
13187	9.54469
13188	8.97057
13189	8.21907
13190	7.45101
13191	6.86791
13192	6.60429
13193	6.59913
13194	6.53679
13195	6.10565
13196	5.38360
13197	4.69387
13198	4.14419
13199	3.56908
13200	2.85513
13201	2.09691
13202	1.43372
13203	0.90742
13204	0.58424
13205	0.60933
13206	0.99302
13207	1.53256
13208	2.04861
13209	2.54913
13210	3.15655
13211	3.92316
13212	4.69184
13213	5.33460
13214	5.93135
13215	6.45168
13216	6.68634
13217	6.78807
13218	7.19958
13219	7.92157
13220	8.53801
13221	8.92787
13222	9.43203
13223	10.19464
13224	10.71300
13225	10.41042
13226	9.53595
13227	9.08177
13228	9.67385
13229	10.93437
13230	12.05712
13231	12.77185
13232	13.47051
13233	14.45969
13234	15.53443
13235	16.32253
13236	16.59536
13237	16.35628
13238	15.84706
13239	15.30036
13240	14.75020
13241	14.17415
13242	13.57529
13243	12.93451
13244	12.25126
13245	11.59585
13246	11.03095
13247	10.49777
13248	9.93816
13249	9.51499
13250	9.40223
13251	9.50242
13252	9.58016
13253	9.56700
13254	9.56188
13255	9.61408
13256	9.64768
13257	9.57521
13258	9.40452
13259	9.15453
13260	8.73703
13261	8.10940
13262	7.44515
13263	6.98484
13264	6.79658
13265	6.73757
13266	6.57277
13267	6.15674
13268	5.58777
13269	5.05361
13270	4.61972
13271	4.20721
13272	3.66734
13273	2.95052
13274	2.23613
13275	1.74126
13276	1.53184
13277	1.60426
13278	1.91733
13279	2.33700
13280	2.73921
13281	3.15078
13282	3.70855
13283	4.46628
13284	5.25235
13285	5.83184
13286	6.19694
13287	6.46226
13288	6.69078
13289	6.93269
13290	7.27719
13291	7.78303
13292	8.42790
13293	9.19326
13294	10.10181
13295	10.97422
13296	11.33138
13297	10.92082
13298	10.18649
13299	9.96801
13300	10.69681
13301	11.99344
13302	13.08216
13303	13.64780
13304	14.10509
13305	14.90648
13306	15.93011
13307	16.72553
13308	16.99001
13309	16.72077
13310	16.12352
13311	15.44471
13312	14.83618
13313	14.30454
13314	13.76760
13315	13.18785
13316	12.60913
13317	12.05981
13318	11.50111
13319	10.91763
13320	10.38774
13321	10.04444
13322	9.94862
13323	10.00360
13324	9.96949
13325	9.74571
13326	9.56875
13327	9.64216
13328	9.81180
13329	9.87648
13330	9.82630
13331	9.60339
13332	9.07038
13333	8.30184
13334	7.57115
13335	7.07722
13336	6.85367
13337	6.78696
13338	6.63275
13339	6.22345
13340	5.63731
13341	5.01750
13342	4.40954
13343	3.84160
13344	3.28782
13345	2.70688
13346	2.13266
13347	1.61446
13348	1.25106
13349	1.21793
13350	1.53837
13351	1.99629
13352	2.39428
13353	2.77859
13354	3.32196
13355	4.02745
13356	4.69998
13357	5.23623
13358	5.67068
13359	6.00239
13360	6.29428
13361	6.76995
13362	7.39944
13363	7.89622
13364	8.30588
13365	8.89159
13366	9.65153
13367	10.38841
13368	10.85501
13369	10.77008
13370	10.17508
13371	9.76106
13372	10.25005
13373	11.49881
13374	12.71356
13375	13.49677
13376	14.20423
13377	15.23546
13378	16.41967
13379	17.25026
13380	17.38626
13381	16.89865
13382	16.20057
13383	15.68407
13384	15.36942
13385	15.04260
13386	14.62796
13387	14.16660
13388	13.61431
13389	12.93867
13390	12.23282
13391	11.58225
13392	11.01071
13393	10.60124
13394	10.39675
13395	10.27668
13396	10.08327
13397	9.85294
13398	9.77524
13399	9.86444
13400	9.96402
13401	10.05217
13402	10.11605
13403	9.95994
13404	9.45055
13405	8.70783
13406	7.97475
13407	7.43603
13408	7.14524
13409	6.99437
13410	6.72115
13411	6.11980
13412	5.30688
13413	4.52716
13414	3.84278
13415	3.17208
13416	2.44648
13417	1.67470
13418	0.90887
13419	0.17486
13420	-0.39455
13421	-0.54952
13422	-0.28896
13423	0.11891
13424	0.56107
13425	1.12566
13426	1.82305
13427	2.57499
13428	3.33243
13429	4.00587
13430	4.43729
13431	4.52912
13432	4.47234
13433	4.67881
13434	5.26464
13435	5.89305
13436	6.36388
13437	6.87712
13438	7.60377
13439	8.38020
13440	8.80591
13441	8.60566
13442	8.09763
13443	8.05655
13444	8.85025
13445	10.05016
13446	11.01060
13447	11.66793
13448	12.49919
13449	13.70405
13450	14.89573
13451	15.60970
13452	15.65967
13453	15.17120
13454	14.50727
13455	13.97532
13456	13.58930
13457	13.20975
13458	12.76778
13459	12.28674
13460	11.80743
13461	11.34234
13462	10.87694
13463	10.38532
13464	9.92532
13465	9.63633
13466	9.58367
13467	9.67205
13468	9.76895
13469	9.81599
13470	9.82865
13471	9.83736
13472	9.83679
13473	9.81477
13474	9.72465
13475	9.41870
13476	8.79903
13477	7.98866
13478	7.23786
13479	6.74283
13480	6.54793
13481	6.47345
13482	6.21375
13483	5.67459
13484	5.04785
13485	4.50904
13486	4.07238
13487	3.69456
13488	3.27987
13489	2.74528
13490	2.15744
13491	1.73146
13492	1.65899
13493	1.93057
13494	2.36065
13495	2.77536
13496	3.12759
13497	3.50880
13498	4.08934
13499	4.91151
13500	5.77649
13501	6.52134
13502	7.12843
13503	7.56234
13504	7.84871
13505	8.16810
13506	8.58052
13507	8.96734
13508	9.30259
13509	9.68840
13510	10.21141
13511	10.68177
13512	10.60086
13513	9.85644
13514	9.12609
13515	9.15049
13516	9.97990
13517	11.08032
13518	12.00671
13519	12.88174
13520	14.02167
13521	15.30572
13522	16.29699
13523	16.67551
13524	16.41178
13525	15.74319
13526	14.98611
13527	14.30956
13528	13.68387
13529	13.01861
13530	12.31367
13531	11.63150
13532	10.99215
13533	10.38212
13534	9.78698
13535	9.20482
13536	8.70573
13537	8.45148
13538	8.50764
13539	8.76671
13540	9.08651
13541	9.38969
13542	9.63687
13543	9.83303
13544	10.02034
13545	10.15375
13546	10.08985
13547	9.75186
13548	9.18336
13549	8.51214
13550	7.94023
13551	7.62285
13552	7.45888
13553	7.14167
13554	6.54560
13555	5.85731
13556	5.27883
13557	4.85014
13558	4.45502
13559	3.96971
13560	3.40794
13561	2.83829
13562	2.32307
13563	2.02162
13564	2.10006
13565	2.50832
13566	3.00650
13567	3.41016
13568	3.74074
13569	4.12661
13570	4.64401
13571	5.27642
13572	5.92354
13573	6.44368
13574	6.73688
13575	6.75782
13576	6.65654
13577	6.71762
13578	6.98622
13579	7.33527
13580	7.81847
13581	8.59858
13582	9.64187
13583	10.52542
13584	10.67018
13585	10.03899
13586	9.40510
13587	9.61647
13588	10.78487
13589	12.25471
13590	13.37540
13591	14.23357
13592	15.23960
13593	16.36011
13594	17.21538
13595	17.46029
13596	16.98115
13597	16.05297
13598	15.15725
13599	14.52500
13600	14.08738
13601	13.72118
13602	13.30838
13603	12.78745
13604	12.18677
13605	11.49184
13606	10.67050
13607	9.87500
13608	9.36714
13609	9.18405
13610	9.12013
13611	9.03124
13612	9.01482
13613	9.20779
13614	9.57336
13615	9.95554
13616	10.19906
13617	10.16518
13618	9.79358
13619	9.17899
13620	8.46528
13621	7.76621
13622	7.25933
13623	7.07037
13624	7.00016
13625	6.70849
13626	6.17307
13627	5.66626
13628	5.34060
13629	5.05595
13630	4.63612
13631	4.08035
13632	3.51579
13633	3.03371
13634	2.66246
13635	2.46132
13636	2.49388
13637	2.69166
13638	2.89596
13639	3.05532
13640	3.26360
13641	3.67242
13642	4.36862
13643	5.20885
13644	5.93079
13645	6.48076
13646	6.89432
13647	7.12498
13648	7.36594
13649	7.98192
13650	8.83390
13651	9.46610
13652	9.89493
13653	10.52413
13654	11.30944
13655	11.57063
13656	10.92285
13657	10.08808
13658	10.12613
13659	11.08588
13660	12.20735
13661	13.14945
13662	14.18882
13663	15.46794
13664	16.70253
13665	17.53274
13666	17.74956
13667	17.38099
13668	16.75978
13669	16.27547
13670	15.97722
13671	15.61645
13672	15.08256
13673	14.49547
13674	13.91438
13675	13.29821
13676	12.60111
13677	11.79407
13678	10.95735
13679	10.24789
13680	9.79059
13681	9.68365
13682	9.86896
13683	10.12555
13684	10.32829
13685	10.55619
13686	10.86723
13687	11.13047
13688	11.15439
13689	10.87088
13690	10.31140
13691	9.54707
13692	8.72449
13693	8.02935
13694	7.60968
13695	7.44162
13696	7.20673
13697	6.60164
13698	5.76941
13699	5.06425
13700	4.55179
13701	4.10764
13702	3.61929
13703	2.98940
13704	2.25519
13705	1.63248
13706	1.30866
13707	1.34041
13708	1.65363
13709	2.04333
13710	2.34681
13711	2.59453
13712	2.92173
13713	3.40438
13714	3.97820
13715	4.56083
13716	5.08467
13717	5.40639
13718	5.49603
13719	5.65696
13720	6.13378
13721	6.74887
13722	7.26391
13723	7.74290
13724	8.40055
13725	9.31702
13726	10.20505
13727	10.47368
13728	9.89733
13729	9.09613
13730	9.00133
13731	9.96769
13732	11.46061
13733	12.68024
13734	13.48497
13735	14.30288
13736	15.29316
13737	16.19171
13738	16.66909
13739	16.53185
13740	15.88288
13741	15.12540
13742	14.60127
13743	14.28238
13744	13.91640
13745	13.38981
13746	12.81911
13747	12.30725
13748	11.77419
13749	11.12348
13750	10.47162
13751	10.00997
13752	9.76072
13753	9.67191
13754	9.71537
13755	9.73882
13756	9.63730
13757	9.57814
13758	9.72361
13759	9.94727
13760	10.00808
13761	9.78339
13762	9.31651
13763	8.72623
13764	8.07507
13765	7.43285
13766	6.98018
13767	6.80439
13768	6.64908
13769	6.15464
13770	5.35055
13771	4.58454
13772	4.00368
13773	3.55065
13774	3.17183
13775	2.75369
13776	2.19850
13777	1.60470
13778	1.16806
13779	1.04161
13780	1.24991
13781	1.62186
13782	1.96619
13783	2.29144
13784	2.74246
13785	3.44792
13786	4.38547
13787	5.31282
13788	6.02655
13789	6.51065
13790	6.81916
13791	7.09190
13792	7.50442
13793	7.95862
13794	8.26384
13795	8.56886
13796	9.10924
13797	9.85111
13798	10.53880
13799	10.76635
13800	10.33940
13801	9.76530
13802	9.85938
13803	10.81582
13804	12.04392
13805	12.96353
13806	13.72207
13807	14.75890
13808	15.97720
13809	16.93620
13810	17.37551
13811	17.24023
13812	16.62237
13813	15.81946
13814	15.14684
13815	14.64163
13816	14.16676
13817	13.64489
13818	13.06779
13819	12.46718
13820	11.84660
13821	11.16254
13822	10.51440
13823	10.13093
13824	10.00265
13825	9.89722
13826	9.75222
13827	9.70463
13828	9.80273
13829	10.02767
13830	10.37923
13831	10.72797
13832	10.83605
13833	10.58564
13834	10.03196
13835	9.31187
13836	8.55387
13837	7.87422
13838	7.42237
13839	7.22773
13840	7.06632
13841	6.67988
13842	6.03917
13843	5.31514
13844	4.66294
13845	4.13443
13846	3.66347
13847	3.13661
13848	2.53327
13849	1.95986
13850	1.54402
13851	1.34888
13852	1.33727
13853	1.36551
13854	1.34938
13855	1.38240
13856	1.55952
13857	1.90885
13858	2.51970
13859	3.42797
13860	4.43804
13861	5.23666
13862	5.69482
13863	5.94888
13864	6.25619
13865	6.75308
13866	7.36175
13867	8.01019
13868	8.76602
13869	9.67307
13870	10.53781
13871	10.90557
13872	10.49678
13873	9.78521
13874	9.68668
13875	10.49949
13876	11.61953
13877	12.49014
13878	13.30237
13879	14.41880
13880	15.65863
13881	16.59083
13882	16.95217
13883	16.71054
13884	16.09357
13885	15.38938
13886	14.72266
13887	14.11809
13888	13.57403
13889	13.06674
13890	12.55717
13891	12.00134
13892	11.35496
13893	10.58198
13894	9.77716
13895	9.15159
13896	8.79468
13897	8.64404
13898	8.63890
13899	8.70387
13900	8.80777
13901	9.01597
13902	9.33349
13903	9.64647
13904	9.84819
13905	9.81216
13906	9.43639
13907	8.82879
13908	8.15086
13909	7.46127
13910	6.89485
13911	6.60715
13912	6.48218
13913	6.19279
13914	5.58328
13915	4.82901
13916	4.16162
13917	3.66106
13918	3.25010
13919	2.79362
13920	2.25807
13921	1.74203
13922	1.34043
13923	1.13595
13924	1.19816
13925	1.42487
13926	1.65258
13927	1.92774
13928	2.39649
13929	3.10239
13930	3.95830
13931	4.77931
13932	5.48268
13933	6.15429
13934	6.75531
13935	7.20976
13936	7.69617
13937	8.36528
13938	8.97535
13939	9.29163
13940	9.54188
13941	10.09819
13942	10.90458
13943	11.41967
13944	11.14263
13945	10.21030
13946	9.41448
13947	9.51437
13948	10.50707
13949	11.65858
13950	12.43336
13951	13.07046
13952	14.03938
13953	15.36931
13954	16.64850
13955	17.33868
13956	17.18170
13957	16.46050
13958	15.70430
13959	15.16378
13960	14.73913
13961	14.26169
13962	13.67687
13963	13.02340
13964	12.34576
13965	11.67048
13966	11.00233
13967	10.32453
13968	9.70845
13969	9.40340
13970	9.51507
13971	9.76861
13972	9.86776
13973	9.87019
13974	9.97995
13975	10.19894
13976	10.37142
13977	10.40063
13978	10.24583
13979	9.85828
13980	9.24711
13981	8.51333
13982	7.81812
13983	7.33492
13984	7.15238
13985	7.15222
13986	6.98783
13987	6.36882
13988	5.46442
13989	4.71637
13990	4.29484
13991	3.96220
13992	3.44662
13993	2.76347
13994	2.13074
13995	1.71638
13996	1.58584
13997	1.72915
13998	2.01422
13999	2.30348
14000	2.63521
14001	3.10648
14002	3.68529
14003	4.28749
14004	4.88144
14005	5.45756
14006	5.90694
14007	6.09947
14008	6.18500
14009	6.50751
14010	7.10518
14011	7.66540
14012	8.07695
14013	8.51008
14014	9.10161
14015	9.72054
14016	9.89262
14017	9.34080
14018	8.65828
14019	8.77003
14020	9.76628
14021	10.97340
14022	11.93099
14023	12.79202
14024	13.82915
14025	14.98379
14026	15.96624
14027	16.46276
14028	16.27526
14029	15.53101
14030	14.65597
14031	13.98510
14032	13.51198
14033	13.05997
14034	12.54293
14035	11.99044
14036	11.43973
14037	10.89175
14038	10.32055
14039	9.77666
14040	9.44529
14041	9.39169
14042	9.44392
14043	9.43919
14044	9.42052
14045	9.48497
14046	9.60479
14047	9.68843
14048	9.69418
14049	9.59627
14050	9.32608
14051	8.80624
14052	8.07088
14053	7.29958
14054	6.68519
14055	6.37298
14056	6.37510
14057	6.39108
14058	6.03463
14059	5.31382
14060	4.56258
14061	3.95892
14062	3.48895
14063	3.09683
14064	2.68982
14065	2.20084
14066	1.65956
14067	1.19180
14068	0.98963
14069	1.13321
14070	1.46071
14071	1.77141
14072	2.05902
14073	2.46847
14074	3.12084
14075	3.94167
14076	4.72116
14077	5.40960
14078	6.04787
14079	6.45608
14080	6.60576
14081	6.92908
14082	7.61571
14083	8.35421
14084	8.97454
14085	9.65193
14086	10.45352
14087	11.10725
14088	11.16971
14089	10.50284
14090	9.69572
14091	9.66530
14092	10.64398
14093	11.91792
14094	12.79295
14095	13.34031
14096	14.03990
14097	15.07769
14098	16.19476
14099	16.94947
14100	17.07298
14101	16.67045
14102	16.04158
14103	15.40310
14104	14.83130
14105	14.30791
14106	13.77367
14107	13.20969
14108	12.59617
14109	11.86384
14110	11.02884
14111	10.22926
14112	9.61998
14113	9.30980
14114	9.28293
14115	9.36466
14116	9.43735
14117	9.55958
14118	9.80517
14119	10.11176
14120	10.36041
14121	10.46166
14122	10.31075
14123	9.86418
14124	9.21392
14125	8.47134
14126	7.77824
14127	7.35419
14128	7.22917
14129	7.08561
14130	6.63819
14131	5.96753
14132	5.27616
14133	4.59809
14134	3.95983
14135	3.39345
14136	2.80106
14137	2.11651
14138	1.45897
14139	1.02276
14140	0.93440
14141	1.16666
14142	1.54106
14143	1.87414
14144	2.13743
14145	2.48309
14146	3.11750
14147	4.01220
14148	4.79550
14149	5.21132
14150	5.38494
14151	5.54936
14152	5.85368
14153	6.27956
14154	6.64924
14155	6.94177
14156	7.32218
14157	7.87437
14158	8.58632
14159	9.23678
14160	9.34473
14161	8.75971
14162	8.07257
14163	8.11130
14164	9.13684
14165	10.58095
14166	11.66612
14167	12.42436
14168	13.43427
14169	14.73307
14170	15.79016
14171	16.21423
14172	16.01782
14173	15.46036
14174	14.84220
14175	14.29709
14176	13.73643
14177	13.12551
14178	12.59468
14179	12.16912
14180	11.72504
14181	11.19550
14182	10.58828
14183	9.97577
14184	9.49747
14185	9.23526
14186	9.16218
14187	9.20872
14188	9.24131
14189	9.23430
14190	9.35696
14191	9.67939
14192	10.02456
14193	10.16896
14194	10.01680
14195	9.56958
14196	8.89330
14197	8.12632
14198	7.43321
14199	6.99907
14200	6.84404
14201	6.62167
14202	6.05218
14203	5.32427
14204	4.66682
14205	4.04280
14206	3.48693
14207	3.04984
14208	2.55763
14209	1.90461
14210	1.27076
14211	0.84960
14212	0.69045
14213	0.78878
14214	1.09526
14215	1.50712
14216	1.93143
14217	2.35135
14218	2.89907
14219	3.71000
14220	4.62957
14221	5.39818
14222	5.93093
14223	6.24777
14224	6.45624
14225	6.80785
14226	7.40849
14227	8.01446
14228	8.40759
14229	8.72739
14230	9.29813
14231	10.18565
14232	10.87525
14233	10.77524
14234	10.16590
14235	10.02722
14236	10.80081
14237	11.95759
14238	12.83851
14239	13.50493
14240	14.41328
14241	15.56300
14242	16.52664
14243	16.98533
14244	16.88302
14245	16.39176
14246	15.78024
14247	15.17905
14248	14.57970
14249	13.97965
14250	13.37307
14251	12.75001
14252	12.15599
14253	11.59764
14254	10.98609
14255	10.31738
14256	9.77228
14257	9.53631
14258	9.55600
14259	9.61149
14260	9.61094
14261	9.65092
14262	9.77716
14263	9.93692
14264	10.07554
14265	10.14522
14266	10.08963
14267	9.80891
14268	9.20195
14269	8.35253
14270	7.56533
14271	7.10459
14272	6.96597
14273	6.92130
14274	6.71709
14275	6.27416
14276	5.73159
14277	5.24523
14278	4.84728
14279	4.49701
14280	4.04484
14281	3.39126
14282	2.68439
14283	2.12159
14284	1.78800
14285	1.75892
14286	2.03029
14287	2.40968
14288	2.71967
14289	3.01248
14290	3.45894
14291	4.10532
14292	4.77870
14293	5.28215
14294	5.70018
14295	6.15507
14296	6.46985
14297	6.53099
14298	6.66885
14299	7.17891
14300	7.91181
14301	8.66265
14302	9.45964
14303	10.29590
14304	10.88303
14305	10.84072
14306	10.18355
14307	9.59548
14308	9.87247
14309	11.00643
14310	12.20252
14311	12.95108
14312	13.59183
14313	14.58247
14314	15.77954
14315	16.69616
14316	16.98785
14317	16.62247
14318	15.82666
14319	14.97033
14320	14.37071
14321	14.03746
14322	13.73911
14323	13.32395
14324	12.79636
14325	12.20536
14326	11.60589
14327	11.02967
14328	10.48292
14329	10.04137
14330	9.80048
14331	9.71559
14332	9.64320
14333	9.57749
14334	9.62995
14335	9.81266
14336	9.98232
14337	9.99200
14338	9.83521
14339	9.54107
14340	9.03029
14341	8.28386
14342	7.48368
14343	6.85000
14344	6.50389
14345	6.46592
14346	6.57179
14347	6.43575
14348	5.83013
14349	4.99068
14350	4.22389
14351	3.62142
14352	3.16622
14353	2.74647
14354	2.25618
14355	1.78285
14356	1.48701
14357	1.44467
14358	1.67566
14359	2.13126
14360	2.65960
14361	3.10314
14362	3.46017
14363	3.92534
14364	4.68184
14365	5.59214
14366	6.34838
14367	6.86856
14368	7.25203
14369	7.61243
14370	8.17258
14371	8.98753
14372	9.69908
14373	10.08387
14374	10.38436
14375	10.89665
14376	11.60824
14377	12.10516
14378	11.87123
14379	10.98331
14380	10.21812
14381	10.25568
14382	11.09408
14383	12.17725
14384	12.98549
14385	13.59532
14386	14.44339
14387	15.58020
14388	16.57935
14389	17.05121
14390	16.94195
14391	16.42321
14392	15.73634
14393	15.09108
14394	14.55043
14395	14.05835
14396	13.53821
14397	12.93616
14398	12.25245
14399	11.52141
14400	10.77664
14401	10.08568
14402	9.60432
14403	9.41896
14404	9.40835
14405	9.44174
14406	9.56976
14407	9.83239
14408	10.11403
14409	10.27386
14410	10.26944
14411	10.12942
14412	9.87210
14413	9.47584
14414	8.92736
14415	8.26497
14416	7.62423
14417	7.22982
14418	7.14064
14419	7.06476
14420	6.67105
14421	5.97861
14422	5.26062
14423	4.67267
14424	4.22218
14425	3.86193
14426	3.46812
14427	2.94204
14428	2.37032
14429	1.98959
14430	1.98062
14431	2.26754
14432	2.61671
14433	2.92255
14434	3.22988
14435	3.58029
14436	4.04067
14437	4.72543
14438	5.55114
14439	6.22108
14440	6.54847
14441	6.60626
14442	6.63626
14443	6.96624
14444	7.64017
14445	8.24625
14446	8.52727
14447	8.76242
14448	9.37472
14449	10.42428
14450	11.38313
14451	11.52753
14452	10.80600
14453	10.11226
14454	10.37417
14455	11.48779
14456	12.54963
14457	13.11104
14458	13.58452
14459	14.37492
14460	15.36471
14461	16.22356
14462	16.61850
14463	16.44278
14464	15.98456
14465	15.57044
14466	15.23441
14467	14.82931
14468	14.28262
14469	13.67643
14470	13.08042
14471	12.42549
14472	11.63356
14473	10.77660
14474	10.01981
14475	9.47938
14476	9.20252
14477	9.13009
14478	9.13288
14479	9.14853
14480	9.24724
14481	9.48382
14482	9.77904
14483	10.01256
14484	10.07681
14485	9.87654
14486	9.42752
14487	8.83388
14488	8.16276
14489	7.48911
14490	6.95794
14491	6.68821
14492	6.59469
14493	6.38540
14494	5.86577
14495	5.11134
14496	4.30410
14497	3.60855
14498	3.01021
14499	2.32273
14500	1.48855
14501	0.69088
14502	0.14134
14503	-0.07364
14504	0.01849
14505	0.29879
14506	0.62822
14507	0.95796
14508	1.36172
14509	1.96977
14510	2.85018
14511	3.93118
14512	4.98124
14513	5.76240
14514	6.17979
14515	6.33907
14516	6.56952
14517	7.05201
14518	7.51402
14519	7.79163
14520	8.12648
14521	8.74629
14522	9.62600
14523	10.42563
14524	10.64505
14525	10.23821
14526	9.84662
14527	10.15364
14528	11.23462
14529	12.57322
14530	13.61001
14531	14.30057
14532	15.05700
14533	16.07773
14534	17.07249
14535	17.63340
14536	17.58797
14537	17.08898
14538	16.48989
14539	16.01110
14540	15.59523
14541	15.13578
14542	14.62827
14543	14.09431
14544	13.51228
14545	12.80251
14546	11.90645
14547	10.97515
14548	10.29952
14549	9.94891
14550	9.71803
14551	9.52457
14552	9.50642
14553	9.70673
14554	9.99938
14555	10.30294
14556	10.53392
14557	10.52772
14558	10.17959
14559	9.53585
14560	8.76858
14561	8.04922
14562	7.39750
14563	6.78546
14564	6.35112
14565	6.20040
14566	6.08953
14567	5.66779
14568	4.92251
14569	4.12622
14570	3.45592
14571	2.95793
14572	2.63587
14573	2.38138
14574	2.06494
14575	1.72497
14576	1.50634
14577	1.49717
14578	1.67906
14579	1.96385
14580	2.22101
14581	2.37690
14582	2.55404
14583	2.96535
14584	3.63624
14585	4.35689
14586	4.93530
14587	5.37819
14588	5.71044
14589	5.89438
14590	5.99979
14591	6.17287
14592	6.33931
14593	6.34507
14594	6.37936
14595	6.79607
14596	7.64466
14597	8.56180
14598	8.98887
14599	8.67168
14600	8.03727
14601	7.83659
14602	8.44380
14603	9.54538
14604	10.50732
14605	11.04308
14606	11.44901
14607	12.07311
14608	12.93192
14609	13.88839
14610	14.71239
14611	15.09475
14612	14.93242
14613	14.47798
14614	14.07700
14615	13.84050
14616	13.65565
14617	13.37661
14618	12.92979
14619	12.34350
14620	11.71046
14621	11.09985
14622	10.48269
14623	9.81509
14624	9.19260
14625	8.75373
14626	8.49898
14627	8.37732
14628	8.34803
14629	8.36786
14630	8.43431
14631	8.56632
14632	8.69162
14633	8.74978
14634	8.79101
14635	8.77947
14636	8.58445
14637	8.17070
14638	7.57215
14639	6.88658
14640	6.32115
14641	6.00161
14642	5.84451
14643	5.71747
14644	5.51329
14645	5.13222
14646	4.58832
14647	4.01536
14648	3.50049
14649	3.06526
14650	2.68779
14651	2.30882
14652	1.91462
14653	1.59466
14654	1.40608
14655	1.29451
14656	1.24592
14657	1.32478
14658	1.48233
14659	1.56179
14660	1.55272
14661	1.64806
14662	2.03612
14663	2.68246
14664	3.34211
14665	3.82522
14666	4.15295
14667	4.45524
14668	4.89494
14669	5.53111
14670	6.17081
14671	6.49690
14672	6.45858
14673	6.39096
14674	6.66286
14675	7.28771
14676	7.93725
14677	8.28033
14678	8.18240
14679	7.71536
14680	7.16047
14681	6.90381
14682	7.25086
14683	8.21407
14684	9.34411
14685	10.15002
14686	10.66701
14687	11.22474
14688	11.89506
14689	12.48754
14690	12.79700
14691	12.79272
14692	12.63348
14693	12.50119
14694	12.51058
14695	12.66242
14696	12.83868
14697	12.93005
14698	12.87683
14699	12.62095
14700	12.16881
14701	11.62499
14702	11.09286
14703	10.61192
14704	10.17480
14705	9.74582
14706	9.30232
14707	8.87884
14708	8.55635
14709	8.41282
14710	8.43724
14711	8.55357
14712	8.69239
14713	8.79812
14714	8.81758
14715	8.72863
14716	8.51859
14717	8.18527
14718	7.76445
14719	7.31498
14720	6.87973
14721	6.44988
14722	5.98647
14723	5.47105
14724	4.94942
14725	4.51598
14726	4.21802
14727	4.02792
14728	3.89544
14729	3.76267
14730	3.58000
14731	3.34079
14732	3.06197
14733	2.76328
14734	2.50125
14735	2.36396
14736	2.39252
14737	2.54499
14738	2.75176
14739	2.94101
14740	3.04292
14741	3.01531
14742	2.88580
14743	2.70635
14744	2.50600
14745	2.28025
14746	2.03942
14747	1.82692
14748	1.62433
14749	1.38908
14750	1.18812
14751	1.09327
14752	1.06092
14753	1.01897
14754	0.94927
14755	0.87380
14756	0.77423
14757	0.58046
14758	0.23961
14759	-0.17334
14760	-0.49409
14761	-0.66306
14762	-0.78057
14763	-0.84330
14764	-0.63910
14765	-0.11359
14766	0.46242
14767	0.87096
14768	1.19206
14769	1.52843
14770	1.69121
14771	1.38729
14772	0.72073
14773	0.21133
14774	0.16982
14775	0.36498
14776	0.53140
14777	0.86008
14778	1.67082
14779	2.86998
14780	3.99838
14781	4.79865
14782	5.47580
14783	6.30647
14784	7.25148
14785	8.11144
14786	8.78684
14787	9.25636
14788	9.51284
14789	9.63232
14790	9.72929
14791	9.82505
14792	9.89851
14793	9.97342
14794	10.05217
14795	10.08778
14796	10.05954
14797	10.00371
14798	9.96977
14799	9.94983
14800	9.87563
14801	9.71411
14802	9.53431
14803	9.43170
14804	9.39498
14805	9.32912
14806	9.20100
14807	9.05151
14808	8.89691
14809	8.72266
14810	8.53746
14811	8.37374
14812	8.24612
14813	8.16222
14814	8.10563
14815	8.05742
14816	8.01208
14817	7.96566
14818	7.92773
14819	7.93454
14820	8.00496
14821	8.12779
14822	8.29543
14823	8.47573
14824	8.59504
14825	8.60777
14826	8.52707
14827	8.39154
14828	8.23658
14829	8.05654
14830	7.82612
14831	7.57964
14832	7.36840
14833	7.18795
14834	7.04330
14835	6.96014
14836	6.89284
14837	6.76589
14838	6.58011
14839	6.38447
14840	6.18864
14841	5.95364
14842	5.66393
14843	5.36051
14844	5.09300
14845	4.88260
14846	4.71120
14847	4.53404
14848	4.32757
14849	4.10430
14850	3.88692
14851	3.69291
14852	3.54382
14853	3.45124
14854	3.43169
14855	3.48249
14856	3.57820
14857	3.67993
14858	3.73645
14859	3.70415
14860	3.58008
14861	3.40297
14862	3.22075
14863	3.08520
14864	3.02402
14865	2.99274
14866	2.93816
14867	2.84200
14868	2.68220
14869	2.47930
14870	2.32755
14871	2.26586
14872	2.18099
14873	1.97982
14874	1.74218
14875	1.58238
14876	1.46571
14877	1.31542
14878	1.18031
14879	1.16186
14880	1.22413
14881	1.27300
14882	1.31923
14883	1.44111
14884	1.66862
14885	1.90646
14886	1.98080
14887	1.86432
14888	1.74354
14889	1.76451
14890	1.90492
14891	2.06905
14892	2.17473
14893	2.23275
14894	2.37880
14895	2.73673
14896	3.27262
14897	3.86829
14898	4.47031
14899	5.07880
14900	5.61828
14901	6.01235
14902	6.31011
14903	6.62590
14904	6.97923
14905	7.31122
14906	7.57657
14907	7.76469
14908	7.89642
14909	8.00435
14910	8.09755
14911	8.16612
14912	8.23417
14913	8.32458
14914	8.42036
14915	8.50429
14916	8.55680
14917	8.56867
14918	8.58207
14919	8.59357
14920	8.50193
14921	8.27356
14922	8.01279
14923	7.80969
14924	7.65356
14925	7.50200
14926	7.34516
14927	7.20396
14928	7.08841
14929	6.98176
14930	6.86860
14931	6.73093
14932	6.55569
14933	6.36661
14934	6.18001
14935	6.00634
14936	5.84720
14937	5.70754
14938	5.59890
14939	5.51273
14940	5.42884
14941	5.35397
14942	5.30632
14943	5.28818
14944	5.29966
14945	5.35039
14946	5.43293
14947	5.52451
14948	5.62666
14949	5.75611
14950	5.90504
14951	6.03862
14952	6.12084
14953	6.13408
14954	6.09459
14955	6.05252
14956	6.04773
14957	6.08972
14958	6.15712
14959	6.16782
14960	6.05045
14961	5.83556
14962	5.58363
14963	5.32961
14964	5.12264
14965	5.01289
14966	5.00171
14967	5.03843
14968	5.07309
14969	5.10448
14970	5.13371
14971	5.10134
14972	4.94551
14973	4.67994
14974	4.37008
14975	4.08399
14976	3.86154
14977	3.71343
14978	3.63309
14979	3.63709
14980	3.72902
14981	3.85565
14982	3.91767
14983	3.86585
14984	3.74694
14985	3.59323
14986	3.37872
14987	3.14485
14988	3.00546
14989	2.93043
14990	2.76301
14991	2.54625
14992	2.45214
14993	2.43869
14994	2.36841
14995	2.24160
14996	2.12179
14997	2.05404
14998	2.06352
14999	2.14187
15000	2.26587
15001	2.40180
15002	2.49444
15003	2.54343
15004	2.62693
15005	2.77771
15006	2.95411
15007	3.14287
15008	3.38060
15009	3.67665
15010	3.97045
15011	4.19488
15012	4.35230
15013	4.46637
15014	4.50984
15015	4.43792
15016	4.30688
15017	4.25253
15018	4.33199
15019	4.42043
15020	4.36503
15021	4.19163
15022	4.08082
15023	4.19862
15024	4.59854
15025	5.20280
15026	5.85326
15027	6.45900
15028	7.03532
15029	7.50480
15030	7.73800
15031	7.79927
15032	7.88391
15033	8.07010
15034	8.30311
15035	8.52855
15036	8.72261
15037	8.85372
15038	8.92854
15039	8.97782
15040	9.00476
15041	9.04002
15042	9.11690
15043	9.17814
15044	9.16648
15045	9.11977
15046	9.08332
15047	9.02786
15048	8.90400
15049	8.73833
15050	8.61692
15051	8.56754
15052	8.52076
15053	8.41755
15054	8.28143
15055	8.14369
15056	7.99387
15057	7.83110
15058	7.68135
15059	7.54433
15060	7.38513
15061	7.23721
15062	7.15060
15063	7.10794
15064	7.07686
15065	7.06392
15066	7.07490
15067	7.09566
15068	7.11561
15069	7.13637
15070	7.16294
15071	7.20209
15072	7.25734
15073	7.33535
15074	7.45862
15075	7.61910
15076	7.74598
15077	7.77035
15078	7.68940
15079	7.56004
15080	7.42871
15081	7.28496
15082	7.11399
15083	6.94103
15084	6.80180
15085	6.69997
15086	6.59764
15087	6.46335
15088	6.30139
15089	6.10669
15090	5.86185
15091	5.59196
15092	5.35780
15093	5.19638
15094	5.09166
15095	4.99891
15096	4.88908
15097	4.75656
15098	4.59174
15099	4.37768
15100	4.12849
15101	3.89358
15102	3.68584
15103	3.45879
15104	3.19716
15105	2.95904
15106	2.79965
15107	2.72558
15108	2.72117
15109	2.76636
15110	2.82333
15111	2.88403
15112	2.95150
15113	3.01781
15114	3.07782
15115	3.12639
15116	3.15157
15117	3.15424
15118	3.15605
15119	3.17363
15120	3.21192
15121	3.27235
15122	3.34739
15123	3.43976
15124	3.57015
15125	3.73788
15126	3.91609
15127	4.07638
15128	4.18546
15129	4.23000
15130	4.23654
15131	4.23182
15132	4.22742
15133	4.22213
15134	4.19953
15135	4.16130
15136	4.12197
15137	4.07031
15138	3.99037
15139	3.88998
15140	3.79545
15141	3.72977
15142	3.68969
15143	3.68157
15144	3.75903
15145	3.91745
15146	3.99463
15147	3.88053
15148	3.68111
15149	3.57438
15150	3.60539
15151	3.69412
15152	3.77465
15153	3.88028
15154	4.07992
15155	4.47660
15156	5.15405
15157	5.98017
15158	6.61880
15159	6.90249
15160	6.97707
15161	7.00847
15162	7.01894
15163	7.00567
15164	6.98227
15165	6.93393
15166	6.86278
15167	6.82725
15168	6.87354
15169	6.97470
15170	7.07888
15171	7.17338
15172	7.27039
15173	7.36643
15174	7.42650
15175	7.39078
15176	7.25302
15177	7.12173
15178	7.04775
15179	6.93793
15180	6.78186
15181	6.65395
15182	6.53295
15183	6.39733
15184	6.29370
15185	6.21841
15186	6.13005
15187	6.03239
15188	5.93624
15189	5.82392
15190	5.70064
15191	5.60944
15192	5.54712
15193	5.48940
15194	5.45859
15195	5.48332
15196	5.50881
15197	5.48075
15198	5.42359
15199	5.37528
15200	5.34513
15201	5.33257
15202	5.33753
15203	5.37239
15204	5.46538
15205	5.62019
15206	5.79672
15207	5.97025
15208	6.16022
15209	6.36098
15210	6.52298
15211	6.62852
15212	6.69765
15213	6.74567
15214	6.79314
15215	6.86399
15216	6.97116
15217	7.11556
15218	7.26870
15219	7.37406
15220	7.38642
15221	7.28783
15222	7.08499
15223	6.81965
15224	6.55073
15225	6.33480
15226	6.21926
15227	6.19827
15228	6.21414
15229	6.21678
15230	6.16809
15231	6.04075
15232	5.83758
15233	5.54260
15234	5.12076
15235	4.61439
15236	4.11058
15237	3.65010
15238	3.27153
15239	3.01746
15240	2.87679
15241	2.82728
15242	2.82852
15243	2.83771
15244	2.85508
15245	2.87458
15246	2.84339
15247	2.77134
15248	2.72508
15249	2.69181
15250	2.62601
15251	2.56132
15252	2.54466
15253	2.57401
15254	2.66572
15255	2.84781
15256	3.06645
15257	3.22543
15258	3.28356
15259	3.25615
15260	3.21851
15261	3.26024
15262	3.36998
15263	3.46835
15264	3.53225
15265	3.59159
15266	3.63626
15267	3.63725
15268	3.59027
15269	3.51357
15270	3.39287
15271	3.20041
15272	2.96455
15273	2.75828
15274	2.60909
15275	2.52806
15276	2.54147
15277	2.66652
15278	2.85154
15279	2.99894
15280	3.05613
15281	3.10210
15282	3.22546
15283	3.39151
15284	3.52975
15285	3.61090
15286	3.65620
15287	3.80190
15288	4.24237
15289	5.01675
15290	5.93787
15291	6.70324
15292	7.16332
15293	7.43882
15294	7.70668
15295	8.01289
15296	8.28093
15297	8.43780
15298	8.45732
15299	8.40026
15300	8.36336
15301	8.39750
15302	8.47199
15303	8.52639
15304	8.55499
15305	8.60759
15306	8.70077
15307	8.77133
15308	8.74304
15309	8.60810
15310	8.42643
15311	8.23881
15312	8.05261
15313	7.90182
15314	7.78852
15315	7.67560
15316	7.57334
15317	7.49720
15318	7.42023
15319	7.31514
15320	7.18561
15321	7.02893
15322	6.84301
15323	6.64141
15324	6.45298
15325	6.28733
15326	6.14063
15327	6.02578
15328	5.96087
15329	5.92250
15330	5.87957
15331	5.84088
15332	5.80946
15333	5.79115
15334	5.83674
15335	5.96653
15336	6.12935
15337	6.28273
15338	6.43337
15339	6.60674
15340	6.81003
15341	7.00603
15342	7.13425
15343	7.16255
15344	7.10332
15345	7.00717
15346	6.93419
15347	6.89367
15348	6.85072
15349	6.79262
15350	6.71906
15351	6.62388
15352	6.53047
15353	6.45876
15354	6.38278
15355	6.26594
15356	6.07812
15357	5.80706
15358	5.48620
15359	5.15422
15360	4.81184
15361	4.46132
15362	4.15088
15363	3.94088
15364	3.82649
15365	3.74648
15366	3.65532
15367	3.53134
15368	3.38689
15369	3.27728
15370	3.20679
15371	3.13345
15372	3.06978
15373	3.08003
15374	3.15796
15375	3.24999
15376	3.34497
15377	3.43867
15378	3.46823
15379	3.39892
15380	3.33442
15381	3.40172
15382	3.55091
15383	3.63797
15384	3.65711
15385	3.67140
15386	3.64449
15387	3.55322
15388	3.47933
15389	3.46757
15390	3.46499
15391	3.45215
15392	3.46781
15393	3.49214
15394	3.47567
15395	3.41038
15396	3.32526
15397	3.23349
15398	3.11922
15399	2.94954
15400	2.70468
15401	2.39043
15402	2.04939
15403	1.75826
15404	1.56819
15405	1.47965
15406	1.49401
15407	1.58802
15408	1.67358
15409	1.70321
15410	1.74886
15411	1.88601
15412	2.07759
15413	2.24827
15414	2.38290
15415	2.52165
15416	2.76865
15417	3.27397
15418	4.07923
15419	4.98051
15420	5.73644
15421	6.30215
15422	6.74578
15423	7.07423
15424	7.27114
15425	7.38397
15426	7.48094
15427	7.56781
15428	7.61128
15429	7.62228
15430	7.64167
15431	7.69390
15432	7.77906
15433	7.83930
15434	7.82879
15435	7.82041
15436	7.88011
15437	7.95523
15438	7.97496
15439	7.90723
15440	7.75393
15441	7.57730
15442	7.45519
15443	7.39378
15444	7.33433
15445	7.23843
15446	7.13223
15447	7.05772
15448	7.00759
15449	6.95483
15450	6.90450
15451	6.84666
15452	6.75404
15453	6.65278
15454	6.56881
15455	6.47773
15456	6.38895
15457	6.32960
15458	6.29154
15459	6.24908
15460	6.21696
15461	6.20712
15462	6.19492
15463	6.17265
15464	6.16608
15465	6.18225
15466	6.21195
15467	6.27932
15468	6.42088
15469	6.62383
15470	6.82951
15471	6.97872
15472	7.04688
15473	7.04913
15474	7.00640
15475	6.92961
15476	6.83467
15477	6.75717
15478	6.73905
15479	6.77000
15480	6.79411
15481	6.78164
15482	6.72906
15483	6.63982
15484	6.53285
15485	6.40102
15486	6.19233
15487	5.89985
15488	5.60995
15489	5.40458
15490	5.27044
15491	5.14758
15492	5.02727
15493	4.94415
15494	4.89497
15495	4.83508
15496	4.75143
15497	4.67512
15498	4.62204
15499	4.56585
15500	4.46519
15501	4.29781
15502	4.08540
15503	3.88353
15504	3.73153
15505	3.63325
15506	3.58311
15507	3.57624
15508	3.60915
15509	3.66159
15510	3.72859
15511	3.79895
15512	3.84238
15513	3.85485
15514	3.86091
15515	3.86046
15516	3.83235
15517	3.78250
15518	3.74915
15519	3.75165
15520	3.76549
15521	3.76714
15522	3.76117
15523	3.76143
15524	3.78612
15525	3.85258
15526	3.95519
15527	4.05290
15528	4.11394
15529	4.15666
15530	4.18489
15531	4.16157
15532	4.05602
15533	3.87237
15534	3.62350
15535	3.37117
15536	3.20573
15537	3.14111
15538	3.12011
15539	3.12212
15540	3.18647
15541	3.36964
15542	3.65189
15543	3.87546
15544	3.90503
15545	3.80267
15546	3.73251
15547	3.78975
15548	3.97172
15549	4.21663
15550	4.47348
15551	4.83674
15552	5.47326
15553	6.34916
15554	7.16773
15555	7.69998
15556	8.02284
15557	8.35108
15558	8.74762
15559	9.10929
15560	9.33096
15561	9.39494
15562	9.37810
15563	9.38864
15564	9.45524
15565	9.49851
15566	9.47360
15567	9.46801
15568	9.54278
15569	9.63615
15570	9.68610
15571	9.67992
15572	9.60791
15573	9.47471
15574	9.33021
15575	9.20196
15576	9.04498
15577	8.85342
15578	8.69163
15579	8.57084
15580	8.45437
15581	8.34431
15582	8.25138
15583	8.14748
15584	8.00267
15585	7.81427
15586	7.61383
15587	7.41875
15588	7.24296
15589	7.10140
15590	6.99135
15591	6.90206
15592	6.82995
15593	6.78087
15594	6.76462
15595	6.77828
15596	6.81338
15597	6.87305
15598	6.94891
15599	7.01330
15600	7.07413
15601	7.17118
15602	7.27925
15603	7.30542
15604	7.21611
15605	7.08607
15606	6.99379
15607	6.92291
15608	6.82152
15609	6.71448
15610	6.66505
15611	6.68312
15612	6.74627
15613	6.82621
15614	6.86355
15615	6.80518
15616	6.66973
15617	6.51392
15618	6.35224
15619	6.16239
15620	5.94102
15621	5.71842
15622	5.52993
15623	5.36901
15624	5.19950
15625	5.03774
15626	4.93379
15627	4.84817
15628	4.69536
15629	4.49585
15630	4.31466
15631	4.13091
15632	3.90885
15633	3.68145
15634	3.48546
15635	3.31124
15636	3.16827
15637	3.08994
15638	3.09250
15639	3.14574
15640	3.21424
15641	3.28029
15642	3.33286
15643	3.35479
15644	3.33030
15645	3.28439
15646	3.26054
15647	3.26785
15648	3.29432
15649	3.29651
15650	3.20505
15651	3.04844
15652	2.95923
15653	2.98322
15654	3.06083
15655	3.14876
15656	3.23414
15657	3.28658
15658	3.30579
15659	3.30939
15660	3.26770
15661	3.14445
15662	2.99650
15663	2.90569
15664	2.83996
15665	2.72549
15666	2.60865
15667	2.60577
15668	2.74816
15669	2.96002
15670	3.11680
15671	3.15151
15672	3.11390
15673	3.03825
15674	2.90006
15675	2.76285
15676	2.75599
15677	2.92848
15678	3.32068
15679	4.06372
15680	5.12863
15681	6.16801
15682	6.88518
15683	7.37601
15684	7.85485
15685	8.35410
15686	8.79998
15687	9.14379
15688	9.37231
15689	9.50168
15690	9.56038
15691	9.56903
15692	9.56875
15693	9.62288
15694	9.74650
15695	9.88652
15696	9.99147
15697	10.06839
15698	10.14749
15699	10.20403
15700	10.18145
15701	10.08884
15702	9.96710
15703	9.81561
15704	9.65805
15705	9.53832
15706	9.44715
15707	9.37550
15708	9.30495
15709	9.15919
15710	8.92583
15711	8.67858
15712	8.46794
15713	8.27581
15714	8.08316
15715	7.91017
15716	7.78627
15717	7.69641
15718	7.62091
15719	7.56742
15720	7.53857
15721	7.53996
15722	7.58120
15723	7.65976
15724	7.79049
15725	8.00043
15726	8.25480
15727	8.45741
15728	8.55072
15729	8.54381
15730	8.45469
15731	8.30012
15732	8.11153
15733	7.91927
15734	7.74207
15735	7.60104
15736	7.52248
15737	7.50501
15738	7.50763
15739	7.48773
15740	7.41891
15741	7.27812
15742	7.06355
15743	6.80786
15744	6.53797
15745	6.25409
15746	5.96501
15747	5.70333
15748	5.48909
15749	5.30277
15750	5.10229
15751	4.86902
15752	4.62174
15753	4.35747
15754	4.04705
15755	3.72175
15756	3.45367
15757	3.22430
15758	3.01689
15759	2.89692
15760	2.89007
15761	2.93898
15762	2.99272
15763	3.02848
15764	3.04163
15765	3.04070
15766	3.01426
15767	2.92133
15768	2.75918
15769	2.58568
15770	2.45847
15771	2.42065
15772	2.46041
15773	2.49522
15774	2.48727
15775	2.46636
15776	2.45761
15777	2.48818
15778	2.57751
15779	2.68128
15780	2.73361
15781	2.75100
15782	2.79195
15783	2.81810
15784	2.76082
15785	2.61669
15786	2.41654
15787	2.17245
15788	1.90172
15789	1.64925
15790	1.48709
15791	1.49260
15792	1.67202
15793	1.94868
15794	2.17594
15795	2.23712
15796	2.20867
15797	2.25780
15798	2.41738
15799	2.60846
15800	2.82135
15801	3.10845
15802	3.48406
15803	3.95130
15804	4.55288
15805	5.28691
15806	6.02925
15807	6.58911
15808	6.92702
15809	7.18848
15810	7.49180
15811	7.76641
15812	7.93905
15813	8.03584
15814	8.09990
15815	8.13236
15816	8.15155
15817	8.18895
15818	8.23943
15819	8.30454
15820	8.40993
15821	8.53436
15822	8.62107
15823	8.63719
15824	8.58094
15825	8.47771
15826	8.35705
15827	8.21295
15828	8.02839
15829	7.85994
15830	7.78886
15831	7.76829
15832	7.69043
15833	7.55294
15834	7.41278
15835	7.29558
15836	7.19727
15837	7.09851
15838	6.97859
15839	6.84629
15840	6.70115
15841	6.54910
15842	6.41119
15843	6.29552
15844	6.19454
15845	6.11884
15846	6.09572
15847	6.11178
15848	6.11520
15849	6.09660
15850	6.09854
15851	6.15717
15852	6.27294
15853	6.42702
15854	6.61049
15855	6.80410
15856	6.95213
15857	7.00770
15858	6.98961
15859	6.95436
15860	6.92389
15861	6.89159
15862	6.86005
15863	6.81946
15864	6.76517
15865	6.74711
15866	6.80804
15867	6.89264
15868	6.90722
15869	6.83914
15870	6.73017
15871	6.58164
15872	6.36309
15873	6.08303
15874	5.80686
15875	5.60415
15876	5.49502
15877	5.45011
15878	5.42982
15879	5.40221
15880	5.32322
15881	5.14740
15882	4.87335
15883	4.53050
15884	4.15051
15885	3.79312
15886	3.51496
15887	3.30427
15888	3.13222
15889	2.99109
15890	2.90065
15891	2.87778
15892	2.92447
15893	3.01752
15894	3.10369
15895	3.12021
15896	3.04729
15897	2.93557
15898	2.82326
15899	2.67847
15900	2.49956
15901	2.34629
15902	2.24549
15903	2.19694
15904	2.21379
15905	2.28558
15906	2.37409
15907	2.43510
15908	2.44188
15909	2.45775
15910	2.58002
15911	2.76949
15912	2.90928
15913	2.97458
15914	3.00062
15915	2.97625
15916	2.89362
15917	2.78747
15918	2.70473
15919	2.64397
15920	2.59135
15921	2.58192
15922	2.67089
15923	2.89226
15924	3.20520
15925	3.43588
15926	3.42700
15927	3.27243
15928	3.22108
15929	3.38183
15930	3.68049
15931	4.01677
15932	4.33055
15933	4.62242
15934	5.01922
15935	5.64964
15936	6.45105
15937	7.16073
15938	7.55639
15939	7.70840
15940	7.86852
15941	8.12689
15942	8.34993
15943	8.47181
15944	8.53377
15945	8.57166
15946	8.58348
15947	8.59125
15948	8.68458
15949	8.90114
15950	9.13246
15951	9.29432
15952	9.42616
15953	9.54436
15954	9.57032
15955	9.45790
15956	9.30826
15957	9.25131
15958	9.24281
15959	9.14920
15960	8.99879
15961	8.93297
15962	8.96693
15963	8.99487
15964	8.95968
15965	8.88144
15966	8.77904
15967	8.66010
15968	8.51554
15969	8.33859
15970	8.14575
15971	7.97011
15972	7.81283
15973	7.66209
15974	7.53331
15975	7.44274
15976	7.37048
15977	7.29166
15978	7.21903
15979	7.18392
15980	7.19121
15981	7.22012
15982	7.27191
15983	7.37736
15984	7.53202
15985	7.66845
15986	7.71401
15987	7.63885
15988	7.46085
15989	7.23514
15990	7.01352
15991	6.81789
15992	6.65662
15993	6.52842
15994	6.42033
15995	6.33119
15996	6.26705
15997	6.20674
15998	6.11254
15999	5.96741
16000	5.77997
16001	5.57032
16002	5.35577
16003	5.14482
16004	4.94458
16005	4.76855
16006	4.62739
16007	4.51025
16008	4.38635
16009	4.23743
16010	4.08313
16011	3.93875
16012	3.76332
16013	3.50839
16014	3.20816
16015	2.95040
16016	2.75566
16017	2.57556
16018	2.41432
16019	2.31711
16020	2.30794
16021	2.36234
16022	2.43212
16023	2.47787
16024	2.48733
16025	2.46096
16026	2.40711
16027	2.34058
16028	2.25951
16029	2.14924
16030	2.01935
16031	1.90295
16032	1.81169
16033	1.74756
16034	1.73485
16035	1.77223
16036	1.80984
16037	1.82193
16038	1.86035
16039	1.98185
16040	2.13854
16041	2.23197
16042	2.25148
16043	2.25169
16044	2.24846
16045	2.23758
16046	2.23608
16047	2.23131
16048	2.16033
16049	2.01553
16050	1.88635
16051	1.89606
16052	2.06165
16053	2.29320
16054	2.50740
16055	2.64919
16056	2.70508
16057	2.73495
16058	2.80394
16059	2.92797
16060	3.10180
16061	3.29923
16062	3.48640
16063	3.70297
16064	4.09550
16065	4.79531
16066	5.66410
16067	6.36860
16068	6.76893
16069	7.02647
16070	7.29994
16071	7.58980
16072	7.84638
16073	8.05422
16074	8.20818
16075	8.29349
16076	8.34551
16077	8.44481
16078	8.60403
16079	8.74716
16080	8.83617
16081	8.91599
16082	9.00538
16083	9.06502
16084	9.06647
16085	9.02289
16086	8.96718
16087	8.88592
16088	8.72853
16089	8.52635
16090	8.35224
16091	8.20550
16092	8.05248
16093	7.90918
16094	7.80347
16095	7.69437
16096	7.54880
16097	7.36820
16098	7.15575
16099	6.91935
16100	6.69958
16101	6.52296
16102	6.38316
16103	6.27776
16104	6.19612
16105	6.12307
16106	6.06866
16107	6.04079
16108	6.02608
16109	6.02821
16110	6.07391
16111	6.17770
16112	6.34833
16113	6.57928
16114	6.81746
16115	7.00154
16116	7.09508
16117	7.08777
16118	7.00869
16119	6.90254
16120	6.79321
16121	6.69353
16122	6.62158
16123	6.59071
16124	6.59239
16125	6.58682
16126	6.51816
16127	6.36308
16128	6.15057
16129	5.92318
16130	5.70886
16131	5.52467
16132	5.38150
16133	5.27491
16134	5.17482
16135	5.04457
16136	4.87089
16137	4.66875
16138	4.45650
16139	4.22141
16140	3.93097
16141	3.58649
16142	3.24119
16143	2.96310
16144	2.77711
16145	2.65391
16146	2.56490
16147	2.53536
16148	2.59041
16149	2.70316
16150	2.80537
16151	2.85657
16152	2.85708
16153	2.83972
16154	2.83903
16155	2.84478
16156	2.83830
16157	2.82551
16158	2.83120
16159	2.89498
16160	3.00579
16161	3.11070
16162	3.19951
16163	3.28394
16164	3.36499
16165	3.42434
16166	3.43963
16167	3.45065
16168	3.51064
16169	3.59012
16170	3.62266
16171	3.55523
16172	3.34704
16173	3.07672
16174	2.86783
16175	2.69545
16176	2.46002
16177	2.20743
16178	2.09641
16179	2.18554
16180	2.37213
16181	2.56550
16182	2.79448
16183	3.05666
16184	3.21922
16185	3.20657
16186	3.13239
16187	3.14718
16188	3.29179
16189	3.51836
16190	3.75535
16191	3.97115
16192	4.23159
16193	4.66797
16194	5.34427
16195	6.15312
16196	6.90075
16197	7.48407
16198	7.95717
16199	8.37521
16200	8.72583
16201	8.96912
16202	9.11113
16203	9.16426
16204	9.14961
16205	9.11199
16206	9.11516
16207	9.16405
16208	9.19613
16209	9.20614
16210	9.26532
16211	9.36531
16212	9.42076
16213	9.41115
16214	9.33911
16215	9.17971
16216	8.98501
16217	8.85702
16218	8.77730
16219	8.67398
16220	8.54583
16221	8.43341
16222	8.33721
16223	8.23735
16224	8.10146
16225	7.93474
16226	7.75532
16227	7.55851
16228	7.32051
16229	7.06582
16230	6.84433
16231	6.68039
16232	6.56064
16233	6.45975
16234	6.37556
16235	6.31382
16236	6.26563
16237	6.22910
16238	6.22260
16239	6.26417
16240	6.36181
16241	6.51872
16242	6.72038
16243	6.93018
16244	7.10752
16245	7.21911
16246	7.25943
16247	7.25405
16248	7.21638
16249	7.15848
16250	7.12879
16251	7.15704
16252	7.20602
16253	7.23749
16254	7.27254
16255	7.34262
16256	7.42132
16257	7.44388
16258	7.37473
16259	7.22214
16260	6.99834
16261	6.71910
16262	6.43292
16263	6.19753
16264	6.04538
16265	5.97597
16266	5.93278
16267	5.83019
16268	5.64500
16269	5.41642
16270	5.15383
16271	4.83297
16272	4.47010
16273	4.10937
16274	3.75406
16275	3.38670
16276	3.06192
16277	2.84681
16278	2.71512
16279	2.58472
16280	2.47269
16281	2.47006
16282	2.56683
16283	2.65957
16284	2.70145
16285	2.71328
16286	2.71894
16287	2.73633
16288	2.75164
16289	2.70735
16290	2.59429
16291	2.50526
16292	2.52173
16293	2.58820
16294	2.58221
16295	2.49699
16296	2.44102
16297	2.46900
16298	2.54948
16299	2.65768
16300	2.77758
16301	2.87124
16302	2.92076
16303	2.95032
16304	2.95886
16305	2.92665
16306	2.85680
16307	2.78159
16308	2.72380
16309	2.70835
16310	2.77783
16311	2.92520
16312	3.13501
16313	3.42599
16314	3.75539
16315	4.01884
16316	4.15989
16317	4.18816
16318	4.10796
16319	3.96017
16320	3.84261
16321	3.80037
16322	3.81108
16323	3.91518
16324	4.23265
16325	4.81723
16326	5.53343
16327	6.19465
16328	6.74402
16329	7.22625
16330	7.64099
16331	7.95544
16332	8.21885
16333	8.46138
16334	8.60464
16335	8.60197
16336	8.53330
16337	8.49078
16338	8.46790
16339	8.44868
16340	8.45271
16341	8.49822
16342	8.57521
16343	8.62938
16344	8.61885
16345	8.57190
16346	8.52519
16347	8.44883
16348	8.29662
16349	8.09666
16350	7.91102
16351	7.75045
16352	7.60704
16353	7.49488
16354	7.41576
16355	7.34779
16356	7.26556
16357	7.15233
16358	7.03280
16359	6.91873
16360	6.79858
16361	6.66955
16362	6.54957
16363	6.45020
16364	6.36348
16365	6.29162
16366	6.24688
16367	6.22662
16368	6.22045
16369	6.22333
16370	6.24138
16371	6.28830
16372	6.35507
16373	6.42434
16374	6.52064
16375	6.65901
16376	6.79269
16377	6.89460
16378	6.98052
16379	7.03356
16380	7.02114
16381	6.94748
16382	6.84236
16383	6.75285
16384	6.72154
16385	6.74583
16386	6.80107
16387	6.87385
16388	6.94071
16389	6.96491
16390	6.92435
16391	6.80613
16392	6.59187
16393	6.28716
16394	5.93895
16395	5.60205
16396	5.31627
16397	5.10685
16398	4.97144
16399	4.86242
16400	4.72721
16401	4.59347
16402	4.52282
16403	4.47676
16404	4.36103
16405	4.15768
16406	3.92552
16407	3.73647
16408	3.61823
16409	3.54174
16410	3.46076
16411	3.39741
16412	3.39365
16413	3.42700
16414	3.44373
16415	3.44818
16416	3.47487
16417	3.50820
16418	3.52071
16419	3.52975
16420	3.55693
16421	3.58324
16422	3.58371
16423	3.56649
16424	3.54166
16425	3.52466
16426	3.55642
16427	3.64463
16428	3.74472
16429	3.81037
16430	3.84398
16431	3.91692
16432	4.07505
16433	4.26260
16434	4.38743
16435	4.42089
16436	4.40881
16437	4.42343
16438	4.43351
16439	4.34382
16440	4.13058
16441	3.83692
16442	3.55662
16443	3.40450
16444	3.40380
16445	3.49621
16446	3.68448
16447	3.95105
16448	4.14110
16449	4.13273
16450	4.02437
16451	4.00794
16452	4.12557
16453	4.28125
16454	4.38520
16455	4.41858
16456	4.43935
16457	4.58204
16458	4.96700
16459	5.56353
16460	6.19124
16461	6.69659
16462	7.04956
16463	7.34709
16464	7.64793
16465	7.91818
16466	8.12643
16467	8.28868
16468	8.38746
16469	8.36764
16470	8.25431
16471	8.15261
16472	8.12136
16473	8.14166
16474	8.15637
16475	8.14235
16476	8.17031
16477	8.25115
16478	8.25206
16479	8.12632
16480	7.95944
16481	7.78654
16482	7.57407
16483	7.33908
16484	7.12981
16485	6.96655
16486	6.80236
16487	6.60688
16488	6.40605
16489	6.23775
16490	6.09638
16491	5.95709
16492	5.83161
16493	5.73670
16494	5.63095
16495	5.48069
16496	5.34219
16497	5.29491
16498	5.32895
16499	5.36592
16500	5.36964
16501	5.36420
16502	5.36231
16503	5.35216
16504	5.34276
16505	5.35981
16506	5.41169
16507	5.50183
16508	5.64298
16509	5.82962
16510	6.02556
16511	6.19180
16512	6.30990
16513	6.37883
16514	6.39778
16515	6.37966
16516	6.37783
16517	6.41929
16518	6.43752
16519	6.37311
16520	6.26460
16521	6.16947
16522	6.08929
16523	5.99594
16524	5.86499
16525	5.67682
16526	5.42316
16527	5.13608
16528	4.88632
16529	4.71529
16530	4.58802
16531	4.44454
16532	4.28013
16533	4.15092
16534	4.07763
16535	3.97123
16536	3.72257
16537	3.34107
16538	2.92561
16539	2.52689
16540	2.15593
16541	1.86756
16542	1.70958
16543	1.64515
16544	1.65063
16545	1.72150
16546	1.77032
16547	1.70117
16548	1.56139
16549	1.42301
16550	1.27293
16551	1.13858
16552	1.08564
16553	1.09006
16554	1.09209
16555	1.11080
16556	1.20749
16557	1.39653
16558	1.63791
16559	1.88023
16560	2.07740
16561	2.21103
16562	2.32728
16563	2.49637
16564	2.74213
16565	3.03234
16566	3.30200
16567	3.49960
16568	3.62905
16569	3.73532
16570	3.85649
16571	3.99030
16572	4.10811
16573	4.19603
16574	4.24961
16575	4.25791
16576	4.24108
16577	4.27136
16578	4.41230
16579	4.65258
16580	4.95041
16581	5.30427
16582	5.68946
16583	6.00647
16584	6.19308
16585	6.28199
16586	6.34018
16587	6.38710
16588	6.40753
16589	6.38743
16590	6.34598
16591	6.31405
16592	6.29708
16593	6.30221
16594	6.40659
16595	6.70191
16596	7.18161
16597	7.71328
16598	8.15502
16599	8.47607
16600	8.73115
16601	8.96095
16602	9.14310
16603	9.27675
16604	9.41290
16605	9.56914
16606	9.68634
16607	9.71103
16608	9.69133
16609	9.68394
16610	9.70744
16611	9.76145
16612	9.79823
16613	9.76098
16614	9.66038
16615	9.55830
16616	9.49849
16617	9.46093
16618	9.37443
16619	9.20768
16620	9.02919
16621	8.89387
16622	8.76797
16623	8.63383
16624	8.53640
16625	8.50807
16626	8.50318
16627	8.42002
16628	8.23155
16629	7.97890
16630	7.70461
16631	7.43580
16632	7.19390
16633	6.99952
16634	6.85064
16635	6.70906
16636	6.55821
16637	6.42999
16638	6.36356
16639	6.37811
16640	6.45247
16641	6.53880
16642	6.63394
16643	6.79078
16644	7.00358
16645	7.19381
16646	7.37306
16647	7.61018
16648	7.85091
16649	7.99083
16650	8.02858
16651	8.00916
16652	7.93777
16653	7.82291
16654	7.71014
16655	7.62778
16656	7.56820
16657	7.52406
16658	7.47930
16659	7.39788
16660	7.24351
16661	6.99236
16662	6.64415
16663	6.23491
16664	5.83032
16665	5.47556
16666	5.14783
16667	4.78742
16668	4.37859
16669	3.97415
16670	3.64129
16671	3.40241
16672	3.22562
16673	3.07530
16674	2.95760
16675	2.89909
16676	2.89415
16677	2.88598
16678	2.85368
16679	2.85008
16680	2.91821
16681	2.99909
16682	3.03732
16683	3.08933
16684	3.21015
16685	3.34553
16686	3.41692
16687	3.40707
16688	3.36756
16689	3.36548
16690	3.40637
16691	3.45958
16692	3.51261
16693	3.57756
16694	3.67995
16695	3.80836
16696	3.89352
16697	3.87455
16698	3.77370
16699	3.66889
16700	3.60109
16701	3.54708
16702	3.45846
16703	3.29280
16704	3.05344
16705	2.78766
16706	2.59771
16707	2.56772
16708	2.66325
16709	2.79213
16710	2.95333
16711	3.17477
16712	3.37417
16713	3.47366
16714	3.52896
16715	3.59256
16716	3.59161
16717	3.47963
16718	3.39492
16719	3.52790
16720	3.91681
16721	4.44516
16722	5.02127
16723	5.61836
16724	6.19796
16725	6.69094
16726	7.08108
16727	7.43151
16728	7.78762
16729	8.13162
16730	8.41601
16731	8.59859
16732	8.68737
16733	8.72530
16734	8.73805
16735	8.72921
16736	8.68219
16737	8.60695
16738	8.55812
16739	8.54356
16740	8.52682
16741	8.48734
16742	8.41089
16743	8.30480
16744	8.18181
16745	8.02165
16746	7.81415
16747	7.60196
16748	7.45107
16749	7.37839
16750	7.33435
16751	7.25808
16752	7.12470
16753	6.95332
16754	6.77096
16755	6.56873
16756	6.35605
16757	6.16475
16758	6.01655
16759	5.90757
16760	5.83324
16761	5.79328
16762	5.77691
16763	5.77568
16764	5.79568
16765	5.83076
16766	5.87008
16767	5.96531
16768	6.18274
16769	6.47914
16770	6.73830
16771	6.88467
16772	6.91958
16773	6.89107
16774	6.82234
16775	6.70830
16776	6.57623
16777	6.46418
16778	6.36684
16779	6.26539
16780	6.17050
16781	6.10025
16782	6.06053
16783	6.06661
16784	6.11953
16785	6.16048
16786	6.12774
16787	6.01595
16788	5.83895
16789	5.60549
16790	5.33592
16791	5.07482
16792	4.87317
16793	4.74373
16794	4.65808
16795	4.58053
16796	4.47987
16797	4.32972
16798	4.11715
16799	3.85478
16800	3.57610
16801	3.31124
16802	3.07878
16803	2.87352
16804	2.65992
16805	2.42958
16806	2.24771
16807	2.14638
16808	2.08503
16809	2.03045
16810	1.97498
16811	1.87084
16812	1.70878
16813	1.57181
16814	1.47560
16815	1.34541
16816	1.19360
16817	1.09985
16818	1.06920
16819	1.05993
16820	1.07143
16821	1.14646
16822	1.29715
16823	1.44199
16824	1.49755
16825	1.52863
16826	1.67402
16827	1.93463
16828	2.19096
16829	2.38726
16830	2.55887
16831	2.74119
16832	2.90371
16833	2.97184
16834	2.88606
16835	2.69998
16836	2.53629
16837	2.45288
16838	2.43421
16839	2.48822
16840	2.65371
16841	2.88925
16842	3.07419
16843	3.17371
16844	3.26968
16845	3.41765
16846	3.59062
16847	3.75520
16848	3.92633
16849	4.15922
16850	4.54103
16851	5.12489
16852	5.81903
16853	6.46666
16854	7.01216
16855	7.48219
16856	7.89175
16857	8.25178
16858	8.52378
16859	8.68728
16860	8.80437
16861	8.90247
16862	8.95533
16863	8.98180
16864	9.01142
16865	9.03726
16866	9.04575
16867	9.03173
16868	9.00874
16869	8.99478
16870	8.98300
16871	8.95581
16872	8.90557
16873	8.82720
16874	8.72894
16875	8.64479
16876	8.58734
16877	8.52997
16878	8.45049
16879	8.35036
16880	8.23181
16881	8.08285
16882	7.90986
16883	7.71968
16884	7.52933
16885	7.37960
16886	7.29547
16887	7.21644
16888	7.10487
16889	6.99540
16890	6.93224
16891	6.93413
16892	6.95186
16893	6.92666
16894	6.86539
16895	6.81688
16896	6.79852
16897	6.79240
16898	6.79149
16899	6.81314
16900	6.87861
16901	6.97818
16902	7.06283
16903	7.09531
16904	7.07675
16905	7.01765
16906	6.92542
16907	6.81305
16908	6.69864
16909	6.59223
16910	6.49302
16911	6.40114
16912	6.33550
16913	6.31794
16914	6.31197
16915	6.24725
16916	6.10943
16917	5.92040
16918	5.68395
16919	5.42272
16920	5.19738
16921	5.03794
16922	4.92063
16923	4.84054
16924	4.82962
16925	4.87707
16926	4.91452
16927	4.90401
16928	4.86176
16929	4.79896
16930	4.69597
16931	4.52112
16932	4.27299
16933	4.00256
16934	3.76807
16935	3.58997
16936	3.46591
16937	3.37563
16938	3.29398
16939	3.22802
16940	3.23893
16941	3.34713
16942	3.49415
16943	3.60067
16944	3.63356
16945	3.62198
16946	3.59052
16947	3.50703
16948	3.35018
16949	3.16477
16950	3.01777
16951	2.94271
16952	2.92324
16953	2.94051
16954	3.00109
16955	3.08245
16956	3.14612
16957	3.21512
16958	3.33173
16959	3.47231
16960	3.59002
16961	3.67816
16962	3.73297
16963	3.72847
16964	3.69028
16965	3.63737
16966	3.55159
16967	3.46289
16968	3.43308
16969	3.44081
16970	3.44740
16971	3.51963
16972	3.75679
16973	4.04070
16974	4.17148
16975	4.14639
16976	4.11094
16977	4.14663
16978	4.21857
16979	4.26794
16980	4.28235
16981	4.30418
16982	4.43586
16983	4.77804
16984	5.36857
16985	6.10527
16986	6.76171
16987	7.19639
16988	7.50742
16989	7.84665
16990	8.16957
16991	8.36019
16992	8.43894
16993	8.48822
16994	8.52324
16995	8.51047
16996	8.45519
16997	8.41925
16998	8.44944
16999	8.51883
17000	8.58769
17001	8.63771
17002	8.63537
17003	8.57225
17004	8.47715
17005	8.37322
17006	8.28229
17007	8.20490
17008	8.11784
17009	8.02031
17010	7.93983
17011	7.89755
17012	7.86866
17013	7.78821
17014	7.63497
17015	7.47445
17016	7.34362
17017	7.21684
17018	7.07114
17019	6.91553
17020	6.75566
17021	6.60294
17022	6.48596
17023	6.43486
17024	6.45664
17025	6.50038
17026	6.49824
17027	6.46567
17028	6.47281
17029	6.54336
17030	6.65877
17031	6.81103
17032	7.00205
17033	7.20881
17034	7.38166
17035	7.47525
17036	7.46459
17037	7.36205
17038	7.22546
17039	7.11471
17040	7.03665
17041	6.95186
17042	6.84929
17043	6.77297
17044	6.75176
17045	6.76132
17046	6.76812
17047	6.74659
17048	6.66025
17049	6.48612
17050	6.24327
17051	5.97771
17052	5.73362
17053	5.52438
17054	5.32815
17055	5.12402
17056	4.91659
17057	4.72051
17058	4.54013
17059	4.36650
17060	4.18824
17061	3.99184
17062	3.77459
17063	3.57447
17064	3.41748
17065	3.25341
17066	3.05854
17067	2.89727
17068	2.84289
17069	2.88090
17070	2.95314
17071	3.00887
17072	3.00668
17073	2.94781
17074	2.88585
17075	2.84666
17076	2.79479
17077	2.70755
17078	2.61876
17079	2.56781
17080	2.55010
17081	2.55395
17082	2.60560
17083	2.73599
17084	2.92252
17085	3.06122
17086	3.07183
17087	3.04403
17088	3.10924
17089	3.23473
17090	3.34218
17091	3.40930
17092	3.43098
17093	3.41202
17094	3.37210
17095	3.28377
17096	3.11922
17097	2.95844
17098	2.88599
17099	2.86848
17100	2.86170
17101	2.90792
17102	3.04659
17103	3.20767
17104	3.27524
17105	3.23630
17106	3.20039
17107	3.27832
17108	3.46494
17109	3.67971
17110	3.91165
17111	4.23128
17112	4.70604
17113	5.40396
17114	6.29321
17115	7.14102
17116	7.70873
17117	8.05507
17118	8.38145
17119	8.72102
17120	8.98850
17121	9.16297
17122	9.25098
17123	9.22954
17124	9.15500
17125	9.13679
17126	9.18204
17127	9.22743
17128	9.25896
17129	9.28648
17130	9.31376
17131	9.34820
17132	9.36727
17133	9.33940
17134	9.25218
17135	9.10314
17136	8.95264
17137	8.88381
17138	8.85166
17139	8.75466
17140	8.60623
17141	8.47042
17142	8.35798
17143	8.25065
17144	8.12761
17145	7.95766
17146	7.74709
17147	7.53417
17148	7.34659
17149	7.17147
17150	7.00182
17151	6.85728
17152	6.75068
17153	6.67909
17154	6.62983
17155	6.58832
17156	6.54792
17157	6.51252
17158	6.53880
17159	6.71599
17160	7.02383
17161	7.34455
17162	7.61247
17163	7.80508
17164	7.87821
17165	7.81875
17166	7.67555
17167	7.50380
17168	7.33587
17169	7.18931
17170	7.07174
17171	6.98155
17172	6.90381
17173	6.82705
17174	6.75659
17175	6.68248
17176	6.56728
17177	6.39278
17178	6.17992
17179	5.95412
17180	5.73335
17181	5.54519
17182	5.41976
17183	5.34617
17184	5.25455
17185	5.09024
17186	4.88734
17187	4.71087
17188	4.54713
17189	4.32334
17190	4.01786
17191	3.67410
17192	3.33367
17193	3.01559
17194	2.73017
17195	2.49110
17196	2.29286
17197	2.17619
17198	2.20465
17199	2.30820
17200	2.33474
17201	2.28792
17202	2.26486
17203	2.24347
17204	2.15323
17205	2.00623
17206	1.85797
17207	1.75593
17208	1.71631
17209	1.70288
17210	1.68245
17211	1.66867
17212	1.66016
17213	1.64588
17214	1.66248
17215	1.72686
17216	1.80545
17217	1.89683
17218	2.01560
17219	2.14015
17220	2.23976
17221	2.27776
17222	2.18719
17223	2.01155
17224	1.89758
17225	1.89490
17226	1.93697
17227	2.00279
17228	2.18315
17229	2.55537
17230	3.00884
17231	3.31435
17232	3.38621
17233	3.30992
17234	3.15840
17235	2.97310
17236	2.83264
17237	2.79944
17238	2.87531
17239	3.08522
17240	3.50302
17241	4.11393
17242	4.76518
17243	5.33130
17244	5.79798
17245	6.21705
17246	6.61056
17247	6.95429
17248	7.24248
17249	7.50674
17250	7.74015
17251	7.90891
17252	8.02725
17253	8.13568
17254	8.24113
17255	8.30823
17256	8.30791
17257	8.27614
17258	8.27300
17259	8.29533
17260	8.31514
17261	8.33146
17262	8.33033
17263	8.28226
17264	8.17091
17265	8.02868
17266	7.94688
17267	7.94363
17268	7.91045
17269	7.78740
17270	7.62780
17271	7.46619
17272	7.27647
17273	7.05819
17274	6.85757
17275	6.69515
17276	6.55111
17277	6.40552
17278	6.27495
17279	6.17272
17280	6.10555
17281	6.07072
17282	6.04922
17283	6.02995
17284	6.02814
17285	6.05882
17286	6.11962
17287	6.22496
17288	6.40866
17289	6.64268
17290	6.80947
17291	6.82737
17292	6.74272
17293	6.63866
17294	6.54287
17295	6.45782
17296	6.39593
17297	6.35524
17298	6.30522
17299	6.23273
17300	6.16315
17301	6.10620
17302	6.03502
17303	5.93199
17304	5.80555
17305	5.65811
17306	5.47504
17307	5.25100
17308	5.01214
17309	4.79856
17310	4.62180
17311	4.46886
17312	4.35992
17313	4.32887
17314	4.34238
17315	4.33620
17316	4.27832
17317	4.13851
17318	3.91772
17319	3.68833
17320	3.50146
17321	3.32472
17322	3.12236
17323	2.92686
17324	2.77775
17325	2.67592
17326	2.62651
17327	2.62517
17328	2.67661
17329	2.80893
17330	3.01411
17331	3.19769
17332	3.28273
17333	3.30780
17334	3.36212
17335	3.44746
17336	3.47393
17337	3.40642
17338	3.31628
17339	3.25222
17340	3.18023
17341	3.07937
17342	2.99623
17343	2.98783
17344	3.06770
17345	3.22049
17346	3.42289
17347	3.61771
17348	3.73171
17349	3.75726
17350	3.71903
17351	3.63131
17352	3.52774
17353	3.46065
17354	3.44293
17355	3.49199
17356	3.65277
17357	3.86391
17358	3.99927
17359	4.04918
17360	4.11177
17361	4.17212
17362	4.15818
17363	4.07649
17364	3.96541
17365	3.87035
17366	3.84507
17367	3.88778
17368	3.98551
17369	4.21836
17370	4.67865
17371	5.31080
17372	5.97475
17373	6.58267
17374	7.10950
17375	7.52553
17376	7.84706
17377	8.15868
17378	8.50612
17379	8.82760
17380	9.04558
17381	9.15622
17382	9.20174
17383	9.23208
17384	9.27441
17385	9.32874
17386	9.40045
17387	9.46257
17388	9.44803
17389	9.34681
17390	9.22927
17391	9.15564
17392	9.10973
17393	9.04363
17394	8.94342
17395	8.82224
17396	8.69175
17397	8.55026
17398	8.39440
17399	8.22722
17400	8.04449
17401	7.85734
17402	7.69956
17403	7.57716
17404	7.46125
17405	7.35831
17406	7.27952
17407	7.21293
17408	7.13211
17409	7.04074
17410	6.97178
17411	6.91111
17412	6.81700
17413	6.72754
17414	6.72583
17415	6.81584
17416	6.93137
17417	7.03248
17418	7.14078
17419	7.29850
17420	7.49871
17421	7.66368
17422	7.70101
17423	7.58493
17424	7.38527
17425	7.19381
17426	7.03607
17427	6.89888
17428	6.79624
17429	6.75148
17430	6.76164
17431	6.79582
17432	6.79681
17433	6.71669
17434	6.55742
17435	6.34542
17436	6.10042
17437	5.85043
17438	5.61973
17439	5.38887
17440	5.14657
17441	4.97002
17442	4.92271
17443	4.92837
17444	4.88188
17445	4.76831
17446	4.60310
17447	4.37308
17448	4.07570
17449	3.74815
17450	3.42522
17451	3.12936
17452	2.89244
17453	2.70349
17454	2.52215
17455	2.37813
17456	2.37908
17457	2.51651
17458	2.65195
17459	2.72139
17460	2.73589
17461	2.66256
17462	2.50828
17463	2.36775
17464	2.30061
17465	2.29022
17466	2.28715
17467	2.26190
17468	2.25914
17469	2.31896
17470	2.39166
17471	2.42610
17472	2.42926
17473	2.43349
17474	2.48847
17475	2.61885
17476	2.76082
17477	2.81032
17478	2.77636
17479	2.73476
17480	2.67917
17481	2.54934
17482	2.39408
17483	2.31675
17484	2.31795
17485	2.35605
17486	2.43685
17487	2.59998
17488	2.89160
17489	3.24740
17490	3.47202
17491	3.47531
17492	3.38579
17493	3.36840
17494	3.46834
17495	3.65099
17496	3.90043
17497	4.26150
17498	4.80489
17499	5.49542
17500	6.15224
17501	6.66648
17502	7.11305
17503	7.50142
17504	7.73698
17505	7.84563
17506	7.99045
17507	8.24043
17508	8.50786
17509	8.70303
17510	8.82640
17511	8.90388
17512	8.93687
17513	8.93073
17514	8.91402
17515	8.93799
17516	9.02076
17517	9.10680
17518	9.15588
17519	9.18022
17520	9.17612
17521	9.14597
17522	9.12726
17523	9.13093
17524	9.13798
17525	9.14466
17526	9.14541
17527	9.12373
17528	9.11702
17529	9.13303
17530	9.10711
17531	9.00449
17532	8.91340
17533	8.90006
17534	8.92200
17535	8.93056
17536	8.93871
17537	8.97547
17538	9.04111
17539	9.11442
17540	9.18808
17541	9.27601
17542	9.37851
17543	9.46926
17544	9.51901
17545	9.54319
17546	9.55409
17547	9.55361
17548	9.55105
17549	9.53383
17550	9.46955
17551	9.37288
17552	9.30795
17553	9.29629
17554	9.28525
17555	9.23571
17556	9.15042
17557	9.01844
17558	8.84903
17559	8.71650
17560	8.66579
17561	8.63915
17562	8.56308
17563	8.44115
17564	8.31586
17565	8.19616
17566	8.06659
17567	7.93042
17568	7.80276
17569	7.68697
17570	7.57558
17571	7.45167
17572	7.29465
17573	7.09896
17574	6.88199
17575	6.67905
17576	6.51716
17577	6.38801
17578	6.26475
17579	6.14045
17580	6.02937
17581	5.92300
17582	5.77121
17583	5.53463
17584	5.23306
17585	4.92942
17586	4.67078
17587	4.46907
17588	4.32003
17589	4.19248
17590	4.05997
17591	3.94880
17592	3.89413
17593	3.90767
17594	3.98485
17595	4.07059
17596	4.06764
17597	3.92141
17598	3.67934
17599	3.42183
17600	3.19678
17601	3.00763
17602	2.85809
17603	2.76675
17604	2.76270
17605	2.84232
17606	2.94152
17607	3.00744
17608	3.06121
17609	3.15907
17610	3.31352
17611	3.48323
17612	3.63318
17613	3.76108
17614	3.86332
17615	3.92053
17616	3.93762
17617	3.94324
17618	3.94590
17619	3.92766
17620	3.86470
17621	3.76408
17622	3.67068
17623	3.61315
17624	3.57247
17625	3.51688
17626	3.44135
17627	3.35513
17628	3.27147
17629	3.21235
17630	3.17256
17631	3.12103
17632	3.04446
17633	2.93172
17634	2.77220
17635	2.59313
17636	2.42919
17637	2.27960
17638	2.13317
17639	1.99929
17640	1.89195
17641	1.82217
17642	1.80346
17643	1.80600
17644	1.75719
17645	1.62779
17646	1.46610
17647	1.33745
17648	1.27930
17649	1.27373
17650	1.31028
17651	1.36891
17652	1.44047
17653	1.55130
17654	1.69736
17655	1.79408
17656	1.76788
17657	1.67669
17658	1.60577
17659	1.53462
17660	1.42227
17661	1.31750
17662	1.22551
17663	1.06527
17664	0.84169
17665	0.62544
17666	0.40601
17667	0.16099
17668	-0.06305
17669	-0.23890
17670	-0.38765
17671	-0.51466
17672	-0.60965
17673	-0.67975
17674	-0.74092
17675	-0.79625
17676	-0.82789
17677	-0.81072
17678	-0.74830
17679	-0.67284
17680	-0.58349
17681	-0.45220
17682	-0.31336
17683	-0.22888
17684	-0.18592
17685	-0.12505
17686	-0.03198
17687	0.05009
17688	0.10439
17689	0.17873
17690	0.30978
17691	0.45289
17692	0.51816
17693	0.47511
17694	0.37697
17695	0.28588
17696	0.21878
17697	0.15150
17698	0.06262
17699	-0.03791
17700	-0.13860
17701	-0.24332
17702	-0.35099
17703	-0.45360
17704	-0.53326
17705	-0.55942
17706	-0.53897
17707	-0.53025
17708	-0.55150
17709	-0.56243
17710	-0.54970
17711	-0.53142
17712	-0.51394
17713	-0.49938
17714	-0.49522
17715	-0.50614
17716	-0.53311
17717	-0.57562
17718	-0.61816
17719	-0.63284
17720	-0.61998
17721	-0.60659
17722	-0.59943
17723	-0.58976
17724	-0.58309
17725	-0.58498
17726	-0.58718
17727	-0.58147
17728	-0.56372
17729	-0.53553
17730	-0.51248
17731	-0.50675
17732	-0.51219
17733	-0.52397
17734	-0.54480
17735	-0.57227
17736	-0.59922
17737	-0.62307
17738	-0.64580
17739	-0.66034
17740	-0.66067
17741	-0.66180
17742	-0.67546
17743	-0.69580
17744	-0.71886
17745	-0.74091
17746	-0.75954
17747	-0.77652
17748	-0.78778
17749	-0.79406
17750	-0.80762
17751	-0.84115
17752	-0.89070
17753	-0.93709
17754	-0.97791
17755	-1.02699
17756	-1.08747
17757	-1.15163
17758	-1.20457
17759	-1.23693
17760	-1.26772
17761	-1.32058
17762	-1.38982
17763	-1.45778
17764	-1.51196
17765	-1.54414
17766	-1.56291
17767	-1.58119
17768	-1.59431
17769	-1.61033
17770	-1.64767
17771	-1.69100
17772	-1.71903
17773	-1.74118
17774	-1.77171
17775	-1.80809
17776	-1.84165
17777	-1.86972
17778	-1.89713
17779	-1.93055
17780	-1.96911
17781	-2.00354
17782	-2.02894
17783	-2.05025
17784	-2.06147
17785	-2.05373
17786	-2.05642
17787	-2.09668
17788	-2.14642
17789	-2.17698
17790	-2.19508
17791	-2.21185
17792	-2.23713
17793	-2.27586
17794	-2.30603
17795	-2.30498
17796	-2.28790
17797	-2.27656
17798	-2.27204
17799	-2.27393
17800	-2.27946
17801	-2.27896
17802	-2.26267
17803	-2.21797
17804	-2.15607
17805	-2.12819
17806	-2.15674
17807	-2.18799
17808	-2.17299
17809	-2.14407
17810	-2.14578
17811	-2.15979
17812	-2.15139
17813	-2.12295
17814	-2.09417
17815	-2.07178
17816	-2.05548
17817	-2.04818
17818	-2.04907
17819	-2.04936
17820	-2.03875
17821	-2.01582
17822	-1.98774
17823	-1.95881
17824	-1.92903
17825	-1.90127
17826	-1.88044
17827	-1.86872
17828	-1.86833
17829	-1.87853
17830	-1.88147
17831	-1.86406
17832	-1.84682
17833	-1.84669
17834	-1.85213
17835	-1.85838
17836	-1.86480
17837	-1.85047
17838	-1.81221
17839	-1.78323
17840	-1.76917
17841	-1.73606
17842	-1.68934
17843	-1.66862
17844	-1.67603