1	
2	
3	-0.00040
4	0.00190
5	0.00197
6	0.00120
7	-0.00022
8	-0.00131
9	-0.00118
10	-0.00093
11	-0.00090
12	-0.00051
13	0.00011
14	0.00085
15	0.00201
16	0.00308
17	0.00342
18	0.00240
19	0.00070
20	-0.00081
21	-0.00138
22	-0.00079
23	-0.00045
24	-0.00047
25	-0.00018
26	0.00021
27	0.00060
28	0.00114
29	0.00104
30	0.00021
31	-0.00070
32	-0.00172
33	-0.00257
34	-0.00231
35	-0.00170
36	-0.00132
37	-0.00024
38	0.00124
39	0.00178
40	0.00041
41	-0.00079
42	-0.00034
43	0.00074
44	0.00079
45	-0.00030
46	0.00002
47	0.00076
48	0.00086
49	0.00043
50	0.00023
51	0.00007
52	-0.00035
53	-0.00035
54	-0.00006
55	-0.00020
56	-0.00067
57	-0.00015
58	0.00110
59	0.00148
60	0.00067
61	-0.00001
62	-0.00054
63	-0.00073
64	-0.00023
65	0.00091
66	0.00125
67	0.00022
68	-0.00106
69	-0.00076
70	0.00065
71	0.00094
72	0.00011
73	-0.00068
74	-0.00039
75	-0.00013
76	0.00005
77	0.00030
78	0.00003
79	-0.00053
80	-0.00055
81	-0.00059
82	-0.00134
83	-0.00170
84	-0.00049
85	0.00050
86	-0.00004
87	-0.00071
88	-0.00098
89	-0.00103
90	-0.00013
91	0.00062
92	0.00062
93	0.00005
94	-0.00046
95	-0.00066
96	-0.00080
97	-0.00075
98	-0.00040
99	0.00004
100	0.00002
101	-0.00028
102	-0.00003
103	0.00050
104	0.00055
105	0.00031
106	-0.00023
107	-0.00101
108	-0.00121
109	-0.00087
110	-0.00096
111	-0.00110
112	-0.00103
113	-0.00072
114	0.00030
115	0.00166
116	0.00182
117	0.00098
118	0.00015
119	-0.00020
120	-0.00007
121	-0.00017
122	-0.00075
123	-0.00041
124	0.00117
125	0.00204
126	0.00167
127	0.00045
128	-0.00016
129	0.00023
130	0.00099
131	0.00107
132	0.00040
133	-0.00026
134	-0.00053
135	-0.00023
136	0.00038
137	0.00053
138	0.00001
139	0.00009
140	0.00057
141	0.00030
142	-0.00054
143	-0.00030
144	0.00166
145	0.00253
146	0.00105
147	-0.00195
148	-0.00380
149	-0.00384
150	-0.00366
151	-0.00280
152	-0.00198
153	-0.00219
154	-0.00306
155	-0.00218
156	0.00045
157	0.00308
158	0.00313
159	0.00061
160	-0.00125
161	-0.00123
162	-0.00080
163	-0.00143
164	-0.00321
165	-0.00449
166	-0.00424
167	-0.00406
168	-0.00316
169	-0.00151
170	-0.00103
171	-0.00203
172	-0.00283
173	-0.00291
174	-0.00178
175	-0.00027
176	0.00139
177	0.00315
178	0.00102
179	-0.00500
180	-0.00250
181	0.00053
182	0.00316
183	0.00254
184	0.00152
185	0.00261
186	0.00358
187	0.00454
188	0.00474
189	0.00364
190	0.00350
191	0.00662
192	0.00967
193	0.00784
194	0.00261
195	0.00012
196	0.00178
197	0.00319
198	0.00375
199	0.00088
200	-0.00083
201	-0.00215
202	-0.00324
203	-0.00338
204	-0.00179
205	0.00067
206	0.00241
207	0.00286
208	0.00043
209	-0.00114
210	-0.00176
211	-0.00363
212	-0.00503
213	-0.00274
214	0.00254
215	0.00745
216	0.00583
217	0.00218
218	0.00226
219	0.00522
220	0.00526
221	0.00396
222	0.00364
223	0.00375
224	0.00504
225	0.00643
226	0.00620
227	0.00445
228	0.00270
229	0.00156
230	0.00108
231	0.00214
232	0.00328
233	0.00296
234	0.00212
235	0.00099
236	-0.00033
237	-0.00116
238	-0.00156
239	-0.00246
240	-0.00438
241	-0.00703
242	-0.01006
243	-0.01091
244	-0.00805
245	-0.00371
246	-0.00103
247	-0.00066
248	0.00027
249	0.00335
250	0.00509
251	0.00411
252	0.00289
253	0.00364
254	0.00502
255	0.00361
256	-0.00147
257	-0.00506
258	-0.00246
259	0.00437
260	0.00464
261	-0.00194
262	-0.00605
263	-0.00453
264	-0.00164
265	-0.00103
266	-0.00193
267	-0.00218
268	-0.00066
269	0.00110
270	0.00009
271	-0.00346
272	-0.00560
273	-0.00430
274	-0.00260
275	-0.00193
276	-0.00143
277	-0.00084
278	-0.00144
279	-0.00302
280	-0.00323
281	-0.00333
282	-0.00458
283	-0.00456
284	-0.00285
285	-0.00145
286	0.00021
287	0.00101
288	0.00102
289	0.00071
290	0.00063
291	0.00073
292	0.00053
293	-0.00010
294	-0.00096
295	-0.00164
296	-0.00172
297	-0.00242
298	-0.00423
299	-0.00514
300	-0.00397
301	-0.00275
302	-0.00173
303	-0.00105
304	-0.00011
305	0.00152
306	0.00386
307	0.00410
308	0.00354
309	0.00251
310	0.00021
311	-0.00114
312	-0.00077
313	0.00032
314	0.00076
315	0.00081
316	0.00074
317	0.00100
318	0.00284
319	0.00605
320	0.00684
321	0.00440
322	0.00248
323	0.00178
324	0.00111
325	-0.00081
326	-0.00320
327	-0.00309
328	-0.00111
329	0.00050
330	0.00135
331	0.00163
332	0.00156
333	0.00190
334	0.00297
335	0.00456
336	0.00534
337	0.00465
338	0.00555
339	0.00704
340	0.00656
341	0.00446
342	0.00291
343	0.00215
344	0.00152
345	0.00063
346	-0.00064
347	-0.00196
348	-0.00232
349	-0.00194
350	-0.00016
351	0.00024
352	-0.00051
353	0.00029
354	0.00312
355	0.00329
356	-0.00001
357	-0.00209
358	-0.00098
359	-0.00149
360	-0.00406
361	-0.00475
362	-0.00384
363	-0.00261
364	-0.00147
365	-0.00256
366	-0.00569
367	-0.00415
368	0.00019
369	0.00145
370	-0.00011
371	-0.00174
372	-0.00331
373	-0.00520
374	-0.00624
375	-0.00785
376	-0.00725
377	-0.00316
378	0.00075
379	0.00151
380	-0.00021
381	-0.00237
382	-0.00366
383	-0.00404
384	-0.00390
385	-0.00305
386	-0.00164
387	-0.00046
388	0.00014
389	-0.00064
390	-0.00206
391	-0.00297
392	-0.00385
393	-0.00478
394	-0.00471
395	-0.00349
396	-0.00286
397	-0.00255
398	-0.00050
399	0.00340
400	0.00547
401	0.00120
402	-0.00488
403	-0.00574
404	-0.00185
405	0.00149
406	0.00194
407	0.00095
408	0.00112
409	0.00276
410	0.00356
411	0.00224
412	-0.00003
413	-0.00174
414	-0.00281
415	-0.00244
416	-0.00170
417	-0.00135
418	-0.00064
419	-0.00034
420	-0.00110
421	-0.00080
422	0.00400
423	0.00887
424	0.01069
425	0.00627
426	0.00085
427	-0.00196
428	-0.00371
429	-0.00413
430	-0.00227
431	0.00099
432	0.00206
433	0.00116
434	0.00052
435	-0.00002
436	-0.00088
437	-0.00115
438	0.00001
439	0.00141
440	0.00203
441	0.00218
442	0.00212
443	0.00180
444	0.00123
445	0.00180
446	0.00361
447	0.00445
448	0.00304
449	-0.00069
450	-0.00459
451	-0.00232
452	0.00002
453	0.00123
454	0.00314
455	0.00134
456	-0.00035
457	-0.00208
458	-0.00336
459	-0.00196
460	0.00288
461	0.00547
462	0.00446
463	0.00251
464	0.00077
465	-0.00202
466	-0.00366
467	-0.00168
468	0.00095
469	0.00240
470	0.00267
471	0.00338
472	0.00473
473	0.00169
474	0.00031
475	0.00177
476	0.00955
477	0.00985
478	0.00184
479	-0.00031
480	0.00054
481	0.00060
482	-0.00031
483	-0.00334
484	-0.00320
485	-0.00224
486	-0.00140
487	-0.00013
488	-0.00014
489	-0.00018
490	0.00077
491	-0.00033
492	-0.00352
493	-0.00424
494	-0.00093
495	0.00260
496	0.00638
497	0.00811
498	0.00369
499	0.00255
500	0.00367
501	0.00069
502	-0.00204
503	-0.00219
504	0.00087
505	0.00004
506	0.00027
507	-0.00017
508	-0.00063
509	-0.00129
510	-0.00280
511	-0.00139
512	0.00025
513	0.00195
514	0.00122
515	-0.00045
516	-0.00004
517	-0.00083
518	0.00126
519	0.00218
520	0.00031
521	-0.00254
522	-0.00388
523	-0.00308
524	-0.00292
525	-0.00336
526	-0.00144
527	-0.00162
528	-0.00033
529	-0.00081
530	-0.00224
531	-0.00235
532	-0.00275
533	-0.00345
534	-0.00069
535	0.00012
536	0.00157
537	0.00518
538	0.01315
539	0.00550
540	0.00099
541	-0.00079
542	-0.00650
543	-0.01391
544	-0.01675
545	-0.01245
546	-0.01085
547	-0.03670
548	-0.05648
549	-0.06383
550	-0.08237
551	-0.04455
552	-0.02015
553	-0.04719
554	-0.01820
555	-0.00055
556	-0.00053
557	0.01782
558	0.03768
559	0.03067
560	0.02046
561	0.02289
562	0.02894
563	0.02756
564	0.02129
565	0.01393
566	0.01019
567	0.01073
568	0.00994
569	0.00530
570	-0.00086
571	-0.00660
572	-0.00579
573	-0.00049
574	0.00471
575	0.00154
576	-0.00280
577	0.00088
578	0.00863
579	0.01984
580	0.02902
581	0.03427
582	0.04268
583	0.06907
584	-0.07445
585	-0.17092
586	0.11960
587	0.02180
588	0.03671
589	0.00722
590	0.01201
591	0.00005
592	0.15795
593	0.17769
594	0.04607
595	-0.02901
596	-0.10500
597	-0.09567
598	-0.11884
599	-0.11200
600	0.04611
601	0.06661
602	0.17709
603	0.26616
604	0.20459
605	0.05435
606	-0.08155
607	-0.09857
608	-0.08330
609	-0.16413
610	-0.08414
611	0.00099
612	0.03218
613	0.03019
614	0.01069
615	0.01073
616	0.01035
617	0.00890
618	-0.00099
619	0.00646
620	0.03196
621	0.01529
622	-0.00026
623	0.01133
624	-0.00369
625	-0.03938
626	0.00472
627	0.03167
628	-0.01514
629	-0.03645
630	-0.04131
631	-0.01542
632	-0.01680
633	-0.06489
634	-0.04341
635	-0.03340
636	-0.11460
637	-0.11534
638	-0.07765
639	-0.08561
640	-0.03071
641	-0.02350
642	-0.04324
643	-0.04672
644	-0.07926
645	-0.07383
646	-0.03376
647	0.02842
648	0.07647
649	0.07842
650	0.10161
651	0.04237
652	0.02616
653	0.18966
654	0.19325
655	0.07493
656	0.07119
657	0.00744
658	0.00223
659	-0.00716
660	-0.06268
661	-0.08720
662	0.01378
663	0.04253
664	-0.00275
665	0.00230
666	0.01940
667	0.03900
668	0.04328
669	0.04343
670	0.05648
671	0.07443
672	0.08459
673	0.07897
674	0.06040
675	0.04007
676	0.02673
677	0.02299
678	0.02371
679	0.02340
680	0.02078
681	0.01437
682	0.00334
683	-0.00776
684	-0.01780
685	-0.02791
686	-0.02956
687	-0.02108
688	-0.00704
689	0.00069
690	-0.00084
691	0.00466
692	0.01948
693	0.02704
694	0.02263
695	0.02127
696	0.02752
697	0.03955
698	0.05435
699	0.04961
700	0.02463
701	0.00486
702	-0.00381
703	-0.00108
704	0.01073
705	-0.09173
706	0.19041
707	0.12628
708	-0.00039
709	0.01261
710	-0.01517
711	-0.02166
712	0.07068
713	0.58784
714	0.54084
715	0.22744
716	-0.14201
717	-0.29211
718	-0.25850
719	-0.31678
720	-0.09078
721	0.10842
722	0.15449
723	0.23655
724	0.40791
725	0.50843
726	0.36205
727	0.24521
728	0.10192
729	0.03035
730	-0.00150
731	-0.02851
732	-0.01482
733	-0.00643
734	0.00869
735	0.02444
736	0.10169
737	0.10058
738	0.09149
739	0.01381
740	-0.00356
741	0.00323
742	0.00008
743	-0.01528
744	-0.02184
745	-0.00821
746	0.00544
747	0.00402
748	-0.02760
749	-0.04255
750	-0.03330
751	-0.05682
752	-0.09815
753	-0.05579
754	-0.01683
755	0.05599
756	0.10054
757	0.11639
758	0.10580
759	0.05427
760	0.01235
761	-0.00673
762	0.00533
763	0.05352
764	0.08068
765	0.08681
766	0.11652
767	0.06686
768	0.08499
769	0.19173
770	0.09097
771	0.04307
772	-0.00613
773	-0.08094
774	-0.10435
775	-0.12609
776	-0.06655
777	-0.06594
778	0.00207
779	0.02403
780	0.01938
781	0.00833
782	-0.00078
783	0.00219
784	0.01850
785	0.02727
786	0.03964
787	0.05562
788	0.06652
789	0.09167
790	0.09489
791	0.07859
792	0.09471
793	0.11665
794	0.10597
795	0.07940
796	0.05366
797	0.02528
798	-0.00525
799	-0.01763
800	-0.02114
801	-0.02305
802	-0.01431
803	0.00755
804	0.01758
805	0.01365
806	0.01466
807	0.03190
808	0.04980
809	0.04707
810	0.05088
811	0.09237
812	0.09717
813	0.01424
814	-0.03650
815	-0.00354
816	0.04526
817	-0.12953
818	0.08439
819	0.07317
820	0.06591
821	0.23628
822	-0.00367
823	0.12303
824	-0.04874
825	0.53737
826	0.55647
827	0.24110
828	-0.08223
829	-0.20991
830	-0.36143
831	-0.47931
832	-0.20411
833	0.12006
834	0.11311
835	0.14316
836	0.22017
837	0.30327
838	0.35888
839	0.30567
840	0.11253
841	0.00526
842	-0.02288
843	-0.00748
844	0.03875
845	0.04078
846	-0.00712
847	0.03464
848	0.02267
849	-0.08704
850	0.01843
851	-0.00506
852	-0.01239
853	-0.01299
854	-0.02479
855	-0.02651
856	-0.04866
857	-0.05212
858	-0.05559
859	-0.03509
860	0.00592
861	0.11116
862	0.21127
863	0.32328
864	0.24965
865	0.16624
866	0.08261
867	0.03416
868	0.06509
869	0.10579
870	0.16562
871	0.32535
872	0.34718
873	0.38608
874	0.24862
875	0.16904
876	0.17736
877	0.10451
878	0.01401
879	-0.07655
880	-0.16250
881	-0.26807
882	-0.18762
883	-0.01563
884	-0.01763
885	-0.01677
886	0.01318
887	0.04777
888	0.02913
889	-0.00588
890	-0.01059
891	-0.00614
892	-0.00448
893	0.01284
894	0.02582
895	0.01963
896	0.04217
897	0.07066
898	0.05792
899	0.04986
900	0.07054
901	0.09268
902	0.10196
903	0.08112
904	0.04094
905	0.00704
906	-0.01240
907	-0.01516
908	-0.00883
909	0.00920
910	0.03072
911	0.01883
912	0.01486
913	0.02562
914	0.04648
915	0.06881
916	0.07983
917	0.10470
918	0.14307
919	0.06242
920	-0.09723
921	-0.13544
922	-0.06321
923	-0.00523
924	-0.02453
925	0.17085
926	0.27753
927	0.03419
928	-0.26077
929	-0.15043
930	0.10289
931	-0.03747
932	0.30313
933	0.52466
934	0.30993
935	0.20823
936	0.24582
937	0.22345
938	0.17048
939	0.24924
940	0.24403
941	0.05989
942	0.01858
943	0.11917
944	0.25138
945	0.28360
946	0.33662
947	0.28588
948	0.07075
949	0.00253
950	-0.00046
951	0.03082
952	-0.03701
953	-0.02880
954	0.08372
955	-0.01717
956	-0.08139
957	-0.01893
958	-0.00586
959	-0.04671
960	-0.05252
961	-0.02709
962	-0.03614
963	-0.03351
964	0.00507
965	0.04580
966	0.19416
967	0.27653
968	0.17405
969	0.09654
970	-0.00572
971	-0.05111
972	-0.06283
973	-0.03809
974	0.04275
975	0.11873
976	0.22022
977	0.27846
978	0.24809
979	0.30286
980	0.22787
981	0.19584
982	0.23940
983	0.12416
984	0.00576
985	-0.10432
986	-0.22286
987	-0.13693
988	-0.11270
989	-0.06531
990	-0.10906
991	-0.02145
992	0.01655
993	0.00096
994	-0.00610
995	-0.00387
996	-0.00771
997	-0.00458
998	0.01919
999	0.03106
1000	0.03029
1001	0.04330
1002	0.06350
1003	0.06676
1004	0.04864
1005	0.03437
1006	0.03977
1007	0.05418
1008	0.05334
1009	0.03539
1010	0.01376
1011	0.00233
1012	0.01010
1013	0.01590
1014	0.00021
1015	0.00488
1016	0.00477
1017	0.00821
1018	0.02600
1019	0.05334
1020	0.05705
1021	0.04628
1022	0.06623
1023	0.12595
1024	0.10044
1025	-0.05257
1026	-0.12531
1027	-0.04945
1028	-0.00535
1029	-0.17933
1030	0.12657
1031	0.12079
1032	0.00443
1033	0.06360
1034	-0.00617
1035	-0.00614
1036	0.13743
1037	0.31787
1038	0.27741
1039	0.09693
1040	0.02999
1041	-0.03270
1042	0.20917
1043	0.49656
1044	0.40426
1045	0.20663
1046	0.06278
1047	-0.07625
1048	-0.06667
1049	0.01496
1050	0.18065
1051	0.26629
1052	0.05771
1053	0.04992
1054	0.13432
1055	0.00049
1056	-0.00050
1057	0.01149
1058	0.01046
1059	-0.07545
1060	-0.11272
1061	0.03487
1062	-0.03095
1063	-0.07188
1064	-0.01532
1065	0.02176
1066	0.13960
1067	0.31995
1068	0.14150
1069	0.21633
1070	0.31503
1071	0.24551
1072	0.12964
1073	0.02002
1074	-0.11390
1075	-0.10408
1076	-0.06710
1077	0.05606
1078	0.13025
1079	0.18597
1080	0.20528
1081	0.16313
1082	0.13178
1083	0.07572
1084	0.03272
1085	-0.12796
1086	-0.01853
1087	-0.23099
1088	-0.37620
1089	-0.00528
1090	0.03968
1091	-0.01683
1092	0.02844
1093	0.05381
1094	0.02655
1095	-0.01081
1096	-0.01167
1097	-0.00334
1098	-0.00748
1099	-0.00289
1100	0.02181
1101	0.05044
1102	0.09842
1103	0.11522
1104	0.09673
1105	0.11748
1106	0.15268
1107	0.15111
1108	0.11497
1109	0.07405
1110	0.03577
1111	0.00557
1112	-0.00347
1113	0.00254
1114	0.00117
1115	0.00231
1116	0.02272
1117	0.01837
1118	0.01572
1119	0.02186
1120	0.03647
1121	0.04839
1122	0.06862
1123	0.13129
1124	0.17984
1125	0.06985
1126	-0.09917
1127	-0.12937
1128	-0.06364
1129	-0.01082
1130	-0.00717
1131	0.06111
1132	0.29756
1133	0.32125
1134	-0.42015
1135	-0.50401
1136	0.09544
1137	-0.05972
1138	0.22047
1139	0.16928
1140	-0.12810
1141	-0.40921
1142	-0.34702
1143	-0.10237
1144	0.02602
1145	0.27746
1146	0.46503
1147	0.33488
1148	0.16269
1149	0.04974
1150	0.06556
1151	0.12622
1152	0.16059
1153	0.22731
1154	0.14382
1155	0.04201
1156	0.11869
1157	0.07701
1158	0.02087
1159	0.00781
1160	-0.03004
1161	-0.01642
1162	-0.01045
1163	-0.05274
1164	-0.04818
1165	-0.05223
1166	-0.11382
1167	-0.08998
1168	-0.00212
1169	0.08801
1170	0.15019
1171	0.25291
1172	0.30384
1173	0.23744
1174	0.14629
1175	0.13887
1176	0.05174
1177	-0.08390
1178	-0.12486
1179	-0.12464
1180	-0.06640
1181	0.06377
1182	0.21352
1183	0.32877
1184	0.21615
1185	0.21828
1186	0.15850
1187	0.06908
1188	-0.05158
1189	-0.17943
1190	-0.43262
1191	-0.14510
1192	-0.01153
1193	-0.11572
1194	-0.06206
1195	-0.02703
1196	-0.01237
1197	0.01013
1198	-0.00197
1199	-0.01068
1200	-0.02851
1201	-0.05805
1202	-0.04974
1203	0.00246
1204	0.02586
1205	0.04620
1206	0.08775
1207	0.11152
1208	0.10725
1209	0.09222
1210	0.08534
1211	0.08903
1212	0.08046
1213	0.04420
1214	0.00873
1215	-0.00233
1216	-0.00227
1217	0.00053
1218	-0.00011
1219	0.00073
1220	0.00650
1221	0.01347
1222	0.02486
1223	0.03681
1224	0.04071
1225	0.03412
1226	0.05661
1227	0.13298
1228	0.12914
1229	-0.01662
1230	-0.14236
1231	-0.11718
1232	-0.02779
1233	-0.00026
1234	-0.04726
1235	0.23722
1236	0.29524
1237	-0.10666
1238	-0.45417
1239	-0.01261
1240	0.07203
1241	-0.09458
1242	0.02163
1243	0.14339
1244	0.17834
1245	0.14869
1246	0.15183
1247	0.29812
1248	0.41224
1249	0.31998
1250	0.10444
1251	-0.05499
1252	-0.09754
1253	-0.03108
1254	0.07000
1255	0.13371
1256	0.17855
1257	0.17189
1258	0.16345
1259	0.13694
1260	0.10753
1261	0.03918
1262	-0.00282
1263	-0.01493
1264	-0.03980
1265	0.01351
1266	-0.02203
1267	-0.04952
1268	-0.12178
1269	-0.03673
1270	0.01958
1271	0.13291
1272	0.07926
1273	0.06206
1274	0.07595
1275	0.12366
1276	0.17197
1277	0.11278
1278	0.00177
1279	-0.14013
1280	-0.11267
1281	0.00587
1282	0.16950
1283	0.15590
1284	0.11047
1285	0.14921
1286	0.25951
1287	0.19425
1288	0.09119
1289	0.22483
1290	0.22970
1291	0.03889
1292	-0.06485
1293	-0.28330
1294	-0.42375
1295	-0.08046
1296	0.11582
1297	-0.21695
1298	-0.10047
1299	-0.00534
1300	0.00317
1301	0.01031
1302	0.00618
1303	-0.01202
1304	-0.02567
1305	-0.05145
1306	-0.06455
1307	-0.02453
1308	0.00541
1309	0.00685
1310	0.05091
1311	0.11493
1312	0.12263
1313	0.08317
1314	0.04742
1315	0.03735
1316	0.04802
1317	0.05403
1318	0.03555
1319	0.02034
1320	0.02088
1321	0.01726
1322	0.00176
1323	0.00010
1324	0.00003
1325	0.00324
1326	0.03178
1327	0.06348
1328	0.06532
1329	0.05857
1330	0.09155
1331	0.17884
1332	0.14362
1333	-0.06124
1334	-0.17274
1335	-0.11927
1336	-0.03432
1337	0.00186
1338	0.01186
1339	0.12391
1340	0.25823
1341	-0.26647
1342	-0.79704
1343	-0.07331
1344	0.02783
1345	0.21315
1346	0.37670
1347	0.05409
1348	-0.12834
1349	-0.00213
1350	0.12444
1351	0.17439
1352	0.27428
1353	0.30387
1354	0.14677
1355	0.00901
1356	-0.03121
1357	0.05570
1358	0.19425
1359	0.23978
1360	0.26266
1361	0.11901
1362	0.09992
1363	0.12735
1364	0.06712
1365	0.06525
1366	0.03589
1367	-0.03885
1368	-0.04222
1369	-0.03902
1370	-0.05227
1371	-0.03878
1372	-0.07294
1373	-0.03082
1374	0.02117
1375	0.11125
1376	0.11120
1377	0.12629
1378	0.24251
1379	0.20772
1380	0.19250
1381	0.04355
1382	-0.09802
1383	-0.18503
1384	-0.15323
1385	-0.15786
1386	-0.16276
1387	-0.06272
1388	0.03218
1389	0.16103
1390	0.25367
1391	0.21108
1392	0.07063
1393	0.05613
1394	-0.00700
1395	-0.01939
1396	-0.04303
1397	-0.19639
1398	-0.14147
1399	0.05255
1400	-0.13490
1401	-0.07906
1402	0.01753
1403	0.00693
1404	0.01624
1405	0.00309
1406	-0.00015
1407	0.00439
1408	0.01602
1409	0.00802
1410	-0.03581
1411	-0.03614
1412	0.01166
1413	0.04309
1414	0.09526
1415	0.11935
1416	0.09383
1417	0.08530
1418	0.07060
1419	0.05978
1420	0.06247
1421	0.05777
1422	0.03577
1423	0.01866
1424	0.01930
1425	0.02004
1426	0.00288
1427	0.00279
1428	0.01211
1429	0.01073
1430	0.00059
1431	0.01408
1432	0.04754
1433	0.05566
1434	0.09028
1435	0.18913
1436	0.14553
1437	-0.05915
1438	-0.14413
1439	-0.06686
1440	0.01378
1441	-0.01343
1442	0.46088
1443	0.86902
1444	0.13672
1445	-0.11201
1446	0.07695
1447	-0.44410
1448	-0.04856
1449	-0.37942
1450	-1.21469
1451	-0.81320
1452	-0.49159
1453	-0.37807
1454	-0.15391
1455	0.27438
1456	0.55718
1457	0.47342
1458	0.33431
1459	0.15775
1460	0.06805
1461	0.06508
1462	0.12032
1463	0.20230
1464	0.20819
1465	0.21754
1466	0.22353
1467	0.08816
1468	0.06182
1469	0.09058
1470	-0.03951
1471	-0.14939
1472	-0.06440
1473	-0.03888
1474	-0.11900
1475	-0.05634
1476	-0.04152
1477	0.01563
1478	0.04702
1479	0.13826
1480	0.15819
1481	0.11746
1482	0.16440
1483	0.12613
1484	0.14326
1485	0.16071
1486	0.08779
1487	0.04225
1488	-0.01854
1489	-0.05658
1490	-0.05845
1491	-0.01505
1492	0.03676
1493	0.09679
1494	0.09167
1495	0.03744
1496	0.03870
1497	-0.01487
1498	-0.02755
1499	-0.04709
1500	-0.13188
1501	-0.23098
1502	-0.05738
1503	-0.00602
1504	-0.03261
1505	0.01018
1506	0.01756
1507	0.00002
1508	-0.00001
1509	0.00527
1510	0.00765
1511	0.02723
1512	0.05778
1513	0.07045
1514	0.05806
1515	0.04769
1516	0.06204
1517	0.09548
1518	0.11008
1519	0.09606
1520	0.07620
1521	0.05592
1522	0.02785
1523	0.00929
1524	0.00499
1525	0.00436
1526	-0.00073
1527	-0.00673
1528	-0.00876
1529	-0.00868
1530	0.00420
1531	0.02167
1532	0.03244
1533	0.03980
1534	0.04110
1535	0.04101
1536	0.04552
1537	0.07707
1538	0.13222
1539	0.07399
1540	-0.10143
1541	-0.14107
1542	-0.05419
1543	-0.00202
1544	0.04579
1545	0.03947
1546	0.09994
1547	0.10818
1548	-0.12470
1549	-0.09348
1550	-0.06285
1551	-0.07173
1552	-0.19419
1553	-0.76731
1554	-0.54296
1555	-0.14510
1556	0.03954
1557	0.08591
1558	0.36571
1559	0.62599
1560	0.46286
1561	0.30966
1562	0.13910
1563	0.08989
1564	0.14133
1565	0.17882
1566	0.26041
1567	0.23851
1568	0.09794
1569	0.15499
1570	0.08855
1571	0.08989
1572	0.06281
1573	-0.02384
1574	-0.04864
1575	-0.00914
1576	0.04357
1577	-0.01385
1578	0.05156
1579	-0.00541
1580	0.00059
1581	0.04537
1582	0.11417
1583	0.05038
1584	0.13305
1585	0.08066
1586	0.01336
1587	0.03976
1588	0.14243
1589	0.26483
1590	0.22480
1591	0.12832
1592	0.05319
1593	-0.07216
1594	-0.13161
1595	-0.07218
1596	0.04614
1597	0.18697
1598	0.18188
1599	0.18010
1600	0.18300
1601	0.09608
1602	0.10855
1603	0.00931
1604	-0.02493
1605	-0.08087
1606	-0.24473
1607	-0.27650
1608	-0.01883
1609	0.04378
1610	-0.04982
1611	0.07174
1612	0.05156
1613	0.02648
1614	-0.00833
1615	-0.02037
1616	-0.01709
1617	-0.02423
1618	-0.01934
1619	0.01714
1620	0.02388
1621	0.01355
1622	0.03407
1623	0.05253
1624	0.06611
1625	0.08118
1626	0.08819
1627	0.08800
1628	0.08189
1629	0.06191
1630	0.03260
1631	0.01274
1632	0.00072
1633	-0.00612
1634	-0.00373
1635	0.01057
1636	0.01357
1637	0.01342
1638	0.01712
1639	0.02197
1640	0.03437
1641	0.06198
1642	0.11996
1643	0.18711
1644	0.08227
1645	-0.11647
1646	-0.13801
1647	-0.04021
1648	0.00308
1649	0.03970
1650	0.45862
1651	0.47769
1652	-0.18579
1653	0.04391
1654	-0.04756
1655	0.00813
1656	-0.15722
1657	-0.39671
1658	-0.57003
1659	-0.43873
1660	-0.16959
1661	-0.00664
1662	0.15372
1663	0.47235
1664	0.52622
1665	0.12947
1666	-0.04177
1667	-0.13617
1668	0.00419
1669	0.20434
1670	0.31168
1671	0.44525
1672	0.31009
1673	0.01956
1674	0.12188
1675	0.16123
1676	0.05517
1677	-0.02362
1678	-0.03609
1679	-0.00839
1680	-0.02931
1681	-0.08076
1682	-0.05107
1683	-0.01469
1684	-0.07189
1685	0.00842
1686	0.04682
1687	0.08253
1688	0.16690
1689	0.18075
1690	0.29488
1691	0.34128
1692	0.14102
1693	-0.01304
1694	-0.10829
1695	-0.17209
1696	-0.14846
1697	-0.07571
1698	0.03543
1699	0.09392
1700	0.26133
1701	0.18348
1702	0.14309
1703	0.10454
1704	0.06465
1705	0.01115
1706	-0.02098
1707	-0.13590
1708	-0.30106
1709	-0.00681
1710	-0.06153
1711	-0.11414
1712	-0.00011
1713	0.03625
1714	0.04833
1715	0.00918
1716	0.00184
1717	0.01587
1718	0.03262
1719	0.04287
1720	0.03751
1721	0.03368
1722	0.05915
1723	0.09532
1724	0.11446
1725	0.11724
1726	0.11255
1727	0.10351
1728	0.08664
1729	0.07076
1730	0.05126
1731	0.02639
1732	0.00428
1733	-0.00784
1734	-0.00951
1735	-0.00527
1736	-0.00463
1737	-0.00326
1738	0.01018
1739	0.03545
1740	0.04509
1741	0.03623
1742	0.04495
1743	0.07544
1744	0.13678
1745	0.22341
1746	0.10477
1747	-0.13738
1748	-0.18661
1749	-0.07117
1750	-0.00080
1751	0.12065
1752	0.49980
1753	0.34494
1754	-0.02162
1755	0.10803
1756	-0.00087
1757	0.11558
1758	-0.00451
1759	0.16512
1760	0.01800
1761	-0.07972
1762	0.01423
1763	0.05281
1764	-0.00633
1765	0.10352
1766	0.46781
1767	0.52050
1768	0.25204
1769	0.10462
1770	0.13328
1771	0.18736
1772	0.22608
1773	0.29808
1774	0.17479
1775	0.20514
1776	0.13867
1777	0.06931
1778	0.08552
1779	0.01339
1780	-0.03341
1781	-0.02678
1782	-0.00001
1783	-0.04690
1784	-0.00556
1785	-0.08371
1786	-0.07360
1787	-0.01438
1788	0.08032
1789	0.12697
1790	0.10275
1791	0.17260
1792	0.29912
1793	0.32296
1794	0.31544
1795	0.25717
1796	0.18983
1797	0.11826
1798	0.01888
1799	-0.06894
1800	-0.07084
1801	-0.02075
1802	0.03814
1803	0.11132
1804	0.11289
1805	0.17039
1806	0.18323
1807	0.08917
1808	0.08615
1809	0.00835
1810	-0.03981
1811	-0.15416
1812	-0.21729
1813	-0.26167
1814	-0.03506
1815	0.05560
1816	-0.03868
1817	0.02395
1818	0.03991
1819	0.02411
1820	-0.00166
1821	-0.01841
1822	0.00468
1823	0.01910
1824	0.01493
1825	0.02728
1826	0.03305
1827	0.02568
1828	0.05384
1829	0.09848
1830	0.11333
1831	0.09875
1832	0.08287
1833	0.07490
1834	0.06029
1835	0.03527
1836	0.01124
1837	0.00362
1838	0.01000
1839	0.00171
1840	0.00054
1841	0.00213
1842	0.00323
1843	0.01675
1844	0.05106
1845	0.08315
1846	0.11640
1847	0.16528
1848	0.20698
1849	0.15485
1850	-0.00322
1851	-0.10915
1852	-0.09926
1853	-0.03464
1854	0.00713
1855	0.04597
1856	0.15890
1857	0.34808
1858	0.06715
1859	-0.48005
1860	-0.28782
1861	0.01551
1862	0.30022
1863	0.71692
1864	0.35076
1865	0.02007
1866	0.09069
1867	0.32139
1868	0.57174
1869	0.72665
1870	0.45555
1871	0.23309
1872	0.15409
1873	0.08060
1874	-0.10167
1875	-0.14442
1876	-0.01018
1877	0.15792
1878	0.16519
1879	0.03099
1880	0.06949
1881	0.08979
1882	0.03278
1883	0.00608
1884	0.01097
1885	0.01599
1886	0.00338
1887	-0.05308
1888	-0.04763
1889	-0.06631
1890	-0.13467
1891	-0.07538
1892	-0.01295
1893	0.03661
1894	0.08705
1895	0.13554
1896	0.17570
1897	0.22425
1898	0.18632
1899	0.11813
1900	0.05685
1901	-0.02276
1902	-0.12839
1903	-0.13186
1904	-0.13054
1905	0.01272
1906	0.09863
1907	0.17100
1908	0.18504
1909	0.15434
1910	0.21437
1911	0.20176
1912	0.05040
1913	-0.08849
1914	-0.20853
1915	-0.24285
1916	-0.17379
1917	-0.04194
1918	-0.08667
1919	-0.02297
1920	0.00391
1921	0.01919
1922	0.00992
1923	-0.01139
1924	-0.01831
1925	-0.02528
1926	-0.05193
1927	-0.05325
1928	-0.01079
1929	0.01614
1930	0.05401
1931	0.10686
1932	0.11822
1933	0.10025
1934	0.08838
1935	0.08401
1936	0.07722
1937	0.04803
1938	0.01805
1939	0.00365
1940	0.00198
1941	0.01111
1942	0.00839
1943	0.00024
1944	0.01256
1945	0.01678
1946	0.01899
1947	0.01783
1948	0.03420
1949	0.05227
1950	0.09169
1951	0.20454
1952	0.16411
1953	-0.08806
1954	-0.21445
1955	-0.12321
1956	-0.01750
1957	-0.03286
1958	0.20571
1959	0.36854
1960	0.06038
1961	-0.28710
1962	-0.45054
1963	0.02221
1964	0.02523
1965	0.32990
1966	0.55974
1967	0.19750
1968	0.15043
1969	0.10984
1970	0.04766
1971	0.11514
1972	0.29917
1973	0.36231
1974	0.11209
1975	-0.07040
1976	-0.13910
1977	0.00494
1978	0.19187
1979	0.38263
1980	0.28175
1981	0.18996
1982	0.10601
1983	0.03879
1984	0.03520
1985	-0.00081
1986	-0.00506
1987	-0.03877
1988	-0.01889
1989	-0.03726
1990	-0.03801
1991	-0.07398
1992	-0.17133
1993	-0.02052
1994	0.02249
1995	0.11255
1996	0.06060
1997	0.16086
1998	0.23911
1999	0.22883
2000	0.37001
2001	0.23297
2002	0.04654
2003	-0.06451
2004	-0.12238
2005	-0.06384
2006	0.01009
2007	0.08346
2008	0.09062
2009	0.11709
2010	0.11879
2011	0.15344
2012	0.11358
2013	0.09300
2014	0.02363
2015	-0.04646
2016	-0.10305
2017	-0.30411
2018	-0.12414
2019	-0.09364
2020	-0.08948
2021	-0.00058
2022	-0.00752
2023	0.01481
2024	0.00666
2025	0.00009
2026	-0.00530
2027	-0.01510
2028	-0.03597
2029	-0.03324
2030	0.01265
2031	0.02729
2032	0.02969
2033	0.05187
2034	0.06614
2035	0.09595
2036	0.14966
2037	0.16103
2038	0.11049
2039	0.06364
2040	0.05015
2041	0.04538
2042	0.02690
2043	0.00580
2044	-0.00582
2045	-0.00355
2046	0.00260
2047	0.00080
2048	0.00937
2049	0.01258
2050	0.01419
2051	0.01415
2052	0.03307
2053	0.04903
2054	0.08177
2055	0.18132
2056	0.16570
2057	-0.03836
2058	-0.16643
2059	-0.10542
2060	0.02940
2061	-0.02187
2062	0.53138
2063	0.81249
2064	-0.06215
2065	-0.12266
2066	0.02075
2067	0.06043
2068	-0.02293
2069	0.09004
2070	-0.04023
2071	-0.15374
2072	-0.04645
2073	0.10328
2074	0.11605
2075	0.17242
2076	0.34088
2077	0.20202
2078	0.02753
2079	-0.16751
2080	-0.17298
2081	0.04163
2082	0.14537
2083	0.19123
2084	0.34657
2085	0.08864
2086	0.04085
2087	0.13237
2088	0.04218
2089	-0.01746
2090	0.01274
2091	-0.04582
2092	0.01430
2093	0.03354
2094	-0.08418
2095	0.04280
2096	-0.08753
2097	-0.11776
2098	-0.01425
2099	-0.05145
2100	-0.02020
2101	0.00931
2102	0.13722
2103	0.28985
2104	0.38022
2105	0.30002
2106	0.16763
2107	0.03491
2108	-0.10020
2109	-0.12828
2110	-0.11119
2111	-0.02532
2112	0.03493
2113	0.06249
2114	0.07483
2115	0.11772
2116	0.08974
2117	0.12633
2118	0.18538
2119	0.10502
2120	0.04645
2121	-0.04819
2122	-0.22633
2123	-0.05211
2124	-0.22783
2125	-0.05438
2126	0.07789
2127	-0.00934
2128	0.00684
2129	0.00963
2130	0.00027
2131	0.00010
2132	0.00214
2133	0.00423
2134	-0.01337
2135	-0.04165
2136	-0.02446
2137	0.00442
2138	0.02482
2139	0.05596
2140	0.07303
2141	0.08804
2142	0.09521
2143	0.09041
2144	0.06918
2145	0.04140
2146	0.03148
2147	0.02192
2148	0.01572
2149	0.01941
2150	0.01714
2151	0.00158
2152	0.00392
2153	0.00711
2154	-0.00109
2155	0.00068
2156	0.02782
2157	0.03614
2158	0.03622
2159	0.10627
2160	0.18715
2161	0.10078
2162	-0.09307
2163	-0.16469
2164	-0.09643
2165	-0.01923
2166	0.00386
2167	0.00902
2168	0.42846
2169	0.40222
2170	-0.29633
2171	-0.23124
2172	0.00039
2173	0.00150
2174	-0.25315
2175	-0.70140
2176	-0.43590
2177	0.17359
2178	0.44286
2179	0.37132
2180	0.26222
2181	0.45841
2182	0.67278
2183	0.38965
2184	-0.00019
2185	-0.18473
2186	-0.16659
2187	-0.02784
2188	0.07733
2189	0.15773
2190	0.23347
2191	0.13049
2192	0.10934
2193	0.18940
2194	0.15101
2195	0.05368
2196	-0.02624
2197	-0.03187
2198	0.00314
2199	-0.01250
2200	-0.04196
2201	-0.05870
2202	-0.00756
2203	-0.05309
2204	-0.02143
2205	-0.00653
2206	0.00650
2207	0.03639
2208	0.11307
2209	0.27853
2210	0.42484
2211	0.37800
2212	0.23654
2213	0.07841
2214	-0.09349
2215	-0.20285
2216	-0.19503
2217	-0.12454
2218	0.01156
2219	0.08486
2220	0.10484
2221	0.18131
2222	0.16915
2223	0.03662
2224	0.11069
2225	0.01414
2226	-0.04891
2227	-0.08530
2228	-0.24715
2229	-0.24162
2230	-0.09656
2231	0.03776
2232	-0.05027
2233	0.02860
2234	0.03637
2235	0.05886
2236	0.05705
2237	-0.00243
2238	-0.05434
2239	-0.06680
2240	-0.04933
2241	-0.00687
2242	0.00196
2243	-0.00529
2244	0.03198
2245	0.04996
2246	0.04115
2247	0.06413
2248	0.08107
2249	0.06886
2250	0.05474
2251	0.05014
2252	0.04485
2253	0.02670
2254	0.00977
2255	0.00225
2256	0.00134
2257	0.00178
2258	0.00131
2259	-0.00052
2260	-0.00441
2261	-0.00230
2262	0.01732
2263	0.03792
2264	0.04645
2265	0.06881
2266	0.16129
2267	0.22635
2268	0.10386
2269	-0.07191
2270	-0.11448
2271	-0.05396
2272	-0.00717
2273	0.00143
2274	-0.08914
2275	-0.35080
2276	-0.00810
2277	-0.46221
2278	-0.18705
2279	0.15667
2280	-0.30577
2281	0.00751
2282	0.54339
2283	0.71551
2284	0.71929
2285	0.79678
2286	0.44650
2287	0.35422
2288	0.54116
2289	0.40743
2290	0.15254
2291	0.03092
2292	0.03867
2293	0.05222
2294	0.01914
2295	0.04781
2296	0.15227
2297	0.16632
2298	0.11113
2299	0.14639
2300	0.08803
2301	0.01918
2302	-0.02292
2303	0.00743
2304	-0.01708
2305	-0.02103
2306	-0.00020
2307	0.00428
2308	-0.04754
2309	-0.06020
2310	-0.10080
2311	-0.07003
2312	0.01115
2313	-0.03485
2314	-0.02381
2315	0.01860
2316	0.05188
2317	0.09949
2318	0.25868
2319	0.20086
2320	0.13332
2321	0.16093
2322	0.07912
2323	0.03254
2324	0.00110
2325	-0.01778
2326	0.00543
2327	0.07158
2328	0.17052
2329	0.14887
2330	0.10755
2331	0.32939
2332	0.27365
2333	0.02349
2334	-0.02623
2335	-0.30584
2336	-0.17092
2337	0.23139
2338	-0.06903
2339	-0.20636
2340	-0.04509
2341	-0.00595
2342	-0.00067
2343	0.00021
2344	-0.00020
2345	-0.00514
2346	-0.02372
2347	-0.04218
2348	-0.02924
2349	0.00119
2350	0.02310
2351	0.05309
2352	0.09091
2353	0.10890
2354	0.12381
2355	0.14060
2356	0.12374
2357	0.08222
2358	0.05729
2359	0.05010
2360	0.03063
2361	0.00432
2362	-0.00933
2363	-0.01325
2364	-0.00700
2365	-0.00168
2366	0.01490
2367	0.03183
2368	0.03933
2369	0.04153
2370	0.05175
2371	0.06582
2372	0.09225
2373	0.16208
2374	0.16976
2375	0.00591
2376	-0.14318
2377	-0.11516
2378	-0.01865
2379	0.01960
2380	0.34215
2381	0.87080
2382	0.17073
2383	0.04035
2384	0.08535
2385	0.00588
2386	-0.04011
2387	0.18188
2388	0.32175
2389	-0.17769
2390	-0.35494
2391	-0.23770
2392	-0.00929
2393	0.25680
2394	0.61364
2395	0.71655
2396	0.64336
2397	0.32828
2398	0.10023
2399	-0.02612
2400	-0.10904
2401	-0.10528
2402	-0.04669
2403	0.05530
2404	0.14176
2405	0.14652
2406	0.13175
2407	0.09193
2408	0.04042
2409	-0.07547
2410	-0.05540
2411	0.05611
2412	-0.08390
2413	-0.03954
2414	-0.04419
2415	-0.04579
2416	-0.00991
2417	0.03417
2418	0.07994
2419	0.05859
2420	0.11244
2421	0.17455
2422	0.16878
2423	0.21368
2424	0.19935
2425	0.13645
2426	0.09649
2427	0.06775
2428	0.02734
2429	-0.01382
2430	-0.02477
2431	0.00476
2432	0.08761
2433	0.14192
2434	0.15874
2435	0.19377
2436	0.14274
2437	0.06444
2438	0.18041
2439	0.18998
2440	0.01719
2441	-0.02498
2442	-0.19565
2443	-0.25079
2444	-0.09508
2445	0.09228
2446	-0.05718
2447	0.00160
2448	0.03572
2449	0.02882
2450	0.00794
2451	-0.00738
2452	0.00725
2453	0.04011
2454	0.03106
2455	0.00919
2456	0.01338
2457	0.02756
2458	0.06312
2459	0.11718
2460	0.13046
2461	0.10829
2462	0.09124
2463	0.08672
2464	0.08399
2465	0.06678
2466	0.03238
2467	0.00863
2468	0.00697
2469	0.01306
2470	0.00524
2471	0.00105
2472	0.02098
2473	0.02791
2474	0.02485
2475	0.04512
2476	0.07718
2477	0.09048
2478	0.12217
2479	0.20066
2480	0.21476
2481	0.01689
2482	-0.20335
2483	-0.21926
2484	-0.10813
2485	-0.01827
2486	0.00855
2487	0.07825
2488	0.17724
2489	0.16716
2490	-0.34979
2491	-0.51868
2492	0.12231
2493	0.08803
2494	-0.11391
2495	0.25483
2496	0.47572
2497	0.45319
2498	0.37546
2499	0.39042
2500	0.43608
2501	0.58990
2502	0.40649
2503	0.04820
2504	-0.04826
2505	0.05060
2506	0.22125
2507	0.27435
2508	0.19807
2509	0.19063
2510	0.21667
2511	0.13799
2512	0.09448
2513	0.12058
2514	0.06622
2515	0.00883
2516	-0.01774
2517	-0.04497
2518	0.09019
2519	-0.11067
2520	-0.13983
2521	0.03171
2522	-0.06491
2523	-0.02574
2524	0.01308
2525	0.04060
2526	0.04648
2527	0.15777
2528	0.25625
2529	0.26755
2530	0.34527
2531	0.21128
2532	0.08067
2533	0.00288
2534	-0.01043
2535	-0.02507
2536	-0.03854
2537	-0.01031
2538	0.05036
2539	0.09687
2540	0.12099
2541	0.18619
2542	0.15340
2543	0.10694
2544	0.13269
2545	-0.01277
2546	-0.05181
2547	-0.17216
2548	-0.16413
2549	-0.25908
2550	-0.10675
2551	0.04393
2552	-0.10329
2553	-0.00090
2554	0.02642
2555	0.02643
2556	-0.01281
2557	-0.02988
2558	-0.02142
2559	-0.01939
2560	-0.01105
2561	0.01763
2562	0.02674
2563	0.01550
2564	0.03328
2565	0.07078
2566	0.10123
2567	0.09753
2568	0.06772
2569	0.05891
2570	0.07021
2571	0.07560
2572	0.05275
2573	0.01891
2574	0.00254
2575	-0.00371
2576	0.00445
2577	0.00205
2578	0.00456
2579	0.02187
2580	0.01818
2581	0.00383
2582	0.00500
2583	0.02624
2584	0.03072
2585	0.08161
2586	0.22429
2587	0.17747
2588	-0.08269
2589	-0.18788
2590	-0.10533
2591	-0.01737
2592	0.01954
2593	0.20708
2594	0.39500
2595	0.38971
2596	-0.22453
2597	-0.28991
2598	0.02261
2599	0.00046
2600	0.05168
2601	0.04641
2602	-0.02566
2603	-0.01491
2604	0.16881
2605	0.35453
2606	0.45091
2607	0.63891
2608	0.69272
2609	0.53812
2610	0.25979
2611	0.00826
2612	0.02789
2613	0.19859
2614	0.22536
2615	0.12294
2616	0.01666
2617	0.02244
2618	0.05759
2619	0.05341
2620	0.02133
2621	0.02415
2622	0.01397
2623	-0.04861
2624	0.04052
2625	0.03080
2626	-0.02923
2627	-0.06278
2628	0.01974
2629	0.03184
2630	-0.11678
2631	-0.04279
2632	0.00956
2633	0.04132
2634	0.13688
2635	0.25210
2636	0.21400
2637	0.28160
2638	0.23333
2639	0.08574
2640	0.02397
2641	-0.03450
2642	-0.02996
2643	-0.01510
2644	-0.01423
2645	0.02732
2646	0.12625
2647	0.23351
2648	0.29282
2649	0.16302
2650	0.13678
2651	0.23150
2652	0.09319
2653	-0.01976
2654	-0.21674
2655	-0.40134
2656	-0.05095
2657	0.08975
2658	-0.05491
2659	-0.00857
2660	0.00624
2661	0.01774
2662	0.00487
2663	-0.00035
2664	0.00208
2665	0.01359
2666	0.01769
2667	-0.00049
2668	-0.00968
2669	0.00154
2670	0.02518
2671	0.04511
2672	0.06083
2673	0.08463
2674	0.10544
2675	0.09091
2676	0.05864
2677	0.04310
2678	0.03964
2679	0.02696
2680	0.00803
2681	0.00010
2682	-0.00168
2683	0.00560
2684	0.00262
2685	0.00668
2686	0.02942
2687	0.03385
2688	0.03032
2689	0.03233
2690	0.03912
2691	0.04680
2692	0.10098
2693	0.18119
2694	0.10932
2695	-0.09346
2696	-0.17374
2697	-0.09559
2698	-0.01369
2699	0.00502
2700	0.08491
2701	0.35422
2702	0.19752
2703	-0.37540
2704	-0.22100
2705	0.04652
2706	-0.00136
2707	-0.19293
2708	-0.61261
2709	-0.42806
2710	0.21854
2711	0.56167
2712	0.51263
2713	0.36158
2714	0.59500
2715	0.76365
2716	0.42844
2717	0.11325
2718	-0.15073
2719	-0.12227
2720	0.01418
2721	0.10649
2722	0.09531
2723	0.12424
2724	0.11894
2725	0.08211
2726	0.19337
2727	0.15511
2728	0.08375
2729	0.04643
2730	-0.06589
2731	0.01092
2732	0.05607
2733	-0.13926
2734	-0.03937
2735	0.05136
2736	-0.06233
2737	0.00665
2738	0.06858
2739	0.02886
2740	0.04891
2741	0.18493
2742	0.18692
2743	0.23702
2744	0.40406
2745	0.23959
2746	0.03108
2747	-0.10400
2748	-0.23296
2749	-0.22799
2750	-0.14911
2751	-0.06464
2752	0.05511
2753	0.13509
2754	0.18556
2755	0.15504
2756	0.04841
2757	0.05511
2758	0.01354
2759	-0.01234
2760	-0.04839
2761	-0.14107
2762	-0.13332
2763	0.01055
2764	-0.02243
2765	-0.05988
2766	-0.00159
2767	0.01656
2768	0.01091
2769	-0.00046
2770	-0.00163
2771	0.01099
2772	0.03864
2773	0.04212
2774	0.01099
2775	0.00229
2776	0.01535
2777	0.04021
2778	0.06983
2779	0.06891
2780	0.05673
2781	0.05439
2782	0.05806
2783	0.05699
2784	0.04176
2785	0.02271
2786	0.00922
2787	0.00101
2788	0.00533
2789	0.00798
2790	0.00107
2791	0.00334
2792	0.01608
2793	0.01875
2794	0.00835
2795	0.01337
2796	0.03935
2797	0.06565
2798	0.16869
2799	0.25639
2800	0.06944
2801	-0.18362
2802	-0.20122
2803	-0.08639
2804	-0.00848
2805	-0.08132
2806	0.06659
2807	0.40428
2808	0.37331
2809	-0.39164
2810	-0.58824
2811	0.08686
2812	0.00256
2813	0.12011
2814	0.12018
2815	-0.22908
2816	-0.31110
2817	-0.26186
2818	0.02787
2819	0.26872
2820	0.79241
2821	0.94217
2822	0.58777
2823	0.19296
2824	-0.07536
2825	-0.17419
2826	-0.07546
2827	0.11586
2828	0.21979
2829	0.14936
2830	0.08977
2831	0.08505
2832	0.07156
2833	0.07829
2834	0.06867
2835	-0.01076
2836	-0.08970
2837	-0.04794
2838	0.02422
2839	-0.02648
2840	-0.10549
2841	-0.05622
2842	-0.04820
2843	-0.09864
2844	-0.01680
2845	0.03619
2846	0.11510
2847	0.20700
2848	0.41996
2849	0.44739
2850	0.19748
2851	0.03312
2852	-0.06366
2853	-0.03966
2854	-0.03815
2855	-0.10071
2856	-0.10333
2857	-0.03164
2858	0.10972
2859	0.16996
2860	0.21240
2861	0.12628
2862	0.09887
2863	0.14173
2864	0.05345
2865	0.00036
2866	-0.09105
2867	-0.15809
2868	-0.13424
2869	-0.04333
2870	-0.08637
2871	-0.03676
2872	-0.00124
2873	0.00867
2874	0.00269
2875	0.00095
2876	0.01208
2877	0.01582
2878	0.01372
2879	0.01630
2880	0.02383
2881	0.02156
2882	0.01689
2883	0.03039
2884	0.05484
2885	0.07041
2886	0.07804
2887	0.07752
2888	0.06971
2889	0.06188
2890	0.06863
2891	0.07324
2892	0.04189
2893	0.01377
2894	0.00981
2895	0.01803
2896	0.00872
2897	0.00232
2898	0.02474
2899	0.02721
2900	0.01743
2901	0.02057
2902	0.03750
2903	0.04544
2904	0.12386
2905	0.24089
2906	0.13974
2907	-0.11767
2908	-0.22000
2909	-0.13305
2910	-0.02998
2911	0.00699
2912	-0.02088
2913	0.22881
2914	0.29605
2915	-0.94250
2916	-0.52494
2917	0.13058
2918	-0.16187
2919	0.03351
2920	0.51012
2921	0.92028
2922	0.64956
2923	0.82298
2924	0.55494
2925	0.25461
2926	0.46238
2927	0.56244
2928	0.34592
2929	0.32082
2930	0.09621
2931	0.00485
2932	0.04710
2933	0.11696
2934	0.20475
2935	0.18738
2936	-0.00444
2937	0.09075
2938	0.16569
2939	0.02113
2940	0.01940
2941	0.00207
2942	0.00721
2943	0.00184
2944	0.01099
2945	0.01458
2946	0.01881
2947	-0.14103
2948	-0.08691
2949	-0.02627
2950	-0.00652
2951	0.02102
2952	0.02827
2953	0.09308
2954	0.24607
2955	0.26353
2956	0.26974
2957	0.18358
2958	0.02766
2959	-0.12621
2960	-0.17320
2961	-0.15150
2962	-0.06642
2963	0.02902
2964	0.07553
2965	0.11225
2966	0.20563
2967	0.29615
2968	0.22460
2969	0.19052
2970	0.37005
2971	0.21915
2972	0.02618
2973	-0.10204
2974	-0.20842
2975	-0.16017
2976	-0.07002
2977	-0.08331
2978	-0.11381
2979	-0.05241
2980	0.00070
2981	0.02646
2982	0.01998
2983	0.00215
2984	-0.01732
2985	-0.03823
2986	-0.05329
2987	-0.04275
2988	-0.00165
2989	0.01662
2990	0.00657
2991	0.03072
2992	0.06833
2993	0.08750
2994	0.09261
2995	0.08484
2996	0.06099
2997	0.04284
2998	0.03288
2999	0.02077
3000	0.01641
3001	0.01707
3002	0.01027
3003	0.00042
3004	0.00394
3005	0.00868
3006	0.00651
3007	0.00220
3008	0.01159
3009	0.03040
3010	0.05177
3011	0.12074
3012	0.25166
3013	0.20714
3014	-0.04737
3015	-0.17071
3016	-0.09723
3017	-0.01302
3018	-0.00476
3019	0.23657
3020	0.65396
3021	0.28672
3022	-0.42646
3023	-0.15079
3024	-0.12155
3025	-0.08284
3026	0.00648
3027	-0.48560
3028	-0.56308
3029	-0.25856
3030	0.08144
3031	0.21610
3032	0.41176
3033	1.01855
3034	1.00709
3035	0.78868
3036	0.74778
3037	0.31707
3038	0.03867
3039	-0.05456
3040	-0.01850
3041	0.05660
3042	0.05295
3043	0.04117
3044	0.10397
3045	0.12531
3046	0.05956
3047	0.12699
3048	0.05457
3049	-0.02967
3050	0.00321
3051	0.04006
3052	-0.02459
3053	-0.06295
3054	-0.03766
3055	-0.00355
3056	0.02252
3057	0.08009
3058	0.06445
3059	0.10784
3060	0.09891
3061	0.08957
3062	0.04691
3063	0.01349
3064	0.03596
3065	0.07288
3066	0.09060
3067	0.06711
3068	-0.00466
3069	-0.03166
3070	0.00598
3071	0.10619
3072	0.17036
3073	0.17792
3074	0.22193
3075	0.15278
3076	0.07284
3077	0.09063
3078	0.17924
3079	0.10185
3080	0.02765
3081	0.00318
3082	-0.13923
3083	-0.13745
3084	-0.18345
3085	-0.10028
3086	-0.10330
3087	-0.00871
3088	0.01842
3089	0.01943
3090	0.00351
3091	-0.01256
3092	-0.02931
3093	-0.04641
3094	-0.04073
3095	-0.00578
3096	0.02097
3097	0.03546
3098	0.06125
3099	0.07749
3100	0.08321
3101	0.08939
3102	0.07540
3103	0.05685
3104	0.04838
3105	0.03950
3106	0.03068
3107	0.02946
3108	0.02574
3109	0.00828
3110	0.00002
3111	0.00176
3112	0.00028
3113	-0.00509
3114	-0.00540
3115	0.00892
3116	0.03208
3117	0.05546
3118	0.13131
3119	0.24411
3120	0.14007
3121	-0.09644
3122	-0.15789
3123	-0.07679
3124	-0.00629
3125	0.03833
3126	0.18909
3127	0.43586
3128	0.13420
3129	-0.26390
3130	-0.18569
3131	0.02092
3132	0.01239
3133	0.25898
3134	0.22480
3135	0.00876
3136	0.05604
3137	0.24776
3138	0.25825
3139	0.37859
3140	0.78354
3141	0.89808
3142	0.51316
3143	0.38047
3144	0.25227
3145	0.14045
3146	0.17801
3147	0.27501
3148	0.26331
3149	0.18973
3150	0.15593
3151	0.11281
3152	0.03295
3153	-0.00478
3154	-0.00679
3155	0.00620
3156	-0.01871
3157	0.01669
3158	0.15027
3159	-0.02037
3160	-0.09295
3161	-0.04938
3162	-0.01170
3163	-0.00860
3164	0.09688
3165	0.06293
3166	0.16098
3167	0.38031
3168	0.37761
3169	0.26030
3170	0.07304
3171	-0.09423
3172	-0.15934
3173	-0.05799
3174	0.04122
3175	0.08392
3176	0.08755
3177	0.16824
3178	0.22051
3179	0.18484
3180	0.22603
3181	0.23733
3182	0.11479
3183	0.15005
3184	0.16908
3185	0.06896
3186	0.03399
3187	-0.05520
3188	-0.18584
3189	-0.27097
3190	-0.13004
3191	-0.13380
3192	-0.05279
3193	-0.00355
3194	0.02634
3195	0.02369
3196	0.00511
3197	-0.00522
3198	-0.01128
3199	-0.02727
3200	-0.05457
3201	-0.03767
3202	0.01023
3203	0.02609
3204	0.04229
3205	0.07600
3206	0.10487
3207	0.11287
3208	0.09719
3209	0.07552
3210	0.06481
3211	0.06191
3212	0.05486
3213	0.04348
3214	0.04236
3215	0.03597
3216	0.00673
3217	0.00256
3218	0.00790
3219	0.00696
3220	0.00806
3221	0.03231
3222	0.06595
3223	0.11832
3224	0.23830
3225	0.28270
3226	0.05373
3227	-0.17882
3228	-0.16584
3229	-0.05719
3230	-0.01643
3231	0.02594
3232	0.06909
3233	0.23457
3234	-0.26810
3235	-0.75200
3236	-0.27036
3237	0.01779
3238	0.50848
3239	1.36397
3240	0.76885
3241	0.28235
3242	0.39414
3243	0.51633
3244	0.55162
3245	0.53131
3246	0.38879
3247	0.27857
3248	0.11407
3249	0.04184
3250	0.09828
3251	0.12885
3252	0.07551
3253	0.04429
3254	0.03221
3255	0.04332
3256	0.03373
3257	0.01633
3258	-0.02391
3259	-0.00723
3260	0.01121
3261	0.00762
3262	0.01052
3263	-0.09541
3264	-0.05067
3265	-0.10247
3266	-0.02853
3267	-0.05599
3268	-0.02306
3269	0.01106
3270	0.03233
3271	0.02940
3272	0.03950
3273	0.19260
3274	0.38913
3275	0.28192
3276	0.28581
3277	0.19741
3278	0.02680
3279	-0.05723
3280	-0.08009
3281	-0.05285
3282	0.02000
3283	0.10999
3284	0.16974
3285	0.20311
3286	0.10629
3287	0.21643
3288	0.33113
3289	0.08828
3290	-0.00260
3291	-0.11972
3292	-0.19321
3293	-0.14217
3294	0.02978
3295	-0.15948
3296	-0.04205
3297	-0.01472
3298	0.01685
3299	0.02205
3300	0.01075
3301	-0.00296
3302	-0.01034
3303	-0.00826
3304	-0.01588
3305	-0.02089
3306	-0.00270
3307	0.01138
3308	0.02643
3309	0.07055
3310	0.09412
3311	0.08585
3312	0.08660
3313	0.08857
3314	0.07790
3315	0.06189
3316	0.04426
3317	0.01797
3318	0.00179
3319	-0.00314
3320	0.00925
3321	0.00842
3322	0.00343
3323	0.03018
3324	0.04046
3325	0.04235
3326	0.04368
3327	0.05086
3328	0.05286
3329	0.09606
3330	0.18165
3331	0.13444
3332	-0.05474
3333	-0.15620
3334	-0.10196
3335	-0.01904
3336	0.01328
3337	0.04291
3338	0.49358
3339	0.46608
3340	-0.33875
3341	-0.14514
3342	-0.02965
3343	-0.18845
3344	0.01057
3345	-0.78221
3346	-0.56290
3347	-0.17001
3348	-0.03093
3349	-0.00717
3350	0.04918
3351	0.43711
3352	0.65970
3353	0.63853
3354	0.35309
3355	0.05672
3356	-0.00374
3357	0.06255
3358	0.12680
3359	0.17723
3360	0.17241
3361	0.08854
3362	0.12490
3363	0.12596
3364	0.09455
3365	0.14544
3366	-0.08304
3367	-0.11642
3368	0.09976
3369	-0.00517
3370	-0.07972
3371	0.02313
3372	-0.00463
3373	-0.03591
3374	-0.01306
3375	0.03186
3376	0.02602
3377	0.16997
3378	0.22389
3379	0.15826
3380	0.31263
3381	0.35329
3382	0.15514
3383	0.09586
3384	0.08041
3385	0.06412
3386	0.06741
3387	0.08390
3388	0.09750
3389	0.03565
3390	0.04008
3391	0.13796
3392	0.13980
3393	0.07247
3394	0.07560
3395	-0.03815
3396	-0.09256
3397	-0.12997
3398	-0.16794
3399	-0.06733
3400	0.01884
3401	0.02652
3402	0.00365
3403	0.01413
3404	0.00273
3405	0.00121
3406	0.01096
3407	0.03706
3408	0.06818
3409	0.06223
3410	0.03401
3411	0.02215
3412	0.03091
3413	0.05064
3414	0.04533
3415	0.02439
3416	0.02268
3417	0.02814
3418	0.02006
3419	0.01237
3420	0.00890
3421	0.00250
3422	-0.00509
3423	-0.00669
3424	-0.00392
3425	-0.00039
3426	0.00000
3427	0.00028
3428	0.00017
3429	-0.00111
3430	0.00103
3431	0.01311
3432	0.02525
3433	0.03451
3434	0.07134
3435	0.13876
3436	0.14704
3437	0.03463
3438	-0.08275
3439	-0.09477
3440	-0.04893
3441	-0.00900
3442	-0.01770
3443	0.08733
3444	0.35088
3445	0.11309
3446	-0.18327
3447	-0.07209
3448	0.08061
3449	0.00948
3450	-0.02168
3451	-0.13758
3452	0.09469
3453	0.72553
3454	1.06551
3455	0.49882
3456	0.31942
3457	0.34284
3458	0.14759
3459	-0.01973
3460	-0.03937
3461	-0.01155
3462	0.03508
3463	0.10222
3464	0.21464
3465	0.28735
3466	0.27292
3467	0.16064
3468	0.10780
3469	0.03986
3470	0.01420
3471	0.02873
3472	0.02526
3473	-0.00451
3474	0.00040
3475	0.02768
3476	0.00448
3477	-0.05382
3478	0.02120
3479	-0.06633
3480	-0.01414
3481	0.01165
3482	0.02692
3483	0.02439
3484	0.05761
3485	0.08890
3486	0.12577
3487	0.20068
3488	0.25715
3489	0.10027
3490	-0.02562
3491	-0.16786
3492	-0.15354
3493	-0.10764
3494	-0.09565
3495	-0.03607
3496	0.00530
3497	0.03936
3498	0.08900
3499	0.23770
3500	0.16192
3501	0.12361
3502	0.18978
3503	0.13956
3504	0.04805
3505	-0.00045
3506	-0.07709
3507	-0.18015
3508	-0.03612
3509	-0.09519
3510	-0.10125
3511	0.00278
3512	0.01023
3513	0.02997
3514	0.01665
3515	0.00010
3516	0.00201
3517	0.01114
3518	0.01650
3519	0.02171
3520	0.02745
3521	0.02345
3522	0.02755
3523	0.05889
3524	0.09165
3525	0.08989
3526	0.06962
3527	0.05361
3528	0.03988
3529	0.02883
3530	0.02179
3531	0.01507
3532	0.00970
3533	0.00663
3534	0.00742
3535	0.00795
3536	0.00024
3537	0.00053
3538	0.01152
3539	0.02229
3540	0.03708
3541	0.05252
3542	0.05478
3543	0.07074
3544	0.16915
3545	0.24807
3546	0.10001
3547	-0.15935
3548	-0.23527
3549	-0.12637
3550	-0.02491
3551	0.01467
3552	0.06774
3553	0.30649
3554	0.14865
3555	-0.86316
3556	-0.71528
3557	0.13234
3558	0.08794
3559	0.01195
3560	0.58130
3561	0.56203
3562	0.66108
3563	1.00698
3564	0.49967
3565	0.26572
3566	0.36772
3567	0.23598
3568	0.19413
3569	0.26324
3570	0.21194
3571	0.25766
3572	0.29004
3573	0.26873
3574	0.38026
3575	0.30069
3576	0.11047
3577	0.02969
3578	-0.00353
3579	0.02436
3580	0.05329
3581	-0.01601
3582	-0.00759
3583	0.04414
3584	-0.01990
3585	-0.00305
3586	0.01860
3587	-0.03762
3588	-0.04166
3589	-0.07352
3590	-0.02719
3591	-0.00787
3592	0.02705
3593	0.04562
3594	0.06122
3595	0.20644
3596	0.20546
3597	0.15467
3598	0.19983
3599	0.13529
3600	0.02629
3601	-0.02506
3602	-0.04510
3603	-0.00258
3604	0.09646
3605	0.15274
3606	0.18419
3607	0.15396
3608	0.12858
3609	0.15204
3610	0.13294
3611	0.17027
3612	0.19265
3613	0.10344
3614	0.03070
3615	-0.03213
3616	-0.11560
3617	-0.14138
3618	-0.08063
3619	-0.07871
3620	-0.04008
3621	-0.00333
3622	0.02395
3623	0.01667
3624	0.00115
3625	0.00565
3626	0.01989
3627	0.01874
3628	0.01109
3629	0.00897
3630	0.02368
3631	0.03251
3632	0.05461
3633	0.09199
3634	0.09818
3635	0.09009
3636	0.08636
3637	0.08494
3638	0.08214
3639	0.07160
3640	0.03952
3641	0.01005
3642	0.00108
3643	0.00475
3644	0.00655
3645	0.00005
3646	0.00343
3647	0.01252
3648	0.02076
3649	0.03065
3650	0.04513
3651	0.05258
3652	0.05753
3653	0.13401
3654	0.22237
3655	0.12577
3656	-0.04178
3657	-0.09273
3658	-0.04953
3659	-0.00110
3660	0.00083
3661	0.08668
3662	0.09628
3663	-0.12162
3664	-0.00198
3665	-0.24921
3666	-0.09499
3667	-0.05775
3668	-0.09955
3669	-0.15407
3670	-0.06140
3671	0.14472
3672	0.42044
3673	0.51631
3674	0.40821
3675	0.53318
3676	0.64025
3677	0.52368
3678	0.38678
3679	0.25436
3680	0.25825
3681	0.29134
3682	0.20173
3683	0.17395
3684	0.18686
3685	0.11271
3686	0.05705
3687	0.04237
3688	0.03111
3689	0.05164
3690	0.00814
3691	0.00229
3692	0.03336
3693	0.04763
3694	-0.03298
3695	-0.01167
3696	0.02811
3697	-0.02452
3698	0.00552
3699	0.01947
3700	0.03482
3701	0.05363
3702	0.07623
3703	0.01966
3704	0.01383
3705	0.02711
3706	0.03945
3707	0.07345
3708	0.06494
3709	0.01185
3710	-0.06063
3711	-0.06893
3712	-0.05144
3713	0.04784
3714	0.09592
3715	0.11977
3716	0.10775
3717	0.09426
3718	0.14749
3719	0.13348
3720	0.10317
3721	0.18160
3722	0.24189
3723	0.11209
3724	0.03261
3725	-0.04670
3726	-0.22163
3727	-0.17568
3728	0.00111
3729	-0.21517
3730	-0.04295
3731	0.00310
3732	0.03324
3733	0.02074
3734	-0.01778
3735	-0.03348
3736	-0.03563
3737	-0.03055
3738	-0.01131
3739	0.02065
3740	0.02713
3741	0.01677
3742	0.03315
3743	0.06289
3744	0.08013
3745	0.08460
3746	0.07568
3747	0.05628
3748	0.05514
3749	0.07330
3750	0.05520
3751	0.02067
3752	0.01059
3753	0.01033
3754	0.00048
3755	0.00158
3756	0.00834
3757	0.00952
3758	0.00756
3759	0.02257
3760	0.04479
3761	0.03975
3762	0.09083
3763	0.20916
3764	0.20964
3765	0.03086
3766	-0.14926
3767	-0.15757
3768	-0.06123
3769	-0.00343
3770	0.01128
3771	0.39449
3772	0.55177
3773	0.02820
3774	-0.41339
3775	-0.03268
3776	-0.05903
3777	-0.02745
3778	-0.65253
3779	-0.71200
3780	-0.34090
3781	0.39882
3782	0.45152
3783	0.20218
3784	0.26093
3785	0.41619
3786	0.38194
3787	0.24817
3788	0.07836
3789	-0.01968
3790	-0.02273
3791	0.01439
3792	0.15200
3793	0.21635
3794	0.16728
3795	0.20093
3796	0.17234
3797	0.08454
3798	0.07483
3799	0.11266
3800	0.02318
3801	-0.05877
3802	-0.01629
3803	0.01283
3804	-0.00550
3805	-0.03633
3806	-0.02602
3807	-0.00506
3808	0.08151
3809	0.09726
3810	0.06204
3811	0.14156
3812	0.17174
3813	0.17337
3814	0.22861
3815	0.25245
3816	0.11459
3817	0.01131
3818	-0.10402
3819	-0.11765
3820	-0.03330
3821	0.03266
3822	0.06938
3823	0.08970
3824	0.08280
3825	0.07735
3826	0.05246
3827	0.01495
3828	-0.03794
3829	-0.06983
3830	-0.09428
3831	-0.21443
3832	-0.26709
3833	0.06337
3834	-0.00505
3835	-0.00139
3836	0.02344
3837	0.03076
3838	0.01019
3839	-0.00123
3840	0.00668
3841	0.02909
3842	0.03092
3843	0.02109
3844	0.02805
3845	0.04523
3846	0.05513
3847	0.05349
3848	0.03996
3849	0.04386
3850	0.05127
3851	0.04260
3852	0.02594
3853	0.01377
3854	0.00961
3855	0.00772
3856	0.00420
3857	0.00269
3858	0.00094
3859	-0.00075
3860	-0.00036
3861	0.00087
3862	0.00385
3863	-0.00272
3864	-0.00477
3865	0.00834
3866	0.02351
3867	0.04930
3868	0.13700
3869	0.20147
3870	0.06987
3871	-0.10231
3872	-0.11641
3873	-0.04133
3874	0.00846
3875	0.00260
3876	-0.02810
3877	0.05285
3878	0.04082
3879	-0.26602
3880	-0.68792
3881	0.04407
3882	-0.06268
3883	0.20953
3884	0.40993
3885	0.27895
3886	0.08588
3887	0.13282
3888	0.30075
3889	0.32990
3890	0.58652
3891	0.91531
3892	0.61355
3893	0.25310
3894	-0.03046
3895	-0.13996
3896	-0.11803
3897	0.03276
3898	0.12079
3899	0.16068
3900	0.09532
3901	0.16213
3902	0.18327
3903	0.03391
3904	0.02878
3905	0.00760
3906	-0.02144
3907	0.03004
3908	0.00777
3909	-0.00927
3910	-0.04675
3911	-0.07217
3912	-0.04362
3913	-0.03312
3914	0.00988
3915	0.03444
3916	0.04152
3917	0.11356
3918	0.23098
3919	0.28737
3920	0.22330
3921	0.06648
3922	-0.07257
3923	-0.11505
3924	-0.08202
3925	-0.04569
3926	0.03590
3927	0.10840
3928	0.15636
3929	0.17011
3930	0.18823
3931	0.09897
3932	0.09333
3933	0.28188
3934	0.05062
3935	-0.01550
3936	-0.20780
3937	-0.18954
3938	0.02126
3939	-0.00772
3940	-0.21934
3941	-0.08163
3942	0.01215
3943	-0.00368
3944	0.00558
3945	0.00902
3946	-0.00253
3947	-0.02084
3948	-0.04260
3949	-0.06464
3950	-0.04313
3951	-0.00089
3952	0.00170
3953	0.03009
3954	0.08391
3955	0.10003
3956	0.10480
3957	0.10415
3958	0.08009
3959	0.05121
3960	0.03508
3961	0.03019
3962	0.02206
3963	0.01137
3964	0.00536
3965	0.00300
3966	0.00006
3967	0.00401
3968	0.00391
3969	0.00987
3970	0.00352
3971	0.01322
3972	0.04132
3973	0.04462
3974	0.09177
3975	0.17907
3976	0.13057
3977	-0.05543
3978	-0.16371
3979	-0.12651
3980	-0.04271
3981	0.00367
3982	0.02552
3983	0.16477
3984	0.23646
3985	-0.01979
3986	-0.24873
3987	0.02870
3988	0.15207
3989	-0.12041
3990	-0.10560
3991	0.40088
3992	0.61489
3993	0.82845
3994	0.61597
3995	0.14104
3996	-0.05649
3997	-0.16273
3998	0.05879
3999	0.22378
4000	0.24878
4001	0.19399
4002	0.28837
4003	0.29965
4004	0.40891
4005	0.37033
4006	0.04971
4007	0.07165
4008	0.09622
4009	0.06582
4010	0.10047
4011	0.02003
4012	-0.00796
4013	0.05939
4014	-0.05243
4015	-0.02055
4016	0.03262
4017	-0.01092
4018	-0.02306
4019	-0.02305
4020	0.00312
4021	0.02684
4022	0.06990
4023	0.16500
4024	0.22854
4025	0.27752
4026	0.30947
4027	0.19302
4028	0.09213
4029	0.01559
4030	-0.00141
4031	-0.02582
4032	-0.06937
4033	-0.05940
4034	0.04011
4035	0.17107
4036	0.26002
4037	0.24010
4038	0.20765
4039	0.17191
4040	0.18923
4041	0.19332
4042	0.01790
4043	-0.04138
4044	-0.15106
4045	-0.14002
4046	0.00127
4047	-0.06234
4048	-0.11669
4049	-0.01855
4050	-0.00334
4051	0.02006
4052	0.02361
4053	0.01076
4054	-0.00436
4055	-0.00088
4056	0.00430
4057	-0.00239
4058	-0.00428
4059	0.00899
4060	0.01599
4061	0.03324
4062	0.06360
4063	0.07231
4064	0.06875
4065	0.05913
4066	0.04728
4067	0.04477
4068	0.04401
4069	0.02805
4070	0.00994
4071	0.00275
4072	0.00218
4073	0.00415
4074	0.00293
4075	-0.00062
4076	-0.00090
4077	-0.00363
4078	0.00337
4079	0.03508
4080	0.04824
4081	0.04064
4082	0.08650
4083	0.16991
4084	0.13435
4085	-0.02241
4086	-0.11879
4087	-0.08794
4088	-0.02243
4089	0.00561
4090	0.19873
4091	0.70438
4092	0.27370
4093	-0.44122
4094	-0.05047
4095	-0.19219
4096	-0.15450
4097	-0.00145
4098	-0.35449
4099	-0.21192
4100	-0.05505
4101	-0.08714
4102	-0.12950
4103	-0.18157
4104	-0.00324
4105	0.29537
4106	0.31823
4107	0.28632
4108	0.20617
4109	0.17447
4110	0.16592
4111	0.14533
4112	0.13044
4113	0.09079
4114	0.08342
4115	0.15579
4116	0.16951
4117	0.09285
4118	0.07077
4119	-0.01013
4120	-0.04931
4121	-0.01369
4122	0.02332
4123	-0.02513
4124	-0.05764
4125	-0.04958
4126	-0.03039
4127	0.01675
4128	0.08072
4129	0.10915
4130	0.05885
4131	0.18826
4132	0.25811
4133	0.17061
4134	0.13532
4135	0.00594
4136	-0.07889
4137	-0.11211
4138	-0.05393
4139	-0.01037
4140	0.05250
4141	0.08589
4142	0.11276
4143	0.09556
4144	0.08920
4145	0.06278
4146	0.04247
4147	0.07363
4148	0.06016
4149	0.00634
4150	-0.00044
4151	-0.04324
4152	-0.09533
4153	-0.02142
4154	-0.15003
4155	-0.09987
4156	-0.03138
4157	-0.00082
4158	0.00231
4159	0.00655
4160	0.01216
4161	0.00249
4162	0.00534
4163	0.01934
4164	-0.00402
4165	-0.01388
4166	0.01295
4167	0.02344
4168	0.06489
4169	0.10759
4170	0.10234
4171	0.09148
4172	0.08429
4173	0.08338
4174	0.07175
4175	0.04382
4176	0.02133
4177	0.00828
4178	0.00353
4179	-0.00267
4180	-0.00564
4181	0.00504
4182	0.01130
4183	-0.00465
4184	-0.01751
4185	0.00277
4186	0.03348
4187	0.09174
4188	0.21622
4189	0.24524
4190	0.04989
4191	-0.13343
4192	-0.13471
4193	-0.04636
4194	0.00319
4195	0.07025
4196	0.27544
4197	0.27940
4198	-0.04242
4199	-0.57150
4200	-0.17609
4201	0.10558
4202	-0.01308
4203	0.25711
4204	0.37192
4205	0.36942
4206	0.57784
4207	0.62809
4208	0.41581
4209	0.59331
4210	0.57098
4211	0.15191
4212	-0.10912
4213	-0.20027
4214	-0.23651
4215	-0.10031
4216	0.05788
4217	0.15544
4218	0.25877
4219	0.30758
4220	0.13475
4221	0.16826
4222	0.10409
4223	0.01077
4224	-0.00472
4225	0.00257
4226	-0.00570
4227	0.09644
4228	-0.16236
4229	-0.13645
4230	-0.00536
4231	-0.08250
4232	-0.04011
4233	0.02860
4234	0.05532
4235	0.08879
4236	0.12811
4237	0.28551
4238	0.38312
4239	0.32196
4240	0.11517
4241	-0.05362
4242	-0.17176
4243	-0.16844
4244	-0.07134
4245	0.00606
4246	0.10875
4247	0.17450
4248	0.13591
4249	0.19398
4250	0.28954
4251	0.19267
4252	0.07768
4253	0.19628
4254	0.18960
4255	0.04177
4256	0.00764
4257	-0.06061
4258	-0.10748
4259	-0.07980
4260	-0.13692
4261	-0.11238
4262	-0.03069
4263	-0.02032
4264	0.00710
4265	0.02071
4266	0.02064
4267	-0.00425
4268	-0.02276
4269	-0.02881
4270	-0.03226
4271	-0.00999
4272	0.01312
4273	0.01505
4274	0.03167
4275	0.06744
4276	0.08849
4277	0.08253
4278	0.07602
4279	0.07055
4280	0.05501
4281	0.03609
4282	0.02319
4283	0.01595
4284	0.01146
4285	0.00938
4286	0.01446
4287	0.01295
4288	-0.00108
4289	0.00033
4290	0.00624
4291	0.00028
4292	-0.00584
4293	0.01182
4294	0.01680
4295	0.02461
4296	0.12962
4297	0.18313
4298	0.07693
4299	-0.06365
4300	-0.11225
4301	-0.05820
4302	-0.00069
4303	0.07356
4304	0.14737
4305	0.28031
4306	0.07267
4307	-0.18569
4308	-0.06010
4309	0.00590
4310	0.02419
4311	0.20240
4312	0.42327
4313	0.52245
4314	0.65266
4315	0.57791
4316	0.29362
4317	0.26722
4318	0.23295
4319	0.24059
4320	0.27426
4321	0.24681
4322	0.13805
4323	0.06421
4324	0.10390
4325	0.23798
4326	0.31183
4327	0.20626
4328	0.16188
4329	0.20132
4330	0.16578
4331	0.07176
4332	0.01413
4333	-0.02043
4334	0.00672
4335	-0.01224
4336	0.13578
4337	-0.01344
4338	-0.05440
4339	-0.01698
4340	-0.08957
4341	-0.01855
4342	0.02024
4343	0.03924
4344	0.05767
4345	0.15739
4346	0.14253
4347	0.10959
4348	0.15728
4349	0.13247
4350	0.07354
4351	0.03608
4352	-0.01158
4353	-0.04725
4354	-0.04481
4355	-0.04716
4356	-0.02380
4357	0.06319
4358	0.14221
4359	0.21411
4360	0.27011
4361	0.15981
4362	0.16885
4363	0.23571
4364	0.12090
4365	0.02254
4366	-0.02689
4367	-0.10943
4368	-0.11276
4369	-0.08291
4370	-0.15389
4371	-0.14169
4372	0.01951
4373	0.00514
4374	0.02293
4375	0.01307
4376	0.00267
4377	-0.00027
4378	0.00319
4379	-0.00413
4380	-0.01701
4381	0.00102
4382	0.00625
4383	-0.00915
4384	0.01827
4385	0.05016
4386	0.04410
4387	0.03924
4388	0.04969
4389	0.04391
4390	0.01983
4391	0.00690
4392	0.00492
4393	0.00232
4394	-0.00002
4395	0.00151
4396	0.00614
4397	0.00071
4398	0.00042
4399	-0.00006
4400	-0.01023
4401	-0.02757
4402	-0.00541
4403	0.02548
4404	0.02751
4405	0.07820
4406	0.17835
4407	0.16845
4408	0.00374
4409	-0.13497
4410	-0.12867
4411	-0.04609
4412	-0.00208
4413	0.00940
4414	0.10992
4415	0.09843
4416	-0.18522
4417	-0.43571
4418	0.23774
4419	0.13816
4420	-0.07928
4421	-0.00107
4422	0.22516
4423	0.42831
4424	0.77625
4425	0.47518
4426	0.23431
4427	0.12705
4428	0.08366
4429	0.24707
4430	0.29756
4431	0.18623
4432	0.18481
4433	0.20429
4434	0.20582
4435	0.26852
4436	0.24231
4437	0.14655
4438	0.13166
4439	0.07697
4440	0.06032
4441	0.04684
4442	0.00536
4443	-0.00256
4444	0.00415
4445	0.00333
4446	0.01821
4447	-0.00396
4448	-0.04903
4449	-0.00087
4450	-0.04930
4451	-0.01919
4452	0.01346
4453	0.07019
4454	0.06474
4455	0.11155
4456	0.10722
4457	0.09753
4458	0.12477
4459	0.14079
4460	0.11965
4461	0.08304
4462	0.04520
4463	0.00924
4464	0.00034
4465	0.03802
4466	0.11479
4467	0.18663
4468	0.22397
4469	0.31739
4470	0.26512
4471	0.07759
4472	0.18989
4473	0.13300
4474	-0.03994
4475	-0.06046
4476	-0.21070
4477	-0.27484
4478	0.07212
4479	-0.00596
4480	-0.12494
4481	-0.00039
4482	0.02261
4483	0.02831
4484	0.02756
4485	0.01021
4486	-0.01280
4487	-0.01009
4488	-0.01816
4489	-0.02675
4490	-0.01102
4491	0.01493
4492	0.04772
4493	0.08347
4494	0.10187
4495	0.10195
4496	0.10571
4497	0.11634
4498	0.09935
4499	0.05528
4500	0.02493
4501	0.01551
4502	0.01810
4503	0.02801
4504	0.02007
4505	0.00082
4506	0.00076
4507	0.00558
4508	0.00953
4509	0.01540
4510	0.03090
4511	0.04761
4512	0.07045
4513	0.14438
4514	0.19931
4515	0.06458
4516	-0.12200
4517	-0.13551
4518	-0.04443
4519	0.00613
4520	-0.15791
4521	0.61448
4522	0.79652
4523	-0.04328
4524	-0.32016
4525	-0.00101
4526	0.00975
4527	-0.01937
4528	-0.16646
4529	-0.15105
4530	0.05689
4531	0.36561
4532	0.55211
4533	0.47310
4534	0.69657
4535	0.98968
4536	0.69978
4537	0.54514
4538	0.43686
4539	0.33085
4540	0.33408
4541	0.33724
4542	0.31213
4543	0.17921
4544	0.04765
4545	0.01805
4546	0.06007
4547	0.08740
4548	0.07945
4549	0.10530
4550	0.01879
4551	0.00305
4552	0.05593
4553	0.01988
4554	-0.00605
4555	-0.02127
4556	-0.01430
4557	-0.01003
4558	-0.09753
4559	-0.08053
4560	0.00485
4561	0.05625
4562	0.17741
4563	0.24696
4564	0.21879
4565	0.20941
4566	0.18585
4567	0.03106
4568	-0.09057
4569	-0.13594
4570	-0.08533
4571	-0.06932
4572	-0.02914
4573	0.01227
4574	0.07073
4575	0.16364
4576	0.35675
4577	0.34348
4578	0.12519
4579	0.23945
4580	0.31615
4581	0.06041
4582	-0.03497
4583	-0.15505
4584	-0.20446
4585	-0.06835
4586	0.06262
4587	-0.07114
4588	-0.08968
4589	0.00245
4590	0.01868
4591	0.00982
4592	0.00286
4593	-0.00121
4594	-0.00578
4595	-0.01414
4596	-0.01581
4597	-0.00417
4598	0.00611
4599	0.00492
4600	0.01380
4601	0.03625
4602	0.05697
4603	0.06605
4604	0.06571
4605	0.06096
4606	0.05618
4607	0.05490
4608	0.04599
4609	0.02739
4610	0.01407
4611	0.00743
4612	0.00475
4613	0.00294
4614	-0.00025
4615	0.01141
4616	0.03089
4617	0.01689
4618	0.00913
4619	0.03284
4620	0.02859
4621	0.07796
4622	0.15511
4623	0.09965
4624	-0.03404
4625	-0.10152
4626	-0.06218
4627	0.00512
4628	0.03883
4629	0.45765
4630	0.39853
4631	0.06688
4632	-0.18466
4633	-0.11217
4634	0.07394
4635	-0.00128
4636	0.08438
4637	0.26932
4638	0.31204
4639	0.37493
4640	0.45452
4641	0.24652
4642	0.16037
4643	0.26091
4644	0.44369
4645	0.46571
4646	0.30691
4647	0.17819
4648	0.17775
4649	0.22556
4650	0.24567
4651	0.28101
4652	0.20252
4653	0.10122
4654	0.05760
4655	0.03653
4656	0.03545
4657	0.04743
4658	0.00322
4659	-0.02273
4660	0.05294
4661	-0.00759
4662	-0.02715
4663	0.03777
4664	-0.01757
4665	-0.03574
4666	-0.01981
4667	0.00988
4668	0.03256
4669	0.08228
4670	0.10057
4671	0.09184
4672	0.11282
4673	0.11466
4674	0.03436
4675	-0.02517
4676	-0.06166
4677	-0.04856
4678	-0.03035
4679	-0.03479
4680	-0.04801
4681	-0.00526
4682	0.05180
4683	0.15460
4684	0.16354
4685	0.15948
4686	0.27822
4687	0.19995
4688	0.13089
4689	0.18545
4690	0.12297
4691	0.06058
4692	-0.03491
4693	-0.10556
4694	-0.19208
4695	-0.07038
4696	-0.00741
4697	-0.08707
4698	-0.02027
4699	0.01823
4700	0.02096
4701	-0.01725
4702	-0.01058
4703	0.00410
4704	0.01127
4705	0.02877
4706	0.04464
4707	0.04301
4708	0.02949
4709	0.02370
4710	0.04177
4711	0.05690
4712	0.05615
4713	0.05614
4714	0.05542
4715	0.04407
4716	0.04131
4717	0.03928
4718	0.02279
4719	0.01121
4720	0.01240
4721	0.00990
4722	-0.00032
4723	0.01077
4724	0.01814
4725	0.01475
4726	0.01183
4727	0.03353
4728	0.05086
4729	0.04189
4730	0.08786
4731	0.17758
4732	0.13876
4733	-0.04832
4734	-0.16214
4735	-0.12289
4736	-0.04148
4737	0.00047
4738	0.07274
4739	0.19853
4740	0.21213
4741	-0.22884
4742	-0.70509
4743	0.26841
4744	0.08060
4745	-0.12969
4746	-0.18128
4747	0.23750
4748	0.63048
4749	0.81816
4750	0.70066
4751	0.30437
4752	0.18843
4753	0.30587
4754	0.43737
4755	0.53641
4756	0.28053
4757	0.15054
4758	0.26310
4759	0.27117
4760	0.22917
4761	0.16532
4762	0.10414
4763	0.09319
4764	0.05611
4765	0.05118
4766	0.08706
4767	0.01372
4768	-0.01657
4769	0.02357
4770	0.01875
4771	-0.01828
4772	-0.03466
4773	-0.01408
4774	-0.01572
4775	-0.05420
4776	0.00901
4777	0.03137
4778	0.09739
4779	0.19164
4780	0.14457
4781	0.17421
4782	0.16131
4783	0.10168
4784	0.06585
4785	0.06391
4786	0.07708
4787	-0.00519
4788	-0.06113
4789	-0.10495
4790	-0.06057
4791	0.02990
4792	0.15716
4793	0.30621
4794	0.35508
4795	0.10474
4796	0.15858
4797	0.27322
4798	0.09039
4799	-0.02102
4800	-0.17224
4801	-0.28622
4802	-0.00019
4803	0.04733
4804	-0.04989
4805	-0.00510
4806	0.01607
4807	0.01889
4808	0.00159
4809	-0.00093
4810	0.01031
4811	0.01526
4812	0.00924
4813	0.00595
4814	0.01050
4815	0.01955
4816	0.03323
4817	0.04914
4818	0.06311
4819	0.08231
4820	0.08424
4821	0.05693
4822	0.03429
4823	0.02967
4824	0.03087
4825	0.02193
4826	0.00691
4827	-0.00039
4828	0.00298
4829	0.00522
4830	-0.00044
4831	0.00689
4832	0.01677
4833	0.02244
4834	0.00321
4835	0.00048
4836	0.03326
4837	0.04362
4838	0.12279
4839	0.19665
4840	0.05654
4841	-0.14950
4842	-0.18174
4843	-0.09305
4844	-0.02003
4845	0.00475
4846	0.16189
4847	0.21656
4848	0.42691
4849	0.14112
4850	-0.70699
4851	-0.14294
4852	0.09702
4853	0.01651
4854	0.11967
4855	0.08119
4856	0.26943
4857	0.40874
4858	0.34359
4859	0.08113
4860	0.06539
4861	0.31548
4862	0.44927
4863	0.37598
4864	0.32199
4865	0.32581
4866	0.41827
4867	0.31599
4868	0.28258
4869	0.44323
4870	0.19248
4871	0.09835
4872	0.09423
4873	0.08254
4874	0.08702
4875	0.03504
4876	0.01291
4877	0.01928
4878	0.02915
4879	-0.01881
4880	0.00952
4881	0.00932
4882	-0.04050
4883	-0.03268
4884	-0.02109
4885	0.02972
4886	0.05456
4887	0.09944
4888	0.10944
4889	0.25599
4890	0.24332
4891	0.09546
4892	0.03468
4893	-0.00420
4894	-0.00619
4895	0.03360
4896	0.04713
4897	0.03144
4898	0.03440
4899	0.06580
4900	0.10880
4901	0.22648
4902	0.28185
4903	0.29508
4904	0.23323
4905	0.15063
4906	0.21623
4907	0.22281
4908	0.01928
4909	-0.09119
4910	-0.19303
4911	-0.09153
4912	-0.06551
4913	-0.05459
4914	-0.02951
4915	-0.00465
4916	0.03511
4917	0.03963
4918	0.01789
4919	-0.02079
4920	-0.03072
4921	-0.01125
4922	-0.00553
4923	-0.00460
4924	0.00958
4925	0.02631
4926	0.03030
4927	0.04594
4928	0.09574
4929	0.14647
4930	0.12865
4931	0.08567
4932	0.07657
4933	0.08213
4934	0.06061
4935	0.02296
4936	0.00192
4937	0.00268
4938	0.00785
4939	-0.00018
4940	0.00695
4941	0.02602
4942	0.03915
4943	0.01839
4944	0.01036
4945	0.03675
4946	0.04953
4947	0.12936
4948	0.15507
4949	-0.01144
4950	-0.17940
4951	-0.16622
4952	-0.06479
4953	-0.00199
4954	-0.06692
4955	0.36987
4956	0.82411
4957	0.51064
4958	-0.80667
4959	-0.34726
4960	0.13785
4961	-0.05353
4962	0.14815
4963	0.16095
4964	0.14488
4965	0.16884
4966	0.18843
4967	0.09348
4968	0.06995
4969	0.24169
4970	0.54890
4971	0.65553
4972	0.66684
4973	0.45872
4974	0.36821
4975	0.34257
4976	0.27406
4977	0.16289
4978	0.04452
4979	-0.04906
4980	-0.09746
4981	-0.06545
4982	-0.00782
4983	0.05237
4984	0.01602
4985	-0.02460
4986	0.01680
4987	-0.01393
4988	-0.04495
4989	-0.05364
4990	-0.01034
4991	-0.02253
4992	-0.03450
4993	0.06937
4994	0.07996
4995	0.19298
4996	0.21406
4997	0.28524
4998	0.20404
4999	0.13552
5000	0.10120
5001	0.02336
5002	-0.04214
5003	-0.13737
5004	-0.16022
5005	-0.07079
5006	0.07736
5007	0.20951
5008	0.21573
5009	0.24087
5010	0.21207
5011	0.05328
5012	0.12098
5013	0.18796
5014	0.00343
5015	-0.08165
5016	-0.24267
5017	-0.23889
5018	-0.06665
5019	0.07306
5020	-0.03543
5021	-0.00315
5022	0.02394
5023	0.02146
5024	0.00780
5025	0.00103
5026	-0.00094
5027	0.00182
5028	-0.00666
5029	-0.01198
5030	0.00707
5031	0.03401
5032	0.07527
5033	0.11248
5034	0.09782
5035	0.07377
5036	0.08906
5037	0.09915
5038	0.07269
5039	0.04719
5040	0.03536
5041	0.02977
5042	0.01942
5043	0.01125
5044	0.01395
5045	0.01524
5046	0.00268
5047	-0.00110
5048	-0.00011
5049	-0.01169
5050	-0.02357
5051	-0.00372
5052	0.01192
5053	0.04306
5054	0.19123
5055	0.28602
5056	0.07771
5057	-0.17916
5058	-0.17932
5059	-0.06126
5060	0.00105
5061	0.11060
5062	0.14709
5063	0.09296
5064	0.13356
5065	-0.73728
5066	-0.29867
5067	0.05906
5068	-0.09704
5069	0.10523
5070	0.31099
5071	0.37073
5072	0.38679
5073	0.31359
5074	0.26445
5075	0.49004
5076	0.98783
5077	1.20359
5078	1.10005
5079	0.56630
5080	0.15847
5081	0.14102
5082	0.26796
5083	0.21521
5084	0.15528
5085	0.05701
5086	0.01049
5087	-0.01701
5088	-0.01804
5089	-0.00038
5090	0.01823
5091	-0.00062
5092	0.00089
5093	0.04210
5094	-0.00010
5095	-0.00800
5096	0.01978
5097	-0.01777
5098	-0.00056
5099	0.00417
5100	0.00251
5101	-0.00197
5102	-0.01501
5103	0.03418
5104	0.07680
5105	0.24115
5106	0.24057
5107	0.16641
5108	0.04160
5109	-0.07611
5110	-0.18058
5111	-0.15854
5112	-0.05335
5113	-0.00706
5114	0.03897
5115	0.06198
5116	0.10413
5117	0.10196
5118	0.10643
5119	0.28195
5120	0.25551
5121	0.08207
5122	0.03298
5123	-0.14060
5124	-0.08947
5125	0.06975
5126	-0.01896
5127	-0.10158
5128	-0.01846
5129	-0.00736
5130	0.00011
5131	0.00427
5132	0.00463
5133	0.00021
5134	-0.00844
5135	-0.00819
5136	0.00546
5137	0.01780
5138	0.02778
5139	0.05116
5140	0.05840
5141	0.04647
5142	0.04217
5143	0.04041
5144	0.03589
5145	0.04202
5146	0.05494
5147	0.05327
5148	0.02808
5149	0.01173
5150	0.01412
5151	0.02272
5152	0.01171
5153	-0.00033
5154	-0.00072
5155	0.00018
5156	0.00066
5157	0.01005
5158	0.03288
5159	0.04194
5160	0.05807
5161	0.13828
5162	0.18275
5163	0.09062
5164	-0.05272
5165	-0.10959
5166	-0.05954
5167	-0.00591
5168	0.04980
5169	0.12340
5170	0.19556
5171	0.04614
5172	-0.29308
5173	-0.05642
5174	0.02718
5175	0.01178
5176	0.02690
5177	0.02003
5178	0.16075
5179	0.32828
5180	0.33835
5181	0.24544
5182	0.35065
5183	0.44327
5184	0.37428
5185	0.28222
5186	0.27368
5187	0.24780
5188	0.23809
5189	0.27008
5190	0.18465
5191	0.09597
5192	0.07675
5193	0.08293
5194	0.06870
5195	0.02868
5196	0.04471
5197	0.06054
5198	-0.01278
5199	0.01189
5200	0.02718
5201	-0.01841
5202	-0.02776
5203	-0.02324
5204	0.00682
5205	-0.04982
5206	-0.12162
5207	-0.01706
5208	0.00812
5209	0.04259
5210	0.04120
5211	0.06693
5212	0.22692
5213	0.32946
5214	0.22098
5215	0.14692
5216	0.05027
5217	0.00575
5218	-0.02325
5219	-0.04515
5220	-0.04143
5221	0.02702
5222	0.11087
5223	0.22970
5224	0.33403
5225	0.18817
5226	0.11193
5227	0.23614
5228	0.16479
5229	0.01252
5230	-0.11602
5231	-0.17235
5232	-0.13905
5233	0.07633
5234	-0.08062
5235	-0.12040
5236	-0.00717
5237	0.01697
5238	0.01746
5239	0.00544
5240	-0.00058
5241	0.00383
5242	0.00364
5243	-0.00788
5244	-0.00178
5245	0.01119
5246	0.02672
5247	0.03888
5248	0.03720
5249	0.05170
5250	0.07323
5251	0.07303
5252	0.05440
5253	0.03359
5254	0.02314
5255	0.01705
5256	0.00763
5257	0.00020
5258	-0.00197
5259	-0.00070
5260	-0.00053
5261	0.00046
5262	0.01087
5263	0.02927
5264	0.02761
5265	0.01484
5266	0.01800
5267	0.03789
5268	0.11847
5269	0.20594
5270	0.12013
5271	-0.08390
5272	-0.17073
5273	-0.09218
5274	-0.01090
5275	-0.00629
5276	0.16381
5277	0.21660
5278	0.17374
5279	0.09344
5280	-0.27759
5281	-0.26960
5282	-0.06641
5283	0.05193
5284	0.27429
5285	0.42271
5286	0.51287
5287	0.57255
5288	0.59322
5289	0.35432
5290	0.28023
5291	0.39078
5292	0.31783
5293	0.27663
5294	0.18273
5295	0.15190
5296	0.26853
5297	0.35448
5298	0.33792
5299	0.37369
5300	0.16440
5301	0.07722
5302	0.12240
5303	0.06154
5304	0.04178
5305	0.03935
5306	-0.00417
5307	0.02112
5308	0.01118
5309	-0.05707
5310	0.04018
5311	0.01661
5312	-0.07758
5313	-0.02738
5314	0.01322
5315	0.06076
5316	0.09765
5317	0.11916
5318	0.13470
5319	0.15051
5320	0.24925
5321	0.17251
5322	0.11555
5323	0.04008
5324	-0.05337
5325	-0.07783
5326	-0.04269
5327	0.00166
5328	0.03935
5329	0.07774
5330	0.10489
5331	0.20059
5332	0.25996
5333	0.34119
5334	0.18201
5335	0.20585
5336	0.21111
5337	0.01076
5338	-0.05777
5339	-0.10716
5340	-0.10868
5341	-0.01533
5342	-0.12103
5343	-0.01239
5344	-0.01717
5345	0.01097
5346	0.04609
5347	0.04073
5348	0.00079
5349	-0.02338
5350	-0.01115
5351	0.00848
5352	0.02420
5353	0.03693
5354	0.03412
5355	0.02015
5356	0.03978
5357	0.08782
5358	0.10834
5359	0.09870
5360	0.08841
5361	0.07649
5362	0.06382
5363	0.04663
5364	0.02243
5365	0.00037
5366	-0.00726
5367	0.00239
5368	0.00130
5369	0.00434
5370	0.02824
5371	0.05531
5372	0.05542
5373	0.03787
5374	0.03667
5375	0.05819
5376	0.14176
5377	0.26892
5378	0.19102
5379	-0.09325
5380	-0.23712
5381	-0.15901
5382	-0.04047
5383	-0.02249
5384	-0.01151
5385	0.39338
5386	0.47697
5387	-0.12086
5388	-0.76250
5389	0.07131
5390	0.20867
5391	-0.07858
5392	0.31804
5393	0.57451
5394	0.41124
5395	0.44836
5396	0.54466
5397	0.46473
5398	0.60475
5399	0.35859
5400	0.10557
5401	0.06699
5402	0.05631
5403	-0.01834
5404	-0.02535
5405	0.04519
5406	0.13886
5407	0.24026
5408	0.19081
5409	0.11912
5410	0.14599
5411	0.09189
5412	0.02672
5413	0.01054
5414	0.00283
5415	0.02082
5416	0.01016
5417	-0.02878
5418	0.02972
5419	-0.07927
5420	-0.14520
5421	-0.04019
5422	-0.01115
5423	0.08340
5424	0.08613
5425	0.14705
5426	0.37581
5427	0.33796
5428	0.15474
5429	0.06056
5430	-0.04417
5431	-0.08264
5432	-0.03820
5433	0.00087
5434	0.06904
5435	0.13973
5436	0.18102
5437	0.17883
5438	0.14869
5439	0.21060
5440	0.18243
5441	0.08824
5442	0.15328
5443	0.10454
5444	0.01312
5445	-0.02533
5446	-0.07980
5447	-0.15790
5448	-0.11483
5449	-0.03376
5450	-0.21119
5451	-0.10024
5452	-0.01089
5453	0.01215
5454	0.03942
5455	0.03579
5456	0.00311
5457	-0.01606
5458	-0.02502
5459	-0.04173
5460	-0.02699
5461	0.00420
5462	0.01382
5463	0.04643
5464	0.09806
5465	0.12836
5466	0.13708
5467	0.13510
5468	0.11745
5469	0.09056
5470	0.06307
5471	0.03333
5472	0.01077
5473	0.00218
5474	0.00538
5475	0.00757
5476	0.00135
5477	0.00074
5478	0.00865
5479	0.01367
5480	0.01574
5481	0.01997
5482	0.02676
5483	0.06319
5484	0.20159
5485	0.29918
5486	0.09429
5487	-0.19237
5488	-0.22677
5489	-0.10812
5490	-0.01763
5491	0.00159
5492	0.12186
5493	0.22683
5494	0.17460
5495	-0.61782
5496	-0.41950
5497	0.24933
5498	-0.02679
5499	-0.15182
5500	0.29891
5501	0.89518
5502	0.90677
5503	0.87521
5504	0.54914
5505	0.31853
5506	0.37336
5507	0.31680
5508	0.23776
5509	0.22853
5510	0.21343
5511	0.24916
5512	0.29727
5513	0.32738
5514	0.28224
5515	0.20127
5516	0.18774
5517	0.18866
5518	0.08200
5519	-0.00296
5520	-0.02237
5521	0.00215
5522	-0.00584
5523	0.01878
5524	0.01292
5525	0.01520
5526	-0.02718
5527	-0.01836
5528	-0.00595
5529	-0.08599
5530	0.00044
5531	0.01900
5532	0.08355
5533	0.13083
5534	0.17178
5535	0.26607
5536	0.33893
5537	0.27144
5538	0.15234
5539	0.02390
5540	-0.02209
5541	-0.04048
5542	-0.04478
5543	-0.03130
5544	0.01815
5545	0.09524
5546	0.23446
5547	0.38085
5548	0.25181
5549	0.09525
5550	0.20297
5551	0.06338
5552	-0.02378
5553	-0.23700
5554	-0.36686
5555	0.00289
5556	-0.00647
5557	-0.01793
5558	-0.04100
5559	0.00288
5560	0.01479
5561	0.00328
5562	-0.00048
5563	-0.00104
5564	0.00289
5565	0.01454
5566	0.01237
5567	-0.00569
5568	-0.01389
5569	0.00946
5570	0.03660
5571	0.06281
5572	0.10528
5573	0.14607
5574	0.14961
5575	0.11227
5576	0.07295
5577	0.05847
5578	0.05043
5579	0.02859
5580	0.00332
5581	-0.00446
5582	0.01105
5583	0.01439
5584	0.00000
5585	0.01128
5586	0.02484
5587	0.02449
5588	0.01352
5589	0.02927
5590	0.04501
5591	0.07703
5592	0.14889
5593	0.12478
5594	-0.04009
5595	-0.15560
5596	-0.11965
5597	-0.03558
5598	0.00566
5599	-0.00217
5600	0.22855
5601	0.49529
5602	0.28809
5603	-0.60330
5604	-0.20312
5605	-0.00251
5606	0.02330
5607	0.05307
5608	-0.05468
5609	0.20103
5610	0.45059
5611	0.48501
5612	0.34567
5613	0.24856
5614	0.37793
5615	0.49128
5616	0.54149
5617	0.47736
5618	0.25145
5619	0.17462
5620	0.17931
5621	0.18817
5622	0.20682
5623	0.14559
5624	0.08584
5625	0.05487
5626	0.06153
5627	0.09064
5628	0.08610
5629	0.04531
5630	0.00414
5631	0.01286
5632	0.02286
5633	0.02151
5634	0.02572
5635	-0.00488
5636	-0.05440
5637	-0.10568
5638	-0.03007
5639	-0.01582
5640	0.00353
5641	0.03786
5642	0.10569
5643	0.22059
5644	0.33515
5645	0.37873
5646	0.15210
5647	0.00936
5648	-0.12323
5649	-0.15985
5650	-0.17930
5651	-0.13092
5652	0.00455
5653	0.09393
5654	0.24370
5655	0.30041
5656	0.30420
5657	0.22434
5658	0.17359
5659	0.21654
5660	0.10620
5661	0.02697
5662	-0.02788
5663	-0.12204
5664	-0.09692
5665	-0.05400
5666	-0.12259
5667	-0.13110
5668	-0.01044
5669	0.01602
5670	0.01450
5671	-0.00041
5672	-0.00214
5673	0.00155
5674	0.00512
5675	0.00174
5676	-0.00717
5677	-0.00048
5678	0.01831
5679	0.03843
5680	0.06434
5681	0.06854
5682	0.06908
5683	0.09751
5684	0.11917
5685	0.11369
5686	0.09077
5687	0.06760
5688	0.04165
5689	0.01543
5690	0.00704
5691	0.01523
5692	0.01825
5693	0.00422
5694	0.00042
5695	0.01042
5696	0.02824
5697	0.02638
5698	0.01016
5699	0.01697
5700	0.03122
5701	0.11729
5702	0.23243
5703	0.13063
5704	-0.07714
5705	-0.15149
5706	-0.07776
5707	0.00001
5708	0.00981
5709	0.20281
5710	0.74350
5711	0.23902
5712	-0.75058
5713	-0.04930
5714	-0.09406
5715	0.12958
5716	0.00124
5717	-0.46126
5718	-0.50253
5719	-0.01136
5720	0.31178
5721	0.30445
5722	0.45919
5723	0.97585
5724	1.07653
5725	0.71962
5726	0.57959
5727	0.41847
5728	0.26909
5729	0.23147
5730	0.16793
5731	0.08338
5732	0.03914
5733	0.01372
5734	0.01030
5735	0.00981
5736	0.01950
5737	0.05152
5738	0.03205
5739	-0.00892
5740	0.00986
5741	0.03158
5742	0.01262
5743	-0.02631
5744	-0.03014
5745	-0.03413
5746	-0.08409
5747	-0.06909
5748	-0.00475
5749	0.01894
5750	0.11460
5751	0.16293
5752	0.26398
5753	0.31278
5754	0.23351
5755	0.10597
5756	-0.03617
5757	-0.10565
5758	-0.09205
5759	-0.03850
5760	-0.02625
5761	0.01647
5762	0.09732
5763	0.17151
5764	0.24309
5765	0.31159
5766	0.09550
5767	0.22118
5768	0.32243
5769	0.08964
5770	-0.05143
5771	-0.13471
5772	-0.19879
5773	-0.03156
5774	-0.07408
5775	-0.15465
5776	-0.07181
5777	0.00590
5778	0.03044
5779	0.03295
5780	0.02284
5781	-0.00863
5782	-0.03056
5783	-0.04059
5784	-0.04240
5785	-0.02029
5786	0.00401
5787	0.01085
5788	0.04974
5789	0.11224
5790	0.12669
5791	0.11930
5792	0.12725
5793	0.12822
5794	0.10139
5795	0.06474
5796	0.03950
5797	0.02220
5798	0.00814
5799	0.00030
5800	-0.00109
5801	-0.00109
5802	0.00239
5803	0.01023
5804	0.01528
5805	0.01862
5806	0.03375
5807	0.04644
5808	0.03530
5809	0.06147
5810	0.20189
5811	0.23870
5812	-0.00596
5813	-0.20341
5814	-0.15943
5815	-0.04353
5816	0.01173
5817	-0.06492
5818	0.25885
5819	0.51756
5820	0.26257
5821	-0.31486
5822	-0.17426
5823	-0.06275
5824	-0.10475
5825	0.50388
5826	0.27210
5827	-0.26741
5828	-0.43724
5829	-0.20733
5830	0.15426
5831	0.28674
5832	0.60877
5833	0.93739
5834	0.80656
5835	0.55236
5836	0.34080
5837	0.22764
5838	0.15167
5839	0.13789
5840	0.18268
5841	0.13011
5842	0.05046
5843	0.05655
5844	0.09519
5845	0.08433
5846	0.06135
5847	0.01086
5848	-0.01191
5849	0.03144
5850	-0.00046
5851	-0.03262
5852	-0.00917
5853	-0.05569
5854	-0.04873
5855	-0.02502
5856	0.06380
5857	0.12350
5858	0.14315
5859	0.19849
5860	0.19792
5861	0.11805
5862	0.03475
5863	-0.03592
5864	-0.05667
5865	-0.02892
5866	-0.01168
5867	-0.00063
5868	0.03507
5869	0.07730
5870	0.12448
5871	0.09137
5872	0.14906
5873	0.23908
5874	0.25897
5875	0.16111
5876	0.04940
5877	0.14415
5878	0.16908
5879	0.04074
5880	0.04103
5881	-0.02979
5882	-0.12154
5883	-0.09364
5884	-0.08741
5885	-0.18447
5886	-0.09588
5887	-0.00899
5888	0.04314
5889	0.04603
5890	0.01251
5891	-0.00834
5892	-0.01465
5893	-0.01857
5894	-0.02255
5895	-0.01754
5896	0.00385
5897	0.02732
5898	0.04425
5899	0.08810
5900	0.12346
5901	0.11743
5902	0.11460
5903	0.12250
5904	0.12272
5905	0.09940
5906	0.06186
5907	0.02944
5908	0.01527
5909	0.01412
5910	0.01275
5911	0.00425
5912	-0.00048
5913	0.00316
5914	0.01012
5915	0.01650
5916	0.00449
5917	0.00655
5918	0.02200
5919	0.03519
5920	0.14135
5921	0.21391
5922	0.04877
5923	-0.14791
5924	-0.16828
5925	-0.08188
5926	-0.01070
5927	0.02708
5928	0.05432
5929	0.52897
5930	0.71377
5931	-0.58707
5932	-0.61336
5933	0.03190
5934	-0.05917
5935	0.14598
5936	-0.14822
5937	-0.11533
5938	0.17246
5939	0.37022
5940	0.34523
5941	0.19947
5942	0.29335
5943	0.52719
5944	0.53401
5945	0.30999
5946	0.09567
5947	0.08267
5948	0.22198
5949	0.31051
5950	0.33828
5951	0.27967
5952	0.14080
5953	0.07555
5954	0.06903
5955	0.05127
5956	0.03243
5957	0.02703
5958	0.00969
5959	0.00891
5960	-0.01230
5961	0.00356
5962	0.04672
5963	-0.03293
5964	-0.08653
5965	-0.05385
5966	-0.07261
5967	-0.01161
5968	0.05687
5969	0.09848
5970	0.17088
5971	0.47278
5972	0.33133
5973	0.19986
5974	0.07776
5975	-0.06861
5976	-0.11720
5977	-0.08590
5978	-0.02633
5979	0.04489
5980	0.08276
5981	0.11913
5982	0.16637
5983	0.09290
5984	0.08181
5985	0.29744
5986	0.14497
5987	-0.00361
5988	-0.11212
5989	-0.34673
5990	-0.14041
5991	0.22405
5992	-0.03729
5993	-0.09342
5994	-0.00708
5995	-0.00433
5996	-0.00641
5997	0.00610
5998	0.01342
5999	0.01244
6000	0.01329
6001	0.00786
6002	-0.00355
6003	-0.00273
6004	0.01037
6005	0.03613
6006	0.06288
6007	0.06537
6008	0.07484
6009	0.10303
6010	0.11680
6011	0.10790
6012	0.09477
6013	0.08194
6014	0.05983
6015	0.03758
6016	0.02465
6017	0.01818
6018	0.01348
6019	0.00652
6020	-0.00045
6021	0.01356
6022	0.03826
6023	0.02950
6024	0.02170
6025	0.03155
6026	0.03019
6027	0.12595
6028	0.18506
6029	0.02598
6030	-0.14672
6031	-0.15259
6032	-0.06015
6033	0.00082
6034	-0.04230
6035	0.06911
6036	0.48413
6037	0.51930
6038	-0.59058
6039	-0.48838
6040	0.02470
6041	-0.00342
6042	0.13691
6043	0.17420
6044	0.17917
6045	0.36572
6046	0.48906
6047	0.21944
6048	0.06289
6049	0.16479
6050	0.50849
6051	0.71501
6052	0.72822
6053	0.43452
6054	0.21913
6055	0.15657
6056	0.26305
6057	0.42248
6058	0.27895
6059	0.10806
6060	0.05652
6061	0.01656
6062	0.01050
6063	0.01261
6064	0.01317
6065	0.01460
6066	0.03205
6067	0.03359
6068	0.00394
6069	0.11131
6070	-0.02236
6071	-0.06475
6072	0.01684
6073	-0.06300
6074	-0.01664
6075	0.00293
6076	0.04865
6077	0.07364
6078	0.26830
6079	0.38050
6080	0.20141
6081	0.09088
6082	-0.07255
6083	-0.16299
6084	-0.18887
6085	-0.11182
6086	-0.05736
6087	0.03664
6088	0.09743
6089	0.17537
6090	0.30100
6091	0.18516
6092	0.12513
6093	0.36151
6094	0.20962
6095	0.06438
6096	0.06663
6097	-0.03759
6098	-0.11077
6099	-0.07572
6100	-0.12724
6101	-0.26366
6102	0.00474
6103	-0.01227
6104	0.00170
6105	0.00554
6106	-0.00013
6107	-0.00083
6108	-0.00333
6109	-0.01016
6110	-0.01890
6111	-0.02665
6112	-0.02157
6113	0.00572
6114	0.03279
6115	0.07588
6116	0.10420
6117	0.08876
6118	0.08199
6119	0.08647
6120	0.06853
6121	0.04022
6122	0.02388
6123	0.01078
6124	-0.00068
6125	-0.00496
6126	-0.00412
6127	-0.00130
6128	-0.00049
6129	0.00170
6130	0.00864
6131	0.00625
6132	-0.00133
6133	0.01085
6134	0.01936
6135	0.04698
6136	0.16462
6137	0.19232
6138	0.00476
6139	-0.17715
6140	-0.17171
6141	-0.05856
6142	-0.00031
6143	-0.00195
6144	0.50475
6145	0.63055
6146	-0.29409
6147	-0.79513
6148	-0.06229
6149	-0.04752
6150	0.03499
6151	-0.02435
6152	-0.29272
6153	0.04101
6154	0.59786
6155	0.53399
6156	0.36581
6157	0.41526
6158	0.36204
6159	0.34343
6160	0.40687
6161	0.40994
6162	0.30659
6163	0.29129
6164	0.41045
6165	0.51777
6166	0.33391
6167	0.15753
6168	0.02266
6169	-0.00230
6170	0.00993
6171	0.01186
6172	0.00161
6173	0.00381
6174	-0.00422
6175	0.02341
6176	0.03653
6177	-0.04322
6178	0.02104
6179	0.03342
6180	-0.13357
6181	-0.09594
6182	-0.03076
6183	0.01311
6184	0.07878
6185	0.22564
6186	0.22543
6187	0.30713
6188	0.38891
6189	0.24489
6190	0.07986
6191	0.05857
6192	0.06151
6193	0.03608
6194	0.00413
6195	-0.00686
6196	0.03966
6197	0.09094
6198	0.22779
6199	0.34079
6200	0.12657
6201	0.11536
6202	0.17063
6203	0.02276
6204	-0.02201
6205	-0.10549
6206	-0.27391
6207	-0.14919
6208	0.15159
6209	-0.07872
6210	-0.04986
6211	0.01411
6212	0.03377
6213	0.01502
6214	0.00261
6215	-0.00029
6216	0.00587
6217	0.01651
6218	0.01194
6219	0.00403
6220	0.00789
6221	0.02418
6222	0.05789
6223	0.08057
6224	0.06452
6225	0.05575
6226	0.07378
6227	0.07390
6228	0.05316
6229	0.03489
6230	0.01702
6231	0.00297
6232	0.00163
6233	0.01196
6234	0.02141
6235	0.00665
6236	0.00013
6237	0.00681
6238	0.00776
6239	-0.00802
6240	-0.01041
6241	0.01933
6242	0.02673
6243	0.04627
6244	0.16244
6245	0.19072
6246	0.01547
6247	-0.13335
6248	-0.11843
6249	-0.04570
6250	-0.00262
6251	0.00284
6252	0.05560
6253	0.03260
6254	-0.02026
6255	-0.03499
6256	-1.04450
6257	-0.03243
6258	0.04288
6259	0.15078
6260	0.20282
6261	0.02753
6262	0.04598
6263	0.32287
6264	0.46511
6265	0.31919
6266	0.32017
6267	0.57596
6268	0.71046
6269	0.65505
6270	0.59074
6271	0.32665
6272	0.22050
6273	0.32317
6274	0.34550
6275	0.32133
6276	0.22778
6277	0.12298
6278	0.10933
6279	0.08645
6280	0.06446
6281	0.05424
6282	0.01268
6283	0.00176
6284	0.00628
6285	0.00264
6286	0.01835
6287	0.01978
6288	-0.02318
6289	-0.05314
6290	-0.06123
6291	-0.05150
6292	-0.00493
6293	0.02408
6294	0.07310
6295	0.15982
6296	0.27017
6297	0.30602
6298	0.25571
6299	0.19968
6300	0.04861
6301	-0.06376
6302	-0.16705
6303	-0.11400
6304	-0.08300
6305	-0.03166
6306	0.04247
6307	0.14439
6308	0.28683
6309	0.23490
6310	0.14267
6311	0.12307
6312	0.19012
6313	0.06512
6314	-0.01555
6315	-0.21759
6316	-0.19681
6317	0.09344
6318	-0.02013
6319	-0.13699
6320	-0.00610
6321	0.02332
6322	0.05460
6323	0.02726
6324	-0.00184
6325	-0.01175
6326	-0.01184
6327	-0.01584
6328	-0.02485
6329	-0.02040
6330	0.00356
6331	0.03101
6332	0.07184
6333	0.10715
6334	0.11824
6335	0.12173
6336	0.12081
6337	0.10679
6338	0.08324
6339	0.05805
6340	0.03324
6341	0.01810
6342	0.01512
6343	0.01493
6344	0.00752
6345	-0.00136
6346	0.00514
6347	0.01321
6348	0.01595
6349	0.01929
6350	0.03921
6351	0.06149
6352	0.09470
6353	0.20134
6354	0.24155
6355	0.01083
6356	-0.18424
6357	-0.13737
6358	-0.02826
6359	0.01444
6360	-0.00779
6361	0.27216
6362	0.26733
6363	0.10838
6364	-0.28604
6365	-0.24675
6366	0.09075
6367	-0.02287
6368	-0.07704
6369	0.01466
6370	0.15881
6371	0.38075
6372	0.62189
6373	0.71461
6374	0.71258
6375	0.76234
6376	0.67948
6377	0.47041
6378	0.25895
6379	0.11081
6380	0.05301
6381	0.11776
6382	0.22239
6383	0.23166
6384	0.24756
6385	0.14475
6386	0.05334
6387	0.02856
6388	0.03337
6389	0.06915
6390	0.03474
6391	-0.02234
6392	0.03254
6393	0.04583
6394	-0.03808
6395	0.01461
6396	0.00654
6397	-0.05939
6398	-0.06270
6399	-0.01018
6400	0.01930
6401	0.06274
6402	0.13152
6403	0.09393
6404	0.15106
6405	0.16866
6406	0.04718
6407	-0.00916
6408	-0.05330
6409	-0.08974
6410	-0.07924
6411	-0.04198
6412	0.01650
6413	0.05472
6414	0.02676
6415	0.00254
6416	0.06127
6417	0.16637
6418	0.24342
6419	0.24457
6420	0.11336
6421	0.13671
6422	0.20772
6423	0.12224
6424	0.08983
6425	0.07831
6426	0.03500
6427	-0.04878
6428	-0.16337
6429	-0.13201
6430	-0.15641
6431	-0.08716
6432	-0.03862
6433	-0.00614
6434	0.00560
6435	-0.00009
6436	-0.00143
6437	-0.00366
6438	-0.02476
6439	-0.04379
6440	-0.01488
6441	0.00446
6442	0.01353
6443	0.04034
6444	0.07732
6445	0.10049
6446	0.09020
6447	0.06673
6448	0.05440
6449	0.04745
6450	0.03053
6451	0.01181
6452	0.00354
6453	-0.00045
6454	-0.00547
6455	-0.00848
6456	-0.00513
6457	-0.00000
6458	-0.00499
6459	-0.02082
6460	-0.02498
6461	-0.00112
6462	0.04122
6463	0.12214
6464	0.25651
6465	0.23790
6466	-0.01455
6467	-0.20088
6468	-0.17945
6469	-0.06710
6470	0.00204
6471	0.11151
6472	0.32036
6473	0.07697
6474	-0.23553
6475	-0.54880
6476	0.06092
6477	-0.15897
6478	-0.14612
6479	0.67149
6480	0.94683
6481	0.88212
6482	0.69958
6483	0.38198
6484	0.38785
6485	0.44399
6486	0.22002
6487	-0.03002
6488	-0.14965
6489	-0.14548
6490	-0.07515
6491	0.08734
6492	0.23741
6493	0.24336
6494	0.16268
6495	0.13073
6496	0.12637
6497	0.09224
6498	0.05660
6499	-0.01869
6500	0.00594
6501	0.00722
6502	0.00047
6503	0.01382
6504	-0.00907
6505	-0.04343
6506	-0.02164
6507	-0.16917
6508	-0.15059
6509	-0.03881
6510	0.02989
6511	0.14461
6512	0.28479
6513	0.31378
6514	0.27191
6515	0.25121
6516	0.08621
6517	-0.01998
6518	-0.06176
6519	-0.08211
6520	-0.04054
6521	0.03169
6522	0.11450
6523	0.17202
6524	0.15271
6525	0.12608
6526	0.09161
6527	0.15412
6528	0.18067
6529	0.02834
6530	-0.03508
6531	-0.16684
6532	-0.13748
6533	-0.06970
6534	-0.20097
6535	-0.04778
6536	0.01530
6537	-0.00257
6538	0.00618
6539	0.02521
6540	0.02170
6541	0.00150
6542	-0.01137
6543	-0.02519
6544	-0.04180
6545	-0.01934
6546	0.01039
6547	0.01576
6548	0.02386
6549	0.04342
6550	0.06703
6551	0.09109
6552	0.10379
6553	0.08805
6554	0.05646
6555	0.03786
6556	0.03082
6557	0.02133
6558	0.01139
6559	0.00897
6560	0.01465
6561	0.01499
6562	0.00484
6563	0.00042
6564	-0.00072
6565	-0.01155
6566	-0.02478
6567	-0.01053
6568	0.01198
6569	0.01524
6570	0.07922
6571	0.20693
6572	0.13524
6573	-0.05739
6574	-0.14315
6575	-0.09811
6576	-0.02452
6577	0.00279
6578	0.09930
6579	0.09710
6580	0.67734
6581	0.38761
6582	-0.62708
6583	-0.16557
6584	-0.02720
6585	0.11008
6586	0.05181
6587	-0.11539
6588	0.14626
6589	0.52613
6590	0.56849
6591	0.18393
6592	0.06760
6593	0.06516
6594	0.00287
6595	-0.06272
6596	-0.07093
6597	-0.02390
6598	0.03342
6599	0.12024
6600	0.23536
6601	0.28496
6602	0.19244
6603	0.11520
6604	0.10171
6605	0.14948
6606	0.10834
6607	0.03900
6608	0.06689
6609	0.00394
6610	-0.03777
6611	-0.01378
6612	0.03375
6613	-0.03333
6614	-0.06776
6615	-0.11318
6616	-0.02322
6617	0.01925
6618	0.13572
6619	0.13682
6620	0.13032
6621	0.30894
6622	0.35475
6623	0.21931
6624	0.11129
6625	-0.01035
6626	-0.06486
6627	-0.09618
6628	-0.07425
6629	-0.05555
6630	-0.01081
6631	0.01752
6632	0.09094
6633	0.22542
6634	0.20716
6635	0.11047
6636	0.09327
6637	-0.01083
6638	-0.05092
6639	-0.10092
6640	-0.35745
6641	-0.08057
6642	0.01259
6643	-0.05983
6644	-0.00964
6645	0.01477
6646	0.03179
6647	0.00499
6648	-0.00575
6649	-0.00168
6650	0.00216
6651	0.00781
6652	0.00744
6653	0.00963
6654	0.02638
6655	0.04983
6656	0.06914
6657	0.09163
6658	0.09729
6659	0.09556
6660	0.10413
6661	0.09382
6662	0.05987
6663	0.04282
6664	0.03350
6665	0.01890
6666	0.00914
6667	0.00929
6668	0.01867
6669	0.00818
6670	-0.00025
6671	0.00072
6672	0.00590
6673	0.00604
6674	-0.00957
6675	0.00170
6676	0.01952
6677	0.03685
6678	0.14689
6679	0.18907
6680	0.01794
6681	-0.12837
6682	-0.11123
6683	-0.03722
6684	0.00033
6685	0.00736
6686	0.02873
6687	0.21675
6688	0.32340
6689	-0.83334
6690	-0.73539
6691	0.06878
6692	-0.02463
6693	-0.01220
6694	0.21340
6695	0.61863
6696	0.81279
6697	0.87250
6698	0.56817
6699	0.36573
6700	0.54634
6701	0.47421
6702	0.29430
6703	0.08486
6704	-0.10180
6705	-0.20491
6706	-0.15576
6707	0.00818
6708	0.14653
6709	0.13872
6710	0.05498
6711	0.02157
6712	0.01699
6713	0.03140
6714	0.03915
6715	0.03367
6716	0.00204
6717	0.02295
6718	0.00372
6719	-0.01080
6720	0.05872
6721	-0.03768
6722	-0.07854
6723	-0.04833
6724	-0.03358
6725	-0.03819
6726	-0.03246
6727	-0.01137
6728	0.04109
6729	0.16816
6730	0.28638
6731	0.29388
6732	0.21110
6733	0.14958
6734	0.03625
6735	-0.02931
6736	-0.03633
6737	-0.02948
6738	-0.03168
6739	0.00534
6740	0.06512
6741	0.17798
6742	0.18218
6743	0.11151
6744	0.21785
6745	0.10591
6746	-0.01387
6747	-0.24179
6748	-0.32358
6749	0.09516
6750	-0.09902
6751	-0.12836
6752	-0.05591
6753	-0.00917
6754	0.00260
6755	0.00423
6756	-0.00044
6757	-0.01524
6758	-0.05176
6759	-0.09469
6760	-0.09007
6761	-0.02985
6762	-0.00024
6763	0.01019
6764	0.05792
6765	0.10862
6766	0.12576
6767	0.11675
6768	0.10821
6769	0.10692
6770	0.10143
6771	0.09862
6772	0.09638
6773	0.07808
6774	0.06492
6775	0.06144
6776	0.03694
6777	0.00614
6778	-0.00051
6779	0.00158
6780	0.01454
6781	0.04076
6782	0.06429
6783	0.07899
6784	0.08608
6785	0.13536
6786	0.21684
6787	0.09664
6788	-0.16176
6789	-0.23282
6790	-0.10981
6791	-0.00189
6792	0.00994
6793	-0.09846
6794	0.22220
6795	0.27830
6796	0.09346
6797	-0.48075
6798	-0.29072
6799	0.01806
6800	-0.00950
6801	0.02552
6802	-0.05415
6803	0.00884
6804	0.26696
6805	0.56896
6806	0.56592
6807	0.71233
6808	0.81495
6809	0.71521
6810	0.55377
6811	0.29784
6812	0.10428
6813	-0.04997
6814	-0.08263
6815	0.01598
6816	0.09482
6817	0.08276
6818	0.06202
6819	0.05682
6820	0.10223
6821	0.12771
6822	0.09567
6823	0.02513
6824	-0.01084
6825	0.02911
6826	0.01240
6827	-0.02586
6828	-0.00108
6829	-0.07939
6830	-0.09713
6831	-0.10400
6832	-0.04342
6833	-0.00542
6834	0.02662
6835	0.09667
6836	0.16676
6837	0.27338
6838	0.37302
6839	0.17955
6840	0.09405
6841	-0.02834
6842	-0.12125
6843	-0.15087
6844	-0.07520
6845	-0.00278
6846	0.08134
6847	0.09694
6848	0.16245
6849	0.29330
6850	0.27343
6851	0.17376
6852	0.14132
6853	0.24193
6854	0.14669
6855	0.00132
6856	-0.06885
6857	-0.10681
6858	-0.06850
6859	-0.07200
6860	-0.14297
6861	-0.08167
6862	-0.00699
6863	0.02997
6864	0.03445
6865	0.02356
6866	0.00234
6867	-0.00686
6868	-0.00403
6869	-0.01209
6870	-0.01393
6871	0.00223
6872	0.00705
6873	0.02402
6874	0.07312
6875	0.08876
6876	0.07178
6877	0.08368
6878	0.11301
6879	0.11063
6880	0.06447
6881	0.03407
6882	0.02293
6883	0.01099
6884	0.00199
6885	0.00057
6886	0.00604
6887	0.00376
6888	0.00016
6889	0.00842
6890	0.02968
6891	0.03615
6892	0.02065
6893	0.02404
6894	0.03269
6895	0.06494
6896	0.15573
6897	0.14072
6898	-0.04212
6899	-0.16679
6900	-0.12223
6901	-0.02046
6902	-0.01171
6903	0.12277
6904	0.41148
6905	0.17903
6906	-0.38237
6907	-0.26810
6908	0.17978
6909	-0.01433
6910	0.18451
6911	0.49865
6912	0.44233
6913	0.46401
6914	0.36128
6915	0.07142
6916	-0.09573
6917	0.05778
6918	0.53644
6919	0.51470
6920	0.39264
6921	0.34058
6922	0.32861
6923	0.35951
6924	0.37655
6925	0.39420
6926	0.24349
6927	0.07116
6928	0.03450
6929	0.01701
6930	0.02055
6931	0.02565
6932	0.02152
6933	0.02264
6934	0.04654
6935	0.03916
6936	0.05144
6937	0.04291
6938	-0.03949
6939	-0.01986
6940	-0.02997
6941	-0.02237
6942	-0.00852
6943	0.00702
6944	0.02862
6945	0.11728
6946	0.21392
6947	0.19952
6948	0.22055
6949	0.18359
6950	0.00957
6951	-0.07794
6952	-0.09366
6953	-0.04129
6954	-0.02102
6955	-0.00320
6956	0.03807
6957	0.15197
6958	0.20725
6959	0.25230
6960	0.21302
6961	0.12541
6962	0.25234
6963	0.24647
6964	0.02214
6965	-0.03153
6966	-0.19533
6967	-0.06237
6968	-0.06935
6969	-0.08831
6970	-0.07622
6971	-0.03351
6972	0.00555
6973	0.01520
6974	-0.00189
6975	-0.00214
6976	0.00109
6977	-0.00273
6978	0.00133
6979	0.01652
6980	0.02648
6981	0.02910
6982	0.02773
6983	0.02464
6984	0.02484
6985	0.02305
6986	0.02176
6987	0.02581
6988	0.02844
6989	0.02482
6990	0.01872
6991	0.01309
6992	0.00668
6993	0.00103
6994	-0.00092
6995	-0.00112
6996	-0.00046
6997	-0.00187
6998	0.00076
6999	0.00542
7000	0.00300
7001	-0.01047
7002	-0.00864
7003	0.02223
7004	0.04470
7005	0.10374
7006	0.17198
7007	0.10025
7008	-0.05596
7009	-0.14227
7010	-0.09688
7011	-0.01667
7012	0.05570
7013	-0.06821
7014	0.15552
7015	0.03228
7016	-0.15218
7017	-0.09132
7018	0.13552
7019	-0.02827
7020	-0.11848
7021	-0.05426
7022	0.24095
7023	0.42921
7024	0.45632
7025	0.23749
7026	0.12480
7027	0.10249
7028	0.19708
7029	0.22169
7030	0.05800
7031	-0.11760
7032	-0.24862
7033	-0.11450
7034	0.06116
7035	0.21578
7036	0.18171
7037	0.17122
7038	0.16410
7039	0.12651
7040	0.08607
7041	0.02669
7042	-0.00708
7043	0.00592
7044	0.01933
7045	0.01689
7046	0.00336
7047	-0.06543
7048	-0.04729
7049	-0.11165
7050	-0.06335
7051	-0.00077
7052	0.03884
7053	0.04423
7054	0.06845
7055	0.19332
7056	0.18285
7057	0.26669
7058	0.12714
7059	0.04621
7060	-0.06201
7061	-0.11451
7062	-0.08341
7063	-0.06273
7064	-0.00183
7065	0.04813
7066	0.07577
7067	0.13488
7068	0.21479
7069	0.13820
7070	0.14338
7071	0.14353
7072	0.03930
7073	-0.05025
7074	-0.07124
7075	-0.11126
7076	-0.11630
7077	-0.12230
7078	-0.08628
7079	-0.07514
7080	-0.00116
7081	0.03630
7082	0.03470
7083	0.01378
7084	-0.00343
7085	-0.01396
7086	-0.02116
7087	-0.02482
7088	-0.00731
7089	0.01831
7090	0.01810
7091	0.03783
7092	0.10738
7093	0.15513
7094	0.15328
7095	0.14057
7096	0.12410
7097	0.09558
7098	0.07224
7099	0.05265
7100	0.03134
7101	0.01625
7102	0.00900
7103	0.00569
7104	0.00424
7105	0.00009
7106	0.00271
7107	0.00646
7108	0.01459
7109	0.04012
7110	0.06967
7111	0.05724
7112	0.03868
7113	0.09784
7114	0.17716
7115	0.10837
7116	-0.04280
7117	-0.10087
7118	-0.06557
7119	-0.01399
7120	0.00680
7121	0.00352
7122	0.21285
7123	0.35989
7124	-0.13372
7125	-0.45211
7126	0.03289
7127	-0.00338
7128	0.08154
7129	0.26356
7130	0.09061
7131	-0.09665
7132	-0.20852
7133	-0.14097
7134	0.03344
7135	0.38404
7136	1.00795
7137	0.99536
7138	0.73983
7139	0.39562
7140	0.07762
7141	-0.04360
7142	-0.04838
7143	-0.01175
7144	0.02272
7145	0.03821
7146	0.06252
7147	0.08526
7148	0.08102
7149	0.11292
7150	0.06125
7151	-0.01980
7152	0.02386
7153	0.01169
7154	-0.00373
7155	-0.01894
7156	-0.03213
7157	0.02881
7158	-0.12952
7159	-0.14493
7160	-0.01047
7161	0.01404
7162	0.08339
7163	0.07408
7164	0.07383
7165	0.18280
7166	0.21452
7167	0.18132
7168	0.00515
7169	-0.13219
7170	-0.27076
7171	-0.15238
7172	-0.07407
7173	0.03586
7174	0.09856
7175	0.11210
7176	0.16293
7177	0.27179
7178	0.22604
7179	0.08820
7180	0.13826
7181	0.13999
7182	0.07497
7183	0.01466
7184	-0.04699
7185	-0.10309
7186	-0.04412
7187	-0.09621
7188	-0.17591
7189	-0.04890
7190	-0.00445
7191	0.01560
7192	0.01421
7193	-0.00999
7194	-0.01223
7195	-0.00841
7196	-0.01503
7197	-0.02097
7198	-0.00392
7199	0.01123
7200	0.01842
7201	0.05149
7202	0.08557
7203	0.09878
7204	0.10822
7205	0.11285
7206	0.10030
7207	0.07125
7208	0.04746
7209	0.04161
7210	0.03740
7211	0.02375
7212	0.01404
7213	0.01414
7214	0.01617
7215	0.00482
7216	-0.00065
7217	0.00599
7218	0.00948
7219	0.00822
7220	0.02754
7221	0.04728
7222	0.04371
7223	0.13098
7224	0.19913
7225	0.04706
7226	-0.12949
7227	-0.15850
7228	-0.08387
7229	-0.01021
7230	-0.01569
7231	0.28808
7232	0.95822
7233	-0.06389
7234	-1.09977
7235	-0.08882
7236	-0.17307
7237	-0.17470
7238	0.21740
7239	-0.12708
7240	-0.09420
7241	-0.02641
7242	-0.04834
7243	-0.06648
7244	-0.05333
7245	0.29370
7246	0.43967
7247	0.37810
7248	0.28371
7249	0.17987
7250	0.13228
7251	0.06699
7252	0.05473
7253	0.09327
7254	0.07481
7255	0.05825
7256	0.07815
7257	0.03967
7258	0.04784
7259	0.14091
7260	0.02425
7261	0.03764
7262	-0.01350
7263	-0.01603
7264	0.12074
7265	-0.02589
7266	-0.12842
7267	0.01130
7268	-0.06763
7269	-0.02801
7270	0.02271
7271	0.08261
7272	0.12958
7273	0.30492
7274	0.28697
7275	0.21539
7276	0.17501
7277	0.05744
7278	-0.03437
7279	-0.10593
7280	-0.13727
7281	-0.09649
7282	-0.00732
7283	0.08727
7284	0.13356
7285	0.10732
7286	0.09709
7287	0.12960
7288	0.12231
7289	0.04770
7290	0.08596
7291	0.00883
7292	-0.02042
7293	-0.02508
7294	-0.08346
7295	-0.20291
7296	-0.14665
7297	-0.00565
7298	-0.10193
7299	-0.04238
7300	0.00567
7301	0.01112
7302	0.00311
7303	-0.00209
7304	-0.00002
7305	0.00195
7306	-0.00019
7307	-0.00540
7308	0.00512
7309	0.01596
7310	0.02451
7311	0.05436
7312	0.07797
7313	0.08121
7314	0.09639
7315	0.10352
7316	0.08546
7317	0.07102
7318	0.06884
7319	0.05960
7320	0.03192
7321	0.01365
7322	0.01085
7323	0.01136
7324	0.00461
7325	0.00009
7326	0.00234
7327	0.01274
7328	0.01760
7329	0.01589
7330	0.02147
7331	0.01849
7332	0.04983
7333	0.17559
7334	0.17129
7335	-0.02985
7336	-0.15775
7337	-0.11735
7338	-0.03103
7339	0.00623
7340	-0.01089
7341	0.19223
7342	0.71960
7343	0.04828
7344	-0.92824
7345	0.02124
7346	-0.00504
7347	0.10060
7348	0.23945
7349	0.14535
7350	-0.00211
7351	-0.03337
7352	0.01189
7353	0.01182
7354	0.04365
7355	0.29529
7356	0.41504
7357	0.34172
7358	0.25311
7359	0.24232
7360	0.31762
7361	0.29095
7362	0.28937
7363	0.25049
7364	0.11660
7365	0.10032
7366	0.11718
7367	0.07163
7368	0.05960
7369	0.02789
7370	-0.01192
7371	0.02423
7372	-0.00550
7373	-0.07244
7374	0.10915
7375	0.01583
7376	-0.11445
7377	-0.03210
7378	-0.09065
7379	-0.01947
7380	0.01518
7381	0.10522
7382	0.08722
7383	0.22340
7384	0.42385
7385	0.28960
7386	0.23934
7387	0.11981
7388	0.01196
7389	-0.04220
7390	-0.02616
7391	-0.00425
7392	-0.01816
7393	-0.02238
7394	0.03801
7395	0.13109
7396	0.16746
7397	0.17820
7398	0.13422
7399	0.08556
7400	0.09910
7401	0.03985
7402	-0.00362
7403	-0.05353
7404	-0.10885
7405	-0.19903
7406	-0.08735
7407	0.01419
7408	-0.06687
7409	0.00048
7410	0.01366
7411	0.01158
7412	0.00690
7413	-0.00006
7414	-0.00336
7415	-0.00093
7416	-0.01082
7417	-0.01096
7418	0.01088
7419	0.01911
7420	0.03083
7421	0.05194
7422	0.06684
7423	0.09487
7424	0.12300
7425	0.11687
7426	0.07837
7427	0.05295
7428	0.03519
7429	0.01321
7430	0.00545
7431	0.01356
7432	0.01263
7433	-0.00049
7434	0.00666
7435	0.00759
7436	0.00736
7437	-0.00034
7438	0.01681
7439	0.03862
7440	0.03729
7441	0.07172
7442	0.17492
7443	0.19066
7444	0.00032
7445	-0.17245
7446	-0.15726
7447	-0.06349
7448	-0.00344
7449	0.07135
7450	0.07731
7451	0.31577
7452	0.40328
7453	-0.51458
7454	-0.73888
7455	0.18856
7456	-0.04354
7457	0.17376
7458	0.10297
7459	-0.14359
7460	-0.06759
7461	-0.03568
7462	0.01408
7463	0.11564
7464	0.48747
7465	0.94876
7466	0.76447
7467	0.57950
7468	0.24098
7469	0.12233
7470	0.17482
7471	0.17436
7472	0.16635
7473	0.10536
7474	0.02182
7475	0.01916
7476	0.05327
7477	0.08735
7478	0.12496
7479	0.04414
7480	-0.03120
7481	0.02631
7482	0.01388
7483	-0.05589
7484	-0.00412
7485	0.00490
7486	-0.06991
7487	-0.08004
7488	-0.03442
7489	0.00417
7490	0.03344
7491	0.03017
7492	0.02419
7493	0.09983
7494	0.19592
7495	0.17450
7496	0.17774
7497	0.14579
7498	0.11736
7499	0.07931
7500	0.03947
7501	0.03922
7502	0.05032
7503	0.07112
7504	0.16678
7505	0.31556
7506	0.20191
7507	0.04606
7508	-0.05215
7509	-0.27541
7510	-0.31993
7511	0.07377
7512	-0.11384
7513	-0.22134
7514	0.02442
7515	0.00069
7516	0.02680
7517	0.03074
7518	0.00682
7519	-0.01293
7520	-0.01974
7521	-0.02664
7522	-0.03301
7523	-0.00706
7524	0.00900
7525	0.03683
7526	0.09403
7527	0.12266
7528	0.13786
7529	0.14078
7530	0.12122
7531	0.08889
7532	0.06879
7533	0.06090
7534	0.03987
7535	0.01069
7536	-0.00837
7537	-0.01498
7538	0.00276
7539	0.00784
7540	0.00024
7541	0.00449
7542	0.01245
7543	0.01753
7544	0.03383
7545	0.05848
7546	0.08891
7547	0.15907
7548	0.21435
7549	0.14266
7550	-0.03313
7551	-0.15065
7552	-0.10260
7553	0.02747
7554	-0.29294
7555	-0.20519
7556	0.11913
7557	-0.01536
7558	-0.05468
7559	-0.02992
7560	-0.10719
7561	-0.26509
7562	0.63624
7563	1.03534
7564	0.50218
7565	0.45054
7566	0.27852
7567	0.05011
7568	0.00568
7569	0.05230
7570	0.06786
7571	0.07319
7572	0.14726
7573	0.33623
7574	0.50984
7575	0.44995
7576	0.28449
7577	0.20064
7578	0.06733
7579	-0.03237
7580	-0.10444
7581	-0.02188
7582	0.03623
7583	0.07859
7584	-0.01680
7585	-0.08247
7586	-0.12078
7587	-0.25487
7588	-0.20958
7589	-0.31054
7590	-0.22910
7591	-0.06190
7592	0.07867
7593	0.18330
7594	0.12041
7595	0.24894
7596	0.04929
7597	-0.03528
7598	-0.00166
7599	0.03017
7600	0.01311
7601	-0.05673
7602	-0.18049
7603	-0.08439
7604	0.01043
7605	0.02052
7606	-0.01263
7607	-0.01795
7608	-0.00253
7609	-0.00053
7610	0.00117
7611	0.00357
7612	-0.02085
7613	-0.06939
7614	-0.09162
7615	-0.06472
7616	-0.02104
7617	0.01269
7618	0.05124
7619	0.07760
7620	0.07807
7621	0.08765
7622	0.12467
7623	0.15854
7624	0.15074
7625	0.11171
7626	0.07608
7627	0.04747
7628	0.01472
7629	-0.00799
7630	-0.00494
7631	0.00266
7632	0.02690
7633	0.09862
7634	0.16647
7635	0.18077
7636	0.15574
7637	0.10923
7638	0.06240
7639	0.02255
7640	-0.01659
7641	-0.04762
7642	-0.07097
7643	-0.02523
7644	-0.01130
7645	-0.24869
7646	-0.13504
7647	0.14320
7648	0.51517
7649	0.13339
7650	0.17831
7651	0.46047
7652	0.17777
7653	-0.01442
7654	-0.02982
7655	0.18942
7656	0.41142
7657	0.58143
7658	0.59504
7659	0.83731
7660	0.66359
7661	0.44385
7662	0.29033
7663	0.03042
7664	0.06294
7665	-0.03444
7666	-0.25037
7667	-0.17821
7668	-0.10209
7669	-0.25417
7670	-0.12434
7671	0.03545
7672	0.24687
7673	0.20791
7674	0.10214
7675	0.00935
7676	-0.00899
7677	-0.02611
7678	-0.01072
7679	0.00133
7680	-0.00475
7681	-0.00063
7682	-0.00543
7683	-0.00489
7684	0.02212
7685	0.04181
7686	0.09785
7687	0.14663
7688	0.05792
7689	-0.05922
7690	-0.04833
7691	0.00121
7692	0.01592
7693	0.00518
7694	-0.00382
7695	0.02048
7696	0.02756
7697	0.01090
7698	-0.00382
7699	-0.04844
7700	-0.08811
7701	-0.10151
7702	-0.10454
7703	-0.06509
7704	-0.00394
7705	0.02499
7706	0.04437
7707	0.06358
7708	0.04651
7709	0.01631
7710	0.01530
7711	0.03492
7712	0.05453
7713	0.05721
7714	0.05478
7715	0.03977
7716	0.03467
7717	0.05308
7718	0.03933
7719	0.00000
7720	0.30441
7721	0.50451
7722	-0.11933
7723	0.48681
7724	-0.59359
7725	-0.66631
7726	-1.04531
7727	-0.76428
7728	-0.19444
7729	-0.10683
7730	0.01057
7731	0.30686
7732	0.65495
7733	0.52978
7734	0.47450
7735	0.64425
7736	0.45518
7737	0.27807
7738	0.01520
7739	-0.06239
7740	0.03430
7741	-0.24731
7742	-0.52930
7743	-0.24648
7744	-0.24746
7745	-0.10797
7746	0.14466
7747	0.48312
7748	0.21996
7749	0.14442
7750	-0.02263
7751	0.00851
7752	0.03489
7753	0.01636
7754	0.03853
7755	0.04682
7756	0.02076
7757	-0.00109
7758	0.02262
7759	0.06682
7760	0.06260
7761	0.05883
7762	0.09349
7763	0.05671
7764	-0.00360
7765	-0.01546
7766	-0.00650
7767	0.02181
7768	0.02392
7769	0.00420
7770	0.00053
7771	-0.00119
7772	-0.01707
7773	-0.01790
7774	0.00601
7775	0.02243
7776	0.01428
7777	-0.02337
7778	-0.02006
7779	0.01243
7780	0.02434
7781	0.00150
7782	0.00865
7783	0.03601
7784	0.03592
7785	0.06861
7786	0.18047
7787	0.25192
7788	0.25031
7789	0.22586
7790	0.07766
7791	-0.01016
7792	0.65442
7793	1.10100
7794	-0.43342
7795	-0.41443
7796	-0.30247
7797	-1.28073
7798	-1.21341
7799	-0.65225
7800	0.18016
7801	0.40024
7802	0.56186
7803	0.61957
7804	0.43604
7805	0.40012
7806	0.43802
7807	0.61050
7808	0.67644
7809	0.44972
7810	0.08790
7811	-0.11426
7812	-0.06268
7813	-0.21216
7814	-0.32572
7815	-0.10731
7816	0.06591
7817	0.27400
7818	0.50247
7819	0.37899
7820	0.07261
7821	-0.02139
7822	-0.02726
7823	0.00167
7824	0.03854
7825	0.05799
7826	0.04631
7827	0.01681
7828	-0.00076
7829	-0.00675
7830	-0.01016
7831	0.03282
7832	0.18260
7833	0.33119
7834	0.19031
7835	0.00104
7836	0.04693
7837	0.08697
7838	0.05447
7839	0.01562
7840	-0.00065
7841	0.00685
7842	0.00864
7843	-0.00097
7844	0.01322
7845	0.01695
7846	0.01169
7847	0.01805
7848	-0.02703
7849	-0.07678
7850	-0.03572
7851	0.00884
7852	-0.01383
7853	0.00105
7854	0.03485
7855	0.07365
7856	0.13196
7857	0.19242
7858	0.20703
7859	0.15995
7860	0.06997
7861	-0.04246
7862	-0.13318
7863	0.13320
7864	0.02273
7865	0.00184
7866	-0.03563
7867	-0.01423
7868	-0.54995
7869	-0.27734
7870	-0.27740
7871	-0.12684
7872	-0.15690
7873	-0.09193
7874	0.24935
7875	0.74020
7876	1.21140
7877	1.04249
7878	0.69511
7879	0.72625
7880	0.40782
7881	0.07350
7882	0.00505
7883	-0.02172
7884	-0.08533
7885	-0.25308
7886	-0.27614
7887	0.00378
7888	0.18077
7889	0.35744
7890	0.29209
7891	0.18327
7892	0.03276
7893	-0.00455
7894	0.00699
7895	0.04669
7896	0.08944
7897	0.05144
7898	0.01545
7899	0.00543
7900	-0.02155
7901	-0.00191
7902	0.10012
7903	0.23743
7904	0.27994
7905	0.15667
7906	0.00968
7907	0.01192
7908	0.07773
7909	0.07779
7910	0.02471
7911	-0.00058
7912	0.01830
7913	0.00559
7914	0.00056
7915	0.00617
7916	0.00829
7917	0.01819
7918	-0.02909
7919	-0.07990
7920	-0.05180
7921	-0.00324
7922	0.00932
7923	-0.00849
7924	-0.03109
7925	-0.01529
7926	0.01872
7927	0.07251
7928	0.19613
7929	0.34232
7930	0.37952
7931	0.25804
7932	0.02903
7933	-0.18562
7934	-0.17121
7935	-0.00853
7936	0.17192
7937	0.01590
7938	0.00219
7939	-0.25580
7940	-0.69732
7941	-0.41748
7942	-0.06857
7943	0.30745
7944	0.25793
7945	0.41839
7946	0.48454
7947	0.49139
7948	0.42576
7949	0.36232
7950	0.49344
7951	0.87034
7952	0.55023
7953	0.03306
7954	-0.09397
7955	-0.05559
7956	-0.02330
7957	-0.20567
7958	-0.10260
7959	0.07605
7960	0.36290
7961	0.41692
7962	0.18510
7963	-0.01017
7964	-0.08565
7965	0.02668
7966	0.00124
7967	0.01474
7968	0.06143
7969	0.07126
7970	0.00539
7971	0.01514
7972	0.08720
7973	0.11883
7974	0.15382
7975	0.18470
7976	0.10607
7977	0.01029
7978	-0.00265
7979	0.01422
7980	0.02750
7981	0.01253
7982	-0.00185
7983	0.01198
7984	0.00556
7985	-0.00005
7986	-0.01725
7987	-0.06138
7988	-0.05041
7989	-0.03472
7990	-0.04748
7991	-0.03253
7992	-0.00209
7993	0.00909
7994	-0.00355
7995	0.00878
7996	0.00888
7997	0.02201
7998	0.09686
7999	0.21965
8000	0.32062
8001	0.28706
8002	0.11303
8003	-0.08149
8004	0.12986
8005	0.38318
8006	0.28734
8007	-0.02128
8008	-0.28682
8009	-0.26507
8010	-2.00169
8011	-1.50120
8012	-0.62104
8013	0.35876
8014	0.21572
8015	0.09135
8016	0.08986
8017	0.17174
8018	0.48591
8019	0.55552
8020	0.24270
8021	0.51887
8022	0.31145
8023	0.00160
8024	-0.06704
8025	-0.17043
8026	-0.18775
8027	-0.33027
8028	-0.30911
8029	-0.00409
8030	0.16038
8031	0.46602
8032	0.25128
8033	0.04154
8034	-0.01789
8035	-0.07888
8036	0.02101
8037	0.05208
8038	0.08832
8039	0.04846
8040	-0.01046
8041	0.00750
8042	0.03425
8043	0.04126
8044	0.06096
8045	0.13231
8046	0.18773
8047	0.08437
8048	-0.03310
8049	0.00145
8050	0.05841
8051	0.04022
8052	0.00735
8053	0.00083
8054	0.01473
8055	0.00573
8056	-0.02020
8057	0.01006
8058	0.07482
8059	0.06429
8060	0.00801
8061	-0.00076
8062	0.01651
8063	0.03523
8064	0.01835
8065	-0.00489
8066	-0.02357
8067	-0.01500
8068	0.06129
8069	0.18107
8070	0.26617
8071	0.30790
8072	0.24254
8073	0.03563
8074	-0.17477
8075	0.16667
8076	0.32979
8077	0.40626
8078	0.09908
8079	-0.10116
8080	-0.28711
8081	-1.37974
8082	-0.94678
8083	-0.28033
8084	0.74052
8085	0.48150
8086	0.51677
8087	0.54384
8088	0.43454
8089	0.45756
8090	0.53240
8091	0.46844
8092	0.71663
8093	0.34783
8094	0.08863
8095	-0.01756
8096	-0.06186
8097	-0.03355
8098	-0.15398
8099	-0.16592
8100	0.05194
8101	0.33673
8102	0.54740
8103	0.23716
8104	-0.02549
8105	-0.10594
8106	0.02344
8107	0.01877
8108	0.03144
8109	0.05619
8110	0.04672
8111	0.01495
8112	0.00241
8113	-0.00302
8114	-0.00486
8115	0.04549
8116	0.20726
8117	0.36535
8118	0.28595
8119	0.04498
8120	-0.00502
8121	0.05724
8122	0.04016
8123	0.00582
8124	0.00144
8125	0.00939
8126	-0.00270
8127	-0.00462
8128	-0.00411
8129	-0.05006
8130	-0.07506
8131	-0.06122
8132	-0.05297
8133	-0.03166
8134	-0.01949
8135	-0.02945
8136	-0.04649
8137	-0.02339
8138	0.02686
8139	0.09755
8140	0.22583
8141	0.34102
8142	0.31640
8143	0.15308
8144	0.00465
8145	-0.04719
8146	-0.04781
8147	0.01386
8148	-0.05632
8149	-0.12978
8150	0.05182
8151	0.19240
8152	0.27377
8153	-0.37646
8154	-0.52376
8155	-0.36124
8156	-0.00067
8157	-0.08139
8158	-0.15936
8159	0.13077
8160	0.38042
8161	0.61069
8162	0.88206
8163	0.60733
8164	0.69608
8165	0.29121
8166	0.02501
8167	-0.00301
8168	-0.06540
8169	-0.08908
8170	-0.22771
8171	-0.12647
8172	0.08271
8173	0.20886
8174	0.42738
8175	0.14328
8176	-0.04345
8177	-0.02354
8178	-0.02481
8179	0.02352
8180	0.05349
8181	0.06418
8182	0.01832
8183	-0.00290
8184	0.00025
8185	-0.00747
8186	-0.01912
8187	0.03323
8188	0.19513
8189	0.30025
8190	0.17012
8191	-0.00422
8192	0.02147
8193	0.10921
8194	0.09490
8195	0.01877
8196	-0.01113
8197	0.00956
8198	0.00207
8199	-0.00428
8200	-0.03811
8201	-0.04513
8202	0.00208
8203	-0.02901
8204	-0.06505
8205	-0.01878
8206	0.00326
8207	-0.00431
8208	-0.02380
8209	0.00093
8210	0.02071
8211	0.04478
8212	0.11635
8213	0.24395
8214	0.27863
8215	0.18373
8216	0.05250
8217	-0.09252
8218	-0.24798
8219	0.24402
8220	0.07092
8221	0.03792
8222	-0.07123
8223	-0.00313
8224	-0.68906
8225	-1.17895
8226	-0.62891
8227	0.56769
8228	0.33286
8229	0.00297
8230	-0.10198
8231	0.22208
8232	0.77087
8233	0.81693
8234	0.42351
8235	0.36958
8236	0.26300
8237	0.01497
8238	-0.01683
8239	-0.04899
8240	-0.14977
8241	-0.26219
8242	-0.35259
8243	-0.09297
8244	0.08280
8245	0.34530
8246	0.36532
8247	0.12885
8248	0.03149
8249	-0.00805
8250	0.02429
8251	0.03822
8252	0.05215
8253	0.04670
8254	0.03782
8255	0.01462
8256	-0.00924
8257	0.00087
8258	0.06050
8259	0.16859
8260	0.26193
8261	0.20553
8262	0.03423
8263	0.01063
8264	0.08032
8265	0.05880
8266	0.01832
8267	0.00111
8268	0.01358
8269	0.02100
8270	-0.01367
8271	0.00642
8272	0.02028
8273	0.01520
8274	0.01839
8275	0.00820
8276	0.01278
8277	0.05019
8278	0.04557
8279	-0.00082
8280	-0.01957
8281	-0.00422
8282	0.03141
8283	0.09045
8284	0.22042
8285	0.40017
8286	0.44527
8287	0.29993
8288	-0.03852
8289	-0.06146
8290	0.55020
8291	0.99278
8292	0.39285
8293	-0.30117
8294	-0.12383
8295	-1.68837
8296	-1.99572
8297	-1.50058
8298	0.18868
8299	0.66450
8300	0.98941
8301	0.95748
8302	0.72190
8303	0.63957
8304	0.70892
8305	0.56059
8306	0.83326
8307	0.58445
8308	0.03899
8309	-0.00331
8310	-0.01501
8311	-0.08209
8312	-0.13281
8313	-0.04147
8314	0.13507
8315	0.30698
8316	0.31503
8317	0.20933
8318	0.02639
8319	-0.00722
8320	-0.00591
8321	0.00966
8322	0.02894
8323	0.07913
8324	0.09077
8325	0.04938
8326	0.01926
8327	-0.00362
8328	-0.00811
8329	0.06288
8330	0.23172
8331	0.34059
8332	0.22618
8333	0.03319
8334	-0.00036
8335	0.03331
8336	0.03951
8337	0.02436
8338	-0.00380
8339	0.00662
8340	0.01830
8341	0.00224
8342	-0.02346
8343	-0.02530
8344	-0.02642
8345	-0.03244
8346	-0.01934
8347	-0.01158
8348	-0.01144
8349	-0.00610
8350	-0.03653
8351	-0.09726
8352	-0.09892
8353	-0.03032
8354	0.03626
8355	0.10311
8356	0.18725
8357	0.26058
8358	0.24971
8359	0.08940
8360	-0.05406
8361	-0.15142
8362	0.02766
8363	-0.09437
8364	-0.01921
8365	-0.08452
8366	0.10757
8367	-0.32882
8368	-0.89343
8369	-0.66352
8370	0.20513
8371	0.08585
8372	-0.12430
8373	-0.17689
8374	0.07117
8375	0.22849
8376	0.52947
8377	0.56517
8378	0.65060
8379	0.79054
8380	0.11982
8381	-0.03491
8382	-0.02382
8383	-0.05887
8384	-0.21651
8385	-0.32435
8386	-0.08776
8387	0.01507
8388	0.14621
8389	0.31538
8390	0.06506
8391	-0.00775
8392	-0.08448
8393	0.01516
8394	0.03102
8395	0.08123
8396	0.10540
8397	0.01838
8398	-0.02282
8399	0.01976
8400	0.02094
8401	-0.00328
8402	0.06234
8403	0.26036
8404	0.31512
8405	0.09292
8406	-0.01684
8407	0.04071
8408	0.07150
8409	0.04765
8410	0.01093
8411	0.00142
8412	0.02577
8413	0.01313
8414	-0.01353
8415	0.01051
8416	0.04851
8417	0.01828
8418	-0.06816
8419	-0.07355
8420	-0.01248
8421	-0.00198
8422	-0.00518
8423	0.02942
8424	0.04376
8425	0.05204
8426	0.10874
8427	0.22930
8428	0.34067
8429	0.32155
8430	0.17209
8431	-0.02993
8432	-0.19797
8433	-0.16511
8434	0.11195
8435	0.23975
8436	0.01115
8437	0.01119
8438	-0.42556
8439	-0.83140
8440	-0.53669
8441	-0.04793
8442	0.51466
8443	0.17084
8444	0.16369
8445	0.36878
8446	0.68969
8447	0.93471
8448	0.74896
8449	0.38755
8450	0.33925
8451	0.25135
8452	0.07310
8453	-0.00501
8454	-0.11607
8455	-0.16096
8456	-0.13840
8457	0.09966
8458	0.34063
8459	0.20135
8460	0.11963
8461	-0.04710
8462	-0.12357
8463	-0.02891
8464	0.00275
8465	0.01969
8466	0.03407
8467	0.05943
8468	0.04404
8469	0.00771
8470	-0.00255
8471	-0.01423
8472	0.00294
8473	0.08985
8474	0.21905
8475	0.25622
8476	0.11362
8477	-0.02210
8478	0.02989
8479	0.09592
8480	0.04916
8481	0.00011
8482	-0.00253
8483	0.00986
8484	0.01215
8485	-0.00224
8486	-0.02252
8487	-0.00346
8488	0.01762
8489	-0.02208
8490	-0.02259
8491	-0.01139
8492	0.00115
8493	-0.01481
8494	-0.06235
8495	-0.02798
8496	0.00787
8497	0.03801
8498	0.12043
8499	0.28014
8500	0.38413
8501	0.30985
8502	0.07564
8503	-0.14680
8504	-0.29340
8505	0.17657
8506	0.02392
8507	-0.10119
8508	-0.00753
8509	-0.30711
8510	-0.64502
8511	-0.57464
8512	-0.19945
8513	0.47277
8514	0.29018
8515	0.26230
8516	0.33557
8517	0.60010
8518	0.71754
8519	0.56212
8520	0.46467
8521	0.59788
8522	0.32723
8523	0.09482
8524	-0.02728
8525	-0.01338
8526	-0.05578
8527	-0.14804
8528	-0.05463
8529	0.10070
8530	0.22325
8531	0.20442
8532	0.06019
8533	-0.05444
8534	-0.04089
8535	0.04593
8536	0.02232
8537	0.04392
8538	0.06961
8539	0.04188
8540	0.00225
8541	0.00335
8542	0.03255
8543	0.10364
8544	0.17806
8545	0.18131
8546	0.11753
8547	0.03074
8548	-0.00367
8549	0.03545
8550	0.04399
8551	0.02185
8552	0.00247
8553	0.00718
8554	0.02003
8555	-0.00244
8556	0.00573
8557	0.01575
8558	-0.01331
8559	-0.04105
8560	-0.03842
8561	-0.02662
8562	-0.00320
8563	0.01191
8564	-0.00321
8565	-0.04397
8566	-0.05048
8567	0.00644
8568	0.09453
8569	0.23014
8570	0.38584
8571	0.42710
8572	0.22167
8573	-0.07408
8574	-0.26166
8575	-0.32601
8576	-0.12495
8577	-0.05040
8578	-0.22453
8579	-0.04272
8580	-1.05917
8581	-1.42690
8582	-0.40930
8583	0.73508
8584	1.14893
8585	0.63481
8586	0.60272
8587	0.40954
8588	0.35696
8589	0.51476
8590	0.53300
8591	0.52813
8592	0.85383
8593	0.32425
8594	0.01496
8595	-0.01310
8596	-0.05222
8597	-0.03020
8598	-0.00781
8599	0.09819
8600	0.09500
8601	0.14535
8602	0.13688
8603	-0.06780
8604	-0.01666
8605	-0.08689
8606	-0.05585
8607	0.01344
8608	0.03758
8609	0.05269
8610	0.01785
8611	-0.00535
8612	0.00143
8613	0.00316
8614	0.03307
8615	0.14288
8616	0.26408
8617	0.20803
8618	0.03474
8619	-0.01182
8620	0.02104
8621	0.03840
8622	0.02872
8623	0.00071
8624	0.00747
8625	0.01053
8626	-0.01293
8627	-0.02176
8628	-0.02334
8629	-0.03214
8630	-0.03890
8631	-0.04717
8632	-0.03410
8633	-0.00048
8634	-0.00732
8635	-0.00567
8636	0.00815
8637	-0.02426
8638	-0.04537
8639	0.02308
8640	0.15283
8641	0.23729
8642	0.21863
8643	0.13752
8644	0.00813
8645	-0.16442
8646	0.34572
8647	0.40646
8648	0.53408
8649	-0.22332
8650	0.04737
8651	-0.71547
8652	-0.98718
8653	-1.41531
8654	-0.19260
8655	0.16514
8656	0.08333
8657	0.14118
8658	0.15495
8659	0.21233
8660	0.48339
8661	0.31622
8662	0.51197
8663	0.35295
8664	-0.00961
8665	-0.00117
8666	-0.09707
8667	-0.29741
8668	-0.26924
8669	-0.39496
8670	-0.12108
8671	0.03851
8672	0.30117
8673	0.28902
8674	0.06140
8675	0.01987
8676	-0.02179
8677	0.02032
8678	0.08413
8679	0.18073
8680	0.15093
8681	0.04280
8682	0.00178
8683	-0.01729
8684	-0.03208
8685	0.05801
8686	0.25975
8687	0.28040
8688	0.08521
8689	-0.01704
8690	0.05934
8691	0.09373
8692	0.05387
8693	0.01282
8694	-0.00215
8695	0.00327
8696	-0.01440
8697	0.00199
8698	0.03211
8699	0.03968
8700	0.04026
8701	0.01944
8702	0.00740
8703	0.02696
8704	0.03590
8705	0.00888
8706	-0.00024
8707	-0.01472
8708	-0.04231
8709	0.00991
8710	0.14613
8711	0.26666
8712	0.31561
8713	0.26775
8714	0.07948
8715	-0.18353
8716	0.27310
8717	0.98194
8718	1.05269
8719	-0.94606
8720	-0.04119
8721	-1.31514
8722	-1.99045
8723	-2.17671
8724	-0.83812
8725	0.29342
8726	0.78581
8727	1.15864
8728	0.89537
8729	1.10991
8730	0.80128
8731	0.27271
8732	0.34032
8733	0.34392
8734	0.06605
8735	-0.00451
8736	-0.11837
8737	-0.16570
8738	-0.22022
8739	-0.23856
8740	0.01945
8741	0.20152
8742	0.30660
8743	0.31542
8744	0.08967
8745	0.00742
8746	-0.02238
8747	0.00888
8748	0.02316
8749	0.05999
8750	0.07796
8751	0.04932
8752	0.01874
8753	-0.00480
8754	-0.01250
8755	0.01652
8756	0.12782
8757	0.28610
8758	0.27578
8759	0.06421
8760	-0.05651
8761	0.01645
8762	0.09581
8763	0.05884
8764	0.00500
8765	-0.00410
8766	0.00866
8767	0.00334
8768	-0.03440
8769	-0.06388
8770	-0.05675
8771	-0.03715
8772	-0.02972
8773	-0.01448
8774	-0.00800
8775	0.00309
8776	-0.01348
8777	-0.03857
8778	-0.04433
8779	-0.02606
8780	0.02134
8781	0.09030
8782	0.14840
8783	0.17828
8784	0.17593
8785	0.09297
8786	-0.02339
8787	-0.11896
8788	0.02556
8789	0.10645
8790	0.22316
8791	0.00971
8792	0.11318
8793	-0.67264
8794	-0.73532
8795	-0.89408
8796	-0.45278
8797	-0.01223
8798	0.32140
8799	0.79590
8800	0.99361
8801	1.21705
8802	0.84175
8803	0.47123
8804	0.59259
8805	0.43139
8806	0.15005
8807	-0.02532
8808	-0.03394
8809	-0.01562
8810	-0.06594
8811	-0.07992
8812	0.06956
8813	0.13580
8814	0.16461
8815	0.01159
8816	-0.04741
8817	-0.02099
8818	0.00643
8819	0.00340
8820	0.01451
8821	0.04425
8822	0.05111
8823	0.02314
8824	0.00196
8825	0.00042
8826	-0.00077
8827	0.02610
8828	0.15484
8829	0.30535
8830	0.25972
8831	0.01530
8832	-0.06736
8833	0.03234
8834	0.08610
8835	0.05273
8836	0.00316
8837	0.01022
8838	0.02176
8839	0.00303
8840	-0.01690
8841	-0.02334
8842	-0.00970
8843	-0.00943
8844	-0.03233
8845	-0.04246
8846	-0.01419
8847	0.01395
8848	-0.01219
8849	-0.05473
8850	-0.02060
8851	0.01714
8852	0.06667
8853	0.17389
8854	0.27384
8855	0.27353
8856	0.16705
8857	0.02634
8858	-0.07591
8859	-0.15370
8860	0.10476
8861	0.09534
8862	-0.00459
8863	-0.01322
8864	-0.11523
8865	-0.48883
8866	-0.34789
8867	-0.67804
8868	-0.91154
8869	-0.39919
8870	0.10250
8871	0.59462
8872	0.85216
8873	1.00840
8874	0.85616
8875	0.60489
8876	0.40611
8877	0.44085
8878	0.19233
8879	-0.06481
8880	-0.15386
8881	-0.17254
8882	-0.25670
8883	-0.01928
8884	0.20157
8885	0.48752
8886	0.44482
8887	0.16742
8888	-0.08904
8889	-0.02037
8890	-0.09850
8891	0.01517
8892	0.02801
8893	0.05798
8894	0.04800
8895	0.00890
8896	-0.00006
8897	-0.00043
8898	0.00419
8899	0.06888
8900	0.21371
8901	0.27446
8902	0.13356
8903	-0.02116
8904	0.01496
8905	0.07457
8906	0.05354
8907	0.01797
8908	-0.00186
8909	0.01792
8910	0.02610
8911	-0.00273
8912	-0.02511
8913	-0.02174
8914	-0.00850
8915	-0.02373
8916	-0.01279
8917	0.03538
8918	0.02995
8919	0.00810
8920	0.00173
8921	0.00103
8922	0.02030
8923	0.07608
8924	0.13584
8925	0.15272
8926	0.13066
8927	0.09296
8928	0.05294
8929	0.00441
8930	-0.05800
8931	0.12019
8932	0.23053
8933	0.15601
8934	-0.26230
8935	0.03217
8936	-0.94324
8937	-0.56626
8938	-1.31299
8939	-0.62305
8940	0.10313
8941	0.48449
8942	0.83123
8943	0.75976
8944	0.77426
8945	0.60173
8946	0.45687
8947	0.89686
8948	0.53647
8949	0.16557
8950	0.04496
8951	-0.07309
8952	-0.08916
8953	-0.08332
8954	-0.03414
8955	0.06825
8956	0.16932
8957	0.22626
8958	0.24852
8959	0.12112
8960	-0.01977
8961	-0.03033
8962	-0.00320
8963	0.01468
8964	0.04893
8965	0.09014
8966	0.05613
8967	0.01297
8968	-0.00185
8969	-0.00950
8970	0.03529
8971	0.17392
8972	0.34336
8973	0.35850
8974	0.13900
8975	-0.03468
8976	0.00007
8977	0.04019
8978	0.02322
8979	-0.00453
8980	-0.01266
8981	0.01178
8982	0.01876
8983	-0.00326
8984	-0.03172
8985	-0.07512
8986	-0.07699
8987	-0.05052
8988	-0.03847
8989	-0.03240
8990	-0.02747
8991	-0.05047
8992	-0.07047
8993	-0.03934
8994	0.01264
8995	0.06543
8996	0.14436
8997	0.22170
8998	0.24190
8999	0.16097
9000	0.03477
9001	-0.08228
9002	0.10150
9003	0.15922
9004	0.18960
9005	-0.27266
9006	-0.08708
9007	-0.10687
9008	-0.72781
9009	-1.82795
9010	-1.58684
9011	-0.09040
9012	0.19016
9013	0.72925
9014	0.87924
9015	0.89736
9016	0.84030
9017	0.52818
9018	0.61065
9019	0.60801
9020	0.16508
9021	0.06124
9022	-0.03281
9023	-0.12412
9024	-0.09950
9025	-0.20130
9026	-0.00630
9027	0.12728
9028	0.37364
9029	0.40214
9030	0.17013
9031	0.01472
9032	-0.01215
9033	0.00178
9034	0.01015
9035	0.08587
9036	0.17613
9037	0.11972
9038	0.03085
9039	-0.00217
9040	0.00150
9041	0.04584
9042	0.12959
9043	0.22390
9044	0.23072
9045	0.09515
9046	-0.02217
9047	0.01210
9048	0.06732
9049	0.04739
9050	-0.00046
9051	-0.02470
9052	-0.01474
9053	-0.00841
9054	-0.00298
9055	0.00607
9056	0.01044
9057	0.01505
9058	-0.00725
9059	-0.03122
9060	-0.00970
9061	-0.00609
9062	-0.01749
9063	-0.06147
9064	-0.06149
9065	0.01085
9066	0.10156
9067	0.18686
9068	0.23853
9069	0.25446
9070	0.23225
9071	0.10758
9072	-0.08211
9073	-0.07643
9074	0.23826
9075	0.60064
9076	0.40028
9077	-0.35072
9078	-0.02170
9079	-1.64865
9080	-1.39648
9081	-1.57564
9082	0.03819
9083	0.63219
9084	1.08950
9085	1.14090
9086	0.94973
9087	0.75897
9088	0.29797
9089	0.27720
9090	0.91964
9091	0.39746
9092	0.06841
9093	-0.00858
9094	-0.04125
9095	-0.03869
9096	-0.13463
9097	-0.20888
9098	0.00831
9099	0.29892
9100	0.64096
9101	0.58623
9102	0.25932
9103	0.00066
9104	0.02059
9105	0.00625
9106	0.02131
9107	0.08402
9108	0.09927
9109	0.03946
9110	0.00634
9111	-0.00054
9112	0.01163
9113	0.06248
9114	0.17931
9115	0.33359
9116	0.30459
9117	0.08283
9118	-0.02420
9119	-0.00773
9120	0.02681
9121	0.04519
9122	0.00886
9123	-0.00338
9124	0.00517
9125	-0.02122
9126	-0.04080
9127	-0.04459
9128	-0.05123
9129	-0.04289
9130	-0.02514
9131	-0.01645
9132	-0.00745
9133	-0.00632
9134	-0.03809
9135	-0.07147
9136	-0.05235
9137	0.00641
9138	0.08016
9139	0.17828
9140	0.22143
9141	0.20355
9142	0.09987
9143	-0.03648
9144	-0.11461
9145	-0.15072
9146	0.01756
9147	-0.01981
9148	-0.19870
9149	-0.01316
9150	-0.02521
9151	-0.52331
9152	-0.60516
9153	-0.69385
9154	0.22594
9155	0.39557
9156	0.15806
9157	0.10517
9158	0.21129
9159	0.50175
9160	0.76801
9161	0.50365
9162	0.75725
9163	0.47820
9164	0.05222
9165	-0.00059
9166	-0.00301
9167	-0.04267
9168	-0.12145
9169	-0.17522
9170	0.08374
9171	0.13875
9172	0.32105
9173	0.15629
9174	-0.01113
9175	-0.02485
9176	-0.02977
9177	0.00715
9178	0.02086
9179	0.07168
9180	0.09175
9181	0.02796
9182	-0.00571
9183	0.00179
9184	0.00248
9185	0.02234
9186	0.16432
9187	0.36928
9188	0.32880
9189	0.09541
9190	-0.03276
9191	0.01109
9192	0.08032
9193	0.06414
9194	0.01493
9195	-0.00442
9196	-0.00080
9197	-0.00616
9198	0.00028
9199	0.00642
9200	-0.01084
9201	-0.01500
9202	-0.01080
9203	-0.00745
9204	0.00831
9205	0.03338
9206	-0.00928
9207	-0.05668
9208	-0.05636
9209	0.00614
9210	0.09972
9211	0.18404
9212	0.29236
9213	0.39287
9214	0.30586
9215	0.04049
9216	-0.20650
9217	0.09608
9218	0.42379
9219	0.35382
9220	-0.13151
9221	-0.03156
9222	-0.38611
9223	-1.02328
9224	-1.02051
9225	-0.77510
9226	0.19028
9227	0.20160
9228	0.42320
9229	0.91613
9230	0.93186
9231	0.76581
9232	0.55794
9233	0.46660
9234	0.70044
9235	0.39686
9236	0.11213
9237	-0.01847
9238	-0.09440
9239	-0.09897
9240	-0.14304
9241	0.04653
9242	0.21277
9243	0.40125
9244	0.36689
9245	0.04980
9246	-0.07412
9247	-0.06243
9248	0.00936
9249	0.00887
9250	0.02126
9251	0.04740
9252	0.04844
9253	0.03072
9254	0.00976
9255	-0.00353
9256	-0.00377
9257	0.01626
9258	0.12255
9259	0.30997
9260	0.33060
9261	0.08648
9262	-0.05708
9263	0.03085
9264	0.05916
9265	0.01886
9266	0.00045
9267	-0.00308
9268	-0.00272
9269	-0.00343
9270	-0.01931
9271	-0.04856
9272	-0.05512
9273	-0.05178
9274	-0.03738
9275	0.00203
9276	0.00115
9277	-0.01938
9278	-0.05146
9279	-0.05812
9280	0.01667
9281	0.10179
9282	0.18517
9283	0.24461
9284	0.25880
9285	0.21513
9286	0.10735
9287	-0.00853
9288	-0.08035
9289	-0.13102
9290	-0.01469
9291	-0.00497
9292	-0.11861
9293	-0.04488
9294	-0.16302
9295	-0.48672
9296	-0.50958
9297	-0.55491
9298	0.09140
9299	0.18096
9300	0.24433
9301	0.46299
9302	0.76232
9303	0.85494
9304	0.59016
9305	0.51715
9306	0.67945
9307	0.46775
9308	0.13239
9309	-0.00916
9310	-0.06856
9311	-0.08383
9312	-0.23411
9313	-0.13716
9314	0.06717
9315	0.21814
9316	0.32119
9317	0.25810
9318	0.04896
9319	-0.02499
9320	-0.05835
9321	0.00240
9322	0.00966
9323	0.06123
9324	0.08603
9325	0.01729
9326	-0.00188
9327	0.02977
9328	0.03202
9329	0.04750
9330	0.12965
9331	0.22530
9332	0.17236
9333	0.02598
9334	0.01174
9335	0.03368
9336	-0.00048
9337	0.00819
9338	0.00644
9339	-0.00839
9340	-0.01369
9341	-0.01263
9342	-0.01204
9343	-0.03167
9344	-0.04005
9345	-0.01659
9346	-0.01139
9347	0.00041
9348	0.00787
9349	0.00005
9350	-0.00099
9351	-0.03114
9352	-0.03449
9353	0.01805
9354	0.07635
9355	0.15385
9356	0.21676
9357	0.21872
9358	0.14347
9359	0.01167
9360	-0.09875
9361	-0.17215
9362	0.10702
9363	0.09211
9364	0.14368
9365	0.04079
9366	-0.07594
9367	-0.72820
9368	-0.74124
9369	-1.12652
9370	-0.49388
9371	0.09821
9372	0.30981
9373	0.58155
9374	0.68816
9375	0.77942
9376	0.67488
9377	0.52405
9378	0.70737
9379	0.45457
9380	0.08525
9381	-0.02897
9382	-0.07968
9383	-0.08949
9384	-0.18206
9385	-0.15235
9386	0.10277
9387	0.23251
9388	0.49566
9389	0.21642
9390	0.02141
9391	-0.03312
9392	-0.01779
9393	0.00951
9394	0.01760
9395	0.05658
9396	0.08350
9397	0.03451
9398	-0.00751
9399	0.00441
9400	0.01085
9401	0.03367
9402	0.12347
9403	0.20894
9404	0.15964
9405	0.02792
9406	-0.01447
9407	0.01437
9408	0.02519
9409	0.03591
9410	0.02106
9411	-0.00050
9412	0.01790
9413	0.01468
9414	-0.02979
9415	-0.02765
9416	-0.00884
9417	-0.01639
9418	-0.02401
9419	-0.01517
9420	-0.00616
9421	-0.00649
9422	-0.01319
9423	-0.02760
9424	-0.04044
9425	-0.03671
9426	0.01407
9427	0.12995
9428	0.25498
9429	0.28614
9430	0.22976
9431	0.09422
9432	-0.05655
9433	-0.16824
9434	0.13895
9435	0.23923
9436	0.18225
9437	-0.01186
9438	-0.21434
9439	-1.11612
9440	-0.87591
9441	-0.58494
9442	-0.04881
9443	0.12954
9444	0.46240
9445	0.93146
9446	0.91082
9447	0.73377
9448	0.53787
9449	0.28784
9450	0.41786
9451	0.38602
9452	0.06382
9453	-0.00586
9454	-0.02322
9455	-0.06194
9456	-0.15623
9457	-0.24101
9458	0.05629
9459	0.28513
9460	0.41001
9461	0.33649
9462	0.05553
9463	-0.03833
9464	-0.03364
9465	0.01417
9466	0.04789
9467	0.09660
9468	0.07431
9469	0.02713
9470	0.00764
9471	0.00024
9472	-0.00310
9473	0.03834
9474	0.21333
9475	0.38501
9476	0.27699
9477	0.04421
9478	-0.00436
9479	0.04307
9480	0.06172
9481	0.04265
9482	0.00349
9483	0.00568
9484	0.01070
9485	-0.00008
9486	0.01768
9487	0.02995
9488	0.01540
9489	-0.03150
9490	-0.07220
9491	-0.05318
9492	-0.01826
9493	-0.00648
9494	-0.06021
9495	-0.07237
9496	0.00975
9497	0.12357
9498	0.22473
9499	0.32850
9500	0.42571
9501	0.35864
9502	0.08555
9503	-0.13924
9504	-0.27297
9505	-0.02139
9506	0.01597
9507	0.01062
9508	0.01059
9509	0.09280
9510	-0.29893
9511	-0.65101
9512	-1.13216
9513	-0.44634
9514	0.26504
9515	0.39189
9516	0.80595
9517	0.90455
9518	0.72180
9519	0.56574
9520	0.39789
9521	0.70391
9522	0.56012
9523	0.14815
9524	0.00627
9525	-0.03221
9526	-0.06895
9527	-0.06593
9528	-0.03889
9529	0.08654
9530	0.18808
9531	0.33978
9532	0.26603
9533	0.06904
9534	-0.04143
9535	-0.05197
9536	0.00864
9537	0.02727
9538	0.09255
9539	0.13117
9540	0.07915
9541	0.02974
9542	-0.00097
9543	-0.00549
9544	0.04076
9545	0.18891
9546	0.36199
9547	0.30562
9548	0.09096
9549	-0.02475
9550	-0.00894
9551	0.01011
9552	0.01544
9553	0.00315
9554	0.00208
9555	0.01602
9556	-0.00467
9557	-0.00936
9558	0.00298
9559	-0.02047
9560	-0.01539
9561	-0.00491
9562	-0.01069
9563	-0.00251
9564	0.00064
9565	-0.00050
9566	-0.02795
9567	-0.05961
9568	-0.02544
9569	0.05369
9570	0.16325
9571	0.25280
9572	0.29259
9573	0.22356
9574	0.04072
9575	-0.11538
9576	-0.21239
9577	0.25504
9578	0.01315
9579	-0.00225
9580	0.00875
9581	-0.07717
9582	-0.61212
9583	-0.49136
9584	-0.11873
9585	0.37626
9586	0.20071
9587	0.22446
9588	0.75786
9589	1.12303
9590	1.08895
9591	0.78589
9592	0.41001
9593	0.65280
9594	0.56700
9595	0.15014
9596	0.00812
9597	0.01233
9598	0.02658
9599	0.01529
9600	0.06552
9601	0.13175
9602	0.13043
9603	0.22775
9604	0.13249
9605	-0.02628
9606	-0.07675
9607	-0.04519
9608	0.00167
9609	0.00584
9610	0.06112
9611	0.13433
9612	0.09923
9613	0.02356
9614	-0.00013
9615	0.00737
9616	0.04945
9617	0.13884
9618	0.24755
9619	0.24802
9620	0.09405
9621	-0.00895
9622	0.00448
9623	0.02476
9624	0.02564
9625	0.00520
9626	-0.00620
9627	0.01025
9628	0.00572
9629	-0.01297
9630	-0.03449
9631	-0.07295
9632	-0.07852
9633	-0.05521
9634	-0.03755
9635	-0.02974
9636	-0.01853
9637	-0.02424
9638	-0.03676
9639	-0.02210
9640	0.00511
9641	0.05779
9642	0.15469
9643	0.27618
9644	0.32348
9645	0.24626
9646	0.06437
9647	-0.10523
9648	0.20284
9649	0.24022
9650	0.10558
9651	-0.13258
9652	-0.20493
9653	-0.08985
9654	-0.85039
9655	-1.49807
9656	-1.24007
9657	-0.05645
9658	-0.00344
9659	0.04836
9660	0.56299
9661	0.85322
9662	0.66209
9663	0.37197
9664	0.57796
9665	0.74244
9666	0.19498
9667	0.01185
9668	0.00620
9669	-0.00805
9670	-0.10092
9671	-0.37423
9672	-0.32364
9673	-0.01747
9674	0.25569
9675	0.27812
9676	0.09198
9677	-0.02834
9678	-0.04404
9679	0.00661
9680	0.02325
9681	0.09197
9682	0.14611
9683	0.08646
9684	0.00792
9685	0.00217
9686	-0.01639
9687	-0.04896
9688	0.07938
9689	0.33392
9690	0.34405
9691	0.12818
9692	-0.03242
9693	0.03489
9694	0.17518
9695	0.13146
9696	0.01807
9697	0.00358
9698	0.02258
9699	-0.00468
9700	-0.01707
9701	0.04720
9702	0.10571
9703	0.07485
9704	0.00761
9705	-0.01771
9706	0.00068
9707	0.02314
9708	0.01477
9709	-0.01147
9710	-0.03075
9711	-0.05194
9712	-0.01545
9713	0.11008
9714	0.29801
9715	0.44851
9716	0.44644
9717	0.22464
9718	-0.08896
9719	-0.34206
9720	0.60722
9721	0.32253
9722	-0.01648
9723	-0.06700
9724	-0.07056
9725	-0.68501
9726	-0.76016
9727	-1.28258
9728	-0.88254
9729	-0.16951
9730	0.05994
9731	0.83111
9732	1.46399
9733	1.38962
9734	0.81616
9735	0.22556
9736	0.40722
9737	0.29401
9738	0.05518
9739	-0.00712
9740	-0.08239
9741	-0.08700
9742	-0.03112
9743	0.09320
9744	0.23626
9745	0.13931
9746	0.22435
9747	0.18625
9748	-0.01983
9749	-0.05438
9750	-0.13623
9751	0.00971
9752	0.03090
9753	0.11175
9754	0.18175
9755	0.11601
9756	0.02006
9757	-0.00029
9758	0.01964
9759	0.09858
9760	0.23226
9761	0.25805
9762	0.13335
9763	0.02888
9764	-0.00143
9765	0.00880
9766	-0.00018
9767	-0.02558
9768	-0.03327
9769	-0.02232
9770	-0.01235
9771	-0.01279
9772	-0.00756
9773	-0.00925
9774	-0.01197
9775	0.03503
9776	0.05360
9777	0.01000
9778	-0.00104
9779	0.00160
9780	0.00044
9781	-0.04482
9782	-0.09813
9783	-0.05815
9784	0.09273
9785	0.26348
9786	0.35854
9787	0.38987
9788	0.19412
9789	-0.10183
9790	-0.29732
9791	0.48044
9792	0.16835
9793	0.02470
9794	-0.01087
9795	-0.01406
9796	-1.12668
9797	-1.56037
9798	-1.32328
9799	-0.14764
9800	0.46466
9801	0.32484
9802	0.97077
9803	1.23330
9804	0.98054
9805	0.67878
9806	0.40412
9807	0.97365
9808	1.08561
9809	0.27024
9810	0.00766
9811	0.03968
9812	0.04233
9813	-0.00046
9814	-0.07103
9815	0.01096
9816	0.17603
9817	0.36979
9818	0.37715
9819	0.10493
9820	-0.06927
9821	-0.12232
9822	-0.00598
9823	-0.00011
9824	0.02969
9825	0.08736
9826	0.09612
9827	0.02853
9828	-0.00804
9829	0.01355
9830	0.04024
9831	0.07939
9832	0.16543
9833	0.25129
9834	0.16910
9835	0.00764
9836	0.00488
9837	0.02471
9838	0.00590
9839	0.00971
9840	0.00029
9841	0.01965
9842	0.03824
9843	0.00295
9844	-0.00174
9845	0.00830
9846	-0.00327
9847	-0.00783
9848	-0.02309
9849	-0.03014
9850	-0.01742
9851	0.00475
9852	-0.00690
9853	-0.01984
9854	-0.00453
9855	0.05259
9856	0.16779
9857	0.32942
9858	0.44267
9859	0.40137
9860	0.18041
9861	-0.12136
9862	-0.37254
9863	0.62762
9864	0.45015
9865	-0.04024
9866	-0.07785
9867	-0.26450
9868	-0.93070
9869	-1.15197
9870	-1.83897
9871	-0.15654
9872	0.14115
9873	0.79703
9874	1.43891
9875	1.54311
9876	1.14219
9877	0.42437
9878	0.22378
9879	0.70200
9880	0.43761
9881	0.14280
9882	0.02460
9883	-0.14375
9884	-0.08821
9885	-0.05932
9886	-0.05621
9887	-0.00563
9888	0.20322
9889	0.38096
9890	0.52261
9891	0.18219
9892	-0.03913
9893	-0.10432
9894	0.00862
9895	0.01973
9896	0.08600
9897	0.15913
9898	0.11539
9899	0.02996
9900	-0.00236
9901	0.00427
9902	0.07054
9903	0.20483
9904	0.31407
9905	0.23428
9906	0.05241
9907	-0.00409
9908	-0.00526
9909	-0.01671
9910	-0.00538
9911	-0.00726
9912	-0.01790
9913	-0.00820
9914	-0.00816
9915	-0.00831
9916	-0.00210
9917	-0.00933
9918	-0.01346
9919	-0.01937
9920	-0.02566
9921	-0.02313
9922	-0.01066
9923	-0.02982
9924	-0.10408
9925	-0.10205
9926	-0.03686
9927	0.03848
9928	0.15313
9929	0.31702
9930	0.43233
9931	0.31322
9932	0.02769
9933	-0.19526
9934	0.40748
9935	0.29122
9936	0.00755
9937	-0.42961
9938	0.01922
9939	-0.97573
9940	-0.91013
9941	-1.89748
9942	-0.43690
9943	0.11692
9944	0.29912
9945	0.86061
9946	1.25590
9947	1.30029
9948	0.64517
9949	0.40018
9950	0.90794
9951	0.57600
9952	0.04396
9953	0.01181
9954	0.02157
9955	-0.08790
9956	-0.08113
9957	-0.06725
9958	-0.07610
9959	-0.01180
9960	0.15575
9961	0.24640
9962	0.29730
9963	0.05919
9964	-0.04630
9965	-0.08099
9966	-0.00115
9967	0.04137
9968	0.11892
9969	0.13122
9970	0.05033
9971	0.00035
9972	0.01157
9973	0.00874
9974	0.05627
9975	0.19712
9976	0.22822
9977	0.09768
9978	0.00231
9979	-0.00031
9980	0.00426
9981	-0.00859
9982	-0.02080
9983	-0.02736
9984	-0.00957
9985	-0.00161
9986	-0.02164
9987	-0.03958
9988	-0.05054
9989	-0.05801
9990	-0.05141
9991	-0.04771
9992	-0.04531
9993	-0.03389
9994	-0.04341
9995	-0.09486
9996	-0.10513
9997	-0.06092
9998	-0.00435
9999	0.05792
10000	0.15041
10001	0.24860
10002	0.26643
10003	0.14462
10004	0.01142
10005	-0.10851
10006	0.45310
10007	0.49568
10008	-0.20765
10009	-0.64143
10010	0.15580
10011	-0.67138
10012	-1.30592
10013	-1.86565
10014	-1.10227
10015	-0.27079
10016	-0.05166
10017	0.26170
10018	0.78235
10019	0.83864
10020	0.55615
10021	0.22000
10022	0.55730
10023	0.65469
10024	0.16215
10025	-0.02593
10026	-0.06908
10027	-0.12581
10028	-0.09109
10029	-0.00857
10030	0.08800
10031	0.25265
10032	0.32926
10033	0.31899
10034	0.08980
10035	-0.03819
10036	-0.11929
10037	-0.00197
10038	0.01502
10039	0.09424
10040	0.15176
10041	0.08534
10042	0.00607
10043	-0.00199
10044	-0.03852
10045	-0.00355
10046	0.16298
10047	0.26760
10048	0.18492
10049	0.04624
10050	-0.00078
10051	0.03516
10052	0.06142
10053	0.03621
10054	-0.00103
10055	-0.00540
10056	-0.00393
10057	-0.02037
10058	-0.04088
10059	-0.03738
10060	-0.01471
10061	-0.00448
10062	-0.01081
10063	-0.00707
10064	-0.00408
10065	-0.00228
10066	-0.01912
10067	-0.04493
10068	-0.04087
10069	-0.02122
10070	0.01847
10071	0.10294
10072	0.22560
10073	0.29494
10074	0.24584
10075	0.05797
10076	-0.10971
10077	-0.23045
10078	0.27479
10079	-0.01531
10080	0.02602
10081	-0.04767
10082	-0.12792
10083	-0.43589
10084	-0.39449
10085	-0.28156
10086	-0.03630
10087	-0.15811
10088	-0.08219
10089	-0.01674
10090	0.24591
10091	0.32610
10092	0.41315
10093	0.28199
10094	0.83714
10095	0.72389
10096	0.10282
10097	-0.00960
10098	0.00100
10099	-0.01908
10100	-0.05392
10101	-0.10884
10102	-0.01452
10103	0.17575
10104	0.34732
10105	0.19037
10106	0.00463
10107	-0.03929
10108	-0.10164
10109	0.00834
10110	0.03146
10111	0.07852
10112	0.07794
10113	0.02340
10114	-0.00013
10115	0.01269
10116	0.05026
10117	0.12482
10118	0.21838
10119	0.21473
10120	0.10546
10121	0.01346
10122	-0.00547
10123	0.01726
10124	0.01432
10125	-0.00071
10126	-0.00168
10127	0.00354
10128	0.00569
10129	-0.01573
10130	-0.02750
10131	-0.00111
10132	0.01963
10133	0.00954
10134	-0.02719
10135	-0.02953
10136	-0.00229
10137	0.01007
10138	0.03449
10139	-0.02720
10140	-0.11485
10141	-0.09878
10142	0.04155
10143	0.25793
10144	0.43992
10145	0.47486
10146	0.32287
10147	-0.05891
10148	-0.41331
10149	0.43194
10150	0.20075
10151	0.13105
10152	-0.15419
10153	0.01886
10154	-1.33904
10155	-1.89179
10156	-1.54340
10157	-0.21711
10158	0.54137
10159	0.82868
10160	1.43644
10161	1.23896
10162	0.98231
10163	0.39711
10164	0.12750
10165	0.78036
10166	0.67100
10167	0.11141
10168	0.00180
10169	-0.10916
10170	-0.05325
10171	-0.05048
10172	-0.17585
10173	-0.05865
10174	0.20462
10175	0.37349
10176	0.20986
10177	0.04974
10178	-0.03927
10179	-0.01466
10180	0.00893
10181	0.02866
10182	0.08808
10183	0.12440
10184	0.08192
10185	0.03352
10186	0.00727
10187	-0.01534
10188	0.00984
10189	0.19734
10190	0.40762
10191	0.29353
10192	0.05677
10193	-0.00018
10194	-0.00523
10195	-0.02358
10196	-0.01137
10197	0.00262
10198	0.00159
10199	0.02015
10200	0.00199
10201	-0.02890
10202	-0.01767
10203	0.00953
10204	-0.00303
10205	-0.04480
10206	-0.04303
10207	-0.01065
10208	0.00551
10209	0.00043
10210	-0.03218
10211	-0.05991
10212	-0.05233
10213	-0.00519
10214	0.08532
10215	0.21696
10216	0.31617
10217	0.29280
10218	0.11433
10219	-0.08227
10220	0.57438
10221	0.73175
10222	0.08052
10223	-0.38497
10224	-0.23638
10225	-0.16542
10226	-1.19211
10227	-1.59030
10228	-1.29463
10229	-0.38692
10230	-0.07089
10231	-0.09150
10232	0.46215
10233	0.74782
10234	0.70232
10235	0.23415
10236	0.40117
10237	1.12669
10238	0.48026
10239	0.02998
10240	-0.05733
10241	-0.30067
10242	-0.20967
10243	-0.10999
10244	-0.04664
10245	0.04376
10246	0.04186
10247	0.06670
10248	0.05925
10249	0.00573
10250	-0.00392
10251	0.00700
10252	0.01091
10253	0.04594
10254	0.09686
10255	0.07839
10256	0.01757
10257	-0.00002
10258	0.01476
10259	0.00249
10260	0.05327
10261	0.24263
10262	0.32211
10263	0.15167
10264	-0.01018
10265	0.00802
10266	0.07082
10267	0.06302
10268	0.01699
10269	0.00008
10270	0.00944
10271	0.00182
10272	0.00197
10273	0.03114
10274	0.07745
10275	0.08284
10276	0.02149
10277	-0.02689
10278	-0.01774
10279	0.00078
10280	0.00311
10281	-0.00013
10282	0.00385
10283	0.02988
10284	0.08807
10285	0.18107
10286	0.28627
10287	0.33198
10288	0.29758
10289	0.15474
10290	-0.07489
10291	-0.33234
10292	0.23985
10293	0.21219
10294	0.00642
10295	0.01742
10296	0.02040
10297	-0.46009
10298	-0.97483
10299	-1.11777
10300	-0.15938
10301	0.36710
10302	0.31412
10303	0.85993
10304	1.10499
10305	0.91442
10306	0.46884
10307	0.10734
10308	0.47555
10309	0.88282
10310	0.41117
10311	0.04467
10312	-0.03424
10313	-0.02802
10314	-0.04035
10315	-0.03924
10316	0.01841
10317	0.23179
10318	0.38168
10319	0.28336
10320	0.23576
10321	-0.02795
10322	-0.10687
10323	-0.17751
10324	0.04107
10325	0.03583
10326	0.11056
10327	0.13231
10328	0.05633
10329	0.00719
10330	-0.00891
10331	0.02156
10332	0.15538
10333	0.27780
10334	0.23132
10335	0.09874
10336	0.00378
10337	-0.00591
10338	0.00509
10339	-0.01027
10340	-0.01284
10341	-0.00874
10342	-0.00378
10343	-0.00695
10344	-0.01861
10345	-0.02336
10346	-0.01807
10347	-0.00093
10348	0.01038
10349	-0.00773
10350	-0.01056
10351	-0.00346
10352	0.00054
10353	-0.00977
10354	-0.09498
10355	-0.11460
10356	-0.01757
10357	0.11447
10358	0.28518
10359	0.42228
10360	0.43636
10361	0.27825
10362	-0.05226
10363	-0.34887
10364	0.92278
10365	0.42557
10366	-0.03607
10367	-0.21569
10368	-0.17622
10369	-1.19202
10370	-2.01604
10371	-1.82616
10372	0.11389
10373	0.38035
10374	0.97053
10375	1.54026
10376	1.31494
10377	0.62968
10378	0.21043
10379	0.26191
10380	0.50903
10381	0.36271
10382	0.07233
10383	0.01338
10384	-0.00008
10385	-0.00496
10386	-0.11736
10387	-0.15235
10388	-0.15624
10389	0.11888
10390	0.28867
10391	0.43334
10392	0.13795
10393	-0.01256
10394	-0.09050
10395	0.00723
10396	0.01980
10397	0.09529
10398	0.14804
10399	0.09530
10400	0.02514
10401	-0.00476
10402	0.01542
10403	0.11157
10404	0.25747
10405	0.30950
10406	0.19110
10407	0.04834
10408	-0.00240
10409	0.02023
10410	0.02893
10411	-0.00472
10412	-0.01709
10413	-0.00476
10414	0.00287
10415	-0.00746
10416	-0.03224
10417	-0.02096
10418	0.02238
10419	0.00542
10420	-0.02187
10421	-0.01886
10422	-0.00734
10423	0.00310
10424	-0.02126
10425	-0.08340
10426	-0.08510
10427	-0.03602
10428	0.02929
10429	0.11125
10430	0.22513
10431	0.33496
10432	0.36234
10433	0.17430
10434	-0.08888
10435	-0.29964
10436	0.71116
10437	0.05395
10438	-0.06884
10439	-0.04244
10440	-0.16530
10441	-1.19008
10442	-1.30071
10443	-1.24085
10444	-0.11700
10445	0.22446
10446	0.36138
10447	1.14041
10448	1.13595
10449	0.83357
10450	0.61533
10451	0.35327
10452	0.57592
10453	0.32580
10454	0.02621
10455	-0.04730
10456	-0.08980
10457	-0.10755
10458	-0.12378
10459	-0.02923
10460	0.17684
10461	0.25679
10462	0.42777
10463	0.31722
10464	0.10769
10465	-0.02044
10466	-0.03174
10467	0.00104
10468	0.01824
10469	0.08802
10470	0.13946
10471	0.09820
10472	0.03541
10473	0.00207
10474	-0.00711
10475	0.03021
10476	0.15743
10477	0.32015
10478	0.30861
10479	0.08199
10480	-0.00043
10481	0.06714
10482	0.07190
10483	0.03462
10484	-0.00073
10485	-0.00244
10486	0.01989
10487	0.01344
10488	-0.00571
10489	-0.00980
10490	-0.00881
10491	-0.01815
10492	-0.02632
10493	-0.02646
10494	-0.02755
10495	-0.02678
10496	-0.04976
10497	-0.07277
10498	-0.02944
10499	0.02560
10500	0.07714
10501	0.17159
10502	0.31547
10503	0.41177
10504	0.31725
10505	0.03456
10506	-0.22842
10507	-0.40882
10508	0.27603
10509	-0.00661
10510	-0.08094
10511	0.00560
10512	-0.32526
10513	-1.08675
10514	-0.80235
10515	-0.32645
10516	0.65460
10517	0.14178
10518	0.28643
10519	1.04299
10520	1.31617
10521	1.01662
10522	0.45808
10523	0.29794
10524	0.79573
10525	0.52328
10526	0.02702
10527	0.00289
10528	-0.00494
10529	-0.04987
10530	-0.15723
10531	-0.16331
10532	0.01850
10533	0.22463
10534	0.31685
10535	0.46269
10536	0.23411
10537	-0.00558
10538	-0.18631
10539	-0.08943
10540	0.01866
10541	0.04131
10542	0.12066
10543	0.14597
10544	0.05790
10545	-0.00146
10546	0.02930
10547	0.08935
10548	0.19469
10549	0.25845
10550	0.17517
10551	0.04347
10552	-0.01604
10553	-0.01961
10554	-0.02704
10555	-0.02684
10556	-0.00528
10557	0.00577
10558	0.02287
10559	0.01259
10560	0.00082
10561	0.00386
10562	0.00138
10563	-0.01280
10564	-0.00227
10565	-0.02811
10566	-0.01733
10567	0.02751
10568	0.00742
10569	-0.01346
10570	-0.04913
10571	-0.02262
10572	0.11747
10573	0.31024
10574	0.48492
10575	0.51585
10576	0.34031
10577	0.00504
10578	-0.28813
10579	-0.47615
10580	0.22055
10581	0.00048
10582	-0.17880
10583	-0.04021
10584	-0.26611
10585	-1.28105
10586	-1.33035
10587	-0.71071
10588	0.44317
10589	0.57833
10590	0.96861
10591	1.34642
10592	1.12612
10593	0.73481
10594	0.30461
10595	0.33500
10596	0.87921
10597	0.47598
10598	0.01370
10599	0.00004
10600	-0.01241
10601	-0.04065
10602	-0.13576
10603	-0.00115
10604	0.18317
10605	0.37268
10606	0.32541
10607	0.14568
10608	-0.02842
10609	-0.13648
10610	-0.15583
10611	0.00408
10612	0.01757
10613	0.08783
10614	0.14251
10615	0.07289
10616	0.00031
10617	0.02442
10618	0.08391
10619	0.15906
10620	0.19608
10621	0.12946
10622	0.03249
10623	0.00000
10624	0.00246
10625	-0.01142
10626	0.01019
10627	0.01658
10628	-0.00035
10629	0.00912
10630	0.00263
10631	-0.00639
10632	0.00984
10633	0.02358
10634	0.02038
10635	0.00433
10636	-0.00994
10637	-0.00808
10638	-0.00106
10639	-0.00177
10640	-0.02759
10641	-0.05588
10642	-0.02065
10643	0.04845
10644	0.16310
10645	0.35978
10646	0.49542
10647	0.42610
10648	0.13480
10649	-0.18845
10650	-0.38032
10651	0.59852
10652	0.15580
10653	-0.00211
10654	0.09967
10655	-0.35348
10656	-1.76555
10657	-1.34495
10658	-0.21974
10659	0.74693
10660	0.47174
10661	0.36847
10662	0.39446
10663	0.30293
10664	0.34682
10665	0.50573
10666	0.44180
10667	0.65328
10668	0.32019
10669	0.03680
10670	-0.00894
10671	-0.08243
10672	-0.14895
10673	-0.10750
10674	0.04413
10675	0.21298
10676	0.19775
10677	0.07914
10678	-0.05208
10679	-0.06516
10680	-0.06721
10681	-0.10495
10682	0.02556
10683	0.08100
10684	0.10241
10685	0.01806
10686	-0.01203
10687	0.01610
10688	0.00242
10689	0.00507
10690	0.10242
10691	0.24451
10692	0.22995
10693	0.04468
10694	-0.01356
10695	0.06711
10696	0.10978
10697	0.05969
10698	0.00448
10699	0.00121
10700	0.00387
10701	-0.00300
10702	0.01067
10703	0.03923
10704	0.06569
10705	0.06830
10706	0.01799
10707	-0.01458
10708	-0.00388
10709	0.02449
10710	0.00257
10711	-0.00574
10712	0.02574
10713	0.04871
10714	0.10120
10715	0.23134
10716	0.38180
10717	0.42398
10718	0.26137
10719	-0.02592
10720	-0.28228
10721	-0.42107
10722	0.24832
10723	0.05464
10724	-0.00655
10725	0.00126
10726	-0.40166
10727	-0.91637
10728	-0.67434
10729	-0.32321
10730	0.46565
10731	0.35698
10732	0.78345
10733	1.40559
10734	1.25907
10735	0.98011
10736	0.58491
10737	0.36309
10738	0.75531
10739	0.24263
10740	0.00155
10741	0.00314
10742	-0.06916
10743	-0.11198
10744	-0.13435
10745	-0.08675
10746	0.09370
10747	0.26256
10748	0.47028
10749	0.29820
10750	0.03134
10751	-0.05759
10752	-0.08464
10753	0.00541
10754	0.02560
10755	0.09484
10756	0.11720
10757	0.04407
10758	-0.00317
10759	0.02321
10760	0.07275
10761	0.15206
10762	0.24136
10763	0.20970
10764	0.08511
10765	-0.00164
10766	-0.04090
10767	-0.03928
10768	-0.01444
10769	-0.00437
10770	0.00170
10771	0.01749
10772	0.00893
10773	-0.00604
10774	-0.00557
10775	-0.02685
10776	-0.02811
10777	-0.02285
10778	-0.02319
10779	-0.00301
10780	0.00229
10781	-0.00012
10782	-0.02644
10783	-0.06443
10784	-0.04867
10785	0.03699
10786	0.16959
10787	0.31424
10788	0.37915
10789	0.32612
10790	0.10803
10791	-0.12624
10792	-0.27440
10793	0.26352
10794	0.00179
10795	0.01316
10796	0.00611
10797	-0.19826
10798	-0.99150
10799	-0.70145
10800	-0.49964
10801	0.18636
10802	0.15275
10803	0.30761
10804	0.76862
10805	0.71192
10806	0.62918
10807	0.60281
10808	0.50296
10809	0.80270
10810	0.33727
10811	-0.00610
10812	-0.02104
10813	0.02981
10814	-0.02205
10815	-0.04845
10816	0.05433
10817	0.15342
10818	0.15907
10819	0.14056
10820	0.06139
10821	-0.02377
10822	-0.03712
10823	-0.02273
10824	0.01354
10825	0.02763
10826	0.09318
10827	0.17745
10828	0.13305
10829	0.02011
10830	0.00195
10831	0.00501
10832	0.02765
10833	0.12668
10834	0.23839
10835	0.18303
10836	0.03553
10837	0.00299
10838	0.03336
10839	0.02406
10840	-0.01067
10841	-0.01775
10842	-0.00537
10843	0.00311
10844	-0.00719
10845	-0.02016
10846	-0.01985
10847	-0.00320
10848	0.00276
10849	-0.00275
10850	-0.00347
10851	0.00815
10852	0.00334
10853	-0.04836
10854	-0.06830
10855	-0.03411
10856	0.01334
10857	0.06698
10858	0.15644
10859	0.27548
10860	0.36232
10861	0.27830
10862	0.03278
10863	-0.19205
10864	-0.34868
10865	0.31250
10866	0.02794
10867	0.00619
10868	-0.00942
10869	-0.31281
10870	-0.68760
10871	-0.54437
10872	0.03817
10873	0.37641
10874	0.09195
10875	0.29434
10876	0.89162
10877	1.10857
10878	0.97102
10879	0.54747
10880	0.48946
10881	0.79630
10882	0.22178
10883	-0.01739
10884	-0.00102
10885	-0.00014
10886	-0.00220
10887	-0.02903
10888	-0.05543
10889	0.05096
10890	0.30749
10891	0.48590
10892	0.33784
10893	0.07540
10894	-0.06949
10895	0.00704
10896	-0.07524
10897	-0.06721
10898	0.08798
10899	0.13219
10900	0.09210
10901	0.02147
10902	-0.00044
10903	0.03644
10904	0.10722
10905	0.19178
10906	0.22997
10907	0.14709
10908	0.01905
10909	-0.02960
10910	0.01016
10911	0.02793
10912	0.00394
10913	-0.00119
10914	0.01511
10915	0.00953
10916	-0.01060
10917	0.00594
10918	0.01552
10919	-0.00206
10920	-0.01099
10921	-0.02252
10922	-0.02800
10923	-0.01003
10924	0.00289
10925	-0.03263
10926	-0.11933
10927	-0.12939
10928	-0.02206
10929	0.16371
10930	0.39736
10931	0.53382
10932	0.53352
10933	0.26682
10934	-0.14775
10935	-0.45291
10936	0.05213
10937	0.04851
10938	-0.04846
10939	0.02070
10940	0.01013
10941	-1.21652
10942	-1.84878
10943	-1.05518
10944	0.70038
10945	0.83714
10946	0.81417
10947	0.98874
10948	0.58001
10949	0.56886
10950	0.68665
10951	0.29117
10952	0.65579
10953	0.76141
10954	0.13337
10955	0.00761
10956	0.04922
10957	0.10735
10958	0.01670
10959	0.01131
10960	0.13749
10961	0.13199
10962	0.16766
10963	-0.01719
10964	-0.05807
10965	-0.02923
10966	-0.10409
10967	0.01097
10968	0.02520
10969	0.08363
10970	0.11372
10971	0.04928
10972	0.00161
10973	0.01415
10974	0.06372
10975	0.11122
10976	0.14542
10977	0.17788
10978	0.12412
10979	0.01461
10980	0.00721
10981	0.02791
10982	0.02833
10983	0.01503
10984	0.00028
10985	0.01113
10986	0.02429
10987	-0.00033
10988	-0.00829
10989	-0.00075
10990	0.00376
10991	0.00657
10992	-0.01675
10993	-0.02425
10994	-0.00770
10995	-0.00099
10996	-0.00873
10997	-0.00477
10998	0.01631
10999	0.04040
11000	0.10626
11001	0.27909
11002	0.44879
11003	0.42483
11004	0.18381
11005	-0.16574
11006	-0.43978
11007	0.82247
11008	0.06778
11009	0.00238
11010	-0.01126
11011	-0.12303
11012	-1.06458
11013	-1.48153
11014	-1.52335
11015	-0.09048
11016	0.21997
11017	0.87197
11018	1.92756
11019	1.45802
11020	0.97689
11021	0.52253
11022	0.31875
11023	0.65529
11024	0.21750
11025	0.01148
11026	-0.00910
11027	-0.07440
11028	-0.05269
11029	-0.09480
11030	-0.12607
11031	-0.00492
11032	0.15413
11033	0.36873
11034	0.44493
11035	0.09342
11036	-0.00069
11037	0.00740
11038	0.00643
11039	0.06973
11040	0.19014
11041	0.19437
11042	0.08829
11043	0.01620
11044	-0.00771
11045	0.00110
11046	0.10731
11047	0.34139
11048	0.39013
11049	0.15504
11050	0.00359
11051	-0.01619
11052	0.01646
11053	0.03216
11054	-0.01740
11055	-0.02713
11056	0.00775
11057	0.00228
11058	-0.01350
11059	0.01025
11060	0.03390
11061	0.02308
11062	0.01625
11063	0.01267
11064	0.01345
11065	0.01312
11066	-0.02090
11067	-0.07190
11068	-0.06790
11069	-0.02062
11070	0.05268
11071	0.16633
11072	0.28448
11073	0.35368
11074	0.28980
11075	0.07518
11076	-0.12001
11077	-0.24555
11078	0.46061
11079	0.15677
11080	-0.01062
11081	-0.08249
11082	0.04170
11083	-0.50634
11084	-0.70986
11085	-0.87098
11086	-0.38938
11087	-0.08670
11088	0.02650
11089	0.72497
11090	1.31381
11091	1.26830
11092	0.89403
11093	0.42883
11094	0.73432
11095	0.41567
11096	0.06423
11097	-0.00137
11098	0.02701
11099	0.01733
11100	-0.03470
11101	-0.07957
11102	0.10753
11103	0.19556
11104	0.31293
11105	0.15302
11106	-0.00954
11107	-0.03977
11108	-0.07425
11109	0.01776
11110	0.02822
11111	0.07471
11112	0.14307
11113	0.13359
11114	0.04571
11115	-0.00283
11116	0.02502
11117	0.10141
11118	0.19818
11119	0.25913
11120	0.20472
11121	0.06648
11122	-0.00072
11123	0.04106
11124	0.04851
11125	0.00211
11126	-0.01912
11127	-0.01145
11128	-0.00042
11129	-0.00084
11130	-0.00055
11131	0.02151
11132	0.03383
11133	0.02411
11134	0.00254
11135	-0.02260
11136	-0.01279
11137	-0.00100
11138	0.00083
11139	-0.08169
11140	-0.22435
11141	-0.20918
11142	-0.00978
11143	0.20832
11144	0.36582
11145	0.47721
11146	0.38671
11147	0.04417
11148	-0.25707
11149	0.12978
11150	0.38941
11151	-0.00965
11152	0.01312
11153	0.00218
11154	-0.48187
11155	-1.46343
11156	-1.23358
11157	-0.04738
11158	0.54519
11159	0.20138
11160	0.42210
11161	0.94700
11162	1.07723
11163	0.75162
11164	0.37353
11165	0.41251
11166	0.66711
11167	0.15617
11168	-0.02491
11169	-0.01376
11170	0.00518
11171	-0.07623
11172	-0.18822
11173	-0.17406
11174	0.01046
11175	0.21690
11176	0.42103
11177	0.28402
11178	0.07155
11179	-0.09719
11180	-0.10330
11181	0.01917
11182	0.03458
11183	0.09072
11184	0.12740
11185	0.06160
11186	-0.00596
11187	0.05054
11188	0.08783
11189	0.07322
11190	0.10296
11191	0.13609
11192	0.06731
11193	-0.00184
11194	0.01144
11195	0.00149
11196	-0.00757
11197	0.00041
11198	-0.00286
11199	0.00553
11200	0.00242
11201	0.00197
11202	0.01111
11203	0.01414
11204	0.03509
11205	0.06199
11206	0.02663
11207	-0.01198
11208	0.00211
11209	0.01809
11210	0.00856
11211	-0.02023
11212	-0.01989
11213	0.00252
11214	0.06169
11215	0.19729
11216	0.35058
11217	0.38668
11218	0.26741
11219	0.04419
11220	-0.21309
11221	0.25823
11222	0.30113
11223	0.17663
11224	-0.15858
11225	0.07519
11226	-0.48453
11227	-0.76109
11228	-1.43528
11229	-1.10554
11230	-0.14683
11231	0.06817
11232	0.65878
11233	1.33625
11234	1.25995
11235	0.65446
11236	0.34038
11237	0.83277
11238	0.69110
11239	0.07870
11240	-0.00144
11241	-0.00412
11242	0.00009
11243	-0.07683
11244	-0.19205
11245	-0.11110
11246	0.00770
11247	0.14358
11248	0.20573
11249	0.16175
11250	0.06448
11251	-0.02240
11252	-0.06083
11253	0.00474
11254	0.01907
11255	0.10100
11256	0.16616
11257	0.08261
11258	-0.00001
11259	0.02230
11260	0.03685
11261	0.07323
11262	0.17194
11263	0.21825
11264	0.13596
11265	0.02996
11266	-0.00801
11267	-0.00297
11268	-0.01455
11269	-0.03158
11270	-0.02843
11271	-0.01779
11272	-0.00689
11273	-0.01546
11274	-0.00776
11275	0.00636
11276	-0.00537
11277	-0.02269
11278	-0.03344
11279	-0.01933
11280	-0.00888
11281	-0.01726
11282	-0.05513
11283	-0.10803
11284	-0.06952
11285	0.04427
11286	0.17083
11287	0.27999
11288	0.35668
11289	0.40457
11290	0.25322
11291	-0.03102
11292	-0.22825
11293	-0.31631
11294	-0.13649
11295	0.03298
11296	-0.09663
11297	0.00452
11298	-0.41426
11299	-0.93452
11300	-1.07021
11301	-0.71047
11302	0.54885
11303	0.44794
11304	0.94220
11305	1.19228
11306	0.89987
11307	0.79936
11308	0.55193
11309	0.50273
11310	0.66164
11311	0.23814
11312	-0.00014
11313	-0.00049
11314	-0.03330
11315	-0.05936
11316	-0.06986
11317	-0.00741
11318	0.07656
11319	0.13650
11320	0.38867
11321	0.16774
11322	-0.02950
11323	-0.14095
11324	0.01183
11325	0.01365
11326	0.03999
11327	0.09378
11328	0.11425
11329	0.07263
11330	0.01893
11331	-0.00430
11332	0.03780
11333	0.11881
11334	0.24450
11335	0.34678
11336	0.20187
11337	0.00724
11338	0.00757
11339	0.00151
11340	-0.01325
11341	-0.00037
11342	-0.00766
11343	-0.00893
11344	-0.00112
11345	-0.00296
11346	0.01685
11347	0.01504
11348	-0.00795
11349	-0.00221
11350	-0.00399
11351	-0.01704
11352	-0.02313
11353	-0.01094
11354	-0.03024
11355	-0.04121
11356	-0.00959
11357	0.04524
11358	0.15998
11359	0.31573
11360	0.41325
11361	0.42319
11362	0.24442
11363	-0.04443
11364	-0.29381
11365	0.36755
11366	0.27051
11367	0.00227
11368	0.00644
11369	-0.07388
11370	-1.41106
11371	-1.33941
11372	-0.95268
11373	0.65952
11374	0.66383
11375	0.54587
11376	0.85687
11377	0.68358
11378	0.39239
11379	0.37551
11380	0.14726
11381	0.60485
11382	0.64601
11383	0.06836
11384	0.00059
11385	-0.00674
11386	-0.05711
11387	-0.09182
11388	-0.19862
11389	-0.02673
11390	0.11937
11391	0.44131
11392	0.20027
11393	0.04290
11394	-0.08530
11395	0.00409
11396	0.01381
11397	0.01825
11398	0.07632
11399	0.16401
11400	0.12897
11401	0.02375
11402	0.00159
11403	0.02608
11404	0.06581
11405	0.14115
11406	0.25263
11407	0.24170
11408	0.06787
11409	-0.00017
11410	0.02931
11411	0.04761
11412	0.02224
11413	-0.00937
11414	-0.00027
11415	0.00890
11416	-0.00098
11417	-0.01684
11418	0.00643
11419	0.03584
11420	0.02672
11421	0.01179
11422	0.00258
11423	0.00032
11424	0.00563
11425	0.00090
11426	-0.05062
11427	-0.06407
11428	-0.01867
11429	0.01605
11430	0.06900
11431	0.21522
11432	0.41674
11433	0.49992
11434	0.23786
11435	-0.15413
11436	-0.38307
11437	0.52892
11438	0.35484
11439	-0.00587
11440	-0.06052
11441	-0.46887
11442	-1.59793
11443	-1.19772
11444	-1.79255
11445	-0.52916
11446	0.04915
11447	0.42280
11448	0.99957
11449	1.05589
11450	0.98153
11451	0.59815
11452	0.22993
11453	0.66316
11454	0.34258
11455	0.05966
11456	-0.01012
11457	-0.12502
11458	-0.11680
11459	-0.13178
11460	-0.00139
11461	0.14360
11462	0.22761
11463	0.33562
11464	0.13784
11465	-0.02677
11466	-0.08031
11467	0.01271
11468	0.00461
11469	0.04779
11470	0.11939
11471	0.09270
11472	0.00906
11473	0.00689
11474	0.02010
11475	0.02539
11476	0.09888
11477	0.24158
11478	0.29442
11479	0.16719
11480	-0.00418
11481	0.01817
11482	0.06339
11483	0.01733
11484	-0.00407
11485	-0.00538
11486	0.00951
11487	0.01371
11488	-0.00916
11489	-0.03655
11490	-0.03828
11491	-0.03313
11492	-0.04119
11493	-0.03998
11494	-0.01166
11495	-0.00037
11496	-0.01180
11497	-0.03297
11498	-0.04455
11499	-0.02619
11500	0.02875
11501	0.12687
11502	0.23978
11503	0.31388
11504	0.30660
11505	0.13663
11506	-0.07631
11507	-0.22740
11508	0.38071
11509	-0.07710
11510	-0.15458
11511	-0.22018
11512	-0.13784
11513	-0.80952
11514	-0.87706
11515	-0.41304
11516	0.57481
11517	0.80904
11518	0.38517
11519	0.71488
11520	0.58927
11521	0.51332
11522	0.56045
11523	0.29533
11524	0.63150
11525	0.76636
11526	0.12884
11527	0.00184
11528	-0.03476
11529	-0.06685
11530	-0.00976
11531	-0.07669
11532	0.12658
11533	0.21404
11534	0.31015
11535	0.37388
11536	-0.00744
11537	-0.06833
11538	-0.11970
11539	-0.10081
11540	0.01561
11541	0.07072
11542	0.15126
11543	0.12307
11544	0.03125
11545	0.00007
11546	0.01673
11547	0.08144
11548	0.18394
11549	0.24440
11550	0.18564
11551	0.06201
11552	-0.00166
11553	-0.01436
11554	-0.01866
11555	-0.00377
11556	-0.00314
11557	-0.00144
11558	0.01541
11559	0.00956
11560	-0.01337
11561	-0.02813
11562	-0.02535
11563	-0.02028
11564	-0.02344
11565	-0.02264
11566	-0.01934
11567	-0.01701
11568	-0.03692
11569	-0.09611
11570	-0.07809
11571	-0.00222
11572	0.06539
11573	0.14408
11574	0.29398
11575	0.44918
11576	0.37632
11577	0.06383
11578	-0.17236
11579	-0.29793
11580	0.44801
11581	0.04888
11582	-0.01896
11583	0.01091
11584	-0.16527
11585	-0.71888
11586	-0.66174
11587	-0.71371
11588	-0.11374
11589	-0.01688
11590	0.18134
11591	0.92231
11592	1.17262
11593	0.98664
11594	0.63939
11595	0.50382
11596	0.68484
11597	0.20072
11598	-0.07001
11599	-0.01544
11600	-0.01764
11601	-0.03465
11602	-0.01828
11603	0.07112
11604	0.09566
11605	0.11169
11606	0.21881
11607	0.12777
11608	-0.02429
11609	-0.07160
11610	-0.07647
11611	0.00510
11612	0.02277
11613	0.09203
11614	0.14159
11615	0.06656
11616	-0.00395
11617	0.02494
11618	0.02577
11619	0.03448
11620	0.13897
11621	0.22446
11622	0.15174
11623	0.03064
11624	-0.02775
11625	0.03593
11626	0.08199
11627	0.02601
11628	-0.00652
11629	0.01130
11630	0.02256
11631	-0.00590
11632	-0.03389
11633	-0.02249
11634	-0.00317
11635	-0.00555
11636	-0.00713
11637	-0.00510
11638	-0.01366
11639	-0.02075
11640	-0.08516
11641	-0.15104
11642	-0.06774
11643	0.04381
11644	0.11752
11645	0.18752
11646	0.31201
11647	0.44665
11648	0.39425
11649	0.05817
11650	-0.20895
11651	-0.31456
11652	0.40220
11653	0.07692
11654	-0.00918
11655	0.04265
11656	-0.35426
11657	-1.07435
11658	-0.84713
11659	-0.52909
11660	0.16230
11661	0.03974
11662	0.17750
11663	0.86256
11664	1.07332
11665	1.03333
11666	0.68318
11667	0.23510
11668	0.56671
11669	0.20158
11670	0.00139
11671	-0.00731
11672	-0.02163
11673	-0.00086
11674	-0.02799
11675	-0.03388
11676	0.11210
11677	0.15205
11678	0.32869
11679	0.18575
11680	-0.00124
11681	-0.06315
11682	-0.22413
11683	0.00382
11684	0.04244
11685	0.12613
11686	0.12507
11687	0.02548
11688	-0.00014
11689	0.01848
11690	0.04326
11691	0.08612
11692	0.18097
11693	0.22954
11694	0.10302
11695	0.00079
11696	0.02068
11697	0.03821
11698	0.02204
11699	-0.00517
11700	-0.00595
11701	0.01202
11702	0.00330
11703	-0.01125
11704	0.01379
11705	0.03762
11706	0.03237
11707	0.00846
11708	-0.00452
11709	-0.00217
11710	0.00315
11711	0.01143
11712	-0.05895
11713	-0.14546
11714	-0.14524
11715	-0.04451
11716	0.14452
11717	0.33220
11718	0.46917
11719	0.48451
11720	0.15354
11721	-0.31917
11722	0.56830
11723	0.84386
11724	0.44910
11725	-0.10342
11726	-0.00548
11727	-1.16132
11728	-1.28220
11729	-2.41277
11730	-1.77284
11731	0.03625
11732	0.37480
11733	1.48380
11734	1.58838
11735	1.29956
11736	0.56937
11737	0.17479
11738	0.49364
11739	0.71464
11740	0.10700
11741	0.00740
11742	0.00794
11743	-0.04829
11744	-0.14285
11745	-0.14247
11746	-0.06582
11747	0.13202
11748	0.41160
11749	0.35234
11750	0.21696
11751	-0.00654
11752	-0.07810
11753	-0.02541
11754	0.00391
11755	0.02061
11756	0.09700
11757	0.15325
11758	0.06865
11759	0.00031
11760	0.01584
11761	0.02561
11762	0.06659
11763	0.15973
11764	0.22619
11765	0.18021
11766	0.04609
11767	-0.01909
11768	0.01712
11769	0.02098
11770	-0.00640
11771	-0.01613
11772	-0.00874
11773	0.00957
11774	-0.00141
11775	-0.02613
11776	-0.03250
11777	-0.05424
11778	-0.05441
11779	-0.04126
11780	-0.00999
11781	0.01200
11782	-0.00679
11783	-0.02951
11784	-0.07083
11785	-0.05230
11786	0.00684
11787	0.06879
11788	0.15308
11789	0.24904
11790	0.27559
11791	0.20663
11792	0.05626
11793	-0.11327
11794	0.06716
11795	0.21020
11796	0.05455
11797	0.02789
11798	-0.06624
11799	-0.35730
11800	-1.12137
11801	-1.40431
11802	-0.76186
11803	0.21347
11804	0.22192
11805	0.62162
11806	0.97117
11807	1.05806
11808	0.69660
11809	0.21493
11810	0.30495
11811	0.57026
11812	0.31650
11813	0.02099
11814	-0.00897
11815	-0.03473
11816	-0.05882
11817	-0.20199
11818	-0.12146
11819	0.06886
11820	0.37421
11821	0.39696
11822	0.14968
11823	-0.01059
11824	-0.09246
11825	0.07806
11826	0.01227
11827	0.05718
11828	0.14592
11829	0.18031
11830	0.09164
11831	0.00864
11832	-0.00106
11833	0.02195
11834	0.10123
11835	0.25417
11836	0.33097
11837	0.20165
11838	0.03849
11839	-0.00558
11840	-0.00482
11841	-0.01222
11842	-0.02125
11843	-0.01607
11844	-0.00504
11845	-0.00539
11846	-0.01863
11847	-0.01262
11848	-0.01057
11849	-0.00749
11850	0.00687
11851	-0.00327
11852	-0.01318
11853	0.00422
11854	0.01915
11855	-0.02010
11856	-0.07956
11857	-0.06599
11858	-0.02843
11859	0.00672
11860	0.06527
11861	0.17676
11862	0.30719
11863	0.32467
11864	0.14164
11865	-0.04171
11866	-0.15335
11867	-0.08500
11868	0.10527
11869	0.05693
11870	0.01061
11871	0.09757
11872	-0.28135
11873	-0.74792
11874	-1.09351
11875	-0.26470
11876	0.08283
11877	0.13364
11878	0.47064
11879	0.59481
11880	0.61824
11881	0.59030
11882	0.46969
11883	0.61087
11884	0.36141
11885	0.01390
11886	0.00335
11887	0.02234
11888	-0.11498
11889	-0.26415
11890	-0.23395
11891	0.12753
11892	0.26293
11893	0.38711
11894	0.23569
11895	0.00359
11896	-0.04860
11897	-0.10428
11898	-0.11358
11899	0.02158
11900	0.08147
11901	0.13049
11902	0.06814
11903	0.00431
11904	0.01061
11905	0.07539
11906	0.19863
11907	0.28084
11908	0.25150
11909	0.13450
11910	0.02008
11911	-0.00991
11912	-0.04210
11913	-0.05185
11914	-0.02057
11915	-0.01390
11916	-0.00257
11917	0.00787
11918	-0.02329
11919	-0.04928
11920	-0.04193
11921	-0.02102
11922	-0.01554
11923	-0.00949
11924	-0.00120
11925	-0.00012
11926	-0.00533
11927	-0.06275
11928	-0.09569
11929	-0.03388
11930	0.05621
11931	0.14594
11932	0.27954
11933	0.38292
11934	0.35513
11935	0.11965
11936	-0.08983
11937	-0.17580
11938	-0.20695
11939	-0.00271
11940	-0.12135
11941	-0.24599
11942	-0.13604
11943	-0.40442
11944	-0.57012
11945	-0.41482
11946	0.09699
11947	0.38047
11948	0.18144
11949	0.37059
11950	0.82863
11951	0.87487
11952	0.83446
11953	0.58426
11954	0.42933
11955	0.75169
11956	0.40425
11957	-0.01780
11958	0.02681
11959	0.09399
11960	0.07995
11961	0.08747
11962	0.19188
11963	0.22521
11964	0.16962
11965	0.05554
11966	-0.10297
11967	-0.01931
11968	-0.02636
11969	-0.07007
11970	0.02173
11971	0.05580
11972	0.09218
11973	0.06206
11974	-0.00462
11975	0.00594
11976	0.06001
11977	0.05652
11978	0.09529
11979	0.16687
11980	0.09753
11981	0.00802
11982	0.00303
11983	0.00675
11984	-0.00354
11985	-0.02085
11986	-0.01797
11987	-0.00136
11988	0.00851
11989	-0.00026
11990	-0.00692
11991	-0.00625
11992	-0.00406
11993	-0.00457
11994	-0.00677
11995	-0.01327
11996	-0.03097
11997	-0.05986
11998	-0.09313
11999	-0.09226
12000	-0.04777
12001	0.01178
12002	0.11352
12003	0.28192
12004	0.42500
12005	0.42775
12006	0.15760
12007	-0.10294
12008	-0.22475
12009	-0.23047
12010	0.12829
12011	0.00896
12012	0.02254
12013	-0.04360
12014	-0.72334
12015	-0.95748
12016	-0.77449
12017	-0.00758
12018	0.84955
12019	0.38667
12020	0.63602
12021	0.89830
12022	0.66016
12023	0.61422
12024	0.56421
12025	0.69400
12026	0.79011
12027	0.18487
12028	0.01271
12029	0.01408
12030	-0.09906
12031	-0.09674
12032	0.00137
12033	0.17454
12034	0.15907
12035	0.17206
12036	0.08516
12037	-0.03051
12038	-0.03051
12039	-0.11554
12040	0.03181
12041	0.00909
12042	0.04226
12043	0.09891
12044	0.07032
12045	0.01333
12046	-0.00149
12047	-0.00255
12048	0.03011
12049	0.12670
12050	0.24989
12051	0.26169
12052	0.10159
12053	-0.02738
12054	-0.00199
12055	0.02943
12056	0.01383
12057	-0.00664
12058	-0.00499
12059	0.01943
12060	0.01823
12061	-0.01568
12062	-0.01239
12063	-0.00438
12064	-0.00907
12065	-0.01290
12066	-0.02313
12067	-0.04055
12068	-0.06085
12069	-0.09226
12070	-0.11163
12071	-0.06752
12072	0.02170
12073	0.12304
12074	0.24107
12075	0.36059
12076	0.42968
12077	0.25301
12078	-0.03674
12079	-0.23734
12080	0.54710
12081	0.35463
12082	-0.05660
12083	0.02806
12084	0.01410
12085	-0.71070
12086	-1.43569
12087	-1.41304
12088	-0.58825
12089	0.70608
12090	0.47677
12091	0.86417
12092	0.96898
12093	0.80643
12094	0.59322
12095	0.28615
12096	0.27472
12097	0.90742
12098	0.37986
12099	0.06015
12100	-0.01281
12101	-0.05285
12102	-0.04664
12103	-0.05708
12104	0.05655
12105	0.19085
12106	0.29805
12107	0.30042
12108	0.02186
12109	-0.04108
12110	-0.09956
12111	0.00897
12112	0.00715
12113	0.04067
12114	0.10816
12115	0.09070
12116	0.01494
12117	0.00170
12118	0.01256
12119	0.02352
12120	0.08176
12121	0.20180
12122	0.25093
12123	0.13581
12124	-0.00314
12125	-0.02282
12126	0.02192
12127	0.02890
12128	0.00069
12129	-0.01456
12130	0.00719
12131	0.02225
12132	0.00617
12133	-0.00909
12134	-0.04878
12135	-0.07804
12136	-0.04682
12137	-0.02221
12138	-0.01484
12139	-0.03014
12140	-0.05429
12141	-0.05539
12142	-0.01716
12143	0.03801
12144	0.11778
12145	0.20733
12146	0.28665
12147	0.33612
12148	0.27477
12149	0.07184
12150	-0.14421
12151	-0.30873
12152	0.20675
12153	0.06528
12154	-0.03073
12155	-0.00122
12156	-0.32019
12157	-0.77421
12158	-0.88626
12159	-1.54015
12160	0.20839
12161	0.61507
12162	0.96963
12163	0.93467
12164	0.87416
12165	0.59953
12166	0.30232
12167	0.43491
12168	0.93524
12169	0.31999
12170	0.03866
12171	-0.01418
12172	-0.05582
12173	-0.04839
12174	-0.04763
12175	0.07599
12176	0.14060
12177	0.37058
12178	0.30372
12179	0.13472
12180	-0.07911
12181	-0.01997
12182	-0.14955
12183	0.01487
12184	0.06162
12185	0.15916
12186	0.13631
12187	0.02892
12188	-0.00027
12189	0.01907
12190	0.08600
12191	0.19094
12192	0.27185
12193	0.27472
12194	0.15674
12195	0.00013
12196	-0.01643
12197	0.02549
12198	0.01895
12199	0.00456
12200	-0.00532
12201	-0.00330
12202	-0.00260
12203	-0.01903
12204	-0.01703
12205	0.00616
12206	0.00126
12207	-0.02188
12208	-0.01808
12209	-0.00736
12210	-0.00731
12211	-0.01539
12212	-0.07418
12213	-0.09617
12214	-0.03969
12215	0.05341
12216	0.14200
12217	0.25238
12218	0.37251
12219	0.40303
12220	0.17688
12221	-0.08650
12222	-0.23871
12223	0.01733
12224	0.05622
12225	-0.16580
12226	-0.00223
12227	-0.05813
12228	-0.75741
12229	-0.99166
12230	-0.57735
12231	0.53663
12232	0.55476
12233	0.26844
12234	0.55841
12235	0.49811
12236	0.36716
12237	0.32131
12238	0.34367
12239	0.61151
12240	0.80349
12241	0.26212
12242	0.01843
12243	0.00814
12244	-0.02919
12245	-0.03645
12246	-0.01862
12247	0.18286
12248	0.24837
12249	0.30273
12250	0.06728
12251	-0.09968
12252	-0.07822
12253	-0.02814
12254	0.00657
12255	0.03209
12256	0.11410
12257	0.14433
12258	0.05256
12259	-0.00117
12260	0.01788
12261	0.05327
12262	0.11277
12263	0.21602
12264	0.27362
12265	0.15539
12266	0.01289
12267	-0.00501
12268	0.01596
12269	0.00778
12270	-0.01956
12271	-0.01591
12272	0.00163
12273	0.00726
12274	-0.00921
12275	-0.00934
12276	-0.00238
12277	-0.01229
12278	-0.01766
12279	-0.02986
12280	-0.04040
12281	-0.02247
12282	-0.00336
12283	-0.01602
12284	-0.04080
12285	-0.03393
12286	0.02383
12287	0.11760
12288	0.25508
12289	0.37061
12290	0.34074
12291	0.12593
12292	-0.10616
12293	-0.29850
12294	0.63937
12295	0.10065
12296	0.03394
12297	-0.01914
12298	-0.23988
12299	-1.01054
12300	-0.84357
12301	-0.34147
12302	0.95302
12303	0.61052
12304	0.51448
12305	0.93411
12306	0.96378
12307	1.02064
12308	0.78666
12309	0.37201
12310	0.86375
12311	0.61036
12312	0.02260
12313	0.00994
12314	0.12526
12315	0.03767
12316	-0.03731
12317	-0.09949
12318	0.05372
12319	0.01568
12320	0.28544
12321	0.13737
12322	-0.03739
12323	-0.00178
12324	-0.06075
12325	0.01138
12326	0.03467
12327	0.09343
12328	0.13144
12329	0.07720
12330	0.01018
12331	0.00464
12332	0.03843
12333	0.09272
12334	0.18328
12335	0.25216
12336	0.17016
12337	0.03328
12338	-0.00480
12339	0.01478
12340	0.01360
12341	-0.00198
12342	-0.00076
12343	0.00677
12344	0.02595
12345	0.00903
12346	-0.01310
12347	0.01931
12348	0.02981
12349	0.00384
12350	-0.04114
12351	-0.06741
12352	-0.02711
12353	0.02073
12354	-0.02100
12355	-0.07661
12356	-0.04422
12357	0.00236
12358	0.05503
12359	0.16829
12360	0.35755
12361	0.52482
12362	0.37370
12363	-0.01802
12364	-0.34238
12365	0.35009
12366	0.39711
12367	-0.00711
12368	0.09809
12369	-0.07046
12370	-0.82553
12371	-0.74315
12372	-0.95083
12373	-0.11024
12374	0.25488
12375	0.26633
12376	0.76656
12377	1.13847
12378	1.07733
12379	0.47913
12380	0.13517
12381	0.27550
12382	0.43086
12383	0.14920
12384	0.00780
12385	0.00499
12386	-0.01031
12387	-0.09223
12388	-0.24722
12389	-0.04944
12390	0.07908
12391	0.35572
12392	0.25063
12393	0.11055
12394	-0.03122
12395	-0.00278
12396	0.00549
12397	0.00861
12398	0.06819
12399	0.16033
12400	0.15264
12401	0.04693
12402	-0.00226
12403	0.01627
12404	0.05850
12405	0.13807
12406	0.23888
12407	0.24184
12408	0.09501
12409	0.00076
12410	0.01414
12411	0.01600
12412	0.00788
12413	-0.00097
12414	0.01421
12415	0.03092
12416	0.01938
12417	-0.02625
12418	-0.04689
12419	0.02578
12420	0.04249
12421	0.00354
12422	-0.01796
12423	-0.01950
12424	-0.00214
12425	0.00511
12426	-0.04469
12427	-0.14765
12428	-0.17951
12429	-0.10111
12430	0.07602
12431	0.31688
12432	0.49376
12433	0.55450
12434	0.35046
12435	-0.07644
12436	-0.39550
12437	-0.09140
12438	0.30282
12439	-0.03155
12440	-0.00818
12441	-0.07885
12442	-0.66120
12443	-0.94733
12444	-1.41055
12445	-0.48520
12446	0.26089
12447	0.30528
12448	0.66331
12449	0.87148
12450	0.81303
12451	0.41515
12452	0.21989
12453	0.31610
12454	0.44143
12455	0.18742
12456	-0.01767
12457	0.00465
12458	-0.00457
12459	-0.14881
12460	-0.45616
12461	-0.21604
12462	0.03547
12463	0.18574
12464	0.33624
12465	0.16557
12466	-0.00248
12467	-0.04560
12468	0.01762
12469	0.01789
12470	0.07330
12471	0.12705
12472	0.08811
12473	0.02025
12474	-0.00105
12475	0.00755
12476	0.04207
12477	0.12495
12478	0.20310
12479	0.20378
12480	0.10230
12481	-0.02248
12482	-0.00472
12483	0.05624
12484	0.05558
12485	0.01801
12486	-0.00240
12487	0.01329
12488	0.01119
12489	-0.01032
12490	-0.01216
12491	0.01190
12492	0.02156
12493	0.01227
12494	0.00330
12495	0.00049
12496	0.00245
12497	-0.00376
12498	-0.05450
12499	-0.08040
12500	-0.02649
12501	0.04338
12502	0.11116
12503	0.22415
12504	0.35035
12505	0.40588
12506	0.27338
12507	0.01967
12508	-0.16336
12509	-0.23948
12510	0.08457
12511	0.17268
12512	0.00825
12513	0.00727
12514	-0.42567
12515	-0.87671
12516	-0.64933
12517	-0.67098
12518	0.17877
12519	0.21814
12520	0.40748
12521	1.05424
12522	1.08278
12523	0.75092
12524	0.54985
12525	0.49536
12526	0.83307
12527	0.20447
12528	-0.00912
12529	0.00207
12530	0.01907
12531	-0.05224
12532	-0.23566
12533	-0.08177
12534	0.27047
12535	0.21348
12536	0.25864
12537	0.00065
12538	-0.06374
12539	-0.03333
12540	-0.05947
12541	0.01337
12542	0.05771
12543	0.16010
12544	0.14667
12545	0.02178
12546	0.00527
12547	0.01905
12548	0.04187
12549	0.17111
12550	0.29774
12551	0.24612
12552	0.09752
12553	-0.00044
12554	-0.01925
12555	-0.01739
12556	-0.01544
12557	-0.01404
12558	-0.01679
12559	0.00246
12560	-0.00383
12561	-0.00469
12562	0.02413
12563	0.02768
12564	0.01892
12565	0.01684
12566	0.00264
12567	-0.00355
12568	-0.00052
12569	-0.01115
12570	-0.03573
12571	-0.05232
12572	-0.03249
12573	0.05225
12574	0.21650
12575	0.39845
12576	0.50025
12577	0.38922
12578	0.05080
12579	-0.20699
12580	-0.30366
12581	-0.05306
12582	-0.07439
12583	0.00516
12584	-0.20349
12585	-0.32078
12586	-0.55496
12587	-0.34920
12588	-0.92062
12589	-0.70668
12590	0.21542
12591	0.25198
12592	1.03566
12593	1.55873
12594	1.15216
12595	0.70966
12596	0.44672
12597	0.66409
12598	0.82841
12599	0.23761
12600	-0.00557
12601	-0.00045
12602	0.00453
12603	-0.07560
12604	-0.16522
12605	0.10698
12606	0.14474
12607	0.31445
12608	0.37112
12609	0.15319
12610	-0.05618
12611	0.05075
12612	-0.14854
12613	0.01161
12614	0.04204
12615	0.11997
12616	0.15955
12617	0.06781
12618	0.00063
12619	0.02116
12620	0.07979
12621	0.16881
12622	0.23736
12623	0.21282
12624	0.12307
12625	0.02180
12626	-0.02813
12627	-0.03618
12628	-0.04878
12629	-0.03109
12630	-0.01874
12631	-0.00995
12632	-0.01152
12633	-0.03380
12634	-0.03614
12635	-0.01197
12636	-0.00104
12637	-0.02100
12638	-0.02268
12639	-0.01207
12640	-0.01620
12641	-0.04697
12642	-0.11152
12643	-0.14505
12644	-0.09330
12645	0.00907
12646	0.13328
12647	0.29107
12648	0.37108
12649	0.34236
12650	0.17134
12651	-0.05576
12652	-0.27600
12653	0.27822
12654	0.08336
12655	-0.22722
12656	-0.01549
12657	-0.01176
12658	-0.39253
12659	-1.01478
12660	-1.06896
12661	-0.17476
12662	0.50257
12663	0.33954
12664	0.91148
12665	1.15242
12666	0.78754
12667	0.46027
12668	0.28001
12669	0.63344
12670	0.85008
12671	0.17890
12672	0.00183
12673	0.00218
12674	-0.00015
12675	-0.08912
12676	-0.13698
12677	0.08384
12678	0.25108
12679	0.37877
12680	0.27655
12681	-0.03411
12682	-0.15454
12683	-0.12322
12684	-0.05324
12685	0.00396
12686	0.04882
12687	0.10883
12688	0.07066
12689	0.00655
12690	0.00043
12691	0.00986
12692	0.03656
12693	0.11456
12694	0.24524
12695	0.23696
12696	0.05122
12697	-0.02516
12698	-0.00682
12699	-0.00739
12700	-0.01849
12701	-0.00891
12702	0.00933
12703	0.02349
12704	0.01922
12705	-0.01911
12706	-0.02647
12707	-0.00433
12708	-0.00395
12709	-0.04570
12710	-0.05913
12711	-0.02250
12712	-0.00880
12713	-0.01981
12714	-0.05827
12715	-0.01284
12716	0.01958
12717	0.04934
12718	0.15437
12719	0.34187
12720	0.43390
12721	0.31956
12722	0.07471
12723	-0.17117
12724	0.06593
12725	0.22967
12726	0.00465
12727	0.00833
12728	0.04913
12729	-0.03893
12730	-0.52640
12731	-0.46072
12732	-0.34002
12733	-0.49148
12734	-0.33835
12735	-0.08510
12736	0.52291
12737	1.05141
12738	0.94329
12739	0.72200
12740	0.52004
12741	0.66220
12742	0.50803
12743	0.10837
12744	-0.00568
12745	-0.00144
12746	-0.00127
12747	-0.07745
12748	-0.08959
12749	0.07390
12750	0.05702
12751	0.21273
12752	0.03738
12753	-0.05005
12754	-0.01723
12755	-0.03036
12756	0.01820
12757	0.02120
12758	0.07334
12759	0.11632
12760	0.04857
12761	-0.00270
12762	0.01610
12763	0.02197
12764	0.02920
12765	0.08477
12766	0.16300
12767	0.15767
12768	0.03362
12769	-0.05148
12770	0.05043
12771	0.10683
12772	0.04213
12773	-0.00078
12774	-0.00278
12775	0.01806
12776	0.00218
12777	-0.02798
12778	-0.01131
12779	0.00975
12780	0.00359
12781	-0.01738
12782	-0.03642
12783	-0.02991
12784	-0.00797
12785	-0.02960
12786	-0.08155
12787	-0.06641
12788	-0.01741
12789	0.01921
12790	0.08078
12791	0.21645
12792	0.36000
12793	0.42555
12794	0.25479
12795	-0.01124
12796	-0.21632
12797	0.18903
12798	0.26828
12799	0.21939
12800	-0.18313
12801	0.00479
12802	-0.82427
12803	-1.15264
12804	-1.20308
12805	-0.46660
12806	-0.24940
12807	-0.15310
12808	0.23647
12809	0.58658
12810	0.57118
12811	0.56827
12812	0.36145
12813	0.32193
12814	0.23658
12815	0.05603
12816	0.01236
12817	-0.05486
12818	-0.16645
12819	-0.18496
12820	0.02188
12821	0.26806
12822	0.24684
12823	0.12448
12824	-0.03318
12825	-0.07457
12826	-0.05719
12827	-0.06826
12828	0.00303
12829	0.03273
12830	0.10346
12831	0.08295
12832	0.00085
12833	-0.00176
12834	0.00093
12835	-0.01941
12836	0.00560
12837	0.12234
12838	0.21701
12839	0.13765
12840	0.00574
12841	0.03487
12842	0.08871
12843	0.04653
12844	0.00444
12845	-0.00272
12846	0.02179
12847	0.00594
12848	-0.02350
12849	-0.01431
12850	0.00543
12851	0.02511
12852	0.04836
12853	0.03636
12854	-0.00013
12855	-0.00022
12856	-0.00163
12857	-0.00636
12858	-0.00468
12859	-0.08397
12860	-0.15059
12861	-0.02966
12862	0.23447
12863	0.45449
12864	0.51301
12865	0.35761
12866	-0.01332
12867	-0.33147
12868	0.37230
12869	0.21033
12870	0.18766
12871	-0.01872
12872	-0.23246
12873	-1.07660
12874	-0.76340
12875	-0.78102
12876	-0.26039
12877	0.12016
12878	0.27362
12879	0.97975
12880	1.13927
12881	0.93629
12882	0.73108
12883	0.42024
12884	0.42210
12885	0.47050
12886	0.13788
12887	0.04131
12888	0.00379
12889	-0.02453
12890	-0.04238
12891	-0.12214
12892	0.01739
12893	0.08163
12894	0.27197
12895	0.34949
12896	0.10372
12897	-0.03880
12898	-0.01719
12899	0.01306
12900	0.02696
12901	0.09581
12902	0.14852
12903	0.07475
12904	0.00915
12905	-0.00445
12906	0.00202
12907	0.05970
12908	0.16004
12909	0.25686
12910	0.26777
12911	0.13710
12912	-0.02692
12913	-0.05935
12914	-0.01144
12915	0.01029
12916	-0.00449
12917	-0.02278
12918	-0.01210
12919	-0.01326
12920	-0.02948
12921	-0.04238
12922	-0.06771
12923	-0.05228
12924	-0.01686
12925	-0.02392
12926	-0.02588
12927	0.00530
12928	0.00646
12929	-0.00306
12930	-0.02498
12931	-0.04571
12932	-0.02409
12933	0.05746
12934	0.18916
12935	0.26760
12936	0.24481
12937	0.14623
12938	0.01266
12939	-0.12573
12940	-0.20569
12941	0.08560
12942	-0.05752
12943	-0.03926
12944	0.06378
12945	0.08588
12946	-0.48997
12947	-0.82930
12948	-1.07365
12949	-0.16470
12950	0.15229
12951	0.48484
12952	0.92712
12953	1.08629
12954	0.83101
12955	0.37074
12956	0.67687
12957	0.79240
12958	0.19148
12959	0.04265
12960	-0.01313
12961	-0.02147
12962	-0.02584
12963	-0.21835
12964	-0.03186
12965	0.10397
12966	0.43119
12967	0.47580
12968	0.05211
12969	-0.10758
12970	-0.02075
12971	0.01001
12972	0.01808
12973	0.06792
12974	0.11163
12975	0.05257
12976	0.00163
12977	-0.00005
12978	-0.00891
12979	0.01357
12980	0.12020
12981	0.28608
12982	0.35246
12983	0.18931
12984	-0.01416
12985	-0.03471
12986	0.02556
12987	0.02501
12988	0.00420
12989	0.00020
12990	0.01150
12991	0.02559
12992	-0.01467
12993	-0.00017
12994	0.01957
12995	0.01114
12996	0.02227
12997	0.00514
12998	-0.01947
12999	-0.01188
13000	-0.00282
13001	-0.00142
13002	0.00065
13003	0.00219
13004	0.03518
13005	0.11851
13006	0.24951
13007	0.39538
13008	0.39846
13009	0.18237
13010	-0.07106
13011	-0.19230
13012	-0.24988
13013	-0.29479
13014	-0.01936
13015	-0.29719
13016	-0.44789
13017	-0.50788
13018	-0.58993
13019	-0.38571
13020	0.02341
13021	0.49641
13022	0.31340
13023	0.42037
13024	0.76605
13025	0.96062
13026	0.97619
13027	0.79610
13028	0.51119
13029	0.81514
13030	0.36612
13031	-0.04124
13032	0.06160
13033	-0.01690
13034	-0.11612
13035	-0.05150
13036	0.20170
13037	0.24778
13038	0.23349
13039	0.19344
13040	-0.04263
13041	-0.05450
13042	-0.03388
13043	-0.12473
13044	0.01867
13045	0.08028
13046	0.13261
13047	0.05836
13048	-0.00028
13049	0.00878
13050	0.04575
13051	0.13749
13052	0.25130
13053	0.31601
13054	0.23395
13055	0.04221
13056	-0.03884
13057	-0.00791
13058	-0.01583
13059	-0.04402
13060	-0.03324
13061	-0.01601
13062	-0.00766
13063	-0.02649
13064	-0.03073
13065	-0.01019
13066	0.00500
13067	0.01222
13068	-0.00136
13069	-0.00644
13070	-0.00111
13071	0.00060
13072	-0.00586
13073	-0.02969
13074	-0.01815
13075	0.01187
13076	0.05505
13077	0.16008
13078	0.29940
13079	0.34481
13080	0.24285
13081	0.05631
13082	-0.12281
13083	-0.25309
13084	0.12620
13085	0.16222
13086	0.09958
13087	-0.11959
13088	-0.14029
13089	-0.97554
13090	-1.31629
13091	-1.73262
13092	-0.06767
13093	0.44232
13094	0.99359
13095	1.33501
13096	0.79071
13097	0.57793
13098	0.47698
13099	0.45835
13100	0.79577
13101	0.14716
13102	0.01405
13103	0.02193
13104	0.00241
13105	-0.11943
13106	-0.08469
13107	0.21454
13108	0.33241
13109	0.26825
13110	0.15478
13111	-0.09121
13112	-0.04263
13113	-0.07929
13114	0.02197
13115	0.02684
13116	0.07105
13117	0.12557
13118	0.08555
13119	0.01076
13120	0.00285
13121	0.00847
13122	0.01228
13123	0.12094
13124	0.33004
13125	0.33224
13126	0.11454
13127	-0.00686
13128	-0.00209
13129	0.05207
13130	0.05033
13131	-0.00628
13132	0.00122
13133	0.02683
13134	0.00637
13135	-0.01217
13136	0.00809
13137	0.01208
13138	-0.00480
13139	-0.03079
13140	-0.05362
13141	-0.04012
13142	-0.02372
13143	-0.02802
13144	-0.03131
13145	-0.02274
13146	0.00260
13147	0.07881
13148	0.21047
13149	0.33542
13150	0.38910
13151	0.23479
13152	0.00501
13153	-0.12742
13154	-0.21103
13155	0.16770
13156	-0.00046
13157	-0.19449
13158	-0.00735
13159	0.03718
13160	-0.19526
13161	-0.36415
13162	-0.38429
13163	-0.15701
13164	-0.16917
13165	-0.27580
13166	0.06072
13167	0.55348
13168	0.96281
13169	0.85774
13170	0.46091
13171	0.55565
13172	0.32342
13173	0.07195
13174	0.01054
13175	-0.00154
13176	-0.08416
13177	-0.13132
13178	-0.16521
13179	0.06165
13180	0.13808
13181	0.27908
13182	0.07397
13183	-0.02809
13184	-0.07952
13185	0.02242
13186	0.03062
13187	0.08647
13188	0.13046
13189	0.07302
13190	0.00323
13191	0.00573
13192	0.03430
13193	0.06405
13194	0.13010
13195	0.22187
13196	0.25114
13197	0.12280
13198	-0.02012
13199	-0.01220
13200	0.00729
13201	0.00043
13202	0.00459
13203	-0.00082
13204	0.00400
13205	0.00185
13206	0.00677
13207	0.02898
13208	0.02957
13209	0.01642
13210	-0.02061
13211	-0.01790
13212	0.00029
13213	-0.00269
13214	-0.01317
13215	-0.04796
13216	-0.03927
13217	0.03962
13218	0.13056
13219	0.22901
13220	0.30177
13221	0.29411
13222	0.20735
13223	0.06500
13224	-0.09050
13225	-0.20882
13226	0.38433
13227	-0.02103
13228	-0.00689
13229	-0.00046
13230	-0.00253
13231	-0.58542
13232	-0.78676
13233	-0.85481
13234	-0.12909
13235	0.24457
13236	0.21509
13237	0.64923
13238	1.05350
13239	1.18274
13240	0.89693
13241	0.30789
13242	0.48503
13243	0.35612
13244	0.09021
13245	-0.00411
13246	0.03514
13247	0.01284
13248	-0.04068
13249	-0.16947
13250	-0.04535
13251	0.06537
13252	0.26592
13253	0.23750
13254	0.04415
13255	-0.05544
13256	-0.07446
13257	-0.00679
13258	0.01994
13259	0.06975
13260	0.12506
13261	0.07416
13262	0.00873
13263	-0.00155
13264	0.00464
13265	0.05161
13266	0.15498
13267	0.25527
13268	0.22212
13269	0.05617
13270	-0.01066
13271	0.00160
13272	-0.00522
13273	0.00165
13274	-0.00188
13275	0.00137
13276	0.01615
13277	0.01740
13278	-0.01632
13279	-0.00301
13280	0.04399
13281	0.00754
13282	-0.04658
13283	-0.05490
13284	-0.03103
13285	-0.00565
13286	-0.01122
13287	-0.05496
13288	-0.08901
13289	-0.07888
13290	0.00512
13291	0.16499
13292	0.33003
13293	0.42988
13294	0.34021
13295	0.08061
13296	-0.13409
13297	-0.26975
13298	-0.10618
13299	0.01205
13300	-0.12749
13301	-0.01912
13302	-0.08503
13303	-0.80995
13304	-0.87717
13305	-0.61252
13306	0.33839
13307	0.60627
13308	0.72427
13309	0.85861
13310	0.69870
13311	0.68417
13312	0.61188
13313	0.40886
13314	0.70157
13315	0.43246
13316	0.05643
13317	-0.00557
13318	-0.01262
13319	-0.06020
13320	-0.12072
13321	-0.15323
13322	0.01292
13323	0.14031
13324	0.37931
13325	0.28916
13326	0.07297
13327	-0.02209
13328	-0.01385
13329	0.00962
13330	0.01491
13331	0.05346
13332	0.10066
13333	0.06261
13334	0.00070
13335	0.00610
13336	0.01085
13337	0.00693
13338	0.08079
13339	0.21574
13340	0.22984
13341	0.09608
13342	-0.03219
13343	-0.00909
13344	0.03839
13345	0.02500
13346	0.00574
13347	-0.00204
13348	0.01281
13349	0.02016
13350	-0.00182
13351	0.00488
13352	0.01535
13353	-0.00858
13354	-0.02756
13355	-0.02926
13356	-0.02211
13357	-0.01243
13358	-0.01327
13359	-0.02290
13360	-0.00297
13361	0.03334
13362	0.06623
13363	0.11818
13364	0.22646
13365	0.32373
13366	0.28710
13367	0.09964
13368	-0.06326
13369	-0.19753
13370	-0.21219
13371	0.03041
13372	0.00407
13373	0.01971
13374	0.03324
13375	-0.43940
13376	-0.93421
13377	-0.85032
13378	-0.19091
13379	0.14856
13380	0.24309
13381	0.70580
13382	0.96816
13383	1.06385
13384	0.97516
13385	0.48035
13386	0.58821
13387	0.32513
13388	0.05860
13389	0.00249
13390	-0.02120
13391	-0.00728
13392	-0.03064
13393	-0.07769
13394	0.07279
13395	0.12462
13396	0.21912
13397	0.12690
13398	-0.01124
13399	-0.05552
13400	-0.07072
13401	-0.04528
13402	0.01055
13403	0.04579
13404	0.09763
13405	0.06318
13406	0.01054
13407	-0.00561
13408	-0.00861
13409	0.02416
13410	0.12240
13411	0.26814
13412	0.28822
13413	0.08984
13414	-0.03715
13415	0.00190
13416	-0.01127
13417	-0.05484
13418	-0.06215
13419	-0.04563
13420	-0.01471
13421	0.00750
13422	-0.00048
13423	-0.01493
13424	-0.02160
13425	-0.00785
13426	-0.00699
13427	-0.01374
13428	-0.00806
13429	-0.00804
13430	-0.01599
13431	-0.05500
13432	-0.08928
13433	-0.05278
13434	0.03656
13435	0.13750
13436	0.24142
13437	0.31320
13438	0.25997
13439	0.05907
13440	-0.11574
13441	-0.23411
13442	0.06590
13443	-0.08672
13444	-0.01512
13445	-0.08938
13446	0.01552
13447	-0.59633
13448	-1.01257
13449	-1.61986
13450	-0.24910
13451	0.27511
13452	0.79415
13453	1.25344
13454	0.95723
13455	0.45480
13456	0.34112
13457	0.47142
13458	1.02509
13459	0.52191
13460	0.03760
13461	0.00008
13462	-0.02563
13463	-0.09260
13464	-0.13414
13465	-0.11834
13466	0.08435
13467	0.27755
13468	0.42629
13469	0.36731
13470	0.08770
13471	-0.03851
13472	-0.01557
13473	0.00926
13474	0.02861
13475	0.09084
13476	0.10027
13477	0.02689
13478	-0.00000
13479	0.00540
13480	0.02679
13481	0.10045
13482	0.23055
13483	0.33475
13484	0.26119
13485	0.05412
13486	-0.05044
13487	-0.01706
13488	0.03898
13489	0.03395
13490	0.00387
13491	0.00502
13492	0.01854
13493	0.00296
13494	0.00240
13495	0.00960
13496	0.01963
13497	0.04365
13498	0.01129
13499	-0.01916
13500	-0.00071
13501	0.02279
13502	0.01032
13503	0.00420
13504	0.04208
13505	0.06998
13506	0.11828
13507	0.25265
13508	0.42566
13509	0.43409
13510	0.21296
13511	-0.06551
13512	-0.30357
13513	0.47414
13514	-0.07665
13515	0.00001
13516	-0.01462
13517	-0.02244
13518	-0.48839
13519	-0.47539
13520	-0.56967
13521	-0.30291
13522	0.20643
13523	0.29434
13524	0.82321
13525	0.98160
13526	0.95828
13527	0.79539
13528	0.46020
13529	0.81923
13530	0.78457
13531	0.10676
13532	-0.00303
13533	0.00284
13534	-0.03235
13535	-0.09999
13536	-0.38081
13537	-0.27845
13538	-0.03289
13539	0.13377
13540	0.32956
13541	0.20944
13542	0.03131
13543	-0.03290
13544	0.01553
13545	0.01689
13546	0.06444
13547	0.11832
13548	0.08228
13549	0.01965
13550	-0.01779
13551	-0.03184
13552	0.00150
13553	0.08802
13554	0.21534
13555	0.26356
13556	0.12043
13557	-0.01013
13558	0.03556
13559	0.04936
13560	0.01708
13561	0.00395
13562	0.00190
13563	0.03528
13564	0.04761
13565	-0.00418
13566	0.00530
13567	0.01481
13568	-0.01464
13569	-0.00959
13570	-0.01052
13571	-0.00837
13572	0.00033
13573	0.01812
13574	0.00683
13575	-0.03835
13576	-0.04811
13577	-0.01585
13578	0.05120
13579	0.15996
13580	0.27552
13581	0.34588
13582	0.24553
13583	-0.00253
13584	-0.27130
13585	0.10706
13586	0.15130
13587	0.07483
13588	-0.00473
13589	0.00212
13590	-0.60903
13591	-0.63169
13592	-0.86002
13593	-0.48615
13594	0.05479
13595	0.22986
13596	0.66890
13597	1.05106
13598	1.15939
13599	0.77627
13600	0.39790
13601	0.55561
13602	0.55598
13603	0.09420
13604	-0.00003
13605	-0.06288
13606	-0.11813
13607	-0.13310
13608	-0.13311
13609	0.05613
13610	0.18589
13611	0.22651
13612	0.17010
13613	0.02379
13614	-0.07735
13615	-0.04126
13616	0.01584
13617	0.00954
13618	0.02723
13619	0.07830
13620	0.08534
13621	0.01069
13622	-0.00368
13623	0.03195
13624	0.06368
13625	0.12196
13626	0.18270
13627	0.15684
13628	0.05039
13629	-0.01903
13630	-0.02905
13631	-0.02424
13632	-0.00571
13633	-0.00182
13634	-0.00708
13635	0.00374
13636	-0.00279
13637	-0.01480
13638	-0.00744
13639	-0.01801
13640	-0.04157
13641	-0.03529
13642	-0.02378
13643	0.02504
13644	0.04387
13645	0.01022
13646	-0.00586
13647	-0.05363
13648	-0.03945
13649	0.05792
13650	0.21159
13651	0.35405
13652	0.35661
13653	0.24301
13654	0.05798
13655	-0.17781
13656	0.38298
13657	0.12729
13658	0.18086
13659	-0.03775
13660	0.00703
13661	-1.12058
13662	-1.51731
13663	-1.13630
13664	0.36857
13665	0.70845
13666	0.53528
13667	0.77137
13668	0.74963
13669	0.66136
13670	0.53735
13671	0.26685
13672	0.46571
13673	0.48111
13674	0.16007
13675	0.01546
13676	-0.03726
13677	-0.05037
13678	-0.14937
13679	-0.35624
13680	-0.21133
13681	0.16283
13682	0.38558
13683	0.62330
13684	0.19723
13685	-0.01431
13686	-0.07523
13687	0.01903
13688	0.02513
13689	0.05743
13690	0.12291
13691	0.12028
13692	0.04675
13693	0.00398
13694	-0.00624
13695	0.02218
13696	0.12281
13697	0.28049
13698	0.34119
13699	0.15978
13700	-0.01492
13701	-0.00427
13702	0.03735
13703	0.04210
13704	0.00942
13705	-0.01594
13706	0.00325
13707	0.01447
13708	0.00260
13709	0.00185
13710	0.00947
13711	0.00257
13712	-0.00205
13713	-0.01099
13714	-0.01853
13715	-0.00269
13716	0.00299
13717	-0.03800
13718	-0.03935
13719	-0.00397
13720	0.03531
13721	0.09075
13722	0.19757
13723	0.34016
13724	0.41441
13725	0.26676
13726	-0.00061
13727	-0.19727
13728	-0.30676
13729	-0.09774
13730	-0.00680
13731	-0.00914
13732	-0.06121
13733	-0.30449
13734	-0.65400
13735	-0.43978
13736	-0.17794
13737	0.39484
13738	0.28410
13739	0.51540
13740	1.04133
13741	1.07421
13742	0.77869
13743	0.54675
13744	0.69796
13745	1.06488
13746	0.28703
13747	-0.00271
13748	-0.00407
13749	-0.09474
13750	-0.06549
13751	-0.09543
13752	0.03530
13753	0.15810
13754	0.22780
13755	0.21435
13756	0.06562
13757	-0.01721
13758	-0.02449
13759	0.00738
13760	0.00198
13761	0.01078
13762	0.07264
13763	0.14108
13764	0.10797
13765	0.02534
13766	0.00009
13767	0.03288
13768	0.12331
13769	0.23633
13770	0.25017
13771	0.15185
13772	0.04355
13773	-0.01612
13774	-0.01089
13775	0.01906
13776	0.01525
13777	0.00001
13778	0.01492
13779	0.02003
13780	0.00247
13781	0.00406
13782	0.00631
13783	-0.00958
13784	-0.03433
13785	-0.06974
13786	-0.06357
13787	-0.03463
13788	-0.02497
13789	-0.04962
13790	-0.06690
13791	-0.00534
13792	0.09485
13793	0.19540
13794	0.31579
13795	0.43600
13796	0.46562
13797	0.26426
13798	-0.02688
13799	-0.24081
13800	-0.36338
13801	-0.10284
13802	0.03784
13803	-0.02863
13804	-0.08695
13805	-0.24704
13806	-0.52831
13807	-0.26926
13808	0.57358
13809	0.42727
13810	-0.08320
13811	-0.30644
13812	-0.12942
13813	0.06079
13814	0.41606
13815	0.51946
13816	0.57943
13817	0.82637
13818	0.28180
13819	0.00360
13820	-0.02758
13821	-0.01999
13822	-0.00358
13823	0.00629
13824	0.00103
13825	0.03472
13826	0.14818
13827	0.11576
13828	-0.00437
13829	-0.04676
13830	-0.04232
13831	-0.07663
13832	0.01902
13833	0.04501
13834	0.09770
13835	0.08443
13836	0.01621
13837	0.00016
13838	-0.00792
13839	-0.01234
13840	0.05403
13841	0.18968
13842	0.24506
13843	0.12130
13844	0.00396
13845	0.02133
13846	0.04648
13847	0.03320
13848	0.01197
13849	-0.00075
13850	0.00754
13851	-0.00164
13852	-0.02289
13853	-0.00324
13854	0.03334
13855	0.04679
13856	0.04769
13857	0.03999
13858	0.01555
13859	0.00523
13860	0.00788
13861	0.01378
13862	-0.00348
13863	-0.02646
13864	-0.04284
13865	-0.01669
13866	0.11875
13867	0.33136
13868	0.48562
13869	0.46511
13870	0.17216
13871	-0.23110
13872	0.05365
13873	0.34204
13874	0.21799
13875	0.01208
13876	-0.00428
13877	-0.57530
13878	-2.04128
13879	-1.78443
13880	-0.59171
13881	0.51728
13882	0.64209
13883	1.10071
13884	1.46923
13885	0.98401
13886	0.53173
13887	0.39940
13888	0.53150
13889	0.64490
13890	0.18082
13891	-0.00370
13892	0.02246
13893	-0.02510
13894	-0.12671
13895	-0.19868
13896	-0.12218
13897	0.04115
13898	0.18478
13899	0.28025
13900	0.24913
13901	0.02751
13902	-0.08520
13903	-0.02298
13904	0.01196
13905	0.02218
13906	0.09732
13907	0.14187
13908	0.07015
13909	0.01081
13910	-0.00943
13911	-0.01848
13912	0.05768
13913	0.21929
13914	0.29583
13915	0.20549
13916	0.06899
13917	-0.01377
13918	-0.00632
13919	0.02717
13920	0.02084
13921	-0.00135
13922	0.01039
13923	0.03151
13924	0.00028
13925	-0.04839
13926	-0.05025
13927	-0.04742
13928	-0.05638
13929	-0.04991
13930	-0.03062
13931	-0.01072
13932	-0.00396
13933	-0.00578
13934	-0.02604
13935	-0.03323
13936	-0.02204
13937	0.00071
13938	0.05968
13939	0.17012
13940	0.25145
13941	0.29785
13942	0.21291
13943	0.00894
13944	-0.20395
13945	0.03431
13946	-0.07736
13947	0.14460
13948	0.13291
13949	0.01987
13950	-0.46745
13951	-0.79246
13952	-1.11698
13953	-1.37176
13954	-0.11694
13955	0.22901
13956	1.07071
13957	1.82313
13958	1.67285
13959	0.94006
13960	0.38305
13961	0.56707
13962	0.33164
13963	-0.01690
13964	0.00517
13965	0.00300
13966	-0.01122
13967	-0.07439
13968	-0.25940
13969	-0.10594
13970	0.13669
13971	0.32547
13972	0.32315
13973	0.08820
13974	-0.04171
13975	-0.06409
13976	0.01909
13977	0.01116
13978	0.03571
13979	0.11890
13980	0.14651
13981	0.04486
13982	0.00011
13983	0.00361
13984	0.02012
13985	0.08954
13986	0.17633
13987	0.20659
13988	0.12762
13989	0.00826
13990	0.03022
13991	0.06019
13992	0.02885
13993	-0.00587
13994	-0.01632
13995	-0.00372
13996	0.00214
13997	-0.00217
13998	-0.00836
13999	0.00764
14000	0.02365
14001	0.01723
14002	0.00330
14003	-0.00555
14004	-0.00294
14005	-0.00106
14006	-0.00521
14007	-0.00892
14008	0.01152
14009	0.04697
14010	0.06150
14011	0.13365
14012	0.28620
14013	0.37458
14014	0.29718
14015	0.03210
14016	-0.24022
14017	-0.39661
14018	0.49517
14019	0.25594
14020	-0.03102
14021	0.14661
14022	-0.62019
14023	-1.29602
14024	-1.29755
14025	-0.65709
14026	0.53127
14027	0.68527
14028	0.96766
14029	0.99649
14030	0.79746
14031	0.51493
14032	0.39457
14033	0.47471
14034	0.67365
14035	0.12351
14036	-0.00465
14037	-0.06663
14038	-0.24588
14039	-0.07606
14040	0.01527
14041	0.19497
14042	0.20800
14043	0.24993
14044	0.28039
14045	0.07899
14046	-0.04078
14047	-0.09320
14048	-0.04362
14049	0.00784
14050	0.02299
14051	0.07411
14052	0.07857
14053	0.01587
14054	-0.00013
14055	0.00321
14056	0.01619
14057	0.11772
14058	0.25023
14059	0.25444
14060	0.12925
14061	0.00596
14062	-0.01229
14063	0.01162
14064	-0.00858
14065	-0.00859
14066	-0.00484
14067	0.01195
14068	0.02391
14069	-0.00399
14070	-0.03001
14071	-0.03848
14072	-0.03423
14073	-0.03256
14074	-0.02532
14075	0.00569
14076	0.02087
14077	0.00673
14078	-0.01807
14079	-0.05703
14080	-0.03528
14081	0.02806
14082	0.09408
14083	0.16454
14084	0.27640
14085	0.32981
14086	0.22058
14087	0.03121
14088	-0.11223
14089	-0.21044
14090	0.30889
14091	0.06109
14092	-0.01060
14093	-0.01555
14094	-0.13532
14095	-0.50049
14096	-0.69459
14097	-0.82731
14098	-0.40652
14099	0.03727
14100	0.30578
14101	0.97024
14102	1.03439
14103	0.71338
14104	0.66859
14105	0.46734
14106	0.52275
14107	0.23017
14108	0.00439
14109	-0.00168
14110	-0.05906
14111	-0.15683
14112	-0.18234
14113	0.01426
14114	0.27886
14115	0.32595
14116	0.24979
14117	0.02603
14118	-0.08027
14119	0.01011
14120	0.01932
14121	0.02721
14122	0.07570
14123	0.12612
14124	0.10205
14125	0.05159
14126	0.00574
14127	-0.02125
14128	0.01206
14129	0.09925
14130	0.20060
14131	0.23983
14132	0.15742
14133	0.01697
14134	0.00249
14135	0.06795
14136	0.03712
14137	-0.01389
14138	-0.01569
14139	0.00079
14140	0.01083
14141	0.00095
14142	0.00370
14143	0.00224
14144	-0.01883
14145	-0.02016
14146	-0.02651
14147	-0.01947
14148	0.00506
14149	0.00395
14150	-0.00373
14151	-0.01320
14152	-0.00660
14153	0.01986
14154	0.07752
14155	0.18477
14156	0.30011
14157	0.34092
14158	0.22159
14159	0.01480
14160	-0.16859
14161	-0.29052
14162	0.07175
14163	-0.05042
14164	-0.18132
14165	-0.05080
14166	-0.31344
14167	-0.76096
14168	-0.66029
14169	-0.28412
14170	0.40800
14171	0.41157
14172	0.76360
14173	0.76060
14174	0.68017
14175	0.69181
14176	0.45793
14177	0.56534
14178	0.96777
14179	0.18272
14180	-0.00358
14181	0.02618
14182	0.00850
14183	-0.08218
14184	-0.23676
14185	-0.06169
14186	0.15297
14187	0.33987
14188	0.27109
14189	0.07729
14190	-0.03988
14191	-0.03221
14192	-0.09127
14193	0.01163
14194	0.02766
14195	0.09998
14196	0.13839
14197	0.05585
14198	0.00063
14199	0.01084
14200	0.04410
14201	0.12123
14202	0.25625
14203	0.31819
14204	0.16016
14205	0.01019
14206	-0.01114
14207	-0.02595
14208	-0.02687
14209	-0.00336
14210	-0.00968
14211	-0.00133
14212	0.01289
14213	-0.00335
14214	-0.00958
14215	-0.00573
14216	-0.02034
14217	-0.01792
14218	-0.00233
14219	-0.01939
14220	-0.03149
14221	-0.01822
14222	-0.01169
14223	-0.00870
14224	0.00044
14225	0.02198
14226	0.08214
14227	0.19024
14228	0.30392
14229	0.36012
14230	0.29370
14231	0.09841
14232	-0.13269
14233	0.05307
14234	0.35440
14235	0.10337
14236	-0.04964
14237	0.05783
14238	-0.14326
14239	-0.77697
14240	-1.55285
14241	-1.70394
14242	-0.31178
14243	0.16687
14244	0.61756
14245	1.68187
14246	1.77801
14247	0.88470
14248	0.55115
14249	0.70869
14250	0.63719
14251	0.12898
14252	0.00715
14253	0.00509
14254	0.00203
14255	-0.08479
14256	-0.09849
14257	0.01574
14258	0.16176
14259	0.22057
14260	0.23048
14261	0.22085
14262	0.05666
14263	-0.01632
14264	-0.02479
14265	0.01242
14266	0.03556
14267	0.10761
14268	0.16475
14269	0.10215
14270	0.01299
14271	-0.00668
14272	0.00673
14273	0.08256
14274	0.22982
14275	0.30617
14276	0.21008
14277	0.06827
14278	-0.00785
14279	0.02852
14280	0.05173
14281	-0.00798
14282	-0.03781
14283	-0.01821
14284	-0.00074
14285	-0.00415
14286	-0.00915
14287	0.00534
14288	0.01556
14289	0.02017
14290	0.02297
14291	0.00486
14292	-0.01605
14293	-0.00837
14294	0.00007
14295	0.00128
14296	-0.00716
14297	-0.01367
14298	0.01044
14299	0.07812
14300	0.21827
14301	0.38780
14302	0.42188
14303	0.24639
14304	-0.02850
14305	-0.26178
14306	0.26872
14307	-0.02801
14308	0.03292
14309	0.00984
14310	-0.00476
14311	-0.89803
14312	-1.07127
14313	-1.17432
14314	-0.51518
14315	0.47861
14316	0.54864
14317	0.96831
14318	0.81906
14319	0.37242
14320	0.18413
14321	0.16339
14322	0.93506
14323	1.17331
14324	0.18064
14325	0.00339
14326	0.02678
14327	-0.04568
14328	-0.06043
14329	-0.05383
14330	0.07117
14331	0.12216
14332	0.13112
14333	0.01068
14334	-0.04705
14335	-0.12512
14336	-0.02438
14337	0.00986
14338	0.00531
14339	0.03018
14340	0.09163
14341	0.08708
14342	0.02055
14343	-0.00131
14344	0.00180
14345	0.05132
14346	0.14213
14347	0.19174
14348	0.18460
14349	0.13557
14350	0.01799
14351	-0.03119
14352	0.05782
14353	0.08468
14354	0.00787
14355	-0.01087
14356	0.02586
14357	0.02306
14358	0.00686
14359	-0.01275
14360	-0.03090
14361	-0.04287
14362	-0.05722
14363	-0.06165
14364	-0.05987
14365	-0.03911
14366	-0.00335
14367	0.00900
14368	0.00364
14369	-0.00045
14370	0.01201
14371	0.06698
14372	0.17569
14373	0.28470
14374	0.31482
14375	0.22433
14376	0.05321
14377	-0.08232
14378	-0.15389
14379	-0.17706
14380	0.01720
14381	-0.08394
14382	-0.09690
14383	0.00170
14384	-0.43312
14385	-1.20289
14386	-0.67340
14387	-0.23319
14388	0.63761
14389	0.40983
14390	0.81331
14391	1.03008
14392	0.66482
14393	0.55923
14394	0.45065
14395	0.62353
14396	0.92066
14397	0.13964
14398	0.01358
14399	0.01054
14400	-0.00842
14401	-0.07149
14402	-0.14038
14403	-0.02694
14404	0.08480
14405	0.16763
14406	0.33740
14407	0.08543
14408	-0.01794
14409	-0.13018
14410	0.02682
14411	0.03301
14412	0.02842
14413	0.05244
14414	0.08230
14415	0.05064
14416	0.00324
14417	0.01040
14418	0.03618
14419	0.06819
14420	0.16446
14421	0.28230
14422	0.21437
14423	0.02556
14424	-0.03547
14425	-0.00063
14426	0.03094
14427	0.02482
14428	0.00233
14429	0.00851
14430	0.03534
14431	0.02454
14432	-0.00232
14433	0.01795
14434	0.03582
14435	0.00735
14436	-0.03563
14437	-0.04765
14438	-0.01697
14439	-0.01216
14440	-0.01924
14441	-0.02377
14442	-0.00914
14443	0.02428
14444	0.07110
14445	0.14135
14446	0.24546
14447	0.32489
14448	0.29268
14449	0.14027
14450	-0.02892
14451	-0.17894
14452	-0.10388
14453	0.10794
14454	0.07143
14455	-0.00105
14456	0.00135
14457	-0.47181
14458	-0.81644
14459	-0.71052
14460	-0.26006
14461	0.06412
14462	0.22513
14463	0.67611
14464	0.59195
14465	0.47596
14466	0.47813
14467	0.30540
14468	0.44352
14469	0.31222
14470	0.01321
14471	0.00078
14472	-0.00098
14473	-0.02449
14474	-0.09107
14475	-0.29637
14476	-0.17622
14477	-0.00035
14478	0.17915
14479	0.31554
14480	0.06311
14481	-0.02796
14482	-0.12234
14483	-0.02062
14484	0.00545
14485	0.02460
14486	0.07397
14487	0.08744
14488	0.04135
14489	0.00798
14490	-0.01322
14491	-0.02077
14492	0.04249
14493	0.16572
14494	0.24273
14495	0.17413
14496	0.03293
14497	-0.03571
14498	-0.02682
14499	-0.01275
14500	-0.03043
14501	-0.03414
14502	-0.00181
14503	0.02063
14504	0.00430
14505	-0.04802
14506	-0.03141
14507	-0.01412
14508	-0.02953
14509	-0.03260
14510	-0.02718
14511	-0.01343
14512	-0.01329
14513	-0.04040
14514	-0.10466
14515	-0.11771
14516	-0.04326
14517	0.06066
14518	0.11989
14519	0.15871
14520	0.22768
14521	0.27877
14522	0.15800
14523	-0.00831
14524	-0.09086
14525	-0.13105
14526	-0.07380
14527	-0.07283
14528	-0.09296
14529	-0.02555
14530	-0.05516
14531	-0.22843
14532	-0.25259
14533	-0.39051
14534	-0.14422
14535	-0.03163
14536	0.03817
14537	0.29442
14538	0.44918
14539	0.54458
14540	0.70886
14541	0.77068
14542	0.90553
14543	0.33334
14544	-0.00290
14545	0.00137
14546	0.00220
14547	0.01924
14548	0.01218
14549	0.06309
14550	-0.01340
14551	0.01046
14552	0.13977
14553	0.07075
14554	-0.05886
14555	-0.10374
14556	-0.05258
14557	-0.04470
14558	-0.06811
14559	0.02025
14560	0.01157
14561	0.01900
14562	0.02406
14563	0.01217
14564	-0.00103
14565	0.01396
14566	0.08002
14567	0.15527
14568	0.22173
14569	0.20131
14570	0.05548
14571	-0.03150
14572	-0.04852
14573	-0.05208
14574	-0.02451
14575	0.00069
14576	0.01143
14577	0.02308
14578	0.02247
14579	-0.00304
14580	-0.02828
14581	-0.03358
14582	-0.03245
14583	-0.04570
14584	-0.06001
14585	-0.04392
14586	-0.03385
14587	-0.04623
14588	-0.04998
14589	-0.00458
14590	0.06012
14591	0.10180
14592	0.11476
14593	0.15573
14594	0.23611
14595	0.24332
14596	0.14856
14597	0.04736
14598	-0.01088
14599	-0.02962
14600	-0.03170
14601	-0.00756
14602	0.04606
14603	0.07794
14604	-0.00969
14605	0.02397
14606	0.05651
14607	-0.01109
14608	-0.02538
14609	-0.01252
14610	0.02837
14611	0.01134
14612	-0.03256
14613	-0.01007
14614	-0.00206
14615	-0.02226
14616	-0.04598
14617	-0.05161
14618	-0.03001
14619	-0.00729
14620	-0.00019
14621	0.00018
14622	-0.00037
14623	0.00743
14624	0.00864
14625	0.00153
14626	-0.00031
14627	-0.00329
14628	-0.00411
14629	0.00090
14630	-0.00620
14631	-0.01746
14632	-0.01309
14633	0.00922
14634	0.03448
14635	0.04819
14636	0.03729
14637	0.01271
14638	-0.00336
14639	-0.00700
14640	-0.00177
14641	0.00080
14642	-0.00594
14643	-0.01240
14644	0.03201
14645	0.09185
14646	0.07731
14647	0.02337
14648	-0.02885
14649	-0.04736
14650	-0.05135
14651	-0.05022
14652	-0.02087
14653	0.00482
14654	0.02456
14655	0.05221
14656	0.04634
14657	0.01622
14658	-0.01595
14659	-0.03240
14660	-0.03077
14661	-0.03348
14662	-0.02663
14663	-0.00400
14664	-0.00137
14665	-0.01018
14666	-0.01777
14667	-0.03043
14668	-0.01325
14669	0.00697
14670	0.00866
14671	-0.02600
14672	-0.02796
14673	0.03866
14674	0.11215
14675	0.14477
14676	0.08973
14677	0.00634
14678	-0.02605
14679	-0.00287
14680	0.02029
14681	0.00433
14682	-0.01034
14683	-0.02211
14684	-0.00508
14685	0.01610
14686	0.01150
14687	-0.00037
14688	-0.00157
14689	-0.00069
14690	-0.00096
14691	-0.00264
14692	-0.01508
14693	-0.01707
14694	-0.01862
14695	-0.01190
14696	-0.00008
14697	0.00286
14698	-0.00760
14699	-0.02267
14700	-0.02390
14701	-0.01488
14702	-0.00852
14703	-0.00574
14704	-0.00461
14705	-0.00361
14706	-0.00039
14707	0.00285
14708	0.00175
14709	0.00012
14710	-0.00008
14711	0.00080
14712	0.00263
14713	0.00292
14714	0.00154
14715	0.00215
14716	0.00369
14717	0.00241
14718	0.00005
14719	-0.00229
14720	-0.00220
14721	-0.00018
14722	0.00260
14723	0.00780
14724	0.00978
14725	0.00649
14726	0.00333
14727	-0.00004
14728	-0.00532
14729	0.00293
14730	0.04103
14731	0.06478
14732	0.03583
14733	-0.03265
14734	-0.07885
14735	-0.02515
14736	0.01592
14737	-0.03127
14738	-0.04865
14739	-0.04346
14740	-0.06209
14741	-0.04924
14742	-0.00413
14743	0.00688
14744	0.01195
14745	0.03571
14746	0.06565
14747	0.09025
14748	0.09124
14749	0.06999
14750	0.05729
14751	0.06941
14752	0.09330
14753	0.08577
14754	0.04048
14755	0.01547
14756	0.01467
14757	0.01685
14758	0.01189
14759	0.00051
14760	-0.00062
14761	0.01102
14762	0.00940
14763	0.00175
14764	0.02304
14765	0.08711
14766	0.17828
14767	0.23850
14768	0.17892
14769	-0.00242
14770	-0.15967
14771	-0.16358
14772	-0.06752
14773	-0.00247
14774	0.00375
14775	0.06773
14776	-0.03053
14777	0.13193
14778	-0.91588
14779	-0.65968
14780	0.05774
14781	-0.02622
14782	0.37181
14783	0.02699
14784	-0.27096
14785	-0.46817
14786	-0.30106
14787	0.02074
14788	0.14209
14789	0.44887
14790	0.61200
14791	0.49994
14792	0.34268
14793	0.15123
14794	0.02146
14795	-0.04872
14796	-0.06968
14797	-0.07926
14798	-0.02336
14799	0.02095
14800	0.06609
14801	0.08343
14802	0.16128
14803	0.06049
14804	-0.00209
14805	-0.00925
14806	-0.00219
14807	-0.00247
14808	-0.01052
14809	0.00563
14810	0.00034
14811	0.00536
14812	-0.07508
14813	-0.05871
14814	-0.00838
14815	-0.04720
14816	-0.05544
14817	-0.09218
14818	-0.14002
14819	-0.04484
14820	-0.08234
14821	-0.09433
14822	-0.02257
14823	0.01453
14824	0.06794
14825	0.07458
14826	0.11625
14827	0.06494
14828	0.01861
14829	-0.01643
14830	-0.03677
14831	-0.00837
14832	0.01164
14833	0.01814
14834	0.03315
14835	0.07180
14836	0.09064
14837	0.12927
14838	0.14884
14839	0.07019
14840	0.14849
14841	0.05588
14842	-0.01688
14843	-0.09667
14844	-0.01621
14845	-0.09779
14846	-0.13053
14847	-0.12445
14848	-0.05123
14849	0.01934
14850	-0.01403
14851	-0.00634
14852	0.00107
14853	-0.00033
14854	-0.00639
14855	-0.02207
14856	-0.04919
14857	-0.06904
14858	-0.04876
14859	-0.01243
14860	0.00604
14861	0.02098
14862	0.03311
14863	0.04329
14864	0.06126
14865	0.07281
14866	0.06139
14867	0.04766
14868	0.04370
14869	0.03738
14870	0.02229
14871	0.00733
14872	0.00033
14873	-0.00010
14874	0.00053
14875	0.00452
14876	0.01713
14877	0.04005
14878	0.06289
14879	0.07617
14880	0.07703
14881	0.06587
14882	0.06256
14883	0.08537
14884	0.09573
14885	0.04724
14886	-0.03234
14887	-0.07301
14888	-0.05593
14889	-0.02488
14890	-0.00839
14891	-0.02820
14892	-0.07409
14893	-0.02815
14894	0.19091
14895	0.00970
14896	-0.64470
14897	0.16452
14898	0.24398
14899	-0.08016
14900	0.24777
14901	0.36303
14902	0.42716
14903	0.58373
14904	0.22032
14905	-0.04138
14906	-0.14964
14907	-0.37202
14908	-0.24986
14909	-0.08281
14910	0.00179
14911	0.08215
14912	0.13678
14913	0.15346
14914	0.10856
14915	0.03392
14916	0.00104
14917	-0.00753
14918	-0.00555
14919	0.01668
14920	0.05918
14921	0.11168
14922	0.07955
14923	0.06465
14924	0.05525
14925	0.01305
14926	-0.01521
14927	-0.02584
14928	-0.02575
14929	-0.02640
14930	-0.00004
14931	0.00990
14932	0.03253
14933	0.02160
14934	0.01418
14935	0.00190
14936	0.00055
14937	0.00326
14938	0.00630
14939	0.00213
14940	-0.00535
14941	-0.01560
14942	-0.01048
14943	-0.04043
14944	-0.00645
14945	-0.04543
14946	-0.08596
14947	-0.06987
14948	-0.07974
14949	-0.03251
14950	-0.03283
14951	-0.04175
14952	-0.02092
14953	-0.00863
14954	0.02593
14955	0.04745
14956	0.08458
14957	0.12155
14958	0.09442
14959	0.05531
14960	0.03246
14961	0.01629
14962	0.00052
14963	-0.00372
14964	-0.01556
14965	0.03886
14966	-0.00860
14967	0.01722
14968	0.00065
14969	-0.00116
14970	-0.01785
14971	-0.07591
14972	-0.02873
14973	0.01332
14974	0.02101
14975	-0.01013
14976	-0.00334
14977	0.00952
14978	0.02126
14979	0.02370
14980	0.00821
14981	0.00462
14982	0.01375
14983	0.02665
14984	0.03518
14985	0.04326
14986	0.04627
14987	0.03461
14988	0.03225
14989	0.04265
14990	0.04263
14991	0.02670
14992	0.00287
14993	-0.00463
14994	-0.00568
14995	-0.01171
14996	-0.01642
14997	-0.01229
14998	-0.00497
14999	-0.00746
15000	-0.01010
15001	-0.00341
15002	0.00185
15003	0.00264
15004	0.00465
15005	0.01746
15006	0.03849
15007	0.04441
15008	0.02570
15009	0.01440
15010	0.04071
15011	0.06683
15012	0.06151
15013	0.02892
15014	-0.01741
15015	-0.03986
15016	-0.03016
15017	-0.01120
15018	-0.00059
15019	-0.00534
15020	-0.10121
15021	-0.36808
15022	-0.16878
15023	-0.01011
15024	-0.02602
15025	-0.27709
15026	-0.09807
15027	-0.00537
15028	0.18677
15029	0.26862
15030	0.40994
15031	0.50855
15032	0.09681
15033	-0.21463
15034	-0.41476
15035	-0.47908
15036	-0.34516
15037	0.03539
15038	0.28599
15039	0.42836
15040	0.44382
15041	0.40121
15042	0.33399
15043	0.16122
15044	0.02744
15045	-0.00072
15046	-0.00434
15047	0.01959
15048	0.07511
15049	0.10079
15050	0.10135
15051	0.07622
15052	0.04525
15053	0.03163
15054	0.02532
15055	0.02278
15056	0.01910
15057	0.01302
15058	0.00003
15059	-0.00357
15060	-0.00579
15061	-0.00210
15062	0.00024
15063	-0.00176
15064	-0.00802
15065	0.01104
15066	0.03010
15067	-0.00776
15068	-0.02339
15069	-0.02205
15070	-0.01309
15071	-0.03518
15072	-0.04348
15073	-0.02378
15074	-0.00937
15075	-0.00238
15076	0.01130
15077	0.00901
15078	0.00127
15079	-0.01995
15080	-0.03061
15081	-0.02661
15082	-0.02247
15083	0.00041
15084	0.01859
15085	0.03509
15086	0.05131
15087	0.03285
15088	0.04249
15089	0.10471
15090	0.05425
15091	0.02568
15092	0.01353
15093	0.01585
15094	0.03220
15095	0.03570
15096	0.10828
15097	0.08686
15098	0.00519
15099	-0.01012
15100	-0.07028
15101	-0.00876
15102	-0.00969
15103	-0.06523
15104	-0.01884
15105	-0.00594
15106	0.00106
15107	0.00078
15108	0.00006
15109	-0.00024
15110	0.00370
15111	0.01346
15112	0.01810
15113	0.01431
15114	0.01333
15115	0.02477
15116	0.04119
15117	0.04250
15118	0.03047
15119	0.02727
15120	0.02862
15121	0.02080
15122	0.01553
15123	0.01239
15124	0.00469
15125	0.00058
15126	0.00024
15127	0.00003
15128	-0.00046
15129	-0.00186
15130	-0.00292
15131	-0.00513
15132	-0.00708
15133	-0.00210
15134	0.00599
15135	0.01966
15136	0.02239
15137	0.02649
15138	0.04156
15139	0.04269
15140	0.03187
15141	0.03586
15142	0.05097
15143	0.05982
15144	0.05448
15145	0.03751
15146	0.01267
15147	-0.01113
15148	-0.01843
15149	-0.00655
15150	-0.00023
15151	0.10234
15152	0.15984
15153	0.05137
15154	-0.05657
15155	-0.03478
15156	0.03728
15157	-0.01193
15158	0.26603
15159	0.06787
15160	0.13389
15161	0.08301
15162	-0.05343
15163	-0.09411
15164	-0.22082
15165	-0.40066
15166	-0.22293
15167	0.01030
15168	0.14575
15169	0.28500
15170	0.21628
15171	0.17044
15172	0.16205
15173	0.03857
15174	-0.01991
15175	-0.03284
15176	-0.02993
15177	-0.03683
15178	-0.00017
15179	0.06795
15180	0.13274
15181	0.02268
15182	0.11489
15183	0.20501
15184	0.04423
15185	0.04441
15186	0.04982
15187	0.03039
15188	0.03572
15189	0.01246
15190	0.01636
15191	0.04052
15192	0.00078
15193	-0.00749
15194	-0.00460
15195	0.00179
15196	0.00938
15197	-0.00117
15198	-0.00013
15199	-0.00122
15200	-0.01143
15201	-0.05306
15202	0.00229
15203	-0.02297
15204	-0.06274
15205	-0.00016
15206	-0.02798
15207	-0.01605
15208	-0.00281
15209	0.00408
15210	0.02216
15211	0.04482
15212	0.03936
15213	0.00701
15214	-0.02151
15215	-0.02136
15216	0.00715
15217	0.04023
15218	0.06385
15219	0.04898
15220	0.07283
15221	0.06125
15222	0.04058
15223	0.00710
15224	-0.00673
15225	-0.02180
15226	0.00441
15227	0.00973
15228	0.00946
15229	-0.00114
15230	-0.00594
15231	-0.02888
15232	-0.02219
15233	-0.03433
15234	-0.00412
15235	0.05030
15236	0.00087
15237	-0.00318
15238	-0.00583
15239	-0.00424
15240	-0.00072
15241	0.00160
15242	0.00495
15243	0.01240
15244	0.01632
15245	0.01691
15246	0.02613
15247	0.04035
15248	0.04414
15249	0.03952
15250	0.03545
15251	0.03309
15252	0.02781
15253	0.01913
15254	0.01074
15255	0.00591
15256	0.00520
15257	0.00615
15258	0.00733
15259	0.00612
15260	0.00244
15261	-0.00011
15262	-0.00522
15263	-0.01251
15264	-0.00737
15265	0.00172
15266	0.01139
15267	0.01394
15268	0.01562
15269	0.02931
15270	0.04668
15271	0.05358
15272	0.04256
15273	0.02843
15274	0.03053
15275	0.04095
15276	0.04765
15277	0.04289
15278	0.02697
15279	0.01097
15280	0.00084
15281	-0.00222
15282	0.00050
15283	0.00583
15284	0.06601
15285	0.21959
15286	0.11578
15287	-0.38099
15288	-0.07776
15289	0.16642
15290	-0.04021
15291	0.09161
15292	0.46783
15293	0.18083
15294	0.08214
15295	-0.04053
15296	-0.05135
15297	-0.11417
15298	-0.35462
15299	-0.28431
15300	-0.05272
15301	0.14087
15302	0.27269
15303	0.38810
15304	0.34944
15305	0.19234
15306	0.08282
15307	-0.00326
15308	-0.06216
15309	-0.05706
15310	-0.01112
15311	0.04961
15312	0.08750
15313	0.06156
15314	0.05752
15315	0.07630
15316	0.08761
15317	0.04852
15318	0.03239
15319	0.03337
15320	0.02412
15321	0.01741
15322	0.04119
15323	0.06264
15324	0.04004
15325	0.02863
15326	0.01520
15327	0.00896
15328	0.00502
15329	0.00498
15330	0.00645
15331	0.00965
15332	-0.00000
15333	-0.00510
15334	0.00004
15335	-0.00005
15336	-0.00769
15337	-0.00045
15338	0.00494
15339	0.02084
15340	0.00977
15341	0.01333
15342	0.01982
15343	0.01172
15344	-0.01145
15345	-0.03067
15346	-0.06138
15347	-0.05054
15348	-0.00766
15349	0.02382
15350	0.03483
15351	0.02418
15352	0.02249
15353	0.02511
15354	0.04999
15355	0.05137
15356	0.03935
15357	0.04881
15358	0.07941
15359	0.10828
15360	0.06173
15361	0.03217
15362	-0.02508
15363	0.00015
15364	-0.05322
15365	-0.02850
15366	-0.05584
15367	-0.07152
15368	0.02949
15369	-0.00160
15370	-0.01463
15371	-0.01314
15372	0.00341
15373	0.01315
15374	0.00747
15375	0.00303
15376	0.00359
15377	0.00199
15378	0.00073
15379	0.00359
15380	0.01338
15381	0.02844
15382	0.03645
15383	0.04439
15384	0.05878
15385	0.06714
15386	0.06284
15387	0.04838
15388	0.03108
15389	0.01397
15390	0.00245
15391	-0.00158
15392	0.00014
15393	0.00365
15394	0.00234
15395	-0.00004
15396	0.00220
15397	0.00303
15398	0.00861
15399	0.03059
15400	0.06589
15401	0.06832
15402	0.03537
15403	0.03510
15404	0.06803
15405	0.08463
15406	0.06256
15407	0.02297
15408	-0.00277
15409	-0.00998
15410	-0.00834
15411	-0.00132
15412	-0.01082
15413	0.03361
15414	0.04206
15415	0.04484
15416	-0.00986
15417	-0.21898
15418	0.03335
15419	0.03593
15420	0.02484
15421	0.16126
15422	0.29305
15423	0.45578
15424	0.40047
15425	0.10722
15426	-0.16791
15427	-0.35094
15428	-0.46123
15429	-0.38281
15430	-0.06993
15431	0.18209
15432	0.40031
15433	0.45155
15434	0.46144
15435	0.35276
15436	0.16788
15437	0.07916
15438	0.02814
15439	-0.00493
15440	-0.01887
15441	-0.00669
15442	0.01591
15443	0.03865
15444	0.07973
15445	0.12126
15446	0.11513
15447	0.06035
15448	0.03527
15449	0.05633
15450	0.05352
15451	0.02727
15452	0.00301
15453	0.00003
15454	0.02256
15455	0.03213
15456	0.00928
15457	0.02813
15458	0.00872
15459	0.01401
15460	0.02069
15461	-0.00497
15462	0.01903
15463	0.02712
15464	-0.02855
15465	0.00834
15466	-0.00162
15467	-0.01595
15468	-0.01047
15469	0.00085
15470	0.00458
15471	0.00957
15472	0.00398
15473	-0.00477
15474	-0.00477
15475	-0.00312
15476	-0.00520
15477	-0.01563
15478	-0.03123
15479	-0.03631
15480	-0.00151
15481	0.02562
15482	0.03852
15483	0.05181
15484	0.03473
15485	0.02677
15486	0.05167
15487	0.02815
15488	0.02300
15489	0.03133
15490	0.02925
15491	0.03789
15492	0.05949
15493	0.09142
15494	0.08969
15495	0.00489
15496	-0.00815
15497	-0.13001
15498	-0.00562
15499	0.02636
15500	-0.11241
15501	-0.02009
15502	0.00546
15503	-0.00800
15504	-0.01805
15505	-0.01370
15506	-0.00264
15507	0.00475
15508	0.01303
15509	0.01052
15510	0.00551
15511	0.00619
15512	0.01013
15513	0.01118
15514	0.01249
15515	0.01792
15516	0.02043
15517	0.03536
15518	0.04777
15519	0.04190
15520	0.04492
15521	0.05320
15522	0.04519
15523	0.02225
15524	0.00008
15525	-0.01765
15526	-0.02963
15527	-0.03156
15528	-0.02383
15529	-0.01712
15530	-0.00892
15531	0.00046
15532	0.00617
15533	0.00892
15534	0.01209
15535	0.02276
15536	0.03847
15537	0.03472
15538	0.03319
15539	0.05350
15540	0.07963
15541	0.08988
15542	0.06920
15543	0.03138
15544	0.00485
15545	0.00051
15546	0.00575
15547	-0.01388
15548	0.24075
15549	0.26207
15550	0.03057
15551	-0.08327
15552	0.00200
15553	-0.16186
15554	0.26513
15555	0.63128
15556	0.19977
15557	-0.00156
15558	-0.16119
15559	-0.18247
15560	-0.08516
15561	-0.12232
15562	-0.06071
15563	0.19275
15564	0.22803
15565	0.36014
15566	0.40629
15567	0.32941
15568	0.24387
15569	0.17302
15570	0.07299
15571	-0.01084
15572	-0.04657
15573	-0.02986
15574	0.02939
15575	0.11053
15576	0.13285
15577	0.11882
15578	0.15390
15579	0.15487
15580	0.06907
15581	0.00671
15582	-0.00685
15583	0.01389
15584	0.02564
15585	0.04337
15586	0.07082
15587	0.03389
15588	0.01516
15589	0.02415
15590	0.02163
15591	0.01445
15592	0.00900
15593	0.00053
15594	0.00031
15595	-0.00385
15596	-0.00178
15597	0.00213
15598	-0.01667
15599	-0.00499
15600	0.00095
15601	0.03278
15602	0.02226
15603	-0.00184
15604	-0.03964
15605	-0.03437
15606	-0.03856
15607	-0.01086
15608	0.00110
15609	-0.00016
15610	-0.00636
15611	-0.00391
15612	0.01749
15613	0.05240
15614	0.03322
15615	0.06140
15616	0.08404
15617	0.03285
15618	0.02486
15619	0.04552
15620	0.08438
15621	0.10284
15622	0.06644
15623	0.07331
15624	0.02506
15625	-0.00702
15626	-0.09465
15627	-0.16018
15628	0.05415
15629	0.01310
15630	-0.11674
15631	-0.00192
15632	-0.00695
15633	-0.02960
15634	-0.00880
15635	0.00318
15636	0.00573
15637	0.00212
15638	-0.00002
15639	-0.00287
15640	-0.00383
15641	-0.00045
15642	0.00436
15643	0.01560
15644	0.03454
15645	0.04026
15646	0.03270
15647	0.04026
15648	0.05981
15649	0.06739
15650	0.05187
15651	0.03408
15652	0.01760
15653	-0.00004
15654	-0.01351
15655	-0.01814
15656	-0.01437
15657	-0.00534
15658	0.00093
15659	0.00382
15660	0.00611
15661	0.01160
15662	0.03163
15663	0.05878
15664	0.07257
15665	0.06727
15666	0.06758
15667	0.09659
15668	0.11161
15669	0.07696
15670	0.02209
15671	-0.01318
15672	-0.01774
15673	-0.00691
15674	0.00013
15675	0.00080
15676	-0.01727
15677	0.01116
15678	-0.10723
15679	-0.20716
15680	0.12237
15681	-0.00677
15682	0.25478
15683	0.49673
15684	0.31649
15685	0.26783
15686	0.07937
15687	-0.02687
15688	-0.11158
15689	-0.18067
15690	-0.10629
15691	-0.01641
15692	0.02624
15693	0.08757
15694	0.18401
15695	0.18503
15696	0.14376
15697	0.03601
15698	-0.08033
15699	-0.10731
15700	-0.04760
15701	0.02172
15702	0.07400
15703	0.06185
15704	0.05337
15705	0.07134
15706	0.05694
15707	0.01383
15708	0.00323
15709	0.02066
15710	0.03713
15711	0.04356
15712	0.02870
15713	0.03401
15714	0.04621
15715	0.00001
15716	-0.01169
15717	0.02857
15718	0.00732
15719	-0.00855
15720	-0.00729
15721	-0.01424
15722	0.00611
15723	-0.06556
15724	-0.04152
15725	-0.00405
15726	0.03743
15727	0.07938
15728	0.04009
15729	0.04088
15730	-0.00140
15731	-0.02646
15732	-0.06897
15733	-0.06603
15734	-0.06216
15735	-0.04543
15736	-0.00326
15737	0.04129
15738	0.07635
15739	0.05299
15740	0.06859
15741	0.09328
15742	0.05121
15743	0.09422
15744	0.08088
15745	0.03464
15746	-0.00164
15747	-0.03322
15748	-0.02963
15749	-0.08472
15750	-0.03591
15751	-0.00095
15752	-0.04554
15753	-0.07623
15754	-0.04574
15755	-0.03425
15756	-0.02386
15757	0.00269
15758	0.01297
15759	0.00544
15760	0.00049
15761	-0.00377
15762	-0.01679
15763	-0.02139
15764	-0.01370
15765	-0.00044
15766	0.01600
15767	0.03281
15768	0.03800
15769	0.03720
15770	0.04834
15771	0.05026
15772	0.03438
15773	0.02107
15774	0.01270
15775	0.00435
15776	0.00126
15777	0.00089
15778	-0.00193
15779	-0.00303
15780	-0.00075
15781	-0.00005
15782	0.00028
15783	0.00005
15784	-0.00050
15785	0.00680
15786	0.04428
15787	0.07112
15788	0.05244
15789	0.03325
15790	0.05833
15791	0.07830
15792	0.05261
15793	0.02731
15794	0.01447
15795	0.00143
15796	-0.01016
15797	-0.00876
15798	0.00082
15799	0.02359
15800	0.13044
15801	0.05124
15802	-0.06798
15803	-0.12054
15804	0.24213
15805	0.07877
15806	0.08920
15807	0.20293
15808	0.14477
15809	0.12547
15810	0.09690
15811	0.07846
15812	0.01184
15813	-0.09540
15814	-0.24351
15815	-0.17507
15816	-0.06556
15817	0.06903
15818	0.20939
15819	0.24228
15820	0.28495
15821	0.20464
15822	0.10572
15823	0.05601
15824	0.03391
15825	0.00133
15826	-0.01893
15827	-0.00107
15828	0.03800
15829	0.04730
15830	0.04603
15831	0.08732
15832	0.10776
15833	0.08381
15834	0.01929
15835	0.01663
15836	0.04509
15837	0.04057
15838	0.01286
15839	0.01914
15840	0.01080
15841	-0.01279
15842	0.00351
15843	0.02351
15844	0.00696
15845	-0.02614
15846	-0.00934
15847	0.00360
15848	-0.00349
15849	-0.05130
15850	-0.05439
15851	-0.00480
15852	-0.02730
15853	-0.01095
15854	0.00906
15855	0.03148
15856	0.03179
15857	0.01081
15858	-0.00289
15859	-0.00601
15860	-0.00482
15861	-0.00804
15862	-0.02287
15863	-0.03362
15864	-0.02166
15865	0.00029
15866	0.04276
15867	0.09852
15868	0.05371
15869	0.05745
15870	0.15970
15871	0.08972
15872	0.04638
15873	0.05950
15874	0.03570
15875	0.06123
15876	0.07674
15877	0.06411
15878	0.01988
15879	-0.01163
15880	-0.04137
15881	-0.06394
15882	-0.02547
15883	-0.01718
15884	-0.05069
15885	0.04182
15886	-0.00262
15887	-0.02127
15888	-0.00354
15889	0.00322
15890	0.00275
15891	0.00015
15892	0.00034
15893	0.00013
15894	0.00280
15895	0.00745
15896	0.01777
15897	0.02820
15898	0.02589
15899	0.02487
15900	0.03477
15901	0.03500
15902	0.03779
15903	0.04272
15904	0.02533
15905	0.00172
15906	-0.00942
15907	-0.01568
15908	-0.01974
15909	-0.01733
15910	-0.01274
15911	-0.00803
15912	-0.00208
15913	0.00053
15914	0.00146
15915	0.00324
15916	0.00669
15917	0.01826
15918	0.03909
15919	0.04440
15920	0.03168
15921	0.04688
15922	0.07762
15923	0.07491
15924	0.04747
15925	0.01718
15926	-0.00818
15927	-0.01826
15928	-0.00755
15929	0.00320
15930	0.13738
15931	0.19794
15932	-0.01181
15933	-0.00274
15934	0.00356
15935	0.04415
15936	-0.02849
15937	0.20150
15938	0.32558
15939	0.20713
15940	0.21150
15941	-0.17346
15942	-0.09839
15943	-0.20912
15944	-0.46500
15945	-0.36289
15946	-0.05015
15947	0.14465
15948	0.31229
15949	0.44435
15950	0.39371
15951	0.36015
15952	0.21642
15953	0.08616
15954	-0.01347
15955	-0.06415
15956	-0.07057
15957	0.01177
15958	0.11940
15959	0.13309
15960	0.11966
15961	0.11354
15962	0.09703
15963	0.02524
15964	0.01130
15965	0.02234
15966	0.02025
15967	0.02501
15968	0.04815
15969	0.03167
15970	0.02704
15971	0.05258
15972	-0.00146
15973	0.01049
15974	0.00745
15975	0.00460
15976	0.02256
15977	-0.01318
15978	-0.00716
15979	0.00951
15980	-0.02165
15981	-0.02231
15982	-0.00736
15983	-0.00092
15984	0.03141
15985	0.06291
15986	0.08380
15987	0.04437
15988	0.00981
15989	-0.01665
15990	-0.02550
15991	-0.02025
15992	-0.02005
15993	-0.01544
15994	-0.01534
15995	-0.00551
15996	0.02251
15997	0.04463
15998	0.07823
15999	0.12342
16000	0.10274
16001	0.06185
16002	0.03847
16003	0.05251
16004	0.06302
16005	0.09116
16006	0.10987
16007	0.03642
16008	-0.01137
16009	-0.06966
16010	-0.05950
16011	-0.03915
16012	-0.05402
16013	-0.08118
16014	-0.02396
16015	0.00469
16016	-0.01242
16017	-0.00607
16018	-0.00156
16019	0.00170
16020	0.00531
16021	0.00898
16022	0.01203
16023	0.01357
16024	0.01303
16025	0.01308
16026	0.01557
16027	0.02009
16028	0.02716
16029	0.03668
16030	0.04153
16031	0.03650
16032	0.02917
16033	0.02306
16034	0.01116
16035	-0.00697
16036	-0.01460
16037	-0.00979
16038	-0.00659
16039	-0.00512
16040	-0.00507
16041	-0.00108
16042	0.00674
16043	-0.00374
16044	-0.00758
16045	-0.00050
16046	0.01775
16047	0.05772
16048	0.06323
16049	0.01409
16050	0.01382
16051	0.06000
16052	0.08089
16053	0.06541
16054	0.02955
16055	-0.00628
16056	-0.02418
16057	-0.02296
16058	-0.01019
16059	0.00616
16060	-0.00503
16061	-0.08940
16062	-0.05706
16063	0.01118
16064	-0.03505
16065	0.20913
16066	0.04684
16067	0.06250
16068	0.15129
16069	0.08157
16070	0.29713
16071	0.21610
16072	0.04035
16073	-0.00728
16074	-0.14644
16075	-0.25309
16076	-0.13248
16077	0.03561
16078	0.26288
16079	0.35395
16080	0.36743
16081	0.36826
16082	0.24048
16083	0.10808
16084	0.02625
16085	-0.04110
16086	-0.08114
16087	-0.03590
16088	0.02859
16089	0.04741
16090	0.06120
16091	0.08919
16092	0.10362
16093	0.04521
16094	0.03132
16095	0.03007
16096	0.00265
16097	0.00480
16098	0.01523
16099	0.00758
16100	0.00693
16101	0.00948
16102	0.00178
16103	-0.00059
16104	0.00061
16105	0.00500
16106	0.00291
16107	-0.01409
16108	-0.00794
16109	-0.02175
16110	-0.04316
16111	-0.04116
16112	-0.04223
16113	-0.01509
16114	0.02384
16115	0.03280
16116	0.03844
16117	0.04917
16118	0.00237
16119	-0.02918
16120	-0.04770
16121	-0.03677
16122	-0.00684
16123	0.01495
16124	0.05451
16125	0.08728
16126	0.02869
16127	0.05294
16128	0.07522
16129	0.03967
16130	0.02677
16131	0.05961
16132	0.08757
16133	0.05815
16134	0.04446
16135	0.02412
16136	-0.00542
16137	-0.01033
16138	-0.02821
16139	-0.03658
16140	-0.00254
16141	-0.11579
16142	0.01102
16143	-0.00721
16144	-0.01404
16145	-0.00835
16146	0.00250
16147	0.00872
16148	0.00241
16149	-0.00011
16150	0.01071
16151	0.02025
16152	0.01745
16153	0.01549
16154	0.01424
16155	0.01455
16156	0.02306
16157	0.03279
16158	0.02797
16159	0.02580
16160	0.03194
16161	0.02619
16162	0.01378
16163	0.00259
16164	-0.00788
16165	-0.01057
16166	-0.00722
16167	-0.00419
16168	-0.00288
16169	-0.00029
16170	-0.00022
16171	-0.00099
16172	0.00068
16173	0.00506
16174	0.01723
16175	0.04072
16176	0.05636
16177	0.03987
16178	0.01078
16179	0.01935
16180	0.05543
16181	0.06638
16182	0.05726
16183	0.04435
16184	0.01947
16185	-0.00640
16186	-0.01284
16187	-0.00494
16188	-0.00012
16189	0.01515
16190	-0.02042
16191	-0.06687
16192	0.01815
16193	-0.09622
16194	0.06190
16195	0.01354
16196	0.01413
16197	0.20000
16198	0.30958
16199	0.49286
16200	0.28294
16201	0.00377
16202	-0.07245
16203	-0.21644
16204	-0.22794
16205	-0.03100
16206	0.09430
16207	0.26826
16208	0.34516
16209	0.36896
16210	0.31859
16211	0.16676
16212	0.05373
16213	-0.02246
16214	-0.02746
16215	-0.00626
16216	0.01360
16217	0.02075
16218	0.02929
16219	0.02236
16220	0.06116
16221	0.07838
16222	0.03949
16223	0.04209
16224	0.02155
16225	0.00175
16226	0.00807
16227	0.01361
16228	0.01695
16229	0.05413
16230	0.02102
16231	-0.01394
16232	0.00596
16233	0.00484
16234	-0.00923
16235	-0.00916
16236	-0.01603
16237	-0.00891
16238	-0.03955
16239	-0.02759
16240	-0.00775
16241	-0.00596
16242	-0.00215
16243	0.02477
16244	0.03049
16245	0.05996
16246	0.03569
16247	-0.00067
16248	-0.02337
16249	-0.05316
16250	-0.05463
16251	-0.04222
16252	-0.02687
16253	-0.03789
16254	-0.01850
16255	0.02182
16256	0.03312
16257	0.06786
16258	0.10891
16259	0.11019
16260	0.04956
16261	0.03556
16262	0.01768
16263	0.01273
16264	0.03963
16265	0.08959
16266	0.01022
16267	0.01455
16268	-0.01637
16269	-0.02514
16270	-0.02395
16271	0.01183
16272	-0.05470
16273	-0.11203
16274	0.04508
16275	0.03853
16276	-0.02706
16277	-0.01244
16278	-0.00122
16279	0.00131
16280	-0.00055
16281	-0.00103
16282	0.00014
16283	0.00133
16284	0.00765
16285	0.00680
16286	0.00433
16287	0.00909
16288	0.02820
16289	0.05178
16290	0.04901
16291	0.03401
16292	0.04249
16293	0.06551
16294	0.07525
16295	0.06197
16296	0.03381
16297	0.00770
16298	-0.00712
16299	-0.01487
16300	-0.01405
16301	-0.00739
16302	-0.00085
16303	0.00153
16304	0.00540
16305	0.00833
16306	0.01994
16307	0.05369
16308	0.06793
16309	0.03181
16310	0.00511
16311	0.03879
16312	0.09139
16313	0.09523
16314	0.06091
16315	0.02331
16316	0.00177
16317	-0.00263
16318	0.00030
16319	0.00228
16320	0.01239
16321	0.03355
16322	-0.00880
16323	-0.00123
16324	-0.03999
16325	-0.08497
16326	0.00342
16327	0.08026
16328	0.43790
16329	0.32054
16330	0.21159
16331	0.02111
16332	-0.10732
16333	-0.08451
16334	-0.15053
16335	-0.12011
16336	0.08174
16337	0.24228
16338	0.26113
16339	0.34926
16340	0.38576
16341	0.32119
16342	0.21425
16343	0.08140
16344	-0.01392
16345	-0.06062
16346	-0.05566
16347	0.00732
16348	0.09317
16349	0.08933
16350	0.06186
16351	0.09479
16352	0.09951
16353	0.04340
16354	0.01444
16355	0.01666
16356	0.01990
16357	0.00776
16358	0.02567
16359	0.05039
16360	0.02665
16361	0.00650
16362	0.03188
16363	0.02013
16364	0.00238
16365	0.01460
16366	0.01352
16367	-0.01456
16368	-0.02149
16369	-0.01910
16370	-0.01562
16371	-0.03441
16372	-0.03442
16373	-0.00994
16374	-0.01139
16375	0.00983
16376	0.01738
16377	0.04017
16378	0.03333
16379	0.00013
16380	-0.02629
16381	-0.03447
16382	-0.02341
16383	-0.00629
16384	0.01581
16385	0.02750
16386	0.02933
16387	0.03763
16388	0.11635
16389	0.16050
16390	0.11399
16391	0.10777
16392	0.12843
16393	0.03504
16394	0.03181
16395	0.03420
16396	0.02860
16397	0.07038
16398	0.05879
16399	0.01511
16400	-0.01652
16401	-0.04363
16402	-0.00219
16403	-0.03175
16404	-0.04722
16405	-0.07421
16406	0.01160
16407	0.07237
16408	-0.01451
16409	-0.01045
16410	-0.00039
16411	0.00758
16412	0.00483
16413	-0.00268
16414	-0.00330
16415	0.00261
16416	0.00991
16417	0.00692
16418	0.00203
16419	-0.00519
16420	-0.00040
16421	0.01787
16422	0.02573
16423	0.02604
16424	0.03353
16425	0.04517
16426	0.04594
16427	0.03581
16428	0.02515
16429	0.01156
16430	-0.00480
16431	-0.01470
16432	-0.01287
16433	-0.00240
16434	0.00114
16435	-0.00033
16436	-0.00117
16437	-0.00045
16438	0.00732
16439	0.02989
16440	0.05268
16441	0.04226
16442	0.02041
16443	0.03617
16444	0.06915
16445	0.07139
16446	0.05004
16447	0.03108
16448	0.02262
16449	0.01673
16450	0.01047
16451	0.00933
16452	0.00631
16453	-0.03227
16454	0.06414
16455	-0.11587
16456	-0.04210
16457	0.03131
16458	-0.07910
16459	0.07285
16460	0.01072
16461	0.16042
16462	0.36191
16463	0.31635
16464	0.22941
16465	-0.03844
16466	-0.15395
16467	-0.24806
16468	-0.23764
16469	-0.17867
16470	-0.02374
16471	0.09748
16472	0.21406
16473	0.44759
16474	0.25473
16475	0.23774
16476	0.14288
16477	0.03944
16478	0.02232
16479	-0.01036
16480	-0.01716
16481	-0.00815
16482	0.03441
16483	0.07400
16484	0.08765
16485	0.05082
16486	0.07204
16487	0.11111
16488	0.07560
16489	0.02812
16490	0.01220
16491	0.01336
16492	0.02234
16493	0.02497
16494	0.02851
16495	0.03514
16496	0.00433
16497	-0.00004
16498	-0.00320
16499	-0.00252
16500	0.00004
16501	0.00076
16502	0.00603
16503	-0.00835
16504	-0.00694
16505	-0.00302
16506	-0.01459
16507	-0.04065
16508	-0.04978
16509	-0.01953
16510	-0.02021
16511	0.00213
16512	0.00861
16513	0.01103
16514	0.01341
16515	0.00191
16516	-0.01621
16517	-0.02753
16518	-0.03187
16519	-0.01903
16520	0.00516
16521	0.04688
16522	0.05248
16523	0.06578
16524	0.09301
16525	0.07647
16526	0.05383
16527	0.04793
16528	0.06091
16529	0.06367
16530	0.06963
16531	0.01553
16532	-0.02795
16533	-0.03681
16534	-0.01342
16535	-0.00762
16536	-0.02656
16537	-0.02484
16538	-0.00344
16539	-0.00081
16540	-0.00322
16541	-0.00356
16542	-0.00041
16543	0.00415
16544	0.01217
16545	0.01521
16546	0.01476
16547	0.01680
16548	0.02493
16549	0.03990
16550	0.04821
16551	0.03778
16552	0.02732
16553	0.02268
16554	0.01409
16555	0.00429
16556	-0.00299
16557	-0.01577
16558	-0.02188
16559	-0.01884
16560	-0.00886
16561	0.00223
16562	0.00314
16563	0.00043
16564	-0.00024
16565	-0.00015
16566	0.00131
16567	-0.00224
16568	-0.00676
16569	0.00182
16570	0.00549
16571	0.00460
16572	0.01238
16573	0.02729
16574	0.02939
16575	0.01816
16576	0.01455
16577	0.01869
16578	0.02306
16579	0.02699
16580	0.02941
16581	0.02458
16582	0.01105
16583	0.00172
16584	-0.00123
16585	-0.00326
16586	-0.00633
16587	-0.00733
16588	-0.00314
16589	0.00118
16590	0.00027
16591	-0.00187
16592	0.00834
16593	0.00411
16594	0.00142
16595	-0.01323
16596	0.00056
16597	0.00406
16598	0.12121
16599	0.12226
16600	0.02642
16601	0.10386
16602	0.00015
16603	-0.10018
16604	-0.18782
16605	-0.38122
16606	-0.32271
16607	-0.04723
16608	0.14240
16609	0.36263
16610	0.42502
16611	0.43674
16612	0.32114
16613	0.24519
16614	0.23649
16615	0.13089
16616	0.07975
16617	0.05092
16618	0.01608
16619	0.02070
16620	0.06129
16621	0.10329
16622	0.17114
16623	0.07848
16624	0.02391
16625	-0.00784
16626	-0.01259
16627	0.01148
16628	0.02300
16629	0.00510
16630	0.02490
16631	0.02380
16632	0.02125
16633	0.00430
16634	0.00257
16635	0.00029
16636	-0.00410
16637	0.01037
16638	-0.00131
16639	-0.00004
16640	0.00140
16641	-0.00245
16642	-0.00380
16643	-0.01945
16644	-0.03472
16645	-0.02159
16646	-0.00291
16647	0.05531
16648	0.09377
16649	0.10437
16650	0.04398
16651	-0.01497
16652	-0.08476
16653	-0.10424
16654	-0.09409
16655	-0.07858
16656	-0.03838
16657	0.02869
16658	0.08697
16659	0.14927
16660	0.11376
16661	0.17984
16662	0.19732
16663	0.12844
16664	0.14146
16665	0.11260
16666	0.08042
16667	0.03962
16668	-0.00492
16669	-0.02248
16670	-0.02252
16671	-0.06156
16672	-0.09270
16673	-0.04543
16674	0.01186
16675	-0.00326
16676	-0.02360
16677	-0.02156
16678	-0.00183
16679	0.00770
16680	0.00540
16681	0.00428
16682	0.00475
16683	0.00386
16684	0.00340
16685	0.00503
16686	0.01349
16687	0.02295
16688	0.02896
16689	0.03376
16690	0.03333
16691	0.03153
16692	0.03461
16693	0.03896
16694	0.02987
16695	0.01444
16696	0.00587
16697	0.00374
16698	0.00130
16699	-0.00283
16700	-0.00183
16701	0.00118
16702	0.00109
16703	0.00003
16704	0.01110
16705	0.05270
16706	0.07604
16707	0.04286
16708	0.02256
16709	0.06145
16710	0.11013
16711	0.10276
16712	0.06845
16713	0.05135
16714	0.04547
16715	0.02910
16716	0.00965
16717	0.00524
16718	0.00657
16719	-0.04908
16720	-0.03849
16721	0.01424
16722	-0.03020
16723	0.06798
16724	0.00980
16725	0.42032
16726	0.48231
16727	0.26394
16728	0.09362
16729	-0.13087
16730	-0.15201
16731	-0.05963
16732	-0.09444
16733	-0.07145
16734	0.02375
16735	0.14113
16736	0.20973
16737	0.25683
16738	0.35969
16739	0.18002
16740	0.06512
16741	-0.00151
16742	-0.00799
16743	-0.01493
16744	-0.01146
16745	0.04295
16746	0.11703
16747	0.04370
16748	0.02908
16749	0.08861
16750	0.04771
16751	0.01131
16752	0.01261
16753	0.00850
16754	0.00293
16755	0.00682
16756	0.06503
16757	0.03264
16758	0.01213
16759	-0.00866
16760	0.00172
16761	0.00121
16762	-0.00160
16763	0.00285
16764	0.00227
16765	-0.02720
16766	-0.00595
16767	-0.01683
16768	-0.02645
16769	-0.00916
16770	0.00660
16771	0.01962
16772	0.04307
16773	0.04480
16774	0.01136
16775	-0.00263
16776	-0.01717
16777	-0.01289
16778	-0.02700
16779	-0.03584
16780	-0.02721
16781	-0.01472
16782	0.01114
16783	0.05247
16784	0.08244
16785	0.04232
16786	0.09818
16787	0.10900
16788	0.04685
16789	0.03347
16790	0.04003
16791	0.08420
16792	0.09113
16793	0.08550
16794	0.05692
16795	0.01445
16796	-0.02068
16797	-0.05008
16798	-0.07218
16799	-0.06294
16800	0.00161
16801	-0.01257
16802	0.03457
16803	-0.02244
16804	-0.00402
16805	0.01377
16806	0.01767
16807	0.00374
16808	0.00652
16809	0.01791
16810	0.01499
16811	0.00666
16812	0.00471
16813	0.00985
16814	0.01942
16815	0.02249
16816	0.02190
16817	0.02808
16818	0.03137
16819	0.02293
16820	0.00932
16821	0.00185
16822	-0.00309
16823	-0.00917
16824	-0.01136
16825	-0.00879
16826	-0.00530
16827	-0.00187
16828	0.00082
16829	0.00223
16830	-0.00141
16831	-0.00427
16832	-0.00437
16833	0.00878
16834	0.05881
16835	0.07849
16836	0.04425
16837	0.02829
16838	0.05947
16839	0.08320
16840	0.05027
16841	0.01319
16842	0.00217
16843	0.00374
16844	0.00563
16845	-0.01831
16846	0.02772
16847	0.10383
16848	-0.01831
16849	0.02679
16850	0.01271
16851	0.02073
16852	0.05372
16853	0.02184
16854	0.15981
16855	0.25506
16856	0.32199
16857	0.35559
16858	0.25385
16859	-0.01161
16860	-0.09844
16861	-0.05440
16862	0.04607
16863	0.10054
16864	0.15164
16865	0.16378
16866	0.20049
16867	0.22747
16868	0.17576
16869	0.05393
16870	0.00656
16871	0.01013
16872	0.02215
16873	0.04119
16874	0.06019
16875	0.03835
16876	0.02624
16877	0.04481
16878	0.06290
16879	0.02737
16880	0.01566
16881	0.03836
16882	0.04675
16883	0.03006
16884	0.00960
16885	0.01443
16886	0.01814
16887	-0.00312
16888	0.01138
16889	0.02384
16890	-0.00152
16891	0.00073
16892	0.00024
16893	0.00520
16894	0.01686
16895	-0.01536
16896	0.00148
16897	0.01862
16898	-0.03591
16899	-0.01326
16900	-0.01362
16901	-0.00855
16902	0.00621
16903	0.01016
16904	-0.00337
16905	-0.00984
16906	-0.01459
16907	-0.02627
16908	-0.03221
16909	-0.02116
16910	-0.01865
16911	-0.01612
16912	-0.01134
16913	0.01210
16914	0.04012
16915	0.06075
16916	0.03236
16917	0.09225
16918	0.11864
16919	0.05844
16920	0.05245
16921	0.04856
16922	0.05637
16923	0.04681
16924	0.08847
16925	0.13445
16926	0.02597
16927	0.02001
16928	-0.05082
16929	-0.02589
16930	-0.07191
16931	-0.11417
16932	-0.04087
16933	-0.08244
16934	-0.01115
16935	-0.09549
16936	-0.06831
16937	-0.00587
16938	0.00067
16939	-0.00708
16940	-0.00845
16941	-0.00494
16942	-0.00265
16943	-0.00200
16944	0.00343
16945	0.01378
16946	0.02197
16947	0.03496
16948	0.04663
16949	0.04132
16950	0.03662
16951	0.04939
16952	0.05665
16953	0.05451
16954	0.04741
16955	0.01941
16956	-0.01056
16957	-0.01730
16958	-0.01744
16959	-0.02380
16960	-0.02942
16961	-0.02026
16962	-0.00381
16963	0.00434
16964	0.00883
16965	0.01986
16966	0.04786
16967	0.06859
16968	0.05053
16969	0.01891
16970	0.02912
16971	0.08309
16972	0.09795
16973	0.05115
16974	0.00181
16975	-0.01540
16976	-0.01150
16977	-0.00575
16978	0.00267
16979	0.00221
16980	0.03688
16981	0.07534
16982	-0.01887
16983	-0.21544
16984	0.10172
16985	0.03298
16986	0.08798
16987	0.35344
16988	0.38529
16989	0.29746
16990	0.09853
16991	-0.03740
16992	-0.11562
16993	-0.23482
16994	-0.10518
16995	0.13458
16996	0.24725
16997	0.28339
16998	0.33768
16999	0.33172
17000	0.30674
17001	0.15302
17002	0.05651
17003	0.04448
17004	0.02044
17005	-0.00211
17006	0.02934
17007	0.10041
17008	0.05068
17009	0.05666
17010	0.08941
17011	0.07569
17012	0.04357
17013	0.03064
17014	0.03687
17015	0.01796
17016	-0.00058
17017	0.00155
17018	0.03800
17019	0.00917
17020	0.00210
17021	0.06048
17022	0.03061
17023	-0.00087
17024	0.00020
17025	0.00234
17026	0.00558
17027	-0.02756
17028	-0.01968
17029	0.01052
17030	-0.02292
17031	-0.03184
17032	-0.01906
17033	0.00755
17034	0.02837
17035	0.05707
17036	0.03082
17037	0.00516
17038	-0.02139
17039	-0.02686
17040	-0.03622
17041	-0.05642
17042	-0.03850
17043	0.00907
17044	0.05975
17045	0.09762
17046	0.09826
17047	0.07627
17048	0.16386
17049	0.12064
17050	0.05422
17051	0.04521
17052	0.07417
17053	0.07940
17054	0.04854
17055	0.03158
17056	-0.01456
17057	-0.04766
17058	-0.05490
17059	-0.06273
17060	-0.07429
17061	0.00121
17062	-0.00752
17063	-0.06155
17064	-0.01779
17065	-0.01371
17066	-0.00368
17067	0.00149
17068	0.00065
17069	-0.00036
17070	0.00151
17071	0.00751
17072	0.00984
17073	0.00515
17074	0.00432
17075	0.01415
17076	0.03572
17077	0.04356
17078	0.03618
17079	0.04598
17080	0.05836
17081	0.04243
17082	0.02345
17083	0.01565
17084	0.01171
17085	0.00452
17086	-0.00500
17087	-0.01160
17088	-0.01014
17089	-0.00426
17090	-0.00085
17091	0.00002
17092	0.00004
17093	0.00110
17094	0.01051
17095	0.04281
17096	0.07196
17097	0.05395
17098	0.02563
17099	0.04280
17100	0.08314
17101	0.08389
17102	0.04712
17103	0.01080
17104	-0.00920
17105	-0.01379
17106	-0.00768
17107	0.00000
17108	0.05274
17109	0.04893
17110	-0.01384
17111	0.00317
17112	-0.09600
17113	0.17480
17114	-0.00635
17115	0.22696
17116	0.47053
17117	0.17268
17118	0.05264
17119	-0.06733
17120	-0.05855
17121	-0.05858
17122	-0.14508
17123	-0.22917
17124	-0.09711
17125	0.02476
17126	0.14713
17127	0.21573
17128	0.31154
17129	0.35320
17130	0.25204
17131	0.14195
17132	0.05439
17133	0.00407
17134	-0.00486
17135	0.01370
17136	0.05026
17137	0.04362
17138	0.04739
17139	0.10197
17140	0.08415
17141	0.02308
17142	0.01090
17143	0.01728
17144	0.02580
17145	0.01822
17146	0.01177
17147	0.04050
17148	0.01904
17149	0.00179
17150	0.01714
17151	0.00652
17152	-0.00966
17153	0.01385
17154	0.01121
17155	-0.01256
17156	-0.02114
17157	-0.03086
17158	-0.01550
17159	-0.02041
17160	-0.03695
17161	-0.01190
17162	0.02351
17163	0.07460
17164	0.06888
17165	0.03396
17166	0.00129
17167	-0.02704
17168	-0.04958
17169	-0.04441
17170	-0.02467
17171	-0.00869
17172	0.02027
17173	0.05330
17174	0.06963
17175	0.06228
17176	0.07351
17177	0.09061
17178	0.04929
17179	0.01741
17180	0.00987
17181	0.03845
17182	0.05073
17183	0.06634
17184	0.05053
17185	0.04306
17186	0.04372
17187	-0.00949
17188	-0.00007
17189	-0.07862
17190	-0.08705
17191	-0.01742
17192	-0.03786
17193	0.02640
17194	-0.02508
17195	-0.00430
17196	0.00048
17197	0.00086
17198	0.00144
17199	0.00256
17200	0.01151
17201	0.02114
17202	0.02029
17203	0.01666
17204	0.01743
17205	0.03067
17206	0.05469
17207	0.05790
17208	0.04379
17209	0.05187
17210	0.07063
17211	0.06491
17212	0.03183
17213	0.00095
17214	-0.01000
17215	-0.01078
17216	-0.01074
17217	-0.01080
17218	-0.00693
17219	-0.00106
17220	0.00313
17221	0.00361
17222	0.00256
17223	0.01392
17224	0.06072
17225	0.08664
17226	0.04806
17227	0.03952
17228	0.11917
17229	0.15246
17230	0.07976
17231	-0.00583
17232	-0.03962
17233	-0.03206
17234	-0.01677
17235	0.04792
17236	-0.04989
17237	-0.26462
17238	-0.16064
17239	-0.05438
17240	-0.46192
17241	0.23548
17242	0.39302
17243	0.00038
17244	0.33709
17245	0.36965
17246	0.44821
17247	0.55015
17248	0.29467
17249	0.06399
17250	0.01108
17251	-0.08142
17252	-0.13408
17253	-0.05053
17254	0.11158
17255	0.25745
17256	0.30307
17257	0.26838
17258	0.26047
17259	0.21250
17260	0.11825
17261	0.03642
17262	-0.00870
17263	-0.00780
17264	0.05931
17265	0.06964
17266	0.04022
17267	0.04773
17268	0.06341
17269	0.05713
17270	0.02527
17271	0.02291
17272	0.02192
17273	-0.00075
17274	0.00827
17275	0.05956
17276	0.02477
17277	0.00346
17278	-0.00249
17279	-0.00695
17280	0.00404
17281	0.00531
17282	-0.00140
17283	-0.01221
17284	-0.05305
17285	-0.04889
17286	-0.01928
17287	-0.01253
17288	0.00573
17289	0.02144
17290	0.03930
17291	0.03638
17292	0.01965
17293	0.00226
17294	-0.02339
17295	-0.03999
17296	-0.03821
17297	-0.04188
17298	-0.02826
17299	-0.01678
17300	0.00186
17301	0.01301
17302	0.02594
17303	0.05720
17304	0.07959
17305	0.10175
17306	0.05627
17307	0.01631
17308	0.02155
17309	0.03861
17310	0.08690
17311	0.11736
17312	0.06883
17313	0.07331
17314	0.14629
17315	0.10176
17316	0.04854
17317	-0.01622
17318	-0.03435
17319	-0.06233
17320	-0.11500
17321	-0.09930
17322	-0.09259
17323	-0.05055
17324	-0.01695
17325	-0.02124
17326	-0.00033
17327	-0.00049
17328	-0.00707
17329	-0.00273
17330	0.00126
17331	-0.00011
17332	0.00736
17333	0.02120
17334	0.01962
17335	0.00294
17336	0.00445
17337	0.03331
17338	0.03927
17339	0.04272
17340	0.07062
17341	0.08449
17342	0.06230
17343	0.02110
17344	-0.01081
17345	-0.02073
17346	-0.02465
17347	-0.03065
17348	-0.02001
17349	-0.00310
17350	0.00010
17351	-0.00239
17352	-0.00319
17353	0.01747
17354	0.06283
17355	0.06848
17356	0.03966
17357	0.03410
17358	0.06864
17359	0.11675
17360	0.11797
17361	0.05738
17362	-0.00966
17363	-0.03703
17364	-0.02442
17365	-0.00733
17366	-0.02023
17367	-0.00145
17368	-0.00800
17369	-0.02768
17370	-0.11817
17371	0.09171
17372	0.17447
17373	-0.03575
17374	0.21077
17375	0.33458
17376	0.29200
17377	0.46524
17378	0.18484
17379	-0.04161
17380	-0.06926
17381	0.01459
17382	0.12531
17383	0.20111
17384	0.29302
17385	0.38593
17386	0.41840
17387	0.32066
17388	0.25782
17389	0.16820
17390	0.05151
17391	-0.00016
17392	-0.02433
17393	0.02065
17394	0.06868
17395	0.05583
17396	0.03865
17397	0.04388
17398	0.04711
17399	0.04299
17400	0.03724
17401	0.02068
17402	0.00370
17403	0.00024
17404	-0.00617
17405	0.00185
17406	0.00488
17407	0.00269
17408	0.01370
17409	0.00658
17410	-0.00719
17411	0.00481
17412	0.00950
17413	-0.02436
17414	-0.06374
17415	-0.04225
17416	-0.01527
17417	-0.04336
17418	-0.03637
17419	-0.00754
17420	0.03592
17421	0.06355
17422	0.05369
17423	0.02949
17424	0.00138
17425	-0.02258
17426	-0.04057
17427	-0.04690
17428	-0.04583
17429	-0.01760
17430	-0.01283
17431	0.00255
17432	0.04749
17433	0.07314
17434	0.09175
17435	0.05806
17436	0.04061
17437	0.03799
17438	0.10528
17439	0.11982
17440	0.04782
17441	0.06726
17442	0.12675
17443	0.11597
17444	0.08388
17445	0.00816
17446	-0.05050
17447	-0.03529
17448	-0.02534
17449	-0.09784
17450	-0.07613
17451	-0.04387
17452	-0.03003
17453	-0.00649
17454	0.00068
17455	0.00241
17456	0.00023
17457	-0.00754
17458	-0.01010
17459	-0.00311
17460	0.00509
17461	0.00574
17462	0.01405
17463	0.03585
17464	0.05009
17465	0.05411
17466	0.05992
17467	0.06151
17468	0.05316
17469	0.03486
17470	0.01458
17471	-0.00083
17472	-0.01308
17473	-0.02056
17474	-0.01975
17475	-0.01654
17476	-0.01235
17477	-0.00224
17478	0.00100
17479	-0.00104
17480	-0.00124
17481	0.00412
17482	0.02870
17483	0.06145
17484	0.04229
17485	0.02098
17486	0.06537
17487	0.11087
17488	0.08798
17489	0.02782
17490	-0.01347
17491	-0.01927
17492	-0.00509
17493	-0.00258
17494	0.10063
17495	0.04088
17496	-0.00409
17497	0.03702
17498	-0.01210
17499	0.10860
17500	0.03169
17501	-0.05817
17502	0.01512
17503	0.07242
17504	0.43950
17505	0.50233
17506	0.12226
17507	-0.12278
17508	-0.21025
17509	-0.05197
17510	0.10020
17511	0.14348
17512	0.22181
17513	0.35215
17514	0.26230
17515	0.16053
17516	0.11376
17517	0.08581
17518	0.07032
17519	0.05292
17520	0.02406
17521	-0.05502
17522	-0.08544
17523	-0.05687
17524	-0.03173
17525	-0.00214
17526	-0.00065
17527	-0.01284
17528	-0.03241
17529	-0.01855
17530	0.02355
17531	0.02897
17532	0.04110
17533	0.01317
17534	0.00036
17535	0.00731
17536	0.00841
17537	0.00128
17538	0.00515
17539	0.02499
17540	0.04042
17541	0.02943
17542	0.01848
17543	0.01257
17544	0.00623
17545	0.00329
17546	0.00858
17547	0.01343
17548	0.01005
17549	0.00904
17550	0.00979
17551	0.01138
17552	0.01700
17553	0.01714
17554	0.00654
17555	-0.00038
17556	0.00085
17557	0.01638
17558	0.01056
17559	0.00130
17560	-0.01163
17561	-0.00336
17562	0.00206
17563	-0.00026
17564	0.00298
17565	-0.01200
17566	-0.02906
17567	-0.01230
17568	-0.01781
17569	-0.00576
17570	-0.00823
17571	-0.04148
17572	-0.04023
17573	-0.02985
17574	-0.06481
17575	-0.07732
17576	-0.01595
17577	-0.00127
17578	-0.02051
17579	-0.02348
17580	-0.00121
17581	-0.00071
17582	-0.00019
17583	0.00158
17584	0.00361
17585	0.01072
17586	0.03532
17587	0.03531
17588	0.01848
17589	0.01803
17590	0.05183
17591	0.06724
17592	0.04703
17593	-0.00231
17594	0.01762
17595	-0.06251
17596	-0.09372
17597	-0.03549
17598	0.06407
17599	0.01032
17600	0.01808
17601	0.02173
17602	0.02326
17603	0.02158
17604	0.01779
17605	0.01372
17606	0.01095
17607	0.01074
17608	0.01113
17609	0.00928
17610	0.00671
17611	0.00597
17612	0.00557
17613	0.00421
17614	0.00164
17615	-0.00269
17616	-0.00426
17617	-0.00248
17618	-0.00344
17619	-0.00726
17620	-0.00833
17621	-0.00862
17622	-0.00868
17623	-0.00509
17624	-0.00068
17625	0.00245
17626	0.00303
17627	0.00152
17628	-0.00002
17629	0.00214
17630	0.00825
17631	0.01146
17632	0.00940
17633	0.00733
17634	0.00588
17635	0.00475
17636	0.00472
17637	0.00485
17638	0.00436
17639	0.00378
17640	0.00321
17641	0.00217
17642	0.00082
17643	-0.00023
17644	-0.00157
17645	-0.06633
17646	-0.07457
17647	-0.00269
17648	-0.01167
17649	0.07160
17650	0.11199
17651	-0.00336
17652	-0.01265
17653	0.02044
17654	-0.00647
17655	0.00816
17656	-0.00280
17657	-0.01079
17658	-0.00198
17659	0.00674
17660	0.00764
17661	-0.00145
17662	-0.00895
17663	-0.01460
17664	-0.01873
17665	-0.02625
17666	-0.02972
17667	-0.01562
17668	-0.00255
17669	-0.00083
17670	0.00077
17671	0.00793
17672	0.01179
17673	0.00910
17674	0.00471
17675	-0.00199
17676	-0.00656
17677	-0.00248
17678	0.00227
17679	-0.00029
17680	-0.00269
17681	-0.00591
17682	-0.00820
17683	-0.00409
17684	0.00072
17685	0.00594
17686	0.00812
17687	-0.00021
17688	0.00144
17689	0.01171
17690	0.00647
17691	-0.01004
17692	-0.00496
17693	0.01489
17694	-0.01262
17695	-0.03236
17696	-0.01196
17697	0.00165
17698	-0.00068
17699	-0.00280
17700	0.00673
17701	0.00290
17702	-0.00051
17703	0.00738
17704	0.01292
17705	0.00497
17706	0.00154
17707	0.00383
17708	0.00250
17709	0.00022
17710	-0.00238
17711	-0.01090
17712	-0.00620
17713	0.00036
17714	0.00096
17715	-0.00812
17716	-0.01257
17717	-0.00449
17718	-0.00255
17719	-0.00210
17720	-0.00165
17721	-0.00124
17722	-0.00487
17723	-0.00907
17724	-0.00419
17725	0.00067
17726	-0.00043
17727	-0.00257
17728	-0.00390
17729	-0.00301
17730	-0.00084
17731	-0.00005
17732	0.00028
17733	-0.00078
17734	-0.00417
17735	-0.00865
17736	-0.00693
17737	-0.00120
17738	-0.00021
17739	-0.00276
17740	-0.00156
17741	-0.00048
17742	0.00012
17743	-0.00085
17744	-0.00403
17745	-0.00518
17746	-0.00408
17747	-0.00160
17748	0.00063
17749	0.00137
17750	0.00403
17751	0.00393
17752	0.00144
17753	0.00116
17754	0.00404
17755	0.01001
17756	0.00963
17757	0.00446
17758	0.00168
17759	0.00140
17760	0.00104
17761	-0.00044
17762	-0.00087
17763	-0.00123
17764	-0.00178
17765	-0.00207
17766	-0.00136
17767	0.00266
17768	0.00570
17769	0.00671
17770	0.00697
17771	0.00560
17772	0.00573
17773	0.00429
17774	0.00514
17775	0.00391
17776	0.00102
17777	-0.00250
17778	-0.00167
17779	-0.00184
17780	-0.00350
17781	-0.00202
17782	0.00011
17783	0.00257
17784	0.00300
17785	0.00178
17786	-0.00172
17787	-0.00610
17788	-0.00412
17789	-0.00090
17790	-0.00028
17791	-0.00001
17792	-0.00103
17793	-0.00436
17794	-0.00496
17795	-0.00180
17796	-0.00071
17797	-0.00088
17798	-0.00156
17799	-0.00215
17800	-0.00262
17801	-0.00094
17802	0.00275
17803	0.00682
17804	0.00740
17805	-0.00058
17806	-0.00421
17807	-0.00449
17808	-0.00460
17809	-0.00645
17810	-0.00648
17811	-0.00191
17812	0.00150
17813	0.00088
17814	-0.00042
17815	-0.00162
17816	-0.00188
17817	-0.00221
17818	-0.00271
17819	-0.00359
17820	-0.00336
17821	-0.00196
17822	-0.00162
17823	-0.00191
17824	-0.00202
17825	-0.00163
17826	-0.00175
17827	-0.00180
17828	0.00003
17829	0.00141
17830	0.00209
17831	0.00237
17832	0.00137
17833	0.00085
17834	0.00078
17835	0.00121
17836	0.00065
17837	-0.00036
17838	-0.00071
17839	0.00019
17840	0.00170
17841	0.00372
17842	0.00275
17843	
17844	