1	
2	
3	-0.03071
4	-0.02955
5	-0.02916
6	-0.03030
7	-0.03243
8	-0.03238
9	-0.02995
10	-0.02898
11	-0.02736
12	-0.02560
13	-0.02682
14	-0.02763
15	-0.02740
16	-0.02645
17	-0.02777
18	-0.02700
19	-0.02436
20	-0.02603
21	-0.02863
22	-0.02795
23	-0.02587
24	-0.02784
25	-0.02964
26	-0.02774
27	-0.02626
28	-0.02785
29	-0.02693
30	-0.02503
31	-0.02566
32	-0.02650
33	-0.02670
34	-0.02623
35	-0.02864
36	-0.02987
37	-0.02579
38	-0.02548
39	-0.02769
40	-0.02671
41	-0.02413
42	-0.02221
43	-0.02308
44	-0.02547
45	-0.02348
46	-0.02467
47	-0.02565
48	-0.02624
49	-0.02801
50	-0.02922
51	-0.02968
52	-0.02889
53	-0.02479
54	-0.02678
55	-0.02975
56	-0.02956
57	-0.02849
58	-0.02854
59	-0.03005
60	-0.02794
61	-0.02851
62	-0.02739
63	-0.02450
64	-0.02580
65	-0.02668
66	-0.02583
67	-0.02584
68	-0.02970
69	-0.03104
70	-0.02888
71	-0.02563
72	-0.02895
73	-0.03015
74	-0.02467
75	-0.02619
76	-0.02941
77	-0.02819
78	-0.02618
79	-0.02597
80	-0.02632
81	-0.02615
82	-0.02590
83	-0.02683
84	-0.02514
85	-0.02363
86	-0.02246
87	-0.01566
88	-0.01803
89	-0.02859
90	-0.02922
91	-0.02572
92	-0.02579
93	-0.02781
94	-0.02868
95	-0.02991
96	-0.02952
97	-0.02506
98	-0.02282
99	-0.02845
100	-0.02934
101	-0.02850
102	-0.03101
103	-0.03000
104	-0.02783
105	-0.02717
106	-0.02741
107	-0.02688
108	-0.02713
109	-0.02870
110	-0.02821
111	-0.02458
112	-0.02730
113	-0.02896
114	-0.02607
115	-0.02580
116	-0.02527
117	-0.02684
118	-0.02778
119	-0.02752
120	-0.02815
121	-0.02718
122	-0.02677
123	-0.02823
124	-0.02615
125	-0.02556
126	-0.02839
127	-0.02780
128	-0.02730
129	-0.02818
130	-0.02748
131	-0.02663
132	-0.02556
133	-0.02690
134	-0.02811
135	-0.02610
136	-0.02688
137	-0.02902
138	-0.02626
139	-0.02489
140	-0.02398
141	-0.02378
142	-0.02633
143	-0.02927
144	-0.02852
145	-0.02427
146	-0.02325
147	-0.02468
148	-0.02278
149	-0.02013
150	-0.02071
151	-0.02077
152	-0.02129
153	-0.02291
154	-0.02469
155	-0.02363
156	-0.02286
157	-0.02585
158	-0.02722
159	-0.02509
160	-0.02610
161	-0.02466
162	-0.02322
163	-0.02301
164	-0.02560
165	-0.02748
166	-0.02676
167	-0.02702
168	-0.02452
169	-0.02086
170	-0.02122
171	-0.02282
172	-0.02350
173	-0.03072
174	-0.04059
175	-0.03574
176	-0.03452
177	-0.03106
178	-0.03460
179	-0.03120
180	-0.01615
181	-0.00844
182	-0.01943
183	-0.02773
184	-0.02936
185	-0.02921
186	-0.02679
187	-0.02887
188	-0.03108
189	-0.02859
190	-0.02408
191	-0.02551
192	-0.02605
193	-0.02600
194	-0.02758
195	-0.02682
196	-0.01957
197	-0.02027
198	-0.03706
199	-0.04240
200	-0.04392
201	-0.03015
202	-0.02326
203	-0.02298
204	-0.02322
205	-0.01862
206	-0.01783
207	-0.02202
208	-0.01939
209	-0.01514
210	-0.01337
211	-0.01798
212	-0.02105
213	-0.02127
214	-0.02447
215	-0.02777
216	-0.02579
217	-0.02333
218	-0.02631
219	-0.02613
220	-0.01981
221	-0.01732
222	-0.02211
223	-0.02538
224	-0.02526
225	-0.02566
226	-0.02735
227	-0.02654
228	-0.02224
229	-0.02233
230	-0.02916
231	-0.03269
232	-0.02892
233	-0.02563
234	-0.02727
235	-0.03109
236	-0.03258
237	-0.03352
238	-0.03431
239	-0.03355
240	-0.03108
241	-0.03007
242	-0.03291
243	-0.03415
244	-0.03095
245	-0.02708
246	-0.02827
247	-0.03246
248	-0.03307
249	-0.03045
250	-0.03002
251	-0.03110
252	-0.03000
253	-0.03030
254	-0.03293
255	-0.03413
256	-0.03159
257	-0.02992
258	-0.03157
259	-0.03347
260	-0.03261
261	-0.03138
262	-0.03196
263	-0.03372
264	-0.03310
265	-0.03167
266	-0.03300
267	-0.03028
268	-0.02770
269	-0.02638
270	-0.02596
271	-0.02814
272	-0.02975
273	-0.02845
274	-0.02643
275	-0.02552
276	-0.02659
277	-0.02748
278	-0.02679
279	-0.02334
280	-0.01673
281	-0.01568
282	-0.02136
283	-0.02243
284	-0.01855
285	-0.02084
286	-0.02282
287	-0.02128
288	-0.02168
289	-0.01970
290	-0.01926
291	-0.02155
292	-0.02107
293	-0.01813
294	-0.01889
295	-0.02158
296	-0.02514
297	-0.02497
298	-0.02197
299	-0.01986
300	-0.01778
301	-0.02036
302	-0.02397
303	-0.02128
304	-0.01572
305	-0.01648
306	-0.02217
307	-0.02283
308	-0.02178
309	-0.02142
310	-0.01994
311	-0.01931
312	-0.02283
313	-0.02663
314	-0.02458
315	-0.02139
316	-0.02068
317	-0.02065
318	-0.02142
319	-0.02342
320	-0.02334
321	-0.02119
322	-0.02063
323	-0.02005
324	-0.02140
325	-0.02486
326	-0.02864
327	-0.02761
328	-0.02492
329	-0.02422
330	-0.02692
331	-0.02964
332	-0.02948
333	-0.02671
334	-0.02361
335	-0.02525
336	-0.02821
337	-0.02647
338	-0.02854
339	-0.03057
340	-0.02976
341	-0.02746
342	-0.02744
343	-0.02925
344	-0.03077
345	-0.03061
346	-0.03187
347	-0.02847
348	-0.02607
349	-0.03519
350	-0.04227
351	-0.03409
352	-0.02875
353	-0.03161
354	-0.03078
355	-0.02889
356	-0.03071
357	-0.03107
358	-0.02901
359	-0.02648
360	-0.02817
361	-0.02834
362	-0.02762
363	-0.02571
364	-0.02586
365	-0.02890
366	-0.03203
367	-0.02941
368	-0.02470
369	-0.02325
370	-0.02355
371	-0.02543
372	-0.03070
373	-0.03317
374	-0.02839
375	-0.02810
376	-0.02812
377	-0.02673
378	-0.02724
379	-0.02490
380	-0.02192
381	-0.02330
382	-0.02357
383	-0.02428
384	-0.02582
385	-0.02636
386	-0.02430
387	-0.02695
388	-0.02685
389	-0.02758
390	-0.03014
391	-0.02765
392	-0.02372
393	-0.02331
394	-0.02573
395	-0.02729
396	-0.02680
397	-0.02599
398	-0.02597
399	-0.02612
400	-0.02747
401	-0.02731
402	-0.02421
403	-0.02325
404	-0.02322
405	-0.02225
406	-0.02410
407	-0.02480
408	-0.02621
409	-0.02778
410	-0.02840
411	-0.02924
412	-0.02749
413	-0.02894
414	-0.03280
415	-0.02951
416	-0.02460
417	-0.02635
418	-0.02737
419	-0.02842
420	-0.02762
421	-0.02940
422	-0.03073
423	-0.02632
424	-0.02917
425	-0.03115
426	-0.02859
427	-0.02981
428	-0.02835
429	-0.02726
430	-0.02905
431	-0.03132
432	-0.02949
433	-0.02695
434	-0.02653
435	-0.02720
436	-0.02578
437	-0.02708
438	-0.02832
439	-0.02626
440	-0.02701
441	-0.02944
442	-0.02896
443	-0.02795
444	-0.02616
445	-0.02566
446	-0.02675
447	-0.02867
448	-0.03335
449	-0.03812
450	-0.04356
451	-0.02499
452	-0.00323
453	-0.01415
454	-0.03440
455	-0.02718
456	-0.02559
457	-0.02362
458	-0.02638
459	-0.03271
460	-0.03335
461	-0.03213
462	-0.03202
463	-0.03041
464	-0.02938
465	-0.02981
466	-0.02880
467	-0.02585
468	-0.02344
469	-0.02541
470	-0.02200
471	-0.02333
472	-0.03970
473	-0.03935
474	-0.01883
475	-0.01534
476	-0.04058
477	-0.04971
478	-0.03696
479	-0.01988
480	-0.03324
481	-0.02201
482	-0.01144
483	-0.03245
484	-0.02378
485	-0.02152
486	-0.03091
487	-0.01828
488	-0.01359
489	-0.02951
490	-0.02722
491	-0.02200
492	-0.02295
493	-0.02284
494	-0.02528
495	-0.02357
496	-0.03898
497	-0.04209
498	-0.01708
499	-0.01197
500	-0.02282
501	-0.02216
502	-0.02196
503	-0.03189
504	-0.01568
505	-0.00049
506	-0.01097
507	-0.01774
508	-0.01541
509	-0.00914
510	-0.01366
511	-0.01213
512	-0.00554
513	-0.01849
514	-0.02548
515	-0.01017
516	-0.00037
517	-0.01144
518	-0.01947
519	-0.01753
520	-0.02024
521	-0.01647
522	-0.01477
523	-0.01106
524	-0.01319
525	-0.02475
526	-0.01887
527	-0.01827
528	-0.00271
529	-0.00782
530	-0.02547
531	-0.01573
532	-0.01377
533	-0.02260
534	-0.01212
535	-0.00437
536	-0.01237
537	-0.02077
538	-0.03804
539	-0.01606
540	-0.00561
541	-0.01481
542	-0.03062
543	-0.04313
544	-0.04026
545	-0.02381
546	-0.01386
547	-0.03030
548	-0.03579
549	-0.03657
550	-0.04510
551	-0.02390
552	-0.01131
553	-0.03238
554	-0.02159
555	-0.00217
556	-0.00376
557	0.03867
558	0.05192
559	0.04493
560	0.03585
561	0.03502
562	0.03776
563	0.03807
564	0.03293
565	0.02431
566	0.01991
567	0.02095
568	0.02018
569	0.01738
570	0.01842
571	0.01936
572	0.01580
573	0.01271
574	0.00935
575	0.00187
576	-0.00478
577	-0.00673
578	-0.00764
579	-0.00875
580	-0.00876
581	-0.00876
582	-0.01071
583	-0.01639
584	0.01459
585	0.03179
586	-0.03534
587	-0.08667
588	0.03516
589	0.09798
590	-0.01777
591	0.00695
592	0.18019
593	0.19307
594	0.11662
595	0.15579
596	0.18203
597	0.12460
598	0.15566
599	0.25823
600	0.18449
601	0.06435
602	0.11504
603	0.17218
604	0.18620
605	0.16180
606	0.15285
607	0.08365
608	0.06133
609	0.15313
610	0.16050
611	0.09087
612	0.10373
613	0.09064
614	0.04392
615	0.06450
616	0.08939
617	0.06234
618	-0.00278
619	0.00953
620	0.03767
621	0.01689
622	-0.00025
623	0.00957
624	-0.00341
625	-0.05316
626	0.00950
627	0.05183
628	-0.01697
629	-0.03671
630	-0.04853
631	-0.02348
632	-0.02687
633	-0.07973
634	-0.04197
635	-0.03033
636	-0.10237
637	-0.09760
638	-0.07139
639	-0.11299
640	-0.07162
641	-0.08362
642	-0.13664
643	-0.09488
644	-0.11436
645	-0.10516
646	-0.09146
647	-0.13580
648	-0.10929
649	-0.09668
650	-0.15623
651	-0.07010
652	-0.03051
653	-0.14723
654	-0.12000
655	-0.05161
656	-0.09177
657	-0.07150
658	0.01166
659	-0.01707
660	-0.06874
661	-0.06432
662	0.01069
663	0.05319
664	-0.00655
665	0.00458
666	0.01994
667	0.02502
668	0.02255
669	0.02334
670	0.03621
671	0.05518
672	0.06280
673	0.05531
674	0.04269
675	0.03101
676	0.02339
677	0.02387
678	0.03114
679	0.03717
680	0.03687
681	0.03365
682	0.02850
683	0.02189
684	0.02019
685	0.02177
686	0.02008
687	0.01406
688	0.00480
689	-0.00046
690	0.00052
691	-0.00285
692	-0.01100
693	-0.01317
694	-0.00997
695	-0.00824
696	-0.00821
697	-0.00966
698	-0.01441
699	-0.02078
700	-0.02482
701	-0.02492
702	-0.02192
703	-0.01720
704	-0.01232
705	0.04135
706	-0.07257
707	-0.08801
708	0.02643
709	0.10459
710	0.05087
711	-0.07120
712	0.04162
713	0.23647
714	0.26310
715	0.28414
716	0.27436
717	0.22774
718	0.19258
719	0.35556
720	0.43920
721	0.27910
722	0.20180
723	0.21438
724	0.27527
725	0.30623
726	0.24998
727	0.23937
728	0.15868
729	0.09935
730	0.17061
731	0.17481
732	0.11031
733	0.12164
734	0.05979
735	0.03499
736	0.06661
737	0.04859
738	0.05089
739	0.01538
740	-0.04059
741	-0.01548
742	-0.00176
743	-0.05488
744	-0.05439
745	-0.04822
746	-0.04754
747	-0.07618
748	-0.09354
749	-0.07694
750	-0.05486
751	-0.09080
752	-0.14847
753	-0.10099
754	-0.10642
755	-0.14575
756	-0.13590
757	-0.15086
758	-0.17989
759	-0.17117
760	-0.17621
761	-0.13723
762	-0.16986
763	-0.18841
764	-0.15362
765	-0.13992
766	-0.18405
767	-0.09705
768	-0.10202
769	-0.19484
770	-0.09167
771	-0.06239
772	-0.11751
773	-0.07750
774	-0.05871
775	-0.06425
776	-0.04050
777	-0.07428
778	-0.04937
779	-0.03637
780	-0.02418
781	-0.01245
782	0.00217
783	0.02385
784	0.04910
785	0.06739
786	0.06494
787	0.04514
788	0.03405
789	0.03724
790	0.03483
791	0.02898
792	0.03956
793	0.06058
794	0.06666
795	0.05452
796	0.04495
797	0.04460
798	0.04088
799	0.03238
800	0.02878
801	0.02732
802	0.01377
803	-0.00519
804	-0.01079
805	-0.01205
806	-0.01998
807	-0.02425
808	-0.01984
809	-0.01265
810	-0.01085
811	-0.02007
812	-0.03485
813	-0.04416
814	-0.04215
815	-0.03020
816	-0.02569
817	0.03956
818	-0.02896
819	-0.11585
820	0.04285
821	0.15292
822	0.02029
823	-0.09796
824	0.16076
825	0.40039
826	0.33857
827	0.35086
828	0.36216
829	0.25948
830	0.29554
831	0.43644
832	0.54862
833	0.38906
834	0.22888
835	0.29104
836	0.27555
837	0.23533
838	0.24494
839	0.25309
840	0.16546
841	0.07060
842	0.08966
843	0.12492
844	0.08232
845	0.03729
846	-0.00397
847	0.01478
848	0.00992
849	-0.05457
850	0.02259
851	-0.01463
852	-0.07079
853	-0.07250
854	-0.09219
855	-0.06716
856	-0.09869
857	-0.09922
858	-0.11755
859	-0.11621
860	-0.19008
861	-0.19619
862	-0.18518
863	-0.23757
864	-0.22547
865	-0.24384
866	-0.24030
867	-0.18422
868	-0.24827
869	-0.19891
870	-0.18518
871	-0.25489
872	-0.22163
873	-0.23889
874	-0.17631
875	-0.14775
876	-0.18465
877	-0.14962
878	-0.12905
879	-0.08947
880	-0.07972
881	-0.08764
882	-0.05610
883	-0.00590
884	-0.01198
885	-0.03411
886	-0.06742
887	-0.06457
888	-0.03074
889	0.00853
890	0.03628
891	0.05389
892	0.06413
893	0.05599
894	0.02909
895	0.01198
896	0.01858
897	0.02638
898	0.02156
899	0.02193
900	0.03957
901	0.05866
902	0.06270
903	0.05393
904	0.04342
905	0.03795
906	0.03660
907	0.03225
908	0.01529
909	-0.00787
910	-0.01559
911	-0.00888
912	-0.00944
913	-0.02058
914	-0.02882
915	-0.02678
916	-0.01990
917	-0.02055
918	-0.03354
919	-0.04813
920	-0.05090
921	-0.04168
922	-0.02703
923	-0.01418
924	0.01859
925	-0.08266
926	-0.15028
927	-0.02500
928	0.16149
929	0.06688
930	-0.05449
931	0.10548
932	0.31216
933	0.48791
934	0.54302
935	0.39683
936	0.31749
937	0.35017
938	0.44124
939	0.51988
940	0.44753
941	0.22152
942	0.24922
943	0.39978
944	0.33328
945	0.23622
946	0.23230
947	0.22592
948	0.10290
949	0.01797
950	0.14457
951	0.13554
952	-0.06037
953	-0.02764
954	0.05902
955	-0.01082
956	-0.05542
957	-0.01672
958	-0.00723
959	-0.07133
960	-0.09024
961	-0.05206
962	-0.08159
963	-0.12336
964	-0.08510
965	-0.08707
966	-0.18488
967	-0.20248
968	-0.15253
969	-0.18846
970	-0.22916
971	-0.19014
972	-0.20192
973	-0.22065
974	-0.23898
975	-0.17034
976	-0.19287
977	-0.22411
978	-0.21270
979	-0.23954
980	-0.15773
981	-0.13628
982	-0.19617
983	-0.15554
984	-0.07287
985	-0.11866
986	-0.12591
987	-0.05980
988	-0.04664
989	-0.02965
990	-0.07156
991	-0.04935
992	-0.03428
993	-0.00146
994	0.01767
995	0.02008
996	0.03296
997	0.05313
998	0.05155
999	0.03128
1000	0.01835
1001	0.02004
1002	0.02750
1003	0.03197
1004	0.02970
1005	0.02808
1006	0.03507
1007	0.04272
1008	0.04229
1009	0.03807
1010	0.03495
1011	0.03747
1012	0.04475
1013	0.03665
1014	0.00931
1015	-0.00658
1016	-0.00479
1017	-0.00983
1018	-0.02034
1019	-0.02210
1020	-0.01666
1021	-0.01117
1022	-0.01397
1023	-0.02834
1024	-0.04456
1025	-0.04961
1026	-0.04255
1027	-0.03136
1028	0.00263
1029	0.03719
1030	-0.02766
1031	-0.05965
1032	0.06848
1033	0.20606
1034	0.07748
1035	-0.04125
1036	0.24609
1037	0.56770
1038	0.55434
1039	0.20739
1040	0.22009
1041	0.49577
1042	0.49937
1043	0.45289
1044	0.34178
1045	0.29172
1046	0.40981
1047	0.32516
1048	0.21187
1049	0.24176
1050	0.23160
1051	0.18082
1052	0.03283
1053	0.03457
1054	0.18292
1055	0.00379
1056	-0.07892
1057	0.03089
1058	0.01048
1059	-0.04407
1060	-0.04884
1061	0.01415
1062	-0.01529
1063	-0.06220
1064	-0.09134
1065	-0.02806
1066	-0.09111
1067	-0.16510
1068	-0.06920
1069	-0.10953
1070	-0.18201
1071	-0.18264
1072	-0.16076
1073	-0.18593
1074	-0.22750
1075	-0.15033
1076	-0.17605
1077	-0.25162
1078	-0.17786
1079	-0.19850
1080	-0.21664
1081	-0.17172
1082	-0.13655
1083	-0.09941
1084	-0.20395
1085	-0.18475
1086	-0.01164
1087	-0.09762
1088	-0.13764
1089	-0.00216
1090	0.02618
1091	-0.05230
1092	-0.04772
1093	-0.05101
1094	-0.02377
1095	0.01410
1096	0.04315
1097	0.06155
1098	0.07247
1099	0.06726
1100	0.04543
1101	0.03440
1102	0.03990
1103	0.03850
1104	0.03295
1105	0.04677
1106	0.07386
1107	0.08182
1108	0.06675
1109	0.05442
1110	0.04971
1111	0.04289
1112	0.04121
1113	0.04279
1114	0.02601
1115	-0.00382
1116	-0.01590
1117	-0.01191
1118	-0.01457
1119	-0.02255
1120	-0.02289
1121	-0.01691
1122	-0.01480
1123	-0.02241
1124	-0.03751
1125	-0.04957
1126	-0.04891
1127	-0.03811
1128	-0.02414
1129	-0.01159
1130	0.00954
1131	-0.03319
1132	-0.13485
1133	-0.13214
1134	0.14920
1135	0.20842
1136	-0.11830
1137	-0.08789
1138	0.21990
1139	0.35016
1140	0.38816
1141	0.44189
1142	0.40051
1143	0.27104
1144	0.34232
1145	0.55211
1146	0.53010
1147	0.39628
1148	0.36856
1149	0.32230
1150	0.32111
1151	0.29093
1152	0.24156
1153	0.27763
1154	0.15999
1155	0.04572
1156	0.14223
1157	0.11577
1158	0.03659
1159	0.01197
1160	-0.03626
1161	-0.01657
1162	-0.00948
1163	-0.04544
1164	-0.03606
1165	-0.03137
1166	-0.06870
1167	-0.09325
1168	-0.10641
1169	-0.12633
1170	-0.12190
1171	-0.16110
1172	-0.20962
1173	-0.24101
1174	-0.22340
1175	-0.27215
1176	-0.28516
1177	-0.27770
1178	-0.22176
1179	-0.24281
1180	-0.28587
1181	-0.20485
1182	-0.22171
1183	-0.24175
1184	-0.15448
1185	-0.17492
1186	-0.16919
1187	-0.20817
1188	-0.10110
1189	-0.13306
1190	-0.20407
1191	-0.05347
1192	-0.00424
1193	-0.05466
1194	-0.04262
1195	-0.02975
1196	-0.05114
1197	-0.03541
1198	0.00578
1199	0.03707
1200	0.05657
1201	0.07518
1202	0.07765
1203	0.05334
1204	0.02832
1205	0.02936
1206	0.04463
1207	0.05469
1208	0.05920
1209	0.05936
1210	0.05871
1211	0.06281
1212	0.06655
1213	0.06028
1214	0.04239
1215	0.02569
1216	0.02369
1217	0.02619
1218	0.01498
1219	-0.00313
1220	-0.01232
1221	-0.01601
1222	-0.02204
1223	-0.02656
1224	-0.02139
1225	-0.01133
1226	-0.01285
1227	-0.02740
1228	-0.04128
1229	-0.04614
1230	-0.04163
1231	-0.02938
1232	-0.01340
1233	0.00053
1234	0.02270
1235	-0.09899
1236	-0.13683
1237	0.04595
1238	0.16431
1239	0.00509
1240	-0.04927
1241	0.17339
1242	0.39115
1243	0.35341
1244	0.43339
1245	0.49817
1246	0.35488
1247	0.42013
1248	0.50708
1249	0.51307
1250	0.47946
1251	0.28180
1252	0.30705
1253	0.36274
1254	0.26826
1255	0.24404
1256	0.21402
1257	0.14678
1258	0.11663
1259	0.10270
1260	0.10500
1261	0.05767
1262	-0.00677
1263	-0.03669
1264	-0.04783
1265	0.00907
1266	-0.01121
1267	-0.02399
1268	-0.07328
1269	-0.05196
1270	-0.05015
1271	-0.13695
1272	-0.09570
1273	-0.13663
1274	-0.18512
1275	-0.18048
1276	-0.20883
1277	-0.20175
1278	-0.23133
1279	-0.27617
1280	-0.21083
1281	-0.18026
1282	-0.27060
1283	-0.20605
1284	-0.17077
1285	-0.21121
1286	-0.28815
1287	-0.18969
1288	-0.07873
1289	-0.16647
1290	-0.19371
1291	-0.12310
1292	-0.06993
1293	-0.14180
1294	-0.15565
1295	-0.02658
1296	0.04235
1297	-0.11380
1298	-0.10874
1299	-0.02415
1300	-0.04087
1301	-0.04250
1302	-0.01478
1303	0.02727
1304	0.05643
1305	0.06919
1306	0.06658
1307	0.04302
1308	0.01339
1309	0.00484
1310	0.02471
1311	0.05132
1312	0.06141
1313	0.05586
1314	0.04555
1315	0.03932
1316	0.04262
1317	0.04554
1318	0.03859
1319	0.03572
1320	0.04112
1321	0.03064
1322	0.00593
1323	-0.00283
1324	-0.00125
1325	-0.01010
1326	-0.01959
1327	-0.02061
1328	-0.01712
1329	-0.01272
1330	-0.01565
1331	-0.03084
1332	-0.04813
1333	-0.05373
1334	-0.04717
1335	-0.03476
1336	-0.02019
1337	0.01139
1338	-0.02012
1339	-0.13444
1340	-0.16340
1341	0.09006
1342	0.20373
1343	0.02556
1344	-0.05687
1345	0.20234
1346	0.39915
1347	0.45665
1348	0.45427
1349	0.40854
1350	0.32589
1351	0.36449
1352	0.55023
1353	0.55756
1354	0.40072
1355	0.32499
1356	0.33655
1357	0.42077
1358	0.34388
1359	0.26477
1360	0.28689
1361	0.15013
1362	0.12475
1363	0.15499
1364	0.08842
1365	0.08627
1366	0.04105
1367	-0.03555
1368	-0.03022
1369	-0.02364
1370	-0.02957
1371	-0.02270
1372	-0.05601
1373	-0.05854
1374	-0.06612
1375	-0.12213
1376	-0.09343
1377	-0.09552
1378	-0.16887
1379	-0.14711
1380	-0.19515
1381	-0.21510
1382	-0.20454
1383	-0.24143
1384	-0.18901
1385	-0.20769
1386	-0.27200
1387	-0.20155
1388	-0.20592
1389	-0.21955
1390	-0.22951
1391	-0.19562
1392	-0.09529
1393	-0.18562
1394	-0.20899
1395	-0.08014
1396	-0.08464
1397	-0.19097
1398	-0.08232
1399	0.02455
1400	-0.06914
1401	-0.06190
1402	0.04067
1403	-0.02468
1404	-0.03374
1405	-0.01779
1406	-0.00109
1407	0.01535
1408	0.04567
1409	0.07638
1410	0.08639
1411	0.07118
1412	0.04250
1413	0.02999
1414	0.04294
1415	0.05026
1416	0.04603
1417	0.06040
1418	0.08145
1419	0.07787
1420	0.06344
1421	0.05444
1422	0.04344
1423	0.03443
1424	0.03412
1425	0.03010
1426	0.01306
1427	-0.00413
1428	-0.01114
1429	-0.01855
1430	-0.03145
1431	-0.03636
1432	-0.02645
1433	-0.01392
1434	-0.01482
1435	-0.03113
1436	-0.04856
1437	-0.05312
1438	-0.04385
1439	-0.02537
1440	0.04060
1441	0.00584
1442	-0.10397
1443	-0.17207
1444	-0.03772
1445	0.14189
1446	0.03928
1447	-0.15885
1448	-0.04382
1449	0.26652
1450	0.45755
1451	0.33488
1452	0.25945
1453	0.27590
1454	0.32826
1455	0.46548
1456	0.46915
1457	0.40429
1458	0.41080
1459	0.36482
1460	0.32094
1461	0.29389
1462	0.25063
1463	0.22950
1464	0.17103
1465	0.15386
1466	0.13973
1467	0.04705
1468	0.02922
1469	0.04215
1470	-0.01969
1471	-0.07955
1472	-0.03446
1473	-0.02027
1474	-0.06465
1475	-0.03874
1476	-0.05804
1477	-0.09153
1478	-0.05327
1479	-0.11501
1480	-0.13729
1481	-0.11515
1482	-0.17155
1483	-0.14330
1484	-0.18528
1485	-0.24180
1486	-0.18016
1487	-0.19896
1488	-0.25849
1489	-0.22444
1490	-0.22468
1491	-0.21934
1492	-0.17151
1493	-0.24157
1494	-0.19154
1495	-0.08171
1496	-0.16724
1497	-0.20449
1498	-0.10825
1499	-0.08308
1500	-0.10408
1501	-0.11858
1502	-0.02909
1503	-0.00463
1504	-0.07783
1505	-0.03027
1506	-0.02211
1507	-0.00003
1508	0.01573
1509	0.01026
1510	0.01198
1511	0.03807
1512	0.06211
1513	0.05876
1514	0.03936
1515	0.02673
1516	0.03068
1517	0.04686
1518	0.05816
1519	0.05509
1520	0.04940
1521	0.04781
1522	0.03988
1523	0.02847
1524	0.02856
1525	0.03390
1526	0.03324
1527	0.03066
1528	0.02507
1529	0.01132
1530	-0.00245
1531	-0.00840
1532	-0.01231
1533	-0.01849
1534	-0.02129
1535	-0.01833
1536	-0.01508
1537	-0.01870
1538	-0.03125
1539	-0.04314
1540	-0.04273
1541	-0.03072
1542	-0.01614
1543	-0.00509
1544	-0.02251
1545	-0.01361
1546	-0.04151
1547	-0.06230
1548	0.08438
1549	0.14372
1550	-0.07696
1551	-0.07594
1552	0.26501
1553	0.39207
1554	0.37501
1555	0.39622
1556	0.30430
1557	0.26784
1558	0.48170
1559	0.52486
1560	0.40153
1561	0.41034
1562	0.32078
1563	0.24106
1564	0.29440
1565	0.26688
1566	0.28209
1567	0.20438
1568	0.07666
1569	0.12919
1570	0.08622
1571	0.10115
1572	0.07495
1573	-0.02560
1574	-0.04088
1575	-0.00601
1576	0.02431
1577	-0.00762
1578	0.03656
1579	-0.00789
1580	-0.03193
1581	-0.08049
1582	-0.10800
1583	-0.03554
1584	-0.10456
1585	-0.12828
1586	-0.12053
1587	-0.16034
1588	-0.16794
1589	-0.20729
1590	-0.18855
1591	-0.17101
1592	-0.25687
1593	-0.23657
1594	-0.22770
1595	-0.20000
1596	-0.18976
1597	-0.24601
1598	-0.20154
1599	-0.20379
1600	-0.18624
1601	-0.09298
1602	-0.15545
1603	-0.18661
1604	-0.04100
1605	-0.06370
1606	-0.12173
1607	-0.10739
1608	-0.00731
1609	0.02444
1610	-0.11408
1611	-0.09500
1612	-0.04063
1613	-0.02052
1614	0.00811
1615	0.03452
1616	0.04913
1617	0.05892
1618	0.06509
1619	0.04970
1620	0.01941
1621	0.00706
1622	0.01545
1623	0.02505
1624	0.03732
1625	0.05477
1626	0.06210
1627	0.05672
1628	0.05146
1629	0.04631
1630	0.03770
1631	0.03523
1632	0.03864
1633	0.02912
1634	0.00578
1635	-0.00828
1636	-0.00844
1637	-0.00934
1638	-0.01492
1639	-0.02030
1640	-0.02076
1641	-0.01810
1642	-0.02188
1643	-0.03597
1644	-0.04884
1645	-0.04832
1646	-0.03510
1647	-0.01668
1648	-0.00517
1649	-0.01183
1650	-0.10321
1651	-0.14336
1652	0.15728
1653	0.15474
1654	-0.10809
1655	-0.04656
1656	0.20646
1657	0.37325
1658	0.47368
1659	0.40905
1660	0.28866
1661	0.28211
1662	0.33737
1663	0.55497
1664	0.57148
1665	0.27847
1666	0.26034
1667	0.37868
1668	0.39415
1669	0.32561
1670	0.26798
1671	0.30345
1672	0.20261
1673	0.01405
1674	0.11056
1675	0.19438
1676	0.07142
1677	-0.02449
1678	-0.02697
1679	-0.00473
1680	-0.01378
1681	-0.03505
1682	-0.02306
1683	-0.00865
1684	-0.09175
1685	-0.09720
1686	-0.08005
1687	-0.09330
1688	-0.13744
1689	-0.11716
1690	-0.17317
1691	-0.23623
1692	-0.19504
1693	-0.18585
1694	-0.18907
1695	-0.22608
1696	-0.22855
1697	-0.28314
1698	-0.17947
1699	-0.15445
1700	-0.28451
1701	-0.17692
1702	-0.15427
1703	-0.15600
1704	-0.17512
1705	-0.16552
1706	-0.06012
1707	-0.12506
1708	-0.14772
1709	-0.00263
1710	-0.02762
1711	-0.09729
1712	-0.01178
1713	-0.04662
1714	-0.05616
1715	-0.02508
1716	0.01062
1717	0.03153
1718	0.04465
1719	0.05456
1720	0.06404
1721	0.07061
1722	0.06643
1723	0.05534
1724	0.04836
1725	0.04849
1726	0.05644
1727	0.07262
1728	0.08459
1729	0.08043
1730	0.06781
1731	0.05719
1732	0.04936
1733	0.04729
1734	0.04768
1735	0.03839
1736	0.02185
1737	0.00627
1738	-0.00973
1739	-0.02288
1740	-0.02989
1741	-0.03309
1742	-0.02926
1743	-0.02086
1744	-0.02294
1745	-0.03900
1746	-0.05334
1747	-0.05405
1748	-0.04292
1749	-0.02458
1750	0.00461
1751	-0.03910
1752	-0.11630
1753	-0.11399
1754	0.03559
1755	0.19589
1756	0.02793
1757	-0.18553
1758	0.02631
1759	0.50535
1760	0.57306
1761	0.31702
1762	0.19800
1763	0.22457
1764	0.37515
1765	0.54052
1766	0.50178
1767	0.41848
1768	0.29293
1769	0.24398
1770	0.36982
1771	0.33372
1772	0.25222
1773	0.23523
1774	0.11383
1775	0.12680
1776	0.09466
1777	0.06378
1778	0.12669
1779	0.02905
1780	-0.06394
1781	-0.03086
1782	-0.00000
1783	-0.02312
1784	-0.00251
1785	-0.04332
1786	-0.05880
1787	-0.05057
1788	-0.11738
1789	-0.10286
1790	-0.07555
1791	-0.11745
1792	-0.17435
1793	-0.17829
1794	-0.19421
1795	-0.18966
1796	-0.17853
1797	-0.19224
1798	-0.26221
1799	-0.24113
1800	-0.23490
1801	-0.20728
1802	-0.23558
1803	-0.26278
1804	-0.17529
1805	-0.20714
1806	-0.19589
1807	-0.10357
1808	-0.15949
1809	-0.15150
1810	-0.06621
1811	-0.10368
1812	-0.09222
1813	-0.09322
1814	-0.01331
1815	0.03078
1816	-0.07218
1817	-0.03889
1818	-0.03224
1819	-0.01722
1820	0.00139
1821	0.03217
1822	0.05934
1823	0.07323
1824	0.07653
1825	0.05924
1826	0.02867
1827	0.01395
1828	0.02500
1829	0.04700
1830	0.06262
1831	0.06889
1832	0.06979
1833	0.06520
1834	0.05676
1835	0.05087
1836	0.05359
1837	0.05696
1838	0.04323
1839	0.01613
1840	-0.00151
1841	-0.00418
1842	-0.00706
1843	-0.01621
1844	-0.02399
1845	-0.02760
1846	-0.02953
1847	-0.03238
1848	-0.04016
1849	-0.05092
1850	-0.05542
1851	-0.05133
1852	-0.04257
1853	-0.02959
1854	-0.01905
1855	-0.03128
1856	-0.08700
1857	-0.18285
1858	-0.02930
1859	0.19165
1860	0.19084
1861	0.04286
1862	0.18242
1863	0.45029
1864	0.49967
1865	0.36681
1866	0.34777
1867	0.34367
1868	0.40480
1869	0.50493
1870	0.42530
1871	0.36263
1872	0.34256
1873	0.35378
1874	0.42097
1875	0.31037
1876	0.18523
1877	0.29400
1878	0.21913
1879	0.04681
1880	0.12205
1881	0.16681
1882	0.06787
1883	0.01407
1884	0.02114
1885	0.02174
1886	0.00369
1887	-0.04853
1888	-0.03372
1889	-0.03973
1890	-0.09129
1891	-0.08882
1892	-0.07095
1893	-0.11405
1894	-0.13179
1895	-0.15877
1896	-0.17848
1897	-0.21370
1898	-0.20166
1899	-0.18865
1900	-0.19809
1901	-0.25690
1902	-0.25052
1903	-0.17768
1904	-0.26089
1905	-0.23117
1906	-0.18984
1907	-0.21725
1908	-0.19096
1909	-0.13890
1910	-0.17539
1911	-0.18056
1912	-0.09863
1913	-0.15030
1914	-0.10601
1915	-0.07709
1916	-0.05037
1917	-0.01524
1918	-0.05340
1919	-0.03756
1920	-0.05056
1921	-0.03785
1922	-0.01406
1923	0.01892
1924	0.05068
1925	0.07355
1926	0.08759
1927	0.07720
1928	0.04381
1929	0.02430
1930	0.03366
1931	0.04776
1932	0.04858
1933	0.04746
1934	0.05754
1935	0.06767
1936	0.06358
1937	0.04968
1938	0.03867
1939	0.03745
1940	0.04294
1941	0.04217
1942	0.02366
1943	-0.00108
1944	-0.01053
1945	-0.01071
1946	-0.01751
1947	-0.02562
1948	-0.02342
1949	-0.01441
1950	-0.01503
1951	-0.03147
1952	-0.04936
1953	-0.05415
1954	-0.04661
1955	-0.03177
1956	-0.01715
1957	0.02076
1958	-0.07655
1959	-0.15905
1960	-0.03584
1961	0.14279
1962	0.17037
1963	-0.01054
1964	-0.05101
1965	0.42003
1966	0.60070
1967	0.38099
1968	0.43717
1969	0.33981
1970	0.25668
1971	0.52323
1972	0.55397
1973	0.55492
1974	0.45255
1975	0.24841
1976	0.35822
1977	0.36945
1978	0.29393
1979	0.31266
1980	0.19626
1981	0.15457
1982	0.12121
1983	0.06959
1984	0.16037
1985	0.11946
1986	-0.02433
1987	-0.04850
1988	-0.01375
1989	-0.01995
1990	-0.01625
1991	-0.02978
1992	-0.08786
1993	-0.02458
1994	-0.09043
1995	-0.13900
1996	-0.06084
1997	-0.13485
1998	-0.16305
1999	-0.13973
2000	-0.23911
2001	-0.20750
2002	-0.11530
2003	-0.21003
2004	-0.20974
2005	-0.17306
2006	-0.23124
2007	-0.20667
2008	-0.15938
2009	-0.20132
2010	-0.17443
2011	-0.16994
2012	-0.11758
2013	-0.13907
2014	-0.19077
2015	-0.09109
2016	-0.07973
2017	-0.14049
2018	-0.04722
2019	-0.04204
2020	-0.07888
2021	-0.04949
2022	0.01220
2023	-0.01952
2024	-0.00949
2025	-0.00016
2026	0.01230
2027	0.03552
2028	0.06555
2029	0.07944
2030	0.05802
2031	0.02507
2032	0.01663
2033	0.02408
2034	0.02863
2035	0.04013
2036	0.06362
2037	0.07741
2038	0.06746
2039	0.05251
2040	0.05543
2041	0.06307
2042	0.05065
2043	0.03393
2044	0.03643
2045	0.03891
2046	0.01881
2047	-0.00664
2048	-0.01313
2049	-0.01498
2050	-0.02879
2051	-0.03699
2052	-0.02760
2053	-0.01469
2054	-0.01411
2055	-0.02932
2056	-0.04786
2057	-0.05423
2058	-0.04662
2059	-0.03077
2060	0.04121
2061	0.00844
2062	-0.12200
2063	-0.22454
2064	0.03754
2065	0.20341
2066	-0.02780
2067	-0.07765
2068	0.13784
2069	0.35984
2070	0.46232
2071	0.33102
2072	0.28003
2073	0.30431
2074	0.28084
2075	0.49336
2076	0.63087
2077	0.34029
2078	0.24254
2079	0.36595
2080	0.38233
2081	0.36162
2082	0.20246
2083	0.18428
2084	0.30183
2085	0.07928
2086	0.04685
2087	0.23564
2088	0.07932
2089	-0.02255
2090	0.01335
2091	-0.04646
2092	0.01243
2093	0.02157
2094	-0.04381
2095	0.02129
2096	-0.04734
2097	-0.07944
2098	-0.01478
2099	-0.09955
2100	-0.08865
2101	-0.05880
2102	-0.15685
2103	-0.16461
2104	-0.16470
2105	-0.14635
2106	-0.15044
2107	-0.23549
2108	-0.22772
2109	-0.20357
2110	-0.23656
2111	-0.20610
2112	-0.21250
2113	-0.21014
2114	-0.19289
2115	-0.21442
2116	-0.13509
2117	-0.18863
2118	-0.23283
2119	-0.10462
2120	-0.06417
2121	-0.12558
2122	-0.12030
2123	-0.01755
2124	-0.07172
2125	-0.02093
2126	0.04819
2127	-0.01622
2128	-0.04675
2129	-0.03739
2130	-0.01133
2131	0.00096
2132	0.02188
2133	0.06195
2134	0.08980
2135	0.08194
2136	0.04985
2137	0.02385
2138	0.02136
2139	0.02932
2140	0.03532
2141	0.05304
2142	0.08020
2143	0.08254
2144	0.05417
2145	0.03086
2146	0.02842
2147	0.02953
2148	0.02987
2149	0.03307
2150	0.02666
2151	0.00682
2152	-0.00926
2153	-0.01513
2154	-0.02024
2155	-0.02572
2156	-0.02298
2157	-0.01228
2158	-0.00755
2159	-0.01719
2160	-0.03342
2161	-0.04450
2162	-0.04497
2163	-0.03641
2164	-0.02389
2165	-0.01009
2166	-0.01590
2167	-0.00504
2168	-0.15300
2169	-0.11339
2170	0.07902
2171	0.09876
2172	-0.01728
2173	0.00395
2174	0.17867
2175	0.29238
2176	0.36252
2177	0.40942
2178	0.45673
2179	0.46715
2180	0.35694
2181	0.47685
2182	0.60422
2183	0.50740
2184	0.44078
2185	0.33534
2186	0.34225
2187	0.38691
2188	0.24935
2189	0.28418
2190	0.31033
2191	0.12802
2192	0.08208
2193	0.12375
2194	0.10342
2195	0.04966
2196	-0.04221
2197	-0.06543
2198	0.00383
2199	-0.00968
2200	-0.02697
2201	-0.03902
2202	-0.00670
2203	-0.08569
2204	-0.08824
2205	-0.11033
2206	-0.11898
2207	-0.10590
2208	-0.11676
2209	-0.16607
2210	-0.20940
2211	-0.20716
2212	-0.19924
2213	-0.20099
2214	-0.25618
2215	-0.22106
2216	-0.19088
2217	-0.21163
2218	-0.19882
2219	-0.17835
2220	-0.17238
2221	-0.24572
2222	-0.18048
2223	-0.03792
2224	-0.16466
2225	-0.21054
2226	-0.06227
2227	-0.04932
2228	-0.09609
2229	-0.07823
2230	-0.03199
2231	0.01676
2232	-0.05158
2233	-0.07773
2234	-0.02702
2235	-0.03189
2236	-0.02937
2237	0.00145
2238	0.04349
2239	0.06903
2240	0.06789
2241	0.03869
2242	0.00273
2243	-0.00327
2244	0.01421
2245	0.01957
2246	0.01657
2247	0.03125
2248	0.05367
2249	0.05818
2250	0.04828
2251	0.04259
2252	0.04097
2253	0.03409
2254	0.02628
2255	0.02163
2256	0.01589
2257	0.00982
2258	0.00488
2259	-0.00138
2260	-0.01047
2261	-0.02107
2262	-0.02623
2263	-0.02120
2264	-0.01275
2265	-0.01123
2266	-0.02178
2267	-0.03926
2268	-0.05139
2269	-0.05136
2270	-0.04215
2271	-0.02810
2272	-0.01498
2273	-0.06628
2274	-0.10129
2275	-0.18872
2276	-0.00936
2277	0.23375
2278	0.04636
2279	-0.04246
2280	0.16575
2281	0.32223
2282	0.46421
2283	0.45277
2284	0.44904
2285	0.55880
2286	0.40454
2287	0.39081
2288	0.59214
2289	0.54205
2290	0.45220
2291	0.38360
2292	0.35734
2293	0.42800
2294	0.40540
2295	0.33782
2296	0.33047
2297	0.21932
2298	0.12655
2299	0.17901
2300	0.15839
2301	0.13309
2302	0.09837
2303	-0.01543
2304	0.02797
2305	0.04069
2306	0.00188
2307	0.00895
2308	-0.04737
2309	-0.04611
2310	-0.07893
2311	-0.07226
2312	0.01766
2313	-0.08872
2314	-0.14541
2315	-0.14300
2316	-0.11098
2317	-0.11847
2318	-0.22520
2319	-0.16632
2320	-0.13515
2321	-0.24856
2322	-0.21691
2323	-0.18663
2324	-0.19891
2325	-0.18715
2326	-0.18353
2327	-0.19483
2328	-0.23166
2329	-0.14144
2330	-0.07864
2331	-0.21362
2332	-0.21867
2333	-0.04542
2334	-0.07186
2335	-0.22310
2336	-0.06966
2337	0.07606
2338	-0.02605
2339	-0.12666
2340	-0.06374
2341	-0.02912
2342	-0.03288
2343	-0.01819
2344	0.00716
2345	0.03543
2346	0.05809
2347	0.06494
2348	0.05306
2349	0.03390
2350	0.02379
2351	0.02847
2352	0.03862
2353	0.04400
2354	0.05030
2355	0.06085
2356	0.06447
2357	0.05752
2358	0.05165
2359	0.05274
2360	0.04725
2361	0.03413
2362	0.03408
2363	0.04055
2364	0.02846
2365	0.00350
2366	-0.01336
2367	-0.02001
2368	-0.02604
2369	-0.03096
2370	-0.02800
2371	-0.02027
2372	-0.01888
2373	-0.03015
2374	-0.04697
2375	-0.05482
2376	-0.04846
2377	-0.03393
2378	-0.01771
2379	-0.00851
2380	-0.07363
2381	-0.19135
2382	-0.08023
2383	0.09780
2384	0.07773
2385	0.00900
2386	-0.05238
2387	0.15273
2388	0.44554
2389	0.39759
2390	0.32894
2391	0.32368
2392	0.32688
2393	0.42331
2394	0.48983
2395	0.41767
2396	0.40629
2397	0.34099
2398	0.29838
2399	0.36282
2400	0.32781
2401	0.23721
2402	0.20039
2403	0.16004
2404	0.14017
2405	0.10450
2406	0.09623
2407	0.08518
2408	0.04148
2409	-0.05743
2410	-0.03064
2411	0.02647
2412	-0.03609
2413	-0.01676
2414	-0.02306
2415	-0.04169
2416	-0.03692
2417	-0.08195
2418	-0.09133
2419	-0.05862
2420	-0.11349
2421	-0.15278
2422	-0.12736
2423	-0.16706
2424	-0.19241
2425	-0.18546
2426	-0.20594
2427	-0.24070
2428	-0.23237
2429	-0.21690
2430	-0.17389
2431	-0.23202
2432	-0.22780
2433	-0.19833
2434	-0.19483
2435	-0.25802
2436	-0.19994
2437	-0.08262
2438	-0.19636
2439	-0.19930
2440	-0.03150
2441	-0.04956
2442	-0.10277
2443	-0.08551
2444	-0.03093
2445	0.03865
2446	-0.04804
2447	-0.02937
2448	-0.04616
2449	-0.03334
2450	-0.01143
2451	0.01866
2452	0.05378
2453	0.07082
2454	0.06688
2455	0.05435
2456	0.03673
2457	0.02582
2458	0.03621
2459	0.05762
2460	0.06767
2461	0.06636
2462	0.06297
2463	0.05727
2464	0.05245
2465	0.04954
2466	0.04398
2467	0.03884
2468	0.03553
2469	0.02876
2470	0.01600
2471	-0.00232
2472	-0.01777
2473	-0.02500
2474	-0.03206
2475	-0.03627
2476	-0.02977
2477	-0.02064
2478	-0.01936
2479	-0.02842
2480	-0.04395
2481	-0.05512
2482	-0.05417
2483	-0.04456
2484	-0.03188
2485	-0.01758
2486	-0.01507
2487	-0.07827
2488	-0.20024
2489	-0.11727
2490	0.11965
2491	0.12745
2492	-0.03298
2493	-0.03946
2494	0.20021
2495	0.38500
2496	0.42678
2497	0.44569
2498	0.40976
2499	0.40012
2500	0.40046
2501	0.53201
2502	0.54134
2503	0.40774
2504	0.34701
2505	0.33492
2506	0.44765
2507	0.42066
2508	0.26061
2509	0.22428
2510	0.24658
2511	0.15025
2512	0.09579
2513	0.13258
2514	0.10833
2515	0.02751
2516	-0.04806
2517	-0.05298
2518	0.06107
2519	-0.06007
2520	-0.07811
2521	0.02268
2522	-0.07749
2523	-0.08282
2524	-0.11400
2525	-0.08812
2526	-0.06539
2527	-0.15721
2528	-0.16829
2529	-0.13665
2530	-0.19027
2531	-0.18575
2532	-0.19875
2533	-0.20631
2534	-0.19171
2535	-0.24809
2536	-0.21474
2537	-0.17919
2538	-0.21423
2539	-0.21579
2540	-0.20167
2541	-0.21785
2542	-0.13612
2543	-0.09571
2544	-0.19906
2545	-0.14230
2546	-0.05724
2547	-0.10715
2548	-0.07634
2549	-0.10194
2550	-0.04064
2551	0.02040
2552	-0.08658
2553	-0.00601
2554	-0.03693
2555	-0.02040
2556	0.00916
2557	0.02825
2558	0.03205
2559	0.04554
2560	0.06726
2561	0.06042
2562	0.02761
2563	0.00920
2564	0.01556
2565	0.03158
2566	0.04577
2567	0.04595
2568	0.03675
2569	0.03897
2570	0.05003
2571	0.05323
2572	0.04342
2573	0.02793
2574	0.02418
2575	0.03793
2576	0.04442
2577	0.02190
2578	-0.00823
2579	-0.01936
2580	-0.02216
2581	-0.02789
2582	-0.02845
2583	-0.01840
2584	-0.00797
2585	-0.01259
2586	-0.03252
2587	-0.05037
2588	-0.05259
2589	-0.04235
2590	-0.02886
2591	-0.01574
2592	-0.01766
2593	-0.08666
2594	-0.14441
2595	-0.15743
2596	0.10196
2597	0.16240
2598	-0.02596
2599	0.02675
2600	0.17643
2601	0.32927
2602	0.50504
2603	0.47896
2604	0.45888
2605	0.38093
2606	0.38842
2607	0.58511
2608	0.61584
2609	0.50638
2610	0.47328
2611	0.39153
2612	0.37858
2613	0.40767
2614	0.35947
2615	0.36586
2616	0.27200
2617	0.15143
2618	0.16938
2619	0.17384
2620	0.11654
2621	0.10433
2622	0.02847
2623	-0.06140
2624	0.04539
2625	0.03658
2626	-0.02949
2627	-0.04374
2628	0.01099
2629	0.01863
2630	-0.10167
2631	-0.11503
2632	-0.04329
2633	-0.07964
2634	-0.15897
2635	-0.17804
2636	-0.12075
2637	-0.18053
2638	-0.23076
2639	-0.17006
2640	-0.23579
2641	-0.24411
2642	-0.22504
2643	-0.21253
2644	-0.19875
2645	-0.21614
2646	-0.21115
2647	-0.22915
2648	-0.25557
2649	-0.14800
2650	-0.11838
2651	-0.19714
2652	-0.13717
2653	-0.05238
2654	-0.13468
2655	-0.14927
2656	-0.01585
2657	0.03170
2658	-0.03097
2659	-0.01345
2660	-0.04584
2661	-0.04930
2662	-0.02829
2663	-0.01022
2664	0.01401
2665	0.05037
2666	0.06918
2667	0.05793
2668	0.04260
2669	0.03555
2670	0.03026
2671	0.02651
2672	0.02703
2673	0.03552
2674	0.04987
2675	0.05807
2676	0.05413
2677	0.04840
2678	0.04975
2679	0.04641
2680	0.02953
2681	0.01884
2682	0.02935
2683	0.03555
2684	0.01385
2685	-0.01309
2686	-0.02073
2687	-0.02183
2688	-0.02669
2689	-0.02656
2690	-0.01883
2691	-0.01360
2692	-0.02060
2693	-0.03590
2694	-0.04644
2695	-0.04597
2696	-0.03665
2697	-0.02369
2698	-0.01023
2699	-0.00462
2700	-0.03800
2701	-0.14624
2702	-0.07436
2703	0.11475
2704	0.07683
2705	-0.04874
2706	-0.03349
2707	0.15296
2708	0.25554
2709	0.31649
2710	0.41918
2711	0.40122
2712	0.38799
2713	0.31969
2714	0.50458
2715	0.60490
2716	0.43295
2717	0.43407
2718	0.38347
2719	0.30995
2720	0.39062
2721	0.35367
2722	0.28815
2723	0.31057
2724	0.20271
2725	0.09781
2726	0.17742
2727	0.12781
2728	0.07259
2729	0.04830
2730	-0.09396
2731	0.01938
2732	0.06382
2733	-0.08592
2734	-0.01787
2735	0.02536
2736	-0.05803
2737	-0.07395
2738	-0.08294
2739	-0.03104
2740	-0.06131
2741	-0.18139
2742	-0.10936
2743	-0.10447
2744	-0.19625
2745	-0.20580
2746	-0.17964
2747	-0.20027
2748	-0.26073
2749	-0.23026
2750	-0.19202
2751	-0.20793
2752	-0.22971
2753	-0.20191
2754	-0.22400
2755	-0.20513
2756	-0.08712
2757	-0.18392
2758	-0.19676
2759	-0.08017
2760	-0.09181
2761	-0.11951
2762	-0.06732
2763	0.00431
2764	-0.01038
2765	-0.04998
2766	-0.01549
2767	-0.03247
2768	-0.02658
2769	-0.01422
2770	-0.00445
2771	0.01880
2772	0.05402
2773	0.07809
2774	0.07438
2775	0.04895
2776	0.02938
2777	0.03135
2778	0.03857
2779	0.03799
2780	0.04046
2781	0.05505
2782	0.06846
2783	0.06483
2784	0.04813
2785	0.03406
2786	0.03231
2787	0.03604
2788	0.03228
2789	0.02006
2790	0.00592
2791	-0.00672
2792	-0.01639
2793	-0.02481
2794	-0.03217
2795	-0.03131
2796	-0.02060
2797	-0.01424
2798	-0.02471
2799	-0.04377
2800	-0.05467
2801	-0.05149
2802	-0.03971
2803	-0.02643
2804	-0.01490
2805	0.06137
2806	-0.03459
2807	-0.24068
2808	-0.18611
2809	0.11336
2810	0.14109
2811	-0.03409
2812	-0.03629
2813	0.13037
2814	0.37944
2815	0.43667
2816	0.39030
2817	0.48550
2818	0.36562
2819	0.30784
2820	0.53811
2821	0.60305
2822	0.51317
2823	0.44369
2824	0.33782
2825	0.36923
2826	0.37997
2827	0.34920
2828	0.33447
2829	0.23785
2830	0.16887
2831	0.15483
2832	0.12057
2833	0.11128
2834	0.06957
2835	-0.00838
2836	-0.06538
2837	-0.03768
2838	0.02068
2839	-0.02162
2840	-0.07150
2841	-0.03310
2842	-0.03120
2843	-0.10327
2844	-0.08199
2845	-0.08382
2846	-0.11314
2847	-0.11703
2848	-0.17287
2849	-0.19517
2850	-0.15780
2851	-0.21131
2852	-0.24089
2853	-0.22637
2854	-0.24638
2855	-0.25025
2856	-0.19735
2857	-0.22239
2858	-0.23387
2859	-0.20602
2860	-0.23924
2861	-0.14868
2862	-0.12726
2863	-0.21928
2864	-0.12924
2865	-0.06831
2866	-0.13397
2867	-0.09972
2868	-0.05734
2869	-0.01769
2870	-0.04930
2871	-0.04994
2872	-0.03265
2873	-0.04306
2874	-0.02630
2875	0.00455
2876	0.02539
2877	0.03368
2878	0.04478
2879	0.05982
2880	0.05743
2881	0.03412
2882	0.01778
2883	0.02239
2884	0.03400
2885	0.04496
2886	0.05713
2887	0.06364
2888	0.05708
2889	0.04502
2890	0.04562
2891	0.05328
2892	0.04410
2893	0.02900
2894	0.03200
2895	0.03724
2896	0.01978
2897	-0.00971
2898	-0.02486
2899	-0.02580
2900	-0.02725
2901	-0.02602
2902	-0.01644
2903	-0.00935
2904	-0.01776
2905	-0.03720
2906	-0.05184
2907	-0.05358
2908	-0.04513
2909	-0.03212
2910	-0.01859
2911	-0.01409
2912	0.01833
2913	-0.23411
2914	-0.16026
2915	0.23232
2916	0.10184
2917	-0.03529
2918	0.11939
2919	0.13717
2920	0.44302
2921	0.55180
2922	0.36485
2923	0.51341
2924	0.44249
2925	0.30349
2926	0.67424
2927	0.64092
2928	0.36225
2929	0.50332
2930	0.45831
2931	0.31447
2932	0.38869
2933	0.29892
2934	0.34054
2935	0.29005
2936	-0.00697
2937	0.13724
2938	0.26821
2939	0.04582
2940	0.06944
2941	0.03526
2942	-0.05916
2943	0.02595
2944	0.01497
2945	0.00909
2946	0.00821
2947	-0.05932
2948	-0.05015
2949	-0.03415
2950	-0.08833
2951	-0.09473
2952	-0.07066
2953	-0.12418
2954	-0.19181
2955	-0.15814
2956	-0.17316
2957	-0.19376
2958	-0.21571
2959	-0.24446
2960	-0.21828
2961	-0.21316
2962	-0.21415
2963	-0.18282
2964	-0.18811
2965	-0.18822
2966	-0.20143
2967	-0.20096
2968	-0.13194
2969	-0.10619
2970	-0.21043
2971	-0.16238
2972	-0.05557
2973	-0.14404
2974	-0.10721
2975	-0.05523
2976	-0.02170
2977	-0.02897
2978	-0.05500
2979	-0.05208
2980	-0.03817
2981	-0.04379
2982	-0.02692
2983	-0.00295
2984	0.02324
2985	0.04542
2986	0.05812
2987	0.06039
2988	0.04600
2989	0.01871
2990	0.00417
2991	0.01760
2992	0.04351
2993	0.06500
2994	0.07415
2995	0.06288
2996	0.04037
2997	0.03000
2998	0.03033
2999	0.02621
3000	0.02421
3001	0.02715
3002	0.02035
3003	0.00306
3004	-0.00914
3005	-0.01255
3006	-0.01770
3007	-0.02491
3008	-0.02568
3009	-0.01938
3010	-0.01372
3011	-0.01851
3012	-0.03466
3013	-0.05010
3014	-0.05306
3015	-0.04362
3016	-0.02820
3017	-0.01172
3018	0.00402
3019	-0.09092
3020	-0.22037
3021	-0.10111
3022	0.16913
3023	0.12613
3024	-0.14316
3025	-0.05801
3026	0.21643
3027	0.36684
3028	0.40393
3029	0.38990
3030	0.36397
3031	0.24248
3032	0.33558
3033	0.65864
3034	0.51479
3035	0.38465
3036	0.47163
3037	0.39281
3038	0.29482
3039	0.34751
3040	0.34830
3041	0.30790
3042	0.16715
3043	0.11099
3044	0.19763
3045	0.14399
3046	0.04763
3047	0.09565
3048	0.05589
3049	-0.04994
3050	0.00477
3051	0.03418
3052	-0.01475
3053	-0.03600
3054	-0.02927
3055	-0.00698
3056	-0.08211
3057	-0.09383
3058	-0.05798
3059	-0.09814
3060	-0.10425
3061	-0.13492
3062	-0.15570
3063	-0.13268
3064	-0.17836
3065	-0.17081
3066	-0.18877
3067	-0.24177
3068	-0.25569
3069	-0.19342
3070	-0.20294
3071	-0.23348
3072	-0.22022
3073	-0.20393
3074	-0.25743
3075	-0.19947
3076	-0.11846
3077	-0.15875
3078	-0.24027
3079	-0.10482
3080	-0.03365
3081	-0.13356
3082	-0.11160
3083	-0.05451
3084	-0.05734
3085	-0.03566
3086	-0.06593
3087	-0.03078
3088	-0.03997
3089	-0.02811
3090	-0.00512
3091	0.01899
3092	0.04077
3093	0.05941
3094	0.06449
3095	0.04990
3096	0.03026
3097	0.02443
3098	0.03318
3099	0.04087
3100	0.04727
3101	0.06068
3102	0.06630
3103	0.05538
3104	0.04102
3105	0.03060
3106	0.02710
3107	0.03406
3108	0.03654
3109	0.01931
3110	-0.00021
3111	-0.00451
3112	-0.00633
3113	-0.01542
3114	-0.02407
3115	-0.02413
3116	-0.01758
3117	-0.01242
3118	-0.01902
3119	-0.03731
3120	-0.05165
3121	-0.05130
3122	-0.04024
3123	-0.02666
3124	-0.01303
3125	-0.02249
3126	-0.06705
3127	-0.17465
3128	-0.08571
3129	0.19900
3130	0.12392
3131	-0.02461
3132	0.03184
3133	0.28782
3134	0.47268
3135	0.46596
3136	0.44203
3137	0.43708
3138	0.31350
3139	0.41773
3140	0.67590
3141	0.63339
3142	0.39447
3143	0.40812
3144	0.43247
3145	0.39684
3146	0.43391
3147	0.37105
3148	0.25832
3149	0.17810
3150	0.16832
3151	0.17615
3152	0.12214
3153	0.11514
3154	0.09493
3155	0.01932
3156	-0.02052
3157	0.01175
3158	0.08013
3159	-0.00891
3160	-0.03873
3161	-0.02427
3162	-0.00938
3163	-0.07256
3164	-0.09308
3165	-0.03572
3166	-0.07759
3167	-0.16570
3168	-0.16901
3169	-0.16865
3170	-0.17035
3171	-0.19486
3172	-0.23089
3173	-0.20313
3174	-0.26452
3175	-0.25156
3176	-0.18778
3177	-0.24540
3178	-0.27389
3179	-0.22332
3180	-0.24525
3181	-0.23970
3182	-0.12360
3183	-0.17837
3184	-0.21394
3185	-0.09502
3186	-0.08381
3187	-0.10897
3188	-0.10042
3189	-0.09334
3190	-0.04195
3191	-0.05473
3192	-0.04059
3193	-0.02951
3194	-0.03781
3195	-0.02383
3196	-0.00565
3197	0.00803
3198	0.02501
3199	0.05158
3200	0.07356
3201	0.06982
3202	0.04460
3203	0.02476
3204	0.02825
3205	0.04645
3206	0.06266
3207	0.07023
3208	0.06963
3209	0.06241
3210	0.05136
3211	0.04416
3212	0.04181
3213	0.03918
3214	0.03869
3215	0.03345
3216	0.01280
3217	-0.00588
3218	-0.00922
3219	-0.01440
3220	-0.02449
3221	-0.02550
3222	-0.01925
3223	-0.01879
3224	-0.03028
3225	-0.04880
3226	-0.06089
3227	-0.05785
3228	-0.04414
3229	-0.02709
3230	-0.04849
3231	-0.05742
3232	-0.10112
3233	-0.15018
3234	0.08390
3235	0.19405
3236	0.11400
3237	0.08693
3238	0.26387
3239	0.64576
3240	0.55433
3241	0.34627
3242	0.45091
3243	0.43866
3244	0.44968
3245	0.53585
3246	0.51879
3247	0.47754
3248	0.34614
3249	0.40731
3250	0.52536
3251	0.32118
3252	0.21091
3253	0.27737
3254	0.21375
3255	0.14879
3256	0.10683
3257	0.12154
3258	0.14397
3259	0.01982
3260	-0.04363
3261	0.05236
3262	0.01405
3263	-0.06486
3264	-0.02376
3265	-0.04295
3266	-0.01436
3267	-0.05001
3268	-0.10200
3269	-0.03532
3270	-0.09115
3271	-0.14676
3272	-0.08592
3273	-0.15090
3274	-0.18655
3275	-0.12385
3276	-0.16428
3277	-0.22720
3278	-0.18569
3279	-0.22195
3280	-0.19734
3281	-0.17222
3282	-0.26094
3283	-0.19618
3284	-0.19769
3285	-0.21630
3286	-0.10190
3287	-0.16332
3288	-0.23032
3289	-0.09761
3290	-0.08250
3291	-0.14055
3292	-0.11397
3293	-0.05192
3294	0.00877
3295	-0.05263
3296	-0.02331
3297	-0.03182
3298	-0.04708
3299	-0.03645
3300	-0.01795
3301	0.00594
3302	0.03612
3303	0.05633
3304	0.06218
3305	0.05846
3306	0.03950
3307	0.01777
3308	0.01772
3309	0.03219
3310	0.03774
3311	0.03703
3312	0.04554
3313	0.05664
3314	0.05589
3315	0.04849
3316	0.04119
3317	0.02681
3318	0.01513
3319	0.02564
3320	0.03677
3321	0.01819
3322	-0.01007
3323	-0.01972
3324	-0.02092
3325	-0.02718
3326	-0.03097
3327	-0.02379
3328	-0.01472
3329	-0.01883
3330	-0.03435
3331	-0.04668
3332	-0.04849
3333	-0.04120
3334	-0.02900
3335	-0.01411
3336	-0.01241
3337	-0.01542
3338	-0.14734
3339	-0.14841
3340	0.13020
3341	0.13209
3342	-0.02657
3343	-0.10508
3344	0.05408
3345	0.53461
3346	0.37671
3347	0.27443
3348	0.43943
3349	0.30586
3350	0.37127
3351	0.56588
3352	0.46716
3353	0.45632
3354	0.43674
3355	0.28042
3356	0.30730
3357	0.37184
3358	0.27474
3359	0.27494
3360	0.24110
3361	0.11817
3362	0.15564
3363	0.13620
3364	0.08416
3365	0.10979
3366	-0.05641
3367	-0.07396
3368	0.06104
3369	-0.00303
3370	-0.04289
3371	0.01205
3372	-0.00294
3373	-0.04205
3374	-0.12025
3375	-0.06348
3376	-0.02688
3377	-0.13332
3378	-0.14414
3379	-0.08305
3380	-0.15232
3381	-0.21099
3382	-0.15618
3383	-0.19019
3384	-0.25423
3385	-0.24653
3386	-0.20366
3387	-0.18173
3388	-0.26322
3389	-0.22861
3390	-0.16712
3391	-0.24641
3392	-0.18546
3393	-0.09851
3394	-0.17220
3395	-0.15668
3396	-0.08059
3397	-0.06553
3398	-0.06791
3399	-0.02868
3400	0.01200
3401	0.05465
3402	-0.01016
3403	-0.02408
3404	-0.01016
3405	0.00729
3406	0.02284
3407	0.04943
3408	0.07050
3409	0.06258
3410	0.03771
3411	0.02186
3412	0.02220
3413	0.03162
3414	0.03408
3415	0.02702
3416	0.03312
3417	0.05109
3418	0.05207
3419	0.03637
3420	0.02658
3421	0.02428
3422	0.02051
3423	0.01873
3424	0.01948
3425	0.01334
3426	0.00004
3427	-0.01043
3428	-0.01557
3429	-0.02256
3430	-0.03106
3431	-0.03022
3432	-0.01955
3433	-0.01222
3434	-0.01505
3435	-0.02457
3436	-0.03478
3437	-0.03908
3438	-0.03492
3439	-0.02615
3440	-0.01820
3441	-0.01158
3442	0.01823
3443	-0.04574
3444	-0.19604
3445	-0.08517
3446	0.11264
3447	0.03260
3448	-0.04975
3449	-0.02438
3450	0.11556
3451	0.28890
3452	0.30647
3453	0.43280
3454	0.49703
3455	0.29255
3456	0.26695
3457	0.44488
3458	0.51382
3459	0.41954
3460	0.37107
3461	0.40075
3462	0.32022
3463	0.33045
3464	0.38851
3465	0.32950
3466	0.23259
3467	0.14357
3468	0.16660
3469	0.18462
3470	0.09164
3471	0.09976
3472	0.07882
3473	-0.02251
3474	0.00318
3475	0.07003
3476	0.00412
3477	-0.02909
3478	0.01018
3479	-0.04393
3480	-0.03050
3481	-0.02534
3482	-0.03222
3483	-0.03396
3484	-0.09742
3485	-0.10099
3486	-0.08471
3487	-0.10833
3488	-0.16661
3489	-0.14653
3490	-0.12686
3491	-0.23089
3492	-0.17573
3493	-0.13879
3494	-0.18328
3495	-0.16316
3496	-0.18253
3497	-0.14727
3498	-0.14271
3499	-0.22798
3500	-0.12719
3501	-0.09552
3502	-0.15759
3503	-0.15330
3504	-0.10503
3505	-0.01695
3506	-0.11211
3507	-0.11528
3508	-0.01605
3509	-0.04163
3510	-0.06228
3511	0.00451
3512	-0.03006
3513	-0.03361
3514	-0.02035
3515	-0.00030
3516	0.01914
3517	0.04136
3518	0.05993
3519	0.05818
3520	0.03765
3521	0.01857
3522	0.01574
3523	0.02954
3524	0.04778
3525	0.05601
3526	0.05536
3527	0.05075
3528	0.04082
3529	0.03414
3530	0.03537
3531	0.03288
3532	0.02294
3533	0.01777
3534	0.02203
3535	0.01911
3536	0.00067
3537	-0.01709
3538	-0.02445
3539	-0.02801
3540	-0.03051
3541	-0.02666
3542	-0.01665
3543	-0.01348
3544	-0.02486
3545	-0.04224
3546	-0.05435
3547	-0.05563
3548	-0.04583
3549	-0.02940
3550	-0.01337
3551	-0.03480
3552	-0.05010
3553	-0.26797
3554	-0.08882
3555	0.23262
3556	0.13700
3557	-0.03023
3558	-0.04308
3559	0.20709
3560	0.44160
3561	0.29289
3562	0.31707
3563	0.52876
3564	0.33276
3565	0.25399
3566	0.56249
3567	0.53889
3568	0.40415
3569	0.39848
3570	0.29005
3571	0.39148
3572	0.41371
3573	0.27148
3574	0.30362
3575	0.26100
3576	0.15920
3577	0.15695
3578	0.16976
3579	0.15135
3580	0.10504
3581	-0.02203
3582	-0.00982
3583	0.05514
3584	-0.02186
3585	-0.00303
3586	0.01868
3587	-0.03893
3588	-0.04314
3589	-0.08080
3590	-0.04097
3591	-0.03655
3592	-0.10332
3593	-0.07670
3594	-0.07063
3595	-0.16692
3596	-0.13138
3597	-0.09764
3598	-0.16183
3599	-0.20506
3600	-0.18795
3601	-0.16787
3602	-0.19589
3603	-0.21271
3604	-0.18869
3605	-0.17117
3606	-0.21514
3607	-0.20777
3608	-0.16005
3609	-0.16888
3610	-0.13755
3611	-0.15725
3612	-0.17065
3613	-0.11994
3614	-0.10894
3615	-0.06760
3616	-0.08491
3617	-0.06374
3618	-0.03049
3619	-0.03454
3620	-0.03305
3621	-0.04352
3622	-0.04688
3623	-0.03350
3624	-0.00630
3625	0.02772
3626	0.04533
3627	0.04737
3628	0.05570
3629	0.06153
3630	0.04542
3631	0.02569
3632	0.02780
3633	0.04105
3634	0.04849
3635	0.05668
3636	0.06428
3637	0.06072
3638	0.05530
3639	0.05474
3640	0.04765
3641	0.03474
3642	0.02916
3643	0.02809
3644	0.01801
3645	0.00024
3646	-0.01266
3647	-0.02080
3648	-0.03056
3649	-0.03764
3650	-0.03413
3651	-0.02100
3652	-0.01272
3653	-0.02097
3654	-0.03733
3655	-0.04695
3656	-0.04743
3657	-0.04249
3658	-0.03435
3659	-0.02282
3660	-0.00067
3661	-0.05318
3662	-0.17654
3663	-0.17812
3664	0.06949
3665	0.12898
3666	0.03822
3667	0.03930
3668	0.17391
3669	0.44507
3670	0.50358
3671	0.39730
3672	0.51541
3673	0.49062
3674	0.37596
3675	0.52924
3676	0.65268
3677	0.53227
3678	0.45643
3679	0.37980
3680	0.40776
3681	0.45749
3682	0.34425
3683	0.30978
3684	0.31747
3685	0.17889
3686	0.09983
3687	0.12329
3688	0.14628
3689	0.12224
3690	0.01042
3691	0.00227
3692	0.03024
3693	0.03964
3694	-0.02596
3695	-0.01021
3696	0.03538
3697	-0.07062
3698	-0.06722
3699	-0.05088
3700	-0.05899
3701	-0.07069
3702	-0.10671
3703	-0.04919
3704	-0.11415
3705	-0.16185
3706	-0.09564
3707	-0.13772
3708	-0.16423
3709	-0.18319
3710	-0.19696
3711	-0.14034
3712	-0.17976
3713	-0.22179
3714	-0.15871
3715	-0.19024
3716	-0.20592
3717	-0.16486
3718	-0.20014
3719	-0.15634
3720	-0.11222
3721	-0.17022
3722	-0.19968
3723	-0.10674
3724	-0.06723
3725	-0.10292
3726	-0.12919
3727	-0.06283
3728	0.00037
3729	-0.10216
3730	-0.04771
3731	-0.05146
3732	-0.05377
3733	-0.02560
3734	0.02460
3735	0.05647
3736	0.05449
3737	0.04339
3738	0.04078
3739	0.03581
3740	0.02036
3741	0.00982
3742	0.01809
3743	0.03410
3744	0.04609
3745	0.05376
3746	0.04887
3747	0.03261
3748	0.02878
3749	0.03876
3750	0.03627
3751	0.02173
3752	0.01611
3753	0.01400
3754	0.00083
3755	-0.01096
3756	-0.01069
3757	-0.01456
3758	-0.02726
3759	-0.03031
3760	-0.01850
3761	-0.00839
3762	-0.01366
3763	-0.03005
3764	-0.04354
3765	-0.04834
3766	-0.04447
3767	-0.03258
3768	-0.01742
3769	-0.00453
3770	-0.00608
3771	-0.12527
3772	-0.17183
3773	-0.00891
3774	0.14967
3775	0.03773
3776	-0.06454
3777	0.11795
3778	0.21289
3779	0.19865
3780	0.27965
3781	0.42396
3782	0.36714
3783	0.25794
3784	0.34773
3785	0.44405
3786	0.44569
3787	0.46907
3788	0.43940
3789	0.29948
3790	0.18543
3791	0.28727
3792	0.36872
3793	0.25953
3794	0.14442
3795	0.15603
3796	0.14001
3797	0.07512
3798	0.06772
3799	0.09510
3800	0.01669
3801	-0.03399
3802	-0.00812
3803	0.00647
3804	-0.00322
3805	-0.02623
3806	-0.02893
3807	-0.04553
3808	-0.12656
3809	-0.10246
3810	-0.06768
3811	-0.14332
3812	-0.13584
3813	-0.11827
3814	-0.16224
3815	-0.22304
3816	-0.17059
3817	-0.19658
3818	-0.22293
3819	-0.22391
3820	-0.24218
3821	-0.14397
3822	-0.21294
3823	-0.24245
3824	-0.16929
3825	-0.14505
3826	-0.13401
3827	-0.16022
3828	-0.12279
3829	-0.08521
3830	-0.06233
3831	-0.09378
3832	-0.09898
3833	0.02687
3834	-0.00383
3835	-0.05839
3836	-0.02699
3837	-0.03093
3838	-0.01571
3839	0.00532
3840	0.03411
3841	0.05799
3842	0.06288
3843	0.05951
3844	0.05159
3845	0.03734
3846	0.02874
3847	0.02480
3848	0.02116
3849	0.03168
3850	0.05607
3851	0.06947
3852	0.05843
3853	0.03874
3854	0.02929
3855	0.02939
3856	0.03085
3857	0.02669
3858	0.01430
3859	0.00280
3860	0.00049
3861	-0.00109
3862	-0.01100
3863	-0.02360
3864	-0.02853
3865	-0.02297
3866	-0.01420
3867	-0.01315
3868	-0.02443
3869	-0.03922
3870	-0.04454
3871	-0.03918
3872	-0.02948
3873	-0.02056
3874	-0.01116
3875	-0.00118
3876	0.01564
3877	-0.11375
3878	-0.19455
3879	0.13527
3880	0.18220
3881	-0.01374
3882	0.07793
3883	0.20519
3884	0.33499
3885	0.44581
3886	0.38527
3887	0.49197
3888	0.51785
3889	0.35643
3890	0.49015
3891	0.68592
3892	0.53656
3893	0.45177
3894	0.42127
3895	0.36934
3896	0.43769
3897	0.37240
3898	0.31452
3899	0.30891
3900	0.14401
3901	0.20131
3902	0.23892
3903	0.06460
3904	0.11459
3905	0.04516
3906	-0.05325
3907	0.03698
3908	0.00700
3909	-0.00748
3910	-0.03311
3911	-0.04619
3912	-0.03368
3913	-0.05918
3914	-0.07055
3915	-0.08260
3916	-0.08085
3917	-0.13269
3918	-0.16421
3919	-0.17329
3920	-0.18059
3921	-0.18404
3922	-0.19919
3923	-0.19604
3924	-0.17711
3925	-0.21145
3926	-0.20549
3927	-0.16284
3928	-0.16091
3929	-0.18021
3930	-0.22352
3931	-0.10133
3932	-0.07676
3933	-0.26043
3934	-0.13056
3935	-0.03204
3936	-0.17864
3937	-0.10893
3938	0.00958
3939	-0.00342
3940	-0.12358
3941	-0.07452
3942	0.02384
3943	-0.03062
3944	-0.03636
3945	-0.02096
3946	0.00387
3947	0.02790
3948	0.04945
3949	0.06308
3950	0.05130
3951	0.01848
3952	0.00157
3953	0.01445
3954	0.03194
3955	0.03882
3956	0.05005
3957	0.06690
3958	0.06508
3959	0.04394
3960	0.02894
3961	0.02768
3962	0.03114
3963	0.03725
3964	0.03773
3965	0.02060
3966	-0.00049
3967	-0.00501
3968	-0.00323
3969	-0.01239
3970	-0.02599
3971	-0.02882
3972	-0.01881
3973	-0.00976
3974	-0.01468
3975	-0.03045
3976	-0.04410
3977	-0.04675
3978	-0.03966
3979	-0.02916
3980	-0.01879
3981	-0.01019
3982	-0.01261
3983	-0.07896
3984	-0.19403
3985	0.02224
3986	0.15734
3987	-0.01241
3988	-0.06707
3989	0.07780
3990	0.29723
3991	0.36684
3992	0.28819
3993	0.37454
3994	0.41421
3995	0.26178
3996	0.36492
3997	0.57470
3998	0.48266
3999	0.40231
4000	0.37479
4001	0.30352
4002	0.37887
4003	0.29417
4004	0.34608
4005	0.34429
4006	0.06026
4007	0.11012
4008	0.16624
4009	0.11392
4010	0.14801
4011	0.02384
4012	-0.00785
4013	0.04617
4014	-0.03227
4015	-0.01153
4016	0.01985
4017	-0.00814
4018	-0.02478
4019	-0.05577
4020	-0.05118
4021	-0.06376
4022	-0.08963
4023	-0.13311
4024	-0.13214
4025	-0.13647
4026	-0.16393
4027	-0.15455
4028	-0.18637
4029	-0.19828
4030	-0.20953
4031	-0.21988
4032	-0.21601
4033	-0.22120
4034	-0.17378
4035	-0.19712
4036	-0.21437
4037	-0.20071
4038	-0.18232
4039	-0.12974
4040	-0.12709
4041	-0.18055
4042	-0.12815
4043	-0.06443
4044	-0.14025
4045	-0.09214
4046	0.00063
4047	-0.02744
4048	-0.05877
4049	-0.01608
4050	-0.03103
4051	-0.03012
4052	-0.02462
4053	-0.01314
4054	0.01056
4055	0.03549
4056	0.04861
4057	0.05326
4058	0.04979
4059	0.03175
4060	0.01529
4061	0.01850
4062	0.02961
4063	0.03425
4064	0.03707
4065	0.04109
4066	0.04626
4067	0.05286
4068	0.05132
4069	0.03779
4070	0.02345
4071	0.01709
4072	0.01761
4073	0.01778
4074	0.01024
4075	-0.00397
4076	-0.01645
4077	-0.02492
4078	-0.03053
4079	-0.02784
4080	-0.01670
4081	-0.00911
4082	-0.01509
4083	-0.02990
4084	-0.04163
4085	-0.04525
4086	-0.04155
4087	-0.03075
4088	-0.01515
4089	-0.01153
4090	-0.07618
4091	-0.18545
4092	-0.08049
4093	0.21437
4094	0.14715
4095	-0.15728
4096	-0.11287
4097	0.18969
4098	0.34176
4099	0.29282
4100	0.38008
4101	0.40080
4102	0.22418
4103	0.32941
4104	0.57907
4105	0.49260
4106	0.39127
4107	0.41473
4108	0.37951
4109	0.35025
4110	0.34666
4111	0.32057
4112	0.29364
4113	0.19642
4114	0.12796
4115	0.15011
4116	0.13098
4117	0.07376
4118	0.06313
4119	-0.00960
4120	-0.03949
4121	-0.00727
4122	0.00897
4123	-0.00938
4124	-0.02865
4125	-0.04310
4126	-0.07526
4127	-0.05581
4128	-0.09532
4129	-0.10440
4130	-0.05478
4131	-0.15183
4132	-0.18197
4133	-0.13518
4134	-0.18938
4135	-0.17953
4136	-0.18548
4137	-0.23090
4138	-0.18289
4139	-0.22351
4140	-0.22577
4141	-0.17877
4142	-0.20479
4143	-0.20427
4144	-0.22831
4145	-0.16009
4146	-0.09307
4147	-0.15871
4148	-0.20227
4149	-0.07097
4150	-0.02460
4151	-0.15965
4152	-0.09944
4153	-0.01131
4154	-0.05904
4155	-0.04196
4156	-0.02359
4157	-0.01006
4158	-0.00415
4159	-0.01132
4160	-0.03002
4161	-0.01589
4162	0.03759
4163	0.08863
4164	0.10454
4165	0.08072
4166	0.03805
4167	0.01716
4168	0.02932
4169	0.04436
4170	0.04921
4171	0.06236
4172	0.08498
4173	0.08992
4174	0.07035
4175	0.05124
4176	0.04478
4177	0.04026
4178	0.03163
4179	0.02105
4180	0.00861
4181	-0.00508
4182	-0.01785
4183	-0.02791
4184	-0.03009
4185	-0.02225
4186	-0.01418
4187	-0.01665
4188	-0.02981
4189	-0.04517
4190	-0.05215
4191	-0.04801
4192	-0.03699
4193	-0.02172
4194	-0.01088
4195	-0.03122
4196	-0.10742
4197	-0.18100
4198	0.04000
4199	0.30890
4200	0.07528
4201	-0.07428
4202	0.14823
4203	0.42280
4204	0.45918
4205	0.38662
4206	0.50376
4207	0.48251
4208	0.30590
4209	0.47442
4210	0.67074
4211	0.62105
4212	0.39170
4213	0.35204
4214	0.41574
4215	0.39634
4216	0.33527
4217	0.31009
4218	0.31355
4219	0.25264
4220	0.09589
4221	0.15016
4222	0.18643
4223	0.10255
4224	0.03861
4225	-0.07089
4226	-0.00915
4227	0.05592
4228	-0.06041
4229	-0.04436
4230	-0.00197
4231	-0.04786
4232	-0.07862
4233	-0.08164
4234	-0.08445
4235	-0.11763
4236	-0.10830
4237	-0.14799
4238	-0.16581
4239	-0.17795
4240	-0.16606
4241	-0.16551
4242	-0.22114
4243	-0.23890
4244	-0.18699
4245	-0.17320
4246	-0.22238
4247	-0.21045
4248	-0.14624
4249	-0.20370
4250	-0.27067
4251	-0.16835
4252	-0.07082
4253	-0.18765
4254	-0.20463
4255	-0.07112
4256	-0.09376
4257	-0.12094
4258	-0.09074
4259	-0.04118
4260	-0.05537
4261	-0.04725
4262	-0.01935
4263	-0.03624
4264	-0.03740
4265	-0.03290
4266	-0.02349
4267	0.00498
4268	0.03623
4269	0.05466
4270	0.06280
4271	0.05164
4272	0.02575
4273	0.01158
4274	0.01671
4275	0.03073
4276	0.04004
4277	0.04157
4278	0.04666
4279	0.05420
4280	0.05201
4281	0.04040
4282	0.02852
4283	0.02290
4284	0.02482
4285	0.03085
4286	0.03194
4287	0.01883
4288	-0.00208
4289	-0.01511
4290	-0.02075
4291	-0.02601
4292	-0.02800
4293	-0.02064
4294	-0.00673
4295	-0.00530
4296	-0.02250
4297	-0.03725
4298	-0.03962
4299	-0.03649
4300	-0.03079
4301	-0.02165
4302	-0.00806
4303	-0.03037
4304	-0.04017
4305	-0.08574
4306	-0.03410
4307	0.12077
4308	0.04565
4309	-0.00904
4310	0.10097
4311	0.23751
4312	0.34697
4313	0.36733
4314	0.45532
4315	0.43659
4316	0.27382
4317	0.39624
4318	0.55928
4319	0.49542
4320	0.44629
4321	0.46556
4322	0.42833
4323	0.32743
4324	0.38669
4325	0.42451
4326	0.34099
4327	0.18938
4328	0.15392
4329	0.20462
4330	0.17689
4331	0.10420
4332	0.09628
4333	0.06826
4334	-0.03780
4335	-0.02356
4336	0.09647
4337	-0.00638
4338	-0.02312
4339	-0.00828
4340	-0.06741
4341	-0.04256
4342	-0.05672
4343	-0.04323
4344	-0.04825
4345	-0.12417
4346	-0.11548
4347	-0.09457
4348	-0.15486
4349	-0.16695
4350	-0.14141
4351	-0.16803
4352	-0.20945
4353	-0.23143
4354	-0.16474
4355	-0.16274
4356	-0.20876
4357	-0.18176
4358	-0.15539
4359	-0.16893
4360	-0.20557
4361	-0.11920
4362	-0.11363
4363	-0.16779
4364	-0.13551
4365	-0.09600
4366	-0.07271
4367	-0.10167
4368	-0.05908
4369	-0.03272
4370	-0.05869
4371	-0.06789
4372	0.01927
4373	-0.02433
4374	-0.02441
4375	-0.01450
4376	-0.00581
4377	0.00699
4378	0.02829
4379	0.05319
4380	0.06592
4381	0.04701
4382	0.00894
4383	-0.00686
4384	0.01100
4385	0.02931
4386	0.02832
4387	0.03069
4388	0.04839
4389	0.05667
4390	0.04583
4391	0.03363
4392	0.02355
4393	0.01407
4394	0.01939
4395	0.03128
4396	0.02351
4397	0.00381
4398	-0.00471
4399	-0.00685
4400	-0.01654
4401	-0.02797
4402	-0.02700
4403	-0.01460
4404	-0.00673
4405	-0.01320
4406	-0.02915
4407	-0.04336
4408	-0.04840
4409	-0.04527
4410	-0.03630
4411	-0.02351
4412	0.03592
4413	-0.00919
4414	-0.15913
4415	-0.19403
4416	0.09614
4417	0.11660
4418	-0.06603
4419	-0.07200
4420	0.12139
4421	0.33099
4422	0.31865
4423	0.31907
4424	0.47708
4425	0.31169
4426	0.24376
4427	0.44375
4428	0.48818
4429	0.43431
4430	0.37691
4431	0.29516
4432	0.37598
4433	0.33889
4434	0.24777
4435	0.27580
4436	0.25541
4437	0.17979
4438	0.19075
4439	0.12704
4440	0.12715
4441	0.16012
4442	0.02808
4443	-0.01704
4444	0.04668
4445	0.01486
4446	0.02492
4447	-0.00298
4448	-0.03089
4449	-0.00063
4450	-0.05432
4451	-0.05140
4452	-0.06986
4453	-0.09867
4454	-0.07045
4455	-0.13874
4456	-0.15252
4457	-0.12966
4458	-0.15810
4459	-0.19625
4460	-0.21124
4461	-0.22024
4462	-0.23588
4463	-0.19799
4464	-0.22073
4465	-0.21834
4466	-0.20209
4467	-0.19585
4468	-0.18861
4469	-0.23803
4470	-0.19280
4471	-0.05833
4472	-0.15997
4473	-0.21102
4474	-0.09480
4475	-0.03838
4476	-0.08196
4477	-0.08372
4478	0.02095
4479	-0.00206
4480	-0.07218
4481	-0.00137
4482	-0.03052
4483	-0.02792
4484	-0.03006
4485	-0.01393
4486	0.03165
4487	0.06670
4488	0.06983
4489	0.05694
4490	0.04090
4491	0.03151
4492	0.03295
4493	0.03776
4494	0.04239
4495	0.04900
4496	0.06053
4497	0.06991
4498	0.06357
4499	0.04466
4500	0.02992
4501	0.02789
4502	0.03397
4503	0.03445
4504	0.01948
4505	0.00129
4506	-0.00585
4507	-0.01053
4508	-0.01916
4509	-0.02478
4510	-0.02352
4511	-0.01769
4512	-0.01510
4513	-0.02326
4514	-0.03790
4515	-0.04751
4516	-0.04661
4517	-0.03655
4518	-0.02206
4519	-0.00822
4520	0.05045
4521	-0.15386
4522	-0.24117
4523	0.01859
4524	0.19534
4525	0.00127
4526	-0.09197
4527	0.12259
4528	0.34785
4529	0.40400
4530	0.44572
4531	0.55645
4532	0.51342
4533	0.33804
4534	0.45245
4535	0.68022
4536	0.54184
4537	0.47822
4538	0.44909
4539	0.39883
4540	0.42397
4541	0.41130
4542	0.39847
4543	0.32995
4544	0.22978
4545	0.19181
4546	0.20698
4547	0.15752
4548	0.11481
4549	0.15151
4550	0.02851
4551	0.00435
4552	0.06920
4553	0.02348
4554	-0.00700
4555	-0.02149
4556	-0.01188
4557	-0.00732
4558	-0.07796
4559	-0.11831
4560	-0.03529
4561	-0.06987
4562	-0.14248
4563	-0.15724
4564	-0.12908
4565	-0.14115
4566	-0.19892
4567	-0.17091
4568	-0.20747
4569	-0.21690
4570	-0.17040
4571	-0.20837
4572	-0.18135
4573	-0.19949
4574	-0.18743
4575	-0.17955
4576	-0.23577
4577	-0.18974
4578	-0.06782
4579	-0.12950
4580	-0.20167
4581	-0.08369
4582	-0.08672
4583	-0.10428
4584	-0.08296
4585	-0.02232
4586	0.02134
4587	-0.03297
4588	-0.08679
4589	-0.02778
4590	-0.02554
4591	-0.01420
4592	-0.00816
4593	0.00814
4594	0.03536
4595	0.05380
4596	0.05450
4597	0.03832
4598	0.01568
4599	0.00442
4600	0.00796
4601	0.01853
4602	0.03175
4603	0.04354
4604	0.04873
4605	0.04509
4606	0.03853
4607	0.03741
4608	0.03706
4609	0.03080
4610	0.02321
4611	0.01732
4612	0.01232
4613	0.00691
4614	-0.00252
4615	-0.01543
4616	-0.02724
4617	-0.03340
4618	-0.02897
4619	-0.01544
4620	-0.00567
4621	-0.01183
4622	-0.02859
4623	-0.04199
4624	-0.04627
4625	-0.04249
4626	-0.03237
4627	-0.02069
4628	-0.01453
4629	-0.12624
4630	-0.14506
4631	-0.04079
4632	0.12198
4633	0.07351
4634	-0.08541
4635	0.01186
4636	0.28016
4637	0.47022
4638	0.38091
4639	0.39504
4640	0.49623
4641	0.34451
4642	0.34829
4643	0.56866
4644	0.56208
4645	0.45321
4646	0.36545
4647	0.36902
4648	0.43136
4649	0.33912
4650	0.27481
4651	0.30845
4652	0.24085
4653	0.13782
4654	0.11345
4655	0.13093
4656	0.11954
4657	0.08096
4658	0.00343
4659	-0.02100
4660	0.05610
4661	-0.00909
4662	-0.02608
4663	0.02962
4664	-0.01523
4665	-0.04756
4666	-0.07521
4667	-0.04143
4668	-0.04761
4669	-0.08430
4670	-0.09356
4671	-0.08812
4672	-0.11703
4673	-0.15272
4674	-0.11889
4675	-0.13115
4676	-0.17315
4677	-0.19666
4678	-0.19845
4679	-0.17587
4680	-0.20012
4681	-0.20198
4682	-0.12471
4683	-0.21312
4684	-0.19503
4685	-0.15974
4686	-0.23309
4687	-0.15601
4688	-0.10310
4689	-0.15822
4690	-0.12929
4691	-0.11985
4692	-0.10246
4693	-0.06944
4694	-0.07491
4695	-0.02354
4696	-0.00280
4697	-0.04988
4698	-0.03219
4699	-0.04219
4700	-0.01970
4701	0.01791
4702	0.03036
4703	0.01964
4704	0.02439
4705	0.05000
4706	0.06500
4707	0.05324
4708	0.02836
4709	0.01608
4710	0.02263
4711	0.03197
4712	0.04066
4713	0.04822
4714	0.04217
4715	0.02979
4716	0.02998
4717	0.03799
4718	0.03770
4719	0.02919
4720	0.02483
4721	0.01992
4722	0.00331
4723	-0.01108
4724	-0.01389
4725	-0.01775
4726	-0.02476
4727	-0.02503
4728	-0.01597
4729	-0.00832
4730	-0.01400
4731	-0.02977
4732	-0.04407
4733	-0.04981
4734	-0.04501
4735	-0.03416
4736	-0.02131
4737	-0.00343
4738	-0.04711
4739	-0.13761
4740	-0.20064
4741	0.09844
4742	0.17806
4743	-0.07999
4744	-0.05136
4745	0.14990
4746	0.33507
4747	0.47136
4748	0.41231
4749	0.44530
4750	0.45001
4751	0.33862
4752	0.53173
4753	0.62616
4754	0.44753
4755	0.50504
4756	0.39952
4757	0.33780
4758	0.45123
4759	0.34098
4760	0.31356
4761	0.28670
4762	0.19768
4763	0.19486
4764	0.11768
4765	0.08878
4766	0.14959
4767	0.02949
4768	-0.03234
4769	0.02972
4770	0.01782
4771	-0.01574
4772	-0.02903
4773	-0.01200
4774	-0.01514
4775	-0.08612
4776	-0.09534
4777	-0.03900
4778	-0.07895
4779	-0.13667
4780	-0.10707
4781	-0.15255
4782	-0.18109
4783	-0.16745
4784	-0.18059
4785	-0.20174
4786	-0.27174
4787	-0.27336
4788	-0.16772
4789	-0.24830
4790	-0.23729
4791	-0.23338
4792	-0.20649
4793	-0.24176
4794	-0.26575
4795	-0.08423
4796	-0.12036
4797	-0.20992
4798	-0.13500
4799	-0.03601
4800	-0.08775
4801	-0.09571
4802	-0.00006
4803	0.01759
4804	-0.03297
4805	-0.01616
4806	-0.03080
4807	-0.02349
4808	-0.00294
4809	0.01798
4810	0.03535
4811	0.04501
4812	0.04577
4813	0.04337
4814	0.03838
4815	0.03201
4816	0.03051
4817	0.03161
4818	0.03419
4819	0.04474
4820	0.05701
4821	0.05841
4822	0.05075
4823	0.04377
4824	0.03910
4825	0.03236
4826	0.02554
4827	0.02327
4828	0.02227
4829	0.01330
4830	-0.00241
4831	-0.01054
4832	-0.01180
4833	-0.01980
4834	-0.03130
4835	-0.03158
4836	-0.01831
4837	-0.00956
4838	-0.01962
4839	-0.03829
4840	-0.04877
4841	-0.04660
4842	-0.03573
4843	-0.02353
4844	-0.01410
4845	-0.00511
4846	-0.07135
4847	-0.09106
4848	-0.18435
4849	-0.04107
4850	0.15260
4851	0.04037
4852	-0.11616
4853	0.02551
4854	0.28921
4855	0.43494
4856	0.39611
4857	0.38078
4858	0.45229
4859	0.38405
4860	0.35897
4861	0.51196
4862	0.50633
4863	0.43546
4864	0.36296
4865	0.32233
4866	0.39719
4867	0.30197
4868	0.25517
4869	0.39205
4870	0.19825
4871	0.13270
4872	0.15679
4873	0.15231
4874	0.16834
4875	0.07694
4876	0.03288
4877	0.03165
4878	0.02484
4879	-0.01151
4880	0.00558
4881	0.00591
4882	-0.03001
4883	-0.03573
4884	-0.08180
4885	-0.07480
4886	-0.06406
4887	-0.08126
4888	-0.06754
4889	-0.14697
4890	-0.18138
4891	-0.13470
4892	-0.15074
4893	-0.19575
4894	-0.21455
4895	-0.19543
4896	-0.17309
4897	-0.19383
4898	-0.21147
4899	-0.16944
4900	-0.15541
4901	-0.20417
4902	-0.18947
4903	-0.19048
4904	-0.16072
4905	-0.09474
4906	-0.12216
4907	-0.16462
4908	-0.10372
4909	-0.07132
4910	-0.07607
4911	-0.02807
4912	-0.01995
4913	-0.02092
4914	-0.02108
4915	-0.03724
4916	-0.05358
4917	-0.04290
4918	-0.01740
4919	0.02210
4920	0.05475
4921	0.05130
4922	0.03357
4923	0.03519
4924	0.03817
4925	0.02663
4926	0.01617
4927	0.01727
4928	0.03159
4929	0.05237
4930	0.05827
4931	0.04958
4932	0.04924
4933	0.05515
4934	0.05199
4935	0.04229
4936	0.03479
4937	0.03158
4938	0.02398
4939	0.00741
4940	-0.00566
4941	-0.01147
4942	-0.02064
4943	-0.03148
4944	-0.03104
4945	-0.01746
4946	-0.01076
4947	-0.02283
4948	-0.04030
4949	-0.04962
4950	-0.04828
4951	-0.03859
4952	-0.02544
4953	-0.01242
4954	0.03456
4955	-0.11297
4956	-0.22258
4957	-0.12984
4958	0.19113
4959	0.10688
4960	-0.16683
4961	-0.05878
4962	0.15257
4963	0.30596
4964	0.37846
4965	0.41931
4966	0.44048
4967	0.26980
4968	0.34547
4969	0.60138
4970	0.52491
4971	0.42497
4972	0.45211
4973	0.39870
4974	0.38599
4975	0.39543
4976	0.36450
4977	0.29844
4978	0.23248
4979	0.19808
4980	0.17650
4981	0.12817
4982	0.09311
4983	0.11195
4984	0.02014
4985	-0.02775
4986	0.01649
4987	-0.01133
4988	-0.03351
4989	-0.03873
4990	-0.00749
4991	-0.02098
4992	-0.12355
4993	-0.09846
4994	-0.05866
4995	-0.12227
4996	-0.13396
4997	-0.18930
4998	-0.16820
4999	-0.17130
5000	-0.24625
5001	-0.21883
5002	-0.22605
5003	-0.27541
5004	-0.24656
5005	-0.21868
5006	-0.20127
5007	-0.22513
5008	-0.20205
5009	-0.23906
5010	-0.23828
5011	-0.06485
5012	-0.12653
5013	-0.21043
5014	-0.09609
5015	-0.06115
5016	-0.09735
5017	-0.07525
5018	-0.02016
5019	0.02698
5020	-0.02401
5021	-0.03643
5022	-0.02738
5023	-0.01965
5024	-0.01005
5025	-0.00280
5026	0.01513
5027	0.04236
5028	0.06058
5029	0.05827
5030	0.04361
5031	0.03509
5032	0.04275
5033	0.05258
5034	0.04574
5035	0.03699
5036	0.05081
5037	0.07273
5038	0.07337
5039	0.05455
5040	0.03986
5041	0.03735
5042	0.03493
5043	0.03017
5044	0.02745
5045	0.01812
5046	0.00349
5047	-0.00491
5048	-0.01375
5049	-0.02742
5050	-0.03109
5051	-0.01920
5052	-0.00675
5053	-0.00839
5054	-0.02405
5055	-0.04180
5056	-0.05139
5057	-0.04853
5058	-0.03635
5059	-0.02221
5060	-0.00982
5061	-0.06830
5062	-0.12338
5063	-0.22751
5064	-0.07713
5065	0.15720
5066	0.05132
5067	-0.01563
5068	0.09985
5069	0.21470
5070	0.37171
5071	0.42627
5072	0.51473
5073	0.56209
5074	0.41240
5075	0.43204
5076	0.57182
5077	0.59624
5078	0.61800
5079	0.52337
5080	0.38358
5081	0.44827
5082	0.44595
5083	0.33709
5084	0.40031
5085	0.30152
5086	0.17515
5087	0.23889
5088	0.16541
5089	0.16324
5090	0.15848
5091	-0.00458
5092	0.00431
5093	0.09699
5094	-0.00015
5095	-0.00957
5096	0.02614
5097	-0.03609
5098	-0.00350
5099	-0.06761
5100	-0.05513
5101	-0.01533
5102	-0.11273
5103	-0.11488
5104	-0.07534
5105	-0.15536
5106	-0.15684
5107	-0.16672
5108	-0.19011
5109	-0.16311
5110	-0.23286
5111	-0.23331
5112	-0.14596
5113	-0.22252
5114	-0.20510
5115	-0.18324
5116	-0.18674
5117	-0.12256
5118	-0.09746
5119	-0.20528
5120	-0.16826
5121	-0.06970
5122	-0.12318
5123	-0.15312
5124	-0.04716
5125	0.03132
5126	-0.01009
5127	-0.08078
5128	-0.02612
5129	-0.02025
5130	0.00037
5131	0.01139
5132	0.01660
5133	0.02956
5134	0.04330
5135	0.04726
5136	0.03925
5137	0.02494
5138	0.02133
5139	0.03253
5140	0.03733
5141	0.03052
5142	0.03123
5143	0.04086
5144	0.04428
5145	0.04265
5146	0.04681
5147	0.05010
5148	0.04012
5149	0.02945
5150	0.03083
5151	0.02852
5152	0.01287
5153	-0.00059
5154	-0.00539
5155	-0.01378
5156	-0.02697
5157	-0.03281
5158	-0.02586
5159	-0.01376
5160	-0.01143
5161	-0.02240
5162	-0.03512
5163	-0.04162
5164	-0.04219
5165	-0.03729
5166	-0.02580
5167	-0.01325
5168	-0.03989
5169	-0.06886
5170	-0.14615
5171	-0.03568
5172	0.13948
5173	0.02679
5174	-0.03821
5175	0.04127
5176	0.18626
5177	0.33504
5178	0.34517
5179	0.43209
5180	0.41610
5181	0.28690
5182	0.39937
5183	0.53955
5184	0.50171
5185	0.40620
5186	0.41178
5187	0.36782
5188	0.33371
5189	0.38742
5190	0.34342
5191	0.28891
5192	0.22722
5193	0.16307
5194	0.14396
5195	0.10269
5196	0.14765
5197	0.11897
5198	-0.02148
5199	0.01981
5200	0.03856
5201	-0.01950
5202	-0.02273
5203	-0.01639
5204	0.00456
5205	-0.03492
5206	-0.11245
5207	-0.04051
5208	-0.04073
5209	-0.10806
5210	-0.09181
5211	-0.07312
5212	-0.13785
5213	-0.16810
5214	-0.14085
5215	-0.17312
5216	-0.17150
5217	-0.22469
5218	-0.18683
5219	-0.18356
5220	-0.20989
5221	-0.18241
5222	-0.16200
5223	-0.19795
5224	-0.23892
5225	-0.13089
5226	-0.07820
5227	-0.17041
5228	-0.15842
5229	-0.06879
5230	-0.12260
5231	-0.08637
5232	-0.04872
5233	0.02348
5234	-0.02879
5235	-0.07482
5236	-0.02482
5237	-0.02930
5238	-0.02201
5239	-0.01026
5240	0.00509
5241	0.02833
5242	0.05451
5243	0.06086
5244	0.04003
5245	0.02104
5246	0.01987
5247	0.01972
5248	0.01689
5249	0.02505
5250	0.04327
5251	0.05561
5252	0.05099
5253	0.03836
5254	0.03303
5255	0.03086
5256	0.02423
5257	0.01923
5258	0.01694
5259	0.01162
5260	0.00493
5261	-0.00098
5262	-0.01073
5263	-0.02374
5264	-0.03079
5265	-0.02699
5266	-0.01716
5267	-0.01421
5268	-0.02558
5269	-0.03987
5270	-0.04521
5271	-0.04242
5272	-0.03258
5273	-0.01948
5274	-0.00693
5275	0.00366
5276	-0.04734
5277	-0.07114
5278	-0.10545
5279	-0.05886
5280	0.09409
5281	0.08169
5282	0.04102
5283	0.14135
5284	0.23999
5285	0.38618
5286	0.46240
5287	0.44532
5288	0.48489
5289	0.41545
5290	0.48025
5291	0.60524
5292	0.44339
5293	0.51856
5294	0.49391
5295	0.31980
5296	0.39260
5297	0.39723
5298	0.30191
5299	0.32367
5300	0.18886
5301	0.13579
5302	0.23076
5303	0.10102
5304	0.07517
5305	0.09664
5306	-0.01145
5307	0.03910
5308	0.01198
5309	-0.03975
5310	0.02215
5311	0.00939
5312	-0.06274
5313	-0.06191
5314	-0.03919
5315	-0.06999
5316	-0.08822
5317	-0.10046
5318	-0.10689
5319	-0.10886
5320	-0.17488
5321	-0.13916
5322	-0.14358
5323	-0.19453
5324	-0.18762
5325	-0.19856
5326	-0.20245
5327	-0.17375
5328	-0.18218
5329	-0.17653
5330	-0.14733
5331	-0.19220
5332	-0.18570
5333	-0.18885
5334	-0.08524
5335	-0.10689
5336	-0.19935
5337	-0.13022
5338	-0.09128
5339	-0.08215
5340	-0.05410
5341	-0.00652
5342	-0.05716
5343	-0.00820
5344	-0.02537
5345	-0.03770
5346	-0.04273
5347	-0.02877
5348	-0.00060
5349	0.02573
5350	0.03606
5351	0.03646
5352	0.04114
5353	0.04163
5354	0.02576
5355	0.01083
5356	0.01743
5357	0.03539
5358	0.04393
5359	0.04554
5360	0.05361
5361	0.06047
5362	0.05445
5363	0.04351
5364	0.03492
5365	0.02974
5366	0.03140
5367	0.02815
5368	0.01076
5369	-0.00542
5370	-0.01449
5371	-0.02492
5372	-0.03249
5373	-0.03008
5374	-0.02114
5375	-0.01562
5376	-0.02248
5377	-0.03991
5378	-0.05571
5379	-0.05939
5380	-0.05145
5381	-0.03741
5382	-0.02112
5383	0.06137
5384	0.00715
5385	-0.21530
5386	-0.27260
5387	0.05342
5388	0.24110
5389	-0.02165
5390	-0.09518
5391	0.15089
5392	0.40874
5393	0.47672
5394	0.40489
5395	0.46238
5396	0.39282
5397	0.27964
5398	0.48026
5399	0.61816
5400	0.43306
5401	0.28983
5402	0.35766
5403	0.48172
5404	0.40913
5405	0.28769
5406	0.31004
5407	0.31226
5408	0.18721
5409	0.12047
5410	0.20022
5411	0.17974
5412	0.05359
5413	0.01650
5414	0.00356
5415	0.02233
5416	0.00872
5417	-0.01827
5418	0.01474
5419	-0.03605
5420	-0.07644
5421	-0.03624
5422	-0.09821
5423	-0.12465
5424	-0.07362
5425	-0.09083
5426	-0.19175
5427	-0.18342
5428	-0.12901
5429	-0.16137
5430	-0.20946
5431	-0.24151
5432	-0.21288
5433	-0.21659
5434	-0.24900
5435	-0.20443
5436	-0.20293
5437	-0.22068
5438	-0.19637
5439	-0.24834
5440	-0.19283
5441	-0.08923
5442	-0.17202
5443	-0.18839
5444	-0.11203
5445	-0.09087
5446	-0.10420
5447	-0.10569
5448	-0.04901
5449	-0.01152
5450	-0.07516
5451	-0.05299
5452	-0.01689
5453	-0.03520
5454	-0.04320
5455	-0.03257
5456	-0.00344
5457	0.02935
5458	0.05452
5459	0.06253
5460	0.04623
5461	0.02026
5462	0.01012
5463	0.02090
5464	0.04003
5465	0.05765
5466	0.07006
5467	0.07327
5468	0.06691
5469	0.05915
5470	0.05338
5471	0.04478
5472	0.03669
5473	0.03401
5474	0.03151
5475	0.02362
5476	0.01143
5477	-0.00229
5478	-0.01546
5479	-0.02436
5480	-0.02580
5481	-0.01924
5482	-0.01086
5483	-0.01205
5484	-0.02611
5485	-0.04445
5486	-0.05536
5487	-0.05269
5488	-0.04106
5489	-0.02755
5490	-0.01447
5491	-0.00204
5492	-0.08930
5493	-0.20444
5494	-0.10444
5495	0.18436
5496	0.09832
5497	-0.07240
5498	0.01333
5499	0.21864
5500	0.42158
5501	0.47616
5502	0.40069
5503	0.45684
5504	0.41314
5505	0.35772
5506	0.56837
5507	0.59321
5508	0.48661
5509	0.44771
5510	0.38798
5511	0.41829
5512	0.43134
5513	0.41927
5514	0.36807
5515	0.26496
5516	0.20838
5517	0.20758
5518	0.16857
5519	0.14801
5520	0.17428
5521	0.03740
5522	-0.02339
5523	0.03649
5524	0.01427
5525	0.01287
5526	-0.02123
5527	-0.01309
5528	-0.00428
5529	-0.09897
5530	-0.06102
5531	-0.02759
5532	-0.09032
5533	-0.12509
5534	-0.11938
5535	-0.13522
5536	-0.16063
5537	-0.17026
5538	-0.20625
5539	-0.20173
5540	-0.24263
5541	-0.24041
5542	-0.19681
5543	-0.21647
5544	-0.22617
5545	-0.20395
5546	-0.22207
5547	-0.24524
5548	-0.15692
5549	-0.07269
5550	-0.21627
5551	-0.17685
5552	-0.03535
5553	-0.12553
5554	-0.13334
5555	0.00097
5556	-0.00250
5557	-0.01052
5558	-0.06070
5559	-0.02440
5560	-0.03836
5561	-0.02049
5562	-0.00268
5563	-0.00298
5564	0.00623
5565	0.02681
5566	0.03763
5567	0.04387
5568	0.04736
5569	0.04019
5570	0.03099
5571	0.03117
5572	0.04271
5573	0.05959
5574	0.07423
5575	0.07946
5576	0.07195
5577	0.06004
5578	0.05082
5579	0.04349
5580	0.03870
5581	0.03903
5582	0.03809
5583	0.02232
5584	0.00000
5585	-0.01003
5586	-0.01470
5587	-0.02288
5588	-0.02652
5589	-0.02060
5590	-0.01257
5591	-0.01404
5592	-0.02649
5593	-0.03932
5594	-0.04399
5595	-0.03970
5596	-0.03058
5597	-0.02067
5598	-0.00942
5599	0.00106
5600	-0.09169
5601	-0.20370
5602	-0.09838
5603	0.16794
5604	0.08234
5605	-0.08477
5606	0.02108
5607	0.15249
5608	0.34972
5609	0.53184
5610	0.43774
5611	0.42872
5612	0.40119
5613	0.37665
5614	0.52686
5615	0.54361
5616	0.54927
5617	0.54809
5618	0.37535
5619	0.34001
5620	0.42540
5621	0.43552
5622	0.37628
5623	0.26487
5624	0.24966
5625	0.22360
5626	0.15075
5627	0.15914
5628	0.15863
5629	0.10035
5630	0.00896
5631	0.02225
5632	0.03165
5633	0.02380
5634	0.02264
5635	-0.00363
5636	-0.03687
5637	-0.07023
5638	-0.02321
5639	-0.02252
5640	-0.08552
5641	-0.06335
5642	-0.09386
5643	-0.11742
5644	-0.13748
5645	-0.17686
5646	-0.13910
5647	-0.19048
5648	-0.21741
5649	-0.18625
5650	-0.19673
5651	-0.21079
5652	-0.14665
5653	-0.12851
5654	-0.21548
5655	-0.22593
5656	-0.20118
5657	-0.14812
5658	-0.13607
5659	-0.21080
5660	-0.12744
5661	-0.05375
5662	-0.14151
5663	-0.09099
5664	-0.03841
5665	-0.01800
5666	-0.04863
5667	-0.08734
5668	-0.02588
5669	-0.04046
5670	-0.02423
5671	0.00109
5672	0.01779
5673	0.02836
5674	0.03561
5675	0.04334
5676	0.05020
5677	0.04441
5678	0.03046
5679	0.02768
5680	0.03322
5681	0.03197
5682	0.03328
5683	0.05427
5684	0.07802
5685	0.07570
5686	0.05571
5687	0.04377
5688	0.03991
5689	0.03537
5690	0.03441
5691	0.03543
5692	0.02697
5693	0.01040
5694	-0.00093
5695	-0.00768
5696	-0.01783
5697	-0.02692
5698	-0.02742
5699	-0.01745
5700	-0.01004
5701	-0.02123
5702	-0.03975
5703	-0.04706
5704	-0.04449
5705	-0.03714
5706	-0.02628
5707	-0.01020
5708	-0.00380
5709	-0.05944
5710	-0.25872
5711	-0.08803
5712	0.25641
5713	0.03103
5714	-0.11923
5715	0.09052
5716	0.19858
5717	0.37596
5718	0.49706
5719	0.48082
5720	0.45106
5721	0.33420
5722	0.41210
5723	0.63900
5724	0.60762
5725	0.45384
5726	0.47616
5727	0.43467
5728	0.32919
5729	0.36053
5730	0.39809
5731	0.33975
5732	0.28028
5733	0.16488
5734	0.19693
5735	0.19590
5736	0.11284
5737	0.12513
5738	0.05531
5739	-0.01268
5740	0.01036
5741	0.02651
5742	0.01033
5743	-0.02282
5744	-0.02434
5745	-0.02437
5746	-0.06821
5747	-0.10271
5748	-0.04930
5749	-0.05777
5750	-0.14535
5751	-0.11881
5752	-0.14194
5753	-0.16299
5754	-0.16365
5755	-0.17910
5756	-0.19705
5757	-0.20558
5758	-0.23301
5759	-0.17257
5760	-0.16548
5761	-0.21214
5762	-0.16618
5763	-0.16203
5764	-0.19147
5765	-0.23351
5766	-0.06426
5767	-0.12781
5768	-0.19841
5769	-0.11983
5770	-0.09240
5771	-0.08154
5772	-0.08066
5773	-0.01031
5774	-0.02385
5775	-0.06573
5776	-0.06757
5777	-0.03689
5778	-0.03687
5779	-0.03226
5780	-0.02139
5781	0.00941
5782	0.04663
5783	0.06233
5784	0.05465
5785	0.03743
5786	0.01711
5787	0.00804
5788	0.02101
5789	0.03896
5790	0.04422
5791	0.04593
5792	0.05523
5793	0.06295
5794	0.05837
5795	0.04803
5796	0.04285
5797	0.03982
5798	0.03301
5799	0.02971
5800	0.02870
5801	0.01408
5802	-0.00480
5803	-0.01031
5804	-0.01711
5805	-0.03069
5806	-0.03357
5807	-0.02209
5808	-0.00926
5809	-0.00999
5810	-0.02717
5811	-0.04669
5812	-0.05448
5813	-0.04895
5814	-0.03699
5815	-0.02485
5816	-0.01247
5817	0.02604
5818	-0.09042
5819	-0.19974
5820	-0.10872
5821	0.14144
5822	0.15821
5823	-0.07745
5824	-0.05100
5825	0.27465
5826	0.43919
5827	0.43935
5828	0.44737
5829	0.51018
5830	0.45157
5831	0.39069
5832	0.58788
5833	0.65397
5834	0.51431
5835	0.43257
5836	0.40501
5837	0.44107
5838	0.37875
5839	0.29435
5840	0.34720
5841	0.29736
5842	0.14737
5843	0.14419
5844	0.18570
5845	0.13585
5846	0.09329
5847	0.01924
5848	-0.02110
5849	0.03570
5850	-0.00036
5851	-0.02146
5852	-0.00525
5853	-0.03084
5854	-0.03615
5855	-0.07278
5856	-0.08425
5857	-0.08423
5858	-0.08482
5859	-0.12472
5860	-0.15555
5861	-0.15229
5862	-0.15953
5863	-0.18516
5864	-0.20338
5865	-0.21121
5866	-0.23888
5867	-0.29507
5868	-0.17280
5869	-0.17765
5870	-0.26465
5871	-0.17926
5872	-0.18678
5873	-0.21786
5874	-0.23502
5875	-0.17641
5876	-0.06650
5877	-0.20772
5878	-0.20801
5879	-0.04627
5880	-0.07480
5881	-0.12689
5882	-0.09435
5883	-0.04031
5884	-0.03033
5885	-0.07076
5886	-0.06084
5887	-0.03606
5888	-0.05724
5889	-0.04279
5890	-0.01360
5891	0.01342
5892	0.03797
5893	0.04837
5894	0.04288
5895	0.04028
5896	0.03882
5897	0.02841
5898	0.02358
5899	0.03502
5900	0.04579
5901	0.04770
5902	0.05670
5903	0.07112
5904	0.07026
5905	0.05654
5906	0.04531
5907	0.03649
5908	0.03005
5909	0.03141
5910	0.03201
5911	0.01939
5912	0.00250
5913	-0.00406
5914	-0.00944
5915	-0.02297
5916	-0.03272
5917	-0.02730
5918	-0.01281
5919	-0.00809
5920	-0.02216
5921	-0.03995
5922	-0.04667
5923	-0.04329
5924	-0.03415
5925	-0.02294
5926	-0.00957
5927	-0.02151
5928	-0.01944
5929	-0.16138
5930	-0.18600
5931	0.12505
5932	0.16697
5933	-0.06751
5934	-0.03919
5935	0.19642
5936	0.37074
5937	0.43637
5938	0.44079
5939	0.52054
5940	0.50186
5941	0.35495
5942	0.51950
5943	0.69364
5944	0.61488
5945	0.50086
5946	0.38975
5947	0.39386
5948	0.44018
5949	0.40966
5950	0.40070
5951	0.33643
5952	0.20813
5953	0.17283
5954	0.21787
5955	0.16709
5956	0.10369
5957	0.07001
5958	0.01998
5959	0.01795
5960	-0.02299
5961	0.00508
5962	0.05295
5963	-0.03068
5964	-0.06365
5965	-0.03583
5966	-0.06748
5967	-0.06500
5968	-0.08867
5969	-0.07959
5970	-0.09052
5971	-0.19231
5972	-0.14016
5973	-0.13668
5974	-0.21887
5975	-0.21809
5976	-0.25004
5977	-0.23878
5978	-0.22745
5979	-0.22585
5980	-0.18898
5981	-0.21613
5982	-0.25867
5983	-0.11496
5984	-0.07920
5985	-0.26287
5986	-0.18478
5987	-0.04655
5988	-0.10065
5989	-0.17344
5990	-0.05528
5991	0.09031
5992	-0.02069
5993	-0.10339
5994	-0.02765
5995	-0.04047
5996	-0.01918
5997	0.01047
5998	0.02070
5999	0.02104
6000	0.02940
6001	0.04148
6002	0.04382
6003	0.03482
6004	0.02895
6005	0.03437
6006	0.03788
6007	0.03379
6008	0.04019
6009	0.06164
6010	0.07420
6011	0.06693
6012	0.05661
6013	0.05321
6014	0.05048
6015	0.04405
6016	0.03845
6017	0.03439
6018	0.02442
6019	0.01147
6020	-0.00245
6021	-0.01969
6022	-0.03055
6023	-0.03216
6024	-0.02643
6025	-0.01267
6026	-0.00570
6027	-0.01870
6028	-0.03752
6029	-0.04553
6030	-0.04370
6031	-0.03576
6032	-0.02481
6033	-0.01216
6034	0.02468
6035	-0.03106
6036	-0.20637
6037	-0.15881
6038	0.12632
6039	0.11033
6040	-0.01247
6041	-0.01045
6042	0.15981
6043	0.35611
6044	0.34986
6045	0.40198
6046	0.50196
6047	0.39530
6048	0.34044
6049	0.51903
6050	0.58951
6051	0.53367
6052	0.52562
6053	0.42361
6054	0.39948
6055	0.42141
6056	0.39850
6057	0.43484
6058	0.32119
6059	0.20967
6060	0.24913
6061	0.18805
6062	0.16274
6063	0.17177
6064	0.08869
6065	0.03771
6066	0.04312
6067	0.02877
6068	0.00244
6069	0.06141
6070	-0.01363
6071	-0.04756
6072	0.01413
6073	-0.06420
6074	-0.03149
6075	-0.05632
6076	-0.07626
6077	-0.05425
6078	-0.12514
6079	-0.15507
6080	-0.11066
6081	-0.15683
6082	-0.17551
6083	-0.20325
6084	-0.22004
6085	-0.15424
6086	-0.18520
6087	-0.17426
6088	-0.16504
6089	-0.18990
6090	-0.23766
6091	-0.12592
6092	-0.08196
6093	-0.23819
6094	-0.14999
6095	-0.05951
6096	-0.12459
6097	-0.11455
6098	-0.07262
6099	-0.02799
6100	-0.03916
6101	-0.09334
6102	0.00273
6103	-0.01959
6104	-0.03832
6105	-0.02884
6106	0.00150
6107	0.02950
6108	0.04769
6109	0.05107
6110	0.04226
6111	0.04015
6112	0.04197
6113	0.03360
6114	0.02951
6115	0.04028
6116	0.04666
6117	0.04254
6118	0.04794
6119	0.05972
6120	0.05648
6121	0.04720
6122	0.04633
6123	0.04010
6124	0.02512
6125	0.01727
6126	0.01416
6127	0.00701
6128	0.00151
6129	-0.00281
6130	-0.01487
6131	-0.03069
6132	-0.03496
6133	-0.02336
6134	-0.00944
6135	-0.01078
6136	-0.02839
6137	-0.04410
6138	-0.04843
6139	-0.04393
6140	-0.03329
6141	-0.01797
6142	-0.00143
6143	0.00090
6144	-0.16548
6145	-0.19307
6146	0.06853
6147	0.15777
6148	0.02094
6149	-0.09087
6150	0.02369
6151	0.23786
6152	0.33032
6153	0.40039
6154	0.48232
6155	0.34274
6156	0.28055
6157	0.47041
6158	0.57888
6159	0.51067
6160	0.49302
6161	0.47006
6162	0.36483
6163	0.32846
6164	0.36906
6165	0.39412
6166	0.30024
6167	0.28645
6168	0.24789
6169	0.13782
6170	0.17346
6171	0.16391
6172	0.10163
6173	0.05485
6174	-0.01228
6175	0.03493
6176	0.04424
6177	-0.04543
6178	0.01596
6179	0.01916
6180	-0.07256
6181	-0.06588
6182	-0.04734
6183	-0.04734
6184	-0.07887
6185	-0.14605
6186	-0.10829
6187	-0.12665
6188	-0.17948
6189	-0.18346
6190	-0.14643
6191	-0.23684
6192	-0.25070
6193	-0.19970
6194	-0.19626
6195	-0.21540
6196	-0.23385
6197	-0.15740
6198	-0.22948
6199	-0.28011
6200	-0.10236
6201	-0.10248
6202	-0.22299
6203	-0.15821
6204	-0.04716
6205	-0.09000
6206	-0.12306
6207	-0.04822
6208	0.05030
6209	-0.03932
6210	-0.07985
6211	-0.02912
6212	-0.03919
6213	-0.02440
6214	-0.00971
6215	0.00726
6216	0.03539
6217	0.05104
6218	0.04466
6219	0.03610
6220	0.02935
6221	0.02837
6222	0.03743
6223	0.04010
6224	0.03072
6225	0.02981
6226	0.04994
6227	0.06671
6228	0.06088
6229	0.05126
6230	0.04414
6231	0.02986
6232	0.02421
6233	0.03257
6234	0.02966
6235	0.01050
6236	-0.00450
6237	-0.01065
6238	-0.01783
6239	-0.02620
6240	-0.02891
6241	-0.02123
6242	-0.00904
6243	-0.00922
6244	-0.02696
6245	-0.04326
6246	-0.04670
6247	-0.04159
6248	-0.03122
6249	-0.02094
6250	-0.01209
6251	-0.00256
6252	-0.04541
6253	-0.16613
6254	-0.22356
6255	0.01533
6256	0.19359
6257	0.00641
6258	-0.03288
6259	0.10638
6260	0.17966
6261	0.25492
6262	0.32236
6263	0.45595
6264	0.48322
6265	0.37042
6266	0.39226
6267	0.56140
6268	0.57197
6269	0.52694
6270	0.54708
6271	0.38808
6272	0.33584
6273	0.47646
6274	0.41488
6275	0.36619
6276	0.31257
6277	0.23534
6278	0.25476
6279	0.19103
6280	0.15107
6281	0.16969
6282	0.04656
6283	0.00713
6284	0.03472
6285	0.00858
6286	0.02693
6287	0.02034
6288	-0.02134
6289	-0.04635
6290	-0.05744
6291	-0.07487
6292	-0.04723
6293	-0.06139
6294	-0.09350
6295	-0.12086
6296	-0.14094
6297	-0.14723
6298	-0.15404
6299	-0.20528
6300	-0.17130
6301	-0.22362
6302	-0.26639
6303	-0.16777
6304	-0.17495
6305	-0.22118
6306	-0.17760
6307	-0.19169
6308	-0.22207
6309	-0.16092
6310	-0.11244
6311	-0.10511
6312	-0.17663
6313	-0.12114
6314	-0.04076
6315	-0.14499
6316	-0.07340
6317	0.02855
6318	-0.00726
6319	-0.08508
6320	-0.01422
6321	-0.04178
6322	-0.04724
6323	-0.02292
6324	0.00213
6325	0.02309
6326	0.03978
6327	0.04321
6328	0.04048
6329	0.03752
6330	0.02987
6331	0.02703
6332	0.03378
6333	0.04003
6334	0.04459
6335	0.05281
6336	0.06197
6337	0.06611
6338	0.06613
6339	0.06399
6340	0.05750
6341	0.04837
6342	0.03941
6343	0.03121
6344	0.02086
6345	0.00589
6346	-0.00503
6347	-0.01087
6348	-0.02071
6349	-0.02937
6350	-0.02808
6351	-0.02008
6352	-0.01698
6353	-0.02799
6354	-0.04612
6355	-0.05499
6356	-0.04956
6357	-0.03754
6358	-0.02528
6359	-0.01293
6360	0.00385
6361	-0.14521
6362	-0.19468
6363	-0.08273
6364	0.16921
6365	0.13615
6366	-0.06539
6367	0.03024
6368	0.29063
6369	0.48920
6370	0.46361
6371	0.47980
6372	0.49440
6373	0.44885
6374	0.42846
6375	0.53033
6376	0.60167
6377	0.53045
6378	0.42774
6379	0.39202
6380	0.42534
6381	0.47923
6382	0.40652
6383	0.29006
6384	0.30524
6385	0.23852
6386	0.15567
6387	0.15975
6388	0.13411
6389	0.13793
6390	0.04978
6391	-0.03047
6392	0.04365
6393	0.04979
6394	-0.02953
6395	0.00881
6396	0.00367
6397	-0.03845
6398	-0.06342
6399	-0.04211
6400	-0.04009
6401	-0.06527
6402	-0.11286
6403	-0.07627
6404	-0.12406
6405	-0.17514
6406	-0.10911
6407	-0.14527
6408	-0.18124
6409	-0.22479
6410	-0.17979
6411	-0.16260
6412	-0.21252
6413	-0.20592
6414	-0.16951
6415	-0.18921
6416	-0.21416
6417	-0.18727
6418	-0.19096
6419	-0.19078
6420	-0.09926
6421	-0.12881
6422	-0.19347
6423	-0.11993
6424	-0.10531
6425	-0.10982
6426	-0.08748
6427	-0.10083
6428	-0.09371
6429	-0.05003
6430	-0.05908
6431	-0.04585
6432	-0.04093
6433	-0.03750
6434	-0.01912
6435	0.00026
6436	0.01101
6437	0.02877
6438	0.05680
6439	0.06270
6440	0.03510
6441	0.01067
6442	0.01000
6443	0.02105
6444	0.03845
6445	0.05625
6446	0.06465
6447	0.06321
6448	0.05686
6449	0.05274
6450	0.04870
6451	0.03953
6452	0.03194
6453	0.02936
6454	0.02772
6455	0.02380
6456	0.01476
6457	0.00004
6458	-0.01489
6459	-0.02270
6460	-0.02245
6461	-0.01808
6462	-0.01489
6463	-0.01952
6464	-0.03392
6465	-0.04918
6466	-0.05408
6467	-0.04785
6468	-0.03670
6469	-0.02435
6470	-0.00609
6471	-0.05157
6472	-0.18057
6473	-0.10121
6474	0.16743
6475	0.16372
6476	-0.01460
6477	0.05611
6478	0.32078
6479	0.46240
6480	0.42710
6481	0.43973
6482	0.49221
6483	0.37890
6484	0.45051
6485	0.62805
6486	0.60648
6487	0.56102
6488	0.45181
6489	0.38791
6490	0.42122
6491	0.41843
6492	0.40613
6493	0.33954
6494	0.24463
6495	0.20876
6496	0.20324
6497	0.15838
6498	0.15894
6499	0.13829
6500	-0.01068
6501	-0.01454
6502	0.05315
6503	0.02109
6504	-0.00730
6505	-0.02463
6506	-0.00989
6507	-0.07393
6508	-0.08443
6509	-0.05283
6510	-0.07434
6511	-0.10809
6512	-0.14107
6513	-0.13752
6514	-0.13816
6515	-0.20875
6516	-0.22491
6517	-0.15569
6518	-0.19893
6519	-0.24856
6520	-0.22060
6521	-0.17867
6522	-0.20342
6523	-0.23228
6524	-0.21154
6525	-0.18039
6526	-0.11391
6527	-0.16393
6528	-0.21616
6529	-0.08730
6530	-0.09263
6531	-0.16510
6532	-0.07918
6533	-0.02754
6534	-0.07255
6535	-0.02167
6536	0.01168
6537	-0.00543
6538	-0.02788
6539	-0.03700
6540	-0.02703
6541	-0.00240
6542	0.02832
6543	0.05619
6544	0.06652
6545	0.05128
6546	0.02647
6547	0.01268
6548	0.01270
6549	0.01985
6550	0.03160
6551	0.04896
6552	0.06586
6553	0.07268
6554	0.06730
6555	0.05581
6556	0.04581
6557	0.03694
6558	0.02996
6559	0.03227
6560	0.03613
6561	0.02657
6562	0.01173
6563	0.00400
6564	-0.00423
6565	-0.01819
6566	-0.02825
6567	-0.02593
6568	-0.01375
6569	-0.00514
6570	-0.01499
6571	-0.03507
6572	-0.04218
6573	-0.03731
6574	-0.02899
6575	-0.02019
6576	-0.01169
6577	-0.00219
6578	-0.02690
6579	-0.02169
6580	-0.16246
6581	-0.09737
6582	0.16697
6583	0.07861
6584	-0.06109
6585	0.07971
6586	0.17430
6587	0.28866
6588	0.32935
6589	0.38208
6590	0.46720
6591	0.33291
6592	0.33042
6593	0.52331
6594	0.48052
6595	0.46376
6596	0.45275
6597	0.38261
6598	0.33854
6599	0.32440
6600	0.34016
6601	0.34245
6602	0.24656
6603	0.14860
6604	0.11991
6605	0.16536
6606	0.10915
6607	0.03668
6608	0.07196
6609	0.00620
6610	-0.06708
6611	-0.01305
6612	0.01843
6613	-0.01496
6614	-0.03413
6615	-0.08554
6616	-0.04653
6617	-0.05862
6618	-0.13814
6619	-0.10015
6620	-0.08028
6621	-0.16555
6622	-0.19390
6623	-0.16925
6624	-0.21010
6625	-0.21127
6626	-0.21351
6627	-0.25279
6628	-0.19986
6629	-0.23653
6630	-0.19018
6631	-0.18118
6632	-0.21117
6633	-0.23378
6634	-0.16458
6635	-0.10466
6636	-0.16642
6637	-0.16827
6638	-0.06027
6639	-0.05689
6640	-0.13394
6641	-0.02657
6642	0.00506
6643	-0.04370
6644	-0.04496
6645	-0.01990
6646	-0.02507
6647	-0.00425
6648	0.00840
6649	0.00855
6650	0.02029
6651	0.03659
6652	0.03992
6653	0.03946
6654	0.04025
6655	0.03538
6656	0.03338
6657	0.04070
6658	0.04684
6659	0.05066
6660	0.06356
6661	0.08034
6662	0.08247
6663	0.06720
6664	0.04620
6665	0.03222
6666	0.03397
6667	0.04226
6668	0.03467
6669	0.01213
6670	-0.00104
6671	-0.00171
6672	-0.00882
6673	-0.02423
6674	-0.03252
6675	-0.02503
6676	-0.01065
6677	-0.00835
6678	-0.02442
6679	-0.04145
6680	-0.04595
6681	-0.04125
6682	-0.03232
6683	-0.02235
6684	-0.01022
6685	-0.00844
6686	-0.03165
6687	-0.22615
6688	-0.12755
6689	0.16722
6690	0.13888
6691	-0.02288
6692	0.02886
6693	0.22169
6694	0.40442
6695	0.44734
6696	0.44290
6697	0.52405
6698	0.42046
6699	0.31488
6700	0.54880
6701	0.57705
6702	0.48903
6703	0.43325
6704	0.33786
6705	0.36964
6706	0.38943
6707	0.37149
6708	0.34358
6709	0.25310
6710	0.15075
6711	0.16894
6712	0.21960
6713	0.13766
6714	0.09642
6715	0.06848
6716	0.00363
6717	0.03310
6718	0.00446
6719	-0.01135
6720	0.05325
6721	-0.03096
6722	-0.06937
6723	-0.05403
6724	-0.05175
6725	-0.08424
6726	-0.10476
6727	-0.08808
6728	-0.14173
6729	-0.17757
6730	-0.19506
6731	-0.19427
6732	-0.18513
6733	-0.24515
6734	-0.27314
6735	-0.21912
6736	-0.20618
6737	-0.19180
6738	-0.22715
6739	-0.21937
6740	-0.14312
6741	-0.18906
6742	-0.14564
6743	-0.07831
6744	-0.16194
6745	-0.14745
6746	-0.03666
6747	-0.14696
6748	-0.11587
6749	0.02891
6750	-0.03487
6751	-0.06718
6752	-0.05304
6753	-0.02508
6754	-0.03387
6755	-0.01804
6756	0.00113
6757	0.02168
6758	0.04807
6759	0.06497
6760	0.05620
6761	0.02621
6762	0.00377
6763	0.00963
6764	0.03492
6765	0.06214
6766	0.07638
6767	0.07483
6768	0.06713
6769	0.05723
6770	0.04682
6771	0.04559
6772	0.05493
6773	0.06105
6774	0.05808
6775	0.05002
6776	0.03323
6777	0.01238
6778	0.00288
6779	-0.00305
6780	-0.01770
6781	-0.03030
6782	-0.03227
6783	-0.02524
6784	-0.01666
6785	-0.01958
6786	-0.03608
6787	-0.05191
6788	-0.05578
6789	-0.04765
6790	-0.03345
6791	-0.01837
6792	-0.00460
6793	0.03844
6794	-0.12979
6795	-0.25481
6796	-0.05144
6797	0.16309
6798	0.10735
6799	-0.01438
6800	0.07860
6801	0.39669
6802	0.46146
6803	0.39026
6804	0.47917
6805	0.50141
6806	0.38157
6807	0.45242
6808	0.54664
6809	0.54573
6810	0.50999
6811	0.38501
6812	0.33856
6813	0.38553
6814	0.38391
6815	0.40097
6816	0.31376
6817	0.22459
6818	0.20833
6819	0.17791
6820	0.17033
6821	0.13945
6822	0.10312
6823	0.03587
6824	-0.02110
6825	0.06118
6826	0.02051
6827	-0.02627
6828	-0.00067
6829	-0.03607
6830	-0.04108
6831	-0.05690
6832	-0.04852
6833	-0.04611
6834	-0.06819
6835	-0.10331
6836	-0.10129
6837	-0.12398
6838	-0.17376
6839	-0.12284
6840	-0.15694
6841	-0.21460
6842	-0.19427
6843	-0.20759
6844	-0.16969
6845	-0.15676
6846	-0.23964
6847	-0.15583
6848	-0.17274
6849	-0.23299
6850	-0.19680
6851	-0.12887
6852	-0.10462
6853	-0.18196
6854	-0.16506
6855	-0.09938
6856	-0.08716
6857	-0.07825
6858	-0.03413
6859	-0.02760
6860	-0.05553
6861	-0.05081
6862	-0.03346
6863	-0.04060
6864	-0.03713
6865	-0.03145
6866	-0.00475
6867	0.03495
6868	0.05417
6869	0.05257
6870	0.04373
6871	0.02411
6872	0.00705
6873	0.01233
6874	0.02879
6875	0.03368
6876	0.03158
6877	0.04653
6878	0.06991
6879	0.06739
6880	0.04365
6881	0.03217
6882	0.03550
6883	0.03175
6884	0.02096
6885	0.02009
6886	0.02273
6887	0.01214
6888	-0.00032
6889	-0.00510
6890	-0.01496
6891	-0.02765
6892	-0.02937
6893	-0.02054
6894	-0.01143
6895	-0.01332
6896	-0.02864
6897	-0.04377
6898	-0.04751
6899	-0.04202
6900	-0.03156
6901	-0.01739
6902	0.00659
6903	-0.03950
6904	-0.15680
6905	-0.09906
6906	0.19613
6907	0.10942
6908	-0.08863
6909	0.02031
6910	0.35440
6911	0.46577
6912	0.39144
6913	0.44357
6914	0.47044
6915	0.39275
6916	0.40877
6917	0.59434
6918	0.64131
6919	0.43475
6920	0.38416
6921	0.41657
6922	0.38583
6923	0.35442
6924	0.34001
6925	0.37013
6926	0.27875
6927	0.13144
6928	0.16380
6929	0.22166
6930	0.14995
6931	0.11605
6932	0.06728
6933	0.04190
6934	0.06099
6935	0.04510
6936	0.04864
6937	0.03051
6938	-0.02423
6939	-0.01336
6940	-0.02895
6941	-0.04204
6942	-0.04972
6943	-0.07511
6944	-0.06728
6945	-0.13037
6946	-0.14167
6947	-0.10027
6948	-0.11995
6949	-0.18384
6950	-0.16624
6951	-0.17556
6952	-0.20419
6953	-0.16348
6954	-0.21732
6955	-0.14322
6956	-0.17619
6957	-0.20764
6958	-0.17711
6959	-0.20527
6960	-0.17529
6961	-0.08666
6962	-0.15853
6963	-0.20433
6964	-0.05254
6965	-0.07504
6966	-0.15270
6967	-0.02960
6968	-0.02741
6969	-0.03924
6970	-0.05210
6971	-0.05728
6972	-0.03389
6973	-0.02613
6974	0.00424
6975	0.03411
6976	0.03767
6977	0.03145
6978	0.03439
6979	0.03519
6980	0.02899
6981	0.02371
6982	0.01968
6983	0.01810
6984	0.02338
6985	0.03148
6986	0.03688
6987	0.03864
6988	0.03616
6989	0.03600
6990	0.04321
6991	0.04307
6992	0.02528
6993	0.00997
6994	0.01345
6995	0.02116
6996	0.01878
6997	0.00898
6998	-0.00166
6999	-0.01135
7000	-0.02079
7001	-0.02674
7002	-0.02489
7003	-0.01670
7004	-0.01074
7005	-0.01723
7006	-0.03208
7007	-0.04136
7008	-0.04143
7009	-0.03556
7010	-0.02466
7011	-0.01239
7012	-0.03506
7013	0.02681
7014	-0.11590
7015	-0.09856
7016	0.15136
7017	0.05003
7018	-0.10153
7019	0.04759
7020	0.25026
7021	0.38759
7022	0.36548
7023	0.37689
7024	0.42746
7025	0.32371
7026	0.36962
7027	0.56361
7028	0.50381
7029	0.42747
7030	0.33663
7031	0.31329
7032	0.41041
7033	0.33205
7034	0.30403
7035	0.30963
7036	0.18838
7037	0.16226
7038	0.16141
7039	0.15451
7040	0.15742
7041	0.07636
7042	-0.03128
7043	0.03162
7044	0.05342
7045	0.02363
7046	0.00284
7047	-0.03671
7048	-0.02116
7049	-0.05367
7050	-0.04913
7051	-0.00256
7052	-0.08584
7053	-0.05452
7054	-0.06729
7055	-0.13881
7056	-0.10515
7057	-0.16450
7058	-0.12130
7059	-0.14326
7060	-0.20091
7061	-0.17643
7062	-0.13197
7063	-0.17055
7064	-0.17693
7065	-0.15637
7066	-0.14121
7067	-0.17558
7068	-0.19416
7069	-0.09302
7070	-0.09002
7071	-0.13149
7072	-0.18934
7073	-0.10538
7074	-0.07140
7075	-0.06394
7076	-0.04736
7077	-0.04708
7078	-0.04194
7079	-0.07348
7080	0.00968
7081	-0.04541
7082	-0.03864
7083	-0.01692
7084	0.00480
7085	0.02424
7086	0.04189
7087	0.05354
7088	0.04910
7089	0.02839
7090	0.01074
7091	0.01505
7092	0.03795
7093	0.05902
7094	0.06967
7095	0.07326
7096	0.06710
7097	0.05569
7098	0.05296
7099	0.05471
7100	0.04678
7101	0.03637
7102	0.03623
7103	0.03783
7104	0.02550
7105	0.00388
7106	-0.00776
7107	-0.01141
7108	-0.02154
7109	-0.03145
7110	-0.02809
7111	-0.01491
7112	-0.00756
7113	-0.01660
7114	-0.03481
7115	-0.04671
7116	-0.04638
7117	-0.03922
7118	-0.03112
7119	-0.02193
7120	-0.01057
7121	-0.00271
7122	-0.15487
7123	-0.25329
7124	0.06570
7125	0.16571
7126	-0.01449
7127	0.00541
7128	0.10728
7129	0.29413
7130	0.35832
7131	0.35884
7132	0.50336
7133	0.45798
7134	0.27944
7135	0.42639
7136	0.60540
7137	0.51278
7138	0.45973
7139	0.43654
7140	0.34205
7141	0.36966
7142	0.35261
7143	0.32721
7144	0.31925
7145	0.22134
7146	0.20333
7147	0.17699
7148	0.13366
7149	0.15566
7150	0.06557
7151	-0.01927
7152	0.02986
7153	0.02829
7154	-0.01548
7155	-0.03156
7156	-0.02380
7157	0.01514
7158	-0.06973
7159	-0.11604
7160	-0.02969
7161	-0.03416
7162	-0.12600
7163	-0.13244
7164	-0.10838
7165	-0.16079
7166	-0.15977
7167	-0.20647
7168	-0.15581
7169	-0.19845
7170	-0.27652
7171	-0.17603
7172	-0.19025
7173	-0.23395
7174	-0.20600
7175	-0.16862
7176	-0.18065
7177	-0.24068
7178	-0.18881
7179	-0.08039
7180	-0.15063
7181	-0.18379
7182	-0.12238
7183	-0.05418
7184	-0.11313
7185	-0.07621
7186	-0.01970
7187	-0.03630
7188	-0.07621
7189	-0.03554
7190	-0.01736
7191	-0.02237
7192	-0.01236
7193	0.01008
7194	0.02028
7195	0.01893
7196	0.03056
7197	0.04763
7198	0.04164
7199	0.02025
7200	0.01398
7201	0.02694
7202	0.04009
7203	0.04841
7204	0.05792
7205	0.06528
7206	0.06674
7207	0.06279
7208	0.05708
7209	0.05248
7210	0.04361
7211	0.03252
7212	0.02919
7213	0.03093
7214	0.02491
7215	0.00809
7216	-0.00710
7217	-0.01520
7218	-0.02519
7219	-0.03485
7220	-0.03222
7221	-0.01752
7222	-0.00836
7223	-0.01970
7224	-0.03909
7225	-0.04786
7226	-0.04685
7227	-0.04004
7228	-0.02706
7229	-0.00725
7230	0.01905
7231	-0.09399
7232	-0.21930
7233	0.01311
7234	0.23623
7235	0.03571
7236	-0.20124
7237	-0.08159
7238	0.25261
7239	0.35359
7240	0.25616
7241	0.33548
7242	0.38540
7243	0.21820
7244	0.38714
7245	0.60490
7246	0.44172
7247	0.39913
7248	0.44687
7249	0.39415
7250	0.36081
7251	0.28901
7252	0.31408
7253	0.33679
7254	0.20243
7255	0.17067
7256	0.27045
7257	0.11826
7258	0.08517
7259	0.15156
7260	0.02014
7261	0.03098
7262	-0.01167
7263	-0.01219
7264	0.07185
7265	-0.01321
7266	-0.06633
7267	0.00706
7268	-0.06469
7269	-0.07691
7270	-0.05821
7271	-0.07655
7272	-0.08524
7273	-0.17285
7274	-0.15309
7275	-0.13290
7276	-0.18315
7277	-0.20563
7278	-0.21234
7279	-0.22579
7280	-0.21751
7281	-0.20114
7282	-0.20109
7283	-0.20733
7284	-0.21610
7285	-0.19265
7286	-0.20547
7287	-0.24288
7288	-0.17624
7289	-0.06318
7290	-0.16719
7291	-0.19542
7292	-0.06566
7293	-0.04513
7294	-0.07381
7295	-0.09672
7296	-0.05140
7297	-0.00202
7298	-0.05399
7299	-0.06396
7300	-0.01952
7301	-0.01592
7302	-0.00477
7303	0.00601
7304	0.00991
7305	0.01472
7306	0.02943
7307	0.04357
7308	0.03916
7309	0.02263
7310	0.01923
7311	0.03298
7312	0.04181
7313	0.04193
7314	0.05523
7315	0.07571
7316	0.07407
7317	0.05708
7318	0.05108
7319	0.05236
7320	0.04654
7321	0.03950
7322	0.03566
7323	0.02543
7324	0.01002
7325	0.00084
7326	-0.00529
7327	-0.01793
7328	-0.03067
7329	-0.03159
7330	-0.01980
7331	-0.00692
7332	-0.01020
7333	-0.02965
7334	-0.04471
7335	-0.04627
7336	-0.03876
7337	-0.02854
7338	-0.01803
7339	-0.00654
7340	0.00408
7341	-0.06141
7342	-0.22943
7343	-0.01236
7344	0.20626
7345	-0.00744
7346	-0.08030
7347	0.06807
7348	0.21703
7349	0.36812
7350	0.33082
7351	0.41381
7352	0.47118
7353	0.31045
7354	0.38827
7355	0.59494
7356	0.51557
7357	0.48457
7358	0.45673
7359	0.37367
7360	0.39802
7361	0.33707
7362	0.33269
7363	0.33447
7364	0.20537
7365	0.18031
7366	0.18264
7367	0.12349
7368	0.13600
7369	0.06339
7370	-0.01900
7371	0.02535
7372	-0.00391
7373	-0.03974
7374	0.05563
7375	0.00855
7376	-0.06856
7377	-0.02249
7378	-0.08919
7379	-0.04872
7380	-0.05386
7381	-0.12081
7382	-0.06266
7383	-0.11608
7384	-0.18587
7385	-0.13595
7386	-0.16318
7387	-0.18296
7388	-0.20699
7389	-0.23455
7390	-0.21466
7391	-0.18748
7392	-0.21389
7393	-0.21920
7394	-0.18200
7395	-0.21689
7396	-0.22234
7397	-0.21773
7398	-0.14704
7399	-0.10424
7400	-0.18108
7401	-0.14066
7402	-0.04882
7403	-0.06552
7404	-0.05860
7405	-0.07528
7406	-0.03137
7407	0.00626
7408	-0.05618
7409	-0.01128
7410	-0.01817
7411	-0.01480
7412	-0.01182
7413	0.00015
7414	0.02446
7415	0.04773
7416	0.05972
7417	0.05476
7418	0.03419
7419	0.01679
7420	0.01778
7421	0.02733
7422	0.03762
7423	0.06096
7424	0.08637
7425	0.08006
7426	0.05360
7427	0.04343
7428	0.04587
7429	0.04334
7430	0.04042
7431	0.04010
7432	0.02802
7433	0.00507
7434	-0.00645
7435	-0.00581
7436	-0.01256
7437	-0.02843
7438	-0.03459
7439	-0.02409
7440	-0.01286
7441	-0.01530
7442	-0.02939
7443	-0.04358
7444	-0.04928
7445	-0.04491
7446	-0.03426
7447	-0.02242
7448	-0.01128
7449	-0.04089
7450	-0.03254
7451	-0.17751
7452	-0.20791
7453	0.13939
7454	0.16611
7455	-0.08506
7456	-0.06519
7457	0.13519
7458	0.38433
7459	0.39662
7460	0.27497
7461	0.45146
7462	0.49437
7463	0.25726
7464	0.42890
7465	0.57631
7466	0.45766
7467	0.46991
7468	0.35369
7469	0.30952
7470	0.41432
7471	0.31712
7472	0.29908
7473	0.29834
7474	0.19886
7475	0.17807
7476	0.14382
7477	0.13242
7478	0.15305
7479	0.05191
7480	-0.03838
7481	0.03398
7482	0.01749
7483	-0.06424
7484	-0.00431
7485	0.00483
7486	-0.07109
7487	-0.10008
7488	-0.08337
7489	-0.06436
7490	-0.11206
7491	-0.14036
7492	-0.11073
7493	-0.17737
7494	-0.20864
7495	-0.17471
7496	-0.21561
7497	-0.22708
7498	-0.24425
7499	-0.25835
7500	-0.20050
7501	-0.21202
7502	-0.25426
7503	-0.21759
7504	-0.21359
7505	-0.23577
7506	-0.14717
7507	-0.07424
7508	-0.10978
7509	-0.19530
7510	-0.14372
7511	0.02436
7512	-0.03395
7513	-0.08244
7514	0.01900
7515	-0.01709
7516	-0.03254
7517	-0.02595
7518	-0.00539
7519	0.01269
7520	0.03160
7521	0.05479
7522	0.06169
7523	0.03688
7524	0.01274
7525	0.02213
7526	0.04316
7527	0.05670
7528	0.07372
7529	0.08638
7530	0.07795
7531	0.05959
7532	0.05054
7533	0.04841
7534	0.03844
7535	0.02589
7536	0.02816
7537	0.03686
7538	0.03337
7539	0.01874
7540	0.00160
7541	-0.01208
7542	-0.01963
7543	-0.02400
7544	-0.02497
7545	-0.02069
7546	-0.01945
7547	-0.02833
7548	-0.04205
7549	-0.05240
7550	-0.05638
7551	-0.05383
7552	-0.04458
7553	-0.05057
7554	0.08666
7555	0.05853
7556	-0.13298
7557	-0.01673
7558	0.12305
7559	0.01107
7560	0.03897
7561	0.31908
7562	0.60893
7563	0.55348
7564	0.28194
7565	0.37378
7566	0.50636
7567	0.40805
7568	0.46003
7569	0.47496
7570	0.31230
7571	0.33025
7572	0.44878
7573	0.45148
7574	0.44737
7575	0.41591
7576	0.36991
7577	0.36023
7578	0.23160
7579	0.17973
7580	0.22438
7581	0.13034
7582	0.06612
7583	0.06513
7584	-0.01103
7585	-0.05345
7586	-0.07891
7587	-0.14305
7588	-0.09626
7589	-0.14279
7590	-0.15249
7591	-0.12967
7592	-0.16767
7593	-0.14685
7594	-0.07096
7595	-0.18526
7596	-0.14581
7597	-0.12293
7598	-0.05593
7599	-0.07589
7600	-0.08382
7601	-0.08301
7602	-0.13705
7603	-0.07626
7604	0.05306
7605	-0.02932
7606	0.01243
7607	0.02192
7608	0.00498
7609	0.00247
7610	0.02155
7611	0.04525
7612	0.06431
7613	0.07275
7614	0.06734
7615	0.05298
7616	0.03892
7617	0.03826
7618	0.05043
7619	0.05531
7620	0.04934
7621	0.05111
7622	0.06427
7623	0.07145
7624	0.06285
7625	0.04727
7626	0.03538
7627	0.02496
7628	0.00901
7629	-0.00656
7630	-0.00890
7631	-0.00623
7632	-0.01436
7633	-0.02788
7634	-0.03556
7635	-0.03650
7636	-0.03489
7637	-0.03236
7638	-0.03166
7639	-0.03580
7640	-0.03811
7641	-0.03459
7642	-0.03485
7643	-0.02174
7644	0.00717
7645	0.07343
7646	0.07008
7647	0.25993
7648	0.47653
7649	0.31071
7650	0.52683
7651	0.76166
7652	0.44245
7653	0.40546
7654	0.59677
7655	0.52620
7656	0.52387
7657	0.49090
7658	0.34826
7659	0.38811
7660	0.29890
7661	0.23680
7662	0.19617
7663	0.01926
7664	0.03132
7665	-0.01734
7666	-0.17127
7667	-0.16285
7668	-0.08918
7669	-0.20161
7670	-0.14908
7671	-0.10604
7672	-0.17002
7673	-0.12998
7674	-0.10965
7675	-0.05273
7676	-0.02466
7677	-0.03887
7678	-0.01795
7679	0.01283
7680	0.01304
7681	0.00327
7682	-0.01362
7683	-0.02190
7684	-0.01760
7685	-0.01385
7686	-0.02587
7687	-0.04768
7688	-0.05649
7689	-0.04228
7690	-0.01773
7691	0.00049
7692	0.01115
7693	0.01556
7694	0.00506
7695	-0.01206
7696	-0.01442
7697	-0.00992
7698	-0.02056
7699	-0.03805
7700	-0.04246
7701	-0.04128
7702	-0.05188
7703	-0.06916
7704	-0.07315
7705	-0.05962
7706	-0.04818
7707	-0.04711
7708	-0.04203
7709	-0.03049
7710	-0.02325
7711	-0.02676
7712	-0.03423
7713	-0.03111
7714	-0.01876
7715	-0.00909
7716	-0.00750
7717	-0.01743
7718	-0.03792
7719	0.00001
7720	0.18108
7721	0.14644
7722	-0.03269
7723	0.34114
7724	0.52797
7725	0.32663
7726	0.63826
7727	0.88045
7728	0.55944
7729	0.53803
7730	0.50329
7731	0.55948
7732	0.64886
7733	0.40746
7734	0.27421
7735	0.30243
7736	0.23237
7737	0.22728
7738	0.02656
7739	-0.11424
7740	0.02865
7741	-0.11926
7742	-0.21138
7743	-0.10641
7744	-0.13934
7745	-0.14109
7746	-0.15487
7747	-0.18013
7748	-0.06955
7749	-0.07937
7750	-0.11079
7751	0.00592
7752	0.01956
7753	0.00848
7754	0.01891
7755	0.02555
7756	0.01713
7757	-0.00389
7758	-0.02600
7759	-0.03117
7760	-0.01860
7761	-0.01427
7762	-0.02535
7763	-0.02972
7764	-0.01933
7765	-0.01072
7766	-0.00396
7767	0.01798
7768	0.03820
7769	0.02514
7770	-0.00769
7771	-0.02703
7772	-0.02502
7773	-0.01064
7774	0.00236
7775	0.00738
7776	0.00460
7777	-0.00931
7778	-0.01392
7779	0.01729
7780	0.04699
7781	0.02818
7782	-0.01065
7783	-0.03029
7784	-0.03797
7785	-0.04056
7786	-0.03836
7787	-0.03049
7788	-0.02829
7789	-0.04103
7790	-0.06695
7791	-0.00731
7792	0.23622
7793	0.24702
7794	-0.08261
7795	-0.13745
7796	0.24317
7797	0.33662
7798	0.40597
7799	0.72584
7800	0.68884
7801	0.56842
7802	0.50890
7803	0.56848
7804	0.63001
7805	0.51363
7806	0.28319
7807	0.27273
7808	0.27676
7809	0.19336
7810	0.04627
7811	-0.08233
7812	-0.05011
7813	-0.14967
7814	-0.22807
7815	-0.12651
7816	-0.12404
7817	-0.12813
7818	-0.17275
7819	-0.16000
7820	-0.08460
7821	-0.02941
7822	-0.01766
7823	0.00092
7824	0.01631
7825	0.01972
7826	0.01762
7827	0.01219
7828	0.00610
7829	0.00493
7830	0.00465
7831	-0.01150
7832	-0.04908
7833	-0.08090
7834	-0.06985
7835	-0.01981
7836	0.02365
7837	0.03409
7838	0.02461
7839	0.01111
7840	-0.00207
7841	-0.01195
7842	-0.01085
7843	0.00400
7844	0.01374
7845	0.00730
7846	0.00377
7847	0.00603
7848	-0.01063
7849	-0.03420
7850	-0.02101
7851	0.01592
7852	0.02396
7853	-0.00095
7854	-0.02567
7855	-0.03854
7856	-0.04129
7857	-0.03674
7858	-0.03135
7859	-0.02943
7860	-0.03239
7861	-0.04427
7862	-0.05853
7863	0.08827
7864	0.24977
7865	0.10861
7866	-0.05282
7867	0.24538
7868	0.37738
7869	0.19338
7870	0.56458
7871	0.82119
7872	0.41364
7873	0.37834
7874	0.48573
7875	0.51093
7876	0.56334
7877	0.40780
7878	0.26198
7879	0.32141
7880	0.26994
7881	0.08241
7882	0.00780
7883	-0.02717
7884	-0.06658
7885	-0.15344
7886	-0.21898
7887	-0.12377
7888	-0.11926
7889	-0.16251
7890	-0.15017
7891	-0.13462
7892	-0.04022
7893	0.01728
7894	0.01145
7895	0.02341
7896	0.02789
7897	0.01597
7898	0.00791
7899	0.01770
7900	0.02337
7901	0.00111
7902	-0.04060
7903	-0.07380
7904	-0.08205
7905	-0.06597
7906	-0.03176
7907	0.00770
7908	0.03476
7909	0.04083
7910	0.02335
7911	-0.01146
7912	-0.02865
7913	-0.00885
7914	0.00943
7915	0.00512
7916	0.00344
7917	0.00577
7918	-0.00918
7919	-0.03063
7920	-0.02805
7921	-0.00267
7922	0.01037
7923	-0.00960
7924	-0.03715
7925	-0.04039
7926	-0.03134
7927	-0.02958
7928	-0.03309
7929	-0.03469
7930	-0.03535
7931	-0.03770
7932	-0.04011
7933	-0.04734
7934	-0.03301
7935	-0.00255
7936	0.20051
7937	0.10739
7938	0.00726
7939	0.40752
7940	0.44350
7941	0.37564
7942	0.75942
7943	0.69424
7944	0.44839
7945	0.57246
7946	0.50266
7947	0.49423
7948	0.46406
7949	0.25597
7950	0.20184
7951	0.29018
7952	0.21347
7953	0.02059
7954	-0.12786
7955	-0.13223
7956	-0.03741
7957	-0.24277
7958	-0.23834
7959	-0.08557
7960	-0.16096
7961	-0.17435
7962	-0.16216
7963	-0.02455
7964	-0.06638
7965	0.01864
7966	0.00089
7967	0.00850
7968	0.02745
7969	0.03362
7970	0.00514
7971	-0.03656
7972	-0.05259
7973	-0.04537
7974	-0.04581
7975	-0.05334
7976	-0.04395
7977	-0.02013
7978	-0.00225
7979	0.00735
7980	0.01519
7981	0.01131
7982	-0.01008
7983	-0.02232
7984	-0.00800
7985	0.00055
7986	-0.01614
7987	-0.02841
7988	-0.01955
7989	-0.01550
7990	-0.03136
7991	-0.03293
7992	-0.00236
7993	0.01200
7994	-0.01432
7995	-0.03820
7996	-0.04109
7997	-0.03865
7998	-0.03274
7999	-0.03115
8000	-0.03379
8001	-0.03778
8002	-0.04157
8003	-0.04913
8004	0.03816
8005	0.12801
8006	0.11993
8007	-0.00859
8008	-0.17567
8009	0.21868
8010	0.54528
8011	0.46816
8012	0.65863
8013	0.72483
8014	0.42550
8015	0.51073
8016	0.51297
8017	0.41438
8018	0.58786
8019	0.39124
8020	0.12139
8021	0.23122
8022	0.15813
8023	0.00119
8024	-0.07395
8025	-0.15420
8026	-0.11064
8027	-0.16995
8028	-0.23080
8029	-0.12638
8030	-0.12045
8031	-0.23022
8032	-0.14598
8033	-0.06510
8034	-0.02823
8035	-0.05211
8036	0.01032
8037	0.01987
8038	0.02855
8039	0.01773
8040	-0.00771
8041	-0.02231
8042	-0.02076
8043	-0.01557
8044	-0.01666
8045	-0.03036
8046	-0.04883
8047	-0.05026
8048	-0.02851
8049	0.00049
8050	0.02036
8051	0.02336
8052	0.01179
8053	-0.01045
8054	-0.03368
8055	-0.03868
8056	-0.02217
8057	0.00453
8058	0.02373
8059	0.01981
8060	0.00337
8061	-0.00058
8062	0.01873
8063	0.04064
8064	0.02867
8065	-0.01084
8066	-0.03480
8067	-0.03732
8068	-0.03357
8069	-0.02993
8070	-0.02661
8071	-0.02940
8072	-0.03707
8073	-0.04361
8074	-0.05606
8075	0.04365
8076	0.12371
8077	0.21176
8078	0.05131
8079	-0.10802
8080	0.16934
8081	0.38942
8082	0.36068
8083	0.77360
8084	0.75193
8085	0.40808
8086	0.45595
8087	0.49738
8088	0.51538
8089	0.56640
8090	0.34034
8091	0.18834
8092	0.28993
8093	0.21169
8094	0.09081
8095	-0.02293
8096	-0.09488
8097	-0.05593
8098	-0.18626
8099	-0.21309
8100	-0.11182
8101	-0.14628
8102	-0.18630
8103	-0.13570
8104	-0.11397
8105	-0.06433
8106	0.01185
8107	0.01026
8108	0.01439
8109	0.01992
8110	0.01792
8111	0.01015
8112	0.00656
8113	0.00756
8114	0.00377
8115	-0.01815
8116	-0.05669
8117	-0.08950
8118	-0.09173
8119	-0.05443
8120	-0.00330
8121	0.02212
8122	0.01877
8123	0.00627
8124	-0.00832
8125	-0.01186
8126	0.00285
8127	0.00958
8128	-0.00492
8129	-0.01911
8130	-0.01965
8131	-0.01713
8132	-0.02380
8133	-0.02976
8134	-0.02614
8135	-0.03570
8136	-0.06015
8137	-0.06049
8138	-0.04142
8139	-0.03630
8140	-0.04189
8141	-0.04569
8142	-0.04375
8143	-0.03644
8144	-0.02724
8145	-0.02134
8146	-0.02402
8147	0.04570
8148	0.04842
8149	0.11020
8150	0.11990
8151	0.10864
8152	0.30584
8153	0.44446
8154	0.43901
8155	0.88649
8156	0.84453
8157	0.28868
8158	0.48610
8159	0.69455
8160	0.58157
8161	0.61405
8162	0.51888
8163	0.25049
8164	0.30846
8165	0.23318
8166	0.06523
8167	-0.01051
8168	-0.08821
8169	-0.07246
8170	-0.17407
8171	-0.20649
8172	-0.10357
8173	-0.10223
8174	-0.20843
8175	-0.16630
8176	-0.09197
8177	-0.01895
8178	-0.01559
8179	0.01128
8180	0.01844
8181	0.01973
8182	0.00754
8183	-0.00272
8184	0.00233
8185	0.01266
8186	0.01173
8187	-0.01133
8188	-0.05072
8189	-0.08085
8190	-0.07735
8191	-0.03889
8192	0.01144
8193	0.04608
8194	0.04875
8195	0.01567
8196	-0.02964
8197	-0.03999
8198	-0.01485
8199	-0.00514
8200	-0.01856
8201	-0.01617
8202	0.00070
8203	-0.01124
8204	-0.03945
8205	-0.02601
8206	0.00559
8207	-0.00497
8208	-0.03576
8209	-0.03780
8210	-0.02926
8211	-0.03161
8212	-0.03811
8213	-0.04148
8214	-0.03613
8215	-0.03010
8216	-0.02913
8217	-0.04147
8218	-0.06757
8219	0.10926
8220	0.23862
8221	0.08427
8222	-0.05165
8223	0.14787
8224	0.25895
8225	0.39748
8226	0.70550
8227	0.69658
8228	0.41651
8229	0.47462
8230	0.53434
8231	0.49591
8232	0.60109
8233	0.43976
8234	0.20893
8235	0.20891
8236	0.20865
8237	0.02118
8238	-0.05236
8239	-0.11431
8240	-0.14108
8241	-0.16041
8242	-0.22559
8243	-0.12200
8244	-0.14743
8245	-0.18847
8246	-0.16283
8247	-0.08152
8248	-0.07714
8249	-0.00956
8250	0.01074
8251	0.01034
8252	0.01202
8253	0.01281
8254	0.01784
8255	0.02259
8256	0.01540
8257	-0.00045
8258	-0.01850
8259	-0.03956
8260	-0.06047
8261	-0.06696
8262	-0.04123
8263	0.00941
8264	0.04189
8265	0.03225
8266	0.01493
8267	0.00689
8268	-0.01863
8269	-0.03943
8270	-0.02169
8271	0.00344
8272	0.00776
8273	0.00533
8274	0.00670
8275	0.00334
8276	0.00604
8277	0.02863
8278	0.03489
8279	-0.00096
8280	-0.03649
8281	-0.04045
8282	-0.03426
8283	-0.03078
8284	-0.03363
8285	-0.03790
8286	-0.04018
8287	-0.04795
8288	-0.06674
8289	-0.01334
8290	0.11844
8291	0.29632
8292	0.13044
8293	-0.13284
8294	0.16835
8295	0.43312
8296	0.48370
8297	0.77440
8298	0.73042
8299	0.47616
8300	0.56970
8301	0.54965
8302	0.46343
8303	0.48819
8304	0.47285
8305	0.24696
8306	0.29004
8307	0.23755
8308	0.03252
8309	-0.01544
8310	-0.07492
8311	-0.12177
8312	-0.16221
8313	-0.15830
8314	-0.15985
8315	-0.16228
8316	-0.14835
8317	-0.15735
8318	-0.12415
8319	-0.01478
8320	-0.00742
8321	0.00811
8322	0.01397
8323	0.02519
8324	0.02694
8325	0.02090
8326	0.02050
8327	0.02079
8328	0.00684
8329	-0.02540
8330	-0.06192
8331	-0.08156
8332	-0.07173
8333	-0.03614
8334	-0.00029
8335	0.01493
8336	0.01776
8337	0.01402
8338	-0.00467
8339	-0.02284
8340	-0.02429
8341	-0.02284
8342	-0.01954
8343	-0.01088
8344	-0.00944
8345	-0.01360
8346	-0.01383
8347	-0.01323
8348	-0.00899
8349	-0.00338
8350	-0.01850
8351	-0.04664
8352	-0.05323
8353	-0.04228
8354	-0.03249
8355	-0.02797
8356	-0.02612
8357	-0.02743
8358	-0.03163
8359	-0.03029
8360	-0.03216
8361	-0.04979
8362	0.02269
8363	0.12277
8364	0.11092
8365	-0.05036
8366	0.08001
8367	0.34958
8368	0.45081
8369	0.70205
8370	0.90134
8371	0.48981
8372	0.38984
8373	0.70688
8374	0.71896
8375	0.59308
8376	0.51578
8377	0.27893
8378	0.25333
8379	0.35490
8380	0.08556
8381	-0.05322
8382	-0.05434
8383	-0.07039
8384	-0.15719
8385	-0.23118
8386	-0.12330
8387	-0.05921
8388	-0.14866
8389	-0.25565
8390	-0.08122
8391	-0.02729
8392	-0.05977
8393	0.00745
8394	0.01320
8395	0.02870
8396	0.03320
8397	0.00729
8398	-0.02481
8399	-0.02864
8400	-0.01073
8401	0.00104
8402	-0.01467
8403	-0.05498
8404	-0.08182
8405	-0.06240
8406	-0.01688
8407	0.01900
8408	0.03515
8409	0.03361
8410	0.02023
8411	-0.00354
8412	-0.03031
8413	-0.03475
8414	-0.01534
8415	0.00447
8416	0.01431
8417	0.00505
8418	-0.02242
8419	-0.03813
8420	-0.01668
8421	0.01592
8422	0.00749
8423	-0.02936
8424	-0.04245
8425	-0.03959
8426	-0.03652
8427	-0.03663
8428	-0.03757
8429	-0.03763
8430	-0.03882
8431	-0.03878
8432	-0.04453
8433	-0.03116
8434	0.03163
8435	0.21027
8436	0.09679
8437	-0.06230
8438	0.32072
8439	0.36456
8440	0.35075
8441	0.87095
8442	0.82194
8443	0.34800
8444	0.44561
8445	0.57000
8446	0.60868
8447	0.57904
8448	0.37124
8449	0.18452
8450	0.19838
8451	0.22387
8452	0.11374
8453	-0.01086
8454	-0.14406
8455	-0.12664
8456	-0.15958
8457	-0.17274
8458	-0.17489
8459	-0.09807
8460	-0.12307
8461	-0.16885
8462	-0.10103
8463	-0.01456
8464	0.00121
8465	0.00986
8466	0.01757
8467	0.02461
8468	0.01858
8469	0.00667
8470	0.00487
8471	0.00761
8472	-0.00105
8473	-0.02580
8474	-0.05777
8475	-0.07848
8476	-0.07104
8477	-0.03393
8478	0.01325
8479	0.03852
8480	0.02794
8481	0.00013
8482	-0.01999
8483	-0.02592
8484	-0.02947
8485	-0.03504
8486	-0.02573
8487	-0.00190
8488	0.00769
8489	-0.01299
8490	-0.03776
8491	-0.02624
8492	0.00074
8493	-0.00619
8494	-0.03371
8495	-0.04215
8496	-0.03630
8497	-0.03256
8498	-0.03334
8499	-0.03631
8500	-0.03718
8501	-0.03828
8502	-0.03722
8503	-0.04139
8504	-0.05455
8505	0.05333
8506	0.15138
8507	0.10650
8508	0.01505
8509	0.27321
8510	0.27824
8511	0.31036
8512	0.79451
8513	0.69197
8514	0.42330
8515	0.48854
8516	0.46111
8517	0.53058
8518	0.48784
8519	0.30718
8520	0.20450
8521	0.24451
8522	0.15858
8523	0.07761
8524	-0.08114
8525	-0.17767
8526	-0.10804
8527	-0.18081
8528	-0.16898
8529	-0.14333
8530	-0.15344
8531	-0.14915
8532	-0.12673
8533	-0.07594
8534	-0.02650
8535	0.02632
8536	0.01253
8537	0.02017
8538	0.02701
8539	0.01916
8540	0.00227
8541	-0.00851
8542	-0.02072
8543	-0.03992
8544	-0.04973
8545	-0.04432
8546	-0.03551
8547	-0.02451
8548	-0.00394
8549	0.01671
8550	0.02110
8551	0.01682
8552	0.00942
8553	-0.01220
8554	-0.02929
8555	-0.01679
8556	0.00440
8557	0.00771
8558	-0.00638
8559	-0.02545
8560	-0.03425
8561	-0.02613
8562	-0.00313
8563	0.01414
8564	-0.00370
8565	-0.03964
8566	-0.05546
8567	-0.04863
8568	-0.03684
8569	-0.03429
8570	-0.03736
8571	-0.04354
8572	-0.04720
8573	-0.04350
8574	-0.04487
8575	-0.05382
8576	-0.04261
8577	0.07305
8578	0.11138
8579	0.02288
8580	0.44480
8581	0.55737
8582	0.41850
8583	0.78214
8584	0.76369
8585	0.57695
8586	0.72351
8587	0.47582
8588	0.44297
8589	0.62225
8590	0.37508
8591	0.22097
8592	0.30369
8593	0.15226
8594	0.01577
8595	-0.04071
8596	-0.14437
8597	-0.07791
8598	-0.24267
8599	-0.18669
8600	-0.09313
8601	-0.11882
8602	-0.19290
8603	-0.12322
8604	-0.01020
8605	-0.04845
8606	-0.03766
8607	0.00879
8608	0.01908
8609	0.02438
8610	0.01054
8611	-0.00688
8612	-0.00678
8613	-0.00253
8614	-0.01330
8615	-0.03857
8616	-0.06348
8617	-0.06726
8618	-0.04225
8619	-0.00932
8620	0.00927
8621	0.01660
8622	0.01713
8623	0.00122
8624	-0.02593
8625	-0.03870
8626	-0.03079
8627	-0.01878
8628	-0.01315
8629	-0.01354
8630	-0.01444
8631	-0.02074
8632	-0.02939
8633	-0.01406
8634	0.01277
8635	0.00769
8636	-0.02180
8637	-0.03731
8638	-0.03857
8639	-0.03578
8640	-0.03114
8641	-0.02647
8642	-0.02333
8643	-0.02521
8644	-0.03697
8645	-0.05696
8646	0.11187
8647	0.17788
8648	0.22392
8649	-0.08530
8650	0.05313
8651	0.33732
8652	0.28792
8653	0.66723
8654	0.87216
8655	0.38902
8656	0.36106
8657	0.60436
8658	0.50046
8659	0.53147
8660	0.42389
8661	0.14362
8662	0.21070
8663	0.20383
8664	-0.01068
8665	-0.00258
8666	-0.15128
8667	-0.21088
8668	-0.12917
8669	-0.20467
8670	-0.13263
8671	-0.08210
8672	-0.19103
8673	-0.15471
8674	-0.04558
8675	-0.03772
8676	-0.05564
8677	0.01230
8678	0.02636
8679	0.04291
8680	0.04018
8681	0.02165
8682	0.01184
8683	0.01577
8684	0.01347
8685	-0.01468
8686	-0.05358
8687	-0.06933
8688	-0.05319
8689	-0.01532
8690	0.02325
8691	0.03792
8692	0.03236
8693	0.01636
8694	-0.01874
8695	-0.05016
8696	-0.03569
8697	0.00162
8698	0.01646
8699	0.01649
8700	0.01538
8701	0.00797
8702	0.00391
8703	0.01949
8704	0.03556
8705	0.02054
8706	-0.00821
8707	-0.02500
8708	-0.03274
8709	-0.03108
8710	-0.02809
8711	-0.02563
8712	-0.02756
8713	-0.03623
8714	-0.05120
8715	-0.07548
8716	0.07311
8717	0.24985
8718	0.23909
8719	-0.23237
8720	-0.03584
8721	0.46388
8722	0.44802
8723	0.70466
8724	0.89386
8725	0.55246
8726	0.52891
8727	0.54746
8728	0.41727
8729	0.64658
8730	0.55889
8731	0.18234
8732	0.22798
8733	0.28887
8734	0.07215
8735	-0.00483
8736	-0.10591
8737	-0.11632
8738	-0.13107
8739	-0.19447
8740	-0.13397
8741	-0.12260
8742	-0.12628
8743	-0.14087
8744	-0.07092
8745	-0.06961
8746	-0.03260
8747	0.00755
8748	0.01265
8749	0.02132
8750	0.02282
8751	0.01773
8752	0.01574
8753	0.01517
8754	0.00924
8755	-0.00730
8756	-0.04022
8757	-0.07943
8758	-0.09709
8759	-0.07915
8760	-0.03930
8761	0.00641
8762	0.04115
8763	0.03951
8764	0.00702
8765	-0.02707
8766	-0.05016
8767	-0.05647
8768	-0.04586
8769	-0.03233
8770	-0.02126
8771	-0.01673
8772	-0.02616
8773	-0.02964
8774	-0.01114
8775	0.00244
8776	-0.00876
8777	-0.02231
8778	-0.02346
8779	-0.02225
8780	-0.02062
8781	-0.02084
8782	-0.01964
8783	-0.02009
8784	-0.02500
8785	-0.03048
8786	-0.04122
8787	-0.05646
8788	0.01394
8789	0.07235
8790	0.10783
8791	0.00436
8792	0.22979
8793	0.43283
8794	0.37330
8795	0.70760
8796	0.83223
8797	0.49676
8798	0.59514
8799	0.67363
8800	0.60874
8801	0.68664
8802	0.46575
8803	0.25988
8804	0.35142
8805	0.29335
8806	0.12742
8807	-0.03791
8808	-0.21675
8809	-0.07982
8810	-0.11539
8811	-0.23663
8812	-0.10444
8813	-0.09333
8814	-0.14234
8815	-0.10672
8816	-0.07066
8817	-0.02636
8818	0.01050
8819	0.00571
8820	0.01291
8821	0.02215
8822	0.02101
8823	0.01146
8824	0.00197
8825	-0.00149
8826	0.00048
8827	-0.00934
8828	-0.04435
8829	-0.09022
8830	-0.11548
8831	-0.09133
8832	-0.03358
8833	0.01054
8834	0.03298
8835	0.03905
8836	0.01257
8837	-0.03226
8838	-0.04874
8839	-0.03387
8840	-0.02054
8841	-0.01301
8842	-0.00458
8843	-0.00506
8844	-0.01991
8845	-0.02915
8846	-0.01088
8847	0.00840
8848	-0.00536
8849	-0.02869
8850	-0.03329
8851	-0.02990
8852	-0.02858
8853	-0.03004
8854	-0.03005
8855	-0.03014
8856	-0.03086
8857	-0.03028
8858	-0.03281
8859	-0.04038
8860	0.02943
8861	0.05502
8862	0.12730
8863	0.02691
8864	0.18537
8865	0.41744
8866	0.24657
8867	0.54812
8868	0.84553
8869	0.57456
8870	0.43830
8871	0.48649
8872	0.48627
8873	0.50981
8874	0.38870
8875	0.25790
8876	0.18430
8877	0.23836
8878	0.13919
8879	-0.06948
8880	-0.16116
8881	-0.11924
8882	-0.18544
8883	-0.17596
8884	-0.11954
8885	-0.16741
8886	-0.15860
8887	-0.13067
8888	-0.13172
8889	-0.01119
8890	-0.05334
8891	0.00985
8892	0.01504
8893	0.02267
8894	0.01956
8895	0.00655
8896	-0.00057
8897	0.00046
8898	-0.00210
8899	-0.02253
8900	-0.05861
8901	-0.08403
8902	-0.07888
8903	-0.04049
8904	0.00664
8905	0.02613
8906	0.02197
8907	0.01257
8908	-0.00681
8909	-0.02969
8910	-0.03616
8911	-0.02812
8912	-0.01858
8913	-0.00968
8914	-0.00370
8915	-0.01598
8916	-0.04576
8917	-0.05562
8918	-0.03216
8919	-0.01182
8920	-0.00990
8921	-0.01285
8922	-0.01979
8923	-0.03055
8924	-0.03829
8925	-0.03621
8926	-0.02784
8927	-0.02167
8928	-0.02153
8929	-0.03303
8930	-0.05222
8931	0.10174
8932	0.15116
8933	0.06225
8934	-0.10880
8935	0.21145
8936	0.37699
8937	0.17673
8938	0.63358
8939	0.90259
8940	0.45988
8941	0.48772
8942	0.52148
8943	0.48514
8944	0.67369
8945	0.47227
8946	0.21889
8947	0.34800
8948	0.25127
8949	0.13022
8950	0.06464
8951	-0.11762
8952	-0.11535
8953	-0.12217
8954	-0.18018
8955	-0.13621
8956	-0.14037
8957	-0.12551
8958	-0.13177
8959	-0.11789
8960	-0.05756
8961	-0.02456
8962	-0.00222
8963	0.00823
8964	0.01785
8965	0.02630
8966	0.02006
8967	0.01038
8968	0.01101
8969	0.00744
8970	-0.01431
8971	-0.04766
8972	-0.08228
8973	-0.10265
8974	-0.08768
8975	-0.04145
8976	0.00003
8977	0.01402
8978	0.01052
8979	-0.00345
8980	-0.02820
8981	-0.04767
8982	-0.04415
8983	-0.02911
8984	-0.03006
8985	-0.04282
8986	-0.04315
8987	-0.03675
8988	-0.03380
8989	-0.02395
8990	-0.01553
8991	-0.02483
8992	-0.03703
8993	-0.03610
8994	-0.03024
8995	-0.02753
8996	-0.02909
8997	-0.02903
8998	-0.02926
8999	-0.02913
9000	-0.03140
9001	-0.04440
9002	0.05079
9003	0.16908
9004	0.16906
9005	-0.10904
9006	-0.03616
9007	0.31958
9008	0.23315
9009	0.55117
9010	0.98386
9011	0.58453
9012	0.31717
9013	0.56298
9014	0.52665
9015	0.64345
9016	0.62665
9017	0.27650
9018	0.28252
9019	0.34547
9020	0.12695
9021	0.06318
9022	-0.04359
9023	-0.14114
9024	-0.08449
9025	-0.19843
9026	-0.13429
9027	-0.09074
9028	-0.14455
9029	-0.14531
9030	-0.09684
9031	-0.04559
9032	-0.02478
9033	0.00237
9034	0.00658
9035	0.02728
9036	0.04176
9037	0.03408
9038	0.01943
9039	0.01052
9040	-0.00104
9041	-0.01857
9042	-0.03826
9043	-0.05880
9044	-0.07070
9045	-0.06085
9046	-0.02995
9047	0.00506
9048	0.02556
9049	0.02393
9050	-0.00036
9051	-0.03206
9052	-0.04071
9053	-0.02192
9054	-0.00267
9055	0.00295
9056	0.00416
9057	0.00618
9058	-0.00364
9059	-0.02753
9060	-0.03455
9061	-0.01719
9062	-0.01173
9063	-0.02458
9064	-0.03115
9065	-0.03046
9066	-0.03123
9067	-0.03273
9068	-0.03026
9069	-0.02811
9070	-0.03144
9071	-0.03687
9072	-0.05121
9073	-0.02161
9074	0.07912
9075	0.24388
9076	0.12698
9077	-0.12033
9078	0.23775
9079	0.48296
9080	0.35635
9081	0.78300
9082	0.83285
9083	0.52759
9084	0.58809
9085	0.50471
9086	0.47448
9087	0.64585
9088	0.37041
9089	0.20120
9090	0.43407
9091	0.18729
9092	0.04735
9093	-0.01229
9094	-0.16691
9095	-0.09800
9096	-0.12865
9097	-0.17996
9098	-0.12127
9099	-0.13882
9100	-0.16823
9101	-0.15047
9102	-0.11369
9103	-0.06589
9104	0.01184
9105	0.00232
9106	0.00633
9107	0.02175
9108	0.02837
9109	0.01814
9110	0.00822
9111	0.00226
9112	-0.01015
9113	-0.02739
9114	-0.05035
9115	-0.07698
9116	-0.08339
9117	-0.05747
9118	-0.02303
9119	-0.00304
9120	0.00961
9121	0.02118
9122	0.00864
9123	-0.03045
9124	-0.05663
9125	-0.05068
9126	-0.03156
9127	-0.02129
9128	-0.02197
9129	-0.02375
9130	-0.02290
9131	-0.01750
9132	-0.00624
9133	-0.00459
9134	-0.02496
9135	-0.04203
9136	-0.03809
9137	-0.02779
9138	-0.02431
9139	-0.02616
9140	-0.02538
9141	-0.02752
9142	-0.03048
9143	-0.02943
9144	-0.02987
9145	-0.03866
9146	0.00847
9147	0.08603
9148	0.16803
9149	0.02616
9150	0.13349
9151	0.44411
9152	0.32208
9153	0.62174
9154	0.95993
9155	0.50409
9156	0.33376
9157	0.65695
9158	0.65027
9159	0.59779
9160	0.49479
9161	0.22717
9162	0.34408
9163	0.35785
9164	0.11651
9165	-0.00672
9166	-0.06065
9167	-0.09964
9168	-0.11495
9169	-0.21352
9170	-0.13670
9171	-0.07100
9172	-0.16290
9173	-0.17131
9174	-0.08443
9175	-0.03537
9176	-0.02597
9177	0.00421
9178	0.00891
9179	0.02353
9180	0.02788
9181	0.01129
9182	-0.00545
9183	-0.00703
9184	-0.00177
9185	-0.00886
9186	-0.04518
9187	-0.08370
9188	-0.08455
9189	-0.05850
9190	-0.02713
9191	0.00364
9192	0.02404
9193	0.02542
9194	0.01154
9195	-0.01300
9196	-0.03242
9197	-0.02255
9198	0.00030
9199	0.00348
9200	-0.00440
9201	-0.00725
9202	-0.01084
9203	-0.01051
9204	0.00531
9205	0.01533
9206	-0.00481
9207	-0.03637
9208	-0.04932
9209	-0.04559
9210	-0.03483
9211	-0.02673
9212	-0.02745
9213	-0.03492
9214	-0.04264
9215	-0.04790
9216	-0.05775
9217	0.02208
9218	0.13688
9219	0.15591
9220	-0.05768
9221	-0.02435
9222	0.29731
9223	0.32425
9224	0.39054
9225	0.86656
9226	0.81366
9227	0.33046
9228	0.41970
9229	0.63881
9230	0.66471
9231	0.61198
9232	0.35320
9233	0.22892
9234	0.34741
9235	0.24791
9236	0.09639
9237	-0.02078
9238	-0.10471
9239	-0.08993
9240	-0.16384
9241	-0.18510
9242	-0.11890
9243	-0.15217
9244	-0.16986
9245	-0.06168
9246	-0.14005
9247	-0.04829
9248	0.00674
9249	0.00650
9250	0.01064
9251	0.01641
9252	0.01755
9253	0.01941
9254	0.02123
9255	0.01360
9256	0.00343
9257	-0.00707
9258	-0.03597
9259	-0.08322
9260	-0.11613
9261	-0.09936
9262	-0.04010
9263	0.01099
9264	0.02290
9265	0.01403
9266	0.00117
9267	-0.01983
9268	-0.03222
9269	-0.02590
9270	-0.02223
9271	-0.02364
9272	-0.02080
9273	-0.02447
9274	-0.04137
9275	-0.05223
9276	-0.03851
9277	-0.02166
9278	-0.02743
9279	-0.03722
9280	-0.03467
9281	-0.03445
9282	-0.03986
9283	-0.04178
9284	-0.03860
9285	-0.03566
9286	-0.03293
9287	-0.02852
9288	-0.02881
9289	-0.03947
9290	-0.00756
9291	0.03454
9292	0.11390
9293	0.07094
9294	0.23078
9295	0.32993
9296	0.32581
9297	0.74312
9298	0.84143
9299	0.39217
9300	0.43007
9301	0.55025
9302	0.64506
9303	0.63873
9304	0.38920
9305	0.27982
9306	0.34290
9307	0.29263
9308	0.14770
9309	-0.02068
9310	-0.10938
9311	-0.07306
9312	-0.17927
9313	-0.18998
9314	-0.14620
9315	-0.13405
9316	-0.15509
9317	-0.16184
9318	-0.09482
9319	-0.03366
9320	-0.03464
9321	0.00115
9322	0.00381
9323	0.01851
9324	0.02485
9325	0.00797
9326	-0.01446
9327	-0.01957
9328	-0.01294
9329	-0.01531
9330	-0.03454
9331	-0.05495
9332	-0.05241
9333	-0.02222
9334	0.00974
9335	0.01267
9336	-0.00017
9337	0.00432
9338	0.00696
9339	-0.01850
9340	-0.03764
9341	-0.02424
9342	-0.01079
9343	-0.01630
9344	-0.01756
9345	-0.00928
9346	-0.01359
9347	-0.02570
9348	-0.01931
9349	-0.00170
9350	-0.00090
9351	-0.01545
9352	-0.02496
9353	-0.02526
9354	-0.02497
9355	-0.02826
9356	-0.02838
9357	-0.02797
9358	-0.02938
9359	-0.02902
9360	-0.03345
9361	-0.04595
9362	0.04285
9363	0.08372
9364	0.16332
9365	0.04893
9366	0.15817
9367	0.35202
9368	0.31310
9369	0.73240
9370	0.97595
9371	0.50458
9372	0.50023
9373	0.58570
9374	0.57894
9375	0.65995
9376	0.44352
9377	0.24478
9378	0.32541
9379	0.29451
9380	0.09378
9381	-0.04955
9382	-0.13324
9383	-0.09453
9384	-0.14593
9385	-0.19775
9386	-0.15022
9387	-0.10645
9388	-0.19516
9389	-0.13100
9390	-0.08729
9391	-0.02716
9392	-0.00744
9393	0.00347
9394	0.00703
9395	0.02207
9396	0.02943
9397	0.01429
9398	-0.00665
9399	-0.01148
9400	-0.00621
9401	-0.01091
9402	-0.02826
9403	-0.04327
9404	-0.04488
9405	-0.03106
9406	-0.00896
9407	0.00487
9408	0.00800
9409	0.01433
9410	0.01730
9411	0.00271
9412	-0.02074
9413	-0.03982
9414	-0.03948
9415	-0.01824
9416	-0.00516
9417	-0.00956
9418	-0.01741
9419	-0.02327
9420	-0.01912
9421	-0.00922
9422	-0.01277
9423	-0.02373
9424	-0.02630
9425	-0.02686
9426	-0.02867
9427	-0.03394
9428	-0.03576
9429	-0.03414
9430	-0.03508
9431	-0.03668
9432	-0.04218
9433	-0.05013
9434	0.04369
9435	0.11966
9436	0.16531
9437	-0.06789
9438	0.13109
9439	0.36478
9440	0.35333
9441	0.63926
9442	0.81848
9443	0.44278
9444	0.46931
9445	0.58603
9446	0.61817
9447	0.63879
9448	0.41142
9449	0.17131
9450	0.25832
9451	0.33549
9452	0.09802
9453	-0.02848
9454	-0.13810
9455	-0.07731
9456	-0.11072
9457	-0.22798
9458	-0.12258
9459	-0.12466
9460	-0.13183
9461	-0.13948
9462	-0.06797
9463	-0.05141
9464	-0.01869
9465	0.00552
9466	0.01433
9467	0.02667
9468	0.02636
9469	0.01720
9470	0.00992
9471	0.00551
9472	0.00264
9473	-0.01450
9474	-0.05534
9475	-0.09088
9476	-0.08714
9477	-0.04697
9478	-0.00355
9479	0.01859
9480	0.02836
9481	0.03265
9482	0.00906
9483	-0.03208
9484	-0.03456
9485	-0.00101
9486	0.01714
9487	0.01369
9488	0.00523
9489	-0.01096
9490	-0.03416
9491	-0.03780
9492	-0.01286
9493	-0.00341
9494	-0.03025
9495	-0.05470
9496	-0.05576
9497	-0.04571
9498	-0.03645
9499	-0.03426
9500	-0.03939
9501	-0.04526
9502	-0.04307
9503	-0.04015
9504	-0.04874
9505	-0.00565
9506	0.14015
9507	-0.00691
9508	-0.05236
9509	0.15026
9510	0.33271
9511	0.29137
9512	0.65956
9513	0.95917
9514	0.57773
9515	0.33496
9516	0.51502
9517	0.66703
9518	0.69631
9519	0.43117
9520	0.20173
9521	0.33147
9522	0.36778
9523	0.17624
9524	0.01182
9525	-0.06956
9526	-0.13802
9527	-0.12849
9528	-0.16304
9529	-0.17508
9530	-0.11936
9531	-0.14458
9532	-0.13417
9533	-0.11317
9534	-0.05361
9535	-0.03475
9536	0.00511
9537	0.01325
9538	0.03034
9539	0.03407
9540	0.02409
9541	0.01839
9542	0.01486
9543	0.00414
9544	-0.01723
9545	-0.05520
9546	-0.08746
9547	-0.08556
9548	-0.06068
9549	-0.02841
9550	-0.00412
9551	0.00467
9552	0.01077
9553	0.00559
9554	-0.02708
9555	-0.05587
9556	-0.04135
9557	-0.00777
9558	0.00118
9559	-0.00631
9560	-0.00495
9561	-0.00202
9562	-0.00683
9563	-0.00352
9564	0.00653
9565	-0.00316
9566	-0.02499
9567	-0.02954
9568	-0.02454
9569	-0.02317
9570	-0.02466
9571	-0.02598
9572	-0.03020
9573	-0.03646
9574	-0.03829
9575	-0.04159
9576	-0.05358
9577	0.09433
9578	0.02021
9579	0.01483
9580	0.06211
9581	0.24991
9582	0.47194
9583	0.41233
9584	0.58954
9585	0.96755
9586	0.55123
9587	0.40946
9588	0.63309
9589	0.67849
9590	0.67293
9591	0.52871
9592	0.26262
9593	0.40084
9594	0.42897
9595	0.20856
9596	0.03685
9597	-0.08845
9598	-0.07084
9599	-0.04804
9600	-0.21739
9601	-0.17931
9602	-0.09320
9603	-0.13694
9604	-0.14153
9605	-0.05984
9606	-0.05738
9607	-0.03141
9608	0.00118
9609	0.00320
9610	0.02304
9611	0.04116
9612	0.03441
9613	0.01516
9614	0.00348
9615	-0.00567
9616	-0.02269
9617	-0.04635
9618	-0.06884
9619	-0.07705
9620	-0.05845
9621	-0.02355
9622	0.00267
9623	0.01252
9624	0.01627
9625	0.00576
9626	-0.02586
9627	-0.04547
9628	-0.03500
9629	-0.01900
9630	-0.01817
9631	-0.02767
9632	-0.03188
9633	-0.03306
9634	-0.03701
9635	-0.02941
9636	-0.01325
9637	-0.01578
9638	-0.02934
9639	-0.02968
9640	-0.02844
9641	-0.02913
9642	-0.03167
9643	-0.03439
9644	-0.03546
9645	-0.03756
9646	-0.03786
9647	-0.04594
9648	0.05908
9649	0.10163
9650	0.06945
9651	-0.06303
9652	-0.10269
9653	0.18993
9654	0.29058
9655	0.52475
9656	1.06883
9657	0.73358
9658	0.08016
9659	0.44019
9660	0.78151
9661	0.82922
9662	0.63384
9663	0.27263
9664	0.33475
9665	0.47940
9666	0.21009
9667	0.05290
9668	-0.02796
9669	-0.11044
9670	-0.09087
9671	-0.18632
9672	-0.18465
9673	-0.11679
9674	-0.15719
9675	-0.14147
9676	-0.11288
9677	-0.05647
9678	-0.03820
9679	0.00458
9680	0.01094
9681	0.02776
9682	0.03586
9683	0.02545
9684	0.00541
9685	-0.00436
9686	0.00898
9687	0.01622
9688	-0.01843
9689	-0.06812
9690	-0.08480
9691	-0.06975
9692	-0.03712
9693	0.01264
9694	0.05812
9695	0.06829
9696	0.03846
9697	-0.00697
9698	-0.03491
9699	-0.03311
9700	-0.01082
9701	0.01607
9702	0.03011
9703	0.02364
9704	0.00333
9705	-0.01232
9706	0.00071
9707	0.02859
9708	0.02069
9709	-0.02263
9710	-0.04751
9711	-0.04403
9712	-0.03673
9713	-0.03411
9714	-0.03532
9715	-0.03883
9716	-0.04483
9717	-0.04982
9718	-0.05767
9719	-0.06465
9720	0.10873
9721	0.09078
9722	-0.00949
9723	-0.08157
9724	0.11955
9725	0.31223
9726	0.31056
9727	0.79689
9728	1.04235
9729	0.42625
9730	0.17811
9731	0.58919
9732	0.72558
9733	0.73028
9734	0.48585
9735	0.14195
9736	0.32129
9737	0.43441
9738	0.15827
9739	-0.01158
9740	-0.08214
9741	-0.10336
9742	-0.12730
9743	-0.20623
9744	-0.17215
9745	-0.06120
9746	-0.09571
9747	-0.15237
9748	-0.04460
9749	-0.03431
9750	-0.08004
9751	0.00681
9752	0.01677
9753	0.03638
9754	0.04622
9755	0.03466
9756	0.01377
9757	0.00044
9758	-0.00931
9759	-0.03232
9760	-0.05840
9761	-0.05893
9762	-0.03923
9763	-0.02056
9764	-0.00379
9765	0.00642
9766	-0.00010
9767	-0.01550
9768	-0.02799
9769	-0.03503
9770	-0.03474
9771	-0.02212
9772	-0.00629
9773	-0.00472
9774	-0.00440
9775	0.01104
9776	0.01922
9777	0.00635
9778	-0.00217
9779	0.00370
9780	0.00033
9781	-0.01930
9782	-0.03674
9783	-0.04231
9784	-0.03941
9785	-0.03408
9786	-0.03112
9787	-0.03787
9788	-0.04464
9789	-0.04655
9790	-0.05400
9791	0.09953
9792	0.07923
9793	0.06596
9794	-0.03538
9795	0.03330
9796	0.43382
9797	0.43507
9798	0.62055
9799	1.10127
9800	0.60126
9801	0.29534
9802	0.61147
9803	0.69166
9804	0.72960
9805	0.61592
9806	0.23660
9807	0.40930
9808	0.51414
9809	0.24423
9810	0.05355
9811	-0.08654
9812	-0.08004
9813	-0.04885
9814	-0.15289
9815	-0.22409
9816	-0.12469
9817	-0.14202
9818	-0.14639
9819	-0.09187
9820	-0.08729
9821	-0.05534
9822	-0.00224
9823	-0.00004
9824	0.01302
9825	0.03276
9826	0.03280
9827	0.01240
9828	-0.00924
9829	-0.01858
9830	-0.01889
9831	-0.02399
9832	-0.04089
9833	-0.06649
9834	-0.07552
9835	-0.04201
9836	0.00392
9837	0.01369
9838	0.00326
9839	0.00811
9840	0.00596
9841	-0.02176
9842	-0.03961
9843	-0.02462
9844	-0.00149
9845	0.00355
9846	-0.00113
9847	-0.00309
9848	-0.01393
9849	-0.02686
9850	-0.01498
9851	0.00358
9852	-0.00597
9853	-0.02844
9854	-0.04057
9855	-0.04282
9856	-0.03965
9857	-0.04002
9858	-0.04201
9859	-0.04551
9860	-0.04964
9861	-0.05942
9862	-0.07202
9863	0.13622
9864	0.20076
9865	-0.04030
9866	-0.12764
9867	0.23604
9868	0.27950
9869	0.32759
9870	0.97617
9871	0.78536
9872	0.13889
9873	0.39319
9874	0.57407
9875	0.71758
9876	0.74039
9877	0.29472
9878	0.13347
9879	0.43982
9880	0.37959
9881	0.16472
9882	0.02721
9883	-0.17064
9884	-0.16310
9885	-0.14479
9886	-0.12184
9887	-0.14442
9888	-0.17043
9889	-0.14188
9890	-0.16305
9891	-0.09966
9892	-0.06236
9893	-0.04460
9894	0.00321
9895	0.00750
9896	0.02700
9897	0.04103
9898	0.03349
9899	0.01753
9900	0.00828
9901	-0.00245
9902	-0.02485
9903	-0.05341
9904	-0.07399
9905	-0.06983
9906	-0.03816
9907	-0.00732
9908	-0.00335
9909	-0.00973
9910	-0.00374
9911	-0.00741
9912	-0.03758
9913	-0.05790
9914	-0.04154
9915	-0.01274
9916	-0.00167
9917	-0.00562
9918	-0.00851
9919	-0.01665
9920	-0.03088
9921	-0.02578
9922	-0.00705
9923	-0.01207
9924	-0.03549
9925	-0.04500
9926	-0.04188
9927	-0.03544
9928	-0.03405
9929	-0.03652
9930	-0.04281
9931	-0.04814
9932	-0.05145
9933	-0.06022
9934	0.12555
9935	0.17291
9936	0.00577
9937	-0.25908
9938	0.09323
9939	0.37304
9940	0.24598
9941	0.82566
9942	0.96122
9943	0.29700
9944	0.40209
9945	0.64614
9946	0.67989
9947	0.72765
9948	0.41460
9949	0.23037
9950	0.46821
9951	0.40498
9952	0.16397
9953	-0.02226
9954	-0.13202
9955	-0.12847
9956	-0.09921
9957	-0.13396
9958	-0.17085
9959	-0.19072
9960	-0.13567
9961	-0.11059
9962	-0.13944
9963	-0.07557
9964	-0.03986
9965	-0.03093
9966	-0.00038
9967	0.01297
9968	0.03443
9969	0.04139
9970	0.02649
9971	0.00173
9972	-0.00860
9973	-0.00331
9974	-0.01528
9975	-0.04694
9976	-0.06231
9977	-0.04849
9978	-0.02109
9979	-0.00025
9980	0.00209
9981	-0.00375
9982	-0.01130
9983	-0.02894
9984	-0.04756
9985	-0.05059
9986	-0.03966
9987	-0.02682
9988	-0.02253
9989	-0.02389
9990	-0.02417
9991	-0.02693
9992	-0.02664
9993	-0.01734
9994	-0.01841
9995	-0.03769
9996	-0.04872
9997	-0.04129
9998	-0.02854
9999	-0.02092
10000	-0.02149
10001	-0.02478
10002	-0.02869
10003	-0.02836
10004	-0.03287
10005	-0.04435
10006	0.16011
10007	0.21486
10008	-0.07726
10009	-0.20736
10010	0.12420
10011	0.39007
10012	0.44810
10013	0.84846
10014	0.85944
10015	0.35180
10016	0.26298
10017	0.54436
10018	0.81247
10019	0.62655
10020	0.31537
10021	0.10964
10022	0.29494
10023	0.43506
10024	0.17058
10025	-0.04840
10026	-0.11904
10027	-0.17148
10028	-0.16927
10029	-0.09936
10030	-0.15592
10031	-0.16095
10032	-0.12994
10033	-0.12976
10034	-0.08843
10035	-0.04826
10036	-0.06431
10037	-0.00085
10038	0.00519
10039	0.02643
10040	0.04172
10041	0.03002
10042	0.00451
10043	0.00505
10044	0.02198
10045	0.00135
10046	-0.04802
10047	-0.06860
10048	-0.05394
10049	-0.02766
10050	-0.00142
10051	0.01724
10052	0.02696
10053	0.02290
10054	-0.00149
10055	-0.03310
10056	-0.04988
10057	-0.04622
10058	-0.03140
10059	-0.01621
10060	-0.00546
10061	-0.00213
10062	-0.01020
10063	-0.01893
10064	-0.01183
10065	-0.00281
10066	-0.01335
10067	-0.02584
10068	-0.02742
10069	-0.02806
10070	-0.02541
10071	-0.02864
10072	-0.03162
10073	-0.03379
10074	-0.03766
10075	-0.03586
10076	-0.03412
10077	-0.04094
10078	0.05981
10079	-0.01175
10080	-0.02339
10081	0.04035
10082	0.15892
10083	0.36457
10084	0.33940
10085	0.67757
10086	1.07013
10087	0.50509
10088	0.19282
10089	0.61531
10090	0.71861
10091	0.60886
10092	0.40162
10093	0.15991
10094	0.41180
10095	0.46518
10096	0.13619
10097	-0.05950
10098	-0.12397
10099	-0.12366
10100	-0.12774
10101	-0.20176
10102	-0.18048
10103	-0.15324
10104	-0.15732
10105	-0.10569
10106	-0.09112
10107	-0.02344
10108	-0.04064
10109	0.00315
10110	0.01136
10111	0.02565
10112	0.02669
10113	0.01275
10114	-0.00054
10115	-0.01020
10116	-0.01995
10117	-0.03411
10118	-0.05013
10119	-0.05203
10120	-0.03870
10121	-0.02210
10122	-0.00456
10123	0.00860
10124	0.00778
10125	-0.00064
10126	-0.00606
10127	-0.01344
10128	-0.02507
10129	-0.02741
10130	-0.01504
10131	-0.00041
10132	0.00666
10133	0.00349
10134	-0.01265
10135	-0.02647
10136	-0.00871
10137	0.02725
10138	0.02891
10139	-0.01431
10140	-0.05279
10141	-0.05938
10142	-0.04994
10143	-0.04348
10144	-0.03923
10145	-0.03960
10146	-0.04865
10147	-0.05948
10148	-0.07287
10149	0.07975
10150	0.07725
10151	0.10903
10152	-0.11931
10153	-0.05056
10154	0.39521
10155	0.45093
10156	0.65375
10157	0.84468
10158	0.54848
10159	0.46533
10160	0.64394
10161	0.59905
10162	0.64973
10163	0.33009
10164	0.09192
10165	0.50027
10166	0.51585
10167	0.12183
10168	0.00240
10169	-0.17540
10170	-0.13179
10171	-0.08860
10172	-0.16582
10173	-0.11149
10174	-0.13594
10175	-0.12189
10176	-0.08551
10177	-0.07393
10178	-0.07828
10179	-0.01790
10180	0.00833
10181	0.01620
10182	0.03239
10183	0.03806
10184	0.02848
10185	0.01968
10186	0.01946
10187	0.01808
10188	-0.00463
10189	-0.05955
10190	-0.10774
10191	-0.09512
10192	-0.03822
10193	-0.00124
10194	-0.00463
10195	-0.01530
10196	-0.00774
10197	0.00342
10198	-0.00956
10199	-0.04032
10200	-0.05251
10201	-0.03524
10202	-0.01009
10203	0.00373
10204	-0.00103
10205	-0.01687
10206	-0.02424
10207	-0.01101
10208	0.00749
10209	0.00048
10210	-0.02629
10211	-0.03535
10212	-0.02908
10213	-0.02417
10214	-0.02324
10215	-0.02605
10216	-0.03015
10217	-0.03611
10218	-0.03964
10219	-0.04957
10220	0.16181
10221	0.23325
10222	0.03673
10223	-0.18239
10224	-0.14273
10225	0.25477
10226	0.42475
10227	0.59456
10228	0.95469
10229	0.57743
10230	0.11833
10231	0.48385
10232	0.77455
10233	0.72394
10234	0.62186
10235	0.15533
10236	0.19485
10237	0.53911
10238	0.33085
10239	0.04003
10240	-0.07828
10241	-0.21109
10242	-0.11351
10243	-0.08783
10244	-0.21784
10245	-0.13477
10246	-0.12388
10247	-0.16382
10248	-0.09531
10249	-0.01228
10250	-0.03220
10251	0.00951
10252	0.00731
10253	0.01804
10254	0.03045
10255	0.02855
10256	0.01155
10257	-0.00626
10258	-0.00937
10259	-0.00085
10260	-0.01415
10261	-0.06059
10262	-0.09280
10263	-0.07980
10264	-0.03930
10265	0.00435
10266	0.03200
10267	0.03734
10268	0.02095
10269	-0.00936
10270	-0.02434
10271	-0.01365
10272	0.00286
10273	0.01620
10274	0.02431
10275	0.02221
10276	0.00695
10277	-0.01454
10278	-0.01829
10279	0.00134
10280	0.01207
10281	-0.00424
10282	-0.02691
10283	-0.03806
10284	-0.04058
10285	-0.04062
10286	-0.03794
10287	-0.03450
10288	-0.03565
10289	-0.04013
10290	-0.04710
10291	-0.05887
10292	0.03827
10293	0.06391
10294	0.04644
10295	-0.03735
10296	-0.05577
10297	0.25740
10298	0.34437
10299	0.62121
10300	0.92627
10301	0.53280
10302	0.25090
10303	0.48313
10304	0.63027
10305	0.73493
10306	0.48067
10307	0.08397
10308	0.27611
10309	0.50672
10310	0.32360
10311	0.06559
10312	-0.10121
10313	-0.10109
10314	-0.12486
10315	-0.12691
10316	-0.12917
10317	-0.18395
10318	-0.16114
10319	-0.11378
10320	-0.16508
10321	-0.07493
10322	-0.05011
10323	-0.06247
10324	0.01597
10325	0.01337
10326	0.03175
10327	0.03613
10328	0.02244
10329	0.01107
10330	0.00724
10331	-0.00777
10332	-0.04103
10333	-0.06548
10334	-0.06051
10335	-0.04426
10336	-0.02647
10337	-0.00448
10338	0.00281
10339	-0.00627
10340	-0.01186
10341	-0.01944
10342	-0.03556
10343	-0.04304
10344	-0.03384
10345	-0.02001
10346	-0.01006
10347	-0.00043
10348	0.00514
10349	-0.00588
10350	-0.02321
10351	-0.01843
10352	0.00061
10353	-0.00470
10354	-0.03375
10355	-0.05098
10356	-0.05032
10357	-0.04659
10358	-0.04660
10359	-0.04409
10360	-0.04427
10361	-0.05076
10362	-0.06035
10363	-0.07003
10364	0.18416
10365	0.15007
10366	-0.02247
10367	-0.21014
10368	0.12683
10369	0.27258
10370	0.44730
10371	0.88496
10372	0.69781
10373	0.30112
10374	0.47983
10375	0.64182
10376	0.69535
10377	0.61684
10378	0.29165
10379	0.26249
10380	0.40772
10381	0.28830
10382	0.07063
10383	0.02695
10384	-0.03168
10385	-0.13443
10386	-0.16324
10387	-0.11026
10388	-0.17490
10389	-0.14758
10390	-0.11815
10391	-0.15098
10392	-0.07684
10393	-0.07674
10394	-0.05060
10395	0.00281
10396	0.00622
10397	0.02412
10398	0.03646
10399	0.03245
10400	0.02131
10401	0.00929
10402	-0.00745
10403	-0.03374
10404	-0.06578
10405	-0.07836
10406	-0.05852
10407	-0.02978
10408	-0.00680
10409	0.01243
10410	0.01536
10411	-0.00321
10412	-0.02169
10413	-0.02918
10414	-0.03380
10415	-0.03755
10416	-0.03138
10417	-0.00987
10418	0.00810
10419	0.00219
10420	-0.01282
10421	-0.01639
10422	-0.00711
10423	0.00239
10424	-0.01207
10425	-0.04078
10426	-0.04797
10427	-0.04347
10428	-0.03803
10429	-0.03362
10430	-0.03246
10431	-0.03361
10432	-0.03890
10433	-0.04062
10434	-0.04605
10435	-0.05499
10436	0.14216
10437	0.02006
10438	-0.05214
10439	-0.07419
10440	0.11122
10441	0.31819
10442	0.35192
10443	0.69727
10444	0.88401
10445	0.34437
10446	0.29725
10447	0.70969
10448	0.71550
10449	0.54382
10450	0.34026
10451	0.18063
10452	0.38700
10453	0.38077
10454	0.04111
10455	-0.06998
10456	-0.11281
10457	-0.09846
10458	-0.11840
10459	-0.20306
10460	-0.16616
10461	-0.12899
10462	-0.16518
10463	-0.12524
10464	-0.07691
10465	-0.06076
10466	-0.02056
10467	0.00054
10468	0.00782
10469	0.02708
10470	0.03741
10471	0.03242
10472	0.02185
10473	0.01333
10474	0.00567
10475	-0.01224
10476	-0.04922
10477	-0.09392
10478	-0.10800
10479	-0.06542
10480	-0.00058
10481	0.03273
10482	0.03071
10483	0.01838
10484	-0.00072
10485	-0.02641
10486	-0.03975
10487	-0.03193
10488	-0.01744
10489	-0.00764
10490	-0.00460
10491	-0.00959
10492	-0.01940
10493	-0.02758
10494	-0.02532
10495	-0.01826
10496	-0.02930
10497	-0.04856
10498	-0.04629
10499	-0.03613
10500	-0.03294
10501	-0.03506
10502	-0.03821
10503	-0.04219
10504	-0.04608
10505	-0.04401
10506	-0.04826
10507	-0.06444
10508	0.07702
10509	0.06055
10510	0.08144
10511	-0.01991
10512	0.27338
10513	0.40694
10514	0.37549
10515	1.00691
10516	0.97701
10517	0.20218
10518	0.31441
10519	0.71898
10520	0.80396
10521	0.68191
10522	0.29745
10523	0.17159
10524	0.48340
10525	0.44276
10526	0.04328
10527	0.01056
10528	-0.01679
10529	-0.07544
10530	-0.15326
10531	-0.20139
10532	-0.13261
10533	-0.16090
10534	-0.12837
10535	-0.16130
10536	-0.11810
10537	-0.04231
10538	-0.08533
10539	-0.02890
10540	0.00585
10541	0.01282
10542	0.03701
10543	0.05003
10544	0.02997
10545	-0.00382
10546	-0.02066
10547	-0.02913
10548	-0.04675
10549	-0.05911
10550	-0.05221
10551	-0.03450
10552	-0.01802
10553	-0.00940
10554	-0.01239
10555	-0.01755
10556	-0.01095
10557	-0.01541
10558	-0.04318
10559	-0.04662
10560	-0.01073
10561	0.01140
10562	0.00107
10563	-0.00570
10564	-0.00095
10565	-0.01794
10566	-0.05179
10567	-0.05261
10568	-0.02429
10569	-0.01603
10570	-0.03269
10571	-0.05012
10572	-0.05958
10573	-0.06220
10574	-0.05989
10575	-0.05518
10576	-0.05338
10577	-0.04983
10578	-0.05162
10579	-0.06537
10580	0.05178
10581	-0.00126
10582	0.08223
10583	0.03368
10584	0.20959
10585	0.46043
10586	0.47130
10587	0.71238
10588	0.66718
10589	0.44239
10590	0.60153
10591	0.73423
10592	0.70274
10593	0.60667
10594	0.23029
10595	0.19427
10596	0.50539
10597	0.39836
10598	0.03114
10599	-0.10251
10600	-0.07358
10601	-0.05857
10602	-0.15681
10603	-0.17238
10604	-0.11627
10605	-0.14462
10606	-0.14507
10607	-0.14223
10608	-0.06411
10609	-0.07468
10610	-0.05774
10611	0.00139
10612	0.00578
10613	0.02623
10614	0.04293
10615	0.03163
10616	0.00054
10617	-0.02351
10618	-0.03776
10619	-0.05046
10620	-0.05196
10621	-0.03592
10622	-0.01493
10623	0.00035
10624	0.00149
10625	-0.00536
10626	0.00607
10627	0.02158
10628	0.00509
10629	-0.02320
10630	-0.02605
10631	-0.00896
10632	0.00571
10633	0.01014
10634	0.00957
10635	0.00299
10636	-0.01172
10637	-0.01894
10638	-0.00783
10639	-0.00629
10640	-0.03295
10641	-0.05378
10642	-0.05324
10643	-0.04838
10644	-0.04588
10645	-0.04831
10646	-0.04919
10647	-0.05221
10648	-0.05511
10649	-0.06040
10650	-0.06839
10651	0.13244
10652	0.08211
10653	-0.03094
10654	-0.10542
10655	0.14355
10656	0.49482
10657	0.53254
10658	0.72479
10659	0.79048
10660	0.50532
10661	0.54444
10662	0.69604
10663	0.68011
10664	0.65020
10665	0.41671
10666	0.20843
10667	0.28653
10668	0.22110
10669	0.07429
10670	-0.04049
10671	-0.14617
10672	-0.16131
10673	-0.15354
10674	-0.19346
10675	-0.18089
10676	-0.14855
10677	-0.12273
10678	-0.11075
10679	-0.04330
10680	-0.03469
10681	-0.05409
10682	0.01105
10683	0.02679
10684	0.03362
10685	0.00897
10686	-0.02161
10687	-0.02004
10688	-0.00124
10689	-0.00175
10690	-0.02764
10691	-0.05886
10692	-0.06794
10693	-0.04421
10694	-0.00769
10695	0.02034
10696	0.03535
10697	0.03342
10698	0.01579
10699	-0.00179
10700	-0.00451
10701	0.00782
10702	0.02102
10703	0.02512
10704	0.02736
10705	0.02696
10706	0.00942
10707	-0.01160
10708	-0.00313
10709	0.01582
10710	0.00202
10711	-0.02480
10712	-0.03201
10713	-0.03204
10714	-0.03366
10715	-0.03689
10716	-0.03938
10717	-0.04318
10718	-0.04713
10719	-0.04879
10720	-0.05615
10721	-0.06972
10722	0.06666
10723	0.08465
10724	0.01183
10725	-0.00226
10726	0.27715
10727	0.37128
10728	0.35636
10729	0.82988
10730	0.78866
10731	0.33234
10732	0.46570
10733	0.65946
10734	0.65623
10735	0.66040
10736	0.37184
10737	0.18472
10738	0.42628
10739	0.29472
10740	0.09100
10741	0.04685
10742	-0.10181
10743	-0.09725
10744	-0.12466
10745	-0.20018
10746	-0.12741
10747	-0.11559
10748	-0.14894
10749	-0.12933
10750	-0.08096
10751	-0.04960
10752	-0.04192
10753	0.00209
10754	0.00824
10755	0.02806
10756	0.03896
10757	0.02284
10758	-0.00637
10759	-0.02567
10760	-0.03545
10761	-0.04958
10762	-0.06161
10763	-0.05537
10764	-0.03952
10765	-0.02991
10766	-0.02549
10767	-0.01838
10768	-0.00837
10769	-0.00586
10770	-0.02300
10771	-0.04671
10772	-0.04080
10773	-0.01274
10774	-0.00358
10775	-0.01131
10776	-0.01163
10777	-0.01263
10778	-0.02460
10779	-0.02416
10780	-0.00741
10781	-0.00786
10782	-0.02736
10783	-0.03998
10784	-0.04557
10785	-0.04488
10786	-0.04225
10787	-0.04017
10788	-0.03824
10789	-0.04098
10790	-0.04217
10791	-0.04538
10792	-0.05439
10793	0.06602
10794	0.00101
10795	0.02154
10796	0.02268
10797	0.24447
10798	0.46881
10799	0.35492
10800	0.71163
10801	0.84944
10802	0.37496
10803	0.49713
10804	0.74538
10805	0.62383
10806	0.57188
10807	0.41766
10808	0.26151
10809	0.44308
10810	0.34938
10811	0.08705
10812	0.03542
10813	-0.11759
10814	-0.04883
10815	-0.09037
10816	-0.23834
10817	-0.13575
10818	-0.11132
10819	-0.13157
10820	-0.12596
10821	-0.11308
10822	-0.03346
10823	-0.01251
10824	0.00664
10825	0.01198
10826	0.02970
10827	0.04572
10828	0.03997
10829	0.01461
10830	-0.00251
10831	-0.00240
10832	-0.01030
10833	-0.03864
10834	-0.06285
10835	-0.05641
10836	-0.02541
10837	0.00495
10838	0.01906
10839	0.01216
10840	-0.00672
10841	-0.01997
10842	-0.02682
10843	-0.02823
10844	-0.02157
10845	-0.01460
10846	-0.00909
10847	-0.00153
10848	0.00193
10849	-0.00301
10850	-0.00365
10851	0.00586
10852	0.00177
10853	-0.02185
10854	-0.03325
10855	-0.03128
10856	-0.03235
10857	-0.03068
10858	-0.03094
10859	-0.03165
10860	-0.03653
10861	-0.04216
10862	-0.04130
10863	-0.04788
10864	-0.06264
10865	0.09022
10866	0.12151
10867	-0.00690
10868	0.01722
10869	0.26605
10870	0.34158
10871	0.41515
10872	0.84455
10873	0.77268
10874	0.32808
10875	0.47463
10876	0.63015
10877	0.64836
10878	0.59830
10879	0.28077
10880	0.19921
10881	0.37938
10882	0.28582
10883	0.06536
10884	0.00354
10885	-0.08902
10886	-0.06833
10887	-0.16894
10888	-0.19797
10889	-0.09878
10890	-0.14376
10891	-0.15471
10892	-0.13949
10893	-0.11852
10894	-0.07490
10895	0.00372
10896	-0.03041
10897	-0.02271
10898	0.02472
10899	0.03513
10900	0.03256
10901	0.01991
10902	0.00079
10903	-0.02095
10904	-0.03969
10905	-0.05479
10906	-0.06363
10907	-0.05926
10908	-0.04375
10909	-0.02086
10910	0.00461
10911	0.01514
10912	0.00433
10913	-0.01929
10914	-0.04673
10915	-0.05301
10916	-0.02528
10917	0.00464
10918	0.00793
10919	-0.00100
10920	-0.00650
10921	-0.01673
10922	-0.02326
10923	-0.00910
10924	0.00241
10925	-0.01861
10926	-0.05261
10927	-0.06767
10928	-0.06617
10929	-0.05960
10930	-0.05308
10931	-0.04599
10932	-0.04842
10933	-0.05411
10934	-0.05499
10935	-0.06361
10936	0.00815
10937	0.02031
10938	0.06897
10939	-0.01977
10940	-0.00825
10941	0.42174
10942	0.52737
10943	0.68322
10944	0.85083
10945	0.52443
10946	0.59659
10947	0.82911
10948	0.54834
10949	0.66197
10950	0.62619
10951	0.16763
10952	0.33335
10953	0.45739
10954	0.10431
10955	0.01382
10956	-0.09472
10957	-0.12735
10958	-0.06829
10959	-0.20607
10960	-0.16717
10961	-0.08738
10962	-0.14944
10963	-0.15211
10964	-0.04596
10965	-0.01587
10966	-0.05217
10967	0.00541
10968	0.01059
10969	0.02703
10970	0.03447
10971	0.02139
10972	0.00325
10973	-0.01096
10974	-0.02581
10975	-0.03605
10976	-0.04028
10977	-0.04655
10978	-0.04394
10979	-0.01912
10980	0.00722
10981	0.01658
10982	0.01838
10983	0.01609
10984	0.00370
10985	-0.01702
10986	-0.03294
10987	-0.02630
10988	-0.00761
10989	-0.00040
10990	0.00168
10991	0.00273
10992	-0.00799
10993	-0.01832
10994	-0.01023
10995	-0.00130
10996	-0.01127
10997	-0.02325
10998	-0.02911
10999	-0.03982
11000	-0.04787
11001	-0.05053
11002	-0.04976
11003	-0.04933
11004	-0.05216
11005	-0.06396
11006	-0.07800
11007	0.19558
11008	0.07874
11009	-0.00591
11010	-0.10119
11011	0.12630
11012	0.33291
11013	0.42983
11014	0.89118
11015	0.79247
11016	0.24669
11017	0.43754
11018	0.71499
11019	0.63383
11020	0.63032
11021	0.35138
11022	0.17929
11023	0.45603
11024	0.31369
11025	0.02063
11026	-0.01173
11027	-0.12738
11028	-0.13653
11029	-0.16326
11030	-0.19628
11031	-0.11274
11032	-0.12781
11033	-0.14410
11034	-0.15026
11035	-0.05188
11036	-0.05368
11037	0.00600
11038	0.00322
11039	0.02244
11040	0.04367
11041	0.04325
11042	0.02964
11043	0.01835
11044	0.01048
11045	-0.00054
11046	-0.03123
11047	-0.07527
11048	-0.09005
11049	-0.06291
11050	-0.03103
11051	-0.01198
11052	0.00865
11053	0.01635
11054	-0.01161
11055	-0.04712
11056	-0.05523
11057	-0.04033
11058	-0.01682
11059	0.00528
11060	0.01244
11061	0.00835
11062	0.00738
11063	0.00813
11064	0.01078
11065	0.00937
11066	-0.01127
11067	-0.03242
11068	-0.03415
11069	-0.03020
11070	-0.02855
11071	-0.03045
11072	-0.03102
11073	-0.03387
11074	-0.03860
11075	-0.03849
11076	-0.04373
11077	-0.05638
11078	0.14825
11079	0.12327
11080	-0.01153
11081	-0.06514
11082	0.13737
11083	0.37888
11084	0.40759
11085	0.86321
11086	0.93577
11087	0.30302
11088	0.28613
11089	0.74822
11090	0.80101
11091	0.73245
11092	0.50970
11093	0.22145
11094	0.41407
11095	0.38041
11096	0.16153
11097	0.06966
11098	-0.10623
11099	-0.14224
11100	-0.07772
11101	-0.14679
11102	-0.16269
11103	-0.08919
11104	-0.12786
11105	-0.11222
11106	-0.11658
11107	-0.03190
11108	-0.03897
11109	0.00829
11110	0.01143
11111	0.02339
11112	0.03785
11113	0.03992
11114	0.02676
11115	0.00776
11116	-0.01305
11117	-0.03597
11118	-0.05605
11119	-0.06463
11120	-0.05888
11121	-0.03789
11122	-0.00282
11123	0.02520
11124	0.02366
11125	0.00126
11126	-0.01907
11127	-0.02732
11128	-0.02666
11129	-0.01861
11130	-0.00088
11131	0.01624
11132	0.01816
11133	0.01035
11134	0.00102
11135	-0.01224
11136	-0.01567
11137	-0.00182
11138	0.00052
11139	-0.02661
11140	-0.05850
11141	-0.06869
11142	-0.05852
11143	-0.04371
11144	-0.03660
11145	-0.04035
11146	-0.04820
11147	-0.04945
11148	-0.05417
11149	0.02230
11150	0.13218
11151	0.05724
11152	-0.01983
11153	-0.00541
11154	0.25339
11155	0.46226
11156	0.60429
11157	0.98807
11158	0.69749
11159	0.31882
11160	0.57732
11161	0.77306
11162	0.79179
11163	0.65642
11164	0.31185
11165	0.28201
11166	0.49794
11167	0.26738
11168	0.07019
11169	0.02051
11170	-0.07102
11171	-0.08789
11172	-0.13845
11173	-0.17251
11174	-0.14658
11175	-0.15321
11176	-0.17414
11177	-0.12135
11178	-0.07931
11179	-0.08887
11180	-0.03830
11181	0.00525
11182	0.00862
11183	0.02327
11184	0.03745
11185	0.02663
11186	-0.01097
11187	-0.03938
11188	-0.03442
11189	-0.02081
11190	-0.02302
11191	-0.02887
11192	-0.01987
11193	0.00182
11194	0.01168
11195	0.00080
11196	-0.00408
11197	0.00034
11198	-0.00913
11199	-0.02085
11200	-0.01185
11201	0.00505
11202	0.00930
11203	0.00736
11204	0.01385
11205	0.02178
11206	0.01091
11207	-0.00790
11208	0.00249
11209	0.02320
11210	0.00869
11211	-0.02027
11212	-0.02896
11213	-0.02906
11214	-0.03067
11215	-0.03532
11216	-0.03832
11217	-0.04031
11218	-0.04428
11219	-0.05493
11220	-0.06902
11221	0.06399
11222	0.10354
11223	0.08350
11224	-0.07549
11225	0.08164
11226	0.33510
11227	0.28206
11228	0.65632
11229	0.98712
11230	0.46912
11231	0.16770
11232	0.52036
11233	0.74711
11234	0.78297
11235	0.46636
11236	0.19539
11237	0.41207
11238	0.45264
11239	0.15620
11240	0.00454
11241	0.00879
11242	0.01393
11243	-0.12382
11244	-0.21455
11245	-0.17454
11246	-0.12150
11247	-0.16127
11248	-0.13883
11249	-0.10592
11250	-0.07935
11251	-0.03759
11252	-0.03062
11253	0.00180
11254	0.00660
11255	0.03030
11256	0.04793
11257	0.03350
11258	-0.00001
11259	-0.01751
11260	-0.01587
11261	-0.02328
11262	-0.04166
11263	-0.04858
11264	-0.04053
11265	-0.02588
11266	-0.01015
11267	-0.00162
11268	-0.00678
11269	-0.01661
11270	-0.02303
11271	-0.03653
11272	-0.04744
11273	-0.03272
11274	-0.00650
11275	0.00347
11276	-0.00242
11277	-0.01022
11278	-0.02152
11279	-0.03360
11280	-0.02695
11281	-0.01430
11282	-0.02407
11283	-0.04466
11284	-0.05538
11285	-0.05700
11286	-0.05159
11287	-0.04328
11288	-0.03817
11289	-0.04329
11290	-0.04826
11291	-0.04442
11292	-0.04440
11293	-0.05093
11294	-0.03525
11295	0.09362
11296	0.07265
11297	-0.00336
11298	0.19425
11299	0.28540
11300	0.40012
11301	0.92706
11302	0.80910
11303	0.33994
11304	0.56953
11305	0.70028
11306	0.60596
11307	0.56726
11308	0.33479
11309	0.28232
11310	0.46353
11311	0.31087
11312	-0.00081
11313	-0.03739
11314	-0.08561
11315	-0.08600
11316	-0.14698
11317	-0.17829
11318	-0.11579
11319	-0.07957
11320	-0.17803
11321	-0.13637
11322	-0.04683
11323	-0.06716
11324	0.00481
11325	0.00620
11326	0.01763
11327	0.03359
11328	0.03768
11329	0.03123
11330	0.02329
11331	0.00591
11332	-0.02100
11333	-0.04423
11334	-0.06829
11335	-0.09188
11336	-0.08143
11337	-0.03179
11338	0.00489
11339	0.00070
11340	-0.00672
11341	-0.00026
11342	-0.00926
11343	-0.03454
11344	-0.03862
11345	-0.00893
11346	0.01577
11347	0.00841
11348	-0.00407
11349	-0.00149
11350	-0.00415
11351	-0.01703
11352	-0.01521
11353	-0.00542
11354	-0.01508
11355	-0.03192
11356	-0.03845
11357	-0.04476
11358	-0.04923
11359	-0.04677
11360	-0.04282
11361	-0.04609
11362	-0.05035
11363	-0.05396
11364	-0.06325
11365	0.07533
11366	0.11047
11367	0.00615
11368	-0.12842
11369	0.08348
11370	0.48686
11371	0.38929
11372	0.65006
11373	0.93122
11374	0.47668
11375	0.40111
11376	0.61215
11377	0.63150
11378	0.73891
11379	0.52887
11380	0.09575
11381	0.32428
11382	0.49856
11383	0.12927
11384	0.00400
11385	-0.05772
11386	-0.14416
11387	-0.09747
11388	-0.18045
11389	-0.17724
11390	-0.08218
11391	-0.18778
11392	-0.10626
11393	-0.07842
11394	-0.09180
11395	0.00211
11396	0.00643
11397	0.00826
11398	0.02557
11399	0.04291
11400	0.03910
11401	0.01599
11402	-0.00716
11403	-0.02102
11404	-0.02975
11405	-0.04110
11406	-0.05892
11407	-0.06061
11408	-0.02897
11409	0.00416
11410	0.01646
11411	0.02004
11412	0.01207
11413	-0.01108
11414	-0.02614
11415	-0.02695
11416	-0.02591
11417	-0.01651
11418	0.00321
11419	0.01518
11420	0.01303
11421	0.00779
11422	0.00243
11423	0.00044
11424	0.00780
11425	0.00073
11426	-0.02906
11427	-0.04565
11428	-0.04711
11429	-0.04604
11430	-0.04019
11431	-0.03766
11432	-0.04001
11433	-0.04810
11434	-0.05402
11435	-0.06021
11436	-0.06640
11437	0.10275
11438	0.10698
11439	-0.00291
11440	-0.12268
11441	0.22644
11442	0.40226
11443	0.32644
11444	0.88216
11445	0.84871
11446	0.31558
11447	0.49450
11448	0.64876
11449	0.64908
11450	0.75795
11451	0.41965
11452	0.11953
11453	0.34279
11454	0.25028
11455	0.07742
11456	-0.01905
11457	-0.17212
11458	-0.12180
11459	-0.17529
11460	-0.22252
11461	-0.12798
11462	-0.10783
11463	-0.15511
11464	-0.13823
11465	-0.03668
11466	-0.04012
11467	0.00540
11468	0.00203
11469	0.01852
11470	0.03819
11471	0.03272
11472	0.00719
11473	-0.01060
11474	-0.01061
11475	-0.00971
11476	-0.02915
11477	-0.05902
11478	-0.07431
11479	-0.06948
11480	-0.03726
11481	0.00837
11482	0.02222
11483	0.00717
11484	-0.00282
11485	-0.01405
11486	-0.03236
11487	-0.04136
11488	-0.03905
11489	-0.02951
11490	-0.01717
11491	-0.01254
11492	-0.01813
11493	-0.03031
11494	-0.03765
11495	-0.02854
11496	-0.01934
11497	-0.02475
11498	-0.03091
11499	-0.03439
11500	-0.03917
11501	-0.03898
11502	-0.03626
11503	-0.03491
11504	-0.03847
11505	-0.03983
11506	-0.03713
11507	-0.04200
11508	0.07825
11509	-0.06142
11510	0.07994
11511	0.10050
11512	0.11151
11513	0.53472
11514	0.45290
11515	0.44116
11516	0.98603
11517	0.65476
11518	0.32971
11519	0.65770
11520	0.60146
11521	0.64191
11522	0.51968
11523	0.15546
11524	0.27276
11525	0.46873
11526	0.24428
11527	0.02248
11528	-0.10577
11529	-0.11309
11530	-0.01565
11531	-0.18575
11532	-0.23483
11533	-0.09510
11534	-0.09731
11535	-0.17861
11536	-0.11270
11537	-0.04197
11538	-0.05400
11539	-0.04323
11540	0.00602
11541	0.02138
11542	0.03888
11543	0.03586
11544	0.01635
11545	0.00097
11546	-0.01126
11547	-0.03075
11548	-0.05081
11549	-0.05725
11550	-0.04813
11551	-0.02970
11552	-0.01299
11553	-0.00861
11554	-0.00861
11555	-0.00210
11556	-0.00338
11557	-0.02241
11558	-0.03846
11559	-0.03624
11560	-0.02636
11561	-0.01846
11562	-0.01200
11563	-0.01038
11564	-0.01719
11565	-0.02630
11566	-0.02451
11567	-0.01244
11568	-0.01562
11569	-0.03484
11570	-0.04396
11571	-0.04520
11572	-0.04016
11573	-0.03414
11574	-0.03543
11575	-0.04188
11576	-0.04747
11577	-0.04418
11578	-0.04376
11579	-0.05376
11580	0.12085
11581	0.06921
11582	0.02902
11583	-0.03296
11584	0.22000
11585	0.37135
11586	0.34582
11587	0.89803
11588	0.96767
11589	0.40657
11590	0.39711
11591	0.70264
11592	0.73784
11593	0.71243
11594	0.42916
11595	0.26886
11596	0.39688
11597	0.30148
11598	0.15804
11599	0.02987
11600	-0.10578
11601	-0.06895
11602	-0.10871
11603	-0.21628
11604	-0.13831
11605	-0.10480
11606	-0.16195
11607	-0.13116
11608	-0.06939
11609	-0.03733
11610	-0.02891
11611	0.00201
11612	0.00883
11613	0.02989
11614	0.04292
11615	0.02718
11616	-0.00626
11617	-0.02197
11618	-0.01178
11619	-0.01165
11620	-0.03624
11621	-0.05391
11622	-0.04919
11623	-0.03792
11624	-0.01904
11625	0.01343
11626	0.03119
11627	0.01505
11628	-0.01190
11629	-0.03213
11630	-0.04514
11631	-0.04599
11632	-0.03303
11633	-0.01336
11634	-0.00173
11635	-0.00411
11636	-0.01271
11637	-0.02047
11638	-0.01691
11639	-0.01033
11640	-0.02622
11641	-0.04513
11642	-0.04384
11643	-0.04366
11644	-0.04316
11645	-0.04146
11646	-0.04006
11647	-0.04427
11648	-0.05179
11649	-0.04933
11650	-0.04651
11651	-0.05021
11652	0.09034
11653	0.05516
11654	0.01830
11655	-0.03719
11656	0.16796
11657	0.35760
11658	0.36856
11659	0.82670
11660	0.93246
11661	0.39787
11662	0.41024
11663	0.69642
11664	0.67599
11665	0.64495
11666	0.34913
11667	0.10588
11668	0.35008
11669	0.32804
11670	0.00675
11671	-0.02450
11672	-0.12408
11673	-0.19950
11674	-0.12779
11675	-0.18416
11676	-0.14597
11677	-0.07688
11678	-0.14702
11679	-0.17540
11680	-0.00126
11681	-0.02372
11682	-0.07148
11683	0.00137
11684	0.01594
11685	0.04031
11686	0.03875
11687	0.01246
11688	-0.00526
11689	-0.01046
11690	-0.01428
11691	-0.02141
11692	-0.03901
11693	-0.05457
11694	-0.04270
11695	-0.01046
11696	0.01331
11697	0.01847
11698	0.01169
11699	-0.00421
11700	-0.02233
11701	-0.03451
11702	-0.03496
11703	-0.01584
11704	0.00937
11705	0.01871
11706	0.01506
11707	0.00564
11708	-0.00934
11709	-0.01271
11710	0.00394
11711	0.00626
11712	-0.02200
11713	-0.05022
11714	-0.06250
11715	-0.06096
11716	-0.05063
11717	-0.04036
11718	-0.04002
11719	-0.05135
11720	-0.06302
11721	-0.07599
11722	0.08748
11723	0.18223
11724	0.21585
11725	-0.08841
11726	-0.05536
11727	0.43271
11728	0.27295
11729	0.63172
11730	1.14816
11731	0.54527
11732	0.34237
11733	0.68252
11734	0.58701
11735	0.63653
11736	0.59131
11737	0.22963
11738	0.35777
11739	0.45886
11740	0.12915
11741	0.06499
11742	0.06148
11743	-0.08325
11744	-0.15352
11745	-0.14904
11746	-0.15721
11747	-0.14458
11748	-0.16885
11749	-0.12142
11750	-0.11820
11751	-0.08503
11752	-0.04206
11753	-0.00913
11754	0.00135
11755	0.00676
11756	0.02696
11757	0.04266
11758	0.03096
11759	0.00362
11760	-0.00945
11761	-0.00949
11762	-0.02034
11763	-0.04371
11764	-0.06167
11765	-0.06308
11766	-0.04528
11767	-0.01564
11768	0.00651
11769	0.00810
11770	-0.00378
11771	-0.01997
11772	-0.04467
11773	-0.06698
11774	-0.05988
11775	-0.03118
11776	-0.01697
11777	-0.02132
11778	-0.02390
11779	-0.03227
11780	-0.05139
11781	-0.04939
11782	-0.02656
11783	-0.02320
11784	-0.03726
11785	-0.03884
11786	-0.03563
11787	-0.03670
11788	-0.04015
11789	-0.03918
11790	-0.03509
11791	-0.03371
11792	-0.03326
11793	-0.04471
11794	0.01744
11795	0.09877
11796	0.17721
11797	0.04275
11798	-0.07026
11799	0.31181
11800	0.35469
11801	0.54549
11802	1.01811
11803	0.67370
11804	0.33554
11805	0.58203
11806	0.65396
11807	0.72903
11808	0.63878
11809	0.23977
11810	0.29930
11811	0.46995
11812	0.29037
11813	0.03517
11814	-0.03819
11815	-0.08164
11816	-0.06203
11817	-0.17102
11818	-0.20087
11819	-0.08977
11820	-0.17049
11821	-0.14994
11822	-0.08927
11823	-0.09509
11824	-0.05712
11825	0.03319
11826	0.00447
11827	0.01724
11828	0.03711
11829	0.04674
11830	0.03584
11831	0.01549
11832	0.00104
11833	-0.01133
11834	-0.03608
11835	-0.06823
11836	-0.08217
11837	-0.06340
11838	-0.02914
11839	-0.00724
11840	-0.00224
11841	-0.00524
11842	-0.01342
11843	-0.02391
11844	-0.03599
11845	-0.04166
11846	-0.02703
11847	-0.00774
11848	-0.00450
11849	-0.00305
11850	0.00309
11851	-0.00171
11852	-0.00839
11853	0.00298
11854	0.01154
11855	-0.00956
11856	-0.03492
11857	-0.03521
11858	-0.02797
11859	-0.02288
11860	-0.02144
11861	-0.02395
11862	-0.02957
11863	-0.03637
11864	-0.03685
11865	-0.03877
11866	-0.04775
11867	-0.03193
11868	0.08627
11869	0.07850
11870	0.00891
11871	0.12339
11872	0.31069
11873	0.38129
11874	0.79998
11875	0.96411
11876	0.45960
11877	0.39425
11878	0.67991
11879	0.63541
11880	0.64818
11881	0.47909
11882	0.25987
11883	0.31489
11884	0.29601
11885	0.08744
11886	-0.00678
11887	-0.09340
11888	-0.12168
11889	-0.13619
11890	-0.19699
11891	-0.13289
11892	-0.10483
11893	-0.15244
11894	-0.15032
11895	-0.08715
11896	-0.02849
11897	-0.03685
11898	-0.03869
11899	0.00740
11900	0.02390
11901	0.03719
11902	0.02840
11903	0.00686
11904	-0.01025
11905	-0.03115
11906	-0.05661
11907	-0.06634
11908	-0.05811
11909	-0.04173
11910	-0.01961
11911	-0.00896
11912	-0.01859
11913	-0.02131
11914	-0.01081
11915	-0.01442
11916	-0.03623
11917	-0.04984
11918	-0.04383
11919	-0.03158
11920	-0.02009
11921	-0.01143
11922	-0.01389
11923	-0.02291
11924	-0.01756
11925	-0.00054
11926	-0.00610
11927	-0.03668
11928	-0.05280
11929	-0.05197
11930	-0.04759
11931	-0.04301
11932	-0.04283
11933	-0.04124
11934	-0.04288
11935	-0.04049
11936	-0.03181
11937	-0.03151
11938	-0.04126
11939	-0.00122
11940	0.11921
11941	0.10478
11942	0.07524
11943	0.25207
11944	0.31777
11945	0.40160
11946	0.77679
11947	0.78571
11948	0.45584
11949	0.51162
11950	0.66523
11951	0.59203
11952	0.51586
11953	0.31435
11954	0.21027
11955	0.34422
11956	0.19555
11957	-0.01663
11958	-0.06564
11959	-0.09399
11960	-0.12862
11961	-0.15402
11962	-0.14489
11963	-0.11441
11964	-0.10776
11965	-0.15012
11966	-0.13220
11967	-0.01307
11968	-0.01401
11969	-0.03215
11970	0.00900
11971	0.02197
11972	0.03805
11973	0.03148
11974	-0.00408
11975	-0.03575
11976	-0.03374
11977	-0.01749
11978	-0.02357
11979	-0.04241
11980	-0.03498
11981	-0.00897
11982	0.00296
11983	0.00296
11984	-0.00140
11985	-0.01109
11986	-0.02044
11987	-0.02915
11988	-0.03204
11989	-0.02265
11990	-0.01166
11991	-0.00588
11992	-0.00332
11993	-0.00411
11994	-0.00747
11995	-0.01359
11996	-0.01997
11997	-0.02585
11998	-0.03512
11999	-0.04315
12000	-0.04705
12001	-0.04715
12002	-0.04414
12003	-0.04106
12004	-0.04092
12005	-0.04715
12006	-0.04714
12007	-0.04034
12008	-0.04082
12009	-0.04524
12010	0.05555
12011	-0.01314
12012	-0.01320
12013	0.02899
12014	0.33299
12015	0.32820
12016	0.39995
12017	0.88633
12018	0.83486
12019	0.37085
12020	0.59268
12021	0.74706
12022	0.64002
12023	0.59074
12024	0.32056
12025	0.27965
12026	0.35916
12027	0.16435
12028	0.03713
12029	0.04012
12030	-0.14385
12031	-0.14548
12032	-0.16012
12033	-0.17930
12034	-0.10220
12035	-0.11935
12036	-0.11089
12037	-0.11478
12038	-0.02244
12039	-0.05912
12040	0.01823
12041	0.00652
12042	0.02306
12043	0.03823
12044	0.02997
12045	0.01223
12046	0.00558
12047	0.00177
12048	-0.01221
12049	-0.04054
12050	-0.07441
12051	-0.09016
12052	-0.07434
12053	-0.03564
12054	-0.00087
12055	0.01147
12056	0.00724
12057	-0.00650
12058	-0.02665
12059	-0.04538
12060	-0.05066
12061	-0.03393
12062	-0.01029
12063	-0.00364
12064	-0.01088
12065	-0.01839
12066	-0.02645
12067	-0.03207
12068	-0.03114
12069	-0.03372
12070	-0.03899
12071	-0.03990
12072	-0.03919
12073	-0.03767
12074	-0.03739
12075	-0.03844
12076	-0.04534
12077	-0.04773
12078	-0.04236
12079	-0.04552
12080	0.09838
12081	0.13557
12082	0.12369
12083	-0.02447
12084	-0.01532
12085	0.31844
12086	0.39175
12087	0.49989
12088	1.00311
12089	0.76152
12090	0.34161
12091	0.54954
12092	0.60594
12093	0.64595
12094	0.65891
12095	0.23648
12096	0.13925
12097	0.39826
12098	0.20786
12099	0.05236
12100	-0.01999
12101	-0.14702
12102	-0.12502
12103	-0.14330
12104	-0.19325
12105	-0.11375
12106	-0.12211
12107	-0.17728
12108	-0.10956
12109	-0.03930
12110	-0.05728
12111	0.00492
12112	0.00396
12113	0.01637
12114	0.03241
12115	0.03062
12116	0.01121
12117	-0.00544
12118	-0.00925
12119	-0.01090
12120	-0.02603
12121	-0.04982
12122	-0.06358
12123	-0.05924
12124	-0.03988
12125	-0.01247
12126	0.00873
12127	0.01190
12128	0.00038
12129	-0.01724
12130	-0.03054
12131	-0.02905
12132	-0.01653
12133	-0.01396
12134	-0.02997
12135	-0.03947
12136	-0.02992
12137	-0.02805
12138	-0.04017
12139	-0.04276
12140	-0.03788
12141	-0.03425
12142	-0.02878
12143	-0.03022
12144	-0.03762
12145	-0.04148
12146	-0.04059
12147	-0.04147
12148	-0.04371
12149	-0.04238
12150	-0.04623
12151	-0.05957
12152	0.05845
12153	0.11155
12154	0.07365
12155	0.02074
12156	0.25637
12157	0.22967
12158	0.24639
12159	0.87391
12160	0.80234
12161	0.43085
12162	0.51887
12163	0.51103
12164	0.64054
12165	0.66781
12166	0.25243
12167	0.21176
12168	0.41586
12169	0.21498
12170	0.05576
12171	-0.03230
12172	-0.11516
12173	-0.10144
12174	-0.19098
12175	-0.19983
12176	-0.09432
12177	-0.14632
12178	-0.12260
12179	-0.13990
12180	-0.07208
12181	-0.00841
12182	-0.06059
12183	0.00651
12184	0.02128
12185	0.04118
12186	0.03755
12187	0.01578
12188	0.00076
12189	-0.00922
12190	-0.02729
12191	-0.05196
12192	-0.06999
12193	-0.07415
12194	-0.06461
12195	-0.03887
12196	-0.00728
12197	0.00797
12198	0.00665
12199	0.00247
12200	-0.00678
12201	-0.02601
12202	-0.04293
12203	-0.03856
12204	-0.01466
12205	0.00364
12206	0.00072
12207	-0.01786
12208	-0.03672
12209	-0.03288
12210	-0.00997
12211	-0.01016
12212	-0.03814
12213	-0.05480
12214	-0.05545
12215	-0.04883
12216	-0.04078
12217	-0.03795
12218	-0.03953
12219	-0.04565
12220	-0.04511
12221	-0.03974
12222	-0.04271
12223	0.00352
12224	0.03682
12225	0.11903
12226	0.00136
12227	0.06007
12228	0.47233
12229	0.46820
12230	0.59670
12231	1.02631
12232	0.61550
12233	0.35900
12234	0.65710
12235	0.59043
12236	0.68089
12237	0.57923
12238	0.26673
12239	0.27182
12240	0.32450
12241	0.16488
12242	0.04558
12243	-0.10621
12244	-0.14882
12245	-0.07232
12246	-0.18484
12247	-0.16534
12248	-0.11430
12249	-0.15411
12250	-0.11595
12251	-0.11158
12252	-0.04483
12253	-0.01438
12254	0.00336
12255	0.01322
12256	0.03442
12257	0.04162
12258	0.02331
12259	-0.00253
12260	-0.01907
12261	-0.02868
12262	-0.04179
12263	-0.06027
12264	-0.06980
12265	-0.05488
12266	-0.02528
12267	-0.00306
12268	0.00604
12269	0.00295
12270	-0.00987
12271	-0.01778
12272	-0.01972
12273	-0.02677
12274	-0.02497
12275	-0.00820
12276	-0.00153
12277	-0.00726
12278	-0.01073
12279	-0.02012
12280	-0.02954
12281	-0.01756
12282	-0.00288
12283	-0.01403
12284	-0.03428
12285	-0.03998
12286	-0.03435
12287	-0.02921
12288	-0.03068
12289	-0.03454
12290	-0.03874
12291	-0.03884
12292	-0.04246
12293	-0.05713
12294	0.15847
12295	0.10453
12296	-0.04332
12297	0.02486
12298	0.18412
12299	0.39880
12300	0.36718
12301	0.72949
12302	0.90945
12303	0.44828
12304	0.40342
12305	0.64780
12306	0.60964
12307	0.66160
12308	0.45648
12309	0.17373
12310	0.37767
12311	0.35768
12312	0.07629
12313	-0.00838
12314	-0.08265
12315	-0.06109
12316	-0.11069
12317	-0.25985
12318	-0.11772
12319	-0.01059
12320	-0.15595
12321	-0.13687
12322	-0.07400
12323	-0.00111
12324	-0.03170
12325	0.00580
12326	0.01465
12327	0.02999
12328	0.03769
12329	0.02818
12330	0.00947
12331	-0.00783
12332	-0.02075
12333	-0.03220
12334	-0.05051
12335	-0.06802
12336	-0.06210
12337	-0.03514
12338	-0.00686
12339	0.01027
12340	0.00977
12341	-0.00211
12342	-0.00674
12343	-0.00831
12344	-0.02520
12345	-0.03654
12346	-0.01552
12347	0.01277
12348	0.01760
12349	0.00213
12350	-0.01968
12351	-0.02833
12352	-0.01048
12353	0.00734
12354	-0.00747
12355	-0.03706
12356	-0.05234
12357	-0.05252
12358	-0.04221
12359	-0.03395
12360	-0.03566
12361	-0.04515
12362	-0.05269
12363	-0.05596
12364	-0.06301
12365	0.06134
12366	0.15625
12367	0.03588
12368	-0.14733
12369	0.07283
12370	0.36102
12371	0.27597
12372	0.64818
12373	1.07532
12374	0.57970
12375	0.39380
12376	0.64385
12377	0.71446
12378	0.79192
12379	0.57065
12380	0.20743
12381	0.31918
12382	0.38765
12383	0.15714
12384	0.02237
12385	-0.06288
12386	-0.05258
12387	-0.10686
12388	-0.22725
12389	-0.12634
12390	-0.08373
12391	-0.17082
12392	-0.11367
12393	-0.09503
12394	-0.09426
12395	-0.00192
12396	0.00268
12397	0.00331
12398	0.01961
12399	0.03801
12400	0.03996
12401	0.02414
12402	0.00509
12403	-0.00789
12404	-0.02077
12405	-0.03986
12406	-0.05906
12407	-0.06456
12408	-0.04373
12409	-0.00839
12410	0.01045
12411	0.00939
12412	0.00673
12413	-0.00400
12414	-0.02690
12415	-0.03750
12416	-0.04047
12417	-0.04547
12418	-0.02487
12419	0.00975
12420	0.01689
12421	0.00181
12422	-0.01120
12423	-0.01307
12424	-0.00159
12425	0.00349
12426	-0.02113
12427	-0.05310
12428	-0.06424
12429	-0.06150
12430	-0.05380
12431	-0.04804
12432	-0.04272
12433	-0.04621
12434	-0.05402
12435	-0.05534
12436	-0.05932
12437	-0.01336
12438	0.09728
12439	0.10358
12440	0.00945
12441	0.09413
12442	0.28467
12443	0.28560
12444	0.63436
12445	1.00055
12446	0.61261
12447	0.40334
12448	0.60680
12449	0.65915
12450	0.71120
12451	0.51932
12452	0.27672
12453	0.30578
12454	0.39132
12455	0.18966
12456	-0.03592
12457	-0.06752
12458	-0.01760
12459	-0.10318
12460	-0.22298
12461	-0.17290
12462	-0.11888
12463	-0.11666
12464	-0.16895
12465	-0.12465
12466	-0.04916
12467	-0.03003
12468	0.00683
12469	0.00558
12470	0.02049
12471	0.03624
12472	0.03228
12473	0.01526
12474	0.00237
12475	-0.00356
12476	-0.01301
12477	-0.03260
12478	-0.05003
12479	-0.05810
12480	-0.05793
12481	-0.03682
12482	-0.00193
12483	0.01837
12484	0.02174
12485	0.01297
12486	-0.01081
12487	-0.03169
12488	-0.03361
12489	-0.02335
12490	-0.00796
12491	0.00502
12492	0.00837
12493	0.00585
12494	0.00260
12495	0.00074
12496	0.00321
12497	-0.00264
12498	-0.02828
12499	-0.04798
12500	-0.04684
12501	-0.04018
12502	-0.03505
12503	-0.03680
12504	-0.03917
12505	-0.04434
12506	-0.04850
12507	-0.04571
12508	-0.04559
12509	-0.04893
12510	0.02320
12511	0.11734
12512	0.04413
12513	-0.01661
12514	0.26776
12515	0.34639
12516	0.31289
12517	0.85982
12518	0.97008
12519	0.38335
12520	0.41447
12521	0.69596
12522	0.69874
12523	0.61330
12524	0.38101
12525	0.23518
12526	0.41320
12527	0.28887
12528	0.01051
12529	-0.00149
12530	-0.05494
12531	-0.03893
12532	-0.12659
12533	-0.22752
12534	-0.15050
12535	-0.08468
12536	-0.16942
12537	-0.14008
12538	-0.05281
12539	-0.01795
12540	-0.03039
12541	0.00629
12542	0.01920
12543	0.04103
12544	0.04196
12545	0.01289
12546	-0.01096
12547	-0.00880
12548	-0.01293
12549	-0.04338
12550	-0.06995
12551	-0.06705
12552	-0.04878
12553	-0.02936
12554	-0.01295
12555	-0.00800
12556	-0.00728
12557	-0.00994
12558	-0.03407
12559	-0.05811
12560	-0.04308
12561	-0.00581
12562	0.01333
12563	0.01066
12564	0.00690
12565	0.00733
12566	0.00156
12567	-0.00288
12568	-0.00053
12569	-0.01189
12570	-0.03225
12571	-0.03942
12572	-0.03893
12573	-0.03878
12574	-0.04018
12575	-0.04173
12576	-0.04674
12577	-0.05335
12578	-0.05041
12579	-0.04286
12580	-0.04080
12581	-0.00924
12582	-0.06237
12583	-0.00204
12584	0.06762
12585	0.16919
12586	0.32181
12587	0.16655
12588	0.55203
12589	1.18333
12590	0.72407
12591	0.25656
12592	0.62324
12593	0.79048
12594	0.67912
12595	0.52642
12596	0.30634
12597	0.36646
12598	0.46679
12599	0.23455
12600	0.04906
12601	0.00085
12602	0.01457
12603	-0.06253
12604	-0.21385
12605	-0.15349
12606	-0.06636
12607	-0.10502
12608	-0.14045
12609	-0.13566
12610	-0.06726
12611	0.02118
12612	-0.04999
12613	0.00429
12614	0.01639
12615	0.03919
12616	0.04798
12617	0.02986
12618	0.00430
12619	-0.01236
12620	-0.03066
12621	-0.05513
12622	-0.06555
12623	-0.05529
12624	-0.04293
12625	-0.03244
12626	-0.01857
12627	-0.01397
12628	-0.01943
12629	-0.01729
12630	-0.02118
12631	-0.04466
12632	-0.05881
12633	-0.04911
12634	-0.02844
12635	-0.00708
12636	-0.00058
12637	-0.01466
12638	-0.02847
12639	-0.02556
12640	-0.02054
12641	-0.03132
12642	-0.04885
12643	-0.05241
12644	-0.04581
12645	-0.04056
12646	-0.03903
12647	-0.04104
12648	-0.03745
12649	-0.03656
12650	-0.03641
12651	-0.03621
12652	-0.05029
12653	0.05893
12654	0.09357
12655	0.17299
12656	0.05371
12657	-0.02467
12658	0.36877
12659	0.41907
12660	0.62489
12661	1.05630
12662	0.68998
12663	0.28961
12664	0.56677
12665	0.69216
12666	0.65549
12667	0.50062
12668	0.20540
12669	0.31936
12670	0.46434
12671	0.19744
12672	0.02760
12673	-0.02881
12674	-0.00033
12675	-0.09240
12676	-0.20882
12677	-0.15361
12678	-0.12375
12679	-0.13850
12680	-0.15272
12681	-0.12020
12682	-0.07626
12683	-0.04819
12684	-0.02132
12685	0.00144
12686	0.01515
12687	0.03453
12688	0.03306
12689	0.01256
12690	-0.00043
12691	-0.00495
12692	-0.01379
12693	-0.03486
12694	-0.06722
12695	-0.08138
12696	-0.05623
12697	-0.02070
12698	-0.00296
12699	-0.00325
12700	-0.01169
12701	-0.01702
12702	-0.01735
12703	-0.02424
12704	-0.04054
12705	-0.04298
12706	-0.02169
12707	-0.00220
12708	-0.00150
12709	-0.01863
12710	-0.04232
12711	-0.03881
12712	-0.01049
12713	-0.01187
12714	-0.03614
12715	-0.03527
12716	-0.02892
12717	-0.03377
12718	-0.03664
12719	-0.03926
12720	-0.04100
12721	-0.04353
12722	-0.04718
12723	-0.05837
12724	0.01541
12725	0.08724
12726	0.00782
12727	0.01737
12728	0.05393
12729	0.25494
12730	0.39973
12731	0.45300
12732	0.81304
12733	0.86848
12734	0.43477
12735	0.36090
12736	0.72419
12737	0.81731
12738	0.66216
12739	0.44982
12740	0.28288
12741	0.37252
12742	0.38853
12743	0.15655
12744	-0.02652
12745	0.04313
12746	-0.01482
12747	-0.15695
12748	-0.20481
12749	-0.14049
12750	-0.03786
12751	-0.15564
12752	-0.17453
12753	-0.05257
12754	-0.01068
12755	-0.01543
12756	0.00826
12757	0.00863
12758	0.02620
12759	0.04338
12760	0.03337
12761	0.00647
12762	-0.00862
12763	-0.00859
12764	-0.01020
12765	-0.02808
12766	-0.05667
12767	-0.07561
12768	-0.07175
12769	-0.03412
12770	0.01740
12771	0.03409
12772	0.01740
12773	-0.00063
12774	-0.02136
12775	-0.04740
12776	-0.05568
12777	-0.03623
12778	-0.00855
12779	0.00752
12780	0.00338
12781	-0.01728
12782	-0.03214
12783	-0.02205
12784	-0.00490
12785	-0.01574
12786	-0.04320
12787	-0.05062
12788	-0.04631
12789	-0.04481
12790	-0.04445
12791	-0.04264
12792	-0.04060
12793	-0.04503
12794	-0.04667
12795	-0.04839
12796	-0.05637
12797	0.04682
12798	0.10577
12799	0.12972
12800	-0.13338
12801	-0.02602
12802	0.35559
12803	0.43440
12804	0.89347
12805	1.06900
12806	0.52628
12807	0.43140
12808	0.66901
12809	0.70746
12810	0.70036
12811	0.54616
12812	0.23536
12813	0.20325
12814	0.21151
12815	0.09209
12816	0.04039
12817	-0.10927
12818	-0.13712
12819	-0.13854
12820	-0.20004
12821	-0.14011
12822	-0.11590
12823	-0.13236
12824	-0.12846
12825	-0.06418
12826	-0.02828
12827	-0.02760
12828	0.00125
12829	0.01213
12830	0.03038
12831	0.02440
12832	0.00041
12833	-0.00941
12834	-0.00069
12835	0.00794
12836	-0.00162
12837	-0.02795
12838	-0.04921
12839	-0.04897
12840	-0.02063
12841	0.02079
12842	0.03930
12843	0.02926
12844	0.01729
12845	0.00335
12846	-0.02470
12847	-0.04316
12848	-0.03218
12849	-0.01024
12850	0.00281
12851	0.01040
12852	0.01839
12853	0.01550
12854	-0.00008
12855	-0.00027
12856	0.01662
12857	0.01159
12858	-0.01733
12859	-0.04199
12860	-0.05449
12861	-0.05328
12862	-0.04893
12863	-0.04452
12864	-0.04575
12865	-0.05382
12866	-0.05891
12867	-0.06151
12868	0.05442
12869	0.04332
12870	0.11476
12871	0.03758
12872	0.14087
12873	0.40031
12874	0.27824
12875	0.53291
12876	1.05830
12877	0.69380
12878	0.47008
12879	0.71571
12880	0.64839
12881	0.63960
12882	0.62347
12883	0.34569
12884	0.31783
12885	0.35694
12886	0.12518
12887	0.06295
12888	0.01405
12889	-0.08270
12890	-0.07281
12891	-0.22281
12892	-0.20242
12893	-0.07416
12894	-0.13605
12895	-0.16759
12896	-0.10557
12897	-0.05226
12898	-0.00876
12899	0.00583
12900	0.01148
12901	0.03204
12902	0.04238
12903	0.02677
12904	0.00910
12905	0.00574
12906	-0.00101
12907	-0.02057
12908	-0.04387
12909	-0.06375
12910	-0.07597
12911	-0.07449
12912	-0.05456
12913	-0.02489
12914	-0.00369
12915	0.00383
12916	-0.00265
12917	-0.03094
12918	-0.06376
12919	-0.06286
12920	-0.03607
12921	-0.02386
12922	-0.02711
12923	-0.02024
12924	-0.00753
12925	-0.01478
12926	-0.03708
12927	-0.03864
12928	-0.01923
12929	-0.01213
12930	-0.01937
12931	-0.02398
12932	-0.02559
12933	-0.02842
12934	-0.03179
12935	-0.03087
12936	-0.02955
12937	-0.02998
12938	-0.03237
12939	-0.04202
12940	-0.05418
12941	0.04484
12942	0.15894
12943	0.11678
12944	0.07544
12945	0.33429
12946	0.34953
12947	0.44695
12948	0.98425
12949	0.85985
12950	0.36075
12951	0.51344
12952	0.65125
12953	0.69959
12954	0.58004
12955	0.22912
12956	0.35142
12957	0.47989
12958	0.19443
12959	0.07812
12960	-0.04845
12961	-0.10344
12962	-0.03759
12963	-0.21074
12964	-0.20331
12965	-0.05848
12966	-0.13447
12967	-0.17793
12968	-0.08886
12969	-0.08262
12970	-0.01018
12971	0.00485
12972	0.00795
12973	0.02309
12974	0.03435
12975	0.02163
12976	0.00196
12977	0.00007
12978	0.00525
12979	-0.00570
12980	-0.03970
12981	-0.08083
12982	-0.10368
12983	-0.09193
12984	-0.05373
12985	-0.01473
12986	0.00804
12987	0.00924
12988	0.00277
12989	0.00092
12990	-0.01788
12991	-0.04642
12992	-0.03586
12993	-0.00012
12994	0.00961
12995	0.00495
12996	0.00985
12997	0.00281
12998	-0.01744
12999	-0.01749
13000	-0.00634
13001	-0.01220
13002	-0.02606
13003	-0.03472
13004	-0.03759
13005	-0.03430
13006	-0.03489
13007	-0.04083
13008	-0.04670
13009	-0.04759
13010	-0.04159
13011	-0.03479
13012	-0.03894
13013	-0.07562
13014	0.03661
13015	0.09271
13016	0.15976
13017	0.28059
13018	0.39381
13019	0.42871
13020	0.69904
13021	0.89548
13022	0.52912
13023	0.54656
13024	0.62456
13025	0.63264
13026	0.59684
13027	0.38663
13028	0.18980
13029	0.32289
13030	0.38293
13031	0.05525
13032	-0.06903
13033	-0.08362
13034	-0.13001
13035	-0.14930
13036	-0.20445
13037	-0.11914
13038	-0.10700
13039	-0.15607
13040	-0.13683
13041	-0.03225
13042	-0.01617
13043	-0.07343
13044	0.01101
13045	0.03107
13046	0.04031
13047	0.02196
13048	-0.00031
13049	-0.00811
13050	-0.01751
13051	-0.03862
13052	-0.06292
13053	-0.08130
13054	-0.08343
13055	-0.06164
13056	-0.02651
13057	-0.00303
13058	-0.00590
13059	-0.02039
13060	-0.02425
13061	-0.02935
13062	-0.04661
13063	-0.04601
13064	-0.02218
13065	-0.00532
13066	0.00258
13067	0.00792
13068	-0.00149
13069	-0.01701
13070	-0.01033
13071	0.00396
13072	-0.00976
13073	-0.03077
13074	-0.03196
13075	-0.03109
13076	-0.03357
13077	-0.03956
13078	-0.04133
13079	-0.04076
13080	-0.04040
13081	-0.03887
13082	-0.04891
13083	-0.06301
13084	0.04248
13085	0.11133
13086	0.06909
13087	-0.08115
13088	0.24409
13089	0.32499
13090	0.40208
13091	0.97363
13092	0.87103
13093	0.34526
13094	0.47035
13095	0.66584
13096	0.62835
13097	0.59416
13098	0.29215
13099	0.19956
13100	0.41041
13101	0.18691
13102	-0.04667
13103	-0.03288
13104	-0.08726
13105	-0.14365
13106	-0.17142
13107	-0.19513
13108	-0.13341
13109	-0.11030
13110	-0.16294
13111	-0.11754
13112	-0.02541
13113	-0.04204
13114	0.01075
13115	0.01088
13116	0.02227
13117	0.03405
13118	0.02809
13119	0.00824
13120	-0.00577
13121	-0.00464
13122	-0.00420
13123	-0.03102
13124	-0.07626
13125	-0.09202
13126	-0.06395
13127	-0.02737
13128	-0.00122
13129	0.02273
13130	0.02590
13131	-0.00649
13132	-0.04185
13133	-0.05217
13134	-0.03922
13135	-0.01391
13136	0.00450
13137	0.00614
13138	-0.00274
13139	-0.01705
13140	-0.02733
13141	-0.02399
13142	-0.01949
13143	-0.02538
13144	-0.03035
13145	-0.03496
13146	-0.04241
13147	-0.04267
13148	-0.03893
13149	-0.03752
13150	-0.04227
13151	-0.04306
13152	-0.03564
13153	-0.03329
13154	-0.04241
13155	0.05303
13156	-0.02810
13157	0.13197
13158	0.01332
13159	0.15196
13160	0.52106
13161	0.39772
13162	0.70322
13163	1.00110
13164	0.48611
13165	0.61134
13166	0.81863
13167	0.66952
13168	0.71013
13169	0.51079
13170	0.25844
13171	0.37200
13172	0.31760
13173	0.10907
13174	0.04452
13175	-0.14227
13176	-0.14500
13177	-0.10519
13178	-0.19997
13179	-0.13918
13180	-0.09348
13181	-0.17014
13182	-0.09131
13183	-0.04449
13184	-0.04226
13185	0.00919
13186	0.01148
13187	0.02849
13188	0.04165
13189	0.03016
13190	0.00287
13191	-0.01550
13192	-0.01888
13193	-0.02138
13194	-0.03324
13195	-0.04992
13196	-0.06377
13197	-0.06099
13198	-0.03357
13199	-0.00482
13200	0.00240
13201	0.00017
13202	0.00302
13203	-0.00174
13204	-0.01402
13205	-0.00600
13206	0.01591
13207	0.02044
13208	0.01403
13209	0.00747
13210	-0.01346
13211	-0.03738
13212	-0.02945
13213	-0.00774
13214	-0.01408
13215	-0.03542
13216	-0.04080
13217	-0.03454
13218	-0.03145
13219	-0.03657
13220	-0.04238
13221	-0.04202
13222	-0.03879
13223	-0.03671
13224	-0.03787
13225	-0.04500
13226	0.10457
13227	-0.01942
13228	0.02346
13229	-0.01013
13230	0.12026
13231	0.43419
13232	0.35928
13233	0.59358
13234	0.92328
13235	0.51986
13236	0.33264
13237	0.58944
13238	0.64600
13239	0.65574
13240	0.50241
13241	0.17419
13242	0.31362
13243	0.35121
13244	0.22009
13245	0.06033
13246	-0.10386
13247	-0.09193
13248	-0.08327
13249	-0.20405
13250	-0.17308
13251	-0.06872
13252	-0.14449
13253	-0.14521
13254	-0.10533
13255	-0.05346
13256	-0.03697
13257	-0.00293
13258	0.00839
13259	0.02465
13260	0.03762
13261	0.02748
13262	0.00910
13263	0.00232
13264	-0.00274
13265	-0.01996
13266	-0.04561
13267	-0.07099
13268	-0.08157
13269	-0.05628
13270	-0.01433
13271	0.00087
13272	-0.00235
13273	0.00087
13274	-0.00190
13275	-0.01317
13276	-0.02139
13277	-0.03317
13278	-0.03291
13279	-0.00186
13280	0.01988
13281	0.00345
13282	-0.02668
13283	-0.04338
13284	-0.03042
13285	-0.00569
13286	-0.00960
13287	-0.03744
13288	-0.05388
13289	-0.05417
13290	-0.04800
13291	-0.03955
13292	-0.03611
13293	-0.03914
13294	-0.04330
13295	-0.04165
13296	-0.04016
13297	-0.04785
13298	-0.02540
13299	0.01833
13300	0.09424
13301	0.02357
13302	0.17659
13303	0.51894
13304	0.43577
13305	0.65238
13306	0.84523
13307	0.59665
13308	0.61859
13309	0.69470
13310	0.60724
13311	0.63169
13312	0.45939
13313	0.25206
13314	0.47779
13315	0.43275
13316	0.08235
13317	-0.01015
13318	-0.03130
13319	-0.12327
13320	-0.13825
13321	-0.17417
13322	-0.17655
13323	-0.09119
13324	-0.15832
13325	-0.14403
13326	-0.10926
13327	-0.02503
13328	-0.00721
13329	0.00443
13330	0.00691
13331	0.02120
13332	0.03462
13333	0.02600
13334	0.00070
13335	-0.01354
13336	-0.00722
13337	-0.00297
13338	-0.02556
13339	-0.05719
13340	-0.06743
13341	-0.06003
13342	-0.03651
13343	-0.00348
13344	0.01320
13345	0.01155
13346	0.00508
13347	-0.00906
13348	-0.03057
13349	-0.03696
13350	-0.01802
13351	0.00397
13352	0.00727
13353	-0.00376
13354	-0.01524
13355	-0.02471
13356	-0.02505
13357	-0.01354
13358	-0.01305
13359	-0.02707
13360	-0.03265
13361	-0.03304
13362	-0.03341
13363	-0.03196
13364	-0.03302
13365	-0.03547
13366	-0.03794
13367	-0.03505
13368	-0.03433
13369	-0.04707
13370	-0.05769
13371	0.02094
13372	0.10502
13373	0.04624
13374	0.06962
13375	0.40102
13376	0.42322
13377	0.58924
13378	0.90049
13379	0.56214
13380	0.41823
13381	0.59266
13382	0.61411
13383	0.63381
13384	0.48712
13385	0.21500
13386	0.34820
13387	0.39833
13388	0.12615
13389	0.00555
13390	-0.09126
13391	-0.08511
13392	-0.09210
13393	-0.22128
13394	-0.16477
13395	-0.09155
13396	-0.14917
13397	-0.14732
13398	-0.09294
13399	-0.04243
13400	-0.03599
13401	-0.02763
13402	0.00810
13403	0.02366
13404	0.03487
13405	0.02575
13406	0.01182
13407	0.00872
13408	0.00555
13409	-0.01089
13410	-0.04087
13411	-0.07486
13412	-0.09209
13413	-0.07389
13414	-0.02986
13415	0.00068
13416	-0.00386
13417	-0.02454
13418	-0.04166
13419	-0.05130
13420	-0.05253
13421	-0.04283
13422	-0.02667
13423	-0.01865
13424	-0.01520
13425	-0.00555
13426	-0.00696
13427	-0.02521
13428	-0.03038
13429	-0.01634
13430	-0.01034
13431	-0.01867
13432	-0.02827
13433	-0.03550
13434	-0.03723
13435	-0.03604
13436	-0.03303
13437	-0.03346
13438	-0.03636
13439	-0.03404
13440	-0.04051
13441	-0.05972
13442	0.03690
13443	0.13959
13444	0.03047
13445	-0.10110
13446	0.12293
13447	0.26562
13448	0.32820
13449	0.86638
13450	0.85137
13451	0.35614
13452	0.50388
13453	0.63628
13454	0.65032
13455	0.68419
13456	0.38833
13457	0.22963
13458	0.39943
13459	0.31229
13460	0.08470
13461	-0.01043
13462	-0.09349
13463	-0.12613
13464	-0.14167
13465	-0.21038
13466	-0.14983
13467	-0.14054
13468	-0.15484
13469	-0.16511
13470	-0.12829
13471	-0.04218
13472	-0.00829
13473	0.00403
13474	0.00998
13475	0.02474
13476	0.02807
13477	0.01338
13478	-0.00000
13479	-0.00375
13480	-0.01132
13481	-0.03221
13482	-0.06059
13483	-0.08170
13484	-0.08134
13485	-0.05953
13486	-0.03186
13487	-0.00602
13488	0.01426
13489	0.01802
13490	0.00554
13491	-0.01321
13492	-0.02493
13493	-0.01486
13494	0.00256
13495	0.00451
13496	0.00703
13497	0.01622
13498	0.00547
13499	-0.01432
13500	-0.00079
13501	0.03041
13502	0.02571
13503	-0.00974
13504	-0.03364
13505	-0.04140
13506	-0.04287
13507	-0.04426
13508	-0.04758
13509	-0.04946
13510	-0.04912
13511	-0.04962
13512	-0.06130
13513	0.09147
13514	-0.02949
13515	-0.00030
13516	0.03248
13517	0.12141
13518	0.40578
13519	0.22259
13520	0.37756
13521	0.96288
13522	0.69279
13523	0.43751
13524	0.64116
13525	0.60268
13526	0.71696
13527	0.68328
13528	0.26579
13529	0.37472
13530	0.49817
13531	0.22466
13532	0.02705
13533	-0.03766
13534	-0.07828
13535	-0.08247
13536	-0.21912
13537	-0.19313
13538	-0.08433
13539	-0.13957
13540	-0.17442
13541	-0.12163
13542	-0.06165
13543	-0.03820
13544	0.00900
13545	0.00713
13546	0.02040
13547	0.03294
13548	0.02872
13549	0.01970
13550	0.01777
13551	0.01476
13552	-0.00059
13553	-0.03115
13554	-0.06509
13555	-0.08403
13556	-0.07258
13557	-0.02582
13558	0.02108
13559	0.02758
13560	0.01394
13561	0.00760
13562	-0.01036
13563	-0.04610
13564	-0.06248
13565	-0.03391
13566	0.00373
13567	0.00625
13568	-0.00571
13569	-0.00483
13570	-0.00992
13571	-0.01815
13572	0.00071
13573	0.02097
13574	0.00486
13575	-0.02100
13576	-0.02958
13577	-0.02981
13578	-0.02738
13579	-0.02691
13580	-0.02796
13581	-0.03418
13582	-0.04177
13583	-0.04864
13584	-0.06257
13585	0.02073
13586	0.05175
13587	0.14338
13588	-0.03615
13589	0.04119
13590	0.43270
13591	0.25810
13592	0.50307
13593	0.97051
13594	0.70938
13595	0.41269
13596	0.49219
13597	0.56289
13598	0.67420
13599	0.50877
13600	0.23031
13601	0.30062
13602	0.41821
13603	0.22851
13604	0.00383
13605	-0.12250
13606	-0.09397
13607	-0.10165
13608	-0.20624
13609	-0.17492
13610	-0.15421
13611	-0.13922
13612	-0.13040
13613	-0.12543
13614	-0.06534
13615	-0.02152
13616	0.00904
13617	0.00688
13618	0.01727
13619	0.03386
13620	0.03129
13621	0.00549
13622	-0.01657
13623	-0.02136
13624	-0.02255
13625	-0.03228
13626	-0.04510
13627	-0.04855
13628	-0.03785
13629	-0.02117
13630	-0.01227
13631	-0.00934
13632	-0.00285
13633	-0.00154
13634	-0.01853
13635	-0.04298
13636	-0.04831
13637	-0.02690
13638	-0.00721
13639	-0.01127
13640	-0.01956
13641	-0.01797
13642	-0.02783
13643	-0.04419
13644	-0.03090
13645	-0.00917
13646	-0.01714
13647	-0.03139
13648	-0.03412
13649	-0.03563
13650	-0.04055
13651	-0.04464
13652	-0.04280
13653	-0.04211
13654	-0.04727
13655	-0.06277
13656	0.09062
13657	0.04075
13658	0.10361
13659	-0.03339
13660	-0.02779
13661	0.40332
13662	0.40241
13663	0.58264
13664	0.88044
13665	0.53715
13666	0.41246
13667	0.58774
13668	0.61861
13669	0.69528
13670	0.48774
13671	0.16766
13672	0.28545
13673	0.39636
13674	0.15746
13675	0.01745
13676	-0.09065
13677	-0.13543
13678	-0.10867
13679	-0.16473
13680	-0.18745
13681	-0.11536
13682	-0.11226
13683	-0.18743
13684	-0.13571
13685	-0.03543
13686	-0.06180
13687	0.01198
13688	0.01095
13689	0.01833
13690	0.03428
13691	0.03609
13692	0.02134
13693	0.01018
13694	0.00456
13695	-0.00882
13696	-0.03921
13697	-0.07896
13698	-0.09975
13699	-0.08079
13700	-0.03698
13701	-0.00189
13702	0.01309
13703	0.01655
13704	0.00539
13705	-0.02125
13706	-0.03883
13707	-0.03180
13708	-0.01298
13709	0.00314
13710	0.00676
13711	0.00151
13712	-0.00134
13713	-0.00822
13714	-0.01319
13715	-0.00152
13716	0.00140
13717	-0.01859
13718	-0.03005
13719	-0.02933
13720	-0.02927
13721	-0.02887
13722	-0.03084
13723	-0.03512
13724	-0.04197
13725	-0.04569
13726	-0.04446
13727	-0.04596
13728	-0.05896
13729	-0.03203
13730	-0.03477
13731	0.01198
13732	0.17744
13733	0.38086
13734	0.39292
13735	0.33056
13736	0.76334
13737	0.88089
13738	0.43070
13739	0.54066
13740	0.78559
13741	0.74488
13742	0.52890
13743	0.29351
13744	0.30595
13745	0.55879
13746	0.37425
13747	0.02743
13748	-0.07412
13749	-0.12710
13750	-0.06149
13751	-0.13273
13752	-0.19515
13753	-0.11923
13754	-0.11434
13755	-0.12979
13756	-0.09531
13757	-0.10177
13758	-0.03476
13759	0.00656
13760	0.00121
13761	0.00448
13762	0.02214
13763	0.03814
13764	0.03457
13765	0.01663
13766	-0.00023
13767	-0.01948
13768	-0.05161
13769	-0.07481
13770	-0.06703
13771	-0.04970
13772	-0.03749
13773	-0.02437
13774	-0.00728
13775	0.01379
13776	0.02040
13777	-0.00039
13778	-0.02303
13779	-0.02372
13780	-0.00767
13781	0.00618
13782	0.00406
13783	-0.00435
13784	-0.01381
13785	-0.03261
13786	-0.04435
13787	-0.03121
13788	-0.01795
13789	-0.02852
13790	-0.04732
13791	-0.05455
13792	-0.05374
13793	-0.05105
13794	-0.04842
13795	-0.04797
13796	-0.05224
13797	-0.05329
13798	-0.04824
13799	-0.04989
13800	-0.06038
13801	-0.03029
13802	-0.05470
13803	0.01363
13804	0.08943
13805	0.34587
13806	0.43423
13807	0.55567
13808	0.86114
13809	0.69664
13810	0.49203
13811	0.68859
13812	0.67702
13813	0.66339
13814	0.59633
13815	0.29184
13816	0.24467
13817	0.44425
13818	0.29333
13819	0.00874
13820	-0.11158
13821	-0.09840
13822	-0.05643
13823	-0.21549
13824	-0.20926
13825	-0.10259
13826	-0.14931
13827	-0.11806
13828	-0.16821
13829	-0.04132
13830	-0.02478
13831	-0.03983
13832	0.00905
13833	0.01751
13834	0.03005
13835	0.02580
13836	0.00776
13837	0.00046
13838	0.00742
13839	0.00608
13840	-0.01885
13841	-0.05282
13842	-0.06928
13843	-0.05468
13844	-0.01635
13845	0.01659
13846	0.02484
13847	0.01992
13848	0.01225
13849	-0.00465
13850	-0.02858
13851	-0.03985
13852	-0.02713
13853	-0.00202
13854	0.01637
13855	0.02055
13856	0.01990
13857	0.01902
13858	0.01164
13859	0.00882
13860	0.01896
13861	0.01840
13862	-0.00349
13863	-0.02630
13864	-0.04070
13865	-0.04560
13866	-0.04413
13867	-0.04297
13868	-0.04416
13869	-0.05095
13870	-0.05840
13871	-0.07024
13872	0.00907
13873	0.07201
13874	0.08277
13875	0.00788
13876	-0.09860
13877	0.20185
13878	0.45100
13879	0.57027
13880	0.87372
13881	0.75562
13882	0.47342
13883	0.54997
13884	0.71267
13885	0.72121
13886	0.58909
13887	0.31807
13888	0.31069
13889	0.43105
13890	0.27133
13891	0.01738
13892	-0.05463
13893	-0.09677
13894	-0.12698
13895	-0.17695
13896	-0.17249
13897	-0.18607
13898	-0.12664
13899	-0.12952
13900	-0.13839
13901	-0.05345
13902	-0.06966
13903	-0.00902
13904	0.00405
13905	0.00702
13906	0.02677
13907	0.03941
13908	0.02769
13909	0.01232
13910	0.01280
13911	0.00943
13912	-0.01984
13913	-0.05805
13914	-0.07096
13915	-0.06128
13916	-0.04737
13917	-0.02795
13918	-0.00370
13919	0.01351
13920	0.01390
13921	-0.00264
13922	-0.02809
13923	-0.05335
13924	-0.06428
13925	-0.05058
13926	-0.02891
13927	-0.02184
13928	-0.02514
13929	-0.02756
13930	-0.03024
13931	-0.02691
13932	-0.01221
13933	-0.00735
13934	-0.01802
13935	-0.02058
13936	-0.02171
13937	-0.02794
13938	-0.03282
13939	-0.03295
13940	-0.02867
13941	-0.03176
13942	-0.03719
13943	-0.04173
13944	-0.05550
13945	0.00816
13946	-0.03202
13947	0.14847
13948	0.14679
13949	0.05289
13950	0.30479
13951	0.27268
13952	0.43660
13953	1.02154
13954	0.67583
13955	0.24827
13956	0.55289
13957	0.74091
13958	0.71705
13959	0.46601
13960	0.20570
13961	0.38350
13962	0.53086
13963	0.17907
13964	-0.02090
13965	-0.03580
13966	-0.03101
13967	-0.06703
13968	-0.18048
13969	-0.18366
13970	-0.11543
13971	-0.13259
13972	-0.15222
13973	-0.12297
13974	-0.05613
13975	-0.03370
13976	0.00819
13977	0.00546
13978	0.01598
13979	0.03657
13980	0.04102
13981	0.02016
13982	0.00097
13983	-0.00236
13984	-0.00811
13985	-0.02917
13986	-0.05086
13987	-0.06000
13988	-0.05112
13989	-0.01564
13990	0.01988
13991	0.02404
13992	0.01273
13993	-0.00395
13994	-0.02204
13995	-0.02317
13996	-0.01752
13997	-0.01849
13998	-0.01193
13999	0.00659
14000	0.01760
14001	0.01299
14002	0.00315
14003	-0.00954
14004	-0.01609
14005	-0.01025
14006	-0.01263
14007	-0.02139
14008	-0.02807
14009	-0.04041
14010	-0.04623
14011	-0.04898
14012	-0.04615
14013	-0.04440
14014	-0.04839
14015	-0.04966
14016	-0.05544
14017	-0.06293
14018	0.10701
14019	0.21520
14020	0.03517
14021	-0.10366
14022	0.25358
14023	0.37906
14024	0.49965
14025	0.89873
14026	0.77330
14027	0.44799
14028	0.49101
14029	0.55662
14030	0.69624
14031	0.61624
14032	0.28207
14033	0.22592
14034	0.38980
14035	0.26535
14036	0.03800
14037	-0.10965
14038	-0.18009
14039	-0.07968
14040	-0.14836
14041	-0.22398
14042	-0.15235
14043	-0.14197
14044	-0.17479
14045	-0.13179
14046	-0.05201
14047	-0.05032
14048	-0.01963
14049	0.00357
14050	0.00900
14051	0.02317
14052	0.02590
14053	0.00919
14054	-0.00471
14055	-0.00219
14056	-0.00650
14057	-0.03789
14058	-0.06928
14059	-0.06880
14060	-0.05104
14061	-0.03053
14062	-0.00626
14063	0.00414
14064	-0.00356
14065	-0.00604
14066	-0.01255
14067	-0.04120
14068	-0.05930
14069	-0.04688
14070	-0.03008
14071	-0.02182
14072	-0.01830
14073	-0.02385
14074	-0.04160
14075	-0.05405
14076	-0.04147
14077	-0.02398
14078	-0.02967
14079	-0.03974
14080	-0.03676
14081	-0.03887
14082	-0.03995
14083	-0.04005
14084	-0.04215
14085	-0.04262
14086	-0.04087
14087	-0.03677
14088	-0.03991
14089	-0.05127
14090	0.10176
14091	0.07342
14092	0.03780
14093	0.13352
14094	0.21220
14095	0.28607
14096	0.37365
14097	0.75900
14098	0.95107
14099	0.47785
14100	0.38371
14101	0.67657
14102	0.67525
14103	0.50163
14104	0.41158
14105	0.25943
14106	0.35084
14107	0.25998
14108	0.01464
14109	-0.05114
14110	-0.14605
14111	-0.14531
14112	-0.16512
14113	-0.17004
14114	-0.15552
14115	-0.12743
14116	-0.14014
14117	-0.12707
14118	-0.06821
14119	0.00518
14120	0.00824
14121	0.00965
14122	0.02191
14123	0.03385
14124	0.03253
14125	0.02873
14126	0.02826
14127	0.01739
14128	-0.00507
14129	-0.02985
14130	-0.05167
14131	-0.06480
14132	-0.06339
14133	-0.04025
14134	0.00164
14135	0.02754
14136	0.01500
14137	-0.00719
14138	-0.01593
14139	-0.02079
14140	-0.02247
14141	-0.00977
14142	0.00513
14143	0.00140
14144	-0.00806
14145	-0.00812
14146	-0.01511
14147	-0.03138
14148	-0.03119
14149	-0.01721
14150	-0.01627
14151	-0.02541
14152	-0.03297
14153	-0.04058
14154	-0.04231
14155	-0.04038
14156	-0.03969
14157	-0.04220
14158	-0.04299
14159	-0.03973
14160	-0.04484
14161	-0.06006
14162	0.03285
14163	0.04256
14164	0.10697
14165	0.08829
14166	0.28409
14167	0.32576
14168	0.35881
14169	0.82068
14170	0.73135
14171	0.40638
14172	0.51522
14173	0.48085
14174	0.55557
14175	0.58202
14176	0.23997
14177	0.21840
14178	0.44322
14179	0.21557
14180	0.01307
14181	-0.04908
14182	-0.14380
14183	-0.10021
14184	-0.19327
14185	-0.18927
14186	-0.12051
14187	-0.15529
14188	-0.14856
14189	-0.12575
14190	-0.05884
14191	-0.01910
14192	-0.03941
14193	0.00480
14194	0.01161
14195	0.03589
14196	0.04430
14197	0.02383
14198	0.00112
14199	-0.00953
14200	-0.02043
14201	-0.04124
14202	-0.06690
14203	-0.07876
14204	-0.06012
14205	-0.02581
14206	-0.00849
14207	-0.01220
14208	-0.01130
14209	-0.00172
14210	-0.01024
14211	-0.03718
14212	-0.05014
14213	-0.03495
14214	-0.01098
14215	-0.00352
14216	-0.00991
14217	-0.00793
14218	-0.00101
14219	-0.00960
14220	-0.02202
14221	-0.02008
14222	-0.01963
14223	-0.02502
14224	-0.02510
14225	-0.02891
14226	-0.03572
14227	-0.03811
14228	-0.03766
14229	-0.03921
14230	-0.04323
14231	-0.04671
14232	-0.05915
14233	0.01258
14234	0.10055
14235	0.05019
14236	-0.02958
14237	0.04533
14238	0.17166
14239	0.24864
14240	0.46586
14241	0.91202
14242	0.75517
14243	0.30347
14244	0.41918
14245	0.75950
14246	0.77448
14247	0.44715
14248	0.29960
14249	0.39180
14250	0.46623
14251	0.26391
14252	-0.04569
14253	-0.05477
14254	0.00468
14255	-0.10338
14256	-0.16013
14257	-0.16824
14258	-0.17659
14259	-0.13780
14260	-0.12344
14261	-0.14746
14262	-0.09077
14263	-0.02956
14264	-0.01408
14265	0.00488
14266	0.01168
14267	0.02772
14268	0.03636
14269	0.02908
14270	0.01429
14271	0.00471
14272	-0.00272
14273	-0.02786
14274	-0.06321
14275	-0.07404
14276	-0.05930
14277	-0.04097
14278	-0.01619
14279	0.01515
14280	0.02182
14281	-0.00374
14282	-0.02719
14283	-0.03427
14284	-0.03447
14285	-0.02686
14286	-0.01052
14287	0.00306
14288	0.00679
14289	0.00889
14290	0.01257
14291	0.00352
14292	-0.01464
14293	-0.01173
14294	0.00041
14295	-0.01548
14296	-0.03823
14297	-0.03734
14298	-0.03441
14299	-0.03622
14300	-0.04103
14301	-0.04554
14302	-0.04768
14303	-0.04857
14304	-0.04820
14305	-0.05636
14306	0.05420
14307	-0.01182
14308	0.14853
14309	0.07696
14310	0.02544
14311	0.44483
14312	0.34140
14313	0.53474
14314	1.07850
14315	0.65605
14316	0.39606
14317	0.60068
14318	0.66801
14319	0.73067
14320	0.43245
14321	0.11945
14322	0.40076
14323	0.54895
14324	0.19914
14325	-0.02278
14326	-0.16979
14327	-0.09015
14328	-0.07748
14329	-0.20357
14330	-0.13994
14331	-0.12879
14332	-0.16392
14333	-0.11841
14334	-0.05912
14335	-0.08839
14336	-0.01513
14337	0.00694
14338	0.00400
14339	0.01505
14340	0.03012
14341	0.02867
14342	0.01320
14343	0.00448
14344	-0.00119
14345	-0.02341
14346	-0.05148
14347	-0.06109
14348	-0.06069
14349	-0.06330
14350	-0.05322
14351	-0.01856
14352	0.02066
14353	0.03326
14354	0.00546
14355	-0.03879
14356	-0.05146
14357	-0.03170
14358	-0.02195
14359	-0.02518
14360	-0.02324
14361	-0.02231
14362	-0.02609
14363	-0.02913
14364	-0.03631
14365	-0.04724
14366	-0.04860
14367	-0.03936
14368	-0.02992
14369	-0.02466
14370	-0.02621
14371	-0.03523
14372	-0.04419
14373	-0.04712
14374	-0.04582
14375	-0.04349
14376	-0.03902
14377	-0.03308
14378	-0.03296
14379	-0.04214
14380	0.01323
14381	0.05476
14382	0.05554
14383	-0.00216
14384	0.31645
14385	0.50721
14386	0.37635
14387	0.85037
14388	0.79387
14389	0.32888
14390	0.58579
14391	0.76278
14392	0.59235
14393	0.51897
14394	0.27931
14395	0.29527
14396	0.55686
14397	0.28034
14398	-0.05063
14399	-0.08182
14400	-0.01684
14401	-0.07755
14402	-0.18034
14403	-0.21618
14404	-0.10926
14405	-0.11035
14406	-0.21241
14407	-0.11659
14408	-0.02440
14409	-0.05994
14410	0.00941
14411	0.01310
14412	0.01452
14413	0.02548
14414	0.03367
14415	0.02519
14416	0.00556
14417	-0.01031
14418	-0.01636
14419	-0.02153
14420	-0.04182
14421	-0.07064
14422	-0.07814
14423	-0.05478
14424	-0.02299
14425	-0.00027
14426	0.01577
14427	0.02048
14428	0.00737
14429	-0.01443
14430	-0.03319
14431	-0.03437
14432	-0.01068
14433	0.01516
14434	0.01760
14435	0.00273
14436	-0.01384
14437	-0.03231
14438	-0.04115
14439	-0.02888
14440	-0.01873
14441	-0.02220
14442	-0.02810
14443	-0.03559
14444	-0.04065
14445	-0.04052
14446	-0.03932
14447	-0.03894
14448	-0.03926
14449	-0.03813
14450	-0.04063
14451	-0.04958
14452	-0.02624
14453	0.04791
14454	0.10826
14455	-0.00229
14456	0.01095
14457	0.35587
14458	0.38969
14459	0.55155
14460	0.86700
14461	0.59902
14462	0.42631
14463	0.66601
14464	0.55401
14465	0.57507
14466	0.53732
14467	0.22318
14468	0.28667
14469	0.34275
14470	0.11547
14471	-0.00744
14472	-0.05834
14473	-0.08461
14474	-0.10081
14475	-0.21966
14476	-0.17697
14477	-0.06708
14478	-0.16025
14479	-0.19581
14480	-0.07592
14481	-0.03499
14482	-0.05918
14483	-0.00892
14484	0.00262
14485	0.01127
14486	0.02955
14487	0.03599
14488	0.02395
14489	0.01471
14490	0.01657
14491	0.01075
14492	-0.01571
14493	-0.05217
14494	-0.07538
14495	-0.07253
14496	-0.05119
14497	-0.02721
14498	-0.01074
14499	-0.00505
14500	-0.01688
14501	-0.03818
14502	-0.04427
14503	-0.04513
14504	-0.05502
14505	-0.04532
14506	-0.01588
14507	-0.00698
14508	-0.01905
14509	-0.02885
14510	-0.03611
14511	-0.03677
14512	-0.02710
14513	-0.02745
14514	-0.03998
14515	-0.04474
14516	-0.04516
14517	-0.04394
14518	-0.03508
14519	-0.02721
14520	-0.02712
14521	-0.03309
14522	-0.03361
14523	-0.02737
14524	-0.02565
14525	-0.03372
14526	-0.03964
14527	0.10737
14528	0.06038
14529	0.03608
14530	0.34636
14531	0.44844
14532	0.31881
14533	0.72352
14534	0.90720
14535	0.52879
14536	0.54997
14537	0.63383
14538	0.61772
14539	0.61694
14540	0.47364
14541	0.33466
14542	0.40214
14543	0.29663
14544	0.10535
14545	-0.00701
14546	0.00682
14547	0.04871
14548	-0.08696
14549	-0.24413
14550	-0.15259
14551	-0.04603
14552	-0.14769
14553	-0.13543
14554	-0.06307
14555	-0.05846
14556	-0.03209
14557	-0.03024
14558	-0.04000
14559	0.01046
14560	0.00609
14561	0.01105
14562	0.01605
14563	0.01268
14564	0.00553
14565	-0.00821
14566	-0.02635
14567	-0.04050
14568	-0.05728
14569	-0.07080
14570	-0.06037
14571	-0.03721
14572	-0.03031
14573	-0.03503
14574	-0.02766
14575	-0.01434
14576	-0.01219
14577	-0.01802
14578	-0.02520
14579	-0.02746
14580	-0.02077
14581	-0.01401
14582	-0.01121
14583	-0.01716
14584	-0.03189
14585	-0.03323
14586	-0.02436
14587	-0.02968
14588	-0.04110
14589	-0.04248
14590	-0.03810
14591	-0.03516
14592	-0.03429
14593	-0.03801
14594	-0.04146
14595	-0.03888
14596	-0.03377
14597	-0.03045
14598	-0.02671
14599	-0.02309
14600	-0.02081
14601	-0.00548
14602	0.03364
14603	0.04867
14604	-0.00900
14605	-0.06280
14606	-0.04168
14607	0.00973
14608	0.03727
14609	0.01548
14610	-0.02989
14611	-0.04951
14612	-0.03067
14613	-0.00546
14614	-0.00115
14615	-0.01395
14616	-0.02898
14617	-0.03672
14618	-0.03335
14619	-0.02036
14620	-0.01060
14621	-0.00850
14622	-0.00124
14623	0.01036
14624	0.01224
14625	0.00497
14626	-0.00126
14627	-0.00497
14628	-0.00612
14629	-0.00227
14630	0.00340
14631	0.00789
14632	0.01174
14633	0.01454
14634	0.01585
14635	0.01570
14636	0.01268
14637	0.00608
14638	-0.00251
14639	-0.00843
14640	-0.00711
14641	-0.00151
14642	0.00370
14643	0.00439
14644	-0.00888
14645	-0.02610
14646	-0.03062
14647	-0.02961
14648	-0.02908
14649	-0.02466
14650	-0.02761
14651	-0.03876
14652	-0.03528
14653	-0.02143
14654	-0.02268
14655	-0.03384
14656	-0.03806
14657	-0.04120
14658	-0.04318
14659	-0.03200
14660	-0.01964
14661	-0.02127
14662	-0.03083
14663	-0.03707
14664	-0.02896
14665	-0.01328
14666	-0.01089
14667	-0.01798
14668	-0.01888
14669	-0.01867
14670	-0.02752
14671	-0.03752
14672	-0.03631
14673	-0.02918
14674	-0.02706
14675	-0.02898
14676	-0.02940
14677	-0.02781
14678	-0.02676
14679	-0.02531
14680	-0.02012
14681	-0.00465
14682	0.02247
14683	0.03203
14684	0.00537
14685	-0.02305
14686	-0.01940
14687	0.00062
14688	0.00790
14689	-0.00483
14690	-0.02747
14691	-0.03424
14692	-0.02226
14693	-0.01319
14694	-0.01271
14695	-0.00859
14696	-0.00006
14697	0.00210
14698	-0.00527
14699	-0.01666
14700	-0.02221
14701	-0.01787
14702	-0.01085
14703	-0.00705
14704	-0.00553
14705	-0.00365
14706	-0.00032
14707	0.00243
14708	0.00238
14709	0.00099
14710	0.00014
14711	-0.00066
14712	-0.00145
14713	-0.00130
14714	-0.00066
14715	-0.00107
14716	-0.00254
14717	-0.00312
14718	-0.00345
14719	-0.00507
14720	-0.00576
14721	-0.00515
14722	-0.00686
14723	-0.01083
14724	-0.01270
14725	-0.01078
14726	-0.00630
14727	0.00007
14728	0.00975
14729	0.02240
14730	0.02939
14731	0.02404
14732	0.01040
14733	-0.00969
14734	-0.03343
14735	-0.03992
14736	-0.01500
14737	0.01573
14738	0.02266
14739	0.02219
14740	0.03902
14741	0.05083
14742	0.03267
14743	0.00996
14744	0.00950
14745	0.02204
14746	0.03521
14747	0.04668
14748	0.05131
14749	0.04651
14750	0.04266
14751	0.04714
14752	0.05367
14753	0.04904
14754	0.02970
14755	0.01760
14756	0.02371
14757	0.02830
14758	0.02235
14759	0.01226
14760	0.00079
14761	-0.00954
14762	-0.01610
14763	-0.01921
14764	-0.02125
14765	-0.02458
14766	-0.02988
14767	-0.03674
14768	-0.04329
14769	-0.04713
14770	-0.04570
14771	-0.03730
14772	-0.02415
14773	-0.00987
14774	-0.00323
14775	-0.10816
14776	-0.29339
14777	-0.10107
14778	0.22369
14779	0.14099
14780	-0.03100
14781	-0.02212
14782	0.23356
14783	0.29557
14784	0.23793
14785	0.38671
14786	0.52090
14787	0.29564
14788	0.27749
14789	0.50678
14790	0.51988
14791	0.42513
14792	0.39983
14793	0.35309
14794	0.35710
14795	0.26625
14796	0.26205
14797	0.36383
14798	0.25588
14799	0.14217
14800	0.13637
14801	0.11124
14802	0.20750
14803	0.11710
14804	-0.03242
14805	0.02734
14806	0.00452
14807	0.00628
14808	0.04157
14809	-0.03553
14810	0.01665
14811	0.01366
14812	-0.09728
14813	-0.06132
14814	-0.00846
14815	-0.04986
14816	-0.06128
14817	-0.09237
14818	-0.11289
14819	-0.03304
14820	-0.07500
14821	-0.14960
14822	-0.09516
14823	-0.15471
14824	-0.15998
14825	-0.11591
14826	-0.18341
14827	-0.15092
14828	-0.12127
14829	-0.15470
14830	-0.17314
14831	-0.11282
14832	-0.11584
14833	-0.12828
14834	-0.11655
14835	-0.11175
14836	-0.09827
14837	-0.12330
14838	-0.12178
14839	-0.05027
14840	-0.11218
14841	-0.06947
14842	-0.09338
14843	-0.07340
14844	-0.00742
14845	-0.03809
14846	-0.05382
14847	-0.06487
14848	-0.03562
14849	0.01587
14850	-0.01267
14851	-0.00763
14852	0.00281
14853	0.00893
14854	0.01921
14855	0.03755
14856	0.05583
14857	0.06208
14858	0.04888
14859	0.02899
14860	0.02203
14861	0.02849
14862	0.03621
14863	0.04194
14864	0.04850
14865	0.04842
14866	0.03916
14867	0.03334
14868	0.03832
14869	0.04822
14870	0.04959
14871	0.03682
14872	0.01865
14873	0.00319
14874	-0.00608
14875	-0.01095
14876	-0.01610
14877	-0.02054
14878	-0.02243
14879	-0.02304
14880	-0.02178
14881	-0.01723
14882	-0.01497
14883	-0.02029
14884	-0.02858
14885	-0.03378
14886	-0.03444
14887	-0.03114
14888	-0.02526
14889	-0.01866
14890	-0.01004
14891	-0.03051
14892	-0.07930
14893	-0.10640
14894	-0.16229
14895	-0.00325
14896	0.14986
14897	-0.03784
14898	-0.07941
14899	0.08884
14900	0.16662
14901	0.11902
14902	0.13699
14903	0.27845
14904	0.28530
14905	0.09832
14906	0.12762
14907	0.28862
14908	0.27141
14909	0.19925
14910	0.20353
14911	0.22442
14912	0.21646
14913	0.24005
14914	0.27982
14915	0.26151
14916	0.17225
14917	0.16521
14918	0.18391
14919	0.15483
14920	0.18701
14921	0.22257
14922	0.12966
14923	0.10981
14924	0.13814
14925	0.10705
14926	0.10639
14927	0.08447
14928	0.07524
14929	0.09484
14930	0.00060
14931	0.04164
14932	0.08039
14933	0.05579
14934	0.04347
14935	0.00774
14936	0.00378
14937	0.02601
14938	0.02245
14939	0.00377
14940	-0.00618
14941	-0.01344
14942	-0.00723
14943	-0.02394
14944	-0.00355
14945	-0.02511
14946	-0.05176
14947	-0.05125
14948	-0.08301
14949	-0.05400
14950	-0.07648
14951	-0.10921
14952	-0.07369
14953	-0.11221
14954	-0.11857
14955	-0.08893
14956	-0.11424
14957	-0.14045
14958	-0.10553
14959	-0.08680
14960	-0.12215
14961	-0.14580
14962	-0.06277
14963	-0.02110
14964	-0.14208
14965	-0.13150
14966	0.01435
14967	-0.03722
14968	-0.11007
14969	-0.00236
14970	-0.02041
14971	-0.07693
14972	-0.03615
14973	0.02074
14974	0.02723
14975	-0.01116
14976	-0.00439
14977	0.01745
14978	0.03587
14979	0.02971
14980	0.00990
14981	0.00726
14982	0.02632
14983	0.03984
14984	0.03890
14985	0.03985
14986	0.03843
14987	0.02900
14988	0.02729
14989	0.03146
14990	0.03221
14991	0.03705
14992	0.04041
14993	0.03284
14994	0.02770
14995	0.03073
14996	0.02699
14997	0.01354
14998	0.00400
14999	0.00554
15000	0.00918
15001	0.00451
15002	-0.00360
15003	-0.00809
15004	-0.01233
15005	-0.01706
15006	-0.01769
15007	-0.01286
15008	-0.00554
15009	-0.00266
15010	-0.00779
15011	-0.01639
15012	-0.02408
15013	-0.02970
15014	-0.03064
15015	-0.02619
15016	-0.02154
15017	-0.01956
15018	-0.01494
15019	-0.01015
15020	-0.05757
15021	-0.14041
15022	-0.08544
15023	0.02640
15024	0.00819
15025	0.06330
15026	0.03240
15027	0.01565
15028	0.10659
15029	0.10178
15030	0.15663
15031	0.27994
15032	0.23745
15033	0.21230
15034	0.23334
15035	0.28465
15036	0.36636
15037	0.35361
15038	0.27119
15039	0.26624
15040	0.25730
15041	0.26488
15042	0.32356
15043	0.34599
15044	0.24664
15045	0.17468
15046	0.21224
15047	0.22756
15048	0.20661
15049	0.15982
15050	0.14593
15051	0.12003
15052	0.07861
15053	0.07066
15054	0.09625
15055	0.10109
15056	0.06076
15057	0.05156
15058	0.00140
15059	0.03327
15060	0.06148
15061	0.03031
15062	0.01899
15063	-0.00958
15064	-0.02185
15065	0.02343
15066	0.06288
15067	-0.01555
15068	-0.03686
15069	-0.02670
15070	-0.01365
15071	-0.03706
15072	-0.05816
15073	-0.05325
15074	-0.04799
15075	-0.12377
15076	-0.10268
15077	-0.06546
15078	-0.11902
15079	-0.11031
15080	-0.10506
15081	-0.09644
15082	-0.13715
15083	-0.14002
15084	-0.10614
15085	-0.11784
15086	-0.15388
15087	-0.09146
15088	-0.08790
15089	-0.17463
15090	-0.10704
15091	-0.09886
15092	-0.12227
15093	-0.11230
15094	-0.10892
15095	-0.05718
15096	-0.10698
15097	-0.08304
15098	-0.00913
15099	-0.07210
15100	-0.08633
15101	-0.00643
15102	-0.00572
15103	-0.03790
15104	-0.01307
15105	-0.00614
15106	0.00218
15107	0.00450
15108	0.00643
15109	0.01291
15110	0.02149
15111	0.02681
15112	0.02535
15113	0.01838
15114	0.01504
15115	0.02438
15116	0.03899
15117	0.03942
15118	0.02739
15119	0.02518
15120	0.03017
15121	0.02853
15122	0.02969
15123	0.03540
15124	0.03120
15125	0.01737
15126	0.00494
15127	0.00111
15128	0.00608
15129	0.00999
15130	0.00839
15131	0.00926
15132	0.01162
15133	0.00438
15134	-0.01026
15135	-0.01644
15136	-0.01192
15137	-0.01191
15138	-0.01647
15139	-0.01401
15140	-0.00889
15141	-0.00929
15142	-0.01381
15143	-0.01950
15144	-0.02384
15145	-0.02551
15146	-0.02560
15147	-0.02459
15148	-0.02062
15149	-0.01284
15150	0.00037
15151	-0.05654
15152	-0.07252
15153	-0.02834
15154	0.03616
15155	0.02244
15156	-0.06336
15157	-0.00770
15158	0.08312
15159	0.02277
15160	0.08615
15161	0.22700
15162	0.18616
15163	0.10928
15164	0.16919
15165	0.32438
15166	0.33350
15167	0.23369
15168	0.23203
15169	0.29920
15170	0.21818
15171	0.20042
15172	0.27894
15173	0.20698
15174	0.18880
15175	0.21661
15176	0.16607
15177	0.15906
15178	0.15163
15179	0.14109
15180	0.15733
15181	0.02261
15182	0.10565
15183	0.19520
15184	0.05355
15185	0.08143
15186	0.12391
15187	0.07010
15188	0.07010
15189	0.02504
15190	0.04149
15191	0.11125
15192	0.00195
15193	-0.02777
15194	0.09033
15195	-0.00664
15196	-0.04577
15197	0.05012
15198	-0.00164
15199	-0.00638
15200	-0.02495
15201	-0.07046
15202	0.00265
15203	-0.02797
15204	-0.08134
15205	-0.00025
15206	-0.07470
15207	-0.11305
15208	-0.04968
15209	-0.08495
15210	-0.09546
15211	-0.12572
15212	-0.12735
15213	-0.08127
15214	-0.14807
15215	-0.14629
15216	-0.11386
15217	-0.16380
15218	-0.17341
15219	-0.09447
15220	-0.12748
15221	-0.13823
15222	-0.15341
15223	-0.11059
15224	-0.04665
15225	-0.14016
15226	-0.09218
15227	-0.05907
15228	-0.10534
15229	-0.04353
15230	-0.03189
15231	-0.06332
15232	-0.02933
15233	-0.03364
15234	-0.00333
15235	0.03694
15236	0.00067
15237	-0.00302
15238	-0.00798
15239	-0.00872
15240	-0.00244
15241	0.00988
15242	0.02509
15243	0.03493
15244	0.03128
15245	0.02496
15246	0.03013
15247	0.03801
15248	0.03887
15249	0.03709
15250	0.03522
15251	0.03173
15252	0.02785
15253	0.02670
15254	0.02928
15255	0.03093
15256	0.02857
15257	0.02732
15258	0.02718
15259	0.02055
15260	0.01012
15261	0.00630
15262	0.01246
15263	0.02008
15264	0.01410
15265	-0.00332
15266	-0.01258
15267	-0.00992
15268	-0.00927
15269	-0.01564
15270	-0.02093
15271	-0.01922
15272	-0.01271
15273	-0.00805
15274	-0.00948
15275	-0.01492
15276	-0.02048
15277	-0.02380
15278	-0.02412
15279	-0.02273
15280	-0.02094
15281	-0.01777
15282	-0.01071
15283	-0.01143
15284	-0.06040
15285	-0.13795
15286	-0.05587
15287	0.13584
15288	0.02419
15289	-0.08753
15290	-0.03409
15291	0.02446
15292	0.12506
15293	0.09328
15294	0.19342
15295	0.28759
15296	0.11669
15297	0.12930
15298	0.30454
15299	0.30834
15300	0.24614
15301	0.23910
15302	0.22341
15303	0.25456
15304	0.25226
15305	0.21066
15306	0.21359
15307	0.22048
15308	0.25184
15309	0.19978
15310	0.12431
15311	0.18477
15312	0.18073
15313	0.13813
15314	0.12508
15315	0.12054
15316	0.12954
15317	0.09675
15318	0.10260
15319	0.14474
15320	0.07894
15321	0.03165
15322	0.05202
15323	0.07170
15324	0.04938
15325	0.04218
15326	0.02953
15327	0.02433
15328	0.01842
15329	0.01993
15330	0.01997
15331	0.02408
15332	-0.00001
15333	-0.04142
15334	0.00277
15335	-0.00036
15336	-0.03384
15337	-0.00818
15338	-0.02530
15339	-0.07693
15340	-0.03945
15341	-0.04967
15342	-0.07232
15343	-0.08380
15344	-0.09137
15345	-0.07248
15346	-0.10136
15347	-0.10479
15348	-0.07188
15349	-0.12294
15350	-0.13605
15351	-0.11238
15352	-0.09544
15353	-0.07720
15354	-0.12854
15355	-0.12927
15356	-0.09693
15357	-0.09178
15358	-0.08817
15359	-0.08444
15360	-0.05491
15361	-0.08823
15362	-0.06026
15363	0.00017
15364	-0.04517
15365	-0.02040
15366	-0.03958
15367	-0.05747
15368	0.02647
15369	-0.00145
15370	-0.01439
15371	-0.01580
15372	0.00469
15373	0.01947
15374	0.01377
15375	0.00853
15376	0.01817
15377	0.02907
15378	0.02666
15379	0.02519
15380	0.03522
15381	0.03777
15382	0.02976
15383	0.02917
15384	0.03926
15385	0.05021
15386	0.05232
15387	0.04632
15388	0.04007
15389	0.03389
15390	0.02740
15391	0.02415
15392	0.02221
15393	0.01803
15394	0.00910
15395	-0.00244
15396	-0.00689
15397	-0.00608
15398	-0.01271
15399	-0.02486
15400	-0.02798
15401	-0.01793
15402	-0.00717
15403	-0.00667
15404	-0.01402
15405	-0.02215
15406	-0.02741
15407	-0.02942
15408	-0.02859
15409	-0.02584
15410	-0.02226
15411	-0.01570
15412	0.02667
15413	-0.04864
15414	-0.08038
15415	-0.13535
15416	0.01190
15417	0.11506
15418	-0.01435
15419	-0.02831
15420	0.05306
15421	0.09841
15422	0.14737
15423	0.24146
15424	0.28850
15425	0.26232
15426	0.24207
15427	0.26036
15428	0.33741
15429	0.41682
15430	0.36537
15431	0.31471
15432	0.34996
15433	0.32039
15434	0.34585
15435	0.36953
15436	0.31101
15437	0.26948
15438	0.21995
15439	0.20558
15440	0.24201
15441	0.26543
15442	0.21269
15443	0.14208
15444	0.13895
15445	0.16012
15446	0.17509
15447	0.13923
15448	0.09307
15449	0.10351
15450	0.08691
15451	0.07443
15452	0.08802
15453	0.07194
15454	0.07418
15455	0.05557
15456	0.01689
15457	0.07317
15458	0.02484
15459	0.03406
15460	0.04830
15461	-0.00986
15462	0.02742
15463	0.03274
15464	-0.03436
15465	0.01042
15466	-0.00220
15467	-0.02924
15468	-0.04058
15469	-0.06887
15470	-0.02657
15471	-0.05613
15472	-0.10001
15473	-0.06131
15474	-0.05739
15475	-0.08837
15476	-0.09463
15477	-0.07241
15478	-0.07431
15479	-0.09557
15480	-0.08600
15481	-0.07746
15482	-0.09210
15483	-0.13110
15484	-0.07782
15485	-0.05506
15486	-0.13445
15487	-0.10699
15488	-0.08390
15489	-0.09511
15490	-0.07980
15491	-0.07150
15492	-0.06748
15493	-0.07697
15494	-0.08112
15495	-0.00941
15496	-0.02337
15497	-0.11363
15498	-0.00342
15499	0.01475
15500	-0.07014
15501	-0.01524
15502	0.00437
15503	-0.00610
15504	-0.01685
15505	-0.02573
15506	-0.01156
15507	0.01423
15508	0.02511
15509	0.01830
15510	0.00946
15511	0.01026
15512	0.01920
15513	0.03164
15514	0.03893
15515	0.02993
15516	0.01877
15517	0.02324
15518	0.02911
15519	0.02899
15520	0.03799
15521	0.05347
15522	0.05688
15523	0.04734
15524	0.03738
15525	0.03105
15526	0.02701
15527	0.02307
15528	0.01786
15529	0.01559
15530	0.01160
15531	-0.00086
15532	-0.01074
15533	-0.01340
15534	-0.01921
15535	-0.02513
15536	-0.02051
15537	-0.01113
15538	-0.00833
15539	-0.01247
15540	-0.01944
15541	-0.02680
15542	-0.03218
15543	-0.03360
15544	-0.02989
15545	-0.02085
15546	-0.00878
15547	0.00741
15548	-0.08940
15549	-0.11538
15550	-0.02363
15551	0.10481
15552	-0.01000
15553	-0.10952
15554	0.08106
15555	0.19365
15556	0.12992
15557	0.15151
15558	0.31370
15559	0.29418
15560	0.11287
15561	0.18808
15562	0.42299
15563	0.36775
15564	0.21922
15565	0.28144
15566	0.32451
15567	0.31518
15568	0.31017
15569	0.32510
15570	0.29102
15571	0.21382
15572	0.21248
15573	0.22052
15574	0.24060
15575	0.23586
15576	0.15828
15577	0.11229
15578	0.14979
15579	0.19053
15580	0.14722
15581	0.07016
15582	0.10886
15583	0.10420
15584	0.04851
15585	0.05259
15586	0.07945
15587	0.04270
15588	0.02418
15589	0.04587
15590	0.03844
15591	0.02306
15592	0.01571
15593	0.00134
15594	0.00155
15595	-0.03642
15596	-0.01254
15597	0.00986
15598	-0.07500
15599	-0.05154
15600	-0.00658
15601	-0.09518
15602	-0.07530
15603	-0.07702
15604	-0.10286
15605	-0.06724
15606	-0.10907
15607	-0.09515
15608	-0.06666
15609	-0.13040
15610	-0.07519
15611	-0.05700
15612	-0.14242
15613	-0.14194
15614	-0.06208
15615	-0.10388
15616	-0.15518
15617	-0.07987
15618	-0.08123
15619	-0.10886
15620	-0.09953
15621	-0.07417
15622	-0.04165
15623	-0.06280
15624	-0.09250
15625	-0.01203
15626	-0.08224
15627	-0.10169
15628	0.02953
15629	0.00732
15630	-0.06992
15631	-0.00115
15632	-0.00458
15633	-0.02883
15634	-0.01708
15635	0.01114
15636	0.02200
15637	0.01101
15638	0.00676
15639	0.01898
15640	0.02871
15641	0.02706
15642	0.02485
15643	0.02803
15644	0.03133
15645	0.02740
15646	0.02318
15647	0.03331
15648	0.04834
15649	0.05014
15650	0.04478
15651	0.04767
15652	0.05729
15653	0.05655
15654	0.04185
15655	0.02692
15656	0.01546
15657	0.00522
15658	-0.00095
15659	-0.00471
15660	-0.01068
15661	-0.01911
15662	-0.02413
15663	-0.02291
15664	-0.01917
15665	-0.01461
15666	-0.01363
15667	-0.02046
15668	-0.02975
15669	-0.03503
15670	-0.03612
15671	-0.03500
15672	-0.03019
15673	-0.01978
15674	0.00175
15675	-0.09629
15676	-0.19377
15677	-0.07602
15678	0.08578
15679	0.08546
15680	-0.06157
15681	-0.05950
15682	0.12960
15683	0.21338
15684	0.18293
15685	0.27245
15686	0.24648
15687	0.12353
15688	0.21819
15689	0.36460
15690	0.36237
15691	0.27025
15692	0.17711
15693	0.27085
15694	0.38073
15695	0.30159
15696	0.26789
15697	0.28680
15698	0.22359
15699	0.21695
15700	0.20307
15701	0.21072
15702	0.23256
15703	0.14206
15704	0.11145
15705	0.15749
15706	0.16579
15707	0.09452
15708	0.06758
15709	0.09909
15710	0.07446
15711	0.06225
15712	0.03707
15713	0.04339
15714	0.06433
15715	0.00001
15716	-0.02551
15717	0.06537
15718	0.01640
15719	-0.02125
15720	-0.01895
15721	-0.02790
15722	0.00821
15723	-0.07344
15724	-0.05720
15725	-0.01870
15726	-0.10677
15727	-0.11982
15728	-0.06269
15729	-0.11355
15730	-0.12435
15731	-0.08539
15732	-0.13331
15733	-0.10606
15734	-0.11285
15735	-0.13237
15736	-0.09181
15737	-0.11258
15738	-0.11738
15739	-0.07986
15740	-0.11796
15741	-0.15156
15742	-0.06481
15743	-0.10227
15744	-0.10240
15745	-0.07908
15746	-0.10244
15747	-0.05533
15748	-0.02510
15749	-0.05832
15750	-0.02596
15751	-0.00075
15752	-0.03331
15753	-0.04568
15754	-0.02362
15755	-0.01815
15756	-0.01575
15757	0.00244
15758	0.01600
15759	0.01044
15760	0.00337
15761	0.01785
15762	0.04057
15763	0.04469
15764	0.03539
15765	0.02886
15766	0.02829
15767	0.03198
15768	0.03181
15769	0.03083
15770	0.04356
15771	0.05883
15772	0.05438
15773	0.03923
15774	0.03653
15775	0.04516
15776	0.04560
15777	0.03121
15778	0.01797
15779	0.01506
15780	0.00908
15781	-0.00302
15782	-0.00934
15783	-0.00756
15784	-0.00776
15785	-0.01833
15786	-0.02684
15787	-0.02153
15788	-0.01099
15789	-0.00589
15790	-0.01088
15791	-0.02025
15792	-0.02489
15793	-0.02642
15794	-0.02737
15795	-0.02562
15796	-0.02146
15797	-0.01432
15798	0.01932
15799	-0.03269
15800	-0.15155
15801	-0.09575
15802	0.08810
15803	0.06979
15804	-0.11359
15805	-0.07461
15806	0.10863
15807	0.10189
15808	0.08176
15809	0.13857
15810	0.23071
15811	0.24059
15812	0.18231
15813	0.23052
15814	0.33067
15815	0.26068
15816	0.21803
15817	0.34813
15818	0.30182
15819	0.23182
15820	0.26562
15821	0.26870
15822	0.26572
15823	0.23172
15824	0.19527
15825	0.18060
15826	0.16763
15827	0.18221
15828	0.17165
15829	0.12277
15830	0.09067
15831	0.12514
15832	0.12742
15833	0.11109
15834	0.03768
15835	0.04190
15836	0.10092
15837	0.08328
15838	0.02660
15839	0.03587
15840	0.01843
15841	-0.02443
15842	0.00839
15843	0.05636
15844	0.01298
15845	-0.04369
15846	-0.02041
15847	0.01178
15848	-0.00798
15849	-0.06779
15850	-0.06077
15851	-0.00669
15852	-0.06837
15853	-0.09464
15854	-0.07032
15855	-0.10058
15856	-0.10389
15857	-0.08799
15858	-0.12306
15859	-0.13584
15860	-0.11463
15861	-0.08737
15862	-0.13100
15863	-0.14988
15864	-0.12505
15865	-0.09476
15866	-0.16046
15867	-0.19176
15868	-0.08507
15869	-0.08840
15870	-0.21687
15871	-0.10395
15872	-0.06065
15873	-0.12544
15874	-0.08744
15875	-0.08861
15876	-0.08184
15877	-0.08092
15878	-0.07199
15879	-0.03602
15880	-0.05553
15881	-0.06171
15882	-0.01857
15883	-0.01040
15884	-0.03031
15885	0.02846
15886	-0.00226
15887	-0.02804
15888	-0.00893
15889	0.01169
15890	0.00976
15891	0.00073
15892	0.00616
15893	0.01759
15894	0.01913
15895	0.01951
15896	0.02936
15897	0.03212
15898	0.02046
15899	0.01550
15900	0.02097
15901	0.02400
15902	0.03060
15903	0.04412
15904	0.04948
15905	0.04407
15906	0.04085
15907	0.03933
15908	0.02999
15909	0.01739
15910	0.01079
15911	0.00796
15912	0.00345
15913	-0.00159
15914	-0.00504
15915	-0.01108
15916	-0.02095
15917	-0.02610
15918	-0.02222
15919	-0.01340
15920	-0.00680
15921	-0.00918
15922	-0.01738
15923	-0.02404
15924	-0.02806
15925	-0.02994
15926	-0.02737
15927	-0.01986
15928	-0.01025
15929	-0.00584
15930	-0.07237
15931	-0.10325
15932	0.01491
15933	0.04169
15934	-0.00935
15935	-0.07052
15936	-0.05615
15937	0.07433
15938	0.07924
15939	0.06197
15940	0.19620
15941	0.19939
15942	0.06012
15943	0.12001
15944	0.28461
15945	0.32634
15946	0.27748
15947	0.21072
15948	0.25508
15949	0.30060
15950	0.26405
15951	0.28182
15952	0.24632
15953	0.22165
15954	0.26086
15955	0.20430
15956	0.23711
15957	0.28308
15958	0.19752
15959	0.13118
15960	0.12875
15961	0.19025
15962	0.23310
15963	0.08254
15964	0.07022
15965	0.15656
15966	0.08075
15967	0.06552
15968	0.08768
15969	0.04270
15970	0.03270
15971	0.07682
15972	-0.00352
15973	0.03604
15974	0.01834
15975	0.00896
15976	0.05234
15977	-0.04547
15978	-0.02885
15979	0.02927
15980	-0.05085
15981	-0.05287
15982	-0.02605
15983	-0.06871
15984	-0.08520
15985	-0.09183
15986	-0.11899
15987	-0.10386
15988	-0.11482
15989	-0.13488
15990	-0.13953
15991	-0.12326
15992	-0.14669
15993	-0.11059
15994	-0.11613
15995	-0.15878
15996	-0.13508
15997	-0.10463
15998	-0.11483
15999	-0.14829
16000	-0.13088
16001	-0.10526
16002	-0.08870
16003	-0.10884
16004	-0.08347
16005	-0.08379
16006	-0.09793
16007	-0.05902
16008	-0.06237
16009	-0.08316
16010	-0.04801
16011	-0.02577
16012	-0.03130
16013	-0.04600
16014	-0.01602
16015	0.00471
16016	-0.02084
16017	-0.01471
16018	-0.00470
16019	0.00525
16020	0.01495
16021	0.02428
16022	0.03082
16023	0.03063
16024	0.02759
16025	0.02659
16026	0.02440
16027	0.02154
16028	0.02243
16029	0.02679
16030	0.03075
16031	0.03338
16032	0.03886
16033	0.04615
16034	0.04999
16035	0.04573
16036	0.02990
16037	0.01300
16038	0.00687
16039	0.00523
16040	0.00746
16041	0.01572
16042	0.01274
16043	-0.00556
16044	-0.01857
16045	-0.02130
16046	-0.02564
16047	-0.02743
16048	-0.01617
16049	-0.00267
16050	-0.00246
16051	-0.01192
16052	-0.02125
16053	-0.02825
16054	-0.03275
16055	-0.03283
16056	-0.02855
16057	-0.02218
16058	-0.01365
16059	0.02731
16060	-0.06707
16061	-0.16233
16062	-0.06322
16063	0.06245
16064	0.02586
16065	-0.09344
16066	-0.03300
16067	0.12766
16068	0.08343
16069	0.04638
16070	0.26702
16071	0.32016
16072	0.11416
16073	0.11618
16074	0.31601
16075	0.37906
16076	0.27154
16077	0.24408
16078	0.28565
16079	0.25318
16080	0.25557
16081	0.31391
16082	0.29060
16083	0.21128
16084	0.16986
16085	0.17691
16086	0.20930
16087	0.22784
16088	0.14974
16089	0.11384
16090	0.10515
16091	0.12770
16092	0.14880
16093	0.07978
16094	0.07885
16095	0.11544
16096	0.01690
16097	0.04159
16098	0.09796
16099	0.03098
16100	0.02124
16101	0.02532
16102	0.00486
16103	-0.00194
16104	0.00250
16105	0.02400
16106	0.01308
16107	-0.04704
16108	-0.01848
16109	-0.03453
16110	-0.04887
16111	-0.04179
16112	-0.05922
16113	-0.08500
16114	-0.08565
16115	-0.06601
16116	-0.07411
16117	-0.14210
16118	-0.14413
16119	-0.10197
16120	-0.12481
16121	-0.13919
16122	-0.11249
16123	-0.10615
16124	-0.15730
16125	-0.16354
16126	-0.04649
16127	-0.09388
16128	-0.16809
16129	-0.10277
16130	-0.05839
16131	-0.09139
16132	-0.10086
16133	-0.06289
16134	-0.06327
16135	-0.07235
16136	-0.06533
16137	-0.01641
16138	-0.02385
16139	-0.02436
16140	-0.00156
16141	-0.06840
16142	0.00679
16143	-0.00537
16144	-0.01426
16145	-0.01058
16146	0.00309
16147	0.01004
16148	0.00292
16149	-0.00015
16150	0.01415
16151	0.02639
16152	0.02678
16153	0.03335
16154	0.04380
16155	0.04510
16156	0.04226
16157	0.03482
16158	0.02248
16159	0.02060
16160	0.03110
16161	0.03627
16162	0.03476
16163	0.03907
16164	0.04292
16165	0.03209
16166	0.01473
16167	0.00626
16168	0.00446
16169	0.00093
16170	-0.00415
16171	-0.00725
16172	-0.00855
16173	-0.01238
16174	-0.02049
16175	-0.02551
16176	-0.02029
16177	-0.00941
16178	-0.00196
16179	-0.00333
16180	-0.01115
16181	-0.01854
16182	-0.02368
16183	-0.02848
16184	-0.02971
16185	-0.02469
16186	-0.01692
16187	-0.00861
16188	0.00590
16189	-0.04975
16190	-0.12932
16191	-0.09328
16192	0.08000
16193	0.07554
16194	-0.02665
16195	-0.00778
16196	0.07596
16197	0.09676
16198	0.11399
16199	0.23361
16200	0.27761
16201	0.14444
16202	0.11585
16203	0.26290
16204	0.36893
16205	0.26137
16206	0.19333
16207	0.26823
16208	0.26371
16209	0.27325
16210	0.28545
16211	0.23817
16212	0.23686
16213	0.20278
16214	0.17766
16215	0.24699
16216	0.20432
16217	0.16387
16218	0.14632
16219	0.08192
16220	0.16407
16221	0.15046
16222	0.06435
16223	0.08239
16224	0.09208
16225	0.04687
16226	0.05757
16227	0.02978
16228	0.02242
16229	0.06331
16230	0.02883
16231	-0.02735
16232	0.01421
16233	0.00917
16234	-0.01464
16235	-0.01489
16236	-0.02578
16237	-0.01307
16238	-0.05994
16239	-0.05638
16240	-0.03015
16241	-0.04925
16242	-0.13020
16243	-0.10151
16244	-0.06129
16245	-0.12719
16246	-0.14537
16247	-0.10286
16248	-0.09532
16249	-0.13594
16250	-0.14365
16251	-0.12884
16252	-0.07728
16253	-0.11785
16254	-0.17605
16255	-0.11980
16256	-0.08245
16257	-0.10813
16258	-0.12382
16259	-0.11384
16260	-0.06719
16261	-0.10372
16262	-0.12395
16263	-0.04811
16264	-0.07434
16265	-0.11944
16266	-0.01440
16267	-0.04666
16268	-0.09631
16269	-0.05358
16270	-0.03167
16271	0.01019
16272	-0.03783
16273	-0.07240
16274	0.02746
16275	0.02488
16276	-0.02599
16277	-0.02891
16278	-0.01006
16279	0.02078
16280	0.02663
16281	0.00834
16282	-0.00363
16283	0.00635
16284	0.02192
16285	0.02379
16286	0.01965
16287	0.02512
16288	0.03746
16289	0.04177
16290	0.03130
16291	0.02066
16292	0.02567
16293	0.03886
16294	0.04763
16295	0.04883
16296	0.04014
16297	0.02665
16298	0.01915
16299	0.01654
16300	0.01380
16301	0.01078
16302	0.00325
16303	-0.00817
16304	-0.01359
16305	-0.01561
16306	-0.02406
16307	-0.02997
16308	-0.02158
16309	-0.00736
16310	-0.00100
16311	-0.00725
16312	-0.01928
16313	-0.02736
16314	-0.02993
16315	-0.02927
16316	-0.02688
16317	-0.02299
16318	-0.01600
16319	-0.00704
16320	-0.02063
16321	-0.07683
16322	-0.13921
16323	-0.04282
16324	0.04441
16325	0.05300
16326	-0.00421
16327	0.07647
16328	0.19039
16329	0.15858
16330	0.22668
16331	0.39152
16332	0.27935
16333	0.15351
16334	0.27038
16335	0.38804
16336	0.38522
16337	0.32395
16338	0.23489
16339	0.27019
16340	0.30965
16341	0.31711
16342	0.29430
16343	0.22627
16344	0.17359
16345	0.17599
16346	0.20030
16347	0.23383
16348	0.22454
16349	0.12609
16350	0.07556
16351	0.12578
16352	0.17734
16353	0.13142
16354	0.08092
16355	0.11214
16356	0.09366
16357	0.02788
16358	0.07819
16359	0.11716
16360	0.04990
16361	0.01139
16362	0.05639
16363	0.03383
16364	0.00346
16365	0.02006
16366	0.02213
16367	-0.03001
16368	-0.03852
16369	-0.02611
16370	-0.02083
16371	-0.05914
16372	-0.08738
16373	-0.03763
16374	-0.09262
16375	-0.11828
16376	-0.06232
16377	-0.11626
16378	-0.14085
16379	-0.11589
16380	-0.11594
16381	-0.10668
16382	-0.09324
16383	-0.12075
16384	-0.11611
16385	-0.13998
16386	-0.12802
16387	-0.08658
16388	-0.14504
16389	-0.14968
16390	-0.10618
16391	-0.11617
16392	-0.16911
16393	-0.06522
16394	-0.09875
16395	-0.11875
16396	-0.05831
16397	-0.09361
16398	-0.07705
16399	-0.03972
16400	-0.08049
16401	-0.06154
16402	-0.00204
16403	-0.02335
16404	-0.03073
16405	-0.04590
16406	0.00706
16407	0.04707
16408	-0.01192
16409	-0.01291
16410	-0.00071
16411	0.01469
16412	0.00982
16413	-0.00711
16414	-0.00902
16415	0.00450
16416	0.01290
16417	0.01159
16418	0.01579
16419	0.03026
16420	0.04388
16421	0.04762
16422	0.04184
16423	0.03672
16424	0.03983
16425	0.04668
16426	0.04973
16427	0.04776
16428	0.04507
16429	0.04078
16430	0.03364
16431	0.02912
16432	0.02545
16433	0.01599
16434	0.00497
16435	-0.00090
16436	-0.00427
16437	-0.01073
16438	-0.02118
16439	-0.02896
16440	-0.02478
16441	-0.01204
16442	-0.00424
16443	-0.00665
16444	-0.01403
16445	-0.02000
16446	-0.02341
16447	-0.02584
16448	-0.02659
16449	-0.02384
16450	-0.01951
16451	-0.01424
16452	-0.00549
16453	0.02335
16454	-0.09368
16455	-0.18879
16456	-0.03427
16457	0.09713
16458	0.06295
16459	-0.04318
16460	-0.03406
16461	0.09837
16462	0.14425
16463	0.16018
16464	0.26855
16465	0.24018
16466	0.18801
16467	0.24044
16468	0.27151
16469	0.32943
16470	0.38213
16471	0.16527
16472	0.18096
16473	0.31275
16474	0.19423
16475	0.24585
16476	0.25183
16477	0.14550
16478	0.26269
16479	0.13648
16480	0.10158
16481	0.19692
16482	0.12460
16483	0.13394
16484	0.13208
16485	0.06866
16486	0.08261
16487	0.12306
16488	0.10528
16489	0.06685
16490	0.05433
16491	0.05567
16492	0.05903
16493	0.05042
16494	0.05277
16495	0.07439
16496	0.01760
16497	0.00217
16498	0.02399
16499	0.02755
16500	0.00336
16501	0.00482
16502	0.01977
16503	-0.02359
16504	-0.02206
16505	-0.00846
16506	-0.02423
16507	-0.04399
16508	-0.04780
16509	-0.02442
16510	-0.05856
16511	-0.09540
16512	-0.05362
16513	-0.06783
16514	-0.10961
16515	-0.09741
16516	-0.11659
16517	-0.10372
16518	-0.11196
16519	-0.10764
16520	-0.10518
16521	-0.13265
16522	-0.08655
16523	-0.09626
16524	-0.13504
16525	-0.10365
16526	-0.07981
16527	-0.09631
16528	-0.10271
16529	-0.06398
16530	-0.06928
16531	-0.06113
16532	-0.05401
16533	-0.05917
16534	-0.03108
16535	-0.01552
16536	-0.03603
16537	-0.02667
16538	-0.00345
16539	-0.00087
16540	-0.00417
16541	-0.00701
16542	-0.00131
16543	0.01003
16544	0.01730
16545	0.01810
16546	0.02041
16547	0.02765
16548	0.03316
16549	0.03508
16550	0.03335
16551	0.02751
16552	0.02650
16553	0.02964
16554	0.02304
16555	0.01380
16556	0.01885
16557	0.03009
16558	0.03307
16559	0.02752
16560	0.01348
16561	-0.00421
16562	-0.01033
16563	-0.00353
16564	0.00277
16565	0.00525
16566	0.00474
16567	-0.00368
16568	-0.01391
16569	-0.01368
16570	-0.00675
16571	-0.00357
16572	-0.00709
16573	-0.01162
16574	-0.01011
16575	-0.00563
16576	-0.00437
16577	-0.00584
16578	-0.00807
16579	-0.01106
16580	-0.01508
16581	-0.01964
16582	-0.02071
16583	-0.01560
16584	-0.00951
16585	-0.00771
16586	-0.00874
16587	-0.00844
16588	-0.00425
16589	0.00314
16590	0.00836
16591	0.01502
16592	-0.07749
16593	-0.06872
16594	-0.00568
16595	0.01973
16596	-0.00080
16597	0.02377
16598	0.08132
16599	0.05500
16600	0.01423
16601	0.11826
16602	0.21444
16603	0.14921
16604	0.15003
16605	0.25378
16606	0.29682
16607	0.20907
16608	0.24915
16609	0.30956
16610	0.27372
16611	0.27758
16612	0.24560
16613	0.24570
16614	0.32909
16615	0.27239
16616	0.24197
16617	0.24924
16618	0.20760
16619	0.23689
16620	0.19728
16621	0.16568
16622	0.21472
16623	0.11903
16624	0.08644
16625	0.10007
16626	0.08550
16627	0.13103
16628	0.05788
16629	0.00964
16630	0.05220
16631	0.05454
16632	0.04451
16633	0.00823
16634	0.00528
16635	0.00073
16636	-0.01019
16637	0.02213
16638	-0.00421
16639	0.00197
16640	-0.01192
16641	-0.02687
16642	-0.01213
16643	-0.04166
16644	-0.05473
16645	-0.03739
16646	-0.07189
16647	-0.08733
16648	-0.10022
16649	-0.12802
16650	-0.10348
16651	-0.11992
16652	-0.13859
16653	-0.13054
16654	-0.12976
16655	-0.13719
16656	-0.13531
16657	-0.11598
16658	-0.11241
16659	-0.13849
16660	-0.08712
16661	-0.12216
16662	-0.14213
16663	-0.10892
16664	-0.12590
16665	-0.09707
16666	-0.08061
16667	-0.07431
16668	-0.04777
16669	-0.02895
16670	-0.01732
16671	-0.04335
16672	-0.07705
16673	-0.04347
16674	0.01071
16675	-0.00279
16676	-0.02241
16677	-0.02554
16678	-0.00269
16679	0.01407
16680	0.01286
16681	0.01097
16682	0.01193
16683	0.01320
16684	0.02430
16685	0.04283
16686	0.04752
16687	0.03576
16688	0.02665
16689	0.02614
16690	0.03123
16691	0.04457
16692	0.05691
16693	0.05661
16694	0.04871
16695	0.03803
16696	0.02679
16697	0.02405
16698	0.02958
16699	0.02854
16700	0.01212
16701	-0.00898
16702	-0.01855
16703	-0.02064
16704	-0.02820
16705	-0.03320
16706	-0.02407
16707	-0.00979
16708	-0.00448
16709	-0.01209
16710	-0.02543
16711	-0.03408
16712	-0.03604
16713	-0.03547
16714	-0.03322
16715	-0.02628
16716	-0.01526
16717	-0.01552
16718	-0.04971
16719	-0.14611
16720	-0.06042
16721	0.11381
16722	0.04174
16723	-0.09284
16724	0.02091
16725	0.21920
16726	0.20483
16727	0.16562
16728	0.21880
16729	0.35536
16730	0.27502
16731	0.14734
16732	0.33067
16733	0.38540
16734	0.24149
16735	0.26243
16736	0.22954
16737	0.23105
16738	0.33123
16739	0.23702
16740	0.23028
16741	0.25401
16742	0.10534
16743	0.13123
16744	0.18319
16745	0.20120
16746	0.20531
16747	0.05982
16748	0.04435
16749	0.16520
16750	0.10612
16751	0.03536
16752	0.07781
16753	0.07372
16754	0.00926
16755	0.01035
16756	0.07541
16757	0.03967
16758	0.01913
16759	-0.02145
16760	0.00886
16761	0.01532
16762	-0.02057
16763	0.01962
16764	0.00785
16765	-0.05416
16766	-0.00927
16767	-0.02876
16768	-0.06764
16769	-0.05595
16770	-0.08050
16771	-0.06027
16772	-0.09500
16773	-0.11890
16774	-0.06772
16775	-0.10691
16776	-0.12420
16777	-0.06320
16778	-0.10407
16779	-0.11667
16780	-0.09049
16781	-0.09275
16782	-0.08370
16783	-0.12419
16784	-0.14371
16785	-0.06249
16786	-0.12565
16787	-0.15140
16788	-0.09668
16789	-0.09927
16790	-0.08824
16791	-0.10797
16792	-0.08150
16793	-0.07257
16794	-0.07025
16795	-0.06060
16796	-0.07057
16797	-0.05530
16798	-0.04313
16799	-0.02791
16800	0.00069
16801	-0.00628
16802	0.02374
16803	-0.02338
16804	-0.00543
16805	0.01696
16806	0.01853
16807	0.00399
16808	0.00853
16809	0.03129
16810	0.03827
16811	0.02766
16812	0.02249
16813	0.02756
16814	0.02976
16815	0.02282
16816	0.01808
16817	0.02322
16818	0.03328
16819	0.04391
16820	0.04974
16821	0.04647
16822	0.03936
16823	0.03276
16824	0.02467
16825	0.01743
16826	0.01313
16827	0.00966
16828	0.00856
16829	0.00617
16830	-0.00326
16831	-0.01069
16832	-0.01425
16833	-0.02462
16834	-0.03068
16835	-0.02073
16836	-0.00841
16837	-0.00469
16838	-0.01058
16839	-0.02161
16840	-0.02928
16841	-0.03237
16842	-0.03241
16843	-0.02816
16844	-0.02063
16845	0.02995
16846	-0.02679
16847	-0.12535
16848	-0.14734
16849	0.04072
16850	0.15286
16851	-0.03346
16852	-0.13163
16853	0.06396
16854	0.20216
16855	0.24857
16856	0.23360
16857	0.25259
16858	0.33655
16859	0.28175
16860	0.31202
16861	0.42458
16862	0.32980
16863	0.30352
16864	0.34512
16865	0.31585
16866	0.30968
16867	0.32211
16868	0.35036
16869	0.29793
16870	0.20218
16871	0.22841
16872	0.22364
16873	0.20768
16874	0.22442
16875	0.17142
16876	0.12399
16877	0.13482
16878	0.16974
16879	0.11964
16880	0.09110
16881	0.12374
16882	0.10224
16883	0.06607
16884	0.02950
16885	0.07166
16886	0.09104
16887	-0.01218
16888	0.04824
16889	0.11279
16890	-0.00890
16891	0.02005
16892	0.04546
16893	0.02155
16894	0.02990
16895	-0.02022
16896	0.00182
16897	0.02457
16898	-0.04925
16899	-0.01735
16900	-0.02278
16901	-0.05997
16902	-0.03113
16903	-0.06455
16904	-0.06864
16905	-0.05868
16906	-0.06292
16907	-0.08339
16908	-0.09585
16909	-0.08039
16910	-0.08302
16911	-0.06675
16912	-0.08188
16913	-0.11018
16914	-0.12416
16915	-0.12701
16916	-0.05020
16917	-0.12512
16918	-0.16111
16919	-0.08220
16920	-0.08833
16921	-0.11599
16922	-0.12269
16923	-0.05992
16924	-0.08294
16925	-0.12807
16926	-0.03441
16927	-0.07208
16928	-0.14026
16929	-0.02344
16930	-0.04091
16931	-0.05388
16932	-0.01890
16933	-0.04060
16934	-0.00611
16935	-0.06552
16936	-0.07842
16937	-0.02615
16938	-0.00312
16939	0.02126
16940	0.03203
16941	0.02371
16942	0.01145
16943	0.01249
16944	0.01981
16945	0.02056
16946	0.01956
16947	0.02318
16948	0.02472
16949	0.01912
16950	0.01682
16951	0.02508
16952	0.03291
16953	0.03650
16954	0.04284
16955	0.04465
16956	0.03381
16957	0.02014
16958	0.01476
16959	0.01806
16960	0.02436
16961	0.02273
16962	0.00672
16963	-0.00961
16964	-0.01642
16965	-0.02400
16966	-0.03008
16967	-0.02459
16968	-0.01276
16969	-0.00392
16970	-0.00565
16971	-0.01778
16972	-0.02939
16973	-0.03358
16974	-0.03284
16975	-0.03066
16976	-0.02663
16977	-0.01854
16978	0.01468
16979	-0.02107
16980	-0.10820
16981	-0.15248
16982	0.01695
16983	0.09575
16984	-0.03934
16985	-0.03204
16986	0.06719
16987	0.14723
16988	0.20608
16989	0.32641
16990	0.34515
16991	0.19766
16992	0.19456
16993	0.35880
16994	0.41887
16995	0.34675
16996	0.27149
16997	0.24849
16998	0.29080
16999	0.30655
17000	0.35872
17001	0.29392
17002	0.19517
17003	0.21938
17004	0.21135
17005	0.17471
17006	0.28123
17007	0.23704
17008	0.08036
17009	0.09422
17010	0.18713
17011	0.19908
17012	0.11821
17013	0.07076
17014	0.09253
17015	0.09583
17016	0.03735
17017	0.09681
17018	0.11903
17019	0.01267
17020	0.00214
17021	0.06778
17022	0.05881
17023	-0.00497
17024	0.00374
17025	0.01567
17026	0.01427
17027	-0.04356
17028	-0.02724
17029	0.01483
17030	-0.03164
17031	-0.04702
17032	-0.05108
17033	-0.06115
17034	-0.05574
17035	-0.10032
17036	-0.08693
17037	-0.08902
17038	-0.12548
17039	-0.08640
17040	-0.07801
17041	-0.09402
17042	-0.08815
17043	-0.09473
17044	-0.10011
17045	-0.12622
17046	-0.11518
17047	-0.07187
17048	-0.13985
17049	-0.12734
17050	-0.09174
17051	-0.09404
17052	-0.10898
17053	-0.09189
17054	-0.06605
17055	-0.09467
17056	-0.07874
17057	-0.06229
17058	-0.04212
17059	-0.03882
17060	-0.04436
17061	0.00075
17062	-0.00517
17063	-0.04985
17064	-0.01839
17065	-0.02086
17066	-0.00878
17067	0.00438
17068	0.00236
17069	-0.00193
17070	0.00698
17071	0.02199
17072	0.02635
17073	0.01867
17074	0.01987
17075	0.03503
17076	0.04130
17077	0.03130
17078	0.02128
17079	0.02860
17080	0.04933
17081	0.05762
17082	0.04838
17083	0.04246
17084	0.04404
17085	0.04108
17086	0.03262
17087	0.02386
17088	0.01551
17089	0.00821
17090	0.00337
17091	-0.00034
17092	-0.00390
17093	-0.00840
17094	-0.01847
17095	-0.02847
17096	-0.02526
17097	-0.01266
17098	-0.00475
17099	-0.00735
17100	-0.01623
17101	-0.02427
17102	-0.02871
17103	-0.03034
17104	-0.02827
17105	-0.02283
17106	-0.01519
17107	0.00846
17108	-0.11249
17109	-0.17262
17110	-0.05839
17111	0.11493
17112	0.09560
17113	-0.12678
17114	-0.15150
17115	0.10483
17116	0.16738
17117	0.10624
17118	0.19822
17119	0.27294
17120	0.19024
17121	0.15344
17122	0.29824
17123	0.44576
17124	0.30784
17125	0.25140
17126	0.32025
17127	0.31965
17128	0.34812
17129	0.33550
17130	0.27769
17131	0.26944
17132	0.27837
17133	0.23346
17134	0.19322
17135	0.22851
17136	0.22472
17137	0.10759
17138	0.08622
17139	0.17545
17140	0.17753
17141	0.07683
17142	0.06400
17143	0.10863
17144	0.08751
17145	0.04034
17146	0.02340
17147	0.07858
17148	0.03582
17149	0.00336
17150	0.02994
17151	0.01000
17152	-0.01508
17153	0.02458
17154	0.01862
17155	-0.01667
17156	-0.02598
17157	-0.04445
17158	-0.02818
17159	-0.03979
17160	-0.08378
17161	-0.08808
17162	-0.07360
17163	-0.11883
17164	-0.11356
17165	-0.10236
17166	-0.13538
17167	-0.11221
17168	-0.12802
17169	-0.11406
17170	-0.09349
17171	-0.11326
17172	-0.12178
17173	-0.12102
17174	-0.10947
17175	-0.08700
17176	-0.10012
17177	-0.13484
17178	-0.10694
17179	-0.08753
17180	-0.07241
17181	-0.10944
17182	-0.07549
17183	-0.07405
17184	-0.05571
17185	-0.05880
17186	-0.10971
17187	-0.05713
17188	-0.00009
17189	-0.06404
17190	-0.06507
17191	-0.01384
17192	-0.03366
17193	0.02653
17194	-0.03484
17195	-0.01408
17196	0.00913
17197	0.01446
17198	0.00709
17199	0.00587
17200	0.01759
17201	0.03156
17202	0.03628
17203	0.02963
17204	0.02245
17205	0.02577
17206	0.03288
17207	0.03010
17208	0.02329
17209	0.03029
17210	0.04624
17211	0.05384
17212	0.04851
17213	0.03536
17214	0.02362
17215	0.01783
17216	0.01660
17217	0.01743
17218	0.01368
17219	0.00252
17220	-0.00694
17221	-0.00958
17222	-0.01564
17223	-0.02772
17224	-0.03156
17225	-0.02176
17226	-0.00821
17227	-0.00573
17228	-0.01828
17229	-0.03322
17230	-0.04079
17231	-0.04160
17232	-0.03735
17233	-0.02882
17234	-0.01753
17235	0.05446
17236	-0.05224
17237	-0.22924
17238	-0.19415
17239	0.07901
17240	0.17382
17241	-0.07021
17242	-0.18774
17243	0.09741
17244	0.23676
17245	0.19733
17246	0.23488
17247	0.33924
17248	0.30841
17249	0.18508
17250	0.26061
17251	0.43834
17252	0.38659
17253	0.32626
17254	0.29766
17255	0.30821
17256	0.32277
17257	0.33450
17258	0.37890
17259	0.32937
17260	0.24004
17261	0.20055
17262	0.15951
17263	0.23494
17264	0.30656
17265	0.16108
17266	0.07951
17267	0.10706
17268	0.15145
17269	0.13755
17270	0.07819
17271	0.10237
17272	0.08829
17273	-0.00206
17274	0.01744
17275	0.12528
17276	0.07018
17277	0.01475
17278	-0.01269
17279	-0.03271
17280	0.01547
17281	0.01548
17282	-0.00313
17283	-0.02009
17284	-0.06591
17285	-0.05641
17286	-0.03006
17287	-0.05253
17288	-0.06627
17289	-0.08680
17290	-0.12334
17291	-0.11345
17292	-0.09131
17293	-0.10500
17294	-0.12119
17295	-0.11233
17296	-0.09426
17297	-0.11829
17298	-0.10549
17299	-0.11785
17300	-0.10890
17301	-0.10386
17302	-0.11360
17303	-0.12125
17304	-0.10573
17305	-0.13263
17306	-0.12339
17307	-0.10125
17308	-0.11256
17309	-0.08368
17310	-0.11470
17311	-0.12015
17312	-0.06338
17313	-0.06171
17314	-0.11181
17315	-0.08829
17316	-0.08820
17317	-0.08978
17318	-0.04585
17319	-0.04979
17320	-0.06710
17321	-0.05171
17322	-0.05113
17323	-0.03304
17324	-0.01471
17325	-0.03359
17326	-0.01884
17327	0.00106
17328	0.01168
17329	0.00578
17330	-0.00475
17331	0.00419
17332	0.02941
17333	0.04144
17334	0.02587
17335	0.00272
17336	0.00298
17337	0.01825
17338	0.02079
17339	0.02450
17340	0.04473
17341	0.06056
17342	0.06178
17343	0.05506
17344	0.04220
17345	0.02812
17346	0.02336
17347	0.02815
17348	0.02772
17349	0.01520
17350	0.00079
17351	-0.00817
17352	-0.01650
17353	-0.02640
17354	-0.02846
17355	-0.01931
17356	-0.00944
17357	-0.00730
17358	-0.01336
17359	-0.02390
17360	-0.03392
17361	-0.03904
17362	-0.03784
17363	-0.03020
17364	-0.01771
17365	-0.00822
17366	-0.08291
17367	-0.19926
17368	-0.10395
17369	0.08910
17370	0.09316
17371	-0.04809
17372	-0.11263
17373	0.08293
17374	0.24579
17375	0.18036
17376	0.13692
17377	0.30297
17378	0.35263
17379	0.24782
17380	0.29301
17381	0.41907
17382	0.39682
17383	0.33521
17384	0.31802
17385	0.33800
17386	0.36207
17387	0.32093
17388	0.34639
17389	0.35594
17390	0.22415
17391	0.19586
17392	0.25582
17393	0.22845
17394	0.20156
17395	0.14796
17396	0.12601
17397	0.13476
17398	0.12486
17399	0.11547
17400	0.11022
17401	0.07470
17402	0.02407
17403	0.04107
17404	0.08516
17405	0.04289
17406	0.01660
17407	0.00683
17408	0.04511
17409	0.02259
17410	-0.01526
17411	0.00682
17412	0.01086
17413	-0.02544
17414	-0.06875
17415	-0.05270
17416	-0.02187
17417	-0.06496
17418	-0.06708
17419	-0.04976
17420	-0.09540
17421	-0.08973
17422	-0.08270
17423	-0.08933
17424	-0.07223
17425	-0.10946
17426	-0.10227
17427	-0.09546
17428	-0.10602
17429	-0.05739
17430	-0.06706
17431	-0.13598
17432	-0.10966
17433	-0.08941
17434	-0.10994
17435	-0.10237
17436	-0.10241
17437	-0.07178
17438	-0.13038
17439	-0.12866
17440	-0.05238
17441	-0.06493
17442	-0.09654
17443	-0.08390
17444	-0.08809
17445	-0.07650
17446	-0.06319
17447	-0.02435
17448	-0.01423
17449	-0.05224
17450	-0.04368
17451	-0.03092
17452	-0.02982
17453	-0.01091
17454	0.00208
17455	0.01148
17456	0.02275
17457	0.02842
17458	0.03124
17459	0.03408
17460	0.02474
17461	0.01305
17462	0.01883
17463	0.02980
17464	0.03121
17465	0.02996
17466	0.03220
17467	0.03567
17468	0.04008
17469	0.04291
17470	0.04154
17471	0.04090
17472	0.03941
17473	0.03104
17474	0.02012
17475	0.01599
17476	0.01919
17477	0.01894
17478	0.00775
17479	-0.00809
17480	-0.01733
17481	-0.02084
17482	-0.02477
17483	-0.02134
17484	-0.00910
17485	-0.00365
17486	-0.01115
17487	-0.02335
17488	-0.03228
17489	-0.03592
17490	-0.03451
17491	-0.02752
17492	-0.01565
17493	0.00659
17494	-0.13988
17495	-0.21104
17496	-0.00863
17497	0.14793
17498	0.02061
17499	-0.11264
17500	-0.04510
17501	0.16117
17502	0.17594
17503	0.07913
17504	0.26795
17505	0.33240
17506	0.22984
17507	0.28109
17508	0.34862
17509	0.35947
17510	0.40345
17511	0.32243
17512	0.30013
17513	0.33576
17514	0.26191
17515	0.25871
17516	0.35869
17517	0.34278
17518	0.25893
17519	0.19974
17520	0.21942
17521	0.24351
17522	0.18207
17523	0.14536
17524	0.21021
17525	0.16221
17526	0.08913
17527	0.13662
17528	0.16466
17529	0.16034
17530	0.10413
17531	0.05625
17532	0.10088
17533	0.12029
17534	0.06862
17535	0.10190
17536	0.11419
17537	0.07740
17538	0.07544
17539	0.10978
17540	0.11593
17541	0.08168
17542	0.06960
17543	0.08627
17544	0.07411
17545	0.03785
17546	0.06178
17547	0.07245
17548	0.05427
17549	0.05229
17550	0.04939
17551	0.04300
17552	0.04979
17553	0.04969
17554	0.03517
17555	0.02067
17556	0.03699
17557	0.05816
17558	0.03125
17559	0.03047
17560	0.04006
17561	0.00812
17562	-0.00624
17563	0.00433
17564	0.00982
17565	-0.02223
17566	-0.05298
17567	-0.02712
17568	-0.04331
17569	-0.01299
17570	-0.01724
17571	-0.07731
17572	-0.05251
17573	-0.02570
17574	-0.04606
17575	-0.06569
17576	-0.02557
17577	-0.00455
17578	-0.06006
17579	-0.05178
17580	-0.00374
17581	-0.00676
17582	-0.02296
17583	-0.06610
17584	-0.02298
17585	-0.02533
17586	-0.04735
17587	-0.03265
17588	-0.01343
17589	-0.01209
17590	-0.03764
17591	-0.06382
17592	-0.09494
17593	-0.01211
17594	0.02384
17595	-0.06227
17596	-0.08377
17597	-0.02865
17598	0.04918
17599	0.00878
17600	0.01927
17601	0.02674
17602	0.02987
17603	0.03252
17604	0.03727
17605	0.04110
17606	0.04088
17607	0.03817
17608	0.03432
17609	0.03061
17610	0.02751
17611	0.02222
17612	0.01506
17613	0.01130
17614	0.01130
17615	0.00978
17616	0.00566
17617	0.00219
17618	0.00276
17619	0.00657
17620	0.00845
17621	0.00843
17622	0.00884
17623	0.00629
17624	0.00084
17625	-0.00231
17626	-0.00234
17627	-0.00110
17628	0.00001
17629	-0.00132
17630	-0.00461
17631	-0.00599
17632	-0.00507
17633	-0.00493
17634	-0.00569
17635	-0.00594
17636	-0.00629
17637	-0.00685
17638	-0.00683
17639	-0.00670
17640	-0.00684
17641	-0.00602
17642	-0.00391
17643	-0.00217
17644	-0.00255
17645	-0.06374
17646	-0.08073
17647	-0.02318
17648	0.01255
17649	-0.04290
17650	-0.05814
17651	0.00195
17652	0.01090
17653	-0.04562
17654	-0.03345
17655	0.01301
17656	-0.00403
17657	-0.02504
17658	-0.00930
17659	0.02735
17660	0.03320
17661	0.01684
17662	0.02257
17663	0.03239
17664	0.03738
17665	0.04118
17666	0.05266
17667	0.05932
17668	0.05457
17669	0.06413
17670	0.08009
17671	0.08854
17672	0.08825
17673	0.07627
17674	0.06502
17675	0.06940
17676	0.06376
17677	0.05782
17678	0.06391
17679	0.04535
17680	0.02859
17681	0.03916
17682	0.04290
17683	0.02622
17684	0.01657
17685	0.01709
17686	0.01396
17687	-0.00032
17688	0.00233
17689	0.02205
17690	0.01463
17691	-0.02208
17692	-0.00834
17693	0.02061
17694	-0.01867
17695	-0.07030
17696	-0.05026
17697	0.01209
17698	-0.00598
17699	-0.07490
17700	-0.06144
17701	-0.01396
17702	0.00233
17703	-0.03365
17704	-0.06450
17705	-0.03969
17706	-0.02224
17707	-0.04395
17708	-0.03509
17709	0.00398
17710	-0.01376
17711	-0.06304
17712	-0.05603
17713	0.00458
17714	0.00921
17715	-0.04886
17716	-0.06143
17717	-0.02499
17718	-0.02179
17719	-0.02771
17720	-0.01828
17721	-0.00840
17722	-0.02441
17723	-0.04378
17724	-0.02375
17725	0.00501
17726	-0.00434
17727	-0.02842
17728	-0.03849
17729	-0.02799
17730	-0.01081
17731	-0.00495
17732	-0.01052
17733	-0.01735
17734	-0.02306
17735	-0.03475
17736	-0.03126
17737	-0.00677
17738	-0.00155
17739	-0.03677
17740	-0.05459
17741	-0.02412
17742	0.00304
17743	-0.01006
17744	-0.03002
17745	-0.03611
17746	-0.03775
17747	-0.03357
17748	-0.02111
17749	-0.01321
17750	-0.03156
17751	-0.04664
17752	-0.03199
17753	-0.01349
17754	-0.02365
17755	-0.04628
17756	-0.05190
17757	-0.04081
17758	-0.03176
17759	-0.03428
17760	-0.03628
17761	-0.03097
17762	-0.01568
17763	-0.01995
17764	-0.03500
17765	-0.03846
17766	-0.03948
17767	-0.03248
17768	-0.02485
17769	-0.02716
17770	-0.04450
17771	-0.04791
17772	-0.03566
17773	-0.02135
17774	-0.02841
17775	-0.03628
17776	-0.05394
17777	-0.04605
17778	-0.01822
17779	-0.02005
17780	-0.04711
17781	-0.04374
17782	-0.04319
17783	-0.04109
17784	-0.03009
17785	-0.02853
17786	-0.04081
17787	-0.05694
17788	-0.04979
17789	-0.02334
17790	-0.02024
17791	-0.03645
17792	-0.05004
17793	-0.05609
17794	-0.04389
17795	-0.02011
17796	-0.01627
17797	-0.03717
17798	-0.04408
17799	-0.03704
17800	-0.03963
17801	-0.03722
17802	-0.03218
17803	-0.03538
17804	-0.04668
17805	-0.03997
17806	-0.02962
17807	-0.03395
17808	-0.03877
17809	-0.03755
17810	-0.04019
17811	-0.04272
17812	-0.03469
17813	-0.02577
17814	-0.03267
17815	-0.04373
17816	-0.04907
17817	-0.04277
17818	-0.03220
17819	-0.03568
17820	-0.04264
17821	-0.04173
17822	-0.03620
17823	-0.03036
17824	-0.03105
17825	-0.03310
17826	-0.04211
17827	-0.05022
17828	-0.04022
17829	-0.02440
17830	-0.02618
17831	-0.04259
17832	-0.04438
17833	-0.02796
17834	-0.02020
17835	-0.03339
17836	-0.04068
17837	-0.04498
17838	-0.04605
17839	-0.03020
17840	-0.02596
17841	-0.03345
17842	-0.04169
17843	
17844	