1	5.33091
2	5.34510
3	5.35446
4	5.35778
5	5.36100
6	5.36758
7	5.37186
8	5.37339
9	5.38447
10	5.40945
11	5.43434
12	5.44893
13	5.45912
14	5.47111
15	5.48282
16	5.49418
17	5.50631
18	5.51128
19	5.50673
20	5.50633
21	5.51707
22	5.52860
23	5.53232
24	5.53162
25	5.53157
26	5.53109
27	5.52926
28	5.52875
29	5.53018
30	5.52727
31	5.51253
32	5.49315
33	5.48629
34	5.49067
35	5.49053
36	5.48366
37	5.47826
38	5.47857
39	5.48359
40	5.48748
41	5.48336
42	5.47296
43	5.46711
44	5.47073
45	5.47517
46	5.47159
47	5.46262
48	5.45612
49	5.45463
50	5.45459
51	5.45320
52	5.45217
53	5.45041
54	5.44150
55	5.42770
56	5.41950
57	5.42077
58	5.42756
59	5.43414
60	5.43498
61	5.43013
62	5.43060
63	5.44038
64	5.44464
65	5.43766
66	5.43384
67	5.43982
68	5.44346
69	5.43772
70	5.43252
71	5.43419
72	5.43879
73	5.44388
74	5.44744
75	5.44596
76	5.44198
77	5.44087
78	5.43929
79	5.43300
80	5.42848
81	5.42914
82	5.42921
83	5.42806
84	5.43051
85	5.43641
86	5.43884
87	5.43455
88	5.43245
89	5.43889
90	5.44597
91	5.44511
92	5.44121
93	5.44618
94	5.46068
95	5.47163
96	5.47038
97	5.46193
98	5.45439
99	5.44955
100	5.44736
101	5.45021
102	5.45631
103	5.45585
104	5.44247
105	5.42308
106	5.41066
107	5.40725
108	5.40129
109	5.38920
110	5.38529
111	5.39555
112	5.40302
113	5.39713
114	5.38836
115	5.38488
116	5.38340
117	5.37961
118	5.37437
119	5.37237
120	5.37442
121	5.37530
122	5.37243
123	5.37101
124	5.37566
125	5.38176
126	5.38349
127	5.38239
128	5.38235
129	5.38239
130	5.38079
131	5.37920
132	5.37441
133	5.36506
134	5.36358
135	5.37415
136	5.38038
137	5.37607
138	5.37455
139	5.37778
140	5.37593
141	5.37037
142	5.36730
143	5.36909
144	5.37319
145	5.36908
146	5.35440
147	5.34381
148	5.34678
149	5.35442
150	5.35709
151	5.35774
152	5.36023
153	5.36189
154	5.36377
155	5.36943
156	5.37482
157	5.37681
158	5.37988
159	5.38303
160	5.38293
161	5.38543
162	5.39264
163	5.39717
164	5.39735
165	5.39960
166	5.40492
167	5.40931
168	5.41462
169	5.42006
170	5.41782
171	5.40923
172	5.40119
173	5.39461
174	5.39533
175	5.40724
176	5.41401
177	5.40336
178	5.38602
179	5.37294
180	5.36721
181	5.37033
182	5.37544
183	5.37269
184	5.36510
185	5.36162
186	5.36182
187	5.36294
188	5.36711
189	5.37017
190	5.36535
191	5.35749
192	5.35119
193	5.34117
194	5.32673
195	5.31488
196	5.30975
197	5.30721
198	5.29721
199	5.27537
200	5.24558
201	5.21093
202	5.17994
203	5.16589
204	5.16505
205	5.16533
206	5.16773
207	5.16486
208	5.14548
209	5.12610
210	5.11585
211	5.09838
212	5.08270
213	5.09538
214	5.12788
215	5.15337
216	5.16965
217	5.18871
218	5.21187
219	5.23454
220	5.25637
221	5.27911
222	5.30503
223	5.33525
224	5.36396
225	5.38194
226	5.39070
227	5.40279
228	5.42158
229	5.43723
230	5.44539
231	5.44959
232	5.44931
233	5.44497
234	5.44003
235	5.43023
236	5.41086
237	5.38636
238	5.35995
239	5.33502
240	5.31828
241	5.30398
242	5.28017
243	5.24728
244	5.20555
245	5.14957
246	5.08734
247	5.03398
248	4.98873
249	4.94007
250	4.88117
251	4.81431
252	4.75192
253	4.70243
254	4.65734
255	4.60748
256	4.55565
257	4.51184
258	4.48720
259	4.48075
260	4.47746
261	4.47063
262	4.47131
263	4.48495
264	4.49452
265	4.48740
266	4.47659
267	4.47068
268	4.46233
269	4.45552
270	4.45953
271	4.47000
272	4.47940
273	4.48183
274	4.47846
275	4.48603
276	4.51168
277	4.53964
278	4.56054
279	4.58328
280	4.61335
281	4.64429
282	4.66973
283	4.68945
284	4.71153
285	4.74368
286	4.77718
287	4.80273
288	4.82767
289	4.85605
290	4.87588
291	4.87467
292	4.85859
293	4.84700
294	4.84587
295	4.84672
296	4.84286
297	4.83211
298	4.82009
299	4.81716
300	4.82612
301	4.84355
302	4.86351
303	4.87705
304	4.87855
305	4.87214
306	4.86415
307	4.85441
308	4.84628
309	4.85014
310	4.86188
311	4.86532
312	4.86309
313	4.86971
314	4.88394
315	4.89804
316	4.90985
317	4.91560
318	4.91418
319	4.91028
320	4.90553
321	4.90008
322	4.89524
323	4.88837
324	4.87719
325	4.86708
326	4.86242
327	4.85803
328	4.84834
329	4.83735
330	4.83104
331	4.82706
332	4.82011
333	4.81126
334	4.80319
335	4.79232
336	4.77483
337	4.75595
338	4.74315
339	4.73761
340	4.73892
341	4.74617
342	4.75309
343	4.75187
344	4.74188
345	4.73046
346	4.72412
347	4.72333
348	4.72255
349	4.71365
350	4.69302
351	4.65939
352	4.61937
353	4.59364
354	4.59013
355	4.58999
356	4.57998
357	4.56850
358	4.56750
359	4.57776
360	4.59181
361	4.60807
362	4.62704
363	4.64260
364	4.65109
365	4.65599
366	4.66638
367	4.68740
368	4.70743
369	4.71562
370	4.72499
371	4.75258
372	4.79007
373	4.82154
374	4.85203
375	4.88956
376	4.92540
377	4.95208
378	4.97305
379	4.99222
380	5.01360
381	5.04282
382	5.07705
383	5.10552
384	5.12447
385	5.13854
386	5.15061
387	5.16015
388	5.16900
389	5.18049
390	5.19486
391	5.20940
392	5.21897
393	5.22391
394	5.23751
395	5.26614
396	5.29428
397	5.30879
398	5.31867
399	5.33618
400	5.35267
401	5.35308
402	5.34571
403	5.34891
404	5.36194
405	5.37438
406	5.38232
407	5.38456
408	5.38627
409	5.39998
410	5.42289
411	5.43560
412	5.43207
413	5.42309
414	5.41715
415	5.41425
416	5.40912
417	5.39942
418	5.38967
419	5.38372
420	5.37999
421	5.37331
422	5.36250
423	5.35776
424	5.36524
425	5.37541
426	5.38305
427	5.39366
428	5.40816
429	5.41681
430	5.41039
431	5.39551
432	5.38561
433	5.38099
434	5.37464
435	5.36846
436	5.36850
437	5.37126
438	5.36673
439	5.35410
440	5.34681
441	5.35259
442	5.36096
443	5.36261
444	5.36004
445	5.35426
446	5.34185
447	5.32903
448	5.32527
449	5.32452
450	5.31828
451	5.30849
452	5.29917
453	5.29157
454	5.28394
455	5.27418
456	5.26235
457	5.25419
458	5.25632
459	5.26389
460	5.26702
461	5.26355
462	5.25913
463	5.25762
464	5.25448
465	5.24759
466	5.23940
467	5.22752
468	5.21274
469	5.20345
470	5.20000
471	5.19382
472	5.18386
473	5.17337
474	5.16008
475	5.13958
476	5.10913
477	5.07431
478	5.04806
479	5.03672
480	5.03788
481	5.04747
482	5.05994
483	5.06636
484	5.05553
485	5.02057
486	4.97396
487	4.94261
488	4.93300
489	4.93078
490	4.92946
491	4.92428
492	4.91360
493	4.91893
494	4.96019
495	5.01435
496	5.03215
497	4.99684
498	4.94523
499	4.91826
500	4.91750
501	4.92904
502	4.94740
503	4.96304
504	4.97265
505	4.99203
506	5.02543
507	5.05430
508	5.06984
509	5.07690
510	5.07545
511	5.06702
512	5.05190
513	5.02585
514	4.99288
515	4.95055
516	4.89019
517	4.82406
518	4.77326
519	4.74154
520	4.71541
521	4.67960
522	4.63709
523	4.59962
524	4.56170
525	4.52388
526	4.49941
527	4.47487
528	4.43574
529	4.40050
530	4.38234
531	4.35811
532	4.31013
533	4.27100
534	4.26780
535	4.27406
536	4.26066
537	4.22623
538	4.19043
539	4.17092
540	4.13831
541	4.05354
542	3.94738
543	3.87143
544	3.81500
545	3.77778
546	3.81776
547	3.92135
548	3.99718
549	4.03060
550	4.06523
551	4.09835
552	4.12577
553	4.17196
554	4.22030
555	4.23468
556	4.21297
557	4.16480
558	4.10881
559	4.07092
560	4.07149
561	4.10668
562	4.12996
563	4.11094
564	4.08195
565	4.10253
566	4.19042
567	4.27893
568	4.33978
569	4.46216
570	4.65417
571	4.78356
572	4.81533
573	4.87552
574	5.02279
575	5.13927
576	5.13539
577	5.11897
578	5.22605
579	5.40881
580	5.55432
581	5.67969
582	5.85404
583	6.06253
584	6.26489
585	6.46705
586	6.67878
587	6.90671
588	7.13945
589	7.32592
590	7.45513
591	7.53712
592	7.52927
593	7.43302
594	7.33599
595	7.28575
596	7.28680
597	7.42294
598	7.77557
599	8.23775
600	8.62097
601	8.85814
602	8.93643
603	8.78701
604	8.31423
605	7.51305
606	6.64879
607	6.14787
608	6.12928
609	6.26799
610	6.25927
611	6.16570
612	6.15547
613	6.20606
614	6.25823
615	6.35265
616	6.49849
617	6.62380
618	6.65951
619	6.58691
620	6.41554
621	6.19300
622	6.01715
623	5.94338
624	5.96009
625	6.07443
626	6.27139
627	6.43395
628	6.50114
629	6.61347
630	6.91242
631	7.32795
632	7.65951
633	7.75866
634	7.63302
635	7.42498
636	7.28204
637	7.24667
638	7.29113
639	7.46355
640	7.85019
641	8.31813
642	8.55171
643	8.41723
644	8.02623
645	7.41868
646	6.54399
647	5.56653
648	4.75627
649	4.24099
650	4.05937
651	4.22014
652	4.59601
653	4.91920
654	5.03074
655	5.03673
656	5.10868
657	5.25263
658	5.37822
659	5.43790
660	5.43298
661	5.36778
662	5.25600
663	5.14663
664	5.06809
665	4.99981
666	4.92552
667	4.83020
668	4.68181
669	4.47150
670	4.22793
671	3.99119
672	3.79367
673	3.63303
674	3.46947
675	3.28822
676	3.12897
677	3.01166
678	2.89044
679	2.71857
680	2.51177
681	2.33535
682	2.22876
683	2.16833
684	2.13210
685	2.11835
686	2.09633
687	2.03918
688	1.98187
689	1.95778
690	1.94848
691	1.96405
692	2.03189
693	2.10013
694	2.10877
695	2.09341
696	2.11219
697	2.16991
698	2.25109
699	2.32857
700	2.39710
701	2.52951
702	2.79467
703	3.17639
704	3.63261
705	4.13665
706	4.64163
707	5.10686
708	5.52450
709	5.82624
710	5.89878
711	5.81484
712	5.83782
713	5.99530
714	6.00364
715	5.88907
716	6.08323
717	6.63930
718	7.08988
719	7.10142
720	6.62003
721	5.74652
722	4.93862
723	4.71065
724	4.98656
725	5.28158
726	5.32750
727	5.17084
728	4.94014
729	4.75724
730	4.67902
731	4.65342
732	4.60474
733	4.52897
734	4.48131
735	4.53300
736	4.72183
737	4.94351
738	5.04434
739	5.07341
740	5.16878
741	5.32688
742	5.48530
743	5.62432
744	5.76809
745	5.94924
746	6.13878
747	6.27424
748	6.33598
749	6.32490
750	6.20523
751	5.90263
752	5.35396
753	4.61992
754	3.99947
755	3.95023
756	4.79559
757	6.47436
758	8.47429
759	9.99565
760	10.51504
761	10.33912
762	10.15153
763	9.97847
764	9.27059
765	7.87072
766	6.15781
767	4.64820
768	3.85255
769	3.81599
770	4.07242
771	4.38235
772	4.84372
773	5.36302
774	5.65296
775	5.65005
776	5.53664
777	5.42816
778	5.30577
779	5.16101
780	5.00699
781	4.83357
782	4.63077
783	4.41461
784	4.21248
785	4.03408
786	3.88718
787	3.77382
788	3.64412
789	3.45909
790	3.27894
791	3.16302
792	3.07110
793	2.96319
794	2.86081
795	2.79787
796	2.78338
797	2.77288
798	2.72891
799	2.70279
800	2.76138
801	2.86034
802	2.87793
803	2.80717
804	2.76393
805	2.77706
806	2.78286
807	2.78577
808	2.82712
809	2.88008
810	2.92522
811	3.04599
812	3.34666
813	3.81460
814	4.33727
815	4.84034
816	5.33546
817	5.84687
818	6.35216
819	6.79385
820	7.11718
821	7.28316
822	7.27618
823	7.12814
824	6.93348
825	6.90294
826	7.25844
827	7.79897
828	7.86122
829	7.08664
830	5.93024
831	5.19775
832	5.24671
833	5.68043
834	5.83137
835	5.44177
836	4.72633
837	4.00240
838	3.49363
839	3.27219
840	3.20000
841	3.10593
842	2.99396
843	2.95312
844	3.07784
845	3.40037
846	3.77938
847	4.08693
848	4.35928
849	4.62367
850	4.85239
851	5.05882
852	5.28432
853	5.54364
854	5.82337
855	6.12836
856	6.46981
857	6.82360
858	7.18372
859	7.60877
860	8.11775
861	8.57569
862	8.77552
863	8.68538
864	8.60216
865	8.86242
866	9.38350
867	9.73603
868	9.74604
869	9.76613
870	10.11509
871	10.42772
872	10.06816
873	9.05365
874	7.87004
875	6.81759
876	6.03091
877	5.52451
878	5.19956
879	5.00706
880	4.99131
881	5.13595
882	5.32384
883	5.44281
884	5.45278
885	5.37992
886	5.27067
887	5.15102
888	5.00484
889	4.80967
890	4.60002
891	4.42441
892	4.27393
893	4.10523
894	3.89587
895	3.66760
896	3.45505
897	3.29864
898	3.23672
899	3.19254
900	3.04544
901	2.85197
902	2.71748
903	2.58002
904	2.33518
905	2.01408
906	1.75206
907	1.63336
908	1.59392
909	1.52791
910	1.47003
911	1.53210
912	1.68154
913	1.79935
914	1.88391
915	1.99816
916	2.15397
917	2.35922
918	2.65018
919	3.04454
920	3.54245
921	4.12582
922	4.72120
923	5.26247
924	5.75982
925	6.23414
926	6.64902
927	6.91998
928	7.00606
929	6.99746
930	6.98146
931	6.97846
932	7.15813
933	7.70299
934	8.39514
935	8.73734
936	8.55204
937	8.23515
938	8.13604
939	8.02816
940	7.55120
941	6.77396
942	6.06309
943	5.63656
944	5.41352
945	5.20377
946	4.96762
947	4.81369
948	4.75896
949	4.69799
950	4.58165
951	4.50164
952	4.59227
953	4.81472
954	4.99650
955	5.11404
956	5.25398
957	5.41696
958	5.56955
959	5.69536
960	5.77089
961	5.83093
962	5.97079
963	6.26085
964	6.72919
965	7.29768
966	7.64994
967	7.39663
968	6.64304
969	6.19969
970	6.82362
971	8.31958
972	9.62573
973	9.82142
974	9.02029
975	8.31810
976	8.58337
977	9.27113
978	9.25785
979	8.52290
980	7.66252
981	6.71989
982	5.68012
983	4.89674
984	4.56582
985	4.52690
986	4.54700
987	4.45992
988	4.22202
989	3.96193
990	3.78391
991	3.62373
992	3.45768
993	3.36756
994	3.33840
995	3.28212
996	3.19129
997	3.08083
998	2.92634
999	2.71587
1000	2.46249
1001	2.19933
1002	2.00863
1003	1.98820
1004	2.09971
1005	2.16130
1006	2.09577
1007	1.98760
1008	1.88013
1009	1.77253
1010	1.75130
1011	1.87683
1012	2.02690
1013	2.04681
1014	1.95143
1015	1.86079
1016	1.84181
1017	1.87415
1018	1.90682
1019	1.91592
1020	1.94092
1021	2.06664
1022	2.34341
1023	2.75308
1024	3.23901
1025	3.76096
1026	4.34016
1027	4.98120
1028	5.59762
1029	6.12268
1030	6.56950
1031	6.93187
1032	7.18512
1033	7.32736
1034	7.32895
1035	7.24739
1036	7.34901
1037	7.80585
1038	8.34598
1039	8.49358
1040	8.23379
1041	8.06713
1042	8.20880
1043	8.29113
1044	7.91142
1045	7.10707
1046	6.24237
1047	5.49296
1048	4.81085
1049	4.27253
1050	3.98952
1051	3.89581
1052	3.85674
1053	3.84170
1054	3.93327
1055	4.16514
1056	4.45882
1057	4.78117
1058	5.17524
1059	5.57800
1060	5.82903
1061	5.94287
1062	6.12127
1063	6.45397
1064	6.85206
1065	7.24545
1066	7.68012
1067	8.16452
1068	8.51348
1069	8.52949
1070	8.30047
1071	8.15790
1072	8.42701
1073	9.16594
1074	9.97810
1075	10.35415
1076	10.34265
1077	10.41381
1078	10.55818
1079	10.20476
1080	9.10043
1081	7.58594
1082	6.24214
1083	5.46615
1084	5.06900
1085	4.74956
1086	4.60540
1087	4.76712
1088	5.07522
1089	5.31573
1090	5.40520
1091	5.36180
1092	5.23888
1093	5.06424
1094	4.84950
1095	4.61738
1096	4.38384
1097	4.15220
1098	3.93524
1099	3.74840
1100	3.56603
1101	3.35242
1102	3.13538
1103	2.95431
1104	2.79123
1105	2.61852
1106	2.44192
1107	2.26912
1108	2.10609
1109	1.97790
1110	1.89178
1111	1.81221
1112	1.69991
1113	1.54980
1114	1.36820
1115	1.17333
1116	1.02281
1117	0.92741
1118	0.83480
1119	0.74366
1120	0.70938
1121	0.79181
1122	1.01070
1123	1.32495
1124	1.72733
1125	2.24934
1126	2.84733
1127	3.45454
1128	4.06183
1129	4.65834
1130	5.20659
1131	5.69099
1132	6.11973
1133	6.46633
1134	6.68912
1135	6.81891
1136	6.90109
1137	6.89940
1138	6.82392
1139	6.85314
1140	7.08279
1141	7.20994
1142	6.80052
1143	5.89748
1144	5.18256
1145	5.40551
1146	6.44537
1147	7.31376
1148	7.31911
1149	6.57590
1150	5.50950
1151	4.48000
1152	3.75474
1153	3.43371
1154	3.38376
1155	3.36000
1156	3.22384
1157	3.06540
1158	3.10490
1159	3.45409
1160	4.00667
1161	4.53922
1162	4.91115
1163	5.18140
1164	5.46151
1165	5.78555
1166	6.18384
1167	6.68158
1168	7.21677
1169	7.67687
1170	8.00537
1171	8.19545
1172	8.24746
1173	8.20700
1174	8.16256
1175	8.28443
1176	8.76478
1177	9.51442
1178	10.20482
1179	10.64342
1180	10.74618
1181	10.34784
1182	9.37026
1183	8.02167
1184	6.72626
1185	5.84911
1186	5.29399
1187	4.72965
1188	4.24121
1189	4.22639
1190	4.67345
1191	5.12880
1192	5.28889
1193	5.22845
1194	5.12385
1195	5.00841
1196	4.83065
1197	4.59388
1198	4.35397
1199	4.15297
1200	3.99187
1201	3.84741
1202	3.72155
1203	3.61662
1204	3.46739
1205	3.22425
1206	2.96920
1207	2.80487
1208	2.69809
1209	2.56458
1210	2.41523
1211	2.27859
1212	2.10428
1213	1.89977
1214	1.78022
1215	1.80387
1216	1.90424
1217	1.92930
1218	1.79614
1219	1.64963
1220	1.65764
1221	1.77788
1222	1.89345
1223	1.99784
1224	2.17214
1225	2.44988
1226	2.78797
1227	3.16900
1228	3.60865
1229	4.09608
1230	4.61704
1231	5.16098
1232	5.70673
1233	6.26669
1234	6.87196
1235	7.47692
1236	7.97335
1237	8.33235
1238	8.60698
1239	8.78767
1240	8.80839
1241	8.73124
1242	8.81565
1243	9.16876
1244	9.36418
1245	8.82395
1246	7.69556
1247	6.96623
1248	7.22957
1249	7.90514
1250	8.24278
1251	8.08203
1252	7.48943
1253	6.54369
1254	5.48814
1255	4.65876
1256	4.22823
1257	4.14393
1258	4.22318
1259	4.30030
1260	4.35712
1261	4.47280
1262	4.68143
1263	4.98764
1264	5.40277
1265	5.84097
1266	6.18064
1267	6.47125
1268	6.86590
1269	7.41828
1270	8.08012
1271	8.78570
1272	9.44118
1273	9.91867
1274	10.18154
1275	10.30453
1276	10.27826
1277	10.04970
1278	9.88495
1279	10.19592
1280	10.84992
1281	11.23950
1282	11.12379
1283	10.85654
1284	10.65052
1285	10.15159
1286	9.06062
1287	7.65517
1288	6.44813
1289	5.75094
1290	5.40898
1291	5.04100
1292	4.63891
1293	4.52863
1294	4.77850
1295	5.10323
1296	5.21730
1297	5.09004
1298	4.88589
1299	4.72163
1300	4.57859
1301	4.40231
1302	4.18235
1303	3.93662
1304	3.68595
1305	3.46865
1306	3.30764
1307	3.15923
1308	2.97734
1309	2.78920
1310	2.63291
1311	2.48248
1312	2.30278
1313	2.12258
1314	1.99583
1315	1.93261
1316	1.88580
1317	1.79388
1318	1.63952
1319	1.42680
1320	1.18598
1321	1.03569
1322	1.03974
1323	1.08912
1324	1.08330
1325	1.03852
1326	0.99738
1327	0.99952
1328	1.08653
1329	1.26718
1330	1.53564
1331	1.90083
1332	2.35556
1333	2.86118
1334	3.37892
1335	3.89918
1336	4.42064
1337	4.92159
1338	5.38318
1339	5.79614
1340	6.14631
1341	6.39850
1342	6.50097
1343	6.46466
1344	6.37304
1345	6.37503
1346	6.67975
1347	7.25652
1348	7.69190
1349	7.56418
1350	6.85295
1351	6.16413
1352	6.25833
1353	7.01205
1354	7.56348
1355	7.40713
1356	6.62763
1357	5.49231
1358	4.34860
1359	3.56611
1360	3.24178
1361	3.16776
1362	3.13976
1363	3.14087
1364	3.26611
1365	3.56820
1366	3.99086
1367	4.49506
1368	5.10590
1369	5.71775
1370	6.14249
1371	6.38089
1372	6.60730
1373	6.96888
1374	7.48984
1375	8.08315
1376	8.58967
1377	8.82178
1378	8.72483
1379	8.48771
1380	8.31865
1381	8.24427
1382	8.29020
1383	8.62354
1384	9.26311
1385	9.90415
1386	10.30769
1387	10.52299
1388	10.47458
1389	9.84684
1390	8.51181
1391	6.74254
1392	5.21331
1393	4.53827
1394	4.47912
1395	4.35620
1396	4.09452
1397	4.11613
1398	4.48854
1399	4.88649
1400	5.10868
1401	5.18883
1402	5.18724
1403	5.11069
1404	4.97153
1405	4.81629
1406	4.68646
1407	4.56992
1408	4.42212
1409	4.25072
1410	4.10227
1411	3.96177
1412	3.78777
1413	3.57882
1414	3.32793
1415	3.04956
1416	2.81397
1417	2.64796
1418	2.48972
1419	2.28495
1420	2.07767
1421	1.93272
1422	1.80849
1423	1.65112
1424	1.51121
1425	1.44915
1426	1.43113
1427	1.36135
1428	1.21521
1429	1.08279
1430	1.02742
1431	1.02255
1432	1.06531
1433	1.23667
1434	1.57503
1435	1.99542
1436	2.41895
1437	2.84481
1438	3.30128
1439	3.84088
1440	4.49623
1441	5.20212
1442	5.84931
1443	6.38473
1444	6.81209
1445	7.14536
1446	7.37819
1447	7.50330
1448	7.52010
1449	7.44466
1450	7.42773
1451	7.62685
1452	7.81783
1453	7.47878
1454	6.42299
1455	5.27608
1456	4.93940
1457	5.47348
1458	6.20554
1459	6.59966
1460	6.42902
1461	5.64914
1462	4.49882
1463	3.42889
1464	2.75565
1465	2.51118
1466	2.55847
1467	2.76642
1468	3.09843
1469	3.55276
1470	4.06187
1471	4.51005
1472	4.85316
1473	5.13765
1474	5.45176
1475	5.92401
1476	6.61426
1477	7.39450
1478	8.05319
1479	8.49187
1480	8.76241
1481	8.97342
1482	9.19695
1483	9.37385
1484	9.41286
1485	9.49356
1486	9.91734
1487	10.54875
1488	10.87985
1489	10.72608
1490	10.37880
1491	9.98198
1492	9.24417
1493	7.92383
1494	6.25137
1495	4.87173
1496	4.26481
1497	4.09335
1498	3.79662
1499	3.45901
1500	3.48616
1501	3.79969
1502	3.95538
1503	3.82550
1504	3.66771
1505	3.61218
1506	3.52507
1507	3.34381
1508	3.17668
1509	3.08522
1510	2.98867
1511	2.83337
1512	2.69569
1513	2.62577
1514	2.55603
1515	2.41532
1516	2.20767
1517	1.97145
1518	1.75081
1519	1.61174
1520	1.57619
1521	1.56692
1522	1.51675
1523	1.43827
1524	1.33865
1525	1.20402
1526	1.07091
1527	1.00608
1528	1.05166
1529	1.20097
1530	1.35936
1531	1.39818
1532	1.33006
1533	1.31296
1534	1.42270
1535	1.60441
1536	1.81380
1537	2.05293
1538	2.35271
1539	2.76303
1540	3.29236
1541	3.89294
1542	4.53784
1543	5.22116
1544	5.87246
1545	6.44022
1546	7.00318
1547	7.58158
1548	8.05980
1549	8.41550
1550	8.66255
1551	8.72609
1552	8.74071
1553	9.11715
1554	9.98425
1555	10.78192
1556	10.77534
1557	10.07756
1558	9.61276
1559	9.69342
1560	9.66087
1561	9.14299
1562	8.41954
1563	7.74150
1564	7.09409
1565	6.37309
1566	5.55487
1567	4.82159
1568	4.38374
1569	4.23460
1570	4.24000
1571	4.30481
1572	4.37433
1573	4.46619
1574	4.69247
1575	5.07905
1576	5.47986
1577	5.75845
1578	5.94185
1579	6.12282
1580	6.29891
1581	6.45561
1582	6.67678
1583	7.04618
1584	7.53232
1585	8.00598
1586	8.35131
1587	8.54448
1588	8.58851
1589	8.53362
1590	8.65582
1591	9.27009
1592	10.19329
1593	10.76843
1594	10.70684
1595	10.48264
1596	10.48659
1597	10.29615
1598	9.36149
1599	7.87995
1600	6.42721
1601	5.42153
1602	4.89790
1603	4.49599
1604	4.06743
1605	3.92029
1606	4.20938
1607	4.62117
1608	4.82298
1609	4.79450
1610	4.67355
1611	4.54605
1612	4.39609
1613	4.18029
1614	3.92948
1615	3.70822
1616	3.52436
1617	3.34069
1618	3.12613
1619	2.90548
1620	2.73798
1621	2.62427
1622	2.51834
1623	2.41444
1624	2.33869
1625	2.28488
1626	2.20609
1627	2.06777
1628	1.89025
1629	1.71278
1630	1.53126
1631	1.32720
1632	1.16224
1633	1.09362
1634	1.02704
1635	0.94224
1636	1.01902
1637	1.26097
1638	1.44564
1639	1.52544
1640	1.65728
1641	1.93608
1642	2.35139
1643	2.85611
1644	3.38128
1645	3.89948
1646	4.43827
1647	4.98281
1648	5.50623
1649	6.03335
1650	6.52116
1651	6.85499
1652	7.01960
1653	7.11539
1654	7.18804
1655	7.17336
1656	7.16792
1657	7.45946
1658	8.03032
1659	8.41124
1660	8.12360
1661	7.16295
1662	6.19787
1663	6.01080
1664	6.52629
1665	6.97637
1666	6.88059
1667	6.21712
1668	5.14120
1669	3.97178
1670	3.11093
1671	2.72533
1672	2.66448
1673	2.73618
1674	2.85063
1675	2.98861
1676	3.23775
1677	3.65683
1678	4.14414
1679	4.58919
1680	4.93026
1681	5.16825
1682	5.40558
1683	5.72469
1684	6.15719
1685	6.70927
1686	7.23580
1687	7.50198
1688	7.49430
1689	7.42863
1690	7.46958
1691	7.62677
1692	7.88310
1693	8.36816
1694	9.15003
1695	9.87570
1696	10.15267
1697	10.10696
1698	9.91839
1699	9.27541
1700	7.92489
1701	6.20441
1702	4.80332
1703	4.18291
1704	4.03782
1705	3.81055
1706	3.56788
1707	3.71037
1708	4.17731
1709	4.57292
1710	4.70945
1711	4.68664
1712	4.65553
1713	4.64643
1714	4.59640
1715	4.48036
1716	4.34360
1717	4.21438
1718	4.08745
1719	3.99024
1720	3.93164
1721	3.86169
1722	3.77550
1723	3.70131
1724	3.60231
1725	3.45942
1726	3.33408
1727	3.25457
1728	3.18368
1729	3.10103
1730	2.98757
1731	2.81500
1732	2.64241
1733	2.55015
1734	2.51143
1735	2.45235
1736	2.31978
1737	2.15179
1738	2.07441
1739	2.08477
1740	2.06317
1741	2.03593
1742	2.10769
1743	2.24389
1744	2.40364
1745	2.71085
1746	3.28070
1747	4.02165
1748	4.76745
1749	5.47811
1750	6.17665
1751	6.84308
1752	7.45476
1753	7.98068
1754	8.34782
1755	8.50702
1756	8.47421
1757	8.28744
1758	8.06322
1759	8.09944
1760	8.56199
1761	9.09249
1762	9.16974
1763	8.71012
1764	8.17958
1765	8.12286
1766	8.34749
1767	8.10849
1768	7.22566
1769	6.19162
1770	5.37294
1771	4.76398
1772	4.29310
1773	3.93548
1774	3.66866
1775	3.49555
1776	3.45974
1777	3.57662
1778	3.78195
1779	4.01918
1780	4.29593
1781	4.62784
1782	4.97649
1783	5.23770
1784	5.42260
1785	5.69524
1786	6.10045
1787	6.57387
1788	7.10850
1789	7.65456
1790	8.08235
1791	8.32160
1792	8.36949
1793	8.20407
1794	7.85228
1795	7.53084
1796	7.60159
1797	8.33359
1798	9.60906
1799	10.79862
1800	11.28749
1801	11.22980
1802	11.17073
1803	10.98065
1804	10.05772
1805	8.42087
1806	6.73658
1807	5.70155
1808	5.37813
1809	5.16931
1810	4.78672
1811	4.59204
1812	4.83935
1813	5.23454
1814	5.39938
1815	5.30159
1816	5.13759
1817	5.01146
1818	4.88321
1819	4.73220
1820	4.59412
1821	4.48103
1822	4.37780
1823	4.25047
1824	4.05480
1825	3.81613
1826	3.58869
1827	3.34333
1828	3.06710
1829	2.86253
1830	2.78471
1831	2.72864
1832	2.59603
1833	2.41144
1834	2.21775
1835	2.01033
1836	1.77709
1837	1.53567
1838	1.32551
1839	1.13588
1840	0.92009
1841	0.73044
1842	0.66759
1843	0.71515
1844	0.75829
1845	0.71328
1846	0.67015
1847	0.81724
1848	1.18074
1849	1.64629
1850	2.13221
1851	2.64046
1852	3.26006
1853	4.03045
1854	4.81061
1855	5.43726
1856	5.91373
1857	6.31492
1858	6.57186
1859	6.53853
1860	6.31747
1861	6.18197
1862	6.18184
1863	6.25555
1864	6.44842
1865	6.67018
1866	6.59890
1867	5.95974
1868	4.89134
1869	4.05158
1870	3.94261
1871	4.28637
1872	4.48642
1873	4.24894
1874	3.58233
1875	2.69013
1876	1.91597
1877	1.55695
1878	1.64542
1879	1.98227
1880	2.40022
1881	2.87137
1882	3.36934
1883	3.82446
1884	4.26571
1885	4.75772
1886	5.18718
1887	5.40919
1888	5.51446
1889	5.72950
1890	6.16808
1891	6.76294
1892	7.34963
1893	7.76387
1894	7.86279
1895	7.61229
1896	7.26561
1897	7.19915
1898	7.55462
1899	8.29705
1900	9.34758
1901	10.35300
1902	10.82891
1903	10.76942
1904	10.54031
1905	10.14139
1906	9.22438
1907	7.72957
1908	6.05917
1909	4.86592
1910	4.38202
1911	4.11482
1912	3.75171
1913	3.61581
1914	3.92372
1915	4.34920
1916	4.53221
1917	4.49215
1918	4.41896
1919	4.34863
1920	4.20336
1921	4.00087
1922	3.83920
1923	3.74197
1924	3.66027
1925	3.57725
1926	3.49696
1927	3.39834
1928	3.28281
1929	3.17225
1930	3.05424
1931	2.92814
1932	2.82264
1933	2.71808
1934	2.55292
1935	2.34678
1936	2.20321
1937	2.14652
1938	2.10536
1939	2.03553
1940	1.94534
1941	1.88643
1942	1.92545
1943	2.03614
1944	2.13036
1945	2.21877
1946	2.30805
1947	2.27092
1948	2.10199
1949	2.00210
1950	2.07145
1951	2.28906
1952	2.68373
1953	3.21911
1954	3.76195
1955	4.27212
1956	4.80131
1957	5.35603
1958	5.87661
1959	6.30719
1960	6.62678
1961	6.83289
1962	6.92732
1963	6.88040
1964	6.73659
1965	6.80558
1966	7.37445
1967	8.14024
1968	8.36173
1969	7.72658
1970	6.88784
1971	6.82062
1972	7.51299
1973	8.04898
1974	7.87007
1975	7.05391
1976	5.88324
1977	4.70780
1978	3.83414
1979	3.30421
1980	2.99856
1981	2.86641
1982	2.89434
1983	3.04124
1984	3.32359
1985	3.79584
1986	4.38098
1987	4.91527
1988	5.31811
1989	5.59346
1990	5.84244
1991	6.18503
1992	6.58098
1993	6.96594
1994	7.36702
1995	7.73007
1996	7.94320
1997	8.03657
1998	8.15813
1999	8.35566
2000	8.49741
2001	8.60226
2002	9.05036
2003	9.98078
2004	10.81026
2005	10.95915
2006	10.69126
2007	10.59144
2008	10.50959
2009	9.79898
2010	8.44417
2011	7.03599
2012	5.97874
2013	5.22366
2014	4.53400
2015	3.91694
2016	3.63087
2017	3.75984
2018	4.07476
2019	4.30873
2020	4.36926
2021	4.33236
2022	4.28956
2023	4.24487
2024	4.17377
2025	4.07964
2026	3.96180
2027	3.81841
2028	3.68141
2029	3.57394
2030	3.49026
2031	3.44005
2032	3.42699
2033	3.39888
2034	3.29601
2035	3.14766
2036	3.05373
2037	3.04503
2038	3.05391
2039	3.03644
2040	2.96810
2041	2.79656
2042	2.54418
2043	2.32371
2044	2.20071
2045	2.11837
2046	1.99707
2047	1.88543
2048	1.85271
2049	1.81271
2050	1.70520
2051	1.66778
2052	1.83080
2053	2.12777
2054	2.43797
2055	2.76684
2056	3.16106
2057	3.61428
2058	4.10545
2059	4.60594
2060	5.10313
2061	5.61400
2062	6.13228
2063	6.61078
2064	6.98974
2065	7.22615
2066	7.33278
2067	7.36252
2068	7.35620
2069	7.44214
2070	7.83653
2071	8.42460
2072	8.54348
2073	7.67716
2074	6.24620
2075	5.13642
2076	4.67858
2077	4.68118
2078	4.88804
2079	4.99499
2080	4.76273
2081	4.22073
2082	3.60174
2083	3.14112
2084	2.93937
2085	2.93502
2086	2.98543
2087	3.00807
2088	3.11034
2089	3.43901
2090	3.94902
2091	4.54474
2092	5.16448
2093	5.65240
2094	5.93552
2095	6.18294
2096	6.54196
2097	6.97139
2098	7.35568
2099	7.56751
2100	7.52767
2101	7.31074
2102	7.13613
2103	7.19425
2104	7.44935
2105	7.71597
2106	7.98530
2107	8.41524
2108	8.90236
2109	9.12278
2110	9.08596
2111	9.06307
2112	8.92085
2113	8.23853
2114	7.03839
2115	5.72210
2116	4.65304
2117	4.02080
2118	3.65939
2119	3.28949
2120	2.98649
2121	3.01987
2122	3.35851
2123	3.71218
2124	3.89762
2125	3.96030
2126	4.02789
2127	4.13717
2128	4.20189
2129	4.14961
2130	4.01145
2131	3.85411
2132	3.72462
2133	3.62953
2134	3.52768
2135	3.38670
2136	3.21928
2137	3.04995
2138	2.88615
2139	2.71468
2140	2.51448
2141	2.29996
2142	2.10483
2143	1.90914
2144	1.66157
2145	1.38103
2146	1.16148
2147	1.03694
2148	0.93913
2149	0.83183
2150	0.75585
2151	0.72176
2152	0.68384
2153	0.62816
2154	0.59754
2155	0.64097
2156	0.77270
2157	0.95805
2158	1.17349
2159	1.47832
2160	1.92739
2161	2.45844
2162	2.97844
2163	3.49195
2164	4.06511
2165	4.70474
2166	5.32114
2167	5.85251
2168	6.34494
2169	6.81991
2170	7.22795
2171	7.52498
2172	7.65277
2173	7.59334
2174	7.49358
2175	7.60135
2176	7.97269
2177	8.26165
2178	8.01187
2179	7.25124
2180	6.67698
2181	6.95385
2182	7.82759
2183	8.46031
2184	8.38831
2185	7.65876
2186	6.48877
2187	5.17210
2188	4.05253
2189	3.31948
2190	2.95358
2191	2.87966
2192	2.99706
2193	3.17640
2194	3.34145
2195	3.53582
2196	3.90392
2197	4.53829
2198	5.31448
2199	5.96438
2200	6.37933
2201	6.70481
2202	7.09221
2203	7.53856
2204	7.95373
2205	8.26017
2206	8.44978
2207	8.57014
2208	8.65242
2209	8.63045
2210	8.38984
2211	8.02284
2212	7.96322
2213	8.60371
2214	9.72451
2215	10.58022
2216	10.68271
2217	10.30604
2218	10.01687
2219	9.81769
2220	9.21102
2221	8.16060
2222	7.10740
2223	6.13916
2224	5.17434
2225	4.36432
2226	3.81660
2227	3.55064
2228	3.58208
2229	3.76140
2230	3.87448
2231	3.85215
2232	3.74485
2233	3.61306
2234	3.48845
2235	3.37233
2236	3.25960
2237	3.15098
2238	3.02430
2239	2.85214
2240	2.65802
2241	2.49146
2242	2.36164
2243	2.23523
2244	2.05648
2245	1.79908
2246	1.55196
2247	1.42060
2248	1.36644
2249	1.30569
2250	1.22192
2251	1.09817
2252	0.91162
2253	0.70461
2254	0.54175
2255	0.41965
2256	0.30137
2257	0.20021
2258	0.12820
2259	0.04698
2260	0.00245
2261	0.09195
2262	0.25874
2263	0.42311
2264	0.63398
2265	0.90621
2266	1.20803
2267	1.57684
2268	2.04970
2269	2.59254
2270	3.14459
2271	3.65778
2272	4.10566
2273	4.50957
2274	4.90695
2275	5.26161
2276	5.48531
2277	5.53664
2278	5.44359
2279	5.26538
2280	5.12581
2281	5.20991
2282	5.55771
2283	5.94803
2284	6.02856
2285	5.56219
2286	4.75801
2287	4.24769
2288	4.46282
2289	5.18650
2290	5.81381
2291	5.87356
2292	5.28365
2293	4.33084
2294	3.43692
2295	2.86596
2296	2.65342
2297	2.70060
2298	2.86693
2299	3.01131
2300	3.05739
2301	3.09670
2302	3.30478
2303	3.71723
2304	4.21468
2305	4.67439
2306	5.02277
2307	5.23019
2308	5.37221
2309	5.59235
2310	5.93754
2311	6.36929
2312	6.87142
2313	7.41329
2314	7.89773
2315	8.19760
2316	8.27806
2317	8.29422
2318	8.42777
2319	8.68623
2320	9.07136
2321	9.64457
2322	10.18065
2323	10.28968
2324	10.03228
2325	9.78840
2326	9.45301
2327	8.50707
2328	6.92433
2329	5.26963
2330	4.15508
2331	3.76151
2332	3.66416
2333	3.46237
2334	3.32632
2335	3.54785
2336	3.98755
2337	4.33125
2338	4.48797
2339	4.50964
2340	4.39467
2341	4.16394
2342	3.91120
2343	3.67866
2344	3.47282
2345	3.31123
2346	3.16785
2347	3.01725
2348	2.87764
2349	2.77352
2350	2.71698
2351	2.67127
2352	2.56471
2353	2.38326
2354	2.17139
2355	1.96184
2356	1.79505
2357	1.73558
2358	1.76880
2359	1.78029
2360	1.70386
2361	1.58087
2362	1.45003
2363	1.29572
2364	1.13712
2365	1.05925
2366	1.07886
2367	1.08218
2368	1.00730
2369	0.96927
2370	1.08702
2371	1.32059
2372	1.58760
2373	1.90247
2374	2.32604
2375	2.87240
2376	3.48388
2377	4.10656
2378	4.76020
2379	5.44757
2380	6.10294
2381	6.68761
2382	7.19432
2383	7.58356
2384	7.81161
2385	7.86837
2386	7.75523
2387	7.52706
2388	7.39866
2389	7.59502
2390	7.97906
2391	8.15333
2392	7.91082
2393	7.25985
2394	6.38940
2395	5.72463
2396	5.55981
2397	5.75448
2398	5.90935
2399	5.67835
2400	5.00620
2401	4.17949
2402	3.57374
2403	3.34704
2404	3.41116
2405	3.58841
2406	3.74608
2407	3.86255
2408	3.99239
2409	4.18875
2410	4.49893
2411	4.94351
2412	5.43613
2413	5.81181
2414	6.01899
2415	6.20377
2416	6.46515
2417	6.72764
2418	6.93932
2419	7.10233
2420	7.12933
2421	6.85186
2422	6.19135
2423	5.35830
2424	4.86025
2425	5.16009
2426	6.28306
2427	7.79362
2428	9.01196
2429	9.33589
2430	8.78487
2431	8.10230
2432	7.85231
2433	7.72741
2434	7.15177
2435	6.20713
2436	5.41292
2437	5.00499
2438	4.90229
2439	4.82476
2440	4.54586
2441	4.24589
2442	4.24639
2443	4.46886
2444	4.57364
2445	4.47307
2446	4.35249
2447	4.32362
2448	4.31061
2449	4.22861
2450	4.09908
2451	3.97717
2452	3.87581
2453	3.78230
2454	3.66522
2455	3.48475
2456	3.25330
2457	3.02455
2458	2.81200
2459	2.60904
2460	2.45046
2461	2.33904
2462	2.20036
2463	1.99445
2464	1.77842
2465	1.61372
2466	1.46344
2467	1.25991
2468	1.03117
2469	0.85542
2470	0.73191
2471	0.60945
2472	0.54433
2473	0.63532
2474	0.80187
2475	0.87839
2476	0.87555
2477	0.93704
2478	1.13558
2479	1.46903
2480	1.92737
2481	2.47782
2482	3.09062
2483	3.74141
2484	4.36956
2485	4.93977
2486	5.47641
2487	5.97784
2488	6.40628
2489	6.73913
2490	6.95628
2491	7.02685
2492	6.93871
2493	6.75288
2494	6.65596
2495	6.87879
2496	7.42402
2497	7.89472
2498	7.79718
2499	7.15723
2500	6.68868
2501	6.97071
2502	7.66088
2503	8.02196
2504	7.71907
2505	6.86399
2506	5.76515
2507	4.73145
2508	3.95373
2509	3.45511
2510	3.13402
2511	2.90154
2512	2.76112
2513	2.75922
2514	2.94821
2515	3.37722
2516	3.97360
2517	4.54348
2518	5.00757
2519	5.41375
2520	5.77654
2521	6.08990
2522	6.34968
2523	6.58460
2524	6.87050
2525	7.20226
2526	7.50699
2527	7.72162
2528	7.75093
2529	7.58801
2530	7.38648
2531	7.33653
2532	7.72668
2533	8.76625
2534	9.99227
2535	10.54340
2536	10.28741
2537	9.95381
2538	9.93315
2539	9.64347
2540	8.53779
2541	7.02633
2542	5.80930
2543	5.04736
2544	4.46873
2545	3.88003
2546	3.42041
2547	3.35634
2548	3.65070
2549	3.98906
2550	4.13199
2551	4.06986
2552	3.94799
2553	3.87578
2554	3.82892
2555	3.74986
2556	3.63480
2557	3.50484
2558	3.37775
2559	3.25772
2560	3.13110
2561	3.00269
2562	2.89333
2563	2.79382
2564	2.68216
2565	2.56426
2566	2.46525
2567	2.38451
2568	2.28381
2569	2.14808
2570	2.01323
2571	1.89050
2572	1.70825
2573	1.43358
2574	1.19548
2575	1.10957
2576	1.12111
2577	1.12541
2578	1.05636
2579	0.92086
2580	0.84235
2581	0.90266
2582	1.00263
2583	1.06685
2584	1.17547
2585	1.41556
2586	1.82042
2587	2.35454
2588	2.89627
2589	3.39422
2590	3.94039
2591	4.53651
2592	5.03826
2593	5.43316
2594	5.83831
2595	6.24200
2596	6.50573
2597	6.56572
2598	6.47954
2599	6.26929
2600	5.97947
2601	5.93015
2602	6.43653
2603	7.28055
2604	7.82335
2605	7.56065
2606	6.57715
2607	5.54630
2608	5.10759
2609	5.27580
2610	5.60520
2611	5.70487
2612	5.43828
2613	4.87514
2614	4.16249
2615	3.47630
2616	3.02746
2617	2.90749
2618	2.99222
2619	3.09009
2620	3.13936
2621	3.24560
2622	3.52085
2623	3.93636
2624	4.38228
2625	4.79434
2626	5.15934
2627	5.47022
2628	5.74393
2629	6.03635
2630	6.37147
2631	6.68767
2632	6.92569
2633	7.08272
2634	7.13636
2635	7.09568
2636	7.08681
2637	7.21799
2638	7.45778
2639	7.79495
2640	8.38991
2641	9.16605
2642	9.55438
2643	9.26800
2644	8.84890
2645	8.75564
2646	8.48851
2647	7.43872
2648	5.95721
2649	4.82208
2650	4.36669
2651	4.29831
2652	4.11853
2653	3.76290
2654	3.58223
2655	3.73066
2656	4.00167
2657	4.18538
2658	4.24062
2659	4.19720
2660	4.06293
2661	3.85734
2662	3.65715
2663	3.51393
2664	3.37972
2665	3.20434
2666	3.02257
2667	2.88049
2668	2.77936
2669	2.68322
2670	2.54288
2671	2.34493
2672	2.09994
2673	1.82834
2674	1.57802
2675	1.39308
2676	1.27974
2677	1.18983
2678	1.07343
2679	0.93485
2680	0.76826
2681	0.56716
2682	0.38869
2683	0.29105
2684	0.25398
2685	0.21646
2686	0.18827
2687	0.22226
2688	0.30303
2689	0.40291
2690	0.55911
2691	0.81076
2692	1.15038
2693	1.55808
2694	2.03123
2695	2.55801
2696	3.11978
2697	3.72159
2698	4.33552
2699	4.90834
2700	5.44579
2701	5.95289
2702	6.38585
2703	6.71712
2704	6.95643
2705	7.11976
2706	7.17138
2707	7.07601
2708	7.02335
2709	7.30224
2710	7.76796
2711	7.92801
2712	7.58715
2713	6.95630
2714	6.48494
2715	6.70903
2716	7.60849
2717	8.37733
2718	8.31254
2719	7.42360
2720	6.16310
2721	5.01509
2722	4.26460
2723	3.91985
2724	3.80815
2725	3.74436
2726	3.65226
2727	3.60174
2728	3.66448
2729	3.80836
2730	4.05764
2731	4.49381
2732	5.05399
2733	5.57492
2734	5.97465
2735	6.29092
2736	6.60437
2737	6.98070
2738	7.41077
2739	7.74425
2740	7.82861
2741	7.70850
2742	7.54199
2743	7.44456
2744	7.49204
2745	7.79660
2746	8.51516
2747	9.54889
2748	10.31034
2749	10.31869
2750	9.95950
2751	9.89019
2752	9.85707
2753	9.10456
2754	7.63438
2755	6.08398
2756	5.03511
2757	4.61788
2758	4.39600
2759	4.04125
2760	3.74456
2761	3.73050
2762	3.91779
2763	4.12412
2764	4.24320
2765	4.27307
2766	4.27311
2767	4.27299
2768	4.24562
2769	4.15449
2770	4.01115
2771	3.87656
2772	3.79015
2773	3.72593
2774	3.63138
2775	3.48788
2776	3.31381
2777	3.12985
2778	2.95437
2779	2.81041
2780	2.70275
2781	2.60077
2782	2.46663
2783	2.27678
2784	2.03017
2785	1.76964
2786	1.55266
2787	1.39732
2788	1.25934
2789	1.07641
2790	0.87474
2791	0.71373
2792	0.57578
2793	0.48151
2794	0.52926
2795	0.70333
2796	0.85425
2797	0.92776
2798	1.06301
2799	1.40908
2800	1.91903
2801	2.46647
2802	3.05518
2803	3.70365
2804	4.31720
2805	4.81651
2806	5.23247
2807	5.62921
2808	6.00563
2809	6.28701
2810	6.40211
2811	6.37371
2812	6.26045
2813	6.09747
2814	6.09049
2815	6.49846
2816	7.10685
2817	7.32439
2818	6.83317
2819	5.95621
2820	5.49755
2821	5.93247
2822	6.79078
2823	7.22082
2824	6.81601
2825	5.77142
2826	4.58442
2827	3.66283
2828	3.12690
2829	2.89951
2830	2.83901
2831	2.81417
2832	2.77661
2833	2.76831
2834	2.90549
2835	3.28507
2836	3.84114
2837	4.40755
2838	4.85110
2839	5.13007
2840	5.35276
2841	5.64397
2842	5.96133
2843	6.20013
2844	6.32902
2845	6.36634
2846	6.32494
2847	6.18770
2848	5.96881
2849	5.73316
2850	5.55832
2851	5.62036
2852	6.14696
2853	7.05614
2854	7.84183
2855	8.17079
2856	8.32652
2857	8.58027
2858	8.51390
2859	7.59410
2860	6.00559
2861	4.44954
2862	3.55660
2863	3.34259
2864	3.27776
2865	3.05409
2866	2.88190
2867	3.00306
2868	3.34039
2869	3.63652
2870	3.73517
2871	3.72004
2872	3.72346
2873	3.71361
2874	3.63719
2875	3.54842
2876	3.48207
2877	3.40575
2878	3.29625
2879	3.15099
2880	2.98523
2881	2.83972
2882	2.73238
2883	2.62460
2884	2.46915
2885	2.27443
2886	2.08854
2887	1.92868
2888	1.79410
2889	1.70769
2890	1.65657
2891	1.56410
2892	1.40887
2893	1.27981
2894	1.24606
2895	1.28317
2896	1.32395
2897	1.31864
2898	1.29898
2899	1.31377
2900	1.34109
2901	1.41361
2902	1.60283
2903	1.80902
2904	1.93248
2905	2.13232
2906	2.54598
2907	3.05522
2908	3.55647
2909	4.07073
2910	4.58454
2911	5.04326
2912	5.41626
2913	5.72870
2914	6.01895
2915	6.22476
2916	6.25103
2917	6.11574
2918	5.89993
2919	5.76073
2920	5.96772
2921	6.61633
2922	7.36833
2923	7.69393
2924	7.48213
2925	7.32451
2926	7.75442
2927	8.38005
2928	8.39194
2929	7.55273
2930	6.26278
2931	5.02926
2932	4.15967
2933	3.71271
2934	3.52309
2935	3.37718
2936	3.16450
2937	2.89223
2938	2.70646
2939	2.78335
2940	3.12788
2941	3.58163
2942	3.96386
2943	4.21546
2944	4.43655
2945	4.68155
2946	4.88084
2947	5.03680
2948	5.20578
2949	5.36932
2950	5.52725
2951	5.73815
2952	6.02434
2953	6.37177
2954	6.73787
2955	6.96547
2956	6.85996
2957	6.50424
2958	6.39928
2959	7.06807
2960	8.37443
2961	9.43384
2962	9.57308
2963	9.12468
2964	8.74856
2965	8.33258
2966	7.32076
2967	5.79399
2968	4.40183
2969	3.68517
2970	3.64452
2971	3.73090
2972	3.59573
2973	3.45650
2974	3.54666
2975	3.73467
2976	3.82650
2977	3.84005
2978	3.82975
2979	3.73886
2980	3.58380
2981	3.48551
2982	3.45526
2983	3.40036
2984	3.28642
2985	3.15812
2986	3.05869
2987	2.98272
2988	2.90075
2989	2.78932
2990	2.63580
2991	2.47399
2992	2.37973
2993	2.34869
2994	2.28678
2995	2.17590
2996	2.07087
2997	1.95026
2998	1.75991
2999	1.53469
3000	1.33762
3001	1.17369
3002	1.02362
3003	0.88949
3004	0.78310
3005	0.66840
3006	0.50958
3007	0.35435
3008	0.24661
3009	0.22585
3010	0.37449
3011	0.69003
3012	1.09283
3013	1.54644
3014	2.05594
3015	2.64479
3016	3.32007
3017	4.02310
3018	4.66846
3019	5.22869
3020	5.74658
3021	6.25927
3022	6.71524
3023	7.00528
3024	7.10229
3025	7.06614
3026	6.93118
3027	6.78478
3028	6.82908
3029	7.17580
3030	7.59493
3031	7.54921
3032	6.83336
3033	6.02107
3034	5.74126
3035	5.90467
3036	5.99851
3037	5.70589
3038	5.06291
3039	4.25497
3040	3.46211
3041	2.83594
3042	2.44826
3043	2.23787
3044	2.09391
3045	1.96628
3046	1.86530
3047	1.89081
3048	2.20216
3049	2.76187
3050	3.33088
3051	3.80757
3052	4.22783
3053	4.54872
3054	4.75210
3055	4.96041
3056	5.26588
3057	5.61881
3058	5.94434
3059	6.22057
3060	6.41317
3061	6.47030
3062	6.43135
3063	6.39497
3064	6.30415
3065	6.02306
3066	5.75873
3067	5.98778
3068	6.75521
3069	7.49194
3070	7.77136
3071	7.77502
3072	7.65668
3073	7.04903
3074	5.82634
3075	4.56002
3076	3.77485
3077	3.47862
3078	3.36462
3079	3.19187
3080	3.07796
3081	3.26686
3082	3.70152
3083	4.08569
3084	4.20102
3085	4.06454
3086	3.84884
3087	3.67669
3088	3.53333
3089	3.38626
3090	3.25144
3091	3.10973
3092	2.93944
3093	2.78412
3094	2.66751
3095	2.58078
3096	2.51375
3097	2.40820
3098	2.24334
3099	2.10551
3100	2.04345
3101	2.01034
3102	1.98328
3103	1.97673
3104	1.95612
3105	1.86849
3106	1.73553
3107	1.65610
3108	1.69920
3109	1.78584
3110	1.82156
3111	1.88450
3112	2.03644
3113	2.17978
3114	2.23784
3115	2.23608
3116	2.23910
3117	2.32654
3118	2.58120
3119	3.02483
3120	3.59168
3121	4.18098
3122	4.72063
3123	5.22674
3124	5.74311
3125	6.26790
3126	6.78839
3127	7.25779
3128	7.58568
3129	7.73097
3130	7.73297
3131	7.62000
3132	7.43315
3133	7.41522
3134	7.83591
3135	8.50643
3136	8.80712
3137	8.37496
3138	7.60479
3139	7.17639
3140	7.17546
3141	7.13371
3142	6.73854
3143	6.00521
3144	5.02467
3145	3.96903
3146	3.11579
3147	2.61009
3148	2.37739
3149	2.30122
3150	2.28273
3151	2.20403
3152	2.07707
3153	2.10700
3154	2.44336
3155	3.05280
3156	3.78671
3157	4.42574
3158	4.84130
3159	5.11039
3160	5.35503
3161	5.59194
3162	5.79437
3163	5.97888
3164	6.17706
3165	6.36300
3166	6.44077
3167	6.35606
3168	6.16676
3169	5.94761
3170	5.74671
3171	5.67493
3172	5.92885
3173	6.56873
3174	7.22601
3175	7.39962
3176	7.18350
3177	7.11678
3178	7.18623
3179	6.76189
3180	5.72196
3181	4.72763
3182	4.35899
3183	4.56256
3184	4.77920
3185	4.66532
3186	4.47437
3187	4.56930
3188	4.93050
3189	5.25923
3190	5.32377
3191	5.17748
3192	5.04060
3193	5.00006
3194	4.96079
3195	4.84493
3196	4.67401
3197	4.48352
3198	4.30612
3199	4.15811
3200	4.00059
3201	3.83450
3202	3.72439
3203	3.67438
3204	3.63512
3205	3.59099
3206	3.54395
3207	3.48794
3208	3.42966
3209	3.37784
3210	3.31572
3211	3.23600
3212	3.20740
3213	3.29975
3214	3.42897
3215	3.44773
3216	3.34910
3217	3.23515
3218	3.19850
3219	3.25019
3220	3.31353
3221	3.35814
3222	3.44207
3223	3.60753
3224	3.85813
3225	4.16819
3226	4.51058
3227	4.92479
3228	5.43643
3229	5.95121
3230	6.38081
3231	6.76754
3232	7.15333
3233	7.44415
3234	7.49427
3235	7.29693
3236	6.99768
3237	6.74340
3238	6.71175
3239	7.05255
3240	7.56566
3241	7.84084
3242	7.77186
3243	7.56198
3244	7.42206
3245	7.42485
3246	7.31779
3247	6.71774
3248	5.62848
3249	4.42077
3250	3.47534
3251	2.93052
3252	2.67372
3253	2.55093
3254	2.49291
3255	2.49120
3256	2.55400
3257	2.68544
3258	2.93563
3259	3.34993
3260	3.81737
3261	4.17559
3262	4.40733
3263	4.58297
3264	4.75429
3265	4.95265
3266	5.19991
3267	5.49862
3268	5.80701
3269	6.05433
3270	6.19173
3271	6.19110
3272	6.02475
3273	5.72213
3274	5.41875
3275	5.31228
3276	5.65297
3277	6.62926
3278	7.93703
3279	8.74100
3280	8.66613
3281	8.38106
3282	8.41445
3283	8.17287
3284	7.01800
3285	5.31814
3286	3.88910
3287	3.26543
3288	3.26655
3289	3.28045
3290	3.15677
3291	3.20351
3292	3.48716
3293	3.76785
3294	3.91079
3295	3.94236
3296	3.87212
3297	3.71551
3298	3.56106
3299	3.46131
3300	3.36624
3301	3.22404
3302	3.06793
3303	2.96662
3304	2.92287
3305	2.86663
3306	2.75462
3307	2.61983
3308	2.48588
3309	2.30552
3310	2.04825
3311	1.77217
3312	1.54402
3313	1.35969
3314	1.19720
3315	1.05723
3316	0.90195
3317	0.70633
3318	0.55330
3319	0.49110
3320	0.45461
3321	0.41488
3322	0.40488
3323	0.43303
3324	0.47768
3325	0.54077
3326	0.67955
3327	0.94499
3328	1.30791
3329	1.72967
3330	2.22897
3331	2.79042
3332	3.36155
3333	3.96189
3334	4.64088
3335	5.36043
3336	6.00887
3337	6.53063
3338	6.99083
3339	7.44801
3340	7.82903
3341	8.03982
3342	8.10458
3343	8.07737
3344	8.00033
3345	8.06314
3346	8.44838
3347	8.89227
3348	8.75355
3349	7.65949
3350	6.04446
3351	4.93400
3352	4.95447
3353	5.74860
3354	6.51680
3355	6.73151
3356	6.24103
3357	5.19141
3358	4.03060
3359	3.23036
3360	2.94460
3361	3.02904
3362	3.22646
3363	3.37338
3364	3.50749
3365	3.68112
3366	3.87890
3367	4.20684
3368	4.76061
3369	5.35557
3370	5.75745
3371	5.99710
3372	6.23754
3373	6.50593
3374	6.73176
3375	6.92874
3376	7.10618
3377	7.11477
3378	6.81731
3379	6.35749
3380	6.12886
3381	6.37348
3382	6.94621
3383	7.63315
3384	8.30383
3385	8.68172
3386	8.67805
3387	8.79526
3388	9.30983
3389	9.53844
3390	8.79617
3391	7.30924
3392	5.76039
3393	4.72950
3394	4.29839
3395	4.10811
3396	3.91818
3397	3.76365
3398	3.71876
3399	3.79960
3400	3.95347
3401	4.05628
3402	4.02619
3403	3.90477
3404	3.76433
3405	3.61063
3406	3.42168
3407	3.21512
3408	3.03858
3409	2.90977
3410	2.80471
3411	2.69347
3412	2.53341
3413	2.30070
3414	2.05934
3415	1.88839
3416	1.78503
3417	1.69109
3418	1.52543
3419	1.27778
3420	1.06135
3421	0.93868
3422	0.85144
3423	0.73585
3424	0.58707
3425	0.45910
3426	0.38526
3427	0.34683
3428	0.34826
3429	0.40653
3430	0.50574
3431	0.61180
3432	0.69917
3433	0.80059
3434	1.00687
3435	1.35224
3436	1.77947
3437	2.24473
3438	2.75879
3439	3.32981
3440	3.91957
3441	4.48016
3442	5.01772
3443	5.56267
3444	6.10005
3445	6.59584
3446	7.04202
3447	7.40782
3448	7.64922
3449	7.74669
3450	7.65873
3451	7.47438
3452	7.52788
3453	7.95465
3454	8.37944
3455	8.33267
3456	7.71507
3457	6.85866
3458	6.25921
3459	6.11525
3460	6.20528
3461	6.20481
3462	5.94223
3463	5.40856
3464	4.69156
3465	3.99921
3466	3.57176
3467	3.44782
3468	3.47655
3469	3.52473
3470	3.55432
3471	3.63447
3472	3.84955
3473	4.14345
3474	4.46033
3475	4.83133
3476	5.17931
3477	5.39678
3478	5.54400
3479	5.73222
3480	5.95047
3481	6.12342
3482	6.26271
3483	6.43009
3484	6.58950
3485	6.64895
3486	6.62177
3487	6.60292
3488	6.64288
3489	6.82375
3490	7.36756
3491	8.33798
3492	9.28007
3493	9.61770
3494	9.36351
3495	8.97896
3496	8.69552
3497	8.22624
3498	7.20805
3499	5.89752
3500	4.89358
3501	4.33556
3502	3.98698
3503	3.64800
3504	3.27547
3505	3.03167
3506	3.09892
3507	3.35816
3508	3.51805
3509	3.46564
3510	3.31102
3511	3.16952
3512	3.04591
3513	2.91770
3514	2.79411
3515	2.69018
3516	2.61119
3517	2.56014
3518	2.53080
3519	2.50095
3520	2.44993
3521	2.36334
3522	2.22622
3523	2.05501
3524	1.92395
3525	1.86993
3526	1.80288
3527	1.65620
3528	1.51787
3529	1.46171
3530	1.41579
3531	1.28461
3532	1.08001
3533	0.90386
3534	0.82740
3535	0.81609
3536	0.78367
3537	0.69606
3538	0.61296
3539	0.60877
3540	0.69779
3541	0.84536
3542	1.01001
3543	1.20649
3544	1.49542
3545	1.87947
3546	2.29877
3547	2.74378
3548	3.28336
3549	3.93886
3550	4.61463
3551	5.20871
3552	5.68496
3553	6.05425
3554	6.36021
3555	6.60478
3556	6.72493
3557	6.68986
3558	6.51312
3559	6.25612
3560	6.14859
3561	6.41167
3562	6.85220
3563	7.02724
3564	6.80545
3565	6.39134
3566	6.01747
3567	5.92714
3568	6.20700
3569	6.50871
3570	6.39410
3571	5.77293
3572	4.87298
3573	4.04050
3574	3.53187
3575	3.37606
3576	3.37712
3577	3.29825
3578	3.11065
3579	2.98807
3580	3.08208
3581	3.38214
3582	3.75748
3583	4.10546
3584	4.39066
3585	4.62976
3586	4.92220
3587	5.29175
3588	5.59398
3589	5.75853
3590	5.88677
3591	6.06084
3592	6.21697
3593	6.19390
3594	5.90091
3595	5.48558
3596	5.28080
3597	5.42364
3598	5.68319
3599	5.94352
3600	6.50766
3601	7.52769
3602	8.52458
3603	8.90724
3604	8.77883
3605	8.69276
3606	8.65216
3607	8.07848
3608	6.80349
3609	5.30527
3610	4.18753
3611	3.81872
3612	3.91135
3613	3.85685
3614	3.60357
3615	3.56058
3616	3.83591
3617	4.11485
3618	4.16204
3619	4.06282
3620	3.99629
3621	3.97979
3622	3.92724
3623	3.80959
3624	3.66402
3625	3.54282
3626	3.47340
3627	3.42058
3628	3.33113
3629	3.22428
3630	3.14789
3631	3.07621
3632	2.96245
3633	2.83029
3634	2.73876
3635	2.70685
3636	2.68601
3637	2.60722
3638	2.45380
3639	2.26657
3640	2.08671
3641	1.92843
3642	1.82055
3643	1.76632
3644	1.69058
3645	1.56336
3646	1.44872
3647	1.40052
3648	1.42280
3649	1.47836
3650	1.55002
3651	1.71307
3652	2.04243
3653	2.49686
3654	2.99047
3655	3.47874
3656	3.95003
3657	4.43103
3658	4.96523
3659	5.53406
3660	6.02805
3661	6.36129
3662	6.60573
3663	6.88718
3664	7.15816
3665	7.23852
3666	7.07913
3667	6.82581
3668	6.71304
3669	6.98230
3670	7.64161
3671	8.25938
3672	8.26178
3673	7.58530
3674	6.91113
3675	6.94919
3676	7.53899
3677	7.87529
3678	7.49302
3679	6.55603
3680	5.46345
3681	4.57690
3682	4.10464
3683	3.97964
3684	3.94295
3685	3.81266
3686	3.58757
3687	3.32720
3688	3.06750
3689	2.88942
3690	2.92783
3691	3.21870
3692	3.61608
3693	3.95412
3694	4.23089
3695	4.51767
3696	4.78528
3697	4.97226
3698	5.09490
3699	5.20363
3700	5.34353
3701	5.49550
3702	5.53441
3703	5.39231
3704	5.18469
3705	5.07943
3706	5.11366
3707	5.11779
3708	4.89547
3709	4.63678
3710	4.86541
3711	5.81162
3712	7.07100
3713	7.93606
3714	8.09350
3715	7.81622
3716	7.28000
3717	6.22922
3718	4.68612
3719	3.26307
3720	2.56181
3721	2.57708
3722	2.79465
3723	2.81216
3724	2.67334
3725	2.63398
3726	2.78839
3727	3.00434
3728	3.09951
3729	3.00768
3730	2.80326
3731	2.58988
3732	2.39794
3733	2.21565
3734	2.04889
3735	1.89067
3736	1.71355
3737	1.52416
3738	1.36112
3739	1.25485
3740	1.18449
3741	1.05646
3742	0.82335
3743	0.60846
3744	0.55588
3745	0.58485
3746	0.50277
3747	0.30000
3748	0.11226
3749	0.02298
3750	0.01978
3751	0.04593
3752	0.05908
3753	0.00748
3754	-0.13621
3755	-0.26130
3756	-0.26028
3757	-0.18035
3758	-0.07341
3759	0.09185
3760	0.32888
3761	0.62323
3762	0.99082
3763	1.44087
3764	1.94651
3765	2.49060
3766	3.07408
3767	3.68019
3768	4.27322
3769	4.83529
3770	5.37336
3771	5.90354
3772	6.45968
3773	7.04764
3774	7.59439
3775	8.02651
3776	8.33405
3777	8.49380
3778	8.50796
3779	8.62403
3780	9.13083
3781	9.76734
3782	9.88095
3783	9.29441
3784	8.62641
3785	8.60370
3786	9.13296
3787	9.48193
3788	9.23917
3789	8.51986
3790	7.55611
3791	6.53353
3792	5.64729
3793	5.02540
3794	4.64553
3795	4.39646
3796	4.16365
3797	3.94639
3798	3.89378
3799	4.09064
3800	4.41473
3801	4.72036
3802	5.00984
3803	5.34808
3804	5.70588
3805	5.98541
3806	6.17497
3807	6.34716
3808	6.53782
3809	6.72953
3810	6.94498
3811	7.26043
3812	7.67755
3813	8.05814
3814	8.21950
3815	8.17048
3816	8.26306
3817	8.80948
3818	9.56185
3819	10.04183
3820	10.26369
3821	10.48775
3822	10.48089
3823	9.72941
3824	8.16260
3825	6.28493
3826	4.88780
3827	4.26985
3828	3.97516
3829	3.67021
3830	3.48915
3831	3.55411
3832	3.75094
3833	3.92308
3834	4.02097
3835	4.07382
3836	4.06662
3837	3.95121
3838	3.74862
3839	3.54284
3840	3.37231
3841	3.20963
3842	3.05104
3843	2.92075
3844	2.80930
3845	2.68669
3846	2.54169
3847	2.37776
3848	2.18449
3849	1.97376
3850	1.83758
3851	1.82769
3852	1.84287
3853	1.78898
3854	1.68468
3855	1.54658
3856	1.38973
3857	1.29152
3858	1.30038
3859	1.36450
3860	1.40679
3861	1.40506
3862	1.38107
3863	1.37436
3864	1.42474
3865	1.53167
3866	1.67685
3867	1.87772
3868	2.14792
3869	2.47859
3870	2.88609
3871	3.38179
3872	3.92879
3873	4.48271
3874	5.03438
3875	5.59482
3876	6.13644
3877	6.55542
3878	6.78025
3879	6.91729
3880	7.08729
3881	7.17090
3882	7.01373
3883	6.79118
3884	6.86004
3885	7.29167
3886	7.68884
3887	7.49021
3888	6.62670
3889	5.85504
3890	6.03810
3891	7.10805
3892	8.17963
3893	8.49045
3894	7.83862
3895	6.44176
3896	4.80694
3897	3.53611
3898	2.91604
3899	2.76962
3900	2.77505
3901	2.75575
3902	2.70355
3903	2.71075
3904	2.91704
3905	3.43309
3906	4.20804
3907	4.99256
3908	5.55142
3909	5.86999
3910	6.08522
3911	6.33699
3912	6.70562
3913	7.17485
3914	7.59637
3915	7.75587
3916	7.61505
3917	7.45714
3918	7.61018
3919	7.98734
3920	8.17918
3921	8.14415
3922	8.33403
3923	8.88525
3924	9.31615
3925	9.31973
3926	9.20413
3927	9.18978
3928	8.87357
3929	7.90327
3930	6.60207
3931	5.46566
3932	4.64708
3933	4.01450
3934	3.46336
3935	3.11378
3936	3.11240
3937	3.37561
3938	3.69948
3939	3.94229
3940	4.03785
3941	3.96995
3942	3.78064
3943	3.55772
3944	3.35618
3945	3.15321
3946	2.92579
3947	2.70629
3948	2.54446
3949	2.45311
3950	2.37645
3951	2.25902
3952	2.11756
3953	1.96679
3954	1.78746
3955	1.60551
3956	1.44289
3957	1.27947
3958	1.15593
3959	1.09259
3960	1.01676
3961	0.90652
3962	0.79019
3963	0.66235
3964	0.51620
3965	0.41063
3966	0.42850
3967	0.51552
3968	0.53227
3969	0.47821
3970	0.47810
3971	0.59058
3972	0.77088
3973	1.00333
3974	1.31018
3975	1.67368
3976	2.07422
3977	2.52503
3978	3.03539
3979	3.59339
3980	4.18529
3981	4.78193
3982	5.32117
3983	5.79897
3984	6.29604
3985	6.80536
3986	7.19296
3987	7.38593
3988	7.39153
3989	7.18367
3990	6.88098
3991	6.88029
3992	7.41183
3993	8.11592
3994	8.36107
3995	7.85785
3996	6.90223
3997	6.19847
3998	6.27732
3999	6.92755
4000	7.45453
4001	7.40250
4002	6.71842
4003	5.61478
4004	4.49734
4005	3.74419
4006	3.45511
4007	3.45039
4008	3.53473
4009	3.65934
4010	3.80902
4011	3.96156
4012	4.16782
4013	4.49352
4014	4.89350
4015	5.23457
4016	5.48616
4017	5.77963
4018	6.16748
4019	6.50977
4020	6.70564
4021	6.82734
4022	6.94962
4023	7.03556
4024	7.12439
4025	7.40942
4026	7.91021
4027	8.31935
4028	8.40971
4029	8.44882
4030	8.85770
4031	9.47108
4032	9.70376
4033	9.46701
4034	9.26782
4035	9.33450
4036	9.16580
4037	8.27976
4038	6.95590
4039	5.65807
4040	4.51772
4041	3.63743
4042	3.06769
4043	2.73488
4044	2.66054
4045	2.86769
4046	3.16744
4047	3.29227
4048	3.18939
4049	3.03995
4050	2.96807
4051	2.93426
4052	2.88582
4053	2.81768
4054	2.73877
4055	2.66460
4056	2.60286
4057	2.53238
4058	2.42249
4059	2.28254
4060	2.14778
4061	2.01653
4062	1.86812
4063	1.72439
4064	1.62393
4065	1.53708
4066	1.40652
4067	1.26058
4068	1.14447
4069	1.01801
4070	0.84752
4071	0.69179
4072	0.60422
4073	0.53630
4074	0.43322
4075	0.37083
4076	0.44401
4077	0.55407
4078	0.56523
4079	0.56025
4080	0.68649
4081	0.95431
4082	1.29586
4083	1.68471
4084	2.14270
4085	2.63757
4086	3.11826
4087	3.63810
4088	4.23609
4089	4.82821
4090	5.37559
4091	5.93034
4092	6.47564
4093	6.90657
4094	7.15409
4095	7.25800
4096	7.26750
4097	7.16393
4098	7.05210
4099	7.18132
4100	7.54138
4101	7.70358
4102	7.24242
4103	6.27360
4104	5.54095
4105	5.75875
4106	6.79405
4107	7.76527
4108	7.88529
4109	7.01405
4110	5.64227
4111	4.48182
4112	3.92377
4113	3.85713
4114	3.93557
4115	3.89443
4116	3.70989
4117	3.57491
4118	3.68623
4119	4.09081
4120	4.70875
4121	5.34237
4122	5.78866
4123	6.05849
4124	6.30415
4125	6.57738
4126	6.85884
4127	7.18986
4128	7.58887
4129	7.93214
4130	8.06189
4131	8.02562
4132	8.08978
4133	8.39209
4134	8.67094
4135	8.66355
4136	8.64310
4137	9.04332
4138	9.73861
4139	10.16381
4140	10.02013
4141	9.52648
4142	8.87030
4143	7.81861
4144	6.33650
4145	5.01816
4146	4.38764
4147	4.24495
4148	4.04484
4149	3.67047
4150	3.55281
4151	3.97076
4152	4.57809
4153	4.87907
4154	4.78391
4155	4.51196
4156	4.24805
4157	4.03587
4158	3.86045
4159	3.70815
4160	3.56624
4161	3.43330
4162	3.32440
4163	3.23612
4164	3.14163
4165	3.03213
4166	2.91846
4167	2.80657
4168	2.71331
4169	2.65397
4170	2.58658
4171	2.47763
4172	2.40209
4173	2.40402
4174	2.38075
4175	2.29438
4176	2.25952
4177	2.30883
4178	2.32744
4179	2.25848
4180	2.19502
4181	2.20929
4182	2.24249
4183	2.25778
4184	2.31750
4185	2.46458
4186	2.70753
4187	3.06815
4188	3.49089
4189	3.86384
4190	4.21718
4191	4.64505
4192	5.11119
4193	5.56404
4194	5.99151
4195	6.35615
4196	6.67183
4197	6.94423
4198	7.07352
4199	7.02769
4200	6.89126
4201	6.69301
4202	6.49185
4203	6.50747
4204	6.86434
4205	7.32986
4206	7.43239
4207	6.92587
4208	6.24831
4209	6.13532
4210	6.59188
4211	6.91312
4212	6.60978
4213	5.69787
4214	4.47335
4215	3.30811
4216	2.44405
4217	1.91204
4218	1.62592
4219	1.46439
4220	1.36440
4221	1.40557
4222	1.69239
4223	2.20356
4224	2.84649
4225	3.55460
4226	4.27421
4227	4.93619
4228	5.49648
4229	5.95185
4230	6.29641
4231	6.54208
4232	6.73764
4233	6.94125
4234	7.15259
4235	7.23117
4236	7.05448
4237	6.77836
4238	6.64998
4239	6.61867
4240	6.48422
4241	6.37523
4242	6.68624
4243	7.41937
4244	8.00754
4245	8.03293
4246	7.77435
4247	7.79074
4248	8.02895
4249	7.81982
4250	7.00606
4251	6.17965
4252	5.57454
4253	4.81858
4254	3.82192
4255	3.00799
4256	2.69896
4257	2.78384
4258	2.97133
4259	3.11813
4260	3.17788
4261	3.10277
4262	2.93246
4263	2.77944
4264	2.69760
4265	2.65264
4266	2.59504
4267	2.50953
4268	2.39556
4269	2.27720
4270	2.19267
4271	2.12248
4272	2.02961
4273	1.93519
4274	1.87294
4275	1.84097
4276	1.82361
4277	1.81441
4278	1.82335
4279	1.86064
4280	1.91068
4281	1.93557
4282	1.89057
4283	1.76647
4284	1.62315
4285	1.54894
4286	1.58031
4287	1.65553
4288	1.69762
4289	1.72765
4290	1.80428
4291	1.89704
4292	1.95040
4293	2.03570
4294	2.26501
4295	2.61081
4296	2.98789
4297	3.37002
4298	3.75520
4299	4.18421
4300	4.71815
4301	5.33600
4302	5.95571
4303	6.51239
4304	6.99978
4305	7.45923
4306	7.89537
4307	8.25830
4308	8.51008
4309	8.61316
4310	8.50180
4311	8.26346
4312	8.27600
4313	8.76038
4314	9.31739
4315	9.34563
4316	8.69500
4317	7.81120
4318	7.39394
4319	7.69515
4320	8.28188
4321	8.54997
4322	8.16172
4323	7.13917
4324	5.81740
4325	4.64564
4326	3.92040
4327	3.63565
4328	3.52934
4329	3.36501
4330	3.15116
4331	3.00449
4332	2.99643
4333	3.20226
4334	3.63524
4335	4.14999
4336	4.64422
4337	5.15368
4338	5.61882
4339	5.90514
4340	6.04513
4341	6.17945
4342	6.36888
4343	6.60303
4344	6.83281
4345	6.96322
4346	6.98749
4347	7.02821
4348	7.11037
4349	7.09297
4350	6.92330
4351	6.86836
4352	7.29848
4353	8.09298
4354	8.59686
4355	8.45333
4356	8.08712
4357	7.96849
4358	7.81180
4359	7.05198
4360	5.74712
4361	4.42695
4362	3.56603
4363	3.31526
4364	3.28859
4365	3.11004
4366	2.88677
4367	2.84265
4368	2.93731
4369	2.99065
4370	2.92117
4371	2.78557
4372	2.68784
4373	2.64895
4374	2.61007
4375	2.55860
4376	2.51498
4377	2.46978
4378	2.41713
4379	2.35327
4380	2.25004
4381	2.10219
4382	1.94513
4383	1.77348
4384	1.56029
4385	1.40080
4386	1.42359
4387	1.53673
4388	1.54480
4389	1.44010
4390	1.32073
4391	1.21706
4392	1.10866
4393	0.98469
4394	0.89464
4395	0.86222
4396	0.81116
4397	0.72507
4398	0.69746
4399	0.76714
4400	0.86783
4401	0.93020
4402	0.95753
4403	1.01845
4404	1.19243
4405	1.49009
4406	1.84413
4407	2.22488
4408	2.67936
4409	3.23485
4410	3.84957
4411	4.45854
4412	5.04525
4413	5.61919
4414	6.15981
4415	6.66631
4416	7.14374
4417	7.51646
4418	7.69101
4419	7.67171
4420	7.53028
4421	7.37194
4422	7.39835
4423	7.76598
4424	8.35087
4425	8.83120
4426	8.94862
4427	8.72616
4428	8.42002
4429	8.16466
4430	7.86827
4431	7.42380
4432	6.80938
4433	6.06327
4434	5.26801
4435	4.58051
4436	4.17181
4437	4.03976
4438	3.98607
4439	3.86382
4440	3.70697
4441	3.58552
4442	3.54447
4443	3.65607
4444	3.94339
4445	4.32379
4446	4.71441
4447	5.06751
4448	5.31289
4449	5.42323
4450	5.51520
4451	5.73387
4452	6.03970
4453	6.27782
4454	6.43681
4455	6.61687
4456	6.75589
4457	6.64135
4458	6.24584
4459	5.85135
4460	5.83285
4461	6.45174
4462	7.61042
4463	8.66454
4464	8.93693
4465	8.60278
4466	8.41669
4467	8.45796
4468	8.03355
4469	6.93152
4470	5.73729
4471	4.96445
4472	4.65732
4473	4.49436
4474	4.19971
4475	3.91812
4476	3.90484
4477	4.08502
4478	4.24313
4479	4.34549
4480	4.43781
4481	4.47113
4482	4.39278
4483	4.25994
4484	4.13942
4485	4.01714
4486	3.88626
4487	3.78722
4488	3.71466
4489	3.59813
4490	3.42644
4491	3.27183
4492	3.14072
4493	2.98102
4494	2.80221
4495	2.61494
4496	2.40051
4497	2.20436
4498	2.08945
4499	2.02513
4500	1.93175
4501	1.77466
4502	1.57908
4503	1.41010
4504	1.31582
4505	1.25871
4506	1.15210
4507	0.96049
4508	0.73502
4509	0.58033
4510	0.58711
4511	0.75947
4512	0.99913
4513	1.21719
4514	1.45882
4515	1.81549
4516	2.29334
4517	2.87835
4518	3.57260
4519	4.29827
4520	4.93010
4521	5.44869
4522	5.93078
4523	6.38564
4524	6.70150
4525	6.77224
4526	6.62567
4527	6.38588
4528	6.19310
4529	6.21169
4530	6.49127
4531	6.79691
4532	6.79730
4533	6.38837
4534	5.79606
4535	5.34582
4536	5.13628
4537	5.03249
4538	4.80593
4539	4.29276
4540	3.56434
4541	2.87763
4542	2.44047
4543	2.28914
4544	2.34568
4545	2.45423
4546	2.41667
4547	2.21437
4548	2.08595
4549	2.22279
4550	2.63457
4551	3.24598
4552	3.87419
4553	4.32253
4554	4.57343
4555	4.75210
4556	4.95376
4557	5.20399
4558	5.51848
4559	5.87492
4560	6.23832
4561	6.68023
4562	7.24063
4563	7.68342
4564	7.72858
4565	7.47497
4566	7.27530
4567	7.39252
4568	7.99191
4569	9.02994
4570	9.93629
4571	10.02401
4572	9.37937
4573	8.71665
4574	8.31844
4575	7.68726
4576	6.42123
4577	4.92822
4578	3.91663
4579	3.61687
4580	3.61624
4581	3.43366
4582	3.12465
4583	3.03562
4584	3.21333
4585	3.41985
4586	3.50792
4587	3.48909
4588	3.38266
4589	3.19327
4590	2.99679
4591	2.88808
4592	2.86152
4593	2.82524
4594	2.71642
4595	2.57612
4596	2.48025
4597	2.42226
4598	2.32976
4599	2.19580
4600	2.11738
4601	2.12779
4602	2.11478
4603	1.99430
4604	1.79097
4605	1.56416
4606	1.39067
4607	1.28805
4608	1.18478
4609	1.07905
4610	1.03086
4611	1.01228
4612	0.96383
4613	0.90182
4614	0.87706
4615	0.89939
4616	0.90201
4617	0.82298
4618	0.74551
4619	0.80619
4620	1.01354
4621	1.27896
4622	1.55046
4623	1.85925
4624	2.24762
4625	2.71914
4626	3.27739
4627	3.91756
4628	4.58141
4629	5.20998
4630	5.80871
4631	6.37696
4632	6.84594
4633	7.13168
4634	7.17776
4635	7.00277
4636	6.73460
4637	6.56136
4638	6.64671
4639	6.95290
4640	7.22431
4641	7.29252
4642	7.22459
4643	7.17513
4644	7.18198
4645	7.09589
4646	6.73646
4647	6.09204
4648	5.34333
4649	4.68349
4650	4.19035
4651	3.86478
4652	3.67541
4653	3.58412
4654	3.55223
4655	3.53548
4656	3.51871
4657	3.51735
4658	3.55601
4659	3.66121
4660	3.84128
4661	4.05746
4662	4.24734
4663	4.42163
4664	4.61958
4665	4.79350
4666	4.91115
4667	5.02186
4668	5.16622
4669	5.34314
4670	5.47069
4671	5.43134
4672	5.25442
4673	5.09140
4674	4.99150
4675	4.85722
4676	4.75122
4677	5.12074
4678	6.19518
4679	7.29984
4680	7.51880
4681	6.88712
4682	6.24096
4683	6.06931
4684	6.00377
4685	5.48853
4686	4.70819
4687	4.32832
4688	4.45957
4689	4.58755
4690	4.36071
4691	3.93099
4692	3.64104
4693	3.58321
4694	3.56110
4695	3.41580
4696	3.17159
4697	2.91094
4698	2.66990
4699	2.47185
4700	2.36773
4701	2.36367
4702	2.41403
4703	2.51158
4704	2.63651
4705	2.68501
4706	2.62443
4707	2.57805
4708	2.59294
4709	2.54338
4710	2.36572
4711	2.13555
4712	1.89748
4713	1.64483
4714	1.43905
4715	1.36630
4716	1.38042
4717	1.34437
4718	1.24178
4719	1.16398
4720	1.13252
4721	1.12715
4722	1.14151
4723	1.12784
4724	1.05659
4725	0.98821
4726	0.98286
4727	1.03012
4728	1.11968
4729	1.28135
4730	1.52246
4731	1.81870
4732	2.17809
4733	2.63112
4734	3.19095
4735	3.85495
4736	4.57741
4737	5.26445
4738	5.83172
4739	6.26914
4740	6.65508
4741	7.03551
4742	7.30210
4743	7.33140
4744	7.18656
4745	7.01124
4746	6.92139
4747	7.09039
4748	7.50938
4749	7.77060
4750	7.52002
4751	6.86902
4752	6.23971
4753	5.99549
4754	6.07961
4755	6.05303
4756	5.58849
4757	4.75634
4758	3.84855
4759	3.09659
4760	2.57634
4761	2.30647
4762	2.26801
4763	2.32742
4764	2.38282
4765	2.48114
4766	2.64175
4767	2.81985
4768	3.04848
4769	3.38506
4770	3.77698
4771	4.12413
4772	4.41562
4773	4.70174
4774	5.01477
4775	5.33711
4776	5.61996
4777	5.88445
4778	6.20431
4779	6.57967
4780	6.95987
4781	7.30700
4782	7.59360
4783	7.80482
4784	7.95853
4785	8.24558
4786	8.93702
4787	9.84418
4788	10.32252
4789	10.17409
4790	9.90108
4791	9.74183
4792	9.19740
4793	7.88580
4794	6.17407
4795	4.75689
4796	4.06210
4797	3.89083
4798	3.73959
4799	3.45490
4800	3.26110
4801	3.29519
4802	3.46510
4803	3.65088
4804	3.78162
4805	3.78904
4806	3.67944
4807	3.56899
4808	3.51321
4809	3.45780
4810	3.37076
4811	3.24830
4812	3.07352
4813	2.87136
4814	2.69220
4815	2.54449
4816	2.41119
4817	2.24838
4818	2.02568
4819	1.82835
4820	1.74234
4821	1.70324
4822	1.60699
4823	1.43070
4824	1.22560
4825	1.05601
4826	0.90867
4827	0.75756
4828	0.66200
4829	0.63256
4830	0.58194
4831	0.49620
4832	0.44517
4833	0.43461
4834	0.41384
4835	0.41385
4836	0.51832
4837	0.72935
4838	1.00743
4839	1.34850
4840	1.76820
4841	2.28967
4842	2.92008
4843	3.60603
4844	4.24254
4845	4.77975
4846	5.27290
4847	5.76989
4848	6.27876
4849	6.79433
4850	7.22448
4851	7.47075
4852	7.56715
4853	7.52849
4854	7.32585
4855	7.22654
4856	7.63116
4857	8.38492
4858	8.82974
4859	8.58269
4860	7.92349
4861	7.41326
4862	7.22121
4863	7.09486
4864	6.86829
4865	6.51657
4866	5.96530
4867	5.23532
4868	4.55024
4869	4.11938
4870	3.93475
4871	3.83723
4872	3.71887
4873	3.57463
4874	3.42871
4875	3.34924
4876	3.43590
4877	3.69247
4878	4.03343
4879	4.40061
4880	4.73652
4881	4.97075
4882	5.12506
4883	5.28605
4884	5.47778
4885	5.65972
4886	5.81248
4887	5.98925
4888	6.29315
4889	6.69418
4890	6.89963
4891	6.66778
4892	6.18377
4893	5.94990
4894	6.45363
4895	7.71061
4896	8.98322
4897	9.39985
4898	8.90825
4899	8.17696
4900	7.66109
4901	7.16058
4902	6.33340
4903	5.41367
4904	4.97487
4905	5.06116
4906	5.11543
4907	4.77028
4908	4.25591
4909	3.97889
4910	4.01230
4911	4.12973
4912	4.13123
4913	3.98721
4914	3.79649
4915	3.65859
4916	3.57328
4917	3.50410
4918	3.46418
4919	3.46083
4920	3.45377
4921	3.42081
4922	3.38379
4923	3.35397
4924	3.30807
4925	3.21800
4926	3.06804
4927	2.87443
4928	2.67418
4929	2.47955
4930	2.29865
4931	2.13645
4932	1.96130
4933	1.75498
4934	1.55760
4935	1.42036
4936	1.33758
4937	1.25546
4938	1.13120
4939	0.96252
4940	0.79150
4941	0.66524
4942	0.58486
4943	0.55124
4944	0.59636
4945	0.69981
4946	0.81218
4947	0.97105
4948	1.24107
4949	1.61496
4950	2.07260
4951	2.62680
4952	3.26211
4953	3.92185
4954	4.55895
4955	5.14911
4956	5.71092
4957	6.30240
4958	6.89096
4959	7.29943
4960	7.41479
4961	7.33426
4962	7.17323
4963	6.98746
4964	6.97182
4965	7.26991
4966	7.59560
4967	7.50155
4968	6.92972
4969	6.24578
4970	5.85029
4971	5.84855
4972	5.96496
4973	5.81508
4974	5.25790
4975	4.42448
4976	3.57909
4977	2.95946
4978	2.65172
4979	2.59873
4980	2.68140
4981	2.79325
4982	2.91142
4983	3.08520
4984	3.33153
4985	3.62565
4986	3.99311
4987	4.44480
4988	4.88450
4989	5.24275
4990	5.57296
4991	5.95579
4992	6.39694
4993	6.81312
4994	7.09015
4995	7.14331
4996	7.01791
4997	6.94984
4998	7.17564
4999	7.69720
5000	8.33587
5001	9.02279
5002	9.82593
5003	10.52200
5004	10.63516
5005	10.18985
5006	9.75162
5007	9.49583
5008	8.87024
5009	7.49265
5010	5.80747
5011	4.65613
5012	4.38536
5013	4.45819
5014	4.24411
5015	3.82053
5016	3.62134
5017	3.74491
5018	3.98829
5019	4.16178
5020	4.17653
5021	4.06470
5022	3.91674
5023	3.76043
5024	3.58920
5025	3.42949
5026	3.30391
5027	3.18879
5028	3.04220
5029	2.86949
5030	2.73859
5031	2.68860
5032	2.64425
5033	2.50465
5034	2.28266
5035	2.05898
5036	1.88000
5037	1.75845
5038	1.67945
5039	1.60381
5040	1.47656
5041	1.23643
5042	0.91445
5043	0.64335
5044	0.48929
5045	0.40960
5046	0.37016
5047	0.39063
5048	0.45401
5049	0.48376
5050	0.48842
5051	0.55635
5052	0.71462
5053	0.96658
5054	1.33503
5055	1.80042
5056	2.30254
5057	2.80374
5058	3.32114
5059	3.86359
5060	4.36901
5061	4.78641
5062	5.16720
5063	5.56886
5064	5.91108
5065	6.02876
5066	5.86239
5067	5.54819
5068	5.26183
5069	5.05973
5070	5.01804
5071	5.29775
5072	5.85994
5073	6.34663
5074	6.43265
5075	6.27146
5076	6.39688
5077	6.97032
5078	7.50758
5079	7.50065
5080	6.82242
5081	5.69214
5082	4.57162
5083	3.86292
5084	3.60061
5085	3.54136
5086	3.42213
5087	3.14540
5088	2.83830
5089	2.71404
5090	2.90877
5091	3.40173
5092	3.99948
5093	4.50684
5094	4.91275
5095	5.29704
5096	5.65936
5097	5.96043
5098	6.23133
5099	6.54527
5100	6.88832
5101	7.08566
5102	7.00874
5103	6.82693
5104	6.81924
5105	7.01705
5106	7.15341
5107	7.05023
5108	7.04683
5109	7.55522
5110	8.30733
5111	8.80734
5112	9.19473
5113	9.74209
5114	9.95438
5115	9.17515
5116	7.63882
5117	6.10856
5118	5.09108
5119	4.58146
5120	4.25191
5121	3.93991
5122	3.75339
5123	3.79160
5124	4.01237
5125	4.26584
5126	4.42402
5127	4.49116
5128	4.51705
5129	4.49668
5130	4.40989
5131	4.25906
5132	4.06673
5133	3.88718
5134	3.76860
5135	3.69134
5136	3.58578
5137	3.42694
5138	3.28526
5139	3.21551
5140	3.14976
5141	2.99686
5142	2.76069
5143	2.50252
5144	2.26255
5145	2.04193
5146	1.84836
5147	1.69183
5148	1.52078
5149	1.30452
5150	1.11091
5151	0.95880
5152	0.78551
5153	0.61836
5154	0.53878
5155	0.52884
5156	0.52578
5157	0.49782
5158	0.43020
5159	0.36376
5160	0.38533
5161	0.53271
5162	0.77736
5163	1.07705
5164	1.43347
5165	1.89988
5166	2.49634
5167	3.16377
5168	3.81489
5169	4.39906
5170	4.94899
5171	5.51526
5172	6.02072
5173	6.32064
5174	6.40525
5175	6.35539
5176	6.24078
5177	6.21213
5178	6.36837
5179	6.52801
5180	6.41526
5181	5.87327
5182	4.88837
5183	3.79319
5184	3.23917
5185	3.54965
5186	4.27788
5187	4.67730
5188	4.46544
5189	3.87692
5190	3.23544
5191	2.78705
5192	2.69309
5193	2.88842
5194	3.06987
5195	3.03160
5196	2.89343
5197	2.87875
5198	3.06889
5199	3.41077
5200	3.80774
5201	4.18563
5202	4.50971
5203	4.78153
5204	5.03225
5205	5.29016
5206	5.54240
5207	5.74290
5208	5.88082
5209	5.99846
5210	6.10986
5211	6.14148
5212	5.96321
5213	5.52613
5214	5.10746
5215	5.32258
5216	6.51931
5217	8.09328
5218	8.88046
5219	8.49644
5220	7.82092
5221	7.70154
5222	7.69789
5223	6.90632
5224	5.43485
5225	4.10469
5226	3.47290
5227	3.45970
5228	3.48392
5229	3.21666
5230	2.88921
5231	2.77532
5232	2.85057
5233	2.93446
5234	2.88776
5235	2.72344
5236	2.55306
5237	2.41465
5238	2.26320
5239	2.08939
5240	1.93391
5241	1.81443
5242	1.71063
5243	1.59278
5244	1.45197
5245	1.32590
5246	1.22620
5247	1.09350
5248	0.91403
5249	0.75447
5250	0.65084
5251	0.58385
5252	0.55505
5253	0.55761
5254	0.49217
5255	0.29215
5256	0.09298
5257	0.06355
5258	0.15131
5259	0.23117
5260	0.31222
5261	0.41557
5262	0.50163
5263	0.56327
5264	0.65227
5265	0.82392
5266	1.08383
5267	1.40682
5268	1.78535
5269	2.21541
5270	2.67132
5271	3.15560
5272	3.70588
5273	4.31660
5274	4.94348
5275	5.55482
5276	6.13934
5277	6.70538
5278	7.22625
5279	7.62000
5280	7.84941
5281	7.95697
5282	7.95191
5283	7.76310
5284	7.48159
5285	7.47658
5286	7.87638
5287	8.17399
5288	7.72813
5289	6.49107
5290	5.16245
5291	4.63779
5292	5.13446
5293	6.02857
5294	6.58656
5295	6.50373
5296	5.82192
5297	4.78466
5298	3.77723
5299	3.14077
5300	2.98254
5301	3.14346
5302	3.33725
5303	3.38216
5304	3.32784
5305	3.33777
5306	3.48451
5307	3.73236
5308	4.06338
5309	4.49744
5310	4.98928
5311	5.40559
5312	5.65282
5313	5.78083
5314	5.89430
5315	6.06127
5316	6.31994
5317	6.60927
5318	6.76512
5319	6.70500
5320	6.49405
5321	6.17690
5322	5.81545
5323	5.82687
5324	6.70801
5325	8.17155
5326	9.20887
5327	9.25508
5328	8.73774
5329	8.33076
5330	8.12810
5331	7.69759
5332	6.84130
5333	5.97498
5334	5.43755
5335	5.00698
5336	4.44574
5337	3.90258
5338	3.61612
5339	3.62579
5340	3.76397
5341	3.84698
5342	3.77759
5343	3.56498
5344	3.32672
5345	3.15789
5346	3.05542
5347	3.02026
5348	3.06638
5349	3.14621
5350	3.19661
5351	3.20186
5352	3.18982
5353	3.19048
5354	3.17381
5355	3.08060
5356	2.91223
5357	2.71365
5358	2.52520
5359	2.39341
5360	2.33408
5361	2.28636
5362	2.19415
5363	2.08821
5364	2.00305
5365	1.89170
5366	1.72804
5367	1.57531
5368	1.47017
5369	1.37742
5370	1.25942
5371	1.11992
5372	1.01179
5373	0.97125
5374	0.97691
5375	1.02887
5376	1.18131
5377	1.47369
5378	1.87828
5379	2.32311
5380	2.78442
5381	3.31639
5382	3.92679
5383	4.52618
5384	5.08020
5385	5.63623
5386	6.18370
5387	6.65127
5388	6.95749
5389	7.02854
5390	6.91140
5391	6.73756
5392	6.53898
5393	6.40360
5394	6.59047
5395	7.09274
5396	7.44246
5397	7.29249
5398	6.86807
5399	6.56654
5400	6.48838
5401	6.48373
5402	6.31228
5403	5.78666
5404	4.92239
5405	4.00247
5406	3.39322
5407	3.21624
5408	3.23852
5409	3.18159
5410	3.03049
5411	2.92368
5412	2.96495
5413	3.17419
5414	3.50437
5415	3.92780
5416	4.41781
5417	4.89383
5418	5.30535
5419	5.64010
5420	5.89094
5421	6.11203
5422	6.37559
5423	6.69806
5424	7.04243
5425	7.32858
5426	7.43210
5427	7.22331
5428	6.72994
5429	6.19764
5430	5.98680
5431	6.48621
5432	7.73308
5433	8.99665
5434	9.40928
5435	9.07835
5436	8.81123
5437	8.77526
5438	8.25930
5439	6.94793
5440	5.51040
5441	4.66071
5442	4.41671
5443	4.33745
5444	4.08406
5445	3.76972
5446	3.71439
5447	3.94702
5448	4.23217
5449	4.37426
5450	4.32600
5451	4.16330
5452	3.99139
5453	3.83192
5454	3.65816
5455	3.49420
5456	3.38015
5457	3.29601
5458	3.19698
5459	3.08159
5460	2.96916
5461	2.85080
5462	2.70070
5463	2.52131
5464	2.36187
5465	2.24998
5466	2.14227
5467	2.02916
5468	1.96921
5469	1.92766
5470	1.79590
5471	1.60294
5472	1.45474
5473	1.32962
5474	1.15283
5475	0.97075
5476	0.88653
5477	0.88605
5478	0.89404
5479	0.90626
5480	0.90700
5481	0.85046
5482	0.80266
5483	0.89441
5484	1.14900
5485	1.49387
5486	1.91070
5487	2.43353
5488	3.02783
5489	3.63320
5490	4.20932
5491	4.68543
5492	5.06772
5493	5.47349
5494	5.88725
5495	6.11752
5496	6.10399
5497	6.00314
5498	5.88303
5499	5.64858
5500	5.43302
5501	5.59308
5502	6.05643
5503	6.27719
5504	5.99302
5505	5.51708
5506	5.34806
5507	5.70687
5508	6.27890
5509	6.46163
5510	5.95742
5511	4.94797
5512	3.85102
5513	3.03626
5514	2.66050
5515	2.65253
5516	2.79561
5517	2.87042
5518	2.79449
5519	2.68374
5520	2.72562
5521	2.96765
5522	3.34291
5523	3.83121
5524	4.42511
5525	5.01359
5526	5.46873
5527	5.77224
5528	5.94780
5529	6.05306
5530	6.23323
5531	6.55019
5532	6.84924
5533	6.93821
5534	6.82207
5535	6.68602
5536	6.66529
5537	6.75785
5538	7.05551
5539	7.78762
5540	8.83192
5541	9.52712
5542	9.55937
5543	9.54992
5544	10.00044
5545	10.29573
5546	9.60242
5547	8.08612
5548	6.56701
5549	5.61289
5550	5.13734
5551	4.75955
5552	4.36460
5553	4.13232
5554	4.16826
5555	4.35851
5556	4.52546
5557	4.58988
5558	4.56537
5559	4.47051
5560	4.33512
5561	4.20986
5562	4.11876
5563	4.03034
5564	3.89399
5565	3.72012
5566	3.57987
5567	3.49481
5568	3.40226
5569	3.25091
5570	3.03661
5571	2.78426
5572	2.55238
5573	2.36786
5574	2.18711
5575	1.98181
5576	1.76434
5577	1.55160
5578	1.38562
5579	1.29130
5580	1.23110
5581	1.16530
5582	1.08964
5583	1.02925
5584	0.99896
5585	0.96452
5586	0.88279
5587	0.76093
5588	0.66124
5589	0.63431
5590	0.67926
5591	0.79896
5592	1.01744
5593	1.35179
5594	1.80289
5595	2.33985
5596	2.93835
5597	3.60143
5598	4.25680
5599	4.78294
5600	5.19555
5601	5.62625
5602	6.11062
5603	6.52975
5604	6.76271
5605	6.81098
5606	6.72103
5607	6.49999
5608	6.24245
5609	6.17407
5610	6.37823
5611	6.60369
5612	6.49323
5613	5.91710
5614	5.14087
5615	4.71960
5616	4.92678
5617	5.40927
5618	5.64088
5619	5.37808
5620	4.71353
5621	3.99619
5622	3.56968
5623	3.48469
5624	3.54163
5625	3.53463
5626	3.36589
5627	3.08334
5628	2.87521
5629	2.89403
5630	3.17320
5631	3.68085
5632	4.26962
5633	4.74587
5634	5.06758
5635	5.32195
5636	5.57473
5637	5.82737
5638	6.06170
5639	6.28744
5640	6.51964
5641	6.73471
5642	6.89323
5643	6.92852
5644	6.73792
5645	6.37165
5646	6.19624
5647	6.71740
5648	8.09421
5649	9.69086
5650	10.43620
5651	10.00356
5652	9.16565
5653	8.54156
5654	7.69975
5655	6.11221
5656	4.18357
5657	2.79931
5658	2.51671
5659	2.98743
5660	3.30410
5661	3.15422
5662	2.98187
5663	3.14375
5664	3.47905
5665	3.64602
5666	3.52296
5667	3.26631
5668	3.06780
5669	2.94558
5670	2.82302
5671	2.68459
5672	2.55974
5673	2.44680
5674	2.32767
5675	2.21843
5676	2.14726
5677	2.09782
5678	2.03080
5679	1.93452
5680	1.82456
5681	1.74005
5682	1.71463
5683	1.70001
5684	1.62871
5685	1.53457
5686	1.45577
5687	1.36240
5688	1.27333
5689	1.24367
5690	1.22931
5691	1.14475
5692	1.01188
5693	0.92414
5694	0.94147
5695	1.03188
5696	1.10654
5697	1.17678
5698	1.32531
5699	1.54655
5700	1.80833
5701	2.14595
5702	2.59167
5703	3.11971
5704	3.67624
5705	4.23245
5706	4.82834
5707	5.47059
5708	6.03645
5709	6.45995
5710	6.83834
5711	7.21979
5712	7.49346
5713	7.55966
5714	7.45045
5715	7.23328
5716	7.00304
5717	6.98433
5718	7.29787
5719	7.63949
5720	7.49946
5721	6.69660
5722	5.64777
5723	5.07824
5724	5.31636
5725	5.90469
5726	6.08310
5727	5.55817
5728	4.59240
5729	3.63949
5730	3.02888
5731	2.80482
5732	2.82327
5733	2.93287
5734	2.98985
5735	2.89634
5736	2.73920
5737	2.75823
5738	3.09876
5739	3.63920
5740	4.15742
5741	4.60028
5742	5.02670
5743	5.43458
5744	5.79920
5745	6.11855
5746	6.38760
5747	6.64257
5748	6.93579
5749	7.23990
5750	7.47534
5751	7.53258
5752	7.27932
5753	6.74826
5754	6.26909
5755	6.31636
5756	7.21921
5757	8.76627
5758	10.06967
5759	10.31617
5760	9.72363
5761	9.19388
5762	8.98050
5763	8.39222
5764	7.04076
5765	5.52548
5766	4.55834
5767	4.22058
5768	4.12541
5769	3.92761
5770	3.64806
5771	3.52678
5772	3.62838
5773	3.78814
5774	3.84317
5775	3.75360
5776	3.56588
5777	3.34885
5778	3.16090
5779	3.02931
5780	2.93327
5781	2.82838
5782	2.70670
5783	2.58829
5784	2.46670
5785	2.34058
5786	2.25367
5787	2.22162
5788	2.19718
5789	2.13323
5790	2.00719
5791	1.84075
5792	1.70538
5793	1.63027
5794	1.55236
5795	1.42126
5796	1.28862
5797	1.19735
5798	1.08151
5799	0.88975
5800	0.65406
5801	0.44084
5802	0.31606
5803	0.25867
5804	0.21207
5805	0.23139
5806	0.38255
5807	0.61108
5808	0.86440
5809	1.17484
5810	1.53850
5811	1.92731
5812	2.39549
5813	2.95518
5814	3.52681
5815	4.09229
5816	4.65637
5817	5.15457
5818	5.56618
5819	5.96991
5820	6.39477
5821	6.73053
5822	6.86918
5823	6.81986
5824	6.60206
5825	6.27299
5826	6.13226
5827	6.44208
5828	6.95529
5829	7.17009
5830	6.90733
5831	6.41516
5832	6.05018
5833	5.90650
5834	5.78538
5835	5.48975
5836	4.98048
5837	4.31538
5838	3.63189
5839	3.09993
5840	2.77051
5841	2.56951
5842	2.43456
5843	2.32308
5844	2.17996
5845	2.03433
5846	2.00795
5847	2.17747
5848	2.53314
5849	3.05197
5850	3.72581
5851	4.44871
5852	5.02053
5853	5.39206
5854	5.67145
5855	5.90967
5856	6.10072
5857	6.26771
5858	6.43920
5859	6.59714
5860	6.66970
5861	6.59390
5862	6.33563
5863	5.84137
5864	5.16653
5865	4.72152
5866	5.14373
5867	6.60504
5868	8.30651
5869	9.17638
5870	9.12104
5871	8.90881
5872	8.74274
5873	7.94059
5874	6.25280
5875	4.38433
5876	3.19778
5877	2.93737
5878	3.10849
5879	3.17862
5880	3.19444
5881	3.41450
5882	3.79942
5883	4.11198
5884	4.19267
5885	4.05046
5886	3.83022
5887	3.66791
5888	3.56603
5889	3.47175
5890	3.36778
5891	3.25511
5892	3.14549
5893	3.04291
5894	2.94387
5895	2.86167
5896	2.79349
5897	2.71443
5898	2.60310
5899	2.44878
5900	2.28266
5901	2.16358
5902	2.08655
5903	1.99171
5904	1.87925
5905	1.79858
5906	1.72550
5907	1.60159
5908	1.51813
5909	1.58437
5910	1.65549
5911	1.55950
5912	1.35597
5913	1.16818
5914	1.07935
5915	1.12301
5916	1.23785
5917	1.35816
5918	1.49611
5919	1.71489
5920	2.06251
5921	2.50587
5922	2.98029
5923	3.48619
5924	4.04940
5925	4.62822
5926	5.13820
5927	5.55119
5928	5.92560
5929	6.32231
5930	6.71179
5931	6.97852
5932	7.03898
5933	6.96053
5934	6.84757
5935	6.71914
5936	6.64957
5937	6.75769
5938	6.93384
5939	6.86912
5940	6.47582
5941	6.08818
5942	6.19285
5943	6.90866
5944	7.64487
5945	7.67249
5946	6.86883
5947	5.59948
5948	4.37034
5949	3.57822
5950	3.28825
5951	3.26086
5952	3.22185
5953	3.05487
5954	2.82688
5955	2.71156
5956	2.83300
5957	3.15816
5958	3.56298
5959	3.96680
5960	4.35624
5961	4.74012
5962	5.12783
5963	5.52253
5964	5.91427
5965	6.24137
5966	6.42353
5967	6.47743
5968	6.48258
5969	6.43959
5970	6.28754
5971	6.03440
5972	5.79536
5973	5.77595
5974	6.20578
5975	7.05543
5976	7.87968
5977	8.35767
5978	8.78901
5979	9.43438
5980	9.75299
5981	9.07986
5982	7.65102
5983	6.27502
5984	5.51553
5985	5.28453
5986	5.13990
5987	4.92669
5988	4.83775
5989	4.98720
5990	5.25555
5991	5.47021
5992	5.54787
5993	5.51157
5994	5.41274
5995	5.25770
5996	5.04281
5997	4.79466
5998	4.53240
5999	4.27523
6000	4.06910
6001	3.92514
6002	3.79861
6003	3.64054
6004	3.42503
6005	3.18845
6006	3.00212
6007	2.85847
6008	2.69326
6009	2.49544
6010	2.28983
6011	2.08155
6012	1.89259
6013	1.75987
6014	1.65185
6015	1.51729
6016	1.38141
6017	1.26297
6018	1.12937
6019	0.98277
6020	0.87599
6021	0.85807
6022	0.89311
6023	0.87436
6024	0.79699
6025	0.78789
6026	0.92596
6027	1.17109
6028	1.47832
6029	1.86769
6030	2.35953
6031	2.94955
6032	3.61848
6033	4.30326
6034	4.93421
6035	5.49009
6036	5.98968
6037	6.42791
6038	6.72181
6039	6.80441
6040	6.72418
6041	6.55836
6042	6.36511
6043	6.26902
6044	6.38175
6045	6.63563
6046	6.89848
6047	7.11336
6048	7.17191
6049	6.98827
6050	6.83278
6051	6.99257
6052	7.13802
6053	6.74709
6054	5.82960
6055	4.86547
6056	4.24520
6057	3.95161
6058	3.77048
6059	3.58730
6060	3.38074
6061	3.15597
6062	3.04492
6063	3.22209
6064	3.62153
6065	4.04008
6066	4.40851
6067	4.72643
6068	5.00667
6069	5.31353
6070	5.66589
6071	6.01679
6072	6.36847
6073	6.76714
6074	7.14571
6075	7.30493
6076	7.11449
6077	6.60577
6078	5.90365
6079	5.22656
6080	4.95904
6081	5.53229
6082	6.91331
6083	8.31952
6084	8.87103
6085	8.52009
6086	8.02853
6087	7.90458
6088	7.68789
6089	6.76138
6090	5.41118
6091	4.33865
6092	3.80765
6093	3.70268
6094	3.72111
6095	3.60921
6096	3.44295
6097	3.42536
6098	3.54717
6099	3.65073
6100	3.61435
6101	3.43517
6102	3.25377
6103	3.18697
6104	3.17882
6105	3.13423
6106	3.03614
6107	2.90588
6108	2.76986
6109	2.65348
6110	2.57151
6111	2.49898
6112	2.38150
6113	2.22248
6114	2.08928
6115	2.00260
6116	1.93184
6117	1.87661
6118	1.83552
6119	1.77374
6120	1.67214
6121	1.53161
6122	1.37615
6123	1.26355
6124	1.21977
6125	1.18708
6126	1.09126
6127	0.96654
6128	0.91856
6129	0.95724
6130	1.00355
6131	1.01515
6132	1.03838
6133	1.15257
6134	1.36385
6135	1.63082
6136	1.94001
6137	2.28421
6138	2.66474
6139	3.10823
6140	3.62659
6141	4.20242
6142	4.79343
6143	5.34253
6144	5.85588
6145	6.39696
6146	6.94688
6147	7.39510
6148	7.65446
6149	7.72446
6150	7.65326
6151	7.46948
6152	7.29548
6153	7.37098
6154	7.70931
6155	7.94939
6156	7.70219
6157	6.98117
6158	6.33029
6159	6.37552
6160	7.07331
6161	7.69743
6162	7.66531
6163	6.95583
6164	5.85324
6165	4.73746
6166	3.98246
6167	3.73631
6168	3.81314
6169	3.91432
6170	3.91359
6171	3.85007
6172	3.77771
6173	3.79061
6174	4.00884
6175	4.41950
6176	4.89407
6177	5.32929
6178	5.67753
6179	5.94769
6180	6.18840
6181	6.43779
6182	6.74155
6183	7.11083
6184	7.44172
6185	7.60255
6186	7.53079
6187	7.23925
6188	6.86300
6189	6.62178
6190	6.74519
6191	7.47397
6192	8.70437
6193	9.70425
6194	9.91571
6195	9.75115
6196	9.77716
6197	9.58978
6198	8.48455
6199	6.66826
6200	5.00417
6201	4.15957
6202	4.03985
6203	4.02468
6204	3.85081
6205	3.76839
6206	3.91517
6207	4.16123
6208	4.36712
6209	4.43364
6210	4.34195
6211	4.19557
6212	4.06338
6213	3.90776
6214	3.71982
6215	3.53380
6216	3.35874
6217	3.20122
6218	3.05769
6219	2.90376
6220	2.72260
6221	2.51916
6222	2.33790
6223	2.20114
6224	2.06214
6225	1.89598
6226	1.70482
6227	1.47753
6228	1.26591
6229	1.13892
6230	1.04964
6231	0.92322
6232	0.76818
6233	0.62047
6234	0.52252
6235	0.48925
6236	0.47966
6237	0.50813
6238	0.60091
6239	0.67740
6240	0.68622
6241	0.69603
6242	0.79452
6243	1.02764
6244	1.37343
6245	1.76747
6246	2.18996
6247	2.65825
6248	3.17294
6249	3.72207
6250	4.27395
6251	4.76522
6252	5.17144
6253	5.57280
6254	6.04760
6255	6.51649
6256	6.83564
6257	7.00182
6258	7.08189
6259	7.01853
6260	6.75314
6261	6.50514
6262	6.61510
6263	7.04521
6264	7.34496
6265	7.19623
6266	6.76304
6267	6.57164
6268	7.03354
6269	7.87943
6270	8.37533
6271	8.10309
6272	7.15754
6273	5.86447
6274	4.60567
6275	3.70910
6276	3.30126
6277	3.26016
6278	3.32775
6279	3.29622
6280	3.11964
6281	2.94548
6282	3.02762
6283	3.41608
6284	3.87969
6285	4.26434
6286	4.63633
6287	5.06969
6288	5.51656
6289	5.89082
6290	6.19021
6291	6.45739
6292	6.71505
6293	6.95849
6294	7.10187
6295	7.05535
6296	6.85817
6297	6.60362
6298	6.37608
6299	6.39127
6300	7.07679
6301	8.63849
6302	10.39864
6303	11.24438
6304	10.98248
6305	10.42096
6306	9.95920
6307	9.00899
6308	7.22069
6309	5.31316
6310	4.22479
6311	4.06174
6312	4.19448
6313	4.12032
6314	3.97424
6315	4.12363
6316	4.53823
6317	4.89655
6318	5.01045
6319	4.92366
6320	4.77040
6321	4.63126
6322	4.50148
6323	4.37483
6324	4.27246
6325	4.17983
6326	4.06700
6327	3.94897
6328	3.85909
6329	3.79314
6330	3.69680
6331	3.53151
6332	3.33260
6333	3.15436
6334	3.01076
6335	2.87461
6336	2.70683
6337	2.51821
6338	2.36562
6339	2.25633
6340	2.13992
6341	2.00528
6342	1.87554
6343	1.72807
6344	1.51594
6345	1.24755
6346	1.00494
6347	0.87106
6348	0.85082
6349	0.89148
6350	0.97247
6351	1.11041
6352	1.29565
6353	1.55018
6354	1.94383
6355	2.44310
6356	2.94250
6357	3.44385
6358	4.00290
6359	4.57113
6360	5.05434
6361	5.45230
6362	5.81250
6363	6.10706
6364	6.22784
6365	6.12563
6366	5.91862
6367	5.71843
6368	5.52193
6369	5.46372
6370	5.76582
6371	6.29835
6372	6.58200
6373	6.27684
6374	5.59324
6375	5.15533
6376	5.25935
6377	5.51232
6378	5.37756
6379	4.72408
6380	3.78593
6381	2.85550
6382	2.11882
6383	1.65756
6384	1.45343
6385	1.41670
6386	1.45483
6387	1.49528
6388	1.52019
6389	1.62335
6390	1.93400
6391	2.43355
6392	2.95197
6393	3.39619
6394	3.83089
6395	4.28265
6396	4.66194
6397	4.92109
6398	5.10108
6399	5.23033
6400	5.32566
6401	5.44818
6402	5.62683
6403	5.73169
6404	5.58474
6405	5.18863
6406	4.62286
6407	3.94649
6408	3.59844
6409	4.40244
6410	6.53557
6411	8.90553
6412	10.07865
6413	9.67194
6414	8.68957
6415	8.34256
6416	8.56149
6417	8.30674
6418	7.32560
6419	6.43135
6420	6.07296
6421	5.83710
6422	5.28044
6423	4.53359
6424	4.02290
6425	3.90621
6426	3.99573
6427	4.09157
6428	4.08152
6429	3.91999
6430	3.69119
6431	3.49967
6432	3.35650
6433	3.25779
6434	3.21250
6435	3.19770
6436	3.17727
6437	3.11727
6438	3.02093
6439	2.93586
6440	2.86297
6441	2.78364
6442	2.73197
6443	2.70686
6444	2.64431
6445	2.52140
6446	2.41312
6447	2.40201
6448	2.44086
6449	2.43540
6450	2.39259
6451	2.32525
6452	2.17209
6453	1.97790
6454	1.91332
6455	1.98350
6456	2.02387
6457	1.98033
6458	1.94246
6459	1.97616
6460	2.05840
6461	2.19152
6462	2.42749
6463	2.76451
6464	3.17063
6465	3.60309
6466	4.01063
6467	4.42409
6468	4.90836
6469	5.40778
6470	5.81082
6471	6.13166
6472	6.45092
6473	6.75336
6474	6.93271
6475	6.93100
6476	6.81713
6477	6.67381
6478	6.58139
6479	6.72777
6480	7.20486
6481	7.70957
6482	7.78285
6483	7.43371
6484	7.25812
6485	7.67275
6486	8.23859
6487	8.18184
6488	7.35142
6489	6.17813
6490	5.00258
6491	3.96936
6492	3.26010
6493	2.93484
6494	2.84489
6495	2.85395
6496	2.89319
6497	2.93962
6498	3.08628
6499	3.40033
6500	3.77461
6501	4.16879
6502	4.68337
6503	5.25327
6504	5.69951
6505	6.01252
6506	6.27911
6507	6.54843
6508	6.88531
6509	7.33366
6510	7.77553
6511	8.02755
6512	8.13735
6513	8.34952
6514	8.66813
6515	8.76759
6516	8.61171
6517	8.74971
6518	9.48893
6519	10.31875
6520	10.72540
6521	10.89502
6522	11.03112
6523	10.67078
6524	9.32058
6525	7.26561
6526	5.35163
6527	4.20334
6528	3.70887
6529	3.40124
6530	3.18787
6531	3.29873
6532	3.74408
6533	4.28131
6534	4.64193
6535	4.67552
6536	4.45680
6537	4.18490
6538	3.94702
6539	3.70008
6540	3.42910
6541	3.17167
6542	2.95222
6543	2.78775
6544	2.66615
6545	2.53814
6546	2.40993
6547	2.32819
6548	2.24518
6549	2.08006
6550	1.88459
6551	1.76023
6552	1.70637
6553	1.67050
6554	1.65853
6555	1.69721
6556	1.71381
6557	1.64076
6558	1.55817
6559	1.50209
6560	1.39057
6561	1.25144
6562	1.17715
6563	1.13815
6564	1.07750
6565	1.02102
6566	1.00774
6567	1.04254
6568	1.13171
6569	1.28807
6570	1.50632
6571	1.77815
6572	2.10364
6573	2.47990
6574	2.90960
6575	3.40588
6576	3.96679
6577	4.54709
6578	5.07991
6579	5.56008
6580	6.08225
6581	6.68394
6582	7.22494
6583	7.60867
6584	7.90717
6585	8.11719
6586	8.12525
6587	8.01289
6588	8.09477
6589	8.47313
6590	8.72801
6591	8.34476
6592	7.43097
6593	6.77239
6594	6.98421
6595	7.77393
6596	8.40162
6597	8.41293
6598	7.67665
6599	6.35712
6600	4.94329
6601	3.95101
6602	3.58740
6603	3.70753
6604	3.93756
6605	3.93746
6606	3.71460
6607	3.58805
6608	3.83705
6609	4.44878
6610	5.19403
6611	5.88707
6612	6.42980
6613	6.77236
6614	6.97327
6615	7.16879
6616	7.49429
6617	7.95947
6618	8.36288
6619	8.49670
6620	8.41057
6621	8.40468
6622	8.74058
6623	9.30751
6624	9.82663
6625	10.34633
6626	10.95885
6627	11.28367
6628	11.00608
6629	10.57435
6630	10.54218
6631	10.59966
6632	10.04873
6633	8.89684
6634	7.67509
6635	6.74799
6636	6.13503
6637	5.59474
6638	5.05205
6639	4.73520
6640	4.75110
6641	4.90558
6642	5.00734
6643	5.01280
6644	4.93913
6645	4.82557
6646	4.71079
6647	4.59642
6648	4.47311
6649	4.35630
6650	4.27201
6651	4.22316
6652	4.16971
6653	4.06880
6654	3.93472
6655	3.82378
6656	3.76168
6657	3.70030
6658	3.56687
6659	3.35315
6660	3.14253
6661	3.02288
6662	2.97769
6663	2.93008
6664	2.82377
6665	2.64689
6666	2.45734
6667	2.31980
6668	2.23957
6669	2.18936
6670	2.15475
6671	2.15971
6672	2.20230
6673	2.22214
6674	2.18614
6675	2.13509
6676	2.14446
6677	2.24921
6678	2.43102
6679	2.67568
6680	2.98503
6681	3.38328
6682	3.90079
6683	4.48362
6684	4.99897
6685	5.37595
6686	5.68647
6687	6.03898
6688	6.41453
6689	6.69818
6690	6.82264
6691	6.81797
6692	6.72056
6693	6.51491
6694	6.33815
6695	6.48786
6696	6.95055
6697	7.24293
6698	6.94789
6699	6.22847
6700	5.65178
6701	5.58816
6702	5.89531
6703	6.12842
6704	5.93864
6705	5.28934
6706	4.42648
6707	3.68391
6708	3.25837
6709	3.14017
6710	3.19704
6711	3.24797
6712	3.15234
6713	2.98084
6714	2.98669
6715	3.26085
6716	3.66251
6717	4.11840
6718	4.61192
6719	5.05720
6720	5.44350
6721	5.83302
6722	6.23527
6723	6.66182
6724	7.12615
6725	7.53116
6726	7.73831
6727	7.69691
6728	7.43669
6729	7.12016
6730	7.01350
6731	7.22103
6732	7.69262
6733	8.42003
6734	9.22397
6735	9.61050
6736	9.38549
6737	9.01460
6738	8.86344
6739	8.54636
6740	7.58605
6741	6.25446
6742	5.20668
6743	4.77789
6744	4.68089
6745	4.40606
6746	3.93414
6747	3.67381
6748	3.80545
6749	4.13735
6750	4.45617
6751	4.65667
6752	4.66693
6753	4.50516
6754	4.32165
6755	4.21894
6756	4.13364
6757	4.00471
6758	3.89416
6759	3.83577
6760	3.76612
6761	3.66789
6762	3.56864
6763	3.42827
6764	3.22055
6765	3.03173
6766	2.92070
6767	2.81629
6768	2.67567
6769	2.54828
6770	2.42384
6771	2.26787
6772	2.15736
6773	2.12781
6774	2.06052
6775	1.88278
6776	1.64038
6777	1.38875
6778	1.19012
6779	1.08931
6780	1.04784
6781	1.00818
6782	1.00167
6783	1.11162
6784	1.35968
6785	1.70064
6786	2.09571
6787	2.53292
6788	3.01742
6789	3.56002
6790	4.13160
6791	4.66988
6792	5.13992
6793	5.55150
6794	5.94050
6795	6.31680
6796	6.60672
6797	6.68310
6798	6.51710
6799	6.26161
6800	6.05542
6801	5.91326
6802	5.92972
6803	6.21530
6804	6.57448
6805	6.58426
6806	6.05610
6807	5.36120
6808	5.12322
6809	5.50382
6810	6.00528
6811	6.00083
6812	5.30345
6813	4.24368
6814	3.32703
6815	2.82789
6816	2.69777
6817	2.76302
6818	2.85812
6819	2.84262
6820	2.74414
6821	2.76989
6822	2.99627
6823	3.30914
6824	3.64161
6825	3.99138
6826	4.30256
6827	4.52964
6828	4.74960
6829	5.04936
6830	5.36256
6831	5.55799
6832	5.65160
6833	5.76563
6834	5.89335
6835	5.90554
6836	5.73674
6837	5.40399
6838	4.95958
6839	4.69241
6840	5.22008
6841	6.77614
6842	8.56438
6843	9.45044
6844	9.17206
6845	8.44764
6846	8.05580
6847	8.02847
6848	7.76663
6849	7.01994
6850	6.25918
6851	5.76346
6852	5.23090
6853	4.48940
6854	3.77369
6855	3.38205
6856	3.39440
6857	3.59512
6858	3.71056
6859	3.64760
6860	3.46916
6861	3.27408
6862	3.10596
6863	2.95055
6864	2.82785
6865	2.78138
6866	2.77595
6867	2.74866
6868	2.69755
6869	2.62850
6870	2.51700
6871	2.36522
6872	2.23107
6873	2.14650
6874	2.06079
6875	1.95329
6876	1.87601
6877	1.80526
6878	1.68366
6879	1.60439
6880	1.65441
6881	1.68721
6882	1.53373
6883	1.25608
6884	1.00259
6885	0.81471
6886	0.69703
6887	0.67644
6888	0.70218
6889	0.68924
6890	0.66185
6891	0.67774
6892	0.73423
6893	0.83559
6894	1.00949
6895	1.26028
6896	1.56158
6897	1.89665
6898	2.30107
6899	2.82051
6900	3.42587
6901	4.01991
6902	4.55390
6903	5.05574
6904	5.51577
6905	5.86841
6906	6.07053
6907	6.13646
6908	6.10287
6909	5.95121
6910	5.75780
6911	5.85388
6912	6.38866
6913	6.90966
6914	6.77361
6915	5.84356
6916	4.65974
6917	3.89597
6918	3.75559
6919	4.03100
6920	4.36992
6921	4.39585
6922	3.95127
6923	3.23509
6924	2.55974
6925	2.10325
6926	1.90599
6927	1.89911
6928	1.96733
6929	2.07930
6930	2.26578
6931	2.50441
6932	2.74507
6933	3.01179
6934	3.39192
6935	3.89414
6936	4.40053
6937	4.77667
6938	4.96410
6939	5.01988
6940	5.07494
6941	5.20184
6942	5.37045
6943	5.53584
6944	5.64696
6945	5.64103
6946	5.55066
6947	5.44832
6948	5.25797
6949	4.87212
6950	4.61515
6951	5.25545
6952	6.99851
6953	8.82918
6954	9.56569
6955	9.27645
6956	8.90347
6957	8.65560
6958	7.84956
6959	6.40560
6960	5.09815
6961	4.36381
6962	3.95431
6963	3.55963
6964	3.19414
6965	3.08193
6966	3.27135
6967	3.51073
6968	3.57479
6969	3.45849
6970	3.23212
6971	2.94641
6972	2.67154
6973	2.47443
6974	2.36145
6975	2.29255
6976	2.23552
6977	2.17416
6978	2.08782
6979	1.97517
6980	1.85797
6981	1.73430
6982	1.57329
6983	1.37242
6984	1.21800
6985	1.18568
6986	1.19959
6987	1.15847
6988	1.07330
6989	0.99074
6990	0.94431
6991	0.95823
6992	1.01338
6993	1.06120
6994	1.07062
6995	1.02948
6996	0.96370
6997	0.93440
6998	0.96438
6999	1.03799
7000	1.14622
7001	1.27929
7002	1.43698
7003	1.63385
7004	1.88306
7005	2.19347
7006	2.54616
7007	2.91619
7008	3.34154
7009	3.88269
7010	4.52217
7011	5.17832
7012	5.78810
7013	6.33875
7014	6.85731
7015	7.35801
7016	7.77899
7017	8.02712
7018	8.07645
7019	7.97133
7020	7.79955
7021	7.76033
7022	8.04282
7023	8.46564
7024	8.60682
7025	8.36364
7026	8.06333
7027	8.03749
7028	8.17895
7029	8.05429
7030	7.48459
7031	6.67968
7032	5.88352
7033	5.21737
7034	4.76842
7035	4.58731
7036	4.60428
7037	4.66921
7038	4.66378
7039	4.54075
7040	4.32725
7041	4.16078
7042	4.21377
7043	4.49215
7044	4.87654
7045	5.29509
7046	5.70194
7047	6.06405
7048	6.37788
7049	6.63861
7050	6.86444
7051	7.11004
7052	7.39918
7053	7.67273
7054	7.84881
7055	7.93383
7056	7.99922
7057	8.00940
7058	7.85284
7059	7.72916
7060	8.13845
7061	9.10056
7062	9.88415
7063	9.94644
7064	9.60303
7065	9.40995
7066	9.27687
7067	8.60873
7068	7.30837
7069	5.96788
7070	5.07190
7071	4.66106
7072	4.49604
7073	4.32178
7074	4.16933
7075	4.22679
7076	4.42368
7077	4.53815
7078	4.50510
7079	4.37829
7080	4.21086
7081	4.06342
7082	3.97472
7083	3.90559
7084	3.80163
7085	3.67149
7086	3.54988
7087	3.44101
7088	3.31840
7089	3.16186
7090	3.00697
7091	2.90108
7092	2.80429
7093	2.63706
7094	2.40907
7095	2.21109
7096	2.10307
7097	2.07193
7098	2.05659
7099	1.99942
7100	1.87905
7101	1.68557
7102	1.46045
7103	1.30688
7104	1.25303
7105	1.21045
7106	1.12400
7107	1.03750
7108	0.96512
7109	0.88497
7110	0.87178
7111	1.00160
7112	1.25409
7113	1.61172
7114	2.03197
7115	2.43044
7116	2.79177
7117	3.17208
7118	3.63760
7119	4.18347
7120	4.69462
7121	5.11280
7122	5.53823
7123	6.01547
7124	6.41630
7125	6.62251
7126	6.64905
7127	6.56462
7128	6.37991
7129	6.15773
7130	6.13640
7131	6.43682
7132	6.78451
7133	6.80867
7134	6.46791
7135	6.01576
7136	5.83068
7137	6.20896
7138	6.90926
7139	7.27516
7140	6.97330
7141	6.19338
7142	5.28621
7143	4.51114
7144	4.02006
7145	3.80799
7146	3.70030
7147	3.56384
7148	3.42550
7149	3.32525
7150	3.31768
7151	3.51172
7152	3.89053
7153	4.33012
7154	4.76179
7155	5.16262
7156	5.54497
7157	5.92578
7158	6.25589
7159	6.47973
7160	6.64085
7161	6.83708
7162	7.05273
7163	7.14681
7164	7.04228
7165	6.78140
7166	6.39014
7167	5.92793
7168	5.79921
7169	6.63465
7170	8.41230
7171	10.05266
7172	10.49893
7173	9.93851
7174	9.32806
7175	8.91920
7176	8.07199
7177	6.56902
7178	5.07803
7179	4.16638
7180	3.74197
7181	3.46180
7182	3.17939
7183	3.05590
7184	3.27987
7185	3.69726
7186	3.96538
7187	3.91431
7188	3.63540
7189	3.33711
7190	3.12619
7191	2.97820
7192	2.87607
7193	2.80886
7194	2.75277
7195	2.72673
7196	2.73382
7197	2.72547
7198	2.68440
7199	2.64084
7200	2.59816
7201	2.50508
7202	2.33373
7203	2.13212
7204	1.97625
7205	1.91996
7206	1.94974
7207	2.01175
7208	2.08255
7209	2.09979
7210	1.99126
7211	1.83292
7212	1.73370
7213	1.68324
7214	1.66501
7215	1.69341
7216	1.72424
7217	1.71642
7218	1.71621
7219	1.76319
7220	1.82026
7221	1.86195
7222	1.94362
7223	2.15000
7224	2.48338
7225	2.87485
7226	3.30861
7227	3.80355
7228	4.33725
7229	4.88617
7230	5.43737
7231	5.94458
7232	6.38696
7233	6.80733
7234	7.20481
7235	7.51386
7236	7.69782
7237	7.74712
7238	7.64303
7239	7.43728
7240	7.35690
7241	7.65526
7242	8.21163
7243	8.44085
7244	7.90701
7245	6.93355
7246	6.24712
7247	6.11877
7248	6.21774
7249	6.14559
7250	5.75637
7251	5.09084
7252	4.29690
7253	3.58874
7254	3.13815
7255	2.98456
7256	3.02833
7257	3.11487
7258	3.16553
7259	3.23259
7260	3.40703
7261	3.70156
7262	4.07413
7263	4.49623
7264	4.92511
7265	5.31797
7266	5.69641
7267	6.08532
7268	6.45172
7269	6.80263
7270	7.21247
7271	7.65361
7272	7.97649
7273	8.09367
7274	8.04000
7275	7.91519
7276	7.81850
7277	7.79811
7278	7.98790
7279	8.63779
7280	9.61057
7281	10.21805
7282	10.07452
7283	9.62949
7284	9.43431
7285	9.29073
7286	8.54334
7287	7.06106
7288	5.39253
7289	4.22806
7290	3.83971
7291	3.78579
7292	3.60439
7293	3.44824
7294	3.59586
7295	3.91945
7296	4.11128
7297	4.06239
7298	3.92533
7299	3.86196
7300	3.84628
7301	3.80322
7302	3.73952
7303	3.69341
7304	3.67270
7305	3.62892
7306	3.51530
7307	3.39315
7308	3.35512
7309	3.36391
7310	3.31683
7311	3.17307
7312	2.96396
7313	2.77941
7314	2.71880
7315	2.79375
7316	2.89264
7317	2.90287
7318	2.82652
7319	2.71098
7320	2.58792
7321	2.50970
7322	2.49366
7323	2.45900
7324	2.36482
7325	2.29541
7326	2.28007
7327	2.21747
7328	2.06089
7329	1.90111
7330	1.84276
7331	1.92409
7332	2.13855
7333	2.44694
7334	2.80109
7335	3.18467
7336	3.61277
7337	4.10657
7338	4.65411
7339	5.17901
7340	5.61334
7341	5.99735
7342	6.39129
7343	6.75304
7344	7.01109
7345	7.16645
7346	7.23889
7347	7.17078
7348	6.98478
7349	6.96512
7350	7.31953
7351	7.77310
7352	7.76388
7353	7.04141
7354	6.11104
7355	5.84310
7356	6.44969
7357	7.23201
7358	7.39479
7359	6.73868
7360	5.56097
7361	4.29472
7362	3.31365
7363	2.78155
7364	2.61983
7365	2.64667
7366	2.69058
7367	2.68310
7368	2.68530
7369	2.74845
7370	2.88867
7371	3.21813
7372	3.84331
7373	4.62235
7374	5.26172
7375	5.63395
7376	5.83684
7377	6.01281
7378	6.21987
7379	6.41628
7380	6.53050
7381	6.57910
7382	6.64582
7383	6.68406
7384	6.50623
7385	6.08663
7386	5.70785
7387	5.75591
7388	6.45136
7389	7.62335
7390	8.65706
7391	8.95092
7392	8.61307
7393	8.36053
7394	8.48507
7395	8.37128
7396	7.47568
7397	6.15812
7398	5.06404
7399	4.47909
7400	4.24313
7401	3.97848
7402	3.61618
7403	3.42976
7404	3.54136
7405	3.76786
7406	3.88355
7407	3.83187
7408	3.73329
7409	3.69779
7410	3.69372
7411	3.65494
7412	3.57714
7413	3.48683
7414	3.40697
7415	3.32057
7416	3.19787
7417	3.07757
7418	3.01497
7419	2.95425
7420	2.78893
7421	2.55575
7422	2.37622
7423	2.26420
7424	2.19246
7425	2.14518
7426	2.04441
7427	1.84833
7428	1.61967
7429	1.42434
7430	1.27568
7431	1.14284
7432	0.99041
7433	0.84515
7434	0.77194
7435	0.76902
7436	0.75891
7437	0.69883
7438	0.66119
7439	0.74512
7440	0.92975
7441	1.14824
7442	1.40909
7443	1.70535
7444	2.02317
7445	2.43982
7446	2.98442
7447	3.54745
7448	4.05022
7449	4.51557
7450	4.95220
7451	5.34548
7452	5.72794
7453	6.10150
7454	6.34590
7455	6.35777
7456	6.21450
7457	6.04348
7458	5.91527
7459	5.97322
7460	6.32375
7461	6.77754
7462	6.92046
7463	6.49989
7464	5.84009
7465	5.62015
7466	6.01429
7467	6.46566
7468	6.37674
7469	5.65772
7470	4.64545
7471	3.73980
7472	3.14442
7473	2.83247
7474	2.67587
7475	2.56626
7476	2.46056
7477	2.42735
7478	2.56105
7479	2.80869
7480	3.07062
7481	3.35807
7482	3.71650
7483	4.14556
7484	4.59980
7485	5.01174
7486	5.34031
7487	5.59567
7488	5.84463
7489	6.18657
7490	6.62774
7491	7.01447
7492	7.18856
7493	7.15780
7494	7.10492
7495	7.25009
7496	7.73629
7497	8.66065
7498	9.86709
7499	10.73065
7500	10.79246
7501	10.39505
7502	10.02006
7503	9.44420
7504	8.10384
7505	6.09021
7506	4.45148
7507	3.99059
7508	4.10380
7509	3.92886
7510	3.52718
7511	3.34523
7512	3.49718
7513	3.80557
7514	4.06911
7515	4.16131
7516	4.09774
7517	4.01925
7518	3.98518
7519	3.91059
7520	3.75911
7521	3.60959
7522	3.52240
7523	3.47153
7524	3.41547
7525	3.34274
7526	3.24427
7527	3.12885
7528	3.03505
7529	2.97828
7530	2.94406
7531	2.93522
7532	2.95860
7533	2.98472
7534	2.98373
7535	2.95865
7536	2.90930
7537	2.84475
7538	2.83770
7539	2.94760
7540	3.11378
7541	3.22642
7542	3.25005
7543	3.22817
7544	3.22985
7545	3.30781
7546	3.48499
7547	3.76257
7548	4.11034
7549	4.47584
7550	4.85531
7551	5.30457
7552	5.83663
7553	6.37013
7554	6.77989
7555	6.99279
7556	7.05871
7557	7.04364
7558	6.93595
7559	6.86954
7560	7.15987
7561	7.73742
7562	7.89255
7563	7.15265
7564	6.21751
7565	6.21913
7566	7.15782
7567	8.02276
7568	8.05528
7569	7.21847
7570	5.89608
7571	4.54312
7572	3.48251
7573	2.85663
7574	2.64328
7575	2.68836
7576	2.78664
7577	2.86342
7578	3.10137
7579	3.65874
7580	4.33951
7581	4.85375
7582	5.18338
7583	5.44521
7584	5.69588
7585	6.00215
7586	6.44376
7587	6.97713
7588	7.45206
7589	7.77414
7590	7.99520
7591	8.16156
7592	8.24389
7593	8.43614
7594	9.06954
7595	10.08170
7596	10.99202
7597	11.49463
7598	11.57004
7599	10.98425
7600	9.35509
7601	6.88332
7602	4.56779
7603	3.39950
7604	3.43893
7605	3.91109
7606	4.18962
7607	4.26365
7608	4.37168
7609	4.58047
7610	4.79066
7611	4.96006
7612	5.11135
7613	5.21237
7614	5.26532
7615	5.34999
7616	5.46018
7617	5.49433
7618	5.45299
7619	5.46158
7620	5.57770
7621	5.76639
7622	5.99746
7623	6.21147
7624	6.34918
7625	6.43884
7626	6.50189
7627	6.49817
7628	6.43960
7629	6.37727
7630	6.34873
7631	6.40421
7632	6.51187
7633	6.58881
7634	6.68972
7635	6.99464
7636	7.60326
7637	8.29255
7638	8.68896
7639	8.72398
7640	8.59295
7641	8.50219
7642	8.58579
7643	8.74920
7644	8.78849
7645	8.75573
7646	8.85721
7647	9.04264
7648	8.96651
7649	8.40228
7650	7.46271
7651	6.35356
7652	5.24875
7653	4.35882
7654	3.86646
7655	3.77903
7656	3.84469
7657	3.77562
7658	3.60405
7659	3.58394
7660	3.84163
7661	4.30492
7662	4.78782
7663	5.09523
7664	5.20031
7665	5.28157
7666	5.54817
7667	6.03075
7668	6.56701
7669	7.06013
7670	7.53280
7671	7.88490
7672	8.00378
7673	8.14022
7674	8.55569
7675	9.08370
7676	9.50103
7677	9.73350
7678	9.82131
7679	10.06933
7680	10.64566
7681	10.68589
7682	8.73401
7683	4.72040
7684	0.67939
7685	-1.40141
7686	-1.46206
7687	-0.73658
7688	-0.15401
7689	0.16693
7690	0.36705
7691	0.48748
7692	0.49666
7693	0.39636
7694	0.24584
7695	0.13034
7696	0.05574
7697	-0.04241
7698	-0.12852
7699	-0.05964
7700	0.24243
7701	0.71713
7702	1.24560
7703	1.73014
7704	2.12636
7705	2.45198
7706	2.75078
7707	3.08896
7708	3.53605
7709	4.07133
7710	4.60123
7711	5.07293
7712	5.51644
7713	5.95102
7714	6.28159
7715	6.47313
7716	6.75991
7717	7.36224
7718	8.07562
7719	8.52625
7720	8.70999
7721	8.89235
7722	9.20474
7723	9.58093
7724	9.73956
7725	9.17935
7726	7.64991
7727	5.60370
7728	3.86496
7729	2.91834
7730	2.63936
7731	2.61121
7732	2.55271
7733	2.44011
7734	2.41664
7735	2.62036
7736	3.01748
7737	3.50089
7738	4.00626
7739	4.40889
7740	4.60756
7741	4.71232
7742	4.88091
7743	5.09614
7744	5.32614
7745	5.64546
7746	5.95319
7747	5.97951
7748	5.83091
7749	6.07225
7750	6.81589
7751	7.47660
7752	7.80927
7753	8.18951
7754	8.71188
7755	8.60826
7756	7.18140
7757	4.78084
7758	2.45094
7759	1.11409
7760	0.92388
7761	1.32479
7762	1.72315
7763	1.94913
7764	2.16799
7765	2.50446
7766	2.76055
7767	2.71605
7768	2.44116
7769	2.17360
7770	2.06511
7771	2.11137
7772	2.28450
7773	2.60944
7774	3.06802
7775	3.57331
7776	4.04389
7777	4.43111
7778	4.73846
7779	5.02603
7780	5.33788
7781	5.62779
7782	5.81901
7783	5.97028
7784	6.26234
7785	6.78566
7786	7.43295
7787	8.01792
7788	8.41887
7789	8.57994
7790	8.60688
7791	8.73272
7792	8.88586
7793	8.83428
7794	8.77028
7795	9.05930
7796	9.58556
7797	9.70279
7798	8.79134
7799	6.93932
7800	4.93946
7801	3.51400
7802	2.81732
7803	2.61074
7804	2.58444
7805	2.58049
7806	2.65107
7807	2.89464
7808	3.29075
7809	3.77298
7810	4.33197
7811	4.92541
7812	5.45414
7813	5.83442
7814	6.03525
7815	6.19972
7816	6.56848
7817	7.09579
7818	7.46804
7819	7.58882
7820	7.79953
7821	8.44788
7822	9.24440
7823	9.62122
7824	9.58077
7825	9.61210
7826	9.86653
7827	9.56040
7828	7.63263
7829	4.27566
7830	1.17388
7831	-0.22277
7832	-0.02838
7833	0.67760
7834	1.21666
7835	1.53650
7836	1.77192
7837	1.95510
7838	1.96509
7839	1.73983
7840	1.44332
7841	1.28986
7842	1.28838
7843	1.34649
7844	1.49857
7845	1.83025
7846	2.32741
7847	2.91456
7848	3.51290
7849	4.03468
7850	4.42555
7851	4.71313
7852	4.96795
7853	5.18918
7854	5.34889
7855	5.53844
7856	5.90519
7857	6.52375
7858	7.34607
7859	8.20658
7860	8.89438
7861	9.19714
7862	9.03111
7863	8.57185
7864	8.14364
7865	8.06061
7866	8.46776
7867	9.09684
7868	9.30008
7869	8.56287
7870	7.00821
7871	5.30578
7872	4.05431
7873	3.39227
7874	3.13621
7875	3.05170
7876	3.00841
7877	2.98971
7878	3.03891
7879	3.24793
7880	3.70710
7881	4.37101
7882	5.01892
7883	5.44015
7884	5.62404
7885	5.72719
7886	5.96935
7887	6.46625
7888	7.04691
7889	7.39385
7890	7.38809
7891	7.35766
7892	7.68104
7893	8.28543
7894	8.91953
7895	9.28800
7896	9.27530
7897	9.15640
7898	8.68909
7899	6.94640
7900	3.88920
7901	0.92350
7902	-0.57921
7903	-0.56174
7904	0.11643
7905	0.74637
7906	1.11247
7907	1.30389
7908	1.44675
7909	1.49375
7910	1.36819
7911	1.16369
7912	1.05382
7913	1.13052
7914	1.33641
7915	1.58878
7916	1.94189
7917	2.48581
7918	3.16207
7919	3.81323
7920	4.36249
7921	4.84852
7922	5.30474
7923	5.68094
7924	5.89535
7925	6.04459
7926	6.47114
7927	7.35911
7928	8.45397
7929	9.41205
7930	10.04475
7931	10.10268
7932	9.52539
7933	8.82211
7934	8.46213
7935	8.39288
7936	8.48920
7937	8.84990
7938	9.50919
7939	10.11600
7940	10.02196
7941	8.78824
7942	6.66752
7943	4.48206
7944	2.99008
7945	2.40062
7946	2.38964
7947	2.48078
7948	2.43748
7949	2.35093
7950	2.42718
7951	2.80782
7952	3.46276
7953	4.12834
7954	4.56514
7955	4.83012
7956	5.11516
7957	5.54900
7958	6.23550
7959	7.17005
7960	8.02867
7961	8.38886
7962	8.39719
7963	8.65219
7964	9.13424
7965	9.44424
7966	9.71164
7967	10.18491
7968	10.47008
7969	9.52460
7970	6.76467
7971	3.05831
7972	0.11747
7973	-1.06609
7974	-0.76781
7975	0.16964
7976	0.98112
7977	1.30081
7978	1.30601
7979	1.28979
7980	1.24711
7981	1.07798
7982	0.84384
7983	0.69869
7984	0.69889
7985	0.82621
7986	1.12004
7987	1.60749
7988	2.21188
7989	2.84132
7990	3.43883
7991	3.97059
7992	4.47555
7993	5.01776
7994	5.50216
7995	5.76202
7996	5.92104
7997	6.35860
7998	7.25385
7999	8.38481
8000	9.37319
8001	9.99872
8002	10.19909
8003	10.01292
8004	9.64801
8005	9.30776
8006	9.11226
8007	9.26958
8008	9.94040
8009	10.85687
8010	11.29379
8011	10.59348
8012	8.74837
8013	6.44913
8014	4.57091
8015	3.57324
8016	3.29475
8017	3.28488
8018	3.27244
8019	3.24991
8020	3.26100
8021	3.37833
8022	3.81693
8023	4.68136
8024	5.70276
8025	6.50721
8026	6.90499
8027	7.00739
8028	7.19314
8029	7.67463
8030	8.23323
8031	8.53047
8032	8.48688
8033	8.40720
8034	8.59570
8035	8.92456
8036	9.22605
8037	9.55722
8038	10.06401
8039	10.61455
8040	10.21006
8041	7.86263
8042	4.37781
8043	1.81228
8044	1.11933
8045	1.52962
8046	2.09273
8047	2.50514
8048	2.74214
8049	2.87723
8050	2.96362
8051	2.93832
8052	2.78902
8053	2.65559
8054	2.69519
8055	2.87271
8056	3.05630
8057	3.30864
8058	3.75675
8059	4.29399
8060	4.72382
8061	5.01502
8062	5.24966
8063	5.48051
8064	5.71927
8065	5.93997
8066	6.10081
8067	6.31606
8068	6.80365
8069	7.53275
8070	8.21760
8071	8.61255
8072	8.65620
8073	8.57425
8074	8.71552
8075	9.10097
8076	9.46740
8077	9.69776
8078	9.92418
8079	10.29742
8080	10.68767
8081	10.62179
8082	9.70545
8083	8.06535
8084	6.25572
8085	4.81132
8086	3.94726
8087	3.57188
8088	3.45857
8089	3.41615
8090	3.40155
8091	3.50793
8092	3.82770
8093	4.37618
8094	5.08318
8095	5.77555
8096	6.26131
8097	6.51780
8098	6.72688
8099	7.06410
8100	7.53698
8101	7.99409
8102	8.23623
8103	8.26264
8104	8.51629
8105	9.42336
8106	10.56728
8107	11.17223
8108	11.11492
8109	10.88048
8110	10.90863
8111	10.72779
8112	9.00892
8113	5.45513
8114	1.67851
8115	-0.54980
8116	-0.89790
8117	-0.25037
8118	0.52433
8119	1.03474
8120	1.18476
8121	1.09609
8122	0.83525
8123	0.42646
8124	0.06658
8125	-0.10666
8126	-0.18753
8127	-0.25638
8128	-0.23635
8129	0.00885
8130	0.54802
8131	1.28631
8132	2.06394
8133	2.76134
8134	3.27278
8135	3.63522
8136	4.00411
8137	4.35215
8138	4.60674
8139	4.99750
8140	5.76290
8141	6.74744
8142	7.62321
8143	8.20990
8144	8.37288
8145	8.01058
8146	7.36773
8147	6.89985
8148	6.82504
8149	7.12691
8150	7.74957
8151	8.59581
8152	9.36108
8153	9.53659
8154	8.76829
8155	7.18771
8156	5.34326
8157	3.80870
8158	2.86680
8159	2.48983
8160	2.47279
8161	2.61747
8162	2.85050
8163	3.12560
8164	3.41471
8165	3.85469
8166	4.58833
8167	5.51921
8168	6.39479
8169	6.99297
8170	7.25820
8171	7.33783
8172	7.48090
8173	7.84956
8174	8.22185
8175	8.18217
8176	8.00679
8177	8.54064
8178	9.80649
8179	10.82387
8180	10.95261
8181	10.57527
8182	10.39130
8183	10.10188
8184	8.40913
8185	5.10458
8186	1.82744
8187	0.12018
8188	0.01036
8189	0.55895
8190	1.09145
8191	1.43401
8192	1.60201
8193	1.66553
8194	1.62623
8195	1.47141
8196	1.31830
8197	1.25716
8198	1.26270
8199	1.32412
8200	1.47235
8201	1.73529
8202	2.15266
8203	2.71067
8204	3.26476
8205	3.69669
8206	4.03359
8207	4.32677
8208	4.61011
8209	4.92901
8210	5.34249
8211	5.97002
8212	6.82116
8213	7.60652
8214	8.04560
8215	8.19432
8216	8.25750
8217	8.38253
8218	8.66212
8219	9.01478
8220	9.26288
8221	9.44100
8222	9.72014
8223	10.04839
8224	10.02431
8225	9.16943
8226	7.42517
8227	5.34807
8228	3.67578
8229	2.75318
8230	2.42449
8231	2.36113
8232	2.37388
8233	2.45704
8234	2.67157
8235	3.04947
8236	3.62863
8237	4.41598
8238	5.21727
8239	5.78033
8240	6.09770
8241	6.31289
8242	6.55012
8243	6.96217
8244	7.65471
8245	8.49115
8246	9.12589
8247	9.37598
8248	9.54387
8249	9.95545
8250	10.45000
8251	10.74928
8252	10.86456
8253	10.85767
8254	10.14939
8255	7.87979
8256	4.54248
8257	1.80517
8258	0.66613
8259	0.85236
8260	1.49568
8261	1.96861
8262	2.13103
8263	2.15868
8264	2.23600
8265	2.27540
8266	2.11340
8267	1.84494
8268	1.67309
8269	1.63545
8270	1.67912
8271	1.84421
8272	2.24230
8273	2.88937
8274	3.62721
8275	4.29317
8276	4.83661
8277	5.23317
8278	5.53784
8279	5.80981
8280	5.93162
8281	5.95377
8282	6.29086
8283	7.18350
8284	8.39069
8285	9.51929
8286	10.26783
8287	10.45570
8288	10.20856
8289	9.84296
8290	9.43342
8291	8.90584
8292	8.43696
8293	8.41898
8294	8.95701
8295	9.51073
8296	9.29183
8297	8.02329
8298	6.16118
8299	4.44154
8300	3.31170
8301	2.77261
8302	2.58713
8303	2.55017
8304	2.62860
8305	2.86128
8306	3.21794
8307	3.69976
8308	4.38193
8309	5.20628
8310	5.96998
8311	6.52253
8312	6.83799
8313	7.04033
8314	7.33060
8315	7.71892
8316	7.91905
8317	7.68829
8318	7.32104
8319	7.59298
8320	8.78399
8321	10.10372
8322	10.70166
8323	10.63465
8324	10.45577
8325	10.09976
8326	8.55502
8327	5.29903
8328	1.57055
8329	-0.76929
8330	-1.20290
8331	-0.69503
8332	-0.13077
8333	0.29805
8334	0.63707
8335	0.96922
8336	1.17255
8337	1.05066
8338	0.75170
8339	0.55612
8340	0.52974
8341	0.59703
8342	0.75835
8343	1.11946
8344	1.71367
8345	2.43469
8346	3.13919
8347	3.70151
8348	4.10725
8349	4.50930
8350	4.97886
8351	5.32924
8352	5.44130
8353	5.57868
8354	6.00907
8355	6.55215
8356	6.98722
8357	7.42990
8358	7.89990
8359	8.23781
8360	8.45061
8361	8.55975
8362	8.49928
8363	8.38163
8364	8.50376
8365	9.02574
8366	9.70580
8367	9.94195
8368	9.21802
8369	7.58288
8370	5.62793
8371	4.02848
8372	3.10665
8373	2.77073
8374	2.77714
8375	2.92051
8376	3.06572
8377	3.20813
8378	3.48523
8379	4.05312
8380	4.92745
8381	5.95062
8382	6.92492
8383	7.71118
8384	8.24250
8385	8.58529
8386	8.92895
8387	9.38382
8388	9.81069
8389	9.95918
8390	9.89115
8391	10.01413
8392	10.49622
8393	11.02874
8394	11.25599
8395	11.25264
8396	11.42444
8397	11.75122
8398	11.13071
8399	8.37753
8400	4.24776
8401	1.05618
8402	0.05453
8403	0.54733
8404	1.36493
8405	1.96252
8406	2.24614
8407	2.33754
8408	2.35215
8409	2.23202
8410	1.94603
8411	1.65589
8412	1.54169
8413	1.61757
8414	1.81659
8415	2.15537
8416	2.67120
8417	3.28162
8418	3.85055
8419	4.32357
8420	4.73739
8421	5.16989
8422	5.61530
8423	5.89937
8424	5.94266
8425	6.02263
8426	6.47965
8427	7.23996
8428	7.92759
8429	8.40096
8430	8.76989
8431	9.08227
8432	9.38223
8433	9.70520
8434	9.96466
8435	10.14883
8436	10.41817
8437	10.85890
8438	11.25615
8439	11.12569
8440	10.02760
8441	8.02079
8442	5.76059
8443	4.01121
8444	3.10554
8445	2.88082
8446	2.96533
8447	3.06931
8448	3.11928
8449	3.18555
8450	3.40010
8451	3.89649
8452	4.61749
8453	5.36873
8454	6.08256
8455	6.72450
8456	7.20154
8457	7.60280
8458	8.14036
8459	8.77624
8460	9.23518
8461	9.35579
8462	9.35033
8463	9.49249
8464	9.64319
8465	9.67167
8466	9.85634
8467	10.39354
8468	10.84232
8469	10.12733
8470	7.51202
8471	3.79489
8472	0.78275
8473	-0.42814
8474	-0.17628
8475	0.50648
8476	0.97916
8477	1.17651
8478	1.23056
8479	1.22095
8480	1.09434
8481	0.84529
8482	0.61987
8483	0.53716
8484	0.58276
8485	0.70124
8486	0.89470
8487	1.23218
8488	1.76758
8489	2.39942
8490	2.91217
8491	3.23441
8492	3.52209
8493	3.91157
8494	4.30794
8495	4.55754
8496	4.75923
8497	5.19789
8498	5.98053
8499	6.93122
8500	7.87025
8501	8.74000
8502	9.37345
8503	9.58784
8504	9.49950
8505	9.28585
8506	9.01387
8507	8.88605
8508	9.13428
8509	9.61535
8510	9.79429
8511	9.15898
8512	7.62843
8513	5.66914
8514	4.00293
8515	3.05664
8516	2.72056
8517	2.65860
8518	2.68096
8519	2.78401
8520	2.99180
8521	3.30771
8522	3.79747
8523	4.50947
8524	5.32520
8525	5.99927
8526	6.35714
8527	6.55370
8528	6.95828
8529	7.64020
8530	8.26756
8531	8.44543
8532	8.10067
8533	7.83718
8534	8.21481
8535	8.94197
8536	9.54653
8537	9.95798
8538	10.14949
8539	9.53891
8540	7.32152
8541	3.89088
8542	0.90462
8543	-0.42921
8544	-0.27823
8545	0.45375
8546	1.02367
8547	1.16159
8548	1.04587
8549	0.96715
8550	0.90655
8551	0.67974
8552	0.32207
8553	0.07511
8554	0.07913
8555	0.25663
8556	0.54899
8557	1.03166
8558	1.72688
8559	2.52081
8560	3.26725
8561	3.87935
8562	4.42035
8563	5.04325
8564	5.64399
8565	5.89735
8566	5.90421
8567	6.21270
8568	7.04481
8569	8.13757
8570	9.19315
8571	9.91844
8572	10.02189
8573	9.64053
8574	9.23676
8575	8.98374
8576	8.81755
8577	8.83819
8578	9.23539
8579	9.93453
8580	10.47615
8581	10.29303
8582	9.09321
8583	7.10890
8584	5.03174
8585	3.53659
8586	2.86467
8587	2.83427
8588	3.09178
8589	3.34828
8590	3.47576
8591	3.52536
8592	3.72542
8593	4.28308
8594	5.15109
8595	6.07584
8596	6.80265
8597	7.25145
8598	7.51178
8599	7.71500
8600	7.96863
8601	8.26137
8602	8.45401
8603	8.59109
8604	8.99967
8605	9.63359
8606	10.03271
8607	10.12224
8608	10.25293
8609	10.49970
8610	10.03258
8611	7.78267
8612	4.22410
8613	1.19255
8614	-0.16551
8615	-0.07120
8616	0.64291
8617	1.32375
8618	1.70011
8619	1.82326
8620	1.86633
8621	1.82526
8622	1.63290
8623	1.36099
8624	1.11121
8625	0.98231
8626	1.08188
8627	1.43066
8628	1.96217
8629	2.57544
8630	3.14743
8631	3.62323
8632	4.08802
8633	4.64779
8634	5.28023
8635	5.81273
8636	6.12659
8637	6.40661
8638	6.97188
8639	7.92012
8640	9.10781
8641	10.29045
8642	11.11380
8643	11.24925
8644	10.82525
8645	10.35894
8646	10.09534
8647	9.93439
8648	9.89244
8649	10.15728
8650	10.75787
8651	11.27721
8652	11.00030
8653	9.59553
8654	7.50269
8655	5.48557
8656	4.04756
8657	3.32074
8658	3.19956
8659	3.42959
8660	3.70643
8661	3.85370
8662	3.98534
8663	4.36496
8664	5.03323
8665	5.76732
8666	6.30399
8667	6.49671
8668	6.48572
8669	6.63094
8670	7.16734
8671	7.92087
8672	8.31773
8673	7.97083
8674	7.36385
8675	7.47223
8676	8.48108
8677	9.49030
8678	9.77930
8679	9.50406
8680	8.73924
8681	7.06440
8682	4.59853
8683	2.22600
8684	0.84652
8685	0.67727
8686	1.22278
8687	1.83734
8688	2.15564
8689	2.23643
8690	2.36095
8691	2.56207
8692	2.64128
8693	2.55240
8694	2.44444
8695	2.45715
8696	2.62485
8697	2.96335
8698	3.50756
8699	4.21586
8700	4.95151
8701	5.55724
8702	5.97337
8703	6.31959
8704	6.67660
8705	6.88155
8706	6.88292
8707	7.01712
8708	7.58490
8709	8.54517
8710	9.70921
8711	10.74223
8712	11.16865
8713	10.91161
8714	10.43824
8715	10.06692
8716	9.70115
8717	9.28478
8718	9.02289
8719	9.16452
8720	9.74527
8721	10.38587
8722	10.34915
8723	9.14361
8724	7.09547
8725	5.08518
8726	3.77847
8727	3.24708
8728	3.20791
8729	3.34738
8730	3.44078
8731	3.43824
8732	3.48221
8733	3.80912
8734	4.56838
8735	5.62475
8736	6.59847
8737	7.18528
8738	7.42967
8739	7.65529
8740	8.12222
8741	8.76539
8742	9.23087
8743	9.17519
8744	8.75006
8745	8.70820
8746	9.37241
8747	10.18899
8748	10.65753
8749	10.80336
8750	10.85650
8751	10.31516
8752	8.02367
8753	4.20073
8754	0.69113
8755	-1.08048
8756	-1.09991
8757	-0.35745
8758	0.29078
8759	0.58957
8760	0.65392
8761	0.70908
8762	0.82086
8763	0.84092
8764	0.70809
8765	0.54326
8766	0.47657
8767	0.55149
8768	0.75733
8769	1.12010
8770	1.69007
8771	2.39976
8772	3.07468
8773	3.61051
8774	4.05827
8775	4.56300
8776	5.16424
8777	5.66664
8778	5.95506
8779	6.32545
8780	7.14603
8781	8.28390
8782	9.24465
8783	9.83866
8784	10.14197
8785	10.08764
8786	9.74555
8787	9.39936
8788	9.15517
8789	9.01142
8790	9.11798
8791	9.64205
8792	10.37323
8793	10.61994
8794	9.74496
8795	7.82352
8796	5.61710
8797	3.91004
8798	2.97500
8799	2.59618
8800	2.47278
8801	2.50001
8802	2.65820
8803	2.91082
8804	3.29370
8805	3.86701
8806	4.61972
8807	5.49776
8808	6.42359
8809	7.26731
8810	7.87168
8811	8.23760
8812	8.56465
8813	8.87169
8814	8.85157
8815	8.43270
8816	8.18335
8817	8.65183
8818	9.63359
8819	10.47354
8820	10.72417
8821	10.51011
8822	10.42841
8823	10.53509
8824	9.62878
8825	6.73760
8826	2.91613
8827	0.22295
8828	-0.52605
8829	-0.06206
8830	0.70070
8831	1.30697
8832	1.57975
8833	1.60181
8834	1.55853
8835	1.51640
8836	1.44006
8837	1.34125
8838	1.28718
8839	1.30329
8840	1.42084
8841	1.70806
8842	2.16150
8843	2.67378
8844	3.14507
8845	3.57058
8846	4.00035
8847	4.46308
8848	4.92917
8849	5.31202
8850	5.64780
8851	6.17102
8852	6.92326
8853	7.62511
8854	8.18770
8855	8.74676
8856	9.15239
8857	9.20612
8858	9.14557
8859	9.23639
8860	9.35846
8861	9.36604
8862	9.40031
8863	9.64438
8864	9.97930
8865	9.96279
8866	9.11162
8867	7.37210
8868	5.33891
8869	3.76375
8870	2.94431
8871	2.70005
8872	2.70003
8873	2.69814
8874	2.64913
8875	2.66760
8876	2.89018
8877	3.39748
8878	4.10950
8879	4.79085
8880	5.28630
8881	5.64732
8882	6.00344
8883	6.42707
8884	6.90330
8885	7.34882
8886	7.69925
8887	8.09014
8888	8.86842
8889	9.96753
8890	10.69106
8891	10.72201
8892	10.47697
8893	10.42919
8894	10.62862
8895	10.29825
8896	8.18255
8897	4.38603
8898	0.81626
8899	-0.98271
8900	-1.06767
8901	-0.35182
8902	0.42076
8903	0.90979
8904	1.09989
8905	1.12961
8906	1.04464
8907	0.83191
8908	0.55714
8909	0.30564
8910	0.12323
8911	0.09045
8912	0.31224
8913	0.79157
8914	1.44362
8915	2.15494
8916	2.78307
8917	3.25495
8918	3.66622
8919	4.13290
8920	4.54334
8921	4.75413
8922	4.96850
8923	5.48181
8924	6.23593
8925	7.04300
8926	8.00028
8927	9.10096
8928	9.78567
8929	9.71543
8930	9.34412
8931	9.08465
8932	8.87806
8933	8.75534
8934	8.96172
8935	9.47202
8936	9.82827
8937	9.46477
8938	8.14011
8939	6.19453
8940	4.38173
8941	3.29845
8942	2.91917
8943	2.81195
8944	2.73559
8945	2.77336
8946	2.99502
8947	3.31579
8948	3.69017
8949	4.16374
8950	4.71232
8951	5.28469
8952	5.92429
8953	6.61136
8954	7.18830
8955	7.59011
8956	7.87151
8957	8.01616
8958	8.05134
8959	8.41072
8960	9.66899
8961	11.59017
8962	13.05819
8963	13.32210
8964	12.69797
8965	11.95106
8966	11.28047
8967	9.84189
8968	6.68993
8969	2.47748
8970	-0.83917
8971	-2.08533
8972	-1.70191
8973	-0.78660
8974	-0.02443
8975	0.36691
8976	0.47498
8977	0.49494
8978	0.48470
8979	0.42491
8980	0.33404
8981	0.24743
8982	0.23769
8983	0.44625
8984	0.91970
8985	1.51970
8986	2.09039
8987	2.58049
8988	3.00890
8989	3.42409
8990	3.86677
8991	4.28653
8992	4.56890
8993	4.79487
8994	5.26677
8995	6.07557
8996	6.97852
8997	7.84194
8998	8.74013
8999	9.49655
9000	9.70627
9001	9.39151
9002	9.02955
9003	8.89383
9004	8.95112
9005	9.18759
9006	9.57716
9007	9.86942
9008	9.63713
9009	8.58216
9010	6.84729
9011	5.01224
9012	3.68679
9013	3.08382
9014	3.00652
9015	3.14767
9016	3.28677
9017	3.33579
9018	3.34056
9019	3.44994
9020	3.84732
9021	4.54899
9022	5.28707
9023	5.76856
9024	5.97381
9025	6.14156
9026	6.56217
9027	7.31946
9028	8.14022
9029	8.61777
9030	8.77584
9031	9.21098
9032	10.26751
9033	11.43013
9034	11.92905
9035	11.72766
9036	11.45817
9037	11.06785
9038	9.35747
9039	5.83745
9040	1.90315
9041	-0.62956
9042	-1.22340
9043	-0.66486
9044	0.06574
9045	0.55034
9046	0.78905
9047	0.88811
9048	0.89193
9049	0.77194
9050	0.59936
9051	0.47740
9052	0.37170
9053	0.26793
9054	0.35392
9055	0.80035
9056	1.51134
9057	2.29417
9058	3.04807
9059	3.72522
9060	4.34952
9061	4.98525
9062	5.53404
9063	5.85134
9064	6.08658
9065	6.51595
9066	7.21995
9067	8.16922
9068	9.22396
9069	9.95721
9070	10.01543
9071	9.67942
9072	9.48182
9073	9.46594
9074	9.33408
9075	9.01990
9076	8.80671
9077	9.01867
9078	9.61459
9079	9.99673
9080	9.41690
9081	7.74087
9082	5.62813
9083	3.91315
9084	2.97530
9085	2.66621
9086	2.65606
9087	2.74559
9088	2.87932
9089	3.04688
9090	3.27887
9091	3.65699
9092	4.23023
9093	4.92150
9094	5.64233
9095	6.38018
9096	7.03132
9097	7.45545
9098	7.71674
9099	7.93485
9100	8.06515
9101	8.11526
9102	8.52575
9103	9.78048
9104	11.32020
9105	12.05919
9106	11.82633
9107	11.35466
9108	11.41264
9109	11.74545
9110	10.74433
9111	7.36563
9112	2.93800
9113	-0.22264
9114	-1.14167
9115	-0.54985
9116	0.41597
9117	1.11412
9118	1.35547
9119	1.32766
9120	1.27847
9121	1.22420
9122	1.12597
9123	1.02521
9124	0.98154
9125	1.05628
9126	1.29183
9127	1.67126
9128	2.18144
9129	2.79415
9130	3.36851
9131	3.78663
9132	4.09836
9133	4.40226
9134	4.70503
9135	4.96392
9136	5.27213
9137	5.87755
9138	6.87237
9139	8.01570
9140	8.96465
9141	9.53951
9142	9.82626
9143	10.07021
9144	10.30520
9145	10.29480
9146	9.96939
9147	9.59768
9148	9.52682
9149	9.88339
9150	10.35693
9151	10.30921
9152	9.29807
9153	7.48117
9154	5.48203
9155	3.92079
9156	3.06348
9157	2.80612
9158	2.86867
9159	3.01082
9160	3.11450
9161	3.16130
9162	3.27664
9163	3.68002
9164	4.44275
9165	5.38885
9166	6.22988
9167	6.76193
9168	6.97152
9169	7.00225
9170	7.06662
9171	7.23911
9172	7.29187
9173	7.06556
9174	7.05055
9175	7.94870
9176	9.60964
9177	11.09686
9178	11.68467
9179	11.55653
9180	11.43209
9181	11.23794
9182	9.75522
9183	6.36029
9184	2.41983
9185	-0.09875
9186	-0.63913
9187	-0.05865
9188	0.70349
9189	1.25450
9190	1.51565
9191	1.58826
9192	1.62516
9193	1.67231
9194	1.69908
9195	1.67640
9196	1.62314
9197	1.62924
9198	1.81094
9199	2.20082
9200	2.73514
9201	3.34020
9202	3.93386
9203	4.41567
9204	4.75971
9205	5.05087
9206	5.37545
9207	5.67838
9208	5.90785
9209	6.27112
9210	6.97326
9211	7.86145
9212	8.65819
9213	9.23735
9214	9.49929
9215	9.38883
9216	9.12288
9217	9.03131
9218	9.15170
9219	9.29745
9220	9.46201
9221	9.79502
9222	10.21881
9223	10.30213
9224	9.55265
9225	7.90080
9226	5.87992
9227	4.21085
9228	3.25882
9229	2.94385
9230	2.95756
9231	2.99497
9232	2.97758
9233	3.03058
9234	3.26575
9235	3.73752
9236	4.40802
9237	5.10172
9238	5.67364
9239	6.10992
9240	6.45143
9241	6.77483
9242	7.16747
9243	7.62021
9244	7.99550
9245	8.28593
9246	8.94073
9247	10.36858
9248	12.08016
9249	13.13550
9250	13.25172
9251	12.89720
9252	12.63189
9253	12.43194
9254	11.33202
9255	8.21565
9256	3.62706
9257	-0.26956
9258	-2.00752
9259	-1.83211
9260	-0.87521
9261	-0.05950
9262	0.26812
9263	0.22587
9264	0.11283
9265	0.02600
9266	-0.10701
9267	-0.26053
9268	-0.35148
9269	-0.35134
9270	-0.22624
9271	0.08572
9272	0.60209
9273	1.27473
9274	1.98478
9275	2.60633
9276	3.13007
9277	3.61121
9278	4.06045
9279	4.43223
9280	4.73213
9281	5.13887
9282	5.84773
9283	6.82362
9284	7.80938
9285	8.56475
9286	9.01681
9287	9.18110
9288	9.16095
9289	9.10984
9290	9.02946
9291	8.85811
9292	8.73750
9293	8.91228
9294	9.36217
9295	9.62030
9296	9.08178
9297	7.63625
9298	5.84220
9299	4.37696
9300	3.49674
9301	3.06450
9302	2.87104
9303	2.79904
9304	2.83996
9305	3.00839
9306	3.24364
9307	3.55371
9308	4.08523
9309	4.89276
9310	5.81744
9311	6.59911
9312	7.08647
9313	7.38347
9314	7.72026
9315	8.16432
9316	8.53299
9317	8.71050
9318	8.98531
9319	9.68314
9320	10.55871
9321	11.08554
9322	11.19822
9323	11.32840
9324	11.66898
9325	11.45000
9326	9.34737
9327	5.28610
9328	1.12720
9329	-1.25054
9330	-1.57227
9331	-0.83325
9332	-0.03357
9333	0.43993
9334	0.57938
9335	0.54606
9336	0.45863
9337	0.32698
9338	0.18776
9339	0.08132
9340	-0.01904
9341	-0.08547
9342	0.04046
9343	0.46789
9344	1.11120
9345	1.80229
9346	2.42779
9347	2.95669
9348	3.46507
9349	4.04773
9350	4.61322
9351	4.97765
9352	5.24515
9353	5.75826
9354	6.61336
9355	7.58742
9356	8.49264
9357	9.16428
9358	9.35755
9359	9.17853
9360	9.08300
9361	9.22099
9362	9.40347
9363	9.57421
9364	9.85978
9365	10.26792
9366	10.58891
9367	10.47582
9368	9.53576
9369	7.70448
9370	5.56047
9371	3.88685
9372	3.03689
9373	2.89917
9374	3.18173
9375	3.53944
9376	3.69544
9377	3.65823
9378	3.68941
9379	4.02389
9380	4.66369
9381	5.41820
9382	6.13126
9383	6.74349
9384	7.23322
9385	7.68201
9386	8.19709
9387	8.67986
9388	8.93691
9389	9.06160
9390	9.54138
9391	10.71562
9392	12.07751
9393	12.76490
9394	12.63804
9395	12.28285
9396	12.23988
9397	12.20910
9398	10.83423
9399	7.25517
9400	2.84342
9401	-0.13076
9402	-0.90486
9403	-0.37169
9404	0.44396
9405	1.10431
9406	1.45173
9407	1.56404
9408	1.60834
9409	1.59455
9410	1.53097
9411	1.46413
9412	1.37505
9413	1.30926
9414	1.42870
9415	1.80781
9416	2.36275
9417	2.96744
9418	3.49825
9419	3.87619
9420	4.16961
9421	4.50914
9422	4.88349
9423	5.19195
9424	5.48056
9425	5.92880
9426	6.63052
9427	7.50711
9428	8.39916
9429	9.16475
9430	9.59439
9431	9.56282
9432	9.38444
9433	9.40684
9434	9.52990
9435	9.59322
9436	9.68181
9437	9.89257
9438	10.14999
9439	10.14465
9440	9.42578
9441	7.90537
9442	6.07409
9443	4.53226
9444	3.55424
9445	3.08650
9446	2.94907
9447	2.98992
9448	3.14544
9449	3.40020
9450	3.73148
9451	4.17385
9452	4.78881
9453	5.51055
9454	6.19379
9455	6.74572
9456	7.14747
9457	7.48325
9458	7.90593
9459	8.42944
9460	8.80781
9461	8.86296
9462	8.90045
9463	9.40749
9464	10.25506
9465	10.83362
9466	10.97900
9467	11.08870
9468	11.29329
9469	10.69683
9470	8.11149
9471	4.06580
9472	0.66015
9473	-0.79291
9474	-0.60324
9475	0.20194
9476	0.88594
9477	1.23401
9478	1.35784
9479	1.40458
9480	1.38420
9481	1.27103
9482	1.10624
9483	0.98054
9484	0.96489
9485	1.06913
9486	1.30359
9487	1.72687
9488	2.37099
9489	3.13714
9490	3.83141
9491	4.33235
9492	4.70946
9493	5.09297
9494	5.39807
9495	5.49227
9496	5.61211
9497	6.15950
9498	7.24424
9499	8.63830
9500	9.91914
9501	10.63333
9502	10.55286
9503	9.90745
9504	9.23196
9505	8.85459
9506	8.75435
9507	8.86862
9508	9.22373
9509	9.76562
9510	10.17862
9511	9.94985
9512	8.79766
9513	7.02758
9514	5.25436
9515	3.90031
9516	3.10522
9517	2.83030
9518	2.89425
9519	3.05258
9520	3.16803
9521	3.28881
9522	3.53558
9523	4.00173
9524	4.71131
9525	5.59557
9526	6.49193
9527	7.15756
9528	7.44837
9529	7.52847
9530	7.75225
9531	8.16872
9532	8.35914
9533	8.21968
9534	8.37872
9535	9.22871
9536	10.31629
9537	10.97739
9538	11.02903
9539	10.87840
9540	10.53730
9541	8.87527
9542	5.37780
9543	1.51601
9544	-0.85710
9545	-1.26700
9546	-0.59156
9547	0.19306
9548	0.66829
9549	0.86074
9550	1.01511
9551	1.17268
9552	1.16595
9553	1.02702
9554	0.92841
9555	0.87922
9556	0.82587
9557	0.86642
9558	1.13658
9559	1.65518
9560	2.33549
9561	3.00946
9562	3.52746
9563	3.91025
9564	4.28613
9565	4.65849
9566	4.91154
9567	5.12019
9568	5.55677
9569	6.33338
9570	7.36408
9571	8.53699
9572	9.61608
9573	10.20072
9574	10.12864
9575	9.72002
9576	9.35329
9577	9.09015
9578	8.85304
9579	8.70853
9580	8.81829
9581	9.12241
9582	9.21381
9583	8.60938
9584	7.19038
9585	5.36695
9586	3.73116
9587	2.67327
9588	2.28722
9589	2.37237
9590	2.56836
9591	2.65056
9592	2.69610
9593	2.91404
9594	3.41372
9595	4.16192
9596	5.00682
9597	5.79282
9598	6.46487
9599	6.98626
9600	7.32065
9601	7.60302
9602	8.03260
9603	8.48119
9604	8.67464
9605	8.79852
9606	9.45951
9607	10.77936
9608	11.94217
9609	12.19133
9610	11.78255
9611	11.49856
9612	11.32199
9613	9.95767
9614	6.44388
9615	1.96861
9616	-1.19823
9617	-2.05745
9618	-1.37269
9619	-0.39458
9620	0.20480
9621	0.35617
9622	0.38092
9623	0.48157
9624	0.50673
9625	0.36281
9626	0.20882
9627	0.21029
9628	0.32762
9629	0.43916
9630	0.61386
9631	1.08656
9632	1.92717
9633	2.87589
9634	3.65478
9635	4.24999
9636	4.77521
9637	5.27308
9638	5.68922
9639	6.00590
9640	6.38577
9641	7.00307
9642	7.76251
9643	8.39657
9644	8.75151
9645	8.84255
9646	8.76637
9647	8.65002
9648	8.58618
9649	8.60309
9650	8.73974
9651	9.05364
9652	9.46463
9653	9.68951
9654	9.38698
9655	8.36316
9656	6.78129
9657	5.10812
9658	3.77168
9659	3.00167
9660	2.84057
9661	3.12160
9662	3.55273
9663	3.85828
9664	3.94731
9665	4.04548
9666	4.49203
9667	5.39764
9668	6.58138
9669	7.68138
9670	8.30970
9671	8.40049
9672	8.37775
9673	8.67999
9674	9.18936
9675	9.37938
9676	9.08689
9677	8.94279
9678	9.56594
9679	10.66707
9680	11.46924
9681	11.57230
9682	11.33981
9683	11.26663
9684	10.67425
9685	8.28126
9686	4.62916
9687	1.84200
9688	0.92101
9689	1.20029
9690	1.87018
9691	2.56662
9692	3.00412
9693	3.11958
9694	3.12543
9695	3.10962
9696	3.04971
9697	3.00466
9698	3.00803
9699	3.02123
9700	3.08845
9701	3.32483
9702	3.69959
9703	4.09314
9704	4.51247
9705	4.96529
9706	5.33872
9707	5.60477
9708	5.84980
9709	6.03398
9710	6.07510
9711	6.17743
9712	6.68671
9713	7.60833
9714	8.59704
9715	9.31117
9716	9.58636
9717	9.54713
9718	9.49667
9719	9.48378
9720	9.33271
9721	9.06841
9722	8.96441
9723	9.26127
9724	9.87814
9725	10.26531
9726	9.71441
9727	8.09360
9728	6.07606
9729	4.46773
9730	3.57402
9731	3.24828
9732	3.23496
9733	3.34197
9734	3.42978
9735	3.46384
9736	3.58754
9737	3.97525
9738	4.63218
9739	5.39995
9740	6.08419
9741	6.55815
9742	6.78218
9743	6.83763
9744	6.96079
9745	7.29431
9746	7.60533
9747	7.56307
9748	7.38124
9749	7.76814
9750	8.92617
9751	10.18855
9752	10.89545
9753	11.03022
9754	10.65406
9755	9.15385
9756	6.06140
9757	2.39299
9758	-0.15647
9759	-0.94005
9760	-0.56506
9761	0.10110
9762	0.58367
9763	0.78755
9764	0.92479
9765	1.22076
9766	1.54205
9767	1.65738
9768	1.56768
9769	1.39545
9770	1.25552
9771	1.28476
9772	1.55177
9773	2.00341
9774	2.58021
9775	3.23866
9776	3.89655
9777	4.45485
9778	4.89693
9779	5.29594
9780	5.64006
9781	5.87894
9782	6.14755
9783	6.60919
9784	7.26762
9785	8.09226
9786	8.96790
9787	9.55030
9788	9.49764
9789	8.94101
9790	8.45726
9791	8.39464
9792	8.57233
9793	8.71690
9794	8.88518
9795	9.27012
9796	9.71035
9797	9.66803
9798	8.74127
9799	7.07686
9800	5.25355
9801	3.83150
9802	3.04387
9803	2.82490
9804	2.97745
9805	3.23910
9806	3.35952
9807	3.35267
9808	3.50466
9809	4.00682
9810	4.79691
9811	5.73395
9812	6.67620
9813	7.38423
9814	7.69925
9815	7.86549
9816	8.23242
9817	8.70557
9818	8.88182
9819	8.65169
9820	8.58150
9821	9.27264
9822	10.30790
9823	10.84344
9824	10.76229
9825	10.58924
9826	10.63327
9827	10.11541
9828	7.78962
9829	4.07002
9830	0.92849
9831	-0.38799
9832	-0.15140
9833	0.67486
9834	1.40719
9835	1.80499
9836	1.97147
9837	2.12809
9838	2.25214
9839	2.21464
9840	2.04509
9841	1.88277
9842	1.82100
9843	1.88793
9844	2.11761
9845	2.50215
9846	2.97311
9847	3.49511
9848	4.03378
9849	4.49197
9850	4.82973
9851	5.13588
9852	5.45002
9853	5.66754
9854	5.79643
9855	6.11078
9856	6.73657
9857	7.41101
9858	7.97719
9859	8.51681
9860	8.92851
9861	9.05237
9862	8.97982
9863	8.83647
9864	8.65680
9865	8.60318
9866	8.89071
9867	9.42829
9868	9.74724
9869	9.32139
9870	8.00518
9871	6.22187
9872	4.64434
9873	3.66183
9874	3.20400
9875	3.03855
9876	3.04555
9877	3.17620
9878	3.35504
9879	3.52907
9880	3.80597
9881	4.36717
9882	5.17142
9883	5.99505
9884	6.71801
9885	7.30655
9886	7.68639
9887	7.88105
9888	8.01838
9889	8.06413
9890	7.92235
9891	7.88912
9892	8.53993
9893	9.83960
9894	11.00353
9895	11.51517
9896	11.47856
9897	10.97508
9898	9.48765
9899	6.39885
9900	2.35510
9901	-0.87456
9902	-2.13190
9903	-1.73850
9904	-0.85888
9905	-0.23264
9906	0.08970
9907	0.27166
9908	0.44954
9909	0.55148
9910	0.46312
9911	0.31108
9912	0.25071
9913	0.26331
9914	0.33717
9915	0.58628
9916	1.11799
9917	1.90214
9918	2.76357
9919	3.54220
9920	4.19178
9921	4.70509
9922	5.12124
9923	5.46262
9924	5.65738
9925	5.78822
9926	6.16784
9927	6.92310
9928	7.85877
9929	8.77698
9930	9.48724
9931	9.69509
9932	9.37608
9933	8.91830
9934	8.65509
9935	8.65461
9936	8.91166
9937	9.39289
9938	9.93780
9939	10.25338
9940	9.97315
9941	8.86739
9942	7.16403
9943	5.45577
9944	4.21031
9945	3.55440
9946	3.37933
9947	3.43950
9948	3.47296
9949	3.39585
9950	3.37560
9951	3.61092
9952	4.12828
9953	4.82929
9954	5.56333
9955	6.24851
9956	6.92057
9957	7.53560
9958	7.97884
9959	8.27186
9960	8.47630
9961	8.55030
9962	8.52485
9963	8.76659
9964	9.81614
9965	11.62768
9966	13.26519
9967	13.88816
9968	13.62417
9969	12.83975
9970	10.95399
9971	7.20818
9972	2.57608
9973	-0.78602
9974	-1.81100
9975	-1.13950
9976	-0.06016
9977	0.64768
9978	0.89634
9979	1.00661
9980	1.21125
9981	1.42127
9982	1.54338
9983	1.64048
9984	1.76210
9985	1.90345
9986	2.12756
9987	2.50123
9988	3.00475
9989	3.61464
9990	4.28500
9991	4.88507
9992	5.33996
9993	5.74678
9994	6.21300
9995	6.63636
9996	6.89433
9997	7.21889
9998	7.94335
9999	9.02993
10000	10.18924
10001	11.11884
10002	11.46689
10003	11.03173
10004	10.15981
10005	9.48877
10006	9.27824
10007	9.38957
10008	9.71362
10009	10.25004
10010	10.90928
10011	11.37624
10012	11.14396
10013	9.88786
10014	7.88245
10015	5.84665
10016	4.39437
10017	3.68532
10018	3.51510
10019	3.61606
10020	3.80865
10021	3.96825
10022	4.04931
10023	4.19814
10024	4.63649
10025	5.35866
10026	6.15876
10027	6.89159
10028	7.49383
10029	7.95689
10030	8.37126
10031	8.79895
10032	9.13085
10033	9.23308
10034	9.25290
10035	9.65501
10036	10.71141
10037	12.01363
10038	12.88132
10039	13.11636
10040	13.02214
10041	12.50399
10042	10.56525
10043	6.75099
10044	2.52759
10045	-0.14901
10046	-0.75694
10047	-0.16665
10048	0.61475
10049	1.10722
10050	1.29186
10051	1.40241
10052	1.50891
10053	1.53333
10054	1.49018
10055	1.43799
10056	1.39415
10057	1.36934
10058	1.43944
10059	1.71825
10060	2.22470
10061	2.85894
10062	3.47599
10063	3.95987
10064	4.31334
10065	4.62119
10066	4.88449
10067	5.02001
10068	5.10732
10069	5.45887
10070	6.27661
10071	7.41869
10072	8.63888
10073	9.70442
10074	10.23420
10075	10.11948
10076	9.83810
10077	9.78498
10078	9.88735
10079	9.99616
10080	10.16105
10081	10.47726
10082	10.82755
10083	10.77814
10084	9.82388
10085	7.90904
10086	5.64722
10087	3.89621
10088	3.09702
10089	3.07068
10090	3.37171
10091	3.66156
10092	3.77706
10093	3.74159
10094	3.76997
10095	4.05145
10096	4.55785
10097	5.16536
10098	5.82393
10099	6.54010
10100	7.28574
10101	7.98996
10102	8.61148
10103	9.09629
10104	9.28584
10105	9.12629
10106	9.06388
10107	9.71887
10108	10.91296
10109	11.82086
10110	12.08558
10111	11.99013
10112	11.38623
10113	9.33355
10114	5.70899
10115	2.09711
10116	0.09919
10117	-0.09755
10118	0.62954
10119	1.39248
10120	1.79937
10121	1.83430
10122	1.79223
10123	1.89054
10124	1.97269
10125	1.86218
10126	1.62710
10127	1.42610
10128	1.33106
10129	1.38190
10130	1.64548
10131	2.13060
10132	2.75733
10133	3.42324
10134	4.06354
10135	4.62930
10136	5.11063
10137	5.55380
10138	5.92323
10139	6.18577
10140	6.52515
10141	7.14832
10142	8.04283
10143	9.08504
10144	10.08956
10145	10.67527
10146	10.53059
10147	9.93372
10148	9.44571
10149	9.20131
10150	9.02937
10151	8.96283
10152	9.24861
10153	9.89617
10154	10.41479
10155	10.13538
10156	8.78792
10157	6.77904
10158	4.86999
10159	3.58634
10160	2.99119
10161	2.87300
10162	2.99612
10163	3.20095
10164	3.38082
10165	3.51652
10166	3.76316
10167	4.30352
10168	5.09313
10169	5.93110
10170	6.72047
10171	7.47654
10172	8.14880
10173	8.63939
10174	8.88952
10175	8.79147
10176	8.23506
10177	7.55162
10178	7.66508
10179	8.99997
10180	10.64489
10181	11.45816
10182	11.34879
10183	10.88246
10184	9.96629
10185	7.73490
10186	4.14603
10187	0.66750
10188	-1.17594
10189	-1.17826
10190	-0.33803
10191	0.43158
10192	0.82404
10193	0.85684
10194	0.83218
10195	0.96133
10196	1.03958
10197	0.86391
10198	0.59855
10199	0.47339
10200	0.51935
10201	0.74453
10202	1.20945
10203	1.89542
10204	2.69044
10205	3.47732
10206	4.18123
10207	4.78682
10208	5.32114
10209	5.76709
10210	6.06951
10211	6.32656
10212	6.77534
10213	7.47267
10214	8.27725
10215	9.11517
10216	9.88541
10217	10.32316
10218	10.34175
10219	10.16419
10220	9.95255
10221	9.70380
10222	9.51262
10223	9.61830
10224	10.14461
10225	10.82275
10226	11.00227
10227	10.13437
10228	8.30923
10229	6.21898
10230	4.59248
10231	3.70917
10232	3.41423
10233	3.43709
10234	3.55885
10235	3.64275
10236	3.70928
10237	3.90365
10238	4.39474
10239	5.29141
10240	6.45656
10241	7.51117
10242	8.14121
10243	8.30219
10244	8.33001
10245	8.73655
10246	9.49629
10247	9.93590
10248	9.65860
10249	9.19098
10250	9.25323
10251	9.75625
10252	10.25823
10253	10.57206
10254	10.77035
10255	11.05808
10256	10.94542
10257	9.15757
10258	5.68443
10259	2.48133
10260	1.11810
10261	1.32283
10262	2.04602
10263	2.64308
10264	2.91195
10265	2.96941
10266	3.00504
10267	2.94868
10268	2.65634
10269	2.25722
10270	2.02973
10271	2.00821
10272	2.01272
10273	2.02349
10274	2.18392
10275	2.56017
10276	3.09725
10277	3.67782
10278	4.18273
10279	4.53890
10280	4.78137
10281	5.02621
10282	5.26695
10283	5.48077
10284	5.89438
10285	6.63131
10286	7.33903
10287	7.60684
10288	7.50891
10289	7.45290
10290	7.68633
10291	8.15487
10292	8.61881
10293	8.85906
10294	8.98707
10295	9.32610
10296	9.87270
10297	10.20483
10298	9.89460
10299	8.77685
10300	7.04102
10301	5.20293
10302	3.77129
10303	2.92248
10304	2.54326
10305	2.48418
10306	2.65023
10307	2.92565
10308	3.24538
10309	3.67266
10310	4.25931
10311	4.95770
10312	5.72713
10313	6.54911
10314	7.26414
10315	7.66483
10316	7.80920
10317	7.98256
10318	8.31580
10319	8.59158
10320	8.60271
10321	8.73765
10322	9.70627
10323	11.34704
10324	12.58379
10325	12.84839
10326	12.50802
10327	11.66090
10328	9.43180
10329	5.42727
10330	1.13498
10331	-1.48932
10332	-1.93670
10333	-1.09846
10334	-0.07062
10335	0.57839
10336	0.70814
10337	0.61635
10338	0.68875
10339	0.86083
10340	0.89291
10341	0.77249
10342	0.60761
10343	0.49290
10344	0.54662
10345	0.83566
10346	1.30239
10347	1.88632
10348	2.55695
10349	3.22005
10350	3.77987
10351	4.21878
10352	4.58189
10353	4.90417
10354	5.13519
10355	5.31897
10356	5.73616
10357	6.52277
10358	7.40595
10359	8.14309
10360	8.79352
10361	9.28518
10362	9.38259
10363	9.22058
10364	9.13243
10365	9.13528
10366	9.16852
10367	9.43268
10368	10.03129
10369	10.56180
10370	10.39569
10371	9.25962
10372	7.47894
10373	5.72921
10374	4.51849
10375	3.89802
10376	3.63581
10377	3.53835
10378	3.54409
10379	3.63806
10380	3.83604
10381	4.18859
10382	4.71956
10383	5.40640
10384	6.19317
10385	6.98013
10386	7.64315
10387	8.09912
10388	8.39044
10389	8.68396
10390	9.00828
10391	9.06991
10392	8.75066
10393	8.70142
10394	9.69242
10395	11.37199
10396	12.58541
10397	12.84265
10398	12.52561
10399	11.55908
10400	9.03616
10401	4.96249
10402	1.06969
10403	-0.97653
10404	-0.99637
10405	-0.04832
10406	0.78381
10407	1.11809
10408	1.09610
10409	1.10752
10410	1.30765
10411	1.42236
10412	1.28423
10413	1.10325
10414	1.06500
10415	1.10643
10416	1.18921
10417	1.46049
10418	2.04252
10419	2.83577
10420	3.60600
10421	4.20710
10422	4.62467
10423	4.90812
10424	5.15459
10425	5.40075
10426	5.60718
10427	5.90137
10428	6.54206
10429	7.49688
10430	8.45251
10431	9.22976
10432	9.73893
10433	9.82943
10434	9.58112
10435	9.29417
10436	9.15783
10437	9.25932
10438	9.65565
10439	10.27596
10440	10.87746
10441	11.07654
10442	10.45195
10443	8.91041
10444	6.93093
10445	5.21926
10446	4.18534
10447	3.77733
10448	3.70924
10449	3.75607
10450	3.83379
10451	3.93052
10452	4.04889
10453	4.27500
10454	4.76848
10455	5.53149
10456	6.39268
10457	7.24581
10458	8.08273
10459	8.85346
10460	9.45820
10461	9.86555
10462	10.07427
10463	10.00810
10464	9.83849
10465	10.24299
10466	11.56195
10467	13.05353
10468	13.76896
10469	13.65134
10470	13.30510
10471	12.88724
10472	11.34486
10473	7.65163
10474	2.87901
10475	-0.63366
10476	-1.79538
10477	-1.28297
10478	-0.30059
10479	0.39855
10480	0.61772
10481	0.65247
10482	0.81745
10483	1.00905
10484	1.05511
10485	1.00172
10486	0.91564
10487	0.81119
10488	0.81940
10489	1.13319
10490	1.74547
10491	2.46689
10492	3.14755
10493	3.72485
10494	4.15877
10495	4.45192
10496	4.66878
10497	4.85221
10498	5.03791
10499	5.37159
10500	5.95497
10501	6.65497
10502	7.27351
10503	7.77247
10504	8.21804
10505	8.55816
10506	8.66111
10507	8.52533
10508	8.23700
10509	7.97744
10510	8.04068
10511	8.50142
10512	9.00965
10513	9.04601
10514	8.27613
10515	6.79793
10516	5.08994
10517	3.68330
10518	2.87918
10519	2.61973
10520	2.63387
10521	2.70611
10522	2.75336
10523	2.79722
10524	2.93255
10525	3.26835
10526	3.82476
10527	4.47017
10528	5.04378
10529	5.53607
10530	6.06717
10531	6.69459
10532	7.31649
10533	7.69491
10534	7.62285
10535	7.27643
10536	7.34088
10537	8.44178
10538	10.26379
10539	11.68184
10540	11.96799
10541	11.45663
10542	10.84231
10543	9.83929
10544	7.21470
10545	3.06426
10546	-0.57737
10547	-2.24682
10548	-2.21809
10549	-1.54061
10550	-0.84342
10551	-0.34305
10552	-0.17013
10553	-0.18180
10554	-0.17387
10555	-0.14647
10556	-0.14153
10557	-0.19643
10558	-0.32622
10559	-0.41270
10560	-0.27484
10561	0.16161
10562	0.87457
10563	1.76452
10564	2.64527
10565	3.38254
10566	3.96750
10567	4.45124
10568	4.87577
10569	5.21796
10570	5.48863
10571	5.84011
10572	6.37229
10573	6.91233
10574	7.33066
10575	7.84606
10576	8.43720
10577	8.62549
10578	8.31658
10579	7.90524
10580	7.61412
10581	7.47508
10582	7.65564
10583	8.28189
10584	9.07199
10585	9.44443
10586	8.90465
10587	7.35829
10588	5.27559
10589	3.43687
10590	2.37179
10591	2.07727
10592	2.22689
10593	2.48553
10594	2.64159
10595	2.70981
10596	2.88084
10597	3.26442
10598	3.86999
10599	4.74013
10600	5.86522
10601	7.06442
10602	8.08006
10603	8.78766
10604	9.27259
10605	9.66016
10606	9.89172
10607	9.76454
10608	9.41523
10609	9.54024
10610	10.47246
10611	11.67909
10612	12.63493
10613	13.26709
10614	13.13163
10615	11.03125
10616	6.76342
10617	2.19116
10618	-0.63471
10619	-1.20582
10620	-0.34134
10621	0.84464
10622	1.56173
10623	1.60031
10624	1.40327
10625	1.33662
10626	1.27347
10627	1.12711
10628	1.00797
10629	0.92828
10630	0.85921
10631	0.91977
10632	1.22884
10633	1.74129
10634	2.36163
10635	3.01736
10636	3.63334
10637	4.15511
10638	4.57336
10639	4.93153
10640	5.24068
10641	5.49336
10642	5.89200
10643	6.70661
10644	7.80679
10645	8.83140
10646	9.68447
10647	10.32115
10648	10.48610
10649	10.11629
10650	9.51679
10651	9.01785
10652	8.81215
10653	9.02007
10654	9.61174
10655	10.27992
10656	10.50976
10657	9.84582
10658	8.25287
10659	6.24295
10660	4.53488
10661	3.57726
10662	3.36261
10663	3.57367
10664	3.84774
10665	3.97369
10666	3.96018
10667	4.01726
10668	4.41497
10669	5.24359
10670	6.34959
10671	7.50429
10672	8.52789
10673	9.29106
10674	9.76143
10675	9.97809
10676	9.88311
10677	9.42457
10678	8.96002
10679	9.12407
10680	10.02148
10681	11.05453
10682	11.60291
10683	11.59119
10684	11.51688
10685	11.70539
10686	11.22904
10687	8.71400
10688	4.83104
10689	1.93451
10690	1.15622
10691	1.67475
10692	2.39012
10693	2.84220
10694	2.93702
10695	2.81626
10696	2.63451
10697	2.40529
10698	2.17426
10699	2.01289
10700	1.91122
10701	1.84764
10702	1.87276
10703	2.05129
10704	2.38895
10705	2.85128
10706	3.36232
10707	3.84581
10708	4.29493
10709	4.72749
10710	5.10271
10711	5.33561
10712	5.44839
10713	5.64421
10714	6.06427
10715	6.58425
10716	7.06660
10717	7.56860
10718	8.07656
10719	8.42260
10720	8.57291
10721	8.62735
10722	8.63496
10723	8.67982
10724	8.90920
10725	9.28913
10726	9.54845
10727	9.37383
10728	8.54146
10729	7.07636
10730	5.36330
10731	3.92488
10732	3.06952
10733	2.79363
10734	2.90795
10735	3.14148
10736	3.24897
10737	3.21672
10738	3.29887
10739	3.72590
10740	4.45540
10741	5.27668
10742	6.03625
10743	6.66497
10744	7.11145
10745	7.35314
10746	7.42961
10747	7.39975
10748	7.25812
10749	7.15191
10750	7.69437
10751	9.21130
10752	10.87663
10753	11.64892
10754	11.53708
10755	11.22522
10756	10.62910
10757	8.63715
10758	4.96588
10759	1.15796
10760	-1.07515
10761	-1.38668
10762	-0.59794
10763	0.33243
10764	0.85051
10765	0.91076
10766	0.88539
10767	0.98155
10768	1.05535
10769	0.99287
10770	0.82102
10771	0.61753
10772	0.51447
10773	0.64331
10774	1.02129
10775	1.57009
10776	2.21903
10777	2.89221
10778	3.49058
10779	3.97842
10780	4.40592
10781	4.79438
10782	5.07767
10783	5.33548
10784	5.85849
10785	6.71965
10786	7.70507
10787	8.69823
10788	9.62791
10789	10.20214
10790	10.18104
10791	9.78572
10792	9.40418
10793	9.16132
10794	9.07497
10795	9.22315
10796	9.61052
10797	10.06218
10798	10.20831
10799	9.64493
10800	8.26964
10801	6.42303
10802	4.70059
10803	3.55761
10804	3.06825
10805	3.05180
10806	3.26482
10807	3.46751
10808	3.51783
10809	3.51205
10810	3.70467
10811	4.23025
10812	5.02848
10813	5.97598
10814	6.86973
10815	7.41373
10816	7.50076
10817	7.40404
10818	7.44463
10819	7.57005
10820	7.51129
10821	7.33414
10822	7.62336
10823	8.82646
10824	10.53934
10825	11.85689
10826	12.35427
10827	12.28998
10828	11.60514
10829	9.37367
10830	5.37500
10831	1.30009
10832	-1.02055
10833	-1.31187
10834	-0.57911
10835	0.20323
10836	0.68856
10837	0.87385
10838	0.96119
10839	1.08374
10840	1.14423
10841	1.08165
10842	0.98353
10843	0.94396
10844	0.98281
10845	1.10234
10846	1.37973
10847	1.91888
10848	2.67241
10849	3.43609
10850	4.05226
10851	4.51629
10852	4.89653
10853	5.23049
10854	5.49826
10855	5.74330
10856	6.15996
10857	6.85608
10858	7.63843
10859	8.23934
10860	8.64508
10861	8.96494
10862	9.15493
10863	9.22326
10864	9.32264
10865	9.45519
10866	9.54734
10867	9.68923
10868	9.98117
10869	10.23595
10870	10.02656
10871	9.05799
10872	7.44051
10873	5.64433
10874	4.18243
10875	3.27312
10876	2.87549
10877	2.87131
10878	3.04148
10879	3.17293
10880	3.24590
10881	3.36519
10882	3.66827
10883	4.25331
10884	5.07385
10885	5.94316
10886	6.62550
10887	7.05322
10888	7.41851
10889	7.82476
10890	8.14237
10891	8.30301
10892	8.34446
10893	8.44563
10894	8.97148
10895	9.92702
10896	10.79155
10897	11.24901
10898	11.39376
10899	11.03901
10900	9.36532
10901	5.96587
10902	2.01481
10903	-0.68749
10904	-1.45708
10905	-0.89979
10906	-0.00342
10907	0.54808
10908	0.60697
10909	0.52512
10910	0.61323
10911	0.71291
10912	0.63486
10913	0.48097
10914	0.34095
10915	0.20243
10916	0.15471
10917	0.33155
10918	0.76074
10919	1.40285
10920	2.16473
10921	2.88088
10922	3.43759
10923	3.87644
10924	4.32151
10925	4.78671
10926	5.15242
10927	5.47651
10928	6.06395
10929	7.02883
10930	8.09267
10931	8.89140
10932	9.18851
10933	8.94952
10934	8.44957
10935	8.08077
10936	8.01436
10937	8.18337
10938	8.50623
10939	8.96868
10940	9.46985
10941	9.70163
10942	9.26996
10943	7.99865
10944	6.14053
10945	4.30589
10946	3.12506
10947	2.79282
10948	2.97762
10949	3.26075
10950	3.45366
10951	3.52535
10952	3.53819
10953	3.68911
10954	4.23549
10955	5.27479
10956	6.60089
10957	7.80328
10958	8.57382
10959	8.95964
10960	9.23472
10961	9.55108
10962	9.78570
10963	9.72064
10964	9.56389
10965	10.06856
10966	11.41256
10967	12.70589
10968	13.24320
10969	13.22681
10970	12.87518
10971	11.40137
10972	7.90465
10973	3.39472
10974	0.11281
10975	-0.94775
10976	-0.40446
10977	0.64033
10978	1.39619
10979	1.62543
10980	1.59541
10981	1.57057
10982	1.47702
10983	1.25355
10984	1.08866
10985	1.13046
10986	1.25599
10987	1.32627
10988	1.46990
10989	1.88570
10990	2.53292
10991	3.19950
10992	3.75757
10993	4.20158
10994	4.55413
10995	4.85708
10996	5.13225
10997	5.34581
10998	5.59508
10999	6.19015
11000	7.29925
11001	8.65027
11002	9.76989
11003	10.33082
11004	10.23756
11005	9.69923
11006	9.16446
11007	8.96410
11008	9.14109
11009	9.58968
11010	10.20176
11011	10.83038
11012	11.14027
11013	10.73290
11014	9.53188
11015	7.86253
11016	6.16501
11017	4.76349
11018	3.81149
11019	3.30638
11020	3.14814
11021	3.22825
11022	3.45282
11023	3.73105
11024	4.05592
11025	4.54858
11026	5.29940
11027	6.18618
11028	6.94328
11029	7.38321
11030	7.53751
11031	7.63733
11032	7.90561
11033	8.28159
11034	8.42928
11035	8.29620
11036	8.54207
11037	9.63731
11038	10.92358
11039	11.53859
11040	11.58092
11041	11.41661
11042	10.32278
11043	7.36027
11044	3.37192
11045	0.37737
11046	-0.70212
11047	-0.43976
11048	0.32651
11049	0.98548
11050	1.19184
11051	1.16236
11052	1.27805
11053	1.50359
11054	1.63552
11055	1.62804
11056	1.55786
11057	1.52832
11058	1.63230
11059	1.89606
11060	2.29551
11061	2.81775
11062	3.38910
11063	3.86624
11064	4.18386
11065	4.39598
11066	4.60957
11067	4.85995
11068	5.08824
11069	5.39706
11070	6.02965
11071	6.95115
11072	7.87193
11073	8.65063
11074	9.23475
11075	9.46875
11076	9.39619
11077	9.29102
11078	9.23412
11079	9.20424
11080	9.40636
11081	9.98576
11082	10.62949
11083	10.76107
11084	9.97479
11085	8.33661
11086	6.36643
11087	4.67219
11088	3.59706
11089	3.14635
11090	3.14520
11091	3.36223
11092	3.54097
11093	3.53877
11094	3.49687
11095	3.68000
11096	4.14705
11097	4.79114
11098	5.55269
11099	6.36465
11100	7.10773
11101	7.73861
11102	8.24497
11103	8.54355
11104	8.55848
11105	8.27409
11106	7.87958
11107	7.97426
11108	9.00657
11109	10.51028
11110	11.59187
11111	11.98214
11112	11.91325
11113	10.96864
11114	8.15536
11115	3.86073
11116	0.17192
11117	-1.47403
11118	-1.35140
11119	-0.61366
11120	-0.04940
11121	0.25344
11122	0.43375
11123	0.58048
11124	0.62956
11125	0.51551
11126	0.34131
11127	0.22621
11128	0.19039
11129	0.24529
11130	0.46298
11131	0.88029
11132	1.43307
11133	2.06876
11134	2.77031
11135	3.43247
11136	3.95051
11137	4.38625
11138	4.81238
11139	5.15750
11140	5.41160
11141	5.75922
11142	6.36674
11143	7.23545
11144	8.28752
11145	9.28327
11146	9.76562
11147	9.56997
11148	9.08524
11149	8.71549
11150	8.59171
11151	8.75567
11152	9.21699
11153	9.87216
11154	10.42373
11155	10.42042
11156	9.53468
11157	7.84170
11158	5.82858
11159	4.11994
11160	3.10139
11161	2.76941
11162	2.90304
11163	3.23085
11164	3.48517
11165	3.56500
11166	3.62557
11167	3.90978
11168	4.54206
11169	5.45085
11170	6.43125
11171	7.23537
11172	7.69923
11173	7.91816
11174	8.19387
11175	8.67659
11176	9.18023
11177	9.47187
11178	9.66330
11179	10.19899
11180	11.15810
11181	11.97589
11182	12.32539
11183	12.51878
11184	12.55811
11185	11.36098
11186	8.04013
11187	3.73845
11188	0.60389
11189	-0.47452
11190	-0.12608
11191	0.64925
11192	1.25456
11193	1.51665
11194	1.61956
11195	1.73450
11196	1.76677
11197	1.66937
11198	1.50531
11199	1.30268
11200	1.12200
11201	1.05197
11202	1.14358
11203	1.41192
11204	1.82569
11205	2.35445
11206	2.96458
11207	3.52698
11208	3.92691
11209	4.23111
11210	4.55417
11211	4.85760
11212	5.13246
11213	5.57497
11214	6.26821
11215	7.01555
11216	7.67892
11217	8.28839
11218	8.74111
11219	8.84620
11220	8.72509
11221	8.68462
11222	8.83200
11223	9.19265
11224	9.83519
11225	10.61435
11226	11.08027
11227	10.77430
11228	9.51612
11229	7.55019
11230	5.51214
11231	4.02027
11232	3.24748
11233	3.01167
11234	3.07941
11235	3.24232
11236	3.38201
11237	3.53769
11238	3.81746
11239	4.33567
11240	5.11060
11241	5.95301
11242	6.63467
11243	7.08083
11244	7.31820
11245	7.46176
11246	7.71938
11247	8.14890
11248	8.48479
11249	8.49307
11250	8.52472
11251	9.28440
11252	10.65948
11253	11.75754
11254	12.21650
11255	12.28302
11256	11.75412
11257	9.69276
11258	5.82927
11259	1.63396
11260	-1.10707
11261	-1.91284
11262	-1.39381
11263	-0.44142
11264	0.21977
11265	0.35994
11266	0.34439
11267	0.52383
11268	0.72631
11269	0.67313
11270	0.42572
11271	0.17315
11272	-0.03300
11273	-0.11127
11274	0.11808
11275	0.66547
11276	1.33598
11277	2.00258
11278	2.64206
11279	3.20071
11280	3.68133
11281	4.18807
11282	4.71249
11283	5.10104
11284	5.39598
11285	5.90884
11286	6.77704
11287	7.79735
11288	8.70058
11289	9.23250
11290	9.22790
11291	8.89180
11292	8.65170
11293	8.66848
11294	8.81817
11295	9.03159
11296	9.38196
11297	9.87260
11298	10.27027
11299	10.13411
11300	9.10095
11301	7.30345
11302	5.36971
11303	3.91556
11304	3.16404
11305	2.98421
11306	3.08591
11307	3.20052
11308	3.27087
11309	3.42496
11310	3.73507
11311	4.19966
11312	4.82815
11313	5.59163
11314	6.41205
11315	7.15839
11316	7.70413
11317	8.09484
11318	8.42358
11319	8.54297
11320	8.24205
11321	7.74039
11322	7.85374
11323	9.29429
11324	11.50747
11325	13.02025
11326	13.17826
11327	12.60553
11328	11.89091
11329	10.43818
11330	7.26162
11331	2.97037
11332	-0.41366
11333	-1.68212
11334	-1.28267
11335	-0.37443
11336	0.31782
11337	0.61656
11338	0.65282
11339	0.65958
11340	0.65517
11341	0.56051
11342	0.44340
11343	0.38541
11344	0.34910
11345	0.33214
11346	0.48089
11347	0.92596
11348	1.61641
11349	2.38845
11350	3.12549
11351	3.75982
11352	4.24431
11353	4.61737
11354	4.94167
11355	5.20922
11356	5.48170
11357	5.91602
11358	6.54723
11359	7.32082
11360	8.16050
11361	8.78897
11362	8.88995
11363	8.51096
11364	8.02512
11365	7.80999
11366	7.99712
11367	8.46622
11368	9.06212
11369	9.66015
11370	10.04109
11371	9.86798
11372	8.90522
11373	7.30142
11374	5.57231
11375	4.23824
11376	3.52485
11377	3.35197
11378	3.45734
11379	3.57419
11380	3.61912
11381	3.66900
11382	3.82927
11383	4.25778
11384	5.07800
11385	6.18730
11386	7.30887
11387	8.12722
11388	8.49992
11389	8.67360
11390	8.94336
11391	9.18973
11392	9.10030
11393	8.71685
11394	8.72723
11395	9.78668
11396	11.39576
11397	12.49257
11398	12.84099
11399	12.94045
11400	12.83062
11401	11.42038
11402	7.82798
11403	3.26066
11404	0.02010
11405	-0.92712
11406	-0.35406
11407	0.53642
11408	1.07079
11409	1.15729
11410	1.11073
11411	1.14134
11412	1.09727
11413	0.86381
11414	0.57704
11415	0.41346
11416	0.38118
11417	0.41559
11418	0.57715
11419	0.98125
11420	1.62147
11421	2.35767
11422	3.02574
11423	3.53575
11424	3.92723
11425	4.30795
11426	4.68900
11427	5.04123
11428	5.48305
11429	6.09657
11430	6.71076
11431	7.19440
11432	7.65247
11433	8.02874
11434	8.06072
11435	7.81368
11436	7.66777
11437	7.83683
11438	8.29338
11439	8.95912
11440	9.66753
11441	10.07081
11442	9.79961
11443	8.68113
11444	6.91110
11445	5.08950
11446	3.80072
11447	3.16359
11448	2.99376
11449	3.12201
11450	3.38099
11451	3.57702
11452	3.62067
11453	3.64203
11454	3.90233
11455	4.49100
11456	5.22474
11457	5.90705
11458	6.52354
11459	7.12704
11460	7.66595
11461	8.01650
11462	8.07396
11463	7.80592
11464	7.43351
11465	7.60986
11466	8.97569
11467	11.01986
11468	12.36049
11469	12.53754
11470	12.29657
11471	12.01951
11472	10.63825
11473	7.09484
11474	2.59783
11475	-0.55679
11476	-1.50162
11477	-0.89051
11478	0.26178
11479	1.15521
11480	1.36692
11481	1.14449
11482	1.00356
11483	1.01064
11484	0.90738
11485	0.65550
11486	0.46077
11487	0.41029
11488	0.47630
11489	0.74863
11490	1.32643
11491	2.12592
11492	2.95083
11493	3.66963
11494	4.27272
11495	4.82309
11496	5.33820
11497	5.73761
11498	6.03178
11499	6.41169
11500	7.00093
11501	7.75988
11502	8.63022
11503	9.42612
11504	9.80452
11505	9.71836
11506	9.48110
11507	9.27126
11508	9.07309
11509	8.93846
11510	9.00562
11511	9.35263
11512	9.84833
11513	10.11660
11514	9.71466
11515	8.48330
11516	6.69881
11517	4.85802
11518	3.41829
11519	2.60588
11520	2.36495
11521	2.51659
11522	2.85736
11523	3.17265
11524	3.35994
11525	3.53214
11526	3.91358
11527	4.62886
11528	5.62677
11529	6.74013
11530	7.73501
11531	8.47474
11532	9.05102
11533	9.54781
11534	9.83635
11535	9.76282
11536	9.45676
11537	9.48343
11538	10.29018
11539	11.46215
11540	12.27695
11541	12.67432
11542	12.89544
11543	12.41133
11544	9.99973
11545	5.60624
11546	1.14933
11547	-1.44872
11548	-1.80829
11549	-0.84859
11550	0.20133
11551	0.65719
11552	0.60670
11553	0.54080
11554	0.62508
11555	0.67668
11556	0.66715
11557	0.68705
11558	0.68291
11559	0.61328
11560	0.66666
11561	1.03443
11562	1.65756
11563	2.38141
11564	3.09218
11565	3.71384
11566	4.25545
11567	4.76045
11568	5.19348
11569	5.46482
11570	5.66973
11571	6.09447
11572	6.77671
11573	7.49455
11574	8.23303
11575	9.03788
11576	9.54368
11577	9.40922
11578	8.96993
11579	8.76630
11580	8.85366
11581	9.02551
11582	9.25911
11583	9.60688
11584	9.90588
11585	9.80784
11586	9.01262
11587	7.53464
11588	5.77299
11589	4.26792
11590	3.39625
11591	3.16709
11592	3.26929
11593	3.37227
11594	3.35426
11595	3.30810
11596	3.39668
11597	3.72213
11598	4.30419
11599	5.11595
11600	6.11489
11601	7.17567
11602	8.07371
11603	8.72127
11604	9.23309
11605	9.60631
11606	9.68374
11607	9.45627
11608	9.27870
11609	9.81796
11610	11.23853
11611	12.72258
11612	13.41924
11613	13.44859
11614	13.48074
11615	13.24935
11616	11.19738
11617	6.80941
11618	2.09376
11619	-0.67116
11620	-1.09531
11621	-0.28656
11622	0.63058
11623	1.15797
11624	1.28762
11625	1.29200
11626	1.30335
11627	1.25329
11628	1.16478
11629	1.11678
11630	1.07760
11631	1.00459
11632	1.02210
11633	1.30866
11634	1.87328
11635	2.54118
11636	3.11820
11637	3.55839
11638	3.95628
11639	4.35281
11640	4.68443
11641	4.97936
11642	5.38433
11643	5.96877
11644	6.66614
11645	7.35222
11646	7.93681
11647	8.37286
11648	8.56661
11649	8.47996
11650	8.33377
11651	8.37653
11652	8.62075
11653	9.01906
11654	9.55819
11655	10.12747
11656	10.47552
11657	10.26301
11658	9.24138
11659	7.54742
11660	5.70912
11661	4.27460
11662	3.49277
11663	3.27903
11664	3.37926
11665	3.53391
11666	3.60315
11667	3.65983
11668	3.87247
11669	4.29590
11670	4.88635
11671	5.61652
11672	6.47932
11673	7.42091
11674	8.30149
11675	8.99617
11676	9.47523
11677	9.67647
11678	9.54140
11679	9.29731
11680	9.53504
11681	10.70100
11682	12.37200
11683	13.56074
11684	13.86828
11685	13.62682
11686	12.73266
11687	10.16266
11688	5.73115
11689	1.39659
11690	-0.88808
11691	-1.10553
11692	-0.39365
11693	0.33364
11694	0.69131
11695	0.67274
11696	0.56249
11697	0.51791
11698	0.39785
11699	0.15680
11700	-0.06007
11701	-0.19270
11702	-0.30704
11703	-0.36229
11704	-0.14972
11705	0.43521
11706	1.23353
11707	2.04077
11708	2.77866
11709	3.38554
11710	3.83070
11711	4.24946
11712	4.71661
11713	5.07921
11714	5.27873
11715	5.50248
11716	5.95461
11717	6.66268
11718	7.42710
11719	7.93837
11720	8.04982
11721	7.90705
11722	7.74529
11723	7.69666
11724	7.80330
11725	8.07234
11726	8.45871
11727	8.74069
11728	8.51744
11729	7.50138
11730	5.82598
11731	4.05835
11732	2.80666
11733	2.26017
11734	2.22728
11735	2.46512
11736	2.75433
11737	2.92399
11738	3.00042
11739	3.11949
11740	3.39066
11741	3.93471
11742	4.80028
11743	5.83546
11744	6.75782
11745	7.35182
11746	7.65911
11747	7.96900
11748	8.44236
11749	8.82657
11750	8.85415
11751	8.82851
11752	9.47087
11753	11.00781
11754	12.71335
11755	13.69033
11756	13.80645
11757	13.35288
11758	11.87870
11759	8.40215
11760	3.43880
11761	-0.77430
11762	-2.70220
11763	-2.56520
11764	-1.52876
11765	-0.55415
11766	-0.03672
11767	-0.00868
11768	-0.21521
11769	-0.41948
11770	-0.57436
11771	-0.68174
11772	-0.78231
11773	-0.92465
11774	-1.00484
11775	-0.79620
11776	-0.21079
11777	0.60437
11778	1.46204
11779	2.27926
11780	3.01027
11781	3.64067
11782	4.25112
11783	4.81945
11784	5.16335
11785	5.38217
11786	5.85377
11787	6.66792
11788	7.61285
11789	8.52732
11790	9.19607
11791	9.32803
11792	9.01213
11793	8.66761
11794	8.53702
11795	8.60258
11796	8.79039
11797	9.11570
11798	9.61655
11799	10.10913
11800	10.10555
11801	9.18409
11802	7.46045
11803	5.53523
11804	3.99425
11805	3.09065
11806	2.80867
11807	2.96943
11808	3.26733
11809	3.43760
11810	3.45925
11811	3.50971
11812	3.76857
11813	4.35510
11814	5.30933
11815	6.46096
11816	7.47067
11817	8.11270
11818	8.42329
11819	8.64715
11820	8.95379
11821	9.08245
11822	8.68365
11823	8.11125
11824	8.36465
11825	9.84436
11826	11.71552
11827	12.90861
11828	13.19559
11829	13.04742
11830	12.34987
11831	9.91245
11832	5.44343
11833	0.83894
11834	-1.78732
11835	-2.06717
11836	-1.15057
11837	-0.24699
11838	0.18022
11839	0.22598
11840	0.21946
11841	0.34217
11842	0.49713
11843	0.53450
11844	0.44771
11845	0.34974
11846	0.38893
11847	0.66964
11848	1.17801
11849	1.83143
11850	2.54843
11851	3.23973
11852	3.82697
11853	4.28885
11854	4.65673
11855	4.90459
11856	4.93345
11857	4.88316
11858	5.19027
11859	6.03619
11860	7.10239
11861	8.02345
11862	8.74725
11863	9.34807
11864	9.74654
11865	9.82285
11866	9.65847
11867	9.48507
11868	9.50505
11869	9.78814
11870	10.25531
11871	10.70720
11872	10.80522
11873	10.16183
11874	8.68538
11875	6.80081
11876	5.13181
11877	4.01649
11878	3.46224
11879	3.34716
11880	3.46585
11881	3.57525
11882	3.58506
11883	3.61508
11884	3.83193
11885	4.31825
11886	5.04535
11887	5.93049
11888	6.88060
11889	7.71717
11890	8.25281
11891	8.51042
11892	8.66342
11893	8.81709
11894	9.04002
11895	9.54102
11896	10.57056
11897	11.88826
11898	12.83807
11899	13.19993
11900	13.25412
11901	12.80066
11902	10.69548
11903	6.43273
11904	1.76329
11905	-1.07043
11906	-1.62387
11907	-0.92990
11908	-0.07993
11909	0.43425
11910	0.61145
11911	0.68128
11912	0.79361
11913	0.88556
11914	0.86860
11915	0.77046
11916	0.67497
11917	0.64590
11918	0.74370
11919	1.04511
11920	1.59359
11921	2.32598
11922	3.06655
11923	3.66395
11924	4.13268
11925	4.55295
11926	4.94441
11927	5.30373
11928	5.64424
11929	6.12595
11930	6.99893
11931	8.12303
11932	9.01210
11933	9.46154
11934	9.55303
11935	9.34224
11936	8.97010
11937	8.69858
11938	8.71806
11939	9.06665
11940	9.64933
11941	10.27810
11942	10.73680
11943	10.81289
11944	10.27096
11945	8.97712
11946	7.13547
11947	5.24955
11948	3.81284
11949	3.06029
11950	2.91954
11951	3.06619
11952	3.13487
11953	3.01829
11954	2.92407
11955	3.15281
11956	3.80706
11957	4.74826
11958	5.86096
11959	7.09725
11960	8.30853
11961	9.30203
11962	9.92414
11963	10.09020
11964	9.95041
11965	9.90560
11966	10.38386
11967	11.50363
11968	12.73946
11969	13.36174
11970	13.36333
11971	13.27940
11972	13.12042
11973	11.91614
11974	8.68708
11975	4.20374
11976	0.60901
11977	-0.92566
11978	-0.83403
11979	-0.14144
11980	0.38158
11981	0.51740
11982	0.44181
11983	0.37932
11984	0.34309
11985	0.22996
11986	0.06179
11987	-0.06168
11988	-0.15311
11989	-0.25518
11990	-0.22222
11991	0.13531
11992	0.75219
11993	1.44227
11994	2.14920
11995	2.83191
11996	3.40355
11997	3.87777
11998	4.26411
11999	4.49617
12000	4.74415
12001	5.33352
12002	6.22975
12003	7.15781
12004	8.04879
12005	8.84818
12006	9.25385
12007	9.17596
12008	9.00848
12009	9.04070
12010	9.19611
12011	9.42944
12012	9.77168
12013	10.05958
12014	9.99937
12015	9.36816
12016	8.09818
12017	6.40935
12018	4.80418
12019	3.73927
12020	3.30695
12021	3.27978
12022	3.38989
12023	3.50416
12024	3.59776
12025	3.67799
12026	3.82060
12027	4.16698
12028	4.78643
12029	5.64455
12030	6.68062
12031	7.79602
12032	8.80531
12033	9.50736
12034	9.78564
12035	9.57927
12036	8.96449
12037	8.42897
12038	8.72958
12039	10.01567
12040	11.43588
12041	12.07043
12042	11.93335
12043	11.64694
12044	11.20291
12045	9.47773
12046	5.81769
12047	1.59888
12048	-1.16400
12049	-1.87683
12050	-1.34595
12051	-0.54845
12052	0.00627
12053	0.17823
12054	0.13925
12055	0.07517
12056	-0.05403
12057	-0.24168
12058	-0.39446
12059	-0.52454
12060	-0.64123
12061	-0.61989
12062	-0.33267
12063	0.22503
12064	0.95218
12065	1.69661
12066	2.34868
12067	2.94077
12068	3.55392
12069	4.14496
12070	4.62129
12071	5.05378
12072	5.62233
12073	6.31259
12074	6.90256
12075	7.37795
12076	7.96880
12077	8.57335
12078	8.81524
12079	8.77040
12080	8.83158
12081	9.08561
12082	9.38169
12083	9.64756
12084	9.85732
12085	9.82720
12086	9.21549
12087	7.85953
12088	6.05856
12089	4.38928
12090	3.27379
12091	2.76815
12092	2.68314
12093	2.78288
12094	2.90643
12095	3.04492
12096	3.25342
12097	3.54531
12098	4.00189
12099	4.74559
12100	5.75343
12101	6.90283
12102	8.06499
12103	9.09739
12104	9.87606
12105	10.25805
12106	10.10178
12107	9.47233
12108	8.81932
12109	8.94739
12110	10.23498
12111	11.91122
12112	12.91469
12113	13.04862
12114	12.78837
12115	12.27037
12116	10.61088
12117	6.91631
12118	2.22368
12119	-1.15257
12120	-2.17333
12121	-1.58423
12122	-0.60616
12123	0.06123
12124	0.27077
12125	0.24207
12126	0.22817
12127	0.18652
12128	0.01857
12129	-0.18457
12130	-0.31233
12131	-0.35899
12132	-0.30662
12133	-0.05137
12134	0.48316
12135	1.26125
12136	2.13643
12137	2.90285
12138	3.46081
12139	3.91677
12140	4.39807
12141	4.82232
12142	5.07376
12143	5.33823
12144	5.92475
12145	6.84377
12146	7.81832
12147	8.59624
12148	9.06391
12149	9.19687
12150	9.11253
12151	9.00381
12152	8.97313
12153	9.06266
12154	9.29099
12155	9.57152
12156	9.71467
12157	9.49227
12158	8.66468
12159	7.18536
12160	5.43148
12161	3.95179
12162	3.04518
12163	2.70855
12164	2.76937
12165	2.99683
12166	3.20819
12167	3.34886
12168	3.49743
12169	3.78180
12170	4.29750
12171	5.06314
12172	6.00274
12173	6.98329
12174	7.87459
12175	8.60063
12176	9.14221
12177	9.46983
12178	9.49859
12179	9.18903
12180	8.87951
12181	9.29107
12182	10.62860
12183	12.09824
12184	12.85943
12185	12.95697
12186	12.69030
12187	11.33198
12188	7.85878
12189	3.20671
12190	-0.29455
12191	-1.56525
12192	-1.18328
12193	-0.21214
12194	0.54051
12195	0.74575
12196	0.65101
12197	0.58801
12198	0.47429
12199	0.19803
12200	-0.06472
12201	-0.19260
12202	-0.26203
12203	-0.28062
12204	-0.08905
12205	0.43150
12206	1.20557
12207	2.04922
12208	2.82351
12209	3.47190
12210	4.00355
12211	4.45459
12212	4.84128
12213	5.23562
12214	5.76876
12215	6.47774
12216	7.28635
12217	8.06917
12218	8.71042
12219	9.10695
12220	9.15122
12221	8.92515
12222	8.69113
12223	8.59912
12224	8.66642
12225	8.91634
12226	9.32236
12227	9.71574
12228	9.80737
12229	9.25700
12230	7.91560
12231	6.08132
12232	4.36143
12233	3.26747
12234	2.90538
12235	3.01414
12236	3.26336
12237	3.43441
12238	3.45245
12239	3.41762
12240	3.57052
12241	4.08769
12242	4.93373
12243	5.99908
12244	7.16705
12245	8.22908
12246	9.07683
12247	9.79131
12248	10.29420
12249	10.31421
12250	9.76755
12251	9.00925
12252	8.91965
12253	10.13473
12254	12.00088
12255	13.31892
12256	13.71541
12257	13.24458
12258	11.30573
12259	7.42814
12260	2.90059
12261	-0.19216
12262	-1.11918
12263	-0.60580
12264	0.32504
12265	1.02290
12266	1.26232
12267	1.23633
12268	1.25232
12269	1.31710
12270	1.28932
12271	1.14741
12272	0.96510
12273	0.81493
12274	0.77441
12275	0.94598
12276	1.39569
12277	2.10403
12278	2.92807
12279	3.64596
12280	4.14956
12281	4.51872
12282	4.84149
12283	5.08144
12284	5.28154
12285	5.66727
12286	6.29537
12287	6.97592
12288	7.64582
12289	8.30691
12290	8.67854
12291	8.55924
12292	8.28766
12293	8.24350
12294	8.33915
12295	8.38087
12296	8.45944
12297	8.77184
12298	9.27784
12299	9.58975
12300	9.17461
12301	7.83721
12302	5.98113
12303	4.26981
12304	3.14790
12305	2.67381
12306	2.64954
12307	2.82484
12308	2.99609
12309	3.06604
12310	3.12091
12311	3.35815
12312	3.91740
12313	4.86868
12314	6.18107
12315	7.58324
12316	8.73063
12317	9.48623
12318	9.91214
12319	10.13537
12320	10.17417
12321	9.92896
12322	9.55913
12323	9.65163
12324	10.52157
12325	11.76408
12326	12.76596
12327	13.22937
12328	13.04648
12329	11.69098
12330	8.44620
12331	3.91814
12332	0.19114
12333	-1.30564
12334	-0.95334
12335	0.02216
12336	0.78720
12337	1.10389
12338	1.13236
12339	1.15881
12340	1.18154
12341	1.07920
12342	0.93916
12343	0.87046
12344	0.82512
12345	0.78749
12346	0.89801
12347	1.25890
12348	1.81839
12349	2.47694
12350	3.13731
12351	3.70642
12352	4.16662
12353	4.57614
12354	4.92992
12355	5.13209
12356	5.24391
12357	5.55782
12358	6.18390
12359	6.87761
12360	7.51014
12361	8.16551
12362	8.61824
12363	8.55986
12364	8.23260
12365	8.06278
12366	8.13681
12367	8.37578
12368	8.77722
12369	9.30302
12370	9.63685
12371	9.28323
12372	8.07886
12373	6.40009
12374	4.77026
12375	3.51856
12376	2.78582
12377	2.56102
12378	2.67743
12379	2.90379
12380	3.09933
12381	3.28362
12382	3.56208
12383	4.03816
12384	4.75481
12385	5.66214
12386	6.68470
12387	7.70046
12388	8.47519
12389	8.92726
12390	9.29721
12391	9.73894
12392	10.01644
12393	9.86193
12394	9.57307
12395	9.97035
12396	11.27131
12397	12.61983
12398	13.29933
12399	13.41070
12400	12.85870
12401	10.69569
12402	6.52940
12403	1.94521
12404	-0.95591
12405	-1.65381
12406	-1.05243
12407	-0.22715
12408	0.29096
12409	0.43315
12410	0.40993
12411	0.42798
12412	0.47380
12413	0.47415
12414	0.40863
12415	0.28037
12416	0.11905
12417	0.01076
12418	0.09290
12419	0.45472
12420	1.03900
12421	1.71609
12422	2.37752
12423	2.93731
12424	3.39509
12425	3.86364
12426	4.38784
12427	4.84088
12428	5.19191
12429	5.67851
12430	6.46373
12431	7.36230
12432	8.11637
12433	8.64761
12434	8.87325
12435	8.73467
12436	8.46014
12437	8.30668
12438	8.24139
12439	8.22016
12440	8.42837
12441	8.97899
12442	9.55843
12443	9.57812
12444	8.66639
12445	6.96816
12446	5.05411
12447	3.57153
12448	2.86857
12449	2.84220
12450	3.12192
12451	3.38835
12452	3.52438
12453	3.61093
12454	3.82330
12455	4.27262
12456	4.98284
12457	5.96201
12458	7.14530
12459	8.25209
12460	8.96449
12461	9.32055
12462	9.56487
12463	9.67324
12464	9.43597
12465	8.90430
12466	8.56139
12467	8.99130
12468	10.13994
12469	11.23690
12470	11.73942
12471	11.88099
12472	11.93578
12473	11.10288
12474	8.19252
12475	3.83860
12476	0.31956
12477	-1.05384
12478	-0.80422
12479	-0.04080
12480	0.61657
12481	0.98439
12482	1.07183
12483	1.02197
12484	0.95148
12485	0.90744
12486	0.87773
12487	0.80222
12488	0.64746
12489	0.51575
12490	0.61486
12491	1.01065
12492	1.57240
12493	2.19810
12494	2.83287
12495	3.38855
12496	3.85440
12497	4.30597
12498	4.74153
12499	5.08629
12500	5.41880
12501	5.98778
12502	6.86544
12503	7.86450
12504	8.83993
12505	9.64285
12506	9.98307
12507	9.79563
12508	9.40085
12509	9.07558
12510	8.84119
12511	8.74250
12512	8.93893
12513	9.40155
12514	9.81180
12515	9.75396
12516	8.89257
12517	7.26221
12518	5.39958
12519	3.94774
12520	3.21152
12521	3.08212
12522	3.22513
12523	3.35185
12524	3.40075
12525	3.47881
12526	3.70208
12527	4.13484
12528	4.79875
12529	5.68516
12530	6.69156
12531	7.53823
12532	7.96766
12533	8.12485
12534	8.43806
12535	8.98104
12536	9.33258
12537	9.20533
12538	8.94234
12539	9.15023
12540	9.85998
12541	10.59759
12542	11.14289
12543	11.59482
12544	11.58600
12545	10.02729
12546	6.56497
12547	2.64824
12548	0.05145
12549	-0.78451
12550	-0.50554
12551	0.14691
12552	0.70431
12553	0.96329
12554	1.10026
12555	1.30714
12556	1.45454
12557	1.39551
12558	1.24930
12559	1.17802
12560	1.13558
12561	1.08206
12562	1.18380
12563	1.58727
12564	2.21482
12565	2.86281
12566	3.39557
12567	3.78641
12568	4.04132
12569	4.21566
12570	4.38888
12571	4.59583
12572	4.92302
12573	5.47361
12574	6.19861
12575	6.96628
12576	7.69656
12577	8.28202
12578	8.52176
12579	8.39913
12580	8.24534
12581	8.35768
12582	8.72165
12583	9.15250
12584	9.45900
12585	9.49277
12586	9.12372
12587	8.20957
12588	6.79822
12589	5.27458
12590	4.06212
12591	3.33636
12592	3.05309
12593	3.05806
12594	3.16150
12595	3.19639
12596	3.10628
12597	3.01879
12598	3.16132
12599	3.64104
12600	4.36342
12601	5.17571
12602	5.96813
12603	6.62063
12604	7.01567
12605	7.17366
12606	7.20578
12607	7.10312
12608	6.84530
12609	6.77054
12610	7.53351
12611	9.29241
12612	11.24844
12613	12.45104
12614	12.71552
12615	12.54664
12616	12.27241
12617	11.08523
12618	7.76951
12619	2.98223
12620	-0.91464
12621	-2.52951
12622	-2.29124
12623	-1.35687
12624	-0.56336
12625	-0.19892
12626	-0.11860
12627	-0.07095
12628	-0.00703
12629	0.03709
12630	0.04288
12631	-0.00915
12632	-0.11586
12633	-0.19564
12634	-0.05181
12635	0.44959
12636	1.17993
12637	1.90926
12638	2.53592
12639	3.07431
12640	3.58557
12641	4.09736
12642	4.52567
12643	4.81737
12644	5.15346
12645	5.79909
12646	6.69192
12647	7.43737
12648	7.86964
12649	8.16802
12650	8.36347
12651	8.35898
12652	8.30104
12653	8.39000
12654	8.59769
12655	8.83615
12656	9.10135
12657	9.35030
12658	9.37402
12659	8.84546
12660	7.56398
12661	5.75834
12662	4.04210
12663	2.92267
12664	2.45656
12665	2.39913
12666	2.49871
12667	2.61337
12668	2.69784
12669	2.79643
12670	3.04346
12671	3.56748
12672	4.35927
12673	5.30390
12674	6.26378
12675	7.11995
12676	7.87232
12677	8.52044
12678	8.87423
12679	8.81156
12680	8.56193
12681	8.67255
12682	9.63225
12683	11.17967
12684	12.36627
12685	12.59216
12686	12.19605
12687	11.72753
12688	10.73768
12689	7.98652
12690	3.58022
12691	-0.38023
12692	-2.25137
12693	-2.15993
12694	-1.29386
12695	-0.51650
12696	-0.06362
12697	0.06405
12698	0.10158
12699	0.22551
12700	0.28072
12701	0.18539
12702	0.09001
12703	0.07859
12704	0.12224
12705	0.24372
12706	0.55298
12707	1.14192
12708	1.94546
12709	2.75603
12710	3.43429
12711	3.98012
12712	4.41954
12713	4.77958
12714	5.07471
12715	5.34297
12716	5.75288
12717	6.47129
12718	7.43439
12719	8.41550
12720	9.25259
12721	9.75741
12722	9.61584
12723	8.88426
12724	8.17856
12725	7.93117
12726	8.04093
12727	8.34594
12728	8.87353
12729	9.52956
12730	9.88313
12731	9.44029
12732	8.07585
12733	6.17966
12734	4.40154
12735	3.23564
12736	2.71775
12737	2.53674
12738	2.47897
12739	2.54427
12740	2.74910
12741	3.08927
12742	3.54253
12743	4.05921
12744	4.65195
12745	5.39775
12746	6.29195
12747	7.17252
12748	7.88849
12749	8.48711
12750	9.01708
12751	9.25568
12752	8.91813
12753	8.23112
12754	8.17081
12755	9.40213
12756	11.23989
12757	12.46343
12758	12.64044
12759	12.24425
12760	11.76444
12761	10.58664
12762	7.53613
12763	3.25988
12764	-0.02457
12765	-1.21748
12766	-0.90444
12767	-0.11453
12768	0.57096
12769	0.91733
12770	0.97013
12771	0.93558
12772	0.88031
12773	0.79809
12774	0.73288
12775	0.67809
12776	0.61528
12777	0.65654
12778	0.94130
12779	1.44236
12780	2.01734
12781	2.57481
12782	3.11157
12783	3.61457
12784	4.03127
12785	4.36919
12786	4.66894
12787	4.96847
12788	5.41696
12789	6.17827
12790	7.18289
12791	8.20355
12792	9.07253
12793	9.64067
12794	9.77014
12795	9.55265
12796	9.28821
12797	9.15556
12798	9.19132
12799	9.46059
12800	9.94189
12801	10.40700
12802	10.51651
12803	9.91761
12804	8.42582
12805	6.34530
12806	4.41209
12807	3.21619
12808	2.80522
12809	2.89055
12810	3.17300
12811	3.41842
12812	3.52563
12813	3.60742
12814	3.89816
12815	4.56504
12816	5.53254
12817	6.53938
12818	7.37145
12819	7.94133
12820	8.31331
12821	8.68246
12822	9.15264
12823	9.56786
12824	9.62085
12825	9.33016
12826	9.39187
12827	10.38233
12828	11.89192
12829	13.07766
12830	13.64450
12831	13.70241
12832	12.65351
12833	9.51785
12834	4.97025
12835	1.24553
12836	-0.33349
12837	-0.20224
12838	0.59609
12839	1.34740
12840	1.71768
12841	1.72841
12842	1.57746
12843	1.34918
12844	1.09537
12845	0.89507
12846	0.73296
12847	0.54692
12848	0.40566
12849	0.47820
12850	0.84742
12851	1.45152
12852	2.16449
12853	2.87350
12854	3.49585
12855	3.99433
12856	4.41402
12857	4.79239
12858	5.10348
12859	5.41575
12860	5.88593
12861	6.53411
12862	7.30056
12863	8.19573
12864	8.98925
12865	9.18842
12866	8.73207
12867	8.12334
12868	7.80990
12869	7.86406
12870	8.15541
12871	8.62636
12872	9.22580
12873	9.63268
12874	9.36558
12875	8.19847
12876	6.40523
12877	4.60870
12878	3.31616
12879	2.67843
12880	2.60757
12881	2.85117
12882	3.09343
12883	3.18812
12884	3.21865
12885	3.39015
12886	3.86606
12887	4.60934
12888	5.46864
12889	6.31930
12890	6.99150
12891	7.39539
12892	7.76531
12893	8.32206
12894	8.81458
12895	8.80529
12896	8.29496
12897	7.99650
12898	8.63375
12899	9.92159
12900	10.98124
12901	11.43602
12902	11.53560
12903	11.25772
12904	9.61323
12905	5.94937
12906	1.59537
12907	-1.30494
12908	-2.00027
12909	-1.35183
12910	-0.39814
12911	0.29940
12912	0.50042
12913	0.41545
12914	0.39897
12915	0.46519
12916	0.45159
12917	0.31574
12918	0.13841
12919	0.05435
12920	0.17634
12921	0.52629
12922	1.09595
12923	1.84435
12924	2.60502
12925	3.21810
12926	3.72525
12927	4.27219
12928	4.85407
12929	5.30198
12930	5.60529
12931	6.01194
12932	6.67983
12933	7.53135
12934	8.45599
12935	9.30489
12936	9.79600
12937	9.82188
12938	9.62359
12939	9.42517
12940	9.24245
12941	9.08730
12942	9.07079
12943	9.30073
12944	9.78815
12945	10.28335
12946	10.17936
12947	9.02170
12948	7.10451
12949	5.16236
12950	3.73222
12951	2.98033
12952	2.77763
12953	2.85280
12954	2.95804
12955	2.96560
12956	2.99095
12957	3.28519
12958	3.89892
12959	4.65620
12960	5.39785
12961	6.06522
12962	6.60826
12963	7.00242
12964	7.37301
12965	7.88190
12966	8.44585
12967	8.73505
12968	8.60545
12969	8.56603
12970	9.21288
12971	10.28097
12972	11.07806
12973	11.35408
12974	11.36141
12975	11.38730
12976	10.91320
12977	8.68674
12978	4.67345
12979	0.80846
12980	-1.11880
12981	-1.04030
12982	-0.09400
12983	0.71676
12984	1.08344
12985	1.16078
12986	1.17266
12987	1.13854
12988	1.00009
12989	0.80064
12990	0.60480
12991	0.44627
12992	0.39854
12993	0.57634
12994	1.01975
12995	1.63714
12996	2.28331
12997	2.86454
12998	3.37737
12999	3.87264
13000	4.35186
13001	4.70714
13002	4.90970
13003	5.19202
13004	5.79263
13005	6.64398
13006	7.55708
13007	8.48442
13008	9.23040
13009	9.40381
13010	9.08864
13011	8.79564
13012	8.70564
13013	8.69251
13014	8.76158
13015	8.99091
13016	9.29696
13017	9.42281
13018	9.02330
13019	7.86769
13020	6.10547
13021	4.27648
13022	2.98484
13023	2.47891
13024	2.55336
13025	2.83591
13026	3.03642
13027	3.02197
13028	2.89273
13029	2.96118
13030	3.44868
13031	4.26090
13032	5.19607
13033	6.11742
13034	6.84802
13035	7.26555
13036	7.50873
13037	7.76782
13038	7.98988
13039	8.00817
13040	7.84648
13041	7.88333
13042	8.40391
13043	9.08400
13044	9.47777
13045	9.67108
13046	10.02397
13047	10.10579
13048	8.59976
13049	5.21124
13050	1.56795
13051	-0.56384
13052	-0.87820
13053	-0.22055
13054	0.53369
13055	0.93273
13056	0.93860
13057	0.86861
13058	0.92293
13059	0.98633
13060	0.94418
13061	0.81123
13062	0.64953
13063	0.56591
13064	0.69331
13065	1.07685
13066	1.63068
13067	2.22837
13068	2.75451
13069	3.13689
13070	3.42358
13071	3.72716
13072	4.07856
13073	4.43477
13074	4.83894
13075	5.46214
13076	6.38203
13077	7.43702
13078	8.41918
13079	9.19132
13080	9.61235
13081	9.66536
13082	9.55104
13083	9.47697
13084	9.51848
13085	9.69625
13086	10.01105
13087	10.35834
13088	10.48067
13089	10.01414
13090	8.68948
13091	6.69240
13092	4.67013
13093	3.22607
13094	2.53624
13095	2.41258
13096	2.54021
13097	2.66314
13098	2.71066
13099	2.79418
13100	3.08331
13101	3.67338
13102	4.50745
13103	5.39476
13104	6.07788
13105	6.37656
13106	6.38276
13107	6.39652
13108	6.62125
13109	7.04290
13110	7.53607
13111	8.00934
13112	8.59886
13113	9.45589
13114	10.25905
13115	10.54879
13116	10.47111
13117	10.52920
13118	10.55234
13119	9.34777
13120	6.03605
13121	1.80828
13122	-1.07664
13123	-1.81894
13124	-1.30744
13125	-0.56809
13126	-0.03888
13127	0.15943
13128	0.16784
13129	0.14717
13130	0.06553
13131	-0.05465
13132	-0.09963
13133	-0.07540
13134	-0.05934
13135	0.01007
13136	0.28953
13137	0.83964
13138	1.58015
13139	2.34056
13140	2.98077
13141	3.47539
13142	3.87150
13143	4.22604
13144	4.50864
13145	4.66101
13146	4.90468
13147	5.69798
13148	7.17361
13149	9.00901
13150	10.83394
13151	12.13381
13152	12.30046
13153	11.46231
13154	10.45252
13155	9.85782
13156	9.72284
13157	9.89490
13158	10.24415
13159	10.56010
13160	10.45695
13161	9.54650
13162	7.79656
13163	5.73133
13164	4.09605
13165	3.26228
13166	3.04596
13167	3.05777
13168	3.07112
13169	3.07850
13170	3.18150
13171	3.45655
13172	3.88926
13173	4.42899
13174	5.03669
13175	5.62108
13176	6.06044
13177	6.39566
13178	6.83445
13179	7.49694
13180	8.25909
13181	8.83744
13182	9.14116
13183	9.40312
13184	9.73507
13185	10.03734
13186	10.30101
13187	10.64178
13188	11.16495
13189	11.63588
13190	11.00568
13191	8.18093
13192	3.89219
13193	0.38951
13194	-0.99573
13195	-0.72290
13196	0.11162
13197	0.79642
13198	1.10379
13199	1.14132
13200	1.04943
13201	0.85615
13202	0.62002
13203	0.43545
13204	0.31887
13205	0.22655
13206	0.21778
13207	0.43964
13208	0.90115
13209	1.47615
13210	2.08361
13211	2.65937
13212	3.13446
13213	3.54549
13214	3.96237
13215	4.30878
13216	4.51962
13217	4.83556
13218	5.54139
13219	6.55944
13220	7.65552
13221	8.67977
13222	9.33063
13223	9.32447
13224	8.95405
13225	8.73411
13226	8.72999
13227	8.78473
13228	8.95880
13229	9.38472
13230	9.86728
13231	9.84701
13232	8.85890
13233	7.02702
13234	5.02960
13235	3.56069
13236	2.87409
13237	2.75456
13238	2.80983
13239	2.82609
13240	2.82382
13241	2.85448
13242	2.98970
13243	3.36494
13244	3.99089
13245	4.70850
13246	5.36883
13247	5.87088
13248	6.16922
13249	6.38094
13250	6.69626
13251	7.15463
13252	7.58854
13253	7.77519
13254	7.79069
13255	8.07455
13256	8.80550
13257	9.59198
13258	10.03139
13259	10.19013
13260	10.19913
13261	9.46325
13262	7.07756
13263	3.37504
13264	0.01946
13265	-1.64477
13266	-1.61653
13267	-0.81157
13268	-0.02021
13269	0.46612
13270	0.64876
13271	0.68377
13272	0.68487
13273	0.62376
13274	0.46631
13275	0.25662
13276	0.07293
13277	0.00345
13278	0.13205
13279	0.50871
13280	1.15084
13281	1.96543
13282	2.74671
13283	3.38009
13284	3.90107
13285	4.41139
13286	4.93517
13287	5.31072
13288	5.48695
13289	5.77832
13290	6.57574
13291	7.98748
13292	9.64423
13293	10.69038
13294	10.48258
13295	9.48150
13296	8.72248
13297	8.53202
13298	8.54715
13299	8.56626
13300	8.77441
13301	9.36706
13302	10.18858
13303	10.68615
13304	10.24861
13305	8.70219
13306	6.51275
13307	4.49043
13308	3.27761
13309	2.95436
13310	3.11064
13311	3.35725
13312	3.55805
13313	3.68967
13314	3.80954
13315	4.05203
13316	4.53270
13317	5.24713
13318	6.04857
13319	6.74745
13320	7.21916
13321	7.49576
13322	7.77397
13323	8.18749
13324	8.58620
13325	8.69549
13326	8.58412
13327	8.82087
13328	9.73503
13329	10.85939
13330	11.55145
13331	11.75912
13332	11.88951
13333	11.79963
13334	10.33415
13335	6.86497
13336	2.72619
13337	-0.02323
13338	-0.63578
13339	0.08819
13340	1.01791
13341	1.57585
13342	1.72591
13343	1.70553
13344	1.66322
13345	1.55071
13346	1.38405
13347	1.25062
13348	1.15161
13349	1.10948
13350	1.23352
13351	1.54738
13352	1.99796
13353	2.58000
13354	3.21935
13355	3.79060
13356	4.31010
13357	4.81288
13358	5.22877
13359	5.52152
13360	5.80195
13361	6.31076
13362	7.18535
13363	8.27218
13364	9.31368
13365	10.09839
13366	10.42311
13367	10.29297
13368	10.02142
13369	9.87078
13370	9.87088
13371	10.00924
13372	10.32172
13373	10.74680
13374	11.04553
13375	10.92097
13376	10.11715
13377	8.54656
13378	6.52321
13379	4.70906
13380	3.67067
13381	3.49133
13382	3.81967
13383	4.21130
13384	4.37579
13385	4.27026
13386	4.10127
13387	4.16635
13388	4.60342
13389	5.34625
13390	6.29110
13391	7.34895
13392	8.38100
13393	9.20916
13394	9.70289
13395	9.85609
13396	9.77137
13397	9.59615
13398	9.60166
13399	10.16356
13400	11.26973
13401	12.31238
13402	12.77849
13403	12.81569
13404	12.71353
13405	11.91138
13406	9.18161
13407	4.61014
13408	0.32476
13409	-1.90041
13410	-2.10123
13411	-1.32650
13412	-0.54077
13413	-0.17015
13414	-0.12515
13415	-0.06930
13416	0.11669
13417	0.24214
13418	0.17781
13419	0.00454
13420	-0.14750
13421	-0.16781
13422	0.03535
13423	0.44509
13424	0.96529
13425	1.53640
13426	2.10176
13427	2.59600
13428	3.02925
13429	3.45642
13430	3.87670
13431	4.24823
13432	4.60977
13433	5.09469
13434	5.80297
13435	6.69655
13436	7.54781
13437	8.11845
13438	8.46689
13439	8.78726
13440	9.10256
13441	9.30680
13442	9.30871
13443	9.16590
13444	9.10470
13445	9.26857
13446	9.45955
13447	9.20519
13448	8.13076
13449	6.40169
13450	4.67261
13451	3.47740
13452	2.90977
13453	2.82473
13454	2.98951
13455	3.12628
13456	3.11441
13457	3.06633
13458	3.15822
13459	3.53171
13460	4.21082
13461	5.08109
13462	6.01286
13463	6.81499
13464	7.27613
13465	7.42537
13466	7.44740
13467	7.46735
13468	7.53936
13469	7.62410
13470	7.84974
13471	8.56723
13472	9.61637
13473	10.35242
13474	10.53631
13475	10.53429
13476	10.58543
13477	9.93717
13478	7.42224
13479	3.56475
13480	0.41749
13481	-0.84005
13482	-0.51587
13483	0.43980
13484	1.23679
13485	1.49969
13486	1.34776
13487	1.19346
13488	1.17244
13489	1.07746
13490	0.85999
13491	0.68672
13492	0.59210
13493	0.53003
13494	0.61953
13495	1.01425
13496	1.67553
13497	2.44442
13498	3.18905
13499	3.82845
13500	4.33564
13501	4.73322
13502	5.02985
13503	5.22763
13504	5.44975
13505	5.86673
13506	6.48587
13507	7.22829
13508	7.99222
13509	8.48063
13510	8.45556
13511	8.16033
13512	7.97786
13513	7.94087
13514	7.93127
13515	8.04593
13516	8.52005
13517	9.32353
13518	9.95960
13519	9.81522
13520	8.66270
13521	6.80142
13522	4.89287
13523	3.53812
13524	2.89755
13525	2.82879
13526	3.12706
13527	3.49028
13528	3.63091
13529	3.57204
13530	3.61660
13531	4.00908
13532	4.80538
13533	5.89290
13534	6.91476
13535	7.47271
13536	7.59286
13537	7.70401
13538	8.10456
13539	8.67050
13540	9.04915
13541	9.14437
13542	9.51742
13543	10.64523
13544	11.92345
13545	12.58279
13546	12.68652
13547	12.68650
13548	12.58622
13549	11.40607
13550	8.15825
13551	3.71036
13552	0.26095
13553	-1.02564
13554	-0.61345
13555	0.45802
13556	1.33853
13557	1.65655
13558	1.62577
13559	1.57538
13560	1.53966
13561	1.44800
13562	1.31983
13563	1.19041
13564	1.08122
13565	1.07474
13566	1.29635
13567	1.81288
13568	2.54898
13569	3.30419
13570	3.91454
13571	4.38693
13572	4.79972
13573	5.16055
13574	5.44088
13575	5.68096
13576	6.02397
13577	6.60924
13578	7.40955
13579	8.26075
13580	8.97732
13581	9.33304
13582	9.23864
13583	9.03336
13584	9.10833
13585	9.36545
13586	9.52718
13587	9.63568
13588	9.87739
13589	10.21148
13590	10.35430
13591	9.92445
13592	8.69904
13593	6.91076
13594	5.13048
13595	3.81264
13596	3.07309
13597	2.80590
13598	2.82108
13599	2.88595
13600	2.87434
13601	2.90164
13602	3.16729
13603	3.74936
13604	4.57254
13605	5.50189
13606	6.44062
13607	7.28631
13608	7.92757
13609	8.36822
13610	8.68390
13611	8.86031
13612	8.80971
13613	8.67820
13614	9.03002
13615	10.16659
13616	11.49835
13617	12.34085
13618	12.70054
13619	12.54413
13620	10.98413
13621	7.37249
13622	2.91567
13623	-0.27118
13624	-1.34152
13625	-0.87335
13626	0.19346
13627	1.06830
13628	1.35115
13629	1.20987
13630	1.04496
13631	0.96629
13632	0.84088
13633	0.58938
13634	0.28763
13635	0.12641
13636	0.24463
13637	0.61242
13638	1.16260
13639	1.88164
13640	2.68460
13641	3.42112
13642	4.04150
13643	4.58575
13644	5.07144
13645	5.48677
13646	5.85415
13647	6.29765
13648	7.00529
13649	8.02690
13650	9.14787
13651	10.04400
13652	10.45879
13653	10.31637
13654	9.88945
13655	9.59555
13656	9.53169
13657	9.53369
13658	9.60020
13659	9.96244
13660	10.66479
13661	11.23575
13662	10.93947
13663	9.42167
13664	7.11925
13665	4.92862
13666	3.47339
13667	2.84221
13668	2.82207
13669	3.08284
13670	3.30532
13671	3.37141
13672	3.41164
13673	3.63385
13674	4.16820
13675	4.99826
13676	5.93317
13677	6.73950
13678	7.29971
13679	7.63536
13680	7.87990
13681	8.13876
13682	8.32090
13683	8.21687
13684	7.85049
13685	7.83773
13686	8.93393
13687	10.92445
13688	12.67299
13689	13.36147
13690	13.15497
13691	12.51680
13692	11.00172
13693	7.65154
13694	3.12763
13695	-0.34093
13696	-1.55834
13697	-1.13422
13698	-0.25382
13699	0.35473
13700	0.52949
13701	0.50542
13702	0.56785
13703	0.68833
13704	0.70564
13705	0.59774
13706	0.45474
13707	0.36656
13708	0.39642
13709	0.62752
13710	1.10281
13711	1.75276
13712	2.48037
13713	3.16808
13714	3.67736
13715	4.02425
13716	4.34484
13717	4.65122
13718	4.87587
13719	5.11423
13720	5.58956
13721	6.41350
13722	7.45857
13723	8.38985
13724	8.84493
13725	8.74455
13726	8.42260
13727	8.27666
13728	8.37377
13729	8.53599
13730	8.67440
13731	8.85910
13732	9.10816
13733	9.24982
13734	8.97803
13735	8.04195
13736	6.52634
13737	4.85264
13738	3.46863
13739	2.66775
13740	2.50316
13741	2.74085
13742	3.03795
13743	3.19720
13744	3.24672
13745	3.33814
13746	3.65069
13747	4.28535
13748	5.14206
13749	6.06068
13750	7.00612
13751	7.94466
13752	8.71933
13753	9.20275
13754	9.37259
13755	9.15574
13756	8.55810
13757	8.16529
13758	8.87979
13759	10.62822
13760	12.19677
13761	12.72152
13762	12.48687
13763	11.90370
13764	10.23317
13765	6.50197
13766	1.80526
13767	-1.48013
13768	-2.43139
13769	-1.79673
13770	-0.66863
13771	0.16762
13772	0.34626
13773	0.15002
13774	0.08738
13775	0.17467
13776	0.14413
13777	-0.01910
13778	-0.13731
13779	-0.16234
13780	-0.12513
13781	0.07567
13782	0.53131
13783	1.18685
13784	1.94540
13785	2.70119
13786	3.36116
13787	3.91383
13788	4.37737
13789	4.73496
13790	5.00784
13791	5.38884
13792	6.13995
13793	7.21374
13794	8.21695
13795	8.86993
13796	9.12342
13797	8.97078
13798	8.59203
13799	8.28945
13800	8.16402
13801	8.14409
13802	8.19081
13803	8.40897
13804	8.90895
13805	9.46248
13806	9.51673
13807	8.69477
13808	7.14401
13809	5.40986
13810	4.04548
13811	3.30619
13812	3.13825
13813	3.32648
13814	3.63348
13815	3.90371
13816	4.08937
13817	4.24984
13818	4.56753
13819	5.24538
13820	6.32292
13821	7.62146
13822	8.79988
13823	9.56275
13824	10.00636
13825	10.44976
13826	10.86999
13827	10.97558
13828	10.62943
13829	10.04602
13830	9.92175
13831	10.84073
13832	12.39835
13833	13.61102
13834	14.04358
13835	13.92382
13836	12.94334
13837	9.99231
13838	5.30563
13839	1.14319
13840	-0.74901
13841	-0.64017
13842	0.20526
13843	0.94823
13844	1.38440
13845	1.56324
13846	1.57070
13847	1.41785
13848	1.13371
13849	0.86528
13850	0.76640
13851	0.79436
13852	0.79409
13853	0.80482
13854	1.07441
13855	1.72799
13856	2.56983
13857	3.31379
13858	3.85773
13859	4.28442
13860	4.69857
13861	5.06628
13862	5.28952
13863	5.47395
13864	5.92682
13865	6.79697
13866	7.87428
13867	8.82324
13868	9.42555
13869	9.55362
13870	9.23137
13871	8.74541
13872	8.43132
13873	8.38036
13874	8.49365
13875	8.77036
13876	9.30596
13877	9.93968
13878	10.14420
13879	9.43165
13880	7.81811
13881	5.83686
13882	4.13861
13883	3.10365
13884	2.76879
13885	2.94143
13886	3.30018
13887	3.55021
13888	3.61242
13889	3.64029
13890	3.86691
13891	4.41556
13892	5.22094
13893	6.12141
13894	6.95835
13895	7.59832
13896	8.04058
13897	8.45118
13898	8.90043
13899	9.18342
13900	9.05857
13901	8.67123
13902	8.73462
13903	9.86910
13904	11.59443
13905	12.75026
13906	12.95333
13907	12.80812
13908	12.33368
13909	10.22172
13910	5.97274
13911	1.43039
13912	-1.28039
13913	-1.74990
13914	-0.95806
13915	0.02666
13916	0.64793
13917	0.77780
13918	0.68347
13919	0.65604
13920	0.68372
13921	0.60826
13922	0.39076
13923	0.13343
13924	-0.00225
13925	0.14426
13926	0.59161
13927	1.20617
13928	1.90501
13929	2.63890
13930	3.28431
13931	3.80156
13932	4.26192
13933	4.65265
13934	4.93625
13935	5.24877
13936	5.76561
13937	6.45525
13938	7.17209
13939	7.86857
13940	8.51798
13941	8.98306
13942	9.19231
13943	9.24328
13944	9.25141
13945	9.29517
13946	9.44023
13947	9.70899
13948	10.06050
13949	10.35856
13950	10.31290
13951	9.57095
13952	8.03700
13953	6.08518
13954	4.29942
13955	3.07864
13956	2.54785
13957	2.61374
13958	2.98714
13959	3.32691
13960	3.48094
13961	3.54529
13962	3.71736
13963	4.15164
13964	4.91294
13965	5.95493
13966	7.02090
13967	7.73730
13968	8.03808
13969	8.21199
13970	8.44738
13971	8.62156
13972	8.48074
13973	8.11664
13974	8.29877
13975	9.66080
13976	11.69584
13977	13.25658
13978	13.71436
13979	13.44519
13980	13.27738
13981	12.93841
13982	10.77878
13983	6.34620
13984	1.77559
13985	-0.71657
13986	-0.90604
13987	0.01823
13988	0.92142
13989	1.33117
13990	1.32804
13991	1.19004
13992	1.02376
13993	0.81500
13994	0.60770
13995	0.41731
13996	0.21983
13997	0.14073
13998	0.40184
13999	1.00310
14000	1.73474
14001	2.48141
14002	3.21417
14003	3.85082
14004	4.34382
14005	4.72753
14006	5.02539
14007	5.24155
14008	5.46691
14009	5.86796
14010	6.50534
14011	7.33129
14012	8.29862
14013	9.19419
14014	9.68293
14015	9.73651
14016	9.61761
14017	9.49613
14018	9.39459
14019	9.37200
14020	9.56290
14021	10.00302
14022	10.41786
14023	10.24936
14024	9.07906
14025	7.09339
14026	5.01011
14027	3.52262
14028	2.82428
14029	2.66267
14030	2.74202
14031	2.92187
14032	3.11974
14033	3.25163
14034	3.36419
14035	3.67972
14036	4.34233
14037	5.25407
14038	6.21751
14039	7.05357
14040	7.68267
14041	8.22560
14042	8.83941
14043	9.40608
14044	9.59230
14045	9.29926
14046	9.09274
14047	9.70903
14048	10.85035
14049	11.62168
14050	11.83788
14051	11.92368
14052	11.97510
14053	11.13339
14054	8.23190
14055	3.72014
14056	-0.22737
14057	-2.03824
14058	-1.89887
14059	-0.95544
14060	-0.14808
14061	0.18765
14062	0.15849
14063	0.04339
14064	0.00241
14065	0.01379
14066	0.00523
14067	-0.08245
14068	-0.24475
14069	-0.28992
14070	0.00706
14071	0.59571
14072	1.24686
14073	1.85048
14074	2.43480
14075	3.01138
14076	3.56153
14077	4.12063
14078	4.68787
14079	5.18738
14080	5.72602
14081	6.58876
14082	7.76467
14083	8.87300
14084	9.64927
14085	10.05871
14086	10.11095
14087	9.95791
14088	9.84195
14089	9.80582
14090	9.78276
14091	9.84818
14092	10.11817
14093	10.50760
14094	10.72798
14095	10.43582
14096	9.31244
14097	7.38099
14098	5.25779
14099	3.69260
14100	3.00512
14101	3.00704
14102	3.25264
14103	3.39491
14104	3.38525
14105	3.39655
14106	3.60582
14107	4.05790
14108	4.70042
14109	5.44531
14110	6.18860
14111	6.82164
14112	7.27983
14113	7.63504
14114	8.03562
14115	8.47420
14116	8.76536
14117	8.80244
14118	8.86283
14119	9.46654
14120	10.70621
14121	12.04383
14122	12.89899
14123	13.17726
14124	12.98956
14125	11.84775
14126	8.86621
14127	4.41387
14128	0.48360
14129	-1.37310
14130	-1.29856
14131	-0.42702
14132	0.31409
14133	0.64409
14134	0.71884
14135	0.71906
14136	0.60794
14137	0.37790
14138	0.15882
14139	0.02299
14140	-0.01034
14141	0.10385
14142	0.41384
14143	0.94616
14144	1.65600
14145	2.42015
14146	3.11891
14147	3.68761
14148	4.15719
14149	4.62339
14150	5.07138
14151	5.39550
14152	5.69572
14153	6.30965
14154	7.46506
14155	8.98074
14156	10.29503
14157	10.87433
14158	10.68874
14159	10.19031
14160	9.79781
14161	9.55562
14162	9.34234
14163	9.23000
14164	9.43428
14165	10.00805
14166	10.67566
14167	10.87221
14168	10.07199
14169	8.31227
14170	6.26472
14171	4.65558
14172	3.74544
14173	3.36677
14174	3.24691
14175	3.21463
14176	3.21529
14177	3.22797
14178	3.30230
14179	3.64005
14180	4.39998
14181	5.51394
14182	6.76030
14183	7.82790
14184	8.45473
14185	8.68561
14186	8.79827
14187	8.95600
14188	9.06381
14189	8.93799
14190	8.74097
14191	9.09976
14192	10.24547
14193	11.52561
14194	12.28531
14195	12.53788
14196	12.31531
14197	10.82020
14198	7.26989
14199	2.66779
14200	-0.75777
14201	-1.85208
14202	-1.24108
14203	-0.16995
14204	0.56758
14205	0.77148
14206	0.74026
14207	0.82577
14208	0.97137
14209	1.02555
14210	1.00026
14211	0.93722
14212	0.88550
14213	0.94183
14214	1.20484
14215	1.69436
14216	2.34233
14217	3.07338
14218	3.79390
14219	4.37772
14220	4.80446
14221	5.19647
14222	5.58034
14223	5.82348
14224	5.97230
14225	6.31051
14226	6.97194
14227	7.78845
14228	8.52620
14229	9.05055
14230	9.24539
14231	9.08746
14232	8.82806
14233	8.74851
14234	8.83650
14235	8.96345
14236	9.20230
14237	9.71692
14238	10.35915
14239	10.58175
14240	9.90235
14241	8.37490
14242	6.50537
14243	4.86493
14244	3.83822
14245	3.46101
14246	3.44549
14247	3.49740
14248	3.51333
14249	3.51845
14250	3.64015
14251	4.01201
14252	4.63317
14253	5.43179
14254	6.30151
14255	7.03511
14256	7.45958
14257	7.69215
14258	8.03281
14259	8.58055
14260	9.10127
14261	9.20982
14262	8.85611
14263	8.68173
14264	9.33472
14265	10.60005
14266	11.70920
14267	12.24499
14268	12.36002
14269	11.79501
14270	9.43166
14271	5.17177
14272	1.00291
14273	-1.19361
14274	-1.36139
14275	-0.56453
14276	0.32029
14277	0.85368
14278	0.91219
14279	0.79258
14280	0.75858
14281	0.72723
14282	0.60324
14283	0.41500
14284	0.21467
14285	0.08295
14286	0.14683
14287	0.50068
14288	1.10354
14289	1.81124
14290	2.49677
14291	3.07593
14292	3.53318
14293	3.96168
14294	4.40989
14295	4.76632
14296	5.01970
14297	5.35587
14298	5.85057
14299	6.53301
14300	7.58005
14301	8.84213
14302	9.63601
14303	9.64101
14304	9.29409
14305	8.99894
14306	8.75313
14307	8.48478
14308	8.31640
14309	8.51386
14310	9.16583
14311	9.87081
14312	9.90098
14313	8.84103
14314	6.96691
14315	5.00433
14316	3.60055
14317	2.94914
14318	2.87284
14319	3.10744
14320	3.40551
14321	3.57584
14322	3.60382
14323	3.67438
14324	4.02662
14325	4.75918
14326	5.76221
14327	6.89105
14328	8.08628
14329	9.24726
14330	10.20606
14331	10.84537
14332	11.07205
14333	10.80184
14334	10.13218
14335	9.62303
14336	10.15677
14337	11.84740
14338	13.55265
14339	14.17068
14340	13.85946
14341	13.45832
14342	12.82238
14343	10.50126
14344	6.03402
14345	1.36124
14346	-1.33286
14347	-1.66623
14348	-0.73986
14349	0.31126
14350	0.92234
14351	0.99389
14352	0.82823
14353	0.72083
14354	0.63933
14355	0.47100
14356	0.26213
14357	0.14091
14358	0.15300
14359	0.28183
14360	0.58221
14361	1.14836
14362	1.95474
14363	2.82494
14364	3.58532
14365	4.19512
14366	4.73843
14367	5.28948
14368	5.76966
14369	6.11831
14370	6.51830
14371	7.18166
14372	8.07668
14373	9.02162
14374	9.85196
14375	10.40200
14376	10.55062
14377	10.42584
14378	10.27007
14379	10.08006
14380	9.74256
14381	9.39567
14382	9.36483
14383	9.75513
14384	10.21518
14385	10.14455
14386	9.12949
14387	7.29147
14388	5.27925
14389	3.80146
14390	3.13727
14391	3.09501
14392	3.30619
14393	3.47987
14394	3.48685
14395	3.35790
14396	3.30623
14397	3.62586
14398	4.40533
14399	5.47731
14400	6.58281
14401	7.42072
14402	7.83550
14403	8.05716
14404	8.44909
14405	9.01144
14406	9.32782
14407	9.07183
14408	8.58907
14409	8.67403
14410	9.45804
14411	10.31465
14412	10.79336
14413	10.99456
14414	11.15732
14415	10.79277
14416	8.78506
14417	5.10809
14418	1.45636
14419	-0.53209
14420	-0.69436
14421	0.04960
14422	0.80747
14423	1.19675
14424	1.27289
14425	1.31387
14426	1.39497
14427	1.35180
14428	1.15318
14429	0.94797
14430	0.81274
14431	0.76209
14432	0.89527
14433	1.29211
14434	1.89144
14435	2.56239
14436	3.18525
14437	3.70143
14438	4.14134
14439	4.54289
14440	4.88903
14441	5.15685
14442	5.41659
14443	5.85567
14444	6.56195
14445	7.37352
14446	8.14530
14447	8.85793
14448	9.32912
14449	9.35976
14450	9.15357
14451	9.09105
14452	9.23624
14453	9.43347
14454	9.68094
14455	10.08555
14456	10.54360
14457	10.69503
14458	10.15916
14459	8.80033
14460	6.91133
14461	5.07465
14462	3.74677
14463	3.02580
14464	2.78733
14465	2.85658
14466	3.00834
14467	3.07341
14468	3.13785
14469	3.39240
14470	3.87088
14471	4.50677
14472	5.26910
14473	6.15321
14474	7.08323
14475	7.90098
14476	8.49311
14477	8.83563
14478	8.94917
14479	8.84404
14480	8.50879
14481	8.20473
14482	8.53501
14483	9.72513
14484	11.15961
14485	12.04702
14486	12.23863
14487	11.90956
14488	10.58561
14489	7.42759
14490	2.98083
14491	-0.73741
14492	-2.36435
14493	-2.17978
14494	-1.37074
14495	-0.69213
14496	-0.28720
14497	-0.13599
14498	-0.06251
14499	0.05151
14500	0.11714
14501	0.09168
14502	0.01085
14503	-0.10637
14504	-0.17264
14505	-0.00600
14506	0.47187
14507	1.14456
14508	1.86508
14509	2.53066
14510	3.07024
14511	3.51057
14512	3.93290
14513	4.37816
14514	4.82614
14515	5.24361
14516	5.70577
14517	6.37432
14518	7.28039
14519	8.24345
14520	8.99457
14521	9.30176
14522	9.18218
14523	8.99076
14524	8.99860
14525	9.07803
14526	9.04696
14527	9.02210
14528	9.24882
14529	9.73915
14530	10.15270
14531	9.96923
14532	8.82574
14533	6.89010
14534	4.86474
14535	3.43124
14536	2.79244
14537	2.76187
14538	2.99807
14539	3.16623
14540	3.16214
14541	3.12068
14542	3.17492
14543	3.40918
14544	3.91496
14545	4.74603
14546	5.81439
14547	6.83249
14548	7.57925
14549	8.13480
14550	8.59178
14551	8.80301
14552	8.61912
14553	8.18336
14554	8.06152
14555	8.95171
14556	10.73473
14557	12.29629
14558	12.76740
14559	12.44826
14560	12.12178
14561	11.65462
14562	9.78438
14563	5.86167
14564	1.36112
14565	-1.60123
14566	-2.35881
14567	-1.70487
14568	-0.76911
14569	-0.17403
14570	-0.03314
14571	-0.14939
14572	-0.26337
14573	-0.36953
14574	-0.54490
14575	-0.69535
14576	-0.71912
14577	-0.69966
14578	-0.76400
14579	-0.83144
14580	-0.71101
14581	-0.37480
14582	0.10405
14583	0.70136
14584	1.34511
14585	1.92132
14586	2.41368
14587	2.84572
14588	3.18700
14589	3.42137
14590	3.60051
14591	3.83196
14592	4.30408
14593	5.14337
14594	6.09757
14595	6.69124
14596	6.82361
14597	6.80312
14598	6.82850
14599	6.82408
14600	6.71746
14601	6.71264
14602	7.11443
14603	7.85606
14604	8.54770
14605	8.88115
14606	8.73082
14607	8.08081
14608	7.03366
14609	5.80824
14610	4.66142
14611	3.80418
14612	3.29793
14613	3.01495
14614	2.79714
14615	2.61297
14616	2.51504
14617	2.55227
14618	2.77219
14619	3.18570
14620	3.66946
14621	4.01861
14622	4.15546
14623	4.23350
14624	4.44992
14625	4.80408
14626	5.20185
14627	5.66632
14628	6.23222
14629	6.75759
14630	7.14260
14631	7.70653
14632	8.78270
14633	9.97577
14634	10.50600
14635	10.20763
14636	9.74788
14637	9.76698
14638	9.97983
14639	9.32606
14640	6.93674
14641	3.08051
14642	-0.76056
14643	-3.13639
14644	-3.71930
14645	-3.23688
14646	-2.58443
14647	-2.11601
14648	-1.77770
14649	-1.48435
14650	-1.22878
14651	-1.05966
14652	-0.96319
14653	-0.85257
14654	-0.70836
14655	-0.60018
14656	-0.56767
14657	-0.55973
14658	-0.48156
14659	-0.29562
14660	-0.06524
14661	0.13860
14662	0.31130
14663	0.49682
14664	0.76259
14665	1.15184
14666	1.60906
14667	1.99533
14668	2.22860
14669	2.37401
14670	2.54673
14671	2.76601
14672	2.98307
14673	3.18644
14674	3.39872
14675	3.67464
14676	4.07320
14677	4.55733
14678	5.00412
14679	5.35868
14680	5.71540
14681	6.13550
14682	6.52154
14683	6.83739
14684	7.26911
14685	7.97955
14686	8.78670
14687	9.33240
14688	9.50838
14689	9.46925
14690	9.28022
14691	8.74940
14692	7.67980
14693	6.17854
14694	4.64467
14695	3.50654
14696	2.94470
14697	2.81674
14698	2.84661
14699	2.87309
14700	2.90173
14701	3.01846
14702	3.36591
14703	4.00282
14704	4.65824
14705	4.95616
14706	4.92673
14707	4.91391
14708	5.10662
14709	5.48465
14710	5.91358
14711	6.11993
14712	5.99198
14713	5.90000
14714	6.31755
14715	7.18240
14716	7.96997
14717	8.32147
14718	8.29445
14719	8.10928
14720	7.98185
14721	8.11706
14722	8.57692
14723	9.11988
14724	9.25041
14725	8.55544
14726	7.07807
14727	5.42750
14728	4.37125
14729	4.06929
14730	4.13976
14731	4.28948
14732	4.37298
14733	4.30891
14734	4.13854
14735	3.96836
14736	3.85150
14737	3.77428
14738	3.69573
14739	3.58831
14740	3.44591
14741	3.28086
14742	3.13882
14743	3.05142
14744	2.98419
14745	2.88549
14746	2.76597
14747	2.69704
14748	2.72006
14749	2.78710
14750	2.81588
14751	2.79508
14752	2.77657
14753	2.74372
14754	2.63569
14755	2.48710
14756	2.37803
14757	2.34655
14758	2.40430
14759	2.54000
14760	2.70246
14761	2.80467
14762	2.83521
14763	2.89200
14764	3.01176
14765	3.17133
14766	3.40024
14767	3.71189
14768	4.07129
14769	4.42869
14770	4.73979
14771	5.06578
14772	5.51332
14773	6.02529
14774	6.45948
14775	6.81477
14776	7.18884
14777	7.58378
14778	7.86582
14779	7.94399
14780	7.91669
14781	7.87154
14782	7.69108
14783	7.36859
14784	7.23115
14785	7.50575
14786	7.89039
14787	7.84303
14788	7.33609
14789	7.10178
14790	7.79503
14791	9.03075
14792	9.82040
14793	9.68514
14794	8.78314
14795	7.45251
14796	6.06496
14797	4.97521
14798	4.33004
14799	4.01499
14800	3.84680
14801	3.72880
14802	3.62796
14803	3.56625
14804	3.62437
14805	3.83557
14806	4.13062
14807	4.45613
14808	4.86827
14809	5.39389
14810	5.91247
14811	6.28312
14812	6.50360
14813	6.73431
14814	7.13307
14815	7.69314
14816	8.30665
14817	8.80211
14818	8.94274
14819	8.69929
14820	8.40062
14821	8.33093
14822	8.43751
14823	8.57362
14824	8.75373
14825	9.09824
14826	9.64729
14827	10.23140
14828	10.58185
14829	10.61081
14830	10.46546
14831	10.25126
14832	9.82558
14833	9.09617
14834	8.23973
14835	7.34642
14836	6.35225
14837	5.40826
14838	4.78601
14839	4.49055
14840	4.31756
14841	4.14878
14842	3.99505
14843	3.87535
14844	3.77541
14845	3.70675
14846	3.70911
14847	3.77397
14848	3.84316
14849	3.88677
14850	3.89341
14851	3.84028
14852	3.73909
14853	3.61698
14854	3.48197
14855	3.34405
14856	3.21435
14857	3.10522
14858	3.01293
14859	2.91190
14860	2.80019
14861	2.67642
14862	2.51665
14863	2.34621
14864	2.23187
14865	2.18414
14866	2.15790
14867	2.11504
14868	2.02799
14869	1.88791
14870	1.73777
14871	1.62585
14872	1.54279
14873	1.46526
14874	1.39434
14875	1.32917
14876	1.26979
14877	1.22790
14878	1.19461
14879	1.14065
14880	1.04950
14881	0.93205
14882	0.85304
14883	0.87898
14884	0.99572
14885	1.14367
14886	1.25983
14887	1.33500
14888	1.45459
14889	1.65337
14890	1.88379
14891	2.18282
14892	2.59177
14893	3.02627
14894	3.43485
14895	3.86558
14896	4.33037
14897	4.78427
14898	5.20039
14899	5.59977
14900	5.99145
14901	6.28432
14902	6.38173
14903	6.33338
14904	6.23088
14905	6.05348
14906	5.78389
14907	5.56385
14908	5.55860
14909	5.75486
14910	6.01617
14911	6.16926
14912	6.01884
14913	5.62198
14914	5.47673
14915	5.95450
14916	6.75210
14917	7.30872
14918	7.37764
14919	7.04238
14920	6.51030
14921	5.98753
14922	5.60112
14923	5.33642
14924	5.10660
14925	4.86974
14926	4.61980
14927	4.37849
14928	4.24555
14929	4.27006
14930	4.33482
14931	4.39883
14932	4.60782
14933	5.02968
14934	5.54036
14935	5.94270
14936	6.13978
14937	6.23680
14938	6.41012
14939	6.77683
14940	7.34440
14941	7.90755
14942	8.16285
14943	8.04323
14944	7.80970
14945	7.74395
14946	7.82404
14947	7.86179
14948	7.91219
14949	8.30021
14950	9.20801
14951	10.28787
14952	10.75623
14953	10.18011
14954	9.05105
14955	7.98359
14956	6.75413
14957	5.04235
14958	3.41670
14959	2.61708
14960	2.49557
14961	2.53094
14962	2.68706
14963	3.08294
14964	3.48971
14965	3.63797
14966	3.59543
14967	3.55517
14968	3.56734
14969	3.58159
14970	3.53985
14971	3.41864
14972	3.25409
14973	3.10011
14974	2.98871
14975	2.93948
14976	2.94163
14977	2.93453
14978	2.87619
14979	2.80423
14980	2.76197
14981	2.72364
14982	2.64276
14983	2.52852
14984	2.44361
14985	2.41429
14986	2.38855
14987	2.32206
14988	2.23674
14989	2.17246
14990	2.14468
14991	2.14715
14992	2.14706
14993	2.09977
14994	2.02995
14995	2.02670
14996	2.09751
14997	2.16644
14998	2.21686
14999	2.26429
15000	2.28229
15001	2.28958
15002	2.33043
15003	2.37653
15004	2.42161
15005	2.50196
15006	2.58503
15007	2.63469
15008	2.68341
15009	2.74281
15010	2.78959
15011	2.82934
15012	2.89009
15013	3.00369
15014	3.18716
15015	3.44029
15016	3.79074
15017	4.24795
15018	4.74055
15019	5.20069
15020	5.60698
15021	5.95221
15022	6.25758
15023	6.54924
15024	6.82743
15025	7.06989
15026	7.20727
15027	7.18687
15028	7.08366
15029	6.97395
15030	6.81666
15031	6.64069
15032	6.60581
15033	6.77042
15034	6.98834
15035	7.05156
15036	6.85292
15037	6.50246
15038	6.30232
15039	6.47472
15040	7.01823
15041	7.72185
15042	8.19744
15043	8.12526
15044	7.45612
15045	6.42421
15046	5.40530
15047	4.65147
15048	4.18780
15049	3.93018
15050	3.77306
15051	3.60732
15052	3.41694
15053	3.28872
15054	3.26262
15055	3.33277
15056	3.56509
15057	4.07334
15058	4.84799
15059	5.63735
15060	6.13482
15061	6.27209
15062	6.20619
15063	6.09666
15064	5.97138
15065	5.76716
15066	5.42885
15067	4.95875
15068	4.47550
15069	4.24512
15070	4.50566
15071	5.21957
15072	6.08449
15073	6.76498
15074	7.10211
15075	7.21461
15076	7.37975
15077	7.75361
15078	8.28277
15079	8.79483
15080	9.08559
15081	9.10856
15082	9.10304
15083	9.29610
15084	9.48228
15085	9.18742
15086	8.23340
15087	6.87699
15088	5.47748
15089	4.29622
15090	3.52063
15091	3.16332
15092	3.00517
15093	2.86141
15094	2.74338
15095	2.67432
15096	2.63369
15097	2.66964
15098	2.83401
15099	3.04908
15100	3.18056
15101	3.22059
15102	3.27302
15103	3.35093
15104	3.34992
15105	3.23330
15106	3.07490
15107	2.94293
15108	2.83162
15109	2.69951
15110	2.55799
15111	2.45217
15112	2.37670
15113	2.28226
15114	2.15409
15115	2.04849
15116	1.99923
15117	1.96473
15118	1.92953
15119	1.92942
15120	1.95119
15121	1.92589
15122	1.82451
15123	1.68913
15124	1.58199
15125	1.52109
15126	1.45981
15127	1.37697
15128	1.32390
15129	1.32918
15130	1.38645
15131	1.46831
15132	1.49096
15133	1.43033
15134	1.35973
15135	1.29781
15136	1.21479
15137	1.13093
15138	1.08007
15139	1.05618
15140	1.04108
15141	1.03521
15142	1.06299
15143	1.16453
15144	1.34937
15145	1.57963
15146	1.82189
15147	2.08320
15148	2.38253
15149	2.72277
15150	3.10312
15151	3.51969
15152	3.95789
15153	4.41969
15154	4.92087
15155	5.43778
15156	5.91126
15157	6.30049
15158	6.61228
15159	6.88982
15160	7.11849
15161	7.17318
15162	6.99153
15163	6.70808
15164	6.49308
15165	6.46685
15166	6.75620
15167	7.30269
15168	7.75813
15169	7.85723
15170	7.72092
15171	7.67191
15172	7.83373
15173	8.00710
15174	7.95575
15175	7.62030
15176	7.05110
15177	6.38406
15178	5.82596
15179	5.49510
15180	5.34239
15181	5.24011
15182	5.10296
15183	4.93561
15184	4.74385
15185	4.49705
15186	4.25213
15187	4.15014
15188	4.26059
15189	4.53501
15190	4.87268
15191	5.18497
15192	5.41420
15193	5.51980
15194	5.53815
15195	5.58355
15196	5.68442
15197	5.75281
15198	5.72231
15199	5.61691
15200	5.48926
15201	5.34261
15202	5.19455
15203	5.15139
15204	5.29895
15205	5.57667
15206	5.88286
15207	6.26231
15208	6.86331
15209	7.74700
15210	8.77307
15211	9.59062
15212	9.85970
15213	9.70031
15214	9.71854
15215	10.22092
15216	10.64729
15217	10.25538
15218	9.03910
15219	7.51313
15220	6.04291
15221	4.79568
15222	3.91115
15223	3.41335
15224	3.18348
15225	3.10429
15226	3.13150
15227	3.22453
15228	3.31906
15229	3.39956
15230	3.49541
15231	3.60393
15232	3.67426
15233	3.65386
15234	3.54090
15235	3.38852
15236	3.25421
15237	3.13774
15238	2.99548
15239	2.82219
15240	2.65840
15241	2.53447
15242	2.45733
15243	2.43455
15244	2.45272
15245	2.44209
15246	2.35396
15247	2.21353
15248	2.04828
15249	1.88859
15250	1.77644
15251	1.69174
15252	1.59122
15253	1.46081
15254	1.30301
15255	1.16817
15256	1.08591
15257	1.01456
15258	0.96696
15259	1.00137
15260	1.07312
15261	1.08747
15262	1.04528
15263	1.00919
15264	1.00268
15265	0.99923
15266	0.99116
15267	1.01024
15268	1.05338
15269	1.07862
15270	1.08394
15271	1.11148
15272	1.16317
15273	1.19066
15274	1.20672
15275	1.29661
15276	1.47643
15277	1.65532
15278	1.78666
15279	1.96391
15280	2.26907
15281	2.63194
15282	2.97280
15283	3.32592
15284	3.71840
15285	4.11187
15286	4.50869
15287	4.95638
15288	5.44547
15289	5.91706
15290	6.35549
15291	6.78775
15292	7.18927
15293	7.47606
15294	7.58824
15295	7.51075
15296	7.26826
15297	6.96940
15298	6.77842
15299	6.76156
15300	6.84629
15301	6.95328
15302	7.02451
15303	6.96022
15304	6.72917
15305	6.51797
15306	6.54820
15307	6.81815
15308	7.12972
15309	7.21331
15310	6.93073
15311	6.38519
15312	5.82055
15313	5.45736
15314	5.29565
15315	5.13705
15316	4.87327
15317	4.61295
15318	4.44504
15319	4.25547
15320	3.96864
15321	3.75162
15322	3.81297
15323	4.14642
15324	4.57553
15325	4.99494
15326	5.37108
15327	5.62101
15328	5.73134
15329	5.82124
15330	5.97103
15331	6.12132
15332	6.14145
15333	5.92492
15334	5.45548
15335	4.88966
15336	4.49652
15337	4.42400
15338	4.63684
15339	5.01936
15340	5.48503
15341	6.11262
15342	7.06745
15343	8.29070
15344	9.39737
15345	9.92501
15346	9.72970
15347	9.22124
15348	9.08515
15349	9.51386
15350	9.85023
15351	9.37896
15352	8.18310
15353	6.84549
15354	5.70894
15355	4.76670
15356	4.02388
15357	3.56706
15358	3.35457
15359	3.23847
15360	3.15645
15361	3.13671
15362	3.18252
15363	3.24756
15364	3.30975
15365	3.41650
15366	3.61312
15367	3.85369
15368	4.04115
15369	4.12181
15370	4.10078
15371	4.01599
15372	3.91457
15373	3.82755
15374	3.76194
15375	3.69521
15376	3.59561
15377	3.48034
15378	3.39891
15379	3.34915
15380	3.27755
15381	3.14857
15382	2.96293
15383	2.74648
15384	2.53788
15385	2.34074
15386	2.11948
15387	1.89835
15388	1.75794
15389	1.69739
15390	1.67751
15391	1.68392
15392	1.63507
15393	1.49586
15394	1.36703
15395	1.28081
15396	1.18423
15397	1.09011
15398	1.03589
15399	1.01901
15400	1.01862
15401	1.00767
15402	0.98080
15403	0.96514
15404	0.99504
15405	1.08085
15406	1.18217
15407	1.27154
15408	1.40346
15409	1.62652
15410	1.91510
15411	2.24294
15412	2.58886
15413	2.90211
15414	3.20254
15415	3.59017
15416	4.06412
15417	4.54740
15418	5.06557
15419	5.63658
15420	6.14813
15421	6.53605
15422	6.81475
15423	6.91490
15424	6.78853
15425	6.55638
15426	6.34863
15427	6.22560
15428	6.31912
15429	6.79144
15430	7.63379
15431	8.63223
15432	9.51597
15433	10.05148
15434	10.03333
15435	9.47177
15436	8.69835
15437	8.01868
15438	7.48044
15439	7.03275
15440	6.60524
15441	6.14366
15442	5.71068
15443	5.40025
15444	5.19637
15445	5.04432
15446	4.94231
15447	4.84855
15448	4.68176
15449	4.52511
15450	4.58506
15451	4.85596
15452	5.12930
15453	5.31584
15454	5.44311
15455	5.46626
15456	5.35938
15457	5.24607
15458	5.24534
15459	5.30123
15460	5.28966
15461	5.18280
15462	5.03240
15463	4.88971
15464	4.76544
15465	4.68020
15466	4.72369
15467	4.87692
15468	4.87606
15469	4.62796
15470	4.62134
15471	5.42690
15472	6.89798
15473	8.26030
15474	8.88616
15475	8.69718
15476	8.03502
15477	7.38733
15478	7.12783
15479	7.37039
15480	7.92657
15481	8.35540
15482	8.24934
15483	7.57841
15484	6.62363
15485	5.57959
15486	4.50305
15487	3.60431
15488	3.12141
15489	2.94673
15490	2.77208
15491	2.53137
15492	2.39214
15493	2.41131
15494	2.49902
15495	2.61580
15496	2.76543
15497	2.91807
15498	3.06652
15499	3.23319
15500	3.39257
15501	3.48567
15502	3.49104
15503	3.43859
15504	3.38985
15505	3.37492
15506	3.36324
15507	3.35781
15508	3.41896
15509	3.53689
15510	3.62032
15511	3.64158
15512	3.62620
15513	3.53710
15514	3.35802
15515	3.18341
15516	3.07946
15517	3.01152
15518	2.97311
15519	3.00622
15520	3.07245
15521	3.03811
15522	2.85964
15523	2.67048
15524	2.56915
15525	2.51391
15526	2.47702
15527	2.46922
15528	2.45965
15529	2.43078
15530	2.39622
15531	2.33857
15532	2.27309
15533	2.26713
15534	2.30300
15535	2.29852
15536	2.26688
15537	2.28346
15538	2.35560
15539	2.46759
15540	2.64373
15541	2.87639
15542	3.10876
15543	3.30571
15544	3.47694
15545	3.69881
15546	4.09068
15547	4.64273
15548	5.19324
15549	5.67812
15550	6.18320
15551	6.71956
15552	7.19453
15553	7.58297
15554	7.91029
15555	8.12150
15556	8.15038
15557	8.04634
15558	7.88015
15559	7.66504
15560	7.49312
15561	7.47769
15562	7.51681
15563	7.45061
15564	7.31216
15565	7.10930
15566	6.71148
15567	6.19728
15568	5.92476
15569	6.08630
15570	6.42627
15571	6.53547
15572	6.25399
15573	5.75592
15574	5.33398
15575	5.09725
15576	4.95953
15577	4.86147
15578	4.78813
15579	4.69260
15580	4.58594
15581	4.53841
15582	4.51958
15583	4.46920
15584	4.47784
15585	4.62020
15586	4.82271
15587	5.05479
15588	5.35794
15589	5.68973
15590	5.95651
15591	6.13177
15592	6.26669
15593	6.39129
15594	6.42031
15595	6.25254
15596	5.90055
15597	5.47786
15598	5.15905
15599	5.04308
15600	4.96683
15601	4.64520
15602	4.14124
15603	4.01616
15604	4.77130
15605	6.22296
15606	7.59693
15607	8.16352
15608	7.85149
15609	7.42020
15610	7.68733
15611	8.41120
15612	8.60460
15613	7.97688
15614	7.12296
15615	6.41833
15616	5.68280
15617	4.82686
15618	4.07685
15619	3.55803
15620	3.15592
15621	2.78237
15622	2.48533
15623	2.32113
15624	2.30576
15625	2.45115
15626	2.72557
15627	3.04735
15628	3.34424
15629	3.55371
15630	3.64287
15631	3.65988
15632	3.66102
15633	3.62501
15634	3.53153
15635	3.42114
15636	3.33672
15637	3.28998
15638	3.25993
15639	3.21474
15640	3.13085
15641	2.98829
15642	2.79622
15643	2.58742
15644	2.39674
15645	2.26272
15646	2.17649
15647	2.08007
15648	1.95584
15649	1.83480
15650	1.74415
15651	1.70391
15652	1.70319
15653	1.66879
15654	1.56768
15655	1.48316
15656	1.46572
15657	1.45763
15658	1.42371
15659	1.39253
15660	1.38752
15661	1.38264
15662	1.34758
15663	1.31905
15664	1.32748
15665	1.34777
15666	1.40637
15667	1.57676
15668	1.85933
15669	2.17582
15670	2.44680
15671	2.66998
15672	2.94574
15673	3.37684
15674	3.96063
15675	4.59438
15676	5.16712
15677	5.67468
15678	6.18335
15679	6.68935
15680	7.12841
15681	7.46137
15682	7.66730
15683	7.73362
15684	7.68846
15685	7.55519
15686	7.34541
15687	7.17492
15688	7.15530
15689	7.23536
15690	7.35973
15691	7.48788
15692	7.43850
15693	7.05959
15694	6.56374
15695	6.38081
15696	6.57030
15697	6.78390
15698	6.69022
15699	6.21330
15700	5.58154
15701	5.09283
15702	4.82463
15703	4.67138
15704	4.54178
15705	4.39942
15706	4.24442
15707	4.16411
15708	4.22250
15709	4.32256
15710	4.40122
15711	4.57032
15712	4.90000
15713	5.29465
15714	5.61802
15715	5.82807
15716	6.00285
15717	6.23827
15718	6.56552
15719	6.95700
15720	7.34188
15721	7.60831
15722	7.64861
15723	7.50047
15724	7.36587
15725	7.38706
15726	7.50367
15727	7.62488
15728	7.88551
15729	8.54009
15730	9.52396
15731	10.37738
15732	10.75173
15733	10.71724
15734	10.42786
15735	9.79618
15736	8.69096
15737	7.23480
15738	5.70127
15739	4.39256
15740	3.60522
15741	3.32393
15742	3.23635
15743	3.16386
15744	3.16801
15745	3.27259
15746	3.34885
15747	3.30117
15748	3.19575
15749	3.13514
15750	3.13679
15751	3.16685
15752	3.17759
15753	3.14176
15754	3.08220
15755	3.01459
15756	2.91441
15757	2.76521
15758	2.58463
15759	2.42596
15760	2.33026
15761	2.26525
15762	2.18635
15763	2.10727
15764	2.04766
15765	1.99691
15766	1.94526
15767	1.87622
15768	1.77027
15769	1.63238
15770	1.47468
15771	1.32892
15772	1.26543
15773	1.29039
15774	1.28952
15775	1.18917
15776	1.06384
15777	0.99858
15778	0.96448
15779	0.89996
15780	0.81530
15781	0.76325
15782	0.76088
15783	0.77445
15784	0.78786
15785	0.82476
15786	0.88506
15787	0.92923
15788	0.92877
15789	0.92848
15790	1.01396
15791	1.19969
15792	1.43771
15793	1.68622
15794	1.92189
15795	2.18290
15796	2.55371
15797	3.02623
15798	3.49674
15799	3.92187
15800	4.33450
15801	4.74693
15802	5.16109
15803	5.61057
15804	6.10715
15805	6.60175
15806	7.05437
15807	7.46189
15808	7.78296
15809	7.94108
15810	7.94064
15811	7.85376
15812	7.66583
15813	7.39042
15814	7.28951
15815	7.58020
15816	8.04245
15817	8.19877
15818	7.74388
15819	6.86194
15820	6.11002
15821	5.82796
15822	5.93629
15823	6.18712
15824	6.32993
15825	6.21122
15826	5.82996
15827	5.30509
15828	4.81826
15829	4.49788
15830	4.31015
15831	4.15162
15832	4.00991
15833	3.93161
15834	3.91173
15835	3.91909
15836	3.97638
15837	4.17111
15838	4.56958
15839	5.06817
15840	5.48539
15841	5.79802
15842	6.04832
15843	6.19984
15844	6.23680
15845	6.20298
15846	6.11095
15847	5.92229
15848	5.65126
15849	5.38397
15850	5.13589
15851	4.88015
15852	4.71121
15853	4.74300
15854	4.91916
15855	5.10568
15856	5.26477
15857	5.45908
15858	5.77890
15859	6.24178
15860	6.71283
15861	7.02945
15862	7.22027
15863	7.47042
15864	7.79216
15865	7.84537
15866	7.31186
15867	6.32409
15868	5.28270
15869	4.49341
15870	4.06192
15871	3.86246
15872	3.65196
15873	3.35570
15874	3.13053
15875	3.08083
15876	3.11322
15877	3.13412
15878	3.17222
15879	3.25115
15880	3.32056
15881	3.33114
15882	3.27385
15883	3.16174
15884	3.00944
15885	2.82802
15886	2.64248
15887	2.47928
15888	2.33631
15889	2.21064
15890	2.11061
15891	2.02304
15892	1.94266
15893	1.88883
15894	1.84181
15895	1.75460
15896	1.62557
15897	1.49799
15898	1.39226
15899	1.29098
15900	1.20495
15901	1.15265
15902	1.12508
15903	1.11533
15904	1.09135
15905	1.04097
15906	1.02488
15907	1.04807
15908	1.03644
15909	0.99907
15910	1.01705
15911	1.07013
15912	1.06686
15913	1.03588
15914	1.08130
15915	1.19877
15916	1.30807
15917	1.37047
15918	1.39666
15919	1.39367
15920	1.36704
15921	1.37389
15922	1.45704
15923	1.60675
15924	1.84000
15925	2.14295
15926	2.44643
15927	2.77096
15928	3.18432
15929	3.65106
15930	4.09824
15931	4.52390
15932	4.96215
15933	5.41594
15934	5.88649
15935	6.39450
15936	6.89397
15937	7.29350
15938	7.57384
15939	7.72881
15940	7.70241
15941	7.51561
15942	7.26294
15943	7.00975
15944	6.86892
15945	6.93533
15946	7.12661
15947	7.27657
15948	7.23428
15949	6.99329
15950	6.74798
15951	6.63170
15952	6.59649
15953	6.56702
15954	6.50680
15955	6.35482
15956	6.04923
15957	5.60768
15958	5.10659
15959	4.64284
15960	4.30125
15961	4.08222
15962	3.91834
15963	3.75279
15964	3.58915
15965	3.51075
15966	3.56002
15967	3.66520
15968	3.84816
15969	4.27249
15970	4.92389
15971	5.53894
15972	5.93077
15973	6.10526
15974	6.16120
15975	6.25885
15976	6.49005
15977	6.74478
15978	6.82570
15979	6.63510
15980	6.22145
15981	5.74576
15982	5.40000
15983	5.27320
15984	5.30845
15985	5.41964
15986	5.66609
15987	6.23078
15988	7.14184
15989	8.16545
15990	8.98161
15991	9.37151
15992	9.37795
15993	9.24821
15994	9.04066
15995	8.51376
15996	7.55918
15997	6.37353
15998	5.19997
15999	4.24952
16000	3.66638
16001	3.38753
16002	3.20885
16003	3.02960
16004	2.93233
16005	2.95719
16006	2.98813
16007	2.94323
16008	2.88860
16009	2.91234
16010	2.98494
16011	2.99415
16012	2.90449
16013	2.78837
16014	2.69922
16015	2.62705
16016	2.54818
16017	2.45399
16018	2.35890
16019	2.27901
16020	2.21698
16021	2.17399
16022	2.13940
16023	2.09729
16024	2.03210
16025	1.91860
16026	1.77910
16027	1.69168
16028	1.68852
16029	1.72210
16030	1.72000
16031	1.64897
16032	1.54264
16033	1.44716
16034	1.36365
16035	1.26828
16036	1.17299
16037	1.12720
16038	1.12358
16039	1.09625
16040	1.04621
16041	1.02301
16042	1.02341
16043	1.02351
16044	1.00774
16045	0.95466
16046	0.89310
16047	0.88846
16048	0.93948
16049	1.00512
16050	1.07733
16051	1.15871
16052	1.26593
16053	1.43668
16054	1.68232
16055	1.98491
16056	2.33964
16057	2.76542
16058	3.26123
16059	3.74784
16060	4.14884
16061	4.52015
16062	4.94050
16063	5.37919
16064	5.78149
16065	6.12708
16066	6.40338
16067	6.61306
16068	6.74840
16069	6.77144
16070	6.66320
16071	6.42220
16072	6.07609
16073	5.75728
16074	5.63674
16075	5.77972
16076	6.10657
16077	6.41605
16078	6.52480
16079	6.45089
16080	6.36374
16081	6.38079
16082	6.48823
16083	6.57026
16084	6.47357
16085	6.12883
16086	5.62975
16087	5.15610
16088	4.80325
16089	4.54064
16090	4.31941
16091	4.09803
16092	3.86108
16093	3.68472
16094	3.61924
16095	3.64785
16096	3.83285
16097	4.22697
16098	4.77030
16099	5.40402
16100	6.02347
16101	6.41609
16102	6.47907
16103	6.37633
16104	6.36494
16105	6.50506
16106	6.60236
16107	6.45183
16108	6.03654
16109	5.51087
16110	5.14529
16111	5.20457
16112	5.68108
16113	6.23684
16114	6.59016
16115	6.82401
16116	7.20644
16117	7.84610
16118	8.58398
16119	9.16760
16120	9.47793
16121	9.58225
16122	9.55723
16123	9.28546
16124	8.53572
16125	7.20993
16126	5.50191
16127	3.98111
16128	3.16431
16129	2.90062
16130	2.74195
16131	2.58864
16132	2.56480
16133	2.66187
16134	2.77056
16135	2.83014
16136	2.85524
16137	2.90646
16138	3.01411
16139	3.10406
16140	3.07607
16141	2.94422
16142	2.79670
16143	2.67189
16144	2.56359
16145	2.45678
16146	2.33549
16147	2.21286
16148	2.11990
16149	2.07224
16150	2.04888
16151	2.00571
16152	1.93732
16153	1.84913
16154	1.71011
16155	1.53961
16156	1.41748
16157	1.36285
16158	1.32004
16159	1.25069
16160	1.17613
16161	1.11736
16162	1.05023
16163	0.97577
16164	0.92222
16165	0.88645
16166	0.89579
16167	0.98165
16168	1.07205
16169	1.08470
16170	1.03810
16171	1.00341
16172	1.02167
16173	1.07407
16174	1.12857
16175	1.16908
16176	1.17891
16177	1.16724
16178	1.17447
16179	1.23966
16180	1.39071
16181	1.60070
16182	1.80307
16183	2.00146
16184	2.24138
16185	2.51503
16186	2.81064
16187	3.16013
16188	3.59985
16189	4.12382
16190	4.64998
16191	5.08100
16192	5.42482
16193	5.78063
16194	6.18651
16195	6.55845
16196	6.82127
16197	6.99743
16198	7.12974
16199	7.18100
16200	7.04400
16201	6.70692
16202	6.34726
16203	6.17122
16204	6.25113
16205	6.53041
16206	6.83047
16207	6.84883
16208	6.48696
16209	6.17524
16210	6.32744
16211	6.76987
16212	7.17409
16213	7.39915
16214	7.30744
16215	6.83861
16216	6.15059
16217	5.49661
16218	5.04728
16219	4.80002
16220	4.64295
16221	4.48408
16222	4.30277
16223	4.12413
16224	3.97402
16225	3.90381
16226	4.00610
16227	4.33074
16228	4.86140
16229	5.49899
16230	5.99941
16231	6.17520
16232	6.16094
16233	6.19925
16234	6.28487
16235	6.27013
16236	6.11289
16237	5.86743
16238	5.58366
16239	5.29240
16240	5.10476
16241	5.18646
16242	5.54513
16243	6.02093
16244	6.48329
16245	6.94657
16246	7.54106
16247	8.33606
16248	9.15740
16249	9.68760
16250	9.78456
16251	9.63737
16252	9.55684
16253	9.54265
16254	9.21490
16255	8.33093
16256	7.11194
16257	5.91800
16258	4.85385
16259	3.89246
16260	3.11779
16261	2.64698
16262	2.52166
16263	2.66638
16264	2.89859
16265	3.06940
16266	3.14572
16267	3.14993
16268	3.11759
16269	3.09376
16270	3.09251
16271	3.07734
16272	3.02073
16273	2.92828
16274	2.80791
16275	2.67771
16276	2.56607
16277	2.48360
16278	2.42482
16279	2.37409
16280	2.31237
16281	2.24614
16282	2.19174
16283	2.12827
16284	2.02171
16285	1.87441
16286	1.72778
16287	1.62334
16288	1.55538
16289	1.48903
16290	1.40523
16291	1.30376
16292	1.19375
16293	1.07984
16294	0.98121
16295	0.93469
16296	0.92713
16297	0.92983
16298	0.96581
16299	1.02849
16300	1.06387
16301	1.06116
16302	1.03270
16303	0.96843
16304	0.89933
16305	0.88519
16306	0.91213
16307	0.92393
16308	0.90976
16309	0.91701
16310	1.03034
16311	1.27270
16312	1.50867
16313	1.61367
16314	1.69108
16315	1.92275
16316	2.32545
16317	2.81025
16318	3.34416
16319	3.90894
16320	4.43938
16321	4.92229
16322	5.40167
16323	5.87152
16324	6.29039
16325	6.66477
16326	7.02347
16327	7.30372
16328	7.40122
16329	7.34425
16330	7.23533
16331	7.06641
16332	6.81456
16333	6.67570
16334	6.85278
16335	7.11080
16336	7.05196
16337	6.71048
16338	6.38885
16339	6.20950
16340	6.11411
16341	6.04196
16342	5.96243
16343	5.78131
16344	5.39182
16345	4.84858
16346	4.36555
16347	4.14276
16348	4.21710
16349	4.45932
16350	4.62817
16351	4.54451
16352	4.32117
16353	4.18197
16354	4.14157
16355	4.12742
16356	4.20093
16357	4.46085
16358	4.89912
16359	5.43794
16360	5.94011
16361	6.23161
16362	6.28230
16363	6.21565
16364	6.09748
16365	5.90081
16366	5.61892
16367	5.26874
16368	4.87978
16369	4.53091
16370	4.31020
16371	4.25797
16372	4.37083
16373	4.62508
16374	4.96650
16375	5.28694
16376	5.51323
16377	5.75371
16378	6.24616
16379	7.10701
16380	8.15291
16381	8.96972
16382	9.24739
16383	9.13478
16384	9.14865
16385	9.50203
16386	9.67977
16387	9.07488
16388	7.74520
16389	6.16703
16390	4.72644
16391	3.72135
16392	3.24921
16393	3.02762
16394	2.77078
16395	2.54741
16396	2.52702
16397	2.65419
16398	2.78023
16399	2.89678
16400	3.03734
16401	3.13795
16402	3.14861
16403	3.11089
16404	3.05394
16405	2.94019
16406	2.74936
16407	2.53000
16408	2.33862
16409	2.19276
16410	2.09112
16411	2.04002
16412	2.05529
16413	2.11775
16414	2.14028
16415	2.04090
16416	1.83897
16417	1.61713
16418	1.42204
16419	1.26376
16420	1.14208
16421	1.03445
16422	0.90681
16423	0.73719
16424	0.55053
16425	0.42701
16426	0.41127
16427	0.44898
16428	0.47380
16429	0.47965
16430	0.47618
16431	0.47001
16432	0.47002
16433	0.46606
16434	0.46318
16435	0.49209
16436	0.53659
16437	0.55392
16438	0.58343
16439	0.69449
16440	0.83271
16441	0.91257
16442	0.96693
16443	1.04417
16444	1.14407
16445	1.28067
16446	1.47877
16447	1.73383
16448	2.00159
16449	2.25945
16450	2.55532
16451	2.93969
16452	3.38238
16453	3.80387
16454	4.18870
16455	4.58975
16456	5.03012
16457	5.48150
16458	5.90188
16459	6.29071
16460	6.69122
16461	7.07656
16462	7.33329
16463	7.40643
16464	7.34344
16465	7.18459
16466	6.95564
16467	6.78002
16468	6.81552
16469	7.01853
16470	7.10121
16471	6.79996
16472	6.10343
16473	5.28585
16474	4.79472
16475	4.89248
16476	5.41876
16477	5.98034
16478	6.23385
16479	6.04091
16480	5.53338
16481	4.98325
16482	4.58243
16483	4.39797
16484	4.36113
16485	4.26148
16486	3.96757
16487	3.58334
16488	3.30403
16489	3.26540
16490	3.47326
16491	3.81469
16492	4.20313
16493	4.61306
16494	5.01731
16495	5.38145
16496	5.60868
16497	5.61478
16498	5.50717
16499	5.45767
16500	5.47116
16501	5.42626
16502	5.21956
16503	4.83273
16504	4.33796
16505	3.88382
16506	3.68549
16507	3.89040
16508	4.38728
16509	4.90065
16510	5.33623
16511	5.94989
16512	7.04568
16513	8.50956
16514	9.80820
16515	10.45001
16516	10.39136
16517	10.00427
16518	9.59365
16519	9.02886
16520	8.01466
16521	6.50648
16522	4.76358
16523	3.34042
16524	2.71242
16525	2.64934
16526	2.56063
16527	2.30322
16528	2.15785
16529	2.24527
16530	2.38205
16531	2.44495
16532	2.51214
16533	2.61066
16534	2.63899
16535	2.57948
16536	2.51111
16537	2.42805
16538	2.26507
16539	2.04548
16540	1.85716
16541	1.72340
16542	1.59263
16543	1.44124
16544	1.29204
16545	1.16090
16546	1.04255
16547	0.90078
16548	0.71719
16549	0.56030
16550	0.50083
16551	0.49994
16552	0.47780
16553	0.41100
16554	0.30861
16555	0.20181
16556	0.12537
16557	0.06344
16558	0.01174
16559	0.00099
16560	0.00322
16561	-0.02641
16562	-0.04964
16563	-0.01958
16564	0.02862
16565	0.05595
16566	0.10495
16567	0.22038
16568	0.33923
16569	0.39580
16570	0.44961
16571	0.55776
16572	0.68724
16573	0.81583
16574	0.95806
16575	1.11607
16576	1.27365
16577	1.41309
16578	1.55210
16579	1.73945
16580	1.97998
16581	2.22272
16582	2.44618
16583	2.69637
16584	3.01179
16585	3.36000
16586	3.69125
16587	4.00852
16588	4.31890
16589	4.58049
16590	4.78299
16591	5.00287
16592	5.29792
16593	5.64845
16594	6.04146
16595	6.46600
16596	6.85791
16597	7.18535
16598	7.48542
16599	7.74601
16600	7.89527
16601	7.91692
16602	7.81281
16603	7.58386
16604	7.39820
16605	7.46850
16606	7.74011
16607	7.99043
16608	8.06587
16609	7.92573
16610	7.65058
16611	7.40182
16612	7.32784
16613	7.49238
16614	7.79908
16615	8.00758
16616	7.91469
16617	7.48535
16618	6.81540
16619	6.06622
16620	5.41855
16621	4.95630
16622	4.61970
16623	4.34530
16624	4.15158
16625	4.09615
16626	4.18422
16627	4.32894
16628	4.46403
16629	4.62663
16630	4.89182
16631	5.24099
16632	5.54374
16633	5.72680
16634	5.84372
16635	5.95859
16636	6.08038
16637	6.15580
16638	6.08150
16639	5.80931
16640	5.39898
16641	4.93506
16642	4.51232
16643	4.29395
16644	4.41110
16645	4.82753
16646	5.40000
16647	5.98959
16648	6.56074
16649	7.22354
16650	8.02645
16651	8.75884
16652	9.08693
16653	8.89652
16654	8.56742
16655	8.68682
16656	9.23327
16657	9.46920
16658	8.89325
16659	7.76680
16660	6.62618
16661	5.72953
16662	5.04232
16663	4.55153
16664	4.32506
16665	4.29382
16666	4.31446
16667	4.35900
16668	4.42878
16669	4.48016
16670	4.50227
16671	4.51235
16672	4.50929
16673	4.49887
16674	4.49812
16675	4.50007
16676	4.47470
16677	4.38799
16678	4.23002
16679	4.05355
16680	3.92469
16681	3.84198
16682	3.78626
16683	3.78168
16684	3.81623
16685	3.82069
16686	3.79842
16687	3.81322
16688	3.82948
16689	3.75063
16690	3.58714
16691	3.41966
16692	3.26036
16693	3.09235
16694	2.96476
16695	2.91769
16696	2.88485
16697	2.79142
16698	2.66631
16699	2.56398
16700	2.48533
16701	2.41878
16702	2.35837
16703	2.28325
16704	2.18170
16705	2.08762
16706	2.04331
16707	2.03684
16708	2.03947
16709	2.07027
16710	2.16278
16711	2.30090
16712	2.45302
16713	2.64059
16714	2.89175
16715	3.18458
16716	3.50271
16717	3.85672
16718	4.23708
16719	4.64073
16720	5.11374
16721	5.66338
16722	6.19724
16723	6.65465
16724	7.06117
16725	7.39311
16726	7.55755
16727	7.52846
16728	7.38788
16729	7.21954
16730	7.05882
16731	6.95628
16732	6.94882
16733	6.94378
16734	6.77324
16735	6.36563
16736	5.80310
16737	5.35012
16738	5.31233
16739	5.60740
16740	5.79318
16741	5.61641
16742	5.13942
16743	4.51946
16744	3.95402
16745	3.61706
16746	3.52781
16747	3.54443
16748	3.44579
16749	3.13401
16750	2.82867
16751	2.77853
16752	2.92261
16753	3.12995
16754	3.39070
16755	3.67518
16756	3.95753
16757	4.25664
16758	4.53568
16759	4.73953
16760	4.86955
16761	4.94640
16762	4.99148
16763	5.02174
16764	5.02333
16765	4.94957
16766	4.74873
16767	4.44233
16768	4.22512
16769	4.35018
16770	4.75957
16771	5.06728
16772	5.15866
16773	5.47863
16774	6.41403
16775	7.68972
16776	8.61110
16777	8.73476
16778	8.20672
16779	7.64366
16780	7.69758
16781	8.37935
16782	8.91558
16783	8.67350
16784	7.84299
16785	6.87849
16786	5.91389
16787	5.00135
16788	4.29641
16789	3.82495
16790	3.47484
16791	3.20797
16792	3.05682
16793	3.00400
16794	2.96020
16795	2.85970
16796	2.76434
16797	2.78765
16798	2.90353
16799	2.96841
16800	2.91623
16801	2.77892
16802	2.58718
16803	2.36445
16804	2.14571
16805	1.94679
16806	1.76885
16807	1.62557
16808	1.53143
16809	1.48414
16810	1.44920
16811	1.38054
16812	1.28721
16813	1.21877
16814	1.19737
16815	1.22457
16816	1.28556
16817	1.32772
16818	1.31297
16819	1.26960
16820	1.26264
16821	1.33173
16822	1.44116
16823	1.52858
16824	1.60784
16825	1.72223
16826	1.83220
16827	1.88671
16828	1.93680
16829	2.03043
16830	2.11228
16831	2.12987
16832	2.09155
16833	2.02629
16834	2.00003
16835	2.09456
16836	2.28777
16837	2.44560
16838	2.53060
16839	2.67582
16840	2.98013
16841	3.38115
16842	3.74457
16843	4.05375
16844	4.41663
16845	4.85831
16846	5.30228
16847	5.69517
16848	6.03701
16849	6.38648
16850	6.76465
16851	7.07074
16852	7.23577
16853	7.31773
16854	7.37071
16855	7.37577
16856	7.27505
16857	7.02146
16858	6.73209
16859	6.64101
16860	6.76082
16861	6.89554
16862	6.93506
16863	6.85999
16864	6.67238
16865	6.44624
16866	6.30928
16867	6.33944
16868	6.42629
16869	6.34624
16870	6.03432
16871	5.60926
16872	5.18635
16873	4.82795
16874	4.56107
16875	4.35323
16876	4.14096
16877	3.92882
16878	3.81010
16879	3.82988
16880	3.92672
16881	4.03582
16882	4.17033
16883	4.40900
16884	4.76876
16885	5.17008
16886	5.55662
16887	5.86189
16888	5.98293
16889	5.92507
16890	5.79419
16891	5.65000
16892	5.44059
16893	5.07159
16894	4.55977
16895	4.04096
16896	3.66638
16897	3.57764
16898	3.80895
16899	4.19428
16900	4.56271
16901	4.94009
16902	5.41110
16903	5.94706
16904	6.48638
16905	7.00139
16906	7.39614
16907	7.53379
16908	7.41821
16909	7.23288
16910	7.28386
16911	7.83372
16912	8.68019
16913	9.11140
16914	8.66253
16915	7.59534
16916	6.36248
16917	5.13581
16918	4.10788
16919	3.52489
16920	3.28174
16921	3.05577
16922	2.78736
16923	2.67770
16924	2.80748
16925	3.02865
16926	3.21475
16927	3.39144
16928	3.59557
16929	3.78581
16930	3.90795
16931	3.94087
16932	3.86978
16933	3.67409
16934	3.37526
16935	3.05909
16936	2.79398
16937	2.57362
16938	2.39875
16939	2.31473
16940	2.32259
16941	2.35829
16942	2.36421
16943	2.31237
16944	2.18662
16945	2.00480
16946	1.84577
16947	1.78182
16948	1.79475
16949	1.80947
16950	1.77610
16951	1.70447
16952	1.61180
16953	1.50298
16954	1.45064
16955	1.50892
16956	1.59686
16957	1.64595
16958	1.66052
16959	1.63358
16960	1.57803
16961	1.53281
16962	1.52729
16963	1.57900
16964	1.65812
16965	1.70233
16966	1.70283
16967	1.70698
16968	1.73949
16969	1.80411
16970	1.94036
16971	2.16218
16972	2.40609
16973	2.64863
16974	2.95078
16975	3.35416
16976	3.83116
16977	4.32100
16978	4.78941
16979	5.23933
16980	5.69379
16981	6.17771
16982	6.65364
16983	7.04849
16984	7.37178
16985	7.68447
16986	7.94987
16987	8.05034
16988	7.96392
16989	7.74211
16990	7.46078
16991	7.35097
16992	7.54119
16993	7.75737
16994	7.73472
16995	7.54420
16996	7.27321
16997	6.84307
16998	6.28253
16999	5.83038
17000	5.63982
17001	5.60310
17002	5.52963
17003	5.33215
17004	5.01819
17005	4.65891
17006	4.39632
17007	4.30882
17008	4.27628
17009	4.13089
17010	3.87424
17011	3.64366
17012	3.54197
17013	3.55408
17014	3.62240
17015	3.78528
17016	4.13305
17017	4.62688
17018	5.08829
17019	5.36904
17020	5.47025
17021	5.50872
17022	5.59339
17023	5.68465
17024	5.63550
17025	5.39584
17026	5.03985
17027	4.62647
17028	4.18399
17029	3.81089
17030	3.67384
17031	3.85996
17032	4.24963
17033	4.64113
17034	5.07045
17035	5.82340
17036	6.98742
17037	8.16172
17038	8.75781
17039	8.53719
17040	7.87151
17041	7.49830
17042	7.82646
17043	8.42113
17044	8.47144
17045	7.74191
17046	6.67844
17047	5.72690
17048	4.95777
17049	4.31604
17050	3.85697
17051	3.59985
17052	3.43518
17053	3.26456
17054	3.08871
17055	2.96936
17056	2.94434
17057	2.99542
17058	3.09189
17059	3.21309
17060	3.33189
17061	3.43686
17062	3.54751
17063	3.65132
17064	3.68244
17065	3.59802
17066	3.41946
17067	3.21154
17068	3.03511
17069	2.88607
17070	2.72537
17071	2.56887
17072	2.46584
17073	2.40777
17074	2.34125
17075	2.24766
17076	2.12491
17077	1.94981
17078	1.75081
17079	1.60985
17080	1.54187
17081	1.49567
17082	1.41972
17083	1.27090
17084	1.07609
17085	0.94092
17086	0.92704
17087	0.97750
17088	0.99272
17089	0.96008
17090	0.92531
17091	0.90569
17092	0.91984
17093	0.96496
17094	0.97533
17095	0.91613
17096	0.85560
17097	0.89089
17098	1.02754
17099	1.18495
17100	1.35122
17101	1.59143
17102	1.87162
17103	2.12310
17104	2.41065
17105	2.79709
17106	3.23412
17107	3.69153
17108	4.18371
17109	4.69205
17110	5.18962
17111	5.67923
17112	6.16631
17113	6.64215
17114	7.09541
17115	7.50428
17116	7.81912
17117	7.99086
17118	8.03126
17119	7.93888
17120	7.66533
17121	7.34028
17122	7.19487
17123	7.30421
17124	7.64374
17125	7.94450
17126	7.81935
17127	7.39015
17128	7.05744
17129	6.84673
17130	6.60558
17131	6.32347
17132	5.99318
17133	5.55139
17134	5.04931
17135	4.65283
17136	4.42553
17137	4.25370
17138	4.03032
17139	3.79127
17140	3.61607
17141	3.51529
17142	3.47366
17143	3.51763
17144	3.65572
17145	3.83943
17146	4.06625
17147	4.40716
17148	4.87021
17149	5.34676
17150	5.69347
17151	5.82429
17152	5.82105
17153	5.85432
17154	5.93187
17155	5.90352
17156	5.63779
17157	5.14495
17158	4.66095
17159	4.51737
17160	4.83249
17161	5.38066
17162	5.82349
17163	6.10561
17164	6.51650
17165	7.26484
17166	8.15104
17167	8.80228
17168	9.07270
17169	9.04806
17170	8.82718
17171	8.44168
17172	7.81436
17173	6.83539
17174	5.64532
17175	4.60215
17176	3.89815
17177	3.47824
17178	3.19678
17179	2.93075
17180	2.72230
17181	2.75121
17182	3.06053
17183	3.44485
17184	3.68438
17185	3.74409
17186	3.71415
17187	3.66858
17188	3.59461
17189	3.43864
17190	3.20408
17191	2.95427
17192	2.74225
17193	2.57892
17194	2.43422
17195	2.27791
17196	2.14644
17197	2.10559
17198	2.13385
17199	2.13228
17200	2.04525
17201	1.90091
17202	1.76140
17203	1.67811
17204	1.65392
17205	1.65516
17206	1.68031
17207	1.72805
17208	1.74794
17209	1.70643
17210	1.62175
17211	1.53490
17212	1.46915
17213	1.41914
17214	1.39636
17215	1.41862
17216	1.47481
17217	1.53200
17218	1.52994
17219	1.45385
17220	1.40997
17221	1.49678
17222	1.65369
17223	1.75889
17224	1.79361
17225	1.81088
17226	1.87486
17227	2.02225
17228	2.20807
17229	2.39017
17230	2.60597
17231	2.89775
17232	3.25309
17233	3.64299
17234	4.07080
17235	4.54104
17236	5.01909
17237	5.47531
17238	5.91406
17239	6.32838
17240	6.67928
17241	6.93619
17242	7.12728
17243	7.29418
17244	7.38241
17245	7.31932
17246	7.13103
17247	6.85150
17248	6.53921
17249	6.35296
17250	6.39267
17251	6.56932
17252	6.63540
17253	6.32793
17254	5.68112
17255	5.11093
17256	4.95317
17257	5.09590
17258	5.19780
17259	5.01569
17260	4.50021
17261	3.81509
17262	3.22808
17263	2.85834
17264	2.64748
17265	2.51882
17266	2.43170
17267	2.38300
17268	2.41384
17269	2.55505
17270	2.74407
17271	2.86772
17272	2.98446
17273	3.36671
17274	4.10431
17275	4.90824
17276	5.48023
17277	5.75671
17278	5.81615
17279	5.76786
17280	5.65075
17281	5.42101
17282	5.05314
17283	4.58112
17284	4.07788
17285	3.68386
17286	3.56632
17287	3.74113
17288	4.03721
17289	4.29446
17290	4.54450
17291	4.97620
17292	5.70015
17293	6.59846
17294	7.45132
17295	8.08691
17296	8.41189
17297	8.46858
17298	8.45645
17299	8.57200
17300	8.78707
17301	8.86515
17302	8.61755
17303	8.04231
17304	7.25603
17305	6.37676
17306	5.50251
17307	4.77865
17308	4.30086
17309	3.95839
17310	3.61064
17311	3.32544
17312	3.24891
17313	3.37704
17314	3.60072
17315	3.86849
17316	4.16645
17317	4.42567
17318	4.57380
17319	4.59633
17320	4.51834
17321	4.37569
17322	4.18190
17323	3.95825
17324	3.75760
17325	3.59278
17326	3.44536
17327	3.34108
17328	3.31488
17329	3.33870
17330	3.32792
17331	3.21400
17332	3.01840
17333	2.83330
17334	2.71289
17335	2.63701
17336	2.58517
17337	2.55446
17338	2.52473
17339	2.47750
17340	2.39525
17341	2.25988
17342	2.10461
17343	1.98870
17344	1.91688
17345	1.85348
17346	1.79572
17347	1.77116
17348	1.76393
17349	1.73937
17350	1.70346
17351	1.65647
17352	1.58797
17353	1.52744
17354	1.52471
17355	1.58768
17356	1.68834
17357	1.85222
17358	2.11386
17359	2.40581
17360	2.65526
17361	2.89674
17362	3.20722
17363	3.60753
17364	4.04827
17365	4.47516
17366	4.88918
17367	5.30298
17368	5.68950
17369	6.04771
17370	6.38220
17371	6.62356
17372	6.76036
17373	6.84924
17374	6.83853
17375	6.68510
17376	6.47795
17377	6.30346
17378	6.18842
17379	6.12544
17380	6.12589
17381	6.19151
17382	6.19055
17383	5.96246
17384	5.52223
17385	5.12807
17386	5.08167
17387	5.31581
17388	5.46824
17389	5.32474
17390	4.93249
17391	4.44533
17392	3.99607
17393	3.68772
17394	3.55829
17395	3.50032
17396	3.35617
17397	3.11394
17398	2.91961
17399	2.90834
17400	3.04090
17401	3.16230
17402	3.29054
17403	3.61872
17404	4.12093
17405	4.57602
17406	4.94771
17407	5.27597
17408	5.48468
17409	5.55558
17410	5.55592
17411	5.48106
17412	5.26541
17413	4.91529
17414	4.54055
17415	4.26529
17416	4.17160
17417	4.28983
17418	4.55247
17419	4.79596
17420	4.93601
17421	5.16666
17422	5.79098
17423	6.78182
17424	7.68256
17425	7.99583
17426	7.69570
17427	7.31856
17428	7.36186
17429	7.67661
17430	7.70644
17431	7.18951
17432	6.35822
17433	5.58205
17434	5.02082
17435	4.60315
17436	4.25623
17437	3.98507
17438	3.75689
17439	3.55794
17440	3.45958
17441	3.49135
17442	3.59999
17443	3.73930
17444	3.87832
17445	3.95406
17446	3.91889
17447	3.80627
17448	3.67456
17449	3.52410
17450	3.32747
17451	3.10783
17452	2.91081
17453	2.72569
17454	2.53415
17455	2.38728
17456	2.34648
17457	2.39403
17458	2.43640
17459	2.39393
17460	2.26285
17461	2.08885
17462	1.93515
17463	1.85287
17464	1.84008
17465	1.84902
17466	1.83108
17467	1.76165
17468	1.65416
17469	1.56239
17470	1.52454
17471	1.52005
17472	1.51968
17473	1.52264
17474	1.52780
17475	1.54653
17476	1.61248
17477	1.71382
17478	1.80069
17479	1.86809
17480	1.92979
17481	1.97187
17482	2.00259
17483	2.06868
17484	2.21669
17485	2.42780
17486	2.61386
17487	2.76662
17488	2.96821
17489	3.23439
17490	3.53474
17491	3.89176
17492	4.33415
17493	4.81354
17494	5.26679
17495	5.70739
17496	6.14515
17497	6.54822
17498	6.90512
17499	7.18902
17500	7.36821
17501	7.46585
17502	7.50411
17503	7.48712
17504	7.41261
17505	7.22809
17506	6.95898
17507	6.79368
17508	6.81492
17509	6.89135
17510	6.83239
17511	6.43659
17512	5.67819
17513	4.94136
17514	4.66855
17515	4.84494
17516	5.10506
17517	5.14992
17518	4.89602
17519	4.40690
17520	3.86693
17521	3.51000
17522	3.42537
17523	3.45610
17524	3.38162
17525	3.16121
17526	2.93665
17527	2.87279
17528	3.00423
17529	3.25051
17530	3.61125
17531	4.21985
17532	5.11549
17533	6.05569
17534	6.69407
17535	6.88775
17536	6.70863
17537	6.29615
17538	5.79419
17539	5.30875
17540	4.92945
17541	4.83733
17542	5.18262
17543	5.79193
17544	6.29164
17545	6.53084
17546	6.58332
17547	6.50634
17548	6.36193
17549	6.25417
17550	6.21809
17551	6.25076
17552	6.37883
17553	6.56134
17554	6.70736
17555	6.80915
17556	6.87991
17557	6.87380
17558	6.76608
17559	6.57353
17560	6.32877
17561	6.15055
17562	6.15453
17563	6.18127
17564	5.93566
17565	5.42330
17566	4.90912
17567	4.57089
17568	4.39484
17569	4.26547
17570	4.08064
17571	3.82233
17572	3.54854
17573	3.32366
17574	3.16496
17575	3.05363
17576	2.97487
17577	2.94005
17578	2.95874
17579	3.00567
17580	3.03413
17581	3.01785
17582	2.98497
17583	2.98575
17584	3.03069
17585	3.11134
17586	3.24309
17587	3.41358
17588	3.55526
17589	3.66540
17590	3.83134
17591	4.04643
17592	4.20754
17593	4.32073
17594	4.46258
17595	4.61090
17596	4.70928
17597	4.77110
17598	4.81985
17599	4.83913
17600	4.81931
17601	4.77555
17602	4.67847
17603	4.44266
17604	4.05632
17605	3.63014
17606	3.24981
17607	2.90615
17608	2.59659
17609	2.35593
17610	2.19811
17611	2.11173
17612	2.08549
17613	2.09841
17614	2.11410
17615	2.11065
17616	2.09425
17617	2.08937
17618	2.11161
17619	2.14644
17620	2.17997
17621	2.21914
17622	2.26806
17623	2.31694
17624	2.35223
17625	2.37618
17626	2.40941
17627	2.45470
17628	2.49073
17629	2.52053
17630	2.57127
17631	2.64413
17632	2.72165
17633	2.81044
17634	2.92445
17635	3.04560
17636	3.13543
17637	3.17882
17638	3.20432
17639	3.25079
17640	3.32830
17641	3.42074
17642	3.50675
17643	3.58577
17644	3.66799
17645	3.73225
17646	3.75681
17647	3.77372
17648	3.82795
17649	3.91552
17650	3.99121
17651	4.03305
17652	4.08563
17653	4.18859
17654	4.30248
17655	4.38432
17656	4.45397
17657	4.53205
17658	4.60969
17659	4.68552
17660	4.77060
17661	4.88046
17662	5.03273
17663	5.23882
17664	5.49639
17665	5.78729
17666	6.09392
17667	6.40780
17668	6.71091
17669	6.96501
17670	7.15240
17671	7.34776
17672	7.67890
17673	8.13347
17674	8.48759
17675	8.52826
17676	8.27763
17677	7.93789
17678	7.67230
17679	7.49585
17680	7.35147
17681	7.20667
17682	7.06067
17683	6.91838
17684	6.78076
17685	6.65723
17686	6.55259
17687	6.43836
17688	6.34875
17689	6.42379
17690	6.65220
17691	6.81115
17692	6.77188
17693	6.64207
17694	6.58306
17695	6.61997
17696	6.67439
17697	6.67839
17698	6.61782
17699	6.52324
17700	6.44476
17701	6.41198
17702	6.41621
17703	6.44158
17704	6.48661
17705	6.54199
17706	6.57913
17707	6.57133
17708	6.51257
17709	6.42039
17710	6.32204
17711	6.23678
17712	6.16729
17713	6.10052
17714	6.02590
17715	5.94592
17716	5.87250
17717	5.81575
17718	5.75979
17719	5.67937
17720	5.58054
17721	5.49020
17722	5.42843
17723	5.39776
17724	5.37623
17725	5.33424
17726	5.26165
17727	5.17147
17728	5.09071
17729	5.03357
17730	4.98205
17731	4.91671
17732	4.84126
17733	4.76703
17734	4.70087
17735	4.64502
17736	4.60325
17737	4.57851
17738	4.56430
17739	4.55444
17740	4.54421
17741	4.52017
17742	4.47604
17743	4.42885
17744	4.40196
17745	4.39722
17746	4.40133
17747	4.41152
17748	4.42360
17749	4.42266
17750	4.40258
17751	4.37277
17752	4.35742
17753	4.36801
17754	4.38317
17755	4.39079
17756	4.40110
17757	4.41126
17758	4.41044
17759	4.40152
17760	4.38385
17761	4.34195
17762	4.28106
17763	4.23508
17764	4.21800
17765	4.21492
17766	4.21494
17767	4.21061
17768	4.18980
17769	4.16182
17770	4.15740
17771	4.17754
17772	4.19508
17773	4.20378
17774	4.20992
17775	4.21191
17776	4.21276
17777	4.21282
17778	4.20519
17779	4.19743
17780	4.20199
17781	4.21029
17782	4.20977
17783	4.20469
17784	4.20360
17785	4.20881
17786	4.21502
17787	4.21337
17788	4.20669
17789	4.20531
17790	4.20885
17791	4.21650
17792	4.23537
17793	4.26073
17794	4.27692
17795	4.28046
17796	4.28092
17797	4.28684
17798	4.29920
17799	4.31596
17800	4.33643
17801	4.35438
17802	4.35822
17803	4.34806
17804	4.34150
17805	4.35291
17806	4.37787
17807	4.40400
17808	4.42129
17809	4.42487
17810	4.42184
17811	4.42352
17812	4.42696
17813	4.42542
17814	4.43291
17815	4.46300
17816	4.50163
17817	4.53414
17818	4.56915
17819	4.61745
17820	4.67042
17821	4.70987
17822	4.73114
17823	4.74499
17824	4.76064
17825	4.77901
17826	4.79863
17827	4.81693
17828	4.82943
17829	4.83738
17830	4.84667
17831	4.85524
17832	4.86007
17833	4.86925
17834	4.88693
17835	4.90376
17836	4.91327
17837	4.91830
17838	4.91962
17839	4.91566
17840	4.90996
17841	4.90633
17842	4.90552
17843	4.91045
17844	4.92229