1	
2	
3	0.00572
4	0.00342
5	0.00237
6	0.00310
7	0.00316
8	0.00227
9	0.00257
10	0.00437
11	0.00624
12	0.00688
13	0.00511
14	0.00219
15	0.00133
16	0.00273
17	0.00390
18	0.00302
19	0.00111
20	-0.00008
21	0.00041
22	0.00134
23	0.00093
24	-0.00027
25	-0.00096
26	-0.00174
27	-0.00132
28	-0.00051
29	0.00016
30	-0.00054
31	-0.00252
32	-0.00398
33	-0.00418
34	-0.00375
35	-0.00202
36	0.00111
37	0.00317
38	0.00220
39	-0.00130
40	-0.00351
41	-0.00448
42	-0.00384
43	-0.00305
44	-0.00267
45	-0.00116
46	0.00062
47	0.00027
48	-0.00086
49	-0.00003
50	0.00188
51	0.00186
52	-0.00079
53	-0.00392
54	-0.00523
55	-0.00460
56	-0.00354
57	-0.00152
58	0.00098
59	0.00133
60	-0.00109
61	-0.00385
62	-0.00429
63	-0.00249
64	-0.00010
65	0.00131
66	0.00085
67	-0.00020
68	-0.00013
69	0.00122
70	0.00207
71	0.00220
72	0.00228
73	0.00182
74	0.00068
75	-0.00068
76	-0.00144
77	-0.00111
78	-0.00062
79	-0.00081
80	-0.00058
81	0.00063
82	0.00149
83	0.00104
84	0.00054
85	0.00095
86	0.00066
87	-0.00084
88	-0.00117
89	0.00050
90	0.00206
91	0.00218
92	0.00110
93	0.00017
94	0.00010
95	-0.00013
96	-0.00068
97	-0.00029
98	0.00092
99	0.00182
100	0.00228
101	0.00256
102	0.00144
103	-0.00113
104	-0.00288
105	-0.00279
106	-0.00172
107	-0.00124
108	-0.00157
109	-0.00144
110	0.00013
111	0.00167
112	0.00113
113	-0.00116
114	-0.00265
115	-0.00173
116	0.00008
117	0.00041
118	0.00023
119	0.00125
120	0.00245
121	0.00271
122	0.00230
123	0.00114
124	-0.00051
125	-0.00143
126	-0.00040
127	0.00229
128	0.00493
129	0.00470
130	0.00181
131	-0.00046
132	-0.00118
133	-0.00069
134	0.00003
135	-0.00000
136	-0.00019
137	0.00021
138	0.00017
139	-0.00035
140	-0.00025
141	0.00030
142	0.00104
143	0.00129
144	-0.00015
145	-0.00163
146	-0.00096
147	-0.00001
148	0.00015
149	0.00140
150	0.00324
151	0.00364
152	0.00286
153	0.00201
154	0.00136
155	0.00068
156	0.00012
157	-0.00071
158	-0.00258
159	-0.00352
160	-0.00287
161	-0.00047
162	0.00165
163	0.00330
164	0.00408
165	0.00262
166	0.00001
167	-0.00158
168	-0.00036
169	0.00229
170	0.00367
171	0.00355
172	0.00298
173	0.00206
174	0.00132
175	0.00158
176	0.00240
177	0.00186
178	0.00027
179	0.00029
180	0.00162
181	0.00137
182	0.00082
183	0.00289
184	0.00534
185	0.00554
186	0.00532
187	0.00754
188	0.00918
189	0.00816
190	0.00614
191	0.00430
192	0.00183
193	0.00092
194	0.00188
195	0.00331
196	0.00375
197	0.00408
198	0.00402
199	0.00163
200	-0.00274
201	-0.00658
202	-0.00877
203	-0.01011
204	-0.00939
205	-0.00537
206	-0.00081
207	-0.00077
208	-0.00747
209	-0.01853
210	-0.02300
211	-0.01553
212	0.00224
213	0.01781
214	0.02325
215	0.02318
216	0.02013
217	0.01610
218	0.01234
219	0.00941
220	0.00681
221	0.00459
222	0.00258
223	0.00128
224	0.00272
225	0.00691
226	0.00967
227	0.00848
228	0.00534
229	0.00353
230	0.00632
231	0.01200
232	0.01456
233	0.01082
234	0.00414
235	-0.00084
236	-0.00514
237	-0.01004
238	-0.01043
239	-0.00194
240	0.00726
241	0.00702
242	-0.00023
243	-0.00606
244	-0.00838
245	-0.01166
246	-0.01542
247	-0.01454
248	-0.01304
249	-0.01595
250	-0.01898
251	-0.01558
252	-0.00841
253	-0.00441
254	-0.00609
255	-0.01175
256	-0.01513
257	-0.01162
258	-0.00682
259	-0.00798
260	-0.01021
261	-0.00717
262	-0.00258
263	-0.00215
264	-0.00455
265	-0.00603
266	-0.00612
267	-0.00623
268	-0.00682
269	-0.00811
270	-0.00886
271	-0.00746
272	-0.00659
273	-0.00957
274	-0.01223
275	-0.00958
276	-0.00331
277	0.00205
278	0.00460
279	0.00400
280	0.00234
281	0.00222
282	0.00353
283	0.00488
284	0.00647
285	0.00811
286	0.00818
287	0.00786
288	0.00777
289	0.00566
290	-0.00012
291	-0.00560
292	-0.00600
293	-0.00320
294	-0.00205
295	-0.00324
296	-0.00352
297	-0.00104
298	0.00383
299	0.00895
300	0.01047
301	0.00892
302	0.00775
303	0.00720
304	0.00498
305	0.00167
306	-0.00090
307	-0.00185
308	0.00010
309	0.00443
310	0.00721
311	0.00639
312	0.00368
313	0.00345
314	0.00534
315	0.00645
316	0.00587
317	0.00487
318	0.00197
319	-0.00087
320	-0.00203
321	-0.00233
322	-0.00192
323	-0.00115
324	-0.00054
325	0.00008
326	0.00156
327	0.00308
328	0.00240
329	0.00032
330	0.00022
331	0.00117
332	0.00046
333	-0.00167
334	-0.00271
335	-0.00456
336	-0.00647
337	-0.00480
338	-0.00041
339	0.00139
340	0.00094
341	0.00164
342	0.00212
343	-0.00051
344	-0.00347
345	-0.00198
346	-0.00053
347	-0.00177
348	-0.00286
349	-0.00343
350	-0.00846
351	-0.01666
352	-0.01805
353	-0.00823
354	0.00038
355	-0.00065
356	-0.00356
357	-0.00504
358	-0.00257
359	0.00089
360	0.00134
361	-0.00063
362	-0.00216
363	-0.00220
364	-0.00122
365	-0.00099
366	-0.00156
367	-0.00146
368	-0.00003
369	0.00240
370	0.00596
371	0.00694
372	0.00457
373	0.00240
374	0.00316
375	0.00606
376	0.00797
377	0.00577
378	0.00073
379	-0.00271
380	-0.00114
381	0.00240
382	0.00269
383	-0.00041
384	-0.00266
385	-0.00279
386	-0.00074
387	-0.00087
388	-0.00242
389	-0.00287
390	-0.00143
391	-0.00076
392	-0.00024
393	0.00350
394	0.00682
395	0.00412
396	-0.00112
397	-0.00119
398	0.00355
399	0.00604
400	0.00363
401	0.00089
402	0.00091
403	0.00162
404	0.00117
405	0.00085
406	0.00230
407	0.00455
408	0.00485
409	0.00317
410	0.00203
411	0.00244
412	0.00270
413	0.00260
414	0.00257
415	0.00158
416	-0.00014
417	-0.00075
418	-0.00031
419	-0.00005
420	-0.00007
421	-0.00012
422	0.00023
423	0.00206
424	0.00479
425	0.00569
426	0.00409
427	0.00223
428	0.00137
429	0.00007
430	-0.00251
431	-0.00345
432	-0.00130
433	0.00090
434	0.00172
435	0.00276
436	0.00343
437	0.00287
438	0.00196
439	0.00156
440	0.00141
441	0.00059
442	-0.00102
443	-0.00218
444	-0.00219
445	-0.00096
446	0.00134
447	0.00334
448	0.00382
449	0.00298
450	0.00193
451	0.00075
452	0.00083
453	0.00341
454	0.00523
455	0.00360
456	0.00063
457	0.00004
458	0.00054
459	-0.00030
460	-0.00070
461	0.00134
462	0.00334
463	0.00343
464	0.00264
465	0.00222
466	0.00202
467	0.00144
468	0.00042
469	-0.00040
470	-0.00058
471	-0.00011
472	0.00054
473	0.00078
474	0.00098
475	0.00117
476	-0.00003
477	-0.00222
478	-0.00188
479	0.00207
480	0.00559
481	0.00678
482	0.00575
483	0.00288
484	-0.00170
485	-0.00556
486	-0.00691
487	-0.00241
488	0.00277
489	0.00552
490	0.00566
491	0.00546
492	0.00462
493	0.00502
494	0.00737
495	0.00455
496	-0.00394
497	-0.01083
498	-0.01141
499	-0.00932
500	-0.00667
501	-0.00414
502	-0.00164
503	0.00136
504	0.00395
505	0.00404
506	0.00240
507	0.00222
508	0.00370
509	0.00588
510	0.00853
511	0.01033
512	0.00884
513	0.00640
514	0.00324
515	0.00055
516	0.00101
517	0.00590
518	0.01150
519	0.01389
520	0.01159
521	0.00859
522	0.00809
523	0.00930
524	0.01294
525	0.02160
526	0.02710
527	0.03180
528	0.03277
529	0.03253
530	0.03637
531	0.03820
532	0.04469
533	0.04720
534	0.04690
535	0.04682
536	0.04382
537	0.03244
538	0.02834
539	0.03293
540	0.03561
541	0.04020
542	0.03541
543	0.02533
544	0.02489
545	0.05116
546	0.08208
547	0.08782
548	0.06240
549	0.03602
550	0.03910
551	0.06305
552	0.07267
553	0.06121
554	0.03269
555	0.00427
556	-0.02404
557	-0.04762
558	-0.07225
559	-0.10839
560	-0.16591
561	-0.23705
562	-0.26509
563	-0.23915
564	-0.20616
565	-0.20970
566	-0.21531
567	-0.16397
568	-0.08623
569	-0.00773
570	0.03061
571	0.03722
572	0.03949
573	0.04828
574	0.07182
575	0.10245
576	0.13112
577	0.13899
578	0.12228
579	0.07791
580	0.04617
581	0.08169
582	0.13128
583	0.11636
584	0.04612
585	-0.03069
586	-0.07907
587	-0.12045
588	-0.18325
589	-0.18617
590	-0.16626
591	-0.10030
592	-0.05037
593	-0.06759
594	-0.08245
595	-0.05186
596	-0.01560
597	-0.01038
598	-0.01804
599	-0.02351
600	-0.02825
601	-0.04680
602	-0.02886
603	-0.00553
604	-0.00686
605	0.00012
606	-0.00022
607	0.00057
608	-0.00022
609	-0.00099
610	0.00023
611	0.00058
612	0.00036
613	0.00052
614	0.00049
615	0.00014
616	0.00017
617	0.00033
618	0.00054
619	0.00068
620	0.00026
621	-0.00064
622	-0.00045
623	0.00048
624	0.00107
625	0.00170
626	0.00213
627	0.00195
628	0.00167
629	0.00165
630	0.00138
631	0.00066
632	-0.00016
633	-0.00245
634	-0.00476
635	-0.00365
636	-0.00124
637	-0.00013
638	0.00015
639	0.00039
640	-0.00006
641	-0.00026
642	0.00091
643	0.04431
644	0.00025
645	0.05836
646	0.12906
647	0.08768
648	-0.00883
649	0.01404
650	0.31185
651	0.34518
652	0.09174
653	0.12270
654	0.06798
655	0.04357
656	0.08385
657	0.15235
658	0.24256
659	0.21833
660	0.10659
661	0.05074
662	0.03617
663	0.07346
664	0.12282
665	0.09100
666	0.01727
667	-0.02661
668	-0.04300
669	-0.07536
670	-0.12161
671	-0.09515
672	-0.12477
673	-0.15807
674	-0.13910
675	-0.15847
676	-0.17696
677	-0.19349
678	-0.16665
679	-0.14912
680	-0.20085
681	-0.19929
682	-0.12486
683	-0.10643
684	-0.10506
685	-0.07353
686	-0.05274
687	-0.00613
688	0.05119
689	0.08028
690	0.11242
691	0.15168
692	0.14813
693	0.13758
694	0.13945
695	0.10275
696	0.04840
697	0.03121
698	0.03440
699	0.03082
700	0.04578
701	0.10048
702	0.15969
703	0.17626
704	0.13696
705	0.07227
706	-0.02891
707	-0.16888
708	-0.32448
709	-0.46953
710	-0.45383
711	-0.22913
712	0.04322
713	0.08318
714	0.03710
715	-0.02084
716	-0.01373
717	-0.06013
718	-0.09102
719	-0.01683
720	0.04735
721	-0.00047
722	0.00111
723	0.00256
724	-0.00286
725	-0.00679
726	-0.00045
727	0.00801
728	0.01212
729	0.01035
730	0.00463
731	0.00101
732	0.00005
733	-0.00041
734	-0.00052
735	0.00066
736	0.00304
737	0.00450
738	0.00426
739	0.00457
740	0.00665
741	0.00831
742	0.00822
743	0.00703
744	0.00532
745	0.00340
746	0.00156
747	0.00028
748	-0.00002
749	0.00085
750	0.00533
751	0.01396
752	0.01663
753	0.00747
754	0.00001
755	0.00679
756	0.01748
757	0.01320
758	0.00178
759	0.00072
760	0.00165
761	0.00015
762	0.00139
763	-0.00882
764	0.02488
765	0.05170
766	-0.01920
767	-0.00483
768	0.01084
769	0.65661
770	0.46949
771	0.18455
772	0.22335
773	0.17142
774	0.28239
775	0.16154
776	0.03592
777	0.02040
778	0.02958
779	0.03392
780	0.03886
781	0.03369
782	0.01802
783	0.03125
784	0.06346
785	0.05985
786	0.01350
787	-0.04182
788	-0.07465
789	-0.10514
790	-0.05570
791	-0.01174
792	-0.02915
793	-0.10645
794	-0.16968
795	-0.22947
796	-0.28748
797	-0.28856
798	-0.23650
799	-0.24297
800	-0.18449
801	-0.10981
802	-0.09744
803	-0.09700
804	-0.10431
805	-0.12972
806	-0.17776
807	-0.17768
808	-0.16659
809	-0.21603
810	-0.25320
811	-0.12188
812	0.05345
813	0.12597
814	0.12144
815	0.08228
816	0.05441
817	0.01725
818	-0.02193
819	-0.05346
820	-0.05604
821	-0.02860
822	0.00999
823	-0.02028
824	-0.06433
825	-0.06310
826	-0.04403
827	0.05307
828	-0.08878
829	-0.20412
830	0.00199
831	-0.00051
832	-0.00623
833	-0.00751
834	0.00171
835	0.00829
836	0.00687
837	0.00456
838	0.00178
839	-0.00157
840	-0.00346
841	-0.00409
842	-0.00324
843	-0.00035
844	0.00426
845	0.00670
846	0.00558
847	0.00387
848	0.00264
849	0.00214
850	0.00232
851	0.00181
852	0.00068
853	-0.00004
854	-0.00006
855	0.00053
856	0.00002
857	-0.00691
858	-0.01725
859	-0.01749
860	-0.00704
861	0.00068
862	0.00061
863	0.00010
864	-0.00002
865	-0.00075
866	-0.00012
867	0.00111
868	-0.00071
869	-0.00041
870	0.00040
871	0.02592
872	0.06732
873	0.17102
874	0.01934
875	-0.06558
876	0.19167
877	0.46062
878	0.10487
879	-0.00079
880	0.00716
881	0.01689
882	-0.00618
883	-0.02449
884	-0.00369
885	0.04902
886	0.04636
887	0.11192
888	0.12243
889	0.09745
890	0.10855
891	0.13871
892	0.08735
893	0.02661
894	0.01473
895	0.02576
896	0.01996
897	0.01891
898	0.02706
899	0.02755
900	0.01345
901	-0.01832
902	-0.06016
903	-0.08697
904	-0.09529
905	-0.13068
906	-0.11198
907	-0.10115
908	-0.13016
909	-0.23558
910	-0.23278
911	-0.14264
912	-0.13527
913	-0.18487
914	-0.19421
915	-0.10429
916	-0.07432
917	-0.05237
918	-0.01319
919	-0.03136
920	-0.13272
921	-0.26538
922	-0.34711
923	-0.39339
924	-0.38481
925	-0.26862
926	-0.18604
927	-0.12474
928	-0.07124
929	-0.02387
930	0.00824
931	0.00161
932	-0.00711
933	-0.02261
934	-0.00777
935	0.01989
936	-0.04432
937	-0.00098
938	-0.00747
939	-0.01101
940	-0.00312
941	0.00340
942	0.00543
943	0.00796
944	0.00964
945	0.00752
946	0.00287
947	-0.00029
948	-0.00136
949	-0.00203
950	-0.00220
951	0.00003
952	0.00322
953	0.00481
954	0.00547
955	0.00561
956	0.00498
957	0.00308
958	0.00030
959	-0.00150
960	-0.00183
961	-0.00076
962	0.00053
963	-0.00521
964	-0.01672
965	-0.01464
966	-0.00065
967	0.00071
968	-0.00225
969	0.02062
970	0.03541
971	0.01191
972	-0.00173
973	0.00171
974	0.00064
975	-0.00001
976	-0.00179
977	-0.07461
978	0.10066
979	0.34456
980	0.12318
981	-0.14283
982	0.22255
983	0.61798
984	0.22805
985	0.01011
986	-0.03889
987	-0.17397
988	-0.36139
989	-0.30287
990	-0.22798
991	-0.02530
992	0.03795
993	0.27799
994	0.38095
995	0.26418
996	0.13508
997	-0.01114
998	-0.17960
999	-0.30176
1000	-0.29724
1001	-0.20493
1002	-0.07400
1003	-0.01618
1004	-0.00701
1005	-0.09028
1006	-0.19103
1007	-0.17170
1008	-0.13223
1009	0.04332
1010	0.17189
1011	0.21274
1012	0.18235
1013	0.06665
1014	-0.00237
1015	0.04410
1016	0.12163
1017	0.05258
1018	-0.08173
1019	-0.13706
1020	-0.09290
1021	-0.02764
1022	0.00344
1023	0.03540
1024	0.04679
1025	-0.01016
1026	-0.13228
1027	-0.30255
1028	-0.40054
1029	-0.37293
1030	-0.34653
1031	-0.22492
1032	-0.14781
1033	-0.09798
1034	-0.08577
1035	-0.08668
1036	-0.06003
1037	0.01563
1038	0.02967
1039	-0.08033
1040	0.00023
1041	-0.00099
1042	-0.00782
1043	-0.01317
1044	-0.00607
1045	0.00335
1046	0.00812
1047	0.01177
1048	0.01317
1049	0.00987
1050	0.00455
1051	0.00037
1052	-0.00251
1053	-0.00377
1054	-0.00192
1055	0.00166
1056	0.00448
1057	0.00798
1058	0.01245
1059	0.01480
1060	0.01371
1061	0.01026
1062	0.00528
1063	-0.00071
1064	-0.00446
1065	-0.00328
1066	-0.00013
1067	0.00125
1068	-0.00204
1069	-0.00383
1070	-0.00282
1071	0.00384
1072	0.01503
1073	0.00585
1074	-0.00093
1075	0.00531
1076	0.00121
1077	0.00213
1078	-0.02730
1079	0.09263
1080	0.13954
1081	0.04814
1082	0.11083
1083	0.05947
1084	0.63422
1085	0.37893
1086	0.02567
1087	0.07391
1088	0.19721
1089	0.10334
1090	0.06726
1091	0.08096
1092	0.04085
1093	-0.00608
1094	-0.00795
1095	0.03719
1096	0.07005
1097	0.08283
1098	0.03895
1099	-0.03396
1100	-0.05208
1101	-0.08229
1102	-0.07095
1103	-0.04217
1104	-0.03200
1105	-0.00566
1106	0.02471
1107	0.03307
1108	0.01719
1109	-0.03325
1110	-0.09497
1111	-0.13928
1112	-0.11294
1113	-0.00485
1114	0.04484
1115	-0.00713
1116	-0.09931
1117	-0.14054
1118	-0.15895
1119	-0.16822
1120	-0.22888
1121	-0.21883
1122	-0.18707
1123	-0.26662
1124	-0.22924
1125	-0.21919
1126	-0.29342
1127	-0.37939
1128	-0.48056
1129	-0.49206
1130	-0.48956
1131	-0.45194
1132	-0.28167
1133	-0.12942
1134	-0.05907
1135	-0.03474
1136	-0.02738
1137	-0.03159
1138	-0.04851
1139	-0.10568
1140	-0.06147
1141	0.03870
1142	-0.07733
1143	-0.10311
1144	0.00253
1145	0.00746
1146	-0.00706
1147	-0.02050
1148	-0.00807
1149	0.01426
1150	0.02302
1151	0.01783
1152	0.01220
1153	0.00796
1154	0.00220
1155	-0.00450
1156	-0.00865
1157	-0.00780
1158	-0.00186
1159	0.00672
1160	0.01393
1161	0.01725
1162	0.01883
1163	0.02042
1164	0.01804
1165	0.01009
1166	0.00148
1167	-0.00360
1168	-0.00347
1169	0.00041
1170	0.00157
1171	-0.00069
1172	-0.00012
1173	-0.00062
1174	0.00533
1175	0.01330
1176	0.00663
1177	-0.00002
1178	0.00214
1179	0.00969
1180	0.01090
1181	0.01826
1182	-0.05144
1183	-0.16524
1184	-0.04679
1185	-0.17022
1186	0.99654
1187	0.79387
1188	-0.01069
1189	-0.03574
1190	0.35845
1191	0.14320
1192	0.01596
1193	-0.05122
1194	-0.13264
1195	-0.07611
1196	-0.08001
1197	-0.08250
1198	-0.02724
1199	-0.02770
1200	-0.04289
1201	-0.02909
1202	-0.00646
1203	-0.00930
1204	-0.06032
1205	-0.11490
1206	-0.08225
1207	-0.05105
1208	-0.02681
1209	-0.02716
1210	-0.04148
1211	-0.05988
1212	-0.09741
1213	-0.11280
1214	-0.08542
1215	-0.10076
1216	-0.09660
1217	-0.06918
1218	-0.08928
1219	-0.17367
1220	-0.18788
1221	-0.17396
1222	-0.18838
1223	-0.21964
1224	-0.15704
1225	-0.07724
1226	-0.03974
1227	-0.00370
1228	-0.00839
1229	-0.04883
1230	-0.09782
1231	-0.10762
1232	-0.06763
1233	-0.02437
1234	-0.00665
1235	-0.01936
1236	-0.01912
1237	-0.00077
1238	-0.00346
1239	-0.03395
1240	-0.06122
1241	-0.05794
1242	-0.03098
1243	-0.02754
1244	-0.02378
1245	-0.01755
1246	-0.03933
1247	0.00852
1248	0.01084
1249	-0.00890
1250	-0.01702
1251	-0.00721
1252	0.00920
1253	0.02371
1254	0.02490
1255	0.01382
1256	0.00393
1257	0.00021
1258	-0.00204
1259	-0.00561
1260	-0.00680
1261	-0.00213
1262	0.00688
1263	0.01605
1264	0.02246
1265	0.02259
1266	0.01619
1267	0.00891
1268	0.00252
1269	-0.00292
1270	-0.00437
1271	-0.00104
1272	-0.00085
1273	-0.00623
1274	-0.00218
1275	0.00411
1276	-0.00064
1277	0.00419
1278	0.00845
1279	0.00193
1280	-0.00043
1281	0.00327
1282	0.00315
1283	0.00483
1284	0.00902
1285	-0.01423
1286	-0.02846
1287	-0.03247
1288	0.00432
1289	0.12665
1290	0.92362
1291	0.60939
1292	0.08197
1293	-0.07631
1294	0.30237
1295	0.24194
1296	0.03661
1297	-0.01555
1298	-0.01558
1299	-0.00705
1300	0.00725
1301	0.03342
1302	0.04400
1303	0.09990
1304	0.10076
1305	0.03728
1306	-0.05613
1307	-0.16985
1308	-0.31306
1309	-0.27266
1310	-0.31679
1311	-0.34273
1312	-0.16528
1313	-0.10652
1314	-0.16466
1315	-0.18714
1316	-0.18077
1317	-0.19732
1318	-0.22805
1319	-0.18844
1320	-0.05360
1321	0.05283
1322	0.10771
1323	0.03386
1324	-0.10072
1325	-0.22496
1326	-0.25801
1327	-0.12573
1328	0.05969
1329	0.16009
1330	0.16021
1331	0.20490
1332	0.19628
1333	0.07030
1334	-0.13892
1335	-0.32028
1336	-0.38608
1337	-0.36822
1338	-0.31430
1339	-0.23213
1340	-0.11999
1341	-0.05010
1342	-0.05552
1343	-0.07202
1344	-0.06110
1345	-0.04145
1346	-0.10616
1347	-0.10178
1348	0.01782
1349	0.01788
1350	-0.03740
1351	0.00287
1352	0.00732
1353	-0.00888
1354	-0.01731
1355	0.00011
1356	0.01778
1357	0.02091
1358	0.01497
1359	0.00915
1360	0.00441
1361	-0.00030
1362	-0.00365
1363	-0.00469
1364	-0.00314
1365	0.00001
1366	0.00329
1367	0.00815
1368	0.01496
1369	0.01978
1370	0.01926
1371	0.01454
1372	0.00691
1373	-0.00256
1374	-0.00930
1375	-0.00812
1376	-0.00073
1377	0.00158
1378	-0.00626
1379	-0.00773
1380	-0.00283
1381	0.00251
1382	0.00953
1383	0.00651
1384	-0.00081
1385	0.00004
1386	0.00425
1387	0.01191
1388	-0.06835
1389	-0.01635
1390	-0.07542
1391	-0.17973
1392	-0.00916
1393	0.12401
1394	1.07002
1395	0.47865
1396	0.00116
1397	0.07557
1398	0.29402
1399	0.21979
1400	0.19915
1401	0.23072
1402	0.21499
1403	0.15074
1404	0.08525
1405	0.10252
1406	0.15570
1407	0.15971
1408	0.11531
1409	0.04644
1410	0.02867
1411	0.04600
1412	0.03790
1413	-0.00239
1414	-0.04989
1415	-0.07215
1416	-0.09261
1417	-0.11381
1418	-0.05216
1419	-0.01991
1420	-0.04340
1421	-0.09147
1422	-0.11504
1423	-0.11512
1424	-0.15893
1425	-0.14046
1426	-0.08229
1427	-0.10374
1428	-0.17680
1429	-0.19425
1430	-0.14755
1431	-0.14303
1432	-0.16838
1433	-0.10437
1434	-0.04845
1435	-0.08777
1436	-0.23226
1437	-0.38851
1438	-0.56967
1439	-0.72330
1440	-0.69958
1441	-0.54655
1442	-0.43039
1443	-0.29866
1444	-0.15080
1445	-0.09757
1446	-0.04797
1447	0.05741
1448	0.03873
1449	-0.02157
1450	-0.08618
1451	-0.04660
1452	-0.05102
1453	-0.14351
1454	-0.12997
1455	0.00212
1456	0.01340
1457	0.00238
1458	-0.02063
1459	-0.01788
1460	0.01074
1461	0.03462
1462	0.03352
1463	0.01825
1464	0.00404
1465	-0.00500
1466	-0.00872
1467	-0.00685
1468	-0.00087
1469	0.00574
1470	0.01295
1471	0.02038
1472	0.02327
1473	0.02042
1474	0.01471
1475	0.00669
1476	-0.00339
1477	-0.00890
1478	-0.00338
1479	-0.00005
1480	-0.01665
1481	-0.02645
1482	-0.01091
1483	0.00079
1484	0.00727
1485	0.00853
1486	0.00073
1487	-0.00229
1488	0.00435
1489	0.00669
1490	0.00999
1491	0.00116
1492	0.01797
1493	-0.13313
1494	-0.15662
1495	-0.02356
1496	0.16468
1497	0.88895
1498	0.66139
1499	0.09096
1500	-0.02390
1501	0.09226
1502	-0.06320
1503	-0.10877
1504	-0.13301
1505	-0.14627
1506	-0.10441
1507	-0.06878
1508	0.00497
1509	0.02937
1510	-0.02677
1511	-0.07474
1512	-0.05284
1513	-0.02144
1514	-0.02484
1515	-0.05612
1516	-0.09464
1517	-0.08553
1518	-0.04752
1519	-0.00830
1520	0.02258
1521	0.01514
1522	-0.03742
1523	-0.09393
1524	-0.14310
1525	-0.11014
1526	-0.03945
1527	-0.01966
1528	-0.03366
1529	-0.03936
1530	-0.08061
1531	-0.19828
1532	-0.28890
1533	-0.24014
1534	-0.19700
1535	-0.23477
1536	-0.22861
1537	-0.20435
1538	-0.16574
1539	-0.05127
1540	0.02109
1541	0.00086
1542	-0.07504
1543	-0.12355
1544	-0.10685
1545	-0.04257
1546	0.03187
1547	0.08624
1548	0.11240
1549	0.09410
1550	0.03017
1551	-0.01271
1552	-0.00876
1553	0.00509
1554	-0.00190
1555	0.01345
1556	-0.09237
1557	-0.00218
1558	0.00688
1559	0.00143
1560	-0.01015
1561	-0.00783
1562	-0.00276
1563	0.00347
1564	0.01377
1565	0.02442
1566	0.02502
1567	0.01397
1568	0.00440
1569	0.00075
1570	-0.00117
1571	-0.00117
1572	0.00059
1573	0.00272
1574	0.00583
1575	0.00925
1576	0.01111
1577	0.01120
1578	0.00914
1579	0.00400
1580	-0.00073
1581	-0.00217
1582	-0.00130
1583	0.00000
1584	-0.00274
1585	-0.01253
1586	-0.01640
1587	-0.00594
1588	0.00041
1589	0.00728
1590	0.01288
1591	0.00454
1592	0.00001
1593	0.00255
1594	-0.00229
1595	-0.00212
1596	-0.00094
1597	-0.01298
1598	0.04354
1599	-0.19105
1600	-0.04822
1601	-0.13236
1602	0.43785
1603	0.83798
1604	0.19019
1605	0.10304
1606	0.26903
1607	0.24704
1608	0.13402
1609	0.11145
1610	0.08640
1611	0.01234
1612	-0.00702
1613	0.00495
1614	0.02008
1615	-0.00573
1616	-0.06603
1617	-0.13269
1618	-0.12442
1619	-0.18369
1620	-0.18901
1621	-0.12041
1622	-0.03136
1623	0.04104
1624	0.09005
1625	0.05392
1626	0.02033
1627	-0.02965
1628	-0.07920
1629	-0.08868
1630	-0.08523
1631	-0.06769
1632	-0.05282
1633	-0.05320
1634	-0.05435
1635	-0.05095
1636	-0.03031
1637	-0.08048
1638	-0.24728
1639	-0.26121
1640	-0.14753
1641	-0.04393
1642	-0.03471
1643	-0.12432
1644	-0.26383
1645	-0.43250
1646	-0.53068
1647	-0.57761
1648	-0.56577
1649	-0.53207
1650	-0.39520
1651	-0.20877
1652	-0.05271
1653	0.02646
1654	0.00958
1655	-0.02380
1656	-0.02965
1657	-0.07220
1658	-0.06636
1659	0.01367
1660	-0.06151
1661	0.00045
1662	0.00208
1663	0.00312
1664	-0.00993
1665	-0.01467
1666	0.00230
1667	0.02446
1668	0.03093
1669	0.01850
1670	0.00474
1671	-0.00234
1672	-0.00575
1673	-0.00654
1674	-0.00554
1675	-0.00259
1676	0.00280
1677	0.00891
1678	0.01651
1679	0.02513
1680	0.02926
1681	0.02661
1682	0.01997
1683	0.01094
1684	0.00089
1685	-0.00399
1686	-0.00107
1687	-0.00026
1688	-0.00626
1689	-0.00680
1690	-0.00320
1691	0.00152
1692	0.01586
1693	0.01684
1694	0.00405
1695	-0.00012
1696	0.00194
1697	0.00612
1698	0.06091
1699	-0.00491
1700	-0.20574
1701	-0.10625
1702	-0.03364
1703	0.20560
1704	1.18370
1705	0.75085
1706	-0.02200
1707	0.00192
1708	0.29817
1709	0.12765
1710	0.01053
1711	0.03113
1712	0.11275
1713	0.07029
1714	0.05259
1715	0.04770
1716	0.04866
1717	0.03265
1718	0.03517
1719	0.08415
1720	0.08646
1721	0.07861
1722	0.07912
1723	0.06484
1724	-0.02249
1725	-0.09258
1726	-0.10018
1727	-0.08272
1728	-0.02548
1729	-0.01669
1730	-0.03641
1731	-0.05220
1732	-0.06000
1733	-0.05444
1734	-0.02180
1735	-0.01078
1736	-0.02495
1737	-0.02320
1738	-0.00844
1739	-0.05345
1740	-0.14367
1741	-0.26223
1742	-0.31025
1743	-0.30970
1744	-0.26249
1745	-0.12514
1746	-0.00316
1747	-0.02149
1748	-0.18333
1749	-0.37048
1750	-0.44313
1751	-0.46568
1752	-0.40896
1753	-0.25631
1754	-0.07618
1755	-0.02710
1756	-0.11362
1757	-0.18824
1758	-0.10441
1759	-0.05103
1760	-0.03042
1761	-0.01321
1762	-0.00620
1763	-0.03216
1764	-0.00091
1765	-0.00952
1766	-0.01837
1767	-0.01001
1768	0.00455
1769	0.01246
1770	0.01625
1771	0.01952
1772	0.01899
1773	0.01111
1774	0.00126
1775	-0.00451
1776	-0.00522
1777	-0.00355
1778	-0.00113
1779	0.00239
1780	0.00572
1781	0.00828
1782	0.01096
1783	0.01224
1784	0.01169
1785	0.00966
1786	0.00568
1787	0.00053
1788	-0.00279
1789	-0.00210
1790	-0.00009
1791	-0.00133
1792	-0.00822
1793	-0.01150
1794	-0.00545
1795	-0.00125
1796	0.01199
1797	0.02366
1798	0.00752
1799	0.00048
1800	0.00474
1801	0.00299
1802	0.00057
1803	-0.01272
1804	-0.01511
1805	-0.35128
1806	-0.02474
1807	-0.25138
1808	0.84155
1809	1.00306
1810	0.18099
1811	0.13713
1812	0.31569
1813	0.25244
1814	0.13939
1815	0.13873
1816	0.15458
1817	0.08014
1818	0.07843
1819	0.21066
1820	0.27879
1821	0.18534
1822	0.13461
1823	0.05371
1824	-0.03367
1825	-0.09432
1826	-0.10660
1827	-0.11883
1828	-0.13870
1829	-0.10795
1830	-0.07474
1831	0.01248
1832	0.00570
1833	-0.05592
1834	-0.13034
1835	-0.16307
1836	-0.16504
1837	-0.11235
1838	-0.03663
1839	-0.03969
1840	-0.12045
1841	-0.21455
1842	-0.22533
1843	-0.12126
1844	-0.18434
1845	-0.31197
1846	-0.18858
1847	-0.03775
1848	0.03047
1849	-0.00416
1850	-0.10445
1851	-0.27856
1852	-0.49695
1853	-0.56984
1854	-0.50954
1855	-0.46019
1856	-0.43140
1857	-0.32892
1858	-0.17434
1859	-0.09443
1860	0.00260
1861	0.00333
1862	-0.04746
1863	-0.06154
1864	-0.10976
1865	-0.04605
1866	0.00723
1867	0.00137
1868	-0.00078
1869	-0.00704
1870	-0.01920
1871	-0.01795
1872	0.00924
1873	0.04185
1874	0.05292
1875	0.03603
1876	0.00954
1877	-0.00657
1878	-0.00816
1879	-0.00228
1880	0.00419
1881	0.00937
1882	0.01285
1883	0.01432
1884	0.01540
1885	0.01707
1886	0.01763
1887	0.01734
1888	0.01628
1889	0.01284
1890	0.00754
1891	0.00231
1892	-0.00002
1893	0.00222
1894	0.00675
1895	0.01303
1896	0.01094
1897	-0.00314
1898	0.00675
1899	0.01751
1900	0.00469
1901	0.00078
1902	0.00685
1903	0.01143
1904	0.01465
1905	0.00280
1906	0.00941
1907	-0.07209
1908	-0.00077
1909	-0.17068
1910	0.67808
1911	0.98258
1912	0.14484
1913	0.02156
1914	0.20439
1915	0.30731
1916	0.08124
1917	0.02051
1918	0.07672
1919	0.04841
1920	0.00057
1921	0.06342
1922	0.23433
1923	0.26708
1924	0.23248
1925	0.12319
1926	0.04094
1927	0.04710
1928	0.08905
1929	0.07620
1930	0.00331
1931	-0.02267
1932	-0.00052
1933	0.03866
1934	0.02463
1935	-0.03263
1936	-0.09812
1937	-0.15510
1938	-0.19690
1939	-0.22212
1940	-0.29948
1941	-0.21045
1942	-0.16070
1943	-0.25822
1944	-0.32066
1945	-0.25190
1946	-0.21243
1947	-0.27638
1948	-0.32224
1949	-0.23962
1950	-0.15076
1951	-0.06104
1952	-0.01560
1953	-0.07847
1954	-0.22836
1955	-0.42191
1956	-0.42195
1957	-0.38015
1958	-0.34310
1959	-0.18422
1960	0.00219
1961	0.04352
1962	0.01340
1963	-0.04770
1964	-0.06497
1965	-0.04001
1966	-0.05350
1967	-0.03850
1968	0.02949
1969	-0.05212
1970	0.00128
1971	0.00311
1972	-0.01229
1973	-0.02065
1974	-0.00291
1975	0.02091
1976	0.03065
1977	0.02312
1978	0.01317
1979	0.00558
1980	-0.00149
1981	-0.00551
1982	-0.00653
1983	-0.00489
1984	0.00065
1985	0.00728
1986	0.01219
1987	0.01736
1988	0.02122
1989	0.02035
1990	0.01480
1991	0.00698
1992	-0.00009
1993	-0.00407
1994	-0.00302
1995	0.00120
1996	0.00130
1997	0.00094
1998	0.00699
1999	0.00386
2000	-0.00082
2001	0.00760
2002	0.00671
2003	0.00016
2004	0.00144
2005	0.00142
2006	-0.00100
2007	0.00325
2008	0.01210
2009	-0.01261
2010	-0.09837
2011	0.01394
2012	-0.20248
2013	0.45156
2014	1.10957
2015	0.15520
2016	-0.01843
2017	0.11361
2018	0.13897
2019	0.02230
2020	-0.03343
2021	-0.09911
2022	-0.07036
2023	-0.04453
2024	-0.05876
2025	-0.04731
2026	-0.00714
2027	0.00335
2028	-0.02474
2029	-0.05451
2030	-0.01858
2031	0.03260
2032	0.12371
2033	0.11407
2034	0.06482
2035	0.07877
2036	0.19315
2037	0.21712
2038	0.19412
2039	0.18645
2040	0.10586
2041	0.00550
2042	-0.02734
2043	-0.01390
2044	0.02403
2045	0.02749
2046	-0.00035
2047	-0.06028
2048	-0.15014
2049	-0.20521
2050	-0.23487
2051	-0.14980
2052	-0.05840
2053	-0.04273
2054	-0.06940
2055	-0.08262
2056	-0.13812
2057	-0.30285
2058	-0.54104
2059	-0.64570
2060	-0.63818
2061	-0.50707
2062	-0.39001
2063	-0.35523
2064	-0.24491
2065	-0.08568
2066	0.06839
2067	0.09806
2068	0.01965
2069	-0.02646
2070	-0.07541
2071	-0.09490
2072	-0.03446
2073	-0.03261
2074	0.00044
2075	0.00006
2076	-0.00108
2077	-0.00813
2078	-0.01214
2079	-0.00016
2080	0.02013
2081	0.02943
2082	0.02229
2083	0.00880
2084	-0.00090
2085	-0.00632
2086	-0.00829
2087	-0.00564
2088	0.00180
2089	0.01041
2090	0.01608
2091	0.02218
2092	0.02861
2093	0.02765
2094	0.02019
2095	0.01284
2096	0.00486
2097	-0.00427
2098	-0.00671
2099	0.00066
2100	0.00617
2101	0.00213
2102	-0.00040
2103	0.00020
2104	0.00139
2105	0.01034
2106	0.00990
2107	0.00252
2108	-0.00001
2109	0.00052
2110	0.00108
2111	0.00627
2112	0.02677
2113	0.00394
2114	-0.03644
2115	-0.04260
2116	-0.05143
2117	0.30824
2118	1.04163
2119	0.20984
2120	0.00128
2121	0.05052
2122	0.16052
2123	0.05787
2124	0.14591
2125	0.31620
2126	0.38332
2127	0.41210
2128	0.36305
2129	0.35698
2130	0.24749
2131	0.13726
2132	0.07822
2133	0.00215
2134	-0.02689
2135	-0.04402
2136	-0.05913
2137	-0.08963
2138	-0.17138
2139	-0.28093
2140	-0.33608
2141	-0.36686
2142	-0.29285
2143	-0.28320
2144	-0.22348
2145	-0.18985
2146	-0.26513
2147	-0.24818
2148	-0.24229
2149	-0.26336
2150	-0.23000
2151	-0.18971
2152	-0.18421
2153	-0.28202
2154	-0.35446
2155	-0.32879
2156	-0.31749
2157	-0.26738
2158	-0.14399
2159	-0.05013
2160	-0.01272
2161	-0.05258
2162	-0.11326
2163	-0.12043
2164	-0.08859
2165	-0.05166
2166	-0.01643
2167	0.02624
2168	0.07579
2169	0.09192
2170	0.07798
2171	0.06955
2172	-0.00448
2173	-0.07755
2174	-0.08256
2175	-0.10535
2176	-0.05897
2177	-0.00861
2178	-0.03856
2179	-0.05320
2180	0.01046
2181	0.02084
2182	-0.00537
2183	-0.02703
2184	-0.01552
2185	0.00923
2186	0.03068
2187	0.04256
2188	0.03933
2189	0.02492
2190	0.01042
2191	-0.00012
2192	-0.00551
2193	-0.00448
2194	-0.00115
2195	0.00304
2196	0.00994
2197	0.01763
2198	0.02146
2199	0.01932
2200	0.01240
2201	0.00379
2202	-0.00385
2203	-0.00940
2204	-0.00822
2205	-0.00086
2206	0.00271
2207	-0.00176
2208	-0.00400
2209	-0.00097
2210	-0.00057
2211	0.00638
2212	0.01387
2213	0.00892
2214	0.00064
2215	0.00212
2216	0.00430
2217	0.00126
2218	0.00193
2219	0.00037
2220	0.01003
2221	0.02151
2222	0.05665
2223	-0.01816
2224	0.41697
2225	0.85915
2226	0.32924
2227	0.10624
2228	0.10922
2229	0.10269
2230	0.03963
2231	-0.08243
2232	-0.19173
2233	-0.09211
2234	0.05600
2235	0.23230
2236	0.24349
2237	0.13599
2238	0.14156
2239	0.07065
2240	-0.02875
2241	-0.13200
2242	-0.22257
2243	-0.23388
2244	-0.24621
2245	-0.26380
2246	-0.27572
2247	-0.15737
2248	-0.07011
2249	-0.08384
2250	-0.10886
2251	-0.15311
2252	-0.20924
2253	-0.20089
2254	-0.22773
2255	-0.22521
2256	-0.20549
2257	-0.17206
2258	-0.20776
2259	-0.20496
2260	-0.11563
2261	-0.05792
2262	-0.05658
2263	-0.05201
2264	-0.00914
2265	0.02700
2266	0.09008
2267	0.16541
2268	0.17887
2269	0.17196
2270	0.14496
2271	0.12064
2272	0.11778
2273	0.13071
2274	0.14840
2275	0.16193
2276	0.09016
2277	0.00319
2278	-0.10449
2279	-0.13525
2280	-0.06709
2281	-0.03768
2282	-0.08731
2283	-0.14892
2284	-0.01424
2285	0.02937
2286	-0.00037
2287	0.00390
2288	0.00287
2289	-0.01276
2290	-0.01806
2291	0.00478
2292	0.02882
2293	0.03119
2294	0.02420
2295	0.01628
2296	0.00749
2297	0.00141
2298	-0.00109
2299	-0.00171
2300	-0.00097
2301	0.00137
2302	0.00429
2303	0.00695
2304	0.00971
2305	0.01225
2306	0.01408
2307	0.01445
2308	0.01352
2309	0.01172
2310	0.00736
2311	0.00021
2312	-0.00303
2313	0.00134
2314	0.00543
2315	0.00769
2316	0.01193
2317	0.00672
2318	-0.00010
2319	0.00802
2320	0.01140
2321	0.00352
2322	0.00004
2323	0.00073
2324	-0.00092
2325	0.00183
2326	-0.00740
2327	0.09673
2328	-0.05134
2329	-0.04367
2330	-0.05903
2331	0.44213
2332	0.91909
2333	0.21223
2334	0.00899
2335	0.12879
2336	0.15026
2337	0.07765
2338	0.01012
2339	-0.06213
2340	-0.07398
2341	-0.06008
2342	-0.07678
2343	-0.08935
2344	-0.08262
2345	-0.09672
2346	-0.07790
2347	-0.04887
2348	-0.04018
2349	0.00463
2350	0.02951
2351	0.03940
2352	0.04640
2353	0.03633
2354	0.01212
2355	0.02667
2356	0.10913
2357	0.16958
2358	0.09857
2359	0.11293
2360	0.09254
2361	0.04181
2362	0.00767
2363	0.01457
2364	0.06557
2365	0.06273
2366	-0.01403
2367	-0.14830
2368	-0.19083
2369	-0.10066
2370	-0.00172
2371	-0.03203
2372	-0.16632
2373	-0.27043
2374	-0.33470
2375	-0.49299
2376	-0.59404
2377	-0.64775
2378	-0.59827
2379	-0.35180
2380	-0.27794
2381	-0.30298
2382	-0.16348
2383	-0.01298
2384	0.04661
2385	0.05606
2386	-0.01589
2387	-0.02516
2388	-0.07413
2389	-0.15178
2390	-0.03771
2391	-0.01023
2392	-0.06779
2393	0.00019
2394	-0.00040
2395	-0.00200
2396	-0.00934
2397	-0.01231
2398	-0.00054
2399	0.02071
2400	0.03438
2401	0.02870
2402	0.01454
2403	0.00481
2404	-0.00050
2405	-0.00327
2406	-0.00289
2407	0.00069
2408	0.00532
2409	0.00923
2410	0.01388
2411	0.01880
2412	0.02203
2413	0.02281
2414	0.01878
2415	0.01139
2416	0.00498
2417	0.00067
2418	-0.00056
2419	0.00053
2420	0.00031
2421	-0.00010
2422	0.00643
2423	0.00561
2424	0.00079
2425	0.02463
2426	0.03562
2427	0.01042
2428	0.00057
2429	0.00767
2430	0.00272
2431	-0.00003
2432	-0.00021
2433	0.00649
2434	0.06157
2435	0.16123
2436	0.16610
2437	-0.02846
2438	0.42844
2439	0.85194
2440	0.33927
2441	0.10560
2442	0.05123
2443	0.05004
2444	0.02223
2445	-0.02598
2446	0.05151
2447	0.08888
2448	0.18758
2449	0.40449
2450	0.41616
2451	0.26172
2452	0.19463
2453	0.14375
2454	0.01055
2455	-0.06971
2456	-0.07772
2457	-0.02071
2458	0.01028
2459	0.01285
2460	-0.03036
2461	-0.05891
2462	-0.09334
2463	-0.17180
2464	-0.19134
2465	-0.23451
2466	-0.19593
2467	-0.14988
2468	-0.12729
2469	-0.11703
2470	-0.19368
2471	-0.23519
2472	-0.16360
2473	-0.10498
2474	-0.19304
2475	-0.37287
2476	-0.36039
2477	-0.25448
2478	-0.19484
2479	-0.22237
2480	-0.27305
2481	-0.34304
2482	-0.41721
2483	-0.44590
2484	-0.43591
2485	-0.43903
2486	-0.36445
2487	-0.28506
2488	-0.23686
2489	-0.06779
2490	-0.00129
2491	-0.06041
2492	-0.23710
2493	-0.15870
2494	-0.04804
2495	-0.06808
2496	-0.13065
2497	-0.03040
2498	0.00519
2499	0.00049
2500	0.00413
2501	0.00287
2502	-0.01587
2503	-0.01746
2504	0.01136
2505	0.03331
2506	0.03379
2507	0.02829
2508	0.02291
2509	0.01297
2510	0.00207
2511	-0.00365
2512	-0.00495
2513	-0.00334
2514	0.00158
2515	0.00754
2516	0.01167
2517	0.01458
2518	0.01733
2519	0.01724
2520	0.01206
2521	0.00571
2522	0.00007
2523	-0.00621
2524	-0.00947
2525	-0.00444
2526	0.00391
2527	0.00833
2528	0.01297
2529	0.00890
2530	-0.00113
2531	0.01627
2532	0.03180
2533	0.01527
2534	0.00033
2535	-0.00040
2536	-0.00241
2537	-0.00050
2538	-0.00037
2539	0.00071
2540	-0.11925
2541	-0.29584
2542	-0.00072
2543	-0.07509
2544	1.00629
2545	0.72190
2546	0.11204
2547	0.15694
2548	0.32241
2549	0.26461
2550	0.04664
2551	-0.01832
2552	-0.03128
2553	0.02892
2554	0.06116
2555	0.17397
2556	0.18453
2557	0.15181
2558	0.09187
2559	0.01693
2560	-0.00293
2561	0.01918
2562	0.03736
2563	0.01830
2564	-0.03520
2565	-0.08102
2566	-0.15739
2567	-0.09859
2568	-0.07146
2569	-0.05909
2570	-0.07780
2571	-0.10079
2572	-0.10467
2573	-0.14297
2574	-0.11821
2575	-0.05271
2576	-0.02351
2577	-0.06222
2578	-0.13042
2579	-0.14034
2580	-0.12314
2581	-0.15656
2582	-0.22263
2583	-0.28504
2584	-0.28824
2585	-0.25018
2586	-0.22598
2587	-0.23672
2588	-0.32272
2589	-0.40925
2590	-0.42689
2591	-0.47434
2592	-0.48966
2593	-0.39315
2594	-0.23106
2595	-0.02613
2596	0.07863
2597	0.06303
2598	-0.03540
2599	-0.11801
2600	-0.06763
2601	-0.02529
2602	-0.06046
2603	-0.06365
2604	0.00602
2605	-0.07595
2606	0.00069
2607	0.00094
2608	0.00198
2609	-0.00831
2610	-0.01572
2611	-0.00022
2612	0.02369
2613	0.03452
2614	0.03195
2615	0.02074
2616	0.00648
2617	-0.00176
2618	-0.00385
2619	-0.00414
2620	-0.00292
2621	0.00129
2622	0.00758
2623	0.01359
2624	0.01849
2625	0.02255
2626	0.02435
2627	0.02124
2628	0.01436
2629	0.00770
2630	0.00189
2631	-0.00301
2632	-0.00182
2633	0.00669
2634	0.01431
2635	0.02016
2636	0.01943
2637	0.00279
2638	0.00331
2639	0.01931
2640	0.01029
2641	-0.00122
2642	-0.00114
2643	-0.00366
2644	-0.00142
2645	0.00268
2646	-0.00332
2647	-0.11567
2648	-0.26640
2649	0.01275
2650	-0.20032
2651	1.00494
2652	1.12430
2653	0.13312
2654	0.03427
2655	0.16104
2656	0.06469
2657	-0.03215
2658	-0.13686
2659	-0.18221
2660	-0.09369
2661	-0.04973
2662	-0.02343
2663	0.01108
2664	0.00300
2665	-0.00982
2666	-0.00744
2667	0.00307
2668	0.00272
2669	-0.01140
2670	-0.03159
2671	-0.04086
2672	-0.08017
2673	-0.13369
2674	-0.11289
2675	-0.05694
2676	-0.01767
2677	-0.01175
2678	-0.04906
2679	-0.08567
2680	-0.11517
2681	-0.08954
2682	-0.06246
2683	-0.09358
2684	-0.11969
2685	-0.14205
2686	-0.21589
2687	-0.27590
2688	-0.31713
2689	-0.24983
2690	-0.21378
2691	-0.22499
2692	-0.13314
2693	-0.07578
2694	-0.06715
2695	-0.07801
2696	-0.05756
2697	-0.01825
2698	0.00987
2699	0.04079
2700	0.06824
2701	0.07624
2702	0.08586
2703	0.09803
2704	0.08622
2705	0.00874
2706	-0.08859
2707	-0.09655
2708	-0.12578
2709	-0.11460
2710	-0.05536
2711	-0.02896
2712	-0.09355
2713	0.00022
2714	0.00839
2715	0.01261
2716	-0.00701
2717	-0.02015
2718	0.00128
2719	0.02360
2720	0.02532
2721	0.02006
2722	0.01620
2723	0.01269
2724	0.00695
2725	-0.00017
2726	-0.00489
2727	-0.00447
2728	-0.00049
2729	0.00371
2730	0.00793
2731	0.01284
2732	0.01818
2733	0.02125
2734	0.01758
2735	0.00906
2736	-0.00047
2737	-0.01028
2738	-0.01204
2739	-0.00176
2740	0.00609
2741	0.00345
2742	-0.00034
2743	-0.00192
2744	0.00030
2745	0.01512
2746	0.01818
2747	0.00346
2748	0.00034
2749	0.00107
2750	-0.00226
2751	0.00275
2752	-0.00213
2753	0.02845
2754	-0.09241
2755	-0.03574
2756	-0.08718
2757	0.62034
2758	1.05305
2759	0.16586
2760	0.00362
2761	-0.01484
2762	0.00072
2763	-0.01979
2764	-0.07578
2765	-0.01897
2766	0.16138
2767	0.27558
2768	0.32207
2769	0.37005
2770	0.26040
2771	0.16719
2772	0.12873
2773	0.04218
2774	0.02299
2775	0.03681
2776	0.04968
2777	0.04821
2778	0.01651
2779	-0.01971
2780	-0.03563
2781	-0.04551
2782	-0.04703
2783	-0.04074
2784	-0.03908
2785	-0.04354
2786	-0.06046
2787	-0.08737
2788	-0.10799
2789	-0.14990
2790	-0.14844
2791	-0.11638
2792	-0.15661
2793	-0.26742
2794	-0.27438
2795	-0.21917
2796	-0.24780
2797	-0.27881
2798	-0.25958
2799	-0.20265
2800	-0.22870
2801	-0.40808
2802	-0.55402
2803	-0.60096
2804	-0.58256
2805	-0.46179
2806	-0.33475
2807	-0.23095
2808	-0.07921
2809	0.03641
2810	0.03673
2811	-0.05633
2812	-0.15901
2813	-0.11940
2814	-0.05532
2815	-0.11622
2816	-0.09770
2817	0.00498
2818	-0.04993
2819	0.00068
2820	0.00658
2821	-0.00043
2822	-0.01808
2823	-0.01145
2824	0.01666
2825	0.03470
2826	0.03191
2827	0.02094
2828	0.01095
2829	0.00388
2830	-0.00100
2831	-0.00424
2832	-0.00406
2833	-0.00159
2834	0.00221
2835	0.00777
2836	0.01406
2837	0.01953
2838	0.02187
2839	0.01975
2840	0.01558
2841	0.01100
2842	0.00410
2843	-0.00281
2844	-0.00278
2845	0.00285
2846	0.00734
2847	0.00936
2848	0.00834
2849	0.00186
2850	0.00125
2851	0.01079
2852	0.01496
2853	0.00627
2854	-0.00173
2855	-0.00641
2856	-0.00404
2857	0.02130
2858	-0.01063
2859	-0.09721
2860	-0.37703
2861	-0.00827
2862	-0.11604
2863	1.22077
2864	0.95461
2865	0.10784
2866	0.02423
2867	0.09308
2868	0.15597
2869	0.03796
2870	0.01113
2871	-0.01448
2872	0.01795
2873	0.01791
2874	0.01507
2875	0.02302
2876	0.01197
2877	-0.03090
2878	-0.08376
2879	-0.10310
2880	-0.09705
2881	-0.07126
2882	-0.03513
2883	-0.03625
2884	-0.04879
2885	-0.08641
2886	-0.07695
2887	-0.00812
2888	0.05600
2889	0.11165
2890	0.13895
2891	0.04769
2892	-0.03000
2893	-0.06080
2894	-0.02038
2895	0.04277
2896	0.09624
2897	0.11128
2898	0.02978
2899	-0.00654
2900	0.05245
2901	0.15351
2902	0.11432
2903	-0.03567
2904	-0.10947
2905	-0.00752
2906	0.04680
2907	-0.00574
2908	-0.13142
2909	-0.23277
2910	-0.32582
2911	-0.44926
2912	-0.45415
2913	-0.24008
2914	-0.00349
2915	-0.00611
2916	-0.14720
2917	-0.22657
2918	-0.13134
2919	-0.11009
2920	-0.10594
2921	-0.09858
2922	-0.01930
2923	-0.01048
2924	-0.05584
2925	0.00139
2926	-0.00379
2927	-0.01731
2928	-0.01134
2929	0.00872
2930	0.01892
2931	0.01980
2932	0.01696
2933	0.01232
2934	0.00779
2935	0.00352
2936	-0.00020
2937	-0.00185
2938	-0.00073
2939	0.00154
2940	0.00332
2941	0.00383
2942	0.00358
2943	0.00467
2944	0.00747
2945	0.00886
2946	0.00781
2947	0.00594
2948	0.00323
2949	0.00060
2950	-0.00003
2951	0.00079
2952	0.00036
2953	-0.00213
2954	0.00101
2955	0.01125
2956	0.00735
2957	0.00011
2958	0.01171
2959	0.01411
2960	0.00159
2961	-0.00028
2962	-0.00045
2963	-0.00206
2964	-0.00005
2965	-0.00914
2966	0.00116
2967	-0.15318
2968	-0.00348
2969	-0.17067
2970	0.52442
2971	1.14500
2972	0.28100
2973	0.04178
2974	0.05491
2975	0.05092
2976	0.03611
2977	0.07485
2978	0.14709
2979	0.13866
2980	0.14083
2981	0.15873
2982	0.19649
2983	0.18410
2984	0.15728
2985	0.27783
2986	0.21569
2987	0.16667
2988	0.19163
2989	0.09355
2990	0.00954
2991	-0.03029
2992	-0.04293
2993	-0.06739
2994	-0.07586
2995	-0.06827
2996	-0.10894
2997	-0.16117
2998	-0.09933
2999	-0.10165
3000	-0.12959
3001	-0.07298
3002	-0.06707
3003	-0.14518
3004	-0.27055
3005	-0.31505
3006	-0.42002
3007	-0.52715
3008	-0.50034
3009	-0.46678
3010	-0.34868
3011	-0.19427
3012	-0.07455
3013	-0.01415
3014	0.03670
3015	0.01681
3016	-0.12842
3017	-0.29775
3018	-0.38900
3019	-0.36975
3020	-0.30757
3021	-0.17060
3022	-0.01919
3023	0.04252
3024	-0.01237
3025	-0.08740
3026	-0.08226
3027	-0.10707
3028	-0.13669
3029	-0.05223
3030	-0.03833
3031	-0.15004
3032	-0.00044
3033	0.00161
3034	0.00328
3035	-0.00791
3036	-0.01623
3037	-0.00455
3038	0.01603
3039	0.02845
3040	0.03285
3041	0.02654
3042	0.01031
3043	-0.00085
3044	-0.00428
3045	-0.00461
3046	-0.00188
3047	0.00383
3048	0.00946
3049	0.01180
3050	0.01137
3051	0.01139
3052	0.01245
3053	0.01095
3054	0.00549
3055	-0.00029
3056	-0.00460
3057	-0.00649
3058	-0.00395
3059	0.00027
3060	-0.00107
3061	-0.01223
3062	-0.01948
3063	-0.00936
3064	-0.00055
3065	0.00660
3066	0.01660
3067	0.01471
3068	0.00293
3069	-0.00033
3070	-0.00154
3071	-0.00072
3072	0.03616
3073	-0.00455
3074	-0.13015
3075	-0.03901
3076	-0.12501
3077	0.27198
3078	1.24310
3079	0.33519
3080	-0.02069
3081	0.29617
3082	0.38928
3083	0.23979
3084	0.16180
3085	0.04830
3086	0.01966
3087	0.02026
3088	0.04498
3089	0.07540
3090	0.04459
3091	0.01431
3092	0.00727
3093	0.02494
3094	0.04621
3095	0.07363
3096	0.00579
3097	-0.12245
3098	-0.26449
3099	-0.24442
3100	-0.15794
3101	-0.04627
3102	-0.02251
3103	-0.08016
3104	-0.15614
3105	-0.14644
3106	-0.13807
3107	-0.08670
3108	-0.05033
3109	-0.07360
3110	-0.08054
3111	-0.00853
3112	-0.04464
3113	-0.19143
3114	-0.32951
3115	-0.27546
3116	-0.18554
3117	-0.16498
3118	-0.10923
3119	-0.04119
3120	-0.05168
3121	-0.20471
3122	-0.44058
3123	-0.52950
3124	-0.53681
3125	-0.49848
3126	-0.36328
3127	-0.22568
3128	-0.06695
3129	0.01586
3130	-0.01710
3131	-0.12850
3132	-0.13729
3133	-0.07149
3134	-0.05571
3135	-0.10779
3136	-0.04757
3137	-0.01491
3138	-0.00030
3139	0.00269
3140	-0.00419
3141	-0.01444
3142	-0.01056
3143	0.00656
3144	0.02488
3145	0.03169
3146	0.02661
3147	0.01737
3148	0.00642
3149	-0.00166
3150	-0.00399
3151	-0.00347
3152	-0.00152
3153	0.00306
3154	0.00960
3155	0.01512
3156	0.01817
3157	0.01858
3158	0.01515
3159	0.00994
3160	0.00577
3161	0.00167
3162	-0.00157
3163	-0.00134
3164	-0.00035
3165	0.00011
3166	-0.00003
3167	-0.00292
3168	-0.00285
3169	-0.00034
3170	0.00179
3171	0.01219
3172	0.01415
3173	0.00451
3174	-0.00134
3175	-0.00242
3176	-0.00520
3177	-0.00116
3178	0.01383
3179	-0.00987
3180	-0.16374
3181	-0.02508
3182	-0.12137
3183	0.17208
3184	0.82952
3185	0.35460
3186	0.13936
3187	0.20919
3188	0.30907
3189	0.17538
3190	0.11461
3191	0.23117
3192	0.18270
3193	0.08801
3194	0.15702
3195	0.18997
3196	0.12807
3197	0.06164
3198	0.06387
3199	0.07944
3200	0.01842
3201	-0.03780
3202	-0.05354
3203	-0.02947
3204	0.00628
3205	0.03852
3206	0.05562
3207	0.01470
3208	-0.03399
3209	-0.08789
3210	-0.14622
3211	-0.14878
3212	-0.09159
3213	-0.05716
3214	-0.06303
3215	-0.13003
3216	-0.22686
3217	-0.26784
3218	-0.24567
3219	-0.17135
3220	-0.16804
3221	-0.19932
3222	-0.20255
3223	-0.13167
3224	-0.08225
3225	-0.08752
3226	-0.18178
3227	-0.43835
3228	-0.74744
3229	-0.79106
3230	-0.63635
3231	-0.53596
3232	-0.33779
3233	-0.10746
3234	-0.00173
3235	0.01361
3236	-0.01956
3237	-0.03415
3238	-0.02694
3239	-0.04127
3240	-0.04429
3241	-0.00899
3242	-0.00064
3243	-0.00074
3244	-0.00591
3245	-0.01613
3246	-0.01810
3247	0.00130
3248	0.02013
3249	0.02761
3250	0.02752
3251	0.01687
3252	0.00416
3253	-0.00122
3254	-0.00192
3255	-0.00229
3256	-0.00188
3257	0.00124
3258	0.00518
3259	0.00709
3260	0.00726
3261	0.00733
3262	0.00980
3263	0.01364
3264	0.01367
3265	0.01092
3266	0.00865
3267	0.00540
3268	0.00120
3269	-0.00102
3270	-0.00057
3271	0.00220
3272	0.00802
3273	0.01242
3274	0.00356
3275	0.00171
3276	0.01765
3277	0.01613
3278	0.00202
3279	-0.00225
3280	-0.00521
3281	-0.00143
3282	0.00646
3283	0.01551
3284	0.02001
3285	-0.15248
3286	-0.03853
3287	0.06775
3288	1.00387
3289	0.57792
3290	0.13275
3291	0.07211
3292	0.10650
3293	0.05696
3294	0.01024
3295	-0.03369
3296	0.00332
3297	0.04903
3298	0.09213
3299	0.06789
3300	0.01734
3301	-0.01546
3302	-0.00736
3303	0.02733
3304	0.03048
3305	0.03460
3306	0.03386
3307	0.02639
3308	0.00482
3309	-0.06181
3310	-0.13870
3311	-0.20642
3312	-0.19431
3313	-0.22391
3314	-0.19075
3315	-0.11055
3316	-0.09679
3317	-0.10672
3318	-0.13995
3319	-0.21311
3320	-0.27819
3321	-0.30693
3322	-0.22160
3323	-0.18649
3324	-0.23241
3325	-0.25578
3326	-0.25745
3327	-0.30021
3328	-0.29451
3329	-0.19505
3330	-0.10334
3331	-0.07266
3332	-0.08996
3333	-0.11271
3334	-0.14590
3335	-0.17825
3336	-0.12813
3337	-0.03008
3338	0.08121
3339	0.15429
3340	0.11281
3341	0.07399
3342	-0.00894
3343	-0.04820
3344	-0.03040
3345	-0.04264
3346	-0.09308
3347	-0.08476
3348	0.02667
3349	-0.11195
3350	-0.00147
3351	0.00875
3352	0.01130
3353	-0.01072
3354	-0.02497
3355	-0.00750
3356	0.02534
3357	0.04592
3358	0.04093
3359	0.02449
3360	0.01248
3361	0.00537
3362	0.00016
3363	-0.00251
3364	-0.00103
3365	0.00268
3366	0.00744
3367	0.01515
3368	0.02511
3369	0.02948
3370	0.02449
3371	0.01632
3372	0.00819
3373	0.00040
3374	-0.00382
3375	-0.00133
3376	0.00463
3377	0.00600
3378	0.00005
3379	-0.00381
3380	-0.00177
3381	0.00482
3382	0.01773
3383	0.01410
3384	0.00107
3385	-0.00197
3386	-0.00738
3387	-0.00359
3388	-0.02892
3389	0.00159
3390	0.16918
3391	-0.03962
3392	0.00775
3393	0.05775
3394	0.79240
3395	0.51783
3396	0.02033
3397	-0.03314
3398	-0.17180
3399	-0.18554
3400	-0.15498
3401	-0.07973
3402	0.06697
3403	0.14896
3404	0.12500
3405	0.16576
3406	0.05010
3407	-0.00502
3408	-0.02268
3409	-0.07580
3410	-0.11462
3411	-0.06876
3412	-0.07518
3413	-0.04306
3414	-0.00821
3415	0.00365
3416	0.01093
3417	0.00861
3418	-0.02299
3419	-0.05304
3420	-0.14528
3421	-0.09505
3422	-0.03099
3423	-0.03709
3424	-0.07995
3425	-0.08149
3426	-0.07317
3427	-0.10449
3428	-0.17058
3429	-0.21328
3430	-0.27774
3431	-0.31825
3432	-0.22867
3433	-0.15418
3434	-0.13031
3435	-0.11165
3436	-0.08934
3437	-0.12872
3438	-0.20148
3439	-0.15048
3440	-0.04724
3441	0.00401
3442	-0.01489
3443	-0.02624
3444	0.01393
3445	0.06263
3446	0.06718
3447	0.06860
3448	0.05348
3449	0.00372
3450	-0.02487
3451	-0.02640
3452	-0.07682
3453	-0.06754
3454	0.00437
3455	-0.04723
3456	0.00077
3457	0.00047
3458	0.00241
3459	-0.00351
3460	-0.01367
3461	-0.01235
3462	0.00565
3463	0.02541
3464	0.02724
3465	0.01799
3466	0.01211
3467	0.00683
3468	0.00086
3469	-0.00212
3470	-0.00226
3471	0.00048
3472	0.00454
3473	0.00683
3474	0.00823
3475	0.01009
3476	0.01145
3477	0.01187
3478	0.01133
3479	0.00894
3480	0.00536
3481	0.00192
3482	-0.00042
3483	-0.00004
3484	0.00434
3485	0.01163
3486	0.01521
3487	0.00501
3488	-0.00020
3489	0.00917
3490	0.00725
3491	-0.00093
3492	-0.00225
3493	-0.00161
3494	-0.00141
3495	-0.00001
3496	0.00074
3497	0.01467
3498	-0.09310
3499	-0.17318
3500	0.00073
3501	-0.17529
3502	0.31076
3503	1.02203
3504	0.38126
3505	0.01153
3506	0.17952
3507	0.18528
3508	0.01844
3509	-0.13068
3510	-0.25763
3511	-0.13734
3512	-0.10922
3513	-0.13428
3514	-0.08756
3515	-0.04429
3516	-0.00029
3517	0.02485
3518	0.04375
3519	0.02880
3520	-0.00536
3521	-0.04782
3522	-0.05369
3523	-0.09177
3524	-0.07262
3525	-0.03265
3526	0.00326
3527	0.00528
3528	-0.01430
3529	-0.04139
3530	-0.08580
3531	-0.15627
3532	-0.15390
3533	-0.08029
3534	-0.03270
3535	-0.02996
3536	-0.06151
3537	-0.09542
3538	-0.09619
3539	-0.05341
3540	-0.00663
3541	-0.00018
3542	-0.03430
3543	-0.03139
3544	0.02543
3545	0.08722
3546	0.10453
3547	0.09213
3548	0.09142
3549	0.09651
3550	0.07288
3551	0.00162
3552	-0.03624
3553	-0.00299
3554	0.06976
3555	0.06600
3556	0.04079
3557	-0.09796
3558	-0.12038
3559	-0.07485
3560	-0.07345
3561	-0.11852
3562	-0.01129
3563	0.01606
3564	-0.15782
3565	0.00067
3566	-0.00040
3567	-0.00305
3568	-0.01283
3569	-0.01525
3570	0.00190
3571	0.02141
3572	0.02604
3573	0.01903
3574	0.01133
3575	0.00642
3576	0.00286
3577	0.00005
3578	-0.00169
3579	-0.00131
3580	0.00052
3581	0.00243
3582	0.00356
3583	0.00435
3584	0.00534
3585	0.00647
3586	0.00753
3587	0.00736
3588	0.00589
3589	0.00438
3590	0.00311
3591	0.00206
3592	0.00109
3593	-0.00120
3594	-0.00782
3595	-0.01430
3596	-0.00693
3597	-0.00021
3598	0.00059
3599	0.00641
3600	0.01128
3601	0.00445
3602	-0.00000
3603	0.00039
3604	-0.00092
3605	-0.00014
3606	-0.02493
3607	0.05718
3608	-0.00603
3609	-0.09287
3610	-0.01045
3611	0.12540
3612	0.76204
3613	0.34927
3614	0.04320
3615	0.01929
3616	0.08724
3617	0.04651
3618	-0.00745
3619	0.04823
3620	0.15724
3621	0.17796
3622	0.19053
3623	0.17749
3624	0.13267
3625	0.05291
3626	0.01694
3627	0.01247
3628	0.03239
3629	0.07044
3630	0.09788
3631	0.06146
3632	-0.00164
3633	-0.04565
3634	-0.03964
3635	-0.00818
3636	-0.00920
3637	-0.04207
3638	-0.04194
3639	-0.01902
3640	-0.03343
3641	-0.12860
3642	-0.24623
3643	-0.28188
3644	-0.28891
3645	-0.26366
3646	-0.34460
3647	-0.48795
3648	-0.61209
3649	-0.68906
3650	-0.52168
3651	-0.31108
3652	-0.14074
3653	0.01465
3654	0.08122
3655	0.07379
3656	0.01838
3657	-0.02914
3658	-0.04553
3659	-0.06732
3660	-0.10175
3661	-0.08743
3662	-0.04537
3663	0.02368
3664	0.03826
3665	-0.00068
3666	-0.12847
3667	-0.13670
3668	-0.04495
3669	-0.00958
3670	-0.07523
3671	-0.09049
3672	0.03194
3673	-0.04754
3674	0.00081
3675	-0.00237
3676	-0.01720
3677	-0.01730
3678	-0.00016
3679	0.01355
3680	0.01843
3681	0.01689
3682	0.01271
3683	0.00839
3684	0.00420
3685	0.00073
3686	-0.00130
3687	-0.00211
3688	-0.00153
3689	0.00056
3690	0.00315
3691	0.00461
3692	0.00441
3693	0.00386
3694	0.00383
3695	0.00338
3696	0.00108
3697	-0.00143
3698	-0.00194
3699	-0.00136
3700	-0.00032
3701	0.00081
3702	-0.00169
3703	-0.00856
3704	-0.01366
3705	-0.01117
3706	-0.00323
3707	-0.00015
3708	0.00047
3709	0.00446
3710	0.01206
3711	0.00941
3712	0.00118
3713	0.00020
3714	0.00046
3715	0.00139
3716	0.01072
3717	0.02879
3718	-0.12633
3719	-0.04066
3720	-0.11479
3721	0.63597
3722	1.12509
3723	0.23259
3724	-0.04320
3725	0.11320
3726	0.10300
3727	0.00520
3728	-0.02560
3729	-0.14460
3730	-0.13041
3731	-0.09213
3732	-0.14229
3733	-0.11369
3734	-0.10480
3735	-0.08072
3736	-0.09447
3737	-0.12136
3738	-0.05176
3739	-0.00188
3740	0.02893
3741	-0.01662
3742	-0.08113
3743	-0.11546
3744	-0.05612
3745	-0.01351
3746	-0.06796
3747	-0.17115
3748	-0.19474
3749	-0.06958
3750	-0.01684
3751	-0.06611
3752	-0.13364
3753	-0.18551
3754	-0.25078
3755	-0.26224
3756	-0.20585
3757	-0.14296
3758	-0.14019
3759	-0.15268
3760	-0.16629
3761	-0.19937
3762	-0.15167
3763	-0.04580
3764	0.00268
3765	-0.02554
3766	-0.07964
3767	-0.09132
3768	-0.08955
3769	-0.12873
3770	-0.15666
3771	-0.10719
3772	0.01391
3773	0.11902
3774	0.12192
3775	0.16659
3776	0.13611
3777	0.04529
3778	-0.00310
3779	-0.02503
3780	-0.02397
3781	-0.00817
3782	-0.05138
3783	-0.08462
3784	0.00813
3785	0.00333
3786	-0.01181
3787	-0.02163
3788	-0.01195
3789	0.00413
3790	0.01700
3791	0.02233
3792	0.02067
3793	0.01499
3794	0.00813
3795	0.00237
3796	-0.00157
3797	-0.00379
3798	-0.00229
3799	0.00259
3800	0.00658
3801	0.00944
3802	0.01189
3803	0.01407
3804	0.01440
3805	0.00872
3806	-0.00016
3807	-0.00659
3808	-0.00865
3809	-0.00354
3810	0.00275
3811	-0.00309
3812	-0.01227
3813	-0.00829
3814	-0.00174
3815	0.00678
3816	0.01326
3817	0.00549
3818	-0.00000
3819	0.00033
3820	0.00161
3821	0.00647
3822	-0.00894
3823	0.06614
3824	-0.08631
3825	-0.06487
3826	-0.09504
3827	0.34148
3828	0.91247
3829	0.27113
3830	-0.01421
3831	0.02405
3832	0.04821
3833	0.00022
3834	0.05801
3835	0.31047
3836	0.27529
3837	0.19291
3838	0.14208
3839	0.13153
3840	0.13128
3841	0.02459
3842	-0.08318
3843	-0.17557
3844	-0.18513
3845	-0.13884
3846	-0.17992
3847	-0.23482
3848	-0.16864
3849	-0.10252
3850	-0.07651
3851	-0.09219
3852	-0.14162
3853	-0.18994
3854	-0.20677
3855	-0.18635
3856	-0.12445
3857	-0.11745
3858	-0.16108
3859	-0.14661
3860	-0.15002
3861	-0.19572
3862	-0.20987
3863	-0.22207
3864	-0.20945
3865	-0.21286
3866	-0.22689
3867	-0.19296
3868	-0.13829
3869	-0.09145
3870	-0.05651
3871	-0.08002
3872	-0.13364
3873	-0.09740
3874	0.00967
3875	0.09759
3876	0.07996
3877	0.05362
3878	0.13325
3879	0.19568
3880	0.20834
3881	0.10523
3882	-0.06148
3883	-0.14784
3884	-0.14518
3885	-0.09616
3886	-0.05351
3887	-0.03497
3888	-0.01092
3889	0.00961
3890	0.01791
3891	-0.00658
3892	-0.02967
3893	-0.00942
3894	0.02984
3895	0.04883
3896	0.03990
3897	0.02093
3898	0.00964
3899	0.00436
3900	-0.00132
3901	-0.00577
3902	-0.00641
3903	-0.00268
3904	0.00572
3905	0.01520
3906	0.02232
3907	0.02704
3908	0.02787
3909	0.02314
3910	0.01463
3911	0.00469
3912	-0.00420
3913	-0.00668
3914	0.00061
3915	0.00704
3916	-0.00242
3917	-0.00942
3918	-0.00212
3919	-0.00000
3920	0.00384
3921	0.00907
3922	0.00450
3923	0.00000
3924	0.00242
3925	-0.00016
3926	-0.00120
3927	0.01743
3928	-0.00097
3929	-0.00377
3930	-0.06271
3931	-0.00711
3932	-0.00022
3933	0.94446
3934	0.47589
3935	-0.01369
3936	0.04024
3937	0.12173
3938	0.08924
3939	0.03509
3940	0.01105
3941	-0.00359
3942	-0.00283
3943	-0.00933
3944	-0.04768
3945	-0.08565
3946	-0.12041
3947	-0.09399
3948	-0.05315
3949	-0.01970
3950	-0.00033
3951	0.00090
3952	-0.02157
3953	-0.06441
3954	-0.12856
3955	-0.13604
3956	-0.14426
3957	-0.10085
3958	-0.02094
3959	-0.00225
3960	-0.02620
3961	-0.07440
3962	-0.16055
3963	-0.17409
3964	-0.17433
3965	-0.15912
3966	-0.10596
3967	-0.13296
3968	-0.19994
3969	-0.24367
3970	-0.19823
3971	-0.13176
3972	-0.14486
3973	-0.16573
3974	-0.13501
3975	-0.08568
3976	-0.06999
3977	-0.08558
3978	-0.10034
3979	-0.10813
3980	-0.13987
3981	-0.13059
3982	-0.04414
3983	0.07271
3984	0.12737
3985	0.09604
3986	0.11959
3987	0.23813
3988	0.18681
3989	0.04876
3990	-0.02452
3991	-0.05077
3992	-0.05692
3993	-0.01338
3994	-0.06236
3995	-0.05939
3996	0.00035
3997	0.00461
3998	-0.00184
3999	-0.02113
4000	-0.02089
4001	0.00566
4002	0.03132
4003	0.03692
4004	0.02703
4005	0.01359
4006	0.00382
4007	-0.00106
4008	-0.00331
4009	-0.00388
4010	-0.00238
4011	0.00235
4012	0.00916
4013	0.01369
4014	0.01542
4015	0.01620
4016	0.01625
4017	0.01417
4018	0.00860
4019	0.00141
4020	-0.00298
4021	-0.00220
4022	0.00276
4023	0.00517
4024	0.00391
4025	0.00726
4026	0.00443
4027	-0.00077
4028	0.00537
4029	0.00611
4030	0.00155
4031	-0.00102
4032	-0.00174
4033	-0.00276
4034	-0.00074
4035	-0.00066
4036	-0.00125
4037	-0.00015
4038	-0.09070
4039	0.01133
4040	-0.17466
4041	0.52496
4042	0.79695
4043	0.13706
4044	0.02991
4045	0.14953
4046	0.11468
4047	-0.01541
4048	-0.10173
4049	-0.11831
4050	0.01242
4051	0.08135
4052	0.21580
4053	0.36518
4054	0.24358
4055	0.14099
4056	0.10722
4057	0.06478
4058	0.04189
4059	0.01700
4060	-0.01150
4061	-0.01963
4062	-0.00505
4063	0.00690
4064	0.00365
4065	-0.01526
4066	-0.03998
4067	-0.10247
4068	-0.09892
4069	-0.10714
4070	-0.22238
4071	-0.15595
4072	-0.21855
4073	-0.26803
4074	-0.25523
4075	-0.41623
4076	-0.47058
4077	-0.54522
4078	-0.56239
4079	-0.47212
4080	-0.34274
4081	-0.19477
4082	-0.13743
4083	-0.11081
4084	-0.12134
4085	-0.20659
4086	-0.28111
4087	-0.22170
4088	-0.10213
4089	-0.02719
4090	0.00920
4091	0.05322
4092	0.09186
4093	0.10464
4094	0.15194
4095	0.13899
4096	0.04857
4097	-0.02215
4098	-0.08785
4099	-0.10346
4100	-0.01871
4101	-0.02435
4102	-0.13832
4103	-0.00230
4104	0.00320
4105	0.00735
4106	-0.01288
4107	-0.02590
4108	-0.00580
4109	0.02058
4110	0.02175
4111	0.01328
4112	0.01090
4113	0.00867
4114	0.00359
4115	-0.00163
4116	-0.00551
4117	-0.00513
4118	0.00249
4119	0.01283
4120	0.01717
4121	0.01694
4122	0.01851
4123	0.02057
4124	0.01649
4125	0.00715
4126	-0.00163
4127	-0.00817
4128	-0.00785
4129	0.00298
4130	0.00942
4131	0.00608
4132	0.00530
4133	0.00140
4134	0.00116
4135	0.00783
4136	0.00752
4137	0.00273
4138	-0.00029
4139	0.00062
4140	0.00333
4141	0.00988
4142	-0.00799
4143	-0.09748
4144	-0.32058
4145	0.01563
4146	-0.08223
4147	0.04982
4148	1.17141
4149	0.45198
4150	-0.09678
4151	0.40895
4152	0.66635
4153	0.18254
4154	0.05516
4155	-0.03012
4156	-0.13821
4157	-0.07323
4158	-0.01472
4159	0.07125
4160	0.10005
4161	0.12634
4162	0.21278
4163	0.26015
4164	0.17737
4165	0.04725
4166	-0.10754
4167	-0.15601
4168	-0.11090
4169	0.02613
4170	0.11259
4171	0.10953
4172	0.03808
4173	-0.05190
4174	-0.14189
4175	-0.17936
4176	-0.15327
4177	-0.15285
4178	-0.18966
4179	-0.21184
4180	-0.20933
4181	-0.17335
4182	-0.19188
4183	-0.27382
4184	-0.35376
4185	-0.38687
4186	-0.22999
4187	-0.03094
4188	-0.04917
4189	-0.20454
4190	-0.28694
4191	-0.35606
4192	-0.47490
4193	-0.50707
4194	-0.43764
4195	-0.32657
4196	-0.26480
4197	-0.13934
4198	-0.06103
4199	-0.09785
4200	-0.23660
4201	-0.26345
4202	-0.12484
4203	-0.07992
4204	-0.08754
4205	-0.04290
4206	0.01418
4207	-0.00677
4208	0.00073
4209	-0.00432
4210	-0.01960
4211	-0.01813
4212	0.01081
4213	0.03827
4214	0.04350
4215	0.03647
4216	0.02523
4217	0.01079
4218	0.00066
4219	-0.00309
4220	-0.00409
4221	-0.00213
4222	0.00215
4223	0.00637
4224	0.01187
4225	0.01913
4226	0.02398
4227	0.02577
4228	0.02730
4229	0.02400
4230	0.01249
4231	0.00193
4232	-0.00164
4233	-0.00104
4234	0.00064
4235	0.00426
4236	0.00642
4237	0.00603
4238	0.00241
4239	0.00042
4240	0.00684
4241	0.00774
4242	0.00480
4243	0.00085
4244	-0.00171
4245	-0.00384
4246	-0.00417
4247	-0.00098
4248	-0.00206
4249	0.05128
4250	0.18077
4251	0.15682
4252	-0.02031
4253	0.10085
4254	0.44258
4255	0.31708
4256	0.09759
4257	0.04276
4258	0.06271
4259	0.00871
4260	-0.10154
4261	-0.17688
4262	-0.14329
4263	-0.03992
4264	0.00200
4265	0.02654
4266	0.02617
4267	-0.00563
4268	-0.04671
4269	-0.09556
4270	-0.09576
4271	-0.07799
4272	-0.05441
4273	-0.05849
4274	-0.08570
4275	-0.07555
4276	-0.05682
4277	-0.03026
4278	-0.02920
4279	-0.05500
4280	-0.12701
4281	-0.17503
4282	-0.16302
4283	-0.12866
4284	-0.06721
4285	-0.07442
4286	-0.12565
4287	-0.20709
4288	-0.32546
4289	-0.30146
4290	-0.15462
4291	-0.05978
4292	-0.09847
4293	-0.17420
4294	-0.19315
4295	-0.14630
4296	-0.08994
4297	-0.07040
4298	-0.07020
4299	-0.07065
4300	-0.06850
4301	-0.06516
4302	-0.07652
4303	-0.07728
4304	-0.01724
4305	0.07475
4306	0.14048
4307	0.12955
4308	0.12687
4309	0.01379
4310	-0.09888
4311	-0.08963
4312	-0.04645
4313	-0.04866
4314	-0.02589
4315	0.00465
4316	-0.08380
4317	-0.00056
4318	0.00843
4319	0.00419
4320	-0.01347
4321	-0.01622
4322	-0.00017
4323	0.01753
4324	0.02288
4325	0.01755
4326	0.01236
4327	0.01054
4328	0.00658
4329	0.00065
4330	-0.00229
4331	-0.00241
4332	-0.00031
4333	0.00485
4334	0.00991
4335	0.01130
4336	0.01141
4337	0.01194
4338	0.01123
4339	0.00824
4340	0.00316
4341	-0.00215
4342	-0.00510
4343	-0.00396
4344	0.00016
4345	0.00227
4346	-0.00233
4347	-0.00849
4348	-0.00708
4349	-0.00200
4350	0.00986
4351	0.01958
4352	0.01204
4353	0.00063
4354	-0.00049
4355	-0.00290
4356	-0.00402
4357	0.00020
4358	0.01437
4359	0.12570
4360	0.09701
4361	0.03949
4362	-0.07182
4363	0.28912
4364	0.56253
4365	0.19852
4366	0.00431
4367	-0.00724
4368	-0.01065
4369	-0.05502
4370	-0.14206
4371	-0.11037
4372	-0.00691
4373	0.07173
4374	0.08038
4375	0.03590
4376	0.03735
4377	0.01748
4378	-0.02317
4379	-0.07656
4380	-0.08107
4381	-0.18321
4382	-0.11695
4383	-0.05974
4384	-0.05084
4385	0.01504
4386	0.04308
4387	0.04110
4388	-0.00157
4389	-0.07080
4390	-0.08726
4391	-0.09825
4392	-0.14568
4393	-0.11869
4394	-0.10312
4395	-0.15323
4396	-0.17126
4397	-0.15091
4398	-0.11197
4399	-0.09063
4400	-0.07444
4401	-0.05510
4402	-0.03527
4403	0.01747
4404	0.08245
4405	0.15561
4406	0.25468
4407	0.27486
4408	0.23424
4409	0.18601
4410	0.15188
4411	0.08712
4412	0.01821
4413	-0.02108
4414	-0.02098
4415	0.02097
4416	0.04418
4417	0.02615
4418	-0.06925
4419	-0.11631
4420	-0.08371
4421	-0.06141
4422	-0.08730
4423	-0.03991
4424	-0.00908
4425	-0.11468
4426	-0.09079
4427	0.00005
4428	-0.00103
4429	-0.00620
4430	-0.01209
4431	-0.00905
4432	0.00164
4433	0.01502
4434	0.02510
4435	0.02268
4436	0.01316
4437	0.00616
4438	0.00242
4439	0.00020
4440	-0.00075
4441	-0.00054
4442	0.00044
4443	0.00239
4444	0.00420
4445	0.00453
4446	0.00562
4447	0.00912
4448	0.01163
4449	0.00985
4450	0.00768
4451	0.00615
4452	0.00352
4453	0.00159
4454	0.00051
4455	-0.00091
4456	0.00321
4457	0.01304
4458	0.00983
4459	-0.00039
4460	0.01243
4461	0.01868
4462	0.00438
4463	-0.00083
4464	-0.00111
4465	-0.00433
4466	-0.00013
4467	0.00346
4468	0.01763
4469	-0.02186
4470	-0.02237
4471	-0.07892
4472	0.17693
4473	0.76589
4474	0.26394
4475	0.00762
4476	0.02202
4477	0.03594
4478	0.00607
4479	0.00009
4480	0.05183
4481	0.04898
4482	0.12445
4483	0.21554
4484	0.12981
4485	0.08576
4486	0.08373
4487	0.10429
4488	0.07393
4489	0.04738
4490	0.07243
4491	0.08429
4492	0.04396
4493	-0.00375
4494	-0.08891
4495	-0.09421
4496	-0.05656
4497	-0.01981
4498	-0.01011
4499	-0.03823
4500	-0.07546
4501	-0.11271
4502	-0.12192
4503	-0.09253
4504	-0.09546
4505	-0.11953
4506	-0.14088
4507	-0.17591
4508	-0.22681
4509	-0.25037
4510	-0.17523
4511	-0.08383
4512	-0.06767
4513	-0.09924
4514	-0.08234
4515	-0.03509
4516	-0.00933
4517	-0.08971
4518	-0.26249
4519	-0.41028
4520	-0.40553
4521	-0.30035
4522	-0.17144
4523	-0.07231
4524	-0.01896
4525	-0.02833
4526	-0.03727
4527	-0.03460
4528	-0.03680
4529	-0.02752
4530	-0.05810
4531	-0.01568
4532	-0.05721
4533	0.00168
4534	-0.00017
4535	-0.00291
4536	-0.01159
4537	-0.01605
4538	-0.00353
4539	0.01809
4540	0.03169
4541	0.03157
4542	0.02082
4543	0.00759
4544	-0.00020
4545	-0.00280
4546	-0.00382
4547	-0.00348
4548	0.00088
4549	0.00698
4550	0.01028
4551	0.01114
4552	0.01099
4553	0.01034
4554	0.00933
4555	0.00783
4556	0.00620
4557	0.00490
4558	0.00309
4559	0.00069
4560	-0.00046
4561	-0.00006
4562	0.00286
4563	0.01317
4564	0.02060
4565	0.00856
4566	0.00023
4567	0.01176
4568	0.01321
4569	0.00215
4570	-0.00108
4571	-0.00071
4572	-0.00342
4573	-0.00010
4574	-0.01208
4575	0.00758
4576	-0.11727
4577	-0.17949
4578	-0.03466
4579	0.00362
4580	0.85753
4581	0.58118
4582	0.12154
4583	0.05823
4584	0.14671
4585	0.03656
4586	-0.08112
4587	-0.19326
4588	-0.13706
4589	-0.04605
4590	-0.05163
4591	-0.00425
4592	0.02066
4593	0.01958
4594	0.00047
4595	-0.02939
4596	-0.03790
4597	-0.05881
4598	-0.02731
4599	0.00772
4600	0.02458
4601	0.01987
4602	-0.01526
4603	-0.01581
4604	-0.03147
4605	-0.03450
4606	-0.01264
4607	-0.00139
4608	-0.00376
4609	-0.01269
4610	0.00149
4611	0.02796
4612	0.05591
4613	0.05854
4614	0.06745
4615	0.06834
4616	-0.03414
4617	-0.11730
4618	-0.07932
4619	0.01758
4620	0.10271
4621	0.13047
4622	0.11217
4623	0.03444
4624	-0.04338
4625	-0.07119
4626	-0.08907
4627	-0.11728
4628	-0.16624
4629	-0.25845
4630	-0.26832
4631	-0.16659
4632	-0.07552
4633	-0.14708
4634	-0.17748
4635	-0.09756
4636	-0.03247
4637	-0.05527
4638	-0.08698
4639	0.00434
4640	-0.01730
4641	-0.11586
4642	0.00001
4643	-0.00085
4644	-0.00679
4645	-0.01238
4646	-0.00678
4647	0.00697
4648	0.01923
4649	0.02512
4650	0.02117
4651	0.01246
4652	0.00543
4653	0.00093
4654	-0.00075
4655	-0.00109
4656	-0.00114
4657	0.00062
4658	0.00362
4659	0.00512
4660	0.00628
4661	0.00722
4662	0.00629
4663	0.00470
4664	0.00338
4665	0.00215
4666	0.00113
4667	0.00040
4668	-0.00017
4669	-0.00015
4670	0.00094
4671	-0.00025
4672	-0.00327
4673	0.00098
4674	0.00306
4675	0.00008
4676	0.01040
4677	0.02306
4678	0.01235
4679	-0.00129
4680	-0.00337
4681	-0.00534
4682	0.00118
4683	0.00124
4684	-0.02278
4685	0.01722
4686	0.05588
4687	0.07235
4688	-0.14902
4689	0.51855
4690	0.64974
4691	0.17864
4692	0.01863
4693	0.03584
4694	-0.09087
4695	-0.09687
4696	-0.18896
4697	-0.44028
4698	-0.24879
4699	-0.05662
4700	0.00931
4701	0.13466
4702	0.14152
4703	0.18050
4704	0.27221
4705	0.21381
4706	0.06431
4707	0.04124
4708	0.00458
4709	-0.02487
4710	-0.06651
4711	-0.11740
4712	-0.13495
4713	-0.11617
4714	-0.09146
4715	-0.12026
4716	-0.07947
4717	-0.05460
4718	-0.07001
4719	-0.01652
4720	0.03528
4721	0.01454
4722	-0.06274
4723	-0.14630
4724	-0.14104
4725	-0.13678
4726	-0.10677
4727	-0.02768
4728	0.00321
4729	0.01018
4730	0.03124
4731	0.07094
4732	0.09773
4733	0.07148
4734	0.00051
4735	-0.04579
4736	-0.07559
4737	-0.09771
4738	-0.09445
4739	-0.08968
4740	-0.08848
4741	-0.08162
4742	-0.07713
4743	-0.22994
4744	-0.22994
4745	-0.10644
4746	-0.02716
4747	-0.03848
4748	-0.02128
4749	0.01814
4750	-0.07774
4751	0.00008
4752	0.00021
4753	-0.00275
4754	-0.01304
4755	-0.01603
4756	-0.00035
4757	0.01750
4758	0.02644
4759	0.03002
4760	0.02560
4761	0.01304
4762	0.00311
4763	-0.00061
4764	-0.00113
4765	-0.00004
4766	0.00126
4767	0.00259
4768	0.00390
4769	0.00423
4770	0.00487
4771	0.00709
4772	0.00868
4773	0.00670
4774	0.00342
4775	0.00174
4776	0.00104
4777	-0.00000
4778	-0.00062
4779	0.00049
4780	0.00068
4781	0.00095
4782	0.00427
4783	0.00084
4784	0.00506
4785	0.02042
4786	0.01316
4787	0.00024
4788	-0.00050
4789	-0.00231
4790	0.00038
4791	-0.00300
4792	0.00575
4793	-0.12018
4794	-0.26873
4795	-0.00279
4796	-0.01710
4797	0.84873
4798	0.58404
4799	0.04214
4800	0.00946
4801	0.00742
4802	-0.01615
4803	-0.06556
4804	-0.06238
4805	-0.01907
4806	0.01614
4807	0.06091
4808	0.10612
4809	0.03996
4810	0.01592
4811	0.00959
4812	-0.01494
4813	-0.04906
4814	-0.05654
4815	-0.04734
4816	-0.01899
4817	-0.01976
4818	-0.05615
4819	-0.07081
4820	-0.02759
4821	-0.01759
4822	-0.03977
4823	-0.07968
4824	-0.08628
4825	-0.11295
4826	-0.11147
4827	-0.07943
4828	-0.09955
4829	-0.15419
4830	-0.16009
4831	-0.10829
4832	-0.11807
4833	-0.12439
4834	-0.08566
4835	-0.08963
4836	-0.09373
4837	-0.08112
4838	-0.06003
4839	-0.02227
4840	0.00950
4841	0.01373
4842	0.00944
4843	-0.01231
4844	-0.07870
4845	-0.15016
4846	-0.13346
4847	-0.05411
4848	0.06697
4849	0.08130
4850	0.05319
4851	0.07685
4852	0.02234
4853	-0.04246
4854	-0.05282
4855	-0.08041
4856	-0.04213
4857	-0.01154
4858	-0.07591
4859	-0.13504
4860	0.00004
4861	0.00322
4862	-0.00290
4863	-0.01291
4864	-0.01487
4865	-0.00654
4866	0.01000
4867	0.02654
4868	0.03037
4869	0.02191
4870	0.01203
4871	0.00446
4872	-0.00099
4873	-0.00293
4874	-0.00073
4875	0.00336
4876	0.00623
4877	0.00668
4878	0.00671
4879	0.00848
4880	0.01018
4881	0.00869
4882	0.00611
4883	0.00420
4884	0.00211
4885	0.00042
4886	0.00000
4887	0.00026
4888	-0.00100
4889	0.00243
4890	0.01651
4891	0.01416
4892	-0.00009
4893	0.01639
4894	0.02522
4895	0.00576
4896	-0.00308
4897	-0.00096
4898	-0.00311
4899	-0.00073
4900	-0.00013
4901	-0.00716
4902	-0.06489
4903	-0.07927
4904	0.11445
4905	-0.27609
4906	0.27792
4907	0.94668
4908	0.18357
4909	-0.02317
4910	0.09076
4911	0.01588
4912	-0.06880
4913	-0.12277
4914	-0.25326
4915	-0.16200
4916	-0.03828
4917	0.01588
4918	0.14823
4919	0.14490
4920	0.07808
4921	0.16627
4922	0.13088
4923	0.05905
4924	0.08849
4925	0.07107
4926	0.03598
4927	0.01765
4928	-0.00999
4929	-0.04480
4930	-0.03920
4931	-0.02767
4932	-0.00181
4933	0.00236
4934	-0.02227
4935	-0.09628
4936	-0.15598
4937	-0.09853
4938	-0.09166
4939	-0.11174
4940	-0.12199
4941	-0.10478
4942	-0.13871
4943	-0.20632
4944	-0.16005
4945	-0.10946
4946	-0.07428
4947	-0.01800
4948	-0.00040
4949	-0.02018
4950	-0.07055
4951	-0.17399
4952	-0.24945
4953	-0.27330
4954	-0.32010
4955	-0.31226
4956	-0.27443
4957	-0.21813
4958	-0.07047
4959	-0.02771
4960	-0.03705
4961	-0.09251
4962	-0.12923
4963	-0.07523
4964	-0.08861
4965	-0.05022
4966	-0.07885
4967	-0.18569
4968	0.00059
4969	0.00048
4970	-0.00125
4971	-0.01316
4972	-0.02195
4973	-0.01078
4974	0.01599
4975	0.03621
4976	0.03811
4977	0.02624
4978	0.01139
4979	0.00212
4980	-0.00199
4981	-0.00354
4982	-0.00324
4983	-0.00054
4984	0.00426
4985	0.00888
4986	0.01202
4987	0.01632
4988	0.02132
4989	0.02195
4990	0.01801
4991	0.01324
4992	0.00754
4993	0.00100
4994	-0.00115
4995	0.00372
4996	0.00873
4997	0.01088
4998	0.01082
4999	0.00090
5000	0.00195
5001	0.01687
5002	0.00874
5003	-0.00134
5004	-0.00099
5005	-0.00279
5006	0.00290
5007	0.02895
5008	0.01705
5009	-0.37696
5010	-0.27040
5011	-0.11801
5012	-0.04511
5013	1.08995
5014	0.45702
5015	0.03478
5016	0.01980
5017	0.09843
5018	0.06629
5019	0.00441
5020	-0.08375
5021	-0.08725
5022	-0.02161
5023	-0.02611
5024	-0.04739
5025	-0.01040
5026	0.03786
5027	0.06186
5028	0.06108
5029	0.06059
5030	0.07952
5031	0.13356
5032	0.10969
5033	0.03793
5034	-0.00195
5035	-0.02659
5036	-0.02352
5037	-0.02064
5038	-0.03740
5039	-0.10429
5040	-0.15644
5041	-0.18440
5042	-0.24730
5043	-0.29290
5044	-0.27951
5045	-0.24985
5046	-0.18234
5047	-0.05326
5048	-0.05194
5049	-0.12552
5050	-0.12669
5051	-0.05797
5052	-0.02111
5053	0.04140
5054	0.19435
5055	0.28295
5056	0.26926
5057	0.21849
5058	0.19221
5059	0.13984
5060	0.10527
5061	0.07451
5062	0.10941
5063	0.19289
5064	0.15137
5065	0.02097
5066	-0.06862
5067	-0.15622
5068	-0.13080
5069	-0.09829
5070	-0.08298
5071	-0.13746
5072	-0.07549
5073	0.00393
5074	-0.04081
5075	-0.00174
5076	-0.00542
5077	-0.01534
5078	-0.01868
5079	0.00445
5080	0.02893
5081	0.03198
5082	0.02251
5083	0.01186
5084	0.00433
5085	0.00052
5086	-0.00250
5087	-0.00657
5088	-0.00853
5089	-0.00447
5090	0.00389
5091	0.00979
5092	0.01123
5093	0.01238
5094	0.01476
5095	0.01559
5096	0.01331
5097	0.00928
5098	0.00377
5099	-0.00431
5100	-0.00992
5101	-0.00393
5102	0.00681
5103	0.00957
5104	0.00790
5105	0.00324
5106	0.00009
5107	0.00282
5108	0.00259
5109	0.00247
5110	0.00012
5111	-0.00282
5112	-0.00305
5113	-0.02557
5114	-0.00029
5115	-0.00186
5116	-0.19229
5117	-0.00579
5118	-0.15863
5119	0.69376
5120	0.81771
5121	0.04721
5122	-0.01164
5123	0.06656
5124	0.02893
5125	-0.00861
5126	-0.05058
5127	-0.07438
5128	-0.00098
5129	0.01644
5130	0.04881
5131	0.04669
5132	0.05218
5133	0.03165
5134	0.01477
5135	-0.00798
5136	-0.01668
5137	-0.01742
5138	0.00839
5139	0.01091
5140	0.00103
5141	-0.02769
5142	-0.04564
5143	-0.04110
5144	-0.04013
5145	-0.03413
5146	-0.02558
5147	-0.03505
5148	-0.09132
5149	-0.10935
5150	-0.06519
5151	-0.07981
5152	-0.11536
5153	-0.12126
5154	-0.10931
5155	-0.13297
5156	-0.15171
5157	-0.17124
5158	-0.21129
5159	-0.25448
5160	-0.21136
5161	-0.05336
5162	0.04700
5163	0.04810
5164	-0.02743
5165	-0.05210
5166	-0.02443
5167	0.00873
5168	0.02280
5169	0.03602
5170	0.05922
5171	0.05295
5172	0.04913
5173	0.10623
5174	0.09618
5175	0.01905
5176	-0.02451
5177	-0.10814
5178	-0.15165
5179	0.05826
5180	-0.03936
5181	-0.13674
5182	-0.00031
5183	0.00251
5184	0.00697
5185	-0.00608
5186	-0.02035
5187	-0.00935
5188	0.01734
5189	0.03457
5190	0.03003
5191	0.01557
5192	0.00540
5193	0.00090
5194	-0.00115
5195	-0.00237
5196	-0.00221
5197	0.00071
5198	0.00543
5199	0.00844
5200	0.00964
5201	0.01016
5202	0.01158
5203	0.01282
5204	0.01116
5205	0.00729
5206	0.00321
5207	0.00015
5208	-0.00086
5209	-0.00005
5210	-0.00041
5211	0.00447
5212	0.02061
5213	0.01133
5214	0.00223
5215	0.03323
5216	0.02997
5217	0.00165
5218	0.00018
5219	-0.00564
5220	-0.00499
5221	-0.00109
5222	-0.04326
5223	0.08688
5224	-0.10151
5225	-0.00974
5226	-0.17719
5227	0.40837
5228	0.81252
5229	0.17930
5230	0.01619
5231	0.03857
5232	0.05023
5233	-0.01205
5234	-0.15617
5235	-0.23418
5236	-0.07810
5237	-0.06623
5238	-0.10633
5239	-0.06863
5240	-0.00769
5241	0.02385
5242	0.00766
5243	-0.01755
5244	-0.05160
5245	-0.07342
5246	-0.05506
5247	-0.05696
5248	-0.05023
5249	-0.01819
5250	0.00423
5251	-0.00783
5252	-0.06578
5253	-0.09784
5254	-0.12433
5255	-0.21035
5256	-0.21517
5257	-0.11823
5258	-0.03537
5259	-0.01177
5260	-0.06234
5261	-0.10892
5262	-0.15260
5263	-0.18094
5264	-0.14882
5265	-0.11205
5266	-0.14306
5267	-0.13191
5268	-0.07206
5269	-0.00420
5270	0.02156
5271	-0.01290
5272	-0.06033
5273	-0.07526
5274	-0.06435
5275	-0.05307
5276	-0.03136
5277	0.02006
5278	0.07252
5279	0.09488
5280	0.10615
5281	0.05425
5282	-0.09741
5283	-0.08187
5284	-0.09305
5285	-0.10169
5286	-0.03723
5287	0.00797
5288	-0.05631
5289	-0.10822
5290	0.00235
5291	0.01456
5292	0.00085
5293	-0.02206
5294	-0.02243
5295	0.00161
5296	0.03137
5297	0.03914
5298	0.02740
5299	0.01714
5300	0.01020
5301	0.00394
5302	0.00024
5303	-0.00140
5304	-0.00171
5305	0.00056
5306	0.00370
5307	0.00559
5308	0.00953
5309	0.01482
5310	0.01310
5311	0.00611
5312	0.00224
5313	0.00029
5314	-0.00318
5315	-0.00585
5316	-0.00297
5317	0.00388
5318	0.01014
5319	0.01454
5320	0.01084
5321	0.00022
5322	0.00457
5323	0.01658
5324	0.01268
5325	0.00129
5326	-0.00115
5327	-0.00044
5328	-0.00078
5329	0.00061
5330	0.01562
5331	-0.02500
5332	-0.10435
5333	0.01103
5334	-0.05942
5335	-0.29182
5336	0.87720
5337	0.79408
5338	0.09717
5339	0.05186
5340	0.04453
5341	-0.04790
5342	-0.24127
5343	-0.36650
5344	-0.33991
5345	-0.07878
5346	-0.01511
5347	0.16481
5348	0.28416
5349	0.22474
5350	0.24539
5351	0.18622
5352	0.14170
5353	0.12962
5354	0.15593
5355	0.09417
5356	0.02861
5357	0.00887
5358	0.01942
5359	0.05065
5360	0.06055
5361	0.06737
5362	0.02114
5363	-0.05434
5364	-0.10943
5365	-0.13029
5366	-0.13803
5367	-0.10216
5368	-0.09297
5369	-0.13463
5370	-0.16452
5371	-0.21758
5372	-0.22733
5373	-0.22019
5374	-0.22100
5375	-0.11964
5376	0.03674
5377	0.19284
5378	0.15293
5379	0.01655
5380	-0.15699
5381	-0.31527
5382	-0.41653
5383	-0.45450
5384	-0.44566
5385	-0.46410
5386	-0.35344
5387	-0.23156
5388	-0.14854
5389	-0.16899
5390	-0.09584
5391	-0.05488
5392	-0.05448
5393	-0.11516
5394	-0.06178
5395	-0.00003
5396	-0.04806
5397	0.00164
5398	-0.00114
5399	-0.00530
5400	-0.01602
5401	-0.02043
5402	-0.00359
5403	0.02674
5404	0.04593
5405	0.03418
5406	0.01450
5407	0.00683
5408	0.00334
5409	-0.00095
5410	-0.00236
5411	-0.00087
5412	0.00098
5413	0.00331
5414	0.00645
5415	0.00992
5416	0.01316
5417	0.01585
5418	0.01771
5419	0.01722
5420	0.01441
5421	0.01101
5422	0.00679
5423	0.00073
5424	-0.00363
5425	0.00147
5426	0.01691
5427	0.03128
5428	0.02238
5429	0.00104
5430	0.00933
5431	0.02106
5432	0.00915
5433	-0.00052
5434	-0.00145
5435	-0.00437
5436	-0.00069
5437	0.03969
5438	0.01430
5439	-0.36328
5440	-0.21448
5441	-0.06702
5442	-0.10551
5443	0.97242
5444	0.69946
5445	0.13569
5446	0.04008
5447	0.35099
5448	0.34621
5449	0.07590
5450	0.04806
5451	-0.05811
5452	-0.00909
5453	0.05674
5454	0.13403
5455	0.18217
5456	0.19735
5457	0.16212
5458	0.12741
5459	0.03823
5460	0.02300
5461	0.08999
5462	0.12183
5463	0.03229
5464	-0.11116
5465	-0.24667
5466	-0.20769
5467	-0.09039
5468	-0.05372
5469	-0.10646
5470	-0.15367
5471	-0.18856
5472	-0.32108
5473	-0.29225
5474	-0.18222
5475	-0.09610
5476	-0.05296
5477	-0.08717
5478	-0.14479
5479	-0.24460
5480	-0.30992
5481	-0.24037
5482	-0.17010
5483	-0.09837
5484	-0.03529
5485	0.02515
5486	0.05664
5487	0.03620
5488	-0.00039
5489	-0.01701
5490	-0.07210
5491	-0.19564
5492	-0.22078
5493	-0.14953
5494	-0.09386
5495	-0.11664
5496	-0.19971
5497	-0.24492
5498	-0.17058
5499	-0.11218
5500	-0.05661
5501	-0.14643
5502	-0.09705
5503	-0.04491
5504	-0.12294
5505	-0.00002
5506	0.00065
5507	-0.00704
5508	-0.01957
5509	-0.01247
5510	0.01126
5511	0.02988
5512	0.03198
5513	0.02023
5514	0.00868
5515	0.00311
5516	0.00025
5517	-0.00091
5518	-0.00102
5519	0.00023
5520	0.00358
5521	0.00664
5522	0.00858
5523	0.01052
5524	0.01196
5525	0.01251
5526	0.01244
5527	0.01134
5528	0.00874
5529	0.00495
5530	0.00029
5531	-0.00364
5532	-0.00138
5533	0.00841
5534	0.01657
5535	0.01690
5536	0.00561
5537	-0.00002
5538	0.01073
5539	0.01158
5540	0.00159
5541	-0.00269
5542	-0.00808
5543	-0.00483
5544	-0.00262
5545	-0.01778
5546	-0.10685
5547	-0.47466
5548	-0.00889
5549	-0.26068
5550	0.79253
5551	0.90711
5552	0.05132
5553	0.03479
5554	0.05604
5555	-0.01764
5556	-0.06051
5557	-0.09685
5558	-0.08177
5559	-0.01086
5560	0.00876
5561	0.09340
5562	0.14694
5563	0.12989
5564	0.11183
5565	0.06473
5566	0.02445
5567	-0.01027
5568	-0.04371
5569	-0.04324
5570	-0.01980
5571	-0.03175
5572	-0.09515
5573	-0.11131
5574	-0.05204
5575	-0.04712
5576	-0.01046
5577	-0.00171
5578	-0.04079
5579	-0.10786
5580	-0.14533
5581	-0.08566
5582	-0.04316
5583	-0.02490
5584	0.00480
5585	-0.03316
5586	-0.17681
5587	-0.30977
5588	-0.27007
5589	-0.12613
5590	-0.05621
5591	-0.02736
5592	-0.00550
5593	0.01294
5594	0.02377
5595	0.01150
5596	-0.02077
5597	-0.07047
5598	-0.12576
5599	-0.14282
5600	-0.13291
5601	-0.10191
5602	-0.04535
5603	0.00039
5604	0.04334
5605	0.06870
5606	-0.00319
5607	-0.07826
5608	-0.13448
5609	-0.12275
5610	-0.02467
5611	-0.05123
5612	-0.11575
5613	0.00057
5614	0.00227
5615	0.00891
5616	-0.00129
5617	-0.01994
5618	-0.01081
5619	0.01759
5620	0.03320
5621	0.03150
5622	0.02300
5623	0.01332
5624	0.00540
5625	0.00132
5626	-0.00124
5627	-0.00243
5628	-0.00170
5629	0.00087
5630	0.00578
5631	0.01082
5632	0.01356
5633	0.01516
5634	0.01651
5635	0.01701
5636	0.01557
5637	0.01125
5638	0.00497
5639	0.00009
5640	-0.00146
5641	0.00007
5642	0.00381
5643	0.01444
5644	0.02454
5645	0.00751
5646	0.00486
5647	0.03238
5648	0.02295
5649	0.00090
5650	0.00279
5651	0.00030
5652	-0.00006
5653	-0.00797
5654	0.03820
5655	-0.04172
5656	-0.26302
5657	-0.02109
5658	-0.13472
5659	0.72768
5660	0.83441
5661	0.15126
5662	0.01035
5663	0.07662
5664	0.17912
5665	0.03549
5666	-0.07326
5667	-0.09256
5668	-0.04991
5669	-0.05950
5670	-0.09219
5671	-0.06492
5672	-0.05287
5673	-0.06090
5674	-0.07258
5675	-0.08766
5676	-0.05759
5677	-0.01200
5678	0.02187
5679	0.01600
5680	-0.02450
5681	-0.07412
5682	-0.08052
5683	-0.06750
5684	-0.01946
5685	0.02103
5686	0.04312
5687	0.01206
5688	-0.03415
5689	-0.07023
5690	-0.11379
5691	-0.16538
5692	-0.15367
5693	-0.08554
5694	-0.02840
5695	-0.03962
5696	-0.08566
5697	-0.11126
5698	-0.11273
5699	-0.11602
5700	-0.10436
5701	-0.03019
5702	0.03773
5703	0.04288
5704	0.00567
5705	-0.03530
5706	-0.03093
5707	0.00898
5708	0.04054
5709	0.03525
5710	0.03567
5711	0.05379
5712	0.04842
5713	0.01500
5714	-0.08754
5715	-0.11250
5716	-0.10606
5717	-0.06901
5718	-0.00354
5719	0.00295
5720	-0.13542
5721	-0.15717
5722	-0.00017
5723	0.00001
5724	-0.01039
5725	-0.02446
5726	-0.01453
5727	0.01719
5728	0.03276
5729	0.02647
5730	0.01983
5731	0.01589
5732	0.00932
5733	0.00253
5734	-0.00038
5735	-0.00170
5736	-0.00295
5737	-0.00130
5738	0.00319
5739	0.00586
5740	0.00731
5741	0.01078
5742	0.01637
5743	0.01968
5744	0.01711
5745	0.01113
5746	0.00508
5747	-0.00024
5748	-0.00309
5749	-0.00146
5750	0.00436
5751	0.01452
5752	0.02686
5753	0.01859
5754	-0.00011
5755	0.01978
5756	0.03378
5757	0.01011
5758	0.00007
5759	0.00217
5760	-0.00176
5761	0.00002
5762	-0.01924
5763	-0.00185
5764	-0.22519
5765	-0.16044
5766	-0.07364
5767	0.09688
5768	1.08236
5769	0.65725
5770	0.09646
5771	0.11591
5772	0.20059
5773	0.10594
5774	0.02720
5775	-0.14377
5776	-0.16776
5777	-0.06960
5778	-0.03145
5779	-0.01282
5780	-0.00567
5781	-0.01934
5782	-0.06417
5783	-0.09121
5784	-0.06827
5785	0.01989
5786	0.14136
5787	0.14202
5788	0.09778
5789	0.12388
5790	0.03679
5791	-0.02031
5792	-0.02279
5793	0.04378
5794	0.09904
5795	0.06337
5796	0.00305
5797	-0.08121
5798	-0.11269
5799	-0.12172
5800	-0.20718
5801	-0.22424
5802	-0.15155
5803	-0.17187
5804	-0.22969
5805	-0.18592
5806	-0.14448
5807	-0.13809
5808	-0.14455
5809	-0.19901
5810	-0.33481
5811	-0.40414
5812	-0.38803
5813	-0.35758
5814	-0.32956
5815	-0.32112
5816	-0.30233
5817	-0.29841
5818	-0.32289
5819	-0.22236
5820	-0.05162
5821	0.03961
5822	0.05815
5823	-0.05182
5824	-0.12201
5825	-0.09320
5826	-0.08795
5827	-0.10824
5828	0.01422
5829	0.00211
5830	-0.12088
5831	0.00005
5832	0.00044
5833	-0.00476
5834	-0.01358
5835	-0.01265
5836	0.00445
5837	0.02289
5838	0.03135
5839	0.03015
5840	0.01976
5841	0.00777
5842	0.00119
5843	-0.00186
5844	-0.00319
5845	-0.00120
5846	0.00287
5847	0.00613
5848	0.00872
5849	0.01186
5850	0.01511
5851	0.01677
5852	0.01551
5853	0.01178
5854	0.00742
5855	0.00327
5856	-0.00064
5857	-0.00303
5858	-0.00269
5859	0.00020
5860	0.00431
5861	0.00779
5862	0.01322
5863	0.01211
5864	-0.00007
5865	0.01593
5866	0.04459
5867	0.02654
5868	0.00087
5869	0.00006
5870	-0.00373
5871	0.08052
5872	0.00495
5873	-0.11812
5874	-0.34768
5875	-0.07432
5876	-0.08081
5877	0.57157
5878	0.91713
5879	0.12244
5880	0.03256
5881	0.20862
5882	0.21257
5883	0.09250
5884	-0.00386
5885	-0.10686
5886	-0.05163
5887	0.01615
5888	0.06645
5889	0.05457
5890	0.02690
5891	0.03158
5892	0.03143
5893	0.02296
5894	0.02770
5895	0.04587
5896	0.06056
5897	0.06232
5898	0.03908
5899	-0.01590
5900	-0.08215
5901	-0.08914
5902	-0.10892
5903	-0.11967
5904	-0.08236
5905	-0.06046
5906	-0.06147
5907	-0.06784
5908	-0.09826
5909	-0.14487
5910	-0.21805
5911	-0.23174
5912	-0.16844
5913	-0.18429
5914	-0.24238
5915	-0.25637
5916	-0.25846
5917	-0.24760
5918	-0.19286
5919	-0.12212
5920	-0.02861
5921	0.08421
5922	0.09279
5923	-0.00717
5924	-0.09093
5925	-0.11293
5926	-0.09682
5927	-0.07280
5928	-0.04303
5929	-0.00356
5930	0.04269
5931	0.05215
5932	0.04015
5933	-0.02741
5934	-0.07075
5935	-0.09340
5936	-0.09850
5937	-0.10924
5938	-0.03790
5939	-0.06446
5940	-0.14491
5941	0.00011
5942	0.00077
5943	-0.01007
5944	-0.02362
5945	-0.01014
5946	0.01712
5947	0.02688
5948	0.02170
5949	0.01565
5950	0.01108
5951	0.00688
5952	0.00303
5953	-0.00062
5954	-0.00272
5955	-0.00229
5956	0.00043
5957	0.00466
5958	0.00830
5959	0.01073
5960	0.01387
5961	0.01794
5962	0.02060
5963	0.01965
5964	0.01485
5965	0.00765
5966	0.00153
5967	-0.00057
5968	0.00121
5969	0.00515
5970	0.01081
5971	0.01152
5972	0.00104
5973	0.00497
5974	0.01489
5975	0.00673
5976	-0.00152
5977	-0.00774
5978	-0.00563
5979	0.00615
5980	-0.01391
5981	0.04241
5982	-0.29306
5983	-0.00449
5984	-0.11719
5985	0.89605
5986	0.81065
5987	0.14024
5988	-0.00822
5989	0.02580
5990	0.03781
5991	-0.01335
5992	-0.10894
5993	-0.11437
5994	-0.02233
5995	-0.03563
5996	-0.02062
5997	-0.01655
5998	-0.03053
5999	-0.03380
6000	-0.01652
6001	-0.00617
6002	-0.01681
6003	-0.03355
6004	-0.02005
6005	-0.01461
6006	-0.03842
6007	-0.05696
6008	-0.06115
6009	-0.06630
6010	-0.04583
6011	-0.01811
6012	-0.01236
6013	-0.04425
6014	-0.07854
6015	-0.06899
6016	-0.01457
6017	0.02935
6018	0.06841
6019	0.07359
6020	0.05119
6021	0.00995
6022	-0.06224
6023	-0.08431
6024	-0.06539
6025	-0.04107
6026	-0.08754
6027	-0.07274
6028	0.03410
6029	0.12301
6030	0.07566
6031	-0.00936
6032	-0.05972
6033	-0.10166
6034	-0.12774
6035	-0.12285
6036	-0.09863
6037	-0.06638
6038	-0.04162
6039	-0.05728
6040	-0.08310
6041	-0.06876
6042	-0.07778
6043	-0.12678
6044	-0.14357
6045	-0.04467
6046	-0.01753
6047	-0.08241
6048	-0.00018
6049	-0.00307
6050	-0.00752
6051	-0.01750
6052	-0.01271
6053	0.01298
6054	0.02968
6055	0.02456
6056	0.01294
6057	0.00618
6058	0.00324
6059	0.00103
6060	-0.00183
6061	-0.00362
6062	-0.00304
6063	-0.00110
6064	0.00140
6065	0.00450
6066	0.00867
6067	0.01368
6068	0.01803
6069	0.01892
6070	0.01437
6071	0.00529
6072	-0.00443
6073	-0.00951
6074	-0.00629
6075	0.00296
6076	0.01271
6077	0.01922
6078	0.00986
6079	-0.00334
6080	0.01094
6081	0.03019
6082	0.01854
6083	0.00127
6084	0.00032
6085	-0.00191
6086	-0.00099
6087	0.00056
6088	-0.00014
6089	-0.00904
6090	-0.07842
6091	0.01429
6092	-0.08825
6093	0.51574
6094	0.63104
6095	0.26201
6096	0.02768
6097	0.00695
6098	0.04301
6099	-0.01250
6100	-0.12858
6101	-0.19841
6102	-0.05294
6103	-0.00508
6104	-0.00126
6105	-0.01755
6106	-0.01114
6107	-0.01363
6108	-0.03587
6109	-0.05990
6110	-0.07152
6111	-0.06265
6112	-0.03210
6113	-0.00867
6114	-0.02162
6115	-0.05070
6116	-0.05321
6117	-0.02157
6118	0.02148
6119	0.02227
6120	-0.03195
6121	-0.11219
6122	-0.18416
6123	-0.17577
6124	-0.11590
6125	-0.13214
6126	-0.14072
6127	-0.16409
6128	-0.16765
6129	-0.12459
6130	-0.16649
6131	-0.21792
6132	-0.21648
6133	-0.15590
6134	-0.12857
6135	-0.12518
6136	-0.06761
6137	0.03523
6138	0.13130
6139	0.13629
6140	0.07336
6141	0.03017
6142	0.02416
6143	0.03362
6144	0.05181
6145	0.10599
6146	0.14183
6147	0.14022
6148	0.18064
6149	0.09136
6150	-0.01466
6151	-0.05959
6152	-0.12005
6153	-0.06869
6154	0.01512
6155	-0.13250
6156	-0.14433
6157	-0.01931
6158	0.00239
6159	0.00299
6160	-0.01382
6161	-0.01963
6162	0.00066
6163	0.02517
6164	0.03522
6165	0.02701
6166	0.01289
6167	0.00481
6168	0.00115
6169	-0.00157
6170	-0.00242
6171	-0.00149
6172	-0.00017
6173	0.00239
6174	0.00655
6175	0.01019
6176	0.01161
6177	0.01201
6178	0.01301
6179	0.01359
6180	0.01205
6181	0.00841
6182	0.00270
6183	-0.00289
6184	-0.00287
6185	0.00315
6186	0.01268
6187	0.02138
6188	0.01141
6189	0.00004
6190	0.01476
6191	0.01451
6192	0.00031
6193	-0.00174
6194	-0.00343
6195	-0.00229
6196	0.00749
6197	-0.00180
6198	-0.13758
6199	-0.40478
6200	0.00530
6201	-0.07407
6202	0.96211
6203	0.84040
6204	0.12317
6205	0.00970
6206	0.12867
6207	0.10056
6208	0.02952
6209	-0.07707
6210	-0.12238
6211	-0.03693
6212	-0.03218
6213	-0.03592
6214	-0.02076
6215	-0.01565
6216	-0.03112
6217	-0.05066
6218	-0.08043
6219	-0.08845
6220	-0.03108
6221	0.01700
6222	0.02166
6223	-0.01482
6224	-0.06910
6225	-0.07001
6226	-0.07333
6227	-0.07982
6228	-0.05051
6229	-0.05149
6230	-0.11097
6231	-0.11580
6232	-0.13129
6233	-0.17307
6234	-0.12473
6235	-0.06277
6236	-0.01417
6237	-0.04186
6238	-0.13789
6239	-0.21072
6240	-0.25498
6241	-0.25327
6242	-0.19776
6243	-0.15116
6244	-0.09963
6245	-0.01814
6246	0.02477
6247	0.02934
6248	0.02630
6249	0.02343
6250	0.00782
6251	-0.00706
6252	0.00897
6253	0.07004
6254	0.14163
6255	0.13799
6256	0.10643
6257	0.09440
6258	-0.03366
6259	-0.11310
6260	-0.17409
6261	-0.18481
6262	-0.06640
6263	-0.01799
6264	-0.07933
6265	-0.11111
6266	-0.00002
6267	0.00792
6268	0.00622
6269	-0.01434
6270	-0.02047
6271	-0.00211
6272	0.01946
6273	0.02801
6274	0.02559
6275	0.01926
6276	0.01228
6277	0.00651
6278	0.00242
6279	-0.00055
6280	-0.00228
6281	-0.00108
6282	0.00371
6283	0.00663
6284	0.00633
6285	0.00850
6286	0.01470
6287	0.01862
6288	0.01769
6289	0.01512
6290	0.01154
6291	0.00444
6292	-0.00272
6293	-0.00222
6294	0.00563
6295	0.01485
6296	0.02211
6297	0.01884
6298	0.00212
6299	0.00854
6300	0.03023
6301	0.01700
6302	0.00011
6303	0.00310
6304	-0.00041
6305	0.00430
6306	0.08912
6307	-0.13883
6308	-0.64807
6309	-0.18001
6310	-0.10324
6311	0.24632
6312	1.49791
6313	0.57114
6314	-0.04118
6315	0.22035
6316	0.28462
6317	0.09895
6318	0.09041
6319	0.07518
6320	0.04475
6321	0.02964
6322	0.02370
6323	0.03801
6324	0.08499
6325	0.09618
6326	0.12554
6327	0.11338
6328	0.09839
6329	0.12977
6330	0.11452
6331	0.08876
6332	0.02465
6333	-0.04630
6334	-0.12361
6335	-0.10805
6336	-0.06907
6337	-0.02567
6338	0.02243
6339	0.04399
6340	0.01853
6341	-0.05706
6342	-0.11447
6343	-0.14164
6344	-0.19656
6345	-0.22152
6346	-0.18873
6347	-0.20103
6348	-0.31715
6349	-0.38016
6350	-0.25109
6351	-0.11080
6352	-0.02504
6353	0.01046
6354	0.04479
6355	0.01640
6356	-0.13191
6357	-0.26508
6358	-0.34508
6359	-0.42912
6360	-0.38324
6361	-0.31942
6362	-0.21836
6363	-0.14227
6364	-0.08631
6365	-0.14667
6366	-0.14571
6367	-0.07516
6368	-0.04730
6369	-0.07067
6370	-0.06923
6371	-0.01906
6372	0.00164
6373	-0.14637
6374	-0.00002
6375	0.00063
6376	-0.00879
6377	-0.01921
6378	-0.00553
6379	0.01883
6380	0.03262
6381	0.03579
6382	0.02666
6383	0.01122
6384	0.00184
6385	-0.00059
6386	-0.00115
6387	-0.00101
6388	0.00066
6389	0.00496
6390	0.00983
6391	0.01196
6392	0.01098
6393	0.01025
6394	0.01138
6395	0.01159
6396	0.00829
6397	0.00388
6398	0.00059
6399	-0.00193
6400	-0.00333
6401	-0.00232
6402	0.00060
6403	0.00283
6404	0.00477
6405	0.01063
6406	0.00837
6407	-0.00518
6408	0.01752
6409	0.06441
6410	0.03994
6411	-0.00197
6412	0.00579
6413	0.00620
6414	0.00021
6415	-0.00119
6416	0.00557
6417	-0.00503
6418	-0.00485
6419	0.05430
6420	-0.06716
6421	0.19154
6422	0.51843
6423	0.21902
6424	0.06286
6425	0.11519
6426	0.14942
6427	0.09890
6428	0.05438
6429	0.03616
6430	0.03240
6431	0.01876
6432	0.03851
6433	0.14500
6434	0.23101
6435	0.18991
6436	0.21897
6437	0.18726
6438	0.08902
6439	0.07308
6440	0.08673
6441	0.01617
6442	-0.06968
6443	-0.08634
6444	-0.07855
6445	-0.03297
6446	-0.00279
6447	0.02416
6448	0.00649
6449	-0.07498
6450	-0.10936
6451	-0.13929
6452	-0.16018
6453	-0.18175
6454	-0.26861
6455	-0.25167
6456	-0.17469
6457	-0.17652
6458	-0.23995
6459	-0.29329
6460	-0.29347
6461	-0.29209
6462	-0.17826
6463	-0.02127
6464	0.03950
6465	0.02825
6466	-0.03489
6467	-0.14204
6468	-0.26388
6469	-0.42631
6470	-0.47646
6471	-0.38279
6472	-0.29563
6473	-0.25768
6474	-0.15171
6475	-0.19898
6476	-0.25097
6477	-0.17595
6478	-0.05707
6479	-0.05167
6480	-0.12525
6481	-0.04908
6482	-0.00873
6483	0.00482
6484	-0.00298
6485	-0.01347
6486	-0.02154
6487	-0.00546
6488	0.01967
6489	0.02944
6490	0.02585
6491	0.01592
6492	0.00583
6493	0.00118
6494	0.00055
6495	-0.00101
6496	-0.00404
6497	-0.00473
6498	-0.00114
6499	0.00398
6500	0.00839
6501	0.01167
6502	0.01491
6503	0.01789
6504	0.01863
6505	0.01590
6506	0.01017
6507	0.00229
6508	-0.00600
6509	-0.00905
6510	-0.00048
6511	0.01052
6512	0.01279
6513	0.01176
6514	0.00410
6515	-0.00001
6516	0.00593
6517	0.00798
6518	0.00320
6519	-0.00030
6520	0.00006
6521	0.00557
6522	0.02382
6523	-0.01700
6524	-0.26110
6525	-0.27717
6526	-0.02603
6527	0.08951
6528	1.14981
6529	0.36211
6530	-0.01284
6531	0.16831
6532	0.41279
6533	0.25333
6534	0.16703
6535	0.10043
6536	-0.05301
6537	-0.10761
6538	-0.11456
6539	-0.24226
6540	-0.25545
6541	-0.21776
6542	-0.18161
6543	-0.15378
6544	-0.08503
6545	-0.00527
6546	0.03607
6547	0.02697
6548	-0.04022
6549	-0.10302
6550	-0.15760
6551	-0.15897
6552	-0.05238
6553	0.03006
6554	0.06638
6555	0.02974
6556	-0.03937
6557	-0.12693
6558	-0.19157
6559	-0.16241
6560	-0.14282
6561	-0.14908
6562	-0.17751
6563	-0.14605
6564	-0.16237
6565	-0.24241
6566	-0.28035
6567	-0.23366
6568	-0.18996
6569	-0.15463
6570	-0.10215
6571	-0.08655
6572	-0.07188
6573	-0.05343
6574	-0.06602
6575	-0.08765
6576	-0.07531
6577	-0.02540
6578	0.01067
6579	0.03039
6580	0.03853
6581	0.01222
6582	-0.01356
6583	0.01050
6584	0.05178
6585	0.01153
6586	-0.05918
6587	-0.09268
6588	-0.05955
6589	-0.01146
6590	-0.04976
6591	-0.15199
6592	-0.03195
6593	0.01226
6594	0.01750
6595	-0.01111
6596	-0.02876
6597	-0.01543
6598	0.01251
6599	0.03422
6600	0.03612
6601	0.02573
6602	0.01545
6603	0.00741
6604	0.00104
6605	-0.00368
6606	-0.00514
6607	0.00157
6608	0.01300
6609	0.01992
6610	0.02523
6611	0.03062
6612	0.03096
6613	0.02596
6614	0.01752
6615	0.00714
6616	-0.00250
6617	-0.00443
6618	0.00609
6619	0.01608
6620	0.01085
6621	0.00277
6622	0.00016
6623	0.00332
6624	0.01306
6625	0.00821
6626	-0.00013
6627	0.00523
6628	0.00597
6629	0.00358
6630	0.00611
6631	0.01256
6632	-0.01962
6633	-0.06292
6634	0.06114
6635	-0.08537
6636	0.27376
6637	0.81489
6638	0.20954
6639	0.02967
6640	0.03579
6641	0.00474
6642	-0.07098
6643	-0.14367
6644	-0.13946
6645	-0.08286
6646	-0.01136
6647	0.00967
6648	0.01632
6649	0.04757
6650	0.08422
6651	0.04538
6652	0.00160
6653	-0.02305
6654	-0.03300
6655	-0.01743
6656	-0.01538
6657	-0.03557
6658	-0.03088
6659	-0.02029
6660	-0.02792
6661	-0.01960
6662	-0.02786
6663	-0.06356
6664	-0.12407
6665	-0.14440
6666	-0.10389
6667	-0.09005
6668	-0.09922
6669	-0.09115
6670	-0.06966
6671	-0.09245
6672	-0.12891
6673	-0.12747
6674	-0.15911
6675	-0.24044
6676	-0.23581
6677	-0.12288
6678	-0.02759
6679	0.14983
6680	0.26466
6681	0.25950
6682	0.24179
6683	0.16390
6684	0.08424
6685	0.03946
6686	0.04422
6687	0.07011
6688	0.08009
6689	0.09288
6690	0.18483
6691	0.11198
6692	-0.01919
6693	-0.08925
6694	-0.11475
6695	-0.07000
6696	0.06303
6697	-0.05648
6698	-0.20619
6699	-0.00052
6700	0.00205
6701	0.00074
6702	-0.01404
6703	-0.01989
6704	-0.00446
6705	0.01632
6706	0.02822
6707	0.02726
6708	0.01975
6709	0.01205
6710	0.00594
6711	0.00197
6712	-0.00109
6713	-0.00250
6714	-0.00060
6715	0.00150
6716	0.00274
6717	0.00638
6718	0.01393
6719	0.02190
6720	0.02585
6721	0.02528
6722	0.02201
6723	0.01695
6724	0.00902
6725	0.00101
6726	0.00004
6727	0.00806
6728	0.01821
6729	0.01800
6730	0.00020
6731	-0.00385
6732	0.01098
6733	0.00662
6734	-0.00095
6735	-0.00086
6736	-0.00525
6737	-0.00237
6738	0.04163
6739	0.00866
6740	-0.09321
6741	-0.28184
6742	0.02590
6743	-0.48895
6744	1.04930
6745	0.94928
6746	-0.01446
6747	0.03656
6748	0.18106
6749	0.14361
6750	0.19197
6751	0.12866
6752	0.03880
6753	-0.00259
6754	-0.00814
6755	-0.00670
6756	0.02946
6757	0.05883
6758	0.06535
6759	0.04619
6760	0.01254
6761	-0.00814
6762	-0.03255
6763	-0.03825
6764	-0.05785
6765	-0.07063
6766	-0.07438
6767	-0.11325
6768	-0.06843
6769	-0.00327
6770	0.05349
6771	0.07798
6772	0.05516
6773	-0.01288
6774	-0.09274
6775	-0.16485
6776	-0.15504
6777	-0.09326
6778	-0.04525
6779	-0.06306
6780	-0.12568
6781	-0.18713
6782	-0.18469
6783	-0.09606
6784	-0.00329
6785	0.02655
6786	-0.02889
6787	-0.08479
6788	-0.06003
6789	0.01696
6790	0.01336
6791	-0.08903
6792	-0.18524
6793	-0.18368
6794	-0.17710
6795	-0.18942
6796	-0.14914
6797	-0.09614
6798	-0.14814
6799	-0.17328
6800	-0.13335
6801	-0.07537
6802	-0.04381
6803	-0.10267
6804	-0.02880
6805	-0.03108
6806	0.00105
6807	0.00048
6808	-0.00136
6809	-0.01676
6810	-0.02277
6811	-0.00083
6812	0.02747
6813	0.03735
6814	0.03084
6815	0.01943
6816	0.00896
6817	0.00245
6818	-0.00018
6819	-0.00109
6820	-0.00001
6821	0.00303
6822	0.00458
6823	0.00543
6824	0.00798
6825	0.01157
6826	0.01503
6827	0.01808
6828	0.01845
6829	0.01385
6830	0.00659
6831	0.00173
6832	0.00016
6833	0.00015
6834	0.00354
6835	0.01226
6836	0.01971
6837	0.01073
6838	-0.00003
6839	0.01505
6840	0.02348
6841	0.00960
6842	-0.00055
6843	0.00173
6844	0.00025
6845	-0.00067
6846	-0.00005
6847	-0.03619
6848	0.00959
6849	0.04586
6850	0.07625
6851	0.00541
6852	0.09677
6853	0.54344
6854	0.43458
6855	0.08917
6856	0.06895
6857	0.11390
6858	0.03592
6859	-0.15328
6860	-0.28993
6861	-0.16335
6862	-0.03969
6863	-0.05699
6864	-0.03267
6865	0.03469
6866	0.05733
6867	0.09379
6868	0.08090
6869	0.02501
6870	0.03738
6871	0.10986
6872	0.09897
6873	0.04911
6874	-0.02212
6875	-0.05922
6876	-0.02649
6877	-0.00913
6878	-0.03257
6879	-0.07585
6880	-0.11904
6881	-0.21912
6882	-0.35569
6883	-0.32051
6884	-0.20112
6885	-0.14442
6886	-0.10466
6887	-0.10120
6888	-0.13257
6889	-0.17496
6890	-0.16450
6891	-0.12820
6892	-0.13844
6893	-0.12064
6894	-0.10902
6895	-0.08988
6896	-0.07905
6897	-0.08383
6898	-0.09936
6899	-0.09490
6900	-0.02665
6901	0.04113
6902	0.04632
6903	0.03170
6904	0.04475
6905	0.08128
6906	0.10250
6907	0.11951
6908	0.02588
6909	-0.03766
6910	-0.03461
6911	-0.03918
6912	-0.07735
6913	0.02214
6914	-0.07901
6915	0.00177
6916	-0.00021
6917	0.00445
6918	-0.00154
6919	-0.01541
6920	-0.01534
6921	0.00591
6922	0.03148
6923	0.03951
6924	0.02973
6925	0.01547
6926	0.00478
6927	0.00012
6928	-0.00071
6929	0.00052
6930	0.00385
6931	0.00639
6932	0.00738
6933	0.00875
6934	0.00963
6935	0.00968
6936	0.00972
6937	0.00843
6938	0.00547
6939	0.00246
6940	0.00061
6941	-0.00050
6942	-0.00058
6943	0.00086
6944	0.00237
6945	0.00147
6946	0.00284
6947	0.01049
6948	0.00556
6949	0.00116
6950	0.02608
6951	0.03741
6952	0.01130
6953	-0.00086
6954	-0.00020
6955	-0.00428
6956	-0.00006
6957	0.03802
6958	0.03321
6959	-0.15182
6960	-0.03709
6961	-0.18080
6962	0.46329
6963	1.06348
6964	0.19064
6965	0.01345
6966	0.21032
6967	0.08379
6968	-0.06443
6969	-0.13610
6970	-0.25581
6971	-0.27636
6972	-0.08680
6973	-0.09032
6974	-0.04685
6975	-0.00197
6976	0.02837
6977	0.05443
6978	0.00654
6979	-0.03216
6980	-0.04772
6981	-0.03682
6982	-0.03522
6983	-0.06522
6984	-0.08364
6985	-0.03894
6986	0.00410
6987	0.01903
6988	-0.01853
6989	-0.07753
6990	-0.10429
6991	-0.14458
6992	-0.09309
6993	-0.04706
6994	-0.07757
6995	-0.17398
6996	-0.16193
6997	-0.11758
6998	-0.11830
6999	-0.11276
7000	-0.11891
7001	-0.11092
7002	-0.12427
7003	-0.07610
7004	-0.00821
7005	0.08763
7006	0.21200
7007	0.25037
7008	0.15995
7009	0.04927
7010	-0.02241
7011	-0.02084
7012	-0.00936
7013	-0.01064
7014	0.01465
7015	0.05426
7016	0.04966
7017	0.02342
7018	-0.06968
7019	-0.08745
7020	-0.06472
7021	-0.04340
7022	-0.03854
7023	0.03372
7024	-0.05381
7025	-0.11263
7026	0.00005
7027	-0.00166
7028	-0.00671
7029	-0.00859
7030	-0.00532
7031	0.00051
7032	0.00711
7033	0.01238
7034	0.01468
7035	0.01354
7036	0.00911
7037	0.00380
7038	-0.00047
7039	-0.00374
7040	-0.00491
7041	-0.00264
7042	0.00149
7043	0.00554
7044	0.01001
7045	0.01458
7046	0.01796
7047	0.01849
7048	0.01567
7049	0.01069
7050	0.00451
7051	-0.00209
7052	-0.00547
7053	0.00080
7054	0.01330
7055	0.02191
7056	0.02171
7057	0.00591
7058	0.00069
7059	0.01051
7060	0.00820
7061	0.00094
7062	-0.00043
7063	-0.00045
7064	0.00016
7065	0.00291
7066	0.00385
7067	-0.04307
7068	-0.16898
7069	-0.04828
7070	-0.05347
7071	0.00894
7072	0.92466
7073	0.55172
7074	0.01925
7075	0.02675
7076	0.13537
7077	0.07809
7078	-0.01846
7079	-0.13223
7080	-0.07828
7081	0.00957
7082	0.11548
7083	0.12675
7084	0.12831
7085	0.08111
7086	0.03920
7087	-0.01547
7088	-0.05400
7089	-0.09136
7090	-0.12499
7091	-0.10448
7092	-0.09416
7093	-0.15492
7094	-0.16938
7095	-0.14183
7096	-0.10285
7097	-0.01884
7098	0.02936
7099	0.06219
7100	0.04161
7101	0.01140
7102	-0.05841
7103	-0.08987
7104	-0.04767
7105	-0.00236
7106	-0.00811
7107	-0.08276
7108	-0.17254
7109	-0.24948
7110	-0.13276
7111	-0.00492
7112	0.03124
7113	0.06869
7114	0.15113
7115	0.14130
7116	0.02557
7117	-0.16019
7118	-0.24630
7119	-0.28255
7120	-0.37331
7121	-0.39461
7122	-0.37634
7123	-0.30552
7124	-0.13576
7125	-0.04101
7126	-0.00625
7127	-0.02358
7128	-0.05910
7129	-0.04538
7130	-0.09306
7131	-0.09903
7132	0.02595
7133	-0.06071
7134	-0.09455
7135	0.00015
7136	0.00299
7137	-0.00257
7138	-0.01702
7139	-0.01038
7140	0.01013
7141	0.02129
7142	0.02408
7143	0.01877
7144	0.00842
7145	0.00173
7146	-0.00099
7147	-0.00314
7148	-0.00512
7149	-0.00524
7150	-0.00205
7151	0.00343
7152	0.00866
7153	0.01374
7154	0.01752
7155	0.01768
7156	0.01511
7157	0.01208
7158	0.00845
7159	0.00330
7160	-0.00118
7161	-0.00217
7162	0.00144
7163	0.00720
7164	0.01445
7165	0.02013
7166	0.00893
7167	-0.00039
7168	0.02066
7169	0.03483
7170	0.01322
7171	-0.00002
7172	0.00203
7173	-0.00176
7174	0.00188
7175	0.00303
7176	-0.06796
7177	-0.32255
7178	-0.12192
7179	-0.10218
7180	0.15640
7181	1.03148
7182	0.49814
7183	0.01245
7184	0.17627
7185	0.21933
7186	0.04563
7187	-0.11182
7188	-0.29844
7189	-0.24928
7190	-0.12417
7191	-0.15899
7192	-0.15311
7193	-0.03470
7194	0.01922
7195	0.05187
7196	0.04801
7197	0.03403
7198	0.04686
7199	0.07860
7200	0.03396
7201	-0.01130
7202	-0.06981
7203	-0.04402
7204	0.00498
7205	0.06894
7206	0.10370
7207	0.06995
7208	0.01836
7209	-0.07622
7210	-0.18172
7211	-0.17174
7212	-0.16965
7213	-0.16676
7214	-0.09591
7215	-0.06350
7216	-0.11795
7217	-0.13466
7218	-0.08905
7219	-0.06009
7220	-0.05393
7221	-0.06195
7222	-0.05988
7223	-0.04021
7224	0.02904
7225	0.05211
7226	-0.00325
7227	-0.08695
7228	-0.11506
7229	-0.07953
7230	-0.08571
7231	-0.12077
7232	-0.10247
7233	-0.05026
7234	-0.02061
7235	0.00470
7236	0.03332
7237	0.00654
7238	-0.04657
7239	-0.08631
7240	-0.05296
7241	0.05247
7242	-0.13529
7243	-0.23786
7244	-0.06608
7245	-0.00005
7246	0.00100
7247	-0.00588
7248	-0.01515
7249	-0.01158
7250	0.00321
7251	0.02118
7252	0.03115
7253	0.02500
7254	0.01230
7255	0.00403
7256	-0.00003
7257	-0.00213
7258	-0.00321
7259	-0.00399
7260	-0.00230
7261	0.00338
7262	0.01038
7263	0.01615
7264	0.01943
7265	0.01978
7266	0.01813
7267	0.01487
7268	0.01051
7269	0.00607
7270	0.00137
7271	-0.00185
7272	0.00154
7273	0.00990
7274	0.01868
7275	0.01888
7276	0.00200
7277	0.00326
7278	0.01765
7279	0.00785
7280	-0.00162
7281	-0.00078
7282	-0.00256
7283	-0.00188
7284	0.00275
7285	0.02108
7286	-0.05742
7287	-0.31586
7288	-0.06377
7289	-0.12842
7290	0.46056
7291	0.68862
7292	0.14193
7293	0.04514
7294	0.11977
7295	0.16745
7296	0.01287
7297	-0.04653
7298	-0.04889
7299	0.00193
7300	-0.00753
7301	-0.03562
7302	-0.00455
7303	0.01060
7304	0.01688
7305	-0.01830
7306	-0.02133
7307	0.00926
7308	0.09843
7309	0.13945
7310	0.12251
7311	0.05370
7312	-0.04198
7313	-0.04191
7314	-0.00858
7315	0.07175
7316	0.10800
7317	0.06527
7318	0.01573
7319	-0.03461
7320	-0.04265
7321	-0.02725
7322	-0.04380
7323	-0.09256
7324	-0.13214
7325	-0.20397
7326	-0.29769
7327	-0.36263
7328	-0.36993
7329	-0.29868
7330	-0.27126
7331	-0.24235
7332	-0.20360
7333	-0.18705
7334	-0.14883
7335	-0.11835
7336	-0.13688
7337	-0.15645
7338	-0.16088
7339	-0.13528
7340	-0.10627
7341	-0.09213
7342	-0.05659
7343	0.00274
7344	0.04132
7345	0.09518
7346	0.04118
7347	-0.03629
7348	-0.09267
7349	-0.10061
7350	-0.04465
7351	0.01057
7352	-0.07125
7353	-0.13491
7354	0.00044
7355	0.00702
7356	-0.00819
7357	-0.02927
7358	-0.02117
7359	0.00940
7360	0.03164
7361	0.03783
7362	0.03511
7363	0.02289
7364	0.00857
7365	0.00092
7366	-0.00245
7367	-0.00410
7368	-0.00449
7369	-0.00352
7370	0.00150
7371	0.01094
7372	0.01925
7373	0.02282
7374	0.02112
7375	0.01720
7376	0.01207
7377	0.00508
7378	-0.00102
7379	-0.00369
7380	-0.00230
7381	0.00097
7382	0.00343
7383	0.00541
7384	0.00616
7385	0.00042
7386	0.00086
7387	0.02060
7388	0.02671
7389	0.00914
7390	-0.00127
7391	-0.00220
7392	-0.00494
7393	-0.00082
7394	-0.01160
7395	0.00475
7396	-0.08371
7397	-0.17682
7398	0.02438
7399	-0.16381
7400	0.64201
7401	0.54281
7402	0.04728
7403	0.04887
7404	0.11188
7405	0.12073
7406	0.08022
7407	0.13673
7408	0.23204
7409	0.06674
7410	0.13361
7411	0.29156
7412	0.19939
7413	0.10302
7414	0.09835
7415	0.06108
7416	0.01014
7417	0.02958
7418	0.09221
7419	0.05844
7420	0.01200
7421	-0.01192
7422	-0.00393
7423	-0.01147
7424	-0.03634
7425	-0.06246
7426	-0.07139
7427	-0.07398
7428	-0.09028
7429	-0.16074
7430	-0.15688
7431	-0.11894
7432	-0.17080
7433	-0.27228
7434	-0.30768
7435	-0.24546
7436	-0.25168
7437	-0.26851
7438	-0.17292
7439	-0.09649
7440	-0.10907
7441	-0.18793
7442	-0.16147
7443	-0.13994
7444	-0.20660
7445	-0.23259
7446	-0.20435
7447	-0.27819
7448	-0.39098
7449	-0.37285
7450	-0.26947
7451	-0.17856
7452	-0.07715
7453	0.02841
7454	0.06962
7455	0.10110
7456	-0.04055
7457	-0.10264
7458	-0.04600
7459	-0.06477
7460	-0.05838
7461	-0.00830
7462	-0.12374
7463	-0.10876
7464	0.00004
7465	-0.00402
7466	-0.01688
7467	-0.02109
7468	-0.00217
7469	0.01793
7470	0.02421
7471	0.02227
7472	0.01482
7473	0.00530
7474	-0.00035
7475	-0.00270
7476	-0.00389
7477	-0.00268
7478	-0.00065
7479	0.00056
7480	0.00329
7481	0.00733
7482	0.01041
7483	0.01404
7484	0.01911
7485	0.02071
7486	0.01702
7487	0.01236
7488	0.00838
7489	0.00353
7490	0.00001
7491	0.00331
7492	0.01137
7493	0.01681
7494	0.00917
7495	-0.00139
7496	0.01188
7497	0.01582
7498	0.00182
7499	0.00076
7500	0.00114
7501	0.00148
7502	0.00168
7503	-0.00765
7504	-0.01607
7505	-0.24864
7506	0.05283
7507	-0.24875
7508	0.25345
7509	0.62033
7510	0.06804
7511	0.01451
7512	-0.00805
7513	-0.00308
7514	0.03758
7515	0.14785
7516	0.25367
7517	0.13344
7518	0.12201
7519	0.08211
7520	0.11771
7521	0.12712
7522	0.07747
7523	0.07000
7524	0.03857
7525	-0.01601
7526	-0.07148
7527	-0.09266
7528	-0.09426
7529	-0.04451
7530	-0.01317
7531	-0.05920
7532	-0.18963
7533	-0.15311
7534	-0.35293
7535	-0.48293
7536	-0.34919
7537	-0.22829
7538	-0.14800
7539	-0.10839
7540	-0.09940
7541	-0.13613
7542	-0.17966
7543	-0.13024
7544	-0.06481
7545	-0.02886
7546	0.00677
7547	0.04101
7548	0.07782
7549	0.14041
7550	0.18541
7551	0.15682
7552	0.10012
7553	0.06147
7554	0.04019
7555	0.02906
7556	0.00970
7557	-0.03517
7558	-0.07460
7559	-0.09013
7560	-0.02599
7561	-0.01387
7562	0.08687
7563	-0.03209
7564	0.00124
7565	-0.00096
7566	-0.03481
7567	-0.05330
7568	-0.01636
7569	0.02845
7570	0.04479
7571	0.03735
7572	0.01758
7573	0.00196
7574	-0.00348
7575	-0.00913
7576	-0.01564
7577	-0.00933
7578	0.01213
7579	0.02537
7580	0.02756
7581	0.02857
7582	0.01939
7583	0.00054
7584	-0.00985
7585	-0.00890
7586	-0.00289
7587	-0.00032
7588	-0.01238
7589	-0.03020
7590	-0.01769
7591	0.00362
7592	0.00223
7593	-0.00212
7594	0.00024
7595	0.00790
7596	0.01599
7597	0.01728
7598	0.00790
7599	-0.04710
7600	0.14052
7601	0.42805
7602	0.34860
7603	0.21721
7604	-0.05040
7605	0.22517
7606	-0.22895
7607	-0.21131
7608	-0.12990
7609	-0.05729
7610	0.03611
7611	0.03290
7612	-0.03412
7613	-0.12641
7614	-0.12786
7615	-0.11411
7616	-0.10963
7617	-0.14780
7618	-0.28020
7619	-0.37708
7620	-0.45009
7621	-0.42020
7622	-0.39440
7623	-0.30014
7624	-0.22832
7625	-0.22611
7626	-0.38185
7627	-0.41983
7628	-0.16312
7629	0.02752
7630	0.12486
7631	0.18766
7632	0.14069
7633	0.05633
7634	-0.00647
7635	-0.00273
7636	0.03065
7637	0.03920
7638	0.04304
7639	0.02351
7640	0.00157
7641	0.00263
7642	0.00326
7643	0.00103
7644	-0.00241
7645	-0.00767
7646	-0.01738
7647	-0.02786
7648	-0.02943
7649	-0.02257
7650	-0.00922
7651	0.01330
7652	0.03407
7653	0.03736
7654	0.02803
7655	0.01905
7656	0.01301
7657	0.00521
7658	-0.00266
7659	-0.00254
7660	0.00069
7661	0.00216
7662	0.00464
7663	0.00843
7664	0.01015
7665	0.01011
7666	0.00970
7667	0.00851
7668	0.00600
7669	0.00215
7670	-0.00642
7671	-0.02908
7672	-0.04534
7673	-0.00782
7674	0.02396
7675	0.00785
7676	-0.00408
7677	0.00484
7678	0.00316
7679	-0.01137
7680	0.01018
7681	0.13532
7682	0.19976
7683	0.00357
7684	-0.00489
7685	-0.00420
7686	0.32662
7687	0.13198
7688	-0.17894
7689	-0.24200
7690	0.00252
7691	-0.06238
7692	0.29688
7693	0.08330
7694	-0.01297
7695	-0.01654
7696	-0.03084
7697	-0.05751
7698	-0.08353
7699	-0.09190
7700	-0.12651
7701	-0.07933
7702	-0.00084
7703	-0.07217
7704	-0.01990
7705	-0.07035
7706	-0.06040
7707	-0.00414
7708	-0.00213
7709	0.00891
7710	0.00189
7711	0.05771
7712	0.04765
7713	0.03103
7714	-0.08734
7715	-0.00743
7716	0.00000
7717	0.00861
7718	0.01607
7719	0.01671
7720	0.01279
7721	0.00710
7722	-0.00164
7723	-0.01623
7724	-0.02981
7725	-0.02265
7726	0.00255
7727	0.02442
7728	0.03661
7729	0.04151
7730	0.03895
7731	0.03089
7732	0.02222
7733	0.01145
7734	-0.00036
7735	-0.00296
7736	0.00213
7737	0.00721
7738	0.01094
7739	0.01391
7740	0.01431
7741	0.00929
7742	0.00073
7743	-0.00537
7744	-0.00575
7745	0.00049
7746	0.00285
7747	-0.04144
7748	-0.08183
7749	-0.00888
7750	0.03958
7751	0.00699
7752	-0.00245
7753	0.01829
7754	0.01643
7755	-0.01884
7756	0.08201
7757	0.27457
7758	-0.11999
7759	-0.02375
7760	0.23958
7761	-0.06102
7762	-0.24740
7763	-0.27463
7764	-0.02102
7765	0.15407
7766	0.27946
7767	0.15097
7768	0.17561
7769	-0.00529
7770	-0.10989
7771	-0.14778
7772	-0.16025
7773	-0.13468
7774	-0.20340
7775	-0.08979
7776	-0.28482
7777	-0.13191
7778	-0.06590
7779	-0.09572
7780	-0.05795
7781	-0.03681
7782	-0.01561
7783	0.00302
7784	-0.02664
7785	-0.09407
7786	-0.01845
7787	0.00448
7788	-0.00352
7789	-0.00447
7790	-0.00227
7791	0.00306
7792	0.00359
7793	0.00210
7794	-0.00075
7795	-0.01372
7796	-0.03677
7797	-0.04427
7798	-0.01829
7799	0.01756
7800	0.03861
7801	0.04726
7802	0.04610
7803	0.03731
7804	0.02628
7805	0.01425
7806	0.00176
7807	-0.00523
7808	-0.00242
7809	0.00551
7810	0.01346
7811	0.02073
7812	0.02583
7813	0.02335
7814	0.01208
7815	0.00044
7816	-0.00352
7817	0.00484
7818	0.00339
7819	-0.04010
7820	-0.05050
7821	0.00847
7822	0.03002
7823	0.00789
7824	0.00019
7825	0.00810
7826	0.00638
7827	-0.00557
7828	-0.06610
7829	0.38061
7830	-0.01371
7831	-0.00003
7832	0.00865
7833	-0.21481
7834	-0.21302
7835	-0.19068
7836	0.10064
7837	0.24143
7838	0.58492
7839	0.39541
7840	0.06089
7841	-0.24539
7842	-0.28332
7843	-0.06362
7844	-0.03080
7845	-0.07073
7846	-0.12574
7847	-0.13580
7848	-0.09089
7849	-0.18613
7850	-0.05836
7851	-0.00930
7852	-0.04562
7853	-0.03233
7854	0.00017
7855	-0.01632
7856	0.00125
7857	-0.05211
7858	-0.02825
7859	0.00247
7860	0.00029
7861	-0.00104
7862	-0.00063
7863	0.00012
7864	-0.00034
7865	-0.00364
7866	-0.01669
7867	-0.04172
7868	-0.05082
7869	-0.02287
7870	0.01250
7871	0.03183
7872	0.04139
7873	0.04356
7874	0.03509
7875	0.02116
7876	0.00946
7877	0.00090
7878	-0.00542
7879	-0.00570
7880	0.00093
7881	0.00656
7882	0.00756
7883	0.00938
7884	0.01414
7885	0.01800
7886	0.01420
7887	0.00375
7888	-0.00267
7889	-0.03230
7890	-0.07556
7891	-0.03830
7892	0.03977
7893	0.04756
7894	0.00719
7895	0.00180
7896	0.01471
7897	0.00609
7898	-0.00889
7899	0.13859
7900	0.24782
7901	0.02199
7902	0.08471
7903	-0.03899
7904	-0.35245
7905	-0.12790
7906	-0.19885
7907	-0.00286
7908	0.19197
7909	0.59856
7910	0.30117
7911	0.04069
7912	-0.01456
7913	-0.14869
7914	-0.05358
7915	-0.15184
7916	-0.06598
7917	-0.07007
7918	-0.06740
7919	-0.03417
7920	-0.04743
7921	-0.01635
7922	0.01162
7923	-0.02611
7924	-0.00906
7925	-0.00034
7926	0.03603
7927	-0.01822
7928	0.01280
7929	0.02858
7930	-0.00073
7931	-0.00242
7932	-0.00869
7933	-0.00557
7934	0.00232
7935	0.00411
7936	0.00401
7937	-0.00029
7938	-0.01800
7939	-0.04760
7940	-0.05878
7941	-0.02856
7942	0.01690
7943	0.04576
7944	0.05577
7945	0.05226
7946	0.04105
7947	0.02707
7948	0.01151
7949	-0.00067
7950	-0.00338
7951	0.00180
7952	0.00591
7953	0.00635
7954	0.00660
7955	0.00711
7956	0.00630
7957	0.00327
7958	-0.00094
7959	-0.00040
7960	-0.01193
7961	-0.08810
7962	-0.12147
7963	-0.00405
7964	0.05720
7965	0.01217
7966	-0.00901
7967	0.00784
7968	0.00800
7969	-0.01556
7970	0.13817
7971	0.30071
7972	0.04815
7973	0.20172
7974	-0.32400
7975	-0.25060
7976	-0.05666
7977	0.06756
7978	-0.00282
7979	0.24617
7980	0.25132
7981	0.01429
7982	-0.11510
7983	-0.42007
7984	-0.20040
7985	-0.08930
7986	-0.10375
7987	-0.11157
7988	-0.11717
7989	-0.11117
7990	-0.17301
7991	-0.07319
7992	-0.02498
7993	-0.01044
7994	-0.00025
7995	0.00174
7996	-0.00859
7997	0.00187
7998	-0.04126
7999	-0.03383
8000	0.00333
8001	-0.00156
8002	-0.00249
8003	-0.00292
8004	-0.00046
8005	0.00384
8006	0.00693
8007	0.00462
8008	-0.01005
8009	-0.03747
8010	-0.05677
8011	-0.04347
8012	-0.00598
8013	0.02718
8014	0.04710
8015	0.05389
8016	0.04850
8017	0.03597
8018	0.02009
8019	0.00407
8020	-0.00819
8021	-0.00999
8022	0.00187
8023	0.01550
8024	0.01892
8025	0.01315
8026	0.00490
8027	-0.00103
8028	-0.00321
8029	-0.00089
8030	-0.00272
8031	-0.03842
8032	-0.07525
8033	-0.02439
8034	0.03478
8035	0.01653
8036	-0.00802
8037	0.00637
8038	0.01761
8039	0.00706
8040	-0.01310
8041	0.31095
8042	0.09708
8043	-0.00070
8044	-0.00050
8045	-0.07055
8046	-0.28549
8047	-0.28172
8048	-0.22618
8049	0.03898
8050	0.19536
8051	0.20332
8052	0.02569
8053	-0.10005
8054	-0.34427
8055	-0.13727
8056	-0.16502
8057	-0.21273
8058	-0.19032
8059	-0.19379
8060	-0.03451
8061	-0.04842
8062	-0.06361
8063	-0.02488
8064	-0.00204
8065	0.00155
8066	0.01000
8067	0.04547
8068	0.02505
8069	0.01369
8070	0.08902
8071	-0.00254
8072	-0.00868
8073	-0.00286
8074	0.00718
8075	0.00692
8076	0.00054
8077	-0.00479
8078	-0.01090
8079	-0.02600
8080	-0.05308
8081	-0.06700
8082	-0.04180
8083	0.00195
8084	0.03509
8085	0.05252
8086	0.05645
8087	0.05128
8088	0.04247
8089	0.02770
8090	0.00766
8091	-0.00477
8092	-0.00575
8093	-0.00015
8094	0.00749
8095	0.01315
8096	0.01687
8097	0.01542
8098	0.00512
8099	-0.01071
8100	-0.01470
8101	0.00517
8102	-0.02117
8103	-0.12553
8104	-0.11122
8105	0.02379
8106	0.05353
8107	0.00656
8108	-0.00528
8109	0.01450
8110	0.01782
8111	-0.00153
8112	-0.17658
8113	0.48378
8114	0.09493
8115	-0.03621
8116	-0.00096
8117	-0.05483
8118	-0.04133
8119	0.07578
8120	0.25686
8121	0.16643
8122	0.84888
8123	0.21481
8124	-0.04480
8125	-0.52651
8126	-0.53808
8127	-0.07145
8128	0.03463
8129	-0.00739
8130	-0.12158
8131	-0.10462
8132	-0.07707
8133	-0.07774
8134	-0.02918
8135	0.01401
8136	-0.01741
8137	-0.01493
8138	0.00265
8139	-0.00935
8140	0.00233
8141	0.16249
8142	0.08724
8143	-0.04712
8144	-0.00073
8145	-0.00409
8146	-0.00675
8147	-0.00132
8148	0.00396
8149	0.00643
8150	0.00259
8151	-0.01226
8152	-0.03382
8153	-0.04486
8154	-0.02935
8155	0.00454
8156	0.03384
8157	0.04879
8158	0.04826
8159	0.03732
8160	0.02336
8161	0.00855
8162	-0.00252
8163	-0.00686
8164	-0.00436
8165	0.00527
8166	0.01675
8167	0.02357
8168	0.02092
8169	0.00914
8170	-0.00759
8171	-0.02097
8172	-0.01276
8173	0.01411
8174	0.01008
8175	-0.06366
8176	-0.08084
8177	0.03285
8178	0.07552
8179	0.01647
8180	-0.00293
8181	0.01912
8182	0.01951
8183	-0.01023
8184	0.23910
8185	0.49162
8186	0.05954
8187	0.02970
8188	-0.02843
8189	-0.30422
8190	-0.25487
8191	-0.45535
8192	-0.12097
8193	0.11238
8194	0.51704
8195	0.23892
8196	-0.00098
8197	-0.36997
8198	-0.42978
8199	-0.05292
8200	-0.05093
8201	-0.09342
8202	-0.12769
8203	-0.05862
8204	0.01411
8205	-0.10986
8206	-0.02786
8207	0.02662
8208	0.00043
8209	0.01704
8210	-0.00032
8211	0.02112
8212	0.00671
8213	0.11859
8214	0.05121
8215	-0.00572
8216	-0.00325
8217	0.00698
8218	0.01400
8219	0.00895
8220	-0.00042
8221	-0.00745
8222	-0.01927
8223	-0.03875
8224	-0.04856
8225	-0.02790
8226	0.01204
8227	0.04390
8228	0.05957
8229	0.06093
8230	0.05125
8231	0.03778
8232	0.02282
8233	0.00646
8234	-0.00353
8235	-0.00237
8236	0.00666
8237	0.01476
8238	0.01590
8239	0.01389
8240	0.01071
8241	0.00463
8242	-0.00010
8243	-0.00004
8244	-0.00133
8245	-0.00696
8246	-0.02257
8247	-0.03557
8248	0.00526
8249	0.04032
8250	0.01582
8251	-0.00210
8252	0.01214
8253	0.01875
8254	-0.00317
8255	-0.09059
8256	0.41031
8257	0.05439
8258	-0.07600
8259	0.02857
8260	-0.10805
8261	-0.08486
8262	-0.33286
8263	-0.13964
8264	0.11305
8265	0.54053
8266	0.32159
8267	0.15304
8268	-0.08506
8269	-0.28299
8270	-0.12154
8271	-0.16912
8272	-0.14185
8273	-0.15196
8274	-0.13218
8275	-0.08619
8276	-0.17499
8277	-0.00259
8278	-0.04891
8279	-0.03177
8280	-0.01553
8281	-0.00196
8282	0.07060
8283	-0.07568
8284	-0.14814
8285	-0.01439
8286	-0.00207
8287	-0.00503
8288	-0.00649
8289	-0.00326
8290	-0.00026
8291	0.00081
8292	0.00172
8293	-0.00191
8294	-0.02272
8295	-0.04917
8296	-0.04724
8297	-0.01430
8298	0.02464
8299	0.05079
8300	0.05926
8301	0.05496
8302	0.04152
8303	0.02278
8304	0.00712
8305	-0.00190
8306	-0.00458
8307	0.00095
8308	0.01287
8309	0.02353
8310	0.02939
8311	0.02883
8312	0.01956
8313	0.00560
8314	-0.00443
8315	-0.00177
8316	0.00668
8317	-0.03362
8318	-0.10230
8319	-0.04037
8320	0.05473
8321	0.03719
8322	0.00366
8323	0.00042
8324	0.00100
8325	-0.00561
8326	0.03264
8327	0.29709
8328	0.01425
8329	-0.00100
8330	0.02946
8331	-0.05929
8332	-0.29653
8333	-0.29127
8334	-0.09387
8335	0.12008
8336	0.46009
8337	0.44304
8338	0.04002
8339	0.00349
8340	-0.22920
8341	-0.06500
8342	-0.11113
8343	-0.11780
8344	-0.10517
8345	-0.11166
8346	-0.03738
8347	-0.07781
8348	-0.04678
8349	-0.00073
8350	-0.04434
8351	-0.03820
8352	0.00065
8353	0.01747
8354	0.00852
8355	-0.03239
8356	0.00235
8357	-0.01783
8358	-0.00339
8359	-0.00415
8360	-0.00079
8361	0.00169
8362	0.00056
8363	-0.00135
8364	-0.00715
8365	-0.02365
8366	-0.04826
8367	-0.05784
8368	-0.03291
8369	0.00838
8370	0.03622
8371	0.04742
8372	0.04793
8373	0.03772
8374	0.02208
8375	0.00822
8376	-0.00291
8377	-0.00981
8378	-0.00865
8379	-0.00002
8380	0.01249
8381	0.02274
8382	0.02305
8383	0.01314
8384	0.00120
8385	-0.00872
8386	-0.01168
8387	-0.00035
8388	0.00650
8389	-0.02931
8390	-0.04980
8391	0.01197
8392	0.04964
8393	0.01925
8394	-0.00088
8395	0.00328
8396	0.00548
8397	-0.00456
8398	-0.05637
8399	0.08803
8400	0.16234
8401	-0.01491
8402	-0.01355
8403	-0.04188
8404	-0.25003
8405	-0.16024
8406	-0.10305
8407	0.03177
8408	0.20922
8409	0.36058
8410	0.10013
8411	0.00448
8412	-0.37367
8413	-0.27809
8414	-0.22783
8415	-0.25799
8416	-0.29162
8417	-0.24261
8418	-0.05663
8419	-0.14437
8420	-0.17627
8421	-0.00964
8422	-0.01463
8423	-0.02472
8424	-0.00385
8425	-0.00733
8426	0.00395
8427	-0.00552
8428	0.02460
8429	-0.01294
8430	-0.00175
8431	0.00300
8432	0.00730
8433	0.00556
8434	0.00030
8435	-0.00346
8436	-0.01027
8437	-0.02592
8438	-0.04620
8439	-0.04991
8440	-0.01874
8441	0.02507
8442	0.04876
8443	0.05148
8444	0.04588
8445	0.03713
8446	0.02626
8447	0.01404
8448	0.00236
8449	-0.00364
8450	-0.00208
8451	0.00335
8452	0.00778
8453	0.00674
8454	0.00014
8455	-0.00640
8456	-0.00866
8457	-0.00695
8458	-0.00223
8459	-0.00087
8460	-0.02840
8461	-0.07651
8462	-0.05504
8463	0.01290
8464	0.02213
8465	0.00002
8466	-0.00514
8467	0.00644
8468	0.00849
8469	-0.00041
8470	0.03471
8471	0.26186
8472	-0.01456
8473	-0.10765
8474	0.23894
8475	0.26766
8476	-0.04667
8477	-0.28380
8478	-0.04448
8479	0.12870
8480	0.36852
8481	0.09273
8482	-0.01050
8483	-0.33475
8484	-0.25403
8485	-0.13656
8486	-0.19434
8487	-0.16640
8488	-0.18693
8489	-0.11113
8490	-0.08442
8491	-0.11258
8492	-0.02838
8493	-0.01872
8494	-0.02889
8495	-0.00349
8496	-0.00042
8497	0.00407
8498	-0.00138
8499	-0.00864
8500	-0.00275
8501	0.00052
8502	0.00001
8503	0.00048
8504	0.00209
8505	0.00153
8506	0.00043
8507	-0.00176
8508	-0.01209
8509	-0.03271
8510	-0.04406
8511	-0.02815
8512	0.00544
8513	0.03333
8514	0.04687
8515	0.05161
8516	0.04818
8517	0.03389
8518	0.01448
8519	0.00171
8520	-0.00345
8521	-0.00412
8522	0.00144
8523	0.01109
8524	0.01805
8525	0.02000
8526	0.01758
8527	0.01041
8528	-0.00175
8529	-0.00454
8530	0.00281
8531	-0.04682
8532	-0.12378
8533	-0.05136
8534	0.05933
8535	0.03569
8536	-0.01148
8537	0.00459
8538	0.01853
8539	-0.00143
8540	0.08178
8541	0.24232
8542	0.00442
8543	-0.02981
8544	0.03211
8545	0.11695
8546	-0.03077
8547	-0.05705
8548	0.06408
8549	0.25482
8550	0.47821
8551	0.19679
8552	0.01437
8553	-0.27026
8554	-0.29944
8555	-0.13294
8556	-0.13282
8557	-0.10850
8558	-0.15929
8559	-0.14436
8560	-0.10989
8561	-0.07596
8562	-0.05465
8563	-0.00673
8564	-0.01324
8565	0.00220
8566	-0.01576
8567	-0.03089
8568	0.01297
8569	-0.02803
8570	-0.00570
8571	-0.00077
8572	-0.00410
8573	-0.00612
8574	-0.00166
8575	0.00153
8576	0.00275
8577	0.00247
8578	-0.00536
8579	-0.02791
8580	-0.05596
8581	-0.06127
8582	-0.02839
8583	0.01754
8584	0.04757
8585	0.05611
8586	0.04667
8587	0.03013
8588	0.01532
8589	0.00398
8590	-0.00468
8591	-0.00955
8592	-0.00439
8593	0.01140
8594	0.02249
8595	0.01876
8596	0.00927
8597	0.00184
8598	-0.00542
8599	-0.00941
8600	-0.00182
8601	0.00015
8602	-0.04254
8603	-0.06846
8604	0.00024
8605	0.04959
8606	0.02256
8607	-0.00021
8608	0.00691
8609	0.00962
8610	-0.01045
8611	0.23271
8612	0.62879
8613	-0.05143
8614	0.07089
8615	-0.02433
8616	-0.11615
8617	-0.11778
8618	-0.22069
8619	-0.01239
8620	0.13601
8621	0.48138
8622	0.06972
8623	-0.00359
8624	-0.28026
8625	-0.21901
8626	-0.09174
8627	-0.17585
8628	-0.15071
8629	-0.22682
8630	-0.15832
8631	-0.16154
8632	-0.08618
8633	-0.02774
8634	-0.03131
8635	-0.00349
8636	-0.00020
8637	-0.00093
8638	0.02972
8639	-0.03213
8640	-0.06557
8641	0.00020
8642	-0.00062
8643	-0.00328
8644	-0.00537
8645	-0.00003
8646	0.00427
8647	0.00507
8648	0.00476
8649	-0.00152
8650	-0.02457
8651	-0.05250
8652	-0.05003
8653	-0.01630
8654	0.01971
8655	0.04177
8656	0.04920
8657	0.04600
8658	0.03631
8659	0.02369
8660	0.01104
8661	-0.00041
8662	-0.00437
8663	0.00450
8664	0.01304
8665	0.01309
8666	0.01107
8667	0.01049
8668	0.00814
8669	0.00281
8670	-0.00043
8671	0.00367
8672	0.00151
8673	-0.03458
8674	-0.02649
8675	0.06062
8676	0.06265
8677	0.00655
8678	0.00540
8679	0.01013
8680	-0.00011
8681	-0.17010
8682	0.02494
8683	0.10224
8684	0.05384
8685	0.00820
8686	-0.39268
8687	-0.32976
8688	-0.10916
8689	-0.04271
8690	0.19128
8691	0.45660
8692	0.26322
8693	0.02503
8694	-0.04248
8695	-0.16849
8696	-0.04575
8697	-0.06478
8698	-0.14168
8699	-0.11158
8700	-0.08734
8701	-0.09751
8702	-0.11938
8703	-0.01290
8704	-0.00946
8705	-0.00623
8706	0.00278
8707	0.01439
8708	0.01054
8709	-0.02308
8710	-0.10759
8711	-0.02135
8712	-0.00176
8713	-0.00626
8714	-0.00672
8715	-0.00335
8716	-0.00110
8717	0.00024
8718	0.00125
8719	-0.00452
8720	-0.02990
8721	-0.06631
8722	-0.06726
8723	-0.01797
8724	0.03169
8725	0.05237
8726	0.05564
8727	0.04997
8728	0.04048
8729	0.02978
8730	0.01469
8731	-0.00027
8732	-0.00669
8733	-0.00211
8734	0.01097
8735	0.02092
8736	0.02070
8737	0.01676
8738	0.01274
8739	0.00419
8740	-0.00773
8741	-0.00260
8742	0.02061
8743	-0.00751
8744	-0.06128
8745	0.00250
8746	0.06474
8747	0.03127
8748	0.00092
8749	0.00665
8750	0.01453
8751	-0.00127
8752	0.04901
8753	0.32703
8754	0.15107
8755	0.02453
8756	0.00470
8757	0.06424
8758	-0.16401
8759	-0.11221
8760	-0.05351
8761	0.00007
8762	0.21763
8763	0.20083
8764	-0.02230
8765	-0.12747
8766	-0.29880
8767	-0.01452
8768	-0.20072
8769	-0.21586
8770	-0.19493
8771	-0.13083
8772	-0.01859
8773	-0.08017
8774	-0.09486
8775	-0.00026
8776	0.00826
8777	0.00066
8778	-0.00432
8779	0.00750
8780	0.00091
8781	-0.04373
8782	0.04199
8783	-0.00223
8784	-0.00375
8785	-0.00637
8786	-0.00383
8787	0.00137
8788	0.00322
8789	0.00384
8790	0.00119
8791	-0.01554
8792	-0.04929
8793	-0.06801
8794	-0.04546
8795	-0.00242
8796	0.03084
8797	0.04822
8798	0.05511
8799	0.05064
8800	0.03496
8801	0.01747
8802	0.00446
8803	-0.00323
8804	-0.00495
8805	-0.00028
8806	0.00910
8807	0.01731
8808	0.01844
8809	0.01076
8810	-0.00297
8811	-0.01530
8812	-0.01192
8813	0.00977
8814	-0.00427
8815	-0.06297
8816	-0.03859
8817	0.03882
8818	0.03301
8819	0.00006
8820	0.00380
8821	0.00500
8822	-0.00170
8823	-0.00528
8824	0.11518
8825	0.22621
8826	0.05776
8827	0.12740
8828	0.13707
8829	-0.39171
8830	-0.24383
8831	-0.09651
8832	0.14612
8833	-0.00587
8834	0.26075
8835	0.16034
8836	0.00111
8837	-0.17567
8838	-0.32811
8839	-0.02947
8840	-0.11277
8841	-0.17554
8842	-0.10470
8843	-0.20426
8844	0.02577
8845	-0.05152
8846	-0.08328
8847	-0.01035
8848	-0.00523
8849	0.02294
8850	0.00587
8851	0.02828
8852	0.01374
8853	0.06494
8854	0.09094
8855	-0.02227
8856	-0.00453
8857	-0.00176
8858	0.00585
8859	0.00998
8860	0.00601
8861	0.00217
8862	-0.00272
8863	-0.01712
8864	-0.04278
8865	-0.05995
8866	-0.04135
8867	0.00295
8868	0.03967
8869	0.05500
8870	0.05105
8871	0.03831
8872	0.02640
8873	0.01494
8874	0.00427
8875	-0.00040
8876	-0.00081
8877	0.00102
8878	0.00498
8879	0.00613
8880	0.00489
8881	0.00475
8882	0.00037
8883	-0.01163
8884	-0.00887
8885	0.00524
8886	-0.04436
8887	-0.10498
8888	-0.04676
8889	0.01816
8890	0.00503
8891	-0.00650
8892	0.00306
8893	0.00873
8894	0.00235
8895	-0.01046
8896	0.16753
8897	0.28662
8898	-0.02400
8899	0.05188
8900	-0.01458
8901	-0.11650
8902	-0.12761
8903	-0.15090
8904	0.06027
8905	0.09832
8906	0.49889
8907	0.17029
8908	-0.02846
8909	-0.31900
8910	-0.21848
8911	-0.04146
8912	-0.13613
8913	-0.21304
8914	-0.19715
8915	-0.12307
8916	-0.16691
8917	-0.21511
8918	-0.03304
8919	-0.01159
8920	-0.00355
8921	0.01476
8922	0.01525
8923	0.02877
8924	-0.02150
8925	-0.01326
8926	-0.00682
8927	-0.00009
8928	-0.00352
8929	-0.00431
8930	0.00167
8931	0.00443
8932	0.00232
8933	-0.00036
8934	-0.00758
8935	-0.02358
8936	-0.04010
8937	-0.03566
8938	-0.00513
8939	0.02552
8940	0.03878
8941	0.04108
8942	0.03627
8943	0.02503
8944	0.01293
8945	0.00450
8946	0.00031
8947	-0.00105
8948	-0.00019
8949	0.00343
8950	0.00879
8951	0.01472
8952	0.01763
8953	0.00922
8954	-0.01133
8955	-0.01790
8956	0.01060
8957	0.02017
8958	-0.04701
8959	-0.08722
8960	-0.00747
8961	0.04215
8962	0.01318
8963	-0.00173
8964	0.00353
8965	0.00555
8966	-0.00429
8967	-0.18551
8968	0.58521
8969	0.38826
8970	-0.03302
8971	0.12153
8972	-0.16237
8973	-0.42655
8974	-0.09211
8975	-0.02768
8976	0.09530
8977	0.17273
8978	0.20530
8979	-0.01150
8980	-0.09426
8981	-0.52597
8982	-0.13674
8983	-0.03688
8984	-0.17630
8985	-0.12319
8986	-0.07785
8987	-0.03697
8988	-0.05206
8989	-0.05370
8990	0.00299
8991	0.01373
8992	0.02143
8993	-0.01143
8994	0.00044
8995	-0.01672
8996	0.04289
8997	0.05004
8998	0.00025
8999	0.00035
9000	-0.00090
9001	0.00001
9002	0.00143
9003	0.00127
9004	0.00007
9005	-0.00534
9006	-0.01766
9007	-0.02975
9008	-0.02511
9009	-0.00168
9010	0.02290
9011	0.03408
9012	0.03395
9013	0.02849
9014	0.02039
9015	0.01347
9016	0.00863
9017	0.00411
9018	0.00062
9019	0.00004
9020	0.00155
9021	0.00268
9022	0.00309
9023	0.00538
9024	0.00907
9025	0.00706
9026	0.00044
9027	0.00299
9028	0.00958
9029	-0.01606
9030	-0.04767
9031	0.00237
9032	0.05746
9033	0.02702
9034	-0.00269
9035	0.01057
9036	0.01648
9037	-0.00127
9038	0.00900
9039	0.58360
9040	0.23285
9041	0.02338
9042	0.23205
9043	-0.28561
9044	-0.32551
9045	-0.14741
9046	-0.01752
9047	0.13138
9048	0.52777
9049	0.38713
9050	0.00126
9051	-0.30339
9052	-0.49831
9053	-0.07772
9054	-0.05109
9055	-0.18763
9056	-0.18124
9057	-0.22336
9058	-0.09601
9059	-0.14745
9060	-0.08509
9061	-0.02580
9062	-0.01066
9063	-0.01483
9064	-0.00019
9065	0.02012
9066	0.02882
9067	-0.09027
9068	0.00149
9069	-0.00407
9070	-0.00810
9071	-0.00567
9072	0.00301
9073	0.00476
9074	0.00236
9075	0.00179
9076	0.00081
9077	-0.01147
9078	-0.04359
9079	-0.06911
9080	-0.05042
9081	0.00040
9082	0.04235
9083	0.05755
9084	0.05386
9085	0.04477
9086	0.03370
9087	0.01990
9088	0.00690
9089	-0.00094
9090	-0.00130
9091	0.00366
9092	0.00909
9093	0.01368
9094	0.01742
9095	0.01537
9096	0.00528
9097	-0.00258
9098	-0.00273
9099	0.00435
9100	-0.00942
9101	-0.07953
9102	-0.07457
9103	0.04074
9104	0.05769
9105	0.00796
9106	0.00173
9107	0.01238
9108	0.00643
9109	-0.01079
9110	0.01955
9111	0.18352
9112	0.10934
9113	0.07873
9114	0.19340
9115	-0.31940
9116	-0.33767
9117	-0.09149
9118	0.10634
9119	0.00387
9120	0.24343
9121	0.10690
9122	-0.00679
9123	-0.22831
9124	-0.37111
9125	-0.04965
9126	-0.11739
9127	-0.18062
9128	-0.12185
9129	-0.14432
9130	0.08537
9131	-0.04157
9132	-0.09406
9133	-0.00682
9134	-0.02965
9135	0.00156
9136	-0.00304
9137	0.03542
9138	0.03638
9139	-0.05095
9140	0.00805
9141	-0.00275
9142	-0.00137
9143	0.00453
9144	0.00685
9145	0.00389
9146	0.00169
9147	0.00049
9148	-0.00472
9149	-0.02253
9150	-0.05040
9151	-0.06293
9152	-0.04079
9153	0.00109
9154	0.03737
9155	0.05504
9156	0.05356
9157	0.04099
9158	0.02535
9159	0.01212
9160	0.00265
9161	-0.00415
9162	-0.00566
9163	0.00176
9164	0.01237
9165	0.01673
9166	0.01470
9167	0.00964
9168	-0.00027
9169	-0.01051
9170	-0.00564
9171	0.01316
9172	0.00696
9173	-0.04449
9174	-0.04152
9175	0.03878
9176	0.05113
9177	0.01004
9178	0.00055
9179	0.00449
9180	0.00287
9181	-0.00786
9182	0.16067
9183	0.03513
9184	0.13245
9185	0.01320
9186	0.01229
9187	0.00314
9188	-0.27334
9189	-0.16299
9190	-0.14664
9191	0.03043
9192	0.19884
9193	0.23284
9194	-0.00888
9195	-0.21863
9196	-0.50316
9197	-0.10086
9198	-0.10139
9199	-0.18770
9200	-0.12604
9201	-0.11235
9202	-0.01569
9203	-0.06089
9204	-0.11722
9205	-0.00891
9206	-0.00395
9207	0.03543
9208	0.03250
9209	0.01141
9210	0.03485
9211	-0.06110
9212	0.05609
9213	-0.00493
9214	-0.00807
9215	-0.00984
9216	-0.00474
9217	0.00242
9218	0.00358
9219	0.00128
9220	-0.00270
9221	-0.01371
9222	-0.03538
9223	-0.05149
9224	-0.03695
9225	0.00076
9226	0.03140
9227	0.04384
9228	0.04197
9229	0.03398
9230	0.02644
9231	0.01750
9232	0.00643
9233	-0.00019
9234	-0.00104
9235	0.00140
9236	0.00612
9237	0.01008
9238	0.01323
9239	0.01528
9240	0.01002
9241	-0.00278
9242	-0.00485
9243	0.00859
9244	-0.01404
9245	-0.07937
9246	-0.06974
9247	0.01410
9248	0.03568
9249	0.00537
9250	-0.00178
9251	0.00768
9252	0.00924
9253	0.00185
9254	-0.01148
9255	0.42244
9256	0.46694
9257	-0.06088
9258	0.02881
9259	-0.00176
9260	-0.10845
9261	-0.15291
9262	-0.14171
9263	0.02104
9264	0.17395
9265	0.44542
9266	0.05084
9267	-0.08188
9268	-0.39342
9269	-0.24949
9270	-0.10566
9271	-0.18679
9272	-0.15155
9273	-0.19370
9274	-0.09179
9275	-0.06886
9276	-0.08962
9277	-0.01280
9278	-0.00200
9279	0.01812
9280	-0.00609
9281	-0.02219
9282	0.02897
9283	-0.01432
9284	0.03496
9285	0.00696
9286	-0.00359
9287	-0.00279
9288	0.00085
9289	0.00372
9290	0.00257
9291	0.00144
9292	-0.00013
9293	-0.00792
9294	-0.02832
9295	-0.04990
9296	-0.04170
9297	-0.00517
9298	0.02589
9299	0.04023
9300	0.04424
9301	0.03960
9302	0.02956
9303	0.01774
9304	0.00589
9305	-0.00273
9306	-0.00623
9307	-0.00319
9308	0.00689
9309	0.01702
9310	0.01930
9311	0.01420
9312	0.00600
9313	-0.00393
9314	-0.00695
9315	0.00368
9316	-0.01274
9317	-0.07329
9318	-0.07203
9319	0.00481
9320	0.02595
9321	-0.00515
9322	-0.01143
9323	0.00856
9324	0.01714
9325	0.00304
9326	0.03626
9327	0.46896
9328	0.09044
9329	-0.02800
9330	-0.00274
9331	0.02280
9332	-0.15078
9333	-0.12728
9334	0.05231
9335	0.16997
9336	0.47243
9337	0.32588
9338	0.02176
9339	-0.15551
9340	-0.23862
9341	-0.05461
9342	-0.10246
9343	-0.24582
9344	-0.16303
9345	-0.22537
9346	-0.01476
9347	-0.13190
9348	-0.12609
9349	0.01062
9350	-0.00781
9351	0.01155
9352	-0.01596
9353	0.00155
9354	-0.00323
9355	0.01439
9356	0.06085
9357	-0.00725
9358	-0.00850
9359	-0.00343
9360	0.00760
9361	0.01039
9362	0.00714
9363	0.00359
9364	-0.00354
9365	-0.01882
9366	-0.04132
9367	-0.05612
9368	-0.03437
9369	0.01517
9370	0.05049
9371	0.05737
9372	0.04531
9373	0.02821
9374	0.01680
9375	0.00952
9376	0.00181
9377	-0.00394
9378	-0.00277
9379	0.00338
9380	0.00970
9381	0.01322
9382	0.01599
9383	0.01484
9384	0.00416
9385	-0.00926
9386	-0.01078
9387	0.00782
9388	-0.00264
9389	-0.07445
9390	-0.07802
9391	0.01106
9392	0.04058
9393	0.01116
9394	-0.00071
9395	0.00462
9396	0.00585
9397	-0.00785
9398	-0.05681
9399	0.47028
9400	0.11850
9401	0.00093
9402	0.00009
9403	-0.01903
9404	-0.19250
9405	-0.19755
9406	-0.07954
9407	0.04871
9408	0.31400
9409	0.25590
9410	-0.00010
9411	-0.18281
9412	-0.33029
9413	-0.05120
9414	-0.07383
9415	-0.18739
9416	-0.14263
9417	-0.16268
9418	-0.00290
9419	-0.08251
9420	-0.03093
9421	0.01021
9422	-0.00823
9423	0.02700
9424	-0.00711
9425	0.02395
9426	-0.00682
9427	-0.01120
9428	0.02499
9429	-0.00147
9430	-0.00259
9431	-0.00259
9432	0.00260
9433	0.00520
9434	0.00251
9435	-0.00009
9436	-0.00418
9437	-0.01554
9438	-0.03947
9439	-0.05742
9440	-0.03625
9441	0.00701
9442	0.03890
9443	0.05129
9444	0.04731
9445	0.03625
9446	0.02431
9447	0.01248
9448	0.00259
9449	-0.00275
9450	-0.00277
9451	0.00223
9452	0.00725
9453	0.00690
9454	0.00262
9455	-0.00289
9456	-0.01008
9457	-0.01588
9458	-0.00942
9459	0.00638
9460	-0.01128
9461	-0.07517
9462	-0.07433
9463	0.01848
9464	0.04678
9465	0.00894
9466	-0.00404
9467	0.01034
9468	0.01437
9469	-0.00890
9470	-0.02579
9471	0.36507
9472	-0.01441
9473	-0.02888
9474	0.00238
9475	-0.18086
9476	-0.22406
9477	-0.30095
9478	-0.02998
9479	0.12109
9480	0.54330
9481	0.21551
9482	0.04076
9483	-0.19887
9484	-0.27523
9485	-0.15887
9486	-0.21569
9487	-0.17442
9488	-0.18882
9489	-0.07772
9490	-0.09048
9491	-0.12761
9492	-0.05698
9493	-0.01758
9494	0.00701
9495	0.02283
9496	0.04365
9497	0.02929
9498	-0.05558
9499	-0.05016
9500	0.00776
9501	-0.00130
9502	-0.00479
9503	-0.00713
9504	-0.00255
9505	0.00089
9506	0.00027
9507	-0.00225
9508	-0.00998
9509	-0.02656
9510	-0.04316
9511	-0.03602
9512	-0.00190
9513	0.03227
9514	0.04678
9515	0.04587
9516	0.03865
9517	0.02757
9518	0.01643
9519	0.00825
9520	0.00212
9521	-0.00197
9522	-0.00184
9523	0.00376
9524	0.01150
9525	0.01742
9526	0.01963
9527	0.01565
9528	0.00630
9529	0.00092
9530	-0.00106
9531	-0.02611
9532	-0.08146
9533	-0.09756
9534	-0.01399
9535	0.05807
9536	0.03424
9537	-0.00310
9538	0.00206
9539	0.00295
9540	-0.00034
9541	-0.05233
9542	0.20431
9543	0.19027
9544	0.13731
9545	0.12829
9546	-0.47830
9547	-0.47851
9548	-0.18191
9549	-0.02533
9550	-0.01417
9551	0.43299
9552	0.41370
9553	-0.00294
9554	-0.25597
9555	-0.47520
9556	-0.03549
9557	-0.09543
9558	-0.19417
9559	-0.15396
9560	-0.16526
9561	-0.01543
9562	-0.13472
9563	-0.11781
9564	-0.03563
9565	-0.01093
9566	0.02618
9567	-0.00543
9568	0.06519
9569	0.03005
9570	-0.06133
9571	-0.01449
9572	-0.00085
9573	-0.00276
9574	-0.00428
9575	-0.00111
9576	0.00155
9577	0.00066
9578	-0.00014
9579	-0.00263
9580	-0.01437
9581	-0.03857
9582	-0.05370
9583	-0.03448
9584	0.00949
9585	0.04848
9586	0.06225
9587	0.05296
9588	0.03711
9589	0.02269
9590	0.01002
9591	-0.00016
9592	-0.00495
9593	-0.00248
9594	0.00424
9595	0.01111
9596	0.01542
9597	0.01374
9598	0.00727
9599	-0.00064
9600	-0.00773
9601	-0.00739
9602	0.00141
9603	-0.00150
9604	-0.05109
9605	-0.09896
9606	-0.02399
9607	0.06594
9608	0.04605
9609	0.00590
9610	0.00117
9611	0.00782
9612	-0.00973
9613	0.07425
9614	0.26751
9615	-0.09020
9616	-0.13251
9617	0.00610
9618	-0.13047
9619	-0.46707
9620	-0.02680
9621	-0.07479
9622	0.01016
9623	0.20544
9624	0.60130
9625	0.17029
9626	0.03151
9627	-0.30841
9628	-0.15233
9629	-0.08732
9630	-0.10366
9631	-0.12977
9632	-0.12049
9633	-0.03555
9634	0.01857
9635	-0.14035
9636	0.03998
9637	0.00661
9638	0.01754
9639	-0.00160
9640	-0.02748
9641	0.00961
9642	0.00515
9643	0.13113
9644	-0.00809
9645	-0.00772
9646	-0.00226
9647	0.00358
9648	0.00368
9649	0.00115
9650	-0.00144
9651	-0.00838
9652	-0.02291
9653	-0.03794
9654	-0.03581
9655	-0.00827
9656	0.02744
9657	0.05226
9658	0.05668
9659	0.04305
9660	0.02576
9661	0.01465
9662	0.00788
9663	0.00170
9664	-0.00290
9665	-0.00234
9666	0.00544
9667	0.01620
9668	0.01920
9669	0.01124
9670	0.00344
9671	0.00123
9672	0.00082
9673	-0.00062
9674	0.00409
9675	0.00651
9676	-0.01690
9677	-0.00485
9678	0.04840
9679	0.03634
9680	0.00182
9681	0.00493
9682	0.00700
9683	0.00117
9684	-0.04739
9685	-0.04349
9686	0.34652
9687	0.01846
9688	0.26013
9689	-0.12453
9690	-0.58118
9691	-0.20719
9692	-0.10135
9693	0.03168
9694	0.14333
9695	0.39946
9696	0.00107
9697	-0.08126
9698	-0.45321
9699	-0.04680
9700	-0.02817
9701	-0.16086
9702	-0.16082
9703	-0.15490
9704	0.01148
9705	0.09924
9706	-0.12492
9707	-0.01981
9708	-0.00538
9709	-0.01589
9710	-0.00198
9711	0.00140
9712	0.07914
9713	-0.07075
9714	-0.03418
9715	-0.00108
9716	-0.00366
9717	-0.00461
9718	-0.00043
9719	0.00253
9720	0.00163
9721	0.00060
9722	-0.00233
9723	-0.01685
9724	-0.05061
9725	-0.07186
9726	-0.03972
9727	0.01431
9728	0.04587
9729	0.05535
9730	0.05295
9731	0.04125
9732	0.02445
9733	0.01058
9734	0.00236
9735	-0.00272
9736	-0.00408
9737	0.00187
9738	0.00964
9739	0.01189
9740	0.01302
9741	0.01229
9742	0.00588
9743	-0.00301
9744	-0.00420
9745	0.00282
9746	0.00104
9747	-0.03476
9748	-0.06002
9749	0.00425
9750	0.05148
9751	0.01991
9752	-0.00039
9753	0.00407
9754	0.00298
9755	-0.07119
9756	0.21669
9757	0.19150
9758	0.07497
9759	0.14573
9760	-0.03632
9761	-0.23380
9762	-0.08921
9763	-0.02208
9764	0.08858
9765	0.14547
9766	0.48018
9767	0.10419
9768	-0.01714
9769	-0.20665
9770	-0.04185
9771	-0.01887
9772	-0.17336
9773	-0.19449
9774	-0.07473
9775	-0.16161
9776	-0.04424
9777	-0.08529
9778	-0.07329
9779	-0.00140
9780	0.01210
9781	0.00002
9782	0.02401
9783	0.01398
9784	0.00715
9785	0.03517
9786	0.00264
9787	-0.00313
9788	-0.00783
9789	-0.00744
9790	0.00110
9791	0.00372
9792	0.00122
9793	-0.00099
9794	-0.00625
9795	-0.02109
9796	-0.03993
9797	-0.03773
9798	-0.00700
9799	0.02906
9800	0.05037
9801	0.05091
9802	0.03866
9803	0.02625
9804	0.01677
9805	0.00881
9806	0.00231
9807	-0.00188
9808	-0.00142
9809	0.00403
9810	0.01298
9811	0.02009
9812	0.01664
9813	0.00747
9814	0.00415
9815	0.00587
9816	0.00492
9817	-0.00280
9818	-0.03069
9819	-0.08736
9820	-0.06785
9821	0.03054
9822	0.05429
9823	0.01774
9824	0.00025
9825	0.00278
9826	0.00567
9827	-0.01547
9828	0.08283
9829	0.11578
9830	-0.09691
9831	0.02654
9832	0.02568
9833	-0.22444
9834	-0.12082
9835	-0.11474
9836	-0.00324
9837	-0.07268
9838	0.55854
9839	0.15590
9840	-0.00017
9841	-0.24641
9842	-0.06050
9843	-0.02462
9844	-0.22562
9845	-0.17485
9846	-0.12920
9847	-0.01881
9848	0.02510
9849	-0.22844
9850	-0.07522
9851	-0.03022
9852	-0.00857
9853	0.00213
9854	-0.00075
9855	0.00840
9856	-0.00572
9857	-0.00171
9858	0.00962
9859	-0.00215
9860	-0.00324
9861	-0.00215
9862	0.00056
9863	0.00006
9864	-0.00099
9865	-0.00263
9866	-0.01254
9867	-0.03451
9868	-0.05143
9869	-0.03901
9870	0.00006
9871	0.03681
9872	0.05444
9873	0.05668
9874	0.04866
9875	0.03386
9876	0.01801
9877	0.00590
9878	-0.00132
9879	-0.00473
9880	-0.00220
9881	0.00797
9882	0.01945
9883	0.02604
9884	0.02576
9885	0.01665
9886	0.00399
9887	-0.00202
9888	0.00081
9889	-0.00987
9890	-0.07455
9891	-0.11655
9892	-0.02046
9893	0.06727
9894	0.03653
9895	-0.00313
9896	0.00441
9897	0.01335
9898	-0.00404
9899	-0.15951
9900	0.09327
9901	-0.08960
9902	-0.00581
9903	0.10742
9904	0.12362
9905	-0.03115
9906	-0.03742
9907	0.00390
9908	0.03382
9909	0.68333
9910	0.47096
9911	0.04603
9912	-0.09442
9913	-0.10507
9914	-0.03202
9915	-0.09252
9916	-0.12962
9917	-0.09784
9918	-0.11252
9919	0.09325
9920	-0.16039
9921	-0.12881
9922	0.00118
9923	-0.04666
9924	-0.00658
9925	-0.00596
9926	0.04449
9927	-0.02532
9928	-0.02423
9929	0.01486
9930	-0.00213
9931	-0.00371
9932	-0.00325
9933	0.00041
9934	0.00212
9935	0.00161
9936	-0.00148
9937	-0.01089
9938	-0.02699
9939	-0.03901
9940	-0.02739
9941	0.00708
9942	0.03711
9943	0.04491
9944	0.03807
9945	0.02824
9946	0.01971
9947	0.01329
9948	0.00797
9949	0.00154
9950	-0.00406
9951	-0.00306
9952	0.00363
9953	0.00962
9954	0.01248
9955	0.01158
9956	0.00519
9957	-0.00309
9958	-0.00696
9959	-0.00410
9960	0.00422
9961	-0.00218
9962	-0.04841
9963	-0.07599
9964	-0.01534
9965	0.03721
9966	0.01979
9967	0.00151
9968	0.00023
9969	-0.00496
9970	-0.14931
9971	0.00397
9972	0.10966
9973	-0.03858
9974	0.03868
9975	0.02715
9976	-0.33858
9977	-0.03715
9978	0.00098
9979	-0.01148
9980	0.04828
9981	0.23549
9982	0.01406
9983	-0.00276
9984	-0.33126
9985	-0.06075
9986	-0.05289
9987	-0.18289
9988	-0.11454
9989	-0.04739
9990	0.03165
9991	0.13533
9992	-0.08555
9993	-0.00626
9994	0.00486
9995	0.03021
9996	-0.02511
9997	-0.14281
9998	0.02405
9999	-0.01909
10000	0.04868
10001	0.03246
10002	-0.00303
10003	-0.01123
10004	-0.01273
10005	-0.00301
10006	0.00468
10007	0.00730
10008	0.00524
10009	-0.00543
10010	-0.02866
10011	-0.05355
10012	-0.04952
10013	-0.01070
10014	0.03007
10015	0.04880
10016	0.04853
10017	0.04109
10018	0.03179
10019	0.02132
10020	0.01149
10021	0.00410
10022	-0.00026
10023	-0.00040
10024	0.00331
10025	0.00778
10026	0.00938
10027	0.00762
10028	0.00260
10029	-0.00528
10030	-0.01072
10031	-0.00413
10032	0.01039
10033	-0.01210
10034	-0.07021
10035	-0.04489
10036	0.03338
10037	0.02848
10038	-0.00439
10039	0.00411
10040	0.01244
10041	-0.00088
10042	-0.00537
10043	0.00873
10044	0.05867
10045	0.00366
10046	0.04519
10047	-0.32516
10048	-0.51093
10049	-0.11178
10050	0.04922
10051	0.02668
10052	0.31298
10053	0.36111
10054	0.00473
10055	-0.20667
10056	-0.28532
10057	0.01766
10058	-0.11072
10059	-0.26462
10060	-0.09831
10061	-0.16016
10062	0.12402
10063	0.12739
10064	-0.18415
10065	0.02432
10066	0.01276
10067	0.01556
10068	-0.04997
10069	-0.02602
10070	0.04230
10071	0.00220
10072	0.04607
10073	-0.00185
10074	-0.00241
10075	0.00027
10076	0.00731
10077	0.00676
10078	0.00186
10079	-0.00029
10080	-0.00408
10081	-0.01570
10082	-0.03694
10083	-0.04411
10084	-0.01158
10085	0.03180
10086	0.04715
10087	0.04003
10088	0.02951
10089	0.02081
10090	0.01311
10091	0.00698
10092	0.00239
10093	-0.00208
10094	-0.00395
10095	-0.00072
10096	0.00503
10097	0.01068
10098	0.01286
10099	0.00980
10100	0.00401
10101	-0.00109
10102	-0.00201
10103	0.00285
10104	-0.00204
10105	-0.03739
10106	-0.04244
10107	0.02002
10108	0.03911
10109	0.00886
10110	0.00001
10111	0.00400
10112	-0.00467
10113	0.17264
10114	0.36932
10115	-0.00447
10116	0.14328
10117	-0.02482
10118	0.26510
10119	-0.13444
10120	-0.02327
10121	0.02049
10122	-0.07538
10123	0.23647
10124	0.61990
10125	0.13861
10126	0.01017
10127	-0.22279
10128	-0.05356
10129	-0.09981
10130	-0.17906
10131	-0.19160
10132	-0.17868
10133	-0.16181
10134	0.03011
10135	-0.16706
10136	-0.11338
10137	-0.00153
10138	-0.00363
10139	-0.00018
10140	0.02120
10141	0.00661
10142	-0.08850
10143	-0.03491
10144	-0.00039
10145	-0.00106
10146	-0.00550
10147	-0.00698
10148	0.00031
10149	0.00459
10150	0.00473
10151	0.00310
10152	-0.00686
10153	-0.03327
10154	-0.05952
10155	-0.05224
10156	-0.00822
10157	0.03757
10158	0.05756
10159	0.05587
10160	0.04561
10161	0.03225
10162	0.01782
10163	0.00565
10164	-0.00090
10165	-0.00288
10166	-0.00025
10167	0.00869
10168	0.01961
10169	0.02913
10170	0.03188
10171	0.02055
10172	0.00246
10173	-0.00650
10174	0.00223
10175	0.01402
10176	-0.02935
10177	-0.09757
10178	-0.02575
10179	0.08884
10180	0.06138
10181	0.00503
10182	0.00402
10183	0.00797
10184	-0.00914
10185	-0.07309
10186	0.19303
10187	-0.05765
10188	0.10496
10189	-0.00012
10190	-0.18611
10191	-0.30739
10192	0.00134
10193	-0.00431
10194	-0.18226
10195	0.42872
10196	0.61445
10197	0.05122
10198	-0.03132
10199	-0.10405
10200	0.01736
10201	-0.19720
10202	-0.29525
10203	-0.07110
10204	-0.12983
10205	0.06410
10206	0.05239
10207	-0.15741
10208	-0.07044
10209	-0.01508
10210	-0.00212
10211	-0.02077
10212	-0.00484
10213	0.01201
10214	-0.02096
10215	0.01981
10216	-0.00370
10217	-0.00572
10218	-0.00507
10219	-0.00052
10220	0.00201
10221	0.00203
10222	0.00178
10223	-0.00187
10224	-0.01826
10225	-0.04555
10226	-0.05350
10227	-0.02509
10228	0.01522
10229	0.04211
10230	0.05155
10231	0.04770
10232	0.03710
10233	0.02778
10234	0.01788
10235	0.00434
10236	-0.00475
10237	-0.00569
10238	0.00150
10239	0.01577
10240	0.02240
10241	0.01495
10242	0.00706
10243	0.00749
10244	0.01338
10245	0.01135
10246	-0.00108
10247	-0.01607
10248	-0.04536
10249	-0.02446
10250	0.03044
10251	0.02017
10252	-0.00389
10253	0.00320
10254	0.00733
10255	0.00413
10256	-0.01698
10257	0.23342
10258	0.18889
10259	-0.02751
10260	0.03015
10261	0.03638
10262	-0.27089
10263	-0.21674
10264	-0.13175
10265	0.00337
10266	-0.11014
10267	0.45566
10268	0.30720
10269	0.02360
10270	-0.18688
10271	-0.05079
10272	-0.06637
10273	-0.23485
10274	-0.22459
10275	-0.17705
10276	-0.09791
10277	0.03496
10278	-0.08726
10279	-0.12427
10280	-0.02023
10281	-0.02358
10282	-0.00593
10283	-0.00033
10284	0.06823
10285	-0.01500
10286	0.00259
10287	0.01386
10288	0.01318
10289	-0.00852
10290	0.00220
10291	0.01075
10292	0.00876
10293	0.00180
10294	-0.00440
10295	-0.01495
10296	-0.03366
10297	-0.04747
10298	-0.03872
10299	-0.00150
10300	0.04402
10301	0.07130
10302	0.07283
10303	0.05551
10304	0.03361
10305	0.01709
10306	0.00669
10307	0.00002
10308	-0.00298
10309	-0.00087
10310	0.00594
10311	0.01577
10312	0.02576
10313	0.02918
10314	0.02042
10315	0.00477
10316	-0.00475
10317	-0.00241
10318	0.00125
10319	-0.02242
10320	-0.09540
10321	-0.10833
10322	0.01309
10323	0.06809
10324	0.01911
10325	-0.00308
10326	0.00666
10327	0.00906
10328	0.01724
10329	-0.03872
10330	0.00014
10331	-0.09758
10332	-0.05192
10333	0.16039
10334	-0.12543
10335	-0.03765
10336	0.00027
10337	-0.00333
10338	0.16953
10339	0.38047
10340	0.07618
10341	-0.03833
10342	-0.22996
10343	-0.05033
10344	-0.05623
10345	-0.11275
10346	-0.10547
10347	-0.09288
10348	-0.01652
10349	-0.05310
10350	-0.16127
10351	-0.01281
10352	-0.01953
10353	-0.00812
10354	0.00422
10355	0.01236
10356	0.01230
10357	-0.03051
10358	-0.00118
10359	0.00101
10360	-0.00088
10361	-0.00290
10362	-0.00491
10363	-0.00128
10364	0.00214
10365	0.00187
10366	0.00113
10367	-0.00482
10368	-0.02217
10369	-0.03934
10370	-0.03386
10371	-0.00608
10372	0.02458
10373	0.04251
10374	0.04640
10375	0.04218
10376	0.03388
10377	0.02329
10378	0.01192
10379	0.00150
10380	-0.00405
10381	-0.00233
10382	0.00495
10383	0.01535
10384	0.02417
10385	0.02630
10386	0.01926
10387	0.00721
10388	-0.00082
10389	-0.00093
10390	0.00374
10391	-0.01231
10392	-0.06774
10393	-0.05605
10394	0.04501
10395	0.05696
10396	0.00779
10397	0.00101
10398	0.00588
10399	-0.01053
10400	-0.03067
10401	0.21764
10402	-0.07181
10403	0.07947
10404	-0.02352
10405	0.16590
10406	-0.23073
10407	0.01511
10408	-0.00756
10409	0.00974
10410	0.21047
10411	0.31969
10412	0.03219
10413	-0.02729
10414	-0.22778
10415	-0.04631
10416	-0.25471
10417	-0.18936
10418	-0.09869
10419	-0.15059
10420	-0.00758
10421	-0.02281
10422	-0.21430
10423	0.04931
10424	0.00148
10425	0.02436
10426	-0.03270
10427	0.05827
10428	0.02217
10429	-0.07321
10430	0.00937
10431	-0.02789
10432	-0.00374
10433	-0.00495
10434	-0.00177
10435	0.00230
10436	0.00205
10437	0.00061
10438	-0.00448
10439	-0.01830
10440	-0.03538
10441	-0.03928
10442	-0.01782
10443	0.01382
10444	0.03502
10445	0.04242
10446	0.04084
10447	0.03416
10448	0.02435
10449	0.01498
10450	0.00793
10451	0.00285
10452	-0.00031
10453	-0.00065
10454	0.00268
10455	0.00676
10456	0.00967
10457	0.01024
10458	0.00445
10459	-0.00790
10460	-0.01595
10461	-0.00395
10462	0.00914
10463	-0.03334
10464	-0.11224
10465	-0.07641
10466	0.03491
10467	0.04675
10468	0.00778
10469	-0.00248
10470	0.00406
10471	-0.00048
10472	-0.01720
10473	0.14004
10474	0.21763
10475	-0.14255
10476	-0.01210
10477	-0.12821
10478	-0.67917
10479	-0.15860
10480	-0.13001
10481	0.00043
10482	0.20836
10483	0.63077
10484	0.07928
10485	-0.01833
10486	-0.34017
10487	-0.10228
10488	-0.07982
10489	-0.16240
10490	-0.15314
10491	-0.16121
10492	0.01010
10493	0.05857
10494	-0.15352
10495	-0.01076
10496	-0.00716
10497	0.01365
10498	0.04930
10499	-0.02236
10500	0.02498
10501	-0.01243
10502	0.01515
10503	0.00035
10504	-0.00120
10505	-0.00092
10506	-0.00001
10507	0.00013
10508	-0.00085
10509	-0.00198
10510	-0.00743
10511	-0.02262
10512	-0.04342
10513	-0.04681
10514	-0.01641
10515	0.02426
10516	0.04538
10517	0.05028
10518	0.04838
10519	0.03737
10520	0.02161
10521	0.00995
10522	0.00296
10523	-0.00079
10524	-0.00130
10525	0.00131
10526	0.00657
10527	0.01240
10528	0.01704
10529	0.02057
10530	0.01765
10531	0.00230
10532	-0.00959
10533	0.00573
10534	0.01895
10535	-0.04553
10536	-0.11280
10537	-0.04530
10538	0.04303
10539	0.03708
10540	0.00311
10541	-0.00520
10542	0.00085
10543	-0.00798
10544	-0.18082
10545	0.17223
10546	-0.07720
10547	0.03224
10548	0.01103
10549	-0.03976
10550	-0.14839
10551	-0.13022
10552	0.00922
10553	0.05452
10554	0.88221
10555	0.59075
10556	0.07869
10557	-0.02497
10558	-0.05268
10559	0.01703
10560	0.10035
10561	-0.01521
10562	-0.09547
10563	-0.08112
10564	0.03733
10565	-0.09660
10566	-0.11732
10567	-0.01892
10568	-0.00895
10569	0.01614
10570	-0.00133
10571	-0.00266
10572	0.02438
10573	0.17699
10574	0.07041
10575	-0.00225
10576	-0.00123
10577	-0.00255
10578	-0.00245
10579	0.00027
10580	0.00174
10581	0.00200
10582	-0.00063
10583	-0.01276
10584	-0.03290
10585	-0.04174
10586	-0.02165
10587	0.01869
10588	0.04889
10589	0.05413
10590	0.04651
10591	0.03668
10592	0.02635
10593	0.01535
10594	0.00553
10595	-0.00092
10596	-0.00320
10597	-0.00026
10598	0.00907
10599	0.02099
10600	0.02799
10601	0.02408
10602	0.01203
10603	0.00311
10604	0.00118
10605	0.00026
10606	-0.01026
10607	-0.05926
10608	-0.10066
10609	-0.02312
10610	0.07200
10611	0.04890
10612	0.00139
10613	-0.00362
10614	-0.00066
10615	0.00255
10616	0.27795
10617	0.10804
10618	0.00545
10619	0.28833
10620	-0.31071
10621	-0.38027
10622	-0.07984
10623	0.00384
10624	-0.19549
10625	0.35198
10626	0.56363
10627	0.03028
10628	-0.12607
10629	-0.45001
10630	-0.09612
10631	-0.05044
10632	-0.03674
10633	-0.05225
10634	-0.08935
10635	-0.03735
10636	-0.04651
10637	-0.15588
10638	-0.00775
10639	-0.00775
10640	-0.02137
10641	0.00003
10642	0.00776
10643	-0.00024
10644	0.01041
10645	0.03637
10646	-0.00129
10647	-0.00146
10648	-0.00322
10649	-0.00339
10650	-0.00042
10651	0.00131
10652	0.00100
10653	-0.00430
10654	-0.02125
10655	-0.04743
10656	-0.05999
10657	-0.03715
10658	0.00776
10659	0.04148
10660	0.05114
10661	0.04579
10662	0.03370
10663	0.01892
10664	0.00506
10665	-0.00445
10666	-0.00760
10667	-0.00268
10668	0.00919
10669	0.01958
10670	0.02254
10671	0.01968
10672	0.01048
10673	-0.00344
10674	-0.00912
10675	0.00198
10676	0.01664
10677	-0.00360
10678	-0.03149
10679	0.00586
10680	0.04189
10681	0.02028
10682	-0.00031
10683	0.00340
10684	0.00690
10685	0.00481
10686	-0.03100
10687	0.00754
10688	0.19964
10689	0.00018
10690	-0.08415
10691	0.05032
10692	-0.30796
10693	-0.24732
10694	-0.19251
10695	0.04957
10696	0.18844
10697	0.84336
10698	0.26854
10699	-0.03759
10700	-0.36331
10701	-0.14602
10702	-0.13766
10703	-0.27570
10704	-0.22337
10705	-0.18915
10706	-0.04583
10707	-0.01992
10708	-0.08176
10709	-0.04608
10710	-0.00748
10711	0.00055
10712	0.00005
10713	0.00110
10714	-0.00917
10715	0.06289
10716	0.06981
10717	-0.00458
10718	-0.00351
10719	-0.00204
10720	0.00149
10721	0.00249
10722	-0.00123
10723	-0.00571
10724	-0.01343
10725	-0.02772
10726	-0.04382
10727	-0.04297
10728	-0.01055
10729	0.03249
10730	0.05492
10731	0.05422
10732	0.04164
10733	0.02744
10734	0.01635
10735	0.00782
10736	0.00108
10737	-0.00274
10738	-0.00158
10739	0.00465
10740	0.01390
10741	0.02202
10742	0.02320
10743	0.01691
10744	0.00624
10745	-0.00476
10746	-0.00328
10747	0.00493
10748	-0.02659
10749	-0.08721
10750	-0.04563
10751	0.06138
10752	0.05947
10753	0.00982
10754	-0.00036
10755	0.00208
10756	-0.01825
10757	-0.20028
10758	0.12256
10759	-0.00134
10760	0.27304
10761	0.02025
10762	-0.14431
10763	-0.14876
10764	-0.05279
10765	-0.00669
10766	-0.07623
10767	0.30381
10768	0.23607
10769	0.00345
10770	-0.10504
10771	-0.19120
10772	-0.01238
10773	-0.16744
10774	-0.19185
10775	-0.12561
10776	-0.09492
10777	-0.07731
10778	-0.14763
10779	-0.09582
10780	-0.04335
10781	-0.02487
10782	0.01572
10783	-0.00131
10784	0.02936
10785	-0.01690
10786	-0.00534
10787	0.03368
10788	-0.00141
10789	-0.00198
10790	-0.00409
10791	-0.00291
10792	0.00065
10793	0.00208
10794	0.00218
10795	-0.00063
10796	-0.01200
10797	-0.03346
10798	-0.04917
10799	-0.03672
10800	-0.00013
10801	0.03623
10802	0.05312
10803	0.04901
10804	0.03562
10805	0.02125
10806	0.01016
10807	0.00378
10808	-0.00062
10809	-0.00391
10810	-0.00176
10811	0.00619
10812	0.01343
10813	0.01591
10814	0.01166
10815	0.00305
10816	-0.00326
10817	-0.00453
10818	-0.00094
10819	0.00192
10820	-0.02381
10821	-0.07049
10822	-0.03831
10823	0.03879
10824	0.03429
10825	0.00180
10826	0.00233
10827	0.00651
10828	-0.00893
10829	-0.14858
10830	0.41083
10831	-0.00567
10832	0.12639
10833	-0.00251
10834	-0.14150
10835	-0.37321
10836	-0.19793
10837	-0.03004
10838	0.09706
10839	0.46083
10840	0.43207
10841	0.04969
10842	-0.08551
10843	-0.25486
10844	-0.05106
10845	0.00352
10846	-0.06704
10847	-0.13971
10848	-0.12638
10849	-0.01323
10850	0.00655
10851	-0.05685
10852	-0.04348
10853	-0.00533
10854	0.02739
10855	0.01681
10856	-0.00024
10857	0.01808
10858	-0.00313
10859	0.03260
10860	-0.00531
10861	-0.00385
10862	0.00065
10863	0.00462
10864	0.00228
10865	-0.00210
10866	-0.00416
10867	-0.00850
10868	-0.01915
10869	-0.03144
10870	-0.02900
10871	-0.00579
10872	0.02214
10873	0.04063
10874	0.04868
10875	0.04566
10876	0.03340
10877	0.02111
10878	0.01237
10879	0.00498
10880	-0.00136
10881	-0.00452
10882	-0.00272
10883	0.00448
10884	0.01212
10885	0.01221
10886	0.00664
10887	0.00083
10888	-0.00648
10889	-0.00911
10890	0.00080
10891	-0.00801
10892	-0.06579
10893	-0.09583
10894	-0.02189
10895	0.04952
10896	0.03291
10897	-0.00192
10898	-0.00351
10899	0.00130
10900	-0.02539
10901	0.00523
10902	0.06308
10903	-0.04616
10904	-0.11150
10905	0.28930
10906	0.09942
10907	-0.02287
10908	-0.01397
10909	-0.00479
10910	0.08410
10911	0.35248
10912	0.09582
10913	0.00847
10914	-0.16197
10915	-0.11247
10916	-0.04035
10917	-0.14393
10918	-0.19740
10919	-0.14817
10920	-0.14650
10921	-0.07615
10922	-0.15949
10923	-0.05121
10924	0.00236
10925	0.01257
10926	0.00350
10927	0.01131
10928	-0.00058
10929	-0.00732
10930	0.00981
10931	-0.00073
10932	-0.00214
10933	-0.00530
10934	-0.00374
10935	0.00086
10936	0.00159
10937	0.00058
10938	-0.00245
10939	-0.01151
10940	-0.02781
10941	-0.04069
10942	-0.02998
10943	0.00562
10944	0.04033
10945	0.05034
10946	0.04258
10947	0.03402
10948	0.02455
10949	0.01123
10950	0.00052
10951	-0.00467
10952	-0.00613
10953	-0.00126
10954	0.01269
10955	0.02623
10956	0.02514
10957	0.01221
10958	0.00072
10959	-0.00530
10960	-0.00542
10961	-0.00044
10962	-0.00360
10963	-0.04908
10964	-0.09339
10965	-0.02534
10966	0.04799
10967	0.02866
10968	0.00035
10969	-0.00107
10970	0.00027
10971	-0.03025
10972	0.35386
10973	0.18215
10974	-0.13037
10975	0.23051
10976	-0.12938
10977	-0.39301
10978	-0.05363
10979	-0.02695
10980	0.05094
10981	0.21186
10982	0.79417
10983	0.32096
10984	-0.02165
10985	-0.54834
10986	-0.29822
10987	-0.02196
10988	0.10714
10989	-0.01845
10990	-0.11408
10991	-0.13884
10992	-0.04435
10993	-0.18791
10994	-0.09931
10995	0.02547
10996	-0.01847
10997	-0.00656
10998	-0.00552
10999	-0.00145
11000	-0.02249
11001	-0.02700
11002	0.00207
11003	0.00070
11004	-0.00136
11005	-0.00397
11006	-0.00096
11007	0.00197
11008	0.00286
11009	0.00134
11010	-0.00794
11011	-0.02713
11012	-0.04121
11013	-0.03338
11014	-0.00846
11015	0.01972
11016	0.04236
11017	0.05377
11018	0.05233
11019	0.04447
11020	0.03147
11021	0.01382
11022	0.00100
11023	-0.00430
11024	-0.00332
11025	0.00570
11026	0.01799
11027	0.02320
11028	0.01802
11029	0.00653
11030	-0.00564
11031	-0.00859
11032	-0.00090
11033	0.00138
11034	-0.02870
11035	-0.07883
11036	-0.02602
11037	0.06576
11038	0.04088
11039	0.00000
11040	0.00193
11041	0.00757
11042	-0.10389
11043	0.07857
11044	0.18060
11045	0.04704
11046	0.16510
11047	-0.09535
11048	-0.34980
11049	-0.12546
11050	0.03910
11051	-0.05262
11052	0.18061
11053	0.27185
11054	-0.00932
11055	-0.05911
11056	-0.34277
11057	-0.00594
11058	-0.06897
11059	-0.31084
11060	-0.14780
11061	-0.14630
11062	-0.07017
11063	-0.00846
11064	-0.17453
11065	-0.07658
11066	-0.02142
11067	0.03601
11068	0.00530
11069	0.00351
11070	0.07422
11071	-0.02355
11072	0.05449
11073	-0.00487
11074	-0.00457
11075	-0.00146
11076	0.00335
11077	0.00305
11078	0.00025
11079	-0.00093
11080	-0.00596
11081	-0.02359
11082	-0.04836
11083	-0.05320
11084	-0.02298
11085	0.01974
11086	0.04801
11087	0.05338
11088	0.04370
11089	0.03048
11090	0.01895
11091	0.01024
11092	0.00352
11093	-0.00219
11094	-0.00452
11095	-0.00112
11096	0.00541
11097	0.01167
11098	0.01474
11099	0.01176
11100	0.00275
11101	-0.00971
11102	-0.01620
11103	-0.00544
11104	0.00879
11105	-0.01201
11106	-0.06526
11107	-0.03940
11108	0.04308
11109	0.04301
11110	0.00652
11111	0.00048
11112	0.00913
11113	0.00639
11114	-0.02934
11115	0.14239
11116	0.02870
11117	-0.18660
11118	-0.09145
11119	0.37124
11120	-0.25755
11121	-0.23335
11122	-0.03697
11123	0.10691
11124	0.60999
11125	0.51570
11126	0.06826
11127	-0.06598
11128	-0.16100
11129	-0.02105
11130	-0.00192
11131	-0.09005
11132	-0.13851
11133	-0.08979
11134	-0.06139
11135	-0.05547
11136	-0.05536
11137	0.00952
11138	0.00347
11139	0.01994
11140	0.00035
11141	0.00026
11142	0.00897
11143	0.02945
11144	-0.00054
11145	-0.00048
11146	-0.00220
11147	-0.00429
11148	-0.00193
11149	0.00118
11150	0.00182
11151	0.00005
11152	-0.00755
11153	-0.02368
11154	-0.03969
11155	-0.03463
11156	-0.00295
11157	0.03247
11158	0.04956
11159	0.04890
11160	0.04051
11161	0.02860
11162	0.01634
11163	0.00743
11164	0.00191
11165	-0.00147
11166	-0.00213
11167	0.00178
11168	0.00922
11169	0.01544
11170	0.01633
11171	0.01200
11172	0.00658
11173	0.00368
11174	0.00294
11175	0.00080
11176	-0.00966
11177	-0.04180
11178	-0.05626
11179	-0.00550
11180	0.02823
11181	0.00371
11182	-0.00878
11183	0.00188
11184	0.00483
11185	-0.01647
11186	0.09765
11187	-0.02194
11188	0.04135
11189	0.05223
11190	-0.05094
11191	-0.34777
11192	-0.10127
11193	0.01571
11194	0.05420
11195	0.24273
11196	0.71198
11197	0.22520
11198	0.03067
11199	-0.17498
11200	-0.09818
11201	-0.05189
11202	-0.08838
11203	-0.12680
11204	-0.14695
11205	-0.08601
11206	-0.02736
11207	-0.22522
11208	-0.09144
11209	0.01745
11210	-0.01262
11211	0.00493
11212	0.01744
11213	0.01113
11214	0.01269
11215	0.05207
11216	-0.00422
11217	-0.02313
11218	-0.00562
11219	-0.00600
11220	0.00050
11221	0.00645
11222	0.00523
11223	0.00016
11224	-0.01179
11225	-0.03022
11226	-0.03910
11227	-0.02473
11228	0.01038
11229	0.04477
11230	0.05617
11231	0.05012
11232	0.04035
11233	0.02940
11234	0.01778
11235	0.00742
11236	0.00072
11237	-0.00104
11238	0.00110
11239	0.00668
11240	0.01311
11241	0.01608
11242	0.01372
11243	0.00646
11244	-0.00017
11245	-0.00357
11246	-0.00479
11247	-0.00105
11248	0.00076
11249	-0.03700
11250	-0.06433
11251	0.00058
11252	0.03875
11253	0.01165
11254	-0.00086
11255	0.01096
11256	0.01099
11257	-0.05871
11258	0.08986
11259	0.10448
11260	0.06608
11261	0.05021
11262	0.21552
11263	0.02427
11264	-0.04360
11265	0.02778
11266	0.06180
11267	0.26496
11268	0.34522
11269	0.02737
11270	-0.01604
11271	-0.15507
11272	-0.03927
11273	-0.06986
11274	-0.28217
11275	-0.28376
11276	-0.25806
11277	-0.08726
11278	-0.08839
11279	-0.21132
11280	-0.04662
11281	-0.01463
11282	0.00324
11283	0.00056
11284	0.02534
11285	-0.00356
11286	-0.04589
11287	0.00125
11288	-0.00798
11289	-0.00504
11290	-0.00776
11291	-0.00441
11292	0.00415
11293	0.00633
11294	0.00424
11295	0.00116
11296	-0.00719
11297	-0.02466
11298	-0.04550
11299	-0.04625
11300	-0.01322
11301	0.03020
11302	0.05662
11303	0.06440
11304	0.05620
11305	0.03719
11306	0.01958
11307	0.00692
11308	-0.00076
11309	-0.00268
11310	-0.00107
11311	0.00291
11312	0.00833
11313	0.01363
11314	0.01822
11315	0.01523
11316	0.00373
11317	-0.00572
11318	-0.00665
11319	0.00519
11320	-0.00689
11321	-0.08361
11322	-0.10130
11323	0.00556
11324	0.04983
11325	0.01744
11326	0.00075
11327	0.00149
11328	0.00126
11329	-0.02125
11330	0.21389
11331	-0.06885
11332	-0.05601
11333	0.06591
11334	0.01184
11335	-0.13190
11336	-0.09619
11337	-0.04769
11338	0.01351
11339	0.16002
11340	0.58776
11341	0.42797
11342	0.02482
11343	-0.29427
11344	-0.33655
11345	-0.06861
11346	-0.08261
11347	-0.14067
11348	-0.12415
11349	-0.06816
11350	-0.03369
11351	-0.14661
11352	-0.08565
11353	-0.00935
11354	-0.00542
11355	0.04250
11356	0.01388
11357	-0.00777
11358	-0.00698
11359	0.01638
11360	0.01599
11361	-0.00110
11362	-0.00249
11363	-0.00378
11364	-0.00053
11365	0.00094
11366	-0.00065
11367	-0.00299
11368	-0.01019
11369	-0.02308
11370	-0.03414
11371	-0.02935
11372	-0.00369
11373	0.02697
11374	0.04272
11375	0.04173
11376	0.03383
11377	0.02402
11378	0.01459
11379	0.00696
11380	0.00097
11381	-0.00275
11382	-0.00281
11383	0.00372
11384	0.01597
11385	0.02210
11386	0.01560
11387	0.00477
11388	-0.00298
11389	-0.00808
11390	-0.00748
11391	0.00169
11392	-0.00794
11393	-0.06794
11394	-0.06743
11395	0.02256
11396	0.03647
11397	0.00278
11398	-0.00153
11399	0.00510
11400	0.00333
11401	0.02565
11402	-0.02069
11403	0.07828
11404	-0.05610
11405	-0.12068
11406	0.17010
11407	-0.30322
11408	-0.10384
11409	-0.09152
11410	0.06411
11411	0.50812
11412	0.79037
11413	0.20784
11414	0.12332
11415	-0.20475
11416	-0.11807
11417	-0.12625
11418	-0.15084
11419	-0.14616
11420	-0.21910
11421	-0.02331
11422	-0.05361
11423	-0.17053
11424	-0.03011
11425	-0.00114
11426	0.03348
11427	-0.02742
11428	0.00980
11429	-0.00043
11430	0.06552
11431	0.08183
11432	-0.00549
11433	-0.00563
11434	-0.00518
11435	-0.00020
11436	0.00435
11437	0.00384
11438	-0.00021
11439	-0.00971
11440	-0.02422
11441	-0.03498
11442	-0.02866
11443	0.00081
11444	0.03287
11445	0.04817
11446	0.04799
11447	0.03723
11448	0.02233
11449	0.01081
11450	0.00497
11451	0.00150
11452	-0.00118
11453	-0.00137
11454	0.00236
11455	0.00882
11456	0.01569
11457	0.02004
11458	0.01637
11459	0.00444
11460	-0.00641
11461	-0.00998
11462	0.00015
11463	-0.01009
11464	-0.09072
11465	-0.11752
11466	0.00646
11467	0.06322
11468	0.02077
11469	0.00062
11470	0.00221
11471	-0.00004
11472	-0.04609
11473	0.26772
11474	0.12619
11475	0.00604
11476	0.33812
11477	-0.24680
11478	-0.28029
11479	-0.03365
11480	0.02397
11481	-0.11141
11482	0.13586
11483	0.62813
11484	0.09888
11485	-0.02556
11486	-0.43756
11487	-0.12830
11488	-0.07736
11489	-0.12791
11490	-0.18055
11491	-0.25026
11492	-0.02794
11493	-0.00532
11494	-0.24348
11495	-0.02238
11496	-0.00533
11497	0.00081
11498	0.00017
11499	0.02745
11500	0.01699
11501	-0.01266
11502	0.03024
11503	-0.00237
11504	-0.00383
11505	-0.00476
11506	-0.00071
11507	0.00211
11508	0.00189
11509	0.00151
11510	-0.00063
11511	-0.01012
11512	-0.03088
11513	-0.05149
11514	-0.04413
11515	-0.00389
11516	0.04071
11517	0.06133
11518	0.05751
11519	0.04548
11520	0.02960
11521	0.01365
11522	0.00464
11523	0.00057
11524	-0.00216
11525	-0.00123
11526	0.00605
11527	0.01475
11528	0.01871
11529	0.01539
11530	0.00687
11531	-0.00229
11532	-0.00915
11533	-0.00511
11534	0.00269
11535	-0.02941
11536	-0.09041
11537	-0.06452
11538	0.03444
11539	0.05109
11540	0.00771
11541	-0.00329
11542	0.00646
11543	0.00579
11544	-0.07701
11545	0.30862
11546	-0.01198
11547	-0.10323
11548	-0.04445
11549	0.03467
11550	-0.29328
11551	-0.10598
11552	-0.00752
11553	0.04289
11554	0.31472
11555	0.32172
11556	0.05716
11557	-0.08656
11558	-0.19133
11559	-0.03358
11560	-0.05019
11561	-0.18554
11562	-0.14438
11563	-0.11128
11564	-0.02073
11565	-0.09867
11566	-0.06823
11567	0.01667
11568	-0.01040
11569	0.00229
11570	-0.00707
11571	0.03664
11572	-0.00758
11573	0.02744
11574	0.02481
11575	-0.00183
11576	-0.00348
11577	-0.00455
11578	0.00103
11579	0.00494
11580	0.00188
11581	-0.00116
11582	-0.00556
11583	-0.01697
11584	-0.03416
11585	-0.04065
11586	-0.01996
11587	0.01722
11588	0.04564
11589	0.05084
11590	0.04089
11591	0.03034
11592	0.02134
11593	0.01241
11594	0.00443
11595	-0.00135
11596	-0.00352
11597	-0.00092
11598	0.00512
11599	0.01260
11600	0.01812
11601	0.01314
11602	0.00084
11603	-0.01001
11604	-0.01401
11605	-0.00330
11606	0.00562
11607	-0.03818
11608	-0.08348
11609	-0.02015
11610	0.05248
11611	0.03154
11612	0.00066
11613	0.00051
11614	0.00608
11615	0.00149
11616	0.04609
11617	0.40360
11618	0.03178
11619	-0.05097
11620	-0.05328
11621	0.02578
11622	-0.28909
11623	-0.10020
11624	0.00071
11625	0.01229
11626	0.27648
11627	0.33650
11628	0.00233
11629	-0.16548
11630	-0.32944
11631	-0.02208
11632	-0.06791
11633	-0.24963
11634	-0.19454
11635	-0.19789
11636	0.00141
11637	-0.03035
11638	-0.10199
11639	-0.01809
11640	-0.00008
11641	0.04377
11642	-0.02343
11643	0.02117
11644	-0.00154
11645	0.04015
11646	0.05732
11647	-0.00262
11648	-0.00352
11649	-0.00256
11650	0.00331
11651	0.00519
11652	0.00251
11653	-0.00040
11654	-0.00798
11655	-0.02191
11656	-0.03532
11657	-0.03434
11658	-0.01238
11659	0.01759
11660	0.03969
11661	0.04736
11662	0.04210
11663	0.02952
11664	0.01706
11665	0.00802
11666	0.00138
11667	-0.00252
11668	-0.00250
11669	0.00078
11670	0.00652
11671	0.01276
11672	0.01509
11673	0.00786
11674	-0.00612
11675	-0.02017
11676	-0.01923
11677	0.00708
11678	0.00709
11679	-0.06834
11680	-0.09766
11681	-0.00623
11682	0.04012
11683	0.00920
11684	-0.00736
11685	-0.00180
11686	0.00139
11687	0.00585
11688	0.10144
11689	0.04798
11690	-0.02292
11691	-0.08692
11692	0.41537
11693	0.19882
11694	-0.00873
11695	0.06214
11696	0.15093
11697	0.42048
11698	0.63581
11699	0.12223
11700	-0.06717
11701	-0.34069
11702	-0.09738
11703	-0.02639
11704	-0.08999
11705	-0.18220
11706	-0.19946
11707	-0.14461
11708	-0.11511
11709	-0.16452
11710	-0.02508
11711	-0.00236
11712	0.01299
11713	-0.00019
11714	-0.03064
11715	0.01706
11716	0.08224
11717	0.03235
11718	-0.00298
11719	-0.00293
11720	-0.00221
11721	0.00080
11722	0.00178
11723	-0.00021
11724	-0.00278
11725	-0.00888
11726	-0.02090
11727	-0.03248
11728	-0.02724
11729	0.00281
11730	0.03849
11731	0.05395
11732	0.04846
11733	0.03556
11734	0.02278
11735	0.01316
11736	0.00663
11737	0.00191
11738	-0.00127
11739	-0.00266
11740	-0.00048
11741	0.00800
11742	0.01855
11743	0.02051
11744	0.01269
11745	0.00403
11746	-0.00167
11747	-0.00430
11748	-0.00133
11749	0.00094
11750	-0.03544
11751	-0.09205
11752	-0.04684
11753	0.03607
11754	0.02935
11755	0.00036
11756	0.00044
11757	0.00518
11758	-0.00685
11759	0.03793
11760	0.27427
11761	-0.00524
11762	0.03696
11763	-0.00962
11764	0.17254
11765	-0.09089
11766	-0.02722
11767	0.01185
11768	0.01206
11769	0.41633
11770	0.25405
11771	0.02200
11772	-0.20754
11773	-0.23806
11774	-0.07008
11775	-0.16096
11776	-0.22483
11777	-0.22565
11778	-0.19203
11779	0.03384
11780	-0.17406
11781	-0.05071
11782	-0.01510
11783	-0.01703
11784	0.00496
11785	-0.02770
11786	0.02258
11787	-0.00619
11788	0.02131
11789	0.03205
11790	-0.00290
11791	-0.00509
11792	-0.00395
11793	0.00224
11794	0.00341
11795	0.00137
11796	0.00010
11797	-0.00463
11798	-0.01975
11799	-0.04122
11800	-0.04418
11801	-0.01609
11802	0.02093
11803	0.04397
11804	0.05032
11805	0.04597
11806	0.03507
11807	0.02268
11808	0.01224
11809	0.00355
11810	-0.00227
11811	-0.00385
11812	-0.00079
11813	0.00862
11814	0.02119
11815	0.02467
11816	0.01502
11817	0.00167
11818	-0.00839
11819	-0.01188
11820	-0.00387
11821	0.01348
11822	-0.01811
11823	-0.09295
11824	-0.04919
11825	0.04558
11826	0.03646
11827	0.00002
11828	-0.00074
11829	0.00263
11830	-0.01080
11831	-0.08111
11832	0.13636
11833	0.03180
11834	0.09177
11835	-0.00183
11836	-0.06418
11837	-0.20513
11838	-0.07885
11839	0.00502
11840	0.04535
11841	0.38850
11842	0.29152
11843	0.00621
11844	-0.20244
11845	-0.38387
11846	-0.10729
11847	-0.17190
11848	-0.23247
11849	-0.17304
11850	-0.14094
11851	0.02654
11852	-0.06098
11853	-0.09854
11854	-0.01936
11855	-0.01532
11856	-0.01007
11857	-0.01442
11858	-0.00411
11859	0.01998
11860	0.02933
11861	0.05263
11862	-0.00244
11863	-0.00067
11864	0.00210
11865	0.00373
11866	0.00363
11867	0.00284
11868	0.00201
11869	-0.00421
11870	-0.02026
11871	-0.04554
11872	-0.06129
11873	-0.04177
11874	-0.00019
11875	0.03227
11876	0.04635
11877	0.04537
11878	0.03544
11879	0.02444
11880	0.01645
11881	0.00829
11882	-0.00115
11883	-0.00572
11884	-0.00252
11885	0.00481
11886	0.01170
11887	0.01300
11888	0.00573
11889	-0.00460
11890	-0.01392
11891	-0.01726
11892	-0.00269
11893	0.00498
11894	-0.03706
11895	-0.07341
11896	-0.02426
11897	0.02729
11898	0.01693
11899	-0.00115
11900	-0.00395
11901	-0.00715
11902	-0.04267
11903	0.14276
11904	0.04502
11905	0.02236
11906	-0.01344
11907	0.16395
11908	-0.04498
11909	-0.06343
11910	-0.02964
11911	0.03085
11912	0.18514
11913	0.26202
11914	-0.00002
11915	-0.16438
11916	-0.41513
11917	-0.12562
11918	-0.09694
11919	-0.29920
11920	-0.32621
11921	-0.20029
11922	-0.08466
11923	-0.03350
11924	-0.06164
11925	-0.01072
11926	0.00312
11927	-0.02602
11928	-0.00890
11929	0.01736
11930	0.01298
11931	0.03365
11932	0.11754
11933	-0.00206
11934	-0.00242
11935	-0.00248
11936	0.00026
11937	0.00369
11938	0.00333
11939	0.00114
11940	-0.00428
11941	-0.01670
11942	-0.03108
11943	-0.03978
11944	-0.03371
11945	-0.01067
11946	0.01646
11947	0.03330
11948	0.03723
11949	0.03257
11950	0.02413
11951	0.01612
11952	0.00796
11953	-0.00072
11954	-0.00466
11955	-0.00138
11956	0.00523
11957	0.00870
11958	0.00457
11959	-0.00572
11960	-0.01932
11961	-0.03321
11962	-0.02877
11963	0.00633
11964	0.00861
11965	-0.06420
11966	-0.09252
11967	-0.01998
11968	0.02447
11969	0.00651
11970	-0.01152
11971	-0.00814
11972	-0.00046
11973	-0.01297
11974	0.11728
11975	0.29085
11976	-0.14920
11977	-0.03253
11978	0.05329
11979	0.13216
11980	-0.06792
11981	-0.12867
11982	-0.00040
11983	0.17472
11984	0.55269
11985	0.28819
11986	0.04749
11987	-0.26869
11988	-0.25034
11989	-0.09300
11990	-0.11655
11991	-0.20138
11992	-0.19727
11993	-0.21563
11994	-0.11342
11995	-0.08018
11996	-0.06033
11997	-0.04011
11998	-0.00280
11999	0.00277
12000	0.00939
12001	0.00907
12002	0.01222
12003	0.04322
12004	0.00539
12005	-0.00123
12006	-0.00207
12007	0.00003
12008	0.00337
12009	0.00108
12010	-0.00270
12011	-0.00685
12012	-0.01360
12013	-0.02051
12014	-0.02470
12015	-0.01740
12016	0.00435
12017	0.02537
12018	0.03453
12019	0.03325
12020	0.02575
12021	0.01648
12022	0.00927
12023	0.00397
12024	-0.00002
12025	-0.00197
12026	-0.00101
12027	0.00365
12028	0.01120
12029	0.01792
12030	0.01709
12031	0.00653
12032	-0.01020
12033	-0.01970
12034	-0.00038
12035	0.02538
12036	-0.01081
12037	-0.07480
12038	-0.03225
12039	0.04700
12040	0.03659
12041	0.00444
12042	-0.00004
12043	0.00433
12044	0.00150
12045	-0.11354
12046	0.17349
12047	0.19069
12048	-0.00560
12049	0.01484
12050	0.02441
12051	-0.26665
12052	-0.07972
12053	-0.05595
12054	0.06512
12055	0.32143
12056	0.58026
12057	0.06013
12058	-0.07874
12059	-0.29856
12060	-0.02763
12061	0.00711
12062	-0.13387
12063	-0.19213
12064	-0.19136
12065	-0.12947
12066	-0.04215
12067	-0.08171
12068	0.00063
12069	-0.00016
12070	0.01990
12071	-0.00445
12072	0.00069
12073	-0.01967
12074	0.06258
12075	0.10939
12076	-0.00224
12077	0.00136
12078	0.00442
12079	0.00783
12080	0.00620
12081	0.00098
12082	-0.00407
12083	-0.01022
12084	-0.01846
12085	-0.02494
12086	-0.01616
12087	0.01134
12088	0.03868
12089	0.04927
12090	0.04785
12091	0.04195
12092	0.02981
12093	0.01553
12094	0.00558
12095	0.00081
12096	-0.00037
12097	0.00073
12098	0.00582
12099	0.01490
12100	0.02124
12101	0.02039
12102	0.01111
12103	-0.00274
12104	-0.01187
12105	-0.00033
12106	0.02039
12107	-0.00780
12108	-0.06778
12109	-0.03010
12110	0.05744
12111	0.04640
12112	0.00442
12113	0.00224
12114	0.01544
12115	0.01359
12116	-0.01698
12117	0.11811
12118	0.11789
12119	0.05998
12120	-0.09217
12121	0.03574
12122	-0.09277
12123	-0.10765
12124	-0.17392
12125	-0.01328
12126	0.14907
12127	0.52547
12128	0.19617
12129	0.00044
12130	-0.24510
12131	-0.11072
12132	0.01078
12133	-0.01920
12134	-0.13133
12135	-0.20857
12136	-0.11244
12137	0.01932
12138	-0.13737
12139	-0.00971
12140	-0.00204
12141	0.02201
12142	-0.01188
12143	0.00422
12144	0.01990
12145	-0.00096
12146	0.05441
12147	-0.00321
12148	-0.00333
12149	-0.00179
12150	0.00220
12151	0.00265
12152	-0.00007
12153	-0.00226
12154	-0.00628
12155	-0.01468
12156	-0.02762
12157	-0.03377
12158	-0.01658
12159	0.01480
12160	0.03779
12161	0.04488
12162	0.03873
12163	0.02632
12164	0.01624
12165	0.00969
12166	0.00371
12167	-0.00185
12168	-0.00507
12169	-0.00392
12170	0.00362
12171	0.01378
12172	0.01886
12173	0.01626
12174	0.00714
12175	-0.00523
12176	-0.00973
12177	0.00383
12178	0.01400
12179	-0.02070
12180	-0.05126
12181	0.00739
12182	0.04849
12183	0.01903
12184	0.00040
12185	0.00159
12186	0.00178
12187	-0.02882
12188	-0.00359
12189	0.42510
12190	-0.01279
12191	0.08586
12192	-0.05571
12193	-0.24139
12194	-0.09980
12195	-0.14639
12196	0.00024
12197	0.15349
12198	0.71296
12199	0.21404
12200	0.04438
12201	-0.28407
12202	-0.22801
12203	-0.10350
12204	-0.11480
12205	-0.12047
12206	-0.25629
12207	-0.12127
12208	0.02656
12209	-0.13527
12210	-0.02198
12211	0.00380
12212	0.02245
12213	-0.01638
12214	-0.01055
12215	0.00336
12216	0.00397
12217	0.10398
12218	-0.00308
12219	-0.00268
12220	-0.00171
12221	0.00249
12222	0.00400
12223	0.00233
12224	0.00078
12225	-0.00310
12226	-0.01329
12227	-0.02903
12228	-0.03963
12229	-0.02861
12230	0.00462
12231	0.03805
12232	0.05107
12233	0.04599
12234	0.03633
12235	0.02500
12236	0.01247
12237	0.00331
12238	-0.00174
12239	-0.00411
12240	-0.00153
12241	0.00695
12242	0.01756
12243	0.02372
12244	0.01705
12245	0.00216
12246	-0.01155
12247	-0.02160
12248	-0.01179
12249	0.02002
12250	0.00102
12251	-0.07841
12252	-0.05243
12253	0.05651
12254	0.05977
12255	0.01168
12256	-0.00016
12257	0.00755
12258	-0.00744
12259	0.08237
12260	0.19887
12261	-0.02346
12262	-0.05758
12263	0.16713
12264	0.05363
12265	-0.01187
12266	-0.05463
12267	0.00561
12268	0.15953
12269	0.46902
12270	0.11341
12271	0.03272
12272	-0.18130
12273	-0.10347
12274	-0.03148
12275	-0.08686
12276	-0.12448
12277	-0.15648
12278	-0.11166
12279	-0.04878
12280	-0.11164
12281	-0.04838
12282	-0.01166
12283	-0.00407
12284	-0.00495
12285	0.01161
12286	0.02011
12287	0.00172
12288	0.00194
12289	-0.00024
12290	-0.00249
12291	-0.00574
12292	-0.00115
12293	0.00299
12294	-0.00005
12295	-0.00229
12296	-0.00485
12297	-0.01583
12298	-0.03822
12299	-0.05063
12300	-0.02738
12301	0.01913
12302	0.05475
12303	0.06332
12304	0.05331
12305	0.03845
12306	0.02560
12307	0.01596
12308	0.00819
12309	0.00028
12310	-0.00563
12311	-0.00289
12312	0.00848
12313	0.01936
12314	0.02039
12315	0.01333
12316	0.00490
12317	-0.00395
12318	-0.00764
12319	-0.00040
12320	0.00868
12321	-0.00311
12322	-0.02946
12323	-0.00091
12324	0.04667
12325	0.02822
12326	0.00196
12327	0.00095
12328	0.00230
12329	-0.00861
12330	-0.06771
12331	0.20177
12332	0.01294
12333	-0.17528
12334	0.06245
12335	0.45610
12336	-0.05631
12337	-0.04158
12338	0.02667
12339	0.09655
12340	0.52830
12341	0.36933
12342	0.04175
12343	-0.01238
12344	-0.10735
12345	-0.03289
12346	-0.06048
12347	-0.13508
12348	-0.15412
12349	-0.15020
12350	0.00459
12351	-0.10972
12352	-0.04776
12353	-0.01684
12354	-0.01487
12355	-0.01957
12356	-0.00221
12357	0.01626
12358	0.00177
12359	0.07624
12360	0.03911
12361	-0.00142
12362	-0.00157
12363	-0.00188
12364	0.00113
12365	0.00295
12366	0.00100
12367	-0.00197
12368	-0.00892
12369	-0.02378
12370	-0.03690
12371	-0.02615
12372	0.00649
12373	0.03809
12374	0.05541
12375	0.05593
12376	0.04353
12377	0.02841
12378	0.01627
12379	0.00709
12380	0.00075
12381	-0.00260
12382	-0.00162
12383	0.00472
12384	0.01327
12385	0.01792
12386	0.01636
12387	0.00911
12388	0.00085
12389	-0.00300
12390	-0.00184
12391	0.00056
12392	-0.00888
12393	-0.04233
12394	-0.05047
12395	0.01058
12396	0.03860
12397	0.00792
12398	-0.00231
12399	0.00659
12400	0.01125
12401	-0.00748
12402	0.01534
12403	0.07987
12404	-0.03525
12405	-0.17768
12406	0.39301
12407	-0.04992
12408	-0.16451
12409	-0.06642
12410	0.08846
12411	0.35896
12412	0.36265
12413	0.05109
12414	-0.02639
12415	-0.12804
12416	-0.01434
12417	0.00880
12418	-0.08350
12419	-0.15869
12420	-0.11149
12421	-0.07925
12422	-0.10374
12423	-0.11957
12424	0.00516
12425	0.00710
12426	0.01036
12427	0.00519
12428	-0.01114
12429	0.00443
12430	-0.02336
12431	0.03014
12432	0.00979
12433	-0.00410
12434	-0.00553
12435	-0.00539
12436	-0.00040
12437	0.00319
12438	0.00241
12439	0.00086
12440	-0.00370
12441	-0.01797
12442	-0.03840
12443	-0.04122
12444	-0.01185
12445	0.02902
12446	0.05334
12447	0.05507
12448	0.04299
12449	0.02873
12450	0.01820
12451	0.00984
12452	0.00223
12453	-0.00294
12454	-0.00343
12455	0.00265
12456	0.01410
12457	0.02191
12458	0.01882
12459	0.00865
12460	-0.00114
12461	-0.00782
12462	-0.00700
12463	0.00536
12464	0.00590
12465	-0.03091
12466	-0.04032
12467	0.01866
12468	0.04024
12469	0.01058
12470	-0.00023
12471	0.00651
12472	0.00771
12473	-0.01733
12474	0.03826
12475	0.15208
12476	-0.03877
12477	-0.06526
12478	0.12235
12479	-0.15804
12480	-0.12528
12481	-0.18120
12482	0.02886
12483	0.10096
12484	0.32453
12485	0.06461
12486	-0.03287
12487	-0.24625
12488	-0.12386
12489	-0.08937
12490	-0.24500
12491	-0.20697
12492	-0.23358
12493	-0.13786
12494	-0.02363
12495	-0.23102
12496	-0.04766
12497	0.00337
12498	0.00712
12499	0.03336
12500	0.04631
12501	0.04309
12502	-0.08531
12503	-0.02326
12504	-0.00124
12505	-0.00386
12506	-0.00555
12507	-0.00501
12508	-0.00064
12509	0.00173
12510	0.00083
12511	-0.00118
12512	-0.00764
12513	-0.02393
12514	-0.04545
12515	-0.04962
12516	-0.02103
12517	0.01897
12518	0.04355
12519	0.04890
12520	0.04190
12521	0.03029
12522	0.01972
12523	0.01041
12524	0.00237
12525	-0.00230
12526	-0.00300
12527	0.00027
12528	0.00739
12529	0.01217
12530	0.00762
12531	-0.00052
12532	-0.00512
12533	-0.00696
12534	-0.00473
12535	0.00126
12536	-0.00605
12537	-0.04089
12538	-0.04223
12539	0.02394
12540	0.04975
12541	0.01435
12542	-0.00148
12543	0.00417
12544	0.00567
12545	-0.05808
12546	0.13055
12547	0.00436
12548	0.06807
12549	-0.03370
12550	0.24451
12551	-0.16452
12552	-0.14380
12553	0.00860
12554	0.06664
12555	0.31418
12556	0.24477
12557	0.03346
12558	-0.06541
12559	-0.22579
12560	-0.05296
12561	-0.06261
12562	-0.18181
12563	-0.21034
12564	-0.22979
12565	-0.08284
12566	-0.09548
12567	-0.12145
12568	-0.03890
12569	0.00285
12570	0.02140
12571	0.00690
12572	0.08978
12573	-0.00579
12574	0.02893
12575	0.07852
12576	-0.00377
12577	-0.00264
12578	0.00032
12579	0.00529
12580	0.00638
12581	0.00043
12582	-0.00656
12583	-0.01390
12584	-0.02022
12585	-0.02485
12586	-0.02303
12587	-0.00147
12588	0.03050
12589	0.04930
12590	0.05008
12591	0.03886
12592	0.02386
12593	0.01226
12594	0.00632
12595	0.00348
12596	0.00080
12597	-0.00135
12598	0.00006
12599	0.00468
12600	0.00936
12601	0.01126
12602	0.00974
12603	0.00684
12604	0.00061
12605	-0.00878
12606	-0.00311
12607	0.00456
12608	-0.04316
12609	-0.10233
12610	-0.05521
12611	0.02998
12612	0.03296
12613	0.00346
12614	-0.00180
12615	0.00502
12616	0.00464
12617	-0.02752
12618	0.02772
12619	0.13073
12620	-0.07034
12621	0.06061
12622	-0.13532
12623	-0.54657
12624	-0.15764
12625	-0.08424
12626	0.07307
12627	0.28824
12628	0.46607
12629	0.04717
12630	-0.04163
12631	-0.46044
12632	-0.18322
12633	-0.02248
12634	-0.09751
12635	-0.19746
12636	-0.19835
12637	-0.03835
12638	0.00133
12639	-0.17488
12640	-0.03381
12641	0.01749
12642	0.01219
12643	0.02654
12644	-0.01780
12645	0.00908
12646	0.02434
12647	0.11176
12648	0.00189
12649	-0.00166
12650	0.00146
12651	0.00471
12652	0.00616
12653	0.00293
12654	-0.00148
12655	-0.00760
12656	-0.01776
12657	-0.03321
12658	-0.04437
12659	-0.02989
12660	0.01033
12661	0.04705
12662	0.05903
12663	0.05231
12664	0.03963
12665	0.02612
12666	0.01398
12667	0.00441
12668	-0.00158
12669	-0.00283
12670	-0.00049
12671	0.00533
12672	0.01102
12673	0.01049
12674	0.00426
12675	-0.00331
12676	-0.01214
12677	-0.01791
12678	-0.00364
12679	0.01422
12680	-0.03034
12681	-0.08981
12682	-0.04761
12683	0.01858
12684	0.02374
12685	0.00942
12686	0.00129
12687	-0.00523
12688	-0.02516
12689	-0.19799
12690	0.14917
12691	-0.03185
12692	0.07689
12693	0.00430
12694	0.07802
12695	-0.10472
12696	-0.08718
12697	-0.06639
12698	0.01464
12699	0.33535
12700	0.49234
12701	0.03206
12702	-0.09928
12703	-0.49781
12704	-0.13327
12705	-0.05754
12706	-0.05864
12707	-0.09395
12708	-0.08750
12709	-0.08722
12710	-0.09852
12711	-0.11934
12712	0.01612
12713	0.00875
12714	-0.00723
12715	0.00832
12716	0.02591
12717	-0.00807
12718	0.04042
12719	0.06823
12720	-0.01598
12721	-0.00108
12722	-0.00420
12723	-0.00505
12724	-0.00000
12725	0.00164
12726	-0.00038
12727	-0.00413
12728	-0.01308
12729	-0.02943
12730	-0.03995
12731	-0.02539
12732	0.00860
12733	0.03672
12734	0.04604
12735	0.04485
12736	0.04308
12737	0.03696
12738	0.02231
12739	0.00740
12740	-0.00009
12741	-0.00172
12742	-0.00043
12743	0.00472
12744	0.01329
12745	0.01944
12746	0.01926
12747	0.01293
12748	-0.00116
12749	-0.01636
12750	-0.01023
12751	0.01732
12752	0.00663
12753	-0.06396
12754	-0.04410
12755	0.05112
12756	0.05154
12757	0.01099
12758	-0.00006
12759	0.00256
12760	0.00540
12761	-0.03506
12762	0.22636
12763	0.27040
12764	-0.04595
12765	0.10280
12766	-0.11436
12767	-0.41943
12768	-0.05149
12769	-0.35037
12770	-0.00107
12771	0.09262
12772	0.48654
12773	0.04011
12774	-0.04880
12775	-0.69323
12776	-0.25254
12777	-0.04372
12778	-0.09063
12779	-0.10951
12780	-0.15109
12781	-0.04557
12782	-0.07438
12783	-0.11322
12784	0.00669
12785	0.00099
12786	0.00290
12787	0.00929
12788	-0.00059
12789	0.00023
12790	0.01184
12791	0.02151
12792	-0.00013
12793	-0.00051
12794	-0.00179
12795	-0.00127
12796	0.00194
12797	0.00267
12798	0.00192
12799	-0.00119
12800	-0.01132
12801	-0.02795
12802	-0.04127
12803	-0.03346
12804	-0.00020
12805	0.03154
12806	0.04397
12807	0.04553
12808	0.04139
12809	0.03105
12810	0.01734
12811	0.00451
12812	-0.00483
12813	-0.00692
12814	-0.00110
12815	0.00761
12816	0.01465
12817	0.01587
12818	0.00915
12819	-0.00083
12820	-0.01031
12821	-0.01623
12822	-0.00688
12823	0.01027
12824	-0.01326
12825	-0.06593
12826	-0.03604
12827	0.02799
12828	0.01478
12829	-0.00833
12830	-0.00208
12831	0.00351
12832	-0.10641
12833	0.00486
12834	0.27011
12835	0.00462
12836	0.10565
12837	-0.08693
12838	-0.40746
12839	-0.06147
12840	0.03453
12841	0.35582
12842	0.39324
12843	0.87729
12844	0.22537
12845	-0.02290
12846	-0.39200
12847	-0.13136
12848	0.01176
12849	-0.04692
12850	-0.17293
12851	-0.18252
12852	-0.17129
12853	-0.13898
12854	-0.20288
12855	-0.00011
12856	-0.01122
12857	-0.00043
12858	-0.00160
12859	0.00359
12860	-0.00808
12861	0.05616
12862	0.13350
12863	0.04329
12864	-0.00251
12865	-0.00424
12866	-0.00505
12867	0.00016
12868	0.00504
12869	0.00493
12870	0.00071
12871	-0.00803
12872	-0.02287
12873	-0.03626
12874	-0.03198
12875	-0.00636
12876	0.02361
12877	0.04348
12878	0.04779
12879	0.03725
12880	0.02543
12881	0.01620
12882	0.00592
12883	-0.00088
12884	-0.00225
12885	0.00049
12886	0.00699
12887	0.01294
12888	0.01447
12889	0.01026
12890	0.00174
12891	-0.00614
12892	-0.01017
12893	-0.00533
12894	0.00542
12895	-0.02387
12896	-0.09038
12897	-0.05708
12898	0.05234
12899	0.06890
12900	0.01638
12901	-0.00165
12902	0.00609
12903	0.00543
12904	0.02461
12905	0.11619
12906	0.09580
12907	0.04636
12908	0.16891
12909	-0.19052
12910	-0.31554
12911	-0.05588
12912	-0.01841
12913	0.02031
12914	0.15887
12915	0.28014
12916	0.01975
12917	-0.07677
12918	-0.43779
12919	-0.14393
12920	-0.13303
12921	-0.21725
12922	-0.17591
12923	-0.22169
12924	-0.06689
12925	-0.13106
12926	-0.11678
12927	-0.03600
12928	-0.02526
12929	-0.00263
12930	0.01286
12931	0.06351
12932	0.05015
12933	-0.05282
12934	0.03353
12935	-0.00327
12936	-0.00246
12937	-0.00144
12938	0.00259
12939	0.00360
12940	0.00331
12941	0.00335
12942	0.00086
12943	-0.00935
12944	-0.03467
12945	-0.06839
12946	-0.06955
12947	-0.02299
12948	0.03256
12949	0.06778
12950	0.07213
12951	0.05733
12952	0.04128
12953	0.02580
12954	0.01090
12955	-0.00016
12956	-0.00419
12957	-0.00167
12958	0.00378
12959	0.01011
12960	0.01333
12961	0.01073
12962	0.00519
12963	-0.00104
12964	-0.00778
12965	-0.00689
12966	0.00574
12967	-0.01297
12968	-0.07457
12969	-0.06040
12970	0.03379
12971	0.05380
12972	0.01229
12973	-0.00065
12974	0.00926
12975	0.00709
12976	-0.01466
12977	0.15380
12978	0.22707
12979	0.03738
12980	0.05304
12981	0.00032
12982	-0.01481
12983	-0.09657
12984	-0.15336
12985	-0.05622
12986	0.01353
12987	0.41489
12988	0.27127
12989	0.00096
12990	-0.27389
12991	-0.29398
12992	-0.02908
12993	-0.14530
12994	-0.18879
12995	-0.13468
12996	-0.15298
12997	-0.01341
12998	-0.08968
12999	-0.05373
13000	-0.00274
13001	0.00551
13002	0.02354
13003	-0.00367
13004	0.00512
13005	0.03041
13006	0.07580
13007	-0.00046
13008	-0.00024
13009	-0.00258
13010	-0.00301
13011	0.00118
13012	0.00064
13013	-0.00065
13014	-0.00175
13015	-0.00650
13016	-0.01872
13017	-0.03559
13018	-0.03776
13019	-0.01386
13020	0.01881
13021	0.03711
13022	0.03791
13023	0.03271
13024	0.02543
13025	0.01499
13026	0.00538
13027	-0.00085
13028	-0.00456
13029	-0.00395
13030	0.00240
13031	0.00890
13032	0.00943
13033	0.00620
13034	0.00342
13035	0.00034
13036	-0.00547
13037	-0.00630
13038	0.00340
13039	-0.01122
13040	-0.04760
13041	-0.02318
13042	0.03007
13043	0.02307
13044	0.00118
13045	0.00040
13046	0.00196
13047	-0.00964
13048	0.03505
13049	0.21307
13050	0.00438
13051	0.15368
13052	0.00310
13053	0.08758
13054	-0.16380
13055	-0.06343
13056	0.01241
13057	0.07574
13058	0.16317
13059	0.10482
13060	-0.01179
13061	-0.10723
13062	-0.17370
13063	-0.06113
13064	-0.13560
13065	-0.23479
13066	-0.10531
13067	-0.12842
13068	-0.03121
13069	-0.03747
13070	-0.06426
13071	-0.02258
13072	0.00196
13073	-0.00318
13074	-0.00472
13075	0.01298
13076	0.00517
13077	0.09859
13078	0.02349
13079	-0.00019
13080	0.00196
13081	0.00440
13082	0.00549
13083	0.00346
13084	0.00088
13085	-0.00138
13086	-0.00760
13087	-0.02251
13088	-0.04294
13089	-0.04366
13090	-0.01152
13091	0.02397
13092	0.03676
13093	0.03248
13094	0.02622
13095	0.02155
13096	0.01628
13097	0.01045
13098	0.00312
13099	-0.00437
13100	-0.00597
13101	-0.00036
13102	0.00614
13103	0.00648
13104	0.00087
13105	-0.00378
13106	-0.00755
13107	-0.01124
13108	-0.00466
13109	0.00745
13110	-0.01062
13111	-0.04922
13112	-0.02989
13113	0.02391
13114	0.02381
13115	0.00290
13116	0.00092
13117	0.00845
13118	0.00013
13119	-0.22295
13120	0.21562
13121	0.16378
13122	-0.08058
13123	-0.04527
13124	-0.04820
13125	-0.49855
13126	-0.29522
13127	-0.21172
13128	0.00395
13129	0.20000
13130	0.44561
13131	0.10460
13132	-0.06864
13133	-0.43129
13134	-0.17202
13135	-0.06233
13136	-0.08345
13137	-0.12002
13138	-0.16367
13139	-0.01121
13140	0.04380
13141	-0.04932
13142	-0.00140
13143	-0.00337
13144	0.00228
13145	-0.00656
13146	-0.00254
13147	0.01376
13148	-0.02315
13149	0.01515
13150	-0.00065
13151	0.00259
13152	0.00279
13153	-0.00143
13154	0.00234
13155	0.00743
13156	0.00652
13157	0.00158
13158	-0.00679
13159	-0.01935
13160	-0.02889
13161	-0.02204
13162	0.00040
13163	0.01986
13164	0.02722
13165	0.02796
13166	0.02616
13167	0.02103
13168	0.01100
13169	0.00062
13170	-0.00331
13171	-0.00110
13172	0.00195
13173	0.00318
13174	0.00261
13175	0.00050
13176	-0.00292
13177	-0.00782
13178	-0.00749
13179	0.00073
13180	-0.01662
13181	-0.06627
13182	-0.06992
13183	-0.00624
13184	0.02906
13185	0.00647
13186	-0.01456
13187	-0.00179
13188	0.01435
13189	0.00876
13190	-0.01190
13191	0.15295
13192	-0.01420
13193	-0.00454
13194	0.00774
13195	0.00905
13196	-0.17762
13197	-0.10716
13198	-0.05552
13199	0.07426
13200	0.18715
13201	0.58960
13202	0.18459
13203	-0.04336
13204	-0.34359
13205	-0.13358
13206	-0.02459
13207	-0.14003
13208	-0.22417
13209	-0.22856
13210	-0.20128
13211	-0.10932
13212	-0.11365
13213	-0.00744
13214	0.00014
13215	0.02441
13216	-0.04311
13217	0.01884
13218	0.00378
13219	0.02644
13220	0.03044
13221	-0.00087
13222	-0.00225
13223	-0.00548
13224	-0.00291
13225	0.00367
13226	0.00419
13227	0.00253
13228	-0.00224
13229	-0.01742
13230	-0.04273
13231	-0.05284
13232	-0.02877
13233	0.00889
13234	0.03488
13235	0.04496
13236	0.04478
13237	0.03933
13238	0.02919
13239	0.01593
13240	0.00439
13241	-0.00245
13242	-0.00435
13243	-0.00028
13244	0.00506
13245	0.00579
13246	0.00482
13247	0.00356
13248	0.00113
13249	-0.00272
13250	-0.00413
13251	0.00098
13252	-0.01212
13253	-0.06755
13254	-0.08406
13255	-0.00676
13256	0.04022
13257	0.01310
13258	-0.00458
13259	0.00840
13260	0.00922
13261	-0.00424
13262	0.18027
13263	0.12107
13264	-0.01385
13265	0.19434
13266	-0.03276
13267	-0.02536
13268	-0.04257
13269	-0.02079
13270	0.06732
13271	0.04459
13272	0.42183
13273	0.36775
13274	0.02130
13275	-0.13633
13276	-0.14147
13277	-0.02986
13278	-0.09645
13279	-0.21978
13280	-0.19309
13281	-0.18741
13282	-0.10084
13283	-0.12291
13284	-0.05250
13285	-0.00515
13286	0.00170
13287	-0.00165
13288	0.00228
13289	0.00005
13290	-0.02471
13291	-0.09827
13292	-0.04003
13293	0.00228
13294	-0.00023
13295	-0.01211
13296	-0.00724
13297	0.00046
13298	0.00249
13299	0.00390
13300	0.00305
13301	-0.00958
13302	-0.03669
13303	-0.05612
13304	-0.03917
13305	0.00813
13306	0.04817
13307	0.05635
13308	0.04554
13309	0.03507
13310	0.02585
13311	0.01389
13312	0.00297
13313	-0.00357
13314	-0.00626
13315	-0.00246
13316	0.00771
13317	0.01478
13318	0.01447
13319	0.01205
13320	0.00828
13321	-0.00022
13322	-0.00464
13323	0.00188
13324	-0.00351
13325	-0.03684
13326	-0.05655
13327	-0.00006
13328	0.05135
13329	0.02228
13330	-0.00442
13331	0.00731
13332	0.01653
13333	0.00452
13334	0.06212
13335	0.20958
13336	0.15510
13337	-0.02287
13338	0.01331
13339	-0.01663
13340	-0.24524
13341	-0.07363
13342	-0.05549
13343	0.04334
13344	0.26985
13345	0.43346
13346	0.03130
13347	-0.17840
13348	-0.37437
13349	-0.13079
13350	-0.14010
13351	-0.32309
13352	-0.30287
13353	-0.27780
13354	-0.16714
13355	-0.13861
13356	-0.10305
13357	-0.03603
13358	0.00061
13359	0.00179
13360	-0.02083
13361	0.01354
13362	0.00845
13363	0.03277
13364	0.05046
13365	-0.00211
13366	-0.00203
13367	-0.00058
13368	0.00343
13369	0.00445
13370	0.00244
13371	-0.00005
13372	-0.00439
13373	-0.01344
13374	-0.02805
13375	-0.03998
13376	-0.03070
13377	0.00120
13378	0.02904
13379	0.03456
13380	0.02784
13381	0.02198
13382	0.01794
13383	0.01303
13384	0.00749
13385	0.00195
13386	-0.00196
13387	-0.00090
13388	0.00407
13389	0.00669
13390	0.00477
13391	0.00001
13392	-0.00747
13393	-0.01797
13394	-0.02038
13395	0.00034
13396	0.01755
13397	-0.01151
13398	-0.04884
13399	-0.02689
13400	0.01547
13401	0.01342
13402	-0.00072
13403	-0.00194
13404	0.00119
13405	-0.00368
13406	0.04836
13407	0.06783
13408	0.11363
13409	-0.05078
13410	-0.13011
13411	0.41659
13412	-0.00320
13413	-0.03205
13414	-0.06471
13415	0.03470
13416	0.18016
13417	0.23876
13418	0.01352
13419	-0.06066
13420	-0.21329
13421	-0.07183
13422	-0.06255
13423	-0.25022
13424	-0.21368
13425	-0.11144
13426	0.04177
13427	0.02385
13428	-0.03018
13429	0.00643
13430	-0.00556
13431	0.01875
13432	-0.00545
13433	-0.00017
13434	-0.00506
13435	0.04993
13436	0.05198
13437	-0.00099
13438	0.00355
13439	0.00983
13440	0.00858
13441	0.00232
13442	-0.00052
13443	-0.00137
13444	-0.00550
13445	-0.01861
13446	-0.03714
13447	-0.03663
13448	-0.00692
13449	0.02519
13450	0.04169
13451	0.04624
13452	0.03974
13453	0.02718
13454	0.01924
13455	0.01342
13456	0.00332
13457	-0.00445
13458	-0.00474
13459	-0.00013
13460	0.00622
13461	0.00951
13462	0.00729
13463	0.00150
13464	-0.00386
13465	-0.00820
13466	-0.00707
13467	0.00035
13468	-0.00503
13469	-0.03739
13470	-0.04769
13471	0.00603
13472	0.03325
13473	0.01309
13474	0.00026
13475	0.00255
13476	0.00493
13477	-0.01494
13478	-0.00283
13479	0.32326
13480	0.05529
13481	-0.03751
13482	-0.03293
13483	0.11695
13484	-0.04777
13485	-0.02158
13486	0.00840
13487	0.08360
13488	0.40323
13489	0.25157
13490	0.04457
13491	-0.13536
13492	-0.19368
13493	-0.05747
13494	-0.16117
13495	-0.20737
13496	-0.18071
13497	-0.13697
13498	-0.04429
13499	-0.16143
13500	-0.06020
13501	-0.02014
13502	-0.03253
13503	-0.00656
13504	0.00017
13505	-0.00169
13506	0.00495
13507	0.02516
13508	-0.00080
13509	-0.00190
13510	-0.00632
13511	-0.00859
13512	-0.00422
13513	0.00007
13514	0.00153
13515	-0.00015
13516	-0.01172
13517	-0.03786
13518	-0.06110
13519	-0.05428
13520	-0.01407
13521	0.03072
13522	0.05523
13523	0.05917
13524	0.04802
13525	0.03028
13526	0.01572
13527	0.00620
13528	-0.00153
13529	-0.00705
13530	-0.00574
13531	0.00447
13532	0.01963
13533	0.02741
13534	0.02038
13535	0.00883
13536	0.00134
13537	-0.00338
13538	-0.00285
13539	0.00228
13540	-0.01711
13541	-0.06915
13542	-0.03896
13543	0.04697
13544	0.03303
13545	-0.00565
13546	0.00099
13547	0.01496
13548	0.01022
13549	-0.02813
13550	0.22381
13551	0.14982
13552	0.00263
13553	0.27343
13554	-0.20316
13555	-0.57956
13556	-0.05416
13557	0.01511
13558	0.01691
13559	0.20743
13560	0.76052
13561	0.14973
13562	-0.03261
13563	-0.38353
13564	-0.10830
13565	-0.01208
13566	-0.13761
13567	-0.18995
13568	-0.26154
13569	-0.09423
13570	-0.01138
13571	-0.13523
13572	-0.03599
13573	0.01000
13574	-0.00171
13575	0.00217
13576	-0.00044
13577	0.00182
13578	0.00878
13579	0.02724
13580	-0.00149
13581	-0.00181
13582	-0.00182
13583	0.00277
13584	0.00680
13585	0.00355
13586	0.00010
13587	-0.00334
13588	-0.01439
13589	-0.03705
13590	-0.05814
13591	-0.05015
13592	-0.00852
13593	0.03676
13594	0.06007
13595	0.06116
13596	0.04938
13597	0.03233
13598	0.01737
13599	0.00719
13600	-0.00029
13601	-0.00428
13602	-0.00285
13603	0.00332
13604	0.01103
13605	0.01520
13606	0.01277
13607	0.00484
13608	-0.00393
13609	-0.01014
13610	-0.00598
13611	0.00882
13612	-0.00993
13613	-0.05918
13614	-0.02973
13615	0.04106
13616	0.03149
13617	0.00082
13618	0.00259
13619	0.00514
13620	-0.01454
13621	0.13631
13622	0.18261
13623	-0.03102
13624	0.02716
13625	0.01194
13626	-0.08058
13627	-0.09889
13628	-0.00482
13629	0.01106
13630	0.10915
13631	0.45417
13632	0.11732
13633	0.01498
13634	-0.15336
13635	-0.12787
13636	-0.08005
13637	-0.22827
13638	-0.22756
13639	-0.19218
13640	-0.27073
13641	-0.12258
13642	-0.10137
13643	-0.03130
13644	-0.00293
13645	0.00078
13646	0.00017
13647	0.00232
13648	-0.01455
13649	0.02983
13650	0.02548
13651	-0.00008
13652	-0.00023
13653	-0.00229
13654	-0.00234
13655	0.00334
13656	0.00631
13657	0.00560
13658	0.00360
13659	-0.00654
13660	-0.03575
13661	-0.06680
13662	-0.05717
13663	-0.00677
13664	0.03754
13665	0.05317
13666	0.05517
13667	0.05242
13668	0.04051
13669	0.02454
13670	0.01153
13671	0.00187
13672	-0.00267
13673	-0.00110
13674	0.00460
13675	0.00988
13676	0.01051
13677	0.00733
13678	0.00175
13679	-0.00522
13680	-0.01220
13681	-0.00791
13682	0.01700
13683	0.02100
13684	-0.04130
13685	-0.05574
13686	0.03246
13687	0.04926
13688	0.00670
13689	0.00196
13690	0.01186
13691	0.00710
13692	-0.01974
13693	0.24618
13694	0.32683
13695	-0.07225
13696	-0.05375
13697	0.04072
13698	-0.28148
13699	-0.15659
13700	-0.14920
13701	0.01849
13702	0.10680
13703	0.53341
13704	0.14851
13705	-0.01641
13706	-0.31032
13707	-0.16433
13708	-0.05695
13709	-0.14757
13710	-0.16375
13711	-0.16921
13712	-0.07465
13713	-0.02212
13714	-0.10997
13715	-0.02843
13716	0.00030
13717	0.01602
13718	0.01455
13719	-0.00550
13720	0.00341
13721	-0.01145
13722	-0.02239
13723	-0.00053
13724	-0.00229
13725	-0.00623
13726	-0.00438
13727	0.00112
13728	0.00125
13729	-0.00025
13730	-0.00214
13731	-0.01012
13732	-0.02618
13733	-0.04287
13734	-0.04137
13735	-0.01090
13736	0.02992
13737	0.05467
13738	0.05803
13739	0.04743
13740	0.03046
13741	0.01668
13742	0.00848
13743	0.00211
13744	-0.00291
13745	-0.00353
13746	0.00178
13747	0.01231
13748	0.02440
13749	0.02899
13750	0.02141
13751	0.00673
13752	-0.00699
13753	-0.00944
13754	0.00450
13755	0.00508
13756	-0.06495
13757	-0.10664
13758	-0.00351
13759	0.06762
13760	0.03111
13761	0.00005
13762	0.00260
13763	0.00606
13764	-0.02565
13765	0.15143
13766	0.32588
13767	-0.11104
13768	0.19858
13769	-0.09196
13770	-0.22549
13771	-0.01265
13772	-0.06014
13773	-0.03112
13774	0.09689
13775	1.02113
13776	0.45169
13777	0.02183
13778	-0.44095
13779	-0.34515
13780	-0.06240
13781	0.00372
13782	-0.01692
13783	-0.06816
13784	-0.06004
13785	-0.03909
13786	-0.10930
13787	-0.06133
13788	0.01926
13789	-0.01542
13790	0.00473
13791	0.00095
13792	0.00384
13793	0.01386
13794	0.10622
13795	-0.00157
13796	-0.00170
13797	-0.00527
13798	-0.00538
13799	-0.00057
13800	0.00082
13801	0.00033
13802	-0.00053
13803	-0.00633
13804	-0.02481
13805	-0.04792
13806	-0.04799
13807	-0.01854
13808	0.01811
13809	0.04181
13810	0.04777
13811	0.04142
13812	0.02942
13813	0.01655
13814	0.00518
13815	-0.00284
13816	-0.00718
13817	-0.00817
13818	-0.00295
13819	0.00906
13820	0.01855
13821	0.01645
13822	0.00690
13823	-0.00299
13824	-0.01278
13825	-0.01958
13826	-0.01005
13827	0.00925
13828	-0.01098
13829	-0.07140
13830	-0.06231
13831	0.01537
13832	0.02883
13833	-0.00370
13834	-0.00992
13835	-0.00070
13836	-0.01289
13837	0.09638
13838	0.29072
13839	-0.11744
13840	-0.03656
13841	-0.02082
13842	-0.50142
13843	-0.17958
13844	-0.10406
13845	0.05572
13846	0.16018
13847	0.79504
13848	0.60501
13849	0.11802
13850	-0.24676
13851	-0.35465
13852	-0.08555
13853	0.01164
13854	-0.04636
13855	-0.11346
13856	-0.13668
13857	-0.07432
13858	-0.12677
13859	-0.11533
13860	0.00238
13861	-0.00835
13862	0.00092
13863	-0.00081
13864	-0.00272
13865	0.01044
13866	0.04144
13867	0.01667
13868	-0.00032
13869	-0.00215
13870	-0.00582
13871	-0.00417
13872	0.00080
13873	0.00351
13874	0.00444
13875	-0.00002
13876	-0.01598
13877	-0.04192
13878	-0.05283
13879	-0.02642
13880	0.01911
13881	0.04807
13882	0.05308
13883	0.04551
13884	0.03356
13885	0.02402
13886	0.01491
13887	0.00453
13888	-0.00207
13889	-0.00362
13890	-0.00043
13891	0.00794
13892	0.01748
13893	0.02234
13894	0.01616
13895	0.00331
13896	-0.00369
13897	-0.00441
13898	-0.00037
13899	0.00717
13900	-0.00872
13901	-0.05979
13902	-0.03354
13903	0.05321
13904	0.04099
13905	0.00102
13906	0.00333
13907	0.00665
13908	-0.00183
13909	-0.11114
13910	0.30721
13911	0.05157
13912	0.01996
13913	0.03391
13914	-0.29096
13915	-0.27976
13916	-0.05941
13917	0.13116
13918	-0.05047
13919	0.25167
13920	0.18699
13921	-0.00507
13922	-0.15045
13923	-0.23525
13924	-0.05503
13925	-0.12507
13926	-0.22306
13927	-0.22574
13928	-0.24568
13929	-0.05522
13930	-0.16694
13931	-0.07646
13932	-0.02186
13933	-0.02622
13934	-0.00131
13935	0.00103
13936	0.01706
13937	0.00123
13938	0.04434
13939	-0.00434
13940	-0.00191
13941	0.00084
13942	0.00572
13943	0.00823
13944	0.00636
13945	0.00397
13946	0.00149
13947	-0.00465
13948	-0.01942
13949	-0.04410
13950	-0.06356
13951	-0.04606
13952	0.00864
13953	0.05831
13954	0.07462
13955	0.06169
13956	0.04058
13957	0.02558
13958	0.01575
13959	0.00679
13960	-0.00080
13961	-0.00402
13962	-0.00252
13963	0.00448
13964	0.01536
13965	0.02030
13966	0.01543
13967	0.00794
13968	0.00168
13969	-0.00460
13970	-0.00083
13971	0.00897
13972	-0.01821
13973	-0.06463
13974	-0.02655
13975	0.05339
13976	0.03421
13977	-0.00673
13978	0.00605
13979	0.01543
13980	0.00776
13981	-0.01130
13982	-0.00428
13983	0.34533
13984	0.02382
13985	0.08379
13986	0.21233
13987	-0.67333
13988	-0.34551
13989	-0.05406
13990	0.14299
13991	0.14935
13992	0.68893
13993	0.50311
13994	-0.00173
13995	-0.37367
13996	-0.30842
13997	-0.02193
13998	-0.04506
13999	-0.14104
14000	-0.15077
14001	-0.15289
14002	0.00138
14003	-0.10497
14004	-0.09417
14005	0.02414
14006	-0.00387
14007	0.01183
14008	-0.00665
14009	0.00392
14010	-0.01916
14011	0.03522
14012	0.00800
14013	-0.00040
14014	-0.00059
14015	0.00091
14016	0.00317
14017	0.00299
14018	0.00155
14019	-0.00069
14020	-0.00698
14021	-0.02342
14022	-0.04577
14023	-0.04662
14024	-0.01258
14025	0.02728
14026	0.04517
14027	0.04392
14028	0.03803
14029	0.03106
14030	0.02098
14031	0.00989
14032	0.00155
14033	-0.00369
14034	-0.00552
14035	-0.00049
14036	0.01037
14037	0.01749
14038	0.01457
14039	0.00609
14040	-0.00183
14041	-0.00829
14042	-0.01049
14043	0.00044
14044	0.00081
14045	-0.06746
14046	-0.09258
14047	0.00153
14048	0.04091
14049	0.00636
14050	-0.00925
14051	0.00341
14052	0.01186
14053	-0.00652
14054	-0.04734
14055	0.29357
14056	-0.00660
14057	-0.03260
14058	0.00348
14059	-0.11324
14060	-0.10212
14061	-0.09088
14062	0.00884
14063	0.03823
14064	0.27794
14065	0.03235
14066	-0.00824
14067	-0.32607
14068	-0.21566
14069	-0.06262
14070	-0.20772
14071	-0.25133
14072	-0.21057
14073	-0.09340
14074	0.03109
14075	-0.08955
14076	-0.01695
14077	-0.00037
14078	0.00558
14079	0.01069
14080	-0.01767
14081	-0.00958
14082	0.00324
14083	0.04929
14084	-0.00119
14085	-0.00105
14086	-0.00182
14087	0.00040
14088	0.00374
14089	0.00377
14090	0.00357
14091	0.00265
14092	-0.00349
14093	-0.01705
14094	-0.03759
14095	-0.04852
14096	-0.02403
14097	0.01783
14098	0.04208
14099	0.04230
14100	0.03401
14101	0.02722
14102	0.02103
14103	0.01339
14104	0.00389
14105	-0.00236
14106	-0.00239
14107	0.00104
14108	0.00523
14109	0.00725
14110	0.00445
14111	-0.00087
14112	-0.00631
14113	-0.01100
14114	-0.00722
14115	0.00206
14116	-0.01472
14117	-0.06712
14118	-0.07406
14119	0.00190
14120	0.04328
14121	0.01440
14122	-0.00343
14123	0.00711
14124	0.00928
14125	-0.00519
14126	-0.08932
14127	0.32053
14128	0.00907
14129	-0.16987
14130	0.04095
14131	-0.11858
14132	-0.17677
14133	-0.16592
14134	0.01284
14135	0.14798
14136	0.72061
14137	0.28074
14138	-0.00382
14139	-0.36483
14140	-0.29207
14141	-0.07468
14142	-0.12260
14143	-0.17109
14144	-0.16943
14145	-0.15203
14146	-0.04818
14147	-0.13551
14148	-0.06249
14149	0.00501
14150	-0.00880
14151	0.00346
14152	-0.01850
14153	-0.00929
14154	-0.01452
14155	-0.03460
14156	-0.00043
14157	-0.00060
14158	-0.00387
14159	-0.00246
14160	0.00115
14161	0.00122
14162	0.00092
14163	0.00109
14164	-0.00309
14165	-0.02369
14166	-0.05792
14167	-0.06932
14168	-0.03519
14169	0.01328
14170	0.04233
14171	0.05201
14172	0.05308
14173	0.04886
14174	0.03741
14175	0.02011
14176	0.00443
14177	-0.00597
14178	-0.01094
14179	-0.00640
14180	0.00804
14181	0.02070
14182	0.01830
14183	0.00399
14184	-0.00918
14185	-0.01718
14186	-0.01481
14187	-0.00325
14188	0.00264
14189	-0.03706
14190	-0.08831
14191	-0.03167
14192	0.04713
14193	0.03439
14194	0.00264
14195	-0.00075
14196	0.00050
14197	-0.02221
14198	0.10836
14199	0.07329
14200	-0.00992
14201	-0.07109
14202	0.17851
14203	-0.06628
14204	-0.12732
14205	-0.03814
14206	-0.00647
14207	0.06466
14208	0.39715
14209	0.07082
14210	-0.02705
14211	-0.27403
14212	-0.08111
14213	-0.02036
14214	-0.13286
14215	-0.17105
14216	-0.12449
14217	-0.09996
14218	-0.06216
14219	-0.15551
14220	-0.09372
14221	0.00493
14222	-0.00789
14223	0.03410
14224	0.01310
14225	0.01300
14226	-0.03381
14227	-0.01372
14228	0.01781
14229	-0.00320
14230	-0.00498
14231	-0.00553
14232	-0.00192
14233	0.00110
14234	0.00113
14235	0.00089
14236	-0.00215
14237	-0.01566
14238	-0.03827
14239	-0.04636
14240	-0.02500
14241	0.00865
14242	0.03390
14243	0.04445
14244	0.04219
14245	0.03398
14246	0.02623
14247	0.01823
14248	0.00869
14249	0.00036
14250	-0.00320
14251	-0.00090
14252	0.00568
14253	0.01219
14254	0.01435
14255	0.01084
14256	0.00487
14257	0.00029
14258	-0.00114
14259	0.00010
14260	-0.00252
14261	-0.02448
14262	-0.05855
14263	-0.01967
14264	0.05482
14265	0.03516
14266	-0.00625
14267	0.00270
14268	0.01338
14269	0.00757
14270	-0.04944
14271	0.27476
14272	0.07158
14273	0.02069
14274	-0.01571
14275	0.12463
14276	-0.19441
14277	-0.09397
14278	-0.00541
14279	0.01930
14280	0.51652
14281	0.49314
14282	0.03659
14283	-0.07939
14284	-0.14135
14285	-0.02130
14286	-0.08851
14287	-0.20584
14288	-0.17292
14289	-0.21009
14290	-0.02963
14291	-0.14955
14292	-0.12582
14293	-0.04116
14294	-0.01954
14295	0.00617
14296	0.00275
14297	0.01497
14298	0.00015
14299	0.03103
14300	0.00670
14301	-0.00024
14302	-0.00096
14303	-0.00322
14304	-0.00181
14305	0.00101
14306	0.00135
14307	0.00129
14308	0.00113
14309	-0.00497
14310	-0.02799
14311	-0.05590
14312	-0.05237
14313	-0.01463
14314	0.02531
14315	0.04661
14316	0.04886
14317	0.03984
14318	0.02762
14319	0.01760
14320	0.00949
14321	0.00098
14322	-0.00600
14323	-0.00758
14324	-0.00091
14325	0.01370
14326	0.02694
14327	0.02670
14328	0.01434
14329	0.00039
14330	-0.01226
14331	-0.01889
14332	-0.00188
14333	0.02319
14334	-0.01281
14335	-0.06922
14336	-0.01710
14337	0.04378
14338	0.02404
14339	0.00324
14340	0.00013
14341	-0.00142
14342	-0.02876
14343	0.05857
14344	0.29449
14345	-0.01939
14346	0.13671
14347	0.06635
14348	-0.05295
14349	-0.22781
14350	0.04562
14351	0.00422
14352	-0.02820
14353	0.27371
14354	0.47737
14355	0.01655
14356	-0.04186
14357	-0.28762
14358	-0.03654
14359	-0.08841
14360	-0.16758
14361	-0.13775
14362	-0.25726
14363	-0.00298
14364	-0.03947
14365	-0.10945
14366	0.00685
14367	-0.03364
14368	-0.00877
14369	-0.02615
14370	-0.00125
14371	0.04338
14372	-0.04943
14373	0.01333
14374	-0.00199
14375	-0.00190
14376	-0.00270
14377	-0.00169
14378	0.00125
14379	0.00181
14380	0.00149
14381	0.00144
14382	-0.00452
14383	-0.02562
14384	-0.05233
14385	-0.05704
14386	-0.02361
14387	0.02374
14388	0.04941
14389	0.05292
14390	0.04700
14391	0.03550
14392	0.02226
14393	0.01177
14394	0.00474
14395	-0.00047
14396	-0.00311
14397	0.00066
14398	0.01021
14399	0.01640
14400	0.01330
14401	0.00751
14402	0.00537
14403	0.00463
14404	0.00171
14405	-0.00001
14406	-0.00630
14407	-0.03907
14408	-0.05092
14409	0.02062
14410	0.05973
14411	0.01916
14412	-0.00042
14413	0.00719
14414	0.00563
14415	-0.00590
14416	0.09335
14417	0.07413
14418	-0.00307
14419	0.07713
14420	-0.00410
14421	0.08005
14422	-0.15706
14423	-0.07337
14424	-0.00375
14425	0.06342
14426	0.37068
14427	0.31624
14428	0.01819
14429	-0.14090
14430	-0.23964
14431	-0.05372
14432	-0.10782
14433	-0.16941
14434	-0.19003
14435	-0.11379
14436	-0.05470
14437	-0.10152
14438	-0.06923
14439	0.00598
14440	-0.00635
14441	0.00628
14442	-0.00055
14443	-0.00073
14444	0.00550
14445	0.09720
14446	0.03793
14447	-0.00111
14448	-0.00099
14449	-0.00214
14450	-0.00060
14451	0.00346
14452	0.00384
14453	0.00272
14454	-0.00003
14455	-0.00984
14456	-0.02736
14457	-0.04117
14458	-0.03594
14459	-0.00958
14460	0.02166
14461	0.04088
14462	0.04532
14463	0.04064
14464	0.03188
14465	0.02283
14466	0.01446
14467	0.00528
14468	-0.00190
14469	-0.00318
14470	0.00059
14471	0.00647
14472	0.01313
14473	0.01466
14474	0.00686
14475	-0.00443
14476	-0.01580
14477	-0.01786
14478	0.00053
14479	0.01727
14480	-0.01527
14481	-0.06226
14482	-0.02423
14483	0.03372
14484	0.02382
14485	0.00353
14486	0.00002
14487	0.00043
14488	-0.01154
14489	0.02217
14490	0.13572
14491	0.00092
14492	0.02993
14493	-0.02291
14494	0.33131
14495	-0.06544
14496	-0.08111
14497	-0.03901
14498	0.02898
14499	0.25520
14500	0.13412
14501	0.00008
14502	-0.17299
14503	-0.19960
14504	-0.01931
14505	-0.04666
14506	-0.15566
14507	-0.12593
14508	-0.11212
14509	0.02019
14510	-0.04420
14511	-0.04902
14512	0.02511
14513	-0.00022
14514	0.03130
14515	-0.03948
14516	0.00145
14517	-0.01380
14518	0.00412
14519	0.01850
14520	-0.00173
14521	-0.00239
14522	-0.00370
14523	0.00119
14524	0.00515
14525	0.00286
14526	0.00143
14527	0.00094
14528	-0.00415
14529	-0.02084
14530	-0.03912
14531	-0.03636
14532	-0.00852
14533	0.02139
14534	0.03515
14535	0.03670
14536	0.03279
14537	0.02661
14538	0.02066
14539	0.01325
14540	0.00461
14541	-0.00014
14542	-0.00155
14543	0.00009
14544	0.00593
14545	0.01090
14546	0.00905
14547	0.00123
14548	-0.00803
14549	-0.01832
14550	-0.02044
14551	-0.00097
14552	0.00959
14553	-0.04570
14554	-0.09902
14555	-0.04420
14556	0.02073
14557	0.01823
14558	0.00414
14559	-0.00098
14560	-0.00557
14561	-0.01697
14562	-0.03849
14563	0.07217
14564	-0.01621
14565	-0.05769
14566	-0.05437
14567	0.18137
14568	-0.00833
14569	-0.02667
14570	-0.01474
14571	-0.03706
14572	0.25087
14573	0.61147
14574	0.24260
14575	0.02962
14576	-0.29498
14577	-0.17219
14578	-0.10202
14579	0.09456
14580	0.13279
14581	0.04706
14582	0.00304
14583	-0.03846
14584	-0.12079
14585	-0.07557
14586	-0.04126
14587	-0.11230
14588	-0.03730
14589	-0.01427
14590	-0.03602
14591	-0.00272
14592	0.04640
14593	0.01866
14594	0.03238
14595	-0.03997
14596	0.04864
14597	0.05369
14598	-0.00198
14599	-0.00220
14600	0.00026
14601	0.00922
14602	0.01199
14603	0.00007
14604	-0.01425
14605	-0.02106
14606	-0.01900
14607	-0.01088
14608	-0.00014
14609	0.01160
14610	0.02307
14611	0.03037
14612	0.03033
14613	0.02603
14614	0.01991
14615	0.01107
14616	0.00179
14617	-0.00291
14618	-0.00106
14619	0.00303
14620	0.00440
14621	0.00710
14622	0.01259
14623	0.01440
14624	0.00939
14625	0.00187
14626	-0.00078
14627	0.00214
14628	0.00345
14629	-0.01533
14630	-0.04758
14631	-0.03149
14632	0.01475
14633	0.01967
14634	0.00286
14635	-0.00101
14636	0.00274
14637	0.00509
14638	0.00279
14639	-0.00031
14640	0.00176
14641	0.00476
14642	0.01078
14643	0.00271
14644	0.00942
14645	0.00350
14646	0.00188
14647	0.00465
14648	-0.00006
14649	0.00028
14650	0.00137
14651	0.00008
14652	-0.00042
14653	0.00099
14654	0.00338
14655	0.00358
14656	0.00069
14657	-0.00001
14658	-0.00010
14659	-0.00084
14660	-0.00070
14661	-0.00042
14662	0.00037
14663	-0.00011
14664	-0.00042
14665	0.00075
14666	0.00122
14667	0.00076
14668	0.00000
14669	-0.00048
14670	-0.00046
14671	-0.00042
14672	-0.00012
14673	-0.00017
14674	-0.00215
14675	-0.00266
14676	-0.00031
14677	0.00067
14678	-0.00077
14679	-0.00298
14680	-0.00423
14681	-0.00371
14682	-0.00242
14683	-0.00184
14684	0.00589
14685	0.02031
14686	0.01636
14687	-0.00127
14688	-0.01125
14689	-0.01529
14690	-0.01487
14691	-0.00627
14692	0.00843
14693	0.02499
14694	0.03490
14695	0.03443
14696	0.02900
14697	0.01654
14698	-0.00025
14699	-0.00957
14700	-0.00554
14701	0.00569
14702	0.01544
14703	0.02292
14704	0.02648
14705	0.01882
14706	0.00539
14707	-0.00292
14708	-0.00414
14709	0.00128
14710	0.01052
14711	0.00993
14712	-0.01134
14713	-0.01779
14714	0.01229
14715	0.02552
14716	0.00969
14717	-0.00080
14718	0.00231
14719	0.00899
14720	0.00679
14721	0.00042
14722	-0.00004
14723	0.00039
14724	-0.01109
14725	0.13199
14726	0.18958
14727	0.15081
14728	0.30710
14729	0.40174
14730	0.33421
14731	0.17360
14732	-0.15052
14733	-0.20811
14734	-0.33232
14735	-0.28515
14736	-0.13612
14737	-0.09491
14738	0.01286
14739	0.10562
14740	0.08554
14741	0.01138
14742	-0.10816
14743	-0.20325
14744	-0.22700
14745	-0.15459
14746	0.02719
14747	0.16635
14748	0.31836
14749	0.45472
14750	0.29042
14751	0.13428
14752	0.10148
14753	0.02181
14754	-0.01564
14755	0.00592
14756	0.02444
14757	0.00555
14758	-0.02154
14759	-0.04301
14760	-0.05652
14761	-0.11314
14762	-0.19986
14763	-0.27447
14764	-0.28175
14765	-0.17465
14766	-0.08675
14767	-0.02194
14768	-0.00387
14769	-0.08962
14770	-0.21905
14771	-0.30427
14772	-0.25786
14773	-0.20736
14774	-0.16120
14775	-0.11680
14776	-0.00834
14777	0.04116
14778	-0.02852
14779	-0.13958
14780	-0.15668
14781	-0.10182
14782	-0.12599
14783	-0.18229
14784	-0.12341
14785	-0.00573
14786	-0.00429
14787	-0.08320
14788	-0.08302
14789	0.00589
14790	0.01078
14791	-0.00965
14792	-0.01851
14793	-0.00237
14794	0.01554
14795	0.02232
14796	0.01806
14797	0.01138
14798	0.00910
14799	0.00805
14800	0.00468
14801	0.00018
14802	-0.00276
14803	-0.00350
14804	-0.00233
14805	0.00049
14806	0.00453
14807	0.00870
14808	0.01323
14809	0.01587
14810	0.01375
14811	0.00987
14812	0.00686
14813	0.00337
14814	-0.00045
14815	-0.00179
14816	0.00067
14817	0.00587
14818	0.00831
14819	0.00188
14820	-0.00281
14821	0.00074
14822	0.00102
14823	-0.00111
14824	-0.00028
14825	0.00027
14826	-0.00044
14827	0.00147
14828	0.00229
14829	-0.00021
14830	-0.00008
14831	0.00201
14832	0.00446
14833	0.02434
14834	0.03880
14835	0.00610
14836	0.06773
14837	0.25603
14838	0.14843
14839	0.04185
14840	0.03082
14841	0.01290
14842	0.01461
14843	0.07361
14844	0.20422
14845	0.27384
14846	0.10556
14847	0.13869
14848	0.18988
14849	0.11773
14850	0.11202
14851	0.09097
14852	0.04630
14853	0.01775
14854	-0.00366
14855	-0.02373
14856	-0.03795
14857	-0.03716
14858	-0.02312
14859	-0.00615
14860	0.00896
14861	0.01268
14862	0.00113
14863	0.00367
14864	0.03223
14865	0.06029
14866	0.06818
14867	0.01717
14868	-0.06312
14869	-0.09959
14870	-0.09476
14871	-0.04120
14872	0.00725
14873	-0.00167
14874	-0.04304
14875	-0.05782
14876	-0.05207
14877	-0.08856
14878	-0.14310
14879	-0.21412
14880	-0.26582
14881	-0.29314
14882	-0.22629
14883	-0.08356
14884	-0.00092
14885	0.02050
14886	0.01207
14887	-0.01199
14888	-0.04495
14889	-0.05768
14890	-0.01484
14891	0.05958
14892	0.12917
14893	0.11030
14894	0.03794
14895	-0.02644
14896	-0.07659
14897	-0.15159
14898	-0.14273
14899	-0.11997
14900	-0.09168
14901	-0.07273
14902	-0.08466
14903	-0.06025
14904	-0.04265
14905	-0.05622
14906	-0.08853
14907	-0.10335
14908	-0.07985
14909	-0.07639
14910	-0.09061
14911	-0.07764
14912	0.00248
14913	-0.00093
14914	0.00579
14915	0.01227
14916	0.00191
14917	-0.00450
14918	-0.00051
14919	0.00280
14920	0.00435
14921	0.00625
14922	0.00706
14923	0.00561
14924	0.00373
14925	0.00219
14926	0.00061
14927	-0.00107
14928	-0.00160
14929	-0.00008
14930	0.00203
14931	0.00445
14932	0.00792
14933	0.01102
14934	0.01085
14935	0.00833
14936	0.00620
14937	0.00406
14938	0.00126
14939	-0.00067
14940	0.00066
14941	0.00594
14942	0.01062
14943	0.00715
14944	0.00119
14945	0.00017
14946	-0.00074
14947	-0.00136
14948	0.00035
14949	0.00175
14950	0.00054
14951	0.00115
14952	0.00680
14953	0.00436
14954	0.00838
14955	-0.01116
14956	0.14334
14957	0.10625
14958	0.02089
14959	0.01510
14960	0.13913
14961	0.16014
14962	0.10704
14963	0.09860
14964	0.10812
14965	0.07067
14966	0.03975
14967	0.09506
14968	0.13208
14969	0.10177
14970	0.06427
14971	-0.02855
14972	-0.05919
14973	-0.10399
14974	-0.01042
14975	0.09293
14976	0.13499
14977	0.09823
14978	0.04102
14979	-0.00453
14980	-0.02034
14981	-0.00489
14982	0.02178
14983	0.02430
14984	-0.01190
14985	-0.07466
14986	-0.09898
14987	-0.12542
14988	-0.11396
14989	-0.12394
14990	-0.14657
14991	-0.15350
14992	-0.18408
14993	-0.18361
14994	-0.17608
14995	-0.17591
14996	-0.15197
14997	-0.12501
14998	-0.11796
14999	-0.13844
15000	-0.15288
15001	-0.13712
15002	-0.09664
15003	-0.09430
15004	-0.10409
15005	-0.09889
15006	-0.09063
15007	-0.05741
15008	-0.02626
15009	-0.01591
15010	0.00392
15011	0.06806
15012	0.10778
15013	0.06608
15014	0.00141
15015	0.03150
15016	0.14591
15017	0.22485
15018	0.22028
15019	0.12292
15020	0.02095
15021	-0.03916
15022	-0.04238
15023	-0.00682
15024	0.01803
15025	0.03396
15026	0.01477
15027	-0.01195
15028	-0.04258
15029	-0.08724
15030	-0.07019
15031	-0.08298
15032	-0.16839
15033	-0.16779
15034	-0.09626
15035	-0.08695
15036	-0.04896
15037	0.00012
15038	0.00195
15039	0.00744
15040	0.00663
15041	-0.00305
15042	-0.00771
15043	0.00131
15044	0.01051
15045	0.01318
15046	0.01240
15047	0.00921
15048	0.00614
15049	0.00439
15050	0.00237
15051	0.00074
15052	-0.00049
15053	-0.00097
15054	0.00008
15055	0.00302
15056	0.00977
15057	0.02126
15058	0.03080
15059	0.02945
15060	0.01962
15061	0.00959
15062	0.00256
15063	-0.00103
15064	-0.00022
15065	0.00354
15066	0.00616
15067	0.00504
15068	0.00177
15069	0.00004
15070	0.00037
15071	0.00086
15072	0.00041
15073	0.00000
15074	-0.00041
15075	-0.00408
15076	-0.00889
15077	-0.00923
15078	-0.00492
15079	-0.00049
15080	0.00125
15081	0.00210
15082	0.00139
15083	-0.00550
15084	0.00951
15085	0.04358
15086	0.02659
15087	-0.00001
15088	-0.00006
15089	0.02833
15090	0.05333
15091	0.05840
15092	-0.01075
15093	-0.00628
15094	-0.04281
15095	-0.02468
15096	0.00156
15097	0.08120
15098	0.12507
15099	0.11867
15100	0.15246
15101	0.14087
15102	0.11736
15103	0.02375
15104	-0.02497
15105	-0.07958
15106	-0.06678
15107	-0.06908
15108	-0.07659
15109	-0.04918
15110	-0.03136
15111	-0.00998
15112	0.01419
15113	0.04251
15114	0.04470
15115	0.04805
15116	0.08610
15117	0.13126
15118	0.14184
15119	0.11073
15120	0.05568
15121	-0.03083
15122	-0.08915
15123	-0.10397
15124	-0.10409
15125	-0.07898
15126	-0.06647
15127	-0.06905
15128	-0.04645
15129	0.00400
15130	0.05725
15131	0.08355
15132	0.06308
15133	0.02852
15134	-0.00298
15135	-0.01765
15136	-0.01365
15137	-0.01943
15138	-0.06084
15139	-0.10823
15140	-0.12420
15141	-0.13378
15142	-0.14509
15143	-0.12220
15144	-0.08144
15145	-0.09463
15146	-0.13586
15147	-0.11507
15148	-0.06691
15149	-0.02730
15150	-0.03019
15151	-0.08105
15152	-0.13466
15153	-0.16171
15154	-0.12058
15155	-0.11766
15156	-0.14677
15157	-0.11745
15158	-0.05325
15159	-0.00695
15160	0.00327
15161	-0.02256
15162	-0.02746
15163	-0.04054
15164	-0.07717
15165	-0.05574
15166	0.00556
15167	-0.04315
15168	-0.07241
15169	-0.04365
15170	-0.00034
15171	0.00050
15172	-0.00178
15173	-0.00582
15174	-0.00523
15175	-0.00211
15176	0.00182
15177	0.00576
15178	0.00800
15179	0.00773
15180	0.00546
15181	0.00216
15182	-0.00007
15183	-0.00033
15184	-0.00031
15185	-0.00058
15186	0.00040
15187	0.00313
15188	0.00435
15189	0.00432
15190	0.00596
15191	0.00871
15192	0.00839
15193	0.00469
15194	0.00173
15195	0.00051
15196	-0.00005
15197	-0.00004
15198	0.00078
15199	0.00172
15200	0.00260
15201	0.00293
15202	0.00199
15203	0.00063
15204	-0.00024
15205	-0.00033
15206	0.00052
15207	0.00172
15208	0.00146
15209	-0.00291
15210	-0.00632
15211	-0.00387
15212	-0.00169
15213	0.00085
15214	0.00360
15215	-0.00978
15216	-0.02118
15217	0.10192
15218	-0.00534
15219	0.00804
15220	0.00437
15221	0.03236
15222	0.04195
15223	-0.01228
15224	-0.00071
15225	-0.00777
15226	0.01970
15227	0.04082
15228	0.11879
15229	0.11497
15230	0.11610
15231	0.13607
15232	0.08170
15233	0.04389
15234	-0.01812
15235	-0.05247
15236	-0.07339
15237	-0.05686
15238	-0.05292
15239	-0.04307
15240	-0.00251
15241	0.02624
15242	0.04809
15243	0.06245
15244	0.05138
15245	0.02398
15246	-0.00116
15247	-0.03399
15248	-0.04436
15249	-0.04234
15250	-0.01162
15251	-0.00152
15252	-0.02940
15253	-0.07975
15254	-0.08307
15255	-0.04112
15256	-0.00878
15257	-0.00124
15258	-0.00221
15259	0.00553
15260	0.01672
15261	0.01991
15262	0.02928
15263	0.04826
15264	0.05717
15265	0.02195
15266	-0.03264
15267	-0.04709
15268	-0.01495
15269	0.01611
15270	0.00487
15271	-0.02258
15272	-0.04200
15273	-0.05141
15274	-0.04234
15275	-0.03454
15276	-0.01530
15277	0.00331
15278	-0.01409
15279	-0.05890
15280	-0.07693
15281	-0.04407
15282	-0.04327
15283	-0.11086
15284	-0.18317
15285	-0.20206
15286	-0.14834
15287	-0.09845
15288	-0.11564
15289	-0.10254
15290	-0.03537
15291	0.01723
15292	0.02584
15293	0.00560
15294	-0.03720
15295	-0.03319
15296	-0.07594
15297	-0.10481
15298	-0.07377
15299	-0.02965
15300	-0.07134
15301	-0.13943
15302	-0.07645
15303	-0.00835
15304	-0.00001
15305	0.00183
15306	0.00327
15307	-0.00206
15308	-0.00749
15309	-0.00302
15310	0.00617
15311	0.01014
15312	0.00950
15313	0.00743
15314	0.00508
15315	0.00310
15316	0.00145
15317	0.00028
15318	-0.00028
15319	-0.00082
15320	-0.00078
15321	0.00052
15322	0.00239
15323	0.00682
15324	0.01349
15325	0.01685
15326	0.01632
15327	0.01379
15328	0.00929
15329	0.00455
15330	0.00105
15331	-0.00041
15332	0.00046
15333	0.00175
15334	0.00285
15335	0.00330
15336	0.00180
15337	-0.00017
15338	-0.00127
15339	-0.00087
15340	0.00199
15341	0.00416
15342	-0.00024
15343	-0.00677
15344	-0.00579
15345	-0.00225
15346	-0.00136
15347	0.00313
15348	0.00674
15349	0.01161
15350	0.04895
15351	0.10027
15352	-0.00599
15353	0.00346
15354	0.00572
15355	0.07621
15356	0.03993
15357	-0.00027
15358	-0.00760
15359	-0.03317
15360	-0.02953
15361	0.00052
15362	0.06536
15363	0.14885
15364	0.15814
15365	0.09127
15366	0.24177
15367	0.31475
15368	0.11802
15369	0.06529
15370	0.01491
15371	-0.00378
15372	-0.00925
15373	-0.00941
15374	-0.00502
15375	0.01097
15376	0.04033
15377	0.07459
15378	0.08941
15379	0.08104
15380	0.02608
15381	-0.05066
15382	-0.10106
15383	-0.15216
15384	-0.14946
15385	-0.11051
15386	-0.05505
15387	-0.02315
15388	-0.01518
15389	-0.02082
15390	-0.03395
15391	-0.03932
15392	-0.03302
15393	-0.04132
15394	-0.05457
15395	-0.07356
15396	-0.12047
15397	-0.12504
15398	-0.12459
15399	-0.08519
15400	-0.04271
15401	-0.05723
15402	-0.08371
15403	-0.08709
15404	-0.11910
15405	-0.15087
15406	-0.09924
15407	0.01353
15408	0.10296
15409	0.12004
15410	0.11379
15411	0.09394
15412	0.05974
15413	0.03897
15414	0.03087
15415	-0.04755
15416	-0.13083
15417	-0.15436
15418	-0.25359
15419	-0.20440
15420	-0.14266
15421	-0.11084
15422	-0.12587
15423	-0.11293
15424	-0.05724
15425	-0.04617
15426	-0.08057
15427	-0.09473
15428	-0.04743
15429	-0.03683
15430	-0.02702
15431	-0.00044
15432	0.00108
15433	-0.00340
15434	-0.00757
15435	-0.00384
15436	0.00091
15437	0.00555
15438	0.00904
15439	0.00981
15440	0.00923
15441	0.00720
15442	0.00328
15443	0.00039
15444	-0.00052
15445	-0.00052
15446	-0.00019
15447	-0.00005
15448	0.00037
15449	0.00219
15450	0.00339
15451	0.00359
15452	0.00522
15453	0.00700
15454	0.00748
15455	0.00665
15456	0.00471
15457	0.00269
15458	0.00095
15459	-0.00082
15460	-0.00219
15461	-0.00280
15462	-0.00298
15463	-0.00322
15464	-0.00385
15465	-0.00332
15466	-0.00041
15467	-0.00048
15468	-0.00079
15469	-0.00001
15470	0.00703
15471	0.01518
15472	0.00845
15473	0.00048
15474	0.00071
15475	0.00098
15476	-0.00005
15477	0.00007
15478	0.00036
15479	-0.00036
15480	-0.00248
15481	0.01223
15482	0.04652
15483	0.06575
15484	0.00880
15485	0.00122
15486	0.01196
15487	0.02003
15488	0.01875
15489	-0.03145
15490	-0.01682
15491	-0.05252
15492	-0.03225
15493	0.01899
15494	0.09216
15495	0.10827
15496	0.11051
15497	0.20116
15498	0.18994
15499	0.19912
15500	0.13820
15501	0.02199
15502	-0.02028
15503	-0.02803
15504	0.01118
15505	0.06622
15506	0.11236
15507	0.13638
15508	0.18300
15509	0.15354
15510	0.12666
15511	0.12596
15512	0.05634
15513	-0.01250
15514	-0.07301
15515	-0.04716
15516	0.00278
15517	0.03841
15518	0.04828
15519	0.02524
15520	-0.01277
15521	-0.06488
15522	-0.08396
15523	-0.05048
15524	-0.03578
15525	-0.03852
15526	-0.03727
15527	-0.03396
15528	-0.02193
15529	-0.02645
15530	-0.03460
15531	-0.04627
15532	-0.08231
15533	-0.08156
15534	-0.08973
15535	-0.12201
15536	-0.13231
15537	-0.15249
15538	-0.13984
15539	-0.12097
15540	-0.09204
15541	-0.11018
15542	-0.14842
15543	-0.15651
15544	-0.12861
15545	-0.12025
15546	-0.10404
15547	-0.11680
15548	-0.17559
15549	-0.20535
15550	-0.19700
15551	-0.18281
15552	-0.19837
15553	-0.15056
15554	-0.03800
15555	0.01281
15556	0.02330
15557	-0.01392
15558	-0.02284
15559	-0.04421
15560	-0.15238
15561	-0.12078
15562	-0.02680
15563	-0.03162
15564	-0.10524
15565	-0.03581
15566	0.00009
15567	-0.00007
15568	0.00131
15569	-0.00441
15570	-0.00521
15571	0.00617
15572	0.01097
15573	0.00741
15574	0.00365
15575	0.00169
15576	0.00057
15577	-0.00008
15578	-0.00020
15579	-0.00010
15580	0.00026
15581	0.00072
15582	0.00051
15583	0.00015
15584	0.00041
15585	0.00169
15586	0.00443
15587	0.00806
15588	0.01002
15589	0.00852
15590	0.00569
15591	0.00342
15592	0.00120
15593	-0.00040
15594	0.00069
15595	0.00226
15596	-0.00073
15597	-0.00839
15598	-0.01328
15599	-0.00969
15600	-0.00316
15601	-0.00003
15602	0.00342
15603	0.01326
15604	0.01607
15605	0.00497
15606	-0.00144
15607	0.00295
15608	0.00250
15609	0.00000
15610	-0.00137
15611	-0.05377
15612	0.19121
15613	0.15355
15614	0.00035
15615	0.00721
15616	0.00786
15617	0.03789
15618	-0.08288
15619	-0.07036
15620	0.01875
15621	-0.16854
15622	-0.14365
15623	-0.01956
15624	0.16377
15625	0.27651
15626	0.27079
15627	0.29657
15628	0.33878
15629	0.39145
15630	0.14871
15631	0.04340
15632	0.01375
15633	-0.00264
15634	0.00310
15635	0.02414
15636	0.05469
15637	0.07859
15638	0.09245
15639	0.07796
15640	0.05655
15641	0.01803
15642	-0.02687
15643	-0.08769
15644	-0.11209
15645	-0.08535
15646	-0.03732
15647	-0.02317
15648	-0.04099
15649	-0.03874
15650	-0.01832
15651	-0.00732
15652	-0.02575
15653	-0.06056
15654	-0.08513
15655	-0.06804
15656	-0.06695
15657	-0.07805
15658	-0.09319
15659	-0.09362
15660	-0.07930
15661	-0.12322
15662	-0.19073
15663	-0.20018
15664	-0.18292
15665	-0.20451
15666	-0.17000
15667	0.00921
15668	0.14677
15669	0.05840
15670	-0.15403
15671	-0.28233
15672	-0.33201
15673	-0.32627
15674	-0.26874
15675	-0.24021
15676	-0.27322
15677	-0.26026
15678	-0.18659
15679	-0.22101
15680	-0.16740
15681	-0.08909
15682	-0.04858
15683	-0.08658
15684	-0.10256
15685	-0.04945
15686	-0.03409
15687	-0.08608
15688	-0.09691
15689	-0.02753
15690	-0.02453
15691	-0.08200
15692	-0.05671
15693	0.00029
15694	0.00034
15695	0.00131
15696	-0.00333
15697	0.00012
15698	0.00961
15699	0.01339
15700	0.01011
15701	0.00524
15702	0.00280
15703	0.00142
15704	0.00023
15705	-0.00049
15706	-0.00080
15707	-0.00009
15708	0.00133
15709	0.00194
15710	0.00320
15711	0.00675
15712	0.01042
15713	0.01233
15714	0.01313
15715	0.01146
15716	0.00777
15717	0.00440
15718	0.00151
15719	-0.00019
15720	0.00112
15721	0.00479
15722	0.00784
15723	0.00785
15724	0.00438
15725	0.00063
15726	0.00023
15727	0.00221
15728	0.00386
15729	0.00344
15730	0.00065
15731	-0.00058
15732	-0.00011
15733	0.00049
15734	0.00536
15735	0.08347
15736	0.07145
15737	0.00495
15738	-0.00623
15739	-0.00471
15740	0.29746
15741	0.36125
15742	0.00685
15743	0.01211
15744	0.06100
15745	0.03571
15746	0.01778
15747	0.00374
15748	0.02538
15749	0.03895
15750	0.10479
15751	0.19498
15752	0.09193
15753	0.02195
15754	-0.02543
15755	-0.09953
15756	-0.11344
15757	-0.09397
15758	-0.09153
15759	-0.04949
15760	-0.00115
15761	0.01854
15762	0.03882
15763	0.03781
15764	0.02029
15765	0.00852
15766	-0.02236
15767	-0.02942
15768	-0.02864
15769	-0.03590
15770	-0.03024
15771	-0.01404
15772	-0.00149
15773	-0.00302
15774	-0.03180
15775	-0.05122
15776	-0.08343
15777	-0.07387
15778	-0.03487
15779	-0.02864
15780	-0.04418
15781	-0.06891
15782	-0.06412
15783	-0.05463
15784	-0.06812
15785	-0.07877
15786	-0.10622
15787	-0.17266
15788	-0.20762
15789	-0.14029
15790	-0.06792
15791	-0.08574
15792	-0.12500
15793	-0.09300
15794	-0.04312
15795	-0.03587
15796	-0.05620
15797	-0.04155
15798	0.00554
15799	0.04654
15800	0.05853
15801	0.04337
15802	0.03417
15803	0.04283
15804	0.03965
15805	0.02588
15806	0.04154
15807	0.06282
15808	0.04967
15809	0.01044
15810	-0.03630
15811	-0.07878
15812	-0.14599
15813	-0.14709
15814	-0.06903
15815	-0.03184
15816	-0.02761
15817	-0.05529
15818	0.00035
15819	0.00036
15820	0.00602
15821	0.00668
15822	-0.00018
15823	-0.00476
15824	-0.00172
15825	0.00737
15826	0.01478
15827	0.01481
15828	0.01127
15829	0.00812
15830	0.00587
15831	0.00359
15832	0.00111
15833	-0.00001
15834	0.00061
15835	0.00211
15836	0.00339
15837	0.00471
15838	0.00808
15839	0.01238
15840	0.01355
15841	0.01189
15842	0.00902
15843	0.00478
15844	0.00101
15845	-0.00055
15846	-0.00048
15847	0.00065
15848	0.00216
15849	0.00375
15850	0.00457
15851	0.00306
15852	0.00021
15853	-0.00082
15854	-0.00100
15855	-0.00180
15856	-0.00092
15857	0.00028
15858	-0.00257
15859	-0.00799
15860	-0.00969
15861	-0.00718
15862	-0.00252
15863	0.00162
15864	-0.02188
15865	0.04777
15866	0.17291
15867	0.07371
15868	-0.01050
15869	0.01775
15870	0.18522
15871	0.05701
15872	-0.00936
15873	-0.04039
15874	-0.01042
15875	0.02721
15876	0.06632
15877	0.08162
15878	0.13515
15879	0.10071
15880	0.14312
15881	0.15099
15882	0.01370
15883	-0.04112
15884	-0.12927
15885	-0.11943
15886	-0.08226
15887	-0.04348
15888	-0.00767
15889	0.00263
15890	-0.00359
15891	0.00307
15892	0.03341
15893	0.03784
15894	0.01339
15895	-0.04548
15896	-0.09711
15897	-0.09914
15898	-0.07651
15899	-0.06248
15900	-0.04921
15901	-0.04159
15902	-0.04439
15903	-0.05096
15904	-0.05860
15905	-0.04961
15906	-0.04541
15907	-0.05656
15908	-0.05723
15909	-0.04840
15910	-0.05029
15911	-0.06102
15912	-0.05354
15913	-0.06024
15914	-0.08113
15915	-0.09362
15916	-0.10438
15917	-0.11408
15918	-0.08879
15919	-0.10325
15920	-0.15459
15921	-0.17515
15922	-0.14182
15923	-0.05967
15924	0.02100
15925	0.05488
15926	0.00830
15927	-0.00722
15928	0.01465
15929	0.01679
15930	0.01189
15931	0.01519
15932	0.00081
15933	-0.02816
15934	-0.05222
15935	-0.03418
15936	0.01888
15937	0.05669
15938	0.09238
15939	0.03007
15940	-0.05850
15941	-0.08583
15942	-0.12294
15943	-0.10801
15944	-0.04435
15945	-0.03247
15946	-0.11171
15947	-0.12313
15948	-0.05795
15949	0.01166
15950	0.00027
15951	0.00273
15952	0.00407
15953	0.00044
15954	-0.00349
15955	-0.00041
15956	0.00585
15957	0.01023
15958	0.01142
15959	0.00949
15960	0.00581
15961	0.00216
15962	0.00051
15963	0.00005
15964	-0.00035
15965	-0.00001
15966	0.00122
15967	0.00250
15968	0.00494
15969	0.01058
15970	0.01765
15971	0.01980
15972	0.01577
15973	0.01016
15974	0.00516
15975	0.00150
15976	-0.00003
15977	0.00099
15978	0.00495
15979	0.01021
15980	0.01180
15981	0.00728
15982	0.00205
15983	0.00005
15984	-0.00016
15985	0.00049
15986	0.00247
15987	0.00417
15988	0.00177
15989	-0.00208
15990	-0.00202
15991	-0.00104
15992	-0.00013
15993	-0.00058
15994	0.00065
15995	0.11435
15996	0.08770
15997	0.00931
15998	-0.00274
15999	0.05215
16000	0.17109
16001	0.05243
16002	-0.00009
16003	0.00260
16004	0.03677
16005	0.04710
16006	0.04540
16007	0.07740
16008	0.11895
16009	0.13365
16010	0.13400
16011	0.07630
16012	0.00333
16013	-0.03080
16014	-0.06475
16015	-0.05908
16016	-0.02372
16017	-0.01187
16018	-0.01636
16019	-0.01450
16020	-0.00290
16021	0.00888
16022	-0.00509
16023	-0.03748
16024	-0.06789
16025	-0.07272
16026	-0.05167
16027	-0.02392
16028	-0.01259
16029	-0.01783
16030	-0.03198
16031	-0.05697
16032	-0.07830
16033	-0.10656
16034	-0.08992
16035	-0.08102
16036	-0.07768
16037	-0.03220
16038	0.00182
16039	0.00206
16040	-0.01131
16041	-0.01598
16042	-0.02084
16043	-0.02491
16044	-0.01610
16045	-0.00375
16046	-0.00565
16047	-0.01042
16048	-0.00503
16049	-0.02643
16050	-0.08719
16051	-0.12468
16052	-0.08272
16053	-0.02916
16054	0.00610
16055	0.00788
16056	0.00814
16057	0.08190
16058	0.16758
16059	0.10663
16060	-0.05769
16061	-0.15651
16062	-0.12247
16063	-0.08200
16064	-0.08077
16065	-0.05111
16066	0.00847
16067	0.02641
16068	-0.00434
16069	-0.07353
16070	-0.08760
16071	-0.13617
16072	-0.25815
16073	-0.19424
16074	-0.07996
16075	-0.05918
16076	-0.05671
16077	-0.03745
16078	-0.00787
16079	0.00023
16080	0.00360
16081	0.00314
16082	-0.00329
16083	-0.00370
16084	0.00442
16085	0.01242
16086	0.01383
16087	0.01021
16088	0.00651
16089	0.00432
16090	0.00277
16091	0.00083
16092	-0.00046
16093	-0.00025
16094	0.00097
16095	0.00322
16096	0.00643
16097	0.01081
16098	0.01796
16099	0.02503
16100	0.02299
16101	0.01411
16102	0.00646
16103	0.00212
16104	0.00021
16105	0.00040
16106	0.00364
16107	0.00863
16108	0.01164
16109	0.00960
16110	0.00417
16111	-0.00015
16112	-0.00224
16113	-0.00186
16114	-0.00013
16115	-0.00044
16116	-0.00348
16117	-0.00724
16118	-0.00798
16119	-0.00524
16120	-0.00207
16121	0.00027
16122	-0.02376
16123	0.01281
16124	0.09160
16125	-0.00436
16126	0.00406
16127	0.01079
16128	0.17885
16129	0.14502
16130	0.03167
16131	0.01318
16132	0.04023
16133	0.05226
16134	0.03590
16135	0.08538
16136	0.16467
16137	0.15919
16138	0.23222
16139	0.19866
16140	0.03641
16141	-0.05732
16142	-0.14555
16143	-0.12104
16144	-0.07131
16145	-0.00761
16146	0.02904
16147	0.04649
16148	0.03530
16149	0.04135
16150	0.04814
16151	0.04102
16152	0.02045
16153	-0.03436
16154	-0.11107
16155	-0.12089
16156	-0.10156
16157	-0.06670
16158	-0.02051
16159	-0.02542
16160	-0.05812
16161	-0.08762
16162	-0.08022
16163	-0.05367
16164	-0.04483
16165	-0.01744
16166	0.00467
16167	-0.00055
16168	-0.02805
16169	-0.05059
16170	-0.05604
16171	-0.06959
16172	-0.09210
16173	-0.10686
16174	-0.11387
16175	-0.09738
16176	-0.09538
16177	-0.11093
16178	-0.16726
16179	-0.19115
16180	-0.11978
16181	-0.05242
16182	-0.05933
16183	-0.06899
16184	-0.01656
16185	0.01944
16186	0.02465
16187	0.05204
16188	0.09594
16189	0.09016
16190	0.01858
16191	-0.04586
16192	-0.05299
16193	-0.01560
16194	0.02788
16195	0.04403
16196	0.06130
16197	0.09357
16198	0.06873
16199	-0.00418
16200	-0.05272
16201	-0.14898
16202	-0.18630
16203	-0.13193
16204	-0.09292
16205	-0.07468
16206	-0.05530
16207	-0.03458
16208	-0.00001
16209	0.00279
16210	0.00881
16211	0.00354
16212	-0.00439
16213	-0.00304
16214	0.00311
16215	0.00828
16216	0.01040
16217	0.00924
16218	0.00698
16219	0.00525
16220	0.00347
16221	0.00127
16222	-0.00022
16223	-0.00066
16224	-0.00014
16225	0.00181
16226	0.00549
16227	0.01189
16228	0.02143
16229	0.02782
16230	0.02305
16231	0.01187
16232	0.00384
16233	0.00041
16234	-0.00011
16235	0.00171
16236	0.00500
16237	0.00729
16238	0.00688
16239	0.00443
16240	0.00166
16241	-0.00037
16242	-0.00119
16243	-0.00104
16244	0.00038
16245	0.00096
16246	-0.00312
16247	-0.00947
16248	-0.01017
16249	-0.00542
16250	-0.00133
16251	0.00255
16252	0.00089
16253	-0.07140
16254	0.05638
16255	0.02915
16256	-0.02617
16257	-0.00264
16258	-0.02840
16259	0.22203
16260	0.17428
16261	0.00497
16262	0.00468
16263	0.03303
16264	0.09186
16265	0.09615
16266	0.07127
16267	0.07983
16268	0.01052
16269	0.03087
16270	0.18501
16271	0.11748
16272	0.02579
16273	0.00556
16274	-0.03005
16275	-0.00738
16276	0.06472
16277	0.11833
16278	0.10408
16279	0.07009
16280	0.08449
16281	0.12888
16282	0.07891
16283	0.01855
16284	-0.03961
16285	-0.07089
16286	-0.05216
16287	-0.04033
16288	-0.03892
16289	-0.08154
16290	-0.12863
16291	-0.11813
16292	-0.10937
16293	-0.04437
16294	-0.01215
16295	-0.01384
16296	-0.00897
16297	0.01678
16298	0.03104
16299	0.02756
16300	0.02731
16301	0.00486
16302	-0.04293
16303	-0.10850
16304	-0.10267
16305	-0.05246
16306	-0.01853
16307	-0.01019
16308	-0.02313
16309	-0.05696
16310	-0.11237
16311	-0.11878
16312	-0.06805
16313	-0.05254
16314	-0.05618
16315	-0.08249
16316	-0.11456
16317	-0.07292
16318	0.01301
16319	-0.07562
16320	-0.27133
16321	-0.42758
16322	-0.32982
16323	-0.17677
16324	-0.17921
16325	-0.17594
16326	-0.08651
16327	-0.02887
16328	-0.01130
16329	0.01548
16330	0.00437
16331	-0.01689
16332	-0.08609
16333	-0.11603
16334	-0.06579
16335	-0.04402
16336	-0.12367
16337	0.00306
16338	0.00053
16339	0.00037
16340	0.00219
16341	0.00141
16342	-0.00337
16343	-0.00513
16344	0.00135
16345	0.00908
16346	0.01153
16347	0.00796
16348	0.00372
16349	0.00149
16350	0.00043
16351	0.00001
16352	0.00001
16353	0.00054
16354	0.00172
16355	0.00284
16356	0.00533
16357	0.01049
16358	0.01497
16359	0.01524
16360	0.01194
16361	0.00704
16362	0.00258
16363	-0.00034
16364	-0.00094
16365	0.00020
16366	0.00127
16367	0.00143
16368	0.00114
16369	0.00079
16370	0.00008
16371	-0.00067
16372	-0.00044
16373	-0.00014
16374	-0.00041
16375	0.00009
16376	0.00000
16377	-0.00312
16378	-0.00771
16379	-0.00920
16380	-0.00537
16381	-0.00112
16382	0.00078
16383	0.00486
16384	0.00638
16385	-0.00437
16386	0.03566
16387	0.03369
16388	-0.02041
16389	-0.04169
16390	0.00793
16391	0.05488
16392	0.13890
16393	0.00070
16394	-0.00901
16395	-0.03393
16396	0.03050
16397	0.08195
16398	0.13205
16399	0.13106
16400	0.11224
16401	0.12802
16402	0.21463
16403	0.10024
16404	0.00298
16405	-0.05536
16406	-0.13579
16407	-0.09167
16408	-0.04999
16409	0.00499
16410	0.06076
16411	0.11117
16412	0.17882
16413	0.22830
16414	0.12826
16415	0.00096
16416	-0.09799
16417	-0.15079
16418	-0.07731
16419	-0.04044
16420	-0.01444
16421	-0.02755
16422	-0.07882
16423	-0.11469
16424	-0.08749
16425	-0.01163
16426	0.05052
16427	0.06208
16428	0.03440
16429	-0.02601
16430	-0.04978
16431	-0.05406
16432	-0.04901
16433	-0.03741
16434	-0.01932
16435	-0.03644
16436	-0.09436
16437	-0.11108
16438	-0.09525
16439	-0.11195
16440	-0.12161
16441	-0.12852
16442	-0.17427
16443	-0.15129
16444	-0.07558
16445	-0.04233
16446	-0.06377
16447	-0.08614
16448	-0.07764
16449	-0.05285
16450	-0.00527
16451	0.03613
16452	0.01079
16453	-0.06176
16454	-0.10183
16455	-0.09274
16456	-0.07069
16457	-0.08158
16458	-0.10069
16459	-0.08285
16460	-0.04957
16461	-0.00226
16462	0.02999
16463	0.01660
16464	-0.02482
16465	-0.05152
16466	-0.05497
16467	-0.04675
16468	-0.03214
16469	-0.02553
16470	-0.06140
16471	-0.09135
16472	-0.07305
16473	-0.00084
16474	0.00488
16475	0.00722
16476	-0.00218
16477	-0.00968
16478	-0.00469
16479	0.00632
16480	0.01211
16481	0.01077
16482	0.00806
16483	0.00585
16484	0.00402
16485	0.00253
16486	0.00060
16487	-0.00066
16488	-0.00003
16489	0.00149
16490	0.00342
16491	0.00531
16492	0.00774
16493	0.01077
16494	0.01266
16495	0.01176
16496	0.00891
16497	0.00535
16498	0.00228
16499	0.00048
16500	-0.00015
16501	0.00080
16502	0.00327
16503	0.00526
16504	0.00510
16505	0.00317
16506	0.00095
16507	-0.00102
16508	-0.00276
16509	-0.00192
16510	0.00137
16511	0.00323
16512	0.00007
16513	-0.00470
16514	-0.00378
16515	-0.00198
16516	-0.00141
16517	0.00110
16518	-0.06575
16519	-0.01435
16520	0.08599
16521	-0.00407
16522	0.00673
16523	0.00586
16524	0.22729
16525	0.19496
16526	0.00401
16527	-0.00136
16528	0.05049
16529	0.05549
16530	0.03277
16531	0.05093
16532	0.08010
16533	0.08164
16534	0.14606
16535	0.16899
16536	0.04996
16537	-0.02076
16538	-0.11312
16539	-0.17342
16540	-0.10850
16541	-0.05263
16542	-0.02076
16543	-0.00935
16544	-0.00934
16545	-0.01487
16546	-0.03543
16547	-0.03829
16548	-0.01890
16549	-0.03363
16550	-0.00920
16551	0.00517
16552	-0.00998
16553	-0.04465
16554	-0.08040
16555	-0.06479
16556	-0.05200
16557	-0.03620
16558	-0.01537
16559	-0.01780
16560	-0.05103
16561	-0.07463
16562	-0.04562
16563	-0.03951
16564	-0.05388
16565	-0.05784
16566	-0.03430
16567	-0.03229
16568	-0.06298
16569	-0.05670
16570	-0.02088
16571	-0.01447
16572	-0.04983
16573	-0.06001
16574	-0.04800
16575	-0.03972
16576	-0.07581
16577	-0.11717
16578	-0.14457
16579	-0.10779
16580	-0.05075
16581	-0.04456
16582	-0.06964
16583	-0.09192
16584	-0.06737
16585	-0.02874
16586	-0.01262
16587	-0.03346
16588	-0.04473
16589	-0.04298
16590	-0.06423
16591	-0.10359
16592	-0.07946
16593	-0.02457
16594	0.00893
16595	0.00328
16596	0.01927
16597	0.06097
16598	0.06534
16599	0.03095
16600	-0.02077
16601	-0.09030
16602	-0.11795
16603	-0.16762
16604	-0.16720
16605	-0.09288
16606	-0.04047
16607	-0.03003
16608	-0.03588
16609	0.03466
16610	0.00794
16611	0.00120
16612	0.00650
16613	0.00669
16614	-0.00166
16615	-0.00549
16616	-0.00055
16617	0.00699
16618	0.01075
16619	0.00918
16620	0.00645
16621	0.00504
16622	0.00399
16623	0.00214
16624	0.00047
16625	-0.00010
16626	-0.00015
16627	0.00017
16628	0.00128
16629	0.00327
16630	0.00600
16631	0.00962
16632	0.01221
16633	0.01174
16634	0.00913
16635	0.00514
16636	0.00104
16637	-0.00095
16638	-0.00059
16639	0.00042
16640	0.00155
16641	0.00261
16642	0.00194
16643	0.00043
16644	-0.00049
16645	-0.00179
16646	-0.00215
16647	-0.00049
16648	0.00066
16649	-0.00184
16650	-0.00763
16651	-0.00926
16652	-0.00542
16653	-0.00206
16654	0.00653
16655	0.00934
16656	0.02581
16657	0.11766
16658	0.10161
16659	-0.02703
16660	0.02099
16661	0.00399
16662	0.13400
16663	0.15042
16664	0.06349
16665	0.00470
16666	0.01057
16667	0.01535
16668	0.03235
16669	0.09062
16670	0.08370
16671	0.00369
16672	-0.00522
16673	0.07636
16674	0.11517
16675	0.04384
16676	0.01383
16677	-0.00203
16678	-0.00378
16679	0.01103
16680	0.05043
16681	0.06690
16682	0.04976
16683	0.05473
16684	0.09665
16685	0.09181
16686	0.13792
16687	0.11893
16688	0.07017
16689	0.01696
16690	-0.02369
16691	-0.04238
16692	-0.02411
16693	0.00237
16694	0.01926
16695	0.02213
16696	-0.00004
16697	-0.04631
16698	-0.10963
16699	-0.10311
16700	-0.08697
16701	-0.05921
16702	-0.03689
16703	-0.04315
16704	-0.07699
16705	-0.10442
16706	-0.08292
16707	-0.09192
16708	-0.11461
16709	-0.13135
16710	-0.14580
16711	-0.15408
16712	-0.10911
16713	-0.05110
16714	-0.01162
16715	-0.01765
16716	-0.08079
16717	-0.15254
16718	-0.26810
16719	-0.39959
16720	-0.34259
16721	-0.25991
16722	-0.27416
16723	-0.20099
16724	-0.08601
16725	-0.03150
16726	-0.04174
16727	-0.08269
16728	-0.06126
16729	-0.04970
16730	-0.07635
16731	-0.11446
16732	-0.02007
16733	-0.02656
16734	-0.06897
16735	0.00071
16736	0.00011
16737	0.00261
16738	0.00241
16739	-0.00365
16740	-0.00148
16741	0.01003
16742	0.01662
16743	0.01260
16744	0.00580
16745	0.00330
16746	0.00274
16747	0.00124
16748	0.00023
16749	-0.00024
16750	0.00084
16751	0.00297
16752	0.00276
16753	0.00167
16754	0.00262
16755	0.00558
16756	0.00770
16757	0.00829
16758	0.00842
16759	0.00778
16760	0.00616
16761	0.00420
16762	0.00222
16763	0.00051
16764	-0.00047
16765	-0.00082
16766	-0.00296
16767	-0.00892
16768	-0.01126
16769	-0.00477
16770	-0.00024
16771	0.00004
16772	0.00213
16773	0.00814
16774	0.00915
16775	0.00249
16776	0.00002
16777	0.00115
16778	0.00018
16779	0.00050
16780	0.00231
16781	0.02127
16782	0.04228
16783	0.15085
16784	0.05011
16785	-0.01384
16786	-0.00871
16787	0.14432
16788	0.15789
16789	0.01143
16790	-0.00182
16791	-0.03618
16792	-0.04019
16793	-0.00851
16794	0.02888
16795	0.05758
16796	0.04967
16797	0.12305
16798	0.31655
16799	0.17701
16800	0.02223
16801	-0.08615
16802	-0.15442
16803	-0.13316
16804	-0.15323
16805	-0.13011
16806	-0.10559
16807	-0.08773
16808	-0.07514
16809	-0.06473
16810	-0.06325
16811	-0.11210
16812	-0.15893
16813	-0.10203
16814	-0.03895
16815	-0.00146
16816	-0.01110
16817	-0.04896
16818	-0.07532
16819	-0.05995
16820	-0.03118
16821	0.01153
16822	0.01229
16823	-0.00855
16824	-0.01450
16825	-0.01459
16826	-0.03323
16827	-0.01441
16828	0.04010
16829	0.05997
16830	0.05534
16831	0.06054
16832	0.07439
16833	0.07551
16834	0.05590
16835	0.03224
16836	0.00779
16837	-0.05480
16838	-0.13528
16839	-0.11236
16840	0.03820
16841	0.15234
16842	0.05953
16843	-0.08389
16844	-0.02688
16845	0.14448
16846	0.14618
16847	0.01786
16848	-0.04798
16849	0.00574
16850	0.01540
16851	-0.04080
16852	-0.07256
16853	-0.02700
16854	0.00900
16855	0.00813
16856	-0.03710
16857	-0.08631
16858	-0.14860
16859	-0.22239
16860	-0.14072
16861	-0.02122
16862	-0.08562
16863	0.00062
16864	0.00025
16865	0.00288
16866	0.00289
16867	-0.00157
16868	-0.00448
16869	-0.00173
16870	0.00548
16871	0.01247
16872	0.01434
16873	0.01186
16874	0.00774
16875	0.00391
16876	0.00163
16877	0.00039
16878	-0.00014
16879	0.00034
16880	0.00147
16881	0.00334
16882	0.00614
16883	0.00954
16884	0.01245
16885	0.01400
16886	0.01285
16887	0.00871
16888	0.00392
16889	0.00088
16890	-0.00019
16891	0.00010
16892	0.00159
16893	0.00371
16894	0.00427
16895	0.00295
16896	0.00126
16897	0.00005
16898	0.00034
16899	0.00080
16900	0.00039
16901	0.00038
16902	0.00043
16903	-0.00119
16904	-0.00327
16905	-0.00344
16906	-0.00197
16907	-0.00061
16908	0.00035
16909	0.00219
16910	0.00565
16911	0.00603
16912	-0.00122
16913	-0.00285
16914	0.05173
16915	0.02415
16916	-0.00587
16917	-0.00822
16918	-0.02735
16919	-0.02289
16920	-0.04813
16921	-0.04058
16922	-0.05644
16923	0.00477
16924	0.04950
16925	0.14501
16926	0.09367
16927	0.12275
16928	0.29737
16929	0.28886
16930	0.32738
16931	0.06579
16932	-0.04357
16933	-0.24457
16934	-0.23564
16935	-0.25354
16936	-0.22573
16937	-0.11509
16938	-0.03859
16939	0.04677
16940	0.12780
16941	0.14482
16942	0.07236
16943	-0.01369
16944	-0.08830
16945	-0.09106
16946	-0.01091
16947	0.05987
16948	0.07841
16949	0.02867
16950	-0.04027
16951	-0.08863
16952	-0.09041
16953	-0.02200
16954	0.04380
16955	0.09598
16956	0.10019
16957	0.08254
16958	0.05594
16959	0.03114
16960	0.02380
16961	0.03482
16962	0.04052
16963	0.02196
16964	-0.00525
16965	-0.01494
16966	-0.03049
16967	-0.09485
16968	-0.18450
16969	-0.21588
16970	-0.09069
16971	0.09871
16972	0.11552
16973	-0.01265
16974	-0.15298
16975	-0.20097
16976	-0.23102
16977	-0.28953
16978	-0.33875
16979	-0.32735
16980	-0.34154
16981	-0.35532
16982	-0.27747
16983	-0.20283
16984	-0.10017
16985	0.00894
16986	-0.00405
16987	-0.03942
16988	-0.07288
16989	-0.05266
16990	-0.03084
16991	-0.09322
16992	-0.15238
16993	-0.05317
16994	0.01234
16995	-0.01894
16996	0.00080
16997	0.00012
16998	0.00250
16999	0.00335
17000	-0.00216
17001	-0.00523
17002	0.00137
17003	0.01009
17004	0.01386
17005	0.01185
17006	0.00765
17007	0.00449
17008	0.00269
17009	0.00148
17010	0.00019
17011	-0.00025
17012	0.00109
17013	0.00302
17014	0.00487
17015	0.00669
17016	0.00930
17017	0.01379
17018	0.01902
17019	0.01873
17020	0.01163
17021	0.00497
17022	0.00122
17023	-0.00057
17024	-0.00041
17025	0.00164
17026	0.00424
17027	0.00522
17028	0.00395
17029	0.00169
17030	-0.00023
17031	-0.00186
17032	-0.00240
17033	0.00024
17034	0.00198
17035	-0.00147
17036	-0.00700
17037	-0.00743
17038	-0.00370
17039	-0.00203
17040	0.00112
17041	0.00802
17042	0.00231
17043	-0.01950
17044	0.11786
17045	0.05600
17046	0.00100
17047	-0.00692
17048	0.01309
17049	0.12973
17050	0.14773
17051	0.05157
17052	-0.00007
17053	-0.02478
17054	-0.12752
17055	-0.10358
17056	-0.01230
17057	0.09670
17058	0.09549
17059	0.18735
17060	0.36939
17061	0.31566
17062	0.17316
17063	0.10987
17064	0.01303
17065	-0.04636
17066	-0.05770
17067	-0.01852
17068	0.00552
17069	0.01522
17070	0.02424
17071	0.05628
17072	0.09171
17073	0.11251
17074	0.07665
17075	-0.00180
17076	-0.09089
17077	-0.13521
17078	-0.08563
17079	-0.02151
17080	-0.00190
17081	-0.04013
17082	-0.09882
17083	-0.11463
17084	-0.08473
17085	-0.05401
17086	-0.03124
17087	-0.03460
17088	-0.05834
17089	-0.07129
17090	-0.08985
17091	-0.08558
17092	-0.04475
17093	-0.01958
17094	-0.05716
17095	-0.12309
17096	-0.13369
17097	-0.06074
17098	0.02731
17099	0.02385
17100	-0.03691
17101	-0.08548
17102	-0.11420
17103	-0.11897
17104	-0.04096
17105	0.05624
17106	0.04834
17107	-0.07738
17108	-0.20877
17109	-0.27589
17110	-0.23147
17111	-0.15107
17112	-0.15438
17113	-0.20387
17114	-0.16708
17115	-0.07845
17116	-0.00975
17117	0.03896
17118	-0.02320
17119	-0.06446
17120	-0.10491
17121	-0.16929
17122	-0.06520
17123	-0.02601
17124	-0.05691
17125	-0.08738
17126	0.00132
17127	-0.00026
17128	0.00196
17129	0.00059
17130	-0.00295
17131	-0.00288
17132	0.00186
17133	0.00953
17134	0.01313
17135	0.01177
17136	0.00961
17137	0.00678
17138	0.00330
17139	0.00087
17140	-0.00000
17141	-0.00005
17142	0.00045
17143	0.00175
17144	0.00338
17145	0.00528
17146	0.00871
17147	0.01331
17148	0.01673
17149	0.01649
17150	0.01207
17151	0.00642
17152	0.00214
17153	-0.00038
17154	-0.00100
17155	0.00008
17156	0.00037
17157	0.00033
17158	0.00187
17159	0.00059
17160	-0.00255
17161	-0.00301
17162	-0.00076
17163	0.00092
17164	0.00019
17165	-0.00332
17166	-0.00678
17167	-0.00624
17168	-0.00302
17169	-0.00033
17170	-0.00046
17171	-0.01614
17172	0.01429
17173	0.01091
17174	-0.02321
17175	-0.00207
17176	-0.05214
17177	0.20147
17178	0.33040
17179	0.11495
17180	0.00092
17181	0.05127
17182	0.17806
17183	0.24780
17184	0.20182
17185	0.10555
17186	0.11802
17187	0.13786
17188	0.10570
17189	0.01765
17190	-0.05266
17191	-0.09900
17192	-0.19148
17193	-0.16790
17194	-0.15542
17195	-0.07797
17196	0.02217
17197	0.08141
17198	0.09042
17199	0.03163
17200	-0.04228
17201	-0.06340
17202	-0.03076
17203	0.04635
17204	0.11525
17205	0.14697
17206	0.09981
17207	-0.00882
17208	-0.09420
17209	-0.15422
17210	-0.16466
17211	-0.14852
17212	-0.12934
17213	-0.10439
17214	-0.04119
17215	-0.01285
17216	-0.03066
17217	-0.06914
17218	-0.08146
17219	-0.07217
17220	-0.04347
17221	-0.02168
17222	-0.05911
17223	-0.10906
17224	-0.07830
17225	0.04028
17226	0.05967
17227	-0.04937
17228	-0.11593
17229	-0.00113
17230	0.12367
17231	0.14522
17232	0.08577
17233	0.02265
17234	-0.01531
17235	-0.09514
17236	-0.21426
17237	-0.27093
17238	-0.23826
17239	-0.19994
17240	-0.18859
17241	-0.26044
17242	-0.24304
17243	-0.18242
17244	-0.14646
17245	-0.09196
17246	-0.05700
17247	-0.07897
17248	-0.08357
17249	-0.13918
17250	-0.12998
17251	-0.06238
17252	-0.04551
17253	0.00015
17254	-0.00011
17255	0.00303
17256	0.00231
17257	-0.00511
17258	-0.00525
17259	0.00494
17260	0.01571
17261	0.02013
17262	0.01791
17263	0.01346
17264	0.00855
17265	0.00370
17266	0.00068
17267	-0.00012
17268	0.00062
17269	0.00198
17270	0.00317
17271	0.00437
17272	0.00721
17273	0.01345
17274	0.02031
17275	0.01991
17276	0.01220
17277	0.00581
17278	0.00260
17279	0.00022
17280	-0.00050
17281	0.00080
17282	0.00041
17283	-0.00227
17284	-0.00275
17285	-0.00079
17286	0.00014
17287	-0.00074
17288	-0.00179
17289	-0.00182
17290	-0.00044
17291	0.00169
17292	0.00165
17293	-0.00202
17294	-0.00385
17295	-0.00166
17296	-0.00021
17297	-0.00014
17298	0.00033
17299	-0.00101
17300	-0.00288
17301	-0.00203
17302	0.11923
17303	0.06772
17304	-0.00740
17305	0.00007
17306	-0.01149
17307	-0.02154
17308	-0.02583
17309	-0.00693
17310	-0.00065
17311	-0.01667
17312	0.07388
17313	0.19780
17314	0.17047
17315	0.03560
17316	0.37017
17317	0.46496
17318	0.27746
17319	0.20664
17320	0.08039
17321	-0.01834
17322	-0.09267
17323	-0.12287
17324	-0.08106
17325	-0.01965
17326	0.05492
17327	0.14626
17328	0.28393
17329	0.31981
17330	0.19245
17331	-0.03129
17332	-0.20299
17333	-0.20173
17334	-0.10888
17335	0.06835
17336	0.17179
17337	0.15842
17338	0.03937
17339	-0.07524
17340	-0.12563
17341	-0.12401
17342	-0.11400
17343	-0.08316
17344	-0.08956
17345	-0.10674
17346	-0.09669
17347	-0.07150
17348	-0.03990
17349	-0.07672
17350	-0.16333
17351	-0.21781
17352	-0.21789
17353	-0.17290
17354	-0.13200
17355	-0.10506
17356	-0.07798
17357	-0.02527
17358	0.00204
17359	-0.02520
17360	-0.06265
17361	-0.08277
17362	-0.09826
17363	-0.12505
17364	-0.11896
17365	-0.07251
17366	-0.13540
17367	-0.36129
17368	-0.44571
17369	-0.32609
17370	-0.26677
17371	-0.29558
17372	-0.27952
17373	-0.16867
17374	-0.11565
17375	-0.10869
17376	-0.09899
17377	-0.09475
17378	-0.12692
17379	-0.15319
17380	-0.05427
17381	-0.03822
17382	-0.04734
17383	0.00117
17384	0.00001
17385	0.00203
17386	0.00043
17387	-0.00464
17388	-0.00210
17389	0.00573
17390	0.01221
17391	0.01233
17392	0.00805
17393	0.00517
17394	0.00383
17395	0.00215
17396	0.00059
17397	-0.00020
17398	-0.00035
17399	0.00039
17400	0.00152
17401	0.00249
17402	0.00435
17403	0.00904
17404	0.01584
17405	0.01999
17406	0.01765
17407	0.01140
17408	0.00587
17409	0.00182
17410	-0.00052
17411	-0.00134
17412	-0.00087
17413	0.00037
17414	0.00223
17415	0.00310
17416	0.00194
17417	-0.00020
17418	-0.00184
17419	-0.00151
17420	0.00072
17421	0.00398
17422	0.00342
17423	-0.00340
17424	-0.00545
17425	-0.00270
17426	-0.00135
17427	0.00219
17428	0.00025
17429	-0.01629
17430	0.04433
17431	0.11344
17432	0.01263
17433	-0.00558
17434	0.01140
17435	0.09793
17436	0.13510
17437	0.03290
17438	0.00767
17439	0.02516
17440	0.06521
17441	0.13213
17442	0.14275
17443	0.13988
17444	0.19965
17445	0.22596
17446	0.21248
17447	0.14165
17448	0.01902
17449	-0.12769
17450	-0.23684
17451	-0.28313
17452	-0.25409
17453	-0.15969
17454	-0.05223
17455	0.05317
17456	0.13954
17457	0.14547
17458	0.08436
17459	0.01024
17460	-0.05958
17461	-0.10063
17462	-0.10920
17463	-0.06064
17464	-0.05606
17465	-0.13039
17466	-0.22457
17467	-0.32095
17468	-0.28286
17469	-0.25782
17470	-0.23861
17471	-0.18756
17472	-0.12059
17473	-0.08827
17474	-0.14273
17475	-0.19535
17476	-0.19595
17477	-0.20972
17478	-0.20786
17479	-0.12194
17480	-0.04490
17481	-0.00189
17482	0.02660
17483	0.08112
17484	0.17224
17485	0.29042
17486	0.33911
17487	0.28937
17488	0.23979
17489	0.20780
17490	0.21055
17491	0.21641
17492	0.16389
17493	0.11827
17494	0.10009
17495	0.05914
17496	-0.03833
17497	-0.11860
17498	-0.19167
17499	-0.19647
17500	-0.15301
17501	-0.11355
17502	-0.11003
17503	-0.10289
17504	-0.05718
17505	-0.11428
17506	-0.23199
17507	-0.09114
17508	-0.04599
17509	-0.07258
17510	-0.06277
17511	0.00074
17512	-0.00012
17513	0.00205
17514	0.00407
17515	-0.00162
17516	-0.00432
17517	0.00106
17518	0.00876
17519	0.01268
17520	0.01119
17521	0.00795
17522	0.00444
17523	0.00191
17524	0.00106
17525	0.00033
17526	0.00009
17527	0.00174
17528	0.00334
17529	0.00606
17530	0.01297
17531	0.02235
17532	0.02650
17533	0.02183
17534	0.01184
17535	0.00193
17536	-0.00514
17537	-0.00865
17538	-0.00655
17539	-0.00192
17540	0.00004
17541	-0.00068
17542	-0.00253
17543	-0.00328
17544	-0.00144
17545	0.00014
17546	-0.00308
17547	-0.01019
17548	-0.01518
17549	-0.01412
17550	-0.00854
17551	-0.00281
17552	0.00024
17553	0.00104
17554	0.00099
17555	0.00060
17556	0.00031
17557	0.00008
17558	-0.00008
17559	-0.00013
17560	-0.00020
17561	0.00013
17562	-0.00096
17563	-0.00466
17564	0.03816
17565	0.01821
17566	0.00023
17567	0.00256
17568	-0.04363
17569	-0.03860
17570	0.00140
17571	-0.02168
17572	-0.02912
17573	-0.02353
17574	-0.00682
17575	0.00221
17576	0.02275
17577	0.05036
17578	0.07305
17579	0.04702
17580	0.04851
17581	0.04690
17582	0.02986
17583	0.04184
17584	0.03860
17585	0.03780
17586	0.06694
17587	0.11604
17588	0.15676
17589	0.13880
17590	0.15854
17591	0.13007
17592	0.10276
17593	0.05824
17594	0.01256
17595	-0.02762
17596	-0.03416
17597	-0.06086
17598	-0.07400
17599	-0.03941
17600	-0.01936
17601	-0.00233
17602	0.00433
17603	0.00240
17604	-0.00707
17605	-0.02561
17606	-0.04212
17607	-0.06560
17608	-0.10165
17609	-0.09890
17610	-0.06861
17611	-0.03902
17612	-0.00446
17613	0.01059
17614	0.01072
17615	0.00606
17616	0.00113
17617	-0.00653
17618	-0.01166
17619	-0.00767
17620	0.01131
17621	0.03846
17622	0.06281
17623	0.06230
17624	0.02092
17625	-0.01310
17626	-0.01993
17627	-0.01193
17628	-0.00710
17629	0.00439
17630	0.02734
17631	0.03371
17632	0.03078
17633	0.04412
17634	0.06238
17635	0.06037
17636	0.03653
17637	0.01348
17638	-0.01342
17639	-0.03334
17640	-0.04056
17641	-0.03431
17642	-0.02231
17643	-0.01842
17644	-0.02595
17645	-0.04469
17646	-0.05472
17647	-0.06086
17648	-0.07273
17649	-0.06068
17650	-0.04202
17651	-0.03593
17652	-0.04009
17653	-0.03498
17654	-0.02903
17655	-0.03837
17656	-0.04462
17657	-0.04711
17658	-0.04007
17659	-0.03141
17660	-0.02006
17661	-0.00615
17662	0.00399
17663	0.01369
17664	0.01672
17665	0.01909
17666	0.02432
17667	0.01177
17668	0.00065
17669	-0.00038
17670	-0.00439
17671	-0.00786
17672	0.00039
17673	-0.00068
17674	0.00034
17675	0.00193
17676	0.00375
17677	0.00394
17678	0.00240
17679	0.00076
17680	-0.00008
17681	-0.00031
17682	-0.00004
17683	0.00054
17684	0.00073
17685	-0.00062
17686	-0.00498
17687	-0.02716
17688	0.00049
17689	0.05716
17690	0.00491
17691	0.02703
17692	0.03125
17693	0.02348
17694	0.01795
17695	0.01314
17696	0.00509
17697	-0.01745
17698	-0.04528
17699	-0.02248
17700	-0.00219
17701	0.00188
17702	0.02052
17703	0.02825
17704	0.02499
17705	0.02149
17706	0.01153
17707	0.00023
17708	-0.01249
17709	-0.02636
17710	-0.01899
17711	-0.00759
17712	-0.01036
17713	-0.01575
17714	-0.01801
17715	-0.01529
17716	-0.00731
17717	0.00008
17718	-0.00044
17719	-0.00910
17720	-0.01344
17721	-0.00623
17722	0.00111
17723	0.00499
17724	0.00591
17725	0.00045
17726	-0.00574
17727	-0.00712
17728	-0.00492
17729	-0.00500
17730	-0.01057
17731	-0.01829
17732	-0.01976
17733	-0.01510
17734	-0.00885
17735	-0.00211
17736	0.00489
17737	0.01350
17738	0.01857
17739	0.01457
17740	0.01066
17741	0.00375
17742	-0.01273
17743	-0.01582
17744	0.00295
17745	0.01898
17746	0.02383
17747	0.02343
17748	0.02108
17749	0.01165
17750	0.00024
17751	-0.00029
17752	0.01609
17753	0.03292
17754	0.02566
17755	0.01360
17756	0.01354
17757	0.01787
17758	0.01699
17759	0.00881
17760	-0.00135
17761	-0.01008
17762	-0.01488
17763	-0.01077
17764	-0.00294
17765	0.00318
17766	0.00676
17767	0.00306
17768	-0.00893
17769	-0.00645
17770	0.01069
17771	0.01851
17772	0.01780
17773	0.01468
17774	0.01029
17775	0.00593
17776	0.00270
17777	-0.00204
17778	-0.00621
17779	0.00093
17780	0.01314
17781	0.01281
17782	0.00694
17783	0.00444
17784	0.00733
17785	0.00873
17786	0.00153
17787	-0.00578
17788	-0.00755
17789	-0.00326
17790	0.00124
17791	0.00462
17792	0.00825
17793	0.00999
17794	0.00621
17795	-0.00102
17796	-0.00494
17797	-0.00302
17798	0.00182
17799	0.00652
17800	0.00691
17801	0.00219
17802	-0.00196
17803	-0.00178
17804	0.00023
17805	0.00190
17806	0.00320
17807	0.00402
17808	0.00342
17809	0.00261
17810	0.00237
17811	-0.00010
17812	-0.00551
17813	-0.00618
17814	0.00369
17815	0.01109
17816	0.01060
17817	0.00849
17818	0.00747
17819	0.00566
17820	0.00411
17821	0.00449
17822	0.00580
17823	0.00629
17824	0.00536
17825	0.00360
17826	0.00304
17827	0.00458
17828	0.00473
17829	0.00077
17830	-0.00209
17831	-0.00167
17832	-0.00100
17833	0.00017
17834	0.00272
17835	0.00422
17836	0.00275
17837	-0.00014
17838	-0.00305
17839	-0.00528
17840	-0.00474
17841	-0.00154
17842	0.00194
17843	
17844	