1	
2	
3	-0.01264
4	-0.01332
5	-0.01588
6	-0.01735
7	-0.01753
8	-0.01875
9	-0.02173
10	-0.02344
11	-0.02146
12	-0.01620
13	-0.01032
14	-0.00920
15	-0.00752
16	-0.00829
17	-0.00730
18	-0.00593
19	-0.00557
20	-0.00444
21	-0.00193
22	-0.00032
23	-0.00027
24	0.00010
25	-0.00006
26	0.00118
27	0.00145
28	0.00353
29	0.00416
30	0.00289
31	0.00230
32	0.00307
33	0.00202
34	-0.00059
35	-0.00104
36	0.00064
37	0.00173
38	0.00150
39	0.00098
40	0.00099
41	0.00084
42	-0.00111
43	-0.00367
44	-0.00278
45	0.00136
46	0.00343
47	0.00143
48	-0.00146
49	-0.00333
50	-0.00245
51	0.00210
52	0.00387
53	-0.00191
54	-0.00650
55	-0.00207
56	0.00304
57	-0.00018
58	-0.00494
59	-0.00207
60	0.00442
61	0.00571
62	0.00217
63	-0.00181
64	-0.00085
65	0.00003
66	-0.00224
67	-0.00386
68	-0.00221
69	-0.00001
70	0.00114
71	0.00233
72	0.00273
73	0.00138
74	-0.00013
75	-0.00090
76	-0.00143
77	-0.00178
78	-0.00025
79	0.00149
80	0.00264
81	0.00261
82	0.00169
83	0.00049
84	0.00037
85	0.00153
86	0.00161
87	0.00015
88	-0.00093
89	-0.00081
90	-0.00001
91	0.00040
92	-0.00006
93	-0.00084
94	-0.00110
95	-0.00157
96	-0.00159
97	0.00016
98	0.00232
99	0.00287
100	0.00223
101	0.00234
102	0.00368
103	0.00407
104	0.00281
105	0.00323
106	0.00559
107	0.00567
108	0.00363
109	0.00308
110	0.00275
111	0.00103
112	-0.00007
113	0.00011
114	-0.00011
115	-0.00048
116	-0.00028
117	0.00017
118	0.00089
119	0.00161
120	0.00191
121	0.00207
122	0.00154
123	-0.00043
124	-0.00225
125	-0.00129
126	0.00260
127	0.00640
128	0.00720
129	0.00592
130	0.00392
131	0.00156
132	0.00052
133	0.00264
134	0.00464
135	0.00329
136	0.00140
137	0.00109
138	0.00077
139	0.00098
140	0.00317
141	0.00523
142	0.00509
143	0.00342
144	0.00166
145	0.00154
146	0.00275
147	0.00212
148	0.00058
149	0.00150
150	0.00281
151	0.00185
152	0.00028
153	-0.00125
154	-0.00306
155	-0.00431
156	-0.00525
157	-0.00680
158	-0.00876
159	-0.00874
160	-0.01206
161	-0.01215
162	-0.01077
163	-0.00914
164	-0.01095
165	-0.01427
166	-0.01937
167	-0.02122
168	-0.02082
169	-0.01985
170	-0.01620
171	-0.01066
172	-0.00853
173	-0.01154
174	-0.01582
175	-0.01591
176	-0.01082
177	-0.00633
178	-0.00547
179	-0.00487
180	-0.00365
181	-0.00467
182	-0.00759
183	-0.00966
184	-0.01063
185	-0.01118
186	-0.01112
187	-0.00942
188	-0.00869
189	-0.00986
190	-0.01233
191	-0.01601
192	-0.02180
193	-0.02255
194	-0.02461
195	-0.02834
196	-0.03377
197	-0.03560
198	-0.03119
199	-0.02719
200	-0.02827
201	-0.03163
202	-0.03502
203	-0.03962
204	-0.04365
205	-0.04455
206	-0.04687
207	-0.05126
208	-0.04597
209	-0.03142
210	-0.02755
211	-0.03655
212	-0.03875
213	-0.02933
214	-0.02082
215	-0.01815
216	-0.01763
217	-0.01749
218	-0.01845
219	-0.02029
220	-0.01943
221	-0.01224
222	-0.00152
223	0.00348
224	0.00089
225	0.00031
226	0.00759
227	0.01641
228	0.01834
229	0.01666
230	0.01922
231	0.02511
232	0.02687
233	0.02384
234	0.02573
235	0.03589
236	0.04571
237	0.04864
238	0.04606
239	0.04361
240	0.04727
241	0.05691
242	0.06500
243	0.06607
244	0.06418
245	0.06503
246	0.06923
247	0.07134
248	0.06713
249	0.06186
250	0.06284
251	0.06905
252	0.07305
253	0.06960
254	0.05833
255	0.04775
256	0.04222
257	0.03908
258	0.03788
259	0.03972
260	0.03577
261	0.02077
262	0.00531
263	-0.00006
264	0.00116
265	0.00126
266	-0.00212
267	-0.00765
268	-0.01339
269	-0.01739
270	-0.01909
271	-0.02022
272	-0.02274
273	-0.02546
274	-0.02479
275	-0.02066
276	-0.01664
277	-0.01212
278	-0.00540
279	-0.00165
280	-0.00420
281	-0.00713
282	-0.00586
283	-0.00363
284	-0.00408
285	-0.00555
286	-0.00462
287	-0.00078
288	0.00204
289	0.00125
290	-0.00060
291	0.00029
292	0.00321
293	0.00490
294	0.00481
295	0.00474
296	0.00480
297	0.00490
298	0.00493
299	0.00363
300	0.00060
301	-0.00219
302	-0.00328
303	-0.00403
304	-0.00569
305	-0.00596
306	-0.00535
307	-0.00521
308	-0.00551
309	-0.00552
310	-0.00595
311	-0.00741
312	-0.00832
313	-0.00704
314	-0.00509
315	-0.00546
316	-0.00691
317	-0.00624
318	-0.00417
319	-0.00246
320	-0.00145
321	-0.00217
322	-0.00405
323	-0.00436
324	-0.00269
325	-0.00123
326	-0.00083
327	-0.00107
328	-0.00178
329	-0.00228
330	-0.00178
331	-0.00129
332	0.00040
333	-0.00195
334	-0.00353
335	-0.00507
336	-0.00370
337	0.00048
338	0.00396
339	0.00419
340	0.00312
341	0.00440
342	0.00701
343	0.00845
344	0.00996
345	0.01533
346	0.01858
347	0.01867
348	0.01766
349	0.01707
350	0.01713
351	0.01788
352	0.01765
353	0.01462
354	0.01020
355	0.00683
356	0.00451
357	0.00149
358	-0.00173
359	-0.00392
360	-0.00545
361	-0.00700
362	-0.00797
363	-0.00874
364	-0.01012
365	-0.01150
366	-0.01108
367	-0.00800
368	-0.00463
369	-0.00380
370	-0.00727
371	-0.01200
372	-0.01505
373	-0.01609
374	-0.01590
375	-0.01414
376	-0.01199
377	-0.01118
378	-0.01034
379	-0.00911
380	-0.00979
381	-0.01214
382	-0.01425
383	-0.01543
384	-0.01423
385	-0.01198
386	-0.00852
387	-0.00879
388	-0.01004
389	-0.01014
390	-0.00917
391	-0.00827
392	-0.00703
393	-0.00607
394	-0.00709
395	-0.01028
396	-0.01260
397	-0.01211
398	-0.01184
399	-0.01313
400	-0.01112
401	-0.00531
402	-0.00240
403	-0.00441
404	-0.00722
405	-0.00921
406	-0.00929
407	-0.00605
408	-0.00302
409	-0.00499
410	-0.00588
411	-0.00282
412	-0.00145
413	-0.00263
414	-0.00181
415	0.00090
416	0.00280
417	0.00489
418	0.00729
419	0.00713
420	0.00611
421	0.00672
422	0.00530
423	0.00121
424	-0.00079
425	-0.00125
426	-0.00353
427	-0.00585
428	-0.00606
429	-0.00573
430	-0.00634
431	-0.00743
432	-0.00825
433	-0.00822
434	-0.00689
435	-0.00619
436	-0.00678
437	-0.00491
438	-0.00021
439	0.00162
440	-0.00202
441	-0.00730
442	-0.00857
443	-0.00432
444	0.00006
445	-0.00079
446	-0.00486
447	-0.00652
448	-0.00576
449	-0.00517
450	-0.00472
451	-0.00464
452	-0.00560
453	-0.00564
454	-0.00391
455	-0.00224
456	-0.00253
457	-0.00588
458	-0.00985
459	-0.00989
460	-0.00588
461	-0.00312
462	-0.00444
463	-0.00492
464	-0.00086
465	0.00317
466	0.00437
467	0.00504
468	0.00560
469	0.00539
470	0.00627
471	0.00724
472	0.00540
473	0.00382
474	0.00730
475	0.01238
476	0.01118
477	0.00394
478	-0.00407
479	-0.01268
480	-0.01809
481	-0.01995
482	-0.01828
483	-0.01200
484	-0.00477
485	-0.00107
486	-0.00457
487	-0.01731
488	-0.02991
489	-0.03258
490	-0.02548
491	-0.01781
492	-0.02043
493	-0.02665
494	-0.02200
495	-0.01088
496	-0.00767
497	-0.01990
498	-0.03681
499	-0.05049
500	-0.06389
501	-0.07860
502	-0.08776
503	-0.09393
504	-0.10136
505	-0.10451
506	-0.10676
507	-0.10666
508	-0.09203
509	-0.08307
510	-0.09826
511	-0.10883
512	-0.09434
513	-0.07309
514	-0.06138
515	-0.05415
516	-0.04331
517	-0.03480
518	-0.03888
519	-0.04692
520	-0.04846
521	-0.05358
522	-0.06485
523	-0.06866
524	-0.06869
525	-0.07457
526	-0.08201
527	-0.08104
528	-0.07294
529	-0.07996
530	-0.10554
531	-0.11504
532	-0.09749
533	-0.08829
534	-0.09709
535	-0.10164
536	-0.08728
537	-0.06478
538	-0.06400
539	-0.08053
540	-0.08798
541	-0.07581
542	-0.06008
543	-0.05942
544	-0.09064
545	-0.17774
546	-0.27895
547	-0.28422
548	-0.19614
549	-0.17415
550	-0.26382
551	-0.33607
552	-0.30138
553	-0.24192
554	-0.24513
555	-0.25383
556	-0.22403
557	-0.18838
558	-0.12599
559	-0.04740
560	-0.03271
561	-0.01697
562	0.10427
563	0.24371
564	0.28981
565	0.29791
566	0.34869
567	0.41468
568	0.42082
569	0.39941
570	0.44299
571	0.50686
572	0.49507
573	0.41181
574	0.33344
575	0.28016
576	0.24928
577	0.25584
578	0.23509
579	0.16178
580	0.11022
581	0.09875
582	0.07999
583	0.03817
584	0.00080
585	-0.04164
586	-0.16091
587	-0.36436
588	-0.42736
589	-0.27466
590	-0.04781
591	0.24350
592	0.44924
593	0.62003
594	0.83274
595	0.87442
596	0.90538
597	1.10594
598	1.07291
599	0.80619
600	0.85939
601	0.94933
602	0.49280
603	0.23662
604	0.33955
605	-0.04991
606	-0.05086
607	-0.01728
608	0.01750
609	0.02703
610	0.02589
611	0.02334
612	0.01960
613	0.01594
614	0.01327
615	0.01255
616	0.01414
617	0.01642
618	0.01738
619	0.01703
620	0.01538
621	0.01222
622	0.00965
623	0.00874
624	0.00864
625	0.00845
626	0.00739
627	0.00449
628	-0.00083
629	-0.00802
630	-0.01474
631	-0.01533
632	-0.00829
633	-0.00061
634	0.00213
635	0.00118
636	0.00013
637	-0.00068
638	-0.00264
639	-0.00440
640	0.00061
641	0.02903
642	0.06577
643	-0.34645
644	-0.28999
645	0.08072
646	0.13372
647	-0.00477
648	0.31881
649	0.26697
650	-0.31486
651	-0.42367
652	-0.19932
653	-0.12955
654	-0.17524
655	-0.21178
656	-0.27885
657	-0.39328
658	-0.38477
659	-0.30491
660	-0.29765
661	-0.33363
662	-0.32172
663	-0.28913
664	-0.30118
665	-0.31190
666	-0.26533
667	-0.22459
668	-0.20580
669	-0.17247
670	-0.14581
671	-0.14924
672	-0.16866
673	-0.19438
674	-0.20607
675	-0.20139
676	-0.22291
677	-0.26334
678	-0.29928
679	-0.33329
680	-0.33084
681	-0.28211
682	-0.22347
683	-0.20908
684	-0.24582
685	-0.30523
686	-0.28993
687	-0.17057
688	-0.01606
689	0.07754
690	0.07412
691	0.03026
692	0.04958
693	0.10452
694	0.07912
695	-0.00599
696	-0.06414
697	-0.08694
698	-0.06674
699	-0.04443
700	-0.13180
701	-0.33518
702	-0.53661
703	-0.65653
704	-0.68461
705	-0.67322
706	-0.71303
707	-0.75984
708	-0.60766
709	-0.24247
710	0.18630
711	0.70001
712	1.15532
713	1.51923
714	1.89156
715	1.83268
716	1.34348
717	1.28595
718	1.15144
719	0.32125
720	-0.07599
721	-0.13517
722	-0.09133
723	0.02883
724	0.07734
725	0.04528
726	0.01609
727	0.00793
728	0.00651
729	0.00779
730	0.01082
731	0.01301
732	0.01395
733	0.01466
734	0.01431
735	0.01251
736	0.01065
737	0.00953
738	0.00857
739	0.00752
740	0.00699
741	0.00767
742	0.00901
743	0.00887
744	0.00640
745	0.00351
746	0.00073
747	-0.00409
748	-0.01064
749	-0.01529
750	-0.01552
751	-0.01037
752	-0.00255
753	0.00227
754	0.00155
755	-0.00293
756	-0.00827
757	-0.01363
758	-0.01579
759	-0.01143
760	-0.00233
761	0.00658
762	0.01187
763	-0.21634
764	-0.24752
765	-0.10418
766	-0.20151
767	-0.01984
768	0.27252
769	0.16835
770	0.00647
771	-0.11639
772	-0.15567
773	-0.17561
774	-0.11214
775	-0.20643
776	-0.37454
777	-0.41156
778	-0.48960
779	-0.56630
780	-0.53870
781	-0.50319
782	-0.46161
783	-0.38049
784	-0.31322
785	-0.28575
786	-0.26952
787	-0.25162
788	-0.17533
789	-0.12961
790	-0.19026
791	-0.24090
792	-0.16283
793	-0.05105
794	-0.02471
795	-0.05526
796	-0.07666
797	-0.10407
798	-0.16843
799	-0.24828
800	-0.28570
801	-0.27934
802	-0.24407
803	-0.17802
804	-0.13466
805	-0.15664
806	-0.19277
807	-0.20664
808	-0.22528
809	-0.25784
810	-0.32547
811	-0.43825
812	-0.60649
813	-0.77638
814	-0.80970
815	-0.67981
816	-0.41926
817	-0.11338
818	0.29595
819	0.92504
820	1.64952
821	2.22319
822	3.23169
823	4.02345
824	3.77813
825	3.35761
826	3.02231
827	2.20794
828	1.02267
829	0.81396
830	-0.18540
831	-0.11150
832	0.00202
833	0.04846
834	0.03930
835	0.02625
836	0.01920
837	0.01632
838	0.01699
839	0.02045
840	0.02471
841	0.02674
842	0.02582
843	0.02389
844	0.02176
845	0.01898
846	0.01586
847	0.01343
848	0.01227
849	0.01282
850	0.01431
851	0.01590
852	0.01698
853	0.01457
854	0.00621
855	-0.00534
856	-0.01647
857	-0.02191
858	-0.01605
859	-0.00707
860	-0.00242
861	0.00029
862	-0.00102
863	-0.00914
864	-0.01721
865	-0.01997
866	-0.02098
867	-0.02016
868	-0.01008
869	0.00070
870	-0.00753
871	0.00778
872	0.40083
873	0.06144
874	-0.64596
875	-0.24066
876	0.17065
877	0.15105
878	0.42603
879	0.21020
880	-0.15811
881	-0.02494
882	0.20600
883	0.02874
884	-0.23911
885	-0.25038
886	-0.15836
887	-0.14290
888	-0.20162
889	-0.19507
890	-0.17027
891	-0.16889
892	-0.15874
893	-0.13651
894	-0.12134
895	-0.10240
896	-0.09084
897	-0.07961
898	-0.09129
899	-0.13017
900	-0.16438
901	-0.21878
902	-0.27579
903	-0.27718
904	-0.23455
905	-0.20376
906	-0.24073
907	-0.29108
908	-0.32163
909	-0.27408
910	-0.22397
911	-0.23973
912	-0.24754
913	-0.25612
914	-0.30226
915	-0.39918
916	-0.50707
917	-0.55371
918	-0.55589
919	-0.55741
920	-0.62802
921	-0.58523
922	-0.25647
923	0.25557
924	0.73116
925	1.11596
926	1.72667
927	2.56115
928	2.97332
929	3.39184
930	4.57391
931	5.02012
932	3.45663
933	1.92329
934	1.72232
935	1.19994
936	0.20969
937	-0.09699
938	0.00499
939	0.03550
940	0.02908
941	0.02804
942	0.03364
943	0.03568
944	0.03210
945	0.02854
946	0.02528
947	0.02069
948	0.01699
949	0.01611
950	0.01678
951	0.01716
952	0.01741
953	0.01825
954	0.01836
955	0.01724
956	0.01658
957	0.01691
958	0.01693
959	0.01577
960	0.01097
961	0.00205
962	-0.00709
963	-0.01324
964	-0.01660
965	-0.01473
966	-0.00438
967	0.00212
968	-0.00879
969	-0.02031
970	-0.01873
971	-0.01717
972	-0.02037
973	-0.01854
974	-0.00580
975	-0.00094
976	-0.01619
977	-0.04285
978	0.15622
979	-0.51940
980	-1.08819
981	-0.47698
982	0.04155
983	0.23043
984	0.71187
985	0.29501
986	-0.37202
987	-0.40307
988	-0.16480
989	-0.18485
990	-0.36219
991	-0.39353
992	-0.35112
993	-0.34619
994	-0.34526
995	-0.28064
996	-0.26788
997	-0.28058
998	-0.26050
999	-0.24953
1000	-0.25653
1001	-0.23809
1002	-0.25415
1003	-0.32861
1004	-0.34975
1005	-0.29628
1006	-0.23499
1007	-0.16186
1008	-0.02486
1009	0.08320
1010	0.04466
1011	-0.05596
1012	-0.08850
1013	-0.08572
1014	-0.09968
1015	-0.05430
1016	0.03489
1017	0.02221
1018	-0.12352
1019	-0.23548
1020	-0.24068
1021	-0.24028
1022	-0.30305
1023	-0.38459
1024	-0.42668
1025	-0.45248
1026	-0.43229
1027	-0.20484
1028	0.20355
1029	0.65791
1030	1.21840
1031	2.09366
1032	2.77536
1033	3.15051
1034	4.31097
1035	4.97178
1036	2.90074
1037	1.16359
1038	2.31441
1039	1.65961
1040	-0.20836
1041	-0.13603
1042	0.00157
1043	0.07142
1044	0.05840
1045	0.03512
1046	0.02633
1047	0.02822
1048	0.03284
1049	0.03279
1050	0.02928
1051	0.02569
1052	0.02253
1053	0.02058
1054	0.02020
1055	0.01851
1056	0.01579
1057	0.01512
1058	0.01506
1059	0.01512
1060	0.01637
1061	0.01861
1062	0.01908
1063	0.01597
1064	0.01004
1065	0.00113
1066	-0.01077
1067	-0.02088
1068	-0.01985
1069	-0.00650
1070	-0.00005
1071	-0.00542
1072	-0.01017
1073	-0.01585
1074	-0.02201
1075	-0.01798
1076	0.00670
1077	0.03633
1078	-0.12540
1079	-0.14655
1080	0.06196
1081	-0.33871
1082	0.18013
1083	0.52787
1084	0.06942
1085	0.11284
1086	0.18323
1087	0.12807
1088	-0.04252
1089	-0.11960
1090	-0.14692
1091	-0.21458
1092	-0.26244
1093	-0.26268
1094	-0.28157
1095	-0.35982
1096	-0.33384
1097	-0.24825
1098	-0.21934
1099	-0.16693
1100	-0.12696
1101	-0.13274
1102	-0.15760
1103	-0.16823
1104	-0.14286
1105	-0.12639
1106	-0.15353
1107	-0.21730
1108	-0.26274
1109	-0.29633
1110	-0.33633
1111	-0.31816
1112	-0.37019
1113	-0.47955
1114	-0.53648
1115	-0.55891
1116	-0.52485
1117	-0.50428
1118	-0.52020
1119	-0.58500
1120	-0.66486
1121	-0.75342
1122	-0.94089
1123	-1.09728
1124	-1.21333
1125	-1.25557
1126	-1.19145
1127	-1.05439
1128	-0.66994
1129	-0.12909
1130	0.45448
1131	1.05354
1132	1.74469
1133	2.53077
1134	3.04860
1135	3.57703
1136	4.75976
1137	5.49479
1138	4.52064
1139	3.67503
1140	3.49297
1141	2.19426
1142	0.87863
1143	0.36567
1144	-0.19068
1145	0.00274
1146	0.13590
1147	0.10201
1148	0.03968
1149	0.01792
1150	0.01391
1151	0.01628
1152	0.02062
1153	0.02176
1154	0.02062
1155	0.02043
1156	0.02208
1157	0.02332
1158	0.02145
1159	0.01821
1160	0.01583
1161	0.01486
1162	0.01585
1163	0.01861
1164	0.02154
1165	0.02081
1166	0.01395
1167	0.00403
1168	-0.00662
1169	-0.01787
1170	-0.02303
1171	-0.01332
1172	0.00057
1173	-0.00122
1174	-0.01175
1175	-0.01778
1176	-0.01746
1177	-0.00476
1178	0.03880
1179	0.08537
1180	-0.39805
1181	-0.27994
1182	0.21723
1183	0.00062
1184	0.09054
1185	0.42209
1186	-0.00635
1187	0.02719
1188	0.43312
1189	0.33469
1190	0.03154
1191	-0.09594
1192	-0.14875
1193	-0.47361
1194	-0.70893
1195	-0.47254
1196	-0.36152
1197	-0.46787
1198	-0.43313
1199	-0.31088
1200	-0.30735
1201	-0.25605
1202	-0.15807
1203	-0.13349
1204	-0.14756
1205	-0.14295
1206	-0.11511
1207	-0.10338
1208	-0.10615
1209	-0.08878
1210	-0.03918
1211	0.04666
1212	0.08575
1213	-0.02486
1214	-0.16071
1215	-0.18045
1216	-0.14441
1217	-0.23998
1218	-0.39958
1219	-0.40616
1220	-0.34479
1221	-0.40368
1222	-0.53067
1223	-0.59281
1224	-0.62648
1225	-0.75444
1226	-0.84962
1227	-0.80104
1228	-0.69608
1229	-0.60765
1230	-0.45365
1231	-0.09859
1232	0.32869
1233	0.69620
1234	1.05995
1235	1.79164
1236	2.93733
1237	3.76975
1238	4.00024
1239	4.81224
1240	5.78068
1241	4.56592
1242	3.11867
1243	2.76855
1244	1.79107
1245	0.11118
1246	-0.22433
1247	-0.12319
1248	0.05317
1249	0.12291
1250	0.08193
1251	0.04262
1252	0.02846
1253	0.02640
1254	0.02931
1255	0.02970
1256	0.02447
1257	0.01854
1258	0.01595
1259	0.01746
1260	0.02140
1261	0.02434
1262	0.02466
1263	0.02268
1264	0.02086
1265	0.02109
1266	0.02089
1267	0.01646
1268	0.00746
1269	-0.00328
1270	-0.01428
1271	-0.02615
1272	-0.03281
1273	-0.02724
1274	-0.01272
1275	-0.00042
1276	-0.00281
1277	-0.01535
1278	-0.02085
1279	-0.01859
1280	-0.01909
1281	-0.01998
1282	-0.00740
1283	0.02596
1284	-0.02856
1285	-0.18919
1286	0.04252
1287	-0.38147
1288	-0.31972
1289	0.26847
1290	-0.16085
1291	-0.01350
1292	0.30739
1293	-0.12235
1294	-0.05189
1295	0.14124
1296	0.01866
1297	-0.21672
1298	-0.37370
1299	-0.35092
1300	-0.37387
1301	-0.50128
1302	-0.52090
1303	-0.43023
1304	-0.39762
1305	-0.33879
1306	-0.30648
1307	-0.38262
1308	-0.40229
1309	-0.35916
1310	-0.30627
1311	-0.25922
1312	-0.24314
1313	-0.28810
1314	-0.27976
1315	-0.09983
1316	0.06767
1317	0.09669
1318	0.09622
1319	0.17015
1320	0.18639
1321	0.09934
1322	0.03943
1323	0.07218
1324	0.07209
1325	-0.03150
1326	-0.16742
1327	-0.26170
1328	-0.37463
1329	-0.53395
1330	-0.68144
1331	-0.70617
1332	-0.69223
1333	-0.77340
1334	-0.83093
1335	-0.68390
1336	-0.29028
1337	0.21040
1338	0.70839
1339	1.35029
1340	2.29151
1341	2.84887
1342	3.10120
1343	3.97953
1344	4.99701
1345	4.22115
1346	2.72537
1347	2.51214
1348	1.64640
1349	0.03606
1350	-0.02312
1351	-0.16407
1352	0.00201
1353	0.11669
1354	0.09908
1355	0.04741
1356	0.02220
1357	0.01467
1358	0.01363
1359	0.01673
1360	0.02228
1361	0.02773
1362	0.03111
1363	0.03054
1364	0.02662
1365	0.02262
1366	0.02081
1367	0.02080
1368	0.02059
1369	0.01977
1370	0.02013
1371	0.02103
1372	0.01703
1373	0.00742
1374	-0.00263
1375	-0.01163
1376	-0.01870
1377	-0.01712
1378	-0.00721
1379	0.00077
1380	-0.00161
1381	-0.01169
1382	-0.01754
1383	-0.01738
1384	-0.01453
1385	-0.00208
1386	0.04218
1387	0.07533
1388	-0.46045
1389	-0.31767
1390	-0.01202
1391	-0.18341
1392	0.28306
1393	0.30519
1394	-0.11550
1395	0.08847
1396	0.45767
1397	0.20847
1398	-0.05314
1399	-0.05069
1400	-0.12954
1401	-0.29126
1402	-0.29108
1403	-0.19379
1404	-0.23952
1405	-0.33791
1406	-0.33763
1407	-0.28537
1408	-0.26978
1409	-0.22442
1410	-0.18945
1411	-0.19357
1412	-0.19033
1413	-0.17466
1414	-0.16683
1415	-0.16160
1416	-0.17137
1417	-0.21495
1418	-0.27668
1419	-0.31779
1420	-0.33070
1421	-0.34441
1422	-0.40148
1423	-0.49678
1424	-0.55291
1425	-0.51623
1426	-0.43083
1427	-0.39794
1428	-0.43312
1429	-0.49994
1430	-0.58583
1431	-0.66191
1432	-0.68886
1433	-0.79446
1434	-0.97899
1435	-1.15250
1436	-1.27972
1437	-1.25978
1438	-1.08704
1439	-0.82889
1440	-0.42084
1441	0.17907
1442	0.92531
1443	1.84422
1444	2.65313
1445	3.10431
1446	4.06919
1447	5.61280
1448	5.84153
1449	4.49892
1450	3.64849
1451	3.39593
1452	2.11654
1453	1.33974
1454	0.59225
1455	-0.20432
1456	0.00321
1457	0.16124
1458	0.12549
1459	0.05149
1460	0.02477
1461	0.02005
1462	0.02447
1463	0.02968
1464	0.02866
1465	0.02489
1466	0.02282
1467	0.02317
1468	0.02389
1469	0.02223
1470	0.01769
1471	0.01405
1472	0.01443
1473	0.01756
1474	0.02044
1475	0.01954
1476	0.01301
1477	0.00221
1478	-0.01034
1479	-0.02325
1480	-0.02403
1481	-0.00965
1482	0.00060
1483	-0.00283
1484	-0.01238
1485	-0.01729
1486	-0.01720
1487	-0.01748
1488	-0.01481
1489	0.00411
1490	0.05020
1491	-0.27796
1492	-0.34233
1493	-0.25137
1494	-0.43212
1495	0.04729
1496	0.35946
1497	0.03526
1498	0.19155
1499	0.43732
1500	0.31744
1501	0.01291
1502	-0.17694
1503	-0.24980
1504	-0.43374
1505	-0.51008
1506	-0.48393
1507	-0.45213
1508	-0.44460
1509	-0.38728
1510	-0.30939
1511	-0.31698
1512	-0.33817
1513	-0.31088
1514	-0.27780
1515	-0.26613
1516	-0.26453
1517	-0.26179
1518	-0.25156
1519	-0.23576
1520	-0.22431
1521	-0.19712
1522	-0.18029
1523	-0.22275
1524	-0.26019
1525	-0.17693
1526	-0.08441
1527	-0.12427
1528	-0.18049
1529	-0.14525
1530	-0.15416
1531	-0.31910
1532	-0.51767
1533	-0.57187
1534	-0.49765
1535	-0.41758
1536	-0.45725
1537	-0.58222
1538	-0.69929
1539	-0.70049
1540	-0.56171
1541	-0.43203
1542	-0.20788
1543	0.26909
1544	0.84638
1545	1.31568
1546	1.97736
1547	2.88142
1548	3.49690
1549	4.03652
1550	5.13419
1551	5.24549
1552	3.71230
1553	2.76282
1554	2.46344
1555	1.13085
1556	0.14252
1557	-0.15750
1558	-0.09265
1559	-0.00587
1560	0.03207
1561	0.03477
1562	0.03422
1563	0.03524
1564	0.03411
1565	0.03048
1566	0.02642
1567	0.02294
1568	0.01996
1569	0.01730
1570	0.01528
1571	0.01452
1572	0.01567
1573	0.01832
1574	0.02108
1575	0.02310
1576	0.02285
1577	0.02076
1578	0.02004
1579	0.02070
1580	0.01886
1581	0.01320
1582	0.00506
1583	-0.00573
1584	-0.01735
1585	-0.02273
1586	-0.01607
1587	-0.00422
1588	0.00176
1589	-0.00005
1590	-0.00538
1591	-0.01146
1592	-0.01840
1593	-0.02141
1594	-0.01034
1595	0.00373
1596	-0.00241
1597	0.00332
1598	0.09897
1599	-0.49689
1600	-0.60157
1601	0.10868
1602	0.09127
1603	0.22016
1604	0.41767
1605	0.05562
1606	-0.14734
1607	-0.03082
1608	0.05526
1609	-0.16827
1610	-0.40463
1611	-0.42983
1612	-0.39018
1613	-0.41781
1614	-0.51010
1615	-0.48647
1616	-0.43218
1617	-0.44205
1618	-0.41879
1619	-0.32799
1620	-0.25103
1621	-0.19623
1622	-0.16166
1623	-0.14766
1624	-0.13226
1625	-0.09581
1626	-0.04819
1627	-0.01165
1628	0.05485
1629	0.16556
1630	0.26761
1631	0.29887
1632	0.23613
1633	0.20038
1634	0.23047
1635	0.16158
1636	0.01713
1637	-0.08242
1638	-0.17054
1639	-0.35020
1640	-0.57654
1641	-0.80917
1642	-1.00193
1643	-1.07295
1644	-1.14612
1645	-1.13602
1646	-0.94053
1647	-0.53939
1648	-0.12979
1649	0.30431
1650	1.06116
1651	2.04801
1652	2.65472
1653	3.04221
1654	4.15349
1655	4.99742
1656	3.88204
1657	2.98759
1658	3.03256
1659	1.88969
1660	0.57955
1661	-0.26771
1662	-0.14475
1663	0.09292
1664	0.17222
1665	0.08616
1666	0.02508
1667	0.01306
1668	0.01221
1669	0.01867
1670	0.02685
1671	0.02958
1672	0.02896
1673	0.02672
1674	0.02380
1675	0.02204
1676	0.02043
1677	0.01756
1678	0.01578
1679	0.01635
1680	0.01730
1681	0.01775
1682	0.01759
1683	0.01564
1684	0.01071
1685	0.00347
1686	-0.00318
1687	-0.00724
1688	-0.00790
1689	-0.00420
1690	0.00010
1691	-0.00468
1692	-0.01677
1693	-0.02314
1694	-0.02015
1695	-0.00750
1696	0.02206
1697	0.05783
1698	-0.63170
1699	-0.38627
1700	0.20417
1701	-0.16641
1702	0.05160
1703	0.36155
1704	-0.01562
1705	0.33431
1706	0.40461
1707	0.13466
1708	0.07617
1709	0.05146
1710	-0.07933
1711	-0.36705
1712	-0.43530
1713	-0.30306
1714	-0.24120
1715	-0.32166
1716	-0.31266
1717	-0.30381
1718	-0.35155
1719	-0.26061
1720	-0.16129
1721	-0.15540
1722	-0.17095
1723	-0.15628
1724	-0.14524
1725	-0.13934
1726	-0.11047
1727	-0.11317
1728	-0.17855
1729	-0.28970
1730	-0.33589
1731	-0.31125
1732	-0.31614
1733	-0.34413
1734	-0.37492
1735	-0.41764
1736	-0.43978
1737	-0.45654
1738	-0.51073
1739	-0.55385
1740	-0.61685
1741	-0.70393
1742	-0.84210
1743	-1.03591
1744	-1.19294
1745	-1.29836
1746	-1.33409
1747	-1.36564
1748	-1.21963
1749	-0.81751
1750	-0.21223
1751	0.52263
1752	1.30126
1753	2.19261
1754	2.88439
1755	3.32903
1756	4.28972
1757	5.42464
1758	5.01007
1759	3.52866
1760	3.09113
1761	2.49119
1762	0.70264
1763	-0.08898
1764	-0.14168
1765	-0.01976
1766	0.05500
1767	0.05199
1768	0.03148
1769	0.01926
1770	0.01337
1771	0.01133
1772	0.01129
1773	0.01203
1774	0.01445
1775	0.01857
1776	0.02088
1777	0.02025
1778	0.01974
1779	0.01975
1780	0.01872
1781	0.01664
1782	0.01493
1783	0.01535
1784	0.01662
1785	0.01610
1786	0.01497
1787	0.01530
1788	0.01772
1789	0.01902
1790	0.01226
1791	-0.00204
1792	-0.01351
1793	-0.01392
1794	-0.00381
1795	-0.00006
1796	-0.00845
1797	-0.01375
1798	-0.01846
1799	-0.02273
1800	-0.01098
1801	0.00741
1802	0.00205
1803	0.04468
1804	-0.11228
1805	-0.67928
1806	-0.57726
1807	0.18207
1808	0.05819
1809	0.12583
1810	0.44322
1811	0.05960
1812	-0.16083
1813	-0.05061
1814	-0.04060
1815	-0.15142
1816	-0.24871
1817	-0.28722
1818	-0.31908
1819	-0.42218
1820	-0.51862
1821	-0.45161
1822	-0.38338
1823	-0.37364
1824	-0.29240
1825	-0.21346
1826	-0.20889
1827	-0.21514
1828	-0.20915
1829	-0.20945
1830	-0.20840
1831	-0.22314
1832	-0.22529
1833	-0.22382
1834	-0.26381
1835	-0.28015
1836	-0.25836
1837	-0.24633
1838	-0.23843
1839	-0.25494
1840	-0.34925
1841	-0.46907
1842	-0.44446
1843	-0.36350
1844	-0.37734
1845	-0.57472
1846	-0.79432
1847	-0.90746
1848	-1.01424
1849	-1.15595
1850	-1.24614
1851	-1.31684
1852	-1.39998
1853	-1.24354
1854	-0.77904
1855	-0.16632
1856	0.54049
1857	1.40399
1858	2.24660
1859	2.64502
1860	3.24450
1861	4.60656
1862	4.21877
1863	2.60259
1864	2.39861
1865	2.31769
1866	0.79907
1867	-0.23070
1868	-0.25145
1869	-0.15233
1870	0.04841
1871	0.14590
1872	0.10201
1873	0.03737
1874	0.01153
1875	0.00940
1876	0.01399
1877	0.02505
1878	0.03940
1879	0.04594
1880	0.04186
1881	0.03191
1882	0.02110
1883	0.01356
1884	0.01024
1885	0.01067
1886	0.01443
1887	0.01882
1888	0.01921
1889	0.01634
1890	0.01311
1891	0.00805
1892	-0.00185
1893	-0.01476
1894	-0.02447
1895	-0.02115
1896	-0.00743
1897	0.00036
1898	-0.00204
1899	-0.00890
1900	-0.01464
1901	-0.01376
1902	0.00063
1903	0.03987
1904	0.04872
1905	-0.39218
1906	-0.10734
1907	-0.00205
1908	-0.11726
1909	0.48511
1910	0.32204
1911	0.07666
1912	0.18643
1913	0.13635
1914	-0.04502
1915	-0.15756
1916	-0.10192
1917	-0.28702
1918	-0.54922
1919	-0.47585
1920	-0.36320
1921	-0.44600
1922	-0.53270
1923	-0.43756
1924	-0.39427
1925	-0.41562
1926	-0.33330
1927	-0.25259
1928	-0.27487
1929	-0.29432
1930	-0.24346
1931	-0.21008
1932	-0.22329
1933	-0.26638
1934	-0.25451
1935	-0.16544
1936	-0.03900
1937	0.02723
1938	0.02662
1939	0.03986
1940	0.08603
1941	0.11400
1942	0.06287
1943	-0.02284
1944	-0.00368
1945	0.09700
1946	0.14960
1947	0.13392
1948	0.09370
1949	0.01451
1950	-0.12626
1951	-0.34480
1952	-0.61304
1953	-0.79700
1954	-0.77425
1955	-0.55051
1956	-0.30947
1957	-0.02370
1958	0.41141
1959	1.13252
1960	1.95159
1961	2.35527
1962	2.98266
1963	4.49479
1964	4.59006
1965	3.15703
1966	2.92449
1967	2.83114
1968	1.21630
1969	-0.29839
1970	-0.16419
1971	0.03277
1972	0.12264
1973	0.06817
1974	0.02028
1975	0.00945
1976	0.00762
1977	0.01191
1978	0.01801
1979	0.02300
1980	0.02801
1981	0.03116
1982	0.03056
1983	0.02662
1984	0.02150
1985	0.01773
1986	0.01634
1987	0.01682
1988	0.01877
1989	0.02169
1990	0.02382
1991	0.02266
1992	0.01627
1993	0.00584
1994	-0.00716
1995	-0.02171
1996	-0.02961
1997	-0.01974
1998	-0.00197
1999	0.00231
2000	-0.00608
2001	-0.01229
2002	-0.01367
2003	-0.01707
2004	-0.02143
2005	-0.01088
2006	0.02153
2007	0.02327
2008	0.00800
2009	0.15067
2010	-0.04327
2011	-0.42288
2012	0.13131
2013	0.07759
2014	-0.05584
2015	0.42337
2016	0.44033
2017	0.08498
2018	0.09136
2019	0.02404
2020	-0.23435
2021	-0.46879
2022	-0.48036
2023	-0.42817
2024	-0.55719
2025	-0.66414
2026	-0.51578
2027	-0.40919
2028	-0.42838
2029	-0.36595
2030	-0.30474
2031	-0.28771
2032	-0.18514
2033	-0.10743
2034	-0.08402
2035	-0.05246
2036	-0.02846
2037	-0.06468
2038	-0.11569
2039	-0.12178
2040	-0.06987
2041	-0.00910
2042	-0.02932
2043	-0.10728
2044	-0.14388
2045	-0.09943
2046	-0.04888
2047	-0.07461
2048	-0.12775
2049	-0.14792
2050	-0.16104
2051	-0.27041
2052	-0.45916
2053	-0.61700
2054	-0.76905
2055	-0.95039
2056	-1.13298
2057	-1.26036
2058	-1.26116
2059	-1.14009
2060	-0.86162
2061	-0.32726
2062	0.33391
2063	1.12066
2064	1.91757
2065	2.49876
2066	3.31933
2067	4.74034
2068	4.77201
2069	3.27168
2070	2.97267
2071	2.62931
2072	0.96648
2073	-0.03769
2074	-0.24517
2075	-0.14641
2076	0.04367
2077	0.12455
2078	0.07975
2079	0.03268
2080	0.01709
2081	0.01404
2082	0.01489
2083	0.01753
2084	0.02092
2085	0.02325
2086	0.02393
2087	0.02483
2088	0.02497
2089	0.02164
2090	0.01654
2091	0.01181
2092	0.00913
2093	0.01016
2094	0.01458
2095	0.01824
2096	0.01580
2097	0.00750
2098	-0.00313
2099	-0.01419
2100	-0.02305
2101	-0.02127
2102	-0.00942
2103	-0.00076
2104	-0.00150
2105	-0.00809
2106	-0.01479
2107	-0.02056
2108	-0.02527
2109	-0.01626
2110	0.02417
2111	0.04809
2112	-0.38511
2113	0.00014
2114	0.05934
2115	-0.36799
2116	0.15910
2117	0.11337
2118	-0.07028
2119	0.38851
2120	0.31863
2121	-0.14621
2122	-0.17239
2123	-0.07741
2124	-0.12467
2125	-0.25760
2126	-0.26764
2127	-0.18695
2128	-0.27059
2129	-0.38721
2130	-0.35448
2131	-0.36687
2132	-0.37299
2133	-0.29127
2134	-0.22271
2135	-0.23454
2136	-0.26037
2137	-0.26855
2138	-0.25683
2139	-0.21441
2140	-0.17764
2141	-0.17440
2142	-0.20542
2143	-0.24228
2144	-0.23990
2145	-0.20288
2146	-0.15835
2147	-0.07922
2148	0.01730
2149	0.06988
2150	0.04651
2151	-0.03585
2152	-0.15451
2153	-0.22901
2154	-0.18091
2155	-0.12045
2156	-0.21146
2157	-0.40890
2158	-0.58206
2159	-0.64623
2160	-0.69164
2161	-0.74693
2162	-0.69180
2163	-0.52212
2164	-0.21569
2165	0.22749
2166	0.64660
2167	1.06617
2168	1.72875
2169	2.72339
2170	3.40316
2171	3.74142
2172	4.84376
2173	5.13634
2174	3.84644
2175	3.20107
2176	3.08900
2177	1.95778
2178	0.47913
2179	0.33363
2180	-0.13813
2181	0.01134
2182	0.09540
2183	0.07092
2184	0.03319
2185	0.01739
2186	0.01145
2187	0.01200
2188	0.01619
2189	0.01960
2190	0.02144
2191	0.02301
2192	0.02495
2193	0.02445
2194	0.02063
2195	0.01730
2196	0.01657
2197	0.01715
2198	0.01786
2199	0.01965
2200	0.02275
2201	0.02290
2202	0.01729
2203	0.00920
2204	0.00197
2205	-0.00205
2206	-0.00165
2207	0.00120
2208	0.00228
2209	0.00142
2210	-0.00151
2211	-0.00761
2212	-0.01197
2213	-0.01061
2214	-0.01114
2215	-0.01569
2216	-0.01092
2217	0.00080
2218	-0.00470
2219	0.04678
2220	0.42812
2221	-0.12864
2222	-0.91156
2223	-0.51200
2224	0.00444
2225	0.05757
2226	0.60814
2227	0.60663
2228	-0.26843
2229	-0.27383
2230	0.00192
2231	-0.02724
2232	-0.22474
2233	-0.32164
2234	-0.27607
2235	-0.26093
2236	-0.37498
2237	-0.41852
2238	-0.36672
2239	-0.38422
2240	-0.39270
2241	-0.35478
2242	-0.32836
2243	-0.27815
2244	-0.22057
2245	-0.19845
2246	-0.18939
2247	-0.18395
2248	-0.20494
2249	-0.21488
2250	-0.12534
2251	0.04342
2252	0.11981
2253	0.04047
2254	-0.06429
2255	-0.01697
2256	0.08805
2257	0.05757
2258	-0.08726
2259	-0.18272
2260	-0.21437
2261	-0.25869
2262	-0.37893
2263	-0.51960
2264	-0.68943
2265	-0.89392
2266	-1.01383
2267	-0.99862
2268	-0.92687
2269	-0.85380
2270	-0.74998
2271	-0.56735
2272	-0.19761
2273	0.36605
2274	1.01448
2275	1.81003
2276	2.49585
2277	2.74230
2278	3.27699
2279	4.37302
2280	4.04577
2281	2.96441
2282	3.12154
2283	2.95083
2284	1.09572
2285	-0.02923
2286	-0.20461
2287	-0.13097
2288	0.02046
2289	0.11069
2290	0.08984
2291	0.04159
2292	0.01866
2293	0.01281
2294	0.01279
2295	0.01604
2296	0.02015
2297	0.02214
2298	0.02177
2299	0.01969
2300	0.01660
2301	0.01451
2302	0.01459
2303	0.01529
2304	0.01541
2305	0.01661
2306	0.01944
2307	0.02048
2308	0.01705
2309	0.01133
2310	0.00564
2311	-0.00119
2312	-0.00965
2313	-0.01530
2314	-0.01595
2315	-0.01403
2316	-0.00978
2317	-0.00320
2318	0.00080
2319	-0.00264
2320	-0.01068
2321	-0.01795
2322	-0.02101
2323	-0.00911
2324	0.02428
2325	0.03433
2326	-0.13014
2327	-0.00126
2328	-0.20373
2329	-0.31819
2330	0.30998
2331	0.16942
2332	0.21898
2333	0.68222
2334	0.32372
2335	-0.10520
2336	0.03108
2337	0.13898
2338	-0.04532
2339	-0.26448
2340	-0.26189
2341	-0.17317
2342	-0.22858
2343	-0.33093
2344	-0.26044
2345	-0.21142
2346	-0.24724
2347	-0.19715
2348	-0.16007
2349	-0.19119
2350	-0.18361
2351	-0.12646
2352	-0.07859
2353	-0.04697
2354	-0.04884
2355	-0.05907
2356	-0.07426
2357	-0.11838
2358	-0.15619
2359	-0.15242
2360	-0.18191
2361	-0.29304
2362	-0.39495
2363	-0.45913
2364	-0.44014
2365	-0.45924
2366	-0.58572
2367	-0.71169
2368	-0.76838
2369	-0.81275
2370	-0.94471
2371	-1.19207
2372	-1.44547
2373	-1.59895
2374	-1.67819
2375	-1.67625
2376	-1.51161
2377	-1.14503
2378	-0.60459
2379	0.03298
2380	0.64526
2381	1.27815
2382	2.02056
2383	2.61467
2384	2.95211
2385	4.02650
2386	4.99307
2387	3.84124
2388	2.68176
2389	2.69591
2390	2.21319
2391	1.14366
2392	0.78240
2393	-0.22732
2394	-0.18182
2395	-0.03133
2396	0.09294
2397	0.10198
2398	0.06132
2399	0.03218
2400	0.02080
2401	0.01805
2402	0.01918
2403	0.02290
2404	0.02796
2405	0.03230
2406	0.03222
2407	0.02467
2408	0.01444
2409	0.00919
2410	0.00803
2411	0.01080
2412	0.01797
2413	0.02533
2414	0.02832
2415	0.02479
2416	0.01697
2417	0.00719
2418	-0.00525
2419	-0.01881
2420	-0.02891
2421	-0.03083
2422	-0.02151
2423	-0.00643
2424	0.00292
2425	0.00268
2426	-0.00518
2427	-0.01452
2428	-0.01972
2429	-0.02184
2430	-0.01514
2431	-0.00134
2432	-0.00481
2433	0.01872
2434	0.28547
2435	-0.02383
2436	-0.75850
2437	-0.40592
2438	0.21886
2439	0.25610
2440	0.31226
2441	-0.17733
2442	-0.53584
2443	-0.31929
2444	-0.04762
2445	-0.06291
2446	-0.26483
2447	-0.32804
2448	-0.27676
2449	-0.24904
2450	-0.34846
2451	-0.41581
2452	-0.39554
2453	-0.36324
2454	-0.29439
2455	-0.21261
2456	-0.16053
2457	-0.13834
2458	-0.14485
2459	-0.17583
2460	-0.17304
2461	-0.15283
2462	-0.17088
2463	-0.22067
2464	-0.26774
2465	-0.23610
2466	-0.15797
2467	-0.08934
2468	-0.05663
2469	-0.05189
2470	-0.06197
2471	-0.12630
2472	-0.22706
2473	-0.32583
2474	-0.42331
2475	-0.49504
2476	-0.61269
2477	-0.79400
2478	-1.03397
2479	-1.25081
2480	-1.33491
2481	-1.28424
2482	-1.16229
2483	-0.98594
2484	-0.67267
2485	-0.14045
2486	0.56444
2487	1.26281
2488	2.06931
2489	2.91025
2490	3.18306
2491	3.46203
2492	4.88420
2493	5.63534
2494	4.31735
2495	3.07479
2496	2.74937
2497	1.88025
2498	0.52201
2499	-0.08211
2500	-0.10954
2501	0.08936
2502	0.14375
2503	0.07103
2504	0.02037
2505	0.00916
2506	0.00560
2507	0.00542
2508	0.00953
2509	0.01333
2510	0.01376
2511	0.01266
2512	0.01243
2513	0.01530
2514	0.02186
2515	0.02863
2516	0.03043
2517	0.02786
2518	0.02515
2519	0.02437
2520	0.02487
2521	0.02380
2522	0.02031
2523	0.01569
2524	0.01038
2525	0.00288
2526	-0.00656
2527	-0.01219
2528	-0.00813
2529	0.00070
2530	-0.00035
2531	-0.01277
2532	-0.02126
2533	-0.02182
2534	-0.02337
2535	-0.02175
2536	-0.00615
2537	0.00572
2538	-0.07915
2539	0.16372
2540	0.20432
2541	-0.80128
2542	-0.75489
2543	-0.00377
2544	-0.03690
2545	0.29681
2546	0.75833
2547	0.15206
2548	-0.23762
2549	0.05674
2550	0.12866
2551	-0.11937
2552	-0.31841
2553	-0.43706
2554	-0.44212
2555	-0.44614
2556	-0.48381
2557	-0.42421
2558	-0.38666
2559	-0.36865
2560	-0.27846
2561	-0.21179
2562	-0.21079
2563	-0.19366
2564	-0.15023
2565	-0.12339
2566	-0.11448
2567	-0.12244
2568	-0.10979
2569	-0.06093
2570	0.02256
2571	0.10012
2572	0.14742
2573	0.12751
2574	0.06093
2575	0.03045
2576	0.05937
2577	0.08980
2578	0.05522
2579	-0.05517
2580	-0.18523
2581	-0.29695
2582	-0.45216
2583	-0.69292
2584	-0.88192
2585	-1.02129
2586	-1.20323
2587	-1.27701
2588	-1.14929
2589	-1.02864
2590	-0.96945
2591	-0.62567
2592	0.00690
2593	0.56289
2594	0.98556
2595	1.56694
2596	2.13419
2597	2.41450
2598	3.04455
2599	4.14336
2600	3.58155
2601	2.31854
2602	2.35054
2603	2.03456
2604	0.87345
2605	0.37809
2606	-0.20097
2607	-0.15537
2608	-0.00873
2609	0.11032
2610	0.11124
2611	0.05924
2612	0.02457
2613	0.01288
2614	0.01051
2615	0.01231
2616	0.01775
2617	0.02424
2618	0.02877
2619	0.02963
2620	0.02608
2621	0.02104
2622	0.01791
2623	0.01653
2624	0.01599
2625	0.01660
2626	0.01848
2627	0.02004
2628	0.01913
2629	0.01544
2630	0.01089
2631	0.00533
2632	-0.00494
2633	-0.01968
2634	-0.03146
2635	-0.03003
2636	-0.01488
2637	-0.00151
2638	-0.00190
2639	-0.01031
2640	-0.01792
2641	-0.02301
2642	-0.02216
2643	-0.00266
2644	0.03550
2645	-0.15316
2646	-0.06308
2647	0.15313
2648	-0.21027
2649	-0.36811
2650	0.24086
2651	0.09144
2652	0.34717
2653	0.72349
2654	0.09429
2655	-0.26613
2656	0.08225
2657	0.11722
2658	-0.21849
2659	-0.37407
2660	-0.22110
2661	-0.12793
2662	-0.18814
2663	-0.25274
2664	-0.20022
2665	-0.21806
2666	-0.24724
2667	-0.17401
2668	-0.14749
2669	-0.14574
2670	-0.12670
2671	-0.12317
2672	-0.14647
2673	-0.15875
2674	-0.12999
2675	-0.11226
2676	-0.15062
2677	-0.23233
2678	-0.27327
2679	-0.26465
2680	-0.31662
2681	-0.40930
2682	-0.50667
2683	-0.59649
2684	-0.59584
2685	-0.58619
2686	-0.64896
2687	-0.75742
2688	-0.75972
2689	-0.76906
2690	-0.87485
2691	-0.96108
2692	-1.09122
2693	-1.15739
2694	-1.08464
2695	-0.94728
2696	-0.81909
2697	-0.64028
2698	-0.14286
2699	0.50786
2700	1.03539
2701	1.76615
2702	2.86675
2703	3.37449
2704	3.73221
2705	4.80098
2706	5.21948
2707	4.34374
2708	3.70850
2709	3.69881
2710	2.63723
2711	1.05695
2712	0.49543
2713	-0.24160
2714	-0.12339
2715	0.07363
2716	0.13877
2717	0.07471
2718	0.02390
2719	0.01063
2720	0.00634
2721	0.00684
2722	0.01171
2723	0.01686
2724	0.02082
2725	0.02375
2726	0.02468
2727	0.02304
2728	0.02027
2729	0.01856
2730	0.01881
2731	0.01990
2732	0.02033
2733	0.02094
2734	0.02240
2735	0.02287
2736	0.02173
2737	0.01856
2738	0.01214
2739	0.00289
2740	-0.00745
2741	-0.01523
2742	-0.01304
2743	-0.00251
2744	0.00091
2745	-0.00667
2746	-0.01361
2747	-0.01861
2748	-0.02380
2749	-0.01564
2750	0.01073
2751	0.01644
2752	-0.11727
2753	0.07460
2754	-0.34244
2755	-0.52506
2756	0.26997
2757	0.15617
2758	0.01570
2759	0.34374
2760	0.28955
2761	-0.06164
2762	-0.11695
2763	-0.04538
2764	-0.20439
2765	-0.32584
2766	-0.28207
2767	-0.21375
2768	-0.24479
2769	-0.32796
2770	-0.33040
2771	-0.28902
2772	-0.24508
2773	-0.18849
2774	-0.13747
2775	-0.15284
2776	-0.15992
2777	-0.13140
2778	-0.12265
2779	-0.12376
2780	-0.14060
2781	-0.15504
2782	-0.14911
2783	-0.12265
2784	-0.13881
2785	-0.20643
2786	-0.22755
2787	-0.13555
2788	-0.02879
2789	-0.01864
2790	-0.09644
2791	-0.15884
2792	-0.15705
2793	-0.17641
2794	-0.31487
2795	-0.54169
2796	-0.78265
2797	-0.99716
2798	-1.15358
2799	-1.32689
2800	-1.48450
2801	-1.46431
2802	-1.30117
2803	-0.91625
2804	-0.32011
2805	0.33063
2806	0.92454
2807	1.55986
2808	2.37090
2809	2.94286
2810	3.23711
2811	4.06587
2812	5.18548
2813	4.38884
2814	3.10373
2815	3.01838
2816	2.31423
2817	1.11114
2818	0.44478
2819	-0.21526
2820	-0.06297
2821	0.11358
2822	0.13210
2823	0.06179
2824	0.02034
2825	0.01032
2826	0.00909
2827	0.01182
2828	0.01643
2829	0.02000
2830	0.02278
2831	0.02449
2832	0.02380
2833	0.02185
2834	0.01990
2835	0.01737
2836	0.01565
2837	0.01651
2838	0.01973
2839	0.02403
2840	0.02676
2841	0.02520
2842	0.01946
2843	0.01119
2844	0.00120
2845	-0.00874
2846	-0.01422
2847	-0.01095
2848	-0.00245
2849	0.00121
2850	-0.00354
2851	-0.01055
2852	-0.01502
2853	-0.01765
2854	-0.01060
2855	0.02368
2856	0.07100
2857	-0.31678
2858	-0.45589
2859	0.15645
2860	-0.13892
2861	-0.31204
2862	0.33271
2863	0.09954
2864	0.24212
2865	0.57943
2866	0.19339
2867	-0.13768
2868	-0.08105
2869	-0.04162
2870	-0.23552
2871	-0.42056
2872	-0.38663
2873	-0.36236
2874	-0.47275
2875	-0.45558
2876	-0.34857
2877	-0.42198
2878	-0.42211
2879	-0.27672
2880	-0.18951
2881	-0.17227
2882	-0.17283
2883	-0.14714
2884	-0.12878
2885	-0.10381
2886	-0.08770
2887	-0.07890
2888	-0.05232
2889	-0.00280
2890	0.02607
2891	0.01464
2892	-0.03679
2893	-0.12191
2894	-0.19078
2895	-0.15398
2896	-0.07731
2897	-0.09488
2898	-0.19433
2899	-0.19616
2900	-0.06873
2901	-0.00850
2902	-0.19074
2903	-0.49305
2904	-0.72338
2905	-0.87660
2906	-0.96464
2907	-1.00277
2908	-0.96041
2909	-0.81396
2910	-0.58227
2911	-0.20786
2912	0.34695
2913	1.10987
2914	1.98979
2915	2.54259
2916	2.83246
2917	3.95547
2918	4.69968
2919	3.60427
2920	3.00393
2921	2.97379
2922	1.74957
2923	0.65184
2924	0.20144
2925	-0.10676
2926	0.03093
2927	0.08239
2928	0.04921
2929	0.01950
2930	0.01062
2931	0.00881
2932	0.00911
2933	0.00950
2934	0.00973
2935	0.01025
2936	0.01175
2937	0.01582
2938	0.02117
2939	0.02284
2940	0.02036
2941	0.01723
2942	0.01545
2943	0.01489
2944	0.01667
2945	0.02195
2946	0.02680
2947	0.02682
2948	0.02136
2949	0.01205
2950	0.00002
2951	-0.01478
2952	-0.03204
2953	-0.04471
2954	-0.03861
2955	-0.01500
2956	-0.00018
2957	-0.00571
2958	-0.01277
2959	-0.01526
2960	-0.02221
2961	-0.03115
2962	-0.02288
2963	-0.00056
2964	-0.00483
2965	-0.00509
2966	0.17542
2967	-0.21080
2968	-0.58256
2969	0.10786
2970	0.19899
2971	0.12839
2972	0.38652
2973	-0.08515
2974	-0.48616
2975	-0.12882
2976	0.22755
2977	0.03910
2978	-0.16823
2979	-0.17876
2980	-0.15696
2981	-0.25699
2982	-0.39034
2983	-0.36048
2984	-0.28978
2985	-0.20463
2986	-0.15888
2987	-0.14711
2988	-0.17663
2989	-0.19850
2990	-0.17574
2991	-0.19605
2992	-0.21432
2993	-0.20549
2994	-0.22075
2995	-0.24379
2996	-0.24678
2997	-0.20070
2998	-0.17772
2999	-0.24993
3000	-0.36752
3001	-0.41376
3002	-0.35945
3003	-0.29900
3004	-0.26172
3005	-0.30620
3006	-0.43285
3007	-0.53613
3008	-0.67342
3009	-0.87654
3010	-1.04224
3011	-1.12570
3012	-1.12361
3013	-1.10079
3014	-1.08956
3015	-1.09755
3016	-1.04062
3017	-0.66000
3018	0.05786
3019	0.76754
3020	1.39246
3021	2.02915
3022	2.47307
3023	3.01729
3024	4.17112
3025	5.06938
3026	4.71104
3027	4.06748
3028	3.67652
3029	2.31582
3030	1.13925
3031	1.19812
3032	-0.20959
3033	-0.17312
3034	-0.05102
3035	0.06515
3036	0.08592
3037	0.05469
3038	0.02805
3039	0.01529
3040	0.01021
3041	0.00872
3042	0.00930
3043	0.01204
3044	0.01671
3045	0.02008
3046	0.02007
3047	0.01926
3048	0.01913
3049	0.01905
3050	0.01893
3051	0.01791
3052	0.01607
3053	0.01554
3054	0.01540
3055	0.01349
3056	0.01139
3057	0.00883
3058	0.00291
3059	-0.00677
3060	-0.01570
3061	-0.01602
3062	-0.00594
3063	0.00271
3064	-0.00236
3065	-0.01697
3066	-0.02572
3067	-0.02860
3068	-0.03039
3069	-0.01770
3070	0.01277
3071	0.02515
3072	-0.29748
3073	0.16178
3074	0.16599
3075	-0.45520
3076	-0.22483
3077	0.17145
3078	0.14605
3079	0.57948
3080	0.25729
3081	-0.38154
3082	-0.23290
3083	0.12388
3084	0.08922
3085	-0.21887
3086	-0.34385
3087	-0.31807
3088	-0.38863
3089	-0.51107
3090	-0.52293
3091	-0.48608
3092	-0.50563
3093	-0.41764
3094	-0.31202
3095	-0.31314
3096	-0.33619
3097	-0.27411
3098	-0.22041
3099	-0.26587
3100	-0.35137
3101	-0.38432
3102	-0.31993
3103	-0.16900
3104	-0.02048
3105	0.06928
3106	0.12572
3107	0.15335
3108	0.13121
3109	0.11138
3110	0.15474
3111	0.24879
3112	0.26489
3113	0.19011
3114	0.07672
3115	-0.06395
3116	-0.24446
3117	-0.44277
3118	-0.62678
3119	-0.77195
3120	-0.87849
3121	-0.86679
3122	-0.66351
3123	-0.41388
3124	-0.17077
3125	0.14387
3126	0.65960
3127	1.49049
3128	2.41959
3129	2.74890
3130	2.87472
3131	3.74921
3132	4.15903
3133	2.91404
3134	2.22586
3135	2.46384
3136	1.26795
3137	-0.37158
3138	-0.17607
3139	-0.08458
3140	0.02404
3141	0.06042
3142	0.04623
3143	0.02962
3144	0.02160
3145	0.01835
3146	0.01679
3147	0.01556
3148	0.01543
3149	0.01575
3150	0.01506
3151	0.01408
3152	0.01395
3153	0.01404
3154	0.01389
3155	0.01496
3156	0.01824
3157	0.02142
3158	0.02302
3159	0.02478
3160	0.02473
3161	0.02168
3162	0.01852
3163	0.01325
3164	0.00238
3165	-0.01290
3166	-0.02643
3167	-0.02377
3168	-0.00774
3169	0.00007
3170	-0.00581
3171	-0.01391
3172	-0.01777
3173	-0.02105
3174	-0.02401
3175	-0.01509
3176	0.01122
3177	0.01602
3178	-0.16127
3179	0.05646
3180	0.04826
3181	-0.39336
3182	0.06290
3183	0.21552
3184	-0.07319
3185	0.09628
3186	-0.09711
3187	-0.34405
3188	-0.21363
3189	0.00982
3190	-0.08089
3191	-0.26980
3192	-0.37048
3193	-0.47363
3194	-0.59603
3195	-0.67486
3196	-0.59981
3197	-0.52361
3198	-0.52184
3199	-0.45282
3200	-0.36753
3201	-0.35274
3202	-0.31744
3203	-0.23739
3204	-0.20105
3205	-0.19977
3206	-0.13668
3207	0.00486
3208	0.14570
3209	0.24422
3210	0.29313
3211	0.30668
3212	0.35538
3213	0.39800
3214	0.40277
3215	0.43833
3216	0.49896
3217	0.51099
3218	0.39970
3219	0.28597
3220	0.12919
3221	-0.13374
3222	-0.41100
3223	-0.58270
3224	-0.69790
3225	-0.88709
3226	-1.14245
3227	-1.41706
3228	-1.56550
3229	-1.31648
3230	-0.86515
3231	-0.36472
3232	0.22596
3233	1.01995
3234	1.75882
3235	2.27739
3236	3.35726
3237	4.32317
3238	3.34949
3239	2.27431
3240	2.06972
3241	1.20504
3242	0.07665
3243	-0.17507
3244	-0.09937
3245	0.00906
3246	0.06023
3247	0.05354
3248	0.03462
3249	0.02180
3250	0.01520
3251	0.01326
3252	0.01453
3253	0.01727
3254	0.01987
3255	0.02237
3256	0.02453
3257	0.02443
3258	0.02134
3259	0.01803
3260	0.01673
3261	0.01607
3262	0.01461
3263	0.01357
3264	0.01425
3265	0.01612
3266	0.01637
3267	0.01327
3268	0.00777
3269	0.00111
3270	-0.00673
3271	-0.01241
3272	-0.01104
3273	-0.00566
3274	0.00013
3275	0.00552
3276	0.00558
3277	-0.00387
3278	-0.01708
3279	-0.02036
3280	-0.00413
3281	0.01387
3282	-0.19477
3283	-0.03169
3284	0.21045
3285	-0.49620
3286	-0.25119
3287	0.35614
3288	0.07280
3289	0.28899
3290	0.11544
3291	-0.30597
3292	0.00363
3293	0.25475
3294	0.07294
3295	-0.22403
3296	-0.26750
3297	-0.19665
3298	-0.20751
3299	-0.24429
3300	-0.23024
3301	-0.18541
3302	-0.22516
3303	-0.19493
3304	-0.13692
3305	-0.13958
3306	-0.16886
3307	-0.17153
3308	-0.14843
3309	-0.12730
3310	-0.11662
3311	-0.14056
3312	-0.20154
3313	-0.25158
3314	-0.23829
3315	-0.20106
3316	-0.20393
3317	-0.23752
3318	-0.29736
3319	-0.35629
3320	-0.40444
3321	-0.40883
3322	-0.39850
3323	-0.43195
3324	-0.55205
3325	-0.76136
3326	-0.91774
3327	-0.97875
3328	-0.99667
3329	-0.98363
3330	-0.91926
3331	-0.86663
3332	-0.84915
3333	-0.76314
3334	-0.49443
3335	0.02869
3336	0.64432
3337	1.21299
3338	1.91310
3339	2.68788
3340	3.11725
3341	3.35566
3342	4.13968
3343	4.58466
3344	3.39447
3345	2.94321
3346	3.25736
3347	1.68510
3348	0.63092
3349	0.66869
3350	-0.21532
3351	-0.15582
3352	0.00517
3353	0.11438
3354	0.10701
3355	0.05846
3356	0.02661
3357	0.01430
3358	0.01243
3359	0.01762
3360	0.02815
3361	0.03470
3362	0.03191
3363	0.02420
3364	0.01600
3365	0.01101
3366	0.00947
3367	0.00952
3368	0.01095
3369	0.01527
3370	0.02136
3371	0.02350
3372	0.02037
3373	0.01682
3374	0.01305
3375	0.00417
3376	-0.00928
3377	-0.02175
3378	-0.02501
3379	-0.01503
3380	-0.00266
3381	0.00074
3382	-0.00430
3383	-0.01270
3384	-0.02071
3385	-0.02132
3386	-0.00119
3387	0.03845
3388	-0.18133
3389	-0.14875
3390	0.14268
3391	-0.32056
3392	-0.22400
3393	0.44781
3394	0.30210
3395	0.44405
3396	0.52113
3397	0.13725
3398	-0.02831
3399	-0.07356
3400	-0.05037
3401	-0.17820
3402	-0.24635
3403	-0.11468
3404	-0.08255
3405	-0.14790
3406	-0.20049
3407	-0.16818
3408	-0.16208
3409	-0.15047
3410	-0.13332
3411	-0.13509
3412	-0.11797
3413	-0.10821
3414	-0.11557
3415	-0.10308
3416	-0.10586
3417	-0.15070
3418	-0.18169
3419	-0.21450
3420	-0.27467
3421	-0.31078
3422	-0.33426
3423	-0.39446
3424	-0.49060
3425	-0.59196
3426	-0.72040
3427	-0.82493
3428	-0.86453
3429	-0.90660
3430	-0.95535
3431	-1.06532
3432	-1.19427
3433	-1.25519
3434	-1.41367
3435	-1.49795
3436	-1.34573
3437	-1.12513
3438	-0.96741
3439	-0.84715
3440	-0.59134
3441	-0.14239
3442	0.44310
3443	0.99648
3444	1.51455
3445	2.02873
3446	2.46712
3447	2.81499
3448	3.71950
3449	4.52934
3450	4.34779
3451	3.93043
3452	3.22252
3453	2.30864
3454	0.94039
3455	0.51183
3456	-0.18746
3457	-0.18270
3458	-0.08137
3459	0.03673
3460	0.07445
3461	0.05681
3462	0.03406
3463	0.02213
3464	0.01854
3465	0.01901
3466	0.02130
3467	0.02302
3468	0.02217
3469	0.02044
3470	0.01933
3471	0.01753
3472	0.01552
3473	0.01524
3474	0.01589
3475	0.01590
3476	0.01599
3477	0.01726
3478	0.01844
3479	0.01640
3480	0.00990
3481	-0.00075
3482	-0.01566
3483	-0.02889
3484	-0.02996
3485	-0.01847
3486	-0.00480
3487	0.00126
3488	-0.00119
3489	-0.00563
3490	-0.00785
3491	-0.01066
3492	-0.01892
3493	-0.02468
3494	-0.01131
3495	0.01113
3496	0.00415
3497	-0.21884
3498	0.09057
3499	-0.17748
3500	-0.49832
3501	-0.11554
3502	0.12649
3503	0.05788
3504	0.35585
3505	0.25210
3506	-0.11364
3507	0.01986
3508	0.11847
3509	-0.08107
3510	-0.38021
3511	-0.51617
3512	-0.53224
3513	-0.58376
3514	-0.56460
3515	-0.47516
3516	-0.45118
3517	-0.48528
3518	-0.38159
3519	-0.25948
3520	-0.23484
3521	-0.24192
3522	-0.19317
3523	-0.09132
3524	-0.02196
3525	0.00156
3526	-0.00592
3527	-0.05014
3528	-0.11995
3529	-0.14364
3530	-0.08166
3531	0.00549
3532	0.03790
3533	-0.03838
3534	-0.15513
3535	-0.22447
3536	-0.27394
3537	-0.35585
3538	-0.43716
3539	-0.46093
3540	-0.49550
3541	-0.65944
3542	-0.92150
3543	-1.09381
3544	-1.15826
3545	-1.21860
3546	-1.30616
3547	-1.40120
3548	-1.39505
3549	-1.18161
3550	-0.70520
3551	-0.09360
3552	0.49062
3553	1.09550
3554	1.75452
3555	2.10983
3556	2.50602
3557	3.57139
3558	4.00749
3559	3.51201
3560	3.21789
3561	3.05903
3562	1.91278
3563	1.20879
3564	1.00621
3565	-0.23864
3566	-0.19030
3567	-0.01791
3568	0.11666
3569	0.10037
3570	0.03996
3571	0.01430
3572	0.00874
3573	0.00729
3574	0.00781
3575	0.00926
3576	0.01076
3577	0.01341
3578	0.01729
3579	0.02015
3580	0.02144
3581	0.02161
3582	0.02054
3583	0.01950
3584	0.02057
3585	0.02487
3586	0.02942
3587	0.02909
3588	0.02356
3589	0.01566
3590	0.00614
3591	-0.00492
3592	-0.01795
3593	-0.03112
3594	-0.03718
3595	-0.03106
3596	-0.01560
3597	-0.00092
3598	-0.00011
3599	-0.01083
3600	-0.01864
3601	-0.02217
3602	-0.02520
3603	-0.01832
3604	-0.00266
3605	-0.00008
3606	-0.00487
3607	0.08314
3608	-0.01225
3609	-0.33405
3610	0.00470
3611	0.36103
3612	0.24600
3613	0.13312
3614	-0.01030
3615	-0.09666
3616	0.02864
3617	0.01946
3618	-0.13968
3619	-0.28060
3620	-0.30980
3621	-0.26684
3622	-0.30007
3623	-0.35698
3624	-0.35504
3625	-0.35001
3626	-0.36406
3627	-0.32747
3628	-0.25439
3629	-0.24672
3630	-0.27282
3631	-0.27407
3632	-0.22770
3633	-0.17360
3634	-0.18575
3635	-0.26405
3636	-0.31600
3637	-0.27224
3638	-0.18531
3639	-0.07543
3640	0.00155
3641	0.00450
3642	-0.02355
3643	-0.02150
3644	0.02102
3645	0.08445
3646	0.11623
3647	0.03501
3648	-0.18607
3649	-0.42618
3650	-0.52537
3651	-0.54675
3652	-0.61938
3653	-0.71816
3654	-0.75777
3655	-0.76106
3656	-0.79163
3657	-0.73535
3658	-0.50033
3659	-0.18318
3660	0.26336
3661	0.73871
3662	1.18739
3663	1.80715
3664	2.32323
3665	2.53210
3666	3.38015
3667	4.27453
3668	3.60085
3669	2.55783
3670	2.53905
3671	2.06283
3672	0.61818
3673	-0.03889
3674	-0.13127
3675	-0.00474
3676	0.06204
3677	0.04808
3678	0.02558
3679	0.01603
3680	0.01201
3681	0.01063
3682	0.01045
3683	0.00970
3684	0.00831
3685	0.00709
3686	0.00724
3687	0.00930
3688	0.01153
3689	0.01253
3690	0.01240
3691	0.01157
3692	0.01137
3693	0.01264
3694	0.01427
3695	0.01421
3696	0.01296
3697	0.01051
3698	0.00510
3699	-0.00309
3700	-0.01318
3701	-0.02087
3702	-0.01896
3703	-0.00786
3704	0.00177
3705	0.00253
3706	0.00109
3707	0.00123
3708	-0.00619
3709	-0.02537
3710	-0.03891
3711	-0.03655
3712	-0.02415
3713	-0.00254
3714	0.01984
3715	0.01876
3716	-0.28070
3717	0.00629
3718	-0.13656
3719	-0.50782
3720	0.03438
3721	0.32600
3722	0.07790
3723	0.29610
3724	0.01889
3725	-0.22146
3726	0.15215
3727	0.31801
3728	0.05772
3729	-0.20714
3730	-0.23971
3731	-0.21127
3732	-0.25084
3733	-0.37648
3734	-0.34303
3735	-0.26810
3736	-0.26549
3737	-0.18734
3738	-0.14557
3739	-0.17223
3740	-0.22266
3741	-0.19336
3742	-0.16456
3743	-0.19266
3744	-0.21951
3745	-0.21293
3746	-0.21011
3747	-0.28906
3748	-0.31388
3749	-0.26550
3750	-0.29923
3751	-0.43075
3752	-0.51759
3753	-0.47176
3754	-0.43533
3755	-0.41493
3756	-0.44323
3757	-0.50145
3758	-0.49536
3759	-0.46326
3760	-0.49394
3761	-0.56780
3762	-0.63748
3763	-0.71973
3764	-0.76539
3765	-0.73913
3766	-0.61140
3767	-0.39396
3768	-0.00462
3769	0.54250
3770	0.97846
3771	1.31216
3772	1.88789
3773	2.72104
3774	3.24995
3775	3.85068
3776	4.73746
3777	4.59940
3778	3.87155
3779	3.99686
3780	3.64450
3781	2.05493
3782	1.10891
3783	0.76453
3784	0.06073
3785	-0.03663
3786	0.07326
3787	0.07023
3788	0.03797
3789	0.02439
3790	0.02257
3791	0.02644
3792	0.02932
3793	0.02793
3794	0.02528
3795	0.02357
3796	0.02187
3797	0.01900
3798	0.01648
3799	0.01584
3800	0.01613
3801	0.01708
3802	0.01922
3803	0.02140
3804	0.02240
3805	0.02262
3806	0.02065
3807	0.01621
3808	0.00829
3809	-0.00497
3810	-0.02218
3811	-0.03238
3812	-0.02100
3813	-0.00323
3814	-0.00089
3815	-0.00822
3816	-0.01339
3817	-0.01618
3818	-0.01495
3819	0.00290
3820	0.05823
3821	0.07654
3822	-0.59937
3823	-0.14339
3824	0.04186
3825	-0.15709
3826	0.69558
3827	0.24981
3828	-0.17329
3829	0.14643
3830	0.36891
3831	0.23240
3832	0.00360
3833	-0.11909
3834	-0.24769
3835	-0.39272
3836	-0.37142
3837	-0.23564
3838	-0.27324
3839	-0.38952
3840	-0.36687
3841	-0.35303
3842	-0.38077
3843	-0.31293
3844	-0.26027
3845	-0.29016
3846	-0.29556
3847	-0.23581
3848	-0.16889
3849	-0.15546
3850	-0.19492
3851	-0.16850
3852	-0.00266
3853	0.19277
3854	0.24395
3855	0.16834
3856	0.13846
3857	0.18574
3858	0.21823
3859	0.17076
3860	0.07098
3861	-0.04213
3862	-0.14955
3863	-0.24948
3864	-0.29914
3865	-0.31307
3866	-0.36068
3867	-0.49786
3868	-0.65891
3869	-0.69936
3870	-0.58064
3871	-0.40931
3872	-0.29252
3873	-0.18107
3874	0.05429
3875	0.42820
3876	0.89472
3877	1.56861
3878	2.41774
3879	2.83650
3880	3.07778
3881	3.94789
3882	4.49859
3883	3.89040
3884	3.30698
3885	3.14540
3886	1.81746
3887	0.56132
3888	0.22953
3889	-0.18100
3890	0.00281
3891	0.13453
3892	0.10652
3893	0.03950
3894	0.01458
3895	0.01009
3896	0.01105
3897	0.01704
3898	0.02436
3899	0.02880
3900	0.02948
3901	0.02807
3902	0.02462
3903	0.02039
3904	0.01846
3905	0.01804
3906	0.01714
3907	0.01744
3908	0.02038
3909	0.02230
3910	0.01963
3911	0.01453
3912	0.01003
3913	0.00544
3914	-0.00180
3915	-0.00959
3916	-0.01206
3917	-0.00745
3918	-0.00053
3919	0.00028
3920	-0.00899
3921	-0.01936
3922	-0.02203
3923	-0.02088
3924	-0.01495
3925	0.00710
3926	0.03980
3927	-0.10752
3928	-0.00954
3929	0.18946
3930	-0.25097
3931	-0.43054
3932	0.12676
3933	0.11404
3934	0.34193
3935	0.77796
3936	0.12589
3937	-0.33760
3938	-0.03574
3939	0.04760
3940	-0.14108
3941	-0.20185
3942	-0.13805
3943	-0.20735
3944	-0.34873
3945	-0.33491
3946	-0.25634
3947	-0.28666
3948	-0.28696
3949	-0.20871
3950	-0.20250
3951	-0.21602
3952	-0.17998
3953	-0.17246
3954	-0.19529
3955	-0.14684
3956	-0.07868
3957	-0.06707
3958	-0.11054
3959	-0.12695
3960	-0.10024
3961	-0.08186
3962	-0.07428
3963	-0.05499
3964	-0.01907
3965	-0.02839
3966	-0.12963
3967	-0.24597
3968	-0.31606
3969	-0.34230
3970	-0.45486
3971	-0.68455
3972	-0.89195
3973	-0.98065
3974	-0.98189
3975	-0.98698
3976	-0.99028
3977	-0.96220
3978	-0.78075
3979	-0.45330
3980	-0.04777
3981	0.38860
3982	0.81713
3983	1.23811
3984	1.75657
3985	2.28970
3986	2.60410
3987	3.12234
3988	3.90715
3989	3.73132
3990	3.11925
3991	3.07129
3992	2.61876
3993	1.48478
3994	0.84487
3995	0.88868
3996	-0.22843
3997	-0.13460
3998	0.04617
3999	0.12868
4000	0.08500
4001	0.03317
4002	0.01576
4003	0.01334
4004	0.01592
4005	0.02107
4006	0.02577
4007	0.02771
4008	0.02717
4009	0.02588
4010	0.02366
4011	0.02008
4012	0.01718
4013	0.01601
4014	0.01548
4015	0.01691
4016	0.02105
4017	0.02393
4018	0.02168
4019	0.01477
4020	0.00509
4021	-0.00694
4022	-0.02173
4023	-0.03291
4024	-0.02902
4025	-0.01328
4026	-0.00152
4027	-0.00074
4028	-0.00800
4029	-0.01643
4030	-0.02172
4031	-0.02787
4032	-0.03109
4033	-0.01454
4034	0.01040
4035	-0.00254
4036	-0.01792
4037	0.26964
4038	-0.22020
4039	-0.69468
4040	-0.11365
4041	0.09867
4042	0.35283
4043	0.68252
4044	-0.08417
4045	-0.46128
4046	-0.13789
4047	0.05764
4048	-0.13018
4049	-0.40308
4050	-0.39444
4051	-0.28600
4052	-0.30216
4053	-0.36632
4054	-0.32113
4055	-0.31876
4056	-0.36634
4057	-0.30815
4058	-0.22192
4059	-0.20071
4060	-0.16387
4061	-0.13412
4062	-0.14895
4063	-0.16597
4064	-0.18286
4065	-0.18766
4066	-0.15360
4067	-0.11980
4068	-0.09024
4069	-0.06274
4070	0.00001
4071	0.08489
4072	0.08728
4073	-0.00037
4074	-0.11921
4075	-0.17365
4076	-0.21461
4077	-0.29157
4078	-0.40947
4079	-0.56957
4080	-0.64745
4081	-0.68268
4082	-0.74195
4083	-0.85363
4084	-0.89242
4085	-0.85527
4086	-0.72587
4087	-0.49354
4088	-0.18046
4089	0.25356
4090	0.73905
4091	1.33230
4092	2.12562
4093	2.69971
4094	3.07634
4095	4.03814
4096	4.81974
4097	4.37791
4098	3.57104
4099	3.36431
4100	2.49750
4101	1.22228
4102	0.80177
4103	-0.23224
4104	-0.19368
4105	-0.00507
4106	0.14683
4107	0.12200
4108	0.04909
4109	0.02061
4110	0.01540
4111	0.01671
4112	0.02273
4113	0.02664
4114	0.02527
4115	0.02332
4116	0.02242
4117	0.02091
4118	0.01928
4119	0.01912
4120	0.01902
4121	0.01791
4122	0.01808
4123	0.02029
4124	0.02177
4125	0.02003
4126	0.01472
4127	0.00673
4128	-0.00233
4129	-0.01049
4130	-0.01530
4131	-0.01170
4132	-0.00087
4133	0.00382
4134	-0.00500
4135	-0.01488
4136	-0.01433
4137	-0.01288
4138	-0.01634
4139	-0.00992
4140	0.02215
4141	0.04702
4142	-0.27778
4143	-0.27559
4144	-0.04599
4145	-0.34064
4146	-0.09336
4147	0.12360
4148	-0.19866
4149	0.32658
4150	0.41713
4151	-0.13608
4152	-0.15152
4153	0.01846
4154	-0.04258
4155	-0.41326
4156	-0.65823
4157	-0.63810
4158	-0.69100
4159	-0.77953
4160	-0.70592
4161	-0.51943
4162	-0.49457
4163	-0.43463
4164	-0.37290
4165	-0.38555
4166	-0.36007
4167	-0.30125
4168	-0.26122
4169	-0.24617
4170	-0.17384
4171	-0.06992
4172	0.01511
4173	0.09215
4174	0.13633
4175	0.12089
4176	0.09200
4177	0.14640
4178	0.29235
4179	0.38277
4180	0.35984
4181	0.38204
4182	0.47025
4183	0.44615
4184	0.21283
4185	-0.11475
4186	-0.39973
4187	-0.63616
4188	-0.80998
4189	-0.92536
4190	-1.01652
4191	-0.99347
4192	-0.82464
4193	-0.54015
4194	-0.15019
4195	0.32346
4196	0.84217
4197	1.63056
4198	2.36258
4199	2.74851
4200	3.65395
4201	4.96934
4202	4.43051
4203	2.73671
4204	3.03467
4205	2.53811
4206	0.46846
4207	-0.04766
4208	-0.17133
4209	-0.01756
4210	0.09710
4211	0.08398
4212	0.03368
4213	0.01257
4214	0.00787
4215	0.00684
4216	0.00848
4217	0.01240
4218	0.01718
4219	0.02141
4220	0.02585
4221	0.02980
4222	0.02988
4223	0.02710
4224	0.02318
4225	0.01846
4226	0.01685
4227	0.02028
4228	0.02533
4229	0.02637
4230	0.02145
4231	0.01342
4232	0.00474
4233	-0.00584
4234	-0.01758
4235	-0.01930
4236	-0.00342
4237	0.01165
4238	0.00727
4239	-0.00757
4240	-0.01674
4241	-0.01664
4242	-0.01405
4243	-0.01691
4244	-0.02275
4245	-0.01595
4246	0.00036
4247	-0.00723
4248	-0.06169
4249	0.19991
4250	-0.03329
4251	-0.70441
4252	-0.60091
4253	-0.09277
4254	0.02444
4255	0.48185
4256	0.85473
4257	0.03339
4258	-0.38280
4259	-0.12115
4260	0.00548
4261	-0.06075
4262	-0.31417
4263	-0.44575
4264	-0.37174
4265	-0.41669
4266	-0.48886
4267	-0.48591
4268	-0.52597
4269	-0.50632
4270	-0.39929
4271	-0.37702
4272	-0.37235
4273	-0.26618
4274	-0.16747
4275	-0.14850
4276	-0.17218
4277	-0.14160
4278	-0.04574
4279	0.03852
4280	0.07387
4281	0.12901
4282	0.21832
4283	0.24516
4284	0.18951
4285	0.18082
4286	0.22045
4287	0.15436
4288	-0.03862
4289	-0.14968
4290	-0.10750
4291	-0.09064
4292	-0.23750
4293	-0.42892
4294	-0.48156
4295	-0.42699
4296	-0.41430
4297	-0.51508
4298	-0.62244
4299	-0.69652
4300	-0.75761
4301	-0.64216
4302	-0.25174
4303	0.14928
4304	0.41655
4305	0.82525
4306	1.55257
4307	2.10521
4308	2.36025
4309	3.11176
4310	3.76366
4311	3.33937
4312	3.03002
4313	3.13876
4314	2.07095
4315	0.35438
4316	0.05663
4317	-0.17742
4318	-0.09137
4319	0.02856
4320	0.07085
4321	0.04785
4322	0.02390
4323	0.01356
4324	0.01013
4325	0.01093
4326	0.01348
4327	0.01460
4328	0.01526
4329	0.01660
4330	0.01819
4331	0.01895
4332	0.01816
4333	0.01731
4334	0.01730
4335	0.01749
4336	0.01843
4337	0.02057
4338	0.02161
4339	0.02024
4340	0.01779
4341	0.01531
4342	0.01279
4343	0.00926
4344	0.00182
4345	-0.00993
4346	-0.02055
4347	-0.02090
4348	-0.00908
4349	0.00232
4350	0.00298
4351	-0.00515
4352	-0.01424
4353	-0.02097
4354	-0.02503
4355	-0.01701
4356	-0.00125
4357	-0.00864
4358	-0.04233
4359	0.40059
4360	0.11552
4361	-0.72071
4362	-0.11323
4363	0.32957
4364	0.35930
4365	0.17543
4366	-0.38033
4367	-0.35874
4368	0.09015
4369	0.20469
4370	-0.03222
4371	-0.27024
4372	-0.30951
4373	-0.31750
4374	-0.36846
4375	-0.40369
4376	-0.33871
4377	-0.31123
4378	-0.33220
4379	-0.27280
4380	-0.23071
4381	-0.23975
4382	-0.26584
4383	-0.19364
4384	-0.06947
4385	-0.05604
4386	-0.13680
4387	-0.15896
4388	-0.11648
4389	-0.13078
4390	-0.16834
4391	-0.14679
4392	-0.11633
4393	-0.12423
4394	-0.15315
4395	-0.19035
4396	-0.23985
4397	-0.28970
4398	-0.38130
4399	-0.52581
4400	-0.72539
4401	-0.89988
4402	-0.97568
4403	-0.98255
4404	-0.91738
4405	-0.97950
4406	-1.13252
4407	-1.25388
4408	-1.27418
4409	-1.19126
4410	-1.06763
4411	-0.70081
4412	-0.14363
4413	0.42261
4414	0.95748
4415	1.56392
4416	2.08031
4417	2.61618
4418	3.57305
4419	4.46355
4420	4.29923
4421	3.97866
4422	3.55462
4423	2.43515
4424	1.79463
4425	1.42086
4426	0.64510
4427	-0.15899
4428	-0.09924
4429	0.00221
4430	0.05209
4431	0.04829
4432	0.03239
4433	0.02055
4434	0.01409
4435	0.01228
4436	0.01426
4437	0.01979
4438	0.02663
4439	0.02884
4440	0.02433
4441	0.01926
4442	0.01769
4443	0.01764
4444	0.01770
4445	0.01903
4446	0.01987
4447	0.01735
4448	0.01538
4449	0.01547
4450	0.01327
4451	0.00846
4452	0.00325
4453	-0.00461
4454	-0.01766
4455	-0.03055
4456	-0.03284
4457	-0.01969
4458	-0.00374
4459	-0.00028
4460	-0.00433
4461	-0.01036
4462	-0.02009
4463	-0.03002
4464	-0.02396
4465	0.00540
4466	0.01815
4467	-0.14612
4468	0.16860
4469	0.20176
4470	-0.51116
4471	-0.25110
4472	0.28433
4473	0.16588
4474	0.35937
4475	0.13567
4476	-0.24940
4477	-0.07408
4478	0.10434
4479	-0.02659
4480	-0.20155
4481	-0.19790
4482	-0.11256
4483	-0.14646
4484	-0.22937
4485	-0.22891
4486	-0.22649
4487	-0.21211
4488	-0.16851
4489	-0.15252
4490	-0.17324
4491	-0.17970
4492	-0.16294
4493	-0.16656
4494	-0.15341
4495	-0.15289
4496	-0.17136
4497	-0.19960
4498	-0.24622
4499	-0.25048
4500	-0.24098
4501	-0.26503
4502	-0.30928
4503	-0.34628
4504	-0.38038
4505	-0.45280
4506	-0.57099
4507	-0.67307
4508	-0.74447
4509	-0.84766
4510	-0.98439
4511	-1.04626
4512	-1.12912
4513	-1.33840
4514	-1.50348
4515	-1.50820
4516	-1.40249
4517	-1.37539
4518	-1.33902
4519	-0.92070
4520	-0.11481
4521	0.62653
4522	1.24493
4523	1.82139
4524	2.19869
4525	2.81841
4526	3.78812
4527	3.79612
4528	2.86726
4529	2.37551
4530	1.98956
4531	1.14938
4532	0.61550
4533	-0.20359
4534	-0.20286
4535	-0.09849
4536	0.03219
4537	0.07103
4538	0.04786
4539	0.02495
4540	0.01435
4541	0.01034
4542	0.00985
4543	0.01071
4544	0.01078
4545	0.01086
4546	0.01247
4547	0.01458
4548	0.01591
4549	0.01774
4550	0.02055
4551	0.02208
4552	0.02047
4553	0.01689
4554	0.01479
4555	0.01487
4556	0.01402
4557	0.01021
4558	0.00465
4559	-0.00220
4560	-0.01251
4561	-0.02583
4562	-0.03375
4563	-0.02843
4564	-0.01518
4565	-0.00415
4566	0.00037
4567	-0.00385
4568	-0.01631
4569	-0.02856
4570	-0.03741
4571	-0.03890
4572	-0.01891
4573	0.00346
4574	-0.08491
4575	0.27621
4576	0.24177
4577	-0.64194
4578	-0.62679
4579	0.17305
4580	0.33034
4581	0.46181
4582	0.29618
4583	-0.21598
4584	-0.13113
4585	0.34015
4586	0.23415
4587	-0.14527
4588	-0.19037
4589	-0.08343
4590	-0.13452
4591	-0.22577
4592	-0.25165
4593	-0.24056
4594	-0.24003
4595	-0.22953
4596	-0.17927
4597	-0.14538
4598	-0.15543
4599	-0.15585
4600	-0.16937
4601	-0.17754
4602	-0.13616
4603	-0.11420
4604	-0.11510
4605	-0.12149
4606	-0.16499
4607	-0.23352
4608	-0.27745
4609	-0.25464
4610	-0.26265
4611	-0.36298
4612	-0.48149
4613	-0.52968
4614	-0.51664
4615	-0.61849
4616	-0.88646
4617	-1.12687
4618	-1.26044
4619	-1.29918
4620	-1.34284
4621	-1.41114
4622	-1.53139
4623	-1.66980
4624	-1.71749
4625	-1.71587
4626	-1.56394
4627	-1.27406
4628	-0.73473
4629	0.01792
4630	0.85806
4631	1.56463
4632	2.01017
4633	2.56821
4634	3.85069
4635	4.38506
4636	3.27391
4637	3.21264
4638	3.33276
4639	2.12161
4640	0.84210
4641	0.36941
4642	-0.19713
4643	-0.08781
4644	0.04211
4645	0.06151
4646	0.02734
4647	0.01084
4648	0.00678
4649	0.00750
4650	0.01004
4651	0.01214
4652	0.01189
4653	0.00906
4654	0.00651
4655	0.00672
4656	0.01000
4657	0.01327
4658	0.01413
4659	0.01329
4660	0.01096
4661	0.00826
4662	0.00804
4663	0.01146
4664	0.01601
4665	0.01811
4666	0.01717
4667	0.01458
4668	0.01019
4669	0.00133
4670	-0.01070
4671	-0.02071
4672	-0.02558
4673	-0.02197
4674	-0.00925
4675	-0.00002
4676	-0.00822
4677	-0.02487
4678	-0.03227
4679	-0.03056
4680	-0.02436
4681	-0.00941
4682	0.00004
4683	-0.01263
4684	0.22036
4685	0.50465
4686	-0.28710
4687	-0.98684
4688	-0.53601
4689	0.00810
4690	0.23022
4691	0.73141
4692	0.42801
4693	-0.20725
4694	-0.19282
4695	0.04113
4696	-0.03687
4697	-0.25242
4698	-0.22771
4699	-0.14467
4700	-0.19505
4701	-0.28373
4702	-0.27961
4703	-0.24823
4704	-0.22423
4705	-0.17089
4706	-0.15612
4707	-0.19020
4708	-0.21062
4709	-0.20271
4710	-0.17570
4711	-0.16866
4712	-0.17490
4713	-0.20256
4714	-0.28841
4715	-0.36138
4716	-0.37556
4717	-0.34380
4718	-0.37707
4719	-0.44516
4720	-0.46104
4721	-0.54295
4722	-0.70233
4723	-0.77848
4724	-0.69411
4725	-0.62250
4726	-0.63552
4727	-0.68517
4728	-0.84214
4729	-0.93421
4730	-0.92979
4731	-0.93795
4732	-1.02126
4733	-1.12995
4734	-1.10417
4735	-1.00853
4736	-0.70140
4737	-0.12978
4738	0.50571
4739	1.12893
4740	1.83574
4741	2.38048
4742	2.70840
4743	3.57589
4744	4.63599
4745	4.22484
4746	3.24094
4747	3.19846
4748	2.62188
4749	1.52503
4750	0.70640
4751	-0.20284
4752	-0.16168
4753	-0.04219
4754	0.05522
4755	0.06590
4756	0.03973
4757	0.02313
4758	0.01573
4759	0.01140
4760	0.00990
4761	0.01023
4762	0.01029
4763	0.01015
4764	0.01016
4765	0.01031
4766	0.01214
4767	0.01604
4768	0.01938
4769	0.02144
4770	0.02442
4771	0.02698
4772	0.02640
4773	0.02532
4774	0.02493
4775	0.02269
4776	0.01758
4777	0.00847
4778	-0.00523
4779	-0.02117
4780	-0.03412
4781	-0.03302
4782	-0.01549
4783	-0.00086
4784	-0.00314
4785	-0.01509
4786	-0.02610
4787	-0.03090
4788	-0.02429
4789	-0.00339
4790	0.01910
4791	-0.16525
4792	-0.20891
4793	-0.24956
4794	-0.57899
4795	-0.25565
4796	0.32607
4797	0.20160
4798	0.31130
4799	0.39982
4800	-0.01644
4801	-0.07625
4802	0.10885
4803	0.10800
4804	-0.15115
4805	-0.28538
4806	-0.19802
4807	-0.19970
4808	-0.32730
4809	-0.37135
4810	-0.25476
4811	-0.24440
4812	-0.22820
4813	-0.18941
4814	-0.20441
4815	-0.22091
4816	-0.20022
4817	-0.15265
4818	-0.11287
4819	-0.11013
4820	-0.15421
4821	-0.18723
4822	-0.18852
4823	-0.20123
4824	-0.21681
4825	-0.27689
4826	-0.37284
4827	-0.38943
4828	-0.32861
4829	-0.32258
4830	-0.40977
4831	-0.49162
4832	-0.56080
4833	-0.63092
4834	-0.78412
4835	-0.92037
4836	-1.02718
4837	-1.13846
4838	-1.19569
4839	-1.34039
4840	-1.42020
4841	-1.32249
4842	-1.02754
4843	-0.60613
4844	-0.07945
4845	0.51302
4846	1.06331
4847	1.54941
4848	2.13359
4849	2.74698
4850	3.21979
4851	3.96444
4852	4.67211
4853	4.40748
4854	3.69672
4855	3.44293
4856	2.72857
4857	1.46666
4858	0.67639
4859	0.57225
4860	-0.16517
4861	-0.09102
4862	0.00669
4863	0.05185
4864	0.05386
4865	0.04711
4866	0.04030
4867	0.03063
4868	0.02026
4869	0.01413
4870	0.01217
4871	0.01240
4872	0.01393
4873	0.01578
4874	0.01729
4875	0.01873
4876	0.01890
4877	0.01794
4878	0.01760
4879	0.01734
4880	0.01722
4881	0.01772
4882	0.01710
4883	0.01484
4884	0.01168
4885	0.00598
4886	-0.00527
4887	-0.02085
4888	-0.03117
4889	-0.02850
4890	-0.01429
4891	-0.00093
4892	-0.00040
4893	-0.00631
4894	-0.01244
4895	-0.02023
4896	-0.02961
4897	-0.03280
4898	-0.01630
4899	0.00117
4900	-0.01130
4901	0.01094
4902	0.38767
4903	-0.16582
4904	-0.87225
4905	-0.45333
4906	0.02924
4907	0.13919
4908	0.55212
4909	0.43151
4910	-0.09438
4911	-0.02846
4912	0.25622
4913	0.09856
4914	-0.19059
4915	-0.26279
4916	-0.17490
4917	-0.18004
4918	-0.22872
4919	-0.18643
4920	-0.18248
4921	-0.16977
4922	-0.13484
4923	-0.11999
4924	-0.13242
4925	-0.12354
4926	-0.08528
4927	-0.08972
4928	-0.11661
4929	-0.10705
4930	-0.09094
4931	-0.10236
4932	-0.15168
4933	-0.18204
4934	-0.21643
4935	-0.29475
4936	-0.39566
4937	-0.44653
4938	-0.43425
4939	-0.49613
4940	-0.59812
4941	-0.74486
4942	-0.85525
4943	-0.90226
4944	-1.02554
4945	-1.24233
4946	-1.47963
4947	-1.54833
4948	-1.51881
4949	-1.49677
4950	-1.53572
4951	-1.50297
4952	-1.19209
4953	-0.56601
4954	0.31424
4955	1.09082
4956	1.71098
4957	2.24260
4958	2.76579
4959	3.36615
4960	4.45362
4961	5.16927
4962	4.43490
4963	3.58908
4964	3.00258
4965	2.18406
4966	1.74299
4967	1.44051
4968	-0.23802
4969	-0.21905
4970	-0.08181
4971	0.07498
4972	0.11548
4973	0.07399
4974	0.03401
4975	0.01711
4976	0.01214
4977	0.01183
4978	0.01474
4979	0.02007
4980	0.02525
4981	0.02718
4982	0.02575
4983	0.02249
4984	0.01838
4985	0.01570
4986	0.01541
4987	0.01695
4988	0.01977
4989	0.02343
4990	0.02526
4991	0.02281
4992	0.01770
4993	0.01090
4994	-0.00008
4995	-0.01575
4996	-0.02963
4997	-0.02959
4998	-0.01469
4999	-0.00117
5000	-0.00080
5001	-0.01112
5002	-0.02574
5003	-0.03542
5004	-0.02804
5005	0.00399
5006	0.04271
5007	-0.28508
5008	-0.28055
5009	0.00385
5010	-0.32618
5011	-0.04609
5012	0.36077
5013	-0.00315
5014	0.26620
5015	0.50824
5016	0.01983
5017	-0.14535
5018	0.06959
5019	-0.03082
5020	-0.32601
5021	-0.43052
5022	-0.36222
5023	-0.34022
5024	-0.43435
5025	-0.42248
5026	-0.35466
5027	-0.36538
5028	-0.28602
5029	-0.18239
5030	-0.16170
5031	-0.13157
5032	-0.05126
5033	0.00230
5034	-0.01667
5035	-0.07581
5036	-0.12251
5037	-0.16874
5038	-0.20297
5039	-0.18312
5040	-0.15552
5041	-0.16724
5042	-0.19680
5043	-0.20401
5044	-0.20257
5045	-0.24007
5046	-0.32953
5047	-0.44321
5048	-0.51667
5049	-0.58094
5050	-0.74168
5051	-0.94221
5052	-1.08607
5053	-1.07878
5054	-1.00593
5055	-0.97929
5056	-1.01720
5057	-1.10012
5058	-1.06730
5059	-0.89440
5060	-0.44326
5061	0.21030
5062	0.86741
5063	1.52614
5064	2.28897
5065	2.85611
5066	3.33660
5067	4.30532
5068	4.78770
5069	4.21143
5070	3.63702
5071	3.29627
5072	2.39599
5073	1.41513
5074	0.53563
5075	-0.16901
5076	0.02465
5077	0.13250
5078	0.07367
5079	0.01577
5080	0.00553
5081	0.00314
5082	0.00874
5083	0.01658
5084	0.01898
5085	0.01630
5086	0.01256
5087	0.01149
5088	0.01382
5089	0.01853
5090	0.02273
5091	0.02341
5092	0.02039
5093	0.01618
5094	0.01437
5095	0.01522
5096	0.01560
5097	0.01393
5098	0.01128
5099	0.00747
5100	0.00065
5101	-0.00907
5102	-0.01661
5103	-0.01263
5104	0.00038
5105	0.00379
5106	-0.00742
5107	-0.01957
5108	-0.02274
5109	-0.02085
5110	-0.01495
5111	0.00784
5112	0.04634
5113	-0.16828
5114	-0.15869
5115	0.21616
5116	-0.17516
5117	-0.44585
5118	0.22349
5119	0.08060
5120	0.27517
5121	0.86150
5122	0.48001
5123	-0.06785
5124	-0.07137
5125	0.08955
5126	-0.07249
5127	-0.25275
5128	-0.19564
5129	-0.07025
5130	-0.12275
5131	-0.21473
5132	-0.14400
5133	-0.16051
5134	-0.17723
5135	-0.11312
5136	-0.08568
5137	-0.10062
5138	-0.13422
5139	-0.12632
5140	-0.11520
5141	-0.07915
5142	-0.04938
5143	-0.04621
5144	-0.06788
5145	-0.10438
5146	-0.11540
5147	-0.13634
5148	-0.20685
5149	-0.31898
5150	-0.40512
5151	-0.45966
5152	-0.53086
5153	-0.59208
5154	-0.71375
5155	-0.84779
5156	-0.97044
5157	-1.15314
5158	-1.41494
5159	-1.55722
5160	-1.49920
5161	-1.39643
5162	-1.32909
5163	-1.44831
5164	-1.61211
5165	-1.59538
5166	-1.38644
5167	-0.87694
5168	-0.19873
5169	0.47171
5170	1.13615
5171	1.82464
5172	2.44147
5173	3.06318
5174	4.17079
5175	4.47882
5176	3.49086
5177	3.15797
5178	2.83016
5179	1.87234
5180	1.32918
5181	1.30106
5182	-0.25020
5183	-0.18059
5184	-0.00880
5185	0.09818
5186	0.08616
5187	0.04720
5188	0.02548
5189	0.01586
5190	0.01259
5191	0.01269
5192	0.01321
5193	0.01280
5194	0.01272
5195	0.01437
5196	0.01731
5197	0.01915
5198	0.01784
5199	0.01592
5200	0.01675
5201	0.01860
5202	0.01814
5203	0.01659
5204	0.01490
5205	0.01241
5206	0.00898
5207	0.00291
5208	-0.00885
5209	-0.02437
5210	-0.03364
5211	-0.02699
5212	-0.01017
5213	0.00012
5214	0.00086
5215	0.00038
5216	-0.00595
5217	-0.02133
5218	-0.03356
5219	-0.02246
5220	0.00391
5221	0.00174
5222	0.01119
5223	0.20799
5224	-0.25469
5225	-0.55823
5226	0.15728
5227	0.22778
5228	0.23463
5229	0.50279
5230	0.00200
5231	-0.31775
5232	0.02487
5233	0.11619
5234	-0.17096
5235	-0.35424
5236	-0.32777
5237	-0.34594
5238	-0.38922
5239	-0.43011
5240	-0.38903
5241	-0.35824
5242	-0.31191
5243	-0.22281
5244	-0.15394
5245	-0.15088
5246	-0.14124
5247	-0.07769
5248	-0.05742
5249	-0.08933
5250	-0.09201
5251	-0.08008
5252	-0.09864
5253	-0.11568
5254	-0.09210
5255	-0.08288
5256	-0.11055
5257	-0.10534
5258	-0.07704
5259	-0.13630
5260	-0.32143
5261	-0.51476
5262	-0.66412
5263	-0.82728
5264	-0.92434
5265	-0.97287
5266	-0.98327
5267	-0.96300
5268	-0.96146
5269	-0.99377
5270	-1.02649
5271	-0.92613
5272	-0.73335
5273	-0.48549
5274	-0.16584
5275	0.24277
5276	0.66365
5277	1.17981
5278	1.94856
5279	2.69775
5280	3.01502
5281	3.56817
5282	4.39492
5283	4.55811
5284	3.96361
5285	3.25492
5286	2.43381
5287	1.22505
5288	0.28424
5289	0.07733
5290	-0.18704
5291	-0.06527
5292	0.05468
5293	0.08731
5294	0.06393
5295	0.03595
5296	0.02066
5297	0.01586
5298	0.01508
5299	0.01453
5300	0.01426
5301	0.01530
5302	0.01765
5303	0.02037
5304	0.02159
5305	0.02056
5306	0.01882
5307	0.01946
5308	0.02273
5309	0.02482
5310	0.02548
5311	0.02626
5312	0.02389
5313	0.01740
5314	0.00924
5315	-0.00086
5316	-0.01333
5317	-0.02109
5318	-0.01313
5319	0.00730
5320	0.01680
5321	0.00332
5322	-0.01356
5323	-0.01825
5324	-0.01712
5325	-0.02005
5326	-0.02689
5327	-0.02329
5328	-0.00413
5329	-0.00687
5330	-0.05814
5331	0.33800
5332	0.31859
5333	-0.83098
5334	-0.91511
5335	-0.24000
5336	0.08371
5337	0.58048
5338	1.02492
5339	0.18761
5340	-0.36081
5341	-0.09682
5342	-0.00773
5343	-0.17970
5344	-0.33182
5345	-0.38316
5346	-0.39124
5347	-0.35946
5348	-0.31767
5349	-0.28229
5350	-0.27887
5351	-0.26901
5352	-0.19190
5353	-0.15338
5354	-0.13461
5355	-0.11380
5356	-0.11544
5357	-0.10687
5358	-0.09488
5359	-0.11406
5360	-0.15572
5361	-0.19861
5362	-0.23697
5363	-0.25992
5364	-0.27050
5365	-0.31836
5366	-0.40789
5367	-0.46550
5368	-0.47116
5369	-0.47472
5370	-0.53800
5371	-0.62670
5372	-0.68531
5373	-0.73461
5374	-0.89390
5375	-1.15819
5376	-1.33523
5377	-1.43813
5378	-1.62436
5379	-1.65122
5380	-1.54817
5381	-1.39699
5382	-1.00768
5383	-0.34771
5384	0.38092
5385	1.06242
5386	1.82225
5387	2.48883
5388	2.94162
5389	3.77452
5390	4.91144
5391	4.77757
5392	3.75225
5393	3.55758
5394	2.93804
5395	1.81601
5396	1.20929
5397	-0.23851
5398	-0.22879
5399	-0.09306
5400	0.08650
5401	0.13248
5402	0.07227
5403	0.02181
5404	0.00764
5405	0.00603
5406	0.00520
5407	0.00500
5408	0.00707
5409	0.01090
5410	0.01465
5411	0.01781
5412	0.02013
5413	0.02087
5414	0.02053
5415	0.01966
5416	0.01832
5417	0.01799
5418	0.01955
5419	0.02130
5420	0.01991
5421	0.01490
5422	0.00841
5423	0.00016
5424	-0.01055
5425	-0.01808
5426	-0.01218
5427	0.00327
5428	0.00664
5429	-0.00634
5430	-0.01623
5431	-0.01723
5432	-0.02045
5433	-0.02631
5434	-0.01822
5435	0.01003
5436	0.02877
5437	-0.27977
5438	-0.22724
5439	-0.01138
5440	-0.31448
5441	-0.39780
5442	0.06096
5443	0.08695
5444	0.42744
5445	0.64920
5446	-0.15091
5447	-0.41875
5448	0.03587
5449	0.15384
5450	-0.12041
5451	-0.37514
5452	-0.38902
5453	-0.37964
5454	-0.45606
5455	-0.41584
5456	-0.38042
5457	-0.45995
5458	-0.43112
5459	-0.27667
5460	-0.20956
5461	-0.22806
5462	-0.22911
5463	-0.19833
5464	-0.16974
5465	-0.12907
5466	-0.11702
5467	-0.17315
5468	-0.25594
5469	-0.25150
5470	-0.18345
5471	-0.14181
5472	-0.16161
5473	-0.16915
5474	-0.08201
5475	-0.00766
5476	-0.09926
5477	-0.28151
5478	-0.37020
5479	-0.37880
5480	-0.41354
5481	-0.57399
5482	-0.77449
5483	-0.90510
5484	-1.00331
5485	-1.12571
5486	-1.28313
5487	-1.35916
5488	-1.26142
5489	-1.03035
5490	-0.62246
5491	-0.02596
5492	0.54862
5493	1.11853
5494	1.94783
5495	2.66387
5496	3.13697
5497	4.06047
5498	4.73181
5499	4.10614
5500	3.44499
5501	3.28609
5502	2.21294
5503	1.18194
5504	0.72962
5505	-0.24509
5506	-0.15950
5507	0.02261
5508	0.12629
5509	0.09515
5510	0.03926
5511	0.01689
5512	0.01157
5513	0.00912
5514	0.00808
5515	0.00867
5516	0.00973
5517	0.01126
5518	0.01528
5519	0.02201
5520	0.02708
5521	0.02732
5522	0.02465
5523	0.02161
5524	0.01953
5525	0.01963
5526	0.02184
5527	0.02352
5528	0.02179
5529	0.01729
5530	0.01056
5531	0.00062
5532	-0.01212
5533	-0.02387
5534	-0.02345
5535	-0.00968
5536	-0.00009
5537	-0.00352
5538	-0.01348
5539	-0.02171
5540	-0.02609
5541	-0.02379
5542	-0.00405
5543	0.03464
5544	-0.27004
5545	-0.38459
5546	0.11099
5547	-0.17854
5548	-0.42526
5549	0.24268
5550	0.06148
5551	0.36894
5552	0.85450
5553	0.26186
5554	-0.26114
5555	0.01229
5556	0.16037
5557	-0.12476
5558	-0.29175
5559	-0.18119
5560	-0.10544
5561	-0.18247
5562	-0.20120
5563	-0.10918
5564	-0.17111
5565	-0.19746
5566	-0.12785
5567	-0.13225
5568	-0.16304
5569	-0.12478
5570	-0.09899
5571	-0.12193
5572	-0.15082
5573	-0.17161
5574	-0.17626
5575	-0.16663
5576	-0.17999
5577	-0.18801
5578	-0.21824
5579	-0.31856
5580	-0.42832
5581	-0.45641
5582	-0.50488
5583	-0.56839
5584	-0.61743
5585	-0.72674
5586	-0.88615
5587	-1.06716
5588	-1.17642
5589	-1.20265
5590	-1.15052
5591	-1.14847
5592	-1.23308
5593	-1.29299
5594	-1.21863
5595	-0.98076
5596	-0.80222
5597	-0.69058
5598	-0.23348
5599	0.59155
5600	1.32578
5601	1.89011
5602	2.35194
5603	2.60694
5604	3.18298
5605	4.32401
5606	4.70397
5607	3.83983
5608	3.38958
5609	3.19450
5610	2.21746
5611	1.36233
5612	0.81085
5613	-0.23299
5614	-0.17525
5615	-0.01132
5616	0.11428
5617	0.10246
5618	0.04681
5619	0.01923
5620	0.01118
5621	0.00783
5622	0.00617
5623	0.00547
5624	0.00458
5625	0.00356
5626	0.00417
5627	0.00793
5628	0.01368
5629	0.01827
5630	0.02023
5631	0.01964
5632	0.01748
5633	0.01648
5634	0.01808
5635	0.01933
5636	0.01759
5637	0.01470
5638	0.01060
5639	0.00321
5640	-0.00646
5641	-0.01634
5642	-0.02300
5643	-0.02034
5644	-0.00845
5645	0.00300
5646	0.00762
5647	0.00385
5648	-0.00947
5649	-0.02572
5650	-0.03201
5651	-0.01576
5652	0.01120
5653	-0.00571
5654	-0.27844
5655	-0.24664
5656	-0.34274
5657	-0.18084
5658	0.50597
5659	0.37986
5660	0.11835
5661	-0.00668
5662	-0.24388
5663	-0.12982
5664	0.13632
5665	0.05852
5666	-0.21654
5667	-0.33013
5668	-0.31628
5669	-0.38155
5670	-0.46781
5671	-0.51326
5672	-0.45670
5673	-0.46062
5674	-0.47789
5675	-0.36185
5676	-0.25189
5677	-0.22722
5678	-0.22724
5679	-0.23168
5680	-0.22019
5681	-0.18893
5682	-0.16962
5683	-0.15237
5684	-0.12550
5685	-0.07745
5686	0.00369
5687	0.06661
5688	0.02806
5689	-0.07544
5690	-0.11984
5691	-0.06928
5692	-0.04341
5693	-0.08246
5694	-0.13137
5695	-0.22403
5696	-0.35289
5697	-0.44647
5698	-0.53051
5699	-0.67190
5700	-0.85409
5701	-1.00307
5702	-1.11529
5703	-1.19158
5704	-1.17552
5705	-1.05896
5706	-0.80923
5707	-0.35549
5708	0.15334
5709	0.57821
5710	1.13936
5711	1.89173
5712	2.41683
5713	2.99782
5714	3.84274
5715	4.15483
5716	3.46653
5717	3.32990
5718	2.95765
5719	1.73013
5720	1.16030
5721	0.82113
5722	-0.22820
5723	-0.12351
5724	0.04150
5725	0.10861
5726	0.07401
5727	0.03134
5728	0.01449
5729	0.00948
5730	0.00743
5731	0.00764
5732	0.00926
5733	0.01048
5734	0.01101
5735	0.01298
5736	0.01775
5737	0.02285
5738	0.02462
5739	0.02379
5740	0.02309
5741	0.02273
5742	0.02172
5743	0.02137
5744	0.02120
5745	0.01835
5746	0.01364
5747	0.00826
5748	0.00095
5749	-0.00833
5750	-0.01519
5751	-0.01382
5752	-0.00575
5753	-0.00015
5754	-0.00151
5755	-0.00362
5756	-0.00653
5757	-0.01653
5758	-0.02866
5759	-0.02635
5760	-0.00559
5761	0.00697
5762	-0.06307
5763	0.11161
5764	-0.15225
5765	-0.69494
5766	-0.46680
5767	0.12173
5768	0.09025
5769	0.44111
5770	0.54181
5771	-0.31945
5772	-0.34484
5773	0.16335
5774	0.14360
5775	-0.11362
5776	-0.21627
5777	-0.22986
5778	-0.39130
5779	-0.52491
5780	-0.53039
5781	-0.49422
5782	-0.50442
5783	-0.46112
5784	-0.29675
5785	-0.22300
5786	-0.19593
5787	-0.16729
5788	-0.13937
5789	-0.09011
5790	-0.05069
5791	-0.06155
5792	-0.12447
5793	-0.17965
5794	-0.16866
5795	-0.11487
5796	-0.07396
5797	-0.05309
5798	-0.03683
5799	-0.02971
5800	-0.01784
5801	-0.00723
5802	-0.05871
5803	-0.17698
5804	-0.29592
5805	-0.39654
5806	-0.55447
5807	-0.75076
5808	-0.90400
5809	-1.05916
5810	-1.28305
5811	-1.45666
5812	-1.42488
5813	-1.27257
5814	-1.09155
5815	-0.77963
5816	-0.23885
5817	0.42557
5818	0.99425
5819	1.51368
5820	2.16407
5821	2.66530
5822	3.14707
5823	3.91217
5824	4.52681
5825	3.92008
5826	3.12416
5827	2.76678
5828	1.84201
5829	1.02350
5830	0.59651
5831	-0.20134
5832	-0.12570
5833	0.00352
5834	0.07393
5835	0.06540
5836	0.03777
5837	0.02171
5838	0.01452
5839	0.01067
5840	0.00873
5841	0.00834
5842	0.00909
5843	0.01097
5844	0.01286
5845	0.01337
5846	0.01414
5847	0.01674
5848	0.01850
5849	0.01789
5850	0.01842
5851	0.02081
5852	0.02225
5853	0.02250
5854	0.02125
5855	0.01810
5856	0.01482
5857	0.01245
5858	0.00854
5859	0.00151
5860	-0.00443
5861	-0.00410
5862	0.00098
5863	0.00249
5864	-0.00462
5865	-0.01260
5866	-0.01616
5867	-0.01937
5868	-0.01490
5869	0.00583
5870	0.02843
5871	-0.03354
5872	-0.02501
5873	0.34671
5874	-0.00439
5875	-0.61546
5876	-0.13012
5877	0.21271
5878	0.27464
5879	0.45152
5880	-0.22914
5881	-0.59346
5882	-0.07086
5883	0.19841
5884	-0.03748
5885	-0.28738
5886	-0.28497
5887	-0.30102
5888	-0.40748
5889	-0.47364
5890	-0.51272
5891	-0.53093
5892	-0.53007
5893	-0.44447
5894	-0.33596
5895	-0.34576
5896	-0.33090
5897	-0.26415
5898	-0.23857
5899	-0.24087
5900	-0.26309
5901	-0.28443
5902	-0.32013
5903	-0.35302
5904	-0.30215
5905	-0.20854
5906	-0.09840
5907	-0.00826
5908	-0.04343
5909	-0.14486
5910	-0.14124
5911	-0.05797
5912	-0.07093
5913	-0.15277
5914	-0.19605
5915	-0.20510
5916	-0.22516
5917	-0.26044
5918	-0.32857
5919	-0.47333
5920	-0.63094
5921	-0.67692
5922	-0.72129
5923	-0.83240
5924	-0.74461
5925	-0.30043
5926	0.24451
5927	0.61271
5928	0.90763
5929	1.39628
5930	2.14381
5931	2.68150
5932	3.12038
5933	4.05565
5934	4.65515
5935	3.74224
5936	2.85575
5937	2.85065
5938	1.94445
5939	1.03548
5940	1.00614
5941	-0.24030
5942	-0.12500
5943	0.07692
5944	0.14219
5945	0.07749
5946	0.02541
5947	0.01140
5948	0.00904
5949	0.00992
5950	0.01299
5951	0.01525
5952	0.01585
5953	0.01693
5954	0.01971
5955	0.02325
5956	0.02544
5957	0.02484
5958	0.02075
5959	0.01593
5960	0.01446
5961	0.01655
5962	0.01917
5963	0.02032
5964	0.01912
5965	0.01497
5966	0.00746
5967	-0.00472
5968	-0.02051
5969	-0.02752
5970	-0.01543
5971	-0.00158
5972	-0.00057
5973	-0.00399
5974	-0.00964
5975	-0.01813
5976	-0.01802
5977	0.01377
5978	0.07622
5979	-0.44607
5980	-0.15497
5981	0.22242
5982	-0.17509
5983	-0.30822
5984	0.30030
5985	0.06531
5986	0.34214
5987	0.86866
5988	0.58482
5989	-0.00967
5990	-0.04891
5991	0.02330
5992	-0.18230
5993	-0.33448
5994	-0.17974
5995	-0.00857
5996	-0.11752
5997	-0.18585
5998	-0.13420
5999	-0.14570
6000	-0.13961
6001	-0.09543
6002	-0.10723
6003	-0.14078
6004	-0.11594
6005	-0.11291
6006	-0.13061
6007	-0.12600
6008	-0.11791
6009	-0.14121
6010	-0.18981
6011	-0.21366
6012	-0.21346
6013	-0.20875
6014	-0.24920
6015	-0.29725
6016	-0.33616
6017	-0.39485
6018	-0.46910
6019	-0.61870
6020	-0.76177
6021	-0.79376
6022	-0.79915
6023	-0.88851
6024	-1.03683
6025	-1.21653
6026	-1.31241
6027	-1.27062
6028	-1.25672
6029	-1.30594
6030	-1.36715
6031	-1.25858
6032	-0.95668
6033	-0.43825
6034	0.22526
6035	0.96350
6036	1.65817
6037	2.27519
6038	2.50783
6039	2.94510
6040	4.15098
6041	4.66104
6042	3.92693
6043	3.48363
6044	3.45031
6045	2.38756
6046	1.29106
6047	0.83502
6048	-0.26463
6049	-0.18066
6050	0.01872
6051	0.13914
6052	0.09571
6053	0.03055
6054	0.01000
6055	0.00596
6056	0.00645
6057	0.01260
6058	0.01965
6059	0.02291
6060	0.02294
6061	0.02142
6062	0.01995
6063	0.01911
6064	0.01817
6065	0.01785
6066	0.01861
6067	0.01912
6068	0.01866
6069	0.01722
6070	0.01459
6071	0.01151
6072	0.00856
6073	0.00490
6074	-0.00016
6075	-0.00514
6076	-0.00665
6077	-0.00361
6078	-0.00003
6079	0.00023
6080	-0.00152
6081	-0.00573
6082	-0.01536
6083	-0.02735
6084	-0.02811
6085	-0.00887
6086	0.00428
6087	-0.01644
6088	0.15428
6089	-0.12037
6090	-0.54299
6091	-0.67632
6092	-0.04573
6093	0.12672
6094	0.09577
6095	0.37128
6096	-0.05143
6097	-0.52089
6098	-0.04613
6099	0.16584
6100	-0.03512
6101	-0.24003
6102	-0.31086
6103	-0.29565
6104	-0.45265
6105	-0.58301
6106	-0.52444
6107	-0.46299
6108	-0.43268
6109	-0.36813
6110	-0.28501
6111	-0.23911
6112	-0.19835
6113	-0.19112
6114	-0.19668
6115	-0.13825
6116	-0.07125
6117	-0.05979
6118	-0.07202
6119	-0.02381
6120	0.07036
6121	0.13300
6122	0.12707
6123	0.08158
6124	0.03818
6125	0.01571
6126	0.02121
6127	0.00131
6128	-0.06806
6129	-0.15063
6130	-0.27312
6131	-0.52080
6132	-0.79087
6133	-0.91343
6134	-0.96981
6135	-1.07977
6136	-1.18819
6137	-1.20263
6138	-1.19930
6139	-1.20734
6140	-1.12935
6141	-0.84202
6142	-0.29501
6143	0.36897
6144	0.86431
6145	1.31192
6146	1.94608
6147	2.54369
6148	3.39861
6149	4.33360
6150	4.32459
6151	4.04641
6152	3.98698
6153	3.38713
6154	2.26472
6155	1.75353
6156	1.34170
6157	0.00537
6158	-0.16738
6159	-0.01180
6160	0.11659
6161	0.11596
6162	0.05882
6163	0.02114
6164	0.00942
6165	0.00699
6166	0.00621
6167	0.00649
6168	0.00869
6169	0.01442
6170	0.02273
6171	0.02812
6172	0.02733
6173	0.02232
6174	0.01658
6175	0.01269
6176	0.01273
6177	0.01699
6178	0.02156
6179	0.02293
6180	0.02134
6181	0.01773
6182	0.01257
6183	0.00524
6184	-0.00598
6185	-0.01801
6186	-0.01975
6187	-0.00775
6188	0.00060
6189	-0.00383
6190	-0.01097
6191	-0.01795
6192	-0.02561
6193	-0.02490
6194	0.00239
6195	0.05417
6196	-0.19155
6197	-0.33667
6198	-0.01139
6199	-0.33603
6200	-0.34216
6201	0.29440
6202	0.17892
6203	0.25646
6204	0.53466
6205	0.10865
6206	-0.24167
6207	-0.10914
6208	0.02009
6209	-0.14637
6210	-0.29624
6211	-0.25770
6212	-0.24985
6213	-0.36365
6214	-0.43337
6215	-0.36888
6216	-0.36166
6217	-0.33492
6218	-0.24377
6219	-0.16807
6220	-0.11105
6221	-0.10799
6222	-0.14281
6223	-0.15715
6224	-0.11650
6225	-0.05619
6226	-0.01700
6227	-0.03424
6228	-0.11131
6229	-0.13049
6230	-0.04607
6231	0.01649
6232	-0.07457
6233	-0.26517
6234	-0.42806
6235	-0.43287
6236	-0.42701
6237	-0.54864
6238	-0.74702
6239	-0.94336
6240	-1.09138
6241	-1.21871
6242	-1.22627
6243	-1.21614
6244	-1.23922
6245	-1.28356
6246	-1.37539
6247	-1.41456
6248	-1.30251
6249	-0.94409
6250	-0.36600
6251	0.29545
6252	0.86983
6253	1.32002
6254	1.88970
6255	2.61203
6256	3.13916
6257	3.80589
6258	4.60447
6259	4.82445
6260	4.37402
6261	3.87619
6262	3.04334
6263	1.98245
6264	1.55694
6265	1.05242
6266	-0.20586
6267	-0.13373
6268	0.00598
6269	0.08543
6270	0.07193
6271	0.03710
6272	0.01861
6273	0.01210
6274	0.01037
6275	0.01105
6276	0.01372
6277	0.01863
6278	0.02408
6279	0.02754
6280	0.02860
6281	0.02681
6282	0.02284
6283	0.01941
6284	0.01670
6285	0.01440
6286	0.01506
6287	0.01968
6288	0.02500
6289	0.02702
6290	0.02531
6291	0.02152
6292	0.01597
6293	0.00750
6294	-0.00309
6295	-0.01105
6296	-0.01000
6297	-0.00236
6298	0.00008
6299	-0.00639
6300	-0.01380
6301	-0.01975
6302	-0.02217
6303	-0.00815
6304	0.02381
6305	0.03791
6306	-0.05671
6307	-0.09091
6308	-0.09655
6309	-0.52715
6310	-0.21889
6311	0.15904
6312	0.15015
6313	0.63840
6314	0.39631
6315	-0.35162
6316	-0.25414
6317	0.07979
6318	0.01008
6319	-0.23848
6320	-0.24013
6321	-0.15454
6322	-0.25848
6323	-0.43254
6324	-0.39256
6325	-0.37708
6326	-0.43377
6327	-0.34926
6328	-0.20587
6329	-0.17099
6330	-0.16226
6331	-0.14060
6332	-0.16958
6333	-0.18963
6334	-0.15571
6335	-0.14235
6336	-0.16047
6337	-0.19136
6338	-0.19373
6339	-0.18971
6340	-0.21998
6341	-0.24630
6342	-0.24444
6343	-0.25730
6344	-0.29476
6345	-0.26831
6346	-0.19583
6347	-0.11168
6348	-0.09508
6349	-0.18285
6350	-0.32137
6351	-0.49482
6352	-0.72981
6353	-0.98753
6354	-1.11323
6355	-1.15272
6356	-1.12528
6357	-1.13951
6358	-1.12843
6359	-0.81609
6360	-0.20207
6361	0.43108
6362	1.07421
6363	1.72308
6364	2.16821
6365	2.74602
6366	3.75131
6367	4.25274
6368	3.52163
6369	3.13142
6370	2.83094
6371	1.54227
6372	0.58708
6373	0.19637
6374	-0.17901
6375	-0.10424
6376	0.00382
6377	0.05604
6378	0.05191
6379	0.03637
6380	0.02393
6381	0.01457
6382	0.01000
6383	0.00906
6384	0.00865
6385	0.00802
6386	0.00925
6387	0.01355
6388	0.01763
6389	0.01772
6390	0.01520
6391	0.01293
6392	0.01190
6393	0.01236
6394	0.01402
6395	0.01559
6396	0.01664
6397	0.01697
6398	0.01608
6399	0.01466
6400	0.01324
6401	0.01056
6402	0.00681
6403	0.00430
6404	0.00186
6405	-0.00070
6406	0.00057
6407	-0.00060
6408	-0.01254
6409	-0.02675
6410	-0.03292
6411	-0.02784
6412	-0.01537
6413	-0.00344
6414	-0.00113
6415	-0.01490
6416	0.11543
6417	0.41008
6418	0.03894
6419	-0.67933
6420	-0.51760
6421	-0.06691
6422	0.04304
6423	0.21902
6424	0.39008
6425	0.07446
6426	-0.03596
6427	0.05440
6428	-0.09806
6429	-0.16498
6430	-0.21315
6431	-0.35002
6432	-0.45334
6433	-0.56314
6434	-0.63599
6435	-0.59679
6436	-0.54185
6437	-0.50128
6438	-0.42997
6439	-0.37542
6440	-0.36439
6441	-0.31833
6442	-0.26428
6443	-0.24133
6444	-0.21809
6445	-0.22341
6446	-0.21295
6447	-0.13327
6448	-0.00880
6449	0.09019
6450	0.12957
6451	0.17434
6452	0.24476
6453	0.27153
6454	0.28042
6455	0.31586
6456	0.30072
6457	0.24111
6458	0.15158
6459	0.05666
6460	-0.03852
6461	-0.23629
6462	-0.52910
6463	-0.72844
6464	-0.75668
6465	-0.82362
6466	-0.94395
6467	-0.99811
6468	-0.92864
6469	-0.63964
6470	-0.18802
6471	0.25750
6472	0.81474
6473	1.64156
6474	2.30939
6475	2.88636
6476	4.34194
6477	5.24270
6478	4.23879
6479	3.67662
6480	3.79496
6481	2.31494
6482	0.29991
6483	-0.13578
6484	-0.12330
6485	0.03538
6486	0.09711
6487	0.05603
6488	0.01987
6489	0.00918
6490	0.00765
6491	0.01157
6492	0.01636
6493	0.01971
6494	0.02238
6495	0.02465
6496	0.02577
6497	0.02499
6498	0.02291
6499	0.02121
6500	0.02112
6501	0.02225
6502	0.02246
6503	0.02117
6504	0.02062
6505	0.01975
6506	0.01571
6507	0.01218
6508	0.01048
6509	0.00515
6510	-0.00499
6511	-0.01215
6512	-0.00950
6513	-0.00043
6514	0.00345
6515	-0.00640
6516	-0.02296
6517	-0.02864
6518	-0.02008
6519	0.00084
6520	0.04111
6521	0.07150
6522	-0.27593
6523	-0.17085
6524	-0.01472
6525	-0.47684
6526	-0.18939
6527	0.17961
6528	-0.08056
6529	0.43445
6530	0.68419
6531	0.05707
6532	-0.11743
6533	0.14117
6534	0.02017
6535	-0.29431
6536	-0.36524
6537	-0.27853
6538	-0.43286
6539	-0.54961
6540	-0.49464
6541	-0.42992
6542	-0.42083
6543	-0.41590
6544	-0.35491
6545	-0.36590
6546	-0.35447
6547	-0.26525
6548	-0.15860
6549	-0.09533
6550	-0.11272
6551	-0.15148
6552	-0.16831
6553	-0.13041
6554	-0.02495
6555	0.08117
6556	0.11737
6557	0.07786
6558	0.05749
6559	0.06958
6560	0.04157
6561	-0.01912
6562	-0.06834
6563	-0.10283
6564	-0.16168
6565	-0.32605
6566	-0.56240
6567	-0.65995
6568	-0.62138
6569	-0.58658
6570	-0.64856
6571	-0.68834
6572	-0.71051
6573	-0.78181
6574	-0.73190
6575	-0.44573
6576	0.02551
6577	0.53349
6578	1.06343
6579	1.59195
6580	2.22503
6581	2.81130
6582	3.32106
6583	3.82807
6584	4.54172
6585	4.71954
6586	3.97506
6587	3.91499
6588	3.70980
6589	2.49022
6590	1.35214
6591	0.78488
6592	0.12366
6593	-0.11660
6594	0.02743
6595	0.09998
6596	0.08082
6597	0.04830
6598	0.03272
6599	0.02648
6600	0.02416
6601	0.02430
6602	0.02634
6603	0.02910
6604	0.03078
6605	0.02959
6606	0.02535
6607	0.02077
6608	0.01775
6609	0.01645
6610	0.01702
6611	0.01878
6612	0.01968
6613	0.01861
6614	0.01630
6615	0.01357
6616	0.00977
6617	0.00362
6618	-0.00553
6619	-0.01628
6620	-0.02270
6621	-0.01716
6622	-0.00454
6623	0.00022
6624	-0.00672
6625	-0.01572
6626	-0.02268
6627	-0.02836
6628	-0.02058
6629	0.00960
6630	0.02271
6631	0.14259
6632	0.22546
6633	-0.23101
6634	-0.78640
6635	-0.03785
6636	0.21824
6637	0.05943
6638	0.18879
6639	0.12926
6640	0.04669
6641	0.05486
6642	-0.01278
6643	-0.19354
6644	-0.35560
6645	-0.32475
6646	-0.31894
6647	-0.41831
6648	-0.50084
6649	-0.48066
6650	-0.43161
6651	-0.41739
6652	-0.30010
6653	-0.18609
6654	-0.15208
6655	-0.19271
6656	-0.24204
6657	-0.22136
6658	-0.15795
6659	-0.09363
6660	-0.07051
6661	-0.07159
6662	-0.04579
6663	0.01360
6664	0.07595
6665	0.08095
6666	0.03033
6667	-0.00035
6668	-0.01295
6669	-0.09502
6670	-0.21975
6671	-0.29928
6672	-0.30281
6673	-0.31575
6674	-0.39020
6675	-0.48983
6676	-0.54835
6677	-0.57591
6678	-0.63523
6679	-0.67395
6680	-0.69018
6681	-0.77101
6682	-0.82821
6683	-0.61699
6684	-0.05390
6685	0.59157
6686	1.06952
6687	1.49318
6688	2.04999
6689	2.46558
6690	2.99391
6691	3.96622
6692	4.38301
6693	4.03040
6694	3.70455
6695	3.06588
6696	1.78895
6697	1.18216
6698	0.90763
6699	-0.18945
6700	-0.10661
6701	0.03159
6702	0.09080
6703	0.06279
6704	0.03208
6705	0.01932
6706	0.01355
6707	0.01167
6708	0.01311
6709	0.01660
6710	0.02102
6711	0.02488
6712	0.02653
6713	0.02510
6714	0.02142
6715	0.01861
6716	0.01810
6717	0.01805
6718	0.01808
6719	0.01957
6720	0.02201
6721	0.02314
6722	0.02120
6723	0.01502
6724	0.00502
6725	-0.00745
6726	-0.02280
6727	-0.03430
6728	-0.02612
6729	-0.00619
6730	0.00080
6731	-0.00199
6732	-0.00586
6733	-0.01285
6734	-0.01987
6735	-0.01803
6736	0.01283
6737	0.06362
6738	-0.18985
6739	-0.25001
6740	0.04281
6741	-0.14091
6742	-0.29153
6743	0.26829
6744	0.00882
6745	0.35335
6746	0.52137
6747	-0.05941
6748	-0.18279
6749	0.11810
6750	0.16926
6751	-0.14160
6752	-0.32691
6753	-0.23926
6754	-0.18099
6755	-0.32787
6756	-0.37606
6757	-0.25233
6758	-0.28508
6759	-0.32272
6760	-0.24559
6761	-0.23834
6762	-0.26982
6763	-0.23802
6764	-0.19201
6765	-0.16494
6766	-0.14400
6767	-0.11083
6768	-0.08841
6769	-0.11870
6770	-0.15556
6771	-0.14619
6772	-0.13077
6773	-0.13204
6774	-0.12657
6775	-0.08662
6776	-0.02416
6777	-0.02758
6778	-0.13016
6779	-0.24058
6780	-0.30634
6781	-0.43478
6782	-0.60370
6783	-0.74917
6784	-0.89336
6785	-1.04432
6786	-1.17818
6787	-1.20126
6788	-1.08912
6789	-0.84526
6790	-0.62332
6791	-0.33407
6792	0.18916
6793	0.81126
6794	1.31030
6795	1.90507
6796	2.56170
6797	2.91146
6798	3.47797
6799	4.52241
6800	4.52093
6801	3.59650
6802	3.39006
6803	2.83230
6804	1.54094
6805	0.43475
6806	-0.23616
6807	-0.21456
6808	-0.05979
6809	0.11140
6810	0.13586
6811	0.07047
6812	0.02541
6813	0.01251
6814	0.01065
6815	0.01153
6816	0.01351
6817	0.01634
6818	0.01971
6819	0.02322
6820	0.02658
6821	0.02716
6822	0.02270
6823	0.01689
6824	0.01450
6825	0.01491
6826	0.01570
6827	0.01658
6828	0.01709
6829	0.01497
6830	0.01077
6831	0.00483
6832	-0.00458
6833	-0.01447
6834	-0.01658
6835	-0.00700
6836	0.00584
6837	0.00610
6838	-0.00617
6839	-0.01192
6840	-0.00678
6841	-0.00230
6842	-0.00502
6843	-0.01050
6844	-0.00893
6845	-0.00077
6846	-0.00578
6847	0.02173
6848	0.12822
6849	-0.09827
6850	-0.64375
6851	-0.67830
6852	-0.14546
6853	0.10561
6854	0.51846
6855	0.47231
6856	-0.28644
6857	-0.40955
6858	-0.06763
6859	0.02896
6860	-0.15449
6861	-0.31625
6862	-0.39856
6863	-0.46348
6864	-0.53841
6865	-0.50047
6866	-0.44676
6867	-0.47794
6868	-0.44604
6869	-0.35490
6870	-0.28576
6871	-0.23498
6872	-0.15557
6873	-0.09155
6874	-0.07988
6875	-0.09939
6876	-0.09924
6877	-0.08307
6878	-0.09060
6879	-0.10427
6880	-0.05059
6881	0.05491
6882	0.13034
6883	0.16113
6884	0.22760
6885	0.27282
6886	0.15832
6887	-0.02952
6888	-0.12556
6889	-0.19228
6890	-0.32363
6891	-0.49078
6892	-0.60640
6893	-0.69940
6894	-0.77009
6895	-0.83620
6896	-0.92486
6897	-1.03381
6898	-1.20833
6899	-1.29865
6900	-1.08737
6901	-0.59243
6902	-0.12725
6903	0.24087
6904	0.78393
6905	1.61283
6906	2.17452
6907	2.49289
6908	3.30404
6909	3.83175
6910	2.93485
6911	2.47118
6912	2.50311
6913	1.50043
6914	0.33750
6915	-0.17887
6916	-0.18465
6917	-0.11915
6918	-0.00008
6919	0.07195
6920	0.07212
6921	0.04380
6922	0.02170
6923	0.01290
6924	0.01121
6925	0.01156
6926	0.01212
6927	0.01284
6928	0.01401
6929	0.01609
6930	0.01885
6931	0.02093
6932	0.02033
6933	0.01710
6934	0.01401
6935	0.01278
6936	0.01318
6937	0.01460
6938	0.01664
6939	0.01771
6940	0.01678
6941	0.01523
6942	0.01228
6943	0.00402
6944	-0.00820
6945	-0.01661
6946	-0.01272
6947	0.00163
6948	0.00749
6949	-0.00670
6950	-0.01925
6951	-0.01593
6952	-0.01265
6953	-0.01333
6954	-0.00365
6955	0.01359
6956	0.01209
6957	-0.11711
6958	0.28103
6959	-0.12649
6960	-0.84231
6961	-0.44278
6962	0.03571
6963	0.16473
6964	0.65906
6965	0.36182
6966	-0.19081
6967	-0.01820
6968	0.29034
6969	0.05688
6970	-0.28044
6971	-0.29743
6972	-0.23216
6973	-0.26953
6974	-0.35359
6975	-0.30070
6976	-0.24710
6977	-0.27129
6978	-0.23575
6979	-0.20761
6980	-0.21737
6981	-0.20589
6982	-0.18163
6983	-0.19386
6984	-0.22688
6985	-0.23773
6986	-0.20906
6987	-0.21314
6988	-0.28595
6989	-0.34421
6990	-0.39887
6991	-0.51755
6992	-0.55005
6993	-0.49689
6994	-0.55644
6995	-0.66528
6996	-0.68332
6997	-0.63847
6998	-0.62484
6999	-0.70132
7000	-0.83665
7001	-0.97315
7002	-0.95458
7003	-0.82056
7004	-0.74588
7005	-0.72535
7006	-0.67090
7007	-0.62094
7008	-0.67593
7009	-0.72366
7010	-0.61859
7011	-0.34242
7012	0.08737
7013	0.59932
7014	1.09381
7015	1.62489
7016	2.19502
7017	3.13386
7018	4.35544
7019	4.49621
7020	3.95042
7021	3.98411
7022	3.50254
7023	1.70973
7024	1.10696
7025	0.98387
7026	-0.17089
7027	-0.12182
7028	-0.02358
7029	0.03824
7030	0.04525
7031	0.03679
7032	0.03117
7033	0.02709
7034	0.02215
7035	0.01815
7036	0.01708
7037	0.01872
7038	0.02216
7039	0.02538
7040	0.02585
7041	0.02319
7042	0.01838
7043	0.01444
7044	0.01368
7045	0.01564
7046	0.02010
7047	0.02401
7048	0.02318
7049	0.01703
7050	0.00792
7051	-0.00348
7052	-0.01795
7053	-0.03237
7054	-0.03351
7055	-0.01534
7056	0.00343
7057	0.00414
7058	-0.00792
7059	-0.01729
7060	-0.01944
7061	-0.02037
7062	-0.02018
7063	-0.00664
7064	0.01820
7065	0.01509
7066	-0.25297
7067	0.12795
7068	0.22964
7069	-0.49099
7070	-0.26102
7071	0.20276
7072	0.14313
7073	0.46255
7074	0.20633
7075	-0.32179
7076	-0.16933
7077	0.00731
7078	-0.03191
7079	-0.17491
7080	-0.25682
7081	-0.25294
7082	-0.27353
7083	-0.39051
7084	-0.43335
7085	-0.46306
7086	-0.47384
7087	-0.34852
7088	-0.24835
7089	-0.24501
7090	-0.30770
7091	-0.32796
7092	-0.28389
7093	-0.20438
7094	-0.18716
7095	-0.22364
7096	-0.17994
7097	-0.10357
7098	-0.02456
7099	0.02759
7100	0.06912
7101	0.10644
7102	0.11720
7103	0.07609
7104	0.05651
7105	0.07297
7106	0.07024
7107	0.00210
7108	-0.12278
7109	-0.25606
7110	-0.39210
7111	-0.49915
7112	-0.59521
7113	-0.72675
7114	-0.81869
7115	-0.88248
7116	-0.94415
7117	-0.97888
7118	-0.97750
7119	-0.75469
7120	-0.22273
7121	0.29920
7122	0.61806
7123	1.02799
7124	1.72092
7125	2.20984
7126	2.67063
7127	3.87337
7128	4.26347
7129	3.30965
7130	2.71850
7131	2.41315
7132	1.75667
7133	1.14288
7134	0.76612
7135	-0.23632
7136	-0.08559
7137	0.11488
7138	0.13541
7139	0.04720
7140	0.00824
7141	0.00398
7142	0.00326
7143	0.00805
7144	0.01700
7145	0.02209
7146	0.02177
7147	0.02008
7148	0.02014
7149	0.02207
7150	0.02295
7151	0.02203
7152	0.02150
7153	0.02208
7154	0.02248
7155	0.02189
7156	0.02045
7157	0.01742
7158	0.01407
7159	0.01134
7160	0.00697
7161	-0.00055
7162	-0.00802
7163	-0.00964
7164	-0.00340
7165	0.00468
7166	0.00438
7167	-0.00553
7168	-0.01229
7169	-0.01149
7170	-0.01354
7171	-0.01714
7172	-0.00894
7173	0.00602
7174	0.00655
7175	0.02361
7176	0.26337
7177	0.00601
7178	-0.53252
7179	-0.41543
7180	0.02045
7181	0.12080
7182	0.64405
7183	0.61573
7184	-0.27470
7185	-0.27822
7186	0.01394
7187	-0.11122
7188	-0.33136
7189	-0.38522
7190	-0.40156
7191	-0.48029
7192	-0.55583
7193	-0.54545
7194	-0.48586
7195	-0.52365
7196	-0.51556
7197	-0.36433
7198	-0.27691
7199	-0.27859
7200	-0.26421
7201	-0.20830
7202	-0.11173
7203	-0.01219
7204	0.00306
7205	-0.08548
7206	-0.17162
7207	-0.13562
7208	-0.03444
7209	0.03499
7210	0.01167
7211	-0.09764
7212	-0.20353
7213	-0.26312
7214	-0.25739
7215	-0.24283
7216	-0.26737
7217	-0.32523
7218	-0.35850
7219	-0.38526
7220	-0.45985
7221	-0.57132
7222	-0.72045
7223	-0.80536
7224	-0.81786
7225	-0.85978
7226	-0.99789
7227	-1.03699
7228	-0.70537
7229	-0.21915
7230	0.20079
7231	0.63886
7232	1.18742
7233	1.67247
7234	2.11769
7235	2.92718
7236	4.21221
7237	4.51056
7238	3.81899
7239	3.89478
7240	3.48659
7241	2.01886
7242	1.54540
7243	1.70514
7244	0.52175
7245	-0.17593
7246	-0.08004
7247	0.04346
7248	0.07982
7249	0.05252
7250	0.02538
7251	0.01273
7252	0.00887
7253	0.01002
7254	0.01468
7255	0.02053
7256	0.02461
7257	0.02596
7258	0.02499
7259	0.02217
7260	0.01984
7261	0.01954
7262	0.02070
7263	0.02208
7264	0.02267
7265	0.02212
7266	0.02174
7267	0.02196
7268	0.02067
7269	0.01485
7270	0.00403
7271	-0.01080
7272	-0.02850
7273	-0.03702
7274	-0.02238
7275	-0.00157
7276	0.00083
7277	-0.00745
7278	-0.01170
7279	-0.01401
7280	-0.02057
7281	-0.02856
7282	-0.02084
7283	0.01268
7284	0.03191
7285	-0.24231
7286	0.25238
7287	0.27735
7288	-0.57003
7289	-0.09497
7290	0.27280
7291	0.06819
7292	0.36295
7293	-0.02026
7294	-0.41590
7295	-0.25383
7296	-0.12733
7297	-0.22735
7298	-0.47052
7299	-0.52666
7300	-0.52526
7301	-0.59872
7302	-0.68282
7303	-0.67598
7304	-0.59073
7305	-0.57574
7306	-0.47492
7307	-0.39513
7308	-0.31098
7309	-0.17780
7310	-0.11525
7311	-0.09899
7312	-0.09028
7313	-0.10358
7314	-0.07285
7315	0.10444
7316	0.32926
7317	0.40364
7318	0.33879
7319	0.28872
7320	0.29046
7321	0.30071
7322	0.28149
7323	0.20804
7324	0.11440
7325	0.05746
7326	0.03399
7327	-0.03598
7328	-0.15655
7329	-0.22934
7330	-0.27971
7331	-0.42971
7332	-0.64318
7333	-0.74844
7334	-0.74444
7335	-0.79975
7336	-0.86108
7337	-0.80445
7338	-0.46584
7339	0.08820
7340	0.58602
7341	0.93730
7342	1.45645
7343	2.16551
7344	2.55070
7345	3.23829
7346	4.24088
7347	4.42398
7348	3.88847
7349	3.88123
7350	3.22634
7351	1.70183
7352	0.93043
7353	0.59778
7354	-0.18784
7355	-0.12381
7356	0.00185
7357	0.08307
7358	0.08307
7359	0.04849
7360	0.02315
7361	0.01339
7362	0.01081
7363	0.01193
7364	0.01643
7365	0.02198
7366	0.02401
7367	0.02226
7368	0.01978
7369	0.01775
7370	0.01609
7371	0.01584
7372	0.01772
7373	0.01931
7374	0.01891
7375	0.01940
7376	0.02089
7377	0.02079
7378	0.01920
7379	0.01671
7380	0.01121
7381	0.00090
7382	-0.00990
7383	-0.01298
7384	-0.00716
7385	-0.00026
7386	0.00138
7387	-0.00233
7388	-0.00993
7389	-0.01973
7390	-0.02798
7391	-0.02482
7392	-0.00630
7393	0.00353
7394	-0.09626
7395	-0.07794
7396	0.00022
7397	-0.44472
7398	-0.59379
7399	0.15331
7400	0.17129
7401	0.26248
7402	0.35328
7403	-0.19172
7404	-0.30636
7405	-0.08067
7406	-0.03148
7407	-0.12603
7408	-0.21660
7409	-0.31590
7410	-0.36870
7411	-0.40725
7412	-0.46068
7413	-0.42621
7414	-0.43877
7415	-0.42942
7416	-0.34439
7417	-0.32002
7418	-0.33855
7419	-0.26185
7420	-0.16464
7421	-0.13714
7422	-0.12997
7423	-0.12910
7424	-0.16390
7425	-0.19576
7426	-0.17758
7427	-0.09279
7428	-0.01732
7429	0.01493
7430	-0.00189
7431	-0.00360
7432	0.07253
7433	0.15267
7434	0.11382
7435	0.03510
7436	0.00221
7437	-0.03292
7438	-0.14740
7439	-0.36930
7440	-0.71055
7441	-1.02886
7442	-1.20808
7443	-1.26238
7444	-1.28685
7445	-1.33490
7446	-1.33367
7447	-1.24319
7448	-0.91315
7449	-0.34840
7450	0.30863
7451	0.84523
7452	1.32112
7453	1.85013
7454	2.34843
7455	3.15099
7456	4.02731
7457	3.88520
7458	3.61602
7459	3.57516
7460	2.55285
7461	1.42913
7462	1.16165
7463	0.43475
7464	-0.18257
7465	-0.04232
7466	0.08570
7467	0.08746
7468	0.04125
7469	0.01800
7470	0.01049
7471	0.00845
7472	0.01076
7473	0.01459
7474	0.01808
7475	0.02071
7476	0.02266
7477	0.02536
7478	0.02832
7479	0.02797
7480	0.02426
7481	0.02110
7482	0.01930
7483	0.01906
7484	0.02070
7485	0.02211
7486	0.02034
7487	0.01585
7488	0.01001
7489	0.00258
7490	-0.00644
7491	-0.01534
7492	-0.01939
7493	-0.01432
7494	-0.00409
7495	0.00475
7496	0.00865
7497	0.00223
7498	-0.01140
7499	-0.01896
7500	-0.00350
7501	0.05035
7502	0.04970
7503	-0.30700
7504	-0.31139
7505	-0.12655
7506	0.51782
7507	0.99152
7508	0.03446
7509	-0.35263
7510	0.01062
7511	0.57048
7512	0.12789
7513	-0.33426
7514	-0.26120
7515	-0.20098
7516	-0.36872
7517	-0.52499
7518	-0.38770
7519	-0.42057
7520	-0.45682
7521	-0.33981
7522	-0.35404
7523	-0.40206
7524	-0.35748
7525	-0.27628
7526	-0.22077
7527	-0.22145
7528	-0.24950
7529	-0.20524
7530	-0.07607
7531	0.07867
7532	0.18878
7533	0.32652
7534	0.46142
7535	0.47644
7536	0.37501
7537	0.26627
7538	0.30580
7539	0.40250
7540	0.44880
7541	0.43501
7542	0.48423
7543	0.57246
7544	0.56985
7545	0.45149
7546	0.24545
7547	0.16407
7548	0.27741
7549	0.52202
7550	0.74017
7551	0.90364
7552	1.28293
7553	1.97654
7554	2.68462
7555	3.37141
7556	4.50274
7557	5.41331
7558	4.59066
7559	4.22939
7560	5.28761
7561	3.55620
7562	1.03630
7563	0.92775
7564	-0.18080
7565	0.04191
7566	0.16458
7567	0.11762
7568	0.05816
7569	0.03864
7570	0.04282
7571	0.06072
7572	0.07111
7573	0.06642
7574	0.05672
7575	0.04888
7576	0.04128
7577	0.03217
7578	0.02624
7579	0.02670
7580	0.02947
7581	0.02776
7582	0.02491
7583	0.02292
7584	0.01850
7585	0.01058
7586	0.00113
7587	-0.00798
7588	-0.01108
7589	-0.00236
7590	0.00257
7591	-0.00424
7592	0.00045
7593	0.00982
7594	0.00658
7595	-0.00565
7596	-0.01075
7597	0.01070
7598	0.04738
7599	-0.42769
7600	-0.65822
7601	-0.16488
7602	0.21117
7603	0.46451
7604	-0.84809
7605	-2.14921
7606	-2.64249
7607	-2.34354
7608	-2.08154
7609	-2.39935
7610	-2.50821
7611	-2.56833
7612	-3.04478
7613	-3.15841
7614	-2.89528
7615	-2.59359
7616	-2.09480
7617	-1.39582
7618	-0.80123
7619	-0.19069
7620	0.63006
7621	1.60888
7622	2.61513
7623	3.52992
7624	4.58732
7625	5.63333
7626	6.86319
7627	8.22513
7628	8.60138
7629	8.50092
7630	8.75961
7631	7.78621
7632	6.59253
7633	6.05099
7634	4.50457
7635	3.35958
7636	3.01113
7637	2.09317
7638	0.87942
7639	0.37788
7640	-0.04608
7641	-0.00561
7642	0.07633
7643	0.12005
7644	0.10144
7645	0.06688
7646	0.04372
7647	0.04752
7648	0.07781
7649	0.10243
7650	0.10188
7651	0.08837
7652	0.07342
7653	0.05934
7654	0.04991
7655	0.04694
7656	0.04463
7657	0.03768
7658	0.02987
7659	0.02572
7660	0.02550
7661	0.02752
7662	0.02792
7663	0.02406
7664	0.01836
7665	0.01438
7666	0.01382
7667	0.01749
7668	0.02205
7669	0.01573
7670	0.00105
7671	-0.00639
7672	-0.00675
7673	0.00045
7674	-0.00423
7675	-0.01946
7676	-0.01732
7677	-0.01544
7678	-0.01485
7679	0.01529
7680	0.08606
7681	-0.14572
7682	-1.05404
7683	-0.27948
7684	0.13247
7685	-0.42204
7686	-1.88354
7687	-1.93739
7688	-2.34994
7689	-2.97971
7690	-2.99970
7691	-3.00071
7692	-2.63438
7693	-2.96540
7694	-3.04574
7695	-2.70578
7696	-2.30179
7697	-1.57978
7698	-0.61140
7699	0.60114
7700	2.40007
7701	4.46840
7702	6.15626
7703	7.28734
7704	7.68229
7705	8.08823
7706	8.03237
7707	7.41909
7708	6.69847
7709	5.34607
7710	4.07815
7711	3.57370
7712	2.90054
7713	1.73257
7714	0.70424
7715	0.34811
7716	-0.06692
7717	-0.04233
7718	0.01473
7719	0.07426
7720	0.08458
7721	0.05920
7722	0.03476
7723	0.03230
7724	0.05512
7725	0.07875
7726	0.08174
7727	0.07356
7728	0.06849
7729	0.06728
7730	0.06720
7731	0.06547
7732	0.05789
7733	0.04664
7734	0.03757
7735	0.03117
7736	0.02574
7737	0.02162
7738	0.01972
7739	0.01951
7740	0.02089
7741	0.02608
7742	0.03397
7743	0.03886
7744	0.03350
7745	0.01672
7746	0.00180
7747	-0.00298
7748	-0.00228
7749	0.00229
7750	-0.00886
7751	-0.02926
7752	-0.01909
7753	0.05451
7754	0.20390
7755	-0.92607
7756	-1.20872
7757	-0.01481
7758	-0.27147
7759	-0.60369
7760	-1.53844
7761	-2.25865
7762	-2.91776
7763	-3.52277
7764	-3.33100
7765	-3.88181
7766	-3.94730
7767	-3.91895
7768	-3.56979
7769	-3.19814
7770	-2.78721
7771	-1.11826
7772	1.09630
7773	3.38539
7774	5.55519
7775	7.08906
7776	7.98823
7777	8.38235
7778	8.28409
7779	8.47422
7780	8.14985
7781	7.21177
7782	6.39680
7783	5.32370
7784	3.92323
7785	2.95067
7786	1.81694
7787	0.66711
7788	0.18609
7789	-0.02968
7790	0.05211
7791	0.09642
7792	0.07542
7793	0.03512
7794	0.00407
7795	0.00237
7796	0.03764
7797	0.07758
7798	0.09492
7799	0.09649
7800	0.09199
7801	0.08257
7802	0.07375
7803	0.06881
7804	0.06512
7805	0.06168
7806	0.05747
7807	0.04900
7808	0.03878
7809	0.03142
7810	0.02586
7811	0.02157
7812	0.02018
7813	0.02424
7814	0.03571
7815	0.04692
7816	0.04190
7817	0.01929
7818	0.00216
7819	-0.00085
7820	0.00197
7821	-0.00015
7822	-0.02363
7823	-0.04128
7824	-0.02888
7825	0.02686
7826	0.12814
7827	0.07697
7828	-0.88293
7829	-0.20357
7830	0.00269
7831	-0.50688
7832	-1.87632
7833	-3.15156
7834	-3.30108
7835	-3.57852
7836	-3.42636
7837	-3.73331
7838	-3.73776
7839	-3.52371
7840	-3.57245
7841	-3.35585
7842	-2.58706
7843	-0.90426
7844	1.58770
7845	4.52353
7846	7.45013
7847	8.99427
7848	8.91979
7849	8.82573
7850	8.37697
7851	8.72636
7852	8.56324
7853	7.31143
7854	6.18955
7855	4.61240
7856	2.92807
7857	1.97929
7858	0.95604
7859	-0.11225
7860	-0.04315
7861	0.04761
7862	0.08522
7863	0.06347
7864	0.03071
7865	0.00787
7866	0.00562
7867	0.03301
7868	0.07582
7869	0.10169
7870	0.09893
7871	0.08100
7872	0.06177
7873	0.04947
7874	0.04757
7875	0.05413
7876	0.06040
7877	0.05833
7878	0.05007
7879	0.04161
7880	0.03581
7881	0.03425
7882	0.03405
7883	0.03224
7884	0.03205
7885	0.03730
7886	0.04101
7887	0.02635
7888	0.00364
7889	-0.00448
7890	-0.00526
7891	0.00281
7892	-0.00050
7893	-0.01327
7894	-0.00984
7895	-0.00890
7896	0.01210
7897	0.10294
7898	0.10998
7899	-0.96265
7900	-0.16300
7901	0.26797
7902	-0.34800
7903	-2.54740
7904	-3.08163
7905	-2.69708
7906	-3.65077
7907	-3.54519
7908	-3.45490
7909	-3.38422
7910	-3.74568
7911	-3.63988
7912	-3.18477
7913	-2.56843
7914	-1.01556
7915	1.22893
7916	3.70178
7917	6.43754
7918	8.35175
7919	9.18071
7920	9.45884
7921	8.82617
7922	8.92414
7923	8.62787
7924	7.20686
7925	6.07920
7926	4.52932
7927	2.65767
7928	2.18275
7929	1.06434
7930	-0.11304
7931	-0.03896
7932	0.07589
7933	0.13254
7934	0.10228
7935	0.05413
7936	0.01903
7937	0.00045
7938	0.01652
7939	0.06502
7940	0.10234
7941	0.10382
7942	0.09074
7943	0.07974
7944	0.06790
7945	0.05503
7946	0.04520
7947	0.03893
7948	0.03432
7949	0.03040
7950	0.02752
7951	0.02516
7952	0.02305
7953	0.02122
7954	0.01988
7955	0.02130
7956	0.02637
7957	0.02622
7958	0.01424
7959	0.00139
7960	-0.00556
7961	-0.00672
7962	0.00070
7963	0.00295
7964	0.00271
7965	-0.00272
7966	-0.00715
7967	0.02692
7968	0.09541
7969	0.02441
7970	-0.36845
7971	0.30002
7972	-0.86336
7973	-1.39892
7974	-1.57157
7975	-1.71046
7976	-2.78844
7977	-3.30423
7978	-3.68795
7979	-4.11597
7980	-4.09709
7981	-4.13832
7982	-3.25216
7983	-2.45246
7984	-1.26905
7985	0.80044
7986	3.23833
7987	5.88340
7988	8.55941
7989	9.43858
7990	9.46337
7991	9.37532
7992	8.62454
7993	8.35327
7994	8.12865
7995	7.05849
7996	5.35817
7997	3.67141
7998	2.78371
7999	1.87493
8000	0.61122
8001	-0.08655
8002	0.00611
8003	0.11034
8004	0.13414
8005	0.08987
8006	0.04255
8007	0.00833
8008	-0.00323
8009	0.02381
8010	0.07297
8011	0.10036
8012	0.09692
8013	0.08481
8014	0.07490
8015	0.06684
8016	0.06193
8017	0.06133
8018	0.06117
8019	0.05496
8020	0.04281
8021	0.03100
8022	0.02275
8023	0.02222
8024	0.02833
8025	0.03514
8026	0.04200
8027	0.04729
8028	0.04599
8029	0.03444
8030	0.01335
8031	0.00035
8032	0.00323
8033	0.01115
8034	0.01091
8035	-0.00203
8036	-0.00769
8037	0.00040
8038	0.04040
8039	0.10389
8040	-0.22866
8041	-0.74082
8042	0.06849
8043	0.22493
8044	-1.54995
8045	-3.44304
8046	-3.11403
8047	-3.45665
8048	-3.74077
8049	-4.01589
8050	-4.37235
8051	-4.48299
8052	-4.86595
8053	-4.08037
8054	-3.15306
8055	-1.50627
8056	0.94726
8057	3.35712
8058	5.69640
8059	7.98841
8060	9.03044
8061	9.45078
8062	8.76955
8063	8.11168
8064	8.31390
8065	7.59122
8066	6.37790
8067	5.09815
8068	3.43362
8069	2.18426
8070	1.18648
8071	0.30823
8072	-0.06338
8073	0.01052
8074	0.09037
8075	0.10530
8076	0.07009
8077	0.02853
8078	-0.00157
8079	0.00179
8080	0.04652
8081	0.10010
8082	0.12321
8083	0.11341
8084	0.09077
8085	0.07178
8086	0.06304
8087	0.06029
8088	0.05432
8089	0.04463
8090	0.03699
8091	0.03085
8092	0.02428
8093	0.01950
8094	0.01982
8095	0.02397
8096	0.02691
8097	0.02921
8098	0.03358
8099	0.03581
8100	0.02821
8101	0.01197
8102	0.00067
8103	0.00154
8104	0.00799
8105	0.01102
8106	-0.00598
8107	-0.02112
8108	-0.01297
8109	0.01173
8110	0.06104
8111	0.06487
8112	-0.77143
8113	-0.26852
8114	0.16252
8115	-0.30645
8116	-1.61237
8117	-1.97953
8118	-1.48082
8119	-2.66170
8120	-2.88420
8121	-3.11234
8122	-3.13950
8123	-3.16278
8124	-3.39398
8125	-3.13817
8126	-2.58753
8127	-1.34258
8128	0.52377
8129	2.81595
8130	5.61276
8131	8.43817
8132	9.33609
8133	8.94442
8134	8.29457
8135	8.48665
8136	8.54066
8137	7.35987
8138	5.97039
8139	4.22817
8140	2.62419
8141	1.82695
8142	1.15926
8143	0.34060
8144	-0.10007
8145	-0.01336
8146	0.08807
8147	0.10892
8148	0.07308
8149	0.03582
8150	0.01239
8151	0.01763
8152	0.05342
8153	0.09332
8154	0.10944
8155	0.10061
8156	0.08253
8157	0.06730
8158	0.05825
8159	0.05207
8160	0.04791
8161	0.04677
8162	0.04406
8163	0.03717
8164	0.02981
8165	0.02237
8166	0.01697
8167	0.01646
8168	0.02175
8169	0.03404
8170	0.04857
8171	0.04929
8172	0.03099
8173	0.00994
8174	-0.00002
8175	0.00042
8176	0.00406
8177	0.00379
8178	-0.00837
8179	-0.02084
8180	-0.01642
8181	0.01117
8182	0.08200
8183	0.10098
8184	-1.15883
8185	-0.49069
8186	0.20053
8187	-0.69670
8188	-2.27900
8189	-2.50759
8190	-2.36374
8191	-3.69495
8192	-3.65895
8193	-3.66793
8194	-3.98985
8195	-4.39547
8196	-4.34565
8197	-3.65894
8198	-2.70595
8199	-1.14405
8200	1.00226
8201	3.28221
8202	6.08673
8203	8.67140
8204	9.78294
8205	9.78113
8206	8.74944
8207	8.94050
8208	8.84511
8209	7.59209
8210	6.08021
8211	3.88284
8212	2.52163
8213	1.96190
8214	0.86393
8215	-0.08821
8216	-0.03278
8217	0.04832
8218	0.10157
8219	0.08773
8220	0.04753
8221	0.01571
8222	0.00557
8223	0.02603
8224	0.06411
8225	0.09245
8226	0.09909
8227	0.09107
8228	0.07746
8229	0.06590
8230	0.06042
8231	0.05870
8232	0.05732
8233	0.05444
8234	0.04764
8235	0.03656
8236	0.02568
8237	0.02065
8238	0.02328
8239	0.02766
8240	0.02882
8241	0.03156
8242	0.03731
8243	0.03650
8244	0.02170
8245	0.00352
8246	-0.00144
8247	0.00147
8248	0.00494
8249	-0.00656
8250	-0.02710
8251	-0.01938
8252	0.03109
8253	0.13693
8254	0.12784
8255	-0.97526
8256	-0.16939
8257	-0.06885
8258	-0.87919
8259	-1.78750
8260	-1.82048
8261	-2.28584
8262	-4.09220
8263	-3.88575
8264	-3.84304
8265	-4.04589
8266	-4.38931
8267	-4.47685
8268	-3.87350
8269	-2.51677
8270	-0.03871
8271	2.67555
8272	5.16329
8273	7.71800
8274	9.52640
8275	9.88467
8276	9.86164
8277	8.76427
8278	8.55416
8279	8.28221
8280	7.06034
8281	5.71826
8282	3.80478
8283	2.38735
8284	2.08493
8285	0.79144
8286	-0.09255
8287	0.02087
8288	0.11667
8289	0.11606
8290	0.06731
8291	0.02599
8292	-0.00919
8293	-0.02886
8294	-0.00288
8295	0.06466
8296	0.11581
8297	0.11701
8298	0.09269
8299	0.07115
8300	0.05973
8301	0.05633
8302	0.05474
8303	0.04828
8304	0.03810
8305	0.02984
8306	0.02454
8307	0.01926
8308	0.01451
8309	0.01406
8310	0.01856
8311	0.02619
8312	0.03634
8313	0.04424
8314	0.04174
8315	0.03011
8316	0.01542
8317	0.00350
8318	-0.00171
8319	-0.00108
8320	-0.00596
8321	-0.02314
8322	-0.02203
8323	0.01818
8324	0.10568
8325	0.15329
8326	-0.95881
8327	-0.76544
8328	0.18854
8329	0.14647
8330	-1.27579
8331	-2.72345
8332	-2.20800
8333	-2.89503
8334	-3.22973
8335	-3.54688
8336	-3.87393
8337	-3.78919
8338	-3.83840
8339	-3.50302
8340	-2.92500
8341	-1.80691
8342	0.05631
8343	2.21041
8344	4.59705
8345	6.91904
8346	8.37854
8347	9.07041
8348	8.56523
8349	8.44012
8350	8.72193
8351	7.74023
8352	6.60297
8353	5.34866
8354	3.64474
8355	2.65215
8356	1.54163
8357	0.33538
8358	-0.06637
8359	0.00071
8360	0.06724
8361	0.07999
8362	0.05467
8363	0.02455
8364	0.00016
8365	-0.00883
8366	0.01233
8367	0.06057
8368	0.10248
8369	0.11233
8370	0.09744
8371	0.07478
8372	0.05646
8373	0.04950
8374	0.05275
8375	0.05743
8376	0.05297
8377	0.04090
8378	0.02895
8379	0.01945
8380	0.01409
8381	0.01458
8382	0.01915
8383	0.02629
8384	0.03421
8385	0.03730
8386	0.03365
8387	0.02740
8388	0.01965
8389	0.00692
8390	-0.00757
8391	-0.00290
8392	0.01639
8393	0.01559
8394	-0.00432
8395	-0.01023
8396	0.03137
8397	0.08611
8398	-0.65802
8399	-0.74946
8400	0.01838
8401	0.03032
8402	-1.07594
8403	-2.54258
8404	-2.74197
8405	-3.47991
8406	-3.55653
8407	-3.64575
8408	-4.26945
8409	-4.40013
8410	-4.61585
8411	-4.02003
8412	-2.86444
8413	-0.95093
8414	1.61863
8415	4.11122
8416	6.35865
8417	8.51498
8418	9.42236
8419	9.45843
8420	8.60823
8421	8.14780
8422	8.55288
8423	7.62209
8424	6.16418
8425	4.52396
8426	3.12770
8427	2.03118
8428	1.08272
8429	0.30418
8430	-0.05943
8431	0.02841
8432	0.09705
8433	0.08786
8434	0.04500
8435	0.00740
8436	-0.02038
8437	-0.01330
8438	0.04155
8439	0.09652
8440	0.10896
8441	0.09545
8442	0.07822
8443	0.06187
8444	0.05144
8445	0.05023
8446	0.05356
8447	0.05352
8448	0.04783
8449	0.03928
8450	0.02951
8451	0.02009
8452	0.01449
8453	0.01400
8454	0.01814
8455	0.02682
8456	0.03682
8457	0.03822
8458	0.02513
8459	0.00895
8460	0.00163
8461	0.00030
8462	-0.00322
8463	-0.02429
8464	-0.05097
8465	-0.04417
8466	-0.01181
8467	0.03838
8468	0.11179
8469	0.05079
8470	-0.89170
8471	-0.03886
8472	-0.11009
8473	-0.58310
8474	-1.85874
8475	-2.45949
8476	-2.89306
8477	-3.59246
8478	-3.62454
8479	-4.14365
8480	-4.23918
8481	-4.34557
8482	-4.13832
8483	-3.17696
8484	-1.76312
8485	0.61745
8486	3.40932
8487	6.05691
8488	8.36062
8489	9.93095
8490	10.23885
8491	9.71765
8492	8.63279
8493	8.63178
8494	8.47052
8495	7.27841
8496	5.54018
8497	3.73110
8498	2.71083
8499	1.85645
8500	0.73989
8501	-0.09878
8502	-0.01269
8503	0.09020
8504	0.12087
8505	0.08559
8506	0.04600
8507	0.01723
8508	0.00483
8509	0.02443
8510	0.07109
8511	0.10740
8512	0.11022
8513	0.09575
8514	0.08022
8515	0.06701
8516	0.05902
8517	0.05557
8518	0.05229
8519	0.04593
8520	0.03698
8521	0.02876
8522	0.02310
8523	0.02117
8524	0.02370
8525	0.02982
8526	0.03733
8527	0.04251
8528	0.03933
8529	0.02529
8530	0.00840
8531	0.00048
8532	0.00069
8533	0.00149
8534	-0.01087
8535	-0.03380
8536	-0.02435
8537	0.04015
8538	0.15381
8539	0.12113
8540	-0.89781
8541	-0.07068
8542	-0.31517
8543	-0.71630
8544	-1.54521
8545	-2.40429
8546	-2.72402
8547	-3.44147
8548	-3.46193
8549	-3.87724
8550	-3.95098
8551	-4.32951
8552	-4.19602
8553	-3.26243
8554	-2.02966
8555	0.11650
8556	2.81903
8557	5.44234
8558	8.04628
8559	9.35916
8560	9.69531
8561	9.85324
8562	8.71228
8563	8.29977
8564	7.96623
8565	6.60135
8566	5.20511
8567	3.67094
8568	2.19018
8569	1.40160
8570	0.52197
8571	-0.06537
8572	0.02841
8573	0.11069
8574	0.11033
8575	0.06666
8576	0.02750
8577	-0.00388
8578	-0.01896
8579	0.00321
8580	0.06004
8581	0.10964
8582	0.11859
8583	0.09682
8584	0.06966
8585	0.04991
8586	0.03985
8587	0.03781
8588	0.04035
8589	0.04203
8590	0.03952
8591	0.03388
8592	0.02427
8593	0.01363
8594	0.00901
8595	0.01415
8596	0.02754
8597	0.03800
8598	0.03364
8599	0.01872
8600	0.00644
8601	0.00111
8602	-0.00001
8603	-0.00038
8604	-0.01100
8605	-0.03499
8606	-0.04456
8607	-0.03103
8608	0.00890
8609	0.10026
8610	0.09997
8611	-0.80664
8612	-0.10518
8613	-0.41657
8614	-1.48977
8615	-2.39532
8616	-2.43025
8617	-2.98152
8618	-3.88436
8619	-3.66422
8620	-4.00179
8621	-4.34767
8622	-4.89331
8623	-4.29334
8624	-2.72200
8625	-0.98290
8626	1.49158
8627	4.41867
8628	7.61206
8629	10.66523
8630	11.58901
8631	11.02276
8632	10.77689
8633	9.31528
8634	8.96551
8635	8.60390
8636	6.86748
8637	5.42541
8638	3.44935
8639	2.08278
8640	1.46908
8641	-0.09975
8642	-0.04418
8643	0.04315
8644	0.11188
8645	0.10930
8646	0.07571
8647	0.04603
8648	0.02362
8649	0.01379
8650	0.02533
8651	0.05825
8652	0.09371
8653	0.10853
8654	0.10018
8655	0.08479
8656	0.07331
8657	0.06718
8658	0.06534
8659	0.06474
8660	0.06221
8661	0.05587
8662	0.04688
8663	0.04001
8664	0.03765
8665	0.03784
8666	0.03553
8667	0.03058
8668	0.02699
8669	0.02572
8670	0.02382
8671	0.01691
8672	0.00515
8673	-0.00040
8674	0.00777
8675	0.01769
8676	0.00983
8677	-0.00873
8678	0.02017
8679	0.16127
8680	0.25393
8681	-1.08932
8682	-0.46113
8683	0.09702
8684	-1.74388
8685	-2.06577
8686	-2.86487
8687	-3.12559
8688	-3.97395
8689	-4.19554
8690	-4.32399
8691	-4.71761
8692	-5.04007
8693	-4.71499
8694	-3.43719
8695	-1.96125
8696	0.62313
8697	3.47563
8698	5.92869
8699	8.53108
8700	10.03323
8701	10.02975
8702	10.09070
8703	9.54794
8704	8.21426
8705	7.89148
8706	6.81554
8707	5.19741
8708	3.94799
8709	2.14807
8710	1.24722
8711	0.36272
8712	-0.03608
8713	0.06415
8714	0.11526
8715	0.09108
8716	0.04919
8717	0.01163
8718	-0.02114
8719	-0.03003
8720	0.00839
8721	0.07968
8722	0.12896
8723	0.12787
8724	0.09712
8725	0.06577
8726	0.04864
8727	0.04456
8728	0.04654
8729	0.04828
8730	0.04507
8731	0.03677
8732	0.02857
8733	0.02329
8734	0.02124
8735	0.02240
8736	0.02343
8737	0.02287
8738	0.02542
8739	0.03565
8740	0.04481
8741	0.03072
8742	0.00542
8743	0.00042
8744	0.00316
8745	0.00613
8746	-0.00431
8747	-0.01817
8748	-0.00848
8749	0.01347
8750	0.07472
8751	0.13810
8752	-1.10764
8753	-0.48203
8754	0.32060
8755	-0.96340
8756	-2.87841
8757	-3.32249
8758	-2.33188
8759	-3.11826
8760	-3.73679
8761	-4.06667
8762	-4.41152
8763	-4.76317
8764	-4.56098
8765	-3.44479
8766	-2.40922
8767	-0.53077
8768	2.07552
8769	4.51562
8770	7.06687
8771	8.98908
8772	9.57854
8773	10.03093
8774	9.00324
8775	8.46288
8776	8.30151
8777	6.81651
8778	5.61962
8779	4.33358
8780	2.81100
8781	1.91434
8782	0.71487
8783	-0.07461
8784	-0.01191
8785	0.07035
8786	0.10313
8787	0.07745
8788	0.04039
8789	0.00816
8790	-0.01339
8791	-0.00731
8792	0.03057
8793	0.07237
8794	0.09253
8795	0.09173
8796	0.08069
8797	0.06918
8798	0.06210
8799	0.05773
8800	0.05308
8801	0.04791
8802	0.04364
8803	0.04034
8804	0.03385
8805	0.02233
8806	0.01223
8807	0.01046
8808	0.02117
8809	0.03471
8810	0.03599
8811	0.02721
8812	0.01825
8813	0.01305
8814	0.00912
8815	-0.00111
8816	-0.01106
8817	-0.00408
8818	0.00873
8819	0.00626
8820	-0.00731
8821	-0.00624
8822	0.03528
8823	0.07292
8824	-0.77197
8825	-0.51570
8826	0.20948
8827	-0.45108
8828	-2.73282
8829	-3.00693
8830	-2.45304
8831	-3.43326
8832	-3.75103
8833	-4.26279
8834	-4.75559
8835	-4.73060
8836	-4.34563
8837	-3.49439
8838	-2.54638
8839	-0.88146
8840	1.59619
8841	4.30677
8842	7.19276
8843	9.81725
8844	10.81535
8845	10.72318
8846	9.63506
8847	9.16291
8848	8.77701
8849	7.52649
8850	6.02141
8851	4.51673
8852	2.69060
8853	1.97716
8854	0.96524
8855	0.07974
8856	-0.02373
8857	0.06604
8858	0.11350
8859	0.08727
8860	0.04365
8861	0.00885
8862	-0.01497
8863	-0.01157
8864	0.02871
8865	0.08120
8866	0.10967
8867	0.10763
8868	0.09121
8869	0.07207
8870	0.05666
8871	0.04738
8872	0.04306
8873	0.04316
8874	0.04454
8875	0.04208
8876	0.03656
8877	0.02925
8878	0.02146
8879	0.01746
8880	0.01998
8881	0.02851
8882	0.03727
8883	0.03650
8884	0.02190
8885	0.00545
8886	-0.00068
8887	-0.00075
8888	0.00108
8889	-0.01260
8890	-0.03686
8891	-0.03274
8892	-0.01003
8893	0.02814
8894	0.08287
8895	0.03613
8896	-0.60797
8897	-0.11286
8898	0.09885
8899	-0.50369
8900	-2.13311
8901	-2.87559
8902	-2.92998
8903	-3.37582
8904	-3.64396
8905	-4.33407
8906	-4.38620
8907	-4.28172
8908	-3.88019
8909	-3.01506
8910	-1.96413
8911	-0.15362
8912	2.41798
8913	5.25713
8914	8.11419
8915	9.79803
8916	9.97804
8917	9.81994
8918	8.86820
8919	8.46465
8920	8.13604
8921	6.98267
8922	5.65117
8923	3.99120
8924	2.49376
8925	1.82791
8926	0.93574
8927	-0.11656
8928	-0.03948
8929	0.06543
8930	0.12138
8931	0.09807
8932	0.05597
8933	0.02424
8934	0.01106
8935	0.03096
8936	0.07139
8937	0.09852
8938	0.10176
8939	0.09347
8940	0.08036
8941	0.06333
8942	0.05113
8943	0.04984
8944	0.05461
8945	0.05711
8946	0.05355
8947	0.04557
8948	0.03533
8949	0.02636
8950	0.02069
8951	0.01790
8952	0.01891
8953	0.02455
8954	0.03146
8955	0.03220
8956	0.02321
8957	0.00963
8958	-0.00003
8959	0.00059
8960	0.00691
8961	0.00063
8962	-0.01823
8963	-0.02713
8964	-0.01494
8965	0.02749
8966	0.08299
8967	-0.52975
8968	-0.73276
8969	-0.02427
8970	0.02507
8971	-0.95006
8972	-2.79100
8973	-2.80604
8974	-3.29018
8975	-3.85281
8976	-3.96067
8977	-4.31555
8978	-4.35753
8979	-4.29241
8980	-3.39965
8981	-2.34839
8982	-0.90676
8983	1.36764
8984	4.18708
8985	6.99563
8986	9.66007
8987	10.41844
8988	10.21384
8989	9.34546
8990	8.37082
8991	8.35903
8992	7.19816
8993	5.51384
8994	4.07877
8995	2.50953
8996	1.53109
8997	0.94866
8998	-0.12027
8999	-0.05993
9000	0.04499
9001	0.12148
9002	0.11158
9003	0.06769
9004	0.03298
9005	0.01669
9006	0.03080
9007	0.06718
9008	0.09466
9009	0.09872
9010	0.08825
9011	0.07294
9012	0.05856
9013	0.05095
9014	0.05343
9015	0.06261
9016	0.06788
9017	0.06169
9018	0.04973
9019	0.03801
9020	0.02801
9021	0.02370
9022	0.02472
9023	0.02676
9024	0.02880
9025	0.03197
9026	0.03038
9027	0.01744
9028	0.00288
9029	0.00057
9030	0.00440
9031	0.00622
9032	-0.00062
9033	-0.01816
9034	-0.01958
9035	0.00493
9036	0.06349
9037	0.12382
9038	-0.65614
9039	-0.45726
9040	0.20126
9041	-0.99885
9042	-2.45333
9043	-2.55344
9044	-1.97546
9045	-3.54190
9046	-3.92357
9047	-4.07219
9048	-4.52601
9049	-4.79072
9050	-4.68493
9051	-3.60125
9052	-2.21449
9053	-0.13404
9054	2.48999
9055	5.08635
9056	7.84720
9057	10.22722
9058	10.64450
9059	10.68318
9060	9.52071
9061	8.43777
9062	8.13994
9063	7.21024
9064	5.96628
9065	3.98369
9066	2.25602
9067	1.46630
9068	0.66001
9069	-0.06743
9070	0.02401
9071	0.09837
9072	0.09972
9073	0.06172
9074	0.02933
9075	0.00486
9076	-0.01152
9077	-0.00302
9078	0.03837
9079	0.08331
9080	0.10215
9081	0.09870
9082	0.08461
9083	0.06568
9084	0.05031
9085	0.04479
9086	0.04794
9087	0.05246
9088	0.05115
9089	0.04265
9090	0.03095
9091	0.01992
9092	0.01117
9093	0.00824
9094	0.01697
9095	0.03479
9096	0.04709
9097	0.04357
9098	0.02585
9099	0.00692
9100	-0.00112
9101	-0.00467
9102	-0.00230
9103	0.00098
9104	-0.02843
9105	-0.04996
9106	-0.03267
9107	-0.00182
9108	0.05092
9109	0.09221
9110	-0.70853
9111	-0.69583
9112	0.12951
9113	-0.70435
9114	-2.47998
9115	-2.77754
9116	-2.32646
9117	-3.53882
9118	-3.67722
9119	-4.28512
9120	-5.07695
9121	-4.90407
9122	-4.35815
9123	-3.15832
9124	-1.97675
9125	-0.39453
9126	2.04446
9127	4.84849
9128	7.35103
9129	9.56717
9130	10.04486
9131	9.91914
9132	8.74274
9133	8.14423
9134	8.16394
9135	6.99710
9136	5.58646
9137	3.66583
9138	2.31249
9139	1.48278
9140	0.57993
9141	-0.04622
9142	0.01017
9143	0.05967
9144	0.06787
9145	0.04557
9146	0.02029
9147	-0.00184
9148	-0.01333
9149	0.00182
9150	0.04439
9151	0.08871
9152	0.11048
9153	0.10635
9154	0.08569
9155	0.06414
9156	0.05139
9157	0.04732
9158	0.04913
9159	0.05283
9160	0.05402
9161	0.04988
9162	0.03866
9163	0.02407
9164	0.01540
9165	0.01765
9166	0.02716
9167	0.03380
9168	0.03473
9169	0.03098
9170	0.02311
9171	0.01299
9172	0.00355
9173	-0.00080
9174	0.00019
9175	0.00084
9176	-0.00276
9177	-0.00383
9178	-0.00700
9179	-0.00650
9180	0.03160
9181	0.10652
9182	-0.75875
9183	-0.83795
9184	0.09239
9185	-0.34170
9186	-2.13146
9187	-3.00168
9188	-2.71771
9189	-3.34484
9190	-3.66207
9191	-4.03842
9192	-4.74434
9193	-5.01681
9194	-4.90398
9195	-3.83688
9196	-2.59625
9197	-0.90009
9198	1.34185
9199	3.78447
9200	6.54025
9201	9.21364
9202	10.22859
9203	10.47132
9204	9.69790
9205	8.70923
9206	8.47931
9207	7.60948
9208	6.19306
9209	4.42005
9210	3.04441
9211	2.22197
9212	1.38194
9213	-0.11920
9214	-0.06848
9215	0.02857
9216	0.11688
9217	0.11982
9218	0.07443
9219	0.03338
9220	0.00253
9221	-0.00543
9222	0.02614
9223	0.07735
9224	0.10806
9225	0.10549
9226	0.08419
9227	0.06198
9228	0.04883
9229	0.04451
9230	0.04560
9231	0.04832
9232	0.04749
9233	0.04089
9234	0.03162
9235	0.02264
9236	0.01754
9237	0.01922
9238	0.02730
9239	0.03691
9240	0.04130
9241	0.03666
9242	0.02253
9243	0.00672
9244	0.00011
9245	0.00148
9246	0.00495
9247	0.00267
9248	-0.01434
9249	-0.02688
9250	-0.02561
9251	-0.01675
9252	0.00929
9253	0.04214
9254	-0.00553
9255	-0.35408
9256	-0.03776
9257	0.14874
9258	-1.33163
9259	-2.61982
9260	-2.16495
9261	-2.80739
9262	-3.56415
9263	-3.74564
9264	-4.42344
9265	-4.48807
9266	-4.47307
9267	-3.81803
9268	-2.64289
9269	-1.16633
9270	1.07871
9271	3.84134
9272	6.38518
9273	8.97248
9274	10.24897
9275	9.97668
9276	9.42334
9277	8.26045
9278	7.84525
9279	7.12740
9280	5.70924
9281	4.42694
9282	2.72669
9283	1.65068
9284	1.25941
9285	0.41261
9286	-0.06694
9287	0.02467
9288	0.10921
9289	0.11266
9290	0.07109
9291	0.03468
9292	0.01035
9293	0.01115
9294	0.04478
9295	0.08536
9296	0.10095
9297	0.09478
9298	0.08284
9299	0.06812
9300	0.05485
9301	0.04935
9302	0.05023
9303	0.05190
9304	0.05043
9305	0.04449
9306	0.03496
9307	0.02333
9308	0.01274
9309	0.00787
9310	0.01395
9311	0.02965
9312	0.04262
9313	0.04323
9314	0.03269
9315	0.01824
9316	0.00689
9317	0.00090
9318	-0.00222
9319	-0.00713
9320	-0.01916
9321	-0.02925
9322	-0.01927
9323	0.02221
9324	0.10017
9325	0.10839
9326	-0.92730
9327	-0.30044
9328	0.02901
9329	-0.24243
9330	-1.43041
9331	-2.60620
9332	-2.55427
9333	-3.74648
9334	-3.75150
9335	-4.12639
9336	-4.69519
9337	-4.69543
9338	-4.40975
9339	-3.50803
9340	-2.32877
9341	-0.61519
9342	1.70845
9343	4.42672
9344	7.39196
9345	9.79684
9346	10.18603
9347	9.82474
9348	8.57531
9349	8.08821
9350	7.81993
9351	6.38521
9352	5.43465
9353	4.01849
9354	2.31704
9355	1.59431
9356	0.69600
9357	-0.08082
9358	-0.01090
9359	0.06424
9360	0.09304
9361	0.06902
9362	0.03410
9363	0.00392
9364	-0.01772
9365	-0.01141
9366	0.03525
9367	0.09531
9368	0.12617
9369	0.11773
9370	0.08657
9371	0.05502
9372	0.03811
9373	0.03391
9374	0.03745
9375	0.04485
9376	0.05030
9377	0.04555
9378	0.03103
9379	0.01769
9380	0.01029
9381	0.00993
9382	0.01912
9383	0.03373
9384	0.04125
9385	0.03516
9386	0.02163
9387	0.00868
9388	0.00035
9389	-0.00150
9390	0.00237
9391	-0.00165
9392	-0.02248
9393	-0.03563
9394	-0.03296
9395	-0.01896
9396	0.01813
9397	0.06008
9398	-0.70418
9399	-0.37473
9400	0.07430
9401	0.05300
9402	-2.22944
9403	-3.23902
9404	-2.26788
9405	-3.03895
9406	-3.56749
9407	-3.86889
9408	-4.40584
9409	-4.38723
9410	-4.27782
9411	-3.64965
9412	-2.84246
9413	-1.76578
9414	0.26914
9415	3.13760
9416	6.45404
9417	9.39520
9418	10.45358
9419	9.98549
9420	9.22366
9421	8.88782
9422	8.87272
9423	8.23824
9424	6.68822
9425	5.11117
9426	3.15057
9427	1.95571
9428	1.10358
9429	-0.11646
9430	-0.06528
9431	0.02747
9432	0.09738
9433	0.08735
9434	0.04802
9435	0.01399
9436	-0.00761
9437	0.00258
9438	0.04480
9439	0.08635
9440	0.10571
9441	0.10555
9442	0.09147
9443	0.07148
9444	0.05671
9445	0.05216
9446	0.05616
9447	0.06268
9448	0.06283
9449	0.05253
9450	0.03736
9451	0.02406
9452	0.01596
9453	0.01486
9454	0.02163
9455	0.03321
9456	0.04058
9457	0.03844
9458	0.02952
9459	0.01618
9460	0.00211
9461	-0.00019
9462	0.00793
9463	0.01145
9464	0.00020
9465	-0.01935
9466	-0.02120
9467	0.01653
9468	0.10394
9469	0.10284
9470	-1.14305
9471	-0.21294
9472	0.10331
9473	-0.88323
9474	-2.57480
9475	-3.10858
9476	-2.80997
9477	-3.45100
9478	-3.63175
9479	-4.00506
9480	-4.02498
9481	-4.25136
9482	-4.22981
9483	-3.57670
9484	-2.53872
9485	-0.25406
9486	2.48810
9487	5.18956
9488	7.64549
9489	9.16107
9490	9.61031
9491	9.70784
9492	8.92602
9493	8.27889
9494	7.92322
9495	6.93554
9496	5.53777
9497	3.99087
9498	2.37071
9499	1.55372
9500	0.67046
9501	-0.10280
9502	-0.01132
9503	0.09180
9504	0.11185
9505	0.07339
9506	0.03308
9507	0.00213
9508	-0.01207
9509	0.00373
9510	0.04921
9511	0.09841
9512	0.12117
9513	0.10888
9514	0.07840
9515	0.05415
9516	0.04321
9517	0.04200
9518	0.04663
9519	0.05259
9520	0.05282
9521	0.04339
9522	0.02945
9523	0.01757
9524	0.01152
9525	0.01431
9526	0.02689
9527	0.04516
9528	0.05839
9529	0.05182
9530	0.02793
9531	0.00619
9532	-0.00117
9533	0.00381
9534	0.01082
9535	0.00799
9536	-0.00745
9537	-0.01180
9538	0.01349
9539	0.07972
9540	0.13260
9541	-1.15072
9542	-0.66998
9543	0.21400
9544	-0.75352
9545	-2.34801
9546	-3.23963
9547	-2.76365
9548	-2.99115
9549	-3.21966
9550	-3.88597
9551	-4.49511
9552	-4.74610
9553	-4.66344
9554	-3.53501
9555	-2.49624
9556	-0.91686
9557	1.33669
9558	3.78418
9559	6.73043
9560	9.06748
9561	9.61185
9562	9.91163
9563	9.33807
9564	8.70463
9565	8.24974
9566	6.75697
9567	5.57505
9568	4.42982
9569	2.83648
9570	1.81535
9571	1.21309
9572	-0.10291
9573	-0.03560
9574	0.05929
9575	0.10642
9576	0.08179
9577	0.04057
9578	0.00425
9579	-0.02662
9580	-0.03517
9581	-0.00092
9582	0.06239
9583	0.10715
9584	0.11010
9585	0.08846
9586	0.06383
9587	0.04691
9588	0.04098
9589	0.04450
9590	0.04976
9591	0.04878
9592	0.04069
9593	0.03051
9594	0.02233
9595	0.01708
9596	0.01580
9597	0.01970
9598	0.02788
9599	0.03548
9600	0.03824
9601	0.03515
9602	0.02440
9603	0.00638
9604	-0.00577
9605	-0.00055
9606	0.00978
9607	0.00527
9608	-0.01799
9609	-0.03652
9610	-0.02792
9611	0.01284
9612	0.05805
9613	-0.20816
9614	-0.60847
9615	-0.01882
9616	-0.07594
9617	-1.29760
9618	-2.70781
9619	-2.31446
9620	-2.42442
9621	-3.09086
9622	-3.45618
9623	-4.10093
9624	-4.10319
9625	-4.10766
9626	-3.74290
9627	-3.22333
9628	-2.16419
9629	-0.12296
9630	2.34522
9631	5.10652
9632	8.11320
9633	9.60538
9634	9.75982
9635	9.14561
9636	8.03384
9637	7.82815
9638	6.63089
9639	5.20017
9640	4.32638
9641	2.71216
9642	1.52387
9643	0.94462
9644	-0.11402
9645	-0.05165
9646	0.04161
9647	0.09418
9648	0.07408
9649	0.03039
9650	-0.01117
9651	-0.04362
9652	-0.04421
9653	-0.00182
9654	0.06142
9655	0.11033
9656	0.11864
9657	0.08829
9658	0.05445
9659	0.03919
9660	0.03907
9661	0.04943
9662	0.05760
9663	0.05418
9664	0.04347
9665	0.03063
9666	0.01980
9667	0.01592
9668	0.02407
9669	0.04167
9670	0.05463
9671	0.05182
9672	0.03398
9673	0.01308
9674	0.00164
9675	-0.00051
9676	0.00100
9677	0.00348
9678	0.00349
9679	0.00166
9680	-0.00105
9681	-0.00343
9682	0.01927
9683	0.08465
9684	0.03790
9685	-0.85909
9686	0.28052
9687	0.38708
9688	-2.53768
9689	-4.13979
9690	-2.91520
9691	-2.58556
9692	-3.34026
9693	-4.22917
9694	-5.06425
9695	-5.02682
9696	-4.78218
9697	-3.56153
9698	-2.62211
9699	-1.48561
9700	0.76207
9701	3.25279
9702	5.66687
9703	8.24387
9704	8.94260
9705	9.62519
9706	9.59599
9707	8.68501
9708	8.71435
9709	7.49502
9710	6.40696
9711	5.47107
9712	3.52677
9713	2.06698
9714	1.55432
9715	-0.09423
9716	-0.04626
9717	0.03989
9718	0.10125
9719	0.08545
9720	0.04259
9721	0.00311
9722	-0.02258
9723	-0.01475
9724	0.03114
9725	0.08780
9726	0.11836
9727	0.11499
9728	0.09177
9729	0.06561
9730	0.04980
9731	0.04780
9732	0.05537
9733	0.06213
9734	0.06076
9735	0.05339
9736	0.04134
9737	0.02807
9738	0.01955
9739	0.01847
9740	0.02584
9741	0.03770
9742	0.04563
9743	0.04217
9744	0.02899
9745	0.01475
9746	0.00456
9747	-0.00027
9748	0.00063
9749	0.00385
9750	-0.00356
9751	-0.01803
9752	0.00099
9753	0.09618
9754	0.22492
9755	-0.37546
9756	-1.04535
9757	0.19482
9758	-0.57728
9759	-1.35090
9760	-2.69474
9761	-3.12899
9762	-2.65398
9763	-2.90386
9764	-3.44310
9765	-4.18214
9766	-4.59502
9767	-4.98635
9768	-4.20775
9769	-3.27130
9770	-2.64385
9771	-0.98065
9772	1.47002
9773	4.50265
9774	7.97560
9775	9.54642
9776	10.26946
9777	10.33824
9778	8.56284
9779	8.62658
9780	7.57608
9781	5.94380
9782	5.40089
9783	3.77354
9784	2.41299
9785	1.65845
9786	0.66602
9787	-0.12530
9788	-0.02854
9789	0.09039
9790	0.12286
9791	0.08123
9792	0.03506
9793	-0.00116
9794	-0.02608
9795	-0.02003
9796	0.02754
9797	0.08630
9798	0.11330
9799	0.09905
9800	0.06611
9801	0.04178
9802	0.03284
9803	0.03511
9804	0.04447
9805	0.05114
9806	0.04849
9807	0.03861
9808	0.02562
9809	0.01366
9810	0.00519
9811	0.00201
9812	0.01026
9813	0.03329
9814	0.05559
9815	0.04937
9816	0.01697
9817	-0.00178
9818	0.00136
9819	0.00102
9820	0.00108
9821	-0.01679
9822	-0.05573
9823	-0.06041
9824	-0.03295
9825	0.00592
9826	0.06239
9827	0.03971
9828	-0.82126
9829	-0.21052
9830	0.22759
9831	-1.10182
9832	-3.52443
9833	-3.64818
9834	-2.01581
9835	-2.35922
9836	-2.93196
9837	-3.78949
9838	-4.43540
9839	-4.54330
9840	-4.04048
9841	-3.11588
9842	-2.33537
9843	-0.67609
9844	1.79075
9845	4.61113
9846	7.39101
9847	8.93624
9848	9.60701
9849	9.31133
9850	8.71434
9851	8.85201
9852	7.65631
9853	6.21257
9854	5.25016
9855	3.89235
9856	2.34894
9857	1.72967
9858	0.74538
9859	-0.09488
9860	-0.01873
9861	0.07121
9862	0.09023
9863	0.05508
9864	0.01486
9865	-0.01945
9866	-0.03228
9867	-0.00321
9868	0.05453
9869	0.09950
9870	0.11267
9871	0.10223
9872	0.07979
9873	0.06078
9874	0.05444
9875	0.05445
9876	0.05059
9877	0.04304
9878	0.03627
9879	0.03005
9880	0.02321
9881	0.01704
9882	0.01450
9883	0.01824
9884	0.02839
9885	0.03906
9886	0.04207
9887	0.03657
9888	0.02618
9889	0.01254
9890	0.00053
9891	-0.00312
9892	-0.00200
9893	-0.01393
9894	-0.03978
9895	-0.03804
9896	0.02058
9897	0.13538
9898	0.10434
9899	-1.11062
9900	-0.17241
9901	0.05952
9902	-0.47504
9903	-2.38368
9904	-3.56376
9905	-2.52493
9906	-2.54457
9907	-2.97543
9908	-3.56387
9909	-4.02987
9910	-4.33394
9911	-4.20886
9912	-3.38177
9913	-2.43907
9914	-0.66455
9915	1.70897
9916	4.31513
9917	7.01884
9918	8.38548
9919	8.92636
9920	9.00875
9921	8.05987
9922	8.09952
9923	7.46077
9924	5.55071
9925	4.72002
9926	3.77367
9927	2.27596
9928	1.56319
9929	0.66020
9930	-0.11683
9931	-0.04688
9932	0.06292
9933	0.10476
9934	0.06934
9935	0.02202
9936	-0.01742
9937	-0.03535
9938	-0.01036
9939	0.04830
9940	0.09867
9941	0.11336
9942	0.09745
9943	0.07119
9944	0.05192
9945	0.04505
9946	0.04830
9947	0.05479
9948	0.05635
9949	0.05113
9950	0.04092
9951	0.02856
9952	0.01773
9953	0.01011
9954	0.00642
9955	0.00933
9956	0.02250
9957	0.04164
9958	0.05285
9959	0.04544
9960	0.02240
9961	-0.00014
9962	-0.00416
9963	0.00876
9964	0.01987
9965	0.01131
9966	-0.01818
9967	-0.02932
9968	0.02167
9969	0.11689
9970	-0.53503
9971	-0.98870
9972	-0.02414
9973	-0.11795
9974	-1.83609
9975	-3.22947
9976	-2.97230
9977	-2.80216
9978	-3.01325
9979	-3.40053
9980	-4.24945
9981	-4.57727
9982	-4.87958
9983	-4.36098
9984	-3.57404
9985	-2.76378
9986	-0.85350
9987	1.86320
9988	4.80531
9989	7.75924
9990	9.08181
9991	9.47989
9992	9.68530
9993	9.24019
9994	9.23155
9995	7.73206
9996	6.28247
9997	4.93874
9998	3.55795
9999	2.23544
10000	1.47351
10001	0.33257
10002	-0.08918
10003	-0.00380
10004	0.07718
10005	0.08564
10006	0.05233
10007	0.01965
10008	-0.00367
10009	-0.00783
10010	0.01575
10011	0.05587
10012	0.08675
10013	0.09587
10014	0.08839
10015	0.07185
10016	0.05444
10017	0.04402
10018	0.04265
10019	0.04675
10020	0.04957
10021	0.04725
10022	0.04082
10023	0.03267
10024	0.02506
10025	0.02143
10026	0.02528
10027	0.03786
10028	0.05112
10029	0.05093
10030	0.03876
10031	0.02557
10032	0.01302
10033	0.00138
10034	-0.00305
10035	0.00253
10036	0.00591
10037	-0.00879
10038	-0.02076
10039	0.00927
10040	0.10205
10041	0.14397
10042	-1.19989
10043	-0.81853
10044	0.27506
10045	-0.25378
10046	-2.25234
10047	-3.29796
10048	-2.32983
10049	-2.86098
10050	-2.98816
10051	-3.97404
10052	-4.82728
10053	-4.60893
10054	-4.47387
10055	-3.84635
10056	-3.15587
10057	-1.61755
10058	0.81574
10059	3.28751
10060	5.85020
10061	8.07834
10062	8.68031
10063	9.00546
10064	8.29193
10065	7.55428
10066	7.67729
10067	6.43240
10068	5.31577
10069	4.03389
10070	2.52185
10071	1.65513
10072	0.81196
10073	-0.09886
10074	-0.05283
10075	0.02367
10076	0.07785
10077	0.06964
10078	0.04012
10079	0.01580
10080	0.00317
10081	0.01282
10082	0.04497
10083	0.07972
10084	0.09919
10085	0.10150
10086	0.08719
10087	0.06473
10088	0.04927
10089	0.04693
10090	0.05439
10091	0.06292
10092	0.06548
10093	0.05805
10094	0.04096
10095	0.02367
10096	0.01162
10097	0.00380
10098	0.00710
10099	0.02659
10100	0.04586
10101	0.04373
10102	0.02283
10103	0.00356
10104	-0.00098
10105	0.00242
10106	0.00487
10107	0.00124
10108	-0.01696
10109	-0.02664
10110	0.00486
10111	0.08502
10112	0.13427
10113	-0.43128
10114	-0.42083
10115	0.17361
10116	-1.01276
10117	-1.88319
10118	-2.43535
10119	-2.39019
10120	-2.76645
10121	-2.95845
10122	-3.42795
10123	-4.10559
10124	-4.36751
10125	-4.31435
10126	-3.51086
10127	-2.89415
10128	-1.83484
10129	0.52755
10130	3.29840
10131	6.42170
10132	9.09301
10133	9.87042
10134	10.28391
10135	10.08663
10136	9.00071
10137	8.99365
10138	7.77332
10139	6.03855
10140	4.84713
10141	3.45444
10142	2.58739
10143	1.58567
10144	-0.11949
10145	-0.05857
10146	0.04267
10147	0.10550
10148	0.08656
10149	0.04300
10150	0.00623
10151	-0.02227
10152	-0.02971
10153	-0.00107
10154	0.05523
10155	0.10493
10156	0.12024
10157	0.10371
10158	0.07520
10159	0.05244
10160	0.04225
10161	0.04263
10162	0.04883
10163	0.05444
10164	0.05294
10165	0.04319
10166	0.02928
10167	0.01517
10168	0.00534
10169	0.00469
10170	0.01834
10171	0.03974
10172	0.05023
10173	0.04095
10174	0.02148
10175	0.00541
10176	-0.00077
10177	-0.00021
10178	0.00246
10179	-0.00521
10180	-0.03191
10181	-0.04123
10182	-0.00047
10183	0.10877
10184	0.16256
10185	-1.80940
10186	-0.87571
10187	0.06182
10188	-1.07486
10189	-3.02111
10190	-4.27375
10191	-3.06741
10192	-2.58116
10193	-2.80524
10194	-3.43455
10195	-4.31727
10196	-4.87125
10197	-4.33898
10198	-3.15153
10199	-2.53779
10200	-1.11286
10201	1.25851
10202	3.91645
10203	6.77721
10204	8.50630
10205	8.88926
10206	9.50698
10207	8.72827
10208	8.49120
10209	8.38396
10210	6.02031
10211	4.67650
10212	3.90864
10213	2.67348
10214	1.89743
10215	0.92392
10216	-0.09391
10217	-0.03284
10218	0.04614
10219	0.08616
10220	0.06728
10221	0.03300
10222	0.00040
10223	-0.02486
10224	-0.01986
10225	0.02336
10226	0.07510
10227	0.10345
10228	0.10361
10229	0.08564
10230	0.06329
10231	0.04949
10232	0.04727
10233	0.05338
10234	0.05798
10235	0.05474
10236	0.04589
10237	0.03451
10238	0.02376
10239	0.01843
10240	0.02425
10241	0.03901
10242	0.05003
10243	0.04864
10244	0.03495
10245	0.01490
10246	0.00149
10247	-0.00072
10248	-0.00003
10249	-0.00087
10250	-0.01865
10251	-0.03323
10252	-0.02981
10253	-0.02357
10254	0.00914
10255	0.09704
10256	0.05494
10257	-1.22352
10258	-0.19659
10259	0.43441
10260	-1.37330
10261	-3.90015
10262	-3.94896
10263	-2.64081
10264	-2.67501
10265	-3.67189
10266	-4.78944
10267	-4.71892
10268	-4.55805
10269	-3.63018
10270	-2.84459
10271	-2.36890
10272	-0.59590
10273	1.70654
10274	3.91723
10275	6.41913
10276	7.80248
10277	8.54756
10278	9.06509
10279	8.22365
10280	8.39186
10281	7.86608
10282	6.18029
10283	5.62344
10284	4.24754
10285	2.81805
10286	2.10256
10287	1.00571
10288	-0.12242
10289	-0.07061
10290	-0.01580
10291	0.04370
10292	0.06000
10293	0.03736
10294	0.00611
10295	-0.01990
10296	-0.01516
10297	0.03521
10298	0.09672
10299	0.12803
10300	0.12321
10301	0.09625
10302	0.06650
10303	0.04858
10304	0.04348
10305	0.04675
10306	0.05309
10307	0.05433
10308	0.04343
10309	0.02702
10310	0.01464
10311	0.00648
10312	0.00547
10313	0.01746
10314	0.03856
10315	0.05229
10316	0.04635
10317	0.02729
10318	0.00975
10319	0.00094
10320	-0.00010
10321	0.00191
10322	-0.00003
10323	-0.02380
10324	-0.05187
10325	-0.02589
10326	0.06835
10327	0.15047
10328	-0.41837
10329	-0.63278
10330	0.06748
10331	-0.68818
10332	-1.55753
10333	-2.77372
10334	-2.90305
10335	-2.99572
10336	-2.99931
10337	-3.28980
10338	-3.95778
10339	-4.53644
10340	-4.83754
10341	-3.82766
10342	-3.09544
10343	-2.42047
10344	-0.49407
10345	2.09926
10346	5.04392
10347	7.73234
10348	8.66850
10349	9.23525
10350	9.37946
10351	8.83560
10352	8.97658
10353	7.44625
10354	6.08158
10355	5.19946
10356	3.88596
10357	3.11346
10358	1.96703
10359	0.85582
10360	-0.12044
10361	-0.07193
10362	0.02391
10363	0.09206
10364	0.08137
10365	0.04226
10366	0.00713
10367	-0.01593
10368	-0.00378
10369	0.04204
10370	0.08561
10371	0.10393
10372	0.09766
10373	0.07792
10374	0.06013
10375	0.05267
10376	0.05422
10377	0.05837
10378	0.05883
10379	0.05412
10380	0.04469
10381	0.03252
10382	0.02233
10383	0.01793
10384	0.02106
10385	0.03153
10386	0.04365
10387	0.04926
10388	0.04392
10389	0.03013
10390	0.01293
10391	0.00030
10392	0.00039
10393	0.01103
10394	0.01899
10395	0.00443
10396	-0.01273
10397	0.02033
10398	0.12338
10399	0.14051
10400	-1.06581
10401	-0.44100
10402	0.19667
10403	-1.18651
10404	-2.52539
10405	-2.63546
10406	-1.91005
10407	-2.98299
10408	-3.37675
10409	-3.94402
10410	-4.46206
10411	-4.54174
10412	-4.35023
10413	-3.69407
10414	-3.19311
10415	-2.08600
10416	-0.26052
10417	1.99240
10418	4.88291
10419	7.72324
10420	9.00090
10421	9.43120
10422	8.94310
10423	8.69747
10424	8.08974
10425	6.50766
10426	5.81241
10427	4.33001
10428	3.07298
10429	2.64965
10430	1.34744
10431	0.16083
10432	-0.10341
10433	-0.03296
10434	0.06609
10435	0.09800
10436	0.06493
10437	0.02078
10438	-0.01742
10439	-0.03249
10440	-0.00447
10441	0.05051
10442	0.09332
10443	0.10561
10444	0.09079
10445	0.06449
10446	0.04685
10447	0.04386
10448	0.04921
10449	0.05323
10450	0.05167
10451	0.04631
10452	0.03839
10453	0.02980
10454	0.02199
10455	0.01704
10456	0.01844
10457	0.02634
10458	0.03566
10459	0.03898
10460	0.03250
10461	0.01992
10462	0.00825
10463	0.00093
10464	-0.00288
10465	-0.00532
10466	-0.01353
10467	-0.03006
10468	-0.03748
10469	-0.02174
10470	0.03465
10471	0.12161
10472	-0.96895
10473	-1.27560
10474	-0.09990
10475	0.01781
10476	-1.95994
10477	-3.19865
10478	-2.54317
10479	-2.86733
10480	-3.12539
10481	-3.44068
10482	-4.50852
10483	-4.29488
10484	-4.15788
10485	-3.77064
10486	-3.22299
10487	-2.33672
10488	-0.46684
10489	1.99202
10490	4.49667
10491	7.33224
10492	8.84451
10493	9.00921
10494	8.74507
10495	8.12580
10496	8.16321
10497	7.16894
10498	5.96548
10499	4.82302
10500	3.16825
10501	2.01038
10502	1.33453
10503	0.33518
10504	-0.08868
10505	-0.01104
10506	0.06191
10507	0.06678
10508	0.03161
10509	-0.00459
10510	-0.02697
10511	-0.01766
10512	0.02362
10513	0.07259
10514	0.10251
10515	0.10175
10516	0.08051
10517	0.05764
10518	0.04327
10519	0.03681
10520	0.03422
10521	0.03385
10522	0.03595
10523	0.03830
10524	0.03548
10525	0.02686
10526	0.01843
10527	0.01408
10528	0.01460
10529	0.01977
10530	0.02991
10531	0.04212
10532	0.04210
10533	0.02305
10534	0.00448
10535	-0.00151
10536	-0.00150
10537	-0.00412
10538	-0.02073
10539	-0.04670
10540	-0.04708
10541	-0.00109
10542	0.09825
10543	0.14672
10544	-0.76151
10545	-0.55851
10546	0.20591
10547	-0.60580
10548	-2.67577
10549	-4.14421
10550	-2.54839
10551	-1.76732
10552	-2.62747
10553	-3.23960
10554	-3.77042
10555	-4.22454
10556	-4.22701
10557	-3.34999
10558	-2.74745
10559	-1.90745
10560	-0.05531
10561	2.88815
10562	6.41593
10563	8.68471
10564	9.49876
10565	9.92000
10566	9.15011
10567	8.91524
10568	8.40367
10569	6.42695
10570	4.99175
10571	4.08319
10572	2.54665
10573	1.74412
10574	1.05631
10575	-0.12180
10576	-0.06777
10577	0.02218
10578	0.08144
10579	0.07356
10580	0.03973
10581	0.00911
10582	-0.01051
10583	-0.00814
10584	0.02116
10585	0.05982
10586	0.08261
10587	0.08630
10588	0.07782
10589	0.06018
10590	0.04234
10591	0.03428
10592	0.03607
10593	0.04114
10594	0.04304
10595	0.03927
10596	0.03000
10597	0.01903
10598	0.00970
10599	0.00398
10600	0.00607
10601	0.01750
10602	0.03264
10603	0.03814
10604	0.02582
10605	0.00725
10606	-0.00287
10607	-0.00425
10608	-0.00254
10609	-0.00244
10610	-0.01118
10611	-0.02529
10612	-0.01554
10613	0.04451
10614	0.10741
10615	-0.37290
10616	-0.28309
10617	0.17833
10618	-0.55005
10619	-1.70309
10620	-2.59967
10621	-2.61152
10622	-3.06711
10623	-3.08909
10624	-3.57567
10625	-4.00819
10626	-4.11536
10627	-4.17606
10628	-3.33777
10629	-2.56371
10630	-1.41895
10631	0.53963
10632	3.01249
10633	6.14210
10634	9.15018
10635	9.40162
10636	9.57109
10637	9.14547
10638	8.60713
10639	8.59176
10640	7.22143
10641	6.04323
10642	4.49649
10643	2.90056
10644	1.97107
10645	1.54318
10646	-0.12742
10647	-0.08990
10648	-0.00472
10649	0.07981
10650	0.09160
10651	0.05781
10652	0.01898
10653	-0.01432
10654	-0.02231
10655	0.01591
10656	0.08247
10657	0.13005
10658	0.13648
10659	0.11231
10660	0.07804
10661	0.05369
10662	0.04483
10663	0.04794
10664	0.05603
10665	0.05729
10666	0.04645
10667	0.03050
10668	0.01664
10669	0.00908
10670	0.01008
10671	0.01879
10672	0.03036
10673	0.03314
10674	0.02216
10675	0.00865
10676	0.00006
10677	-0.00307
10678	-0.00192
10679	-0.00146
10680	-0.00628
10681	-0.01191
10682	-0.01782
10683	-0.02041
10684	0.00148
10685	0.04643
10686	-0.01996
10687	-0.68441
10688	-0.03157
10689	0.32667
10690	-1.61960
10691	-4.12611
10692	-4.21371
10693	-3.22473
10694	-2.95198
10695	-3.69573
10696	-4.22015
10697	-3.97880
10698	-4.26577
10699	-3.69713
10700	-2.85074
10701	-1.46268
10702	0.99853
10703	3.57939
10704	6.23592
10705	8.69728
10706	8.81699
10707	8.90758
10708	8.74495
10709	7.39063
10710	7.71679
10711	7.00776
10712	5.15764
10713	4.20081
10714	2.80863
10715	1.50205
10716	0.97213
10717	-0.10890
10718	-0.05383
10719	0.02673
10720	0.07552
10721	0.06436
10722	0.03227
10723	0.00293
10724	-0.01886
10725	-0.01567
10726	0.02160
10727	0.06963
10728	0.10033
10729	0.10460
10730	0.08544
10731	0.06035
10732	0.04632
10733	0.04346
10734	0.04661
10735	0.05142
10736	0.05232
10737	0.04537
10738	0.03274
10739	0.02035
10740	0.01410
10741	0.01751
10742	0.02963
10743	0.04254
10744	0.04563
10745	0.03488
10746	0.01638
10747	0.00229
10748	-0.00054
10749	0.00276
10750	0.00658
10751	0.00062
10752	-0.02513
10753	-0.03757
10754	-0.00299
10755	0.08448
10756	0.12001
10757	-0.62766
10758	-0.25435
10759	-0.14191
10760	-0.77692
10761	-1.67675
10762	-2.48085
10763	-2.22523
10764	-2.58964
10765	-2.99405
10766	-3.60951
10767	-3.99582
10768	-4.41824
10769	-4.44395
10770	-3.50750
10771	-2.68879
10772	-1.38440
10773	0.93357
10774	3.75954
10775	7.06948
10776	9.36128
10777	9.97921
10778	9.94354
10779	9.27190
10780	8.66363
10781	8.04159
10782	6.57286
10783	5.18999
10784	4.22166
10785	2.95119
10786	1.89787
10787	1.06669
10788	-0.11131
10789	-0.06518
10790	0.02290
10791	0.09488
10792	0.09148
10793	0.05208
10794	0.01330
10795	-0.02103
10796	-0.03732
10797	-0.01255
10798	0.04869
10799	0.10393
10800	0.12001
10801	0.10081
10802	0.06921
10803	0.04607
10804	0.03879
10805	0.04483
10806	0.05562
10807	0.06093
10808	0.05636
10809	0.04369
10810	0.02920
10811	0.01701
10812	0.01021
10813	0.01565
10814	0.03595
10815	0.05723
10816	0.06071
10817	0.04598
10818	0.02589
10819	0.00777
10820	-0.00404
10821	-0.00383
10822	0.00743
10823	0.01615
10824	0.00676
10825	-0.00576
10826	0.01229
10827	0.08342
10828	0.12380
10829	-1.28004
10830	-0.68158
10831	0.10313
10832	-0.54073
10833	-1.81161
10834	-3.04125
10835	-3.02918
10836	-3.32805
10837	-3.45883
10838	-3.78763
10839	-4.17297
10840	-4.43315
10841	-4.28627
10842	-3.49482
10843	-2.92533
10844	-1.72149
10845	0.31657
10846	2.89512
10847	5.89195
10848	8.40994
10849	9.05508
10850	9.13984
10851	8.50707
10852	8.17557
10853	8.07381
10854	6.39675
10855	5.02779
10856	4.13531
10857	2.78254
10858	1.61428
10859	1.01844
10860	-0.12191
10861	-0.06596
10862	0.03060
10863	0.09079
10864	0.07553
10865	0.03651
10866	0.00187
10867	-0.02382
10868	-0.02267
10869	0.01712
10870	0.07233
10871	0.10125
10872	0.09504
10873	0.07418
10874	0.05568
10875	0.04570
10876	0.04166
10877	0.03891
10878	0.03624
10879	0.03465
10880	0.03375
10881	0.03150
10882	0.02621
10883	0.01958
10884	0.01533
10885	0.01665
10886	0.02568
10887	0.04085
10888	0.05387
10889	0.05091
10890	0.02684
10891	0.00028
10892	-0.00797
10893	-0.00220
10894	0.00136
10895	-0.01234
10896	-0.03385
10897	-0.01581
10898	0.07022
10899	0.17906
10900	-0.31268
10901	-1.00161
10902	0.10450
10903	-0.41298
10904	-1.02028
10905	-2.30963
10906	-2.56142
10907	-2.50761
10908	-3.28389
10909	-3.49057
10910	-4.01023
10911	-4.17070
10912	-4.05718
10913	-3.47347
10914	-2.86685
10915	-2.24556
10916	-0.56497
10917	1.99424
10918	5.04444
10919	8.08304
10920	9.35074
10921	9.74841
10922	9.34916
10923	8.06360
10924	7.98754
10925	6.84253
10926	5.43048
10927	4.95295
10928	3.49731
10929	2.04750
10930	1.27389
10931	-0.12174
10932	-0.09103
10933	-0.00924
10934	0.08159
10935	0.09783
10936	0.06230
10937	0.02365
10938	-0.00827
10939	-0.02295
10940	-0.00049
10941	0.05418
10942	0.10277
10943	0.11339
10944	0.09311
10945	0.06725
10946	0.04892
10947	0.03993
10948	0.03799
10949	0.03843
10950	0.03802
10951	0.03494
10952	0.02747
10953	0.01724
10954	0.00806
10955	0.00447
10956	0.01107
10957	0.02411
10958	0.03305
10959	0.03243
10960	0.02173
10961	0.00482
10962	-0.00556
10963	-0.00465
10964	-0.00230
10965	-0.00743
10966	-0.02705
10967	-0.04638
10968	-0.03576
10969	0.01403
10970	0.08056
10971	0.02667
10972	-0.50496
10973	0.06398
10974	-0.11646
10975	-1.21797
10976	-2.31702
10977	-2.39760
10978	-2.51935
10979	-3.03340
10980	-3.31164
10981	-3.72238
10982	-3.76122
10983	-4.14411
10984	-3.81400
10985	-2.95886
10986	-1.93609
10987	-0.18074
10988	2.25335
10989	5.10560
10990	8.74477
10991	10.63937
10992	10.52512
10993	9.82995
10994	8.47571
10995	8.55219
10996	7.66740
10997	6.13616
10998	4.66016
10999	3.33393
11000	2.45230
11001	1.49900
11002	0.57698
11003	-0.10337
11004	0.00071
11005	0.09993
11006	0.10380
11007	0.06104
11008	0.02173
11009	-0.00620
11010	-0.01164
11011	0.01383
11012	0.05494
11013	0.08408
11014	0.09216
11015	0.08826
11016	0.07745
11017	0.06427
11018	0.05598
11019	0.05213
11020	0.05009
11021	0.04964
11022	0.04862
11023	0.04345
11024	0.03391
11025	0.02360
11026	0.01703
11027	0.02015
11028	0.03493
11029	0.05379
11030	0.06354
11031	0.05181
11032	0.02283
11033	0.00137
11034	0.00170
11035	0.00894
11036	0.01184
11037	0.00108
11038	-0.02614
11039	-0.02150
11040	0.05685
11041	0.19008
11042	-0.92419
11043	-1.28666
11044	0.29136
11045	-0.00515
11046	-2.02602
11047	-3.53229
11048	-2.86887
11049	-2.48938
11050	-3.13160
11051	-3.92586
11052	-4.69774
11053	-4.97237
11054	-5.07552
11055	-3.99939
11056	-3.15006
11057	-2.18145
11058	0.10851
11059	2.93066
11060	5.76626
11061	8.09317
11062	8.60782
11063	8.60005
11064	8.44998
11065	7.56626
11066	7.82696
11067	6.59291
11068	5.13519
11069	4.66402
11070	2.93267
11071	1.77878
11072	1.42805
11073	-0.11982
11074	-0.06953
11075	0.01064
11076	0.07671
11077	0.07399
11078	0.03923
11079	0.00703
11080	-0.01465
11081	-0.01008
11082	0.02438
11083	0.06780
11084	0.09522
11085	0.09779
11086	0.08112
11087	0.05821
11088	0.04182
11089	0.03625
11090	0.03913
11091	0.04490
11092	0.04752
11093	0.04426
11094	0.03538
11095	0.02458
11096	0.01595
11097	0.01141
11098	0.01428
11099	0.02643
11100	0.04125
11101	0.04672
11102	0.03645
11103	0.01758
11104	0.00255
11105	-0.00514
11106	-0.00771
11107	-0.00727
11108	-0.00933
11109	-0.01868
11110	-0.02214
11111	-0.00179
11112	0.05926
11113	0.10648
11114	-0.62930
11115	-0.52925
11116	0.14038
11117	-0.54531
11118	-1.87883
11119	-3.34125
11120	-2.94706
11121	-3.00088
11122	-3.51818
11123	-3.80758
11124	-3.84193
11125	-3.95569
11126	-3.97864
11127	-3.17269
11128	-2.46328
11129	-1.35028
11130	0.73238
11131	3.37397
11132	6.41584
11133	8.74438
11134	9.50259
11135	9.50650
11136	8.37759
11137	7.99382
11138	8.35556
11139	6.38637
11140	5.21505
11141	4.03782
11142	2.47060
11143	1.77197
11144	0.94748
11145	-0.11328
11146	-0.05996
11147	0.02217
11148	0.06561
11149	0.05450
11150	0.02712
11151	0.00127
11152	-0.01386
11153	-0.00488
11154	0.02965
11155	0.07026
11156	0.09753
11157	0.10266
11158	0.08425
11159	0.05752
11160	0.04059
11161	0.03472
11162	0.03597
11163	0.04164
11164	0.04636
11165	0.04386
11166	0.03435
11167	0.02395
11168	0.01749
11169	0.01697
11170	0.02402
11171	0.03866
11172	0.05255
11173	0.05221
11174	0.03659
11175	0.01641
11176	0.00198
11177	-0.00028
11178	0.00443
11179	0.00520
11180	-0.01232
11181	-0.03490
11182	-0.01107
11183	0.06918
11184	0.13704
11185	-0.44179
11186	-0.78097
11187	0.11251
11188	-0.08285
11189	-1.25715
11190	-2.57269
11191	-2.27391
11192	-2.16487
11193	-2.74453
11194	-3.44215
11195	-4.02230
11196	-3.90429
11197	-4.04285
11198	-3.82202
11199	-3.21028
11200	-2.46316
11201	-1.22494
11202	0.55293
11203	3.07049
11204	6.19612
11205	7.96555
11206	8.90181
11207	8.96371
11208	7.70479
11209	7.71285
11210	7.03663
11211	6.06133
11212	5.19258
11213	3.85829
11214	2.85513
11215	2.19880
11216	1.10381
11217	0.07253
11218	-0.10417
11219	-0.02388
11220	0.06851
11221	0.08609
11222	0.04846
11223	0.00633
11224	-0.02852
11225	-0.03329
11226	0.01302
11227	0.07659
11228	0.10787
11229	0.09897
11230	0.07222
11231	0.05139
11232	0.04448
11233	0.04797
11234	0.05346
11235	0.05391
11236	0.04836
11237	0.03837
11238	0.02743
11239	0.01919
11240	0.01716
11241	0.02414
11242	0.03780
11243	0.04990
11244	0.05162
11245	0.04083
11246	0.02235
11247	0.00514
11248	-0.00045
11249	0.00151
11250	0.00287
11251	0.00161
11252	-0.01941
11253	-0.03779
11254	-0.01054
11255	0.06944
11256	0.15489
11257	-0.64435
11258	-0.77360
11259	0.26793
11260	-0.63149
11261	-1.89697
11262	-2.34599
11263	-1.92270
11264	-2.73329
11265	-3.38461
11266	-3.82868
11267	-4.65577
11268	-4.70736
11269	-4.54624
11270	-3.78591
11271	-3.11179
11272	-2.38302
11273	-0.77798
11274	1.43681
11275	4.27517
11276	7.24495
11277	8.91995
11278	9.54377
11279	9.04988
11280	8.09450
11281	8.05985
11282	7.08144
11283	5.94468
11284	5.05742
11285	3.59898
11286	2.90735
11287	1.91821
11288	0.47817
11289	-0.09469
11290	-0.03086
11291	0.05875
11292	0.09569
11293	0.06785
11294	0.02538
11295	-0.01227
11296	-0.03836
11297	-0.03373
11298	0.01424
11299	0.07996
11300	0.11726
11301	0.11174
11302	0.08625
11303	0.06309
11304	0.04854
11305	0.04198
11306	0.04122
11307	0.04370
11308	0.04509
11309	0.04117
11310	0.03398
11311	0.02620
11312	0.01810
11313	0.01274
11314	0.01683
11315	0.03305
11316	0.04754
11317	0.04436
11318	0.02693
11319	0.00889
11320	-0.00084
11321	-0.00209
11322	0.00140
11323	0.00427
11324	-0.00838
11325	-0.02965
11326	-0.03218
11327	0.00582
11328	0.09047
11329	0.06201
11330	-0.88821
11331	-0.21719
11332	0.09457
11333	-1.04154
11334	-2.58445
11335	-2.84459
11336	-2.07842
11337	-2.71864
11338	-3.32862
11339	-3.72518
11340	-3.92931
11341	-4.30248
11342	-4.15261
11343	-3.42322
11344	-2.60639
11345	-1.09910
11346	1.24169
11347	4.15882
11348	7.54929
11349	9.48780
11350	9.94057
11351	9.79661
11352	8.50957
11353	8.60796
11354	7.98741
11355	6.16180
11356	4.96697
11357	3.93065
11358	2.65584
11359	1.63261
11360	0.87242
11361	-0.13833
11362	-0.07209
11363	0.04502
11364	0.10446
11365	0.08304
11366	0.04050
11367	0.00012
11368	-0.02608
11369	-0.01415
11370	0.03690
11371	0.08934
11372	0.10990
11373	0.09929
11374	0.07552
11375	0.05528
11376	0.04613
11377	0.04595
11378	0.04751
11379	0.04506
11380	0.03813
11381	0.02921
11382	0.02032
11383	0.01262
11384	0.00848
11385	0.01234
11386	0.02581
11387	0.04359
11388	0.05339
11389	0.04569
11390	0.02529
11391	0.00411
11392	-0.00519
11393	-0.00262
11394	0.00148
11395	-0.00232
11396	-0.02020
11397	-0.03307
11398	-0.02034
11399	0.02993
11400	0.09962
11401	-0.61590
11402	-0.83808
11403	0.02625
11404	0.03139
11405	-1.46604
11406	-3.00783
11407	-2.72570
11408	-3.00927
11409	-3.32162
11410	-3.54843
11411	-3.98407
11412	-3.77575
11413	-3.77796
11414	-3.42975
11415	-3.05171
11416	-2.28435
11417	-0.35103
11418	2.23973
11419	4.96512
11420	7.70326
11421	8.84884
11422	8.83922
11423	8.08606
11424	7.31899
11425	7.69254
11426	6.67832
11427	5.29806
11428	4.12592
11429	2.82641
11430	1.72142
11431	0.90605
11432	-0.12803
11433	-0.08034
11434	0.00908
11435	0.07764
11436	0.07344
11437	0.03891
11438	0.00754
11439	-0.01502
11440	-0.01805
11441	0.00927
11442	0.05873
11443	0.10145
11444	0.10943
11445	0.08440
11446	0.05548
11447	0.04033
11448	0.03720
11449	0.04188
11450	0.04800
11451	0.04799
11452	0.04075
11453	0.02997
11454	0.02021
11455	0.01414
11456	0.01325
11457	0.02187
11458	0.04117
11459	0.05636
11460	0.04677
11461	0.02083
11462	0.00048
11463	-0.00358
11464	0.00473
11465	0.01298
11466	0.01505
11467	-0.00555
11468	-0.03637
11469	-0.03550
11470	0.01629
11471	0.08698
11472	0.01670
11473	-0.58624
11474	0.09946
11475	-0.13758
11476	-2.21200
11477	-3.83976
11478	-3.27454
11479	-2.58433
11480	-3.04921
11481	-3.71786
11482	-4.25315
11483	-4.42293
11484	-4.84458
11485	-4.04273
11486	-2.90579
11487	-1.72443
11488	0.34760
11489	2.89394
11490	5.98281
11491	9.37926
11492	10.65885
11493	10.68343
11494	9.70432
11495	8.71560
11496	8.78332
11497	7.41460
11498	5.74496
11499	4.66466
11500	2.88128
11501	2.09034
11502	1.44893
11503	-0.11272
11504	-0.04617
11505	0.05537
11506	0.10620
11507	0.07643
11508	0.02983
11509	-0.00819
11510	-0.03370
11511	-0.03152
11512	0.00551
11513	0.05781
11514	0.09520
11515	0.10276
11516	0.08604
11517	0.06377
11518	0.04756
11519	0.03855
11520	0.03571
11521	0.03645
11522	0.03696
11523	0.03489
11524	0.02996
11525	0.02249
11526	0.01452
11527	0.00997
11528	0.01368
11529	0.02438
11530	0.03492
11531	0.03713
11532	0.02934
11533	0.01809
11534	0.00823
11535	0.00016
11536	-0.00574
11537	-0.00815
11538	-0.01476
11539	-0.03524
11540	-0.04275
11541	-0.00138
11542	0.08749
11543	0.11628
11544	-0.40808
11545	-0.43107
11546	0.10330
11547	-0.36850
11548	-1.83473
11549	-2.89482
11550	-2.83766
11551	-3.05560
11552	-3.27362
11553	-3.94796
11554	-4.41943
11555	-4.54712
11556	-4.47731
11557	-3.73711
11558	-2.93124
11559	-1.46944
11560	0.75652
11561	3.30802
11562	6.17394
11563	8.65919
11564	9.50536
11565	10.03946
11566	8.87922
11567	8.17202
11568	8.11880
11569	6.46366
11570	5.00212
11571	3.69424
11572	2.48352
11573	1.87211
11574	1.13176
11575	-0.12669
11576	-0.07512
11577	0.03282
11578	0.11390
11579	0.09835
11580	0.04798
11581	0.00501
11582	-0.02869
11583	-0.03266
11584	0.00950
11585	0.06998
11586	0.10304
11587	0.09803
11588	0.07567
11589	0.05532
11590	0.04268
11591	0.03711
11592	0.03791
11593	0.04248
11594	0.04544
11595	0.04253
11596	0.03372
11597	0.02244
11598	0.01227
11599	0.00564
11600	0.00719
11601	0.02057
11602	0.03801
11603	0.04384
11604	0.03290
11605	0.01415
11606	-0.00153
11607	-0.00913
11608	-0.00769
11609	-0.00024
11610	0.00085
11611	-0.01163
11612	-0.02094
11613	-0.00737
11614	0.03362
11615	0.05425
11616	-0.65646
11617	-0.42143
11618	0.16807
11619	-0.28941
11620	-2.45269
11621	-3.12541
11622	-2.05812
11623	-2.98472
11624	-3.50502
11625	-3.95617
11626	-4.39114
11627	-4.55058
11628	-4.48726
11629	-3.51074
11630	-2.71146
11631	-1.70008
11632	0.23398
11633	3.00679
11634	6.33035
11635	9.20945
11636	9.92390
11637	9.65825
11638	8.30706
11639	8.24226
11640	8.46605
11641	6.67632
11642	5.32515
11643	4.07544
11644	2.42549
11645	1.70384
11646	0.99489
11647	-0.11017
11648	-0.06707
11649	0.02141
11650	0.08697
11651	0.08246
11652	0.04832
11653	0.01679
11654	-0.00578
11655	-0.00819
11656	0.01877
11657	0.06438
11658	0.10075
11659	0.10793
11660	0.09186
11661	0.06962
11662	0.05301
11663	0.04435
11664	0.04130
11665	0.04382
11666	0.04928
11667	0.04951
11668	0.04026
11669	0.02804
11670	0.01845
11671	0.01150
11672	0.01325
11673	0.02764
11674	0.04271
11675	0.04319
11676	0.02877
11677	0.00982
11678	-0.00374
11679	-0.00901
11680	-0.00818
11681	-0.00793
11682	-0.02017
11683	-0.02972
11684	-0.00455
11685	0.07787
11686	0.17112
11687	-0.11547
11688	-0.81180
11689	0.06412
11690	-0.81973
11691	-1.21743
11692	-2.29710
11693	-2.65183
11694	-2.82165
11695	-3.19685
11696	-3.73349
11697	-4.29852
11698	-4.33535
11699	-4.63483
11700	-3.97518
11701	-2.96655
11702	-1.83244
11703	0.39319
11704	3.13288
11705	6.20195
11706	8.91171
11707	9.62705
11708	9.76993
11709	9.08475
11710	7.58867
11711	7.77974
11712	6.69808
11713	5.20556
11714	4.41895
11715	2.73914
11716	1.93794
11717	0.92840
11718	-0.13611
11719	-0.06969
11720	0.03156
11721	0.09013
11722	0.07309
11723	0.03304
11724	-0.00382
11725	-0.03163
11726	-0.02925
11727	0.01165
11728	0.06499
11729	0.09785
11730	0.09909
11731	0.07875
11732	0.05520
11733	0.04084
11734	0.03780
11735	0.04210
11736	0.04655
11737	0.04697
11738	0.04234
11739	0.03313
11740	0.02281
11741	0.01479
11742	0.01070
11743	0.01458
11744	0.02794
11745	0.04305
11746	0.04879
11747	0.04026
11748	0.02299
11749	0.00496
11750	-0.00780
11751	-0.01018
11752	0.00117
11753	0.01080
11754	-0.00332
11755	-0.01817
11756	0.00715
11757	0.08553
11758	0.08110
11759	-0.77356
11760	-0.19429
11761	0.06966
11762	-1.00455
11763	-2.17692
11764	-2.17262
11765	-2.20866
11766	-2.91733
11767	-3.17320
11768	-3.51222
11769	-3.78937
11770	-4.20438
11771	-4.41635
11772	-3.59529
11773	-2.43545
11774	-0.89918
11775	1.41064
11776	4.22575
11777	7.49607
11778	9.83971
11779	10.12352
11780	9.52737
11781	8.16018
11782	8.18979
11783	7.42386
11784	6.00806
11785	4.73736
11786	3.32828
11787	2.30940
11788	1.61391
11789	0.64145
11790	-0.10742
11791	-0.03119
11792	0.07552
11793	0.11502
11794	0.07882
11795	0.03103
11796	-0.00987
11797	-0.04249
11798	-0.04151
11799	0.00930
11800	0.07636
11801	0.11203
11802	0.10477
11803	0.07804
11804	0.05650
11805	0.04693
11806	0.04596
11807	0.04728
11808	0.04612
11809	0.04314
11810	0.03975
11811	0.03468
11812	0.02700
11813	0.01729
11814	0.00821
11815	0.00681
11816	0.02057
11817	0.04558
11818	0.05945
11819	0.04805
11820	0.02313
11821	0.00222
11822	-0.00588
11823	-0.00424
11824	0.00012
11825	-0.00352
11826	-0.02251
11827	-0.02736
11828	0.01737
11829	0.13068
11830	0.13858
11831	-1.49727
11832	-0.48779
11833	0.10547
11834	-1.10400
11835	-2.72261
11836	-2.53785
11837	-2.73814
11838	-3.51640
11839	-3.29804
11840	-4.26398
11841	-4.93782
11842	-4.73548
11843	-4.42264
11844	-3.56281
11845	-2.48177
11846	-0.59156
11847	1.82124
11848	4.21853
11849	6.57594
11850	8.69714
11851	8.91322
11852	8.73388
11853	7.86896
11854	7.28057
11855	7.16137
11856	5.92974
11857	4.77108
11858	3.35344
11859	2.44401
11860	1.46329
11861	0.59348
11862	-0.08145
11863	-0.03937
11864	0.04136
11865	0.09280
11866	0.07892
11867	0.04219
11868	0.00636
11869	-0.02131
11870	-0.02063
11871	0.02043
11872	0.07825
11873	0.11257
11874	0.10929
11875	0.08620
11876	0.06351
11877	0.04978
11878	0.04579
11879	0.04805
11880	0.05177
11881	0.05335
11882	0.04923
11883	0.03696
11884	0.02202
11885	0.01111
11886	0.00740
11887	0.01726
11888	0.03688
11889	0.04868
11890	0.04341
11891	0.02959
11892	0.01469
11893	0.00203
11894	-0.00157
11895	0.00478
11896	0.01104
11897	0.00034
11898	-0.02468
11899	-0.01812
11900	0.06219
11901	0.16879
11902	0.07890
11903	-0.64834
11904	0.14804
11905	-0.51523
11906	-1.71282
11907	-2.56369
11908	-2.46846
11909	-2.77690
11910	-3.08719
11911	-3.69461
11912	-4.57582
11913	-4.69050
11914	-4.85962
11915	-4.09806
11916	-3.06484
11917	-1.84606
11918	0.39360
11919	3.24174
11920	6.30762
11921	9.60050
11922	10.47997
11923	10.13754
11924	9.91501
11925	8.96091
11926	8.29183
11927	7.08837
11928	5.57114
11929	3.96137
11930	2.63315
11931	1.58183
11932	1.03588
11933	-0.10188
11934	-0.08509
11935	-0.01128
11936	0.08218
11937	0.10526
11938	0.07380
11939	0.03417
11940	0.00106
11941	-0.01014
11942	0.02012
11943	0.07810
11944	0.11727
11945	0.11447
11946	0.08845
11947	0.06404
11948	0.05058
11949	0.04713
11950	0.04946
11951	0.05325
11952	0.05379
11953	0.04608
11954	0.03259
11955	0.01922
11956	0.00848
11957	0.00336
11958	0.00934
11959	0.02629
11960	0.03830
11961	0.03409
11962	0.02245
11963	0.01241
11964	0.00454
11965	-0.00154
11966	-0.00409
11967	-0.00439
11968	-0.01193
11969	-0.02584
11970	-0.02350
11971	0.03121
11972	0.14243
11973	0.07326
11974	-0.66391
11975	0.05878
11976	-0.31340
11977	-1.22655
11978	-1.58377
11979	-1.95074
11980	-2.57647
11981	-3.54977
11982	-3.63736
11983	-4.10255
11984	-4.41175
11985	-4.88496
11986	-4.55850
11987	-3.32029
11988	-2.09693
11989	-0.49995
11990	1.68282
11991	4.53625
11992	7.57117
11993	9.71368
11994	10.02325
11995	10.00449
11996	8.82131
11997	7.94931
11998	7.55184
11999	6.25174
12000	4.91088
12001	3.21049
12002	2.27870
12003	1.74963
12004	0.60569
12005	-0.12295
12006	-0.04934
12007	0.06097
12008	0.10943
12009	0.08226
12010	0.04300
12011	0.01421
12012	0.00285
12013	0.01824
12014	0.05293
12015	0.08422
12016	0.09378
12017	0.08376
12018	0.06615
12019	0.05170
12020	0.04632
12021	0.04894
12022	0.05534
12023	0.05972
12024	0.05541
12025	0.04218
12026	0.02774
12027	0.01586
12028	0.00686
12029	0.00562
12030	0.01589
12031	0.02806
12032	0.03204
12033	0.02874
12034	0.02064
12035	0.00865
12036	-0.00367
12037	-0.01034
12038	-0.00960
12039	-0.01189
12040	-0.02456
12041	-0.02947
12042	-0.00854
12043	0.05003
12044	0.11904
12045	-0.43176
12046	-0.86381
12047	0.04580
12048	-0.54755
12049	-1.67443
12050	-2.66589
12051	-2.44994
12052	-2.76554
12053	-3.53953
12054	-3.73251
12055	-3.89654
12056	-4.19540
12057	-4.60195
12058	-3.83232
12059	-2.75004
12060	-1.68260
12061	0.15333
12062	3.08531
12063	6.73634
12064	10.20392
12065	11.26314
12066	11.20737
12067	10.09754
12068	8.51261
12069	8.39556
12070	6.98780
12071	5.23409
12072	3.89057
12073	2.00218
12074	1.42689
12075	0.89968
12076	-0.11971
12077	-0.05125
12078	0.05832
12079	0.11823
12080	0.09429
12081	0.05011
12082	0.01818
12083	0.00626
12084	0.02256
12085	0.05515
12086	0.08508
12087	0.10096
12088	0.09690
12089	0.07780
12090	0.05816
12091	0.04644
12092	0.04222
12093	0.04265
12094	0.04446
12095	0.04252
12096	0.03422
12097	0.02328
12098	0.01197
12099	0.00130
12100	-0.00178
12101	0.00827
12102	0.02439
12103	0.03429
12104	0.03519
12105	0.02776
12106	0.01179
12107	-0.00274
12108	-0.00390
12109	0.00120
12110	-0.00165
12111	-0.01617
12112	-0.02668
12113	-0.02067
12114	0.01722
12115	0.09315
12116	0.04104
12117	-0.66344
12118	-0.00817
12119	0.03110
12120	-1.15994
12121	-2.72420
12122	-2.70537
12123	-3.11792
12124	-3.96586
12125	-4.03918
12126	-4.30002
12127	-4.39660
12128	-4.63849
12129	-4.12402
12130	-3.27597
12131	-2.10060
12132	0.09098
12133	2.91691
12134	5.87538
12135	8.80893
12136	10.00315
12137	10.29003
12138	9.72498
12139	8.08091
12140	7.97928
12141	7.25457
12142	5.95237
12143	4.71871
12144	2.91629
12145	2.00155
12146	1.41317
12147	-0.12403
12148	-0.07034
12149	0.02239
12150	0.08506
12151	0.07188
12152	0.03038
12153	-0.00929
12154	-0.04060
12155	-0.03783
12156	0.01261
12157	0.07896
12158	0.12027
12159	0.12469
12160	0.10201
12161	0.07276
12162	0.05433
12163	0.04761
12164	0.04592
12165	0.04738
12166	0.05199
12167	0.05359
12168	0.04473
12169	0.03001
12170	0.01873
12171	0.01269
12172	0.01260
12173	0.02016
12174	0.03235
12175	0.04049
12176	0.03526
12177	0.01663
12178	-0.00191
12179	-0.00452
12180	0.00813
12181	0.02054
12182	0.01546
12183	-0.00701
12184	-0.01579
12185	0.01980
12186	0.09222
12187	0.04563
12188	-0.58827
12189	0.05369
12190	0.08282
12191	-1.47487
12192	-3.05088
12193	-2.79974
12194	-3.38799
12195	-3.80730
12196	-3.89010
12197	-4.21068
12198	-4.14369
12199	-4.46718
12200	-4.05874
12201	-3.18741
12202	-1.83806
12203	0.47482
12204	3.34560
12205	6.22714
12206	9.18332
12207	10.47509
12208	10.64028
12209	9.93357
12210	8.12011
12211	7.99766
12212	7.11201
12213	5.92130
12214	4.56047
12215	2.54364
12216	1.55928
12217	1.08729
12218	-0.11868
12219	-0.05928
12220	0.04943
12221	0.11632
12222	0.09373
12223	0.04550
12224	0.00629
12225	-0.02231
12226	-0.02383
12227	0.01395
12228	0.07033
12229	0.10747
12230	0.10694
12231	0.08249
12232	0.05833
12233	0.04308
12234	0.03587
12235	0.03614
12236	0.04028
12237	0.04192
12238	0.03775
12239	0.02949
12240	0.01976
12241	0.01018
12242	0.00293
12243	0.00299
12244	0.01580
12245	0.03488
12246	0.04482
12247	0.03773
12248	0.01789
12249	-0.00329
12250	-0.01173
12251	-0.00392
12252	0.00880
12253	0.00605
12254	-0.02335
12255	-0.03412
12256	0.01862
12257	0.12440
12258	0.06192
12259	-0.68911
12260	0.13363
12261	-0.56446
12262	-1.39540
12263	-2.43766
12264	-2.94779
12265	-2.75577
12266	-3.20742
12267	-3.57614
12268	-3.88090
12269	-3.94107
12270	-4.38177
12271	-3.99131
12272	-3.07756
12273	-2.05266
12274	0.00203
12275	2.78085
12276	5.92243
12277	9.02194
12278	9.99527
12279	9.96291
12280	9.52531
12281	8.22505
12282	7.94425
12283	7.29818
12284	5.72266
12285	4.61913
12286	3.09637
12287	1.63049
12288	1.19370
12289	-0.12546
12290	-0.08060
12291	0.02692
12292	0.10367
12293	0.08859
12294	0.04147
12295	0.00242
12296	-0.02331
12297	-0.01560
12298	0.03473
12299	0.09482
12300	0.12280
12301	0.11110
12302	0.08130
12303	0.05511
12304	0.04156
12305	0.03904
12306	0.04136
12307	0.04269
12308	0.04141
12309	0.03688
12310	0.02822
12311	0.01697
12312	0.00693
12313	0.00244
12314	0.00688
12315	0.01811
12316	0.02924
12317	0.03471
12318	0.03257
12319	0.02276
12320	0.00699
12321	-0.00587
12322	-0.01017
12323	-0.01105
12324	-0.01894
12325	-0.03547
12326	-0.03692
12327	0.00676
12328	0.12389
12329	0.14587
12330	-1.35908
12331	-0.28751
12332	0.00352
12333	-0.72607
12334	-2.03666
12335	-2.76234
12336	-2.68527
12337	-3.18199
12338	-3.41581
12339	-3.62317
12340	-3.53196
12341	-3.60620
12342	-3.76631
12343	-3.43911
12344	-2.94035
12345	-1.64828
12346	0.67834
12347	3.63320
12348	6.86652
12349	9.00424
12350	9.19014
12351	9.07677
12352	7.71539
12353	7.31446
12354	7.20798
12355	5.71479
12356	4.85847
12357	3.57451
12358	1.98959
12359	1.33475
12360	0.91444
12361	-0.12221
12362	-0.04771
12363	0.05480
12364	0.09534
12365	0.06800
12366	0.02830
12367	-0.00543
12368	-0.02494
12369	-0.01182
12370	0.03241
12371	0.07900
12372	0.10464
12373	0.09929
12374	0.07189
12375	0.05000
12376	0.04154
12377	0.03899
12378	0.03929
12379	0.04113
12380	0.04115
12381	0.03686
12382	0.02762
12383	0.01640
12384	0.00739
12385	0.00275
12386	0.00840
12387	0.02603
12388	0.04362
12389	0.04788
12390	0.03710
12391	0.01640
12392	-0.00113
12393	-0.00203
12394	0.00437
12395	0.00448
12396	-0.01665
12397	-0.05207
12398	-0.03845
12399	0.05862
12400	0.16098
12401	-0.96506
12402	-0.61757
12403	0.05083
12404	-0.09712
12405	-1.18873
12406	-2.52575
12407	-2.52761
12408	-3.13031
12409	-3.66241
12410	-3.92567
12411	-4.31923
12412	-4.26075
12413	-4.28295
12414	-3.82754
12415	-3.34116
12416	-2.85353
12417	-1.63431
12418	0.46785
12419	3.36862
12420	6.61481
12421	8.34491
12422	8.77553
12423	8.63798
12424	8.19982
12425	8.34679
12426	7.40791
12427	6.39941
12428	5.53799
12429	3.76386
12430	2.81484
12431	1.90979
12432	1.02629
12433	-0.12586
12434	-0.06976
12435	0.02220
12436	0.08217
12437	0.06838
12438	0.02938
12439	-0.00619
12440	-0.03241
12441	-0.02832
12442	0.01681
12443	0.07313
12444	0.10346
12445	0.10297
12446	0.08559
12447	0.06582
12448	0.05418
12449	0.05372
12450	0.06022
12451	0.06387
12452	0.05916
12453	0.04791
12454	0.03350
12455	0.01969
12456	0.00889
12457	0.00412
12458	0.01353
12459	0.03681
12460	0.05493
12461	0.05157
12462	0.03318
12463	0.01240
12464	-0.00232
12465	-0.00336
12466	0.00627
12467	0.01463
12468	0.00958
12469	-0.00809
12470	-0.01535
12471	0.01754
12472	0.09623
12473	0.04385
12474	-0.67240
12475	-0.03618
12476	0.02068
12477	-1.47243
12478	-2.91779
12479	-2.32531
12480	-2.05868
12481	-3.29591
12482	-3.83784
12483	-4.53160
12484	-4.47885
12485	-4.52719
12486	-4.17493
12487	-3.45518
12488	-2.74915
12489	-1.13495
12490	1.30168
12491	4.18073
12492	7.30395
12493	9.27616
12494	9.84403
12495	9.54754
12496	8.65571
12497	8.67276
12498	8.04906
12499	6.95435
12500	5.44185
12501	3.78482
12502	2.52009
12503	1.69794
12504	0.75070
12505	-0.09528
12506	-0.03476
12507	0.04487
12508	0.08228
12509	0.06028
12510	0.02308
12511	-0.01197
12512	-0.03516
12513	-0.02664
12514	0.01793
12515	0.07244
12516	0.10422
12517	0.10343
12518	0.08356
12519	0.06230
12520	0.04974
12521	0.04707
12522	0.04965
12523	0.05211
12524	0.05048
12525	0.04251
12526	0.03043
12527	0.02049
12528	0.01636
12529	0.01987
12530	0.03191
12531	0.04563
12532	0.05013
12533	0.04257
12534	0.02859
12535	0.01138
12536	-0.00311
12537	-0.00425
12538	0.00312
12539	0.00413
12540	-0.01265
12541	-0.03129
12542	-0.00890
12543	0.07090
12544	0.12779
12545	-0.50337
12546	-0.67274
12547	0.22623
12548	-0.52124
12549	-1.65971
12550	-2.45757
12551	-1.79051
12552	-2.37941
12553	-3.11525
12554	-3.98803
12555	-4.62741
12556	-4.43243
12557	-4.50291
12558	-4.00432
12559	-3.36789
12560	-2.36814
12561	-0.54248
12562	1.96778
12563	4.97653
12564	7.82696
12565	9.19324
12566	9.63004
12567	9.03799
12568	7.93035
12569	7.58596
12570	6.93251
12571	5.93164
12572	4.26384
12573	2.96806
12574	2.02634
12575	1.01153
12576	-0.12739
12577	-0.09551
12578	-0.00429
12579	0.09362
12580	0.10748
12581	0.06513
12582	0.02099
12583	-0.01257
12584	-0.01673
12585	0.02029
12586	0.07341
12587	0.10448
12588	0.10059
12589	0.07620
12590	0.05059
12591	0.03521
12592	0.03089
12593	0.03408
12594	0.04021
12595	0.04398
12596	0.04234
12597	0.03629
12598	0.02677
12599	0.01606
12600	0.01059
12601	0.01664
12602	0.03213
12603	0.04209
12604	0.04121
12605	0.03561
12606	0.02655
12607	0.01260
12608	-0.00130
12609	-0.00414
12610	0.00612
12611	0.01358
12612	0.00350
12613	-0.01554
12614	-0.01973
12615	0.01864
12616	0.09052
12617	-0.37930
12618	-0.87019
12619	-0.08340
12620	-0.11347
12621	-1.57746
12622	-2.62050
12623	-2.25445
12624	-2.73245
12625	-3.58738
12626	-3.72546
12627	-4.16320
12628	-3.90568
12629	-4.15695
12630	-3.90498
12631	-3.17993
12632	-2.45944
12633	-1.03410
12634	1.36865
12635	4.22444
12636	7.19281
12637	9.06941
12638	9.25654
12639	8.92653
12640	8.10093
12641	8.01203
12642	7.41410
12643	6.13575
12644	4.49708
12645	3.06128
12646	2.19748
12647	1.74178
12648	0.32061
12649	-0.10618
12650	-0.03847
12651	0.05880
12652	0.09262
12653	0.05783
12654	0.01342
12655	-0.02386
12656	-0.03535
12657	0.00430
12658	0.06962
12659	0.10976
12660	0.11061
12661	0.08739
12662	0.06008
12663	0.04355
12664	0.03962
12665	0.04202
12666	0.04551
12667	0.04795
12668	0.04588
12669	0.03614
12670	0.02205
12671	0.00984
12672	0.00250
12673	0.00443
12674	0.01880
12675	0.03603
12676	0.03965
12677	0.02586
12678	0.00806
12679	-0.00145
12680	-0.00431
12681	-0.00751
12682	-0.01465
12683	-0.02682
12684	-0.03783
12685	-0.03449
12686	-0.01112
12687	0.03981
12688	0.09817
12689	-0.28439
12690	-0.61559
12691	0.19277
12692	-0.32815
12693	-1.71826
12694	-3.22437
12695	-2.26673
12696	-1.83748
12697	-3.00851
12698	-3.57462
12699	-3.81160
12700	-4.17636
12701	-4.54882
12702	-3.81463
12703	-2.97001
12704	-1.96822
12705	0.03485
12706	2.54051
12707	5.49237
12708	8.24975
12709	9.25160
12710	9.69553
12711	8.89556
12712	8.29517
12713	8.24825
12714	6.83760
12715	5.82761
12716	4.51189
12717	3.00413
12718	2.38487
12719	1.59541
12720	0.50007
12721	-0.12039
12722	-0.03881
12723	0.07666
12724	0.11130
12725	0.06940
12726	0.02079
12727	-0.01908
12728	-0.03813
12729	-0.01592
12730	0.03593
12731	0.07893
12732	0.09247
12733	0.08504
12734	0.07267
12735	0.06196
12736	0.05334
12737	0.04752
12738	0.04290
12739	0.03838
12740	0.03587
12741	0.03475
12742	0.03168
12743	0.02627
12744	0.02108
12745	0.02019
12746	0.02556
12747	0.03141
12748	0.03095
12749	0.02434
12750	0.01380
12751	0.00165
12752	-0.00580
12753	-0.00470
12754	0.00127
12755	0.00136
12756	-0.00935
12757	-0.01708
12758	-0.01564
12759	0.00033
12760	0.03974
12761	0.01977
12762	-0.51605
12763	-0.04425
12764	0.07143
12765	-1.64255
12766	-2.97422
12767	-2.15448
12768	-2.61306
12769	-3.35088
12770	-3.51221
12771	-4.12425
12772	-4.27103
12773	-4.77571
12774	-4.27197
12775	-3.10506
12776	-1.88203
12777	0.04657
12778	2.73500
12779	5.67846
12780	8.97448
12781	10.57526
12782	10.37208
12783	9.21274
12784	8.38375
12785	8.38122
12786	7.60392
12787	6.40522
12788	4.54773
12789	3.09370
12790	1.86681
12791	1.45105
12792	-0.11841
12793	-0.08865
12794	-0.00617
12795	0.08828
12796	0.10655
12797	0.06991
12798	0.02889
12799	-0.00246
12800	-0.00646
12801	0.02908
12802	0.07802
12803	0.10313
12804	0.10375
12805	0.09256
12806	0.07253
12807	0.05336
12808	0.04383
12809	0.04139
12810	0.04116
12811	0.03930
12812	0.03344
12813	0.02568
12814	0.01877
12815	0.01276
12816	0.00915
12817	0.01166
12818	0.02410
12819	0.04068
12820	0.04645
12821	0.03683
12822	0.01974
12823	0.00472
12824	-0.00476
12825	-0.00984
12826	-0.00870
12827	-0.00575
12828	-0.01248
12829	-0.00635
12830	0.05213
12831	0.14919
12832	-0.37802
12833	-0.85174
12834	0.03089
12835	-0.54692
12836	-1.25621
12837	-2.20034
12838	-1.73982
12839	-2.51291
12840	-3.59988
12841	-3.58356
12842	-4.11353
12843	-4.09238
12844	-4.28838
12845	-4.22965
12846	-3.46653
12847	-2.46324
12848	-0.78685
12849	1.67216
12850	4.86575
12851	8.26821
12852	10.27018
12853	10.50914
12854	9.82333
12855	8.41205
12856	8.06977
12857	7.58028
12858	6.14288
12859	4.88455
12860	2.99206
12861	1.72124
12862	1.27611
12863	0.38417
12864	-0.11873
12865	-0.01416
12866	0.10042
12867	0.12051
12868	0.07537
12869	0.03102
12870	-0.00292
12871	-0.02663
12872	-0.02387
12873	0.01596
12874	0.06911
12875	0.10324
12876	0.10615
12877	0.08098
12878	0.05247
12879	0.03721
12880	0.03053
12881	0.03001
12882	0.03593
12883	0.04298
12884	0.04301
12885	0.03567
12886	0.02605
12887	0.01856
12888	0.01628
12889	0.02121
12890	0.03261
12891	0.04341
12892	0.04330
12893	0.02886
12894	0.00754
12895	-0.00494
12896	-0.00132
12897	0.00751
12898	0.01140
12899	0.00472
12900	-0.00946
12901	-0.01175
12902	0.02477
12903	0.09133
12904	-0.88334
12905	-0.76925
12906	0.11306
12907	-0.28587
12908	-2.21132
12909	-3.10716
12910	-2.19734
12911	-2.99333
12912	-3.77646
12913	-4.24410
12914	-4.67734
12915	-5.04748
12916	-5.57709
12917	-4.55445
12918	-3.36790
12919	-1.68582
12920	0.93684
12921	3.70304
12922	6.60690
12923	9.35813
12924	10.30366
12925	10.81449
12926	9.91056
12927	8.79425
12928	8.66126
12929	7.71889
12930	6.34426
12931	4.86788
12932	3.35504
12933	1.98571
12934	1.05461
12935	-0.08274
12936	-0.02084
12937	0.05183
12938	0.08592
12939	0.06638
12940	0.02980
12941	-0.00569
12942	-0.03110
12943	-0.03189
12944	-0.00029
12945	0.05424
12946	0.10403
12947	0.12007
12948	0.10234
12949	0.07597
12950	0.05783
12951	0.04640
12952	0.04094
12953	0.04256
12954	0.04652
12955	0.04679
12956	0.04178
12957	0.03238
12958	0.02189
12959	0.01422
12960	0.01199
12961	0.01931
12962	0.03534
12963	0.04717
12964	0.04198
12965	0.02368
12966	0.00705
12967	0.00033
12968	-0.00056
12969	-0.00192
12970	-0.00751
12971	-0.01472
12972	-0.01740
12973	-0.01352
12974	0.01103
12975	0.07965
12976	0.09593
12977	-1.43392
12978	-0.34864
12979	-0.01778
12980	-1.14994
12981	-2.65897
12982	-3.10595
12983	-2.84359
12984	-3.86303
12985	-3.99527
12986	-4.42380
12987	-4.52419
12988	-4.62022
12989	-4.18374
12990	-3.10725
12991	-2.15324
12992	-0.52859
12993	2.03518
12994	5.05294
12995	8.35690
12996	10.13690
12997	10.16170
12998	9.95508
12999	8.42783
13000	8.19302
13001	8.06548
13002	6.44606
13003	5.18953
13004	3.52333
13005	1.86476
13006	0.91326
13007	-0.12051
13008	-0.07733
13009	0.01071
13010	0.09058
13011	0.09152
13012	0.05325
13013	0.01952
13014	-0.00517
13015	-0.01143
13016	0.01088
13017	0.05288
13018	0.08941
13019	0.10161
13020	0.09092
13021	0.07144
13022	0.05433
13023	0.04502
13024	0.04362
13025	0.04523
13026	0.04622
13027	0.04569
13028	0.04122
13029	0.03060
13030	0.01870
13031	0.01329
13032	0.01657
13033	0.02841
13034	0.04309
13035	0.04950
13036	0.04120
13037	0.02190
13038	0.00400
13039	-0.00289
13040	-0.00371
13041	-0.00785
13042	-0.01901
13043	-0.02527
13044	-0.01450
13045	0.01771
13046	0.09328
13047	0.13068
13048	-0.59764
13049	-0.45246
13050	0.08358
13051	-0.94848
13052	-1.91938
13053	-2.63855
13054	-2.12299
13055	-2.91017
13056	-3.25659
13057	-4.18856
13058	-5.12025
13059	-5.14677
13060	-4.61819
13061	-3.49675
13062	-2.46158
13063	-0.97861
13064	1.54044
13065	4.40974
13066	7.61084
13067	9.90346
13068	10.19826
13069	10.55477
13070	9.59783
13071	8.31083
13072	7.77395
13073	6.43826
13074	4.65403
13075	3.45846
13076	2.12590
13077	1.10060
13078	0.37674
13079	-0.07123
13080	-0.01300
13081	0.05711
13082	0.07852
13083	0.05111
13084	0.01661
13085	-0.00920
13086	-0.01240
13087	0.01906
13088	0.07188
13089	0.11182
13090	0.12028
13091	0.10215
13092	0.07341
13093	0.05302
13094	0.04751
13095	0.05113
13096	0.05430
13097	0.05197
13098	0.04501
13099	0.03589
13100	0.02629
13101	0.01904
13102	0.01826
13103	0.02739
13104	0.04267
13105	0.05202
13106	0.05103
13107	0.04241
13108	0.02552
13109	0.00545
13110	-0.00154
13111	0.00273
13112	0.00488
13113	-0.00187
13114	-0.01769
13115	-0.02357
13116	-0.01143
13117	0.03581
13118	0.12233
13119	-0.62211
13120	-1.17303
13121	-0.00003
13122	-0.09081
13123	-1.39818
13124	-3.20374
13125	-3.10647
13126	-3.12612
13127	-3.67575
13128	-3.87502
13129	-4.47753
13130	-4.58634
13131	-4.52815
13132	-3.86225
13133	-3.15276
13134	-2.10001
13135	-0.01978
13136	2.48815
13137	5.01119
13138	7.46056
13139	8.66105
13140	9.15532
13141	8.69325
13142	7.72397
13143	7.74922
13144	6.36841
13145	5.13711
13146	4.21519
13147	2.56289
13148	1.68160
13149	1.03259
13150	-0.14679
13151	-0.12582
13152	-0.04323
13153	0.07531
13154	0.11533
13155	0.08136
13156	0.04133
13157	0.01365
13158	0.00449
13159	0.02202
13160	0.05400
13161	0.07810
13162	0.08750
13163	0.08607
13164	0.07582
13165	0.06311
13166	0.05559
13167	0.05441
13168	0.05682
13169	0.05630
13170	0.04707
13171	0.03259
13172	0.02041
13173	0.01369
13174	0.01500
13175	0.02645
13176	0.04047
13177	0.04578
13178	0.03586
13179	0.01507
13180	0.00115
13181	0.00077
13182	0.00246
13183	-0.00314
13184	-0.02835
13185	-0.04933
13186	-0.03651
13187	-0.01242
13188	0.02100
13189	0.05958
13190	-0.15867
13191	-0.61922
13192	-0.02331
13193	-0.08762
13194	-1.18547
13195	-3.21137
13196	-3.07801
13197	-2.35891
13198	-3.14523
13199	-3.82128
13200	-4.53237
13201	-4.43477
13202	-4.22931
13203	-3.68355
13204	-2.80593
13205	-1.95643
13206	-0.30692
13207	2.21158
13208	5.17751
13209	8.20792
13210	9.78451
13211	10.28217
13212	9.80027
13213	8.64300
13214	8.56614
13215	7.45367
13216	6.02095
13217	4.81384
13218	2.96204
13219	2.04533
13220	1.27892
13221	-0.11739
13222	-0.06790
13223	0.01744
13224	0.08752
13225	0.08563
13226	0.05148
13227	0.02153
13228	0.00562
13229	0.01345
13230	0.04191
13231	0.07142
13232	0.08599
13233	0.08546
13234	0.07575
13235	0.06468
13236	0.05783
13237	0.05470
13238	0.05359
13239	0.05350
13240	0.05263
13241	0.04769
13242	0.03725
13243	0.02501
13244	0.01663
13245	0.01472
13246	0.01967
13247	0.03048
13248	0.04410
13249	0.05231
13250	0.04411
13251	0.02257
13252	0.00469
13253	-0.00032
13254	0.00214
13255	0.00396
13256	-0.00357
13257	-0.01770
13258	-0.01129
13259	0.04013
13260	0.13631
13261	0.11692
13262	-0.90232
13263	-0.18934
13264	0.02729
13265	-0.82253
13266	-1.76740
13267	-3.00332
13268	-2.27065
13269	-2.59146
13270	-3.48718
13271	-4.08862
13272	-4.39596
13273	-4.63603
13274	-4.38435
13275	-3.33711
13276	-2.34042
13277	-0.90449
13278	1.36573
13279	4.06262
13280	7.30554
13281	9.57854
13282	10.09496
13283	10.31602
13284	8.91766
13285	8.09478
13286	7.29336
13287	5.89977
13288	4.95177
13289	3.74565
13290	2.70527
13291	1.83289
13292	0.65931
13293	-0.09043
13294	-0.00773
13295	0.07353
13296	0.07962
13297	0.04301
13298	0.01117
13299	-0.01261
13300	-0.02564
13301	-0.01740
13302	0.01959
13303	0.06876
13304	0.09921
13305	0.10059
13306	0.08581
13307	0.06865
13308	0.05387
13309	0.04538
13310	0.04593
13311	0.05131
13312	0.05492
13313	0.05338
13314	0.04531
13315	0.03300
13316	0.02155
13317	0.01545
13318	0.01995
13319	0.03686
13320	0.05275
13321	0.05164
13322	0.03424
13323	0.01365
13324	0.00090
13325	0.00049
13326	0.00696
13327	0.01133
13328	0.00480
13329	-0.01337
13330	-0.02119
13331	-0.00728
13332	0.03468
13333	0.08034
13334	-0.62525
13335	-0.63639
13336	0.19548
13337	-0.62323
13338	-2.22396
13339	-2.72550
13340	-2.38350
13341	-3.30128
13342	-3.82188
13343	-4.34178
13344	-4.90396
13345	-4.94703
13346	-4.67956
13347	-3.64787
13348	-2.63147
13349	-1.21379
13350	1.08994
13351	4.00575
13352	7.13514
13353	9.76967
13354	10.45658
13355	10.05362
13356	9.13502
13357	8.10356
13358	7.67085
13359	6.69552
13360	5.31521
13361	3.80204
13362	2.45780
13363	1.56113
13364	0.74467
13365	-0.08775
13366	-0.01602
13367	0.07205
13368	0.09993
13369	0.06893
13370	0.02976
13371	-0.00290
13372	-0.02144
13373	-0.00550
13374	0.04828
13375	0.10742
13376	0.13255
13377	0.11426
13378	0.07933
13379	0.05401
13380	0.04156
13381	0.03791
13382	0.04012
13383	0.04459
13384	0.04513
13385	0.03693
13386	0.02428
13387	0.01239
13388	0.00285
13389	-0.00159
13390	0.00237
13391	0.01598
13392	0.03342
13393	0.04140
13394	0.03275
13395	0.01683
13396	0.00438
13397	-0.00146
13398	-0.00337
13399	-0.00721
13400	-0.01906
13401	-0.03402
13402	-0.03342
13403	-0.00292
13404	0.07119
13405	0.13578
13406	-0.53163
13407	-0.61698
13408	0.13141
13409	-0.60875
13410	-2.23255
13411	-2.95197
13412	-2.67328
13413	-2.98098
13414	-3.42520
13415	-4.04623
13416	-4.52500
13417	-4.56316
13418	-4.26301
13419	-3.25044
13420	-2.48672
13421	-1.64204
13422	0.49452
13423	3.59990
13424	6.97703
13425	9.74449
13426	10.26520
13427	10.10590
13428	9.22661
13429	8.07681
13430	7.86459
13431	6.59240
13432	4.76433
13433	3.60679
13434	2.03443
13435	0.85765
13436	0.44677
13437	-0.07844
13438	-0.00935
13439	0.07814
13440	0.10442
13441	0.07054
13442	0.02926
13443	-0.00523
13444	-0.02939
13445	-0.02447
13446	0.02262
13447	0.08464
13448	0.11298
13449	0.10346
13450	0.08049
13451	0.05855
13452	0.04655
13453	0.04508
13454	0.04856
13455	0.05237
13456	0.05316
13457	0.04530
13458	0.03053
13459	0.01656
13460	0.00790
13461	0.00854
13462	0.02168
13463	0.04030
13464	0.05115
13465	0.04720
13466	0.02811
13467	0.00632
13468	-0.00015
13469	0.00303
13470	0.00467
13471	-0.00037
13472	-0.01710
13473	-0.02487
13474	-0.01989
13475	-0.00008
13476	0.06060
13477	0.09619
13478	-0.74258
13479	-0.17337
13480	0.27865
13481	-1.10217
13482	-2.52887
13483	-2.80332
13484	-2.05466
13485	-3.01990
13486	-3.41416
13487	-3.76835
13488	-4.17909
13489	-4.56863
13490	-4.31784
13491	-3.50237
13492	-2.65048
13493	-0.79843
13494	1.91609
13495	4.69372
13496	7.65639
13497	9.27109
13498	9.52884
13499	9.53298
13500	8.28804
13501	8.04992
13502	7.29614
13503	5.79952
13504	4.90816
13505	3.47712
13506	1.99319
13507	1.18220
13508	-0.09853
13509	-0.05863
13510	0.00599
13511	0.05164
13512	0.04969
13513	0.02594
13514	0.00159
13515	-0.01819
13516	-0.02626
13517	-0.00885
13518	0.03672
13519	0.08328
13520	0.10465
13521	0.09979
13522	0.07629
13523	0.05203
13524	0.04270
13525	0.04466
13526	0.04890
13527	0.05074
13528	0.04890
13529	0.04127
13530	0.02951
13531	0.01874
13532	0.01402
13533	0.01986
13534	0.03434
13535	0.04909
13536	0.05653
13537	0.04946
13538	0.02710
13539	0.00430
13540	0.00074
13541	0.00436
13542	0.00633
13543	0.00168
13544	-0.03043
13545	-0.04665
13546	-0.02548
13547	0.02846
13548	0.12220
13549	0.06336
13550	-1.01566
13551	0.14178
13552	-0.43629
13553	-2.29541
13554	-3.65709
13555	-2.86199
13556	-3.03621
13557	-3.85278
13558	-4.07867
13559	-4.74390
13560	-4.67442
13561	-4.66346
13562	-3.75629
13563	-2.61410
13564	-1.35407
13565	0.67830
13566	3.32534
13567	6.21092
13568	9.09138
13569	9.96844
13570	9.94901
13571	9.27213
13572	7.93203
13573	7.74007
13574	6.51060
13575	5.69337
13576	4.51874
13577	2.62903
13578	1.84792
13579	1.14804
13580	-0.08184
13581	-0.02759
13582	0.04976
13583	0.08746
13584	0.06312
13585	0.02091
13586	-0.01767
13587	-0.04771
13588	-0.05040
13589	-0.00732
13590	0.06696
13591	0.12282
13592	0.13017
13593	0.10447
13594	0.07321
13595	0.05228
13596	0.04437
13597	0.04409
13598	0.04452
13599	0.04291
13600	0.03958
13601	0.03300
13602	0.02230
13603	0.01102
13604	0.00360
13605	0.00525
13606	0.01921
13607	0.03727
13608	0.04139
13609	0.02787
13610	0.01245
13611	0.00411
13612	0.00017
13613	-0.00151
13614	-0.00231
13615	-0.01119
13616	-0.03112
13617	-0.02850
13618	0.03751
13619	0.15510
13620	0.08765
13621	-0.63869
13622	0.34297
13623	-0.80569
13624	-1.84001
13625	-2.19093
13626	-2.15661
13627	-3.32820
13628	-4.05100
13629	-3.74789
13630	-4.31639
13631	-4.90987
13632	-5.33550
13633	-4.29063
13634	-2.78366
13635	-1.48218
13636	0.57642
13637	3.33116
13638	6.69793
13639	10.34166
13640	11.80173
13641	11.74183
13642	11.40426
13643	9.50444
13644	8.68753
13645	7.59911
13646	5.96868
13647	4.41583
13648	2.76377
13649	1.92694
13650	1.03732
13651	-0.07413
13652	-0.02074
13653	0.05784
13654	0.09435
13655	0.07277
13656	0.03811
13657	0.01187
13658	0.00007
13659	0.00777
13660	0.03630
13661	0.07254
13662	0.09686
13663	0.10204
13664	0.09217
13665	0.07518
13666	0.05922
13667	0.04940
13668	0.04458
13669	0.04130
13670	0.03915
13671	0.03674
13672	0.03128
13673	0.02391
13674	0.01708
13675	0.01267
13676	0.01353
13677	0.02224
13678	0.03529
13679	0.04357
13680	0.04363
13681	0.03595
13682	0.01885
13683	0.00183
13684	-0.00041
13685	0.00783
13686	0.01421
13687	0.00416
13688	-0.01907
13689	-0.02288
13690	0.02776
13691	0.13860
13692	0.08369
13693	-1.38832
13694	-0.04662
13695	-0.06161
13696	-1.56537
13697	-3.33735
13698	-3.11142
13699	-3.10926
13700	-3.75632
13701	-3.93457
13702	-4.72836
13703	-5.05667
13704	-5.09079
13705	-4.20818
13706	-3.18126
13707	-2.18297
13708	-0.51169
13709	1.77889
13710	4.46728
13711	7.42704
13712	9.18072
13713	9.48930
13714	9.03093
13715	8.47168
13716	8.40727
13717	7.35142
13718	6.09922
13719	5.07007
13720	3.59922
13721	2.31689
13722	1.42731
13723	-0.12182
13724	-0.08797
13725	0.00510
13726	0.09466
13727	0.10196
13728	0.06174
13729	0.02087
13730	-0.01450
13731	-0.03345
13732	-0.01463
13733	0.04332
13734	0.10207
13735	0.11959
13736	0.09824
13737	0.06694
13738	0.04546
13739	0.03570
13740	0.03287
13741	0.03472
13742	0.03887
13743	0.04144
13744	0.03815
13745	0.02913
13746	0.01818
13747	0.00826
13748	0.00411
13749	0.00960
13750	0.02406
13751	0.03834
13752	0.03960
13753	0.02675
13754	0.00941
13755	-0.00111
13756	-0.00139
13757	0.00297
13758	0.00473
13759	-0.00885
13760	-0.03534
13761	-0.03967
13762	0.01231
13763	0.11940
13764	0.06870
13765	-1.03037
13766	0.06393
13767	-0.43114
13768	-1.43136
13769	-2.68258
13770	-2.80845
13771	-2.33147
13772	-2.58166
13773	-2.83301
13774	-3.38355
13775	-3.58831
13776	-4.07188
13777	-3.79958
13778	-3.04701
13779	-2.40068
13780	-1.15247
13781	0.85754
13782	3.51483
13783	6.88619
13784	9.03675
13785	9.56015
13786	9.48353
13787	8.51093
13788	8.70190
13789	7.70817
13790	5.88781
13791	4.81920
13792	3.28034
13793	1.92917
13794	1.16623
13795	-0.12155
13796	-0.09655
13797	-0.02296
13798	0.05697
13799	0.07236
13800	0.04426
13801	0.01142
13802	-0.01828
13803	-0.03596
13804	-0.02727
13805	0.01078
13806	0.05791
13807	0.08839
13808	0.09442
13809	0.07873
13810	0.05377
13811	0.03722
13812	0.03173
13813	0.03234
13814	0.03463
13815	0.03534
13816	0.03194
13817	0.02389
13818	0.01401
13819	0.00595
13820	0.00339
13821	0.00994
13822	0.02446
13823	0.03909
13824	0.04343
13825	0.03480
13826	0.01779
13827	-0.00136
13828	-0.01655
13829	-0.02235
13830	-0.01424
13831	-0.00324
13832	-0.00909
13833	-0.01517
13834	0.01536
13835	0.08583
13836	0.04654
13837	-0.73910
13838	-0.02170
13839	-0.10540
13840	-1.44777
13841	-2.65483
13842	-1.96510
13843	-2.18073
13844	-3.61101
13845	-3.74202
13846	-4.45986
13847	-4.61090
13848	-4.74230
13849	-4.40717
13850	-3.60088
13851	-2.61040
13852	-0.70005
13853	1.76518
13854	4.65374
13855	7.81796
13856	9.77632
13857	10.28959
13858	10.15671
13859	8.81771
13860	8.55600
13861	7.55643
13862	6.26612
13863	5.61139
13864	3.84002
13865	2.36157
13866	1.61978
13867	0.73116
13868	-0.10016
13869	-0.01887
13870	0.08077
13871	0.10402
13872	0.07010
13873	0.03133
13874	-0.00394
13875	-0.02851
13876	-0.02346
13877	0.02017
13878	0.07644
13879	0.10449
13880	0.09775
13881	0.07340
13882	0.04984
13883	0.03785
13884	0.03595
13885	0.03879
13886	0.04146
13887	0.04306
13888	0.04254
13889	0.03666
13890	0.02626
13891	0.01688
13892	0.01162
13893	0.01333
13894	0.02527
13895	0.04311
13896	0.05253
13897	0.04461
13898	0.02521
13899	0.00495
13900	-0.00472
13901	-0.00261
13902	0.00265
13903	0.00163
13904	-0.01506
13905	-0.02298
13906	0.00961
13907	0.08811
13908	0.12244
13909	-1.00986
13910	-0.49769
13911	0.11226
13912	-0.93401
13913	-2.82644
13914	-2.98511
13915	-2.45725
13916	-3.35356
13917	-3.71787
13918	-4.52503
13919	-5.17406
13920	-4.98047
13921	-4.38028
13922	-3.48876
13923	-2.72873
13924	-1.46404
13925	0.84453
13926	3.88495
13927	7.14792
13928	9.86414
13929	11.00797
13930	10.72917
13931	9.63035
13932	9.00602
13933	7.95963
13934	6.95620
13935	5.77950
13936	4.03909
13937	2.17494
13938	1.46719
13939	-0.08960
13940	-0.05345
13941	0.01366
13942	0.07897
13943	0.08665
13944	0.05795
13945	0.02479
13946	-0.00476
13947	-0.02216
13948	-0.01443
13949	0.02525
13950	0.07908
13951	0.11237
13952	0.11004
13953	0.08606
13954	0.06066
13955	0.04432
13956	0.03638
13957	0.03381
13958	0.03602
13959	0.04271
13960	0.04730
13961	0.04147
13962	0.02936
13963	0.01689
13964	0.00636
13965	0.00521
13966	0.01980
13967	0.04183
13968	0.04984
13969	0.03728
13970	0.02036
13971	0.00961
13972	0.00318
13973	-0.00007
13974	0.00138
13975	0.00378
13976	-0.00143
13977	-0.00905
13978	-0.00927
13979	0.01270
13980	0.08173
13981	0.10893
13982	-1.14892
13983	-0.46506
13984	0.22442
13985	-1.72290
13986	-3.52208
13987	-3.23845
13988	-3.34399
13989	-4.49794
13990	-4.38934
13991	-5.05175
13992	-5.09573
13993	-4.59628
13994	-4.15383
13995	-3.19100
13996	-1.73029
13997	0.54604
13998	3.13645
13999	5.32380
14000	7.46570
14001	9.47999
14002	9.96820
14003	9.67279
14004	8.15043
14005	7.52514
14006	6.93759
14007	5.90316
14008	4.89008
14009	3.02680
14010	1.53211
14011	1.37857
14012	0.55214
14013	-0.07469
14014	-0.00444
14015	0.07061
14016	0.08716
14017	0.05709
14018	0.02419
14019	-0.00071
14020	-0.00773
14021	0.01673
14022	0.06214
14023	0.09294
14024	0.09675
14025	0.08694
14026	0.07191
14027	0.05645
14028	0.04629
14029	0.04300
14030	0.04378
14031	0.04540
14032	0.04556
14033	0.04205
14034	0.03353
14035	0.02172
14036	0.01050
14037	0.00349
14038	0.00531
14039	0.01899
14040	0.03755
14041	0.04053
14042	0.01949
14043	-0.00022
14044	-0.00016
14045	0.00096
14046	-0.00053
14047	-0.01941
14048	-0.06973
14049	-0.09571
14050	-0.06210
14051	0.01658
14052	0.11379
14053	0.07017
14054	-0.81936
14055	-0.14202
14056	0.15596
14057	-1.01674
14058	-2.91896
14059	-2.99366
14060	-2.96361
14061	-3.73829
14062	-4.01349
14063	-4.78943
14064	-4.86772
14065	-4.86352
14066	-4.11414
14067	-2.99160
14068	-2.06601
14069	-0.33483
14070	2.51741
14071	5.78582
14072	8.74596
14073	10.43456
14074	10.70595
14075	10.12950
14076	8.77527
14077	8.71424
14078	7.87959
14079	6.35154
14080	5.11372
14081	3.33215
14082	2.00075
14083	1.35722
14084	-0.09478
14085	-0.06353
14086	0.00557
14087	0.08395
14088	0.09343
14089	0.05522
14090	0.01583
14091	-0.01531
14092	-0.02746
14093	-0.00192
14094	0.05950
14095	0.11233
14096	0.12134
14097	0.09939
14098	0.07243
14099	0.05466
14100	0.04848
14101	0.05026
14102	0.05405
14103	0.05383
14104	0.04770
14105	0.03876
14106	0.03041
14107	0.02370
14108	0.01922
14109	0.01852
14110	0.02487
14111	0.03698
14112	0.04705
14113	0.04792
14114	0.03803
14115	0.02043
14116	0.00346
14117	-0.00456
14118	-0.00234
14119	0.00470
14120	0.00243
14121	-0.01473
14122	-0.02145
14123	0.02207
14124	0.11735
14125	0.07751
14126	-1.16874
14127	-0.14305
14128	-0.08693
14129	-0.97806
14130	-2.66337
14131	-2.69983
14132	-2.94448
14133	-3.66369
14134	-3.66268
14135	-4.36197
14136	-4.53035
14137	-4.55673
14138	-4.21859
14139	-3.04951
14140	-1.59977
14141	0.44165
14142	2.94826
14143	5.67475
14144	8.51127
14145	10.31605
14146	10.33627
14147	9.61333
14148	8.46669
14149	8.36188
14150	7.79488
14151	6.23370
14152	4.94406
14153	3.18771
14154	1.77393
14155	1.08444
14156	-0.10924
14157	-0.05742
14158	0.02820
14159	0.08630
14160	0.07348
14161	0.03562
14162	0.00213
14163	-0.02648
14164	-0.04181
14165	-0.02194
14166	0.03766
14167	0.09653
14168	0.11789
14169	0.10719
14170	0.08426
14171	0.06314
14172	0.05092
14173	0.04724
14174	0.04773
14175	0.04897
14176	0.04777
14177	0.04082
14178	0.03060
14179	0.02058
14180	0.01158
14181	0.00776
14182	0.01436
14183	0.03180
14184	0.04954
14185	0.05247
14186	0.03706
14187	0.01369
14188	-0.00217
14189	-0.00293
14190	0.00273
14191	0.00434
14192	-0.00780
14193	-0.03140
14194	-0.03316
14195	0.02379
14196	0.13828
14197	0.06699
14198	-1.18436
14199	0.07670
14200	-0.13624
14201	-1.65309
14202	-3.03560
14203	-2.85230
14204	-2.15086
14205	-2.77416
14206	-3.62875
14207	-4.74424
14208	-5.10556
14209	-5.35538
14210	-4.32349
14211	-3.27727
14212	-2.85264
14213	-1.67754
14214	0.66688
14215	3.85939
14216	7.30963
14217	9.21747
14218	9.92109
14219	9.96029
14220	9.12532
14221	9.17626
14222	8.04829
14223	6.34988
14224	5.62316
14225	4.17698
14226	2.72456
14227	2.08977
14228	0.92697
14229	-0.10676
14230	-0.04889
14231	0.05099
14232	0.10196
14233	0.07832
14234	0.03396
14235	-0.00838
14236	-0.04214
14237	-0.04120
14238	0.01058
14239	0.07979
14240	0.11133
14241	0.10101
14242	0.07741
14243	0.05648
14244	0.04524
14245	0.04509
14246	0.05283
14247	0.05879
14248	0.05715
14249	0.05093
14250	0.04158
14251	0.02999
14252	0.02032
14253	0.01592
14254	0.01850
14255	0.02823
14256	0.04019
14257	0.04626
14258	0.04054
14259	0.02308
14260	0.00490
14261	-0.00222
14262	-0.00097
14263	0.00097
14264	-0.00331
14265	-0.01864
14266	-0.02341
14267	0.01066
14268	0.10342
14269	0.16556
14270	-1.52051
14271	-0.58165
14272	0.22376
14273	-1.32548
14274	-3.12598
14275	-3.18826
14276	-2.57466
14277	-3.62065
14278	-3.81723
14279	-4.23093
14280	-4.72640
14281	-4.64887
14282	-4.31665
14283	-3.47750
14284	-2.76561
14285	-1.41988
14286	1.07490
14287	4.06988
14288	7.12927
14289	9.27275
14290	9.76881
14291	9.51334
14292	8.73089
14293	8.45710
14294	7.76576
14295	6.38556
14296	5.64796
14297	4.48619
14298	2.63455
14299	2.00172
14300	1.16463
14301	-0.10046
14302	-0.03270
14303	0.05301
14304	0.08921
14305	0.06664
14306	0.03215
14307	0.00231
14308	-0.02252
14309	-0.03175
14310	-0.00727
14311	0.04660
14312	0.09063
14313	0.10264
14314	0.09270
14315	0.07263
14316	0.05237
14317	0.04207
14318	0.04403
14319	0.05147
14320	0.05385
14321	0.04769
14322	0.03642
14323	0.02466
14324	0.01416
14325	0.00557
14326	0.00261
14327	0.00752
14328	0.01807
14329	0.02985
14330	0.03538
14331	0.02735
14332	0.00958
14333	-0.00491
14334	-0.00887
14335	-0.00278
14336	0.00529
14337	0.00109
14338	-0.01381
14339	-0.02136
14340	-0.01156
14341	0.02726
14342	0.07221
14343	-0.62277
14344	-0.58957
14345	0.24414
14346	-1.03570
14347	-3.05985
14348	-2.79221
14349	-2.18205
14350	-3.28413
14351	-3.51228
14352	-4.10455
14353	-4.55281
14354	-4.41486
14355	-4.50234
14356	-3.90508
14357	-2.99576
14358	-1.52609
14359	0.88088
14360	3.55587
14361	6.37731
14362	9.13127
14363	10.05156
14364	10.22887
14365	9.55464
14366	8.82681
14367	8.45050
14368	7.12615
14369	6.04359
14370	4.37125
14371	2.48592
14372	2.16733
14373	1.23294
14374	-0.08136
14375	-0.01928
14376	0.05577
14377	0.09007
14378	0.06868
14379	0.03524
14380	0.00639
14381	-0.01904
14382	-0.03237
14383	-0.01669
14384	0.03511
14385	0.09318
14386	0.11167
14387	0.09280
14388	0.06754
14389	0.04730
14390	0.03534
14391	0.03231
14392	0.03374
14393	0.03390
14394	0.03145
14395	0.02841
14396	0.02437
14397	0.01825
14398	0.01324
14399	0.01480
14400	0.02361
14401	0.03374
14402	0.03816
14403	0.03464
14404	0.02596
14405	0.01464
14406	0.00403
14407	-0.00190
14408	-0.00648
14409	-0.01500
14410	-0.02860
14411	-0.04212
14412	-0.04025
14413	-0.00277
14414	0.11152
14415	0.15738
14416	-1.37866
14417	-0.53432
14418	0.08015
14419	-1.72535
14420	-2.63518
14421	-2.35174
14422	-1.98268
14423	-3.23413
14424	-3.74753
14425	-4.31960
14426	-4.71020
14427	-4.58055
14428	-4.28502
14429	-3.43318
14430	-2.65621
14431	-1.50257
14432	0.44290
14433	3.21954
14434	6.63783
14435	9.77300
14436	10.82450
14437	10.67435
14438	9.71939
14439	9.22876
14440	8.46625
14441	7.05058
14442	5.57617
14443	4.10428
14444	2.77873
14445	2.02116
14446	1.13093
14447	-0.09392
14448	-0.05949
14449	0.01001
14450	0.07812
14451	0.08684
14452	0.05506
14453	0.01732
14454	-0.01814
14455	-0.03716
14456	-0.01448
14457	0.04537
14458	0.09931
14459	0.11606
14460	0.10073
14461	0.07319
14462	0.05277
14463	0.04493
14464	0.04513
14465	0.04881
14466	0.05333
14467	0.05281
14468	0.04210
14469	0.02788
14470	0.01634
14471	0.00810
14472	0.00606
14473	0.01507
14474	0.03259
14475	0.04447
14476	0.04067
14477	0.02548
14478	0.01048
14479	0.00111
14480	-0.00493
14481	-0.01050
14482	-0.01592
14483	-0.02164
14484	-0.02462
14485	-0.01640
14486	0.00858
14487	0.06909
14488	0.11328
14489	-0.98405
14490	-0.60898
14491	0.08954
14492	-1.13506
14493	-2.07785
14494	-2.28906
14495	-2.09719
14496	-2.99042
14497	-3.66410
14498	-4.14470
14499	-4.36239
14500	-4.39254
14501	-4.15064
14502	-3.28601
14503	-2.50511
14504	-1.50988
14505	0.45045
14506	3.10574
14507	6.40041
14508	9.28604
14509	10.06334
14510	9.97430
14511	9.24605
14512	8.54511
14513	8.01003
14514	6.52933
14515	4.91305
14516	3.74179
14517	2.28928
14518	1.75084
14519	0.82644
14520	-0.09424
14521	-0.05943
14522	0.00753
14523	0.07598
14524	0.08273
14525	0.05234
14526	0.02329
14527	-0.00144
14528	-0.01630
14529	-0.00647
14530	0.03029
14531	0.07336
14532	0.09109
14533	0.08055
14534	0.06094
14535	0.04307
14536	0.03292
14537	0.03099
14538	0.03351
14539	0.03777
14540	0.03986
14541	0.03437
14542	0.02417
14543	0.01363
14544	0.00325
14545	-0.00110
14546	0.00692
14547	0.02066
14548	0.02595
14549	0.02038
14550	0.01019
14551	0.00079
14552	-0.00367
14553	-0.00385
14554	-0.00372
14555	-0.00716
14556	-0.01934
14557	-0.03737
14558	-0.04691
14559	-0.03515
14560	0.00858
14561	0.06421
14562	-0.62912
14563	-0.57591
14564	-0.01506
14565	-0.02850
14566	-0.92937
14567	-1.96569
14568	-1.64267
14569	-1.49426
14570	-2.07352
14571	-2.32769
14572	-2.53090
14573	-2.46457
14574	-2.76908
14575	-2.92953
14576	-2.71972
14577	-2.28848
14578	-1.60594
14579	-0.77407
14580	0.29067
14581	2.08215
14582	4.12482
14583	5.74923
14584	6.35878
14585	6.79820
14586	6.95941
14587	6.53710
14588	5.87129
14589	4.95055
14590	4.50934
14591	3.47216
14592	2.71338
14593	1.65463
14594	0.89056
14595	0.86636
14596	0.63254
14597	0.45986
14598	-0.09705
14599	-0.08941
14600	-0.02158
14601	0.07154
14602	0.10115
14603	0.07563
14604	0.04794
14605	0.03927
14606	0.04817
14607	0.06145
14608	0.06650
14609	0.06272
14610	0.05680
14611	0.05539
14612	0.05853
14613	0.05927
14614	0.05175
14615	0.04046
14616	0.03295
14617	0.03061
14618	0.03056
14619	0.02867
14620	0.02298
14621	0.01615
14622	0.01066
14623	0.00748
14624	0.00932
14625	0.01544
14626	0.01819
14627	0.01356
14628	0.00602
14629	0.00108
14630	-0.00020
14631	-0.00002
14632	-0.00408
14633	-0.01379
14634	-0.01768
14635	-0.01714
14636	-0.01282
14637	0.00588
14638	0.02075
14639	-0.00939
14640	-0.08340
14641	-0.10117
14642	0.00647
14643	0.09943
14644	0.08062
14645	0.04356
14646	0.03746
14647	0.03872
14648	0.03042
14649	0.02326
14650	0.02291
14651	0.02381
14652	0.02250
14653	0.01979
14654	0.01602
14655	0.01181
14656	0.00881
14657	0.00738
14658	0.00548
14659	0.00057
14660	-0.00941
14661	-0.02170
14662	-0.03038
14663	-0.03594
14664	-0.04207
14665	-0.04950
14666	-0.05431
14667	-0.05458
14668	-0.05473
14669	-0.05633
14670	-0.05525
14671	-0.05144
14672	-0.04835
14673	-0.04368
14674	-0.03613
14675	-0.03232
14676	-0.03552
14677	-0.04221
14678	-0.04933
14679	-0.05880
14680	-0.07580
14681	-0.10210
14682	-0.12643
14683	-0.12323
14684	-0.05640
14685	0.06379
14686	0.12600
14687	0.09368
14688	0.05068
14689	0.03260
14690	0.03042
14691	0.03871
14692	0.05512
14693	0.07387
14694	0.08044
14695	0.06708
14696	0.04677
14697	0.03219
14698	0.02474
14699	0.02171
14700	0.02145
14701	0.02415
14702	0.02700
14703	0.02437
14704	0.01741
14705	0.01256
14706	0.01209
14707	0.01205
14708	0.00713
14709	-0.00078
14710	-0.00533
14711	-0.00605
14712	-0.00602
14713	-0.00459
14714	-0.00030
14715	0.00190
14716	-0.00020
14717	-0.00216
14718	-0.00452
14719	-0.00944
14720	-0.01237
14721	-0.00499
14722	-0.00015
14723	-0.01194
14724	-0.02908
14725	-0.08238
14726	-0.41523
14727	-0.13309
14728	0.82493
14729	0.05469
14730	-0.90044
14731	-0.75644
14732	-0.50053
14733	-0.31307
14734	-0.45566
14735	-0.70940
14736	-0.61339
14737	-0.56456
14738	-0.61044
14739	-0.57855
14740	-0.52048
14741	-0.47431
14742	-0.32651
14743	-0.20625
14744	-0.17854
14745	-0.12349
14746	-0.01493
14747	0.05884
14748	0.06844
14749	0.05511
14750	0.08660
14751	0.17198
14752	0.23459
14753	0.20612
14754	0.22724
14755	0.39574
14756	0.52584
14757	0.43473
14758	0.27649
14759	0.23770
14760	0.34452
14761	0.40186
14762	0.35087
14763	0.36080
14764	0.40108
14765	0.34046
14766	0.16143
14767	0.00028
14768	-0.03621
14769	-0.01394
14770	0.02426
14771	0.13131
14772	0.31063
14773	0.46286
14774	0.55583
14775	0.76017
14776	1.25089
14777	2.00657
14778	2.36807
14779	2.54920
14780	3.27417
14781	3.66176
14782	3.10156
14783	3.04270
14784	3.24025
14785	2.19347
14786	1.10057
14787	1.12928
14788	0.51117
14789	-0.11022
14790	-0.00152
14791	0.06409
14792	0.05024
14793	0.02265
14794	0.01145
14795	0.00985
14796	0.01210
14797	0.01445
14798	0.01533
14799	0.01704
14800	0.02003
14801	0.02282
14802	0.02483
14803	0.02512
14804	0.02428
14805	0.02349
14806	0.02222
14807	0.02055
14808	0.01771
14809	0.01405
14810	0.01223
14811	0.01248
14812	0.01275
14813	0.01209
14814	0.01165
14815	0.01272
14816	0.01335
14817	0.01158
14818	0.00947
14819	0.00890
14820	0.00749
14821	0.00354
14822	-0.00070
14823	-0.00169
14824	0.00131
14825	0.00485
14826	0.00428
14827	0.00021
14828	0.00068
14829	0.00194
14830	-0.01087
14831	0.30154
14832	0.45771
14833	0.04959
14834	-0.70003
14835	-0.75616
14836	-0.09788
14837	0.08858
14838	0.26670
14839	0.35390
14840	0.13382
14841	0.01902
14842	0.04676
14843	0.00033
14844	-0.04365
14845	-0.03971
14846	-0.02466
14847	-0.04889
14848	-0.11359
14849	-0.14248
14850	-0.13679
14851	-0.16540
14852	-0.17278
14853	-0.16431
14854	-0.19092
14855	-0.18674
14856	-0.16129
14857	-0.17144
14858	-0.17592
14859	-0.16312
14860	-0.15660
14861	-0.14305
14862	-0.13631
14863	-0.14463
14864	-0.17460
14865	-0.20911
14866	-0.22809
14867	-0.23188
14868	-0.22535
14869	-0.23498
14870	-0.24527
14871	-0.28226
14872	-0.31254
14873	-0.33131
14874	-0.39007
14875	-0.45334
14876	-0.49442
14877	-0.49859
14878	-0.53105
14879	-0.59590
14880	-0.70874
14881	-0.82825
14882	-0.88814
14883	-0.95219
14884	-1.02115
14885	-1.07033
14886	-1.04153
14887	-1.05707
14888	-1.12514
14889	-1.20836
14890	-1.12178
14891	-0.77774
14892	-0.43471
14893	-0.30360
14894	-0.26214
14895	-0.10898
14896	0.19564
14897	0.57330
14898	0.86615
14899	1.04075
14900	1.25323
14901	1.63242
14902	1.90180
14903	1.90701
14904	1.99379
14905	2.07262
14906	1.72308
14907	1.41146
14908	1.50441
14909	1.29295
14910	0.85510
14911	0.39871
14912	0.08519
14913	-0.08511
14914	-0.04789
14915	0.03855
14916	0.05950
14917	0.02540
14918	0.00620
14919	0.00267
14920	0.00192
14921	0.00363
14922	0.00654
14923	0.00973
14924	0.01275
14925	0.01594
14926	0.02024
14927	0.02389
14928	0.02316
14929	0.01966
14930	0.01823
14931	0.01855
14932	0.01773
14933	0.01531
14934	0.01239
14935	0.00992
14936	0.00872
14937	0.00845
14938	0.00773
14939	0.00653
14940	0.00622
14941	0.00610
14942	0.00425
14943	0.00117
14944	-0.00172
14945	-0.00280
14946	-0.00086
14947	0.00282
14948	0.00625
14949	0.00740
14950	0.00759
14951	0.01670
14952	0.04277
14953	0.04837
14954	-0.17408
14955	0.03397
14956	0.05563
14957	-0.08561
14958	0.01522
14959	0.54993
14960	0.18443
14961	-0.47725
14962	-0.40116
14963	-0.10204
14964	-0.05229
14965	-0.10801
14966	-0.19675
14967	-0.33990
14968	-0.41668
14969	-0.39808
14970	-0.41285
14971	-0.49760
14972	-0.55099
14973	-0.51500
14974	-0.50861
14975	-0.51929
14976	-0.47500
14977	-0.42993
14978	-0.40546
14979	-0.38548
14980	-0.37140
14981	-0.31786
14982	-0.23758
14983	-0.22342
14984	-0.29378
14985	-0.31926
14986	-0.20947
14987	-0.06381
14988	-0.00677
14989	0.01484
14990	0.07746
14991	0.18233
14992	0.25505
14993	0.22753
14994	0.15752
14995	0.14889
14996	0.17984
14997	0.17921
14998	0.14750
14999	0.12700
15000	0.11157
15001	0.07052
15002	0.05798
15003	0.11348
15004	0.17047
15005	0.12918
15006	-0.00629
15007	-0.10237
15008	-0.10561
15009	-0.14588
15010	-0.25174
15011	-0.29611
15012	-0.25213
15013	-0.26713
15014	-0.42073
15015	-0.59438
15016	-0.68336
15017	-0.62194
15018	-0.48612
15019	-0.38786
15020	-0.32214
15021	-0.19172
15022	0.03796
15023	0.33557
15024	0.68444
15025	1.09248
15026	1.37676
15027	1.41811
15028	1.62078
15029	1.98570
15030	2.26014
15031	2.11413
15032	1.79882
15033	1.56178
15034	1.04550
15035	0.81981
15036	0.60354
15037	-0.10350
15038	-0.11547
15039	-0.06549
15040	0.03166
15041	0.06883
15042	0.04181
15043	0.01402
15044	0.00540
15045	0.00517
15046	0.00704
15047	0.01032
15048	0.01510
15049	0.02140
15050	0.02612
15051	0.02585
15052	0.02265
15053	0.01969
15054	0.01820
15055	0.01845
15056	0.01859
15057	0.01758
15058	0.01535
15059	0.01166
15060	0.00888
15061	0.00802
15062	0.00636
15063	0.00363
15064	0.00172
15065	-0.00054
15066	-0.00462
15067	-0.00856
15068	-0.01058
15069	-0.01113
15070	-0.01009
15071	-0.00695
15072	-0.00252
15073	0.00182
15074	0.00430
15075	0.00365
15076	0.00166
15077	-0.00104
15078	-0.00653
15079	-0.01080
15080	-0.00805
15081	-0.00135
15082	-0.00141
15083	-0.01143
15084	0.03588
15085	0.12946
15086	-0.10162
15087	-0.45609
15088	-0.34317
15089	-0.05397
15090	0.06206
15091	0.27075
15092	0.29794
15093	0.07651
15094	-0.00595
15095	0.07553
15096	0.03475
15097	-0.05341
15098	-0.04285
15099	-0.03979
15100	-0.08849
15101	-0.10046
15102	-0.09425
15103	-0.13926
15104	-0.14231
15105	-0.14139
15106	-0.16361
15107	-0.19096
15108	-0.21976
15109	-0.21516
15110	-0.19158
15111	-0.17366
15112	-0.16664
15113	-0.15306
15114	-0.14284
15115	-0.13129
15116	-0.10643
15117	-0.09734
15118	-0.12086
15119	-0.16145
15120	-0.19725
15121	-0.22366
15122	-0.24630
15123	-0.29057
15124	-0.36287
15125	-0.41472
15126	-0.40354
15127	-0.40396
15128	-0.43565
15129	-0.41669
15130	-0.34671
15131	-0.27951
15132	-0.29307
15133	-0.33626
15134	-0.28528
15135	-0.20047
15136	-0.20483
15137	-0.24829
15138	-0.18695
15139	-0.08365
15140	-0.13095
15141	-0.27040
15142	-0.31290
15143	-0.26350
15144	-0.33270
15145	-0.64823
15146	-1.01060
15147	-1.14657
15148	-1.11960
15149	-1.08421
15150	-1.06103
15151	-0.99042
15152	-0.89702
15153	-0.72569
15154	-0.45821
15155	-0.16142
15156	0.23255
15157	0.69364
15158	0.94856
15159	1.05370
15160	1.20450
15161	1.31199
15162	1.36847
15163	1.67346
15164	1.68137
15165	1.10312
15166	0.81338
15167	0.64733
15168	0.41683
15169	0.10115
15170	-0.08546
15171	-0.08212
15172	-0.04627
15173	-0.00537
15174	0.01336
15175	0.01481
15176	0.01086
15177	0.00681
15178	0.00416
15179	0.00350
15180	0.00523
15181	0.00886
15182	0.01281
15183	0.01593
15184	0.01684
15185	0.01479
15186	0.01210
15187	0.01146
15188	0.01329
15189	0.01476
15190	0.01279
15191	0.00998
15192	0.00785
15193	0.00607
15194	0.00420
15195	0.00073
15196	-0.00401
15197	-0.00704
15198	-0.00613
15199	-0.00214
15200	0.00142
15201	0.00233
15202	0.00098
15203	-0.00137
15204	-0.00249
15205	-0.00151
15206	-0.00004
15207	0.00124
15208	0.00133
15209	-0.00186
15210	-0.00689
15211	-0.00910
15212	-0.00547
15213	0.00080
15214	-0.00152
15215	-0.01851
15216	0.20400
15217	0.18919
15218	-0.32990
15219	-0.74740
15220	-0.37865
15221	-0.00398
15222	0.06860
15223	0.19595
15224	0.20237
15225	0.12267
15226	0.09362
15227	0.10031
15228	-0.00850
15229	-0.13041
15230	-0.10385
15231	-0.06963
15232	-0.10750
15233	-0.14292
15234	-0.18426
15235	-0.20637
15236	-0.21792
15237	-0.22461
15238	-0.21685
15239	-0.20638
15240	-0.19434
15241	-0.17744
15242	-0.18098
15243	-0.20020
15244	-0.17659
15245	-0.12562
15246	-0.08855
15247	-0.10604
15248	-0.16288
15249	-0.21433
15250	-0.20470
15251	-0.16644
15252	-0.16852
15253	-0.20284
15254	-0.23873
15255	-0.23970
15256	-0.22878
15257	-0.23328
15258	-0.25777
15259	-0.30959
15260	-0.39389
15261	-0.49099
15262	-0.52632
15263	-0.50766
15264	-0.50937
15265	-0.54214
15266	-0.58792
15267	-0.68873
15268	-0.78435
15269	-0.78239
15270	-0.75948
15271	-0.78132
15272	-0.84273
15273	-0.89900
15274	-0.94720
15275	-0.94092
15276	-0.94355
15277	-1.02977
15278	-1.11044
15279	-1.17343
15280	-1.16376
15281	-0.99980
15282	-0.80068
15283	-0.65721
15284	-0.54932
15285	-0.38869
15286	-0.12664
15287	0.22383
15288	0.63328
15289	1.14401
15290	1.57182
15291	1.70365
15292	1.87282
15293	2.18957
15294	2.36465
15295	2.45447
15296	2.59662
15297	2.40549
15298	1.75188
15299	1.52064
15300	1.46891
15301	1.06723
15302	0.41200
15303	0.05741
15304	-0.12383
15305	-0.09273
15306	0.01006
15307	0.06681
15308	0.04674
15309	0.01721
15310	0.00545
15311	0.00334
15312	0.00372
15313	0.00606
15314	0.01035
15315	0.01479
15316	0.01858
15317	0.02136
15318	0.02324
15319	0.02337
15320	0.02135
15321	0.01902
15322	0.01658
15323	0.01314
15324	0.01046
15325	0.01036
15326	0.01202
15327	0.01314
15328	0.01234
15329	0.00920
15330	0.00466
15331	0.00126
15332	-0.00032
15333	-0.00128
15334	-0.00208
15335	-0.00261
15336	-0.00306
15337	-0.00291
15338	-0.00166
15339	-0.00001
15340	0.00176
15341	0.00342
15342	0.00314
15343	0.00074
15344	-0.00196
15345	-0.00445
15346	-0.00389
15347	0.00098
15348	-0.00388
15349	0.05162
15350	0.36448
15351	0.22944
15352	-0.68132
15353	-0.88583
15354	-0.32125
15355	-0.00154
15356	0.16061
15357	0.41260
15358	0.30459
15359	0.12733
15360	0.14962
15361	0.15250
15362	0.02085
15363	0.00443
15364	0.04339
15365	0.04220
15366	0.00605
15367	-0.02043
15368	-0.05211
15369	-0.07099
15370	-0.09113
15371	-0.09632
15372	-0.07271
15373	-0.09939
15374	-0.11547
15375	-0.11647
15376	-0.12781
15377	-0.12490
15378	-0.12603
15379	-0.13098
15380	-0.12679
15381	-0.13448
15382	-0.15198
15383	-0.16699
15384	-0.17301
15385	-0.16043
15386	-0.16156
15387	-0.19607
15388	-0.23700
15389	-0.23291
15390	-0.21500
15391	-0.23015
15392	-0.25163
15393	-0.29281
15394	-0.35576
15395	-0.35362
15396	-0.32577
15397	-0.34250
15398	-0.35816
15399	-0.36481
15400	-0.44733
15401	-0.57304
15402	-0.65325
15403	-0.72347
15404	-0.80213
15405	-0.97095
15406	-1.22235
15407	-1.44146
15408	-1.59963
15409	-1.64596
15410	-1.55288
15411	-1.44424
15412	-1.30730
15413	-1.14563
15414	-1.04489
15415	-0.93561
15416	-0.64589
15417	-0.20809
15418	0.27294
15419	0.79667
15420	1.18274
15421	1.41821
15422	1.72246
15423	1.97780
15424	2.07512
15425	2.08375
15426	2.06240
15427	1.50674
15428	0.92922
15429	0.59789
15430	0.18467
15431	-0.08120
15432	-0.03855
15433	-0.00091
15434	0.00493
15435	0.00099
15436	-0.00039
15437	0.00003
15438	0.00043
15439	0.00020
15440	-0.00055
15441	-0.00179
15442	-0.00331
15443	-0.00352
15444	0.00081
15445	0.00914
15446	0.01578
15447	0.01666
15448	0.01286
15449	0.00831
15450	0.00473
15451	0.00202
15452	0.00050
15453	0.00056
15454	0.00172
15455	0.00236
15456	0.00249
15457	0.00167
15458	-0.00031
15459	-0.00129
15460	-0.00063
15461	-0.00141
15462	-0.00590
15463	-0.01266
15464	-0.01934
15465	-0.02427
15466	-0.02421
15467	-0.01634
15468	-0.00468
15469	0.00107
15470	-0.00243
15471	-0.00866
15472	-0.01297
15473	-0.01132
15474	-0.00430
15475	0.00019
15476	0.00025
15477	0.00016
15478	0.00152
15479	-0.00002
15480	-0.00973
15481	0.00498
15482	0.09709
15483	-0.03277
15484	-0.31499
15485	-0.33557
15486	-0.12550
15487	0.08336
15488	0.25339
15489	0.18492
15490	-0.05291
15491	-0.12511
15492	-0.03117
15493	0.02193
15494	0.05247
15495	-0.03163
15496	-0.08390
15497	-0.09331
15498	-0.07963
15499	-0.06897
15500	-0.11102
15501	-0.15081
15502	-0.13950
15503	-0.17951
15504	-0.21543
15505	-0.19394
15506	-0.20190
15507	-0.20291
15508	-0.20983
15509	-0.20433
15510	-0.20521
15511	-0.22752
15512	-0.20167
15513	-0.17247
15514	-0.16639
15515	-0.17865
15516	-0.19150
15517	-0.21181
15518	-0.21419
15519	-0.17730
15520	-0.17825
15521	-0.21080
15522	-0.24670
15523	-0.28076
15524	-0.30731
15525	-0.30771
15526	-0.30209
15527	-0.32513
15528	-0.40223
15529	-0.48087
15530	-0.51354
15531	-0.54519
15532	-0.55742
15533	-0.59243
15534	-0.65319
15535	-0.70841
15536	-0.74118
15537	-0.76346
15538	-0.85067
15539	-0.82751
15540	-0.71861
15541	-0.73621
15542	-0.89732
15543	-1.06761
15544	-1.13513
15545	-1.10466
15546	-1.06947
15547	-0.98061
15548	-0.80032
15549	-0.58559
15550	-0.29124
15551	0.04507
15552	0.40671
15553	0.82866
15554	1.16124
15555	1.41127
15556	1.88562
15557	2.23301
15558	2.03769
15559	2.14316
15560	2.29372
15561	1.72618
15562	0.96223
15563	1.11006
15564	1.05111
15565	0.11744
15566	-0.15290
15567	-0.11700
15568	0.01489
15569	0.08605
15570	0.04624
15571	0.00770
15572	0.00090
15573	0.00084
15574	0.00057
15575	0.00171
15576	0.00342
15577	0.00430
15578	0.00645
15579	0.01365
15580	0.02395
15581	0.02947
15582	0.02692
15583	0.02029
15584	0.01570
15585	0.01355
15586	0.01077
15587	0.00796
15588	0.00705
15589	0.00760
15590	0.00764
15591	0.00573
15592	0.00275
15593	0.00089
15594	0.00181
15595	0.00485
15596	0.00743
15597	0.00694
15598	0.00330
15599	0.00025
15600	-0.00008
15601	0.00094
15602	0.00206
15603	0.00246
15604	0.00026
15605	-0.00560
15606	-0.01075
15607	-0.00987
15608	-0.00298
15609	-0.00037
15610	-0.01112
15611	0.10871
15612	0.23652
15613	-0.06027
15614	-0.63171
15615	-0.57790
15616	-0.12430
15617	0.01851
15618	0.19942
15619	0.23809
15620	0.03436
15621	-0.02180
15622	0.00263
15623	-0.00649
15624	-0.03612
15625	-0.10441
15626	-0.11007
15627	-0.05306
15628	-0.06561
15629	-0.09264
15630	-0.15477
15631	-0.23138
15632	-0.24596
15633	-0.24046
15634	-0.22381
15635	-0.19897
15636	-0.21072
15637	-0.21238
15638	-0.19311
15639	-0.20503
15640	-0.19651
15641	-0.15934
15642	-0.16409
15643	-0.23731
15644	-0.29836
15645	-0.29114
15646	-0.27293
15647	-0.24238
15648	-0.23716
15649	-0.26492
15650	-0.28888
15651	-0.31718
15652	-0.32582
15653	-0.33838
15654	-0.37969
15655	-0.46303
15656	-0.51110
15657	-0.51884
15658	-0.55674
15659	-0.55649
15660	-0.56402
15661	-0.55402
15662	-0.55278
15663	-0.63205
15664	-0.79937
15665	-0.94683
15666	-0.92784
15667	-0.89492
15668	-1.00347
15669	-1.22664
15670	-1.37800
15671	-1.37597
15672	-1.31012
15673	-1.23398
15674	-1.08931
15675	-0.84369
15676	-0.51068
15677	-0.05884
15678	0.37212
15679	0.74089
15680	1.18531
15681	1.60917
15682	1.96703
15683	2.39044
15684	2.54978
15685	2.41367
15686	2.37124
15687	2.34199
15688	1.68065
15689	1.05856
15690	1.02172
15691	0.92059
15692	0.21863
15693	-0.14346
15694	-0.08678
15695	0.04018
15696	0.08311
15697	0.03835
15698	0.00780
15699	0.00345
15700	0.00452
15701	0.00772
15702	0.01234
15703	0.01567
15704	0.01635
15705	0.01664
15706	0.01950
15707	0.02308
15708	0.02297
15709	0.01916
15710	0.01504
15711	0.01329
15712	0.01375
15713	0.01377
15714	0.01247
15715	0.01141
15716	0.00947
15717	0.00491
15718	-0.00006
15719	-0.00239
15720	-0.00284
15721	-0.00455
15722	-0.00766
15723	-0.00945
15724	-0.00786
15725	-0.00384
15726	-0.00021
15727	0.00037
15728	-0.00151
15729	-0.00149
15730	0.00023
15731	0.00151
15732	0.00499
15733	0.00333
15734	-0.01867
15735	0.10160
15736	0.24353
15737	-0.21284
15738	-0.55589
15739	-0.16870
15740	0.11627
15741	0.25916
15742	0.35854
15743	0.15116
15744	0.06033
15745	0.15705
15746	0.12483
15747	-0.08410
15748	-0.17670
15749	0.01107
15750	0.09285
15751	0.01251
15752	-0.05327
15753	-0.07463
15754	-0.12644
15755	-0.16622
15756	-0.10848
15757	-0.09746
15758	-0.16111
15759	-0.18700
15760	-0.18315
15761	-0.15852
15762	-0.12144
15763	-0.11806
15764	-0.15039
15765	-0.17956
15766	-0.18854
15767	-0.16153
15768	-0.13158
15769	-0.13391
15770	-0.14920
15771	-0.18112
15772	-0.25335
15773	-0.29777
15774	-0.25160
15775	-0.22409
15776	-0.27688
15777	-0.31910
15778	-0.31465
15779	-0.30508
15780	-0.31451
15781	-0.33608
15782	-0.36957
15783	-0.45659
15784	-0.55261
15785	-0.62324
15786	-0.63219
15787	-0.65601
15788	-0.78570
15789	-0.92706
15790	-1.00448
15791	-1.09135
15792	-1.25376
15793	-1.33286
15794	-1.21509
15795	-1.07371
15796	-1.03521
15797	-1.00788
15798	-0.95031
15799	-0.76841
15800	-0.47424
15801	-0.16421
15802	0.11794
15803	0.40616
15804	0.78146
15805	1.17608
15806	1.40650
15807	1.60620
15808	2.02911
15809	2.44800
15810	2.51473
15811	2.57438
15812	2.34584
15813	1.82475
15814	1.32273
15815	0.93822
15816	0.76079
15817	0.46131
15818	-0.09074
15819	-0.09483
15820	-0.04782
15821	0.01276
15822	0.03048
15823	0.02085
15824	0.01195
15825	0.00814
15826	0.00641
15827	0.00568
15828	0.00586
15829	0.00685
15830	0.00832
15831	0.00984
15832	0.01135
15833	0.01307
15834	0.01441
15835	0.01461
15836	0.01463
15837	0.01538
15838	0.01445
15839	0.01053
15840	0.00734
15841	0.00586
15842	0.00472
15843	0.00334
15844	0.00121
15845	-0.00191
15846	-0.00477
15847	-0.00533
15848	-0.00358
15849	-0.00146
15850	0.00020
15851	0.00088
15852	-0.00045
15853	-0.00246
15854	-0.00287
15855	-0.00156
15856	0.00049
15857	0.00222
15858	0.00177
15859	-0.00203
15860	-0.00506
15861	0.00183
15862	0.01945
15863	0.01298
15864	-0.19150
15865	-0.07716
15866	0.21113
15867	-0.03691
15868	-0.38672
15869	-0.08740
15870	0.12710
15871	0.23960
15872	0.29429
15873	-0.09882
15874	-0.26358
15875	0.05386
15876	0.19874
15877	0.00876
15878	-0.07889
15879	-0.09419
15880	-0.15973
15881	-0.19291
15882	-0.17714
15883	-0.19487
15884	-0.25622
15885	-0.27122
15886	-0.25234
15887	-0.26553
15888	-0.27622
15889	-0.25115
15890	-0.23874
15891	-0.23957
15892	-0.22081
15893	-0.22877
15894	-0.25107
15895	-0.24200
15896	-0.21612
15897	-0.20720
15898	-0.20724
15899	-0.19241
15900	-0.20876
15901	-0.29158
15902	-0.37719
15903	-0.37249
15904	-0.31455
15905	-0.32060
15906	-0.36441
15907	-0.40101
15908	-0.42141
15909	-0.40977
15910	-0.41598
15911	-0.43438
15912	-0.40944
15913	-0.40623
15914	-0.45120
15915	-0.46071
15916	-0.42653
15917	-0.38993
15918	-0.36688
15919	-0.45888
15920	-0.66470
15921	-0.79114
15922	-0.81819
15923	-0.87987
15924	-0.98285
15925	-1.07362
15926	-1.13256
15927	-1.09233
15928	-0.94870
15929	-0.68303
15930	-0.36528
15931	-0.06194
15932	0.23986
15933	0.52633
15934	0.83779
15935	1.20523
15936	1.48254
15937	1.76556
15938	2.16063
15939	2.42122
15940	2.34427
15941	2.34553
15942	2.80372
15943	2.51017
15944	1.70285
15945	1.34419
15946	1.19647
15947	0.66301
15948	0.07107
15949	0.14050
15950	-0.11684
15951	-0.08787
15952	0.00056
15953	0.05952
15954	0.05449
15955	0.02674
15956	0.01031
15957	0.00616
15958	0.00615
15959	0.00738
15960	0.00999
15961	0.01463
15962	0.02148
15963	0.02820
15964	0.02880
15965	0.02172
15966	0.01407
15967	0.01124
15968	0.01225
15969	0.01359
15970	0.01344
15971	0.01241
15972	0.01123
15973	0.01003
15974	0.00886
15975	0.00696
15976	0.00435
15977	0.00248
15978	0.00196
15979	0.00165
15980	0.00007
15981	-0.00280
15982	-0.00489
15983	-0.00455
15984	-0.00249
15985	-0.00004
15986	0.00154
15987	0.00083
15988	-0.00286
15989	-0.00741
15990	-0.00738
15991	0.00115
15992	0.00983
15993	-0.00279
15994	-0.08818
15995	0.14226
15996	0.08033
15997	-0.28500
15998	-0.36692
15999	0.00153
16000	0.10503
16001	0.18651
16002	0.11773
16003	-0.11993
16004	-0.06051
16005	0.18219
16006	0.12432
16007	-0.07608
16008	-0.16055
16009	-0.17343
16010	-0.15440
16011	-0.17311
16012	-0.21708
16013	-0.24056
16014	-0.29365
16015	-0.34481
16016	-0.31404
16017	-0.31388
16018	-0.34942
16019	-0.33820
16020	-0.29522
16021	-0.28134
16022	-0.29757
16023	-0.31267
16024	-0.31253
16025	-0.26842
16026	-0.23095
16027	-0.24103
16028	-0.25371
16029	-0.25069
16030	-0.24296
16031	-0.23692
16032	-0.26600
16033	-0.28383
16034	-0.26137
16035	-0.24417
16036	-0.27140
16037	-0.31432
16038	-0.31383
16039	-0.30541
16040	-0.31510
16041	-0.31048
16042	-0.30816
16043	-0.35107
16044	-0.33174
16045	-0.23211
16046	-0.22781
16047	-0.36923
16048	-0.44973
16049	-0.40734
16050	-0.47322
16051	-0.62432
16052	-0.69925
16053	-0.71066
16054	-0.76110
16055	-0.91996
16056	-1.03282
16057	-0.93496
16058	-0.66746
16059	-0.42402
16060	-0.25450
16061	-0.04509
16062	0.27758
16063	0.59692
16064	0.90098
16065	1.32592
16066	1.69692
16067	1.98570
16068	2.36687
16069	2.57833
16070	2.33865
16071	2.24002
16072	2.35121
16073	1.80931
16074	1.04318
16075	0.94095
16076	0.73779
16077	0.12058
16078	-0.05699
16079	-0.10573
16080	-0.05917
16081	0.02734
16082	0.06247
16083	0.04150
16084	0.01843
16085	0.00960
16086	0.00720
16087	0.00665
16088	0.00756
16089	0.01008
16090	0.01382
16091	0.01855
16092	0.02329
16093	0.02473
16094	0.02243
16095	0.01966
16096	0.01776
16097	0.01695
16098	0.01719
16099	0.01716
16100	0.01550
16101	0.01306
16102	0.01148
16103	0.00929
16104	0.00452
16105	0.00019
16106	-0.00162
16107	-0.00403
16108	-0.00837
16109	-0.01194
16110	-0.01286
16111	-0.01079
16112	-0.00617
16113	-0.00170
16114	0.00023
16115	-0.00036
16116	-0.00295
16117	-0.00702
16118	-0.00951
16119	-0.00317
16120	0.01356
16121	0.01789
16122	-0.12842
16123	0.03287
16124	0.25244
16125	-0.09658
16126	-0.45547
16127	-0.02848
16128	0.16907
16129	0.14532
16130	0.13786
16131	-0.03683
16132	-0.06256
16133	0.18479
16134	0.17424
16135	-0.03269
16136	-0.15389
16137	-0.09300
16138	-0.06646
16139	-0.12726
16140	-0.14654
16141	-0.17136
16142	-0.21657
16143	-0.22835
16144	-0.22024
16145	-0.23411
16146	-0.22585
16147	-0.20954
16148	-0.20174
16149	-0.19815
16150	-0.22566
16151	-0.22945
16152	-0.22489
16153	-0.23248
16154	-0.22279
16155	-0.24161
16156	-0.27751
16157	-0.26951
16158	-0.28253
16159	-0.32456
16160	-0.33574
16161	-0.32853
16162	-0.35302
16163	-0.39502
16164	-0.41598
16165	-0.43361
16166	-0.46196
16167	-0.50349
16168	-0.53767
16169	-0.49794
16170	-0.45829
16171	-0.49574
16172	-0.58442
16173	-0.60996
16174	-0.52486
16175	-0.48402
16176	-0.52934
16177	-0.56303
16178	-0.56654
16179	-0.58169
16180	-0.56321
16181	-0.52349
16182	-0.50846
16183	-0.51655
16184	-0.57192
16185	-0.70303
16186	-0.83546
16187	-0.78709
16188	-0.55711
16189	-0.32609
16190	-0.14810
16191	0.08614
16192	0.40527
16193	0.76468
16194	1.19468
16195	1.56725
16196	1.83978
16197	2.18488
16198	2.46971
16199	2.47379
16200	2.49818
16201	2.56883
16202	2.10623
16203	1.30668
16204	1.06482
16205	1.08317
16206	0.64634
16207	0.30261
16208	-0.10086
16209	-0.08093
16210	-0.00850
16211	0.04193
16212	0.03881
16213	0.02046
16214	0.01055
16215	0.00864
16216	0.01029
16217	0.01251
16218	0.01468
16219	0.01818
16220	0.02363
16221	0.02920
16222	0.03055
16223	0.02502
16224	0.01762
16225	0.01496
16226	0.01405
16227	0.01135
16228	0.00902
16229	0.00833
16230	0.00945
16231	0.01147
16232	0.01154
16233	0.00901
16234	0.00610
16235	0.00324
16236	-0.00004
16237	-0.00348
16238	-0.00673
16239	-0.00930
16240	-0.01064
16241	-0.00978
16242	-0.00590
16243	-0.00142
16244	0.00033
16245	-0.00123
16246	-0.00485
16247	-0.00792
16248	-0.00812
16249	-0.00572
16250	-0.00170
16251	-0.00043
16252	-0.00955
16253	0.03505
16254	0.18213
16255	0.06667
16256	-0.53950
16257	-0.66580
16258	-0.09910
16259	0.01177
16260	0.11339
16261	0.37846
16262	0.20527
16263	-0.14760
16264	-0.09877
16265	-0.00975
16266	-0.08571
16267	-0.01617
16268	0.01670
16269	-0.06331
16270	-0.16646
16271	-0.19045
16272	-0.18271
16273	-0.20327
16274	-0.21361
16275	-0.19571
16276	-0.20635
16277	-0.24403
16278	-0.23854
16279	-0.20916
16280	-0.19570
16281	-0.19571
16282	-0.18717
16283	-0.21157
16284	-0.24449
16285	-0.22968
16286	-0.22293
16287	-0.21883
16288	-0.22467
16289	-0.23450
16290	-0.26117
16291	-0.30917
16292	-0.30875
16293	-0.28834
16294	-0.29898
16295	-0.34466
16296	-0.41383
16297	-0.47995
16298	-0.50564
16299	-0.48961
16300	-0.45885
16301	-0.40050
16302	-0.34712
16303	-0.41818
16304	-0.55209
16305	-0.50850
16306	-0.33925
16307	-0.22980
16308	-0.27859
16309	-0.37954
16310	-0.41931
16311	-0.48188
16312	-0.57622
16313	-0.58318
16314	-0.57107
16315	-0.61893
16316	-0.71222
16317	-0.79479
16318	-0.81147
16319	-0.76443
16320	-0.73083
16321	-0.66224
16322	-0.42605
16323	-0.07176
16324	0.21471
16325	0.42701
16326	0.66197
16327	0.91385
16328	1.21000
16329	1.55064
16330	1.56893
16331	1.17424
16332	1.17859
16333	1.30400
16334	0.77160
16335	0.55694
16336	0.66120
16337	-0.05943
16338	-0.07382
16339	-0.11668
16340	-0.11145
16341	-0.02859
16342	0.04511
16343	0.05292
16344	0.02959
16345	0.01344
16346	0.00832
16347	0.00753
16348	0.00784
16349	0.00851
16350	0.00968
16351	0.01229
16352	0.01605
16353	0.01777
16354	0.01665
16355	0.01593
16356	0.01706
16357	0.01880
16358	0.01868
16359	0.01550
16360	0.01221
16361	0.01141
16362	0.01178
16363	0.01258
16364	0.01375
16365	0.01328
16366	0.00964
16367	0.00437
16368	-0.00128
16369	-0.00709
16370	-0.01194
16371	-0.01524
16372	-0.01637
16373	-0.01316
16374	-0.00752
16375	-0.00420
16376	-0.00241
16377	0.00026
16378	0.00060
16379	-0.00448
16380	-0.01080
16381	-0.01197
16382	-0.00608
16383	0.00005
16384	-0.00402
16385	-0.01401
16386	-0.00391
16387	0.07957
16388	-0.15552
16389	-0.51916
16390	-0.27968
16391	0.10452
16392	0.30391
16393	0.17166
16394	-0.03968
16395	-0.13168
16396	0.04184
16397	0.25061
16398	0.10954
16399	-0.15108
16400	-0.09073
16401	-0.00982
16402	-0.04399
16403	-0.06040
16404	-0.08257
16405	-0.15289
16406	-0.18888
16407	-0.13413
16408	-0.09879
16409	-0.12601
16410	-0.14022
16411	-0.13563
16412	-0.14091
16413	-0.14049
16414	-0.10819
16415	-0.09896
16416	-0.12670
16417	-0.15109
16418	-0.17480
16419	-0.19679
16420	-0.18507
16421	-0.15115
16422	-0.13768
16423	-0.15897
16424	-0.20058
16425	-0.25524
16426	-0.29831
16427	-0.31952
16428	-0.31319
16429	-0.35412
16430	-0.50113
16431	-0.63131
16432	-0.61540
16433	-0.51501
16434	-0.50290
16435	-0.58140
16436	-0.61696
16437	-0.63289
16438	-0.66847
16439	-0.64602
16440	-0.53769
16441	-0.50057
16442	-0.57629
16443	-0.64969
16444	-0.64357
16445	-0.58753
16446	-0.58164
16447	-0.68739
16448	-0.81780
16449	-0.86734
16450	-0.89795
16451	-0.92403
16452	-0.90279
16453	-0.79831
16454	-0.60463
16455	-0.38368
16456	-0.21688
16457	-0.01277
16458	0.30288
16459	0.62583
16460	0.83210
16461	1.05246
16462	1.36520
16463	1.60917
16464	1.76603
16465	1.87397
16466	1.88489
16467	1.48821
16468	1.05890
16469	0.91608
16470	0.77250
16471	0.36360
16472	-0.10102
16473	-0.09564
16474	-0.07000
16475	0.00337
16476	0.04144
16477	0.03275
16478	0.01597
16479	0.00747
16480	0.00448
16481	0.00361
16482	0.00379
16483	0.00475
16484	0.00675
16485	0.01019
16486	0.01444
16487	0.01780
16488	0.01798
16489	0.01525
16490	0.01381
16491	0.01642
16492	0.02016
16493	0.01932
16494	0.01540
16495	0.01178
16496	0.00889
16497	0.00663
16498	0.00455
16499	0.00259
16500	-0.00017
16501	-0.00378
16502	-0.00743
16503	-0.01203
16504	-0.01891
16505	-0.02715
16506	-0.03121
16507	-0.02479
16508	-0.01171
16509	-0.00212
16510	-0.00013
16511	-0.00297
16512	-0.00666
16513	-0.00893
16514	-0.00828
16515	-0.00359
16516	0.00293
16517	0.00453
16518	-0.11430
16519	-0.08273
16520	0.15356
16521	-0.13399
16522	-0.45132
16523	-0.10826
16524	0.20289
16525	0.30615
16526	0.27260
16527	-0.06075
16528	-0.10584
16529	0.22577
16530	0.25856
16531	0.01956
16532	-0.09209
16533	-0.04393
16534	-0.02789
16535	-0.08855
16536	-0.11077
16537	-0.10423
16538	-0.12242
16539	-0.13703
16540	-0.12803
16541	-0.13193
16542	-0.12523
16543	-0.10936
16544	-0.10765
16545	-0.12984
16546	-0.13320
16547	-0.12593
16548	-0.13091
16549	-0.13538
16550	-0.15582
16551	-0.17734
16552	-0.18879
16553	-0.20238
16554	-0.22407
16555	-0.26854
16556	-0.30041
16557	-0.33319
16558	-0.38170
16559	-0.42361
16560	-0.45774
16561	-0.47984
16562	-0.54081
16563	-0.61086
16564	-0.68154
16565	-0.67325
16566	-0.63482
16567	-0.66600
16568	-0.70152
16569	-0.70896
16570	-0.65568
16571	-0.58443
16572	-0.56734
16573	-0.63523
16574	-0.64700
16575	-0.51343
16576	-0.39917
16577	-0.46540
16578	-0.58029
16579	-0.52654
16580	-0.35829
16581	-0.28821
16582	-0.37129
16583	-0.48247
16584	-0.46919
16585	-0.37961
16586	-0.32746
16587	-0.29732
16588	-0.18192
16589	0.01111
16590	0.16383
16591	0.24779
16592	0.42090
16593	0.69730
16594	0.90930
16595	1.08497
16596	1.39692
16597	1.79402
16598	2.03094
16599	2.20645
16600	2.42504
16601	2.60310
16602	2.72722
16603	2.66535
16604	2.33490
16605	1.76597
16606	1.35328
16607	1.10231
16608	0.69731
16609	0.53751
16610	0.31976
16611	-0.10072
16612	-0.06461
16613	0.01066
16614	0.04763
16615	0.04017
16616	0.02467
16617	0.01544
16618	0.01211
16619	0.01310
16620	0.01736
16621	0.02316
16622	0.02731
16623	0.02653
16624	0.02203
16625	0.01910
16626	0.01849
16627	0.01782
16628	0.01791
16629	0.01885
16630	0.01680
16631	0.01309
16632	0.01102
16633	0.00912
16634	0.00677
16635	0.00528
16636	0.00458
16637	0.00308
16638	-0.00024
16639	-0.00534
16640	-0.01149
16641	-0.01711
16642	-0.02128
16643	-0.02368
16644	-0.02217
16645	-0.01545
16646	-0.00670
16647	-0.00021
16648	-0.00054
16649	-0.01059
16650	-0.02485
16651	-0.03007
16652	-0.02087
16653	-0.00642
16654	0.00007
16655	-0.00575
16656	0.03068
16657	0.14699
16658	0.04424
16659	-0.48006
16660	-0.59120
16661	-0.19492
16662	-0.01591
16663	0.12885
16664	0.43046
16665	0.37225
16666	0.12977
16667	0.02667
16668	0.00623
16669	-0.00438
16670	0.00236
16671	0.03318
16672	0.07102
16673	0.00280
16674	-0.06738
16675	-0.08514
16676	-0.09397
16677	-0.07602
16678	-0.04817
16679	-0.06012
16680	-0.12296
16681	-0.15145
16682	-0.14250
16683	-0.13432
16684	-0.10780
16685	-0.10538
16686	-0.10834
16687	-0.13075
16688	-0.14109
16689	-0.11509
16690	-0.11854
16691	-0.15252
16692	-0.18796
16693	-0.21803
16694	-0.26003
16695	-0.25959
16696	-0.22225
16697	-0.22973
16698	-0.26682
16699	-0.32290
16700	-0.37692
16701	-0.39472
16702	-0.38131
16703	-0.42017
16704	-0.53376
16705	-0.63326
16706	-0.66660
16707	-0.70541
16708	-0.82211
16709	-0.92511
16710	-1.00587
16711	-1.20835
16712	-1.42025
16713	-1.44593
16714	-1.34318
16715	-1.28281
16716	-1.20491
16717	-1.07289
16718	-0.90610
16719	-0.69640
16720	-0.38014
16721	0.07384
16722	0.62473
16723	1.24177
16724	1.71453
16725	1.94641
16726	2.33225
16727	2.53173
16728	2.09496
16729	2.00388
16730	1.99445
16731	1.38406
16732	0.83904
16733	0.88981
16734	0.62256
16735	-0.12048
16736	-0.14497
16737	-0.07205
16738	0.04753
16739	0.07582
16740	0.03509
16741	0.00604
16742	0.00034
16743	0.00074
16744	0.00084
16745	0.00069
16746	0.00072
16747	0.00161
16748	0.00502
16749	0.01139
16750	0.01754
16751	0.02051
16752	0.02094
16753	0.02001
16754	0.01741
16755	0.01528
16756	0.01554
16757	0.01494
16758	0.01178
16759	0.00893
16760	0.00713
16761	0.00459
16762	0.00072
16763	-0.00321
16764	-0.00632
16765	-0.00955
16766	-0.01403
16767	-0.01829
16768	-0.01869
16769	-0.01292
16770	-0.00437
16771	0.00055
16772	0.00055
16773	-0.00404
16774	-0.01306
16775	-0.02162
16776	-0.02286
16777	-0.01690
16778	-0.00749
16779	0.00292
16780	0.00546
16781	0.01350
16782	0.21506
16783	0.26461
16784	-0.43005
16785	-0.80791
16786	-0.27554
16787	-0.00120
16788	0.14233
16789	0.26574
16790	0.05628
16791	-0.01519
16792	0.10717
16793	0.13591
16794	0.04773
16795	-0.05941
16796	-0.08500
16797	-0.06995
16798	-0.09124
16799	-0.10809
16800	-0.12469
16801	-0.15399
16802	-0.19750
16803	-0.22677
16804	-0.21983
16805	-0.20197
16806	-0.20372
16807	-0.23322
16808	-0.26131
16809	-0.27714
16810	-0.27108
16811	-0.24974
16812	-0.24288
16813	-0.24828
16814	-0.26962
16815	-0.31820
16816	-0.33874
16817	-0.32384
16818	-0.33711
16819	-0.39500
16820	-0.45065
16821	-0.53645
16822	-0.62079
16823	-0.62117
16824	-0.60605
16825	-0.56299
16826	-0.51742
16827	-0.53168
16828	-0.57024
16829	-0.51033
16830	-0.40828
16831	-0.37010
16832	-0.40303
16833	-0.40542
16834	-0.34220
16835	-0.34715
16836	-0.47084
16837	-0.58987
16838	-0.58772
16839	-0.50683
16840	-0.53368
16841	-0.66410
16842	-0.80234
16843	-0.91171
16844	-0.92651
16845	-0.82528
16846	-0.68615
16847	-0.50708
16848	-0.22526
16849	0.07626
16850	0.31644
16851	0.66811
16852	1.21904
16853	1.52408
16854	1.53246
16855	1.82104
16856	2.18990
16857	1.96480
16858	1.77125
16859	1.76062
16860	1.12339
16861	0.49789
16862	0.36437
16863	-0.09639
16864	-0.11226
16865	-0.07641
16866	0.00129
16867	0.03832
16868	0.02927
16869	0.01337
16870	0.00632
16871	0.00527
16872	0.00645
16873	0.00785
16874	0.00811
16875	0.00776
16876	0.00789
16877	0.00940
16878	0.01294
16879	0.01698
16880	0.01801
16881	0.01616
16882	0.01335
16883	0.00993
16884	0.00741
16885	0.00587
16886	0.00434
16887	0.00369
16888	0.00335
16889	0.00140
16890	-0.00252
16891	-0.00622
16892	-0.00686
16893	-0.00461
16894	-0.00237
16895	-0.00131
16896	-0.00119
16897	-0.00188
16898	-0.00251
16899	-0.00223
16900	-0.00102
16901	0.00088
16902	0.00307
16903	0.00346
16904	0.00026
16905	-0.00448
16906	-0.00665
16907	-0.00491
16908	-0.00209
16909	0.00005
16910	0.00212
16911	-0.00079
16912	-0.01087
16913	-0.02168
16914	-0.03176
16915	-0.25429
16916	-0.43159
16917	-0.16367
16918	0.04721
16919	0.24120
16920	0.36018
16921	-0.04000
16922	-0.30037
16923	-0.06421
16924	0.10443
16925	0.05741
16926	-0.00311
16927	-0.01703
16928	-0.06062
16929	-0.11458
16930	-0.11538
16931	-0.14264
16932	-0.17767
16933	-0.17381
16934	-0.20326
16935	-0.23206
16936	-0.25134
16937	-0.29353
16938	-0.28134
16939	-0.25670
16940	-0.24205
16941	-0.21228
16942	-0.23128
16943	-0.26784
16944	-0.24145
16945	-0.20891
16946	-0.23580
16947	-0.23605
16948	-0.20063
16949	-0.21098
16950	-0.25081
16951	-0.24185
16952	-0.19767
16953	-0.22126
16954	-0.33937
16955	-0.42890
16956	-0.40166
16957	-0.32971
16958	-0.32776
16959	-0.37102
16960	-0.42218
16961	-0.45697
16962	-0.50769
16963	-0.54391
16964	-0.43669
16965	-0.29871
16966	-0.31662
16967	-0.53608
16968	-0.71702
16969	-0.70189
16970	-0.61667
16971	-0.53724
16972	-0.56327
16973	-0.73553
16974	-0.93509
16975	-1.01407
16976	-1.00645
16977	-0.96787
16978	-0.79146
16979	-0.52059
16980	-0.27268
16981	-0.00079
16982	0.35266
16983	0.71833
16984	1.11626
16985	1.51350
16986	1.74839
16987	2.00791
16988	2.37744
16989	2.11779
16990	1.60327
16991	1.61169
16992	1.40502
16993	0.69777
16994	0.43338
16995	0.39374
16996	-0.08708
16997	-0.10991
16998	-0.08262
16999	-0.00947
17000	0.03765
17001	0.03776
17002	0.02171
17003	0.01117
17004	0.00791
17005	0.00820
17006	0.00984
17007	0.01226
17008	0.01519
17009	0.01696
17010	0.01653
17011	0.01522
17012	0.01376
17013	0.01247
17014	0.01248
17015	0.01393
17016	0.01551
17017	0.01499
17018	0.01179
17019	0.00941
17020	0.00938
17021	0.00996
17022	0.00904
17023	0.00722
17024	0.00504
17025	0.00155
17026	-0.00332
17027	-0.00831
17028	-0.01262
17029	-0.01528
17030	-0.01354
17031	-0.00777
17032	-0.00245
17033	0.00092
17034	0.00242
17035	0.00027
17036	-0.00502
17037	-0.00928
17038	-0.00972
17039	-0.00608
17040	-0.00050
17041	-0.00245
17042	-0.01465
17043	0.04818
17044	0.15171
17045	-0.23586
17046	-0.59062
17047	-0.48642
17048	-0.12540
17049	0.07915
17050	0.22218
17051	0.22676
17052	0.07544
17053	-0.01467
17054	0.13382
17055	0.15655
17056	0.03483
17057	-0.07412
17058	-0.07705
17059	-0.04448
17060	-0.04766
17061	-0.07217
17062	-0.11173
17063	-0.16876
17064	-0.20467
17065	-0.18100
17066	-0.14337
17067	-0.14477
17068	-0.16520
17069	-0.16709
17070	-0.14504
17071	-0.13513
17072	-0.13789
17073	-0.13550
17074	-0.12304
17075	-0.14399
17076	-0.17669
17077	-0.18875
17078	-0.17697
17079	-0.17593
17080	-0.20085
17081	-0.23149
17082	-0.25286
17083	-0.26614
17084	-0.28907
17085	-0.31441
17086	-0.33570
17087	-0.35731
17088	-0.41641
17089	-0.49644
17090	-0.54097
17091	-0.56168
17092	-0.54224
17093	-0.55283
17094	-0.68036
17095	-0.82500
17096	-0.85186
17097	-0.83174
17098	-0.87700
17099	-0.99821
17100	-1.10928
17101	-1.13471
17102	-1.18540
17103	-1.24187
17104	-1.21252
17105	-1.12647
17106	-1.05952
17107	-0.97293
17108	-0.82083
17109	-0.55212
17110	-0.10144
17111	0.39149
17112	0.78756
17113	1.22677
17114	1.67142
17115	2.00190
17116	2.37928
17117	2.74299
17118	2.68969
17119	2.44767
17120	2.75051
17121	2.49671
17122	1.36773
17123	0.97645
17124	0.91760
17125	0.41736
17126	-0.09318
17127	-0.10058
17128	-0.06091
17129	0.00293
17130	0.03426
17131	0.03225
17132	0.02001
17133	0.01143
17134	0.00850
17135	0.00793
17136	0.00792
17137	0.00878
17138	0.01057
17139	0.01288
17140	0.01536
17141	0.01702
17142	0.01727
17143	0.01652
17144	0.01538
17145	0.01418
17146	0.01289
17147	0.01085
17148	0.00852
17149	0.00759
17150	0.00849
17151	0.00826
17152	0.00420
17153	-0.00217
17154	-0.00774
17155	-0.01135
17156	-0.01353
17157	-0.01367
17158	-0.01139
17159	-0.00824
17160	-0.00495
17161	-0.00147
17162	0.00062
17163	0.00040
17164	-0.00174
17165	-0.00535
17166	-0.00853
17167	-0.00877
17168	-0.00513
17169	-0.00035
17170	-0.00266
17171	-0.04059
17172	0.05281
17173	0.14520
17174	-0.19031
17175	-0.38637
17176	-0.16395
17177	0.02775
17178	0.13211
17179	0.16471
17180	0.09449
17181	-0.06074
17182	-0.01017
17183	0.15207
17184	0.07460
17185	-0.09299
17186	-0.15778
17187	-0.15029
17188	-0.16912
17189	-0.19969
17190	-0.27040
17191	-0.33407
17192	-0.36404
17193	-0.39678
17194	-0.38338
17195	-0.36325
17196	-0.37347
17197	-0.37292
17198	-0.35669
17199	-0.34483
17200	-0.33235
17201	-0.30892
17202	-0.28602
17203	-0.28094
17204	-0.27982
17205	-0.28884
17206	-0.29215
17207	-0.25670
17208	-0.21915
17209	-0.25260
17210	-0.36068
17211	-0.41725
17212	-0.38194
17213	-0.31582
17214	-0.25118
17215	-0.22700
17216	-0.24617
17217	-0.23451
17218	-0.15358
17219	-0.09877
17220	-0.14088
17221	-0.22817
17222	-0.25691
17223	-0.23166
17224	-0.23909
17225	-0.30855
17226	-0.40170
17227	-0.52070
17228	-0.69165
17229	-0.86929
17230	-1.02552
17231	-1.10481
17232	-1.09911
17233	-1.09461
17234	-1.05638
17235	-0.95460
17236	-0.72750
17237	-0.47587
17238	-0.19780
17239	0.20446
17240	0.67763
17241	1.20735
17242	1.68675
17243	1.94821
17244	2.22474
17245	2.59295
17246	2.51245
17247	2.10152
17248	1.95428
17249	1.76572
17250	1.07643
17251	0.64615
17252	0.47508
17253	-0.10103
17254	-0.10932
17255	-0.06243
17256	0.01454
17257	0.04583
17258	0.03307
17259	0.01505
17260	0.00704
17261	0.00477
17262	0.00383
17263	0.00346
17264	0.00426
17265	0.00753
17266	0.01334
17267	0.01890
17268	0.02098
17269	0.01914
17270	0.01578
17271	0.01406
17272	0.01474
17273	0.01516
17274	0.01303
17275	0.01047
17276	0.00943
17277	0.00913
17278	0.00805
17279	0.00574
17280	0.00295
17281	0.00012
17282	-0.00270
17283	-0.00436
17284	-0.00416
17285	-0.00391
17286	-0.00456
17287	-0.00464
17288	-0.00343
17289	-0.00153
17290	0.00076
17291	0.00294
17292	0.00303
17293	0.00077
17294	-0.00116
17295	-0.00175
17296	-0.00148
17297	-0.00032
17298	-0.00065
17299	-0.00644
17300	-0.01564
17301	0.03597
17302	-0.01993
17303	-0.19537
17304	-0.25863
17305	-0.14263
17306	0.00165
17307	0.04742
17308	0.15021
17309	0.17295
17310	0.00520
17311	-0.06034
17312	0.04492
17313	0.07894
17314	0.01738
17315	-0.05460
17316	-0.08404
17317	-0.08782
17318	-0.13136
17319	-0.19400
17320	-0.23647
17321	-0.27639
17322	-0.30791
17323	-0.30262
17324	-0.26882
17325	-0.27773
17326	-0.33622
17327	-0.35584
17328	-0.31224
17329	-0.27713
17330	-0.25597
17331	-0.25674
17332	-0.27628
17333	-0.27792
17334	-0.27164
17335	-0.24524
17336	-0.20354
17337	-0.18426
17338	-0.20771
17339	-0.24754
17340	-0.26951
17341	-0.27044
17342	-0.25228
17343	-0.25524
17344	-0.27177
17345	-0.30331
17346	-0.35641
17347	-0.35750
17348	-0.33512
17349	-0.32009
17350	-0.29193
17351	-0.22384
17352	-0.16992
17353	-0.25818
17354	-0.45303
17355	-0.57951
17356	-0.56424
17357	-0.58038
17358	-0.75325
17359	-0.92582
17360	-0.98479
17361	-1.05548
17362	-1.16392
17363	-1.19540
17364	-1.09602
17365	-0.89815
17366	-0.67275
17367	-0.42517
17368	-0.18819
17369	0.09152
17370	0.44771
17371	0.89150
17372	1.31618
17373	1.54040
17374	1.73140
17375	2.13615
17376	2.31775
17377	1.94985
17378	1.65162
17379	1.45536
17380	0.96343
17381	0.54125
17382	0.46514
17383	-0.11784
17384	-0.11392
17385	-0.04968
17386	0.03795
17387	0.05615
17388	0.02612
17389	0.00612
17390	0.00212
17391	0.00231
17392	0.00346
17393	0.00508
17394	0.00615
17395	0.00682
17396	0.00774
17397	0.00949
17398	0.01287
17399	0.01703
17400	0.01928
17401	0.02044
17402	0.02160
17403	0.01994
17404	0.01641
17405	0.01449
17406	0.01361
17407	0.01191
17408	0.00947
17409	0.00651
17410	0.00297
17411	-0.00115
17412	-0.00649
17413	-0.01321
17414	-0.02024
17415	-0.02602
17416	-0.02847
17417	-0.02456
17418	-0.01411
17419	-0.00344
17420	0.00005
17421	-0.00382
17422	-0.01204
17423	-0.02006
17424	-0.02037
17425	-0.01199
17426	-0.00175
17427	-0.00001
17428	-0.01065
17429	0.01488
17430	0.04680
17431	-0.17430
17432	-0.35068
17433	-0.29419
17434	-0.05288
17435	0.01022
17436	0.09911
17437	0.24906
17438	0.19412
17439	0.03438
17440	0.01091
17441	0.06486
17442	0.04664
17443	-0.02307
17444	-0.06784
17445	-0.10829
17446	-0.17419
17447	-0.24929
17448	-0.32403
17449	-0.35104
17450	-0.33708
17451	-0.30896
17452	-0.33200
17453	-0.38172
17454	-0.39677
17455	-0.35633
17456	-0.28133
17457	-0.24962
17458	-0.23509
17459	-0.22831
17460	-0.25947
17461	-0.29332
17462	-0.26640
17463	-0.23629
17464	-0.24989
17465	-0.29743
17466	-0.34980
17467	-0.37901
17468	-0.41432
17469	-0.42049
17470	-0.39676
17471	-0.31656
17472	-0.20885
17473	-0.16657
17474	-0.22791
17475	-0.29729
17476	-0.25256
17477	-0.13155
17478	-0.03838
17479	-0.04402
17480	-0.11039
17481	-0.14801
17482	-0.12234
17483	-0.10852
17484	-0.18068
17485	-0.31625
17486	-0.50343
17487	-0.75459
17488	-0.98098
17489	-1.06124
17490	-1.10019
17491	-1.27821
17492	-1.42043
17493	-1.28073
17494	-1.02687
17495	-0.85878
17496	-0.54902
17497	-0.12272
17498	0.21378
17499	0.65079
17500	1.11649
17501	1.30104
17502	1.62634
17503	1.85025
17504	1.78497
17505	1.89158
17506	1.90382
17507	1.23191
17508	0.74706
17509	0.81296
17510	0.40400
17511	-0.08915
17512	-0.09742
17513	-0.07394
17514	-0.01640
17515	0.02112
17516	0.02566
17517	0.01853
17518	0.01094
17519	0.00618
17520	0.00447
17521	0.00406
17522	0.00465
17523	0.00659
17524	0.00846
17525	0.00954
17526	0.01112
17527	0.01251
17528	0.01334
17529	0.01524
17530	0.01853
17531	0.01876
17532	0.01131
17533	0.00319
17534	0.00167
17535	0.00118
17536	-0.00066
17537	-0.00090
17538	0.00006
17539	0.00019
17540	-0.00044
17541	-0.00111
17542	-0.00019
17543	0.00190
17544	0.00222
17545	0.00121
17546	0.00040
17547	0.00011
17548	-0.00016
17549	-0.00052
17550	-0.00107
17551	-0.00182
17552	-0.00197
17553	-0.00134
17554	-0.00240
17555	-0.00639
17556	-0.00972
17557	-0.00928
17558	-0.00538
17559	-0.00125
17560	0.00041
17561	0.00091
17562	-0.00107
17563	-0.00578
17564	0.02374
17565	-0.00616
17566	0.01556
17567	0.08464
17568	-0.00403
17569	-0.13708
17570	-0.10221
17571	-0.03026
17572	-0.00134
17573	0.04616
17574	0.05415
17575	0.00182
17576	-0.01203
17577	0.00148
17578	-0.00325
17579	-0.02409
17580	-0.03441
17581	-0.02615
17582	-0.01999
17583	-0.00861
17584	0.00196
17585	0.00016
17586	-0.02502
17587	-0.05076
17588	-0.04838
17589	-0.03173
17590	-0.01912
17591	-0.00977
17592	-0.00901
17593	-0.01067
17594	-0.00144
17595	0.00696
17596	-0.00705
17597	-0.00571
17598	-0.00432
17599	-0.00286
17600	0.00105
17601	0.00016
17602	0.00097
17603	-0.00121
17604	0.01282
17605	0.02623
17606	0.02291
17607	0.01946
17608	-0.00010
17609	-0.02705
17610	-0.04299
17611	-0.03873
17612	-0.02790
17613	-0.03324
17614	-0.04707
17615	-0.05951
17616	-0.06795
17617	-0.07840
17618	-0.07271
17619	-0.05321
17620	-0.04835
17621	-0.06561
17622	-0.09227
17623	-0.10552
17624	-0.09817
17625	-0.09167
17626	-0.09470
17627	-0.09332
17628	-0.08761
17629	-0.08565
17630	-0.08533
17631	-0.07693
17632	-0.06375
17633	-0.06578
17634	-0.07419
17635	-0.06528
17636	-0.04933
17637	-0.04260
17638	-0.04471
17639	-0.04193
17640	-0.03368
17641	-0.02777
17642	-0.03546
17643	-0.04252
17644	-0.03280
17645	-0.01594
17646	-0.00284
17647	-0.00341
17648	-0.01535
17649	-0.03404
17650	-0.03891
17651	-0.03283
17652	-0.03907
17653	-0.04917
17654	-0.04808
17655	-0.04538
17656	-0.04827
17657	-0.04837
17658	-0.05241
17659	-0.06572
17660	-0.07317
17661	-0.06666
17662	-0.06425
17663	-0.06803
17664	-0.06011
17665	-0.04392
17666	-0.02937
17667	-0.01420
17668	-0.00240
17669	0.00620
17670	0.01268
17671	0.00854
17672	0.00034
17673	0.00340
17674	0.00922
17675	0.01227
17676	0.01041
17677	0.00747
17678	0.00532
17679	0.00316
17680	0.00086
17681	-0.00107
17682	-0.00215
17683	-0.00219
17684	-0.00774
17685	-0.02919
17686	-0.03783
17687	-0.01998
17688	0.00135
17689	-0.02260
17690	-0.05210
17691	0.05617
17692	0.05893
17693	0.00388
17694	0.01498
17695	0.03977
17696	0.04658
17697	0.02744
17698	0.01998
17699	0.01885
17700	0.01846
17701	0.01222
17702	0.00426
17703	0.00296
17704	0.00662
17705	0.01224
17706	0.01634
17707	0.01686
17708	0.01862
17709	0.02040
17710	0.02174
17711	0.02784
17712	0.04162
17713	0.04993
17714	0.04817
17715	0.04483
17716	0.04452
17717	0.05155
17718	0.05643
17719	0.05865
17720	0.05777
17721	0.04846
17722	0.04250
17723	0.04625
17724	0.04967
17725	0.04647
17726	0.04577
17727	0.04385
17728	0.03177
17729	0.01985
17730	0.01540
17731	0.01451
17732	0.01115
17733	0.00320
17734	-0.00561
17735	-0.01295
17736	-0.01515
17737	-0.01403
17738	-0.01890
17739	-0.03175
17740	-0.04125
17741	-0.04391
17742	-0.05042
17743	-0.06101
17744	-0.05416
17745	-0.03675
17746	-0.03407
17747	-0.04190
17748	-0.04887
17749	-0.05467
17750	-0.05420
17751	-0.04177
17752	-0.02750
17753	-0.02163
17754	-0.02369
17755	-0.02254
17756	-0.01602
17757	-0.01482
17758	-0.01954
17759	-0.02528
17760	-0.03043
17761	-0.03280
17762	-0.02497
17763	-0.01129
17764	-0.00575
17765	-0.01122
17766	-0.01941
17767	-0.02463
17768	-0.02430
17769	-0.01803
17770	-0.00917
17771	-0.00254
17772	-0.00369
17773	-0.01201
17774	-0.02210
17775	-0.02613
17776	-0.02205
17777	-0.01817
17778	-0.01611
17779	-0.01048
17780	-0.00381
17781	-0.00247
17782	-0.00739
17783	-0.01248
17784	-0.01376
17785	-0.01713
17786	-0.02913
17787	-0.04064
17788	-0.03519
17789	-0.02283
17790	-0.01869
17791	-0.02295
17792	-0.02973
17793	-0.03165
17794	-0.02301
17795	-0.01022
17796	-0.00168
17797	-0.00139
17798	-0.00439
17799	-0.00418
17800	-0.00081
17801	0.00276
17802	0.00546
17803	0.00512
17804	-0.00091
17805	-0.00789
17806	-0.00597
17807	0.00219
17808	0.00241
17809	-0.00646
17810	-0.00945
17811	-0.00419
17812	-0.00558
17813	-0.01135
17814	-0.00778
17815	-0.00213
17816	-0.00724
17817	-0.01576
17818	-0.02095
17819	-0.02488
17820	-0.02579
17821	-0.02325
17822	-0.01758
17823	-0.00844
17824	0.00125
17825	0.00745
17826	0.00743
17827	0.00597
17828	0.00758
17829	0.01185
17830	0.01577
17831	0.01433
17832	0.00359
17833	-0.00838
17834	-0.01074
17835	-0.00443
17836	-0.00039
17837	-0.00229
17838	-0.00304
17839	0.00107
17840	0.00504
17841	0.00388
17842	0.00453
17843	
17844	