1	-5.65109
2	-5.67849
3	-5.68682
4	-5.68047
5	-5.67268
6	-5.66995
7	-5.67509
8	-5.68036
9	-5.67697
10	-5.67042
11	-5.66071
12	-5.64245
13	-5.61848
14	-5.59184
15	-5.56696
16	-5.54840
17	-5.53860
18	-5.53748
19	-5.54322
20	-5.56350
21	-5.59598
22	-5.61437
23	-5.61280
24	-5.61389
25	-5.62664
26	-5.63995
27	-5.64657
28	-5.65202
29	-5.66022
30	-5.66796
31	-5.67534
32	-5.68188
33	-5.68283
34	-5.68073
35	-5.68187
36	-5.68576
37	-5.68328
38	-5.67202
39	-5.66377
40	-5.66296
41	-5.66462
42	-5.67308
43	-5.69095
44	-5.70685
45	-5.71132
46	-5.71036
47	-5.71487
48	-5.71924
49	-5.71070
50	-5.69622
51	-5.69086
52	-5.69522
53	-5.70167
54	-5.70427
55	-5.70105
56	-5.69336
57	-5.68762
58	-5.68925
59	-5.69520
60	-5.70103
61	-5.70388
62	-5.69877
63	-5.68968
64	-5.68533
65	-5.67950
66	-5.66612
67	-5.66060
68	-5.67098
69	-5.67801
70	-5.66687
71	-5.64979
72	-5.64521
73	-5.65026
74	-5.64764
75	-5.62952
76	-5.60274
77	-5.57592
78	-5.55893
79	-5.55947
80	-5.56866
81	-5.57479
82	-5.58339
83	-5.59521
84	-5.59854
85	-5.59819
86	-5.60630
87	-5.61536
88	-5.61809
89	-5.61958
90	-5.61931
91	-5.61458
92	-5.61030
93	-5.60635
94	-5.59948
95	-5.59618
96	-5.59829
97	-5.60030
98	-5.60396
99	-5.61015
100	-5.61368
101	-5.61461
102	-5.61315
103	-5.60598
104	-5.59637
105	-5.59679
106	-5.61362
107	-5.63355
108	-5.64189
109	-5.64834
110	-5.66256
111	-5.67231
112	-5.66855
113	-5.65247
114	-5.63154
115	-5.62315
116	-5.62792
117	-5.63109
118	-5.63939
119	-5.65997
120	-5.67057
121	-5.65889
122	-5.63716
123	-5.61005
124	-5.58237
125	-5.57277
126	-5.58222
127	-5.58764
128	-5.57841
129	-5.56209
130	-5.54890
131	-5.54993
132	-5.56105
133	-5.56335
134	-5.55605
135	-5.55098
136	-5.55226
137	-5.55959
138	-5.56788
139	-5.56769
140	-5.55040
141	-5.51489
142	-5.47930
143	-5.46691
144	-5.47775
145	-5.49267
146	-5.49758
147	-5.49519
148	-5.49241
149	-5.49019
150	-5.49544
151	-5.52599
152	-5.58628
153	-5.65389
154	-5.71064
155	-5.76366
156	-5.81987
157	-5.86623
158	-5.88798
159	-5.89007
160	-5.88261
161	-5.85604
162	-5.79602
163	-5.72136
164	-5.67622
165	-5.66778
166	-5.65876
167	-5.63864
168	-5.63645
169	-5.65246
170	-5.65758
171	-5.65702
172	-5.68530
173	-5.74960
174	-5.82179
175	-5.88447
176	-5.94825
177	-6.01969
178	-6.09779
179	-6.17564
180	-6.23178
181	-6.26766
182	-6.32558
183	-6.42841
184	-6.54423
185	-6.63081
186	-6.67987
187	-6.70803
188	-6.72062
189	-6.70402
190	-6.65411
191	-6.57916
192	-6.48013
193	-6.37348
194	-6.28814
195	-6.21520
196	-6.12843
197	-6.03623
198	-5.95405
199	-5.86716
200	-5.76867
201	-5.68785
202	-5.63259
203	-5.57130
204	-5.48865
205	-5.38837
206	-5.27142
207	-5.15072
208	-5.05414
209	-4.99430
210	-4.95587
211	-4.92323
212	-4.88877
213	-4.83895
214	-4.76493
215	-4.67085
216	-4.57208
217	-4.48013
218	-4.39506
219	-4.32538
220	-4.27233
221	-4.21951
222	-4.16967
223	-4.12949
224	-4.07642
225	-4.00071
226	-3.93705
227	-3.91708
228	-3.93236
229	-3.95298
230	-3.96546
231	-3.99779
232	-4.08517
233	-4.19577
234	-4.26549
235	-4.32394
236	-4.45508
237	-4.64389
238	-4.80928
239	-4.92836
240	-5.03078
241	-5.14510
242	-5.27490
243	-5.40673
244	-5.52671
245	-5.61547
246	-5.67940
247	-5.77687
248	-5.94351
249	-6.13490
250	-6.29370
251	-6.41805
252	-6.52795
253	-6.62989
254	-6.72896
255	-6.82621
256	-6.91517
257	-6.98856
258	-7.03617
259	-7.05186
260	-7.03628
261	-6.98842
262	-6.92044
263	-6.84989
264	-6.76896
265	-6.66222
266	-6.53649
267	-6.41457
268	-6.31536
269	-6.23567
270	-6.15530
271	-6.05643
272	-5.93766
273	-5.81224
274	-5.68896
275	-5.56580
276	-5.44212
277	-5.32412
278	-5.22937
279	-5.17222
280	-5.13588
281	-5.08775
282	-5.02582
283	-4.97645
284	-4.95000
285	-4.94243
286	-4.95755
287	-4.98253
288	-4.98339
289	-4.96192
290	-4.96924
291	-5.02631
292	-5.07536
293	-5.07194
294	-5.06087
295	-5.09116
296	-5.14674
297	-5.19668
298	-5.22789
299	-5.24370
300	-5.26647
301	-5.30011
302	-5.30752
303	-5.25882
304	-5.17968
305	-5.13723
306	-5.16134
307	-5.20394
308	-5.22126
309	-5.22417
310	-5.22005
311	-5.19134
312	-5.14494
313	-5.13487
314	-5.18657
315	-5.23838
316	-5.22815
317	-5.17428
318	-5.12713
319	-5.09037
320	-5.04760
321	-5.02915
322	-5.06243
323	-5.11140
324	-5.14033
325	-5.15768
326	-5.17623
327	-5.19867
328	-5.22924
329	-5.26009
330	-5.26872
331	-5.25164
332	-5.23016
333	-5.21500
334	-5.19333
335	-5.14784
336	-5.07331
337	-4.97926
338	-4.87498
339	-4.77016
340	-4.67896
341	-4.60454
342	-4.53769
343	-4.47504
344	-4.42305
345	-4.38441
346	-4.35511
347	-4.33664
348	-4.32704
349	-4.31948
350	-4.34373
351	-4.42564
352	-4.50473
353	-4.51753
354	-4.49730
355	-4.49231
356	-4.49251
357	-4.47816
358	-4.44588
359	-4.38932
360	-4.32551
361	-4.28921
362	-4.27914
363	-4.27128
364	-4.26899
365	-4.29549
366	-4.34768
367	-4.39434
368	-4.41841
369	-4.43175
370	-4.45573
371	-4.49620
372	-4.53538
373	-4.54897
374	-4.53975
375	-4.55459
376	-4.62720
377	-4.72536
378	-4.79778
379	-4.82248
380	-4.81575
381	-4.82146
382	-4.85181
383	-4.88865
384	-4.94671
385	-5.02701
386	-5.08016
387	-5.09525
388	-5.11320
389	-5.15164
390	-5.20125
391	-5.25216
392	-5.29027
393	-5.31190
394	-5.33101
395	-5.36080
396	-5.40217
397	-5.44637
398	-5.49355
399	-5.54486
400	-5.58493
401	-5.60810
402	-5.63015
403	-5.66450
404	-5.71443
405	-5.77118
406	-5.82092
407	-5.86565
408	-5.92012
409	-5.98716
410	-6.04342
411	-6.06763
412	-6.09122
413	-6.16017
414	-6.24839
415	-6.29806
416	-6.31459
417	-6.34563
418	-6.41019
419	-6.49035
420	-6.55216
421	-6.56519
422	-6.53816
423	-6.52467
424	-6.54358
425	-6.55185
426	-6.53455
427	-6.52525
428	-6.53518
429	-6.54448
430	-6.54350
431	-6.53017
432	-6.49738
433	-6.45400
434	-6.41183
435	-6.36367
436	-6.31721
437	-6.30190
438	-6.31568
439	-6.32190
440	-6.30628
441	-6.28359
442	-6.26033
443	-6.22991
444	-6.19245
445	-6.15611
446	-6.12908
447	-6.11186
448	-6.09414
449	-6.07110
450	-6.05123
451	-6.04148
452	-6.03779
453	-6.02193
454	-5.98188
455	-5.94129
456	-5.92499
457	-5.90944
458	-5.87580
459	-5.84790
460	-5.82520
461	-5.79028
462	-5.77379
463	-5.79844
464	-5.81141
465	-5.75999
466	-5.68404
467	-5.66160
468	-5.69047
469	-5.70968
470	-5.70812
471	-5.71942
472	-5.75971
473	-5.81774
474	-5.86486
475	-5.88302
476	-5.88417
477	-5.88737
478	-5.90740
479	-5.95362
480	-6.00739
481	-6.03693
482	-6.04102
483	-6.03979
484	-6.04961
485	-6.08408
486	-6.14471
487	-6.21394
488	-6.28200
489	-6.35057
490	-6.41586
491	-6.47954
492	-6.54363
493	-6.59574
494	-6.62330
495	-6.61968
496	-6.58378
497	-6.51803
498	-6.42518
499	-6.30047
500	-6.13132
501	-5.93347
502	-5.74919
503	-5.58690
504	-5.42421
505	-5.24912
506	-5.06207
507	-4.88259
508	-4.75491
509	-4.71099
510	-4.71841
511	-4.71138
512	-4.70170
513	-4.75187
514	-4.85593
515	-4.97528
516	-5.09547
517	-5.20403
518	-5.30993
519	-5.42386
520	-5.49713
521	-5.48970
522	-5.45128
523	-5.42719
524	-5.40414
525	-5.40054
526	-5.43955
527	-5.47415
528	-5.45330
529	-5.39504
530	-5.35538
531	-5.34402
532	-5.31281
533	-5.24927
534	-5.19661
535	-5.17454
536	-5.16725
537	-5.16832
538	-5.17697
539	-5.18881
540	-5.22620
541	-5.30814
542	-5.38390
543	-5.38213
544	-5.30223
545	-5.21240
546	-5.17216
547	-5.16048
548	-5.12228
549	-5.05238
550	-4.98371
551	-4.95268
552	-4.98068
553	-5.02963
554	-5.02645
555	-4.97463
556	-4.95089
557	-4.98101
558	-5.02517
559	-5.07141
560	-5.13014
561	-5.19010
562	-5.26136
563	-5.37653
564	-5.53481
565	-5.71752
566	-5.91371
567	-6.12739
568	-6.37429
569	-6.61484
570	-6.77704
571	-6.87682
572	-6.98688
573	-7.13286
574	-7.27751
575	-7.38109
576	-7.47117
577	-7.60240
578	-7.78987
579	-8.02831
580	-8.32670
581	-8.70363
582	-9.17073
583	-9.71995
584	-10.29058
585	-10.78799
586	-11.18452
587	-11.52553
588	-11.84611
589	-12.13539
590	-12.33307
591	-12.35903
592	-12.16695
593	-11.77477
594	-11.24015
595	-10.57663
596	-9.73573
597	-8.67755
598	-7.43707
599	-6.10551
600	-4.73317
601	-3.32648
602	-1.92298
603	-0.56271
604	0.76057
605	2.05025
606	3.28162
607	4.45444
608	5.60004
609	6.73399
610	7.86082
611	8.99986
612	10.16917
613	11.36153
614	12.55625
615	13.73359
616	14.87709
617	15.96760
618	16.97632
619	17.90356
620	18.78040
621	19.59350
622	20.31081
623	20.94711
624	21.51546
625	21.99377
626	22.36973
627	22.65830
628	22.86838
629	22.97448
630	22.93317
631	22.72489
632	22.35145
633	21.81589
634	21.13035
635	20.32530
636	19.44338
637	18.52737
638	17.63292
639	16.86481
640	16.35836
641	16.18797
642	16.27232
643	16.40832
644	16.44313
645	16.35336
646	16.13800
647	15.73125
648	15.11162
649	14.49638
650	14.23829
651	14.44222
652	14.84045
653	15.07094
654	14.96228
655	14.54564
656	13.94486
657	13.30368
658	12.71872
659	12.19495
660	11.68319
661	11.15592
662	10.62675
663	10.10338
664	9.57528
665	9.01721
666	8.38319
667	7.65851
668	6.89603
669	6.15704
670	5.43087
671	4.67534
672	3.90943
673	3.16883
674	2.44993
675	1.75259
676	1.08470
677	0.44666
678	-0.14604
679	-0.69136
680	-1.22401
681	-1.76318
682	-2.31922
683	-2.91070
684	-3.51997
685	-4.09996
686	-4.61225
687	-5.06681
688	-5.51529
689	-5.96878
690	-6.42672
691	-6.92896
692	-7.47683
693	-7.98853
694	-8.41177
695	-8.82739
696	-9.34755
697	-9.98198
698	-10.67627
699	-11.39048
700	-12.10302
701	-12.78921
702	-13.41689
703	-13.95507
704	-14.39464
705	-14.75311
706	-15.03007
707	-15.19627
708	-15.23154
709	-15.11022
710	-14.77251
711	-14.16086
712	-13.26607
713	-12.13092
714	-10.83139
715	-9.42265
716	-7.90681
717	-6.32049
718	-4.76302
719	-3.27445
720	-1.81777
721	-0.37117
722	1.04333
723	2.42655
724	3.83121
725	5.28271
726	6.76190
727	8.27813
728	9.86707
729	11.50292
730	13.09271
731	14.59550
732	16.05146
733	17.46946
734	18.79466
735	19.98682
736	21.08033
737	22.13468
738	23.11244
739	23.93496
740	24.63521
741	25.27843
742	25.85252
743	26.33047
744	26.70609
745	26.96854
746	27.11318
747	27.13934
748	27.02590
749	26.73889
750	26.24106
751	25.48252
752	24.44753
753	23.19936
754	21.84333
755	20.52485
756	19.46673
757	18.90806
758	18.94007
759	19.41046
760	20.03059
761	20.60559
762	21.10084
763	21.50847
764	21.76668
765	21.76235
766	21.39783
767	20.73567
768	20.07732
769	19.79646
770	20.04431
771	20.65630
772	21.25468
773	21.45448
774	21.04134
775	19.99613
776	18.51218
777	16.96384
778	15.67133
779	14.68081
780	13.85911
781	13.08169
782	12.25417
783	11.31976
784	10.27899
785	9.15409
786	7.98717
787	6.84088
788	5.73935
789	4.65253
790	3.55358
791	2.44510
792	1.36247
793	0.36159
794	-0.54200
795	-1.40564
796	-2.28511
797	-3.15969
798	-3.97873
799	-4.71195
800	-5.36266
801	-5.99412
802	-6.66281
803	-7.35253
804	-8.02644
805	-8.68176
806	-9.35013
807	-10.05769
808	-10.80782
809	-11.62104
810	-12.51209
811	-13.43087
812	-14.29271
813	-15.02786
814	-15.60244
815	-16.04549
816	-16.42451
817	-16.75686
818	-16.98006
819	-17.02393
820	-16.87780
821	-16.56226
822	-16.06221
823	-15.31445
824	-14.26811
825	-12.98672
826	-11.62388
827	-10.23917
828	-8.79630
829	-7.31589
830	-5.80505
831	-4.15482
832	-2.28661
833	-0.26090
834	1.82009
835	3.87017
836	5.83599
837	7.76583
838	9.75842
839	11.83798
840	13.95032
841	16.03041
842	18.01887
843	19.87589
844	21.60732
845	23.23655
846	24.75513
847	26.08558
848	27.17500
849	28.10955
850	28.94740
851	29.61503
852	30.08354
853	30.38570
854	30.50357
855	30.39378
856	30.03521
857	29.44195
858	28.65094
859	27.67769
860	26.53660
861	25.30720
862	24.12710
863	23.18037
864	22.69835
865	22.81458
866	23.40575
867	24.14791
868	24.73545
869	25.07917
870	25.25196
871	25.28267
872	25.05417
873	24.44990
874	23.57744
875	22.75174
876	22.28331
877	22.26693
878	22.58528
879	23.04984
880	23.37523
881	23.19824
882	22.30813
883	20.84448
884	19.20201
885	17.76805
886	16.72707
887	15.97504
888	15.25063
889	14.39180
890	13.41089
891	12.38178
892	11.32841
893	10.20508
894	9.00694
895	7.84060
896	6.75166
897	5.63978
898	4.43936
899	3.18617
900	1.94155
901	0.72975
902	-0.46274
903	-1.60215
904	-2.64676
905	-3.63158
906	-4.58116
907	-5.46988
908	-6.30235
909	-7.10833
910	-7.87996
911	-8.59675
912	-9.29833
913	-10.05762
914	-10.89092
915	-11.74693
916	-12.57986
917	-13.38840
918	-14.16291
919	-14.86568
920	-15.48135
921	-16.02112
922	-16.48976
923	-16.88690
924	-17.20445
925	-17.40334
926	-17.43267
927	-17.26133
928	-16.86404
929	-16.22098
930	-15.32137
931	-14.14603
932	-12.69945
933	-11.07456
934	-9.41680
935	-7.80943
936	-6.23439
937	-4.59526
938	-2.80294
939	-0.88643
940	1.04062
941	2.88703
942	4.63482
943	6.35703
944	8.13201
945	9.95730
946	11.82761
947	13.75484
948	15.69510
949	17.59041
950	19.41549
951	21.15751
952	22.81003
953	24.36121
954	25.77088
955	26.98189
956	27.94886
957	28.66382
958	29.16259
959	29.48160
960	29.62413
961	29.58079
962	29.33921
963	28.88559
964	28.21423
965	27.33489
966	26.29384
967	25.15591
968	23.99323
969	22.98240
970	22.52366
971	22.96852
972	24.16939
973	25.57509
974	26.68052
975	27.32119
976	27.56909
977	27.47827
978	27.00786
979	26.19193
980	25.22728
981	24.37281
982	23.88364
983	23.88461
984	24.28957
985	24.83673
986	25.11375
987	24.77367
988	23.75717
989	22.26891
990	20.63719
991	19.17927
992	18.04791
993	17.14125
994	16.23161
995	15.20550
996	14.08357
997	12.87434
998	11.58490
999	10.27826
1000	9.00765
1001	7.78218
1002	6.58210
1003	5.37600
1004	4.16232
1005	2.95489
1006	1.73067
1007	0.48725
1008	-0.71187
1009	-1.82796
1010	-2.85527
1011	-3.77449
1012	-4.61960
1013	-5.46273
1014	-6.30838
1015	-7.14018
1016	-7.98852
1017	-8.85533
1018	-9.70340
1019	-10.54156
1020	-11.40305
1021	-12.28293
1022	-13.14715
1023	-13.95242
1024	-14.66388
1025	-15.26815
1026	-15.76397
1027	-16.17450
1028	-16.53755
1029	-16.82818
1030	-16.94164
1031	-16.79014
1032	-16.35124
1033	-15.63523
1034	-14.66920
1035	-13.47569
1036	-12.08039
1037	-10.57198
1038	-9.07055
1039	-7.65410
1040	-6.34753
1041	-5.05319
1042	-3.53745
1043	-1.69106
1044	0.28731
1045	2.16477
1046	3.95843
1047	5.77739
1048	7.62218
1049	9.47590
1050	11.37768
1051	13.34826
1052	15.36720
1053	17.37351
1054	19.26400
1055	20.99643
1056	22.60396
1057	24.07123
1058	25.35686
1059	26.45572
1060	27.34222
1061	27.98489
1062	28.39397
1063	28.57145
1064	28.49731
1065	28.17939
1066	27.64120
1067	26.87243
1068	25.86532
1069	24.68047
1070	23.40173
1071	22.11713
1072	21.08638
1073	20.80094
1074	21.55705
1075	22.97517
1076	24.33535
1077	25.23604
1078	25.63742
1079	25.54671
1080	24.96350
1081	24.02837
1082	23.13078
1083	22.70231
1084	22.82711
1085	23.28748
1086	23.72228
1087	23.72651
1088	23.12079
1089	22.00649
1090	20.63025
1091	19.28575
1092	18.18013
1093	17.31262
1094	16.53919
1095	15.73632
1096	14.83404
1097	13.78901
1098	12.61972
1099	11.36765
1100	10.03231
1101	8.62317
1102	7.20527
1103	5.85447
1104	4.58191
1105	3.31894
1106	2.03572
1107	0.81090
1108	-0.29230
1109	-1.32545
1110	-2.35785
1111	-3.36493
1112	-4.28006
1113	-5.10865
1114	-5.90049
1115	-6.66833
1116	-7.42646
1117	-8.21624
1118	-9.03464
1119	-9.84589
1120	-10.67941
1121	-11.60310
1122	-12.59190
1123	-13.54160
1124	-14.38619
1125	-15.10092
1126	-15.67987
1127	-16.16175
1128	-16.57991
1129	-16.91224
1130	-17.12977
1131	-17.22618
1132	-17.18393
1133	-16.98165
1134	-16.64004
1135	-16.16293
1136	-15.45668
1137	-14.45369
1138	-13.23730
1139	-11.91796
1140	-10.52741
1141	-9.08341
1142	-7.60095
1143	-6.04531
1144	-4.36968
1145	-2.57449
1146	-0.71466
1147	1.15290
1148	3.02288
1149	4.90383
1150	6.77487
1151	8.61978
1152	10.45327
1153	12.31838
1154	14.25886
1155	16.26816
1156	18.27469
1157	20.19441
1158	21.99287
1159	23.66040
1160	25.15366
1161	26.41017
1162	27.41337
1163	28.20766
1164	28.82521
1165	29.24121
1166	29.42467
1167	29.37727
1168	29.09381
1169	28.54924
1170	27.75837
1171	26.77610
1172	25.63872
1173	24.38363
1174	23.15833
1175	22.28200
1176	22.12231
1177	22.80985
1178	23.97619
1179	25.02832
1180	25.66671
1181	25.88811
1182	25.68676
1183	25.10856
1184	24.47073
1185	24.18205
1186	24.35178
1187	24.78209
1188	25.11827
1189	25.01168
1190	24.33050
1191	23.21398
1192	21.94551
1193	20.78127
1194	19.83168
1195	19.02737
1196	18.19933
1197	17.21436
1198	16.05350
1199	14.80539
1200	13.55050
1201	12.27169
1202	10.89605
1203	9.39561
1204	7.86855
1205	6.42401
1206	5.02192
1207	3.60176
1208	2.21076
1209	0.89839
1210	-0.34726
1211	-1.56419
1212	-2.78530
1213	-3.99534
1214	-5.13843
1215	-6.20399
1216	-7.22355
1217	-8.18516
1218	-9.04918
1219	-9.82556
1220	-10.58546
1221	-11.38973
1222	-12.20891
1223	-12.97008
1224	-13.66528
1225	-14.33103
1226	-14.97397
1227	-15.57836
1228	-16.13969
1229	-16.66225
1230	-17.15259
1231	-17.61180
1232	-18.01408
1233	-18.33302
1234	-18.56879
1235	-18.69911
1236	-18.65757
1237	-18.38452
1238	-17.85906
1239	-17.06956
1240	-16.00686
1241	-14.74007
1242	-13.37984
1243	-11.94054
1244	-10.41378
1245	-8.86838
1246	-7.30097
1247	-5.58168
1248	-3.65304
1249	-1.61613
1250	0.41719
1251	2.40625
1252	4.32677
1253	6.21259
1254	8.16704
1255	10.20224
1256	12.25930
1257	14.35429
1258	16.49675
1259	18.61846
1260	20.66233
1261	22.60590
1262	24.42204
1263	26.04051
1264	27.36284
1265	28.35896
1266	29.08564
1267	29.60671
1268	29.95114
1269	30.12332
1270	30.10030
1271	29.82317
1272	29.25916
1273	28.46658
1274	27.53135
1275	26.46206
1276	25.23085
1277	23.95620
1278	23.00832
1279	22.86910
1280	23.67484
1281	24.98322
1282	26.16712
1283	26.86872
1284	27.04704
1285	26.77768
1286	26.10809
1287	25.12689
1288	24.14442
1289	23.58784
1290	23.63614
1291	24.15693
1292	24.92450
1293	25.59673
1294	25.72563
1295	25.06237
1296	23.70438
1297	22.00956
1298	20.41880
1299	19.19062
1300	18.27880
1301	17.48882
1302	16.65792
1303	15.71400
1304	14.66809
1305	13.55039
1306	12.37724
1307	11.17971
1308	9.98332
1309	8.77038
1310	7.51447
1311	6.21248
1312	4.86597
1313	3.49115
1314	2.11850
1315	0.73743
1316	-0.65906
1317	-1.98618
1318	-3.16567
1319	-4.24327
1320	-5.30797
1321	-6.36965
1322	-7.36872
1323	-8.28490
1324	-9.16261
1325	-10.03047
1326	-10.89159
1327	-11.74598
1328	-12.57244
1329	-13.33383
1330	-13.98878
1331	-14.53673
1332	-15.05032
1333	-15.55813
1334	-15.99583
1335	-16.35266
1336	-16.69007
1337	-17.00780
1338	-17.22972
1339	-17.29564
1340	-17.18931
1341	-16.90606
1342	-16.41624
1343	-15.64490
1344	-14.53905
1345	-13.16381
1346	-11.66501
1347	-10.16134
1348	-8.69502
1349	-7.23506
1350	-5.69252
1351	-3.98349
1352	-2.13417
1353	-0.27688
1354	1.50914
1355	3.26340
1356	5.03251
1357	6.84076
1358	8.70160
1359	10.57440
1360	12.42066
1361	14.26632
1362	16.15232
1363	18.06647
1364	19.92915
1365	21.65872
1366	23.23920
1367	24.68059
1368	25.93480
1369	26.93302
1370	27.68851
1371	28.26204
1372	28.65439
1373	28.81689
1374	28.71923
1375	28.36032
1376	27.75156
1377	26.91360
1378	25.90177
1379	24.80262
1380	23.65223
1381	22.47248
1382	21.46425
1383	21.05978
1384	21.57818
1385	22.78880
1386	24.09392
1387	25.06886
1388	25.58926
1389	25.61640
1390	25.14293
1391	24.31175
1392	23.50067
1393	23.12822
1394	23.34766
1395	23.97819
1396	24.53727
1397	24.53578
1398	23.88802
1399	22.82768
1400	21.59751
1401	20.38241
1402	19.32919
1403	18.45956
1404	17.66357
1405	16.81554
1406	15.84925
1407	14.78092
1408	13.68085
1409	12.58423
1410	11.43577
1411	10.16431
1412	8.79236
1413	7.40809
1414	6.06306
1415	4.75468
1416	3.44310
1417	2.11308
1418	0.84634
1419	-0.29823
1420	-1.36895
1421	-2.40430
1422	-3.40228
1423	-4.35893
1424	-5.25023
1425	-6.04403
1426	-6.74688
1427	-7.42419
1428	-8.15150
1429	-8.94276
1430	-9.75866
1431	-10.57581
1432	-11.40739
1433	-12.26363
1434	-13.11706
1435	-13.91161
1436	-14.60054
1437	-15.17645
1438	-15.66061
1439	-16.06929
1440	-16.40849
1441	-16.68387
1442	-16.87940
1443	-16.92668
1444	-16.75222
1445	-16.37807
1446	-15.86600
1447	-15.15328
1448	-14.13807
1449	-12.91204
1450	-11.64757
1451	-10.31760
1452	-8.80917
1453	-7.15669
1454	-5.44807
1455	-3.66289
1456	-1.72794
1457	0.32904
1458	2.38880
1459	4.39130
1460	6.36669
1461	8.35624
1462	10.38173
1463	12.44830
1464	14.54794
1465	16.65671
1466	18.73981
1467	20.77693
1468	22.75920
1469	24.66572
1470	26.44997
1471	28.04512
1472	29.38221
1473	30.38303
1474	30.99412
1475	31.24798
1476	31.23219
1477	31.01735
1478	30.62798
1479	30.04130
1480	29.21575
1481	28.17605
1482	27.03325
1483	25.87272
1484	24.73408
1485	23.77597
1486	23.37287
1487	23.77207
1488	24.68097
1489	25.56096
1490	26.15131
1491	26.42110
1492	26.28039
1493	25.62396
1494	24.60526
1495	23.77424
1496	23.69045
1497	24.42197
1498	25.61308
1499	26.63360
1500	26.84911
1501	26.09707
1502	24.69120
1503	23.06154
1504	21.53226
1505	20.28485
1506	19.34375
1507	18.58618
1508	17.82009
1509	16.91139
1510	15.86561
1511	14.76384
1512	13.64506
1513	12.48545
1514	11.26009
1515	9.99007
1516	8.69402
1517	7.34117
1518	5.92742
1519	4.52118
1520	3.17780
1521	1.88759
1522	0.63983
1523	-0.54823
1524	-1.68350
1525	-2.79748
1526	-3.88797
1527	-4.90778
1528	-5.82428
1529	-6.67910
1530	-7.55155
1531	-8.46392
1532	-9.38241
1533	-10.29711
1534	-11.23184
1535	-12.18936
1536	-13.13140
1537	-14.01178
1538	-14.81466
1539	-15.53549
1540	-16.14442
1541	-16.62774
1542	-17.03084
1543	-17.39968
1544	-17.72784
1545	-17.97136
1546	-18.07378
1547	-18.01377
1548	-17.82660
1549	-17.49474
1550	-16.88988
1551	-15.92455
1552	-14.66290
1553	-13.22133
1554	-11.67627
1555	-10.13086
1556	-8.69510
1557	-7.31301
1558	-5.81050
1559	-4.10814
1560	-2.24420
1561	-0.28475
1562	1.72190
1563	3.74186
1564	5.71795
1565	7.61736
1566	9.52075
1567	11.54326
1568	13.68666
1569	15.85905
1570	17.99696
1571	20.06572
1572	22.03296
1573	23.88909
1574	25.60073
1575	27.11623
1576	28.41621
1577	29.48745
1578	30.31203
1579	30.87993
1580	31.21245
1581	31.35908
1582	31.31094
1583	31.00294
1584	30.41432
1585	29.56221
1586	28.46316
1587	27.14601
1588	25.62044
1589	23.99510
1590	22.72659
1591	22.49285
1592	23.51581
1593	25.19009
1594	26.66070
1595	27.51525
1596	27.79251
1597	27.61297
1598	26.99681
1599	25.92831
1600	24.61812
1601	23.59771
1602	23.30735
1603	23.73405
1604	24.60918
1605	25.53414
1606	25.93836
1607	25.42140
1608	24.03446
1609	22.17726
1610	20.37257
1611	18.99188
1612	18.05639
1613	17.33914
1614	16.59831
1615	15.71782
1616	14.70112
1617	13.56029
1618	12.30372
1619	10.97864
1620	9.63245
1621	8.30508
1622	7.01918
1623	5.71450
1624	4.31309
1625	2.87389
1626	1.51291
1627	0.20444
1628	-1.11450
1629	-2.38491
1630	-3.56757
1631	-4.72328
1632	-5.87144
1633	-6.95196
1634	-7.90602
1635	-8.74994
1636	-9.59755
1637	-10.49118
1638	-11.33179
1639	-12.10592
1640	-12.88667
1641	-13.62880
1642	-14.25463
1643	-14.79111
1644	-15.28565
1645	-15.76093
1646	-16.23866
1647	-16.68702
1648	-17.01822
1649	-17.18358
1650	-17.20057
1651	-17.09788
1652	-16.86786
1653	-16.42130
1654	-15.66082
1655	-14.64187
1656	-13.48323
1657	-12.19096
1658	-10.77695
1659	-9.35002
1660	-7.92267
1661	-6.34973
1662	-4.55509
1663	-2.61421
1664	-0.63145
1665	1.33417
1666	3.27743
1667	5.21332
1668	7.13124
1669	9.02314
1670	10.89721
1671	12.76690
1672	14.66559
1673	16.60414
1674	18.53403
1675	20.39178
1676	22.13903
1677	23.75339
1678	25.19814
1679	26.42140
1680	27.38122
1681	28.06032
1682	28.48119
1683	28.69411
1684	28.69711
1685	28.42141
1686	27.85115
1687	27.05257
1688	26.08489
1689	25.00684
1690	23.91991
1691	22.91180
1692	22.03228
1693	21.46550
1694	21.62823
1695	22.68323
1696	24.16273
1697	25.43224
1698	26.19906
1699	26.42313
1700	26.08650
1701	25.28221
1702	24.40286
1703	23.99434
1704	24.30385
1705	25.16362
1706	26.10281
1707	26.52680
1708	26.12596
1709	25.05399
1710	23.67324
1711	22.29256
1712	21.11850
1713	20.20977
1714	19.45432
1715	18.69245
1716	17.82386
1717	16.81752
1718	15.70851
1719	14.54282
1720	13.30173
1721	11.95286
1722	10.52644
1723	9.06780
1724	7.58972
1725	6.11387
1726	4.69765
1727	3.38892
1728	2.16676
1729	0.98092
1730	-0.17424
1731	-1.28207
1732	-2.33857
1733	-3.33713
1734	-4.27958
1735	-5.19405
1736	-6.09197
1737	-6.96152
1738	-7.83390
1739	-8.74379
1740	-9.66399
1741	-10.56689
1742	-11.46527
1743	-12.37598
1744	-13.27054
1745	-14.06630
1746	-14.70662
1747	-15.21587
1748	-15.63814
1749	-15.98976
1750	-16.28173
1751	-16.51120
1752	-16.63708
1753	-16.61362
1754	-16.40483
1755	-15.96548
1756	-15.27226
1757	-14.36763
1758	-13.31402
1759	-12.11621
1760	-10.75293
1761	-9.25798
1762	-7.71329
1763	-6.15064
1764	-4.51372
1765	-2.75383
1766	-0.89769
1767	0.98571
1768	2.82902
1769	4.63452
1770	6.47262
1771	8.34364
1772	10.17239
1773	11.97849
1774	13.87685
1775	15.88507
1776	17.88872
1777	19.81169
1778	21.65955
1779	23.42082
1780	25.05413
1781	26.50752
1782	27.70859
1783	28.63442
1784	29.35701
1785	29.92155
1786	30.28067
1787	30.41932
1788	30.37827
1789	30.13363
1790	29.62110
1791	28.83292
1792	27.78376
1793	26.48259
1794	24.95905
1795	23.29631
1796	21.82560
1797	21.19420
1798	21.85882
1799	23.47902
1800	25.19685
1801	26.39669
1802	26.91612
1803	26.79419
1804	26.11688
1805	24.99842
1806	23.65595
1807	22.54443
1808	22.17026
1809	22.64100
1810	23.63953
1811	24.64622
1812	25.14194
1813	24.87894
1814	23.86001
1815	22.27522
1816	20.56189
1817	19.18764
1818	18.26440
1819	17.57095
1820	16.88021
1821	16.08549
1822	15.16486
1823	14.15180
1824	13.04341
1825	11.79804
1826	10.46118
1827	9.13216
1828	7.83250
1829	6.53318
1830	5.23497
1831	3.94944
1832	2.68660
1833	1.46173
1834	0.27135
1835	-0.86713
1836	-1.91298
1837	-2.88664
1838	-3.83252
1839	-4.74832
1840	-5.62400
1841	-6.47381
1842	-7.31834
1843	-8.18055
1844	-9.09686
1845	-10.08772
1846	-11.13367
1847	-12.20835
1848	-13.28121
1849	-14.29621
1850	-15.19209
1851	-15.92961
1852	-16.49183
1853	-16.86292
1854	-17.02382
1855	-16.97009
1856	-16.71179
1857	-16.26342
1858	-15.63665
1859	-14.82087
1860	-13.80599
1861	-12.61434
1862	-11.26628
1863	-9.77578
1864	-8.18600
1865	-6.54834
1866	-4.87683
1867	-3.13532
1868	-1.28287
1869	0.64200
1870	2.52518
1871	4.31222
1872	6.06263
1873	7.84556
1874	9.69750
1875	11.62892
1876	13.58154
1877	15.49389
1878	17.37017
1879	19.20574
1880	20.96497
1881	22.61458
1882	24.10820
1883	25.42653
1884	26.61328
1885	27.69020
1886	28.60703
1887	29.31297
1888	29.80724
1889	30.11423
1890	30.25325
1891	30.21304
1892	29.95142
1893	29.44226
1894	28.68252
1895	27.67191
1896	26.46240
1897	25.15400
1898	23.86365
1899	22.83260
1900	22.49578
1901	23.14191
1902	24.38860
1903	25.56019
1904	26.31837
1905	26.60445
1906	26.40656
1907	25.86308
1908	25.30066
1909	25.01066
1910	25.08642
1911	25.55218
1912	26.31338
1913	26.96664
1914	27.02772
1915	26.32029
1916	25.04364
1917	23.57204
1918	22.24798
1919	21.22578
1920	20.41965
1921	19.62302
1922	18.70965
1923	17.69301
1924	16.59845
1925	15.41053
1926	14.14590
1927	12.84445
1928	11.52564
1929	10.19874
1930	8.84646
1931	7.45072
1932	6.07312
1933	4.79415
1934	3.58582
1935	2.36601
1936	1.13830
1937	-0.02941
1938	-1.10107
1939	-2.08637
1940	-3.01743
1941	-3.91370
1942	-4.77514
1943	-5.62698
1944	-6.51316
1945	-7.44237
1946	-8.39470
1947	-9.37729
1948	-10.40291
1949	-11.42546
1950	-12.39749
1951	-13.33294
1952	-14.20728
1953	-14.93512
1954	-15.52078
1955	-16.03978
1956	-16.48411
1957	-16.81083
1958	-17.01492
1959	-17.05677
1960	-16.87473
1961	-16.44978
1962	-15.79191
1963	-14.89657
1964	-13.75970
1965	-12.44357
1966	-11.05320
1967	-9.65041
1968	-8.21770
1969	-6.68418
1970	-4.99526
1971	-3.15456
1972	-1.22314
1973	0.72830
1974	2.68437
1975	4.64693
1976	6.60306
1977	8.57600
1978	10.59334
1979	12.63130
1980	14.67048
1981	16.73354
1982	18.81969
1983	20.85495
1984	22.75266
1985	24.47800
1986	26.02749
1987	27.36906
1988	28.45181
1989	29.26928
1990	29.86402
1991	30.28708
1992	30.54622
1993	30.58026
1994	30.33345
1995	29.81857
1996	29.06994
1997	28.10011
1998	26.90490
1999	25.48376
2000	23.91387
2001	22.44508
2002	21.46316
2003	21.38551
2004	22.29675
2005	23.70132
2006	24.95909
2007	25.75223
2008	26.04710
2009	25.88086
2010	25.32847
2011	24.55889
2012	23.89487
2013	23.68224
2014	24.03153
2015	24.73643
2016	25.39677
2017	25.56279
2018	24.96624
2019	23.72055
2020	22.18799
2021	20.72778
2022	19.56626
2023	18.71919
2024	18.01351
2025	17.25220
2026	16.33684
2027	15.25420
2028	14.03471
2029	12.73244
2030	11.40517
2031	10.08925
2032	8.73958
2033	7.28056
2034	5.79570
2035	4.41894
2036	3.11127
2037	1.81275
2038	0.56705
2039	-0.59715
2040	-1.69470
2041	-2.72726
2042	-3.68911
2043	-4.60470
2044	-5.51120
2045	-6.42814
2046	-7.34658
2047	-8.23344
2048	-9.08399
2049	-9.92968
2050	-10.78010
2051	-11.62427
2052	-12.47027
2053	-13.30910
2054	-14.08026
2055	-14.74639
2056	-15.34012
2057	-15.89405
2058	-16.38725
2059	-16.79393
2060	-17.12013
2061	-17.35007
2062	-17.43552
2063	-17.35697
2064	-17.08699
2065	-16.54420
2066	-15.70148
2067	-14.63465
2068	-13.41010
2069	-12.04682
2070	-10.57162
2071	-9.03097
2072	-7.46345
2073	-5.87224
2074	-4.22302
2075	-2.47126
2076	-0.60442
2077	1.32600
2078	3.23179
2079	5.05479
2080	6.82202
2081	8.62998
2082	10.53112
2083	12.48042
2084	14.43562
2085	16.39849
2086	18.34227
2087	20.20810
2088	21.95539
2089	23.58602
2090	25.12627
2091	26.55083
2092	27.74948
2093	28.64165
2094	29.27888
2095	29.75238
2096	30.06759
2097	30.17412
2098	30.02967
2099	29.61750
2100	28.95534
2101	28.06160
2102	26.94460
2103	25.66895
2104	24.32235
2105	22.99017
2106	21.95183
2107	21.71819
2108	22.52584
2109	23.97348
2110	25.39696
2111	26.37563
2112	26.82722
2113	26.83038
2114	26.49708
2115	25.95102
2116	25.40925
2117	25.14103
2118	25.28205
2119	25.74330
2120	26.21002
2121	26.28220
2122	25.76937
2123	24.78622
2124	23.56100
2125	22.28699
2126	21.13452
2127	20.20101
2128	19.42201
2129	18.64941
2130	17.76626
2131	16.73052
2132	15.60446
2133	14.46172
2134	13.27528
2135	11.98185
2136	10.55331
2137	9.02212
2138	7.50245
2139	6.07964
2140	4.72370
2141	3.39260
2142	2.08782
2143	0.82228
2144	-0.38648
2145	-1.53642
2146	-2.63500
2147	-3.67416
2148	-4.64997
2149	-5.60720
2150	-6.61266
2151	-7.65059
2152	-8.65230
2153	-9.61499
2154	-10.56787
2155	-11.49830
2156	-12.36913
2157	-13.13157
2158	-13.78503
2159	-14.39473
2160	-14.98037
2161	-15.51846
2162	-16.00732
2163	-16.45355
2164	-16.87257
2165	-17.27070
2166	-17.61160
2167	-17.81778
2168	-17.81820
2169	-17.64038
2170	-17.35466
2171	-16.91410
2172	-16.22643
2173	-15.31163
2174	-14.24870
2175	-13.09100
2176	-11.85888
2177	-10.53790
2178	-9.12104
2179	-7.61457
2180	-5.98933
2181	-4.20837
2182	-2.27935
2183	-0.24488
2184	1.81607
2185	3.79940
2186	5.66983
2187	7.49638
2188	9.35875
2189	11.28091
2190	13.26056
2191	15.30890
2192	17.40299
2193	19.44559
2194	21.37060
2195	23.20344
2196	24.94702
2197	26.53103
2198	27.86660
2199	28.87415
2200	29.54602
2201	29.94854
2202	30.12464
2203	30.08745
2204	29.85153
2205	29.39599
2206	28.67268
2207	27.67655
2208	26.46979
2209	25.14867
2210	23.79610
2211	22.51174
2212	21.52941
2213	21.25363
2214	21.92055
2215	23.23609
2216	24.60236
2217	25.58340
2218	26.04795
2219	26.01222
2220	25.54376
2221	24.71254
2222	23.64333
2223	22.62921
2224	22.00771
2225	21.93657
2226	22.39731
2227	23.22078
2228	23.95433
2229	24.08344
2230	23.41416
2231	22.06545
2232	20.35916
2233	18.73211
2234	17.47011
2235	16.53254
2236	15.71130
2237	14.83203
2238	13.80509
2239	12.61566
2240	11.32431
2241	10.02759
2242	8.71719
2243	7.30391
2244	5.84608
2245	4.45969
2246	3.11373
2247	1.79981
2248	0.57761
2249	-0.62116
2250	-1.88399
2251	-3.13365
2252	-4.27108
2253	-5.32657
2254	-6.36053
2255	-7.38808
2256	-8.42262
2257	-9.45734
2258	-10.43360
2259	-11.30478
2260	-12.07810
2261	-12.76616
2262	-13.37854
2263	-13.95907
2264	-14.54490
2265	-15.11736
2266	-15.65716
2267	-16.18310
2268	-16.70712
2269	-17.20184
2270	-17.62500
2271	-17.94069
2272	-18.11262
2273	-18.11591
2274	-17.95414
2275	-17.64515
2276	-17.19755
2277	-16.59636
2278	-15.81615
2279	-14.86454
2280	-13.79957
2281	-12.66575
2282	-11.43471
2283	-10.07901
2284	-8.63780
2285	-7.10751
2286	-5.40926
2287	-3.55172
2288	-1.65091
2289	0.21598
2290	2.04754
2291	3.86829
2292	5.71152
2293	7.59348
2294	9.47499
2295	11.29231
2296	13.03610
2297	14.75937
2298	16.49934
2299	18.22507
2300	19.87613
2301	21.41030
2302	22.83444
2303	24.21840
2304	25.56945
2305	26.74930
2306	27.65810
2307	28.34519
2308	28.86576
2309	29.19759
2310	29.31973
2311	29.25847
2312	29.04661
2313	28.67077
2314	28.08702
2315	27.28992
2316	26.30635
2317	25.15593
2318	23.86027
2319	22.46512
2320	21.18967
2321	20.58727
2322	21.07270
2323	22.30975
2324	23.58817
2325	24.49041
2326	24.93415
2327	24.91652
2328	24.52259
2329	23.97696
2330	23.56176
2331	23.49014
2332	23.79834
2333	24.33642
2334	24.79980
2335	24.83971
2336	24.29921
2337	23.27791
2338	22.00497
2339	20.72082
2340	19.58123
2341	18.61051
2342	17.74792
2343	16.89503
2344	15.93562
2345	14.79656
2346	13.53947
2347	12.29390
2348	11.01559
2349	9.56791
2350	8.07351
2351	6.70224
2352	5.32830
2353	3.85787
2354	2.40581
2355	1.03657
2356	-0.26077
2357	-1.50081
2358	-2.70626
2359	-3.85228
2360	-4.88567
2361	-5.81112
2362	-6.69376
2363	-7.57637
2364	-8.44050
2365	-9.28017
2366	-10.12293
2367	-10.97192
2368	-11.80477
2369	-12.59763
2370	-13.33546
2371	-14.02266
2372	-14.66988
2373	-15.27333
2374	-15.82280
2375	-16.30868
2376	-16.71793
2377	-17.05728
2378	-17.34630
2379	-17.56726
2380	-17.67335
2381	-17.63377
2382	-17.43998
2383	-17.07857
2384	-16.52679
2385	-15.79984
2386	-14.93024
2387	-13.91188
2388	-12.74176
2389	-11.43743
2390	-10.01574
2391	-8.51939
2392	-7.00086
2393	-5.43645
2394	-3.73683
2395	-1.91235
2396	-0.09659
2397	1.63985
2398	3.33360
2399	5.01576
2400	6.70097
2401	8.44570
2402	10.31725
2403	12.30059
2404	14.29213
2405	16.20952
2406	18.05913
2407	19.85100
2408	21.53860
2409	23.09895
2410	24.54568
2411	25.83253
2412	26.87679
2413	27.67824
2414	28.29602
2415	28.74696
2416	29.02977
2417	29.17428
2418	29.15341
2419	28.86240
2420	28.26773
2421	27.44278
2422	26.46061
2423	25.34761
2424	24.10872
2425	22.86514
2426	21.98918
2427	21.96701
2428	22.91291
2429	24.36971
2430	25.70818
2431	26.53983
2432	26.87197
2433	26.88611
2434	26.65112
2435	26.06209
2436	25.09167
2437	24.03323
2438	23.34589
2439	23.27293
2440	23.70610
2441	24.35143
2442	24.84148
2443	24.83171
2444	24.14994
2445	22.84410
2446	21.20453
2447	19.64420
2448	18.42840
2449	17.53702
2450	16.76495
2451	15.90225
2452	14.83302
2453	13.57633
2454	12.23965
2455	10.88228
2456	9.48798
2457	8.05039
2458	6.62746
2459	5.27554
2460	3.94049
2461	2.55095
2462	1.14804
2463	-0.19925
2464	-1.47196
2465	-2.68169
2466	-3.83793
2467	-4.93519
2468	-5.97037
2469	-6.91420
2470	-7.73544
2471	-8.50049
2472	-9.30000
2473	-10.12819
2474	-10.95519
2475	-11.78780
2476	-12.60616
2477	-13.34084
2478	-13.95499
2479	-14.49542
2480	-15.00932
2481	-15.48253
2482	-15.89529
2483	-16.25742
2484	-16.58589
2485	-16.87706
2486	-17.09634
2487	-17.20053
2488	-17.16387
2489	-16.97928
2490	-16.63883
2491	-16.12070
2492	-15.40330
2493	-14.47775
2494	-13.34856
2495	-12.04338
2496	-10.61466
2497	-9.09536
2498	-7.48698
2499	-5.80057
2500	-4.03513
2501	-2.16985
2502	-0.23937
2503	1.67259
2504	3.52380
2505	5.34890
2506	7.19369
2507	9.04218
2508	10.88421
2509	12.77432
2510	14.71903
2511	16.65725
2512	18.57162
2513	20.44999
2514	22.22083
2515	23.85336
2516	25.38218
2517	26.76274
2518	27.87622
2519	28.70010
2520	29.31300
2521	29.76455
2522	30.03951
2523	30.09989
2524	29.93434
2525	29.54242
2526	28.89388
2527	27.97066
2528	26.80609
2529	25.47217
2530	24.06262
2531	22.69009
2532	21.56254
2533	21.13222
2534	21.76073
2535	23.15909
2536	24.65030
2537	25.75485
2538	26.34696
2539	26.47819
2540	26.23979
2541	25.65556
2542	24.80642
2543	24.01974
2544	23.65398
2545	23.82455
2546	24.45048
2547	25.23335
2548	25.63755
2549	25.29862
2550	24.28135
2551	22.85824
2552	21.31398
2553	19.91974
2554	18.81459
2555	17.89974
2556	16.99070
2557	16.00969
2558	14.91334
2559	13.67327
2560	12.38453
2561	11.10555
2562	9.74669
2563	8.27991
2564	6.81187
2565	5.40727
2566	4.04125
2567	2.71609
2568	1.43566
2569	0.17252
2570	-1.03108
2571	-2.12292
2572	-3.14096
2573	-4.12773
2574	-5.06671
2575	-5.94869
2576	-6.82150
2577	-7.73176
2578	-8.64695
2579	-9.52563
2580	-10.40863
2581	-11.32641
2582	-12.21626
2583	-13.00293
2584	-13.68421
2585	-14.29863
2586	-14.86445
2587	-15.40185
2588	-15.93348
2589	-16.44964
2590	-16.93181
2591	-17.39058
2592	-17.82281
2593	-18.13351
2594	-18.20664
2595	-18.04360
2596	-17.70356
2597	-17.19243
2598	-16.50982
2599	-15.68601
2600	-14.72787
2601	-13.63256
2602	-12.45083
2603	-11.24140
2604	-9.98002
2605	-8.57420
2606	-6.98318
2607	-5.26842
2608	-3.50107
2609	-1.70746
2610	0.08491
2611	1.85024
2612	3.60842
2613	5.39608
2614	7.22927
2615	9.13503
2616	11.11201
2617	13.08166
2618	15.00111
2619	16.90402
2620	18.78997
2621	20.59961
2622	22.28610
2623	23.83374
2624	25.22136
2625	26.41529
2626	27.40674
2627	28.22406
2628	28.87228
2629	29.30210
2630	29.49847
2631	29.52704
2632	29.43146
2633	29.15304
2634	28.59060
2635	27.70416
2636	26.55843
2637	25.27051
2638	23.93723
2639	22.74711
2640	22.13025
2641	22.52995
2642	23.76017
2643	25.11286
2644	26.10389
2645	26.65503
2646	26.77412
2647	26.48017
2648	25.90213
2649	25.24511
2650	24.74920
2651	24.60143
2652	24.81769
2653	25.24755
2654	25.59715
2655	25.51490
2656	24.83916
2657	23.69247
2658	22.34975
2659	21.07067
2660	19.98538
2661	19.09412
2662	18.30047
2663	17.43847
2664	16.38563
2665	15.15160
2666	13.82338
2667	12.46286
2668	11.06026
2669	9.61195
2670	8.17694
2671	6.74915
2672	5.27055
2673	3.79890
2674	2.40385
2675	1.04709
2676	-0.29372
2677	-1.57364
2678	-2.74315
2679	-3.79394
2680	-4.77928
2681	-5.76177
2682	-6.74062
2683	-7.69392
2684	-8.62696
2685	-9.52260
2686	-10.36465
2687	-11.20503
2688	-12.08316
2689	-12.93858
2690	-13.70411
2691	-14.39444
2692	-15.03356
2693	-15.60170
2694	-16.09410
2695	-16.52997
2696	-16.90785
2697	-17.22345
2698	-17.48201
2699	-17.65816
2700	-17.70811
2701	-17.62306
2702	-17.41582
2703	-17.08151
2704	-16.60861
2705	-15.98808
2706	-15.22039
2707	-14.33008
2708	-13.31361
2709	-12.14157
2710	-10.84642
2711	-9.48579
2712	-8.03194
2713	-6.39646
2714	-4.57053
2715	-2.66317
2716	-0.76729
2717	1.09639
2718	2.91854
2719	4.71934
2720	6.56322
2721	8.45261
2722	10.33114
2723	12.21794
2724	14.15726
2725	16.08553
2726	17.92853
2727	19.70280
2728	21.42310
2729	23.08586
2730	24.68826
2731	26.12317
2732	27.25959
2733	28.12611
2734	28.81993
2735	29.33222
2736	29.57985
2737	29.54416
2738	29.28564
2739	28.84626
2740	28.20027
2741	27.29313
2742	26.14016
2743	24.84328
2744	23.49131
2745	22.25721
2746	21.55832
2747	21.85258
2748	23.11326
2749	24.72016
2750	26.01640
2751	26.75651
2752	26.97853
2753	26.74296
2754	26.09079
2755	25.15360
2756	24.29333
2757	23.92825
2758	24.17652
2759	24.83993
2760	25.50504
2761	25.66898
2762	25.11399
2763	24.01286
2764	22.65093
2765	21.27138
2766	20.07810
2767	19.14204
2768	18.33463
2769	17.47694
2770	16.50468
2771	15.43037
2772	14.24534
2773	12.96525
2774	11.66687
2775	10.35349
2776	8.94738
2777	7.49000
2778	6.09356
2779	4.73063
2780	3.31988
2781	1.90087
2782	0.57708
2783	-0.64197
2784	-1.83256
2785	-3.01002
2786	-4.11863
2787	-5.14249
2788	-6.11924
2789	-7.05437
2790	-7.92358
2791	-8.76803
2792	-9.65279
2793	-10.58030
2794	-11.53335
2795	-12.48842
2796	-13.40227
2797	-14.24424
2798	-14.98229
2799	-15.59178
2800	-16.09528
2801	-16.54044
2802	-16.96162
2803	-17.36348
2804	-17.70354
2805	-17.91666
2806	-17.98216
2807	-17.92995
2808	-17.76956
2809	-17.46786
2810	-16.98825
2811	-16.30241
2812	-15.40053
2813	-14.31901
2814	-13.11032
2815	-11.79558
2816	-10.38323
2817	-8.87068
2818	-7.22329
2819	-5.42079
2820	-3.50742
2821	-1.56226
2822	0.34153
2823	2.17825
2824	3.99730
2825	5.84473
2826	7.70984
2827	9.58887
2828	11.47683
2829	13.32688
2830	15.12656
2831	16.92756
2832	18.74558
2833	20.51082
2834	22.14951
2835	23.67045
2836	25.10846
2837	26.41544
2838	27.50794
2839	28.35931
2840	28.97556
2841	29.35321
2842	29.48989
2843	29.40149
2844	29.11249
2845	28.62194
2846	27.91806
2847	27.02828
2848	25.99380
2849	24.83980
2850	23.62548
2851	22.49262
2852	21.75561
2853	21.88115
2854	22.97257
2855	24.52422
2856	25.91154
2857	26.80822
2858	27.15182
2859	26.99785
2860	26.48965
2861	25.84372
2862	25.36322
2863	25.31225
2864	25.73575
2865	26.43176
2866	26.95889
2867	26.88572
2868	26.14214
2869	24.95560
2870	23.59691
2871	22.32085
2872	21.30251
2873	20.50117
2874	19.73161
2875	18.86451
2876	17.87872
2877	16.78317
2878	15.57845
2879	14.27609
2880	12.88840
2881	11.41260
2882	9.87080
2883	8.32218
2884	6.79071
2885	5.25216
2886	3.71427
2887	2.23688
2888	0.87096
2889	-0.37991
2890	-1.54804
2891	-2.66472
2892	-3.72264
2893	-4.69138
2894	-5.57210
2895	-6.39120
2896	-7.14538
2897	-7.83905
2898	-8.55477
2899	-9.37617
2900	-10.27882
2901	-11.19755
2902	-12.11703
2903	-13.00823
2904	-13.83200
2905	-14.61102
2906	-15.34214
2907	-15.96889
2908	-16.49031
2909	-16.94234
2910	-17.31694
2911	-17.58193
2912	-17.73362
2913	-17.78012
2914	-17.70286
2915	-17.46804
2916	-17.04375
2917	-16.39991
2918	-15.53000
2919	-14.47383
2920	-13.29843
2921	-12.04282
2922	-10.68747
2923	-9.19010
2924	-7.53178
2925	-5.73977
2926	-3.88897
2927	-2.03892
2928	-0.19009
2929	1.67190
2930	3.57359
2931	5.53574
2932	7.48697
2933	9.34859
2934	11.17759
2935	13.06528
2936	14.99497
2937	16.90500
2938	18.78287
2939	20.61913
2940	22.36061
2941	23.95279
2942	25.37282
2943	26.62164
2944	27.70167
2945	28.59649
2946	29.28646
2947	29.76924
2948	30.04949
2949	30.14318
2950	30.07956
2951	29.84694
2952	29.39727
2953	28.72991
2954	27.88235
2955	26.87678
2956	25.72748
2957	24.50421
2958	23.43939
2959	22.95083
2960	23.34383
2961	24.37095
2962	25.46406
2963	26.25260
2964	26.66972
2965	26.73311
2966	26.44108
2967	25.82588
2968	25.01423
2969	24.25902
2970	23.82832
2971	23.84289
2972	24.24627
2973	24.84565
2974	25.31507
2975	25.29622
2976	24.59872
2977	23.29924
2978	21.70606
2979	20.20611
2980	19.03854
2981	18.18762
2982	17.46993
2983	16.67329
2984	15.67958
2985	14.51930
2986	13.29193
2987	12.05891
2988	10.81020
2989	9.49134
2990	8.08362
2991	6.65314
2992	5.28173
2993	3.97093
2994	2.66812
2995	1.36341
2996	0.09650
2997	-1.08988
2998	-2.17607
2999	-3.18468
3000	-4.15493
3001	-5.11267
3002	-6.08170
3003	-7.05913
3004	-8.00474
3005	-8.91242
3006	-9.81600
3007	-10.71085
3008	-11.55539
3009	-12.34113
3010	-13.10719
3011	-13.86747
3012	-14.58536
3013	-15.23919
3014	-15.82014
3015	-16.31720
3016	-16.74722
3017	-17.11294
3018	-17.37677
3019	-17.52812
3020	-17.59696
3021	-17.56239
3022	-17.34888
3023	-16.93104
3024	-16.33621
3025	-15.58182
3026	-14.65945
3027	-13.55094
3028	-12.27581
3029	-10.88735
3030	-9.40144
3031	-7.81469
3032	-6.15622
3033	-4.43909
3034	-2.63972
3035	-0.77368
3036	1.08711
3037	2.90401
3038	4.70557
3039	6.51306
3040	8.32591
3041	10.16710
3042	12.06190
3043	14.00108
3044	15.98353
3045	18.01886
3046	20.04596
3047	21.97013
3048	23.73906
3049	25.31916
3050	26.70109
3051	27.90430
3052	28.93889
3053	29.80378
3054	30.49313
3055	30.98634
3056	31.26147
3057	31.34131
3058	31.26932
3059	31.00798
3060	30.45856
3061	29.58221
3062	28.43150
3063	27.11132
3064	25.71188
3065	24.30799
3066	23.09214
3067	22.49492
3068	22.87526
3069	24.03485
3070	25.38856
3071	26.45546
3072	27.02668
3073	27.08717
3074	26.76879
3075	26.25850
3076	25.68828
3077	25.17251
3078	24.87118
3079	24.97416
3080	25.53287
3081	26.18584
3082	26.33876
3083	25.72665
3084	24.51431
3085	23.00446
3086	21.49554
3087	20.22286
3088	19.23641
3089	18.39822
3090	17.53623
3091	16.56110
3092	15.48110
3093	14.33787
3094	13.12421
3095	11.81544
3096	10.43696
3097	9.00090
3098	7.49959
3099	6.00423
3100	4.57910
3101	3.19356
3102	1.84034
3103	0.56448
3104	-0.62393
3105	-1.75495
3106	-2.85396
3107	-3.90780
3108	-4.90391
3109	-5.86270
3110	-6.78210
3111	-7.65696
3112	-8.53353
3113	-9.45139
3114	-10.37261
3115	-11.22008
3116	-11.97471
3117	-12.68133
3118	-13.37430
3119	-14.03162
3120	-14.60502
3121	-15.10288
3122	-15.58649
3123	-16.08223
3124	-16.54626
3125	-16.90903
3126	-17.13424
3127	-17.20839
3128	-17.11447
3129	-16.83848
3130	-16.34847
3131	-15.59916
3132	-14.59499
3133	-13.39220
3134	-12.03441
3135	-10.56962
3136	-9.10017
3137	-7.66764
3138	-6.17649
3139	-4.54748
3140	-2.81185
3141	-1.02891
3142	0.77197
3143	2.58767
3144	4.41973
3145	6.25762
3146	8.09878
3147	9.96159
3148	11.85496
3149	13.77087
3150	15.71043
3151	17.67184
3152	19.61492
3153	21.46727
3154	23.15383
3155	24.63974
3156	25.96397
3157	27.16259
3158	28.20400
3159	29.05611
3160	29.69277
3161	30.05993
3162	30.14874
3163	30.02207
3164	29.73085
3165	29.26131
3166	28.56282
3167	27.60105
3168	26.39910
3169	25.02657
3170	23.60235
3171	22.36288
3172	21.66213
3173	21.85654
3174	22.92645
3175	24.38223
3176	25.66555
3177	26.49655
3178	26.84195
3179	26.74796
3180	26.32454
3181	25.71031
3182	25.03429
3183	24.49241
3184	24.32250
3185	24.60743
3186	25.19980
3187	25.70625
3188	25.63637
3189	24.79769
3190	23.40055
3191	21.79814
3192	20.28697
3193	19.06836
3194	18.17322
3195	17.43799
3196	16.67004
3197	15.77557
3198	14.70970
3199	13.47512
3200	12.17717
3201	10.90618
3202	9.62664
3203	8.29225
3204	6.91577
3205	5.50859
3206	4.10103
3207	2.74552
3208	1.45358
3209	0.21150
3210	-0.96850
3211	-2.07131
3212	-3.12528
3213	-4.17031
3214	-5.20463
3215	-6.19951
3216	-7.15329
3217	-8.09250
3218	-9.03664
3219	-9.99873
3220	-10.98162
3221	-11.96194
3222	-12.90667
3223	-13.79510
3224	-14.59007
3225	-15.24718
3226	-15.79969
3227	-16.32784
3228	-16.84121
3229	-17.28065
3230	-17.59437
3231	-17.76227
3232	-17.77208
3233	-17.60447
3234	-17.24072
3235	-16.65371
3236	-15.81219
3237	-14.71071
3238	-13.37483
3239	-11.86858
3240	-10.27288
3241	-8.62487
3242	-6.92207
3243	-5.15146
3244	-3.30245
3245	-1.40951
3246	0.44369
3247	2.21353
3248	3.95567
3249	5.74758
3250	7.58857
3251	9.42533
3252	11.24113
3253	13.06653
3254	14.92054
3255	16.78116
3256	18.61671
3257	20.39913
3258	22.07311
3259	23.58394
3260	24.94120
3261	26.18221
3262	27.29625
3263	28.22725
3264	28.95158
3265	29.50692
3266	29.90047
3267	30.08403
3268	30.04913
3269	29.82162
3270	29.36810
3271	28.62521
3272	27.60840
3273	26.41577
3274	25.12676
3275	23.76720
3276	22.47709
3277	21.67561
3278	21.82975
3279	22.84890
3280	24.11481
3281	25.12120
3282	25.72791
3283	25.93319
3284	25.73474
3285	25.19817
3286	24.48527
3287	23.84875
3288	23.54907
3289	23.67319
3290	24.09163
3291	24.51801
3292	24.56433
3293	23.99169
3294	22.87117
3295	21.47025
3296	20.10376
3297	18.99435
3298	18.14589
3299	17.37151
3300	16.48582
3301	15.44975
3302	14.31161
3303	13.08474
3304	11.73563
3305	10.26850
3306	8.79770
3307	7.41699
3308	6.06570
3309	4.67979
3310	3.30042
3311	1.96898
3312	0.67403
3313	-0.59547
3314	-1.81343
3315	-2.95983
3316	-4.06516
3317	-5.14842
3318	-6.16584
3319	-7.09157
3320	-7.97138
3321	-8.85153
3322	-9.72183
3323	-10.54520
3324	-11.29522
3325	-11.95551
3326	-12.53004
3327	-13.05009
3328	-13.54011
3329	-14.01179
3330	-14.47869
3331	-14.93456
3332	-15.35574
3333	-15.74116
3334	-16.10668
3335	-16.43344
3336	-16.65550
3337	-16.74120
3338	-16.72060
3339	-16.57264
3340	-16.23095
3341	-15.70766
3342	-15.07380
3343	-14.36552
3344	-13.56515
3345	-12.64123
3346	-11.59175
3347	-10.43484
3348	-9.17022
3349	-7.77907
3350	-6.23691
3351	-4.51983
3352	-2.65690
3353	-0.76527
3354	1.04709
3355	2.79171
3356	4.54155
3357	6.32671
3358	8.15628
3359	10.03844
3360	11.94762
3361	13.85577
3362	15.75915
3363	17.62628
3364	19.41355
3365	21.14410
3366	22.82441
3367	24.33511
3368	25.57190
3369	26.57879
3370	27.43217
3371	28.12675
3372	28.62353
3373	28.91905
3374	29.01952
3375	28.86861
3376	28.41750
3377	27.73399
3378	26.87547
3379	25.80520
3380	24.53298
3381	23.13149
3382	21.74766
3383	20.79245
3384	20.83764
3385	21.98259
3386	23.61412
3387	24.98609
3388	25.75400
3389	25.92383
3390	25.60131
3391	24.93357
3392	24.16160
3393	23.59993
3394	23.41136
3395	23.49122
3396	23.63876
3397	23.65360
3398	23.33903
3399	22.60288
3400	21.54500
3401	20.39633
3402	19.35396
3403	18.46575
3404	17.66393
3405	16.86160
3406	15.96830
3407	14.89930
3408	13.65603
3409	12.31878
3410	10.94463
3411	9.53440
3412	8.07296
3413	6.58735
3414	5.13930
3415	3.73647
3416	2.33764
3417	0.95275
3418	-0.36578
3419	-1.61507
3420	-2.84129
3421	-4.03455
3422	-5.11939
3423	-6.06611
3424	-6.90840
3425	-7.68819
3426	-8.44130
3427	-9.19472
3428	-9.96840
3429	-10.77140
3430	-11.58613
3431	-12.39675
3432	-13.21794
3433	-14.06096
3434	-14.89293
3435	-15.63992
3436	-16.24852
3437	-16.75241
3438	-17.22038
3439	-17.64980
3440	-18.00114
3441	-18.28530
3442	-18.51371
3443	-18.63830
3444	-18.60378
3445	-18.40718
3446	-18.09142
3447	-17.67839
3448	-17.12593
3449	-16.38808
3450	-15.45264
3451	-14.31207
3452	-13.00453
3453	-11.63106
3454	-10.23347
3455	-8.74416
3456	-7.11204
3457	-5.37038
3458	-3.59586
3459	-1.85819
3460	-0.16094
3461	1.54397
3462	3.28338
3463	5.05083
3464	6.83437
3465	8.64466
3466	10.48904
3467	12.33941
3468	14.17096
3469	15.96664
3470	17.69171
3471	19.30384
3472	20.78250
3473	22.15162
3474	23.43296
3475	24.56880
3476	25.47419
3477	26.15649
3478	26.67109
3479	27.02465
3480	27.21057
3481	27.22832
3482	27.04949
3483	26.65045
3484	26.03640
3485	25.21403
3486	24.22474
3487	23.16764
3488	22.13009
3489	21.17748
3490	20.48428
3491	20.40807
3492	21.09953
3493	22.23089
3494	23.35551
3495	24.21207
3496	24.69152
3497	24.78610
3498	24.59114
3499	24.16703
3500	23.50960
3501	22.77758
3502	22.33052
3503	22.42599
3504	23.04723
3505	23.92317
3506	24.58427
3507	24.59850
3508	23.81871
3509	22.40541
3510	20.69762
3511	19.06127
3512	17.72369
3513	16.67632
3514	15.76722
3515	14.84846
3516	13.82922
3517	12.71037
3518	11.53902
3519	10.27763
3520	8.89129
3521	7.50717
3522	6.22017
3523	4.89470
3524	3.43530
3525	1.98025
3526	0.61864
3527	-0.70167
3528	-1.98694
3529	-3.22050
3530	-4.41055
3531	-5.53671
3532	-6.57300
3533	-7.52793
3534	-8.42000
3535	-9.25968
3536	-10.05498
3537	-10.81096
3538	-11.52889
3539	-12.21853
3540	-12.89670
3541	-13.54530
3542	-14.13865
3543	-14.72396
3544	-15.35069
3545	-15.96843
3546	-16.49380
3547	-16.90729
3548	-17.25247
3549	-17.58465
3550	-17.90574
3551	-18.13415
3552	-18.18106
3553	-18.06485
3554	-17.86733
3555	-17.59603
3556	-17.19587
3557	-16.61761
3558	-15.85115
3559	-14.94036
3560	-13.90786
3561	-12.73437
3562	-11.42169
3563	-9.98320
3564	-8.43498
3565	-6.78491
3566	-4.99811
3567	-3.09774
3568	-1.24611
3569	0.45828
3570	2.10370
3571	3.77660
3572	5.48082
3573	7.20988
3574	8.93935
3575	10.65374
3576	12.38317
3577	14.13704
3578	15.86038
3579	17.49028
3580	19.02873
3581	20.52359
3582	21.97519
3583	23.32401
3584	24.51061
3585	25.49602
3586	26.28687
3587	26.93572
3588	27.46196
3589	27.81329
3590	27.94787
3591	27.89727
3592	27.69644
3593	27.32988
3594	26.76149
3595	25.97241
3596	24.99524
3597	23.88497
3598	22.70340
3599	21.64219
3600	21.08809
3601	21.34505
3602	22.25872
3603	23.36314
3604	24.28867
3605	24.91827
3606	25.26039
3607	25.31350
3608	25.05833
3609	24.51297
3610	23.82477
3611	23.28284
3612	23.14169
3613	23.44251
3614	23.97497
3615	24.30277
3616	24.04490
3617	23.14592
3618	21.79089
3619	20.26432
3620	18.86426
3621	17.73539
3622	16.81001
3623	15.97162
3624	15.14025
3625	14.22671
3626	13.18052
3627	12.03691
3628	10.85383
3629	9.65050
3630	8.42045
3631	7.17603
3632	5.89634
3633	4.50277
3634	3.03513
3635	1.66078
3636	0.39127
3637	-0.88783
3638	-2.13041
3639	-3.23710
3640	-4.25668
3641	-5.26571
3642	-6.26050
3643	-7.21933
3644	-8.16064
3645	-9.10602
3646	-10.04886
3647	-10.98286
3648	-11.89405
3649	-12.75382
3650	-13.55106
3651	-14.28091
3652	-14.93691
3653	-15.54242
3654	-16.13559
3655	-16.71319
3656	-17.23985
3657	-17.71452
3658	-18.16737
3659	-18.59941
3660	-18.95993
3661	-19.16476
3662	-19.15781
3663	-18.95738
3664	-18.60462
3665	-18.09552
3666	-17.40879
3667	-16.55832
3668	-15.57300
3669	-14.46101
3670	-13.20245
3671	-11.77808
3672	-10.21775
3673	-8.56242
3674	-6.79745
3675	-4.91501
3676	-2.99320
3677	-1.11860
3678	0.71266
3679	2.53573
3680	4.33499
3681	6.09933
3682	7.88333
3683	9.72650
3684	11.59003
3685	13.44003
3686	15.29506
3687	17.16542
3688	19.01535
3689	20.78159
3690	22.41356
3691	23.89699
3692	25.23365
3693	26.41467
3694	27.40682
3695	28.18482
3696	28.77893
3697	29.23418
3698	29.53844
3699	29.65424
3700	29.58908
3701	29.38835
3702	29.09157
3703	28.68547
3704	28.08958
3705	27.25804
3706	26.25923
3707	25.18830
3708	24.08356
3709	23.03131
3710	22.32346
3711	22.26188
3712	22.83745
3713	23.78523
3714	24.76870
3715	25.51245
3716	25.90475
3717	26.00905
3718	25.93146
3719	25.68336
3720	25.30342
3721	25.01712
3722	25.07661
3723	25.54562
3724	26.24401
3725	26.72493
3726	26.48584
3727	25.38074
3728	23.71254
3729	21.95230
3730	20.47103
3731	19.40693
3732	18.65055
3733	17.96869
3734	17.16566
3735	16.16038
3736	14.96918
3737	13.65881
3738	12.29738
3739	10.93208
3740	9.60229
3741	8.31326
3742	7.02050
3743	5.68783
3744	4.30537
3745	2.89374
3746	1.52657
3747	0.25370
3748	-0.96028
3749	-2.14173
3750	-3.24955
3751	-4.25678
3752	-5.20940
3753	-6.14969
3754	-7.05266
3755	-7.91063
3756	-8.76600
3757	-9.62528
3758	-10.44568
3759	-11.21175
3760	-11.96108
3761	-12.72529
3762	-13.48629
3763	-14.19781
3764	-14.82560
3765	-15.37230
3766	-15.85935
3767	-16.31834
3768	-16.79329
3769	-17.27802
3770	-17.68763
3771	-17.96718
3772	-18.14666
3773	-18.21468
3774	-18.08649
3775	-17.75442
3776	-17.27713
3777	-16.63781
3778	-15.78340
3779	-14.72445
3780	-13.49687
3781	-12.11594
3782	-10.60667
3783	-9.02317
3784	-7.38664
3785	-5.61196
3786	-3.62857
3787	-1.52827
3788	0.53509
3789	2.47119
3790	4.28042
3791	6.04148
3792	7.84051
3793	9.72419
3794	11.68824
3795	13.69001
3796	15.69172
3797	17.66820
3798	19.60274
3799	21.47811
3800	23.25544
3801	24.90028
3802	26.36803
3803	27.58162
3804	28.51985
3805	29.21862
3806	29.66600
3807	29.82376
3808	29.69857
3809	29.32869
3810	28.72975
3811	27.89748
3812	26.88538
3813	25.79392
3814	24.66683
3815	23.53496
3816	22.62325
3817	22.40056
3818	23.17645
3819	24.58325
3820	25.88411
3821	26.66807
3822	26.90771
3823	26.61914
3824	25.81791
3825	24.76481
3826	24.00751
3827	23.97502
3828	24.67963
3829	25.75012
3830	26.53176
3831	26.48347
3832	25.52548
3833	23.94347
3834	22.16871
3835	20.60594
3836	19.43544
3837	18.56049
3838	17.76679
3839	16.87367
3840	15.79198
3841	14.55052
3842	13.23710
3843	11.88278
3844	10.45731
3845	8.94543
3846	7.38959
3847	5.85288
3848	4.34181
3849	2.84086
3850	1.38632
3851	0.02310
3852	-1.23679
3853	-2.41815
3854	-3.57697
3855	-4.73178
3856	-5.85549
3857	-6.94241
3858	-7.99002
3859	-8.96534
3860	-9.84573
3861	-10.66431
3862	-11.47795
3863	-12.28561
3864	-13.05821
3865	-13.80862
3866	-14.53781
3867	-15.21292
3868	-15.81624
3869	-16.34620
3870	-16.82458
3871	-17.29273
3872	-17.77422
3873	-18.26959
3874	-18.74342
3875	-19.10652
3876	-19.27179
3877	-19.22821
3878	-19.02473
3879	-18.68702
3880	-18.19025
3881	-17.50498
3882	-16.64380
3883	-15.63099
3884	-14.45345
3885	-13.11960
3886	-11.70288
3887	-10.24234
3888	-8.67095
3889	-6.91080
3890	-4.99592
3891	-3.03248
3892	-1.07364
3893	0.87881
3894	2.80189
3895	4.68826
3896	6.58436
3897	8.51701
3898	10.47128
3899	12.44119
3900	14.43173
3901	16.44013
3902	18.44612
3903	20.41403
3904	22.29147
3905	24.00037
3906	25.50033
3907	26.81504
3908	27.93980
3909	28.82522
3910	29.44737
3911	29.80818
3912	29.90954
3913	29.77318
3914	29.41610
3915	28.81844
3916	27.98011
3917	26.93125
3918	25.69654
3919	24.32135
3920	22.88819
3921	21.56261
3922	20.71971
3923	20.81166
3924	21.80002
3925	23.13122
3926	24.31990
3927	25.16662
3928	25.54709
3929	25.36671
3930	24.72448
3931	23.94624
3932	23.42249
3933	23.36611
3934	23.70950
3935	24.20721
3936	24.55880
3937	24.50523
3938	23.93155
3939	22.90560
3940	21.64693
3941	20.40484
3942	19.32494
3943	18.43177
3944	17.64117
3945	16.80324
3946	15.82675
3947	14.69463
3948	13.42195
3949	12.08235
3950	10.73683
3951	9.34117
3952	7.86012
3953	6.39041
3954	5.02223
3955	3.70560
3956	2.37395
3957	1.02306
3958	-0.33142
3959	-1.63199
3960	-2.81000
3961	-3.86284
3962	-4.83737
3963	-5.78728
3964	-6.74113
3965	-7.70406
3966	-8.68076
3967	-9.64690
3968	-10.54333
3969	-11.34275
3970	-12.09828
3971	-12.87757
3972	-13.65414
3973	-14.36363
3974	-15.00511
3975	-15.59211
3976	-16.10830
3977	-16.56482
3978	-17.00691
3979	-17.44656
3980	-17.86963
3981	-18.27450
3982	-18.63024
3983	-18.86753
3984	-18.93499
3985	-18.80738
3986	-18.45139
3987	-17.83685
3988	-16.98631
3989	-15.97369
3990	-14.84875
3991	-13.59961
3992	-12.23581
3993	-10.84162
3994	-9.48032
3995	-8.13987
3996	-6.72816
3997	-5.09608
3998	-3.24647
3999	-1.38205
4000	0.39356
4001	2.15458
4002	3.94277
4003	5.72554
4004	7.49974
4005	9.29749
4006	11.14715
4007	13.04970
4008	14.95832
4009	16.82097
4010	18.62440
4011	20.35031
4012	21.92840
4013	23.30198
4014	24.50379
4015	25.57456
4016	26.46936
4017	27.13366
4018	27.58802
4019	27.86795
4020	27.97067
4021	27.88397
4022	27.58269
4023	27.04539
4024	26.30277
4025	25.41433
4026	24.44861
4027	23.47252
4028	22.52695
4029	21.71120
4030	21.36308
4031	21.83778
4032	23.00295
4033	24.32062
4034	25.33198
4035	25.87562
4036	25.95478
4037	25.61519
4038	24.89734
4039	23.90532
4040	22.94186
4041	22.37412
4042	22.35666
4043	22.77722
4044	23.35343
4045	23.71938
4046	23.56750
4047	22.76976
4048	21.42942
4049	19.86696
4050	18.45337
4051	17.37158
4052	16.51250
4053	15.64411
4054	14.65031
4055	13.54240
4056	12.34628
4057	11.07736
4058	9.72918
4059	8.29665
4060	6.88848
4061	5.61498
4062	4.40415
4063	3.15527
4064	1.86583
4065	0.56625
4066	-0.69547
4067	-1.89440
4068	-3.06566
4069	-4.19558
4070	-5.23731
4071	-6.24665
4072	-7.28138
4073	-8.27113
4074	-9.15365
4075	-9.97943
4076	-10.80616
4077	-11.63568
4078	-12.43434
4079	-13.16881
4080	-13.85394
4081	-14.50160
4082	-15.07701
4083	-15.57591
4084	-16.04911
4085	-16.52246
4086	-16.96295
4087	-17.36349
4088	-17.77057
4089	-18.16552
4090	-18.44249
4091	-18.53613
4092	-18.46533
4093	-18.24683
4094	-17.84544
4095	-17.22904
4096	-16.40680
4097	-15.40084
4098	-14.25043
4099	-13.02765
4100	-11.76370
4101	-10.41726
4102	-8.97581
4103	-7.46224
4104	-5.82214
4105	-3.98057
4106	-2.00721
4107	-0.04385
4108	1.87125
4109	3.76280
4110	5.62677
4111	7.47630
4112	9.36684
4113	11.30598
4114	13.23460
4115	15.14132
4116	17.06368
4117	18.97817
4118	20.80833
4119	22.50419
4120	24.05973
4121	25.46549
4122	26.66590
4123	27.60887
4124	28.31107
4125	28.80275
4126	29.07801
4127	29.15140
4128	29.03120
4129	28.65792
4130	28.01399
4131	27.16967
4132	26.15838
4133	24.97843
4134	23.69372
4135	22.44091
4136	21.44377
4137	21.11110
4138	21.68089
4139	22.83181
4140	24.03136
4141	24.93274
4142	25.39856
4143	25.40736
4144	25.04189
4145	24.45485
4146	23.88353
4147	23.61828
4148	23.79367
4149	24.39511
4150	25.29662
4151	26.05755
4152	26.10568
4153	25.21990
4154	23.63925
4155	21.81319
4156	20.17564
4157	18.98034
4158	18.17805
4159	17.50293
4160	16.70883
4161	15.71321
4162	14.56564
4163	13.31252
4164	11.95937
4165	10.55248
4166	9.15694
4167	7.77558
4168	6.37563
4169	4.96076
4170	3.58098
4171	2.25905
4172	0.96937
4173	-0.28621
4174	-1.48599
4175	-2.65277
4176	-3.82058
4177	-4.97470
4178	-6.06993
4179	-7.09661
4180	-8.11878
4181	-9.19733
4182	-10.28364
4183	-11.32397
4184	-12.34530
4185	-13.32299
4186	-14.20072
4187	-14.98990
4188	-15.68397
4189	-16.25536
4190	-16.73909
4191	-17.18246
4192	-17.60279
4193	-18.01545
4194	-18.40658
4195	-18.70910
4196	-18.85433
4197	-18.80902
4198	-18.56774
4199	-18.14988
4200	-17.55526
4201	-16.72765
4202	-15.65811
4203	-14.42237
4204	-13.05340
4205	-11.53546
4206	-9.89782
4207	-8.16787
4208	-6.31663
4209	-4.35628
4210	-2.39110
4211	-0.49120
4212	1.38159
4213	3.27260
4214	5.16581
4215	7.03418
4216	8.86308
4217	10.64744
4218	12.41983
4219	14.22234
4220	16.04574
4221	17.84908
4222	19.60552
4223	21.27663
4224	22.81640
4225	24.25017
4226	25.62951
4227	26.90641
4228	27.96151
4229	28.73054
4230	29.23793
4231	29.51343
4232	29.55287
4233	29.35783
4234	28.93682
4235	28.31021
4236	27.52090
4237	26.57077
4238	25.43098
4239	24.13092
4240	22.74860
4241	21.45974
4242	20.73492
4243	21.03368
4244	22.21191
4245	23.66519
4246	24.86435
4247	25.59526
4248	25.84739
4249	25.70465
4250	25.27731
4251	24.64503
4252	23.89719
4253	23.21027
4254	22.78195
4255	22.68167
4256	22.85613
4257	23.16469
4258	23.32504
4259	23.04385
4260	22.25632
4261	21.10396
4262	19.79337
4263	18.54379
4264	17.49334
4265	16.59741
4266	15.72904
4267	14.82141
4268	13.82028
4269	12.65650
4270	11.37517
4271	10.09107
4272	8.79572
4273	7.43370
4274	6.05673
4275	4.72621
4276	3.41147
4277	2.07311
4278	0.74468
4279	-0.50890
4280	-1.65324
4281	-2.73100
4282	-3.83306
4283	-4.96921
4284	-6.06668
4285	-7.07727
4286	-7.99667
4287	-8.85847
4288	-9.72212
4289	-10.59865
4290	-11.42177
4291	-12.14456
4292	-12.79142
4293	-13.38154
4294	-13.92925
4295	-14.49076
4296	-15.10658
4297	-15.74928
4298	-16.36101
4299	-16.92626
4300	-17.47023
4301	-18.00085
4302	-18.49519
4303	-18.89846
4304	-19.14191
4305	-19.20226
4306	-19.10856
4307	-18.89752
4308	-18.58002
4309	-18.11158
4310	-17.42168
4311	-16.49780
4312	-15.37927
4313	-14.10830
4314	-12.73122
4315	-11.27337
4316	-9.71437
4317	-8.03352
4318	-6.24485
4319	-4.39294
4320	-2.52413
4321	-0.66130
4322	1.18662
4323	3.02412
4324	4.84929
4325	6.65009
4326	8.47816
4327	10.42370
4328	12.47343
4329	14.50529
4330	16.45089
4331	18.37032
4332	20.31269
4333	22.19388
4334	23.87526
4335	25.30254
4336	26.52124
4337	27.57824
4338	28.46059
4339	29.14901
4340	29.65565
4341	29.96818
4342	30.06100
4343	29.96588
4344	29.71533
4345	29.25621
4346	28.49259
4347	27.40624
4348	26.10069
4349	24.71194
4350	23.36180
4351	22.24832
4352	21.76085
4353	22.26974
4354	23.60694
4355	25.13984
4356	26.29850
4357	26.87930
4358	26.93398
4359	26.58038
4360	25.86953
4361	24.84485
4362	23.73267
4363	22.90575
4364	22.64159
4365	22.96006
4366	23.67597
4367	24.40701
4368	24.61698
4369	23.98226
4370	22.56080
4371	20.68965
4372	18.84569
4373	17.40971
4374	16.42322
4375	15.63358
4376	14.78432
4377	13.77056
4378	12.58754
4379	11.27095
4380	9.88003
4381	8.49370
4382	7.16151
4383	5.85046
4384	4.50727
4385	3.12416
4386	1.74891
4387	0.46441
4388	-0.72306
4389	-1.87913
4390	-3.01182
4391	-4.09559
4392	-5.13049
4393	-6.11114
4394	-7.03267
4395	-7.91255
4396	-8.76093
4397	-9.56184
4398	-10.30866
4399	-11.02051
4400	-11.69752
4401	-12.31535
4402	-12.88192
4403	-13.44036
4404	-14.01620
4405	-14.59509
4406	-15.14306
4407	-15.64133
4408	-16.10367
4409	-16.55031
4410	-16.96290
4411	-17.29786
4412	-17.55444
4413	-17.75310
4414	-17.86038
4415	-17.84082
4416	-17.71152
4417	-17.47517
4418	-17.08135
4419	-16.46064
4420	-15.58090
4421	-14.48650
4422	-13.25507
4423	-11.91322
4424	-10.44818
4425	-8.88980
4426	-7.27945
4427	-5.59904
4428	-3.82705
4429	-1.98243
4430	-0.11511
4431	1.67286
4432	3.32519
4433	4.94062
4434	6.63263
4435	8.39395
4436	10.15752
4437	11.89237
4438	13.63998
4439	15.43823
4440	17.22206
4441	18.88304
4442	20.42470
4443	21.91299
4444	23.30217
4445	24.52428
4446	25.60443
4447	26.54342
4448	27.30120
4449	27.89147
4450	28.35657
4451	28.70093
4452	28.90239
4453	28.94438
4454	28.78866
4455	28.37700
4456	27.71291
4457	26.86568
4458	25.86735
4459	24.68475
4460	23.40179
4461	22.40183
4462	22.18041
4463	22.84099
4464	23.94182
4465	24.93302
4466	25.53687
4467	25.71839
4468	25.52050
4469	25.01688
4470	24.34182
4471	23.70958
4472	23.30161
4473	23.16907
4474	23.30619
4475	23.66132
4476	23.99902
4477	23.93286
4478	23.23682
4479	22.01542
4480	20.57471
4481	19.21154
4482	18.08176
4483	17.17602
4484	16.37654
4485	15.52569
4486	14.50273
4487	13.29428
4488	12.00430
4489	10.74457
4490	9.47101
4491	8.08332
4492	6.65605
4493	5.30130
4494	3.97048
4495	2.60451
4496	1.24909
4497	-0.06023
4498	-1.36807
4499	-2.70123
4500	-3.97175
4501	-5.08461
4502	-6.06639
4503	-7.00639
4504	-7.95068
4505	-8.87499
4506	-9.74409
4507	-10.57807
4508	-11.42507
4509	-12.29359
4510	-13.13648
4511	-13.90629
4512	-14.60773
4513	-15.25682
4514	-15.84323
4515	-16.36667
4516	-16.83630
4517	-17.25132
4518	-17.62697
4519	-17.97622
4520	-18.24631
4521	-18.32813
4522	-18.16141
4523	-17.78398
4524	-17.25035
4525	-16.57451
4526	-15.75900
4527	-14.82306
4528	-13.81346
4529	-12.76505
4530	-11.63414
4531	-10.35433
4532	-8.93461
4533	-7.40012
4534	-5.72803
4535	-3.92834
4536	-2.09189
4537	-0.30502
4538	1.45452
4539	3.26963
4540	5.12995
4541	6.95516
4542	8.74200
4543	10.54178
4544	12.36608
4545	14.19259
4546	16.00248
4547	17.76375
4548	19.42575
4549	20.98370
4550	22.43341
4551	23.72650
4552	24.87595
4553	25.91495
4554	26.79708
4555	27.48334
4556	27.99885
4557	28.36219
4558	28.56560
4559	28.61871
4560	28.53218
4561	28.29033
4562	27.86711
4563	27.23883
4564	26.41449
4565	25.46209
4566	24.43698
4567	23.38672
4568	22.54025
4569	22.35596
4570	23.03096
4571	24.17519
4572	25.28690
4573	26.09833
4574	26.50567
4575	26.48458
4576	26.07661
4577	25.33981
4578	24.40564
4579	23.59138
4580	23.25440
4581	23.49667
4582	24.15022
4583	24.91209
4584	25.33768
4585	25.03804
4586	23.95887
4587	22.37369
4588	20.71268
4589	19.34344
4590	18.36900
4591	17.63017
4592	16.89741
4593	15.99070
4594	14.83085
4595	13.49707
4596	12.12443
4597	10.73124
4598	9.31228
4599	7.95174
4600	6.63488
4601	5.22326
4602	3.69735
4603	2.15568
4604	0.66487
4605	-0.75329
4606	-2.08420
4607	-3.29538
4608	-4.36495
4609	-5.32908
4610	-6.25026
4611	-7.14288
4612	-7.97740
4613	-8.75795
4614	-9.51578
4615	-10.26918
4616	-11.04127
4617	-11.83954
4618	-12.64438
4619	-13.44674
4620	-14.23804
4621	-14.99057
4622	-15.67434
4623	-16.28440
4624	-16.84455
4625	-17.37557
4626	-17.86757
4627	-18.25686
4628	-18.46705
4629	-18.51063
4630	-18.45301
4631	-18.30559
4632	-18.02430
4633	-17.55430
4634	-16.87317
4635	-15.99573
4636	-14.93013
4637	-13.70068
4638	-12.37786
4639	-11.00760
4640	-9.56735
4641	-8.02677
4642	-6.38746
4643	-4.63226
4644	-2.75092
4645	-0.84119
4646	0.98720
4647	2.77101
4648	4.59189
4649	6.44940
4650	8.32246
4651	10.19506
4652	12.04169
4653	13.86814
4654	15.68590
4655	17.45242
4656	19.10575
4657	20.65109
4658	22.14338
4659	23.58110
4660	24.88735
4661	26.00271
4662	26.94198
4663	27.73989
4664	28.39702
4665	28.90243
4666	29.25134
4667	29.44385
4668	29.49062
4669	29.37256
4670	29.04048
4671	28.49125
4672	27.74793
4673	26.78752
4674	25.57956
4675	24.16961
4676	22.75125
4677	21.70680
4678	21.50353
4679	22.24091
4680	23.49207
4681	24.76135
4682	25.77015
4683	26.41642
4684	26.67210
4685	26.54576
4686	26.06051
4687	25.30492
4688	24.46524
4689	23.74300
4690	23.30375
4691	23.27014
4692	23.61879
4693	24.05786
4694	24.15132
4695	23.62830
4696	22.50514
4697	21.03607
4698	19.56543
4699	18.33302
4700	17.36295
4701	16.50150
4702	15.58649
4703	14.56660
4704	13.45230
4705	12.24771
4706	10.96730
4707	9.64923
4708	8.34562
4709	7.09319
4710	5.83003
4711	4.44837
4712	2.96419
4713	1.49229
4714	0.11380
4715	-1.15551
4716	-2.32424
4717	-3.39201
4718	-4.36356
4719	-5.26147
4720	-6.12304
4721	-6.97647
4722	-7.81024
4723	-8.61823
4724	-9.42422
4725	-10.24127
4726	-11.08214
4727	-11.96727
4728	-12.88161
4729	-13.76038
4730	-14.55760
4731	-15.29077
4732	-15.96238
4733	-16.54329
4734	-17.04522
4735	-17.49725
4736	-17.89353
4737	-18.20740
4738	-18.40316
4739	-18.44325
4740	-18.33845
4741	-18.14733
4742	-17.86559
4743	-17.39669
4744	-16.67513
4745	-15.74543
4746	-14.70711
4747	-13.59681
4748	-12.34991
4749	-10.90492
4750	-9.28826
4751	-7.56249
4752	-5.74837
4753	-3.85405
4754	-1.93672
4755	-0.05109
4756	1.80704
4757	3.65937
4758	5.52397
4759	7.41621
4760	9.31797
4761	11.18986
4762	13.02848
4763	14.86698
4764	16.70754
4765	18.50414
4766	20.22340
4767	21.87763
4768	23.48365
4769	24.98631
4770	26.28568
4771	27.35177
4772	28.21820
4773	28.90125
4774	29.39756
4775	29.71037
4776	29.85569
4777	29.85495
4778	29.68466
4779	29.26950
4780	28.59251
4781	27.72050
4782	26.70042
4783	25.53745
4784	24.29825
4785	23.28481
4786	23.01574
4787	23.73795
4788	25.01835
4789	26.24258
4790	27.13219
4791	27.61012
4792	27.59949
4793	27.10986
4794	26.30128
4795	25.43796
4796	24.85730
4797	24.81886
4798	25.28880
4799	25.99842
4800	26.58312
4801	26.67903
4802	26.09488
4803	24.87544
4804	23.27679
4805	21.68771
4806	20.39739
4807	19.41151
4808	18.56408
4809	17.68831
4810	16.65271
4811	15.40503
4812	14.01530
4813	12.60867
4814	11.24291
4815	9.87350
4816	8.45073
4817	6.99926
4818	5.57298
4819	4.19288
4820	2.83884
4821	1.48197
4822	0.14058
4823	-1.12529
4824	-2.28502
4825	-3.36319
4826	-4.39583
4827	-5.39912
4828	-6.38914
4829	-7.36508
4830	-8.28566
4831	-9.14604
4832	-9.99931
4833	-10.86348
4834	-11.72056
4835	-12.56085
4836	-13.36587
4837	-14.12506
4838	-14.85186
4839	-15.53666
4840	-16.14657
4841	-16.68887
4842	-17.20425
4843	-17.69925
4844	-18.16312
4845	-18.59775
4846	-18.97108
4847	-19.22164
4848	-19.31010
4849	-19.20539
4850	-18.86922
4851	-18.30465
4852	-17.56683
4853	-16.71308
4854	-15.77529
4855	-14.73819
4856	-13.55584
4857	-12.22253
4858	-10.76560
4859	-9.18626
4860	-7.48357
4861	-5.71036
4862	-3.92173
4863	-2.12618
4864	-0.35312
4865	1.35006
4866	3.01314
4867	4.71453
4868	6.49086
4869	8.32321
4870	10.16622
4871	11.98986
4872	13.80019
4873	15.59254
4874	17.30064
4875	18.88636
4876	20.40243
4877	21.82603
4878	23.04998
4879	24.07604
4880	24.96959
4881	25.72659
4882	26.29650
4883	26.65369
4884	26.84183
4885	26.92966
4886	26.92011
4887	26.75221
4888	26.38205
4889	25.81549
4890	25.07776
4891	24.19580
4892	23.19621
4893	22.19132
4894	21.46408
4895	21.39013
4896	22.07331
4897	23.14680
4898	24.13904
4899	24.80520
4900	25.12037
4901	25.10717
4902	24.80489
4903	24.26534
4904	23.56900
4905	22.92062
4906	22.58501
4907	22.64924
4908	22.98928
4909	23.40658
4910	23.62920
4911	23.40729
4912	22.67678
4913	21.51626
4914	20.11787
4915	18.75923
4916	17.61800
4917	16.66711
4918	15.77109
4919	14.80649
4920	13.71394
4921	12.50272
4922	11.23335
4923	9.95097
4924	8.62596
4925	7.22631
4926	5.81193
4927	4.46351
4928	3.14413
4929	1.76640
4930	0.34372
4931	-1.07173
4932	-2.44683
4933	-3.69329
4934	-4.75141
4935	-5.68798
4936	-6.58339
4937	-7.44861
4938	-8.27849
4939	-9.09405
4940	-9.92848
4941	-10.79688
4942	-11.68567
4943	-12.55815
4944	-13.37122
4945	-14.11771
4946	-14.81722
4947	-15.46511
4948	-16.04909
4949	-16.58686
4950	-17.11863
4951	-17.65153
4952	-18.12288
4953	-18.49759
4954	-18.82442
4955	-19.10465
4956	-19.25820
4957	-19.23775
4958	-19.03522
4959	-18.62505
4960	-17.97443
4961	-17.11222
4962	-16.13746
4963	-15.10470
4964	-13.96599
4965	-12.65867
4966	-11.20080
4967	-9.64858
4968	-7.98219
4969	-6.15611
4970	-4.23397
4971	-2.32237
4972	-0.45626
4973	1.35540
4974	3.12799
4975	4.94168
4976	6.83096
4977	8.73837
4978	10.62280
4979	12.49202
4980	14.36850
4981	16.24484
4982	18.06348
4983	19.82055
4984	21.55219
4985	23.16769
4986	24.54360
4987	25.69278
4988	26.66173
4989	27.43972
4990	28.02341
4991	28.44564
4992	28.73639
4993	28.88522
4994	28.85566
4995	28.61800
4996	28.14487
4997	27.41459
4998	26.45076
4999	25.32391
5000	24.16794
5001	23.28516
5002	23.08242
5003	23.75742
5004	24.93799
5005	25.93135
5006	26.39886
5007	26.47787
5008	26.32555
5009	25.88639
5010	25.15335
5011	24.44314
5012	24.16139
5013	24.38905
5014	24.99340
5015	25.80874
5016	26.43558
5017	26.36799
5018	25.46341
5019	23.98050
5020	22.29221
5021	20.74213
5022	19.53612
5023	18.61491
5024	17.75462
5025	16.77571
5026	15.61917
5027	14.33953
5028	13.02133
5029	11.66160
5030	10.21720
5031	8.67744
5032	7.04531
5033	5.41850
5034	3.89598
5035	2.38366
5036	0.83180
5037	-0.61602
5038	-1.89855
5039	-3.09571
5040	-4.23467
5041	-5.29050
5042	-6.29364
5043	-7.29879
5044	-8.30956
5045	-9.29564
5046	-10.22176
5047	-11.06966
5048	-11.86980
5049	-12.66168
5050	-13.43687
5051	-14.15676
5052	-14.81919
5053	-15.46813
5054	-16.10985
5055	-16.72170
5056	-17.31316
5057	-17.86731
5058	-18.34828
5059	-18.79190
5060	-19.24127
5061	-19.61297
5062	-19.75589
5063	-19.64728
5064	-19.40157
5065	-19.07347
5066	-18.60137
5067	-17.94814
5068	-17.17501
5069	-16.34556
5070	-15.41967
5071	-14.29736
5072	-12.92730
5073	-11.32069
5074	-9.51405
5075	-7.56087
5076	-5.54126
5077	-3.53790
5078	-1.58136
5079	0.36104
5080	2.33589
5081	4.34831
5082	6.34233
5083	8.22776
5084	9.96546
5085	11.64585
5086	13.40133
5087	15.24622
5088	17.08682
5089	18.83644
5090	20.48877
5091	22.09150
5092	23.62649
5093	25.00070
5094	26.16055
5095	27.10100
5096	27.81038
5097	28.27092
5098	28.47253
5099	28.42797
5100	28.17613
5101	27.75188
5102	27.16440
5103	26.37667
5104	25.32162
5105	24.01173
5106	22.55845
5107	21.15197
5108	20.18788
5109	20.19835
5110	21.30057
5111	22.92319
5112	24.40910
5113	25.47972
5114	26.07834
5115	26.15035
5116	25.75110
5117	25.13039
5118	24.63148
5119	24.47773
5120	24.61540
5121	24.80978
5122	24.83046
5123	24.55021
5124	23.95950
5125	23.11303
5126	22.09387
5127	21.02187
5128	20.01260
5129	19.10038
5130	18.23835
5131	17.36507
5132	16.43461
5133	15.40598
5134	14.26418
5135	13.06564
5136	11.87832
5137	10.64337
5138	9.25462
5139	7.75611
5140	6.24528
5141	4.71853
5142	3.19402
5143	1.76959
5144	0.46090
5145	-0.84749
5146	-2.19398
5147	-3.43634
5148	-4.50168
5149	-5.49244
5150	-6.45027
5151	-7.31923
5152	-8.10850
5153	-8.86499
5154	-9.59817
5155	-10.31676
5156	-11.05137
5157	-11.83822
5158	-12.69007
5159	-13.56902
5160	-14.42409
5161	-15.24565
5162	-16.02787
5163	-16.71941
5164	-17.28598
5165	-17.75870
5166	-18.17569
5167	-18.52337
5168	-18.74649
5169	-18.79572
5170	-18.65890
5171	-18.34462
5172	-17.85993
5173	-17.21338
5174	-16.39937
5175	-15.38384
5176	-14.16166
5177	-12.80657
5178	-11.42922
5179	-10.09021
5180	-8.75177
5181	-7.32063
5182	-5.71679
5183	-3.93271
5184	-2.05448
5185	-0.18367
5186	1.63433
5187	3.40950
5188	5.21093
5189	7.11009
5190	9.05986
5191	10.94335
5192	12.76488
5193	14.62851
5194	16.53071
5195	18.34089
5196	20.00730
5197	21.61898
5198	23.19775
5199	24.60871
5200	25.75500
5201	26.69692
5202	27.50756
5203	28.16101
5204	28.61492
5205	28.88012
5206	28.98578
5207	28.95150
5208	28.77229
5209	28.39638
5210	27.76885
5211	26.90184
5212	25.83771
5213	24.57737
5214	23.17257
5215	21.93743
5216	21.42175
5217	22.02757
5218	23.47410
5219	25.04581
5220	26.23440
5221	26.92592
5222	27.16212
5223	27.00326
5224	26.53383
5225	25.83542
5226	25.10698
5227	24.66735
5228	24.73486
5229	25.28794
5230	25.99599
5231	26.29877
5232	25.82173
5233	24.61855
5234	22.98668
5235	21.28371
5236	19.81694
5237	18.69447
5238	17.79403
5239	16.89972
5240	15.86399
5241	14.66512
5242	13.32698
5243	11.86510
5244	10.36743
5245	8.95610
5246	7.59909
5247	6.18599
5248	4.73514
5249	3.30802
5250	1.88501
5251	0.45346
5252	-0.93641
5253	-2.23307
5254	-3.43408
5255	-4.57435
5256	-5.67313
5257	-6.70443
5258	-7.62754
5259	-8.44794
5260	-9.20173
5261	-9.89162
5262	-10.53618
5263	-11.19662
5264	-11.89313
5265	-12.59135
5266	-13.25997
5267	-13.89801
5268	-14.52065
5269	-15.14247
5270	-15.77660
5271	-16.39952
5272	-16.94793
5273	-17.40898
5274	-17.83042
5275	-18.21722
5276	-18.49313
5277	-18.57225
5278	-18.46244
5279	-18.25099
5280	-17.97111
5281	-17.57360
5282	-17.01140
5283	-16.28851
5284	-15.42675
5285	-14.40420
5286	-13.19328
5287	-11.84279
5288	-10.41082
5289	-8.86209
5290	-7.14416
5291	-5.30336
5292	-3.45177
5293	-1.66297
5294	0.06532
5295	1.78043
5296	3.51833
5297	5.26726
5298	7.02890
5299	8.85739
5300	10.75806
5301	12.67694
5302	14.59943
5303	16.51967
5304	18.39644
5305	20.19820
5306	21.87967
5307	23.37510
5308	24.68248
5309	25.82520
5310	26.76681
5311	27.47570
5312	27.98023
5313	28.31868
5314	28.49871
5315	28.50969
5316	28.33107
5317	27.92949
5318	27.30282
5319	26.49663
5320	25.56655
5321	24.57030
5322	23.56824
5323	22.64707
5324	22.08865
5325	22.34715
5326	23.44116
5327	24.84826
5328	26.03380
5329	26.75075
5330	26.99584
5331	26.89040
5332	26.50034
5333	25.76115
5334	24.73539
5335	23.79892
5336	23.36340
5337	23.52963
5338	24.11166
5339	24.78538
5340	25.14941
5341	24.91747
5342	24.03884
5343	22.66884
5344	21.11673
5345	19.67430
5346	18.44362
5347	17.37440
5348	16.38158
5349	15.36713
5350	14.23850
5351	12.97632
5352	11.65401
5353	10.36652
5354	9.10811
5355	7.77611
5356	6.34539
5357	4.89911
5358	3.46190
5359	1.98242
5360	0.51170
5361	-0.78486
5362	-1.85983
5363	-2.86751
5364	-3.92662
5365	-4.95942
5366	-5.88905
5367	-6.79437
5368	-7.73443
5369	-8.66419
5370	-9.57236
5371	-10.50710
5372	-11.50857
5373	-12.56020
5374	-13.56499
5375	-14.45514
5376	-15.26871
5377	-16.02664
5378	-16.68672
5379	-17.25362
5380	-17.77122
5381	-18.24130
5382	-18.64961
5383	-18.99621
5384	-19.26251
5385	-19.41460
5386	-19.44321
5387	-19.34274
5388	-19.04830
5389	-18.47110
5390	-17.61232
5391	-16.55607
5392	-15.37236
5393	-14.07861
5394	-12.64228
5395	-11.03702
5396	-9.30567
5397	-7.50467
5398	-5.64917
5399	-3.74655
5400	-1.82551
5401	0.05631
5402	1.85279
5403	3.59585
5404	5.36407
5405	7.20037
5406	9.07609
5407	10.92510
5408	12.74165
5409	14.57415
5410	16.39987
5411	18.13820
5412	19.77700
5413	21.31972
5414	22.70389
5415	23.90685
5416	24.97682
5417	25.93054
5418	26.73098
5419	27.33778
5420	27.74221
5421	27.95762
5422	27.99577
5423	27.86025
5424	27.54008
5425	27.01609
5426	26.26560
5427	25.26893
5428	24.07326
5429	22.80006
5430	21.63177
5431	20.87651
5432	20.96273
5433	21.95876
5434	23.32910
5435	24.54552
5436	25.40849
5437	25.90451
5438	26.01401
5439	25.75062
5440	25.21671
5441	24.56456
5442	23.97792
5443	23.62617
5444	23.65273
5445	24.15426
5446	24.87782
5447	25.22423
5448	24.83083
5449	23.81415
5450	22.46583
5451	21.04243
5452	19.75706
5453	18.69745
5454	17.78338
5455	16.88212
5456	15.90267
5457	14.80558
5458	13.59785
5459	12.32694
5460	11.05996
5461	9.80815
5462	8.48521
5463	7.04175
5464	5.55865
5465	4.10955
5466	2.68008
5467	1.27092
5468	-0.07159
5469	-1.32782
5470	-2.49070
5471	-3.54246
5472	-4.50893
5473	-5.44475
5474	-6.36746
5475	-7.26343
5476	-8.13681
5477	-9.00628
5478	-9.85486
5479	-10.65941
5480	-11.44202
5481	-12.25044
5482	-13.11474
5483	-13.99942
5484	-14.81885
5485	-15.52470
5486	-16.11981
5487	-16.61629
5488	-17.05626
5489	-17.48851
5490	-17.88116
5491	-18.17356
5492	-18.36901
5493	-18.47926
5494	-18.47549
5495	-18.31412
5496	-17.94411
5497	-17.34587
5498	-16.56896
5499	-15.66382
5500	-14.63105
5501	-13.47021
5502	-12.17984
5503	-10.72817
5504	-9.10680
5505	-7.35464
5506	-5.51134
5507	-3.62274
5508	-1.75276
5509	0.07445
5510	1.87580
5511	3.64953
5512	5.40108
5513	7.16771
5514	8.95714
5515	10.74288
5516	12.53232
5517	14.36323
5518	16.22012
5519	18.02758
5520	19.73560
5521	21.31617
5522	22.73023
5523	23.99616
5524	25.15388
5525	26.16191
5526	26.97229
5527	27.59726
5528	28.02469
5529	28.21103
5530	28.16718
5531	27.94053
5532	27.53703
5533	26.93896
5534	26.15832
5535	25.23105
5536	24.20930
5537	23.16164
5538	22.23908
5539	21.77966
5540	22.17779
5541	23.36837
5542	24.78690
5543	25.93638
5544	26.61654
5545	26.78487
5546	26.47143
5547	25.79144
5548	24.97583
5549	24.39723
5550	24.34727
5551	24.75847
5552	25.32298
5553	25.71169
5554	25.66966
5555	25.11667
5556	24.12948
5557	22.87435
5558	21.59185
5559	20.49434
5560	19.61230
5561	18.79089
5562	17.84464
5563	16.70387
5564	15.42817
5565	14.12257
5566	12.84104
5567	11.54907
5568	10.20777
5569	8.82691
5570	7.39624
5571	5.91614
5572	4.46346
5573	3.08555
5574	1.72037
5575	0.31665
5576	-1.06457
5577	-2.32590
5578	-3.43514
5579	-4.41381
5580	-5.28226
5581	-6.08172
5582	-6.88170
5583	-7.68798
5584	-8.45790
5585	-9.22422
5586	-10.06355
5587	-10.97306
5588	-11.89239
5589	-12.79756
5590	-13.68429
5591	-14.52303
5592	-15.27817
5593	-15.92763
5594	-16.47072
5595	-16.93283
5596	-17.35436
5597	-17.76621
5598	-18.14649
5599	-18.42837
5600	-18.57457
5601	-18.58874
5602	-18.47788
5603	-18.24221
5604	-17.84793
5605	-17.24253
5606	-16.44358
5607	-15.52264
5608	-14.51413
5609	-13.41047
5610	-12.18062
5611	-10.79876
5612	-9.29735
5613	-7.69562
5614	-5.95394
5615	-4.11449
5616	-2.29511
5617	-0.52055
5618	1.26126
5619	3.06386
5620	4.86008
5621	6.63105
5622	8.37459
5623	10.10626
5624	11.87513
5625	13.73199
5626	15.63591
5627	17.46135
5628	19.15198
5629	20.73535
5630	22.20975
5631	23.57178
5632	24.82009
5633	25.88618
5634	26.72854
5635	27.39297
5636	27.89426
5637	28.19129
5638	28.28395
5639	28.23503
5640	28.07970
5641	27.75698
5642	27.18882
5643	26.35474
5644	25.26441
5645	23.96599
5646	22.59196
5647	21.45374
5648	21.06506
5649	21.78866
5650	23.26440
5651	24.77388
5652	25.86709
5653	26.44137
5654	26.56015
5655	26.30019
5656	25.70396
5657	24.85839
5658	24.05754
5659	23.71081
5660	24.04006
5661	24.95238
5662	25.99819
5663	26.48916
5664	26.01644
5665	24.71739
5666	23.00276
5667	21.26345
5668	19.78466
5669	18.66387
5670	17.77922
5671	16.93348
5672	16.00665
5673	14.96558
5674	13.80665
5675	12.52981
5676	11.16148
5677	9.75881
5678	8.33742
5679	6.86754
5680	5.39527
5681	3.99903
5682	2.63724
5683	1.24739
5684	-0.12989
5685	-1.44623
5686	-2.67457
5687	-3.78867
5688	-4.82707
5689	-5.84775
5690	-6.85472
5691	-7.83117
5692	-8.74718
5693	-9.58371
5694	-10.36911
5695	-11.12791
5696	-11.85325
5697	-12.54086
5698	-13.19260
5699	-13.79801
5700	-14.34578
5701	-14.85506
5702	-15.36358
5703	-15.88374
5704	-16.40368
5705	-16.91267
5706	-17.40115
5707	-17.84146
5708	-18.18942
5709	-18.40662
5710	-18.46369
5711	-18.34771
5712	-18.08059
5713	-17.68704
5714	-17.13887
5715	-16.39513
5716	-15.49329
5717	-14.49071
5718	-13.34906
5719	-12.00210
5720	-10.46885
5721	-8.81494
5722	-7.05566
5723	-5.17425
5724	-3.21793
5725	-1.28208
5726	0.56562
5727	2.31546
5728	4.03682
5729	5.79671
5730	7.57664
5731	9.36762
5732	11.18676
5733	12.99941
5734	14.78180
5735	16.54997
5736	18.27719
5737	19.91735
5738	21.48314
5739	22.98260
5740	24.33742
5741	25.47699
5742	26.41523
5743	27.17022
5744	27.73824
5745	28.12209
5746	28.31469
5747	28.33041
5748	28.20657
5749	27.92343
5750	27.42043
5751	26.69218
5752	25.77378
5753	24.66750
5754	23.38227
5755	22.13961
5756	21.45623
5757	21.82600
5758	23.12528
5759	24.64081
5760	25.79458
5761	26.44865
5762	26.68983
5763	26.56606
5764	26.06736
5765	25.22309
5766	24.23646
5767	23.50880
5768	23.36655
5769	23.82324
5770	24.66959
5771	25.50878
5772	25.84558
5773	25.43370
5774	24.36347
5775	22.87187
5776	21.25476
5777	19.79534
5778	18.60705
5779	17.59953
5780	16.61794
5781	15.57098
5782	14.43441
5783	13.20382
5784	11.88885
5785	10.52119
5786	9.11699
5787	7.65064
5788	6.13612
5789	4.64427
5790	3.21214
5791	1.85184
5792	0.55004
5793	-0.73891
5794	-2.00683
5795	-3.21829
5796	-4.36660
5797	-5.42883
5798	-6.40127
5799	-7.33809
5800	-8.29651
5801	-9.29528
5802	-10.31558
5803	-11.30505
5804	-12.21013
5805	-13.02069
5806	-13.74499
5807	-14.37500
5808	-14.92171
5809	-15.43421
5810	-15.95926
5811	-16.50029
5812	-17.02544
5813	-17.52153
5814	-18.00476
5815	-18.48302
5816	-18.93311
5817	-19.27151
5818	-19.39739
5819	-19.30441
5820	-19.03688
5821	-18.60573
5822	-18.02821
5823	-17.32164
5824	-16.48282
5825	-15.53271
5826	-14.49612
5827	-13.34981
5828	-12.05307
5829	-10.60678
5830	-9.04275
5831	-7.36784
5832	-5.57872
5833	-3.72835
5834	-1.91511
5835	-0.20358
5836	1.43857
5837	3.11406
5838	4.87133
5839	6.65888
5840	8.43108
5841	10.21406
5842	12.04692
5843	13.92426
5844	15.80513
5845	17.64065
5846	19.38242
5847	20.98411
5848	22.43895
5849	23.78605
5850	25.02344
5851	26.09947
5852	26.99471
5853	27.71591
5854	28.24999
5855	28.58131
5856	28.72534
5857	28.71752
5858	28.58688
5859	28.31951
5860	27.84205
5861	27.08923
5862	26.04976
5863	24.73180
5864	23.17252
5865	21.60726
5866	20.54706
5867	20.54927
5868	21.67373
5869	23.30132
5870	24.77621
5871	25.79143
5872	26.28865
5873	26.29282
5874	25.92058
5875	25.32939
5876	24.63475
5877	23.99398
5878	23.64549
5879	23.78382
5880	24.42800
5881	25.24893
5882	25.63220
5883	25.21112
5884	24.09704
5885	22.59347
5886	20.99244
5887	19.55788
5888	18.42796
5889	17.54281
5890	16.75142
5891	15.90840
5892	14.90660
5893	13.75757
5894	12.55467
5895	11.31983
5896	10.01967
5897	8.68023
5898	7.35279
5899	6.02154
5900	4.65184
5901	3.26813
5902	1.91847
5903	0.63143
5904	-0.57218
5905	-1.68799
5906	-2.74893
5907	-3.78395
5908	-4.76603
5909	-5.67251
5910	-6.54361
5911	-7.41895
5912	-8.30174
5913	-9.18787
5914	-10.06514
5915	-10.91131
5916	-11.72052
5917	-12.50641
5918	-13.25901
5919	-13.94558
5920	-14.57070
5921	-15.16407
5922	-15.72618
5923	-16.24822
5924	-16.73258
5925	-17.17706
5926	-17.58196
5927	-17.93322
5928	-18.16244
5929	-18.21155
5930	-18.10756
5931	-17.87640
5932	-17.47843
5933	-16.89126
5934	-16.15108
5935	-15.29306
5936	-14.33433
5937	-13.28160
5938	-12.09143
5939	-10.71864
5940	-9.18522
5941	-7.51108
5942	-5.70495
5943	-3.85618
5944	-2.07585
5945	-0.36840
5946	1.33870
5947	3.07213
5948	4.78494
5949	6.46243
5950	8.14629
5951	9.84083
5952	11.53184
5953	13.24090
5954	14.96782
5955	16.66150
5956	18.29659
5957	19.90270
5958	21.45685
5959	22.86712
5960	24.09401
5961	25.14071
5962	25.99086
5963	26.62289
5964	27.00021
5965	27.10650
5966	27.01827
5967	26.81656
5968	26.45899
5969	25.86382
5970	25.05352
5971	24.11291
5972	23.07671
5973	22.00321
5974	21.18866
5975	21.15254
5976	22.16314
5977	23.75030
5978	25.15471
5979	26.01937
5980	26.34099
5981	26.13163
5982	25.48639
5983	24.74998
5984	24.35523
5985	24.47373
5986	24.92058
5987	25.34550
5988	25.39625
5989	24.92864
5990	24.07575
5991	23.00356
5992	21.81810
5993	20.68393
5994	19.73321
5995	18.90364
5996	18.03750
5997	17.06109
5998	16.00397
5999	14.91219
6000	13.78375
6001	12.60058
6002	11.35208
6003	9.98225
6004	8.46738
6005	6.93861
6006	5.53013
6007	4.20289
6008	2.84778
6009	1.42588
6010	0.00175
6011	-1.31916
6012	-2.51332
6013	-3.63470
6014	-4.71254
6015	-5.73028
6016	-6.65756
6017	-7.50621
6018	-8.33688
6019	-9.17120
6020	-9.98326
6021	-10.75945
6022	-11.50274
6023	-12.22652
6024	-12.94504
6025	-13.65771
6026	-14.37230
6027	-15.09492
6028	-15.78124
6029	-16.36991
6030	-16.86621
6031	-17.32315
6032	-17.75490
6033	-18.12803
6034	-18.38712
6035	-18.47398
6036	-18.37838
6037	-18.13322
6038	-17.75790
6039	-17.24902
6040	-16.58601
6041	-15.75054
6042	-14.77478
6043	-13.71083
6044	-12.54786
6045	-11.24445
6046	-9.78445
6047	-8.15394
6048	-6.34689
6049	-4.41917
6050	-2.47130
6051	-0.56714
6052	1.29858
6053	3.18058
6054	5.12400
6055	7.08592
6056	8.98079
6057	10.77762
6058	12.51596
6059	14.28773
6060	16.15316
6061	18.04775
6062	19.83870
6063	21.46043
6064	22.93540
6065	24.27535
6066	25.45182
6067	26.44193
6068	27.22086
6069	27.76937
6070	28.09725
6071	28.21324
6072	28.11403
6073	27.80530
6074	27.30311
6075	26.60857
6076	25.66817
6077	24.43904
6078	22.99019
6079	21.45036
6080	20.08621
6081	19.43561
6082	19.97808
6083	21.54209
6084	23.48370
6085	25.23055
6086	26.46440
6087	27.13036
6088	27.28645
6089	27.00432
6090	26.34809
6091	25.41717
6092	24.46254
6093	23.88460
6094	23.95540
6095	24.59699
6096	25.48542
6097	26.17931
6098	26.29332
6099	25.68985
6100	24.45709
6101	22.84292
6102	21.20138
6103	19.81468
6104	18.73205
6105	17.82948
6106	16.96005
6107	16.01464
6108	14.92376
6109	13.68401
6110	12.37745
6111	11.07755
6112	9.76196
6113	8.40402
6114	7.03810
6115	5.68434
6116	4.31842
6117	2.92126
6118	1.50399
6119	0.10100
6120	-1.21338
6121	-2.35522
6122	-3.38431
6123	-4.47710
6124	-5.62132
6125	-6.63840
6126	-7.51536
6127	-8.37560
6128	-9.23930
6129	-10.04725
6130	-10.76939
6131	-11.40800
6132	-11.98834
6133	-12.54699
6134	-13.11009
6135	-13.68536
6136	-14.24274
6137	-14.73807
6138	-15.19071
6139	-15.66543
6140	-16.19257
6141	-16.75890
6142	-17.30709
6143	-17.74307
6144	-18.00385
6145	-18.09525
6146	-18.04591
6147	-17.85345
6148	-17.48495
6149	-16.92206
6150	-16.17922
6151	-15.27258
6152	-14.21110
6153	-13.01887
6154	-11.71916
6155	-10.30633
6156	-8.76750
6157	-7.10513
6158	-5.32426
6159	-3.46170
6160	-1.61458
6161	0.15121
6162	1.86450
6163	3.58372
6164	5.34516
6165	7.12851
6166	8.86413
6167	10.55780
6168	12.31466
6169	14.17551
6170	16.07280
6171	17.96057
6172	19.78679
6173	21.42641
6174	22.84179
6175	24.12643
6176	25.31613
6177	26.33893
6178	27.13915
6179	27.73737
6180	28.16084
6181	28.40167
6182	28.46932
6183	28.38100
6184	28.10198
6185	27.58241
6186	26.80935
6187	25.79376
6188	24.59451
6189	23.33259
6190	22.21105
6191	21.57983
6192	21.86362
6193	23.04456
6194	24.48782
6195	25.59424
6196	26.20516
6197	26.38277
6198	26.15701
6199	25.60362
6200	24.92617
6201	24.42590
6202	24.32612
6203	24.67149
6204	25.32565
6205	25.86312
6206	25.82776
6207	25.13833
6208	24.00643
6209	22.66348
6210	21.32259
6211	20.16136
6212	19.19280
6213	18.28612
6214	17.31114
6215	16.20006
6216	14.95537
6217	13.63393
6218	12.28485
6219	10.92144
6220	9.54125
6221	8.14000
6222	6.69746
6223	5.16776
6224	3.56919
6225	1.99094
6226	0.45912
6227	-1.01100
6228	-2.34128
6229	-3.52695
6230	-4.66105
6231	-5.78099
6232	-6.83126
6233	-7.75082
6234	-8.52657
6235	-9.21641
6236	-9.90299
6237	-10.59668
6238	-11.25744
6239	-11.88280
6240	-12.50811
6241	-13.15445
6242	-13.80507
6243	-14.42472
6244	-14.99237
6245	-15.51556
6246	-16.02201
6247	-16.52890
6248	-17.02895
6249	-17.51533
6250	-17.96730
6251	-18.32811
6252	-18.55179
6253	-18.63035
6254	-18.59400
6255	-18.49000
6256	-18.31786
6257	-18.03857
6258	-17.62806
6259	-17.06507
6260	-16.30904
6261	-15.32015
6262	-14.11727
6263	-12.76919
6264	-11.29046
6265	-9.64592
6266	-7.84820
6267	-5.95783
6268	-4.04838
6269	-2.19386
6270	-0.41020
6271	1.35413
6272	3.15468
6273	5.00790
6274	6.84883
6275	8.58188
6276	10.24678
6277	11.97866
6278	13.79790
6279	15.60915
6280	17.35455
6281	19.03883
6282	20.64051
6283	22.13061
6284	23.54466
6285	24.89187
6286	26.08882
6287	27.06313
6288	27.81007
6289	28.33609
6290	28.62759
6291	28.70220
6292	28.62296
6293	28.41408
6294	28.03915
6295	27.47008
6296	26.70867
6297	25.77780
6298	24.71453
6299	23.60075
6300	22.70470
6301	22.50594
6302	23.29482
6303	24.67067
6304	25.92681
6305	26.69669
6306	26.97873
6307	26.80883
6308	26.19126
6309	25.25702
6310	24.34994
6311	23.88830
6312	24.05051
6313	24.72657
6314	25.64495
6315	26.37193
6316	26.48002
6317	25.79982
6318	24.45282
6319	22.74940
6320	21.07953
6321	19.72185
6322	18.68844
6323	17.80959
6324	16.90895
6325	15.88140
6326	14.71524
6327	13.48457
6328	12.26084
6329	11.02444
6330	9.70184
6331	8.26215
6332	6.78502
6333	5.38771
6334	4.07247
6335	2.77129
6336	1.47456
6337	0.23071
6338	-0.89492
6339	-1.87941
6340	-2.79016
6341	-3.72254
6342	-4.70585
6343	-5.68635
6344	-6.61361
6345	-7.52494
6346	-8.48073
6347	-9.47066
6348	-10.45424
6349	-11.42262
6350	-12.37613
6351	-13.28939
6352	-14.13050
6353	-14.89191
6354	-15.57939
6355	-16.19291
6356	-16.73312
6357	-17.21326
6358	-17.64432
6359	-18.00006
6360	-18.22751
6361	-18.30915
6362	-18.28324
6363	-18.19405
6364	-18.02034
6365	-17.65927
6366	-17.03054
6367	-16.17425
6368	-15.17465
6369	-14.05329
6370	-12.77874
6371	-11.32093
6372	-9.69917
6373	-7.98394
6374	-6.23320
6375	-4.45390
6376	-2.63868
6377	-0.82699
6378	0.92348
6379	2.63960
6380	4.41569
6381	6.27391
6382	8.13555
6383	9.94508
6384	11.73455
6385	13.55804
6386	15.41173
6387	17.25571
6388	19.07912
6389	20.84173
6390	22.46209
6391	23.94319
6392	25.32051
6393	26.53935
6394	27.53263
6395	28.29225
6396	28.83508
6397	29.18839
6398	29.37210
6399	29.39061
6400	29.25059
6401	28.95108
6402	28.49031
6403	27.87259
6404	27.05566
6405	25.97220
6406	24.64306
6407	23.18038
6408	21.78671
6409	20.86873
6410	20.96906
6411	22.14047
6412	23.82454
6413	25.43797
6414	26.65258
6415	27.40388
6416	27.73715
6417	27.69997
6418	27.31808
6419	26.62674
6420	25.74754
6421	24.93302
6422	24.48531
6423	24.52937
6424	24.96948
6425	25.61186
6426	26.11833
6427	26.08794
6428	25.31376
6429	23.90792
6430	22.21203
6431	20.57408
6432	19.18248
6433	18.05757
6434	17.11839
6435	16.24108
6436	15.30201
6437	14.22947
6438	13.03943
6439	11.77046
6440	10.43571
6441	9.11598
6442	7.89740
6443	6.67720
6444	5.32080
6445	3.88036
6446	2.44330
6447	1.03284
6448	-0.31608
6449	-1.58139
6450	-2.77676
6451	-3.92498
6452	-5.04544
6453	-6.13467
6454	-7.18943
6455	-8.23328
6456	-9.25240
6457	-10.19783
6458	-11.10815
6459	-12.06563
6460	-13.03254
6461	-13.90137
6462	-14.65447
6463	-15.35432
6464	-16.02472
6465	-16.64005
6466	-17.18637
6467	-17.66220
6468	-18.09894
6469	-18.54204
6470	-18.92672
6471	-19.12561
6472	-19.13349
6473	-19.05284
6474	-18.92242
6475	-18.63859
6476	-18.07028
6477	-17.21762
6478	-16.17325
6479	-14.99127
6480	-13.66979
6481	-12.18147
6482	-10.49389
6483	-8.60922
6484	-6.59275
6485	-4.54126
6486	-2.52503
6487	-0.56281
6488	1.37280
6489	3.31444
6490	5.24887
6491	7.13372
6492	8.96076
6493	10.75676
6494	12.55595
6495	14.39730
6496	16.26267
6497	18.07197
6498	19.81021
6499	21.51149
6500	23.12687
6501	24.56694
6502	25.81252
6503	26.87912
6504	27.74777
6505	28.38932
6506	28.80075
6507	28.99750
6508	29.00318
6509	28.81845
6510	28.40981
6511	27.76913
6512	26.93592
6513	25.94134
6514	24.78923
6515	23.49442
6516	22.15849
6517	21.11113
6518	20.90785
6519	21.76333
6520	23.15822
6521	24.42452
6522	25.26189
6523	25.61829
6524	25.49045
6525	24.99972
6526	24.42798
6527	24.06929
6528	24.08572
6529	24.51740
6530	25.24042
6531	25.86704
6532	25.96848
6533	25.39209
6534	24.25670
6535	22.82183
6536	21.41435
6537	20.25087
6538	19.31573
6539	18.50445
6540	17.72336
6541	16.85907
6542	15.82952
6543	14.61836
6544	13.27209
6545	11.87696
6546	10.45663
6547	8.99866
6548	7.55292
6549	6.13725
6550	4.70425
6551	3.27546
6552	1.92016
6553	0.64275
6554	-0.59425
6555	-1.79731
6556	-2.93514
6557	-3.98603
6558	-4.97608
6559	-5.96422
6560	-6.97939
6561	-8.00614
6562	-9.02713
6563	-10.01669
6564	-10.94091
6565	-11.79391
6566	-12.58521
6567	-13.31662
6568	-13.99446
6569	-14.64338
6570	-15.29356
6571	-15.93879
6572	-16.54468
6573	-17.10234
6574	-17.63396
6575	-18.18402
6576	-18.77681
6577	-19.35570
6578	-19.84505
6579	-20.24011
6580	-20.55903
6581	-20.75559
6582	-20.74839
6583	-20.50498
6584	-20.05247
6585	-19.40532
6586	-18.52000
6587	-17.36496
6588	-15.98909
6589	-14.48753
6590	-12.94413
6591	-11.38785
6592	-9.75785
6593	-7.95834
6594	-5.99889
6595	-3.99477
6596	-1.99461
6597	0.00997
6598	1.95772
6599	3.82415
6600	5.70560
6601	7.66051
6602	9.65038
6603	11.67486
6604	13.79191
6605	15.97579
6606	18.10962
6607	20.11927
6608	21.98331
6609	23.71277
6610	25.32891
6611	26.75847
6612	27.89691
6613	28.73837
6614	29.32080
6615	29.68481
6616	29.86956
6617	29.85723
6618	29.57838
6619	29.01182
6620	28.21269
6621	27.22852
6622	26.08033
6623	24.81450
6624	23.57513
6625	22.70007
6626	22.66247
6627	23.62875
6628	25.06594
6629	26.25500
6630	26.92464
6631	27.11516
6632	26.82915
6633	26.04821
6634	24.95286
6635	24.01939
6636	23.73687
6637	24.21031
6638	25.13925
6639	26.01080
6640	26.31591
6641	25.81203
6642	24.60130
6643	23.02036
6644	21.46099
6645	20.18838
6646	19.23451
6647	18.43039
6648	17.57758
6649	16.59904
6650	15.49493
6651	14.25595
6652	12.92138
6653	11.58629
6654	10.25417
6655	8.83243
6656	7.32708
6657	5.87682
6658	4.52013
6659	3.15234
6660	1.76080
6661	0.42231
6662	-0.84930
6663	-2.05114
6664	-3.13793
6665	-4.10146
6666	-5.00479
6667	-5.89434
6668	-6.74252
6669	-7.52391
6670	-8.26948
6671	-9.01695
6672	-9.76458
6673	-10.50004
6674	-11.25955
6675	-12.09389
6676	-12.98173
6677	-13.85493
6678	-14.66735
6679	-15.39468
6680	-16.03126
6681	-16.59860
6682	-17.12288
6683	-17.61769
6684	-18.07648
6685	-18.46223
6686	-18.73182
6687	-18.87524
6688	-18.90390
6689	-18.82240
6690	-18.62122
6691	-18.23928
6692	-17.57496
6693	-16.62098
6694	-15.48361
6695	-14.23239
6696	-12.86391
6697	-11.37455
6698	-9.76522
6699	-8.02978
6700	-6.16797
6701	-4.21450
6702	-2.26967
6703	-0.40663
6704	1.40739
6705	3.21348
6706	5.00916
6707	6.81638
6708	8.66885
6709	10.53466
6710	12.33739
6711	14.07916
6712	15.83623
6713	17.60717
6714	19.31267
6715	20.89692
6716	22.34852
6717	23.71201
6718	25.02296
6719	26.22239
6720	27.22974
6721	28.01007
6722	28.54300
6723	28.83165
6724	28.92632
6725	28.85983
6726	28.58077
6727	28.05192
6728	27.34665
6729	26.51261
6730	25.51571
6731	24.41265
6732	23.41232
6733	22.81643
6734	22.97457
6735	23.89797
6736	25.02478
6737	25.81031
6738	26.13147
6739	26.04271
6740	25.60102
6741	24.95127
6742	24.32980
6743	23.98242
6744	24.07374
6745	24.59973
6746	25.34960
6747	25.94930
6748	26.03435
6749	25.43488
6750	24.21436
6751	22.63307
6752	21.07142
6753	19.82120
6754	18.91449
6755	18.18969
6756	17.41664
6757	16.41692
6758	15.21730
6759	13.97568
6760	12.72147
6761	11.35972
6762	9.87046
6763	8.34704
6764	6.87133
6765	5.42921
6766	3.99566
6767	2.60009
6768	1.23380
6769	-0.13568
6770	-1.46361
6771	-2.70901
6772	-3.88523
6773	-4.98220
6774	-5.98965
6775	-6.93989
6776	-7.86982
6777	-8.79985
6778	-9.72940
6779	-10.63065
6780	-11.46736
6781	-12.23612
6782	-12.97267
6783	-13.70373
6784	-14.40808
6785	-15.03974
6786	-15.59214
6787	-16.11205
6788	-16.64268
6789	-17.19216
6790	-17.74677
6791	-18.26676
6792	-18.67286
6793	-18.88255
6794	-18.87403
6795	-18.69387
6796	-18.38334
6797	-17.92725
6798	-17.31787
6799	-16.59599
6800	-15.77799
6801	-14.82810
6802	-13.72138
6803	-12.45790
6804	-11.02503
6805	-9.39977
6806	-7.59928
6807	-5.70818
6808	-3.82725
6809	-1.99776
6810	-0.21931
6811	1.48931
6812	3.15956
6813	4.89948
6814	6.71668
6815	8.49955
6816	10.21582
6817	11.94561
6818	13.73259
6819	15.54260
6820	17.33038
6821	19.01303
6822	20.51881
6823	21.90726
6824	23.24397
6825	24.47283
6826	25.51904
6827	26.35507
6828	26.97465
6829	27.37852
6830	27.56633
6831	27.54602
6832	27.34236
6833	26.96337
6834	26.38973
6835	25.61316
6836	24.65508
6837	23.55315
6838	22.34591
6839	21.11811
6840	20.15286
6841	19.98395
6842	20.88196
6843	22.46217
6844	24.09437
6845	25.38245
6846	26.23858
6847	26.68997
6848	26.79432
6849	26.57461
6850	25.98476
6851	25.09662
6852	24.23066
6853	23.74666
6854	23.77609
6855	24.21671
6856	24.82150
6857	25.22665
6858	25.08293
6859	24.24444
6860	22.82688
6861	21.15156
6862	19.58712
6863	18.34228
6864	17.39419
6865	16.57745
6866	15.72019
6867	14.72773
6868	13.58830
6869	12.36061
6870	11.10319
6871	9.79934
6872	8.45263
6873	7.13578
6874	5.82157
6875	4.41146
6876	2.94386
6877	1.50367
6878	0.10768
6879	-1.20541
6880	-2.41090
6881	-3.56846
6882	-4.71997
6883	-5.82950
6884	-6.88198
6885	-7.91867
6886	-8.93523
6887	-9.88070
6888	-10.74732
6889	-11.52861
6890	-12.18886
6891	-12.75116
6892	-13.27682
6893	-13.78482
6894	-14.28537
6895	-14.79354
6896	-15.29791
6897	-15.79505
6898	-16.29874
6899	-16.80091
6900	-17.27861
6901	-17.70811
6902	-18.05305
6903	-18.26450
6904	-18.29922
6905	-18.12374
6906	-17.71059
6907	-17.07290
6908	-16.26794
6909	-15.33090
6910	-14.27343
6911	-13.13740
6912	-11.96145
6913	-10.73841
6914	-9.45887
6915	-8.11407
6916	-6.63940
6917	-4.96810
6918	-3.14828
6919	-1.30104
6920	0.51084
6921	2.30077
6922	4.11344
6923	5.96988
6924	7.83530
6925	9.66599
6926	11.46091
6927	13.25942
6928	15.09087
6929	16.92446
6930	18.69090
6931	20.34083
6932	21.85591
6933	23.24766
6934	24.54403
6935	25.73178
6936	26.76245
6937	27.61582
6938	28.29984
6939	28.81236
6940	29.13980
6941	29.28847
6942	29.27475
6943	29.08593
6944	28.69101
6945	28.07281
6946	27.22739
6947	26.16545
6948	24.90750
6949	23.49725
6950	22.15405
6951	21.34105
6952	21.47142
6953	22.43781
6954	23.72658
6955	24.91111
6956	25.77095
6957	26.23180
6958	26.30821
6959	26.02904
6960	25.42452
6961	24.66178
6962	24.07583
6963	23.92246
6964	24.17876
6965	24.63873
6966	25.04217
6967	25.09670
6968	24.58496
6969	23.50084
6970	22.07073
6971	20.64950
6972	19.49662
6973	18.60973
6974	17.79763
6975	16.86924
6976	15.73256
6977	14.40640
6978	13.02513
6979	11.73358
6980	10.50825
6981	9.24577
6982	7.96057
6983	6.66589
6984	5.30451
6985	3.92099
6986	2.59846
6987	1.32582
6988	0.08083
6989	-1.11507
6990	-2.23712
6991	-3.29472
6992	-4.30514
6993	-5.23663
6994	-6.05743
6995	-6.80389
6996	-7.54064
6997	-8.30836
6998	-9.10769
6999	-9.91805
7000	-10.74615
7001	-11.59085
7002	-12.40420
7003	-13.17282
7004	-13.94137
7005	-14.70612
7006	-15.38868
7007	-15.94401
7008	-16.41106
7009	-16.83814
7010	-17.23530
7011	-17.60695
7012	-17.93949
7013	-18.15148
7014	-18.17435
7015	-18.06475
7016	-17.91885
7017	-17.72058
7018	-17.35170
7019	-16.70323
7020	-15.76155
7021	-14.61370
7022	-13.33981
7023	-11.94592
7024	-10.44782
7025	-8.89807
7026	-7.29377
7027	-5.58634
7028	-3.77513
7029	-1.90404
7030	-0.04730
7031	1.72516
7032	3.47075
7033	5.31572
7034	7.25245
7035	9.15506
7036	10.95754
7037	12.72569
7038	14.54481
7039	16.39685
7040	18.17867
7041	19.79873
7042	21.26793
7043	22.66296
7044	23.97415
7045	25.10447
7046	26.01323
7047	26.73382
7048	27.29111
7049	27.67105
7050	27.85676
7051	27.85922
7052	27.67524
7053	27.24277
7054	26.49958
7055	25.47208
7056	24.27703
7057	23.04172
7058	21.84443
7059	20.79309
7060	20.18307
7061	20.40113
7062	21.39749
7063	22.67808
7064	23.80777
7065	24.57359
7066	24.89441
7067	24.77596
7068	24.27480
7069	23.50898
7070	22.73209
7071	22.25719
7072	22.27238
7073	22.75468
7074	23.45887
7075	23.98217
7076	23.98070
7077	23.35034
7078	22.20307
7079	20.77211
7080	19.32528
7081	18.06193
7082	17.03857
7083	16.17048
7084	15.31496
7085	14.38911
7086	13.38130
7087	12.27179
7088	11.07270
7089	9.86942
7090	8.67184
7091	7.38008
7092	5.98178
7093	4.59230
7094	3.26129
7095	1.92701
7096	0.57623
7097	-0.72713
7098	-1.93252
7099	-3.01857
7100	-4.01243
7101	-4.98409
7102	-5.94836
7103	-6.86583
7104	-7.73818
7105	-8.59381
7106	-9.42141
7107	-10.20615
7108	-10.97722
7109	-11.74606
7110	-12.48335
7111	-13.19425
7112	-13.89637
7113	-14.54329
7114	-15.09071
7115	-15.58166
7116	-16.06636
7117	-16.52957
7118	-16.96768
7119	-17.41106
7120	-17.84827
7121	-18.19328
7122	-18.35026
7123	-18.31965
7124	-18.16166
7125	-17.86356
7126	-17.35377
7127	-16.60511
7128	-15.67273
7129	-14.63651
7130	-13.50586
7131	-12.24561
7132	-10.86587
7133	-9.37449
7134	-7.73374
7135	-5.95632
7136	-4.13355
7137	-2.32929
7138	-0.52971
7139	1.27300
7140	3.03961
7141	4.76980
7142	6.52772
7143	8.33894
7144	10.16679
7145	11.98920
7146	13.81108
7147	15.63823
7148	17.46804
7149	19.26834
7150	20.97808
7151	22.53912
7152	23.93120
7153	25.17895
7154	26.30181
7155	27.26848
7156	28.02390
7157	28.54453
7158	28.84710
7159	28.96790
7160	28.94613
7161	28.77458
7162	28.39176
7163	27.76878
7164	26.93031
7165	25.90963
7166	24.73317
7167	23.41107
7168	22.02931
7169	20.95215
7170	20.76451
7171	21.63828
7172	23.11218
7173	24.59527
7174	25.70794
7175	26.33757
7176	26.51820
7177	26.31207
7178	25.77755
7179	25.06026
7180	24.44722
7181	24.21280
7182	24.47040
7183	25.14456
7184	25.88281
7185	26.16991
7186	25.72392
7187	24.62357
7188	23.12309
7189	21.51768
7190	20.07571
7191	18.91182
7192	17.94886
7193	17.04315
7194	16.08987
7195	15.01584
7196	13.78100
7197	12.44228
7198	11.13250
7199	9.91024
7200	8.68149
7201	7.33120
7202	5.89287
7203	4.47308
7204	3.08131
7205	1.69845
7206	0.36211
7207	-0.90499
7208	-2.09036
7209	-3.14837
7210	-4.07553
7211	-4.94294
7212	-5.79863
7213	-6.62093
7214	-7.40039
7215	-8.17793
7216	-8.97200
7217	-9.77901
7218	-10.61949
7219	-11.47922
7220	-12.30688
7221	-13.09633
7222	-13.86892
7223	-14.60622
7224	-15.26877
7225	-15.85687
7226	-16.40084
7227	-16.91861
7228	-17.43477
7229	-17.97376
7230	-18.48433
7231	-18.86447
7232	-19.07392
7233	-19.14668
7234	-19.10816
7235	-18.92342
7236	-18.52714
7237	-17.88911
7238	-17.05038
7239	-16.08898
7240	-15.01245
7241	-13.74670
7242	-12.28679
7243	-10.72408
7244	-9.10030
7245	-7.38166
7246	-5.54178
7247	-3.59793
7248	-1.62992
7249	0.27014
7250	2.09151
7251	3.88391
7252	5.70807
7253	7.60664
7254	9.55896
7255	11.49675
7256	13.37910
7257	15.23992
7258	17.11702
7259	18.96092
7260	20.68416
7261	22.25502
7262	23.70623
7263	25.06391
7264	26.29464
7265	27.34413
7266	28.18582
7267	28.82512
7268	29.27580
7269	29.53082
7270	29.58336
7271	29.45095
7272	29.12093
7273	28.53969
7274	27.68345
7275	26.57842
7276	25.29571
7277	23.98765
7278	22.91677
7279	22.44374
7280	22.89252
7281	24.05754
7282	25.30191
7283	26.17985
7284	26.63720
7285	26.76546
7286	26.61348
7287	26.20293
7288	25.59909
7289	24.99442
7290	24.68641
7291	24.89208
7292	25.65588
7293	26.77180
7294	27.67218
7295	27.78599
7296	26.98818
7297	25.53368
7298	23.77743
7299	22.06847
7300	20.69230
7301	19.71739
7302	18.95950
7303	18.17833
7304	17.25580
7305	16.18093
7306	14.95382
7307	13.59243
7308	12.18749
7309	10.80694
7310	9.38801
7311	7.86680
7312	6.32926
7313	4.89360
7314	3.52435
7315	2.11273
7316	0.69731
7317	-0.58584
7318	-1.73007
7319	-2.80237
7320	-3.80406
7321	-4.75517
7322	-5.69555
7323	-6.61695
7324	-7.52126
7325	-8.42629
7326	-9.33410
7327	-10.25529
7328	-11.18255
7329	-12.07528
7330	-12.91559
7331	-13.68800
7332	-14.34801
7333	-14.89466
7334	-15.38810
7335	-15.88493
7336	-16.39982
7337	-16.90752
7338	-17.38969
7339	-17.85725
7340	-18.29634
7341	-18.64935
7342	-18.87014
7343	-18.93792
7344	-18.82805
7345	-18.50280
7346	-17.92860
7347	-17.12377
7348	-16.16339
7349	-15.11623
7350	-13.99685
7351	-12.74268
7352	-11.28340
7353	-9.64085
7354	-7.88557
7355	-6.05739
7356	-4.17305
7357	-2.26057
7358	-0.35765
7359	1.51231
7360	3.33938
7361	5.12845
7362	6.91310
7363	8.73707
7364	10.60680
7365	12.48722
7366	14.38283
7367	16.32761
7368	18.27632
7369	20.14525
7370	21.90240
7371	23.55361
7372	25.10028
7373	26.48498
7374	27.61585
7375	28.46793
7376	29.08261
7377	29.48634
7378	29.67707
7379	29.66979
7380	29.48186
7381	29.08451
7382	28.42774
7383	27.49376
7384	26.31395
7385	24.96915
7386	23.57343
7387	22.33294
7388	21.62119
7389	21.84743
7390	22.98517
7391	24.51017
7392	25.86012
7393	26.74721
7394	27.14404
7395	27.12161
7396	26.73146
7397	25.96405
7398	24.93157
7399	23.99518
7400	23.53995
7401	23.67458
7402	24.24046
7403	24.94354
7404	25.34942
7405	25.13259
7406	24.29129
7407	22.99755
7408	21.47797
7409	20.02390
7410	18.85538
7411	17.94445
7412	17.11479
7413	16.23976
7414	15.25992
7415	14.15101
7416	12.96306
7417	11.78632
7418	10.61450
7419	9.34782
7420	7.99116
7421	6.67764
7422	5.44167
7423	4.16086
7424	2.75969
7425	1.34620
7426	0.06512
7427	-1.08720
7428	-2.18639
7429	-3.27837
7430	-4.36606
7431	-5.37974
7432	-6.27084
7433	-7.10256
7434	-7.95593
7435	-8.84822
7436	-9.75234
7437	-10.62451
7438	-11.44036
7439	-12.20673
7440	-12.93211
7441	-13.61684
7442	-14.25842
7443	-14.85348
7444	-15.39293
7445	-15.87300
7446	-16.31812
7447	-16.75218
7448	-17.16166
7449	-17.51624
7450	-17.77894
7451	-17.91298
7452	-17.92806
7453	-17.84249
7454	-17.61836
7455	-17.24178
7456	-16.74116
7457	-16.08643
7458	-15.21957
7459	-14.13087
7460	-12.82678
7461	-11.31557
7462	-9.66838
7463	-7.96728
7464	-6.18151
7465	-4.27027
7466	-2.31361
7467	-0.41407
7468	1.38920
7469	3.11892
7470	4.84403
7471	6.60963
7472	8.41696
7473	10.27337
7474	12.15926
7475	14.01263
7476	15.82305
7477	17.61773
7478	19.36814
7479	21.02563
7480	22.56488
7481	23.96819
7482	25.23416
7483	26.35861
7484	27.29711
7485	28.01957
7486	28.55710
7487	28.94697
7488	29.19692
7489	29.30062
7490	29.23136
7491	28.95117
7492	28.45911
7493	27.80155
7494	27.01572
7495	26.12857
7496	25.22167
7497	24.49456
7498	24.33371
7499	24.98726
7500	26.10718
7501	27.08650
7502	27.59902
7503	27.56976
7504	27.01305
7505	26.08768
7506	25.19330
7507	24.86215
7508	25.27749
7509	26.11752
7510	26.87010
7511	27.05535
7512	26.42107
7513	25.06874
7514	23.37005
7515	21.73473
7516	20.40886
7517	19.37005
7518	18.39437
7519	17.28513
7520	16.00346
7521	14.60696
7522	13.16487
7523	11.70823
7524	10.19214
7525	8.54733
7526	6.85045
7527	5.27170
7528	3.79281
7529	2.30863
7530	0.87642
7531	-0.44350
7532	-1.72138
7533	-2.99621
7534	-4.21148
7535	-5.33315
7536	-6.38410
7537	-7.38685
7538	-8.34400
7539	-9.25495
7540	-10.14117
7541	-11.03769
7542	-11.91905
7543	-12.71204
7544	-13.42897
7545	-14.13179
7546	-14.81687
7547	-15.47253
7548	-16.09937
7549	-16.67908
7550	-17.21898
7551	-17.73307
7552	-18.18126
7553	-18.49526
7554	-18.61947
7555	-18.51443
7556	-18.17464
7557	-17.61690
7558	-16.82316
7559	-15.73357
7560	-14.31973
7561	-12.64360
7562	-10.80709
7563	-8.87933
7564	-6.88719
7565	-4.80176
7566	-2.56078
7567	-0.15722
7568	2.35899
7569	4.97171
7570	7.69934
7571	10.50731
7572	13.32763
7573	16.13214
7574	18.91870
7575	21.69683
7576	24.44033
7577	27.04009
7578	29.42553
7579	31.63815
7580	33.69542
7581	35.51719
7582	37.00744
7583	38.12162
7584	38.83259
7585	39.07252
7586	38.79552
7587	38.06842
7588	37.00585
7589	35.69242
7590	34.24022
7591	32.79897
7592	31.46566
7593	30.25708
7594	29.17899
7595	28.41025
7596	28.27610
7597	28.72570
7598	29.13071
7599	28.98966
7600	28.39369
7601	27.56790
7602	26.49998
7603	25.53472
7604	25.49253
7605	26.64651
7606	28.11127
7607	28.63985
7608	27.88676
7609	26.37908
7610	24.77226
7611	23.44400
7612	22.51990
7613	21.96285
7614	21.59927
7615	21.17433
7616	20.43567
7617	19.23891
7618	17.64482
7619	15.86583
7620	14.06130
7621	12.25672
7622	10.43209
7623	8.53590
7624	6.47105
7625	4.18691
7626	1.77824
7627	-0.52344
7628	-2.53713
7629	-4.25403
7630	-5.71285
7631	-6.96760
7632	-8.14729
7633	-9.35085
7634	-10.54215
7635	-11.59662
7636	-12.42562
7637	-13.00844
7638	-13.28652
7639	-13.16544
7640	-12.61607
7641	-11.66358
7642	-10.36561
7643	-8.85269
7644	-7.31554
7645	-5.92184
7646	-4.72373
7647	-3.60793
7648	-2.36186
7649	-0.79975
7650	1.15788
7651	3.43237
7652	5.86935
7653	8.41443
7654	11.07919
7655	13.82697
7656	16.61038
7657	19.38023
7658	22.06500
7659	24.62103
7660	27.01333
7661	29.16349
7662	31.00584
7663	32.53872
7664	33.77057
7665	34.66523
7666	35.15129
7667	35.16084
7668	34.67547
7669	33.75824
7670	32.51968
7671	31.06610
7672	29.53727
7673	28.15089
7674	27.06885
7675	26.22656
7676	25.53022
7677	25.09297
7678	25.05437
7679	25.32077
7680	25.55021
7681	25.39537
7682	24.55917
7683	22.81118
7684	20.69880
7685	19.54968
7686	20.07106
7687	21.53113
7688	22.41942
7689	21.93549
7690	20.49168
7691	18.85930
7692	17.29653
7693	15.76917
7694	14.38124
7695	13.17367
7696	11.92890
7697	10.37014
7698	8.36738
7699	5.94752
7700	3.23615
7701	0.44241
7702	-2.17816
7703	-4.46197
7704	-6.42335
7705	-8.15495
7706	-9.69553
7707	-11.04783
7708	-12.26291
7709	-13.41335
7710	-14.48533
7711	-15.35277
7712	-15.87226
7713	-15.97015
7714	-15.64397
7715	-14.92526
7716	-13.87379
7717	-12.59564
7718	-11.22171
7719	-9.86461
7720	-8.59966
7721	-7.47681
7722	-6.52578
7723	-5.68134
7724	-4.73207
7725	-3.39105
7726	-1.46750
7727	0.93742
7728	3.53221
7729	6.19793
7730	9.03979
7731	12.12131
7732	15.33089
7733	18.44518
7734	21.29930
7735	23.88806
7736	26.24846
7737	28.37161
7738	30.28910
7739	32.08495
7740	33.74990
7741	35.09197
7742	35.87066
7743	36.01011
7744	35.60652
7745	34.79864
7746	33.71605
7747	32.47156
7748	31.18014
7749	29.98335
7750	28.95504
7751	28.03419
7752	27.19246
7753	26.55489
7754	26.26651
7755	26.24050
7756	26.09269
7757	25.45304
7758	24.32677
7759	23.16225
7760	22.49935
7761	22.44211
7762	22.43570
7763	21.82294
7764	20.53070
7765	19.00566
7766	17.60657
7767	16.32175
7768	14.99443
7769	13.50565
7770	11.76075
7771	9.68288
7772	7.26129
7773	4.57586
7774	1.77774
7775	-0.94421
7776	-3.43677
7777	-5.62194
7778	-7.46894
7779	-9.00491
7780	-10.31297
7781	-11.46088
7782	-12.48713
7783	-13.43983
7784	-14.32864
7785	-15.06989
7786	-15.52665
7787	-15.56302
7788	-15.09433
7789	-14.15355
7790	-12.89948
7791	-11.49703
7792	-10.02098
7793	-8.53874
7794	-7.19921
7795	-6.10908
7796	-5.15220
7797	-4.04925
7798	-2.54320
7799	-0.50336
7800	1.99294
7801	4.72980
7802	7.61005
7803	10.67806
7804	13.90253
7805	17.12427
7806	20.17537
7807	22.96580
7808	25.47986
7809	27.72704
7810	29.71287
7811	31.42310
7812	32.78854
7813	33.68505
7814	34.00874
7815	33.76575
7816	33.07962
7817	32.12657
7818	31.10222
7819	30.17906
7820	29.41144
7821	28.70152
7822	27.91434
7823	27.02868
7824	26.20641
7825	25.70867
7826	25.61108
7827	25.58722
7828	25.24885
7829	24.40558
7830	22.95091
7831	21.18960
7832	19.91404
7833	19.71504
7834	20.13376
7835	20.00037
7836	18.78629
7837	16.98538
7838	15.21280
7839	13.62068
7840	12.14732
7841	10.69012
7842	9.04174
7843	6.98854
7844	4.48755
7845	1.69852
7846	-1.10543
7847	-3.65143
7848	-5.79058
7849	-7.55630
7850	-9.07370
7851	-10.42159
7852	-11.60423
7853	-12.63489
7854	-13.54326
7855	-14.29196
7856	-14.78073
7857	-14.90151
7858	-14.57530
7859	-13.79636
7860	-12.65395
7861	-11.29504
7862	-9.83393
7863	-8.30998
7864	-6.78538
7865	-5.40144
7866	-4.23216
7867	-3.18722
7868	-2.08077
7869	-0.66023
7870	1.31099
7871	3.83219
7872	6.65056
7873	9.56102
7874	12.52247
7875	15.50836
7876	18.49330
7877	21.41691
7878	24.09972
7879	26.40444
7880	28.33664
7881	29.93229
7882	31.22599
7883	32.23138
7884	32.82632
7885	32.82262
7886	32.25648
7887	31.41544
7888	30.54897
7889	29.74737
7890	29.03820
7891	28.46464
7892	28.05719
7893	27.73508
7894	27.36913
7895	26.98623
7896	26.80758
7897	26.94407
7898	27.10120
7899	26.71279
7900	25.26111
7901	22.81545
7902	20.49165
7903	19.65696
7904	20.55172
7905	21.82652
7906	21.95188
7907	20.66533
7908	18.71441
7909	16.74938
7910	14.91389
7911	13.18983
7912	11.54816
7913	9.83897
7914	7.83923
7915	5.42266
7916	2.67268
7917	-0.12953
7918	-2.67465
7919	-4.83448
7920	-6.68907
7921	-8.37076
7922	-9.93092
7923	-11.36394
7924	-12.68407
7925	-13.89247
7926	-14.90770
7927	-15.58987
7928	-15.81013
7929	-15.51293
7930	-14.73283
7931	-13.55311
7932	-12.10070
7933	-10.54177
7934	-8.99697
7935	-7.52894
7936	-6.21739
7937	-5.11346
7938	-4.15205
7939	-3.15639
7940	-1.83166
7941	0.13903
7942	2.82099
7943	5.95978
7944	9.24640
7945	12.54615
7946	15.85800
7947	19.14866
7948	22.29641
7949	25.16766
7950	27.68710
7951	29.86490
7952	31.77252
7953	33.44883
7954	34.85313
7955	35.89717
7956	36.44800
7957	36.33054
7958	35.47253
7959	34.09161
7960	32.60255
7961	31.32637
7962	30.31897
7963	29.31900
7964	28.07070
7965	26.65043
7966	25.32012
7967	24.40188
7968	24.12061
7969	24.27153
7970	24.35091
7971	23.97228
7972	22.99078
7973	21.56352
7974	20.12943
7975	19.11256
7976	18.55279
7977	18.08817
7978	17.31483
7979	16.11600
7980	14.64034
7981	13.05462
7982	11.41245
7983	9.66103
7984	7.71217
7985	5.54964
7986	3.26000
7987	0.94106
7988	-1.36935
7989	-3.64064
7990	-5.79897
7991	-7.75870
7992	-9.46009
7993	-10.90003
7994	-12.14103
7995	-13.24583
7996	-14.21769
7997	-14.99539
7998	-15.45033
7999	-15.44797
8000	-14.96093
8001	-14.06489
8002	-12.85948
8003	-11.44416
8004	-9.92410
8005	-8.41291
8006	-7.01510
8007	-5.78286
8008	-4.69343
8009	-3.64247
8010	-2.42740
8011	-0.78130
8012	1.47625
8013	4.25634
8014	7.27198
8015	10.35338
8016	13.52619
8017	16.78861
8018	20.00632
8019	22.99378
8020	25.62049
8021	27.87885
8022	29.84128
8023	31.55996
8024	33.03254
8025	34.17944
8026	34.83354
8027	34.83958
8028	34.19394
8029	33.09109
8030	31.85348
8031	30.75350
8032	29.83587
8033	28.97636
8034	28.08997
8035	27.14837
8036	26.23410
8037	25.66835
8038	25.70772
8039	26.08838
8040	26.21966
8041	25.67266
8042	24.14228
8043	21.83681
8044	19.98776
8045	19.86881
8046	21.22433
8047	22.28171
8048	21.72428
8049	19.84855
8050	17.69022
8051	15.81141
8052	14.22813
8053	12.78538
8054	11.25048
8055	9.39658
8056	7.13028
8057	4.49852
8058	1.65531
8059	-1.18958
8060	-3.84792
8061	-6.18742
8062	-8.14285
8063	-9.75337
8064	-11.13797
8065	-12.40296
8066	-13.59330
8067	-14.68006
8068	-15.57395
8069	-16.16739
8070	-16.36755
8071	-16.11620
8072	-15.38141
8073	-14.20215
8074	-12.76102
8075	-11.26172
8076	-9.75583
8077	-8.27331
8078	-6.96036
8079	-5.84871
8080	-4.75834
8081	-3.50253
8082	-1.88443
8083	0.30286
8084	3.03769
8085	6.06793
8086	9.19562
8087	12.39713
8088	15.67622
8089	18.93798
8090	22.02571
8091	24.82875
8092	27.33526
8093	29.57854
8094	31.56022
8095	33.25205
8096	34.60973
8097	35.51108
8098	35.75590
8099	35.22995
8100	34.08640
8101	32.72792
8102	31.55092
8103	30.70547
8104	30.00442
8105	29.12134
8106	28.02092
8107	26.91048
8108	25.99272
8109	25.46616
8110	25.34568
8111	25.24967
8112	24.77098
8113	23.79172
8114	22.28688
8115	20.52951
8116	19.29306
8117	19.17445
8118	19.71953
8119	19.77642
8120	18.74612
8121	16.97077
8122	15.05633
8123	13.23125
8124	11.45127
8125	9.65779
8126	7.76653
8127	5.68116
8128	3.37854
8129	0.89508
8130	-1.66311
8131	-4.06733
8132	-6.10870
8133	-7.76584
8134	-9.14353
8135	-10.36993
8136	-11.56409
8137	-12.77733
8138	-13.96373
8139	-15.01176
8140	-15.75168
8141	-16.01856
8142	-15.78374
8143	-15.13850
8144	-14.16641
8145	-12.94741
8146	-11.59920
8147	-10.20395
8148	-8.80731
8149	-7.51201
8150	-6.41429
8151	-5.46236
8152	-4.46244
8153	-3.14098
8154	-1.23748
8155	1.28808
8156	4.19236
8157	7.19621
8158	10.21889
8159	13.31861
8160	16.49118
8161	19.59632
8162	22.46026
8163	24.98606
8164	27.17056
8165	29.05576
8166	30.66436
8167	32.00122
8168	33.06046
8169	33.77191
8170	34.00395
8171	33.68573
8172	32.95378
8173	32.11599
8174	31.38880
8175	30.73300
8176	29.99394
8177	29.13382
8178	28.19387
8179	27.19716
8180	26.26254
8181	25.60482
8182	25.27712
8183	25.02821
8184	24.50154
8185	23.31758
8186	21.28886
8187	19.12313
8188	18.15982
8189	18.95222
8190	20.36173
8191	20.70000
8192	19.51556
8193	17.56856
8194	15.57590
8195	13.74988
8196	12.13658
8197	10.66606
8198	9.09204
8199	7.18128
8200	4.86644
8201	2.22574
8202	-0.56083
8203	-3.25992
8204	-5.67454
8205	-7.68773
8206	-9.29948
8207	-10.64869
8208	-11.88718
8209	-13.04709
8210	-14.06949
8211	-14.88426
8212	-15.44463
8213	-15.68879
8214	-15.51439
8215	-14.87415
8216	-13.85474
8217	-12.61426
8218	-11.26037
8219	-9.82204
8220	-8.36452
8221	-7.02650
8222	-5.85674
8223	-4.74908
8224	-3.54256
8225	-2.00839
8226	0.11018
8227	2.84773
8228	5.95334
8229	9.16489
8230	12.43837
8231	15.82676
8232	19.23692
8233	22.45204
8234	25.33809
8235	27.89222
8236	30.15281
8237	32.15391
8238	33.91007
8239	35.39701
8240	36.51989
8241	37.10881
8242	37.02850
8243	36.32453
8244	35.24980
8245	34.08813
8246	32.96270
8247	31.88224
8248	30.83308
8249	29.76103
8250	28.63752
8251	27.59548
8252	26.83376
8253	26.40125
8254	26.16475
8255	25.84386
8256	25.15677
8257	23.98223
8258	22.54960
8259	21.43768
8260	21.11289
8261	21.27781
8262	21.06084
8263	19.98499
8264	18.33144
8265	16.55693
8266	14.82253
8267	13.10031
8268	11.33822
8269	9.47843
8270	7.44440
8271	5.15341
8272	2.60986
8273	-0.01372
8274	-2.50223
8275	-4.75929
8276	-6.77532
8277	-8.54240
8278	-10.06343
8279	-11.41109
8280	-12.68789
8281	-13.89983
8282	-14.94729
8283	-15.70679
8284	-16.06885
8285	-15.97522
8286	-15.44600
8287	-14.53443
8288	-13.30813
8289	-11.87929
8290	-10.38251
8291	-8.94954
8292	-7.71388
8293	-6.72502
8294	-5.84748
8295	-4.83979
8296	-3.43832
8297	-1.38802
8298	1.31957
8299	4.35275
8300	7.43200
8301	10.57667
8302	13.88244
8303	17.27489
8304	20.48767
8305	23.29855
8306	25.75032
8307	28.01367
8308	30.15315
8309	32.11794
8310	33.80825
8311	35.07306
8312	35.71258
8313	35.60605
8314	34.84986
8315	33.73772
8316	32.59163
8317	31.59823
8318	30.79089
8319	30.01266
8320	29.02722
8321	27.84956
8322	26.74240
8323	25.91650
8324	25.43016
8325	25.16714
8326	24.84550
8327	24.15734
8328	22.87050
8329	21.20663
8330	20.00545
8331	19.99064
8332	20.78716
8333	21.08872
8334	20.11185
8335	18.30896
8336	16.47419
8337	14.85496
8338	13.34873
8339	11.83948
8340	10.20729
8341	8.33449
8342	6.15076
8343	3.69855
8344	1.12726
8345	-1.42296
8346	-3.84307
8347	-6.00624
8348	-7.81709
8349	-9.29786
8350	-10.57862
8351	-11.79810
8352	-13.02309
8353	-14.21913
8354	-15.25882
8355	-15.96933
8356	-16.20937
8357	-15.93485
8358	-15.20352
8359	-14.11166
8360	-12.76383
8361	-11.30110
8362	-9.85487
8363	-8.48367
8364	-7.22475
8365	-6.09639
8366	-5.02491
8367	-3.84813
8368	-2.31984
8369	-0.18943
8370	2.55198
8371	5.64527
8372	8.88844
8373	12.25837
8374	15.70571
8375	19.08851
8376	22.28164
8377	25.22297
8378	27.86849
8379	30.16842
8380	32.12575
8381	33.79401
8382	35.16107
8383	36.08454
8384	36.37450
8385	35.95622
8386	34.95987
8387	33.67598
8388	32.40732
8389	31.31369
8390	30.36768
8391	29.39670
8392	28.25688
8393	26.93722
8394	25.61959
8395	24.74438
8396	24.62368
8397	24.89930
8398	24.89344
8399	24.32058
8400	23.14549
8401	21.46177
8402	19.87690
8403	19.22017
8404	19.58529
8405	20.00873
8406	19.51254
8407	18.05381
8408	16.23347
8409	14.47965
8410	12.85595
8411	11.29173
8412	9.65362
8413	7.76243
8414	5.49737
8415	2.90407
8416	0.19398
8417	-2.40351
8418	-4.77151
8419	-6.86152
8420	-8.63355
8421	-10.11820
8422	-11.41103
8423	-12.58124
8424	-13.64349
8425	-14.55429
8426	-15.21775
8427	-15.53192
8428	-15.42900
8429	-14.89314
8430	-13.97866
8431	-12.82232
8432	-11.56703
8433	-10.25073
8434	-8.86112
8435	-7.47796
8436	-6.22864
8437	-5.13189
8438	-4.06442
8439	-2.77595
8440	-0.96009
8441	1.49222
8442	4.37396
8443	7.41857
8444	10.52333
8445	13.68185
8446	16.85849
8447	19.96085
8448	22.87452
8449	25.50031
8450	27.78433
8451	29.74442
8452	31.43447
8453	32.87561
8454	34.01234
8455	34.68851
8456	34.72949
8457	34.11197
8458	33.02958
8459	31.80211
8460	30.71917
8461	29.88113
8462	29.09514
8463	28.09348
8464	26.84884
8465	25.51277
8466	24.32384
8467	23.60127
8468	23.42402
8469	23.39270
8470	23.07895
8471	22.34361
8472	21.15026
8473	19.70809
8474	18.57217
8475	18.21084
8476	18.36595
8477	18.22141
8478	17.30367
8479	15.79146
8480	14.05081
8481	12.27321
8482	10.52419
8483	8.79469
8484	6.97267
8485	4.91318
8486	2.57013
8487	0.03550
8488	-2.53297
8489	-4.97122
8490	-7.17485
8491	-9.13422
8492	-10.82379
8493	-12.19539
8494	-13.32801
8495	-14.35084
8496	-15.24790
8497	-15.90804
8498	-16.24528
8499	-16.18857
8500	-15.67660
8501	-14.70783
8502	-13.37629
8503	-11.84572
8504	-10.25754
8505	-8.67661
8506	-7.16112
8507	-5.82021
8508	-4.69690
8509	-3.63506
8510	-2.36585
8511	-0.65299
8512	1.63616
8513	4.42195
8514	7.46609
8515	10.62633
8516	13.87383
8517	17.12884
8518	20.25663
8519	23.12123
8520	25.60366
8521	27.68260
8522	29.46547
8523	31.04719
8524	32.40014
8525	33.41341
8526	33.95042
8527	33.89416
8528	33.20746
8529	32.03745
8530	30.73166
8531	29.62446
8532	28.83602
8533	28.17362
8534	27.30161
8535	26.16403
8536	25.03473
8537	24.24721
8538	24.00800
8539	24.15247
8540	24.16511
8541	23.61672
8542	22.41033
8543	20.87782
8544	19.66921
8545	19.23181
8546	19.33649
8547	19.27244
8548	18.51966
8549	17.08439
8550	15.29451
8551	13.45240
8552	11.69462
8553	9.96656
8554	8.09672
8555	5.94785
8556	3.50002
8557	0.87427
8558	-1.73401
8559	-4.19718
8560	-6.42516
8561	-8.30622
8562	-9.86310
8563	-11.24171
8564	-12.49089
8565	-13.59259
8566	-14.58858
8567	-15.47952
8568	-16.10670
8569	-16.26976
8570	-15.91852
8571	-15.13747
8572	-14.03179
8573	-12.73003
8574	-11.36362
8575	-9.97968
8576	-8.60193
8577	-7.33478
8578	-6.26465
8579	-5.32757
8580	-4.33633
8581	-3.01769
8582	-1.08005
8583	1.54631
8584	4.58924
8585	7.70799
8586	10.79719
8587	13.91575
8588	17.08047
8589	20.21321
8590	23.16807
8591	25.78888
8592	28.01141
8593	29.91271
8594	31.60539
8595	33.05528
8596	34.06887
8597	34.46954
8598	34.21375
8599	33.39153
8600	32.22474
8601	31.00446
8602	29.92779
8603	29.01072
8604	28.13069
8605	27.12424
8606	25.93362
8607	24.74664
8608	23.88602
8609	23.47228
8610	23.28074
8611	22.98519
8612	22.35001
8613	21.23958
8614	19.88277
8615	18.88212
8616	18.61284
8617	18.71862
8618	18.45730
8619	17.42693
8620	15.77524
8621	13.89586
8622	12.06409
8623	10.33755
8624	8.60082
8625	6.65685
8626	4.39014
8627	1.85802
8628	-0.75108
8629	-3.24058
8630	-5.51772
8631	-7.56849
8632	-9.36356
8633	-10.84778
8634	-12.00488
8635	-12.91229
8636	-13.71051
8637	-14.47933
8638	-15.17823
8639	-15.70003
8640	-15.91462
8641	-15.72571
8642	-15.11715
8643	-14.12871
8644	-12.86804
8645	-11.51368
8646	-10.18813
8647	-8.89869
8648	-7.68586
8649	-6.64908
8650	-5.73133
8651	-4.67413
8652	-3.19311
8653	-1.11937
8654	1.49093
8655	4.38821
8656	7.39844
8657	10.56365
8658	13.92228
8659	17.31699
8660	20.51970
8661	23.39016
8662	25.87869
8663	28.01670
8664	29.90014
8665	31.59430
8666	33.05716
8667	34.13662
8668	34.65001
8669	34.57680
8670	34.12779
8671	33.54555
8672	32.95915
8673	32.42279
8674	31.92027
8675	31.35872
8676	30.63650
8677	29.70586
8678	28.68122
8679	27.88157
8680	27.53238
8681	27.38700
8682	26.84853
8683	25.58484
8684	23.98790
8685	22.83118
8686	22.51587
8687	22.68480
8688	22.53422
8689	21.56103
8690	19.93515
8691	18.11234
8692	16.34784
8693	14.67717
8694	13.00263
8695	11.12905
8696	8.90049
8697	6.31968
8698	3.54176
8699	0.77636
8700	-1.82665
8701	-4.19437
8702	-6.30876
8703	-8.23107
8704	-10.01588
8705	-11.60428
8706	-12.96000
8707	-14.15709
8708	-15.18303
8709	-15.87878
8710	-16.12759
8711	-15.91008
8712	-15.23639
8713	-14.16991
8714	-12.85716
8715	-11.45842
8716	-10.06579
8717	-8.73172
8718	-7.54520
8719	-6.54498
8720	-5.62719
8721	-4.63924
8722	-3.35885
8723	-1.46698
8724	1.13963
8725	4.17672
8726	7.31455
8727	10.48368
8728	13.72921
8729	16.98952
8730	20.13365
8731	23.04797
8732	25.62956
8733	27.85236
8734	29.82158
8735	31.63092
8736	33.19997
8737	34.30103
8738	34.74928
8739	34.53116
8740	33.75129
8741	32.60712
8742	31.39748
8743	30.35801
8744	29.49953
8745	28.65723
8746	27.70452
8747	26.68751
8748	25.76716
8749	25.11330
8750	24.83261
8751	24.86498
8752	24.88460
8753	24.36473
8754	22.88610
8755	20.83861
8756	19.42074
8757	19.42445
8758	20.23447
8759	20.46429
8760	19.45242
8761	17.60997
8762	15.63465
8763	13.85294
8764	12.24230
8765	10.65634
8766	8.93002
8767	6.93142
8768	4.61999
8769	2.07462
8770	-0.55041
8771	-3.09504
8772	-5.42789
8773	-7.46022
8774	-9.16653
8775	-10.58981
8776	-11.82096
8777	-12.95365
8778	-14.02530
8779	-14.99923
8780	-15.77278
8781	-16.19913
8782	-16.17026
8783	-15.67908
8784	-14.78344
8785	-13.58096
8786	-12.21080
8787	-10.80352
8788	-9.43612
8789	-8.15995
8790	-7.02391
8791	-6.00834
8792	-4.98437
8793	-3.77462
8794	-2.17449
8795	-0.01300
8796	2.67103
8797	5.66057
8798	8.82331
8799	12.14951
8800	15.57365
8801	18.92475
8802	22.00443
8803	24.66429
8804	26.87371
8805	28.75314
8806	30.46012
8807	32.01105
8808	33.25746
8809	33.99932
8810	34.10244
8811	33.56142
8812	32.53461
8813	31.34738
8814	30.33700
8815	29.58506
8816	28.83389
8817	27.81994
8818	26.54655
8819	25.20774
8820	24.13102
8821	23.63542
8822	23.66897
8823	23.76869
8824	23.50804
8825	22.65977
8826	21.08665
8827	19.16996
8828	17.90330
8829	17.94056
8830	18.74718
8831	19.10494
8832	18.41025
8833	16.93481
8834	15.17813
8835	13.40823
8836	11.71448
8837	10.12010
8838	8.51057
8839	6.63925
8840	4.35608
8841	1.76758
8842	-0.88609
8843	-3.43461
8844	-5.81635
8845	-7.99483
8846	-9.90284
8847	-11.47009
8848	-12.70568
8849	-13.71717
8850	-14.60020
8851	-15.35162
8852	-15.89872
8853	-16.13722
8854	-15.96140
8855	-15.31468
8856	-14.23650
8857	-12.87742
8858	-11.41736
8859	-9.95452
8860	-8.52103
8861	-7.18204
8862	-6.02406
8863	-5.00261
8864	-3.93920
8865	-2.66319
8866	-0.98316
8867	1.29989
8868	4.14643
8869	7.27879
8870	10.49979
8871	13.80017
8872	17.18665
8873	20.54936
8874	23.67545
8875	26.36944
8876	28.59517
8877	30.47107
8878	32.11455
8879	33.56877
8880	34.81596
8881	35.69409
8882	35.91321
8883	35.33499
8884	34.16373
8885	32.80262
8886	31.59762
8887	30.65823
8888	29.76053
8889	28.60141
8890	27.16388
8891	25.66510
8892	24.37868
8893	23.58101
8894	23.32294
8895	23.24181
8896	22.90654
8897	22.08839
8898	20.68087
8899	19.03533
8900	17.94171
8901	17.89966
8902	18.46599
8903	18.59839
8904	17.70097
8905	16.00928
8906	14.08766
8907	12.29727
8908	10.71048
8909	9.21871
8910	7.61759
8911	5.70002
8912	3.39972
8913	0.83846
8914	-1.77506
8915	-4.23180
8916	-6.40608
8917	-8.32489
8918	-10.04895
8919	-11.53331
8920	-12.74497
8921	-13.77347
8922	-14.68652
8923	-15.42680
8924	-15.88524
8925	-15.97943
8926	-15.68791
8927	-15.03502
8928	-14.05085
8929	-12.79628
8930	-11.38848
8931	-9.93482
8932	-8.50224
8933	-7.18098
8934	-6.04769
8935	-5.01955
8936	-3.85642
8937	-2.30897
8938	-0.22353
8939	2.38292
8940	5.31367
8941	8.38614
8942	11.58147
8943	14.89156
8944	18.17217
8945	21.25578
8946	24.05969
8947	26.54665
8948	28.73300
8949	30.69662
8950	32.44556
8951	33.85448
8952	34.75953
8953	35.05170
8954	34.73545
8955	33.95082
8956	32.93085
8957	31.91281
8958	31.02681
8959	30.24367
8960	29.42694
8961	28.43745
8962	27.26008
8963	26.13423
8964	25.41645
8965	25.20597
8966	25.19862
8967	24.99706
8968	24.43681
8969	23.33423
8970	21.56416
8971	19.73344
8972	18.84374
8973	19.17281
8974	19.76707
8975	19.48094
8976	18.10778
8977	16.17455
8978	14.14417
8979	12.20458
8980	10.42376
8981	8.69555
8982	6.77556
8983	4.51819
8984	1.95946
8985	-0.76475
8986	-3.48043
8987	-6.01777
8988	-8.27633
8989	-10.23453
8990	-11.88908
8991	-13.25258
8992	-14.36902
8993	-15.24981
8994	-15.84554
8995	-16.09930
8996	-15.99550
8997	-15.56444
8998	-14.84388
8999	-13.86072
9000	-12.67238
9001	-11.35100
9002	-9.92445
9003	-8.42749
9004	-6.98983
9005	-5.75319
9006	-4.70571
9007	-3.68070
9008	-2.42951
9009	-0.66214
9010	1.76146
9011	4.65921
9012	7.73387
9013	10.86477
9014	14.04015
9015	17.19015
9016	20.20656
9017	22.98489
9018	25.42011
9019	27.45393
9020	29.14259
9021	30.58979
9022	31.79541
9023	32.64628
9024	33.02887
9025	32.93404
9026	32.50085
9027	31.91502
9028	31.27505
9029	30.62416
9030	30.02086
9031	29.48907
9032	28.92920
9033	28.13469
9034	27.03521
9035	25.89447
9036	25.07187
9037	24.63427
9038	24.32522
9039	23.80278
9040	22.73585
9041	21.10967
9042	19.51999
9043	18.68869
9044	18.69795
9045	18.83671
9046	18.33938
9047	17.07166
9048	15.41317
9049	13.68493
9050	11.96083
9051	10.23763
9052	8.45667
9053	6.46743
9054	4.17644
9055	1.66981
9056	-0.88825
9057	-3.37359
9058	-5.67715
9059	-7.71062
9060	-9.46049
9061	-10.94927
9062	-12.19931
9063	-13.25339
9064	-14.18074
9065	-15.05196
9066	-15.83135
9067	-16.33440
9068	-16.40476
9069	-16.05572
9070	-15.38262
9071	-14.44530
9072	-13.29837
9073	-12.04463
9074	-10.79234
9075	-9.61426
9076	-8.55389
9077	-7.60062
9078	-6.66218
9079	-5.55444
9080	-4.00162
9081	-1.80164
9082	0.94966
9083	3.97345
9084	7.12865
9085	10.43644
9086	13.86092
9087	17.25890
9088	20.48768
9089	23.45275
9090	26.10624
9091	28.46487
9092	30.57824
9093	32.44833
9094	34.00570
9095	35.10105
9096	35.52131
9097	35.15319
9098	34.13967
9099	32.81326
9100	31.48816
9101	30.31133
9102	29.24783
9103	28.19572
9104	27.11044
9105	26.02814
9106	25.09271
9107	24.50244
9108	24.28422
9109	24.17526
9110	23.83527
9111	23.03350
9112	21.62675
9113	19.87155
9114	18.58113
9115	18.37398
9116	18.91893
9117	19.20380
9118	18.53256
9119	16.98870
9120	15.08195
9121	13.20053
9122	11.46173
9123	9.81081
9124	8.11432
9125	6.23356
9126	4.06526
9127	1.62756
9128	-0.88926
9129	-3.28669
9130	-5.51289
9131	-7.56542
9132	-9.36233
9133	-10.82698
9134	-12.03551
9135	-13.14188
9136	-14.18501
9137	-15.05439
9138	-15.60262
9139	-15.74965
9140	-15.50446
9141	-14.91833
9142	-14.04412
9143	-12.95339
9144	-11.75750
9145	-10.54438
9146	-9.32831
9147	-8.12989
9148	-7.00926
9149	-5.96601
9150	-4.91246
9151	-3.69589
9152	-2.06699
9153	0.17126
9154	2.93112
9155	5.95345
9156	9.09204
9157	12.32621
9158	15.61553
9159	18.87250
9160	21.97490
9161	24.77753
9162	27.20093
9163	29.27965
9164	31.07674
9165	32.60549
9166	33.84214
9167	34.71868
9168	35.10059
9169	34.86712
9170	34.05523
9171	32.94304
9172	31.88392
9173	31.00156
9174	30.17525
9175	29.28029
9176	28.25545
9177	27.07486
9178	25.88076
9179	24.97206
9180	24.47677
9181	24.16955
9182	23.70839
9183	22.88093
9184	21.53886
9185	19.80397
9186	18.38934
9187	18.03197
9188	18.57271
9189	18.96859
9190	18.39690
9191	16.89994
9192	15.03373
9193	13.24492
9194	11.66289
9195	10.20556
9196	8.66644
9197	6.83221
9198	4.64552
9199	2.19993
9200	-0.37241
9201	-2.92768
9202	-5.32842
9203	-7.49275
9204	-9.40326
9205	-11.08072
9206	-12.54055
9207	-13.80398
9208	-14.91117
9209	-15.85637
9210	-16.55616
9211	-16.89728
9212	-16.80635
9213	-16.29396
9214	-15.42850
9215	-14.29491
9216	-12.98235
9217	-11.56270
9218	-10.09680
9219	-8.69494
9220	-7.48595
9221	-6.46878
9222	-5.48899
9223	-4.31012
9224	-2.62973
9225	-0.27155
9226	2.59002
9227	5.63862
9228	8.74791
9229	11.94552
9230	15.21539
9231	18.45231
9232	21.52720
9233	24.32387
9234	26.75358
9235	28.82361
9236	30.63499
9237	32.23165
9238	33.52618
9239	34.35880
9240	34.56995
9241	34.11696
9242	33.16952
9243	32.04667
9244	31.06016
9245	30.35352
9246	29.75566
9247	28.95536
9248	27.88860
9249	26.71852
9250	25.64739
9251	24.90117
9252	24.55799
9253	24.33847
9254	23.90616
9255	23.14416
9256	21.83993
9257	19.90375
9258	18.06254
9259	17.40771
9260	18.16520
9261	19.16787
9262	19.07408
9263	17.68644
9264	15.69363
9265	13.66830
9266	11.77971
9267	10.06985
9268	8.48232
9269	6.79318
9270	4.76015
9271	2.34338
9272	-0.25621
9273	-2.78040
9274	-5.07225
9275	-7.08186
9276	-8.82591
9277	-10.34997
9278	-11.70291
9279	-12.93545
9280	-14.06134
9281	-15.00914
9282	-15.67160
9283	-15.97516
9284	-15.88178
9285	-15.39297
9286	-14.57001
9287	-13.50323
9288	-12.26370
9289	-10.91004
9290	-9.50955
9291	-8.14208
9292	-6.88482
9293	-5.74791
9294	-4.64139
9295	-3.38214
9296	-1.69570
9297	0.62074
9298	3.47313
9299	6.57140
9300	9.75929
9301	13.05405
9302	16.40981
9303	19.66946
9304	22.70056
9305	25.43468
9306	27.84252
9307	29.94981
9308	31.77956
9309	33.27070
9310	34.34893
9311	34.97526
9312	35.07900
9313	34.58598
9314	33.56070
9315	32.28374
9316	31.07055
9317	30.02537
9318	29.09219
9319	28.21941
9320	27.31456
9321	26.24587
9322	25.12035
9323	24.35541
9324	24.19235
9325	24.29091
9326	24.16017
9327	23.72613
9328	22.93721
9329	21.62743
9330	20.11793
9331	19.13480
9332	19.04252
9333	19.29564
9334	19.02795
9335	17.96245
9336	16.37372
9337	14.51159
9338	12.53451
9339	10.62479
9340	8.79300
9341	6.83287
9342	4.59034
9343	2.08852
9344	-0.55532
9345	-3.15560
9346	-5.49901
9347	-7.46891
9348	-9.07210
9349	-10.37669
9350	-11.47561
9351	-12.46857
9352	-13.43867
9353	-14.37399
9354	-15.10619
9355	-15.44205
9356	-15.32830
9357	-14.81642
9358	-13.96695
9359	-12.86135
9360	-11.61757
9361	-10.33009
9362	-9.04857
9363	-7.82690
9364	-6.72420
9365	-5.72833
9366	-4.70725
9367	-3.41607
9368	-1.57903
9369	0.89789
9370	3.81755
9371	6.92474
9372	10.14429
9373	13.47068
9374	16.82384
9375	20.09484
9376	23.16763
9377	25.92718
9378	28.33087
9379	30.43000
9380	32.30671
9381	33.99303
9382	35.41456
9383	36.37874
9384	36.65306
9385	36.12705
9386	34.95576
9387	33.49675
9388	32.08366
9389	30.89274
9390	29.87501
9391	28.79915
9392	27.53595
9393	26.23471
9394	25.22517
9395	24.74772
9396	24.65520
9397	24.48627
9398	23.97293
9399	23.16037
9400	21.85828
9401	20.02248
9402	18.52635
9403	18.38785
9404	19.46421
9405	20.36183
9406	19.94766
9407	18.36215
9408	16.36990
9409	14.38367
9410	12.50964
9411	10.81463
9412	9.19172
9413	7.37865
9414	5.18454
9415	2.60988
9416	-0.16204
9417	-2.87503
9418	-5.31636
9419	-7.37590
9420	-9.08668
9421	-10.55391
9422	-11.82152
9423	-12.90379
9424	-13.85628
9425	-14.68736
9426	-15.30728
9427	-15.60708
9428	-15.50496
9429	-14.95616
9430	-13.98854
9431	-12.71390
9432	-11.27440
9433	-9.78129
9434	-8.31401
9435	-6.94568
9436	-5.70703
9437	-4.55567
9438	-3.42670
9439	-2.19084
9440	-0.56870
9441	1.68324
9442	4.50596
9443	7.58683
9444	10.58997
9445	13.46494
9446	16.56929
9447	20.03138
9448	23.36771
9449	26.16292
9450	28.47755
9451	30.50080
9452	32.30221
9453	33.81120
9454	34.90898
9455	35.49453
9456	35.47186
9457	34.83204
9458	33.76144
9459	32.56157
9460	31.44784
9461	30.47064
9462	29.57802
9463	28.68287
9464	27.69185
9465	26.59360
9466	25.59014
9467	25.00450
9468	24.94893
9469	25.11893
9470	24.97304
9471	24.02410
9472	22.17886
9473	20.09143
9474	18.79371
9475	18.76765
9476	19.36523
9477	19.45747
9478	18.51920
9479	16.79800
9480	14.80807
9481	12.91572
9482	11.23150
9483	9.65199
9484	7.97570
9485	6.00968
9486	3.68088
9487	1.12149
9488	-1.45878
9489	-3.93441
9490	-6.19990
9491	-8.16206
9492	-9.85927
9493	-11.38706
9494	-12.77191
9495	-14.01115
9496	-15.08930
9497	-15.92890
9498	-16.41931
9499	-16.48820
9500	-16.12945
9501	-15.38358
9502	-14.31835
9503	-13.03100
9504	-11.62381
9505	-10.16428
9506	-8.71349
9507	-7.36668
9508	-6.18805
9509	-5.14913
9510	-4.11279
9511	-2.77255
9512	-0.78852
9513	1.87489
9514	4.92320
9515	8.07659
9516	11.26834
9517	14.49442
9518	17.67547
9519	20.71219
9520	23.50648
9521	25.95598
9522	28.05520
9523	29.87061
9524	31.39485
9525	32.57851
9526	33.38680
9527	33.71562
9528	33.43919
9529	32.60799
9530	31.48653
9531	30.38522
9532	29.48388
9533	28.76696
9534	28.07216
9535	27.27494
9536	26.38405
9537	25.47473
9538	24.70897
9539	24.32996
9540	24.37169
9541	24.47094
9542	24.08186
9543	22.82675
9544	20.96148
9545	19.35654
9546	18.76131
9547	19.06298
9548	19.29911
9549	18.64751
9550	17.14743
9551	15.33320
9552	13.55867
9553	11.91087
9554	10.36245
9555	8.77835
9556	6.94760
9557	4.73810
9558	2.22171
9559	-0.40262
9560	-2.96320
9561	-5.34527
9562	-7.46630
9563	-9.30127
9564	-10.88728
9565	-12.26748
9566	-13.47240
9567	-14.54193
9568	-15.47322
9569	-16.17088
9570	-16.51389
9571	-16.44491
9572	-15.97565
9573	-15.14896
9574	-14.04361
9575	-12.76875
9576	-11.38465
9577	-9.91679
9578	-8.46756
9579	-7.16542
9580	-6.01272
9581	-4.91403
9582	-3.74377
9583	-2.22799
9584	-0.03096
9585	2.84634
9586	6.04252
9587	9.27312
9588	12.52287
9589	15.81413
9590	19.06629
9591	22.19180
9592	25.11863
9593	27.75118
9594	30.03172
9595	31.99558
9596	33.69791
9597	35.09534
9598	36.02391
9599	36.29278
9600	35.81973
9601	34.75196
9602	33.46251
9603	32.30445
9604	31.37035
9605	30.52872
9606	29.60876
9607	28.50692
9608	27.21730
9609	25.93003
9610	24.97977
9611	24.54985
9612	24.45784
9613	24.27258
9614	23.62657
9615	22.34454
9616	20.62220
9617	19.13668
9618	18.55459
9619	18.82708
9620	19.09282
9621	18.57981
9622	17.25091
9623	15.50004
9624	13.62832
9625	11.76311
9626	9.98542
9627	8.28937
9628	6.50825
9629	4.42670
9630	2.00705
9631	-0.56397
9632	-3.08297
9633	-5.44766
9634	-7.56047
9635	-9.31836
9636	-10.73620
9637	-11.93618
9638	-13.00478
9639	-13.94620
9640	-14.75052
9641	-15.38375
9642	-15.73374
9643	-15.69793
9644	-15.28245
9645	-14.54593
9646	-13.54134
9647	-12.32164
9648	-10.93374
9649	-9.45518
9650	-8.01816
9651	-6.70514
9652	-5.47038
9653	-4.19532
9654	-2.70411
9655	-0.75784
9656	1.78417
9657	4.79352
9658	7.99124
9659	11.22973
9660	14.52639
9661	17.87322
9662	21.14623
9663	24.16266
9664	26.81670
9665	29.11197
9666	31.06129
9667	32.68139
9668	34.02183
9669	35.07715
9670	35.72367
9671	35.82680
9672	35.39186
9673	34.56383
9674	33.54645
9675	32.54602
9676	31.71735
9677	31.06523
9678	30.41047
9679	29.58124
9680	28.55762
9681	27.49565
9682	26.70107
9683	26.33239
9684	26.05963
9685	25.21235
9686	23.28676
9687	20.65021
9688	18.68607
9689	18.52584
9690	19.73801
9691	20.67363
9692	20.17039
9693	18.43273
9694	16.34208
9695	14.44889
9696	12.86434
9697	11.51279
9698	10.12610
9699	8.37625
9700	6.16181
9701	3.62818
9702	0.99527
9703	-1.55745
9704	-3.93124
9705	-6.09363
9706	-8.04018
9707	-9.77340
9708	-11.31982
9709	-12.73766
9710	-14.05123
9711	-15.21791
9712	-16.16202
9713	-16.76170
9714	-16.86416
9715	-16.39996
9716	-15.42490
9717	-14.07606
9718	-12.53986
9719	-10.95131
9720	-9.34072
9721	-7.77877
9722	-6.41922
9723	-5.30959
9724	-4.32318
9725	-3.23734
9726	-1.73913
9727	0.44189
9728	3.25386
9729	6.36085
9730	9.51995
9731	12.73443
9732	16.03019
9733	19.28362
9734	22.30423
9735	24.98621
9736	27.33030
9737	29.36934
9738	31.12569
9739	32.59394
9740	33.71661
9741	34.39726
9742	34.55146
9743	34.16477
9744	33.35234
9745	32.36826
9746	31.48153
9747	30.79221
9748	30.19492
9749	29.52319
9750	28.65466
9751	27.54993
9752	26.37844
9753	25.51138
9754	25.17915
9755	25.15215
9756	24.95137
9757	24.26174
9758	23.09362
9759	21.78637
9760	20.74162
9761	20.09543
9762	19.65768
9763	19.08480
9764	18.07619
9765	16.61752
9766	14.97805
9767	13.37561
9768	11.80923
9769	10.13853
9770	8.19228
9771	5.86983
9772	3.21842
9773	0.38499
9774	-2.49143
9775	-5.26345
9776	-7.76148
9777	-9.88050
9778	-11.60788
9779	-12.96880
9780	-13.99294
9781	-14.73275
9782	-15.28336
9783	-15.72533
9784	-16.04745
9785	-16.16533
9786	-15.99525
9787	-15.50263
9788	-14.71437
9789	-13.69073
9790	-12.47802
9791	-11.11713
9792	-9.69678
9793	-8.35046
9794	-7.16139
9795	-6.07083
9796	-4.87616
9797	-3.28346
9798	-1.06530
9799	1.73557
9800	4.82493
9801	7.93569
9802	11.04422
9803	14.25735
9804	17.57990
9805	20.87303
9806	23.95929
9807	26.71293
9808	29.09849
9809	31.16779
9810	32.99157
9811	34.57719
9812	35.83500
9813	36.57392
9814	36.59074
9815	35.85992
9816	34.62460
9817	33.26426
9818	32.05747
9819	31.03391
9820	30.04523
9821	29.00779
9822	27.93357
9823	26.82708
9824	25.78947
9825	25.06484
9826	24.76884
9827	24.63219
9828	24.17044
9829	22.96619
9830	21.03029
9831	19.20409
9832	18.53477
9833	19.15589
9834	19.93533
9835	19.60628
9836	18.01146
9837	15.89903
9838	13.92447
9839	12.24922
9840	10.79679
9841	9.38574
9842	7.76265
9843	5.74532
9844	3.32617
9845	0.65319
9846	-2.04561
9847	-4.55423
9848	-6.75401
9849	-8.63824
9850	-10.26690
9851	-11.71783
9852	-13.04402
9853	-14.25973
9854	-15.32538
9855	-16.12401
9856	-16.53349
9857	-16.51046
9858	-16.06407
9859	-15.21980
9860	-14.03000
9861	-12.60343
9862	-11.09007
9863	-9.57030
9864	-8.06074
9865	-6.66943
9866	-5.51858
9867	-4.52357
9868	-3.42775
9869	-1.94869
9870	0.12478
9871	2.78286
9872	5.79392
9873	8.95828
9874	12.23976
9875	15.62366
9876	18.97232
9877	22.10259
9878	24.95620
9879	27.54681
9880	29.85094
9881	31.86878
9882	33.62817
9883	35.07640
9884	36.05392
9885	36.35540
9886	35.86714
9887	34.75013
9888	33.40676
9889	32.17920
9890	31.14759
9891	30.20943
9892	29.28997
9893	28.40746
9894	27.56807
9895	26.80551
9896	26.26786
9897	26.05853
9898	25.98811
9899	25.67649
9900	24.89328
9901	23.64837
9902	22.24876
9903	21.23447
9904	20.94921
9905	21.04578
9906	20.72570
9907	19.58307
9908	17.87254
9909	16.04216
9910	14.31313
9911	12.68308
9912	11.04206
9913	9.24257
9914	7.15498
9915	4.73172
9916	2.07360
9917	-0.60693
9918	-3.08899
9919	-5.23795
9920	-7.08728
9921	-8.74143
9922	-10.19952
9923	-11.42331
9924	-12.47974
9925	-13.46560
9926	-14.36859
9927	-15.07099
9928	-15.43855
9929	-15.38639
9930	-14.90033
9931	-14.02180
9932	-12.84155
9933	-11.50888
9934	-10.15369
9935	-8.81390
9936	-7.50784
9937	-6.29226
9938	-5.18417
9939	-4.06074
9940	-2.66599
9941	-0.74227
9942	1.78362
9943	4.71162
9944	7.76196
9945	10.86231
9946	14.06344
9947	17.27904
9948	20.35013
9949	23.19370
9950	25.76500
9951	28.04440
9952	30.06744
9953	31.89543
9954	33.55927
9955	34.98741
9956	35.98331
9957	36.33850
9958	36.01881
9959	35.23393
9960	34.26513
9961	33.28793
9962	32.38708
9963	31.55103
9964	30.64507
9965	29.57299
9966	28.41504
9967	27.39252
9968	26.68966
9969	26.27360
9970	25.90009
9971	25.26785
9972	24.13540
9973	22.49073
9974	20.83429
9975	19.94928
9976	20.11389
9977	20.62776
9978	20.46909
9979	19.27087
9980	17.43933
9981	15.52040
9982	13.75273
9983	12.13991
9984	10.57621
9985	8.83444
9986	6.68822
9987	4.13022
9988	1.34177
9989	-1.48271
9990	-4.16592
9991	-6.54772
9992	-8.56205
9993	-10.23095
9994	-11.60878
9995	-12.78588
9996	-13.84222
9997	-14.76478
9998	-15.47962
9999	-15.91301
10000	-15.97560
10001	-15.60727
10002	-14.85792
10003	-13.82100
10004	-12.56591
10005	-11.17350
10006	-9.70976
10007	-8.23940
10008	-6.90316
10009	-5.79468
10010	-4.81276
10011	-3.74327
10012	-2.32852
10013	-0.30473
10014	2.36743
10015	5.39633
10016	8.49611
10017	11.64931
10018	14.90535
10019	18.15911
10020	21.20342
10021	23.87796
10022	26.14408
10023	28.05560
10024	29.70796
10025	31.19838
10026	32.55749
10027	33.69264
10028	34.41170
10029	34.54429
10030	34.10035
10031	33.28962
10032	32.37721
10033	31.59446
10034	31.02859
10035	30.42818
10036	29.47013
10037	28.16553
10038	26.79370
10039	25.70986
10040	25.15764
10041	25.00734
10042	24.81045
10043	24.16688
10044	22.88593
10045	21.17378
10046	19.71417
10047	19.19329
10048	19.54103
10049	19.81494
10050	19.17734
10051	17.69262
10052	15.92785
10053	14.23494
10054	12.69611
10055	11.27172
10056	9.79946
10057	8.07283
10058	5.98415
10059	3.56090
10060	0.90786
10061	-1.79687
10062	-4.31100
10063	-6.47357
10064	-8.28508
10065	-9.81658
10066	-11.14287
10067	-12.31737
10068	-13.36353
10069	-14.27530
10070	-14.97925
10071	-15.36645
10072	-15.37046
10073	-14.95845
10074	-14.13400
10075	-13.00395
10076	-11.73093
10077	-10.39012
10078	-8.98636
10079	-7.57342
10080	-6.23389
10081	-4.98726
10082	-3.77739
10083	-2.47865
10084	-0.85268
10085	1.36138
10086	4.15952
10087	7.24302
10088	10.38523
10089	13.58821
10090	16.85359
10091	20.05111
10092	23.01380
10093	25.63644
10094	27.90708
10095	29.88392
10096	31.61437
10097	33.06764
10098	34.17532
10099	34.91153
10100	35.25360
10101	35.12253
10102	34.50242
10103	33.58521
10104	32.64327
10105	31.78665
10106	30.97279
10107	30.13085
10108	29.15564
10109	27.95609
10110	26.67502
10111	25.67229
10112	25.13665
10113	24.81806
10114	24.24557
10115	23.18138
10116	21.82347
10117	20.61697
10118	19.90772
10119	19.63218
10120	19.32170
10121	18.51549
10122	17.12534
10123	15.41126
10124	13.67362
10125	12.02366
10126	10.39748
10127	8.66283
10128	6.69352
10129	4.42756
10130	1.91616
10131	-0.72404
10132	-3.37154
10133	-5.82635
10134	-7.88125
10135	-9.56429
10136	-11.03831
10137	-12.34026
10138	-13.45442
10139	-14.43609
10140	-15.32121
10141	-16.05457
10142	-16.54162
10143	-16.69613
10144	-16.43196
10145	-15.68724
10146	-14.51864
10147	-13.13557
10148	-11.76025
10149	-10.45744
10150	-9.18602
10151	-7.96721
10152	-6.87145
10153	-5.88612
10154	-4.83444
10155	-3.39195
10156	-1.29425
10157	1.41868
10158	4.44810
10159	7.54788
10160	10.70536
10161	13.97597
10162	17.28385
10163	20.45782
10164	23.36541
10165	25.96058
10166	28.25921
10167	30.31418
10168	32.16992
10169	33.78635
10170	35.03679
10171	35.78460
10172	35.91091
10173	35.36250
10174	34.29495
10175	33.03981
10176	31.85794
10177	30.81701
10178	29.84410
10179	28.84320
10180	27.79425
10181	26.82379
10182	26.15760
10183	25.88666
10184	25.80423
10185	25.52191
10186	24.75554
10187	23.51336
10188	22.22235
10189	21.52107
10190	21.63267
10191	21.99462
10192	21.72725
10193	20.46158
10194	18.49203
10195	16.38153
10196	14.54902
10197	13.05801
10198	11.63833
10199	9.95631
10200	7.85212
10201	5.35567
10202	2.62850
10203	-0.13200
10204	-2.78703
10205	-5.25262
10206	-7.45388
10207	-9.34018
10208	-10.91660
10209	-12.24350
10210	-13.40118
10211	-14.39504
10212	-15.17762
10213	-15.75315
10214	-16.10798
10215	-16.15260
10216	-15.82107
10217	-15.11645
10218	-14.09518
10219	-12.86660
10220	-11.53614
10221	-10.15604
10222	-8.79217
10223	-7.56292
10224	-6.52875
10225	-5.58162
10226	-4.45878
10227	-2.84191
10228	-0.53930
10229	2.34323
10230	5.49958
10231	8.73580
10232	12.06171
10233	15.47669
10234	18.83735
10235	21.95290
10236	24.69542
10237	27.03482
10238	29.03721
10239	30.79774
10240	32.34601
10241	33.63586
10242	34.54088
10243	34.86531
10244	34.50176
10245	33.57178
10246	32.39238
10247	31.31370
10248	30.52190
10249	29.91312
10250	29.24737
10251	28.41879
10252	27.46276
10253	26.55106
10254	25.99364
10255	25.92315
10256	25.99840
10257	25.59018
10258	24.17916
10259	21.92617
10260	19.95880
10261	19.46688
10262	20.41187
10263	21.33175
10264	20.92207
10265	19.30955
10266	17.44936
10267	15.90211
10268	14.60709
10269	13.30656
10270	11.77745
10271	9.89180
10272	7.63122
10273	5.06310
10274	2.29736
10275	-0.53243
10276	-3.21040
10277	-5.48172
10278	-7.29464
10279	-8.84312
10280	-10.28890
10281	-11.65184
10282	-12.94402
10283	-14.17428
10284	-15.26130
10285	-16.05848
10286	-16.43590
10287	-16.33716
10288	-15.78646
10289	-14.83501
10290	-13.54981
10291	-12.08104
10292	-10.60536
10293	-9.20319
10294	-7.91037
10295	-6.76817
10296	-5.76348
10297	-4.80273
10298	-3.65225
10299	-1.95673
10300	0.49073
10301	3.52339
10302	6.77866
10303	10.06852
10304	13.42536
10305	16.84462
10306	20.17962
10307	23.26971
10308	26.03504
10309	28.46016
10310	30.57101
10311	32.42202
10312	34.04141
10313	35.37039
10314	36.25291
10315	36.49743
10316	36.02104
10317	35.00674
10318	33.82177
10319	32.71209
10320	31.70047
10321	30.71812
10322	29.72937
10323	28.72544
10324	27.66982
10325	26.60694
10326	25.73669
10327	25.20601
10328	24.84562
10329	24.36134
10330	23.68065
10331	22.89365
10332	22.13728
10333	21.52829
10334	21.11613
10335	20.78505
10336	20.14659
10337	18.83855
10338	17.00187
10339	15.12006
10340	13.47678
10341	12.00413
10342	10.46419
10343	8.64138
10344	6.47184
10345	4.02365
10346	1.37606
10347	-1.35994
10348	-3.97461
10349	-6.28487
10350	-8.27469
10351	-10.00668
10352	-11.48000
10353	-12.68684
10354	-13.70820
10355	-14.62490
10356	-15.40757
10357	-15.96662
10358	-16.22958
10359	-16.13585
10360	-15.63029
10361	-14.72163
10362	-13.52143
10363	-12.16057
10364	-10.72081
10365	-9.27647
10366	-7.91853
10367	-6.72739
10368	-5.70055
10369	-4.68299
10370	-3.41473
10371	-1.62027
10372	0.84258
10373	3.79823
10374	6.91756
10375	10.08550
10376	13.34303
10377	16.62041
10378	19.76185
10379	22.65388
10380	25.24832
10381	27.55665
10382	29.63898
10383	31.52296
10384	33.12257
10385	34.30000
10386	34.96348
10387	35.06054
10388	34.60669
10389	33.76253
10390	32.79360
10391	31.92308
10392	31.20745
10393	30.51833
10394	29.68396
10395	28.65352
10396	27.57367
10397	26.74793
10398	26.37138
10399	26.27187
10400	26.00481
10401	25.22394
10402	23.92282
10403	22.48143
10404	21.44628
10405	21.08542
10406	21.06898
10407	20.76579
10408	19.84799
10409	18.45835
10410	16.91209
10411	15.37329
10412	13.86743
10413	12.37111
10414	10.78220
10415	8.95044
10416	6.76629
10417	4.22257
10418	1.44075
10419	-1.37885
10420	-4.04594
10421	-6.41650
10422	-8.41538
10423	-10.08559
10424	-11.54215
10425	-12.84630
10426	-13.98756
10427	-14.94234
10428	-15.65914
10429	-16.03476
10430	-15.98028
10431	-15.49456
10432	-14.63790
10433	-13.48880
10434	-12.15096
10435	-10.71384
10436	-9.23482
10437	-7.81345
10438	-6.54233
10439	-5.39541
10440	-4.28473
10441	-3.08114
10442	-1.52621
10443	0.64395
10444	3.40329
10445	6.44621
10446	9.55553
10447	12.75220
10448	16.06172
10449	19.35451
10450	22.43730
10451	25.18721
10452	27.59352
10453	29.72383
10454	31.64756
10455	33.36288
10456	34.80075
10457	35.86809
10458	36.43935
10459	36.38074
10460	35.69342
10461	34.60781
10462	33.46010
10463	32.48327
10464	31.67513
10465	30.82133
10466	29.76970
10467	28.55106
10468	27.28318
10469	26.14450
10470	25.31976
10471	24.80327
10472	24.31907
10473	23.53486
10474	22.24555
10475	20.59491
10476	19.24579
10477	18.91413
10478	19.55653
10479	20.14877
10480	19.67433
10481	18.11708
10482	16.15954
10483	14.25874
10484	12.49740
10485	10.87805
10486	9.32616
10487	7.62460
10488	5.53190
10489	2.99201
10490	0.19695
10491	-2.58228
10492	-5.16093
10493	-7.43735
10494	-9.35166
10495	-10.92405
10496	-12.26493
10497	-13.46289
10498	-14.50013
10499	-15.30985
10500	-15.85150
10501	-16.09459
10502	-15.97766
10503	-15.44210
10504	-14.51050
10505	-13.29058
10506	-11.90193
10507	-10.41579
10508	-8.88636
10509	-7.42490
10510	-6.15785
10511	-5.09960
10512	-4.12334
10513	-2.98695
10514	-1.35406
10515	1.00645
10516	3.94925
10517	7.09792
10518	10.28457
10519	13.54541
10520	16.84826
10521	20.10766
10522	23.23953
10523	26.11794
10524	28.65966
10525	30.88843
10526	32.83846
10527	34.49987
10528	35.85255
10529	36.84293
10530	37.34029
10531	37.22034
10532	36.51805
10533	35.44716
10534	34.26617
10535	33.15277
10536	32.15867
10537	31.19802
10538	30.14571
10539	28.97533
10540	27.76885
10541	26.65781
10542	25.76024
10543	25.06583
10544	24.37567
10545	23.49469
10546	22.44375
10547	21.52645
10548	21.22141
10549	21.64267
10550	22.20630
10551	22.05622
10552	20.75595
10553	18.53999
10554	16.06838
10555	13.94031
10556	12.31763
10557	10.89141
10558	9.22777
10559	7.11077
10560	4.57568
10561	1.78515
10562	-1.07607
10563	-3.83293
10564	-6.33046
10565	-8.49393
10566	-10.35424
10567	-11.96727
10568	-13.32393
10569	-14.37814
10570	-15.15245
10571	-15.72174
10572	-16.07761
10573	-16.12716
10574	-15.82477
10575	-15.19527
10576	-14.27016
10577	-13.11353
10578	-11.83896
10579	-10.51723
10580	-9.16674
10581	-7.85290
10582	-6.65317
10583	-5.53843
10584	-4.41478
10585	-3.15239
10586	-1.46986
10587	0.92161
10588	3.94750
10589	7.22735
10590	10.50744
10591	13.80653
10592	17.19640
10593	20.60847
10594	23.86566
10595	26.82569
10596	29.44602
10597	31.74242
10598	33.72151
10599	35.37008
10600	36.66325
10601	37.51028
10602	37.73451
10603	37.24047
10604	36.22475
10605	35.08037
10606	34.03793
10607	33.04848
10608	31.99564
10609	30.86056
10610	29.66716
10611	28.41733
10612	27.22136
10613	26.35085
10614	25.93049
10615	25.68452
10616	25.23702
10617	24.46845
10618	23.37143
10619	21.96320
10620	20.54134
10621	19.61347
10622	19.26026
10623	18.93420
10624	18.12763
10625	16.80870
10626	15.13976
10627	13.25612
10628	11.30592
10629	9.33721
10630	7.23193
10631	4.89468
10632	2.37663
10633	-0.20395
10634	-2.74209
10635	-5.14696
10636	-7.32963
10637	-9.23522
10638	-10.88484
10639	-12.33416
10640	-13.61578
10641	-14.72643
10642	-15.61255
10643	-16.18280
10644	-16.35892
10645	-16.11839
10646	-15.49188
10647	-14.52435
10648	-13.28324
10649	-11.88769
10650	-10.45009
10651	-9.03227
10652	-7.68567
10653	-6.44141
10654	-5.27713
10655	-4.12070
10656	-2.78664
10657	-0.94006
10658	1.67345
10659	4.91604
10660	8.38002
10661	11.83484
10662	15.31020
10663	18.82642
10664	22.28115
10665	25.51125
10666	28.36653
10667	30.79181
10668	32.82755
10669	34.50724
10670	35.80142
10671	36.65900
10672	37.05566
10673	36.95649
10674	36.33543
10675	35.31269
10676	34.11486
10677	32.93388
10678	31.88776
10679	30.94134
10680	29.88920
10681	28.65243
10682	27.54873
10683	26.94607
10684	26.70217
10685	26.32401
10686	25.58710
10687	24.47831
10688	22.71150
10689	20.38088
10690	18.74576
10691	19.00722
10692	20.61706
10693	21.61157
10694	20.80695
10695	18.65903
10696	16.21803
10697	14.06231
10698	12.24233
10699	10.58683
10700	8.86235
10701	6.86261
10702	4.48362
10703	1.80978
10704	-0.91817
10705	-3.47439
10706	-5.72133
10707	-7.60162
10708	-9.15698
10709	-10.49528
10710	-11.71668
10711	-12.86759
10712	-13.92475
10713	-14.82026
10714	-15.46176
10715	-15.72411
10716	-15.51301
10717	-14.84568
10718	-13.81906
10719	-12.55845
10720	-11.18536
10721	-9.75595
10722	-8.29134
10723	-6.88319
10724	-5.64056
10725	-4.54884
10726	-3.46456
10727	-2.15865
10728	-0.37237
10729	2.02043
10730	4.91407
10731	8.07844
10732	11.33394
10733	14.62071
10734	17.91148
10735	21.10457
10736	24.07814
10737	26.77935
10738	29.19075
10739	31.29800
10740	33.08720
10741	34.54158
10742	35.63670
10743	36.30823
10744	36.44818
10745	35.97409
10746	34.95588
10747	33.64988
10748	32.32438
10749	31.10676
10750	30.01716
10751	29.00938
10752	27.96899
10753	26.87177
10754	25.93110
10755	25.36794
10756	25.12337
10757	24.91940
10758	24.45464
10759	23.52394
10760	22.24323
10761	21.08713
10762	20.38649
10763	19.93417
10764	19.31540
10765	18.34735
10766	17.01824
10767	15.42528
10768	13.76682
10769	12.16659
10770	10.57865
10771	8.88186
10772	6.95743
10773	4.72374
10774	2.23999
10775	-0.29049
10776	-2.70434
10777	-4.93998
10778	-6.94576
10779	-8.70419
10780	-10.27762
10781	-11.73262
10782	-13.08046
10783	-14.28608
10784	-15.30075
10785	-16.06778
10786	-16.49488
10787	-16.48740
10788	-16.01919
10789	-15.13571
10790	-13.94050
10791	-12.59163
10792	-11.21986
10793	-9.86674
10794	-8.57311
10795	-7.42167
10796	-6.41740
10797	-5.45787
10798	-4.40571
10799	-3.01139
10800	-0.94806
10801	1.79518
10802	4.81932
10803	7.83558
10804	10.91345
10805	14.11235
10806	17.27718
10807	20.22897
10808	22.87312
10809	25.17345
10810	27.16680
10811	28.92732
10812	30.48636
10813	31.81293
10814	32.80615
10815	33.30498
10816	33.21672
10817	32.66736
10818	31.93193
10819	31.21768
10820	30.57818
10821	29.95508
10822	29.25118
10823	28.37469
10824	27.28866
10825	26.14075
10826	25.22515
10827	24.73011
10828	24.53579
10829	24.25637
10830	23.48432
10831	22.03145
10832	20.19444
10833	18.70825
10834	18.19691
10835	18.56490
10836	18.95284
10837	18.51501
10838	17.10543
10839	15.11510
10840	12.96855
10841	10.98176
10842	9.30160
10843	7.77897
10844	6.08742
10845	4.00194
10846	1.55032
10847	-1.03333
10848	-3.50566
10849	-5.75635
10850	-7.75507
10851	-9.47937
10852	-10.93861
10853	-12.20358
10854	-13.34818
10855	-14.37297
10856	-15.22198
10857	-15.81056
10858	-16.03763
10859	-15.84862
10860	-15.26478
10861	-14.33784
10862	-13.13911
10863	-11.78203
10864	-10.37630
10865	-8.96316
10866	-7.56547
10867	-6.24965
10868	-5.06747
10869	-3.97990
10870	-2.78968
10871	-1.13267
10872	1.24183
10873	4.17195
10874	7.27465
10875	10.36685
10876	13.50915
10877	16.74367
10878	19.94794
10879	22.92492
10880	25.57520
10881	27.92181
10882	29.99953
10883	31.82308
10884	33.42765
10885	34.80356
10886	35.79009
10887	36.14918
10888	35.78080
10889	34.83190
10890	33.62591
10891	32.51208
10892	31.66377
10893	30.89827
10894	29.95479
10895	28.90264
10896	27.89961
10897	26.98479
10898	26.25535
10899	25.82381
10900	25.56253
10901	25.11096
10902	24.15619
10903	22.76108
10904	21.41552
10905	20.64204
10906	20.51707
10907	20.52375
10908	20.00131
10909	18.74027
10910	17.05677
10911	15.31263
10912	13.60597
10913	11.90765
10914	10.14920
10915	8.17809
10916	5.85929
10917	3.21319
10918	0.37555
10919	-2.49589
10920	-5.22669
10921	-7.64651
10922	-9.68100
10923	-11.36891
10924	-12.76714
10925	-13.89993
10926	-14.77064
10927	-15.39586
10928	-15.81725
10929	-16.02332
10930	-15.92513
10931	-15.46875
10932	-14.69901
10933	-13.70072
10934	-12.52264
10935	-11.17833
10936	-9.70917
10937	-8.20383
10938	-6.77629
10939	-5.52549
10940	-4.44588
10941	-3.35228
10942	-1.88070
10943	0.31745
10944	3.22572
10945	6.44019
10946	9.66475
10947	12.96852
10948	16.38793
10949	19.76692
10950	23.01024
10951	26.05059
10952	28.75225
10953	31.04530
10954	32.97449
10955	34.59107
10956	35.84891
10957	36.61969
10958	36.79021
10959	36.33898
10960	35.38100
10961	34.14979
10962	32.87828
10963	31.68208
10964	30.53799
10965	29.37060
10966	28.12893
10967	26.84807
10968	25.73154
10969	25.01876
10970	24.68056
10971	24.40585
10972	23.92850
10973	23.15146
10974	21.98143
10975	20.55614
10976	19.36743
10977	18.83572
10978	18.81338
10979	18.68055
10980	17.90300
10981	16.39338
10982	14.44683
10983	12.41026
10984	10.47680
10985	8.62610
10986	6.64278
10987	4.33102
10988	1.73893
10989	-0.94251
10990	-3.60596
10991	-6.17120
10992	-8.48863
10993	-10.46114
10994	-12.08160
10995	-13.37170
10996	-14.39569
10997	-15.23260
10998	-15.90191
10999	-16.37385
11000	-16.60801
11001	-16.54172
11002	-16.12322
11003	-15.35477
11004	-14.27300
11005	-12.95881
11006	-11.51562
11007	-10.01680
11008	-8.55927
11009	-7.28128
11010	-6.21512
11011	-5.19760
11012	-4.00576
11013	-2.45109
11014	-0.32621
11015	2.42716
11016	5.52192
11017	8.65341
11018	11.84589
11019	15.19183
11020	18.53610
11021	21.62710
11022	24.37236
11023	26.79346
11024	28.91943
11025	30.80867
11026	32.49041
11027	33.88500
11028	34.85585
11029	35.27294
11030	35.08926
11031	34.43663
11032	33.56281
11033	32.65435
11034	31.78067
11035	30.98664
11036	30.28937
11037	29.57677
11038	28.73892
11039	27.86173
11040	27.12912
11041	26.69672
11042	26.50395
11043	26.10843
11044	24.98181
11045	23.12299
11046	21.28224
11047	20.38212
11048	20.58122
11049	20.98770
11050	20.54906
11051	19.08605
11052	17.21809
11053	15.44697
11054	13.82792
11055	12.28457
11056	10.72993
11057	9.01735
11058	6.98707
11059	4.60497
11060	2.02572
11061	-0.54021
11062	-2.94962
11063	-5.10820
11064	-6.98172
11065	-8.63103
11066	-10.14889
11067	-11.59552
11068	-12.97858
11069	-14.21888
11070	-15.16938
11071	-15.71242
11072	-15.79751
11073	-15.40227
11074	-14.53844
11075	-13.31127
11076	-11.90422
11077	-10.46670
11078	-9.06357
11079	-7.73588
11080	-6.50869
11081	-5.34872
11082	-4.19655
11083	-2.95802
11084	-1.40814
11085	0.70995
11086	3.41658
11087	6.46391
11088	9.60030
11089	12.76189
11090	15.96932
11091	19.15360
11092	22.15717
11093	24.85460
11094	27.22515
11095	29.33278
11096	31.23517
11097	32.91711
11098	34.29824
11099	35.25752
11100	35.68511
11101	35.54971
11102	34.92461
11103	33.99238
11104	32.98869
11105	32.07667
11106	31.26521
11107	30.43988
11108	29.46842
11109	28.31931
11110	27.16127
11111	26.28079
11112	25.79389
11113	25.50587
11114	25.08147
11115	24.16483
11116	22.51591
11117	20.47868
11118	18.97581
11119	18.64058
11120	19.05126
11121	19.17441
11122	18.45431
11123	17.01013
11124	15.18455
11125	13.24681
11126	11.33654
11127	9.46047
11128	7.52231
11129	5.38199
11130	2.94403
11131	0.22437
11132	-2.65252
11133	-5.45373
11134	-7.94404
11135	-10.06362
11136	-11.85746
11137	-13.31157
11138	-14.40838
11139	-15.20358
11140	-15.78861
11141	-16.23320
11142	-16.52371
11143	-16.57487
11144	-16.31520
11145	-15.72862
11146	-14.84317
11147	-13.71358
11148	-12.41227
11149	-11.00148
11150	-9.52206
11151	-8.04007
11152	-6.66510
11153	-5.45906
11154	-4.32314
11155	-2.97936
11156	-1.09825
11157	1.48377
11158	4.60368
11159	7.84507
11160	10.94841
11161	14.04398
11162	17.29517
11163	20.57111
11164	23.63023
11165	26.36601
11166	28.77452
11167	30.88247
11168	32.74428
11169	34.38281
11170	35.72359
11171	36.60155
11172	36.84976
11173	36.43709
11174	35.51014
11175	34.30047
11176	33.02896
11177	31.83814
11178	30.74352
11179	29.66289
11180	28.52041
11181	27.32600
11182	26.25914
11183	25.63445
11184	25.55155
11185	25.65378
11186	25.46486
11187	24.76512
11188	23.56259
11189	22.11936
11190	20.92886
11191	20.40466
11192	20.38504
11193	20.17028
11194	19.27323
11195	17.83785
11196	16.21115
11197	14.56867
11198	12.96445
11199	11.35529
11200	9.58352
11201	7.48582
11202	5.02414
11203	2.28404
11204	-0.59206
11205	-3.40189
11206	-5.91934
11207	-8.03474
11208	-9.78453
11209	-11.23972
11210	-12.46100
11211	-13.51111
11212	-14.42039
11213	-15.16229
11214	-15.67614
11215	-15.89023
11216	-15.73981
11217	-15.19421
11218	-14.27225
11219	-13.06224
11220	-11.69914
11221	-10.27559
11222	-8.85180
11223	-7.54860
11224	-6.46059
11225	-5.51498
11226	-4.51985
11227	-3.20379
11228	-1.25854
11229	1.40964
11230	4.52613
11231	7.72413
11232	10.89084
11233	14.09726
11234	17.34108
11235	20.48671
11236	23.37649
11237	25.95181
11238	28.25063
11239	30.30987
11240	32.12446
11241	33.67133
11242	34.90176
11243	35.72264
11244	36.02271
11245	35.72556
11246	34.88131
11247	33.73738
11248	32.61557
11249	31.68210
11250	30.87847
11251	30.06163
11252	29.12014
11253	28.00322
11254	26.84168
11255	25.94027
11256	25.47585
11257	25.24508
11258	24.84850
11259	24.04884
11260	22.87252
11261	21.60439
11262	20.66145
11263	20.28397
11264	20.23473
11265	19.89853
11266	18.89603
11267	17.45608
11268	15.95862
11269	14.48541
11270	12.96464
11271	11.32009
11272	9.43621
11273	7.21460
11274	4.67008
11275	1.90132
11276	-0.94522
11277	-3.63959
11278	-5.96732
11279	-7.88662
11280	-9.46714
11281	-10.76734
11282	-11.85316
11283	-12.81624
11284	-13.72619
11285	-14.58466
11286	-15.29424
11287	-15.69150
11288	-15.65911
11289	-15.18868
11290	-14.35059
11291	-13.25337
11292	-11.98975
11293	-10.60123
11294	-9.15245
11295	-7.77489
11296	-6.52824
11297	-5.34229
11298	-4.15934
11299	-2.90031
11300	-1.29779
11301	0.92263
11302	3.71063
11303	6.76591
11304	9.92203
11305	13.19651
11306	16.51931
11307	19.74767
11308	22.81467
11309	25.63796
11310	28.11907
11311	30.29284
11312	32.25937
11313	34.02518
11314	35.50152
11315	36.51614
11316	36.85376
11317	36.43813
11318	35.44134
11319	34.17660
11320	32.91177
11321	31.76738
11322	30.70167
11323	29.61561
11324	28.46391
11325	27.27513
11326	26.19603
11327	25.42843
11328	25.00261
11329	24.66627
11330	24.07896
11331	23.01138
11332	21.45286
11333	19.90364
11334	19.13499
11335	19.37776
11336	19.88337
11337	19.60520
11338	18.20369
11339	16.14261
11340	14.08193
11341	12.35067
11342	10.89495
11343	9.47230
11344	7.84612
11345	5.88206
11346	3.56821
11347	1.00855
11348	-1.62929
11349	-4.14257
11350	-6.34018
11351	-8.17459
11352	-9.73004
11353	-11.08624
11354	-12.30632
11355	-13.44607
11356	-14.48936
11357	-15.36365
11358	-15.98627
11359	-16.23835
11360	-16.00889
11361	-15.30263
11362	-14.23702
11363	-12.95046
11364	-11.53873
11365	-10.06478
11366	-8.59785
11367	-7.21378
11368	-5.95664
11369	-4.80535
11370	-3.65804
11371	-2.27327
11372	-0.32023
11373	2.31461
11374	5.37117
11375	8.53211
11376	11.71886
11377	14.95935
11378	18.21067
11379	21.36835
11380	24.28687
11381	26.84809
11382	29.07444
11383	31.08002
11384	32.91083
11385	34.49878
11386	35.69552
11387	36.30607
11388	36.19694
11389	35.43401
11390	34.29387
11391	33.08232
11392	31.95827
11393	30.93627
11394	29.93908
11395	28.87692
11396	27.73350
11397	26.62008
11398	25.76693
11399	25.31159
11400	25.07579
11401	24.69929
11402	23.93954
11403	22.64852
11404	20.88675
11405	19.29863
11406	18.70241
11407	19.15339
11408	19.74379
11409	19.51309
11410	18.21264
11411	16.21423
11412	14.01325
11413	11.92504
11414	10.06061
11415	8.34900
11416	6.56000
11417	4.44693
11418	1.93367
11419	-0.82575
11420	-3.55288
11421	-6.01943
11422	-8.12424
11423	-9.86976
11424	-11.33847
11425	-12.62524
11426	-13.74576
11427	-14.64758
11428	-15.30225
11429	-15.69967
11430	-15.76555
11431	-15.42979
11432	-14.73703
11433	-13.78008
11434	-12.62994
11435	-11.35870
11436	-10.00510
11437	-8.57467
11438	-7.14795
11439	-5.86200
11440	-4.75607
11441	-3.72999
11442	-2.56299
11443	-0.94569
11444	1.31909
11445	4.13862
11446	7.23028
11447	10.36718
11448	13.50854
11449	16.68906
11450	19.83181
11451	22.77325
11452	25.40668
11453	27.70801
11454	29.71144
11455	31.48602
11456	33.07746
11457	34.46051
11458	35.49510
11459	35.96210
11460	35.73905
11461	34.90845
11462	33.71429
11463	32.48053
11464	31.42535
11465	30.46136
11466	29.33273
11467	27.94266
11468	26.46013
11469	25.23340
11470	24.53523
11471	24.24671
11472	23.94443
11473	23.32958
11474	22.25850
11475	20.67000
11476	19.02837
11477	18.17570
11478	18.41781
11479	18.95428
11480	18.69539
11481	17.33255
11482	15.34367
11483	13.29800
11484	11.43467
11485	9.72143
11486	7.99577
11487	6.06889
11488	3.82453
11489	1.27991
11490	-1.42985
11491	-4.12937
11492	-6.63918
11493	-8.83011
11494	-10.69364
11495	-12.25988
11496	-13.51020
11497	-14.45692
11498	-15.19649
11499	-15.81448
11500	-16.30319
11501	-16.58712
11502	-16.56767
11503	-16.16335
11504	-15.37122
11505	-14.28639
11506	-13.04111
11507	-11.71697
11508	-10.33851
11509	-8.96685
11510	-7.71249
11511	-6.61322
11512	-5.58291
11513	-4.43486
11514	-2.85975
11515	-0.55453
11516	2.44019
11517	5.72403
11518	8.99318
11519	12.26423
11520	15.64512
11521	19.14086
11522	22.60966
11523	25.80482
11524	28.56820
11525	30.94163
11526	33.01024
11527	34.76504
11528	36.14945
11529	37.08128
11530	37.42568
11531	37.07228
11532	36.08948
11533	34.78635
11534	33.52228
11535	32.42895
11536	31.40473
11537	30.31404
11538	29.08376
11539	27.69642
11540	26.26851
11541	25.09821
11542	24.43706
11543	24.18462
11544	23.94068
11545	23.37406
11546	22.37585
11547	21.04468
11548	19.74715
11549	18.95083
11550	18.82136
11551	18.91217
11552	18.49427
11553	17.23762
11554	15.42023
11555	13.46542
11556	11.58054
11557	9.80371
11558	8.04823
11559	6.13364
11560	3.94750
11561	1.52626
11562	-1.02292
11563	-3.57527
11564	-5.99972
11565	-8.18280
11566	-10.06424
11567	-11.64523
11568	-12.95758
11569	-14.05493
11570	-14.96107
11571	-15.63487
11572	-16.04230
11573	-16.17398
11574	-15.99355
11575	-15.46286
11576	-14.60631
11577	-13.52483
11578	-12.33506
11579	-11.06984
11580	-9.70282
11581	-8.30358
11582	-7.01794
11583	-5.89542
11584	-4.87609
11585	-3.74352
11586	-2.06749
11587	0.40780
11588	3.43568
11589	6.59558
11590	9.71198
11591	12.84998
11592	16.08077
11593	19.32772
11594	22.41468
11595	25.18902
11596	27.60312
11597	29.72178
11598	31.61025
11599	33.25582
11600	34.59566
11601	35.51183
11602	35.84235
11603	35.49156
11604	34.55548
11605	33.35376
11606	32.23955
11607	31.32322
11608	30.47653
11609	29.56630
11610	28.48553
11611	27.16107
11612	25.81488
11613	24.88062
11614	24.48652
11615	24.28066
11616	23.78951
11617	22.71523
11618	20.96282
11619	18.94799
11620	17.64080
11621	17.69489
11622	18.56068
11623	18.93869
11624	18.12447
11625	16.39215
11626	14.35169
11627	12.38343
11628	10.61307
11629	9.01113
11630	7.41778
11631	5.61783
11632	3.45282
11633	0.90466
11634	-1.86880
11635	-4.58935
11636	-7.00814
11637	-9.01893
11638	-10.63518
11639	-11.93578
11640	-13.02634
11641	-13.96100
11642	-14.74035
11643	-15.38258
11644	-15.85699
11645	-16.01510
11646	-15.73843
11647	-15.06227
11648	-14.09271
11649	-12.91388
11650	-11.58807
11651	-10.16267
11652	-8.69893
11653	-7.30836
11654	-6.07812
11655	-4.98558
11656	-3.92544
11657	-2.68840
11658	-0.95308
11659	1.45659
11660	4.36459
11661	7.45369
11662	10.58812
11663	13.81535
11664	17.12457
11665	20.34598
11666	23.29506
11667	25.88740
11668	28.12258
11669	30.06046
11670	31.78273
11671	33.32662
11672	34.62007
11673	35.44055
11674	35.55372
11675	34.95616
11676	33.91034
11677	32.77248
11678	31.80201
11679	31.00939
11680	30.18166
11681	29.15453
11682	27.88876
11683	26.46082
11684	25.17777
11685	24.38887
11686	24.03973
11687	23.69261
11688	23.05821
11689	22.11646
11690	20.89783
11691	19.63260
11692	18.76145
11693	18.49957
11694	18.48147
11695	18.06956
11696	16.96935
11697	15.38725
11698	13.62152
11699	11.78816
11700	9.91796
11701	7.99235
11702	5.88757
11703	3.49711
11704	0.88474
11705	-1.82709
11706	-4.56140
11707	-7.15094
11708	-9.38370
11709	-11.22021
11710	-12.72748
11711	-13.92647
11712	-14.83944
11713	-15.53052
11714	-16.04864
11715	-16.38129
11716	-16.46323
11717	-16.23377
11718	-15.67985
11719	-14.84397
11720	-13.81800
11721	-12.67230
11722	-11.38014
11723	-9.92999
11724	-8.47724
11725	-7.22163
11726	-6.18467
11727	-5.19013
11728	-3.93554
11729	-2.09378
11730	0.43457
11731	3.39481
11732	6.44733
11733	9.48944
11734	12.59759
11735	15.78725
11736	18.96644
11737	21.99825
11738	24.73549
11739	27.10510
11740	29.18330
11741	31.08659
11742	32.81190
11743	34.24956
11744	35.25035
11745	35.65343
11746	35.38713
11747	34.59683
11748	33.58849
11749	32.60418
11750	31.71942
11751	30.91057
11752	30.12232
11753	29.27745
11754	28.27076
11755	27.14459
11756	26.16740
11757	25.54903
11758	25.19913
11759	24.78283
11760	23.91568
11761	22.37635
11762	20.47199
11763	19.02181
11764	18.67109
11765	19.11675
11766	19.28942
11767	18.46694
11768	16.82037
11769	14.86843
11770	12.87846
11771	10.95704
11772	9.18352
11773	7.43335
11774	5.42241
11775	3.01658
11776	0.33190
11777	-2.41371
11778	-5.02271
11779	-7.34845
11780	-9.30514
11781	-10.88768
11782	-12.16452
11783	-13.21372
11784	-14.08650
11785	-14.84529
11786	-15.53773
11787	-16.09350
11788	-16.35797
11789	-16.23704
11790	-15.73656
11791	-14.91812
11792	-13.87053
11793	-12.67101
11794	-11.36129
11795	-9.98659
11796	-8.63950
11797	-7.42620
11798	-6.36434
11799	-5.31821
11800	-4.01750
11801	-2.16491
11802	0.35788
11803	3.36740
11804	6.54881
11805	9.74459
11806	13.00568
11807	16.37983
11808	19.73144
11809	22.82747
11810	25.55225
11811	27.94543
11812	30.05307
11813	31.87801
11814	33.44514
11815	34.74881
11816	35.66713
11817	36.02628
11818	35.74012
11819	34.89416
11820	33.71889
11821	32.46605
11822	31.31168
11823	30.32401
11824	29.44747
11825	28.58169
11826	27.66898
11827	26.73407
11828	25.92244
11829	25.40794
11830	25.11820
11831	24.71799
11832	23.91850
11833	22.67462
11834	21.29840
11835	20.33918
11836	20.11226
11837	20.32674
11838	20.27736
11839	19.47393
11840	17.99866
11841	16.25448
11842	14.53846
11843	12.93782
11844	11.38731
11845	9.72229
11846	7.77666
11847	5.51216
11848	3.06733
11849	0.60410
11850	-1.82472
11851	-4.15339
11852	-6.22793
11853	-7.96406
11854	-9.42028
11855	-10.69922
11856	-11.89028
11857	-13.03568
11858	-14.08132
11859	-14.89719
11860	-15.32933
11861	-15.26607
11862	-14.70513
11863	-13.73145
11864	-12.47358
11865	-11.08526
11866	-9.67335
11867	-8.27456
11868	-6.92279
11869	-5.65981
11870	-4.49386
11871	-3.39548
11872	-2.25863
11873	-0.80054
11874	1.30269
11875	4.06201
11876	7.17850
11877	10.42425
11878	13.74712
11879	17.06890
11880	20.26112
11881	23.22546
11882	25.86018
11883	28.08703
11884	29.96573
11885	31.63297
11886	33.12515
11887	34.36686
11888	35.23570
11889	35.59225
11890	35.33787
11891	34.48027
11892	33.21790
11893	31.91774
11894	30.86836
11895	30.03195
11896	29.12996
11897	27.98063
11898	26.65874
11899	25.48093
11900	24.80307
11901	24.64036
11902	24.57562
11903	24.16721
11904	23.26032
11905	21.94820
11906	20.58267
11907	19.61338
11908	19.18612
11909	18.95976
11910	18.41419
11911	17.28919
11912	15.74109
11913	14.09724
11914	12.52473
11915	10.98400
11916	9.32508
11917	7.38415
11918	5.11199
11919	2.60421
11920	-0.02423
11921	-2.70018
11922	-5.29780
11923	-7.61285
11924	-9.51223
11925	-11.03210
11926	-12.28604
11927	-13.32828
11928	-14.15190
11929	-14.76797
11930	-15.18761
11931	-15.37189
11932	-15.27023
11933	-14.83712
11934	-14.03880
11935	-12.93405
11936	-11.67665
11937	-10.38264
11938	-9.06337
11939	-7.72114
11940	-6.43485
11941	-5.27275
11942	-4.18680
11943	-3.02283
11944	-1.52592
11945	0.55448
11946	3.22213
11947	6.22215
11948	9.30452
11949	12.39959
11950	15.52274
11951	18.61550
11952	21.55562
11953	24.22893
11954	26.54031
11955	28.47546
11956	30.14027
11957	31.62304
11958	32.87555
11959	33.75957
11960	34.12483
11961	33.88445
11962	33.10012
11963	31.99920
11964	30.87946
11965	29.92155
11966	29.05951
11967	28.06143
11968	26.71959
11969	25.09698
11970	23.62562
11971	22.78261
11972	22.62164
11973	22.65970
11974	22.35769
11975	21.62223
11976	20.65580
11977	19.63152
11978	18.72540
11979	18.12514
11980	17.89549
11981	17.79651
11982	17.30827
11983	16.10666
11984	14.40790
11985	12.60980
11986	10.89506
11987	9.23334
11988	7.46266
11989	5.39168
11990	2.94177
11991	0.18655
11992	-2.66766
11993	-5.34200
11994	-7.64302
11995	-9.54517
11996	-11.09492
11997	-12.34299
11998	-13.36926
11999	-14.24616
12000	-14.98358
12001	-15.54577
12002	-15.84699
12003	-15.78156
12004	-15.32621
12005	-14.54242
12006	-13.50630
12007	-12.30079
12008	-10.99594
12009	-9.60129
12010	-8.13634
12011	-6.72365
12012	-5.48853
12013	-4.40092
12014	-3.28165
12015	-1.88492
12016	0.00924
12017	2.45444
12018	5.29868
12019	8.34112
12020	11.49068
12021	14.73025
12022	17.98084
12023	21.09019
12024	23.91924
12025	26.39077
12026	28.50928
12027	30.34872
12028	31.94467
12029	33.23775
12030	34.15349
12031	34.61728
12032	34.51836
12033	33.81757
12034	32.69287
12035	31.45210
12036	30.31823
12037	29.33062
12038	28.38757
12039	27.32469
12040	26.05197
12041	24.73097
12042	23.70934
12043	23.17796
12044	22.92345
12045	22.53339
12046	21.81365
12047	20.75490
12048	19.41250
12049	18.19566
12050	17.64789
12051	17.77874
12052	17.94500
12053	17.46306
12054	16.14462
12055	14.29449
12056	12.34224
12057	10.51632
12058	8.81340
12059	7.08520
12060	5.11761
12061	2.75873
12062	0.02708
12063	-2.90976
12064	-5.81674
12065	-8.45468
12066	-10.67199
12067	-12.46086
12068	-13.89921
12069	-15.06411
12070	-15.98076
12071	-16.64166
12072	-17.06492
12073	-17.25764
12074	-17.15639
12075	-16.71427
12076	-15.97348
12077	-14.99306
12078	-13.80991
12079	-12.46029
12080	-10.98390
12081	-9.45451
12082	-7.99411
12083	-6.70614
12084	-5.59825
12085	-4.53372
12086	-3.19278
12087	-1.21942
12088	1.47230
12089	4.62541
12090	7.89367
12091	11.14209
12092	14.43480
12093	17.77367
12094	21.01212
12095	23.99935
12096	26.67998
12097	29.05252
12098	31.12126
12099	32.88986
12100	34.33481
12101	35.38574
12102	35.93406
12103	35.85991
12104	35.15978
12105	34.06299
12106	32.87342
12107	31.74271
12108	30.67430
12109	29.62068
12110	28.49853
12111	27.21970
12112	25.86711
12113	24.78158
12114	24.24207
12115	24.07825
12116	23.81809
12117	23.18326
12118	22.14584
12119	20.71938
12120	19.27246
12121	18.49610
12122	18.68352
12123	19.26032
12124	19.29042
12125	18.31062
12126	16.53720
12127	14.45867
12128	12.42005
12129	10.56627
12130	8.84754
12131	7.01903
12132	4.84811
12133	2.32635
12134	-0.37082
12135	-3.03844
12136	-5.51545
12137	-7.69627
12138	-9.55996
12139	-11.16418
12140	-12.56291
12141	-13.75819
12142	-14.72692
12143	-15.46299
12144	-15.96375
12145	-16.16787
12146	-15.98456
12147	-15.39555
12148	-14.46900
12149	-13.30238
12150	-11.98106
12151	-10.55366
12152	-9.05966
12153	-7.59290
12154	-6.27503
12155	-5.14512
12156	-4.11278
12157	-2.96116
12158	-1.38529
12159	0.81193
12160	3.53341
12161	6.53286
12162	9.70940
12163	13.03651
12164	16.34742
12165	19.48807
12166	22.44012
12167	25.15413
12168	27.55093
12169	29.65419
12170	31.52429
12171	33.15285
12172	34.45465
12173	35.26360
12174	35.39798
12175	34.85481
12176	33.90818
12177	32.89269
12178	31.94705
12179	31.05469
12180	30.17727
12181	29.25417
12182	28.18395
12183	26.96852
12184	25.86140
12185	25.17310
12186	24.89401
12187	24.65586
12188	24.10509
12189	23.07508
12190	21.49589
12191	19.65404
12192	18.27393
12193	17.93366
12194	18.31052
12195	18.40073
12196	17.58618
12197	16.01962
12198	14.11904
12199	12.15060
12200	10.24038
12201	8.38817
12202	6.45190
12203	4.25644
12204	1.73317
12205	-1.02619
12206	-3.81974
12207	-6.41035
12208	-8.61734
12209	-10.42712
12210	-11.95945
12211	-13.29423
12212	-14.40980
12213	-15.28956
12214	-15.98054
12215	-16.49454
12216	-16.71984
12217	-16.53519
12218	-15.95514
12219	-15.07521
12220	-13.98146
12221	-12.74075
12222	-11.38904
12223	-9.95672
12224	-8.52473
12225	-7.19994
12226	-6.04442
12227	-5.03877
12228	-3.98673
12229	-2.46428
12230	-0.13868
12231	2.84971
12232	6.05971
12233	9.23779
12234	12.43157
12235	15.72337
12236	19.03280
12237	22.17107
12238	25.01112
12239	27.51932
12240	29.69355
12241	31.57271
12242	33.20805
12243	34.57448
12244	35.53131
12245	35.89115
12246	35.57540
12247	34.70909
12248	33.56411
12249	32.41545
12250	31.43604
12251	30.60893
12252	29.69951
12253	28.49938
12254	27.09795
12255	25.82797
12256	24.96683
12257	24.51414
12258	24.20355
12259	23.72321
12260	22.85401
12261	21.51582
12262	19.95934
12263	18.73201
12264	18.27122
12265	18.36963
12266	18.26607
12267	17.37227
12268	15.70258
12269	13.65646
12270	11.58393
12271	9.64475
12272	7.83405
12273	5.99104
12274	3.92075
12275	1.58152
12276	-0.91172
12277	-3.44758
12278	-5.91972
12279	-8.15230
12280	-10.03488
12281	-11.60360
12282	-12.92417
12283	-14.04021
12284	-14.98491
12285	-15.75332
12286	-16.30150
12287	-16.55491
12288	-16.43032
12289	-15.89811
12290	-15.00047
12291	-13.82189
12292	-12.47292
12293	-11.04692
12294	-9.59395
12295	-8.17560
12296	-6.85699
12297	-5.62760
12298	-4.43756
12299	-3.18933
12300	-1.59950
12301	0.63444
12302	3.47073
12303	6.58602
12304	9.77761
12305	13.06715
12306	16.43812
12307	19.72725
12308	22.78118
12309	25.55093
12310	28.02725
12311	30.19486
12312	32.07014
12313	33.66416
12314	34.89341
12315	35.60275
12316	35.66808
12317	35.09593
12318	34.08692
12319	32.96311
12320	31.93200
12321	30.96547
12322	29.97146
12323	28.92653
12324	27.78363
12325	26.54186
12326	25.45059
12327	24.82258
12328	24.66938
12329	24.64805
12330	24.33153
12331	23.48312
12332	22.16699
12333	20.79623
12334	19.89478
12335	19.64432
12336	19.68297
12337	19.47697
12338	18.74287
12339	17.41130
12340	15.59040
12341	13.57479
12342	11.66688
12343	9.94782
12344	8.22443
12345	6.23036
12346	3.88790
12347	1.31118
12348	-1.34342
12349	-3.90054
12350	-6.19012
12351	-8.15045
12352	-9.81864
12353	-11.24400
12354	-12.47365
12355	-13.55569
12356	-14.50126
12357	-15.26585
12358	-15.75521
12359	-15.85955
12360	-15.53446
12361	-14.82202
12362	-13.80086
12363	-12.56565
12364	-11.19595
12365	-9.70861
12366	-8.11754
12367	-6.54522
12368	-5.16001
12369	-3.97809
12370	-2.81308
12371	-1.39994
12372	0.50837
12373	3.06239
12374	6.14766
12375	9.40112
12376	12.57475
12377	15.70183
12378	18.81787
12379	21.78809
12380	24.47237
12381	26.85510
12382	28.96529
12383	30.81545
12384	32.42561
12385	33.78574
12386	34.78591
12387	35.25914
12388	35.14069
12389	34.56797
12390	33.79671
12391	33.03081
12392	32.32322
12393	31.60171
12394	30.79838
12395	29.94296
12396	29.03137
12397	28.01295
12398	27.07781
12399	26.57619
12400	26.54807
12401	26.55123
12402	26.09619
12403	25.08119
12404	23.72987
12405	22.45377
12406	21.71828
12407	21.72295
12408	22.03269
12409	21.86567
12410	20.83997
12411	19.16678
12412	17.23650
12413	15.33158
12414	13.58410
12415	11.93494
12416	10.15907
12417	8.04007
12418	5.54241
12419	2.78749
12420	-0.05931
12421	-2.79443
12422	-5.20757
12423	-7.20953
12424	-8.85788
12425	-10.25988
12426	-11.50879
12427	-12.66641
12428	-13.74154
12429	-14.67451
12430	-15.34658
12431	-15.63414
12432	-15.48121
12433	-14.89882
12434	-13.93997
12435	-12.72083
12436	-11.37489
12437	-9.95975
12438	-8.50528
12439	-7.11769
12440	-5.89365
12441	-4.79790
12442	-3.70521
12443	-2.38247
12444	-0.48994
12445	2.11806
12446	5.19307
12447	8.38511
12448	11.59208
12449	14.87199
12450	18.17628
12451	21.33573
12452	24.23254
12453	26.83490
12454	29.09903
12455	31.00850
12456	32.64005
12457	34.06146
12458	35.22086
12459	35.95448
12460	36.09262
12461	35.61155
12462	34.69670
12463	33.63385
12464	32.62424
12465	31.70669
12466	30.83813
12467	29.96507
12468	28.99940
12469	27.93785
12470	27.01542
12471	26.48168
12472	26.26500
12473	25.99024
12474	25.26667
12475	23.87662
12476	22.01083
12477	20.46667
12478	20.05216
12479	20.70500
12480	21.35837
12481	21.00432
12482	19.58457
12483	17.68891
12484	15.82518
12485	14.15967
12486	12.65229
12487	11.16609
12488	9.50801
12489	7.50730
12490	5.12823
12491	2.49672
12492	-0.22315
12493	-2.89927
12494	-5.36821
12495	-7.48454
12496	-9.23752
12497	-10.71945
12498	-12.03308
12499	-13.24915
12500	-14.36690
12501	-15.29308
12502	-15.90460
12503	-16.12167
12504	-15.91435
12505	-15.28986
12506	-14.30088
12507	-13.05288
12508	-11.65712
12509	-10.16925
12510	-8.63170
12511	-7.15735
12512	-5.87260
12513	-4.78864
12514	-3.78517
12515	-2.60396
12516	-0.87973
12517	1.57369
12518	4.56284
12519	7.74205
12520	10.92807
12521	14.11525
12522	17.31652
12523	20.48959
12524	23.50917
12525	26.20358
12526	28.50687
12527	30.48228
12528	32.19091
12529	33.64869
12530	34.81902
12531	35.56489
12532	35.71494
12533	35.22856
12534	34.28312
12535	33.17834
12536	32.14480
12537	31.26312
12538	30.50239
12539	29.74737
12540	28.83677
12541	27.74327
12542	26.71563
12543	26.09197
12544	25.91671
12545	25.81966
12546	25.28084
12547	23.97005
12548	22.13240
12549	20.56539
12550	19.89491
12551	19.93006
12552	19.89004
12553	19.24352
12554	18.05750
12555	16.65656
12556	15.21363
12557	13.73077
12558	12.18668
12559	10.52849
12560	8.62562
12561	6.35869
12562	3.73437
12563	0.85841
12564	-2.11555
12565	-4.97066
12566	-7.50944
12567	-9.66124
12568	-11.44782
12569	-12.92625
12570	-14.15707
12571	-15.14326
12572	-15.84763
12573	-16.26954
12574	-16.40430
12575	-16.19032
12576	-15.59334
12577	-14.67431
12578	-13.54153
12579	-12.28511
12580	-10.94285
12581	-9.51260
12582	-8.03109
12583	-6.62164
12584	-5.40140
12585	-4.36574
12586	-3.33657
12587	-1.97416
12588	0.01621
12589	2.64331
12590	5.65648
12591	8.80309
12592	12.00934
12593	15.28070
12594	18.54478
12595	21.68327
12596	24.61144
12597	27.25770
12598	29.57454
12599	31.57260
12600	33.26569
12601	34.63520
12602	35.62723
12603	36.14901
12604	36.09634
12605	35.43673
12606	34.33717
12607	33.09986
12608	31.90815
12609	30.78994
12610	29.76253
12611	28.81230
12612	27.83972
12613	26.81453
12614	25.93316
12615	25.43027
12616	25.22795
12617	24.96083
12618	24.35717
12619	23.30703
12620	21.76257
12621	20.10168
12622	19.02151
12623	18.85360
12624	19.19153
12625	19.19179
12626	18.26698
12627	16.50895
12628	14.40546
12629	12.36213
12630	10.58327
12631	9.03176
12632	7.43725
12633	5.52638
12634	3.23007
12635	0.64153
12636	-2.07543
12637	-4.70551
12638	-7.06804
12639	-9.10486
12640	-10.83666
12641	-12.28605
12642	-13.48057
12643	-14.46413
12644	-15.25106
12645	-15.80361
12646	-16.06585
12647	-15.99450
12648	-15.57327
12649	-14.81115
12650	-13.76233
12651	-12.54485
12652	-11.24977
12653	-9.85844
12654	-8.35895
12655	-6.86924
12656	-5.54963
12657	-4.42336
12658	-3.26173
12659	-1.64269
12660	0.72727
12661	3.71892
12662	6.94724
12663	10.17885
12664	13.41779
12665	16.70428
12666	19.99504
12667	23.19565
12668	26.18571
12669	28.84709
12670	31.14010
12671	33.10302
12672	34.76353
12673	36.07261
12674	36.90318
12675	37.10820
12676	36.62703
12677	35.59228
12678	34.32848
12679	33.14475
12680	32.10704
12681	31.12666
12682	30.18173
12683	29.22676
12684	28.11218
12685	26.85789
12686	25.73232
12687	24.94681
12688	24.42974
12689	23.91028
12690	23.11834
12691	21.88313
12692	20.43275
12693	19.51178
12694	19.59338
12695	20.14212
12696	20.11737
12697	19.06939
12698	17.27398
12699	15.23739
12700	13.38149
12701	11.89217
12702	10.63188
12703	9.25808
12704	7.48961
12705	5.25390
12706	2.67041
12707	-0.04313
12708	-2.69091
12709	-5.16247
12710	-7.41320
12711	-9.40673
12712	-11.10818
12713	-12.53815
12714	-13.76362
12715	-14.81485
12716	-15.64346
12717	-16.18196
12718	-16.41521
12719	-16.34463
12720	-15.92019
12721	-15.10232
12722	-13.96727
12723	-12.65292
12724	-11.22285
12725	-9.69281
12726	-8.15982
12727	-6.76018
12728	-5.53052
12729	-4.40447
12730	-3.19616
12731	-1.54681
12732	0.83003
12733	3.82254
12734	7.06501
12735	10.34953
12736	13.69895
12737	17.11050
12738	20.43682
12739	23.51695
12740	26.27489
12741	28.70999
12742	30.84844
12743	32.68137
12744	34.17446
12745	35.31743
12746	36.07410
12747	36.32481
12748	36.00083
12749	35.26028
12750	34.38126
12751	33.50251
12752	32.59159
12753	31.61341
12754	30.61728
12755	29.60881
12756	28.50938
12757	27.37616
12758	26.46065
12759	25.89250
12760	25.45275
12761	24.85238
12762	23.98409
12763	22.65911
12764	20.75195
12765	18.97818
12766	18.41888
12767	19.15724
12768	19.94490
12769	19.57685
12770	17.97573
12771	15.79372
12772	13.63479
12773	11.77279
12774	10.20461
12775	8.68958
12776	6.88030
12777	4.58584
12778	1.90552
12779	-0.89856
12780	-3.59436
12781	-6.04664
12782	-8.19458
12783	-10.02643
12784	-11.58670
12785	-12.95451
12786	-14.17168
12787	-15.21562
12788	-16.03208
12789	-16.56968
12790	-16.78234
12791	-16.62502
12792	-16.07785
12793	-15.14898
12794	-13.88013
12795	-12.39298
12796	-10.83304
12797	-9.25019
12798	-7.67171
12799	-6.21744
12800	-4.98069
12801	-3.88284
12802	-2.68123
12803	-1.04336
12804	1.29092
12805	4.30203
12806	7.69655
12807	11.18929
12808	14.67615
12809	18.12041
12810	21.45289
12811	24.57425
12812	27.34359
12813	29.64439
12814	31.50825
12815	33.09213
12816	34.51176
12817	35.69962
12818	36.42313
12819	36.47824
12820	35.89318
12821	34.92690
12822	33.86967
12823	32.88396
12824	32.00158
12825	31.15293
12826	30.19189
12827	28.98926
12828	27.55769
12829	26.13162
12830	25.05613
12831	24.48780
12832	24.19442
12833	23.76954
12834	23.00451
12835	21.93397
12836	20.74194
12837	19.74605
12838	19.24938
12839	19.13266
12840	18.83740
12841	17.92884
12842	16.45426
12843	14.71995
12844	12.95523
12845	11.21998
12846	9.43548
12847	7.46506
12848	5.20650
12849	2.64914
12850	-0.12608
12851	-2.99376
12852	-5.77925
12853	-8.26695
12854	-10.32635
12855	-11.96951
12856	-13.24916
12857	-14.17605
12858	-14.79202
12859	-15.24859
12860	-15.62704
12861	-15.80895
12862	-15.68308
12863	-15.25054
12864	-14.53424
12865	-13.56828
12866	-12.41089
12867	-11.10607
12868	-9.67731
12869	-8.19193
12870	-6.77922
12871	-5.51398
12872	-4.35348
12873	-3.15014
12874	-1.61223
12875	0.54840
12876	3.34630
12877	6.54303
12878	9.87427
12879	13.19978
12880	16.49896
12881	19.77127
12882	22.92755
12883	25.79909
12884	28.28287
12885	30.40760
12886	32.24295
12887	33.82410
12888	35.13800
12889	36.08486
12890	36.47778
12891	36.19364
12892	35.33776
12893	34.20949
12894	33.08046
12895	31.99673
12896	30.85181
12897	29.65453
12898	28.49896
12899	27.34593
12900	26.20103
12901	25.34718
12902	25.03089
12903	25.11529
12904	25.16594
12905	24.79300
12906	23.76905
12907	22.12193
12908	20.42641
12909	19.46765
12910	19.42792
12911	19.63083
12912	19.27594
12913	18.11574
12914	16.43835
12915	14.65127
12916	12.94310
12917	11.29897
12918	9.62775
12919	7.78766
12920	5.63746
12921	3.17702
12922	0.56695
12923	-2.01430
12924	-4.46278
12925	-6.74599
12926	-8.84795
12927	-10.69034
12928	-12.16946
12929	-13.30306
12930	-14.24778
12931	-15.13563
12932	-15.95471
12933	-16.58107
12934	-16.85491
12935	-16.65899
12936	-15.98741
12937	-14.94615
12938	-13.70030
12939	-12.38511
12940	-11.05322
12941	-9.74451
12942	-8.54720
12943	-7.53234
12944	-6.65710
12945	-5.74032
12946	-4.46694
12947	-2.50039
12948	0.21231
12949	3.35953
12950	6.63424
12951	9.97644
12952	13.40952
12953	16.86396
12954	20.19011
12955	23.23798
12956	25.93829
12957	28.32478
12958	30.44678
12959	32.31208
12960	33.89756
12961	35.10862
12962	35.77268
12963	35.77166
12964	35.16026
12965	34.16400
12966	33.07549
12967	32.08800
12968	31.20441
12969	30.33263
12970	29.39517
12971	28.30114
12972	27.03435
12973	25.82978
12974	25.03887
12975	24.75471
12976	24.64875
12977	24.28129
12978	23.42133
12979	22.07349
12980	20.61687
12981	19.70926
12982	19.67199
12983	20.03035
12984	19.95066
12985	19.01068
12986	17.36813
12987	15.44062
12988	13.54251
12989	11.75917
12990	10.00041
12991	8.08867
12992	5.87101
12993	3.32970
12994	0.57515
12995	-2.23296
12996	-4.89533
12997	-7.22556
12998	-9.16773
12999	-10.78258
13000	-12.13688
13001	-13.28257
13002	-14.26965
13003	-15.10283
13004	-15.72946
13005	-16.06154
13006	-15.99062
13007	-15.45003
13008	-14.47711
13009	-13.20157
13010	-11.78491
13011	-10.34357
13012	-8.91659
13013	-7.50859
13014	-6.14531
13015	-4.88565
13016	-3.77510
13017	-2.73395
13018	-1.45569
13019	0.44658
13020	3.06219
13021	6.09487
13022	9.21017
13023	12.31891
13024	15.52512
13025	18.79904
13026	21.86380
13027	24.58486
13028	27.05391
13029	29.25105
13030	31.09481
13031	32.61309
13032	33.82330
13033	34.65117
13034	34.96530
13035	34.66214
13036	33.82850
13037	32.76655
13038	31.76303
13039	30.87495
13040	29.99576
13041	29.05593
13042	28.03215
13043	26.87938
13044	25.66825
13045	24.67955
13046	24.16602
13047	24.04291
13048	23.93591
13049	23.48917
13050	22.49959
13051	21.09075
13052	19.78883
13053	19.06903
13054	18.83533
13055	18.51340
13056	17.64290
13057	16.23885
13058	14.64693
13059	13.12895
13060	11.65901
13061	10.06417
13062	8.22704
13063	6.10516
13064	3.67901
13065	0.99335
13066	-1.83442
13067	-4.64481
13068	-7.22699
13069	-9.41262
13070	-11.21933
13071	-12.77119
13072	-14.11663
13073	-15.21562
13074	-16.02691
13075	-16.54465
13076	-16.76595
13077	-16.64244
13078	-16.12445
13079	-15.24514
13080	-14.10036
13081	-12.79781
13082	-11.43136
13083	-10.04934
13084	-8.68461
13085	-7.41377
13086	-6.29986
13087	-5.30147
13088	-4.26026
13089	-2.88939
13090	-0.87066
13091	1.84672
13092	4.97182
13093	8.22027
13094	11.54359
13095	14.95377
13096	18.35370
13097	21.57379
13098	24.47042
13099	26.99692
13100	29.19090
13101	31.10656
13102	32.77397
13103	34.18116
13104	35.21518
13105	35.66298
13106	35.39779
13107	34.55371
13108	33.45251
13109	32.37638
13110	31.43918
13111	30.61519
13112	29.83093
13113	28.97676
13114	27.89285
13115	26.60864
13116	25.47939
13117	24.83712
13118	24.61125
13119	24.38712
13120	23.74751
13121	22.44164
13122	20.58458
13123	18.89386
13124	18.21994
13125	18.61302
13126	19.13669
13127	18.84449
13128	17.53580
13129	15.58807
13130	13.47496
13131	11.53293
13132	9.87585
13133	8.30874
13134	6.49927
13135	4.27969
13136	1.71510
13137	-1.01723
13138	-3.72864
13139	-6.24343
13140	-8.42975
13141	-10.25466
13142	-11.75662
13143	-12.96776
13144	-13.91078
13145	-14.64171
13146	-15.19375
13147	-15.48718
13148	-15.42075
13149	-14.99676
13150	-14.27451
13151	-13.29825
13152	-12.10744
13153	-10.74311
13154	-9.25007
13155	-7.69914
13156	-6.18367
13157	-4.79373
13158	-3.55828
13159	-2.34568
13160	-0.86363
13161	1.15794
13162	3.77803
13163	6.84632
13164	10.14531
13165	13.52018
13166	16.91194
13167	20.27627
13168	23.49265
13169	26.37826
13170	28.80381
13171	30.77946
13172	32.40664
13173	33.78199
13174	34.91806
13175	35.68204
13176	35.88112
13177	35.45441
13178	34.53004
13179	33.32656
13180	32.04659
13181	30.83783
13182	29.78810
13183	28.88701
13184	27.99369
13185	26.94811
13186	25.84000
13187	25.03865
13188	24.79140
13189	24.90510
13190	24.89087
13191	24.37758
13192	23.18494
13193	21.35262
13194	19.47633
13195	18.39199
13196	18.37898
13197	18.79922
13198	18.69562
13199	17.70964
13200	16.17676
13201	14.51757
13202	12.90105
13203	11.36048
13204	9.81682
13205	8.05759
13206	5.90162
13207	3.32811
13208	0.45620
13209	-2.47423
13210	-5.18161
13211	-7.51913
13212	-9.50427
13213	-11.18448
13214	-12.58938
13215	-13.77892
13216	-14.79917
13217	-15.62471
13218	-16.20781
13219	-16.48816
13220	-16.37337
13221	-15.81784
13222	-14.87890
13223	-13.67099
13224	-12.30137
13225	-10.83242
13226	-9.30869
13227	-7.83674
13228	-6.57335
13229	-5.55527
13230	-4.61700
13231	-3.51191
13232	-1.98066
13233	0.17274
13234	2.88423
13235	5.87513
13236	8.95664
13237	12.11823
13238	15.34557
13239	18.53428
13240	21.55157
13241	24.29665
13242	26.73787
13243	28.88333
13244	30.73166
13245	32.28146
13246	33.51777
13247	34.34299
13248	34.57452
13249	34.12270
13250	33.16520
13251	32.05082
13252	31.03756
13253	30.14484
13254	29.27212
13255	28.41008
13256	27.57440
13257	26.69361
13258	25.81766
13259	25.23045
13260	25.14263
13261	25.37898
13262	25.48121
13263	25.03372
13264	23.83598
13265	22.17555
13266	20.78921
13267	20.12282
13268	19.87446
13269	19.44157
13270	18.54667
13271	17.24094
13272	15.71546
13273	14.16956
13274	12.64278
13275	11.00822
13276	9.13877
13277	6.98131
13278	4.52744
13279	1.84720
13280	-0.88083
13281	-3.45168
13282	-5.72673
13283	-7.66673
13284	-9.31986
13285	-10.74933
13286	-12.00078
13287	-13.11512
13288	-14.11620
13289	-15.00979
13290	-15.72781
13291	-16.08958
13292	-15.95313
13293	-15.35386
13294	-14.42519
13295	-13.27823
13296	-12.00381
13297	-10.67889
13298	-9.33912
13299	-8.02579
13300	-6.81008
13301	-5.69696
13302	-4.60750
13303	-3.42342
13304	-1.90258
13305	0.23753
13306	2.98721
13307	6.04972
13308	9.22575
13309	12.49888
13310	15.80765
13311	19.03031
13312	22.05043
13313	24.72596
13314	27.00997
13315	29.02682
13316	30.86278
13317	32.43748
13318	33.63648
13319	34.40219
13320	34.68624
13321	34.44046
13322	33.69920
13323	32.63576
13324	31.46491
13325	30.31906
13326	29.26758
13327	28.34502
13328	27.47808
13329	26.52865
13330	25.55019
13331	24.86257
13332	24.67392
13333	24.74338
13334	24.61500
13335	24.01965
13336	22.79601
13337	20.99062
13338	19.26866
13339	18.44357
13340	18.59166
13341	18.89562
13342	18.51303
13343	17.28597
13344	15.56437
13345	13.71111
13346	11.90206
13347	10.16968
13348	8.41139
13349	6.42611
13350	4.08119
13351	1.43802
13352	-1.30842
13353	-3.96165
13354	-6.37014
13355	-8.43479
13356	-10.14674
13357	-11.56163
13358	-12.73483
13359	-13.71729
13360	-14.54484
13361	-15.21514
13362	-15.68864
13363	-15.88740
13364	-15.72072
13365	-15.14706
13366	-14.21748
13367	-13.05667
13368	-11.78340
13369	-10.45376
13370	-9.08285
13371	-7.70103
13372	-6.37279
13373	-5.15611
13374	-4.04513
13375	-2.87152
13376	-1.28854
13377	0.94843
13378	3.75287
13379	6.87432
13380	10.12588
13381	13.41686
13382	16.69228
13383	19.85988
13384	22.79643
13385	25.43777
13386	27.77972
13387	29.81321
13388	31.54120
13389	33.00211
13390	34.20771
13391	35.06623
13392	35.42316
13393	35.21273
13394	34.52998
13395	33.56192
13396	32.50864
13397	31.53260
13398	30.67747
13399	29.84113
13400	28.87132
13401	27.67317
13402	26.36241
13403	25.26694
13404	24.62859
13405	24.34205
13406	24.05055
13407	23.46053
13408	22.41335
13409	20.93797
13410	19.51604
13411	18.77874
13412	18.85731
13413	19.14830
13414	18.82020
13415	17.54900
13416	15.65207
13417	13.56770
13418	11.54680
13419	9.69608
13420	7.92347
13421	5.97663
13422	3.67763
13423	1.02586
13424	-1.83518
13425	-4.64178
13426	-7.11232
13427	-9.11945
13428	-10.73851
13429	-12.08796
13430	-13.19946
13431	-14.08802
13432	-14.81707
13433	-15.42608
13434	-15.85522
13435	-15.99018
13436	-15.77232
13437	-15.21686
13438	-14.35046
13439	-13.21607
13440	-11.90484
13441	-10.50101
13442	-9.04134
13443	-7.58789
13444	-6.26304
13445	-5.12194
13446	-4.05160
13447	-2.80581
13448	-1.07916
13449	1.29830
13450	4.17712
13451	7.27668
13452	10.49471
13453	13.85410
13454	17.28619
13455	20.61040
13456	23.65819
13457	26.36317
13458	28.74039
13459	30.80413
13460	32.53835
13461	33.92065
13462	34.91988
13463	35.47339
13464	35.52027
13465	35.07143
13466	34.24690
13467	33.24119
13468	32.18986
13469	31.11094
13470	30.06067
13471	29.17642
13472	28.42419
13473	27.58163
13474	26.65277
13475	25.92972
13476	25.57241
13477	25.41401
13478	25.09794
13479	24.26664
13480	22.75003
13481	20.91662
13482	19.59907
13483	19.34894
13484	19.76826
13485	19.85975
13486	19.01244
13487	17.40804
13488	15.55740
13489	13.75798
13490	12.05037
13491	10.33395
13492	8.45097
13493	6.28377
13494	3.81327
13495	1.13771
13496	-1.55370
13497	-4.06152
13498	-6.25839
13499	-8.12646
13500	-9.71886
13501	-11.09474
13502	-12.32355
13503	-13.47690
13504	-14.54785
13505	-15.43855
13506	-16.01126
13507	-16.12992
13508	-15.74207
13509	-14.92438
13510	-13.81747
13511	-12.55509
13512	-11.23655
13513	-9.92274
13514	-8.66610
13515	-7.51104
13516	-6.44522
13517	-5.40434
13518	-4.30114
13519	-2.96158
13520	-1.11559
13521	1.37180
13522	4.32597
13523	7.47742
13524	10.72939
13525	14.08016
13526	17.43890
13527	20.64472
13528	23.58867
13529	26.25052
13530	28.63267
13531	30.71558
13532	32.49258
13533	33.97504
13534	35.11774
13535	35.77296
13536	35.77984
13537	35.13689
13538	34.07127
13539	32.89754
13540	31.79123
13541	30.73950
13542	29.73618
13543	28.88898
13544	28.21495
13545	27.55323
13546	26.86459
13547	26.33709
13548	26.10271
13549	26.01517
13550	25.69188
13551	24.70478
13552	23.00101
13553	21.27867
13554	20.42986
13555	20.66489
13556	21.26935
13557	21.23418
13558	20.12990
13559	18.31204
13560	16.33907
13561	14.45969
13562	12.65571
13563	10.81037
13564	8.75460
13565	6.35832
13566	3.64625
13567	0.77831
13568	-2.04539
13569	-4.64309
13570	-6.89403
13571	-8.78588
13572	-10.40128
13573	-11.81589
13574	-13.05035
13575	-14.11348
13576	-15.00900
13577	-15.71140
13578	-16.15215
13579	-16.22298
13580	-15.83735
13581	-15.00953
13582	-13.86626
13583	-12.57620
13584	-11.23688
13585	-9.85384
13586	-8.45348
13587	-7.13952
13588	-6.00198
13589	-5.01058
13590	-3.97735
13591	-2.59095
13592	-0.57272
13593	2.10940
13594	5.22826
13595	8.52009
13596	11.87781
13597	15.30404
13598	18.72066
13599	21.95621
13600	24.89937
13601	27.51173
13602	29.77986
13603	31.76652
13604	33.54912
13605	35.07985
13606	36.21985
13607	36.84145
13608	36.85199
13609	36.24747
13610	35.20643
13611	34.01657
13612	32.85267
13613	31.73052
13614	30.62626
13615	29.48413
13616	28.18307
13617	26.72851
13618	25.42586
13619	24.61231
13620	24.25084
13621	23.94282
13622	23.37909
13623	22.56612
13624	21.64122
13625	20.72364
13626	19.91109
13627	19.23870
13628	18.62356
13629	17.85167
13630	16.67831
13631	15.07274
13632	13.24825
13633	11.39334
13634	9.50357
13635	7.44687
13636	5.09825
13637	2.43035
13638	-0.47067
13639	-3.43895
13640	-6.29711
13641	-8.90581
13642	-11.15993
13643	-12.98751
13644	-14.37250
13645	-15.38566
13646	-16.14610
13647	-16.72729
13648	-17.13119
13649	-17.28982
13650	-17.08688
13651	-16.47707
13652	-15.55241
13653	-14.42864
13654	-13.17002
13655	-11.84154
13656	-10.50195
13657	-9.18395
13658	-7.95249
13659	-6.87555
13660	-5.90421
13661	-4.83062
13662	-3.33107
13663	-1.12431
13664	1.77374
13665	5.02032
13666	8.30866
13667	11.63283
13668	15.06392
13669	18.49795
13670	21.76191
13671	24.77625
13672	27.51792
13673	29.95264
13674	32.04894
13675	33.80850
13676	35.27767
13677	36.46447
13678	37.23035
13679	37.36406
13680	36.79483
13681	35.71509
13682	34.47619
13683	33.33390
13684	32.30542
13685	31.28782
13686	30.24740
13687	29.16660
13688	28.02748
13689	26.99467
13690	26.33440
13691	26.08148
13692	25.91778
13693	25.43746
13694	24.41742
13695	22.91767
13696	21.44850
13697	20.73610
13698	21.01032
13699	21.61013
13700	21.56457
13701	20.47638
13702	18.69928
13703	16.82018
13704	15.11728
13705	13.53769
13706	11.90222
13707	10.01306
13708	7.75283
13709	5.16087
13710	2.38574
13711	-0.41360
13712	-3.07895
13713	-5.43687
13714	-7.38549
13715	-8.97997
13716	-10.37740
13717	-11.70822
13718	-13.00105
13719	-14.20128
13720	-15.22073
13721	-15.93905
13722	-16.20626
13723	-15.92922
13724	-15.14774
13725	-14.00072
13726	-12.63811
13727	-11.15899
13728	-9.61853
13729	-8.07941
13730	-6.63187
13731	-5.35335
13732	-4.25042
13733	-3.23827
13734	-2.08592
13735	-0.40082
13736	2.07082
13737	5.11612
13738	8.30035
13739	11.45344
13740	14.66771
13741	17.96845
13742	21.19673
13743	24.16995
13744	26.80770
13745	29.09405
13746	31.03664
13747	32.67322
13748	34.03950
13749	35.10258
13750	35.75686
13751	35.89926
13752	35.49510
13753	34.63906
13754	33.55352
13755	32.41687
13756	31.26958
13757	30.14087
13758	29.07151
13759	27.99874
13760	26.83492
13761	25.68972
13762	24.86244
13763	24.53737
13764	24.44641
13765	24.05498
13766	23.12755
13767	21.86686
13768	20.67537
13769	19.91031
13770	19.65494
13771	19.59888
13772	19.24279
13773	18.25530
13774	16.66889
13775	14.79745
13776	12.95236
13777	11.25870
13778	9.62006
13779	7.81564
13780	5.68976
13781	3.25396
13782	0.62962
13783	-2.04938
13784	-4.62321
13785	-6.89116
13786	-8.74434
13787	-10.25095
13788	-11.56112
13789	-12.79650
13790	-13.96930
13791	-14.96648
13792	-15.66999
13793	-16.02355
13794	-15.99844
13795	-15.59201
13796	-14.82618
13797	-13.75417
13798	-12.49201
13799	-11.15959
13800	-9.80219
13801	-8.44875
13802	-7.16359
13803	-5.99322
13804	-4.93155
13805	-3.86741
13806	-2.50807
13807	-0.50191
13808	2.23957
13809	5.43622
13810	8.76601
13811	12.13335
13812	15.53148
13813	18.89148
13814	22.12798
13815	25.15092
13816	27.83129
13817	30.07930
13818	31.93950
13819	33.53799
13820	34.92857
13821	36.01613
13822	36.63285
13823	36.68205
13824	36.21637
13825	35.41209
13826	34.47422
13827	33.51237
13828	32.52818
13829	31.51339
13830	30.45609
13831	29.28432
13832	27.97793
13833	26.71548
13834	25.72219
13835	25.03074
13836	24.41171
13837	23.60082
13838	22.61658
13839	21.66375
13840	20.85118
13841	20.23863
13842	19.90915
13843	19.80624
13844	19.55426
13845	18.73065
13846	17.30504
13847	15.57766
13848	13.78665
13849	12.00246
13850	10.21824
13851	8.34430
13852	6.21903
13853	3.74400
13854	0.97580
13855	-1.90448
13856	-4.64990
13857	-7.06365
13858	-9.10509
13859	-10.85209
13860	-12.35316
13861	-13.55945
13862	-14.46612
13863	-15.20078
13864	-15.85569
13865	-16.35077
13866	-16.52579
13867	-16.30323
13868	-15.71240
13869	-14.81493
13870	-13.68919
13871	-12.42203
13872	-11.06069
13873	-9.62532
13874	-8.18639
13875	-6.88327
13876	-5.79188
13877	-4.80069
13878	-3.65348
13879	-2.04925
13880	0.22248
13881	3.10821
13882	6.30047
13883	9.53068
13884	12.76102
13885	16.01213
13886	19.19799
13887	22.18999
13888	24.87815
13889	27.19236
13890	29.17375
13891	30.95706
13892	32.60552
13893	34.02751
13894	35.07023
13895	35.60126
13896	35.55252
13897	34.99484
13898	34.14011
13899	33.19267
13900	32.22790
13901	31.25742
13902	30.29530
13903	29.30393
13904	28.19363
13905	27.01278
13906	26.02756
13907	25.44189
13908	25.11756
13909	24.69561
13910	23.90608
13911	22.62772
13912	21.02612
13913	19.69244
13914	19.21527
13915	19.48424
13916	19.67682
13917	19.05752
13918	17.57840
13919	15.74077
13920	13.96856
13921	12.32739
13922	10.73360
13923	9.07034
13924	7.17894
13925	4.95153
13926	2.41830
13927	-0.26241
13928	-2.89449
13929	-5.34013
13930	-7.52110
13931	-9.39292
13932	-10.95890
13933	-12.27503
13934	-13.43452
13935	-14.52204
13936	-15.52914
13937	-16.33408
13938	-16.79414
13939	-16.81614
13940	-16.37174
13941	-15.51717
13942	-14.38277
13943	-13.11683
13944	-11.81291
13945	-10.50477
13946	-9.22378
13947	-8.00163
13948	-6.84932
13949	-5.76154
13950	-4.67317
13951	-3.35842
13952	-1.48497
13953	1.08876
13954	4.15069
13955	7.39322
13956	10.69906
13957	14.03592
13958	17.32470
13959	20.50317
13960	23.49540
13961	26.19550
13962	28.57896
13963	30.69253
13964	32.54227
13965	34.05728
13966	35.12428
13967	35.64260
13968	35.54840
13969	34.86595
13970	33.80885
13971	32.67741
13972	31.57907
13973	30.47163
13974	29.43684
13975	28.61226
13976	27.92403
13977	27.14464
13978	26.28024
13979	25.62901
13980	25.33802
13981	25.16097
13982	24.75739
13983	24.00521
13984	22.84115
13985	21.36007
13986	20.14993
13987	19.87695
13988	20.48911
13989	21.01453
13990	20.47747
13991	18.81231
13992	16.66032
13993	14.58347
13994	12.75546
13995	11.06404
13996	9.25820
13997	7.11745
13998	4.60263
13999	1.87234
14000	-0.88907
14001	-3.57714
14002	-6.07807
14003	-8.27762
14004	-10.16173
14005	-11.78035
14006	-13.15597
14007	-14.29914
14008	-15.23418
14009	-15.92522
14010	-16.27325
14011	-16.24487
14012	-15.89437
14013	-15.26273
14014	-14.36356
14015	-13.24685
14016	-11.99023
14017	-10.64061
14018	-9.23521
14019	-7.86412
14020	-6.61777
14021	-5.49146
14022	-4.40865
14023	-3.18802
14024	-1.50062
14025	0.87190
14026	3.78549
14027	6.91460
14028	10.09464
14029	13.35266
14030	16.67497
14031	19.92360
14032	22.95872
14033	25.69837
14034	28.10112
14035	30.20002
14036	32.08933
14037	33.79536
14038	35.17949
14039	36.01505
14040	36.18154
14041	35.75415
14042	34.93615
14043	33.93026
14044	32.84275
14045	31.71897
14046	30.60981
14047	29.52381
14048	28.37980
14049	27.12959
14050	25.94243
14051	25.09266
14052	24.62710
14053	24.27228
14054	23.70377
14055	22.74517
14056	21.34426
14057	19.79481
14058	18.79458
14059	18.84965
14060	19.52713
14061	19.73181
14062	18.80359
14063	16.98287
14064	14.86124
14065	12.78831
14066	10.90004
14067	9.18233
14068	7.40593
14069	5.31898
14070	2.86699
14071	0.16783
14072	-2.57836
14073	-5.14701
14074	-7.37721
14075	-9.24427
14076	-10.81576
14077	-12.14363
14078	-13.26580
14079	-14.23892
14080	-15.07805
14081	-15.73465
14082	-16.13398
14083	-16.20013
14084	-15.87532
14085	-15.14684
14086	-14.07622
14087	-12.79690
14088	-11.42971
14089	-10.01571
14090	-8.59948
14091	-7.28273
14092	-6.12027
14093	-5.07087
14094	-4.03424
14095	-2.78498
14096	-0.97013
14097	1.57041
14098	4.59199
14099	7.75595
14100	10.95341
14101	14.22254
14102	17.53699
14103	20.74117
14104	23.64528
14105	26.15037
14106	28.26780
14107	30.07629
14108	31.68607
14109	33.14061
14110	34.31877
14111	35.00990
14112	35.07177
14113	34.52194
14114	33.56510
14115	32.49913
14116	31.50986
14117	30.60195
14118	29.71918
14119	28.81352
14120	27.78132
14121	26.56230
14122	25.36590
14123	24.53380
14124	24.16916
14125	24.00887
14126	23.63136
14127	22.68089
14128	21.06024
14129	19.27236
14130	18.18646
14131	18.21375
14132	18.84178
14133	19.09428
14134	18.40920
14135	16.92487
14136	15.09591
14137	13.26917
14138	11.55174
14139	9.83221
14140	7.89655
14141	5.60874
14142	3.00993
14143	0.24824
14144	-2.50703
14145	-5.06292
14146	-7.26038
14147	-9.08311
14148	-10.60876
14149	-11.88357
14150	-12.94790
14151	-13.88498
14152	-14.73913
14153	-15.47435
14154	-16.00467
14155	-16.20203
14156	-15.96831
14157	-15.32641
14158	-14.37335
14159	-13.19620
14160	-11.88712
14161	-10.54810
14162	-9.23425
14163	-7.98104
14164	-6.85076
14165	-5.85086
14166	-4.88847
14167	-3.75464
14168	-2.09001
14169	0.34593
14170	3.34077
14171	6.48385
14172	9.64357
14173	12.89120
14174	16.19860
14175	19.44275
14176	22.47024
14177	25.13513
14178	27.43383
14179	29.50082
14180	31.41919
14181	33.13992
14182	34.53928
14183	35.44355
14184	35.68594
14185	35.23723
14186	34.28639
14187	33.15295
14188	32.07045
14189	31.09992
14190	30.20479
14191	29.31461
14192	28.34646
14193	27.30775
14194	26.39343
14195	25.80177
14196	25.50224
14197	25.21756
14198	24.63103
14199	23.55991
14200	22.07372
14201	20.66113
14202	19.96262
14203	20.09988
14204	20.39371
14205	20.06180
14206	18.92236
14207	17.29497
14208	15.58616
14209	14.03549
14210	12.64276
14211	11.21016
14212	9.50621
14213	7.41631
14214	4.97866
14215	2.33170
14216	-0.40006
14217	-3.12479
14218	-5.69102
14219	-7.93035
14220	-9.78474
14221	-11.29901
14222	-12.55172
14223	-13.63786
14224	-14.63272
14225	-15.52742
14226	-16.23318
14227	-16.64238
14228	-16.67117
14229	-16.28043
14230	-15.48415
14231	-14.35829
14232	-13.02075
14233	-11.57007
14234	-10.08268
14235	-8.66258
14236	-7.41705
14237	-6.37714
14238	-5.44407
14239	-4.37595
14240	-2.86509
14241	-0.71788
14242	2.00828
14243	5.06520
14244	8.24802
14245	11.52514
14246	14.89065
14247	18.22207
14248	21.35057
14249	24.15912
14250	26.61339
14251	28.77414
14252	30.70932
14253	32.40515
14254	33.78399
14255	34.71849
14256	35.06530
14257	34.79489
14258	34.08039
14259	33.20000
14260	32.33373
14261	31.49717
14262	30.65946
14263	29.83275
14264	29.00999
14265	28.10765
14266	27.09272
14267	26.15971
14268	25.57978
14269	25.27023
14270	24.78821
14271	23.87724
14272	22.67978
14273	21.49905
14274	20.64686
14275	20.27547
14276	20.23185
14277	20.13500
14278	19.58505
14279	18.39426
14280	16.72092
14281	14.83867
14282	12.92214
14283	11.06755
14284	9.25085
14285	7.30209
14286	5.05855
14287	2.53750
14288	-0.10540
14289	-2.71632
14290	-5.14026
14291	-7.25169
14292	-9.05987
14293	-10.62534
14294	-11.96611
14295	-13.12429
14296	-14.17274
14297	-15.13024
14298	-15.93529
14299	-16.46970
14300	-16.61736
14301	-16.32714
14302	-15.63418
14303	-14.64391
14304	-13.47543
14305	-12.22021
14306	-10.94413
14307	-9.68580
14308	-8.48280
14309	-7.39089
14310	-6.42039
14311	-5.46650
14312	-4.27247
14313	-2.51037
14314	-0.05278
14315	2.90166
14316	6.06051
14317	9.26313
14318	12.46976
14319	15.64164
14320	18.68031
14321	21.49653
14322	24.05791
14323	26.34729
14324	28.38307
14325	30.21409
14326	31.81373
14327	33.06979
14328	33.88828
14329	34.22473
14330	34.06816
14331	33.50103
14332	32.69985
14333	31.81651
14334	30.93656
14335	30.06560
14336	29.08121
14337	27.84212
14338	26.45157
14339	25.26408
14340	24.52492
14341	24.11687
14342	23.71131
14343	23.07775
14344	22.10038
14345	20.64451
14346	18.94106
14347	17.76895
14348	17.71677
14349	18.40984
14350	18.76333
14351	18.08748
14352	16.51076
14353	14.51464
14354	12.44249
14355	10.48496
14356	8.74208
14357	7.08750
14358	5.23322
14359	3.01964
14360	0.51261
14361	-2.12192
14362	-4.72989
14363	-7.18971
14364	-9.38058
14365	-11.20824
14366	-12.67242
14367	-13.82933
14368	-14.75148
14369	-15.56337
14370	-16.35195
14371	-17.03758
14372	-17.45677
14373	-17.51068
14374	-17.16984
14375	-16.43623
14376	-15.36092
14377	-14.04829
14378	-12.61831
14379	-11.18301
14380	-9.82781
14381	-8.59494
14382	-7.50900
14383	-6.58403
14384	-5.71619
14385	-4.55566
14386	-2.68920
14387	-0.04831
14388	3.04107
14389	6.23895
14390	9.45033
14391	12.70280
14392	15.97501
14393	19.20243
14394	22.29234
14395	25.11813
14396	27.59477
14397	29.73069
14398	31.57740
14399	33.15651
14400	34.40098
14401	35.15593
14402	35.28053
14403	34.77203
14404	33.82399
14405	32.73846
14406	31.71735
14407	30.77408
14408	29.85296
14409	28.92516
14410	27.92565
14411	26.76496
14412	25.53406
14413	24.54026
14414	24.05427
14415	24.00394
14416	23.92742
14417	23.33375
14418	22.13313
14419	20.80524
14420	20.01785
14421	19.99196
14422	20.25834
14423	20.10720
14424	19.21338
14425	17.77143
14426	16.17685
14427	14.63980
14428	13.11776
14429	11.49507
14430	9.67238
14431	7.55083
14432	5.07062
14433	2.28569
14434	-0.62057
14435	-3.42476
14436	-5.98362
14437	-8.24010
14438	-10.16775
14439	-11.75140
14440	-13.02590
14441	-14.09451
14442	-15.02657
14443	-15.78599
14444	-16.30432
14445	-16.54839
14446	-16.49762
14447	-16.11533
14448	-15.37419
14449	-14.29608
14450	-12.96282
14451	-11.49186
14452	-9.99440
14453	-8.57849
14454	-7.36759
14455	-6.40155
14456	-5.54053
14457	-4.54976
14458	-3.17123
14459	-1.16401
14460	1.50516
14461	4.56938
14462	7.73775
14463	10.96428
14464	14.28873
14465	17.63683
14466	20.87489
14467	23.85265
14468	26.46146
14469	28.72546
14470	30.73188
14471	32.51395
14472	34.04840
14473	35.27011
14474	36.04319
14475	36.23456
14476	35.85346
14477	35.08332
14478	34.17989
14479	33.26601
14480	32.26590
14481	31.16323
14482	30.09779
14483	29.05703
14484	27.86241
14485	26.59088
14486	25.55640
14487	24.88796
14488	24.39376
14489	23.79737
14490	22.96783
14491	21.83316
14492	20.51140
14493	19.56556
14494	19.48207
14495	19.93641
14496	20.00114
14497	19.10322
14498	17.44014
14499	15.57821
14500	13.88469
14501	12.38022
14502	10.90120
14503	9.24490
14504	7.26153
14505	4.92028
14506	2.30580
14507	-0.43363
14508	-3.11734
14509	-5.56878
14510	-7.68013
14511	-9.44799
14512	-10.92731
14513	-12.17408
14514	-13.24997
14515	-14.20068
14516	-15.00933
14517	-15.60453
14518	-15.90125
14519	-15.84042
14520	-15.40942
14521	-14.63726
14522	-13.58752
14523	-12.35399
14524	-11.02360
14525	-9.63216
14526	-8.20224
14527	-6.82781
14528	-5.62626
14529	-4.57486
14530	-3.50850
14531	-2.18910
14532	-0.29988
14533	2.31377
14534	5.41069
14535	8.63938
14536	11.87811
14537	15.16403
14538	18.49495
14539	21.75858
14540	24.78732
14541	27.45749
14542	29.75299
14543	31.74153
14544	33.47635
14545	34.93917
14546	36.04900
14547	36.68331
14548	36.71361
14549	36.10606
14550	35.05279
14551	33.86123
14552	32.65509
14553	31.35972
14554	29.96757
14555	28.56200
14556	27.12442
14557	25.58407
14558	24.05960
14559	22.83764
14560	22.04152
14561	21.48188
14562	20.87534
14563	20.07400
14564	19.09177
14565	18.11570
14566	17.59990
14567	17.90848
14568	18.68543
14569	18.97918
14570	18.27598
14571	16.83685
14572	15.05408
14573	13.22199
14574	11.67311
14575	10.54241
14576	9.59066
14577	8.48579
14578	7.06427
14579	5.33173
14580	3.38534
14581	1.31230
14582	-0.85666
14583	-3.07076
14584	-5.17513
14585	-6.98235
14586	-8.46234
14587	-9.78561
14588	-11.14317
14589	-12.56737
14590	-13.92729
14591	-15.05536
14592	-15.83814
14593	-16.21626
14594	-16.16938
14595	-15.72839
14596	-14.96993
14597	-13.96689
14598	-12.77272
14599	-11.46034
14600	-10.11443
14601	-8.80315
14602	-7.61705
14603	-6.63748
14604	-5.80959
14605	-5.00078
14606	-4.12078
14607	-3.00470
14608	-1.40201
14609	0.74290
14610	3.23620
14611	5.92550
14612	8.78219
14613	11.70731
14614	14.54032
14615	17.23676
14616	19.81514
14617	22.21814
14618	24.37874
14619	26.31542
14620	28.05718
14621	29.54285
14622	30.68223
14623	31.46919
14624	31.94695
14625	32.11900
14626	31.94415
14627	31.41086
14628	30.60062
14629	29.61053
14630	28.47145
14631	27.25199
14632	26.09326
14633	25.03954
14634	23.99953
14635	22.93004
14636	21.95742
14637	21.28752
14638	20.96235
14639	20.75339
14640	20.46568
14641	19.98481
14642	19.01085
14643	17.70138
14644	16.99105
14645	17.51703
14646	18.72595
14647	19.38493
14648	18.87500
14649	17.47846
14650	15.79949
14651	14.27427
14652	13.10572
14653	12.31557
14654	11.73036
14655	11.05082
14656	10.02328
14657	8.56668
14658	6.76554
14659	4.77929
14660	2.75103
14661	0.75791
14662	-1.17395
14663	-3.02205
14664	-4.74942
14665	-6.31032
14666	-7.67236
14667	-8.85137
14668	-9.91999
14669	-10.97745
14670	-12.07678
14671	-13.15792
14672	-14.10644
14673	-14.86283
14674	-15.39291
14675	-15.61912
14676	-15.48944
14677	-15.05873
14678	-14.42295
14679	-13.64097
14680	-12.77540
14681	-11.90162
14682	-11.05416
14683	-10.26773
14684	-9.59184
14685	-8.98811
14686	-8.30863
14687	-7.39058
14688	-6.10828
14689	-4.41155
14690	-2.39857
14691	-0.24922
14692	1.95360
14693	4.27151
14694	6.75999
14695	9.29179
14696	11.68124
14697	13.93997
14698	16.18608
14699	18.44082
14700	20.64717
14701	22.74544
14702	24.69736
14703	26.47900
14704	28.03572
14705	29.27063
14706	30.12722
14707	30.65572
14708	30.91950
14709	30.89087
14710	30.54222
14711	29.95762
14712	29.24440
14713	28.44138
14714	27.57881
14715	26.65838
14716	25.56330
14717	24.22345
14718	22.92371
14719	22.18055
14720	22.16376
14721	22.46587
14722	22.53636
14723	22.18507
14724	21.58136
14725	20.88691
14726	20.02109
14727	18.98905
14728	18.40245
14729	18.92792
14730	20.48048
14731	22.09455
14732	22.63771
14733	21.78124
14734	19.97379
14735	17.89393
14736	16.05231
14737	14.68770
14738	13.79854
14739	13.16894
14740	12.48811
14741	11.57510
14742	10.45546
14743	9.23008
14744	7.97835
14745	6.76676
14746	5.62315
14747	4.51741
14748	3.42071
14749	2.34848
14750	1.33475
14751	0.36747
14752	-0.61933
14753	-1.64829
14754	-2.65902
14755	-3.60161
14756	-4.48950
14757	-5.35427
14758	-6.22207
14759	-7.10538
14760	-7.99914
14761	-8.91134
14762	-9.85058
14763	-10.82700
14764	-11.90175
14765	-13.12342
14766	-14.41750
14767	-15.62821
14768	-16.65889
14769	-17.51308
14770	-18.22386
14771	-18.82110
14772	-19.32816
14773	-19.73886
14774	-20.03420
14775	-20.21413
14776	-20.29293
14777	-20.27843
14778	-20.16509
14779	-19.93052
14780	-19.53099
14781	-18.94031
14782	-18.18882
14783	-17.29942
14784	-16.23128
14785	-14.94892
14786	-13.49139
14787	-11.91565
14788	-10.21785
14789	-8.39112
14790	-6.50594
14791	-4.63417
14792	-2.76490
14793	-0.88147
14794	0.98508
14795	2.84084
14796	4.72856
14797	6.64408
14798	8.56555
14799	10.49463
14800	12.43869
14801	14.40825
14802	16.37429
14803	18.27009
14804	20.08340
14805	21.83582
14806	23.50731
14807	25.07614
14808	26.53440
14809	27.81883
14810	28.83556
14811	29.56600
14812	30.08231
14813	30.44977
14814	30.65514
14815	30.65659
14816	30.45236
14817	30.05665
14818	29.45344
14819	28.62601
14820	27.61811
14821	26.49794
14822	25.28043
14823	23.95543
14824	22.61334
14825	21.53288
14826	21.02658
14827	21.13728
14828	21.62231
14829	22.19715
14830	22.66969
14831	22.91622
14832	22.86456
14833	22.50393
14834	21.90111
14835	21.23202
14836	20.72428
14837	20.51401
14838	20.61625
14839	20.96334
14840	21.34912
14841	21.48026
14842	21.17802
14843	20.44608
14844	19.41440
14845	18.28642
14846	17.24904
14847	16.38321
14848	15.65746
14849	14.98354
14850	14.27077
14851	13.45167
14852	12.52526
14853	11.59929
14854	10.77282
14855	9.97786
14856	9.08299
14857	8.08609
14858	7.08527
14859	6.12846
14860	5.17981
14861	4.22386
14862	3.30135
14863	2.43530
14864	1.60725
14865	0.78059
14866	-0.06888
14867	-0.91529
14868	-1.71373
14869	-2.45239
14870	-3.13972
14871	-3.79248
14872	-4.42238
14873	-5.01923
14874	-5.57455
14875	-6.09444
14876	-6.60733
14877	-7.17126
14878	-7.81657
14879	-8.52093
14880	-9.27135
14881	-10.08797
14882	-10.98196
14883	-11.93629
14884	-12.89994
14885	-13.79469
14886	-14.56324
14887	-15.19914
14888	-15.75100
14889	-16.27278
14890	-16.73065
14891	-17.04972
14892	-17.23261
14893	-17.33640
14894	-17.40069
14895	-17.44250
14896	-17.46575
14897	-17.46066
14898	-17.41267
14899	-17.31015
14900	-17.15175
14901	-16.93290
14902	-16.60233
14903	-16.09525
14904	-15.39640
14905	-14.50825
14906	-13.45269
14907	-12.30905
14908	-11.14296
14909	-9.90789
14910	-8.50610
14911	-6.97905
14912	-5.48762
14913	-4.08848
14914	-2.72308
14915	-1.36089
14916	-0.01844
14917	1.27718
14918	2.52090
14919	3.75864
14920	5.04930
14921	6.41642
14922	7.83145
14923	9.22689
14924	10.55870
14925	11.84589
14926	13.13807
14927	14.45353
14928	15.76633
14929	17.04954
14930	18.27189
14931	19.39265
14932	20.41205
14933	21.35304
14934	22.19317
14935	22.89684
14936	23.46133
14937	23.87287
14938	24.11814
14939	24.23288
14940	24.21045
14941	23.95885
14942	23.44281
14943	22.72108
14944	21.81322
14945	20.69631
14946	19.39332
14947	17.95259
14948	16.48894
14949	15.28165
14950	14.63840
14951	14.64263
14952	15.09798
14953	15.68952
14954	16.15980
14955	16.37202
14956	16.29957
14957	15.98947
14958	15.52190
14959	15.04889
14960	14.84651
14961	15.15623
14962	15.96781
14963	16.97676
14964	17.69821
14965	17.78054
14966	17.16471
14967	15.99528
14968	14.58906
14969	13.32999
14970	12.43914
14971	11.86605
14972	11.40355
14973	10.88270
14974	10.24330
14975	9.49965
14976	8.70656
14977	7.91679
14978	7.15120
14979	6.41019
14980	5.67461
14981	4.91081
14982	4.08921
14983	3.19806
14984	2.25519
14985	1.30641
14986	0.40736
14987	-0.41583
14988	-1.19307
14989	-1.95465
14990	-2.69245
14991	-3.42078
14992	-4.17922
14993	-4.92866
14994	-5.55968
14995	-6.06585
14996	-6.55952
14997	-7.07817
14998	-7.57921
14999	-8.06078
15000	-8.51816
15001	-8.94142
15002	-9.38273
15003	-9.85371
15004	-10.27996
15005	-10.65326
15006	-11.04151
15007	-11.46462
15008	-11.92035
15009	-12.43536
15010	-13.00100
15011	-13.56886
15012	-14.11950
15013	-14.66895
15014	-15.22371
15015	-15.74951
15016	-16.20389
15017	-16.58674
15018	-16.92384
15019	-17.22066
15020	-17.46016
15021	-17.65102
15022	-17.83857
15023	-18.02195
15024	-18.10625
15025	-17.99685
15026	-17.68112
15027	-17.17804
15028	-16.48757
15029	-15.61252
15030	-14.58871
15031	-13.46485
15032	-12.24219
15033	-10.88062
15034	-9.38178
15035	-7.78945
15036	-6.16328
15037	-4.57543
15038	-3.04054
15039	-1.53961
15040	-0.11019
15041	1.24789
15042	2.61733
15043	4.03015
15044	5.46751
15045	6.94168
15046	8.45140
15047	9.95899
15048	11.43622
15049	12.87979
15050	14.29917
15051	15.68427
15052	17.00872
15053	18.26378
15054	19.45191
15055	20.56627
15056	21.58531
15057	22.48534
15058	23.28212
15059	24.01034
15060	24.64605
15061	25.12467
15062	25.43340
15063	25.62110
15064	25.71655
15065	25.69329
15066	25.51685
15067	25.16845
15068	24.62462
15069	23.86707
15070	22.91543
15071	21.83650
15072	20.68874
15073	19.49257
15074	18.32055
15075	17.33297
15076	16.68089
15077	16.44417
15078	16.62509
15079	17.12887
15080	17.79314
15081	18.46759
15082	19.05569
15083	19.50855
15084	19.79517
15085	19.87690
15086	19.73674
15087	19.42987
15088	19.06540
15089	18.73763
15090	18.51651
15091	18.48544
15092	18.70828
15093	19.14001
15094	19.57748
15095	19.73270
15096	19.39880
15097	18.57038
15098	17.45449
15099	16.32889
15100	15.38207
15101	14.66008
15102	14.08281
15103	13.51922
15104	12.87960
15105	12.14717
15106	11.36537
15107	10.60439
15108	9.89464
15109	9.19621
15110	8.46185
15111	7.69859
15112	6.93261
15113	6.15635
15114	5.35780
15115	4.56885
15116	3.83895
15117	3.17520
15118	2.53848
15119	1.89228
15120	1.24070
15121	0.60703
15122	-0.02205
15123	-0.64882
15124	-1.20728
15125	-1.66806
15126	-2.08523
15127	-2.50965
15128	-2.95820
15129	-3.42540
15130	-3.89179
15131	-4.33871
15132	-4.76535
15133	-5.20954
15134	-5.70855
15135	-6.25183
15136	-6.81872
15137	-7.41650
15138	-8.06048
15139	-8.73738
15140	-9.41297
15141	-10.08705
15142	-10.79459
15143	-11.55334
15144	-12.33543
15145	-13.08708
15146	-13.77307
15147	-14.38452
15148	-14.91681
15149	-15.36249
15150	-15.71483
15151	-15.97476
15152	-16.15586
15153	-16.28438
15154	-16.39083
15155	-16.48722
15156	-16.54584
15157	-16.50837
15158	-16.31713
15159	-15.92917
15160	-15.32661
15161	-14.52227
15162	-13.53421
15163	-12.37113
15164	-11.06650
15165	-9.68079
15166	-8.24965
15167	-6.80988
15168	-5.40058
15169	-3.99219
15170	-2.56016
15171	-1.13823
15172	0.26653
15173	1.64923
15174	2.97069
15175	4.24228
15176	5.51242
15177	6.81172
15178	8.17362
15179	9.57942
15180	10.94234
15181	12.24108
15182	13.52940
15183	14.80746
15184	16.01569
15185	17.13555
15186	18.21746
15187	19.29249
15188	20.28012
15189	21.09181
15190	21.78507
15191	22.44025
15192	23.02427
15193	23.49685
15194	23.85986
15195	24.11105
15196	24.29013
15197	24.45241
15198	24.56049
15199	24.53366
15200	24.34876
15201	24.01748
15202	23.52794
15203	22.84448
15204	21.96446
15205	20.95901
15206	19.94015
15207	19.03387
15208	18.37602
15209	18.08387
15210	18.21598
15211	18.73576
15212	19.49671
15213	20.28108
15214	20.90062
15215	21.27837
15216	21.41923
15217	21.33019
15218	21.01294
15219	20.53243
15220	20.03880
15221	19.71141
15222	19.67864
15223	19.93222
15224	20.34266
15225	20.75953
15226	21.03287
15227	21.00219
15228	20.53912
15229	19.62577
15230	18.41293
15231	17.15864
15232	16.07028
15233	15.20104
15234	14.46181
15235	13.72288
15236	12.92254
15237	12.06660
15238	11.19544
15239	10.37840
15240	9.63849
15241	8.91257
15242	8.12281
15243	7.24826
15244	6.34173
15245	5.44573
15246	4.52568
15247	3.56949
15248	2.63755
15249	1.75525
15250	0.90343
15251	0.08696
15252	-0.70065
15253	-1.46475
15254	-2.17141
15255	-2.83084
15256	-3.48538
15257	-4.11554
15258	-4.69861
15259	-5.25758
15260	-5.79239
15261	-6.28590
15262	-6.74641
15263	-7.17585
15264	-7.57558
15265	-7.97222
15266	-8.38130
15267	-8.78715
15268	-9.18435
15269	-9.61452
15270	-10.11450
15271	-10.65490
15272	-11.19930
15273	-11.78209
15274	-12.45776
15275	-13.20608
15276	-13.95103
15277	-14.64181
15278	-15.26559
15279	-15.81689
15280	-16.29484
15281	-16.71140
15282	-17.05110
15283	-17.27995
15284	-17.44134
15285	-17.61120
15286	-17.78181
15287	-17.92008
15288	-18.02134
15289	-18.06903
15290	-18.02860
15291	-17.86361
15292	-17.56402
15293	-17.14076
15294	-16.55599
15295	-15.73828
15296	-14.68998
15297	-13.50139
15298	-12.23787
15299	-10.85832
15300	-9.30731
15301	-7.64772
15302	-5.99784
15303	-4.38972
15304	-2.80615
15305	-1.28001
15306	0.17334
15307	1.62396
15308	3.11023
15309	4.57503
15310	5.97484
15311	7.34396
15312	8.76321
15313	10.26069
15314	11.73530
15315	13.09871
15316	14.40553
15317	15.71695
15318	16.98698
15319	18.14972
15320	19.21686
15321	20.24315
15322	21.23145
15323	22.13770
15324	22.95098
15325	23.67664
15326	24.28307
15327	24.74916
15328	25.10981
15329	25.39020
15330	25.56272
15331	25.60218
15332	25.50918
15333	25.29032
15334	24.95310
15335	24.45354
15336	23.68615
15337	22.61091
15338	21.31833
15339	19.93698
15340	18.57689
15341	17.39675
15342	16.63744
15343	16.47769
15344	16.85862
15345	17.53783
15346	18.28382
15347	18.94718
15348	19.44334
15349	19.75062
15350	19.85638
15351	19.70667
15352	19.28428
15353	18.69843
15354	18.13036
15355	17.76025
15356	17.72051
15357	17.98122
15358	18.34987
15359	18.64448
15360	18.72396
15361	18.41470
15362	17.64554
15363	16.57612
15364	15.46745
15365	14.49716
15366	13.70309
15367	13.03699
15368	12.43433
15369	11.82617
15370	11.15909
15371	10.42997
15372	9.66925
15373	8.94503
15374	8.31330
15375	7.70282
15376	6.99090
15377	6.16175
15378	5.27916
15379	4.39439
15380	3.54237
15381	2.72734
15382	1.91639
15383	1.11093
15384	0.33879
15385	-0.39197
15386	-1.07392
15387	-1.71881
15388	-2.34744
15389	-2.94295
15390	-3.48910
15391	-4.00731
15392	-4.53015
15393	-5.07046
15394	-5.61856
15395	-6.16494
15396	-6.71800
15397	-7.30154
15398	-7.92742
15399	-8.56810
15400	-9.19793
15401	-9.82755
15402	-10.47477
15403	-11.15646
15404	-11.89668
15405	-12.69520
15406	-13.49312
15407	-14.21485
15408	-14.84468
15409	-15.40008
15410	-15.87548
15411	-16.27593
15412	-16.61875
15413	-16.88618
15414	-17.05925
15415	-17.16524
15416	-17.25119
15417	-17.35840
15418	-17.49328
15419	-17.58582
15420	-17.54653
15421	-17.35629
15422	-17.01203
15423	-16.44049
15424	-15.56426
15425	-14.40326
15426	-13.06241
15427	-11.64391
15428	-10.17902
15429	-8.64707
15430	-7.05112
15431	-5.43920
15432	-3.87298
15433	-2.39108
15434	-0.99952
15435	0.30726
15436	1.56031
15437	2.82676
15438	4.13906
15439	5.47787
15440	6.84276
15441	8.24017
15442	9.62005
15443	10.92276
15444	12.16115
15445	13.37412
15446	14.54169
15447	15.63389
15448	16.68937
15449	17.73581
15450	18.69687
15451	19.52173
15452	20.28027
15453	20.99953
15454	21.61690
15455	22.11545
15456	22.52469
15457	22.86226
15458	23.12636
15459	23.28169
15460	23.30595
15461	23.22483
15462	23.04746
15463	22.74451
15464	22.28489
15465	21.65438
15466	20.87258
15467	19.96294
15468	18.92518
15469	17.83516
15470	16.90794
15471	16.36601
15472	16.30203
15473	16.66832
15474	17.32991
15475	18.09985
15476	18.81783
15477	19.42783
15478	19.93664
15479	20.35009
15480	20.64112
15481	20.74430
15482	20.59953
15483	20.22112
15484	19.70040
15485	19.14125
15486	18.64106
15487	18.31756
15488	18.27453
15489	18.50877
15490	18.90267
15491	19.30142
15492	19.51831
15493	19.32790
15494	18.57640
15495	17.34304
15496	15.91681
15497	14.58890
15498	13.52113
15499	12.70874
15500	12.01505
15501	11.31118
15502	10.58109
15503	9.88415
15504	9.24935
15505	8.66007
15506	8.09985
15507	7.50129
15508	6.77389
15509	5.96067
15510	5.16625
15511	4.37067
15512	3.48663
15513	2.50134
15514	1.47977
15515	0.48679
15516	-0.43540
15517	-1.25368
15518	-2.00196
15519	-2.76436
15520	-3.53850
15521	-4.25686
15522	-4.91157
15523	-5.52806
15524	-6.09524
15525	-6.59902
15526	-7.05209
15527	-7.46282
15528	-7.83236
15529	-8.17478
15530	-8.51352
15531	-8.87436
15532	-9.26801
15533	-9.67884
15534	-10.10321
15535	-10.56949
15536	-11.10129
15537	-11.69022
15538	-12.31040
15539	-12.94598
15540	-13.60423
15541	-14.28209
15542	-14.93543
15543	-15.51334
15544	-15.99846
15545	-16.40010
15546	-16.72115
15547	-16.93474
15548	-17.03318
15549	-17.07278
15550	-17.09139
15551	-17.05231
15552	-16.92902
15553	-16.73363
15554	-16.44086
15555	-15.97217
15556	-15.26942
15557	-14.36470
15558	-13.35726
15559	-12.30459
15560	-11.14593
15561	-9.79937
15562	-8.30103
15563	-6.74590
15564	-5.16464
15565	-3.55041
15566	-1.95326
15567	-0.43992
15568	1.01747
15569	2.47610
15570	3.92224
15571	5.34415
15572	6.77788
15573	8.25074
15574	9.76033
15575	11.27403
15576	12.76041
15577	14.23045
15578	15.67987
15579	17.06116
15580	18.34525
15581	19.52991
15582	20.63840
15583	21.68097
15584	22.62000
15585	23.44801
15586	24.18964
15587	24.80995
15588	25.24813
15589	25.51735
15590	25.66952
15591	25.71113
15592	25.63958
15593	25.48544
15594	25.25803
15595	24.90817
15596	24.38173
15597	23.68447
15598	22.85887
15599	21.91789
15600	20.87008
15601	19.81299
15602	18.92700
15603	18.36633
15604	18.20580
15605	18.45960
15606	19.08457
15607	19.92809
15608	20.75027
15609	21.39541
15610	21.83937
15611	22.05965
15612	21.99968
15613	21.64518
15614	21.07834
15615	20.45001
15616	19.90833
15617	19.56061
15618	19.45954
15619	19.58303
15620	19.80520
15621	19.93498
15622	19.82106
15623	19.37731
15624	18.56051
15625	17.44467
15626	16.25509
15627	15.20336
15628	14.33288
15629	13.55670
15630	12.78047
15631	11.97107
15632	11.14011
15633	10.30952
15634	9.51910
15635	8.78943
15636	8.03400
15637	7.12464
15638	6.09105
15639	5.06964
15640	4.07117
15641	3.03597
15642	1.99653
15643	1.01170
15644	0.08482
15645	-0.78093
15646	-1.59100
15647	-2.39035
15648	-3.17321
15649	-3.87865
15650	-4.49986
15651	-5.09337
15652	-5.70914
15653	-6.35362
15654	-6.99919
15655	-7.61975
15656	-8.20705
15657	-8.76507
15658	-9.32463
15659	-9.91675
15660	-10.52642
15661	-11.14982
15662	-11.84289
15663	-12.63221
15664	-13.45529
15665	-14.24635
15666	-15.00434
15667	-15.72822
15668	-16.37323
15669	-16.91861
15670	-17.39367
15671	-17.80838
15672	-18.13983
15673	-18.36639
15674	-18.47577
15675	-18.49905
15676	-18.50664
15677	-18.54395
15678	-18.60775
15679	-18.62238
15680	-18.44921
15681	-18.04439
15682	-17.51876
15683	-16.92338
15684	-16.16341
15685	-15.17879
15686	-14.03134
15687	-12.80132
15688	-11.45055
15689	-9.87989
15690	-8.16537
15691	-6.53081
15692	-5.03018
15693	-3.52349
15694	-1.97618
15695	-0.48407
15696	0.93374
15697	2.33928
15698	3.77162
15699	5.24505
15700	6.75968
15701	8.28549
15702	9.80239
15703	11.32019
15704	12.81176
15705	14.22737
15706	15.57227
15707	16.85639
15708	18.04782
15709	19.15554
15710	20.23183
15711	21.28199
15712	22.26314
15713	23.11685
15714	23.79816
15715	24.31618
15716	24.69750
15717	24.94018
15718	25.03511
15719	24.98318
15720	24.77708
15721	24.37951
15722	23.74771
15723	22.88919
15724	21.84460
15725	20.63622
15726	19.27404
15727	17.80886
15728	16.44560
15729	15.55522
15730	15.42690
15731	16.02642
15732	17.03348
15733	18.05535
15734	18.84557
15735	19.33485
15736	19.52375
15737	19.41139
15738	19.02330
15739	18.48376
15740	17.99875
15741	17.74608
15742	17.79226
15743	18.08176
15744	18.44346
15745	18.63947
15746	18.47920
15747	17.89373
15748	16.97202
15749	15.92037
15750	14.92241
15751	14.06558
15752	13.35834
15753	12.72698
15754	12.05253
15755	11.28261
15756	10.44882
15757	9.59867
15758	8.76697
15759	7.94859
15760	7.09942
15761	6.21099
15762	5.31288
15763	4.39926
15764	3.44631
15765	2.47762
15766	1.55256
15767	0.69412
15768	-0.13342
15769	-0.94959
15770	-1.73604
15771	-2.50067
15772	-3.23714
15773	-3.88436
15774	-4.45818
15775	-5.06596
15776	-5.71309
15777	-6.30482
15778	-6.81539
15779	-7.28330
15780	-7.74183
15781	-8.20749
15782	-8.65510
15783	-9.05663
15784	-9.44954
15785	-9.88169
15786	-10.34859
15787	-10.83571
15788	-11.34770
15789	-11.89709
15790	-12.49578
15791	-13.13074
15792	-13.75794
15793	-14.32056
15794	-14.77960
15795	-15.16938
15796	-15.54363
15797	-15.85892
15798	-16.05377
15799	-16.15266
15800	-16.20019
15801	-16.22558
15802	-16.24799
15803	-16.24810
15804	-16.22281
15805	-16.18611
15806	-16.09004
15807	-15.88184
15808	-15.55554
15809	-15.07036
15810	-14.35605
15811	-13.40610
15812	-12.27163
15813	-11.01294
15814	-9.67805
15815	-8.25962
15816	-6.71271
15817	-5.06775
15818	-3.45463
15819	-1.98086
15820	-0.63578
15821	0.66218
15822	1.96639
15823	3.28182
15824	4.60161
15825	5.91468
15826	7.22227
15827	8.56613
15828	9.96765
15829	11.37282
15830	12.72900
15831	14.02783
15832	15.25536
15833	16.38931
15834	17.44823
15835	18.46806
15836	19.42940
15837	20.29803
15838	21.09680
15839	21.84542
15840	22.51894
15841	23.10139
15842	23.58817
15843	23.95753
15844	24.20675
15845	24.37467
15846	24.48034
15847	24.49384
15848	24.38793
15849	24.16293
15850	23.79883
15851	23.23459
15852	22.44888
15853	21.49092
15854	20.39582
15855	19.18437
15856	17.95946
15857	16.92144
15858	16.26623
15859	16.08855
15860	16.38262
15861	17.04969
15862	17.88673
15863	18.66544
15864	19.24804
15865	19.59391
15866	19.71429
15867	19.60031
15868	19.22194
15869	18.68351
15870	18.22170
15871	18.00913
15872	18.10114
15873	18.43646
15874	18.82191
15875	19.00725
15876	18.79966
15877	18.14530
15878	17.14045
15879	15.95338
15880	14.75663
15881	13.71423
15882	12.89891
15883	12.23543
15884	11.57369
15885	10.80860
15886	9.98064
15887	9.20222
15888	8.46494
15889	7.67401
15890	6.82735
15891	6.00136
15892	5.20538
15893	4.36243
15894	3.43270
15895	2.45656
15896	1.47417
15897	0.51997
15898	-0.35825
15899	-1.14504
15900	-1.86730
15901	-2.55943
15902	-3.23146
15903	-3.87372
15904	-4.47783
15905	-5.02511
15906	-5.51693
15907	-6.00893
15908	-6.52850
15909	-7.03237
15910	-7.50090
15911	-7.96474
15912	-8.44253
15913	-8.93995
15914	-9.47205
15915	-10.02208
15916	-10.53922
15917	-11.01648
15918	-11.50232
15919	-12.04026
15920	-12.65044
15921	-13.31602
15922	-13.97558
15923	-14.58123
15924	-15.12496
15925	-15.59839
15926	-15.98384
15927	-16.28638
15928	-16.53518
15929	-16.73799
15930	-16.88459
15931	-17.00490
15932	-17.15214
15933	-17.33105
15934	-17.48811
15935	-17.56165
15936	-17.52698
15937	-17.37255
15938	-17.05727
15939	-16.54559
15940	-15.85362
15941	-15.00586
15942	-13.99775
15943	-12.86364
15944	-11.66945
15945	-10.40442
15946	-9.03466
15947	-7.58381
15948	-6.06557
15949	-4.50294
15950	-2.97902
15951	-1.54170
15952	-0.16909
15953	1.17137
15954	2.50303
15955	3.83603
15956	5.18388
15957	6.57350
15958	8.00117
15959	9.43047
15960	10.85329
15961	12.26995
15962	13.64047
15963	14.92885
15964	16.14406
15965	17.31023
15966	18.41820
15967	19.42308
15968	20.31352
15969	21.13226
15970	21.89591
15971	22.57292
15972	23.14122
15973	23.60166
15974	23.96344
15975	24.23129
15976	24.39417
15977	24.43498
15978	24.33079
15979	24.04770
15980	23.56196
15981	22.86758
15982	21.95259
15983	20.82606
15984	19.56001
15985	18.27408
15986	17.13381
15987	16.33557
15988	16.01750
15989	16.19049
15990	16.75146
15991	17.52734
15992	18.32458
15993	18.98455
15994	19.42981
15995	19.66729
15996	19.71623
15997	19.54896
15998	19.15800
15999	18.65702
16000	18.24739
16001	18.08298
16002	18.18179
16003	18.44386
16004	18.69835
16005	18.74336
16006	18.42817
16007	17.70270
16008	16.64113
16009	15.44913
16010	14.35938
16011	13.49091
16012	12.78866
16013	12.09352
16014	11.31535
16015	10.50037
16016	9.70646
16017	8.92052
16018	8.12295
16019	7.33294
16020	6.57174
16021	5.81007
16022	4.95847
16023	3.98174
16024	2.99743
16025	2.12483
16026	1.31709
16027	0.47436
16028	-0.39588
16029	-1.21009
16030	-1.92706
16031	-2.59203
16032	-3.26252
16033	-3.93352
16034	-4.58683
16035	-5.24597
16036	-5.90200
16037	-6.48889
16038	-7.00421
16039	-7.50979
16040	-8.00887
16041	-8.46508
16042	-8.89404
16043	-9.34086
16044	-9.79627
16045	-10.20819
16046	-10.59171
16047	-11.02540
16048	-11.52833
16049	-12.07798
16050	-12.68224
16051	-13.32491
16052	-13.96821
16053	-14.60747
16054	-15.19650
16055	-15.63225
16056	-15.90129
16057	-16.09313
16058	-16.24413
16059	-16.32932
16060	-16.37065
16061	-16.40545
16062	-16.43052
16063	-16.44912
16064	-16.45873
16065	-16.39308
16066	-16.17492
16067	-15.79177
16068	-15.26699
16069	-14.61639
16070	-13.83488
16071	-12.88581
16072	-11.75653
16073	-10.48127
16074	-9.05697
16075	-7.47012
16076	-5.80414
16077	-4.19487
16078	-2.71395
16079	-1.34193
16080	-0.02919
16081	1.25709
16082	2.53662
16083	3.82300
16084	5.12289
16085	6.43968
16086	7.77193
16087	9.10845
16088	10.42902
16089	11.71088
16090	12.95034
16091	14.17265
16092	15.38905
16093	16.57767
16094	17.72543
16095	18.82171
16096	19.84288
16097	20.78218
16098	21.64944
16099	22.46685
16100	23.24346
16101	23.92881
16102	24.47286
16103	24.87935
16104	25.14869
16105	25.26895
16106	25.24902
16107	25.10179
16108	24.81886
16109	24.34043
16110	23.59983
16111	22.61399
16112	21.43778
16113	20.11586
16114	18.75744
16115	17.55307
16116	16.70554
16117	16.34816
16118	16.46068
16119	16.88134
16120	17.42417
16121	17.96251
16122	18.42442
16123	18.75788
16124	18.90649
16125	18.82769
16126	18.54211
16127	18.15254
16128	17.81087
16129	17.65825
16130	17.77438
16131	18.12165
16132	18.48148
16133	18.55415
16134	18.17257
16135	17.35880
16136	16.25907
16137	15.08525
16138	14.04822
16139	13.24555
16140	12.61255
16141	12.01902
16142	11.37737
16143	10.65166
16144	9.85128
16145	9.04906
16146	8.30992
16147	7.60215
16148	6.84919
16149	6.02133
16150	5.13930
16151	4.24492
16152	3.39477
16153	2.60091
16154	1.80445
16155	0.98334
16156	0.17470
16157	-0.60140
16158	-1.34050
16159	-2.04171
16160	-2.70106
16161	-3.30764
16162	-3.87551
16163	-4.41368
16164	-4.90394
16165	-5.36170
16166	-5.82214
16167	-6.28089
16168	-6.73095
16169	-7.18285
16170	-7.62811
16171	-8.05597
16172	-8.47680
16173	-8.90016
16174	-9.33473
16175	-9.80131
16176	-10.32568
16177	-10.90649
16178	-11.51605
16179	-12.15875
16180	-12.85614
16181	-13.57306
16182	-14.24631
16183	-14.85030
16184	-15.38341
16185	-15.83637
16186	-16.20427
16187	-16.48700
16188	-16.68164
16189	-16.81374
16190	-16.92821
16191	-17.04765
16192	-17.15826
16193	-17.21238
16194	-17.17323
16195	-17.04139
16196	-16.80937
16197	-16.44173
16198	-15.89474
16199	-15.13788
16200	-14.18914
16201	-13.09961
16202	-11.87905
16203	-10.51450
16204	-9.03670
16205	-7.48401
16206	-5.88348
16207	-4.30579
16208	-2.81597
16209	-1.40476
16210	-0.05779
16211	1.23375
16212	2.52893
16213	3.86535
16214	5.19515
16215	6.47875
16216	7.74808
16217	9.02479
16218	10.28513
16219	11.53513
16220	12.79764
16221	14.03348
16222	15.18303
16223	16.25719
16224	17.32373
16225	18.40386
16226	19.42616
16227	20.33692
16228	21.18774
16229	22.02512
16230	22.78938
16231	23.40964
16232	23.89005
16233	24.24706
16234	24.47761
16235	24.58684
16236	24.55921
16237	24.35268
16238	23.94667
16239	23.33711
16240	22.52056
16241	21.51320
16242	20.34336
16243	19.04784
16244	17.72951
16245	16.59891
16246	15.90258
16247	15.77994
16248	16.17654
16249	16.88307
16250	17.64044
16251	18.26156
16252	18.70195
16253	18.98023
16254	19.06558
16255	18.88429
16256	18.43250
16257	17.82368
16258	17.20303
16259	16.69314
16260	16.42129
16261	16.46257
16262	16.73497
16263	17.06682
16264	17.33407
16265	17.44423
16266	17.27223
16267	16.70472
16268	15.72440
16269	14.46651
16270	13.19365
16271	12.11942
16272	11.26399
16273	10.52132
16274	9.78399
16275	9.00518
16276	8.22107
16277	7.49156
16278	6.81496
16279	6.13916
16280	5.43167
16281	4.69500
16282	3.92764
16283	3.11489
16284	2.25772
16285	1.38019
16286	0.52056
16287	-0.30858
16288	-1.13976
16289	-1.93658
16290	-2.58495
16291	-3.10642
16292	-3.63690
16293	-4.19378
16294	-4.70587
16295	-5.16543
16296	-5.60446
16297	-6.02203
16298	-6.41624
16299	-6.80990
16300	-7.20661
16301	-7.60479
16302	-8.03040
16303	-8.48707
16304	-8.95458
16305	-9.44673
16306	-9.96274
16307	-10.45429
16308	-10.93434
16309	-11.48619
16310	-12.14741
16311	-12.88902
16312	-13.66026
16313	-14.40313
16314	-15.06396
16315	-15.62871
16316	-16.10874
16317	-16.48509
16318	-16.75382
16319	-16.97118
16320	-17.16530
16321	-17.31312
16322	-17.41599
16323	-17.47847
16324	-17.46128
16325	-17.33471
16326	-17.09355
16327	-16.69360
16328	-16.08636
16329	-15.28074
16330	-14.27886
16331	-13.07256
16332	-11.71757
16333	-10.28166
16334	-8.78741
16335	-7.26285
16336	-5.75735
16337	-4.29963
16338	-2.89290
16339	-1.53928
16340	-0.24765
16341	0.97889
16342	2.17634
16343	3.41547
16344	4.72755
16345	6.06851
16346	7.39789
16347	8.70965
16348	9.96011
16349	11.11712
16350	12.23220
16351	13.35287
16352	14.46297
16353	15.52366
16354	16.52761
16355	17.48361
16356	18.34106
16357	19.04560
16358	19.65251
16359	20.25493
16360	20.85729
16361	21.38614
16362	21.78571
16363	22.08054
16364	22.31408
16365	22.46451
16366	22.49289
16367	22.41605
16368	22.26543
16369	22.02156
16370	21.63754
16371	21.10060
16372	20.45264
16373	19.74279
16374	18.97432
16375	18.16938
16376	17.46221
16377	17.02019
16378	16.89440
16379	17.03499
16380	17.40318
16381	17.96069
16382	18.57783
16383	19.07270
16384	19.36201
16385	19.47482
16386	19.42273
16387	19.18104
16388	18.75661
16389	18.19681
16390	17.59947
16391	17.12539
16392	16.92485
16393	17.03269
16394	17.36330
16395	17.78349
16396	18.10739
16397	18.09398
16398	17.56004
16399	16.50634
16400	15.17651
16401	13.93126
16402	12.96899
16403	12.22968
16404	11.56320
16405	10.88086
16406	10.15963
16407	9.38918
16408	8.58554
16409	7.82303
16410	7.14263
16411	6.48604
16412	5.78279
16413	4.99436
16414	4.09805
16415	3.12915
16416	2.15906
16417	1.22266
16418	0.33353
16419	-0.50920
16420	-1.31328
16421	-2.07043
16422	-2.77819
16423	-3.43966
16424	-4.05716
16425	-4.62378
16426	-5.10648
16427	-5.50129
16428	-5.86885
16429	-6.25663
16430	-6.64744
16431	-7.00979
16432	-7.34433
16433	-7.67750
16434	-8.02884
16435	-8.38000
16436	-8.70204
16437	-9.01477
16438	-9.36660
16439	-9.77378
16440	-10.22379
16441	-10.70581
16442	-11.22196
16443	-11.77893
16444	-12.37845
16445	-13.02331
16446	-13.68738
16447	-14.31135
16448	-14.86163
16449	-15.32655
16450	-15.68507
16451	-15.93382
16452	-16.11302
16453	-16.26444
16454	-16.39319
16455	-16.49862
16456	-16.58999
16457	-16.67743
16458	-16.74800
16459	-16.74289
16460	-16.61912
16461	-16.37028
16462	-15.96896
16463	-15.37421
16464	-14.53973
16465	-13.43150
16466	-12.12906
16467	-10.79041
16468	-9.44441
16469	-7.98889
16470	-6.41083
16471	-4.83323
16472	-3.36768
16473	-2.01426
16474	-0.70955
16475	0.58019
16476	1.89024
16477	3.26380
16478	4.65129
16479	5.98626
16480	7.31400
16481	8.68908
16482	10.08102
16483	11.46474
16484	12.85907
16485	14.22234
16486	15.49274
16487	16.71410
16488	17.92091
16489	19.05793
16490	20.09872
16491	21.06609
16492	21.98752
16493	22.86886
16494	23.65082
16495	24.27535
16496	24.76823
16497	25.17382
16498	25.50102
16499	25.73246
16500	25.83571
16501	25.80855
16502	25.66979
16503	25.40924
16504	24.99029
16505	24.35356
16506	23.46486
16507	22.38128
16508	21.18414
16509	19.89664
16510	18.56547
16511	17.36277
16512	16.55038
16513	16.32646
16514	16.66978
16515	17.35445
16516	18.10890
16517	18.74544
16518	19.19769
16519	19.45653
16520	19.49894
16521	19.29619
16522	18.86118
16523	18.29543
16524	17.79115
16525	17.55108
16526	17.67705
16527	18.10640
16528	18.63811
16529	18.99429
16530	18.87662
16531	18.13641
16532	16.88969
16533	15.42109
16534	14.05785
16535	13.00772
16536	12.21145
16537	11.47346
16538	10.68544
16539	9.83386
16540	8.95641
16541	8.12296
16542	7.32386
16543	6.46658
16544	5.54022
16545	4.63457
16546	3.80410
16547	2.99455
16548	2.13168
16549	1.25266
16550	0.42225
16551	-0.37978
16552	-1.16229
16553	-1.87770
16554	-2.49568
16555	-3.04420
16556	-3.57481
16557	-4.09755
16558	-4.59562
16559	-5.07187
16560	-5.52466
16561	-5.93244
16562	-6.29635
16563	-6.64248
16564	-6.98609
16565	-7.33110
16566	-7.66853
16567	-7.97190
16568	-8.24304
16569	-8.52274
16570	-8.83143
16571	-9.16315
16572	-9.51570
16573	-9.88354
16574	-10.25808
16575	-10.63041
16576	-10.99947
16577	-11.39347
16578	-11.83287
16579	-12.28485
16580	-12.72184
16581	-13.15660
16582	-13.57203
16583	-13.92285
16584	-14.21043
16585	-14.46449
16586	-14.69343
16587	-14.89264
16588	-15.07067
16589	-15.25780
16590	-15.47608
16591	-15.71056
16592	-15.93309
16593	-16.13386
16594	-16.31286
16595	-16.46042
16596	-16.55805
16597	-16.58693
16598	-16.51396
16599	-16.28154
16600	-15.84704
16601	-15.19315
16602	-14.29446
16603	-13.16749
16604	-11.90781
16605	-10.59803
16606	-9.25079
16607	-7.85367
16608	-6.41355
16609	-4.97598
16610	-3.60128
16611	-2.32008
16612	-1.09801
16613	0.14240
16614	1.40338
16615	2.62445
16616	3.83984
16617	5.13561
16618	6.50321
16619	7.88469
16620	9.24831
16621	10.57743
16622	11.88014
16623	13.18259
16624	14.47587
16625	15.70722
16626	16.85029
16627	17.94668
16628	19.03858
16629	20.10707
16630	21.10862
16631	22.03930
16632	22.90624
16633	23.66694
16634	24.28885
16635	24.80939
16636	25.25456
16637	25.59039
16638	25.78079
16639	25.81492
16640	25.69269
16641	25.41492
16642	24.96382
16643	24.30593
16644	23.43357
16645	22.36693
16646	21.13377
16647	19.82113
16648	18.64072
16649	17.86479
16650	17.69349
16651	18.12437
16652	18.92624
16653	19.81187
16654	20.57070
16655	21.08899
16656	21.36165
16657	21.39569
16658	21.13653
16659	20.56676
16660	19.79015
16661	19.00612
16662	18.40677
16663	18.06618
16664	17.93884
16665	17.93095
16666	17.91251
16667	17.74675
16668	17.34302
16669	16.65414
16670	15.73127
16671	14.74554
16672	13.85146
16673	13.08802
16674	12.41030
16675	11.76969
16676	11.13107
16677	10.41881
16678	9.58375
16679	8.71392
16680	7.92956
16681	7.24645
16682	6.60963
16683	5.93521
16684	5.14123
16685	4.23898
16686	3.32227
16687	2.43054
16688	1.53153
16689	0.62307
16690	-0.26746
16691	-1.15148
16692	-2.05210
16693	-2.93872
16694	-3.74821
16695	-4.46585
16696	-5.13433
16697	-5.78220
16698	-6.39138
16699	-6.93451
16700	-7.41889
16701	-7.87084
16702	-8.29934
16703	-8.71825
16704	-9.17698
16705	-9.71585
16706	-10.33704
16707	-11.04140
16708	-11.83829
16709	-12.71880
16710	-13.64975
16711	-14.58497
16712	-15.46168
16713	-16.20161
16714	-16.76157
16715	-17.18263
16716	-17.53721
16717	-17.83417
16718	-18.03571
16719	-18.14439
16720	-18.21640
16721	-18.26292
16722	-18.20065
16723	-17.96511
16724	-17.56789
16725	-17.01586
16726	-16.28464
16727	-15.34173
16728	-14.16924
16729	-12.80314
16730	-11.29182
16731	-9.63612
16732	-7.87554
16733	-6.13659
16734	-4.50621
16735	-2.96913
16736	-1.47818
16737	-0.01773
16738	1.36538
16739	2.61881
16740	3.80681
16741	5.06238
16742	6.40779
16743	7.75409
16744	9.05115
16745	10.33601
16746	11.66303
16747	13.00473
16748	14.26425
16749	15.41903
16750	16.53078
16751	17.62713
16752	18.68343
16753	19.67297
16754	20.57493
16755	21.37908
16756	22.11198
16757	22.80172
16758	23.40562
16759	23.84822
16760	24.12404
16761	24.27974
16762	24.31632
16763	24.19225
16764	23.89910
16765	23.46038
16766	22.87700
16767	22.13725
16768	21.24536
16769	20.20609
16770	19.02400
16771	17.75603
16772	16.57413
16773	15.73508
16774	15.43928
16775	15.72272
16776	16.46042
16777	17.44124
16778	18.43857
16779	19.29240
16780	19.95915
16781	20.40327
16782	20.52801
16783	20.31316
16784	19.86865
16785	19.31523
16786	18.75009
16787	18.29958
16788	18.07273
16789	18.08855
16790	18.29283
16791	18.58239
16792	18.78907
16793	18.69064
16794	18.12535
16795	17.12060
16796	15.85964
16797	14.54938
16798	13.36694
16799	12.43660
16800	11.74255
16801	11.12837
16802	10.45234
16803	9.70564
16804	8.97137
16805	8.27386
16806	7.52081
16807	6.66260
16808	5.79808
16809	5.01977
16810	4.27283
16811	3.46291
16812	2.57779
16813	1.65856
16814	0.76235
16815	-0.06605
16816	-0.82836
16817	-1.54149
16818	-2.18936
16819	-2.75538
16820	-3.27874
16821	-3.81015
16822	-4.34492
16823	-4.85408
16824	-5.33151
16825	-5.79531
16826	-6.26283
16827	-6.71327
16828	-7.10544
16829	-7.46281
16830	-7.86569
16831	-8.35148
16832	-8.89030
16833	-9.42828
16834	-9.95025
16835	-10.51676
16836	-11.18432
16837	-11.91994
16838	-12.65852
16839	-13.39389
16840	-14.13663
16841	-14.84085
16842	-15.42663
16843	-15.84261
16844	-16.12331
16845	-16.34458
16846	-16.49919
16847	-16.54181
16848	-16.52137
16849	-16.49680
16850	-16.41605
16851	-16.21502
16852	-15.90825
16853	-15.49780
16854	-14.93308
16855	-14.21687
16856	-13.40893
16857	-12.52561
16858	-11.55635
16859	-10.47081
16860	-9.16691
16861	-7.60022
16862	-5.91043
16863	-4.27158
16864	-2.73627
16865	-1.27682
16866	0.11456
16867	1.43014
16868	2.70729
16869	3.99691
16870	5.31899
16871	6.67245
16872	8.03243
16873	9.35924
16874	10.65590
16875	11.95566
16876	13.22028
16877	14.38183
16878	15.46161
16879	16.50055
16880	17.48188
16881	18.39019
16882	19.23484
16883	20.01943
16884	20.73835
16885	21.36265
16886	21.84610
16887	22.18376
16888	22.41874
16889	22.59084
16890	22.70530
16891	22.72498
16892	22.60946
16893	22.38095
16894	22.08359
16895	21.68667
16896	21.12853
16897	20.41189
16898	19.56409
16899	18.60302
16900	17.59730
16901	16.68640
16902	16.01236
16903	15.63793
16904	15.55345
16905	15.75010
16906	16.22898
16907	16.93414
16908	17.71934
16909	18.41894
16910	18.95446
16911	19.34040
16912	19.58025
16913	19.60409
16914	19.37912
16915	19.01783
16916	18.67088
16917	18.39770
16918	18.21057
16919	18.16707
16920	18.33867
16921	18.69805
16922	19.12825
16923	19.47636
16924	19.53318
16925	19.07721
16926	18.05898
16927	16.68278
16928	15.23919
16929	13.97831
16930	13.06014
16931	12.43642
16932	11.87347
16933	11.19483
16934	10.41731
16935	9.62584
16936	8.83285
16937	8.03862
16938	7.33560
16939	6.77134
16940	6.18989
16941	5.42756
16942	4.50958
16943	3.52557
16944	2.51671
16945	1.52908
16946	0.61506
16947	-0.23713
16948	-1.07910
16949	-1.92744
16950	-2.75503
16951	-3.52981
16952	-4.25231
16953	-4.94027
16954	-5.60538
16955	-6.25798
16956	-6.87022
16957	-7.37879
16958	-7.78066
16959	-8.14872
16960	-8.54358
16961	-8.96086
16962	-9.35031
16963	-9.68168
16964	-10.01731
16965	-10.45723
16966	-10.98981
16967	-11.53315
16968	-12.10620
16969	-12.79551
16970	-13.58875
16971	-14.36530
16972	-15.02946
16973	-15.57225
16974	-16.02729
16975	-16.42246
16976	-16.74357
16977	-16.95267
16978	-17.06310
16979	-17.14875
16980	-17.25991
16981	-17.34585
16982	-17.30429
16983	-17.11575
16984	-16.83867
16985	-16.47392
16986	-15.94344
16987	-15.21750
16988	-14.35419
16989	-13.38631
16990	-12.28485
16991	-11.02341
16992	-9.60103
16993	-8.05937
16994	-6.47005
16995	-4.87495
16996	-3.31237
16997	-1.84584
16998	-0.49578
16999	0.77764
17000	2.02284
17001	3.28567
17002	4.59451
17003	5.92826
17004	7.25605
17005	8.61995
17006	10.05801
17007	11.47508
17008	12.77751
17009	14.01281
17010	15.23354
17011	16.40942
17012	17.52104
17013	18.59697
17014	19.66426
17015	20.70876
17016	21.67339
17017	22.50624
17018	23.21279
17019	23.83383
17020	24.37708
17021	24.80213
17022	25.08779
17023	25.27485
17024	25.38980
17025	25.37482
17026	25.17809
17027	24.82855
17028	24.33778
17029	23.64862
17030	22.72190
17031	21.58399
17032	20.31502
17033	19.03581
17034	17.90404
17035	17.12763
17036	16.90307
17037	17.26982
17038	18.06973
17039	19.05681
17040	20.00750
17041	20.78739
17042	21.35507
17043	21.68003
17044	21.68801
17045	21.35824
17046	20.81458
17047	20.22441
17048	19.68429
17049	19.26398
17050	19.04669
17051	19.06285
17052	19.24922
17053	19.45614
17054	19.47395
17055	19.13695
17056	18.43157
17057	17.46532
17058	16.37913
17059	15.32218
17060	14.38786
17061	13.54304
17062	12.70629
17063	11.85626
17064	11.01775
17065	10.19793
17066	9.39258
17067	8.61076
17068	7.82146
17069	6.94394
17070	5.97294
17071	4.99513
17072	4.02579
17073	3.00036
17074	1.93308
17075	0.91264
17076	-0.03973
17077	-0.97167
17078	-1.87878
17079	-2.70567
17080	-3.44785
17081	-4.14940
17082	-4.83063
17083	-5.47674
17084	-6.07572
17085	-6.63081
17086	-7.14193
17087	-7.61365
17088	-8.07064
17089	-8.52011
17090	-8.94283
17091	-9.35337
17092	-9.78644
17093	-10.22858
17094	-10.65611
17095	-11.09149
17096	-11.56056
17097	-12.06595
17098	-12.61363
17099	-13.20270
17100	-13.80086
17101	-14.36228
17102	-14.86602
17103	-15.30277
17104	-15.63511
17105	-15.85553
17106	-16.03054
17107	-16.20316
17108	-16.34648
17109	-16.44040
17110	-16.49995
17111	-16.56108
17112	-16.65811
17113	-16.74080
17114	-16.70233
17115	-16.50072
17116	-16.12209
17117	-15.54337
17118	-14.80765
17119	-13.98472
17120	-13.05193
17121	-11.94211
17122	-10.65475
17123	-9.21200
17124	-7.62412
17125	-5.95172
17126	-4.30056
17127	-2.75048
17128	-1.31588
17129	0.03529
17130	1.36284
17131	2.72372
17132	4.11322
17133	5.51858
17134	6.96467
17135	8.42789
17136	9.86273
17137	11.31176
17138	12.82699
17139	14.33251
17140	15.67893
17141	16.83795
17142	17.92911
17143	19.01173
17144	20.04261
17145	21.01199
17146	21.92968
17147	22.77002
17148	23.50346
17149	24.11452
17150	24.58810
17151	24.91424
17152	25.11393
17153	25.21268
17154	25.19481
17155	25.03880
17156	24.73430
17157	24.25542
17158	23.59208
17159	22.75197
17160	21.71167
17161	20.43752
17162	18.97851
17163	17.54873
17164	16.48966
17165	16.05674
17166	16.23387
17167	16.79343
17168	17.48237
17169	18.13099
17170	18.67509
17171	19.10981
17172	19.42482
17173	19.58301
17174	19.52343
17175	19.22046
17176	18.74560
17177	18.24328
17178	17.87501
17179	17.76660
17180	17.94286
17181	18.30042
17182	18.63852
17183	18.74290
17184	18.47578
17185	17.76538
17186	16.62271
17187	15.24751
17188	13.97175
17189	12.99229
17190	12.24350
17191	11.55971
17192	10.84961
17193	10.09123
17194	9.28186
17195	8.44193
17196	7.61305
17197	6.82718
17198	6.08428
17199	5.35921
17200	4.59215
17201	3.71405
17202	2.74987
17203	1.79263
17204	0.86818
17205	-0.03681
17206	-0.89084
17207	-1.67205
17208	-2.41238
17209	-3.13126
17210	-3.82112
17211	-4.50878
17212	-5.20239
17213	-5.82770
17214	-6.35721
17215	-6.87815
17216	-7.44115
17217	-8.00015
17218	-8.52082
17219	-9.01804
17220	-9.50637
17221	-9.98659
17222	-10.46101
17223	-10.94683
17224	-11.47873
17225	-12.06914
17226	-12.69225
17227	-13.34073
17228	-14.01550
17229	-14.64001
17230	-15.12636
17231	-15.51547
17232	-15.89945
17233	-16.25576
17234	-16.50589
17235	-16.66067
17236	-16.77242
17237	-16.83918
17238	-16.85767
17239	-16.86667
17240	-16.87111
17241	-16.81845
17242	-16.64966
17243	-16.30830
17244	-15.75467
17245	-15.00636
17246	-14.12532
17247	-13.13825
17248	-12.00748
17249	-10.71438
17250	-9.27443
17251	-7.68499
17252	-5.97926
17253	-4.28018
17254	-2.71533
17255	-1.31434
17256	-0.02344
17257	1.22146
17258	2.48002
17259	3.79890
17260	5.15974
17261	6.51102
17262	7.84271
17263	9.15469
17264	10.42586
17265	11.64522
17266	12.82292
17267	13.97434
17268	15.09022
17269	16.13125
17270	17.08354
17271	17.97929
17272	18.81271
17273	19.53391
17274	20.14460
17275	20.67676
17276	21.13271
17277	21.50112
17278	21.76515
17279	21.91718
17280	21.97716
17281	21.96152
17282	21.85617
17283	21.60804
17284	21.15316
17285	20.48337
17286	19.63292
17287	18.61897
17288	17.46606
17289	16.24519
17290	15.08862
17291	14.20368
17292	13.78241
17293	13.86200
17294	14.34988
17295	15.12722
17296	16.04215
17297	16.91548
17298	17.63034
17299	18.15824
17300	18.50573
17301	18.66569
17302	18.62061
17303	18.40804
17304	18.12968
17305	17.88118
17306	17.72903
17307	17.70997
17308	17.81536
17309	18.01711
17310	18.26050
17311	18.42095
17312	18.34802
17313	17.93298
17314	17.12150
17315	15.96828
17316	14.68242
17317	13.53142
17318	12.67085
17319	12.04628
17320	11.47599
17321	10.81758
17322	10.04092
17323	9.20272
17324	8.39063
17325	7.65768
17326	6.99140
17327	6.35016
17328	5.69285
17329	4.97021
17330	4.13617
17331	3.19202
17332	2.20998
17333	1.28209
17334	0.42770
17335	-0.41615
17336	-1.28892
17337	-2.16308
17338	-3.01194
17339	-3.82649
17340	-4.59231
17341	-5.31234
17342	-6.00740
17343	-6.68891
17344	-7.35817
17345	-8.00721
17346	-8.61512
17347	-9.17699
17348	-9.73185
17349	-10.30558
17350	-10.85730
17351	-11.37196
17352	-11.91526
17353	-12.51153
17354	-13.09093
17355	-13.59926
17356	-14.08620
17357	-14.64015
17358	-15.25617
17359	-15.84407
17360	-16.34598
17361	-16.75683
17362	-17.07197
17363	-17.29237
17364	-17.44224
17365	-17.52767
17366	-17.53579
17367	-17.48793
17368	-17.41154
17369	-17.28590
17370	-17.07765
17371	-16.77702
17372	-16.36098
17373	-15.79518
17374	-15.09553
17375	-14.28816
17376	-13.34596
17377	-12.25111
17378	-11.01696
17379	-9.62652
17380	-8.06144
17381	-6.38805
17382	-4.70795
17383	-3.07756
17384	-1.53465
17385	-0.07377
17386	1.35318
17387	2.75114
17388	4.12989
17389	5.54234
17390	6.98398
17391	8.38382
17392	9.71430
17393	11.02081
17394	12.31951
17395	13.56335
17396	14.74278
17397	15.88608
17398	16.98631
17399	18.03521
17400	19.02755
17401	19.93005
17402	20.74346
17403	21.51418
17404	22.24788
17405	22.90245
17406	23.44633
17407	23.87579
17408	24.20645
17409	24.45200
17410	24.59700
17411	24.60435
17412	24.45091
17413	24.13527
17414	23.65311
17415	22.96695
17416	22.02449
17417	20.84292
17418	19.50474
17419	18.07603
17420	16.66501
17421	15.50661
17422	14.87848
17423	14.92468
17424	15.53273
17425	16.43266
17426	17.40538
17427	18.32975
17428	19.12485
17429	19.74145
17430	20.14336
17431	20.29031
17432	20.20450
17433	19.98507
17434	19.70689
17435	19.39152
17436	19.09446
17437	18.92779
17438	18.94819
17439	19.06410
17440	19.08624
17441	18.85662
17442	18.30982
17443	17.46411
17444	16.42253
17445	15.33635
17446	14.31610
17447	13.39317
17448	12.54992
17449	11.75683
17450	10.95766
17451	10.08906
17452	9.18623
17453	8.35003
17454	7.59900
17455	6.88495
17456	6.16244
17457	5.37532
17458	4.48564
17459	3.52520
17460	2.56236
17461	1.63965
17462	0.76761
17463	-0.06974
17464	-0.90143
17465	-1.72364
17466	-2.51355
17467	-3.26774
17468	-3.98792
17469	-4.67409
17470	-5.33477
17471	-5.97709
17472	-6.59351
17473	-7.18001
17474	-7.74606
17475	-8.29099
17476	-8.82256
17477	-9.38420
17478	-9.99739
17479	-10.60802
17480	-11.15580
17481	-11.67071
17482	-12.21913
17483	-12.79468
17484	-13.36172
17485	-13.92819
17486	-14.49229
17487	-15.00002
17488	-15.40872
17489	-15.73847
17490	-16.04589
17491	-16.35648
17492	-16.63075
17493	-16.82229
17494	-16.92411
17495	-16.94424
17496	-16.90171
17497	-16.81618
17498	-16.69558
17499	-16.53617
17500	-16.27436
17501	-15.81196
17502	-15.12883
17503	-14.26783
17504	-13.26986
17505	-12.18709
17506	-11.02261
17507	-9.66782
17508	-8.05260
17509	-6.27753
17510	-4.49066
17511	-2.76995
17512	-1.15070
17513	0.36203
17514	1.79856
17515	3.19767
17516	4.59382
17517	6.00305
17518	7.40430
17519	8.78881
17520	10.18450
17521	11.57348
17522	12.89962
17523	14.16304
17524	15.39186
17525	16.58287
17526	17.71527
17527	18.74949
17528	19.65268
17529	20.44805
17530	21.14977
17531	21.70636
17532	22.09968
17533	22.39456
17534	22.61093
17535	22.67826
17536	22.57580
17537	22.38077
17538	22.16890
17539	21.97705
17540	21.80506
17541	21.61338
17542	21.34533
17543	20.95321
17544	20.42949
17545	19.80922
17546	19.15660
17547	18.56372
17548	18.08372
17549	17.69275
17550	17.36645
17551	17.10536
17552	16.88922
17553	16.69392
17554	16.53912
17555	16.45690
17556	16.42071
17557	16.37196
17558	16.30612
17559	16.24019
17560	16.14158
17561	15.96693
17562	15.70242
17563	15.34485
17564	14.91939
17565	14.48186
17566	14.05745
17567	13.65222
17568	13.31592
17569	13.12681
17570	13.13454
17571	13.32043
17572	13.60745
17573	13.90729
17574	14.12613
17575	14.14898
17576	13.88293
17577	13.35069
17578	12.70528
17579	12.11323
17580	11.64098
17581	11.27288
17582	10.98676
17583	10.78241
17584	10.65528
17585	10.55219
17586	10.41804
17587	10.27455
17588	10.15856
17589	10.03626
17590	9.84479
17591	9.56672
17592	9.21999
17593	8.82830
17594	8.41781
17595	7.99910
17596	7.58470
17597	7.20928
17598	6.88560
17599	6.58866
17600	6.28619
17601	5.97423
17602	5.69321
17603	5.47654
17604	5.31444
17605	5.17960
17606	5.04663
17607	4.90926
17608	4.78552
17609	4.68274
17610	4.58952
17611	4.49448
17612	4.37397
17613	4.20560
17614	4.00338
17615	3.78325
17616	3.54728
17617	3.31038
17618	3.07846
17619	2.85493
17620	2.66901
17621	2.53568
17622	2.43348
17623	2.33813
17624	2.24015
17625	2.14101
17626	2.03670
17627	1.93406
17628	1.87264
17629	1.85877
17630	1.84767
17631	1.83628
17632	1.84914
17633	1.85744
17634	1.82630
17635	1.77346
17636	1.71825
17637	1.64180
17638	1.52371
17639	1.37177
17640	1.19313
17641	0.97147
17642	0.69691
17643	0.39295
17644	0.08922
17645	-0.21009
17646	-0.51051
17647	-0.79039
17648	-1.00643
17649	-1.14720
17650	-1.24141
17651	-1.31217
17652	-1.36368
17653	-1.39373
17654	-1.40576
17655	-1.41692
17656	-1.43496
17657	-1.44542
17658	-1.44405
17659	-1.43523
17660	-1.39256
17661	-1.27376
17662	-1.07685
17663	-0.82995
17664	-0.52600
17665	-0.13062
17666	0.35365
17667	0.89758
17668	1.49605
17669	2.14393
17670	2.78860
17671	3.37284
17672	3.88211
17673	4.31097
17674	4.64394
17675	4.86148
17676	4.95027
17677	4.93411
17678	4.85215
17679	4.71545
17680	4.52983
17681	4.31929
17682	4.09941
17683	3.86282
17684	3.59748
17685	3.30112
17686	2.98050
17687	2.64090
17688	2.27263
17689	1.88218
17690	1.52721
17691	1.26490
17692	1.08112
17693	0.90149
17694	0.66641
17695	0.38698
17696	0.13419
17697	-0.02012
17698	-0.06077
17699	-0.03635
17700	-0.01978
17701	-0.04934
17702	-0.09784
17703	-0.11981
17704	-0.12344
17705	-0.15961
17706	-0.24014
17707	-0.32469
17708	-0.38344
17709	-0.41765
17710	-0.44986
17711	-0.50438
17712	-0.57681
17713	-0.65234
17714	-0.73276
17715	-0.82123
17716	-0.92054
17717	-1.03611
17718	-1.16556
17719	-1.29126
17720	-1.38641
17721	-1.44600
17722	-1.49426
17723	-1.54641
17724	-1.59743
17725	-1.63946
17726	-1.67269
17727	-1.70937
17728	-1.76331
17729	-1.83814
17730	-1.92969
17731	-2.03365
17732	-2.15598
17733	-2.30245
17734	-2.45768
17735	-2.60572
17736	-2.75309
17737	-2.89945
17738	-3.02621
17739	-3.12749
17740	-3.21726
17741	-3.30674
17742	-3.38951
17743	-3.45074
17744	-3.49109
17745	-3.53000
17746	-3.58221
17747	-3.64805
17748	-3.72606
17749	-3.81531
17750	-3.91114
17751	-4.01536
17752	-4.13078
17753	-4.24631
17754	-4.35582
17755	-4.47810
17756	-4.62471
17757	-4.77415
17758	-4.90707
17759	-5.02454
17760	-5.12983
17761	-5.23329
17762	-5.35141
17763	-5.47507
17764	-5.57685
17765	-5.66039
17766	-5.75368
17767	-5.85907
17768	-5.95526
17769	-6.03031
17770	-6.08535
17771	-6.12519
17772	-6.16457
17773	-6.22521
17774	-6.30753
17775	-6.38520
17776	-6.43889
17777	-6.47513
17778	-6.51336
17779	-6.56358
17780	-6.62001
17781	-6.66810
17782	-6.70089
17783	-6.73704
17784	-6.79196
17785	-6.84285
17786	-6.85391
17787	-6.82407
17788	-6.79163
17789	-6.78852
17790	-6.79710
17791	-6.78060
17792	-6.74242
17793	-6.72105
17794	-6.73666
17795	-6.76696
17796	-6.78571
17797	-6.79927
17798	-6.81812
17799	-6.83407
17800	-6.84093
17801	-6.84558
17802	-6.86213
17803	-6.89699
17804	-6.93523
17805	-6.96076
17806	-6.97520
17807	-6.97771
17808	-6.96480
17809	-6.95615
17810	-6.97127
17811	-6.99597
17812	-7.00685
17813	-7.00049
17814	-6.98946
17815	-6.98606
17816	-6.99558
17817	-7.01426
17818	-7.02762
17819	-7.02786
17820	-7.02830
17821	-7.04142
17822	-7.05783
17823	-7.06183
17824	-7.05894
17825	-7.07325
17826	-7.11548
17827	-7.16552
17828	-7.19548
17829	-7.20754
17830	-7.22127
17831	-7.23469
17832	-7.23727
17833	-7.23595
17834	-7.24270
17835	-7.26153
17836	-7.29082
17837	-7.32374
17838	-7.34747
17839	-7.35652
17840	-7.37056
17841	-7.41166
17842	-7.46069
17843	-7.47926
17844	-7.46324