1	
2	
3	-0.01112
4	-0.00003
5	0.01951
6	0.00634
7	-0.00083
8	-0.00370
9	0.00707
10	0.01489
11	0.00688
12	0.01148
13	0.03671
14	0.03921
15	-0.00143
16	-0.00243
17	0.00656
18	0.00105
19	0.00113
20	0.03107
21	-0.04829
22	-0.05222
23	0.02732
24	0.00143
25	0.00107
26	-0.00924
27	0.00323
28	0.01195
29	0.01038
30	0.00585
31	-0.00008
32	-0.00140
33	-0.00004
34	0.00011
35	0.00770
36	-0.02233
37	-0.02646
38	0.03143
39	0.01030
40	-0.00181
41	-0.00105
42	0.00470
43	-0.01892
44	-0.00837
45	0.01812
46	-0.00325
47	-0.00608
48	0.00557
49	0.02407
50	-0.00044
51	0.00002
52	-0.00328
53	0.00493
54	0.02105
55	0.00297
56	-0.00318
57	0.01398
58	-0.03495
59	-0.01268
60	0.01947
61	0.01462
62	-0.00492
63	0.00135
64	-0.00854
65	0.01785
66	-0.00996
67	0.03781
68	-0.03652
69	-0.05321
70	-0.00191
71	0.00477
72	0.00137
73	-0.00074
74	-0.00420
75	0.01452
76	0.04550
77	0.01785
78	0.00067
79	0.00071
80	-0.00445
81	0.02034
82	-0.00826
83	-0.05857
84	-0.00419
85	0.00226
86	-0.00047
87	-0.03068
88	-0.00938
89	-0.00160
90	-0.00284
91	-0.00336
92	-0.00044
93	0.00402
94	0.00752
95	0.00553
96	0.00115
97	-0.00017
98	-0.00232
99	-0.00453
100	-0.00657
101	-0.01050
102	0.01439
103	0.04668
104	-0.01335
105	-0.00166
106	-0.00107
107	-0.02914
108	0.00988
109	0.00007
110	0.00056
111	-0.04011
112	0.03526
113	0.03824
114	-0.01843
115	0.00031
116	-0.00121
117	-0.00015
118	0.01583
119	-0.01506
120	-0.05959
121	0.02092
122	0.07312
123	-0.03118
124	-0.00917
125	0.01083
126	-0.03821
127	-0.00555
128	-0.00130
129	-0.00489
130	-0.00089
131	0.00139
132	-0.00047
133	-0.00158
134	-0.00392
135	-0.00646
136	-0.00255
137	-0.00097
138	-0.00106
139	-0.00082
140	-0.01493
141	-0.02583
142	0.00191
143	0.00000
144	0.00899
145	0.00591
146	-0.00668
147	-0.03575
148	-0.04364
149	-0.00461
150	0.00408
151	0.07037
152	0.05142
153	-0.08854
154	-0.10934
155	-0.06007
156	-0.02825
157	-0.01514
158	-0.01321
159	-0.02497
160	-0.03169
161	0.01653
162	0.02417
163	-0.01700
164	0.02514
165	-0.02639
166	-0.02833
167	0.00080
168	0.00017
169	-0.00030
170	0.00042
171	-0.00121
172	-0.00035
173	0.01505
174	0.04885
175	-0.06358
176	-0.08612
177	-0.01941
178	-0.00112
179	0.00570
180	-0.00961
181	-0.01148
182	0.01974
183	0.00679
184	0.00093
185	0.00072
186	0.00055
187	-0.00120
188	-0.01344
189	0.03669
190	0.00686
191	-0.03441
192	0.06775
193	-0.15794
194	0.00227
195	0.12455
196	-0.04708
197	0.02406
198	-0.04949
199	-0.00561
200	0.04570
201	0.00475
202	0.01015
203	0.02892
204	0.02127
205	0.03344
206	0.11126
207	0.14774
208	-0.02745
209	-0.17804
210	-0.01816
211	0.30167
212	0.22004
213	-0.04425
214	-0.13721
215	-0.14701
216	-0.13841
217	-0.13180
218	-0.11088
219	-0.03280
220	0.04486
221	0.05778
222	0.03354
223	0.01455
224	0.01579
225	0.03138
226	0.04926
227	0.03365
228	-0.00801
229	0.00128
230	0.05895
231	0.20495
232	0.19841
233	-0.11952
234	-0.09772
235	0.02737
236	0.11396
237	-0.05557
238	-0.03904
239	0.05409
240	-0.01867
241	-0.03417
242	-0.02309
243	-0.04337
244	-0.07090
245	-0.01417
246	0.01520
247	0.00514
248	0.02364
249	0.06617
250	-0.03450
251	0.00443
252	-0.00557
253	-0.02399
254	0.00907
255	0.01388
256	-0.07201
257	-0.00032
258	0.04511
259	0.04301
260	0.00268
261	-0.00754
262	0.00799
263	0.05771
264	0.05239
265	-0.03822
266	0.00628
267	-0.00507
268	-0.00687
269	0.00677
270	0.01656
271	0.05683
272	0.01253
273	-0.05193
274	0.03533
275	-0.02359
276	-0.01525
277	-0.00087
278	-0.00676
279	-0.00873
280	0.00548
281	0.01024
282	0.03453
283	-0.01226
284	-0.01043
285	0.01261
286	-0.00030
287	-0.06032
288	-0.04236
289	-0.00404
290	0.00018
291	-0.00231
292	-0.01251
293	0.00174
294	-0.00076
295	0.02076
296	0.01522
297	-0.03445
298	-0.02062
299	0.03339
300	0.07983
301	-0.10546
302	-0.15578
303	-0.05038
304	-0.02964
305	-0.08231
306	-0.01119
307	0.04838
308	0.00932
309	-0.01148
310	0.00002
311	0.01130
312	0.07701
313	0.00182
314	-0.03113
315	-0.00175
316	0.00731
317	0.02641
318	0.03269
319	-0.00449
320	-0.00733
321	0.00007
322	0.00118
323	-0.00055
324	-0.00360
325	0.06157
326	0.07151
327	-0.03630
328	-0.00354
329	0.04362
330	0.14108
331	-0.02276
332	-0.05049
333	0.00004
334	0.01803
335	0.08781
336	0.06104
337	0.02691
338	0.02570
339	0.01140
340	-0.00913
341	0.00182
342	0.02016
343	0.03962
344	0.03061
345	0.00984
346	-0.00916
347	-0.00039
348	-0.00147
349	0.02595
350	-0.01350
351	0.02270
352	-0.03672
353	-0.02489
354	0.03101
355	-0.00763
356	0.00049
357	-0.01576
358	0.01370
359	0.00098
360	-0.00144
361	-0.00565
362	0.00624
363	-0.00266
364	0.06366
365	0.04246
366	-0.10771
367	-0.05803
368	-0.00896
369	0.00757
370	-0.04713
371	-0.04722
372	-0.00799
373	0.00476
374	-0.02313
375	-0.02544
376	-0.00223
377	0.00175
378	-0.02366
379	0.00539
380	0.00850
381	0.00996
382	-0.00398
383	-0.04314
384	0.04624
385	-0.02290
386	0.02829
387	-0.05589
388	0.02691
389	0.00935
390	-0.00833
391	0.11941
392	-0.07232
393	-0.15907
394	0.06660
395	0.08224
396	-0.05340
397	-0.02289
398	0.01934
399	0.02149
400	-0.00855
401	-0.00764
402	0.00341
403	-0.07744
404	-0.04291
405	0.05219
406	0.02526
407	0.01341
408	-0.01575
409	0.00869
410	0.05567
411	-0.13014
412	-0.00521
413	0.03180
414	-0.01081
415	0.00329
416	-0.02035
417	0.00264
418	0.02175
419	0.01228
420	0.00607
421	0.01241
422	0.00126
423	0.00070
424	-0.00399
425	-0.02142
426	0.00333
427	0.00151
428	-0.01295
429	-0.00585
430	0.00439
431	-0.00814
432	-0.05102
433	0.01112
434	0.01815
435	-0.00280
436	0.00036
437	0.02845
438	-0.01846
439	-0.07580
440	0.04265
441	0.04501
442	-0.02599
443	-0.01247
444	0.00542
445	-0.00045
446	0.00221
447	0.01118
448	0.01138
449	-0.00268
450	-0.06433
451	-0.12103
452	0.00208
453	0.06011
454	-0.02608
455	-0.00475
456	-0.00578
457	-0.00710
458	0.01677
459	0.01957
460	0.00793
461	-0.00218
462	0.00055
463	0.00863
464	0.04401
465	0.02936
466	0.00245
467	0.00317
468	0.00516
469	0.00326
470	0.00285
471	0.00396
472	0.00534
473	0.00285
474	-0.00036
475	0.00826
476	-0.02479
477	-0.01866
478	0.01090
479	0.00380
480	0.00400
481	-0.02887
482	0.01304
483	0.02005
484	0.02172
485	0.01252
486	-0.00072
487	-0.00185
488	0.00020
489	-0.00048
490	0.00092
491	0.00727
492	-0.01412
493	-0.03342
494	0.00097
495	0.04078
496	-0.02265
497	-0.13009
498	0.05583
499	0.27679
500	0.11956
501	-0.06711
502	-0.00462
503	0.14696
504	0.25058
505	0.11712
506	0.03338
507	-0.01530
508	-0.14585
509	-0.13539
510	-0.01697
511	-0.00017
512	0.01815
513	0.02704
514	-0.03544
515	-0.01992
516	0.00132
517	0.01209
518	0.00674
519	0.00130
520	-0.00009
521	0.00510
522	0.00470
523	-0.06770
524	-0.01407
525	0.04946
526	-0.01101
527	0.00061
528	0.03864
529	0.09498
530	0.00188
531	-0.01602
532	0.00939
533	0.01099
534	0.00836
535	0.03176
536	0.05967
537	0.09945
538	0.26749
539	0.30043
540	-0.18690
541	-0.18005
542	0.05696
543	0.19284
544	0.11954
545	0.20687
546	0.24301
547	-0.08766
548	-0.05818
549	0.29058
550	0.02144
551	-0.73201
552	-0.23460
553	0.00749
554	0.17555
555	0.05964
556	-0.00151
557	0.02261
558	-0.25341
559	-0.16481
560	0.11173
561	0.08010
562	0.00063
563	0.00054
564	-0.06976
565	-0.05973
566	0.00690
567	-0.00370
568	0.00242
569	0.20308
570	0.42391
571	-0.15523
572	-0.56768
573	-0.26542
574	0.34963
575	1.21656
576	1.20156
577	-0.17286
578	-1.31240
579	-1.29089
580	-0.75945
581	-0.51024
582	-0.60887
583	-0.61182
584	-0.28519
585	-0.03321
586	-0.23539
587	-0.43133
588	-0.13343
589	-0.00114
590	-0.00098
591	-0.08105
592	-0.00316
593	0.04201
594	0.07050
595	0.17554
596	0.38912
597	0.88602
598	1.15403
599	0.11297
600	-0.79116
601	-0.48737
602	-0.12653
603	-0.04422
604	-0.02055
605	0.01275
606	0.00236
607	0.02994
608	0.13070
609	0.02853
610	-0.19223
611	-0.22561
612	-0.09579
613	0.04528
614	0.06701
615	0.03772
616	0.08686
617	0.19576
618	0.23907
619	0.10065
620	-0.16407
621	-0.22332
622	-0.04387
623	0.12321
624	0.16723
625	0.05841
626	-0.06043
627	-0.11870
628	-0.11059
629	-0.05243
630	-0.00505
631	-0.00002
632	0.00806
633	0.04070
634	0.14027
635	0.17101
636	-0.03127
637	-0.06584
638	0.20431
639	0.14962
640	-0.26391
641	-0.02877
642	-0.07585
643	0.30781
644	1.45631
645	1.95715
646	3.15202
647	4.28688
648	-1.08310
649	-7.10609
650	0.79291
651	5.41407
652	-1.52493
653	-3.67103
654	-0.00402
655	1.57214
656	0.43479
657	-0.70597
658	-0.73642
659	-0.29686
660	-0.04908
661	0.00706
662	-0.03227
663	-0.07199
664	0.06278
665	0.31368
666	0.40911
667	0.31719
668	0.26755
669	0.41836
670	0.48161
671	0.08019
672	-0.17282
673	-0.10754
674	0.02050
675	0.09997
676	-0.08602
677	-0.26150
678	0.07128
679	0.16658
680	-0.21878
681	-0.16114
682	0.24786
683	0.59794
684	0.06395
685	-0.36204
686	0.00241
687	0.13694
688	-1.27954
689	-1.49169
690	0.17311
691	-0.10790
692	0.84866
693	1.48298
694	-0.35195
695	-0.71562
696	-0.13097
697	-0.34840
698	-0.82413
699	-0.43282
700	-0.02017
701	0.01843
702	-0.25420
703	-0.27183
704	-0.08984
705	0.01651
706	0.01881
707	-0.08200
708	-0.18080
709	-0.25384
710	-0.08800
711	0.35066
712	0.35367
713	-0.08047
714	-0.15508
715	0.27226
716	-0.25538
717	-0.83523
718	1.40444
719	3.12746
720	2.95522
721	1.52417
722	-0.42763
723	-1.67895
724	-2.71029
725	-3.93436
726	-4.08767
727	-2.18867
728	0.45025
729	1.48358
730	1.06313
731	0.66009
732	0.36475
733	-0.11259
734	-0.50518
735	-0.53426
736	-0.40763
737	-0.41663
738	-0.46779
739	-0.36298
740	-0.17920
741	-0.04618
742	0.02113
743	0.01591
744	-0.05409
745	-0.03346
746	0.05275
747	0.09930
748	0.13479
749	0.17818
750	0.06601
751	-0.55274
752	-0.31461
753	0.68862
754	-0.60294
755	1.47039
756	1.14919
757	-2.13186
758	0.65447
759	0.31327
760	-1.25362
761	0.88230
762	2.37910
763	1.87131
764	2.14186
765	4.42940
766	4.96616
767	-3.84760
768	-10.54008
769	8.61083
770	24.32325
771	0.06060
772	-21.40266
773	-12.06276
774	1.30867
775	3.61742
776	0.21938
777	-1.75631
778	-1.68864
779	-0.98747
780	-0.29941
781	-0.01066
782	-0.04219
783	-0.13006
784	-0.10165
785	-0.02570
786	0.02780
787	0.01044
788	-0.11729
789	-0.20215
790	-0.06821
791	0.01393
792	-0.01745
793	0.16602
794	0.08786
795	-0.35967
796	-0.08050
797	0.03161
798	0.32888
799	-0.33772
800	-0.66181
801	-0.35788
802	-0.13754
803	0.08242
804	0.56238
805	0.49474
806	-0.17637
807	-0.06200
808	-0.01533
809	-0.55683
810	-0.53861
811	-0.19697
812	-0.00086
813	0.09939
814	0.22140
815	0.22581
816	-0.04475
817	-0.08405
818	-0.03438
819	0.01869
820	0.43280
821	1.14060
822	0.52211
823	-0.46020
824	-0.43240
825	-0.18164
826	-0.03208
827	0.01680
828	1.15001
829	3.83609
830	1.32233
831	-1.32261
832	-0.65107
833	-0.00526
834	-0.32888
835	-1.03453
836	-0.99632
837	-0.46380
838	-0.17124
839	-0.08323
840	-0.00433
841	0.02191
842	0.07311
843	0.48900
844	1.47960
845	1.61813
846	0.01913
847	-1.15344
848	-0.94702
849	-0.44217
850	-0.17474
851	-0.12235
852	-0.15731
853	-0.03086
854	0.66515
855	1.58847
856	1.24822
857	-0.36361
858	-2.02195
859	-1.79135
860	0.89529
861	-0.63389
862	0.86979
863	4.39168
864	-3.44887
865	-2.63874
866	0.50868
867	-0.46812
868	1.08368
869	1.00592
870	-0.31983
871	-1.07734
872	-0.08319
873	-0.33831
874	1.23869
875	3.71546
876	-2.62442
877	2.42004
878	9.18728
879	-1.00558
880	-8.69067
881	-4.65261
882	1.31085
883	1.14306
884	-1.44960
885	-1.20116
886	0.12058
887	0.13567
888	-0.42246
889	-0.05300
890	0.25562
891	0.00452
892	0.01195
893	0.02783
894	0.00559
895	0.06332
896	0.09012
897	-0.22323
898	-0.16602
899	0.11326
900	0.00889
901	-0.08534
902	0.16865
903	0.44568
904	-0.23881
905	-0.63877
906	-0.21678
907	0.16154
908	0.43535
909	-0.11356
910	-0.38184
911	0.06883
912	0.08681
913	-0.78246
914	-0.85663
915	-0.18447
916	0.04209
917	-0.27142
918	-0.24595
919	0.07592
920	0.26631
921	-0.19280
922	-0.58429
923	-0.26784
924	0.01371
925	0.08392
926	0.27873
927	0.76849
928	1.07131
929	-0.05734
930	-2.25455
931	-2.01212
932	0.68141
933	1.00598
934	-1.92713
935	-1.48286
936	3.55603
937	3.64753
938	1.22236
939	0.70115
940	-0.13903
941	-1.86071
942	-2.78964
943	-2.41073
944	-1.14338
945	-0.13305
946	0.33695
947	0.77618
948	0.73212
949	0.01057
950	-0.05080
951	0.49782
952	0.72358
953	0.14696
954	-0.61400
955	-0.87577
956	-0.51155
957	-0.19706
958	-0.32723
959	-0.26370
960	0.67743
961	1.36739
962	1.06228
963	0.12616
964	-1.11010
965	-1.89231
966	0.61141
967	0.42518
968	-0.80468
969	7.42457
970	-2.79413
971	-4.71329
972	1.34878
973	-1.25008
974	1.95808
975	0.70975
976	-2.23612
977	-0.17362
978	1.89421
979	-3.22224
980	1.80893
981	7.46962
982	-4.84478
983	0.36659
984	4.63118
985	-5.20081
986	-3.97925
987	1.49363
988	1.99047
989	-0.91580
990	-2.11482
991	-0.08694
992	0.97206
993	0.13488
994	-0.46139
995	-0.78220
996	-0.82338
997	-0.46005
998	-0.32212
999	-0.33951
1000	-0.18778
1001	-0.03348
1002	0.04241
1003	-0.10268
1004	-0.14376
1005	0.00894
1006	-0.00059
1007	0.00596
1008	-0.00704
1009	0.14651
1010	0.84487
1011	0.63744
1012	-1.13566
1013	-1.17185
1014	-0.28888
1015	0.29418
1016	0.65349
1017	0.33786
1018	-0.31035
1019	-0.41073
1020	-0.17371
1021	-0.15299
1022	-0.41164
1023	-0.39660
1024	-0.22223
1025	-0.07519
1026	-0.00657
1027	-0.13654
1028	-0.11724
1029	0.00815
1030	-0.00431
1031	-0.00796
1032	0.75601
1033	1.29960
1034	-0.06055
1035	-1.44996
1036	-0.56230
1037	0.01069
1038	-0.14998
1039	2.84144
1040	5.10182
1041	2.91151
1042	0.26152
1043	-1.28445
1044	-2.32772
1045	-2.30193
1046	-1.44708
1047	-0.65159
1048	-0.05329
1049	0.45635
1050	0.76507
1051	0.67333
1052	0.14551
1053	-0.36419
1054	-0.27367
1055	0.27422
1056	0.65446
1057	0.04827
1058	-0.79657
1059	-0.64604
1060	-0.23699
1061	-0.12025
1062	-0.08618
1063	0.16024
1064	0.66541
1065	0.98667
1066	0.54638
1067	-0.63578
1068	-2.29145
1069	-1.17171
1070	2.38878
1071	-1.73512
1072	-0.90364
1073	0.36702
1074	0.17972
1075	-0.20502
1076	0.30232
1077	2.25368
1078	0.15005
1079	0.86553
1080	5.86066
1081	11.75545
1082	-1.48595
1083	-11.74494
1084	8.58829
1085	7.16058
1086	-6.39042
1087	-5.85550
1088	-2.31128
1089	-0.71947
1090	-0.16849
1091	-0.00601
1092	0.07205
1093	0.07405
1094	-0.16482
1095	-0.17672
1096	0.11578
1097	0.22277
1098	0.21784
1099	0.17882
1100	0.01146
1101	-0.07718
1102	0.09045
1103	0.31120
1104	-0.04778
1105	-0.32149
1106	-0.01417
1107	-0.00700
1108	0.43344
1109	0.01363
1110	-0.53084
1111	-0.23619
1112	-0.06934
1113	-0.09576
1114	-0.23343
1115	-0.31272
1116	-0.07114
1117	0.45457
1118	0.71431
1119	-0.49229
1120	-1.08520
1121	-0.26085
1122	0.25049
1123	-0.23986
1124	-0.39266
1125	-0.01716
1126	0.13771
1127	-0.14393
1128	-0.34089
1129	-0.27610
1130	-0.29386
1131	0.24218
1132	0.83265
1133	0.29054
1134	-0.04545
1135	-0.10810
1136	-1.00674
1137	-1.81301
1138	-0.66730
1139	0.60942
1140	-0.74349
1141	-0.76130
1142	1.85127
1143	2.06213
1144	1.38564
1145	2.27805
1146	3.78922
1147	1.30606
1148	-3.99615
1149	-4.73027
1150	-2.91025
1151	-1.40226
1152	0.01132
1153	0.90852
1154	1.03486
1155	0.75886
1156	0.21685
1157	-0.14429
1158	-0.08364
1159	-0.04926
1160	-0.48875
1161	-1.02534
1162	-0.94736
1163	-0.44502
1164	-0.10958
1165	-0.06212
1166	-0.00512
1167	0.62890
1168	1.76349
1169	1.78858
1170	0.05065
1171	-2.68443
1172	-3.62461
1173	1.85091
1174	1.28627
1175	-3.00459
1176	-0.75447
1177	0.37145
1178	-0.52786
1179	-1.28405
1180	0.38398
1181	1.84947
1182	8.90712
1183	17.13930
1184	-2.32571
1185	-15.31645
1186	2.76634
1187	2.55053
1188	-3.31437
1189	0.34437
1190	-0.07473
1191	-0.11607
1192	0.76419
1193	-0.41326
1194	-0.30244
1195	0.00424
1196	-0.26021
1197	-0.43557
1198	0.20444
1199	0.35132
1200	0.14415
1201	0.00101
1202	-0.02344
1203	0.01731
1204	0.07405
1205	0.17639
1206	0.40954
1207	0.50938
1208	0.36532
1209	0.28007
1210	0.14879
1211	-0.12594
1212	-0.21198
1213	-0.33185
1214	-0.84249
1215	-1.12684
1216	-0.83917
1217	-0.43011
1218	-0.20821
1219	-0.27509
1220	-0.37214
1221	-0.16936
1222	0.03043
1223	0.10681
1224	-0.15711
1225	-0.16417
1226	0.00419
1227	0.07405
1228	-0.17464
1229	-0.25459
1230	-0.03752
1231	0.06042
1232	-0.04188
1233	0.06368
1234	0.42606
1235	0.18035
1236	0.05042
1237	0.45131
1238	0.21449
1239	-1.40363
1240	-1.32170
1241	0.48480
1242	0.64742
1243	-0.82667
1244	-1.11383
1245	1.15528
1246	2.56057
1247	2.26799
1248	2.43830
1249	2.91173
1250	1.02853
1251	-3.01281
1252	-4.30085
1253	-2.63376
1254	-0.99066
1255	0.18693
1256	1.14228
1257	1.42447
1258	1.06964
1259	0.77823
1260	0.78358
1261	0.57681
1262	-0.50996
1263	-1.82545
1264	-1.75775
1265	-0.74236
1266	-0.19363
1267	-0.22445
1268	-0.08719
1269	0.58194
1270	0.93727
1271	0.89475
1272	0.67634
1273	-0.72659
1274	-3.08400
1275	-0.02379
1276	1.87034
1277	-3.14900
1278	0.82358
1279	-0.25910
1280	0.62737
1281	-0.63365
1282	-0.03718
1283	2.32858
1284	0.93687
1285	0.62321
1286	3.35797
1287	6.58985
1288	0.99770
1289	-8.98107
1290	3.27238
1291	19.18633
1292	0.42746
1293	-16.64056
1294	-8.48295
1295	-0.33774
1296	0.65978
1297	0.04095
1298	-0.30184
1299	-0.17605
1300	0.03598
1301	-0.05410
1302	-0.16809
1303	-0.00426
1304	-0.02548
1305	-0.09429
1306	-0.01192
1307	0.09190
1308	-0.03067
1309	-0.04195
1310	0.01364
1311	-0.08286
1312	-0.12925
1313	-0.17550
1314	-0.29266
1315	-0.23912
1316	-0.11505
1317	-0.04848
1318	-0.04403
1319	-0.12880
1320	-0.02881
1321	0.26701
1322	-0.06960
1323	-0.80961
1324	-0.44825
1325	-0.00524
1326	-0.04993
1327	-0.39062
1328	-0.20061
1329	-0.02414
1330	0.00715
1331	-0.10361
1332	0.05731
1333	0.46343
1334	0.43729
1335	-0.38863
1336	-0.60722
1337	-0.13108
1338	0.16919
1339	0.63566
1340	1.26375
1341	0.32519
1342	-1.57375
1343	-1.66839
1344	-0.71609
1345	-0.00731
1346	-0.02850
1347	-0.18180
1348	0.11593
1349	0.23191
1350	0.87323
1351	2.90097
1352	3.98026
1353	2.59786
1354	-0.84751
1355	-3.97217
1356	-3.89087
1357	-2.51508
1358	-1.29370
1359	0.09800
1360	0.97032
1361	0.87615
1362	0.50185
1363	0.31850
1364	0.31725
1365	0.36902
1366	0.01836
1367	-1.01661
1368	-1.54738
1369	-0.90836
1370	-0.20712
1371	0.04051
1372	-0.03581
1373	-0.02956
1374	0.68230
1375	1.29570
1376	0.49293
1377	-1.22502
1378	-2.31447
1379	0.66554
1380	2.96553
1381	-3.80418
1382	-0.76453
1383	0.69631
1384	0.08753
1385	0.73402
1386	-1.73373
1387	1.16954
1388	2.85388
1389	6.36050
1390	16.07006
1391	13.60779
1392	-18.99714
1393	-14.43481
1394	21.42403
1395	2.10357
1396	-14.98090
1397	-3.23502
1398	0.41607
1399	-0.11933
1400	-0.00210
1401	0.02096
1402	-0.01947
1403	0.11255
1404	-0.11250
1405	-0.20911
1406	-0.10018
1407	-0.08038
1408	-0.15173
1409	-0.13199
1410	-0.09563
1411	-0.08757
1412	-0.01809
1413	0.04563
1414	0.01302
1415	-0.03473
1416	-0.05928
1417	-0.00844
1418	0.32674
1419	0.27719
1420	-0.37422
1421	-0.37032
1422	-0.13498
1423	-0.28212
1424	-0.54151
1425	-0.41001
1426	-0.42861
1427	-0.46382
1428	-0.09965
1429	0.40778
1430	1.04678
1431	0.32971
1432	-0.90953
1433	-0.81428
1434	-0.39344
1435	-0.34393
1436	-0.21288
1437	0.06656
1438	0.26650
1439	0.01891
1440	-0.22534
1441	-0.01732
1442	0.10202
1443	0.12176
1444	0.34195
1445	0.69530
1446	0.26524
1447	-0.93748
1448	-1.23801
1449	-0.26728
1450	0.14145
1451	-0.60795
1452	-0.42837
1453	0.73348
1454	1.79383
1455	1.94689
1456	1.75105
1457	1.40922
1458	0.28692
1459	-1.90260
1460	-3.16634
1461	-2.24662
1462	-0.86171
1463	-0.09437
1464	0.35483
1465	0.59559
1466	0.62790
1467	0.92100
1468	1.56516
1469	1.71977
1470	0.66232
1471	-0.77470
1472	-1.44909
1473	-1.36547
1474	-0.83384
1475	-0.25520
1476	0.01955
1477	0.21954
1478	0.70307
1479	1.06078
1480	-0.35673
1481	-2.52011
1482	0.46636
1483	2.26560
1484	-3.50213
1485	-0.76653
1486	0.74693
1487	-0.33265
1488	-0.00319
1489	0.72189
1490	2.34143
1491	2.97653
1492	7.09227
1493	17.26619
1494	11.31359
1495	-23.35824
1496	-4.22071
1497	39.12622
1498	-2.72897
1499	-29.68501
1500	-6.76203
1501	4.08075
1502	2.83852
1503	0.37711
1504	-2.28364
1505	-2.65460
1506	-1.02462
1507	-0.03709
1508	0.24939
1509	0.23932
1510	-0.33037
1511	-0.68485
1512	-0.42769
1513	-0.15560
1514	-0.17906
1515	-0.42582
1516	-0.41014
1517	0.19130
1518	0.49270
1519	-0.21298
1520	-0.36374
1521	-0.03596
1522	0.02487
1523	0.05576
1524	0.35943
1525	0.97113
1526	0.40167
1527	-1.49394
1528	-1.50600
1529	-0.48832
1530	-0.05110
1531	-0.06202
1532	0.05151
1533	0.38222
1534	0.16832
1535	-0.82426
1536	-1.09444
1537	-0.67741
1538	-0.28852
1539	-0.02361
1540	0.16333
1541	0.13301
1542	-0.06315
1543	-0.12746
1544	-0.06060
1545	0.06891
1546	0.14653
1547	0.35532
1548	0.59761
1549	0.13681
1550	-0.88515
1551	-1.39364
1552	-0.24597
1553	1.14446
1554	-1.06367
1555	-2.01951
1556	2.10363
1557	4.07695
1558	1.06208
1559	-0.87836
1560	-0.34358
1561	0.54601
1562	0.28486
1563	-1.77558
1564	-2.50140
1565	-1.03232
1566	-0.17777
1567	0.09532
1568	0.55573
1569	0.85513
1570	0.62023
1571	0.40198
1572	0.50029
1573	0.86412
1574	0.94196
1575	-0.15604
1576	-1.47575
1577	-1.40245
1578	-0.63361
1579	-0.11253
1580	0.07448
1581	0.39596
1582	1.30129
1583	1.90070
1584	1.34654
1585	-0.09902
1586	-3.66473
1587	-2.75938
1588	3.90852
1589	-2.42684
1590	-1.30371
1591	-0.03610
1592	2.79360
1593	-1.87609
1594	-2.26497
1595	4.05475
1596	0.70149
1597	-1.94528
1598	0.78758
1599	6.86047
1600	11.46423
1601	-6.00085
1602	-9.61246
1603	21.11004
1604	10.49488
1605	-19.65972
1606	-11.36841
1607	0.80886
1608	1.00037
1609	-0.47279
1610	-0.70252
1611	-0.58422
1612	-0.30617
1613	-0.07383
1614	-0.00195
1615	-0.01152
1616	-0.08749
1617	-0.07344
1618	-0.03068
1619	-0.03136
1620	-0.11033
1621	-0.13229
1622	-0.05996
1623	-0.04147
1624	0.00568
1625	0.23946
1626	0.62112
1627	0.20311
1628	-0.75678
1629	-0.90040
1630	-0.34028
1631	-0.00745
1632	0.22120
1633	-0.28674
1634	-0.43908
1635	-0.07836
1636	0.38323
1637	0.60081
1638	-0.13223
1639	-0.52166
1640	-0.46851
1641	-0.53792
1642	-0.61377
1643	-0.29753
1644	0.07498
1645	-0.03124
1646	-0.49798
1647	-0.15019
1648	0.02753
1649	-0.06216
1650	0.01827
1651	0.49641
1652	0.78871
1653	-0.22962
1654	-0.90267
1655	-1.14681
1656	-0.51641
1657	0.40920
1658	-1.22112
1659	0.09883
1660	1.68192
1661	0.97381
1662	1.72115
1663	3.43790
1664	2.41999
1665	-1.13479
1666	-3.49727
1667	-3.08984
1668	-1.47025
1669	-0.44028
1670	0.05261
1671	0.45527
1672	0.88297
1673	0.68036
1674	-0.08963
1675	-0.07220
1676	0.57342
1677	0.71652
1678	-0.12649
1679	-0.71140
1680	-0.54821
1681	-0.23785
1682	-0.15871
1683	-0.16672
1684	0.66099
1685	2.02895
1686	0.87846
1687	-1.78610
1688	-2.64672
1689	-0.69902
1690	4.62146
1691	0.65244
1692	-7.13290
1693	1.51324
1694	0.05657
1695	-0.19270
1696	-0.12710
1697	0.75579
1698	1.78201
1699	3.64834
1700	12.83181
1701	18.69770
1702	-7.84925
1703	-20.06878
1704	19.26618
1705	14.36302
1706	-17.08686
1707	-9.81296
1708	1.13779
1709	0.80775
1710	-0.06008
1711	-0.22301
1712	-0.46311
1713	-0.11044
1714	0.01383
1715	-0.18294
1716	-0.13337
1717	-0.07022
1718	-0.10471
1719	-0.24041
1720	-0.07901
1721	0.00347
1722	-0.00097
1723	-0.00069
1724	0.01662
1725	0.06182
1726	-0.10291
1727	0.00405
1728	0.19062
1729	0.13138
1730	0.28517
1731	0.19492
1732	-0.88014
1733	-1.17968
1734	-0.63602
1735	-0.22768
1736	-0.00570
1737	-0.02443
1738	-0.22216
1739	-0.01226
1740	0.37948
1741	0.27497
1742	-0.33229
1743	-0.65136
1744	-0.45447
1745	-0.10617
1746	0.06753
1747	-0.00564
1748	-0.23166
1749	-0.19284
1750	-0.05304
1751	-0.04655
1752	0.00434
1753	0.45723
1754	0.57212
1755	0.21861
1756	-0.08004
1757	-0.78911
1758	-0.82182
1759	0.57161
1760	-0.42723
1761	-1.41420
1762	0.05071
1763	2.03285
1764	3.15740
1765	1.39926
1766	-0.54894
1767	-0.73047
1768	-1.10806
1769	-2.26390
1770	-2.22032
1771	-1.05118
1772	0.01430
1773	0.70325
1774	0.64459
1775	0.04310
1776	-0.12680
1777	0.18811
1778	0.61868
1779	0.70302
1780	0.06292
1781	-0.79892
1782	-0.91448
1783	-0.43327
1784	-0.09871
1785	-0.04778
1786	-0.04282
1787	0.10050
1788	0.61710
1789	1.49855
1790	1.31689
1791	-0.04408
1792	-1.33888
1793	-2.60781
1794	0.06549
1795	1.73946
1796	-1.75055
1797	-0.25753
1798	1.99954
1799	1.46503
1800	-5.57862
1801	0.36924
1802	3.58333
1803	0.82580
1804	1.75070
1805	8.17473
1806	12.73388
1807	-7.68336
1808	-15.31395
1809	21.48171
1810	12.57477
1811	-19.08399
1812	-12.36531
1813	-0.67799
1814	0.77033
1815	-0.27582
1816	-0.46940
1817	-0.07473
1818	0.07077
1819	0.03525
1820	-0.09460
1821	-0.30465
1822	-0.26226
1823	-0.12943
1824	-0.08975
1825	-0.10628
1826	-0.09842
1827	-0.01208
1828	0.13542
1829	-0.00978
1830	-0.04997
1831	0.01598
1832	0.05229
1833	0.08685
1834	0.13616
1835	-0.01634
1836	-0.42191
1837	-0.52090
1838	-0.26411
1839	-0.08935
1840	0.01997
1841	0.12473
1842	-0.04340
1843	0.09548
1844	0.78885
1845	1.24070
1846	0.30103
1847	-1.01306
1848	-1.26907
1849	-0.84065
1850	-0.45431
1851	-0.32607
1852	-0.33807
1853	-0.22585
1854	0.12809
1855	0.60070
1856	0.91911
1857	0.64221
1858	-0.60558
1859	-1.58088
1860	-0.79508
1861	-0.01987
1862	-0.00028
1863	0.07309
1864	0.17379
1865	0.47210
1866	1.08238
1867	1.90532
1868	2.82893
1869	3.78891
1870	2.72645
1871	-0.80993
1872	-4.26409
1873	-4.93050
1874	-2.50232
1875	0.35727
1876	1.48740
1877	1.01342
1878	0.39049
1879	0.27107
1880	0.08788
1881	-0.28080
1882	-0.34734
1883	-0.31575
1884	-0.37167
1885	-0.30907
1886	-0.17684
1887	-0.08822
1888	-0.07630
1889	-0.20507
1890	-0.20935
1891	0.44987
1892	1.02039
1893	0.53085
1894	-0.48952
1895	-2.18780
1896	-0.72659
1897	5.32999
1898	-3.34728
1899	-2.77776
1900	1.35985
1901	-0.20423
1902	1.04451
1903	-2.13478
1904	4.68979
1905	8.03959
1906	10.80938
1907	10.80182
1908	-9.07816
1909	-15.62010
1910	13.78846
1911	15.08714
1912	-9.30725
1913	-12.51471
1914	-1.66299
1915	1.56199
1916	-0.03256
1917	-0.46077
1918	-0.16423
1919	-0.03545
1920	0.01054
1921	-0.09350
1922	-0.21762
1923	-0.13560
1924	-0.03383
1925	-0.00787
1926	0.01160
1927	0.06382
1928	-0.03605
1929	-0.10751
1930	-0.00919
1931	0.02949
1932	-0.01283
1933	0.00414
1934	0.10541
1935	0.01438
1936	-0.01668
1937	0.26808
1938	0.42828
1939	-0.15272
1940	-0.80049
1941	-1.09958
1942	-1.44324
1943	-1.25838
1944	-0.42979
1945	-0.01089
1946	0.27372
1947	-0.17705
1948	-0.43121
1949	-0.03016
1950	0.18709
1951	0.43028
1952	0.12009
1953	-0.06027
1954	-0.09094
1955	-0.30247
1956	-0.57343
1957	-0.40801
1958	0.31023
1959	0.44655
1960	0.04152
1961	-0.19991
1962	-0.60265
1963	-0.99600
1964	-0.34611
1965	0.10297
1966	-0.23440
1967	0.12967
1968	1.42459
1969	3.20639
1970	3.76649
1971	2.16737
1972	0.94540
1973	0.24646
1974	-1.82833
1975	-4.29864
1976	-3.40409
1977	-0.49238
1978	1.43462
1979	1.72443
1980	0.87039
1981	0.18598
1982	0.05220
1983	0.01072
1984	-0.03658
1985	0.03886
1986	-0.03639
1987	-0.53537
1988	-0.94636
1989	-0.66758
1990	-0.23096
1991	-0.15968
1992	-0.03298
1993	1.02711
1994	1.93299
1995	1.07196
1996	-0.28914
1997	-1.75973
1998	-3.83991
1999	-0.02643
2000	2.41335
2001	-4.66214
2002	2.02952
2003	-0.55617
2004	0.78533
2005	-0.89181
2006	0.78639
2007	2.96159
2008	1.14870
2009	3.48355
2010	8.01321
2011	2.99321
2012	-10.43454
2013	-2.75993
2014	13.77131
2015	5.66497
2016	-11.93909
2017	-7.54793
2018	1.45035
2019	0.79855
2020	-0.50329
2021	-0.46286
2022	-0.25276
2023	-0.05911
2024	-0.00029
2025	-0.02268
2026	-0.02297
2027	0.00285
2028	0.16811
2029	0.20699
2030	-0.02060
2031	-0.25702
2032	-0.20619
2033	0.14478
2034	0.18476
2035	-0.47607
2036	-0.50154
2037	0.09220
2038	0.59841
2039	-0.19776
2040	-1.11249
2041	-0.65887
2042	-0.20326
2043	-0.07630
2044	-0.03409
2045	-0.15260
2046	-0.41902
2047	-0.36220
2048	0.00232
2049	0.02435
2050	0.36382
2051	-0.07178
2052	-0.24009
2053	-0.03407
2054	0.12221
2055	0.09588
2056	0.03538
2057	0.07314
2058	-0.05852
2059	-0.30017
2060	-0.22585
2061	-0.05369
2062	-0.01740
2063	0.28003
2064	1.52154
2065	1.92283
2066	-0.49528
2067	-2.75763
2068	-1.40805
2069	0.63012
2070	-0.40096
2071	-1.29897
2072	1.67898
2073	2.49673
2074	1.52933
2075	1.35240
2076	1.61491
2077	1.11083
2078	-0.84611
2079	-3.14917
2080	-3.52525
2081	-1.87840
2082	0.11723
2083	0.73914
2084	0.65998
2085	0.83806
2086	0.67551
2087	-0.04362
2088	-0.08603
2089	0.55695
2090	0.67827
2091	-0.20118
2092	-0.77773
2093	-0.53464
2094	-0.22660
2095	-0.19466
2096	-0.26441
2097	-0.00556
2098	1.03552
2099	1.81490
2100	0.96906
2101	-0.78515
2102	-2.89769
2103	-1.77109
2104	1.05164
2105	-1.55856
2106	1.10570
2107	-0.69419
2108	2.08808
2109	-1.27774
2110	-1.30847
2111	1.97993
2112	0.99241
2113	2.95478
2114	9.38056
2115	9.79900
2116	-8.75792
2117	-11.62408
2118	8.91186
2119	5.21127
2120	-8.34993
2121	-3.69807
2122	0.96884
2123	-0.30704
2124	-0.09379
2125	0.13735
2126	0.09455
2127	-0.01053
2128	-0.28353
2129	-0.53936
2130	-0.53117
2131	-0.31081
2132	-0.11223
2133	0.00382
2134	-0.05839
2135	-0.18569
2136	0.04234
2137	0.14172
2138	0.07303
2139	0.01355
2140	-0.05699
2141	0.03425
2142	0.35484
2143	0.50488
2144	0.28640
2145	-0.04299
2146	-0.08871
2147	-0.48957
2148	-2.21831
2149	-1.62423
2150	-0.19405
2151	0.05737
2152	-0.29440
2153	-0.08072
2154	-0.00562
2155	0.28212
2156	0.37067
2157	-0.27587
2158	-0.34728
2159	-0.07482
2160	0.20442
2161	0.32638
2162	0.19807
2163	0.01670
2164	-0.20710
2165	-0.36859
2166	-0.18904
2167	0.08060
2168	0.53130
2169	1.25111
2170	0.35375
2171	-1.55121
2172	-1.66273
2173	-0.92573
2174	-0.10938
2175	0.19407
2176	-0.39824
2177	-0.61879
2178	0.14666
2179	1.28876
2180	2.18735
2181	2.67527
2182	2.39554
2183	0.90425
2184	-0.72708
2185	-2.07089
2186	-3.35340
2187	-3.17555
2188	-0.95635
2189	1.15023
2190	1.78485
2191	1.37445
2192	0.55808
2193	0.18720
2194	0.47835
2195	0.54407
2196	-0.25283
2197	-1.36485
2198	-1.80044
2199	-1.20119
2200	-0.44751
2201	-0.13101
2202	0.00607
2203	0.27646
2204	0.89804
2205	1.79843
2206	1.92580
2207	-0.37905
2208	-4.55443
2209	-2.10745
2210	3.91566
2211	-3.80098
2212	-1.10684
2213	0.26087
2214	0.85245
2215	0.17094
2216	-2.63340
2217	3.02462
2218	3.97591
2219	0.15249
2220	-1.36807
2221	1.51925
2222	6.48210
2223	3.72254
2224	-12.30879
2225	3.17954
2226	26.41779
2227	-5.25288
2228	-22.17293
2229	-6.48510
2230	0.84166
2231	0.46042
2232	-0.37986
2233	-0.56539
2234	-0.26623
2235	-0.04986
2236	0.00144
2237	0.01651
2238	-0.06770
2239	-0.07452
2240	-0.00733
2241	-0.02267
2242	-0.05198
2243	-0.21839
2244	-0.51180
2245	-0.35186
2246	-0.03544
2247	0.10504
2248	-0.18673
2249	-0.23127
2250	0.21621
2251	0.34050
2252	-0.31035
2253	-1.03073
2254	-1.30337
2255	-0.49237
2256	-0.00973
2257	0.00279
2258	-0.02511
2259	0.16006
2260	-0.13904
2261	0.29593
2262	0.62720
2263	-0.46947
2264	-0.41513
2265	-0.05198
2266	0.18455
2267	0.23863
2268	0.08194
2269	-0.12154
2270	-0.23800
2271	-0.28882
2272	-0.02352
2273	0.38232
2274	0.60124
2275	0.90808
2276	0.58876
2277	-1.14406
2278	-1.86393
2279	-0.79663
2280	-0.03753
2281	0.08434
2282	0.58790
2283	0.94530
2284	0.83873
2285	0.73158
2286	1.18886
2287	1.54611
2288	1.95982
2289	2.09866
2290	0.98809
2291	-1.78868
2292	-3.90048
2293	-2.97140
2294	-1.19238
2295	0.07778
2296	1.78524
2297	2.59801
2298	0.98971
2299	-0.37710
2300	-0.37265
2301	-0.03715
2302	0.26833
2303	0.44441
2304	-0.23072
2305	-1.47374
2306	-1.39264
2307	-0.47632
2308	-0.04099
2309	-0.06059
2310	-0.15920
2311	0.20031
2312	1.00229
2313	1.05706
2314	-0.20042
2315	-1.22702
2316	-1.18775
2317	0.55826
2318	-0.14617
2319	-0.14864
2320	5.14148
2321	-4.06719
2322	2.04130
2323	-0.35746
2324	-3.05614
2325	7.39578
2326	6.55181
2327	2.79675
2328	1.56070
2329	-2.57174
2330	-7.49045
2331	-0.17988
2332	11.78858
2333	2.71698
2334	-9.16378
2335	-5.39397
2336	-0.81206
2337	0.22536
2338	0.38262
2339	-0.11755
2340	-0.20427
2341	0.16752
2342	-0.17473
2343	-0.26456
2344	-0.04151
2345	-0.01251
2346	0.00400
2347	-0.04141
2348	-0.02861
2349	0.14620
2350	0.20511
2351	-0.14889
2352	-0.11390
2353	0.08854
2354	0.25692
2355	0.09182
2356	-0.20440
2357	-0.17873
2358	0.00572
2359	0.09710
2360	0.06743
2361	-0.01114
2362	-0.13967
2363	-0.18338
2364	-0.40478
2365	-0.86148
2366	-0.75331
2367	-0.17363
2368	0.10321
2369	0.26222
2370	-0.22529
2371	-0.34794
2372	-0.16867
2373	-0.08019
2374	-0.03328
2375	0.03133
2376	0.11187
2377	0.06879
2378	-0.02716
2379	-0.04177
2380	-0.00262
2381	0.25228
2382	0.64022
2383	0.68803
2384	0.15175
2385	-0.65624
2386	-0.94702
2387	0.04840
2388	0.29840
2389	-0.78985
2390	-0.12988
2391	1.10257
2392	1.24815
2393	0.38561
2394	0.37250
2395	1.52349
2396	2.65121
2397	0.83159
2398	-2.90185
2399	-4.45054
2400	-2.84537
2401	-0.26394
2402	0.97718
2403	0.72630
2404	0.27275
2405	0.16713
2406	0.03320
2407	0.02071
2408	0.66711
2409	1.29962
2410	0.24641
2411	-1.41766
2412	-1.21646
2413	-0.41090
2414	-0.10784
2415	-0.16112
2416	-0.21647
2417	0.50937
2418	2.28445
2419	2.83164
2420	0.96582
2421	-1.77116
2422	-4.78376
2423	-2.75249
2424	1.47271
2425	-1.82866
2426	1.35503
2427	-1.13454
2428	4.82085
2429	-1.37680
2430	-5.25686
2431	5.33859
2432	3.29269
2433	-3.18509
2434	-2.79656
2435	-0.05119
2436	2.62291
2437	3.61167
2438	-4.05599
2439	-0.62309
2440	12.12471
2441	-1.09130
2442	-12.12568
2443	-3.95099
2444	1.47076
2445	1.00269
2446	-0.88669
2447	-0.79838
2448	0.49789
2449	0.16463
2450	-0.37889
2451	-0.35268
2452	-0.17960
2453	-0.05801
2454	0.00412
2455	-0.10699
2456	-0.18861
2457	-0.04001
2458	0.08783
2459	-0.12557
2460	-0.30441
2461	-0.04274
2462	0.27226
2463	0.02109
2464	-0.92725
2465	-0.35900
2466	0.00291
2467	0.21255
2468	-0.18472
2469	-0.35098
2470	-0.22036
2471	-0.14603
2472	-0.27928
2473	-0.23675
2474	0.03348
2475	0.26547
2476	-0.06888
2477	-0.44216
2478	-0.19371
2479	0.18534
2480	0.27041
2481	-0.06085
2482	-0.21600
2483	-0.05527
2484	-0.07242
2485	-0.27986
2486	-0.02934
2487	0.32876
2488	0.71275
2489	0.88169
2490	-0.25162
2491	-1.49588
2492	-1.27975
2493	-0.52572
2494	-0.02049
2495	-0.05355
2496	0.00553
2497	0.74453
2498	0.89871
2499	0.52371
2500	1.10248
2501	3.11386
2502	4.31467
2503	1.07713
2504	-2.64599
2505	-4.29163
2506	-4.05735
2507	-1.73189
2508	0.71078
2509	1.78337
2510	1.63656
2511	0.77137
2512	0.02876
2513	-0.14948
2514	0.21364
2515	0.71242
2516	0.26891
2517	-1.40815
2518	-1.96920
2519	-0.95918
2520	-0.22251
2521	-0.04339
2522	0.00321
2523	0.26246
2524	1.11749
2525	1.80591
2526	0.37740
2527	-2.16810
2528	-3.37761
2529	2.47509
2530	5.67968
2531	-8.78480
2532	-0.13711
2533	0.04154
2534	1.90145
2535	0.10392
2536	-3.88618
2537	7.20360
2538	5.74510
2539	-0.52953
2540	0.72795
2541	6.18252
2542	7.11205
2543	-7.87002
2544	-12.80767
2545	17.19067
2546	17.56375
2547	-14.62755
2548	-15.21396
2549	-2.58057
2550	1.11829
2551	0.59273
2552	-0.50826
2553	-0.72468
2554	-0.03643
2555	0.00724
2556	-0.02990
2557	-0.04025
2558	-0.18792
2559	-0.23516
2560	-0.15839
2561	-0.17022
2562	-0.31818
2563	-0.43870
2564	-0.23134
2565	-0.07232
2566	-0.07401
2567	-0.09966
2568	-0.03934
2569	0.23108
2570	0.55435
2571	-0.10369
2572	-0.57741
2573	-0.55070
2574	-0.53819
2575	-0.48326
2576	-0.46095
2577	-0.39170
2578	-0.02180
2579	-0.01001
2580	0.49514
2581	0.12826
2582	-0.46250
2583	-0.06443
2584	0.35440
2585	-0.01628
2586	-0.61475
2587	-0.23161
2588	0.20586
2589	0.17533
2590	-0.29604
2591	-0.28611
2592	-0.06210
2593	0.06387
2594	0.46165
2595	0.84797
2596	0.03665
2597	-1.05840
2598	-1.24928
2599	-0.44361
2600	0.04265
2601	-0.06050
2602	-0.06815
2603	-0.10757
2604	0.82439
2605	3.01212
2606	2.41737
2607	0.37211
2608	0.90061
2609	2.51954
2610	0.81709
2611	-4.57700
2612	-5.57628
2613	-2.57749
2614	0.08914
2615	1.94212
2616	2.35097
2617	0.84394
2618	-0.55351
2619	-0.67304
2620	-0.21760
2621	0.30687
2622	0.66520
2623	0.30102
2624	-0.67134
2625	-0.96969
2626	-0.46671
2627	-0.07989
2628	-0.17234
2629	-0.35391
2630	-0.19405
2631	0.19814
2632	0.85803
2633	1.60636
2634	1.48202
2635	-0.98270
2636	-4.80051
2637	-0.34224
2638	1.30156
2639	-2.66839
2640	2.01002
2641	-0.88860
2642	0.98995
2643	-1.75597
2644	6.02802
2645	4.76460
2646	-1.59712
2647	-0.68767
2648	2.63946
2649	2.03900
2650	-4.57632
2651	-3.20364
2652	6.60870
2653	3.60627
2654	-5.64781
2655	-4.36014
2656	-0.70959
2657	0.02119
2658	-0.00035
2659	0.11267
2660	0.13335
2661	-0.14690
2662	-0.45063
2663	-0.36601
2664	-0.18545
2665	-0.10022
2666	-0.03830
2667	0.01240
2668	-0.02881
2669	-0.18043
2670	-0.13259
2671	-0.03159
2672	-0.05383
2673	-0.09347
2674	-0.04482
2675	0.02095
2676	0.18075
2677	0.48949
2678	0.38876
2679	-0.45310
2680	-0.92245
2681	-0.44973
2682	0.00895
2683	-0.43763
2684	-0.71904
2685	-0.19546
2686	0.16507
2687	0.13850
2688	-0.45831
2689	-0.46625
2690	-0.15681
2691	-0.04447
2692	-0.00420
2693	-0.02429
2694	0.06336
2695	0.30712
2696	0.44792
2697	0.20006
2698	-0.18964
2699	-0.32399
2700	0.13474
2701	1.07361
2702	1.05489
2703	-0.16877
2704	-1.39117
2705	-1.59091
2706	-0.75829
2707	-0.05350
2708	0.14418
2709	0.41905
2710	0.24016
2711	0.18698
2712	0.40073
2713	0.86437
2714	1.73860
2715	2.69610
2716	1.89460
2717	-0.14286
2718	-1.63383
2719	-2.44896
2720	-2.76792
2721	-1.99812
2722	0.11738
2723	1.35151
2724	0.76636
2725	0.28745
2726	0.43347
2727	0.62929
2728	0.58602
2729	0.33244
2730	-0.05423
2731	-0.58797
2732	-1.02589
2733	-0.84956
2734	-0.40469
2735	-0.19732
2736	-0.10514
2737	0.21432
2738	1.04044
2739	1.55985
2740	0.75336
2741	-1.02164
2742	-3.46112
2743	-0.16596
2744	2.97984
2745	-3.76226
2746	-0.65522
2747	0.15277
2748	0.86941
2749	-2.78070
2750	3.19831
2751	3.93487
2752	-0.04995
2753	1.84286
2754	8.04780
2755	9.51529
2756	-7.19018
2757	-11.91544
2758	12.40763
2759	9.93628
2760	-11.40781
2761	-7.74829
2762	-0.52346
2763	0.30224
2764	0.20131
2765	-0.06171
2766	-0.31223
2767	0.16684
2768	0.12822
2769	-0.33860
2770	-0.34632
2771	-0.19330
2772	-0.14338
2773	-0.09781
2774	-0.15708
2775	-0.21419
2776	-0.20705
2777	-0.15543
2778	-0.02022
2779	0.03844
2780	-0.01522
2781	0.02378
2782	0.59147
2783	0.51314
2784	-0.45618
2785	-0.47189
2786	-0.48674
2787	-1.11077
2788	-0.68658
2789	-0.08779
2790	0.06530
2791	-0.46663
2792	-0.20482
2793	0.01457
2794	0.47410
2795	0.41696
2796	-0.26689
2797	-0.34838
2798	-0.24098
2799	-0.07801
2800	0.09532
2801	0.04939
2802	0.02085
2803	-0.11433
2804	-0.54645
2805	-0.16199
2806	0.77319
2807	1.17971
2808	1.02367
2809	-0.67030
2810	-2.92415
2811	-1.98776
2812	-0.16900
2813	-0.00082
2814	0.01203
2815	-0.00675
2816	-0.25645
2817	-0.05937
2818	0.92610
2819	2.44331
2820	4.06908
2821	3.47068
2822	0.79715
2823	-1.25083
2824	-3.06075
2825	-4.59012
2826	-3.66998
2827	-0.67855
2828	1.67748
2829	1.95353
2830	0.91891
2831	0.04209
2832	-0.13256
2833	0.16305
2834	0.56521
2835	0.60355
2836	-0.20481
2837	-1.27091
2838	-1.42943
2839	-0.86843
2840	-0.32856
2841	-0.04305
2842	0.21527
2843	0.88303
2844	1.59622
2845	0.87869
2846	-0.77426
2847	-2.29477
2848	-1.87111
2849	3.44744
2850	0.21850
2851	-4.94134
2852	1.35664
2853	-0.56987
2854	4.69733
2855	-3.50250
2856	-3.11718
2857	4.19693
2858	3.70984
2859	5.93886
2860	12.74945
2861	6.18569
2862	-17.46034
2863	-8.24206
2864	12.73185
2865	-0.40499
2866	-7.70399
2867	-1.02471
2868	0.42716
2869	0.02436
2870	-0.01586
2871	-0.12715
2872	0.21425
2873	-0.10932
2874	-0.44423
2875	-0.16682
2876	0.05941
2877	-0.01747
2878	-0.68241
2879	-0.54805
2880	-0.05543
2881	-0.00099
2882	0.02076
2883	-0.05939
2884	-0.05310
2885	-0.00224
2886	0.07513
2887	0.19303
2888	0.25017
2889	0.34172
2890	0.17839
2891	-0.18987
2892	-0.26770
2893	-0.33880
2894	-0.84169
2895	-0.97165
2896	-0.60590
2897	-0.34446
2898	-0.15952
2899	-0.11946
2900	-0.20587
2901	-0.20422
2902	-0.06956
2903	0.02603
2904	-0.07301
2905	-0.03768
2906	0.22698
2907	0.49845
2908	0.21564
2909	-0.41051
2910	-0.52062
2911	-0.21860
2912	0.09107
2913	0.48341
2914	0.74742
2915	0.18723
2916	-1.13166
2917	-1.82545
2918	-0.60380
2919	0.03134
2920	0.00141
2921	0.41443
2922	0.99032
2923	1.42851
2924	2.16866
2925	2.73747
2926	2.12078
2927	1.95873
2928	1.65966
2929	-1.61473
2930	-5.17653
2931	-4.44094
2932	-1.81810
2933	0.07546
2934	1.28159
2935	1.56331
2936	0.53098
2937	-0.24134
2938	-0.11465
2939	0.05167
2940	-0.02329
2941	-0.08208
2942	-0.21355
2943	-0.43852
2944	-0.50540
2945	-0.37111
2946	-0.16468
2947	-0.06211
2948	-0.10939
2949	-0.09218
2950	0.33081
2951	1.09585
2952	1.26939
2953	-0.20450
2954	-2.23861
2955	0.32774
2956	4.03933
2957	-3.77852
2958	1.00174
2959	1.29764
2960	-1.51532
2961	1.06799
2962	-2.00246
2963	6.52579
2964	3.75806
2965	-4.26028
2966	-2.74009
2967	0.27886
2968	2.11699
2969	0.62177
2970	-3.12962
2971	3.80250
2972	10.08526
2973	-1.46583
2974	-9.91003
2975	-4.06718
2976	0.73500
2977	0.54835
2978	-0.25983
2979	-0.29737
2980	-0.01924
2981	0.06023
2982	-0.04687
2983	-0.06070
2984	-0.00318
2985	-0.25187
2986	-0.30669
2987	-0.06879
2988	0.15723
2989	0.08046
2990	-0.55756
2991	-0.49251
2992	-0.05437
2993	-0.00016
2994	0.10718
2995	0.28503
2996	0.06056
2997	-0.24913
2998	-0.24660
2999	-0.38676
3000	-0.59997
3001	-0.50589
3002	-0.28685
3003	-0.04499
3004	0.29437
3005	0.25533
3006	-0.64918
3007	-0.44225
3008	-0.02333
3009	0.18436
3010	0.06796
3011	-0.07788
3012	0.09138
3013	0.14788
3014	-0.30708
3015	-0.38783
3016	-0.07514
3017	-0.04013
3018	-0.14721
3019	0.09488
3020	0.25691
3021	0.35026
3022	0.55668
3023	0.10372
3024	-1.02861
3025	-1.08873
3026	-0.37876
3027	0.02950
3028	-0.07848
3029	-0.52960
3030	-0.47246
3031	0.41325
3032	1.60008
3033	2.91448
3034	3.26648
3035	1.51990
3036	-0.61597
3037	-2.13954
3038	-3.80972
3039	-4.38811
3040	-2.32048
3041	0.19889
3042	0.87548
3043	0.51010
3044	0.33617
3045	0.39816
3046	0.40764
3047	0.25270
3048	-0.08081
3049	-0.47886
3050	-0.59231
3051	-0.33529
3052	-0.17329
3053	-0.28214
3054	-0.24911
3055	-0.04073
3056	0.07428
3057	0.33814
3058	1.12145
3059	1.93468
3060	1.54601
3061	-1.02063
3062	-4.50671
3063	0.34408
3064	4.24781
3065	-5.45761
3066	1.46109
3067	-0.87180
3068	3.76576
3069	5.39186
3070	-7.83842
3071	-3.81542
3072	2.99690
3073	4.43495
3074	7.05077
3075	9.83274
3076	2.08128
3077	-13.77818
3078	-5.58488
3079	16.19472
3080	4.94487
3081	-14.26435
3082	-5.68120
3083	2.34436
3084	0.20833
3085	-0.91271
3086	-0.33880
3087	-0.04978
3088	0.00267
3089	-0.00041
3090	0.07060
3091	0.03599
3092	-0.21853
3093	-0.32435
3094	-0.25859
3095	-0.17330
3096	-0.06378
3097	-0.01820
3098	-0.02729
3099	-0.00378
3100	-0.05010
3101	-0.09870
3102	-0.04758
3103	0.06452
3104	0.31248
3105	0.19866
3106	-0.34592
3107	-0.48873
3108	-0.33945
3109	-0.81870
3110	-1.41832
3111	-0.66675
3112	-0.07019
3113	0.09636
3114	0.27005
3115	0.22105
3116	0.02416
3117	-0.31755
3118	-0.38430
3119	-0.13632
3120	0.21055
3121	0.53272
3122	0.29011
3123	-0.25428
3124	-0.41988
3125	-0.37944
3126	0.13888
3127	0.89522
3128	1.09685
3129	0.20113
3130	-1.62520
3131	-1.85764
3132	-0.35662
3133	0.16620
3134	-0.22181
3135	-0.53458
3136	0.19007
3137	1.76745
3138	2.97501
3139	2.56248
3140	2.06199
3141	1.70126
3142	-0.64145
3143	-4.38973
3144	-5.19623
3145	-2.90794
3146	-0.19821
3147	1.06668
3148	0.89602
3149	0.45014
3150	0.17771
3151	0.06070
3152	0.06360
3153	0.04910
3154	0.00346
3155	-0.05957
3156	-0.39331
3157	-0.68832
3158	-0.42477
3159	-0.12154
3160	-0.01334
3161	0.07682
3162	0.19251
3163	0.31078
3164	0.53505
3165	1.12711
3166	1.53258
3167	-1.36431
3168	-4.92173
3169	3.05155
3170	2.18749
3171	-4.66065
3172	-0.03332
3173	2.58152
3174	8.12840
3175	-8.23310
3176	-8.11221
3177	2.57555
3178	3.20075
3179	2.10795
3180	4.68282
3181	9.37040
3182	6.65666
3183	-11.72705
3184	-10.33364
3185	16.01772
3186	4.07606
3187	-14.35580
3188	-1.96347
3189	4.34727
3190	-1.22201
3191	-1.85182
3192	-0.30675
3193	0.07187
3194	-0.01391
3195	-0.10047
3196	-0.13616
3197	-0.10987
3198	-0.07628
3199	-0.06121
3200	-0.01922
3201	-0.02860
3202	-0.13313
3203	-0.12515
3204	-0.02256
3205	0.03478
3206	0.13484
3207	0.25915
3208	0.08832
3209	-0.12398
3210	-0.11454
3211	-0.20648
3212	-0.59481
3213	-1.04675
3214	-0.92073
3215	-0.46049
3216	-0.16386
3217	-0.14081
3218	-0.43096
3219	-0.26589
3220	-0.01147
3221	0.21787
3222	0.36416
3223	0.11021
3224	0.09373
3225	0.27692
3226	0.18675
3227	-0.22878
3228	-0.38315
3229	-0.45410
3230	-0.42276
3231	0.31647
3232	1.34498
3233	1.32877
3234	-0.05958
3235	-1.71818
3236	-1.78777
3237	-0.31043
3238	0.09455
3239	-0.15439
3240	0.05278
3241	0.85436
3242	1.75681
3243	1.95230
3244	1.56403
3245	2.29156
3246	2.92510
3247	-0.00552
3248	-4.95981
3249	-5.68777
3250	-2.61355
3251	0.36331
3252	2.05938
3253	1.87253
3254	0.35895
3255	-0.16743
3256	0.40055
3257	0.67381
3258	-0.19758
3259	-1.00266
3260	-0.94421
3261	-0.82465
3262	-0.90735
3263	-0.59531
3264	-0.14254
3265	-0.00114
3266	-0.00622
3267	0.01122
3268	0.32118
3269	1.02995
3270	1.26873
3271	0.11094
3272	-1.70913
3273	-1.68331
3274	2.40053
3275	-0.89285
3276	-1.66495
3277	1.69913
3278	-0.74890
3279	1.38570
3280	-2.40357
3281	5.68355
3282	5.44557
3283	-1.03485
3284	0.30308
3285	5.00960
3286	5.85803
3287	-4.03450
3288	-9.48548
3289	7.38447
3290	9.32217
3291	-7.27459
3292	-7.20104
3293	-1.44154
3294	0.03456
3295	0.06744
3296	-0.05948
3297	0.21251
3298	0.21402
3299	-0.38415
3300	-0.60955
3301	-0.20984
3302	-0.00297
3303	-0.00642
3304	0.00904
3305	0.02011
3306	0.03877
3307	0.12903
3308	0.09634
3309	-0.09536
3310	-0.27424
3311	-0.21150
3312	-0.03896
3313	0.06252
3314	0.47944
3315	0.58918
3316	-0.16128
3317	-0.69503
3318	-0.90296
3319	-0.86171
3320	-0.55016
3321	-0.42189
3322	-0.33554
3323	-0.11241
3324	-0.00966
3325	0.06836
3326	0.22250
3327	0.00384
3328	-0.22898
3329	-0.01570
3330	0.29588
3331	0.06617
3332	-0.31798
3333	-0.14646
3334	0.11779
3335	0.25613
3336	-0.09187
3337	-0.18893
3338	0.61195
3339	0.39603
3340	-0.08813
3341	-0.05687
3342	-0.31412
3343	-0.59654
3344	-0.08809
3345	0.08593
3346	-0.33357
3347	-0.54277
3348	-0.09578
3349	0.72804
3350	1.08336
3351	1.04173
3352	1.20206
3353	1.46973
3354	1.02785
3355	-0.99675
3356	-3.75116
3357	-4.02043
3358	-1.33469
3359	1.28716
3360	1.74418
3361	0.58475
3362	0.02931
3363	0.41544
3364	0.60621
3365	0.20050
3366	0.01522
3367	-0.19917
3368	-0.99253
3369	-1.03021
3370	-0.30521
3371	-0.01300
3372	-0.16468
3373	-0.01723
3374	0.97330
3375	2.07352
3376	1.88422
3377	0.57553
3378	-1.34318
3379	-4.02773
3380	-1.01778
3381	2.05564
3382	-3.14139
3383	0.55271
3384	-0.28537
3385	1.55867
3386	-2.53861
3387	1.54286
3388	2.86893
3389	0.51530
3390	2.97529
3391	6.90760
3392	2.41744
3393	-7.04933
3394	-3.15677
3395	5.09104
3396	2.95086
3397	-1.71069
3398	-3.12143
3399	-2.21400
3400	-0.53695
3401	-0.01846
3402	-0.00978
3403	-0.04043
3404	-0.03088
3405	0.01020
3406	0.01955
3407	0.01259
3408	0.00694
3409	0.00104
3410	0.08353
3411	0.19609
3412	-0.01818
3413	-0.22358
3414	-0.14947
3415	-0.01935
3416	0.15376
3417	0.35165
3418	0.23221
3419	-0.53303
3420	-0.72353
3421	0.04820
3422	1.17998
3423	0.88083
3424	-1.19861
3425	-1.04901
3426	-0.23886
3427	-0.42880
3428	-0.75350
3429	-0.31206
3430	-0.00785
3431	-0.18581
3432	-0.39326
3433	-0.21472
3434	-0.07478
3435	-0.04110
3436	-0.00239
3437	0.04564
3438	0.10716
3439	0.16673
3440	-0.02499
3441	-0.13676
3442	0.01912
3443	0.10281
3444	0.12461
3445	0.25773
3446	0.73174
3447	0.85073
3448	-0.79118
3449	-1.15995
3450	-0.27818
3451	0.07205
3452	-0.11150
3453	0.09420
3454	1.07940
3455	0.88558
3456	0.39727
3457	0.70024
3458	1.42010
3459	1.65509
3460	0.78632
3461	-1.23810
3462	-3.07549
3463	-2.68297
3464	-0.74555
3465	0.32041
3466	0.32567
3467	0.42667
3468	0.88621
3469	0.99039
3470	0.49751
3471	0.49586
3472	1.03264
3473	0.68851
3474	-1.05586
3475	-1.78283
3476	-0.84197
3477	-0.09612
3478	0.13307
3479	0.07348
3480	-0.17030
3481	0.12556
3482	1.04607
3483	1.33047
3484	-0.11423
3485	-2.42097
3486	-1.18890
3487	4.88542
3488	-1.68371
3489	-4.89096
3490	6.59038
3491	-3.17060
3492	-0.35930
3493	0.16961
3494	-0.46755
3495	5.15709
3496	5.01678
3497	0.81747
3498	-0.03634
3499	2.96645
3500	3.67770
3501	-6.86921
3502	-8.27048
3503	20.36536
3504	18.18928
3505	-18.34509
3506	-20.70620
3507	1.14535
3508	5.70620
3509	-0.11893
3510	-2.56151
3511	-1.66793
3512	-0.59023
3513	-0.28461
3514	-0.04557
3515	0.19459
3516	-0.00002
3517	-0.05325
3518	-0.16575
3519	-0.29720
3520	-0.15878
3521	0.13065
3522	0.14545
3523	-0.15797
3524	-0.08632
3525	0.05075
3526	0.02906
3527	-0.27178
3528	-0.80770
3529	-0.66791
3530	-0.15160
3531	0.30339
3532	0.67720
3533	0.55685
3534	-0.74018
3535	-2.28825
3536	-0.72562
3537	0.23486
3538	-0.04729
3539	0.03455
3540	0.03278
3541	0.10236
3542	0.07520
3543	-0.09441
3544	-0.05391
3545	0.07104
3546	0.21232
3547	0.23846
3548	0.10867
3549	-0.08425
3550	-0.10314
3551	0.00967
3552	-0.02524
3553	-0.06994
3554	0.76748
3555	0.96309
3556	0.21786
3557	-0.66127
3558	-1.03856
3559	-0.47238
3560	-0.03845
3561	0.09480
3562	0.18819
3563	0.57315
3564	1.14317
3565	1.06847
3566	1.26667
3567	1.56138
3568	0.91659
3569	-0.24872
3570	-1.42008
3571	-2.38954
3572	-2.24626
3573	-0.98864
3574	0.26096
3575	0.89440
3576	0.98367
3577	0.64450
3578	0.16708
3579	0.02411
3580	0.10143
3581	-0.03816
3582	-0.29664
3583	-0.46063
3584	-0.65931
3585	-0.45524
3586	-0.07249
3587	0.01994
3588	-0.04666
3589	0.09324
3590	0.57447
3591	0.79824
3592	0.83087
3593	0.50950
3594	-0.81194
3595	-2.29011
3596	0.63810
3597	2.06765
3598	-2.90922
3599	3.21420
3600	-0.21062
3601	-1.63365
3602	2.46675
3603	-2.84511
3604	0.50970
3605	1.92685
3606	-0.50793
3607	-0.02786
3608	2.25159
3609	6.25211
3610	2.10334
3611	-8.78833
3612	4.65547
3613	15.90164
3614	-7.43248
3615	-12.93446
3616	0.66812
3617	3.13875
3618	0.11160
3619	-1.54987
3620	-1.34865
3621	-0.16692
3622	0.20822
3623	0.20767
3624	0.08912
3625	-0.23474
3626	-0.50595
3627	-0.55468
3628	-0.44449
3629	-0.24414
3630	-0.01946
3631	-0.03009
3632	-0.47505
3633	-0.27434
3634	0.13447
3635	-0.05392
3636	0.01181
3637	0.20082
3638	0.54302
3639	0.68533
3640	0.41736
3641	-0.23185
3642	-1.20515
3643	-1.66312
3644	-1.03954
3645	-0.28674
3646	0.02662
3647	0.25796
3648	0.19681
3649	-0.22987
3650	-0.26953
3651	-0.15980
3652	-0.31300
3653	-0.36063
3654	-0.06990
3655	0.21352
3656	0.34018
3657	0.17170
3658	-0.15906
3659	-0.22658
3660	-0.09970
3661	0.18562
3662	0.79833
3663	1.33691
3664	0.60372
3665	-1.04975
3666	-2.00048
3667	-1.31212
3668	-0.03498
3669	0.21630
3670	-0.36911
3671	-0.67637
3672	-0.03922
3673	0.94912
3674	2.39091
3675	3.21384
3676	2.13151
3677	0.47486
3678	-1.32655
3679	-3.72468
3680	-4.57467
3681	-3.19066
3682	-1.25870
3683	0.27899
3684	0.99331
3685	0.95625
3686	0.51169
3687	0.08713
3688	0.05330
3689	0.26190
3690	0.33385
3691	-0.04691
3692	-0.73763
3693	-0.89732
3694	-0.37812
3695	-0.05506
3696	-0.02051
3697	-0.04196
3698	0.12567
3699	0.21428
3700	0.18482
3701	0.23348
3702	0.32879
3703	0.13857
3704	-0.68020
3705	0.46391
3706	3.20205
3707	-2.15872
3708	0.15235
3709	8.41695
3710	-2.85994
3711	-4.75810
3712	2.63675
3713	-1.07881
3714	-1.95575
3715	0.55192
3716	0.38770
3717	0.40375
3718	2.16094
3719	4.76990
3720	-0.35266
3721	-5.90362
3722	6.28198
3723	9.78285
3724	-6.91779
3725	-8.68028
3726	1.36463
3727	2.07341
3728	-0.79830
3729	-1.10209
3730	-0.36657
3731	0.13119
3732	0.11418
3733	-0.03173
3734	-0.28840
3735	-0.47540
3736	-0.46998
3737	-0.31004
3738	-0.09280
3739	-0.00170
3740	-0.01162
3741	-0.03303
3742	-0.09393
3743	-0.17580
3744	-0.11015
3745	-0.01529
3746	0.05543
3747	0.40954
3748	0.47009
3749	-0.38647
3750	-0.53349
3751	-0.16573
3752	0.00315
3753	-0.21571
3754	-0.39501
3755	-0.48936
3756	-0.29809
3757	0.05871
3758	0.24717
3759	0.01685
3760	-0.15795
3761	-0.20416
3762	-0.33250
3763	-0.37885
3764	-0.20125
3765	0.04862
3766	0.14923
3767	0.11729
3768	-0.09854
3769	-0.33320
3770	-0.09769
3771	0.31421
3772	0.53372
3773	0.29933
3774	0.00310
3775	0.17315
3776	-0.04170
3777	-1.08458
3778	-0.79558
3779	0.61653
3780	0.08878
3781	-0.86614
3782	-0.77058
3783	0.10378
3784	1.33592
3785	1.17369
3786	0.65489
3787	1.11759
3788	0.82093
3789	-0.86612
3790	-1.28993
3791	-0.98855
3792	-1.55136
3793	-1.26060
3794	0.53657
3795	1.09614
3796	0.87349
3797	0.84300
3798	0.64388
3799	0.21439
3800	0.38535
3801	0.92413
3802	0.46475
3803	-0.89224
3804	-1.43675
3805	-0.96125
3806	-0.29796
3807	0.25481
3808	1.05770
3809	1.75353
3810	0.94247
3811	-0.86104
3812	-2.70220
3813	-1.59802
3814	4.14184
3815	-1.75069
3816	-3.77288
3817	0.65818
3818	-0.02070
3819	-0.05917
3820	0.10042
3821	2.19593
3822	3.52164
3823	9.97726
3824	18.72699
3825	2.57891
3826	-22.73516
3827	5.67722
3828	22.50719
3829	-9.49341
3830	-14.47461
3831	-2.63538
3832	0.42826
3833	0.22333
3834	-0.13467
3835	-0.35912
3836	-0.20078
3837	0.03536
3838	-0.02166
3839	-0.21350
3840	-0.12676
3841	-0.01629
3842	0.15372
3843	-0.04074
3844	-0.25230
3845	-0.13011
3846	-0.16439
3847	-0.30244
3848	-0.10945
3849	0.08359
3850	0.58266
3851	0.72595
3852	-0.69222
3853	-1.13514
3854	-0.39466
3855	0.03906
3856	-0.13800
3857	-0.89754
3858	-0.62066
3859	-0.00684
3860	0.03088
3861	0.30770
3862	0.00776
3863	-0.28344
3864	-0.06073
3865	0.15688
3866	-0.04499
3867	-0.27304
3868	-0.18774
3869	-0.09605
3870	0.05299
3871	0.25515
3872	0.24867
3873	-0.08152
3874	-0.18892
3875	0.13365
3876	0.20938
3877	0.31968
3878	0.84285
3879	0.84336
3880	-1.00675
3881	-2.40582
3882	-0.63759
3883	0.53591
3884	-0.22629
3885	-0.29279
3886	0.22731
3887	0.91268
3888	1.13493
3889	1.86285
3890	3.71614
3891	4.75807
3892	2.12788
3893	-1.84353
3894	-4.27966
3895	-4.61431
3896	-2.80016
3897	0.31778
3898	1.97669
3899	0.88235
3900	-0.20075
3901	0.04106
3902	0.55391
3903	0.65111
3904	0.59684
3905	0.49704
3906	-0.37261
3907	-1.17917
3908	-0.77496
3909	-0.23327
3910	-0.15235
3911	-0.09270
3912	0.42042
3913	0.96043
3914	0.61630
3915	-0.17330
3916	-0.62937
3917	-1.46172
3918	0.09822
3919	5.91542
3920	-3.99633
3921	-4.74717
3922	5.88519
3923	-2.22744
3924	0.25425
3925	-0.63780
3926	1.12769
3927	5.18864
3928	6.92481
3929	7.43030
3930	2.18864
3931	-8.79509
3932	-8.10295
3933	4.13907
3934	8.21368
3935	-0.35135
3936	-6.67156
3937	-4.28375
3938	-1.18451
3939	-0.09873
3940	0.04313
3941	-0.01661
3942	0.10710
3943	0.04666
3944	-0.12102
3945	-0.12482
3946	-0.13720
3947	-0.14474
3948	-0.05022
3949	0.00081
3950	0.06187
3951	-0.01277
3952	-0.07017
3953	0.03415
3954	0.13366
3955	0.03286
3956	-0.25895
3957	-0.35803
3958	-0.06180
3959	0.32931
3960	1.50202
3961	0.25861
3962	-1.83405
3963	-1.13669
3964	-0.38384
3965	-0.36738
3966	-0.40205
3967	-0.06027
3968	0.12458
3969	0.14255
3970	-0.19842
3971	0.06004
3972	0.50039
3973	0.18479
3974	-0.69542
3975	-0.39835
3976	0.06605
3977	0.36328
3978	0.08775
3979	-0.15230
3980	-0.17510
3981	-0.15277
3982	0.27943
3983	0.46973
3984	0.11193
3985	0.14348
3986	0.37041
3987	0.25596
3988	-0.62945
3989	-1.41495
3990	0.16999
3991	0.82624
3992	-1.41740
3993	-0.34818
3994	0.60260
3995	1.02089
3996	1.81645
3997	1.39823
3998	0.82358
3999	1.75057
4000	2.04180
4001	-1.46078
4002	-4.70649
4003	-3.13330
4004	-0.46768
4005	0.56948
4006	1.09764
4007	1.44786
4008	0.76792
4009	0.02764
4010	0.37988
4011	1.08591
4012	0.75925
4013	-0.71508
4014	-1.43848
4015	-1.17928
4016	-0.68419
4017	-0.21983
4018	-0.02799
4019	-0.03128
4020	0.37396
4021	2.13813
4022	3.30590
4023	0.64711
4024	-3.60839
4025	-4.64086
4026	2.18143
4027	4.11016
4028	-6.86730
4029	1.10239
4030	0.34711
4031	-0.31474
4032	0.92172
4033	-1.97147
4034	2.43276
4035	2.57102
4036	1.10798
4037	2.42268
4038	5.67494
4039	4.89377
4040	-4.90435
4041	-8.21849
4042	7.65910
4043	12.40166
4044	-7.06640
4045	-11.21075
4046	-1.60914
4047	1.06410
4048	-0.07641
4049	-0.51273
4050	-0.22101
4051	-0.03057
4052	0.00288
4053	-0.01231
4054	-0.01115
4055	0.05689
4056	0.25826
4057	0.28548
4058	-0.28063
4059	-0.60814
4060	-0.50654
4061	-0.39117
4062	-0.32138
4063	-0.16543
4064	0.14460
4065	1.01102
4066	0.50647
4067	-1.61819
4068	-0.87504
4069	-0.21858
4070	-0.27185
4071	-0.15590
4072	-0.01768
4073	-0.01888
4074	-0.03275
4075	-0.00094
4076	0.27491
4077	0.70347
4078	0.10877
4079	-0.51466
4080	-0.61090
4081	-0.37548
4082	-0.15400
4083	0.07004
4084	0.30007
4085	0.31900
4086	-0.12157
4087	-0.53237
4088	-0.32046
4089	-0.04347
4090	0.07096
4091	0.31552
4092	0.68364
4093	0.49561
4094	-0.64255
4095	-1.58264
4096	-1.02021
4097	-0.05300
4098	0.21993
4099	-0.45682
4100	-0.83584
4101	0.49840
4102	1.81248
4103	1.29311
4104	0.58517
4105	1.37139
4106	3.10213
4107	2.07485
4108	-2.39819
4109	-4.30372
4110	-3.23028
4111	-1.43638
4112	0.13138
4113	1.39964
4114	1.76283
4115	0.52460
4116	-0.47876
4117	-0.24443
4118	0.41839
4119	1.03831
4120	1.24438
4121	0.32567
4122	-1.22816
4123	-1.56021
4124	-0.80890
4125	-0.26554
4126	-0.07148
4127	0.39041
4128	1.75044
4129	2.53534
4130	0.55277
4131	-3.13891
4132	-5.39997
4133	1.79836
4134	3.62695
4135	-8.40179
4136	3.48751
4137	-0.37925
4138	-0.28606
4139	1.34463
4140	-2.48788
4141	0.71248
4142	1.79481
4143	3.54213
4144	10.38088
4145	15.63102
4146	-4.85195
4147	-23.14758
4148	13.80323
4149	34.09587
4150	-9.18339
4151	-29.99147
4152	-3.95154
4153	7.23330
4154	-0.40359
4155	-3.02578
4156	-1.42654
4157	-0.28090
4158	0.00733
4159	-0.04640
4160	-0.01103
4161	0.03813
4162	0.16470
4163	-0.05166
4164	-0.16655
4165	-0.05132
4166	0.00748
4167	-0.06154
4168	-0.12210
4169	-0.02270
4170	0.09356
4171	0.01469
4172	-0.10014
4173	-0.10042
4174	-0.20556
4175	-0.61238
4176	-0.68902
4177	-0.39529
4178	-0.44640
4179	-0.78570
4180	-0.04064
4181	-0.04562
4182	0.64429
4183	0.36945
4184	-0.68136
4185	-0.37047
4186	-0.13297
4187	-0.09712
4188	-0.08045
4189	0.06135
4190	0.29737
4191	0.26143
4192	-0.11949
4193	-0.37521
4194	-0.30160
4195	0.18693
4196	0.81968
4197	0.69430
4198	-0.69986
4199	-1.65333
4200	-0.87791
4201	-0.31111
4202	-0.32847
4203	-0.04240
4204	-0.06011
4205	-0.38518
4206	-0.30182
4207	0.59383
4208	2.90882
4209	3.96561
4210	2.40665
4211	0.88261
4212	-0.61888
4213	-4.14581
4214	-6.18442
4215	-3.28270
4216	-0.00320
4217	1.23172
4218	1.57055
4219	1.02375
4220	-0.28731
4221	-0.72232
4222	-0.22651
4223	0.23983
4224	0.31148
4225	0.25012
4226	0.02926
4227	-0.60495
4228	-0.82840
4229	-0.33143
4230	-0.01595
4231	0.09087
4232	0.36382
4233	0.74048
4234	0.57851
4235	-0.12236
4236	-0.89056
4237	-1.38468
4238	1.29685
4239	0.95598
4240	-3.42745
4241	4.78664
4242	-2.40569
4243	1.32080
4244	3.62604
4245	-5.23338
4246	-1.65525
4247	1.93520
4248	1.77426
4249	0.89267
4250	1.46514
4251	3.61400
4252	4.33153
4253	-2.02033
4254	-7.43255
4255	0.82982
4256	6.99501
4257	-2.46387
4258	-6.65380
4259	-1.22845
4260	0.32493
4261	-0.07437
4262	-0.03898
4263	0.00311
4264	0.01447
4265	0.01396
4266	0.01291
4267	-0.10832
4268	-0.31230
4269	-0.26800
4270	-0.10089
4271	0.05909
4272	0.16780
4273	-0.19935
4274	-0.39427
4275	-0.04950
4276	0.36426
4277	0.53541
4278	0.00532
4279	-0.58525
4280	-0.64138
4281	-0.23267
4282	0.26191
4283	0.28104
4284	-0.56206
4285	-1.26362
4286	-1.06596
4287	-0.49130
4288	-0.03703
4289	0.07715
4290	-0.03859
4291	0.14089
4292	0.34932
4293	-0.03696
4294	-0.17730
4295	0.08713
4296	0.37166
4297	0.15981
4298	-0.11064
4299	0.05554
4300	0.18187
4301	0.01724
4302	-0.24834
4303	-0.14886
4304	0.24499
4305	0.38934
4306	0.41400
4307	0.73009
4308	0.88904
4309	-1.06290
4310	-1.76386
4311	0.05767
4312	0.08189
4313	-0.23116
4314	-0.18791
4315	-0.10243
4316	0.72008
4317	2.30402
4318	2.58336
4319	1.96352
4320	1.33492
4321	-0.32192
4322	-2.73657
4323	-3.93643
4324	-3.14883
4325	-0.89194
4326	1.36186
4327	2.12455
4328	1.03134
4329	-0.37544
4330	-0.60364
4331	-0.17130
4332	0.21663
4333	0.41065
4334	0.20601
4335	-0.51585
4336	-0.92482
4337	-0.66868
4338	-0.36508
4339	-0.19329
4340	-0.00165
4341	0.09547
4342	0.09128
4343	0.25683
4344	1.05720
4345	2.83294
4346	2.61777
4347	-3.77640
4348	-5.05230
4349	4.82188
4350	-2.85499
4351	-1.42788
4352	0.40769
4353	1.34667
4354	0.64361
4355	-4.01509
4356	4.11908
4357	2.45968
4358	-2.21025
4359	-1.62797
4360	0.97385
4361	5.18157
4362	7.65728
4363	-4.83380
4364	-9.52460
4365	16.50963
4366	8.06190
4367	-17.75447
4368	-6.92722
4369	3.06834
4370	0.61571
4371	-1.16747
4372	-0.89191
4373	-0.32059
4374	0.02105
4375	0.06549
4376	-0.32046
4377	-0.15053
4378	-0.00250
4379	0.16002
4380	0.47222
4381	-0.10774
4382	-0.38696
4383	-0.17566
4384	-0.01331
4385	0.16181
4386	0.16358
4387	0.05775
4388	0.02887
4389	0.17432
4390	0.35093
4391	-0.14621
4392	-0.98205
4393	-1.06148
4394	-0.73567
4395	-0.40387
4396	-0.11535
4397	-0.01533
4398	-0.22810
4399	-0.30090
4400	-0.04604
4401	0.15447
4402	0.09787
4403	-0.20803
4404	-0.09532
4405	0.05670
4406	0.18731
4407	0.38311
4408	0.63348
4409	0.53492
4410	-0.20392
4411	-0.53485
4412	-0.16177
4413	0.00394
4414	0.09177
4415	0.56674
4416	1.32335
4417	1.34367
4418	-0.18887
4419	-2.36124
4420	-1.39278
4421	0.31309
4422	-0.22506
4423	-0.54590
4424	0.00879
4425	0.61899
4426	0.97498
4427	1.29404
4428	1.41596
4429	1.11287
4430	0.63522
4431	-0.16227
4432	-1.51337
4433	-2.73342
4434	-2.50462
4435	-0.78912
4436	0.39108
4437	0.65599
4438	0.91291
4439	0.92375
4440	0.38000
4441	0.30409
4442	0.86166
4443	0.85407
4444	-0.40609
4445	-1.41379
4446	-1.30712
4447	-0.75697
4448	-0.33599
4449	-0.09556
4450	-0.01494
4451	-0.01946
4452	0.06443
4453	0.73902
4454	1.36429
4455	0.25555
4456	-1.69814
4457	-1.40947
4458	0.98890
4459	-0.19922
4460	-0.09835
4461	0.97548
4462	-0.74993
4463	1.51486
4464	-2.84716
4465	3.68736
4466	6.75733
4467	-0.27797
4468	-2.72889
4469	-0.06510
4470	2.36275
4471	1.50183
4472	-3.69845
4473	-2.42823
4474	10.94945
4475	6.00262
4476	-10.01128
4477	-7.33915
4478	-0.75897
4479	0.35863
4480	-0.05524
4481	-0.18043
4482	-0.00349
4483	0.08133
4484	0.01510
4485	-0.14306
4486	-0.16143
4487	-0.07091
4488	-0.00828
4489	-0.00058
4490	0.02168
4491	0.20649
4492	0.30844
4493	0.00435
4494	-0.02582
4495	0.02936
4496	-0.54861
4497	-0.68900
4498	-0.12420
4499	0.07273
4500	0.54831
4501	0.21224
4502	-0.40079
4503	-0.33902
4504	-0.34199
4505	-0.54421
4506	-0.45887
4507	-0.25324
4508	-0.16231
4509	-0.05932
4510	0.13461
4511	0.15089
4512	-0.25684
4513	-0.22761
4514	0.04676
4515	0.31935
4516	0.33781
4517	0.30071
4518	0.07448
4519	-0.28270
4520	-0.07991
4521	0.38263
4522	0.53169
4523	0.73178
4524	0.46813
4525	-1.08444
4526	-1.91799
4527	-0.00881
4528	0.27971
4529	-0.70664
4530	0.05508
4531	0.91728
4532	1.33951
4533	1.58597
4534	0.90568
4535	0.60994
4536	1.86630
4537	3.06305
4538	-0.50462
4539	-5.85967
4540	-4.95983
4541	-0.94149
4542	0.69681
4543	0.78137
4544	0.92198
4545	0.86332
4546	0.29401
4547	-0.08979
4548	0.04551
4549	0.53673
4550	1.06123
4551	0.65344
4552	-0.85444
4553	-1.47022
4554	-0.81649
4555	-0.25313
4556	-0.10960
4557	-0.13766
4558	-0.10264
4559	0.21939
4560	0.81586
4561	0.80636
4562	-0.13977
4563	-1.11682
4564	-0.88461
4565	2.80029
4566	-0.08759
4567	-3.01577
4568	7.66639
4569	-3.50190
4570	-0.37646
4571	-0.60786
4572	1.34339
4573	10.71117
4574	1.04332
4575	-7.65314
4576	-3.10005
4577	1.19494
4578	4.77472
4579	0.07363
4580	-6.98144
4581	10.47290
4582	14.62508
4583	-11.94959
4584	-13.84882
4585	-0.21237
4586	1.30218
4587	-0.75689
4588	-0.46923
4589	-0.02584
4590	0.04191
4591	0.10511
4592	-0.08861
4593	-0.37318
4594	-0.32033
4595	-0.25435
4596	-0.09066
4597	0.00032
4598	0.45762
4599	1.08434
4600	-0.29247
4601	-0.94090
4602	-0.26472
4603	0.08467
4604	0.24003
4605	0.08934
4606	0.18787
4607	0.59041
4608	0.34016
4609	-0.92136
4610	-1.11598
4611	-0.37326
4612	0.11242
4613	-0.07622
4614	-0.58238
4615	-0.47710
4616	-0.21720
4617	-0.05394
4618	-0.00468
4619	-0.05292
4620	-0.05875
4621	-0.05435
4622	-0.01459
4623	0.06156
4624	0.17895
4625	0.12637
4626	-0.05679
4627	-0.06629
4628	-0.04613
4629	-0.03392
4630	0.20005
4631	0.77024
4632	1.35681
4633	0.67053
4634	-1.82477
4635	-2.00711
4636	0.33169
4637	-0.00320
4638	-0.93044
4639	0.57489
4640	1.14290
4641	1.13870
4642	1.59883
4643	1.78385
4644	1.38323
4645	1.15987
4646	-0.28907
4647	-3.53058
4648	-4.42583
4649	-1.93616
4650	0.00526
4651	0.36288
4652	0.45653
4653	0.66643
4654	0.53887
4655	0.14804
4656	0.30660
4657	1.07279
4658	1.37185
4659	-0.09539
4660	-1.51052
4661	-1.30023
4662	-0.61311
4663	-0.19880
4664	0.00237
4665	0.02030
4666	-0.18217
4667	0.02480
4668	0.79118
4669	1.04048
4670	0.58166
4671	-0.02076
4672	-1.17857
4673	-2.13957
4674	0.71939
4675	-0.48344
4676	1.34378
4677	3.75149
4678	-4.68352
4679	5.63817
4680	-0.45916
4681	-6.59344
4682	0.87130
4683	2.52005
4684	-1.32906
4685	-2.28998
4686	-0.37662
4687	0.87286
4688	4.94240
4689	2.83361
4690	-6.46308
4691	1.70832
4692	5.12294
4693	-5.34119
4694	-4.39171
4695	0.54036
4696	1.08683
4697	-0.67481
4698	-0.67800
4699	0.34855
4700	0.22381
4701	0.20322
4702	0.13915
4703	-0.46996
4704	-0.55774
4705	-0.17621
4706	0.17884
4707	0.29177
4708	-0.01742
4709	-0.31472
4710	-0.51777
4711	-0.43506
4712	-0.06346
4713	0.09512
4714	-0.05474
4715	0.39465
4716	0.60197
4717	-0.07987
4718	-0.58438
4719	-0.50287
4720	-0.12670
4721	0.40110
4722	0.40714
4723	-0.66797
4724	-1.27375
4725	-0.67053
4726	-0.25912
4727	-0.14479
4728	-0.00213
4729	-0.02520
4730	0.14956
4731	0.48850
4732	0.21843
4733	0.02489
4734	0.06440
4735	0.04721
4736	-0.16059
4737	-0.20154
4738	-0.09619
4739	-0.05973
4740	0.36590
4741	1.31569
4742	0.49776
4743	-1.46434
4744	-1.88089
4745	-0.61704
4746	-0.02892
4747	0.06217
4748	0.28000
4749	0.83725
4750	1.73004
4751	1.56765
4752	0.47638
4753	0.73751
4754	1.85423
4755	1.41012
4756	-2.09088
4757	-4.08254
4758	-2.66931
4759	-0.79745
4760	0.34794
4761	0.98512
4762	0.98491
4763	0.53230
4764	0.17342
4765	-0.05610
4766	-0.06558
4767	0.53612
4768	1.28292
4769	0.49455
4770	-1.48117
4771	-1.69972
4772	-0.72646
4773	-0.18301
4774	-0.05816
4775	-0.06334
4776	-0.01826
4777	0.30299
4778	1.24427
4779	1.98799
4780	0.60010
4781	-2.63777
4782	-1.88875
4783	3.45376
4784	-2.41663
4785	-0.58670
4786	0.69518
4787	0.18930
4788	-0.01121
4789	-1.12878
4790	6.14352
4791	1.87156
4792	-3.56634
4793	-0.22131
4794	6.01753
4795	7.97727
4796	-7.98154
4797	-6.54668
4798	17.56077
4799	6.14250
4800	-13.43536
4801	-8.62479
4802	-1.03474
4803	0.52915
4804	-0.06782
4805	-0.23784
4806	-0.06010
4807	-0.01671
4808	-0.00298
4809	0.04183
4810	-0.23820
4811	-0.25382
4812	-0.09890
4813	-0.02230
4814	0.02181
4815	-0.00667
4816	-0.24985
4817	-0.27439
4818	-0.02803
4819	0.12773
4820	0.05226
4821	-0.08250
4822	0.04588
4823	0.32804
4824	0.53313
4825	0.41097
4826	-0.24936
4827	-0.86659
4828	-0.76058
4829	-0.49733
4830	-0.60902
4831	-0.60333
4832	-0.25319
4833	-0.05950
4834	0.00020
4835	-0.05607
4836	-0.03485
4837	0.02913
4838	0.07928
4839	0.17568
4840	0.39502
4841	0.59062
4842	0.31765
4843	-0.19323
4844	-0.47465
4845	-0.33151
4846	0.28355
4847	0.58821
4848	0.37666
4849	0.30448
4850	0.16525
4851	-0.45636
4852	-1.26591
4853	-1.01767
4854	-0.14433
4855	0.19853
4856	-0.06608
4857	-0.70929
4858	-0.51690
4859	0.85783
4860	1.70477
4861	1.85389
4862	1.63154
4863	0.70855
4864	-0.56105
4865	-1.82528
4866	-3.07991
4867	-3.15345
4868	-1.29690
4869	0.58637
4870	1.01142
4871	0.98977
4872	1.05006
4873	0.33364
4874	-0.56469
4875	-0.18830
4876	0.83122
4877	0.96978
4878	-0.59596
4879	-1.72756
4880	-1.18685
4881	-0.39204
4882	-0.06600
4883	-0.00265
4884	0.02469
4885	0.34637
4886	1.45592
4887	2.14378
4888	0.82499
4889	-2.18385
4890	-4.38369
4891	1.82404
4892	3.49955
4893	-5.70629
4894	2.20841
4895	-1.26272
4896	2.14292
4897	-1.83851
4898	-0.43380
4899	8.28872
4900	1.80706
4901	-3.71671
4902	-2.09683
4903	1.03671
4904	3.25699
4905	0.54243
4906	-5.11739
4907	0.40435
4908	7.93290
4909	-0.57448
4910	-6.78257
4911	-3.32785
4912	-0.36408
4913	0.39546
4914	-0.19567
4915	-0.15995
4916	0.33791
4917	-0.05431
4918	-0.16866
4919	-0.06673
4920	-0.05193
4921	-0.07280
4922	0.27448
4923	0.79625
4924	0.33505
4925	-0.52392
4926	-0.77285
4927	-0.60909
4928	-0.41940
4929	-0.33748
4930	-0.14169
4931	-0.00225
4932	0.21458
4933	0.40210
4934	0.18000
4935	-0.18649
4936	-0.40756
4937	-0.27434
4938	-0.02354
4939	-0.17149
4940	-0.85669
4941	-0.61544
4942	-0.13824
4943	-0.01554
4944	-0.03205
4945	-0.04922
4946	-0.00560
4947	0.06158
4948	0.11646
4949	0.17466
4950	0.25764
4951	0.24899
4952	0.10526
4953	-0.08658
4954	-0.19941
4955	0.07627
4956	0.34601
4957	0.49108
4958	0.55058
4959	-0.13318
4960	-1.67963
4961	-1.23662
4962	-0.05504
4963	-0.01502
4964	-0.03564
4965	-0.08948
4966	-0.44202
4967	-0.06001
4968	1.11665
4969	1.98439
4970	3.35832
4971	3.91935
4972	0.59450
4973	-3.65914
4974	-4.74920
4975	-3.45840
4976	-1.54623
4977	-0.16942
4978	0.69976
4979	1.34665
4980	1.20595
4981	0.26392
4982	-0.27315
4983	0.08595
4984	0.72481
4985	0.52235
4986	-0.84529
4987	-1.48592
4988	-0.99271
4989	-0.37904
4990	-0.04096
4991	-0.03742
4992	-0.18058
4993	0.32876
4994	1.23056
4995	1.42540
4996	0.54610
4997	-2.30427
4998	-3.87374
4999	4.44526
5000	3.76211
5001	-6.95309
5002	-2.94544
5003	-0.51852
5004	-1.16961
5005	1.04934
5006	5.21560
5007	1.68108
5008	1.55365
5009	8.65176
5010	15.19901
5011	-1.65525
5012	-19.77902
5013	3.23979
5014	22.55508
5015	-2.05842
5016	-16.42262
5017	-5.13390
5018	0.86092
5019	0.24303
5020	-0.14198
5021	-0.20808
5022	-0.20117
5023	-0.02103
5024	-0.03293
5025	-0.00881
5026	-0.00024
5027	0.27665
5028	0.34250
5029	-0.31827
5030	-0.33783
5031	-0.07517
5032	0.11774
5033	0.12243
5034	0.01307
5035	0.11193
5036	0.09081
5037	-0.26399
5038	-0.17356
5039	0.31914
5040	0.38755
5041	-0.84380
5042	-1.47526
5043	-0.96329
5044	-0.48113
5045	-0.34846
5046	-0.34183
5047	-0.11125
5048	0.04262
5049	-0.04265
5050	0.16530
5051	0.33932
5052	0.26292
5053	0.22054
5054	0.25095
5055	0.30309
5056	0.29562
5057	0.11257
5058	-0.24319
5059	-0.31471
5060	-0.04551
5061	0.17267
5062	0.25904
5063	0.67476
5064	1.18759
5065	0.35135
5066	-1.49104
5067	-1.65826
5068	-0.61302
5069	-0.03188
5070	0.07001
5071	0.06518
5072	0.19191
5073	0.39788
5074	0.73511
5075	1.05390
5076	1.68455
5077	3.00967
5078	3.45141
5079	0.44831
5080	-4.60818
5081	-5.60222
5082	-2.00513
5083	0.28517
5084	0.70605
5085	1.06335
5086	1.45342
5087	1.04615
5088	-0.02259
5089	-0.36535
5090	0.39990
5091	1.44803
5092	0.85830
5093	-1.53021
5094	-1.95238
5095	-0.72238
5096	-0.10022
5097	-0.00260
5098	-0.01333
5099	0.12562
5100	0.55582
5101	0.78489
5102	0.35004
5103	-0.31722
5104	-1.62588
5105	0.40353
5106	3.99861
5107	-5.11371
5108	-0.17634
5109	-0.39934
5110	3.56892
5111	-2.41155
5112	-3.90393
5113	7.37136
5114	5.67683
5115	4.11154
5116	6.63320
5117	0.99245
5118	-10.85310
5119	-7.15381
5120	4.16372
5121	4.15666
5122	-0.48547
5123	-2.48225
5124	-2.53876
5125	-1.25385
5126	-0.19770
5127	0.04929
5128	0.18569
5129	-0.18943
5130	-0.29772
5131	-0.20676
5132	-0.34483
5133	-0.23705
5134	0.04983
5135	-0.00488
5136	0.17161
5137	-0.02886
5138	-0.21861
5139	-0.06352
5140	0.14700
5141	0.53238
5142	0.37861
5143	-0.25379
5144	-0.35976
5145	-0.02163
5146	0.48185
5147	0.41390
5148	-0.60803
5149	-0.63002
5150	-0.22234
5151	-0.18103
5152	-0.06464
5153	0.19532
5154	-0.06122
5155	-0.68615
5156	-0.75855
5157	-0.49191
5158	-0.20007
5159	-0.06663
5160	-0.04039
5161	0.00186
5162	-0.00506
5163	-0.03862
5164	0.26389
5165	0.34488
5166	-0.04983
5167	-0.14426
5168	-0.00214
5169	0.07247
5170	0.25459
5171	0.56740
5172	0.52407
5173	-0.05376
5174	-1.04086
5175	-1.21156
5176	0.12248
5177	0.13732
5178	-0.75661
5179	0.64285
5180	1.85400
5181	3.16691
5182	4.36265
5183	2.28868
5184	-0.49227
5185	-0.80772
5186	-1.25573
5187	-3.12613
5188	-3.27780
5189	-1.12070
5190	-0.03606
5191	0.11181
5192	0.63668
5193	1.52467
5194	0.89268
5195	0.29610
5196	1.00004
5197	1.41775
5198	-0.18492
5199	-1.88683
5200	-1.67981
5201	-0.67931
5202	-0.11664
5203	0.02709
5204	0.03182
5205	-0.02926
5206	0.11063
5207	0.45166
5208	1.04311
5209	1.75437
5210	1.34565
5211	-1.97406
5212	-3.97085
5213	3.31319
5214	-0.45911
5215	-2.36370
5216	0.49507
5217	3.15919
5218	4.33845
5219	-10.42235
5220	4.76790
5221	6.59960
5222	-3.29100
5223	-2.14523
5224	2.65564
5225	6.17407
5226	-1.10859
5227	-8.70350
5228	8.22489
5229	12.47581
5230	-8.89241
5231	-10.29393
5232	0.22090
5233	1.35900
5234	-0.38262
5235	-0.62622
5236	-0.32133
5237	-0.05578
5238	0.00152
5239	-0.01707
5240	-0.05092
5241	-0.12888
5242	-0.13473
5243	0.04212
5244	0.25787
5245	0.31931
5246	0.20042
5247	0.02311
5248	-0.14045
5249	-0.29885
5250	-0.24526
5251	-0.06157
5252	0.24007
5253	0.56902
5254	0.00534
5255	-0.73781
5256	-0.58592
5257	-0.27952
5258	-0.37623
5259	-0.71123
5260	-0.77901
5261	-0.51504
5262	-0.15559
5263	0.02826
5264	0.29554
5265	0.27674
5266	-0.10163
5267	-0.18402
5268	-0.20050
5269	-0.17929
5270	0.03512
5271	0.31997
5272	0.47115
5273	0.07307
5274	-0.18668
5275	-0.10466
5276	0.08247
5277	0.37983
5278	0.63930
5279	0.59326
5280	0.17245
5281	-0.33046
5282	-0.72533
5283	-0.64596
5284	-0.29037
5285	-0.02667
5286	-0.04328
5287	-0.11483
5288	0.72790
5289	1.49323
5290	1.94186
5291	2.54328
5292	2.34577
5293	0.31368
5294	-1.98453
5295	-3.10607
5296	-3.49385
5297	-2.21090
5298	0.75893
5299	1.83521
5300	1.08062
5301	0.61136
5302	0.50314
5303	0.43442
5304	0.46836
5305	0.62277
5306	0.57945
5307	-0.21535
5308	-1.42684
5309	-1.69605
5310	-1.00562
5311	-0.38028
5312	-0.17868
5313	-0.19920
5314	0.21696
5315	1.45926
5316	2.30947
5317	1.22424
5318	-1.27658
5319	-3.75923
5320	-1.83676
5321	5.51276
5322	-3.34102
5323	-3.06723
5324	2.97529
5325	-1.89267
5326	3.48988
5327	-3.93199
5328	0.69374
5329	6.37002
5330	1.72264
5331	-2.55950
5332	-0.69719
5333	3.34174
5334	5.17089
5335	-4.74820
5336	-8.74030
5337	13.28755
5338	11.24151
5339	-14.22512
5340	-10.94390
5341	0.68005
5342	2.44016
5343	0.11776
5344	-1.51373
5345	-1.14132
5346	-0.34929
5347	0.02296
5348	0.26072
5349	0.31223
5350	-0.00922
5351	-0.13847
5352	0.02498
5353	0.04047
5354	-0.60299
5355	-1.03639
5356	-0.72556
5357	-0.46170
5358	-0.26528
5359	-0.01540
5360	0.27022
5361	0.85755
5362	-0.22827
5363	-0.68568
5364	0.14325
5365	1.01860
5366	-0.57816
5367	-2.24846
5368	-1.02378
5369	-0.18082
5370	-0.00524
5371	0.15811
5372	-0.04402
5373	-0.06700
5374	0.56161
5375	0.45226
5376	-0.20178
5377	-0.32968
5378	-0.00591
5379	0.26847
5380	0.25382
5381	-0.20763
5382	-0.63044
5383	-0.23459
5384	0.34725
5385	0.44732
5386	0.31428
5387	0.36320
5388	0.05757
5389	-0.92030
5390	-1.37277
5391	-0.63443
5392	0.13922
5393	-0.01880
5394	-0.68111
5395	-0.05829
5396	1.00816
5397	1.25548
5398	1.45547
5399	2.31073
5400	2.57039
5401	0.31722
5402	-2.67682
5403	-3.81983
5404	-3.49765
5405	-1.82511
5406	0.40064
5407	1.29648
5408	1.08840
5409	0.53296
5410	0.02944
5411	-0.01193
5412	0.02254
5413	-0.48906
5414	-0.93783
5415	-0.68137
5416	-0.27440
5417	-0.08074
5418	-0.08178
5419	-0.11163
5420	-0.02548
5421	0.09433
5422	0.32383
5423	0.84439
5424	1.09009
5425	-0.01207
5426	-2.17869
5427	-2.23322
5428	6.86781
5429	6.40004
5430	-11.58693
5431	-1.27510
5432	-0.48415
5433	6.61740
5434	-1.51518
5435	-8.62495
5436	4.63916
5437	5.25939
5438	0.93066
5439	2.88655
5440	9.02662
5441	10.23168
5442	-10.69816
5443	-17.55630
5444	13.58954
5445	12.52246
5446	-12.12469
5447	-9.35345
5448	-0.20076
5449	0.30545
5450	-0.05292
5451	-0.03202
5452	-0.03972
5453	-0.01202
5454	0.00338
5455	0.06941
5456	0.04342
5457	-0.15956
5458	-0.35569
5459	-0.27414
5460	-0.07277
5461	0.01480
5462	-0.08976
5463	-0.27082
5464	-0.21169
5465	-0.02123
5466	0.01558
5467	0.07854
5468	0.06430
5469	0.30752
5470	1.03819
5471	0.23807
5472	-1.73214
5473	-1.40391
5474	-0.60038
5475	-0.47143
5476	-0.41021
5477	-0.05151
5478	0.43435
5479	0.55387
5480	-0.70985
5481	-0.69922
5482	-0.11455
5483	0.10575
5484	0.28046
5485	0.15467
5486	0.11457
5487	0.13789
5488	-0.04379
5489	-0.15536
5490	-0.18633
5491	-0.25934
5492	0.02280
5493	0.62749
5494	0.92786
5495	0.37291
5496	-0.87313
5497	-1.59509
5498	-0.98975
5499	-0.24732
5500	-0.00095
5501	0.06678
5502	0.09175
5503	0.42493
5504	1.35564
5505	1.97210
5506	2.10565
5507	2.54627
5508	2.02370
5509	-0.61416
5510	-3.31210
5511	-4.10228
5512	-3.32179
5513	-1.38515
5514	0.83851
5515	1.53974
5516	0.99080
5517	0.56088
5518	0.25940
5519	-0.15366
5520	-0.51539
5521	-0.65646
5522	-0.43472
5523	-0.11518
5524	-0.08004
5525	-0.24008
5526	-0.31435
5527	-0.22114
5528	-0.00636
5529	0.07916
5530	0.17834
5531	0.60140
5532	0.98990
5533	0.19889
5534	-1.36963
5535	-1.16895
5536	4.60257
5537	1.68568
5538	-6.40495
5539	-0.12380
5540	0.16485
5541	2.48728
5542	-4.00182
5543	1.92288
5544	6.29622
5545	0.59056
5546	1.37195
5547	7.49086
5548	8.05312
5549	-8.08586
5550	-10.84422
5551	9.83911
5552	7.88987
5553	-6.57633
5554	-5.93477
5555	-1.76328
5556	-0.38689
5557	-0.04425
5558	0.04180
5559	-0.03454
5560	-0.15560
5561	-0.04659
5562	-0.01987
5563	-0.05215
5564	-0.08049
5565	-0.01995
5566	0.19474
5567	0.43194
5568	-0.00812
5569	-0.68735
5570	-0.48724
5571	-0.13343
5572	-0.06014
5573	-0.00092
5574	0.03348
5575	-0.06127
5576	0.23879
5577	0.27640
5578	-0.19763
5579	-0.30248
5580	-0.47712
5581	-0.44575
5582	0.06706
5583	0.59447
5584	-0.13705
5585	-1.07502
5586	-0.39134
5587	0.08009
5588	0.29818
5589	-0.04751
5590	-0.35858
5591	-0.20447
5592	-0.00332
5593	0.15407
5594	0.32668
5595	0.42819
5596	0.12932
5597	-0.29371
5598	-0.27191
5599	-0.07459
5600	0.20325
5601	0.60109
5602	0.70023
5603	0.10532
5604	-0.80579
5605	-1.33132
5606	-0.80016
5607	-0.13898
5608	0.00158
5609	0.03969
5610	0.53957
5611	1.51072
5612	1.45612
5613	0.46972
5614	0.42623
5615	1.80191
5616	3.57516
5617	1.81965
5618	-3.69847
5619	-5.60337
5620	-2.78733
5621	0.02129
5622	0.92502
5623	1.00278
5624	1.30822
5625	1.42034
5626	0.59568
5627	-0.32872
5628	-0.69507
5629	-0.68753
5630	-0.33598
5631	-0.14855
5632	-0.62046
5633	-0.82352
5634	-0.33417
5635	-0.04901
5636	-0.01297
5637	0.00171
5638	0.09613
5639	0.27708
5640	0.61328
5641	0.97109
5642	0.51544
5643	-1.92165
5644	-2.40064
5645	4.80975
5646	-2.14319
5647	-2.27589
5648	0.98795
5649	1.64221
5650	4.70309
5651	-9.21902
5652	6.69347
5653	12.32869
5654	1.38055
5655	-1.71798
5656	1.75892
5657	0.69787
5658	-9.77803
5659	-3.29735
5660	25.58211
5661	10.01504
5662	-24.52524
5663	-13.36048
5664	4.56909
5665	2.64078
5666	-1.70150
5667	-1.58043
5668	-0.71589
5669	-0.26399
5670	0.06082
5671	0.18732
5672	-0.02798
5673	-0.32747
5674	-0.49154
5675	-0.38956
5676	-0.13843
5677	0.00506
5678	0.15042
5679	0.32481
5680	-0.01841
5681	-0.31905
5682	-0.07714
5683	0.21998
5684	1.05639
5685	1.07288
5686	-0.63131
5687	-1.25017
5688	-0.84960
5689	-0.58798
5690	-0.59409
5691	-0.57212
5692	-0.43027
5693	-0.32873
5694	-0.21548
5695	-0.03351
5696	0.00478
5697	0.10974
5698	0.15427
5699	0.05133
5700	-0.09630
5701	-0.16425
5702	-0.02625
5703	0.30569
5704	0.62598
5705	0.46582
5706	-0.07446
5707	-0.36384
5708	-0.17183
5709	0.02160
5710	0.28293
5711	1.14576
5712	1.52150
5713	-0.39033
5714	-2.18908
5715	-1.30706
5716	-0.15258
5717	-0.00477
5718	-0.07461
5719	0.03392
5720	0.76895
5721	0.70848
5722	-0.08924
5723	0.32881
5724	2.67864
5725	5.82429
5726	0.23106
5727	-6.14198
5728	-4.45643
5729	-1.77582
5730	-0.61119
5731	0.24828
5732	1.01140
5733	1.29398
5734	0.75779
5735	-0.15304
5736	-0.29014
5737	0.41247
5738	1.23091
5739	0.54105
5740	-1.26258
5741	-1.39960
5742	-0.65835
5743	-0.24563
5744	-0.11330
5745	-0.10039
5746	-0.05180
5747	0.45973
5748	1.22960
5749	1.04010
5750	-0.07267
5751	-1.41667
5752	-2.55249
5753	1.26410
5754	2.82960
5755	-4.84037
5756	0.88576
5757	-0.63454
5758	6.00379
5759	-4.14161
5760	-3.82835
5761	8.52541
5762	4.44692
5763	-1.61393
5764	0.22206
5765	4.85040
5766	3.94184
5767	-10.65158
5768	-2.86191
5769	24.29698
5770	3.60445
5771	-20.68699
5772	-8.97981
5773	1.23216
5774	1.21615
5775	0.08863
5776	-0.79019
5777	-0.80558
5778	-0.15097
5779	0.05391
5780	0.07538
5781	-0.08831
5782	-0.29672
5783	-0.15326
5784	0.06228
5785	0.05957
5786	-0.38613
5787	-0.58200
5788	-0.38294
5789	-0.17545
5790	0.02941
5791	0.19961
5792	0.35330
5793	0.28812
5794	-0.39682
5795	-0.51780
5796	0.08217
5797	0.66773
5798	-0.00166
5799	-1.38483
5800	-1.40036
5801	-0.48499
5802	0.36333
5803	0.32529
5804	-0.19208
5805	-0.14681
5806	0.24105
5807	0.23921
5808	0.06948
5809	0.03455
5810	-0.13087
5811	-0.19514
5812	-0.07495
5813	-0.08622
5814	-0.19355
5815	-0.20057
5816	-0.07426
5817	0.11428
5818	0.51067
5819	0.66715
5820	0.36979
5821	-0.09920
5822	-0.67078
5823	-0.92605
5824	-0.82656
5825	-0.36679
5826	0.15681
5827	-0.09984
5828	-0.71040
5829	-0.52024
5830	0.74362
5831	2.73125
5832	3.55109
5833	1.98636
5834	-0.12083
5835	-1.42522
5836	-2.76249
5837	-4.34589
5838	-4.06090
5839	-1.13040
5840	1.04041
5841	1.04865
5842	0.60908
5843	0.20739
5844	-0.25864
5845	-0.29112
5846	0.18989
5847	0.57115
5848	0.14568
5849	-0.67359
5850	-0.78708
5851	-0.45429
5852	-0.24337
5853	-0.16894
5854	-0.04329
5855	0.11505
5856	0.19606
5857	0.40418
5858	0.98279
5859	1.59066
5860	1.31527
5861	-0.94854
5862	-4.91746
5863	0.73450
5864	6.00812
5865	-7.15398
5866	0.48282
5867	-0.87902
5868	10.13502
5869	1.08293
5870	-13.54019
5871	-2.04268
5872	3.68660
5873	2.90115
5874	4.33054
5875	8.72547
5876	7.33718
5877	-12.12035
5878	-15.09295
5879	19.33836
5880	12.73216
5881	-18.54164
5882	-9.92967
5883	1.97065
5884	0.44227
5885	-0.60851
5886	-0.37807
5887	-0.15288
5888	-0.01088
5889	0.02628
5890	0.01875
5891	-0.17507
5892	-0.16532
5893	-0.01646
5894	0.14678
5895	-0.00818
5896	-0.27554
5897	-0.17534
5898	-0.11658
5899	-0.19452
5900	-0.06778
5901	0.06774
5902	0.46809
5903	0.56177
5904	0.06968
5905	-0.38007
5906	-0.74287
5907	-0.72738
5908	-0.41862
5909	-0.18077
5910	-0.14869
5911	-0.36979
5912	-0.53683
5913	-0.26728
5914	0.00341
5915	0.23964
5916	0.03169
5917	-0.29724
5918	-0.25428
5919	-0.11275
5920	-0.01865
5921	0.08034
5922	0.27259
5923	0.51199
5924	0.52449
5925	0.08663
5926	-0.41539
5927	-0.30710
5928	0.09805
5929	0.80520
5930	1.49361
5931	-0.15012
5932	-2.07876
5933	-1.74926
5934	-0.67974
5935	-0.09384
5936	0.11210
5937	0.13198
5938	0.04417
5939	-0.00897
5940	0.28254
5941	1.56503
5942	3.60096
5943	4.41834
5944	2.13519
5945	-1.45395
5946	-3.82721
5947	-4.81084
5948	-3.74419
5949	-0.68456
5950	1.38058
5951	1.53532
5952	1.35926
5953	1.15836
5954	0.20650
5955	-0.77825
5956	-0.37550
5957	0.61882
5958	0.65282
5959	-0.62747
5960	-1.44620
5961	-1.10451
5962	-0.41324
5963	-0.07341
5964	-0.01289
5965	0.07700
5966	0.49345
5967	0.98236
5968	0.59655
5969	-0.67830
5970	-1.79051
5971	-0.17178
5972	3.65908
5973	-2.58514
5974	-2.20234
5975	0.70583
5976	0.41721
5977	-0.51417
5978	-0.11645
5979	6.00589
5980	3.27339
5981	2.66844
5982	4.69276
5983	-1.59030
5984	-8.78713
5985	1.31385
5986	6.16279
5987	-1.28927
5988	-2.89100
5989	-1.43227
5990	-0.92455
5991	-0.39221
5992	0.04881
5993	0.44819
5994	-0.10805
5995	-0.75902
5996	-0.41804
5997	-0.20451
5998	-0.03746
5999	0.02149
6000	-0.00085
6001	-0.02019
6002	-0.06693
6003	-0.05726
6004	-0.02988
6005	0.02901
6006	-0.00127
6007	-0.01237
6008	0.01354
6009	-0.03508
6010	-0.02391
6011	0.21408
6012	0.45259
6013	0.48724
6014	-0.01223
6015	-0.54193
6016	-0.68234
6017	-0.57660
6018	-0.36837
6019	-0.16676
6020	-0.18221
6021	-0.25751
6022	-0.02885
6023	0.28765
6024	0.13451
6025	-0.51268
6026	-0.58162
6027	-0.08717
6028	0.00675
6029	0.17376
6030	0.37042
6031	0.33232
6032	0.04365
6033	-0.18453
6034	-0.16901
6035	-0.00245
6036	0.36654
6037	1.00933
6038	1.17361
6039	-0.57556
6040	-2.46234
6041	-1.03951
6042	0.08701
6043	-0.01548
6044	0.73879
6045	0.65375
6046	0.19097
6047	0.19951
6048	0.48401
6049	1.71564
6050	4.55266
6051	4.78849
6052	-0.46246
6053	-5.06500
6054	-5.15832
6055	-2.59198
6056	-0.28907
6057	0.61885
6058	1.04245
6059	1.50012
6060	1.09791
6061	0.20777
6062	0.10679
6063	0.28550
6064	-0.02431
6065	-0.54451
6066	-0.81135
6067	-0.82366
6068	-0.56897
6069	-0.17866
6070	-0.00236
6071	0.02338
6072	0.20352
6073	0.64513
6074	0.56648
6075	0.24981
6076	-0.34771
6077	-2.19752
6078	0.83752
6079	1.17496
6080	-3.26046
6081	1.25274
6082	0.07642
6083	9.19353
6084	-6.43450
6085	-7.72013
6086	6.96208
6087	6.79833
6088	-0.26439
6089	-2.75417
6090	0.84774
6091	4.92286
6092	0.20211
6093	-12.55766
6094	5.28288
6095	24.77092
6096	-5.34232
6097	-22.19334
6098	-5.52093
6099	2.37951
6100	0.37087
6101	-0.55857
6102	-0.54636
6103	-0.29757
6104	-0.02597
6105	0.10697
6106	0.01270
6107	-0.09090
6108	-0.07165
6109	-0.14738
6110	-0.48850
6111	-0.37755
6112	-0.03673
6113	0.11882
6114	0.32730
6115	-0.17556
6116	-0.24459
6117	0.02313
6118	0.03007
6119	1.25192
6120	2.11130
6121	-1.52484
6122	-3.10856
6123	-0.53421
6124	0.33143
6125	0.69830
6126	-1.09705
6127	-0.99518
6128	-0.31074
6129	-0.08938
6130	-0.04192
6131	-0.01308
6132	-0.02749
6133	-0.06682
6134	-0.01782
6135	0.05584
6136	0.10668
6137	0.17482
6138	0.34269
6139	0.58233
6140	0.49662
6141	-0.03938
6142	-0.34156
6143	-0.13681
6144	0.13217
6145	0.33510
6146	0.40487
6147	0.20643
6148	0.06947
6149	-0.36910
6150	-0.98289
6151	-0.49633
6152	0.10467
6153	-0.29631
6154	-0.51122
6155	-0.15548
6156	0.53632
6157	1.24242
6158	1.97380
6159	2.25257
6160	1.74611
6161	0.55889
6162	-1.17508
6163	-3.70245
6164	-4.69415
6165	-2.12793
6166	0.34406
6167	0.94066
6168	0.85995
6169	0.68682
6170	0.54547
6171	0.44364
6172	0.37803
6173	0.40865
6174	0.23187
6175	-0.60499
6176	-1.32283
6177	-0.92528
6178	-0.29921
6179	-0.10759
6180	-0.05962
6181	0.05389
6182	0.18859
6183	0.64377
6184	1.25578
6185	0.49022
6186	-1.67757
6187	-2.83996
6188	3.22501
6189	4.60226
6190	-7.29538
6191	-1.20903
6192	0.08863
6193	3.71160
6194	-5.23980
6195	1.62740
6196	10.34151
6197	3.19888
6198	4.14591
6199	11.13005
6200	4.44913
6201	-18.07355
6202	-4.76532
6203	19.41735
6204	0.95973
6205	-11.83316
6206	-5.07738
6207	-0.68693
6208	0.11476
6209	0.12113
6210	-0.25180
6211	0.11850
6212	-0.05712
6213	-0.25635
6214	-0.06762
6215	-0.03683
6216	-0.03698
6217	-0.01665
6218	-0.04177
6219	-0.09772
6220	-0.11222
6221	-0.09354
6222	-0.04992
6223	0.00304
6224	0.08434
6225	0.24726
6226	0.27618
6227	0.22642
6228	0.05652
6229	-0.38997
6230	-0.29133
6231	0.32399
6232	0.11813
6233	-1.27256
6234	-1.34386
6235	-0.68938
6236	-0.33503
6237	-0.17889
6238	-0.07301
6239	0.04351
6240	0.12969
6241	0.04531
6242	-0.10000
6243	-0.11734
6244	-0.16268
6245	-0.13615
6246	0.01567
6247	0.21318
6248	0.47967
6249	0.33655
6250	-0.15765
6251	-0.15757
6252	0.05774
6253	0.13618
6254	0.31334
6255	0.51752
6256	0.24787
6257	-0.38159
6258	-0.89493
6259	-0.77357
6260	-0.42346
6261	-0.18631
6262	0.00370
6263	-0.10426
6264	0.16892
6265	0.59330
6266	0.74125
6267	1.51720
6268	3.05558
6269	3.01206
6270	1.01677
6271	-1.22558
6272	-3.58712
6273	-4.47138
6274	-2.45764
6275	0.34308
6276	1.43115
6277	0.93636
6278	0.20196
6279	-0.00395
6280	0.17998
6281	0.27657
6282	0.36817
6283	0.67599
6284	0.38168
6285	-0.87799
6286	-1.27453
6287	-0.61262
6288	-0.18135
6289	-0.13668
6290	-0.14564
6291	-0.01228
6292	0.41000
6293	0.92109
6294	0.34587
6295	-0.79992
6296	-0.91084
6297	2.09724
6298	5.24818
6299	-4.74348
6300	-2.69317
6301	0.79134
6302	1.03762
6303	0.43835
6304	-3.01969
6305	10.58370
6306	7.53638
6307	2.33955
6308	7.61081
6309	9.48530
6310	-11.54970
6311	-20.33478
6312	23.36470
6313	32.05952
6314	-15.03644
6315	-28.37500
6316	-7.17446
6317	2.27287
6318	0.63820
6319	-0.89179
6320	-0.88205
6321	-0.35106
6322	-0.06028
6323	0.00040
6324	-0.00236
6325	-0.02780
6326	-0.12471
6327	-0.12074
6328	-0.04500
6329	-0.21023
6330	-0.42716
6331	-0.29958
6332	-0.09336
6333	-0.05242
6334	-0.00828
6335	0.00482
6336	0.02600
6337	0.78592
6338	1.31145
6339	-0.44674
6340	-2.07244
6341	-1.14544
6342	-0.19554
6343	-0.02848
6344	0.00826
6345	-0.02624
6346	-0.07791
6347	-0.09022
6348	-0.03640
6349	0.07086
6350	0.27870
6351	0.18207
6352	-0.31901
6353	-0.31398
6354	-0.03274
6355	0.16858
6356	0.07261
6357	-0.10813
6358	-0.23035
6359	-0.24410
6360	-0.07134
6361	0.26138
6362	0.62162
6363	0.51408
6364	-0.48441
6365	-0.82448
6366	-0.61638
6367	-0.72075
6368	-0.43718
6369	0.00418
6370	-0.08772
6371	0.50276
6372	0.73222
6373	0.79913
6374	1.63949
6375	2.89738
6376	2.39038
6377	0.01473
6378	-2.48326
6379	-3.82795
6380	-3.22643
6381	-1.27790
6382	0.17292
6383	0.41130
6384	0.43666
6385	0.60740
6386	0.40051
6387	0.03101
6388	-0.03624
6389	0.03318
6390	0.11338
6391	0.02797
6392	-0.19324
6393	-0.25282
6394	-0.23209
6395	-0.18018
6396	-0.06335
6397	-0.00268
6398	0.01182
6399	0.06352
6400	0.24770
6401	0.49854
6402	0.32141
6403	-0.04927
6404	-0.56119
6405	-0.47789
6406	3.45661
6407	-2.49220
6408	1.41791
6409	8.19661
6410	-9.81442
6411	10.57608
6412	2.08144
6413	-11.97079
6414	-1.15958
6415	4.62531
6416	0.92118
6417	-3.17806
6418	-1.86767
6419	0.29855
6420	2.95156
6421	1.08229
6422	-5.35616
6423	10.29100
6424	17.52630
6425	-10.15940
6426	-18.26455
6427	0.36514
6428	8.02661
6429	1.63117
6430	-3.42362
6431	-3.36585
6432	-1.34352
6433	0.03598
6434	0.16073
6435	0.06874
6436	0.14970
6437	0.03089
6438	-0.49161
6439	-0.61607
6440	-0.23913
6441	0.09149
6442	0.12135
6443	-0.27506
6444	-0.49645
6445	-0.17031
6446	0.02843
6447	0.23987
6448	0.15682
6449	-0.20062
6450	-0.33167
6451	-0.31620
6452	-0.13174
6453	-0.15447
6454	-0.84297
6455	-0.84980
6456	-0.28153
6457	-0.09784
6458	-0.10463
6459	-0.03441
6460	0.18529
6461	0.47355
6462	0.20351
6463	-0.28513
6464	-0.32115
6465	-0.00470
6466	0.27273
6467	0.12662
6468	-0.41395
6469	-0.43902
6470	-0.13041
6471	0.15609
6472	0.91739
6473	1.99443
6474	0.85269
6475	-1.72881
6476	-2.30129
6477	-1.37749
6478	-0.29747
6479	0.04107
6480	-0.20312
6481	0.11096
6482	0.19504
6483	0.51479
6484	1.72672
6485	2.72143
6486	2.60253
6487	1.54559
6488	-0.82185
6489	-3.83903
6490	-5.04273
6491	-3.03017
6492	-0.30030
6493	1.18510
6494	1.53434
6495	0.66885
6496	0.03998
6497	0.55289
6498	0.93029
6499	-0.17683
6500	-1.14965
6501	-0.80526
6502	-0.32658
6503	-0.41239
6504	-0.60591
6505	-0.38318
6506	-0.10753
6507	-0.03523
6508	0.13543
6509	0.83713
6510	0.58718
6511	-0.87700
6512	-1.00963
6513	0.70769
6514	4.83063
6515	0.73220
6516	-8.04038
6517	3.40925
6518	-0.82167
6519	1.03142
6520	-1.28407
6521	0.50132
6522	10.73228
6523	9.52935
6524	8.63903
6525	5.93768
6526	-9.90062
6527	-16.76630
6528	9.73790
6529	23.70414
6530	-0.44575
6531	-16.68121
6532	-9.03428
6533	-0.77186
6534	0.84629
6535	0.18827
6536	-0.23946
6537	-0.17829
6538	-0.01065
6539	0.08311
6540	0.06249
6541	0.01345
6542	-0.01297
6543	-0.01361
6544	-0.00957
6545	0.01445
6546	0.02078
6547	-0.06836
6548	-0.08397
6549	-0.00888
6550	0.10921
6551	0.49384
6552	0.48223
6553	-0.14743
6554	0.13404
6555	1.31535
6556	1.06082
6557	-1.89430
6558	-2.26913
6559	-1.20212
6560	-0.83082
6561	-0.66108
6562	-0.24286
6563	0.04111
6564	-0.01996
6565	0.17747
6566	0.36712
6567	-0.14978
6568	-0.39724
6569	-0.20276
6570	-0.01727
6571	0.09598
6572	0.35414
6573	0.79930
6574	0.66044
6575	-0.00644
6576	-0.33851
6577	-0.14471
6578	0.23543
6579	0.54125
6580	0.61958
6581	0.40601
6582	0.11428
6583	0.48688
6584	0.24127
6585	-1.20343
6586	-1.28602
6587	0.91924
6588	1.14648
6589	-1.81597
6590	-1.60131
6591	1.06943
6592	1.47822
6593	1.80251
6594	2.84682
6595	2.73959
6596	0.04138
6597	-1.89472
6598	-2.47430
6599	-3.74059
6600	-2.95975
6601	0.11681
6602	1.29990
6603	1.10170
6604	0.31286
6605	-0.51099
6606	-0.38653
6607	0.52321
6608	1.68056
6609	1.65008
6610	-0.49493
6611	-1.63880
6612	-0.94986
6613	-0.26354
6614	-0.09444
6615	-0.16548
6616	0.07254
6617	0.94588
6618	1.14798
6619	-0.05746
6620	-1.14472
6621	-1.72884
6622	1.33009
6623	5.24789
6624	-4.62986
6625	-3.82237
6626	0.59754
6627	0.01727
6628	-0.27860
6629	2.38062
6630	5.17150
6631	3.86113
6632	5.09371
6633	7.73648
6634	0.64094
6635	-13.68402
6636	-1.63389
6637	22.35012
6638	5.83169
6639	-17.18067
6640	-10.52171
6641	-0.83343
6642	0.76434
6643	0.13720
6644	-0.49001
6645	-0.52264
6646	-0.12432
6647	0.07151
6648	0.05001
6649	-0.02102
6650	0.13511
6651	0.04395
6652	-0.11111
6653	-0.18192
6654	-0.17319
6655	-0.02495
6656	-0.08709
6657	-0.30580
6658	-0.19462
6659	-0.06447
6660	-0.00956
6661	0.16746
6662	0.53273
6663	0.16952
6664	-0.96958
6665	-1.02739
6666	-0.33080
6667	0.05206
6668	0.31999
6669	-0.08670
6670	-0.43701
6671	-0.40723
6672	-0.33678
6673	-0.07404
6674	0.00285
6675	0.06090
6676	0.01107
6677	-0.04110
6678	-0.00276
6679	0.09692
6680	0.53504
6681	0.92032
6682	0.39962
6683	-0.22726
6684	-0.33828
6685	-0.23913
6686	-0.11753
6687	0.41651
6688	0.95080
6689	0.58716
6690	-0.24588
6691	-1.63116
6692	-1.84323
6693	-0.31184
6694	-0.04599
6695	0.22070
6696	0.59969
6697	0.17378
6698	0.28014
6699	1.41334
6700	2.81323
6701	2.73000
6702	2.39016
6703	0.72434
6704	-2.79439
6705	-5.06687
6706	-4.15820
6707	-1.15685
6708	0.96991
6709	1.26540
6710	0.93060
6711	0.53402
6712	0.31868
6713	0.28918
6714	0.01027
6715	-0.44199
6716	-0.41521
6717	-0.09416
6718	-0.23804
6719	-0.72424
6720	-0.67320
6721	-0.30438
6722	-0.11912
6723	-0.05622
6724	0.16778
6725	0.89318
6726	1.00662
6727	-0.63807
6728	-1.65176
6729	-0.85325
6730	3.51507
6731	3.73944
6732	-6.16470
6733	-1.54195
6734	0.26856
6735	0.13646
6736	-0.53184
6737	5.43329
6738	8.12366
6739	3.13393
6740	1.32227
6741	1.20980
6742	-4.33401
6743	-7.60499
6744	3.53819
6745	12.75092
6746	1.53645
6747	-10.67077
6748	-6.68688
6749	-0.67436
6750	0.36631
6751	-0.17096
6752	-0.06467
6753	0.25331
6754	0.07890
6755	-0.10719
6756	-0.10984
6757	-0.10450
6758	-0.14332
6759	-0.11062
6760	0.02811
6761	0.19490
6762	0.09282
6763	-0.26456
6764	-0.40587
6765	-0.23299
6766	-0.10877
6767	-0.12681
6768	-0.02346
6769	0.24769
6770	0.55371
6771	-0.18547
6772	-0.95750
6773	-0.58295
6774	-0.27173
6775	-0.26561
6776	-0.15904
6777	-0.01975
6778	0.01068
6779	0.09849
6780	-0.04404
6781	-0.15183
6782	-0.01697
6783	0.12629
6784	0.35167
6785	0.21678
6786	0.13884
6787	0.22997
6788	0.17810
6789	-0.14868
6790	-0.41635
6791	-0.35901
6792	0.08952
6793	0.46378
6794	0.80665
6795	1.01339
6796	-0.01671
6797	-1.73146
6798	-1.56444
6799	-0.46712
6800	-0.01122
6801	-0.00807
6802	0.00776
6803	0.26245
6804	0.13804
6805	0.00557
6806	-0.00830
6807	2.03053
6808	5.15053
6809	3.24322
6810	-1.08953
6811	-3.34633
6812	-3.60921
6813	-3.04288
6814	-1.62373
6815	0.22072
6816	1.27200
6817	1.31675
6818	0.76872
6819	0.20633
6820	0.05343
6821	0.09365
6822	0.04963
6823	-0.07073
6824	-0.33823
6825	-0.69442
6826	-0.76667
6827	-0.49312
6828	-0.17933
6829	-0.04375
6830	0.00643
6831	0.33354
6832	1.07306
6833	0.98798
6834	-0.47360
6835	-1.66078
6836	-0.93111
6837	2.15137
6838	-0.72085
6839	-1.61086
6840	4.82852
6841	-4.32461
6842	4.82924
6843	1.17751
6844	-6.74836
6845	2.24990
6846	5.40219
6847	0.88368
6848	-1.97820
6849	-0.61503
6850	1.95008
6851	2.57919
6852	-3.68824
6853	-4.39887
6854	8.95503
6855	6.95897
6856	-9.20578
6857	-8.97202
6858	-0.53537
6859	1.66343
6860	0.01091
6861	-1.00173
6862	-0.45107
6863	0.06164
6864	0.13664
6865	0.06157
6866	-0.31451
6867	-0.46735
6868	-0.19979
6869	0.05532
6870	0.29171
6871	0.20718
6872	-0.22237
6873	-0.69671
6874	-0.52959
6875	-0.19822
6876	-0.04206
6877	0.00706
6878	0.05855
6879	0.14987
6880	-0.00405
6881	-0.21064
6882	-0.22128
6883	-0.29128
6884	-0.46575
6885	-0.55472
6886	-0.55774
6887	-0.46083
6888	-0.01705
6889	0.02713
6890	0.04076
6891	0.19192
6892	0.20510
6893	0.36825
6894	0.21656
6895	-0.28653
6896	-0.30745
6897	0.00243
6898	0.24614
6899	0.14683
6900	-0.12779
6901	-0.13609
6902	-0.05371
6903	0.00293
6904	0.20852
6905	0.65018
6906	1.01252
6907	0.67664
6908	-0.79591
6909	-1.50306
6910	-0.25628
6911	0.06014
6912	-0.51385
6913	0.16568
6914	1.81372
6915	3.48725
6916	3.74182
6917	1.41413
6918	-0.64575
6919	-0.56105
6920	-1.02099
6921	-3.31961
6922	-4.16285
6923	-1.98287
6924	0.13962
6925	0.82150
6926	1.05964
6927	0.84418
6928	0.37642
6929	0.43020
6930	0.58638
6931	0.38359
6932	0.20659
6933	0.01141
6934	-0.48896
6935	-0.68172
6936	-0.35539
6937	-0.06230
6938	-0.08585
6939	-0.30723
6940	-0.28510
6941	0.09706
6942	0.55387
6943	0.71650
6944	0.46445
6945	0.13191
6946	-0.70059
6947	-1.76614
6948	0.80372
6949	-0.56386
6950	1.76710
6951	3.57129
6952	-4.23012
6953	3.36543
6954	-2.56693
6955	-0.66017
6956	5.12992
6957	0.62149
6958	-2.08782
6959	-0.08912
6960	2.22743
6961	2.54460
6962	-3.21832
6963	-2.27291
6964	7.98638
6965	3.74282
6966	-7.59182
6967	-5.53921
6968	-0.19968
6969	0.35405
6970	-0.14628
6971	-0.07057
6972	-0.01558
6973	-0.01382
6974	0.02077
6975	0.03764
6976	-0.25120
6977	-0.24060
6978	0.00915
6979	-0.00443
6980	0.14677
6981	0.31731
6982	-0.05903
6983	-0.28383
6984	-0.20929
6985	-0.07786
6986	0.04017
6987	0.20508
6988	0.35584
6989	0.19931
6990	-0.45098
6991	-0.60638
6992	0.10633
6993	1.34278
6994	1.03894
6995	-2.04871
6996	-2.16148
6997	-0.58765
6998	-0.02216
6999	0.15170
7000	-0.02740
7001	-0.14001
7002	-0.13209
7003	-0.16679
7004	-0.11727
7005	-0.00401
7006	0.11144
7007	0.15805
7008	0.29488
7009	0.37764
7010	0.02279
7011	-0.29964
7012	-0.15137
7013	0.01448
7014	0.14324
7015	0.35293
7016	0.55118
7017	0.66598
7018	-0.29386
7019	-1.34075
7020	-0.56221
7021	0.08584
7022	-0.22682
7023	0.15340
7024	1.02379
7025	1.50854
7026	1.54628
7027	1.46432
7028	1.02156
7029	0.42107
7030	-0.54984
7031	-2.01558
7032	-2.58791
7033	-1.66356
7034	-0.31923
7035	0.41810
7036	0.43383
7037	0.56919
7038	0.86533
7039	0.24091
7040	-0.41879
7041	0.19892
7042	0.79941
7043	-0.13138
7044	-1.05339
7045	-0.72492
7046	-0.21138
7047	0.00076
7048	-0.00791
7049	-0.11215
7050	-0.18514
7051	0.22317
7052	0.92507
7053	0.27191
7054	-0.92964
7055	-1.32702
7056	-0.02269
7057	4.19332
7058	-2.40269
7059	-3.36479
7060	4.41784
7061	-2.44134
7062	0.92529
7063	-1.05352
7064	1.90867
7065	6.95635
7066	4.18938
7067	-0.01596
7068	0.22921
7069	-0.00225
7070	-5.73346
7071	-5.32779
7072	11.74883
7073	14.41307
7074	-7.29974
7075	-15.36005
7076	-4.76715
7077	1.57601
7078	0.97588
7079	-0.24580
7080	-0.63912
7081	-0.59350
7082	-0.21372
7083	0.09860
7084	0.17373
7085	0.11510
7086	-0.34927
7087	-0.55158
7088	-0.19052
7089	-0.03083
7090	-0.18944
7091	-0.24766
7092	-0.13704
7093	-0.04067
7094	0.05390
7095	0.11772
7096	-0.03777
7097	0.02450
7098	0.22422
7099	0.16663
7100	-0.49980
7101	-0.59631
7102	-0.28461
7103	-0.25140
7104	-0.28687
7105	-0.12403
7106	-0.01651
7107	0.01216
7108	-0.06558
7109	-0.03411
7110	0.03300
7111	0.17249
7112	0.11787
7113	-0.01354
7114	-0.02151
7115	0.13488
7116	0.27587
7117	0.07326
7118	-0.36309
7119	-0.50872
7120	-0.15010
7121	0.15211
7122	0.33713
7123	0.57177
7124	0.34430
7125	-0.31566
7126	-0.87714
7127	-1.17958
7128	-0.86359
7129	-0.24894
7130	0.05519
7131	-0.21899
7132	-0.24653
7133	-0.07819
7134	0.29025
7135	2.03123
7136	4.48517
7137	3.14894
7138	-0.27517
7139	-1.74910
7140	-2.77674
7141	-3.84332
7142	-2.45485
7143	0.06870
7144	1.57301
7145	1.89243
7146	0.89801
7147	-0.14739
7148	-0.40520
7149	-0.14906
7150	0.54917
7151	1.18088
7152	0.17075
7153	-1.64618
7154	-1.41511
7155	-0.44924
7156	-0.09074
7157	-0.07157
7158	-0.00809
7159	0.23137
7160	0.79192
7161	1.61617
7162	1.31628
7163	-0.78867
7164	-2.46080
7165	-1.51673
7166	2.18061
7167	-1.52365
7168	0.03782
7169	5.84639
7170	-5.63514
7171	4.94918
7172	-0.98987
7173	-4.75522
7174	6.19793
7175	5.72667
7176	0.01692
7177	-0.37615
7178	2.21480
7179	1.35733
7180	-8.26295
7181	-1.34408
7182	25.02940
7183	6.81343
7184	-23.86720
7185	-11.10718
7186	4.00096
7187	2.30993
7188	-1.17845
7189	-1.75225
7190	-0.89809
7191	-0.18993
7192	0.01485
7193	0.06091
7194	-0.15404
7195	-0.19000
7196	0.08430
7197	0.53995
7198	0.16054
7199	-0.53770
7200	-0.22253
7201	0.18491
7202	-0.07048
7203	-0.49851
7204	-0.38335
7205	-0.08704
7206	0.07675
7207	-0.01120
7208	-0.11593
7209	0.08377
7210	0.20030
7211	-0.24231
7212	-0.70972
7213	-0.74071
7214	-0.48124
7215	-0.32651
7216	-0.42683
7217	-0.32123
7218	-0.07067
7219	0.06393
7220	0.01925
7221	-0.24550
7222	-0.02842
7223	-0.01112
7224	0.18690
7225	0.59647
7226	0.60474
7227	0.37406
7228	0.06586
7229	-0.12272
7230	-0.30579
7231	-0.21183
7232	0.16695
7233	0.31277
7234	0.38603
7235	0.53582
7236	0.00236
7237	-0.69014
7238	-0.71062
7239	-0.26319
7240	-0.03867
7241	0.07518
7242	-0.36999
7243	-0.46969
7244	1.37480
7245	1.92217
7246	1.23567
7247	0.69370
7248	-0.15260
7249	-0.76969
7250	-1.07371
7251	-1.97589
7252	-2.51343
7253	-1.37714
7254	0.12872
7255	1.05966
7256	1.19743
7257	0.43083
7258	-0.34148
7259	-0.35045
7260	0.37773
7261	1.15475
7262	0.70184
7263	-0.69354
7264	-1.13812
7265	-0.77704
7266	-0.45266
7267	-0.25233
7268	-0.11445
7269	-0.00826
7270	0.36604
7271	1.58128
7272	2.27332
7273	-0.02326
7274	-3.81880
7275	-3.60086
7276	5.87479
7277	0.13597
7278	-7.09805
7279	0.90679
7280	0.10171
7281	1.92120
7282	-3.79690
7283	3.26999
7284	5.92236
7285	1.86800
7286	2.24950
7287	7.35240
7288	10.53323
7289	-4.67854
7290	-18.92909
7291	13.47448
7292	29.50249
7293	-12.32608
7294	-24.12199
7295	-1.05198
7296	4.65227
7297	-0.90266
7298	-2.24326
7299	-1.29809
7300	-0.38389
7301	0.01393
7302	0.01835
7303	-0.03994
7304	-0.08752
7305	-0.00990
7306	0.06148
7307	-0.14847
7308	-0.46252
7309	-0.43733
7310	-0.12963
7311	0.12550
7312	0.35452
7313	-0.02599
7314	-0.32886
7315	-0.07488
7316	0.36234
7317	0.52928
7318	0.22780
7319	-0.15320
7320	-0.99801
7321	-1.37085
7322	-0.81630
7323	-0.28814
7324	-0.17170
7325	-0.38193
7326	-0.16347
7327	0.05606
7328	-0.01589
7329	0.08337
7330	0.07174
7331	-0.06661
7332	-0.07273
7333	-0.03005
7334	0.05342
7335	0.24987
7336	0.43695
7337	0.41800
7338	0.00861
7339	-0.30052
7340	-0.18573
7341	0.16139
7342	0.69595
7343	0.83386
7344	0.16532
7345	-0.71237
7346	-1.70677
7347	-1.50767
7348	-0.54032
7349	-0.01524
7350	0.12214
7351	-0.32523
7352	-1.20743
7353	-0.68369
7354	1.77301
7355	3.28243
7356	2.18938
7357	0.30241
7358	-1.05613
7359	-1.95846
7360	-2.39190
7361	-2.38099
7362	-1.77783
7363	-0.30829
7364	0.96358
7365	1.26201
7366	0.98060
7367	0.27925
7368	-0.31896
7369	-0.09183
7370	0.71473
7371	0.99466
7372	-0.15380
7373	-1.47467
7374	-1.28457
7375	-0.39783
7376	0.04486
7377	0.16254
7378	0.16395
7379	0.20262
7380	0.45170
7381	0.78934
7382	0.64797
7383	-1.11928
7384	-3.02450
7385	3.45944
7386	2.74454
7387	-6.01531
7388	-0.34312
7389	2.08515
7390	7.39415
7391	-8.93011
7392	-5.19075
7393	7.35697
7394	4.73481
7395	0.09257
7396	1.52196
7397	7.94217
7398	12.56185
7399	-3.50122
7400	-20.04273
7401	8.48674
7402	18.78398
7403	-10.86321
7404	-12.79309
7405	-1.77502
7406	0.30031
7407	-0.13982
7408	-0.19158
7409	0.11796
7410	0.05854
7411	-0.09940
7412	0.00851
7413	0.15213
7414	-0.06183
7415	-0.27635
7416	-0.10702
7417	0.01651
7418	-0.05763
7419	-0.26105
7420	-0.37995
7421	-0.27361
7422	-0.22787
7423	-0.09219
7424	0.01822
7425	0.25092
7426	0.20304
7427	-0.16362
7428	-0.24886
7429	-0.39008
7430	-0.27898
7431	-0.08074
7432	-0.19639
7433	-0.37573
7434	-0.18111
7435	-0.01474
7436	0.08444
7437	0.10004
7438	0.15961
7439	0.00033
7440	-0.35304
7441	-0.46707
7442	-0.20790
7443	0.18521
7444	0.49330
7445	0.26229
7446	-0.24838
7447	-0.34963
7448	-0.28769
7449	-0.03853
7450	0.44149
7451	0.52803
7452	0.23650
7453	-0.07438
7454	-0.26135
7455	-0.99268
7456	-1.63834
7457	-0.65077
7458	0.29463
7459	0.32159
7460	-0.63366
7461	-1.25794
7462	-0.44165
7463	1.09832
7464	2.55389
7465	3.24753
7466	2.67381
7467	1.82041
7468	-0.28827
7469	-3.78344
7470	-4.83796
7471	-3.02775
7472	-0.79399
7473	0.66094
7474	1.23645
7475	1.07798
7476	0.13033
7477	-0.40122
7478	-0.06517
7479	0.28688
7480	0.11600
7481	-0.13384
7482	-0.24398
7483	-0.49089
7484	-0.55783
7485	-0.32307
7486	-0.17289
7487	-0.03873
7488	0.41531
7489	0.95443
7490	0.73316
7491	-0.45459
7492	-1.49362
7493	0.19407
7494	4.92786
7495	1.06939
7496	-6.51241
7497	0.79516
7498	0.98347
7499	-0.38608
7500	0.36314
7501	3.00204
7502	2.14254
7503	-0.24363
7504	3.13672
7505	6.73327
7506	-3.49143
7507	-4.92205
7508	17.15496
7509	5.64993
7510	-11.08386
7511	-7.08243
7512	-2.07429
7513	0.28699
7514	0.21496
7515	-0.76483
7516	-0.22018
7517	0.15230
7518	-0.00135
7519	-0.05526
7520	-0.05056
7521	-0.03879
7522	-0.00992
7523	0.00813
7524	0.16926
7525	0.30526
7526	-0.02801
7527	-0.57304
7528	-0.48454
7529	-0.08745
7530	0.10283
7531	-0.23259
7532	-0.38899
7533	-0.10703
7534	-0.05463
7535	-0.14663
7536	-0.21811
7537	-0.12789
7538	0.02964
7539	0.07042
7540	0.01540
7541	-0.01983
7542	0.06295
7543	0.20851
7544	0.30134
7545	0.40180
7546	0.34049
7547	-0.08763
7548	-0.38586
7549	-0.21169
7550	0.07745
7551	0.23133
7552	-0.04239
7553	-0.20627
7554	-0.08223
7555	0.20462
7556	0.97024
7557	0.46466
7558	-1.41980
7559	-1.51427
7560	-0.12228
7561	0.07843
7562	-0.51781
7563	0.35571
7564	2.73810
7565	3.75757
7566	2.23746
7567	-0.46766
7568	-2.35907
7569	-2.12043
7570	-0.56449
7571	0.53327
7572	0.69557
7573	0.49663
7574	0.30714
7575	0.20425
7576	0.05435
7577	-0.08757
7578	0.07123
7579	0.44051
7580	0.58649
7581	0.25926
7582	-0.02659
7583	-0.35525
7584	-0.90279
7585	-0.21188
7586	1.32775
7587	0.72715
7588	-1.26162
7589	-1.51778
7590	1.54601
7591	3.16034
7592	-2.26437
7593	-4.64008
7594	-0.02964
7595	2.05585
7596	5.01168
7597	9.97093
7598	-3.31735
7599	-17.33570
7600	-2.38046
7601	0.30039
7602	5.20982
7603	-5.55563
7604	19.76541
7605	4.11576
7606	-17.06092
7607	-2.44837
7608	1.32846
7609	0.07490
7610	-0.33028
7611	-0.64901
7612	-0.31655
7613	0.00379
7614	-0.11093
7615	-0.16095
7616	-0.19312
7617	-0.19740
7618	-0.11422
7619	-0.02568
7620	0.11048
7621	0.26136
7622	-0.00970
7623	-0.30352
7624	-0.22910
7625	-0.15052
7626	-0.07266
7627	0.00918
7628	0.31340
7629	2.10544
7630	5.64641
7631	4.23375
7632	-2.19481
7633	-4.31678
7634	-3.41847
7635	-4.25571
7636	-4.17939
7637	-1.04967
7638	0.59741
7639	-0.02397
7640	-0.05228
7641	0.56218
7642	1.92600
7643	2.07947
7644	-0.00638
7645	-0.99901
7646	-0.29907
7647	-0.15164
7648	-1.41331
7649	-1.81820
7650	-1.04021
7651	-0.42913
7652	0.28627
7653	0.28014
7654	-0.48704
7655	-0.19054
7656	0.24319
7657	0.56770
7658	0.53085
7659	0.73352
7660	1.37594
7661	1.59683
7662	0.44031
7663	-1.53243
7664	-2.55026
7665	-2.27014
7666	-1.66824
7667	-0.91032
7668	0.10337
7669	0.49444
7670	-0.51414
7671	0.10404
7672	4.04870
7673	-1.95721
7674	-3.54997
7675	10.45089
7676	-0.27428
7677	-4.95011
7678	-1.09371
7679	-1.25995
7680	-3.02212
7681	0.02042
7682	5.19530
7683	22.11537
7684	-16.52719
7685	-0.55538
7686	20.90504
7687	-7.84404
7688	-9.61297
7689	-2.99884
7690	-0.19089
7691	-0.00889
7692	-0.10342
7693	-0.05510
7694	0.09296
7695	0.08170
7696	0.36862
7697	0.35959
7698	-0.54125
7699	-1.25730
7700	-0.84047
7701	-0.05377
7702	0.33231
7703	0.33321
7704	0.10608
7705	0.01629
7706	0.00053
7707	-0.00202
7708	-0.00440
7709	-0.00428
7710	0.12505
7711	0.44075
7712	0.28077
7713	-0.11930
7714	-0.05819
7715	0.02831
7716	0.00336
7717	-0.00376
7718	0.00560
7719	-0.00074
7720	0.33077
7721	2.87815
7722	5.26466
7723	0.61183
7724	-3.55213
7725	-2.94030
7726	-1.99879
7727	-0.70133
7728	1.43111
7729	1.77864
7730	0.77036
7731	0.21188
7732	-0.05243
7733	-0.17868
7734	-0.09543
7735	-0.07690
7736	-0.21441
7737	-0.31233
7738	-0.38939
7739	-0.79938
7740	-1.18416
7741	-0.77621
7742	-0.10477
7743	0.14110
7744	-0.26381
7745	-0.50108
7746	2.41250
7747	5.76159
7748	0.25397
7749	-7.68175
7750	-0.52624
7751	4.35248
7752	-1.74643
7753	-1.26873
7754	0.52900
7755	3.20489
7756	5.84424
7757	5.62768
7758	-3.98267
7759	-3.67244
7760	4.10624
7761	0.33776
7762	-0.73534
7763	0.43303
7764	0.71245
7765	0.21083
7766	-0.14075
7767	-0.16690
7768	-0.18567
7769	-0.15799
7770	0.10993
7771	0.31926
7772	-0.08748
7773	-0.37308
7774	-0.16426
7775	0.19232
7776	0.26461
7777	0.32498
7778	0.56232
7779	0.79843
7780	0.68397
7781	0.19571
7782	-0.62475
7783	-1.02438
7784	0.46807
7785	2.18148
7786	1.27605
7787	-1.26666
7788	-0.93710
7789	0.51974
7790	0.33176
7791	-0.13361
7792	-0.16854
7793	-0.11991
7794	0.73275
7795	4.55496
7796	8.82222
7797	5.63921
7798	-1.69721
7799	-4.99105
7800	-3.41779
7801	0.02195
7802	1.86239
7803	1.87290
7804	0.99457
7805	0.16650
7806	0.22699
7807	0.66266
7808	0.66038
7809	0.01011
7810	-0.85534
7811	-1.89904
7812	-2.48572
7813	-1.85661
7814	-0.44193
7815	0.87904
7816	-0.65119
7817	-2.29283
7818	7.37233
7819	9.70345
7820	-10.13471
7821	-5.29374
7822	9.40186
7823	-2.15691
7824	-3.02118
7825	-0.46167
7826	-0.67850
7827	-1.34479
7828	0.13628
7829	7.08806
7830	8.21155
7831	-9.62642
7832	4.98416
7833	3.57439
7834	-2.50253
7835	-1.09956
7836	-0.09444
7837	-0.02028
7838	-0.02316
7839	0.03840
7840	0.29704
7841	0.54430
7842	0.94533
7843	0.47287
7844	-1.21011
7845	-1.07868
7846	-0.24524
7847	0.14321
7848	0.39110
7849	0.55973
7850	0.51972
7851	0.16322
7852	-0.46988
7853	-0.18499
7854	0.74423
7855	1.39792
7856	0.52991
7857	-0.72122
7858	-0.20669
7859	0.00942
7860	-0.05871
7861	0.04286
7862	0.18561
7863	0.29725
7864	-0.06472
7865	-0.22695
7866	0.79367
7867	2.51791
7868	1.01906
7869	-2.59656
7870	-2.66515
7871	-0.64589
7872	0.55058
7873	0.14794
7874	-0.69906
7875	-0.62501
7876	-0.13036
7877	0.06799
7878	0.22629
7879	0.49537
7880	0.95814
7881	0.62670
7882	-1.73613
7883	-3.45558
7884	-2.33404
7885	-0.60825
7886	0.04428
7887	0.67597
7888	3.83012
7889	8.48475
7890	3.52562
7891	-8.70076
7892	-1.42969
7893	4.68483
7894	-3.23454
7895	-0.23121
7896	0.06325
7897	1.94556
7898	1.19474
7899	6.68947
7900	17.66858
7901	-3.82961
7902	-12.98486
7903	15.59959
7904	-0.83418
7905	-5.76394
7906	-2.02426
7907	-0.46175
7908	0.00299
7909	-0.05855
7910	-0.02334
7911	-0.00605
7912	0.07137
7913	0.67783
7914	0.95130
7915	-0.51564
7916	-0.46483
7917	-0.04388
7918	0.07396
7919	0.12258
7920	0.15207
7921	0.17799
7922	0.02901
7923	-0.20201
7924	0.10005
7925	0.46517
7926	0.25428
7927	-0.31367
7928	0.00772
7929	-0.04204
7930	-0.37252
7931	0.12717
7932	0.44389
7933	0.12860
7934	-0.03365
7935	0.01270
7936	0.28952
7937	1.41852
7938	3.77895
7939	3.68371
7940	-2.20161
7941	-5.81267
7942	-2.27039
7943	1.63717
7944	1.31306
7945	-0.94179
7946	-1.32764
7947	-0.36519
7948	0.29404
7949	0.48088
7950	0.33971
7951	0.26636
7952	0.09563
7953	-0.92328
7954	-2.34242
7955	-2.25488
7956	-0.60801
7957	0.82337
7958	-0.71605
7959	-2.23316
7960	10.96385
7961	11.92239
7962	-18.64351
7963	-1.38856
7964	19.97902
7965	-9.19928
7966	-9.69102
7967	0.38090
7968	-0.00858
7969	0.50872
7970	1.45337
7971	4.03432
7972	2.60216
7973	-2.24080
7974	0.78057
7975	2.14148
7976	1.27987
7977	0.68160
7978	0.08218
7979	-0.40642
7980	0.05961
7981	0.01309
7982	-0.02596
7983	0.36105
7984	0.94009
7985	0.83773
7986	0.06012
7987	-0.25320
7988	-0.09656
7989	0.23707
7990	0.53990
7991	0.68494
7992	0.26176
7993	-0.30688
7994	-0.24762
7995	0.04775
7996	0.39592
7997	0.52867
7998	-0.02820
7999	-0.06669
8000	-0.02921
8001	-0.05365
8002	0.16160
8003	0.15016
8004	0.03524
8005	-0.02095
8006	0.02800
8007	0.53793
8008	1.87460
8009	2.67854
8010	0.70719
8011	-2.43478
8012	-3.27234
8013	-1.06301
8014	1.73385
8015	1.57420
8016	-0.61920
8017	-1.02880
8018	-0.18488
8019	0.39538
8020	0.58031
8021	0.23383
8022	-0.72313
8023	-2.02418
8024	-2.34585
8025	-1.24266
8026	-0.25754
8027	0.11195
8028	-0.34856
8029	-0.25582
8030	8.53597
8031	11.15616
8032	-7.64866
8033	-8.58971
8034	5.46288
8035	1.06228
8036	-1.95774
8037	-0.08656
8038	0.70094
8039	-1.63122
8040	-0.44950
8041	4.24444
8042	13.29470
8043	-8.93132
8044	3.10924
8045	14.82753
8046	-6.27312
8047	-5.74405
8048	-0.54396
8049	0.05949
8050	-0.46237
8051	-0.32090
8052	-0.22459
8053	0.03835
8054	0.34442
8055	0.59980
8056	0.28005
8057	-0.16442
8058	-0.44003
8059	-0.30887
8060	0.10480
8061	0.31702
8062	0.38284
8063	0.23080
8064	-0.23104
8065	-0.38911
8066	0.07963
8067	0.62270
8068	1.23098
8069	1.05788
8070	0.07996
8071	-0.58798
8072	-0.26666
8073	0.13875
8074	0.09516
8075	-0.06984
8076	-0.12969
8077	0.38615
8078	0.94865
8079	1.62289
8080	3.72152
8081	3.73485
8082	-2.79041
8083	-5.73854
8084	-0.92806
8085	1.70425
8086	0.45038
8087	-0.62684
8088	-0.36020
8089	0.17297
8090	0.41265
8091	0.37629
8092	0.27724
8093	0.17279
8094	-0.28414
8095	-1.73979
8096	-2.81068
8097	-0.89504
8098	1.39947
8099	-0.00856
8100	-2.89231
8101	6.63458
8102	21.86827
8103	-3.85222
8104	-23.59220
8105	10.37102
8106	9.87378
8107	-11.27204
8108	-4.26383
8109	-0.17825
8110	0.89796
8111	-0.83763
8112	0.50239
8113	5.74800
8114	6.15766
8115	-8.52932
8116	14.74650
8117	8.98594
8118	-7.99483
8119	-5.29362
8120	-0.91482
8121	0.03187
8122	0.02031
8123	-0.10597
8124	-0.15474
8125	0.06305
8126	0.45087
8127	0.75099
8128	-0.18024
8129	-0.72054
8130	-0.16865
8131	0.50389
8132	1.17037
8133	0.80397
8134	-0.33039
8135	-0.44944
8136	-0.11461
8137	0.42526
8138	1.50662
8139	1.29174
8140	-1.12020
8141	-1.24645
8142	0.24337
8143	-0.17885
8144	-0.53957
8145	-0.19012
8146	-0.00775
8147	0.01651
8148	0.13744
8149	0.48891
8150	1.21849
8151	3.16064
8152	4.57441
8153	-0.66185
8154	-6.85678
8155	-3.21127
8156	0.76926
8157	-0.11757
8158	-0.66521
8159	-0.23338
8160	0.12320
8161	0.36174
8162	0.58821
8163	0.59710
8164	0.13950
8165	-0.66621
8166	-1.32573
8167	-1.29243
8168	-0.75037
8169	-0.27843
8170	0.03876
8171	0.63104
8172	4.49552
8173	14.31767
8174	11.92362
8175	-9.46757
8176	-15.00760
8177	3.12268
8178	8.82065
8179	-3.73397
8180	-4.43316
8181	-1.09370
8182	-0.72251
8183	-0.20051
8184	0.44515
8185	13.34414
8186	6.41978
8187	-15.30698
8188	16.52603
8189	4.02739
8190	-9.07053
8191	-3.14370
8192	-0.00076
8193	-0.16651
8194	-0.37371
8195	-0.25281
8196	-0.03819
8197	0.15538
8198	0.44367
8199	0.57397
8200	-0.39519
8201	-0.54468
8202	-0.18437
8203	0.00029
8204	-0.03480
8205	0.49976
8206	0.94751
8207	-0.40599
8208	-0.69773
8209	0.00642
8210	0.03919
8211	0.12725
8212	0.62678
8213	0.48483
8214	-0.27117
8215	-0.08994
8216	0.29596
8217	-0.05137
8218	-0.30635
8219	-0.02132
8220	0.35533
8221	1.43971
8222	4.05676
8223	6.35054
8224	3.23373
8225	-5.30867
8226	-7.79037
8227	-2.21896
8228	1.65183
8229	1.93606
8230	0.30928
8231	-1.27225
8232	-1.07962
8233	-0.27905
8234	0.19176
8235	0.52858
8236	0.69178
8237	0.06934
8238	-1.38295
8239	-2.21467
8240	-1.76007
8241	-0.94625
8242	-0.10665
8243	0.36195
8244	-0.94448
8245	1.66856
8246	9.79015
8247	3.81596
8248	-10.25906
8249	-0.29810
8250	9.74427
8251	-2.61563
8252	-5.01590
8253	-1.41116
8254	-0.33270
8255	0.53717
8256	3.17178
8257	1.72841
8258	-1.37977
8259	5.58319
8260	-0.13277
8261	-2.06266
8262	-0.31240
8263	-0.01036
8264	-0.08931
8265	0.11363
8266	-0.11371
8267	-0.29172
8268	0.30516
8269	0.74144
8270	0.08316
8271	-0.75666
8272	0.05324
8273	0.84287
8274	0.85496
8275	0.23731
8276	0.03204
8277	0.18612
8278	0.06072
8279	-0.21531
8280	0.42986
8281	1.41671
8282	0.82546
8283	-0.47342
8284	-0.33269
8285	0.06451
8286	0.21258
8287	-0.09447
8288	-0.70914
8289	-0.39183
8290	0.05342
8291	0.00622
8292	0.20696
8293	1.95795
8294	6.00251
8295	6.90884
8296	0.03729
8297	-7.32212
8298	-5.24530
8299	0.73848
8300	0.85448
8301	-0.53888
8302	-0.15066
8303	0.33188
8304	0.41496
8305	0.38205
8306	0.81433
8307	1.25941
8308	0.03079
8309	-2.58540
8310	-3.40985
8311	-2.27282
8312	-0.74424
8313	0.91111
8314	-0.35029
8315	-2.77694
8316	10.83829
8317	20.21167
8318	-9.09243
8319	-19.62567
8320	7.73448
8321	4.81091
8322	-5.47419
8323	-1.70748
8324	-0.23990
8325	-1.81462
8326	-0.06307
8327	4.52236
8328	9.03337
8329	-7.07127
8330	3.87236
8331	6.27127
8332	-3.17370
8333	-1.96956
8334	-0.13182
8335	0.10096
8336	0.05427
8337	0.01367
8338	0.08427
8339	0.24653
8340	0.45099
8341	0.40070
8342	-0.75055
8343	-0.89622
8344	-0.37423
8345	-0.12186
8346	0.01923
8347	0.06106
8348	0.21627
8349	0.60441
8350	0.16658
8351	-0.46350
8352	0.03946
8353	0.79610
8354	0.96093
8355	0.21487
8356	-0.38758
8357	-0.20283
8358	0.30908
8359	-0.05825
8360	-0.38445
8361	-0.03586
8362	0.19657
8363	0.12633
8364	0.06414
8365	0.77246
8366	3.10855
8367	5.06220
8368	1.27049
8369	-4.66294
8370	-3.49075
8371	1.26203
8372	0.84076
8373	-1.35774
8374	-0.88324
8375	0.01825
8376	0.37251
8377	0.56528
8378	0.87731
8379	0.83883
8380	-0.64260
8381	-2.23883
8382	-2.10840
8383	-1.18681
8384	-0.29584
8385	0.48516
8386	-0.80793
8387	0.05367
8388	12.95433
8389	9.48172
8390	-14.18894
8391	-5.25773
8392	7.23384
8393	-4.08101
8394	-1.58991
8395	0.24841
8396	1.13985
8397	0.10971
8398	-0.46235
8399	2.58909
8400	12.55283
8401	-3.76662
8402	-4.33583
8403	12.36137
8404	-0.18072
8405	-4.35590
8406	-1.66504
8407	0.02403
8408	0.16338
8409	-0.16979
8410	-0.50269
8411	-0.15293
8412	0.26263
8413	0.50645
8414	0.23668
8415	0.14603
8416	0.41826
8417	0.44462
8418	0.37419
8419	0.31129
8420	0.19620
8421	-0.16740
8422	-0.59708
8423	-0.18208
8424	0.35613
8425	0.79898
8426	0.96608
8427	0.27232
8428	-0.20669
8429	-0.12992
8430	-0.02965
8431	0.14085
8432	0.14567
8433	-0.08685
8434	-0.10699
8435	0.20963
8436	1.36769
8437	3.01502
8438	2.04573
8439	-1.54438
8440	-4.18071
8441	-2.93220
8442	0.80281
8443	1.51594
8444	-0.23524
8445	-1.10520
8446	-0.77057
8447	-0.13872
8448	0.26420
8449	0.39514
8450	0.17203
8451	-0.31482
8452	-0.99613
8453	-1.85085
8454	-2.07643
8455	-0.95951
8456	0.60057
8457	0.18361
8458	-2.40369
8459	7.26471
8460	20.10592
8461	-5.12976
8462	-18.40456
8463	7.08842
8464	4.45234
8465	-7.54037
8466	-1.12518
8467	0.04048
8468	-0.01476
8469	-0.15193
8470	-0.44604
8471	5.52642
8472	5.50218
8473	-6.79077
8474	6.68341
8475	3.70627
8476	-2.13502
8477	-1.04988
8478	-0.13885
8479	0.03891
8480	0.37213
8481	-0.11187
8482	-0.34298
8483	0.26804
8484	1.00947
8485	0.67148
8486	-0.49319
8487	-0.60173
8488	-0.41354
8489	-0.04379
8490	0.21263
8491	0.49025
8492	0.53016
8493	-0.24579
8494	-0.18539
8495	1.13489
8496	1.08822
8497	0.33806
8498	-0.52574
8499	-0.74572
8500	-0.13655
8501	0.09696
8502	-0.12095
8503	-0.18548
8504	0.01726
8505	0.24578
8506	0.52083
8507	0.99820
8508	1.42184
8509	1.29369
8510	0.07961
8511	-2.14310
8512	-2.92413
8513	-0.81009
8514	1.60962
8515	1.05678
8516	-1.46811
8517	-1.78931
8518	-0.63325
8519	0.03741
8520	0.37029
8521	0.65560
8522	0.70920
8523	-0.40965
8524	-1.99009
8525	-1.81344
8526	-0.75050
8527	0.18670
8528	0.13987
8529	-1.77587
8530	8.19462
8531	19.34971
8532	-9.93771
8533	-18.33846
8534	17.44358
8535	5.63412
8536	-13.16485
8537	-2.57635
8538	-0.12268
8539	-0.03164
8540	0.37891
8541	2.34424
8542	3.38096
8543	-3.02736
8544	4.98830
8545	3.06796
8546	-2.06672
8547	-1.00201
8548	-0.15012
8549	0.03257
8550	0.13660
8551	-0.24540
8552	-0.38522
8553	0.09391
8554	0.91589
8555	1.37544
8556	-0.15262
8557	-0.83065
8558	-0.43449
8559	-0.03538
8560	0.14116
8561	0.29950
8562	0.42802
8563	0.20143
8564	-0.44377
8565	-0.41539
8566	0.64542
8567	1.19300
8568	0.18646
8569	-0.18989
8570	0.10944
8571	0.27700
8572	0.19699
8573	-0.10398
8574	-0.06637
8575	-0.00056
8576	0.04839
8577	0.14897
8578	0.48151
8579	1.81095
8580	2.97011
8581	0.37898
8582	-3.36786
8583	-2.87154
8584	0.17903
8585	0.89510
8586	-0.74575
8587	-0.83749
8588	0.08594
8589	0.71167
8590	0.43845
8591	0.05000
8592	0.02712
8593	-0.60356
8594	-1.61147
8595	-1.28857
8596	-0.42602
8597	-0.08217
8598	0.03150
8599	0.54007
8600	3.58680
8601	8.75360
8602	2.16185
8603	-9.16309
8604	-3.95534
8605	6.16130
8606	2.39948
8607	-3.42891
8608	-2.65221
8609	-1.68309
8610	-0.78187
8611	0.18055
8612	4.14444
8613	5.22347
8614	-5.28273
8615	3.10556
8616	3.03166
8617	-1.96084
8618	-1.05356
8619	-0.05197
8620	0.00141
8621	0.13595
8622	-0.24153
8623	-0.24970
8624	0.39102
8625	0.43963
8626	-0.26098
8627	-0.61118
8628	-0.14947
8629	0.14104
8630	0.45618
8631	0.77550
8632	0.79663
8633	0.73728
8634	0.34104
8635	-0.29049
8636	-0.48606
8637	-0.06576
8638	1.03164
8639	1.32046
8640	-0.18608
8641	-0.82242
8642	-0.04337
8643	0.18393
8644	-0.34811
8645	-0.24911
8646	0.29920
8647	0.39430
8648	0.70067
8649	2.08616
8650	4.12292
8651	3.37545
8652	-1.51283
8653	-4.38585
8654	-2.54631
8655	0.52344
8656	2.01585
8657	0.51971
8658	-1.24104
8659	-0.62897
8660	0.37509
8661	0.91231
8662	0.70324
8663	0.15554
8664	-0.73076
8665	-2.10359
8666	-2.74138
8667	-1.86086
8668	-0.55911
8669	0.14365
8670	1.09061
8671	5.05119
8672	9.49957
8673	1.47681
8674	-10.12295
8675	-3.10988
8676	4.49436
8677	0.02993
8678	-1.84113
8679	-0.86535
8680	0.30164
8681	3.22883
8682	7.11094
8683	1.92888
8684	-5.65579
8685	0.72118
8686	0.16969
8687	-0.58657
8688	0.09856
8689	0.28814
8690	0.25059
8691	0.07771
8692	0.02102
8693	0.05147
8694	0.12271
8695	0.18744
8696	0.11641
8697	-0.23139
8698	0.03254
8699	0.61848
8700	0.81483
8701	0.15706
8702	-0.13021
8703	-0.03990
8704	-0.08175
8705	-0.25205
8706	-0.21762
8707	-0.03925
8708	0.13103
8709	0.31258
8710	0.19181
8711	0.05291
8712	0.01828
8713	-0.00194
8714	0.02568
8715	0.06398
8716	0.02252
8717	-0.01909
8718	0.31151
8719	2.19180
8720	6.39385
8721	7.77357
8722	-0.10790
8723	-7.83157
8724	-5.17415
8725	0.46613
8726	1.82745
8727	0.71525
8728	0.07485
8729	0.08606
8730	0.07056
8731	-0.01646
8732	0.03775
8733	0.12550
8734	-0.25392
8735	-1.53535
8736	-2.67708
8737	-2.11616
8738	-0.76913
8739	0.02156
8740	-0.18331
8741	0.46036
8742	10.25810
8743	16.13049
8744	-7.17127
8745	-17.05008
8746	11.06608
8747	11.85133
8748	-10.80246
8749	-7.33149
8750	-0.80094
8751	-0.00994
8752	0.54703
8753	9.21507
8754	10.03573
8755	-12.41494
8756	7.85226
8757	6.59862
8758	-5.79763
8759	-3.05021
8760	-0.51656
8761	0.00077
8762	-0.00518
8763	-0.03975
8764	-0.24619
8765	0.12722
8766	0.48007
8767	0.36496
8768	-0.28783
8769	-0.07372
8770	0.11113
8771	0.01035
8772	0.16684
8773	0.35386
8774	0.61179
8775	0.60945
8776	-0.32767
8777	-0.59119
8778	0.24071
8779	1.15534
8780	1.38798
8781	0.16679
8782	-0.56332
8783	-0.24310
8784	-0.04258
8785	-0.00860
8786	0.00407
8787	-0.01397
8788	0.05286
8789	0.32340
8790	1.07763
8791	3.11631
8792	4.80412
8793	1.65515
8794	-4.10798
8795	-5.14991
8796	-0.41891
8797	2.47017
8798	0.29621
8799	-1.16952
8800	-0.69209
8801	-0.15953
8802	-0.02132
8803	-0.04748
8804	-0.03204
8805	-0.05583
8806	-0.52545
8807	-1.23401
8808	-1.01584
8809	-0.28650
8810	0.01553
8811	0.01695
8812	4.01358
8813	17.51765
8814	15.68232
8815	-15.08214
8816	-19.96441
8817	4.38874
8818	5.78176
8819	-6.50613
8820	-3.42846
8821	-0.32466
8822	0.16639
8823	-0.64971
8824	0.62471
8825	10.99874
8826	21.23107
8827	-18.75376
8828	-3.77431
8829	13.54526
8830	-3.80628
8831	-5.10344
8832	-1.30037
8833	-0.02503
8834	0.00060
8835	0.04202
8836	-0.08918
8837	0.06879
8838	0.73789
8839	0.96263
8840	-0.65519
8841	-0.72519
8842	-0.13599
8843	-0.02253
8844	0.03405
8845	0.03129
8846	0.19138
8847	0.35200
8848	-0.11728
8849	-0.14159
8850	0.00109
8851	0.03996
8852	0.17719
8853	0.18444
8854	-0.02130
8855	-0.02591
8856	0.04564
8857	-0.04329
8858	-0.03893
8859	0.12871
8860	0.60171
8861	1.95553
8862	3.19599
8863	2.34273
8864	0.79651
8865	-1.80943
8866	-5.56991
8867	-4.63385
8868	1.07842
8869	4.34576
8870	1.72592
8871	-2.65991
8872	-3.21184
8873	-1.43980
8874	-0.42905
8875	-0.68729
8876	-1.13705
8877	-0.84484
8878	-0.56685
8879	-0.74559
8880	-1.00161
8881	-0.18041
8882	0.75020
8883	-1.33553
8884	1.12584
8885	18.57989
8886	17.22914
8887	-17.51835
8888	-16.76885
8889	16.25067
8890	11.13268
8891	-10.16564
8892	-7.96845
8893	-2.82864
8894	-2.67983
8895	-0.12981
8896	-0.90499
8897	-0.28392
8898	5.02921
8899	-4.50670
8900	11.65031
8901	4.78509
8902	-5.40232
8903	-2.94869
8904	-0.62531
8905	0.11794
8906	0.61637
8907	-0.16039
8908	-0.82406
8909	0.26615
8910	0.74607
8911	-0.08158
8912	-0.56254
8913	-0.03586
8914	0.49737
8915	0.76000
8916	0.50095
8917	0.32839
8918	0.32694
8919	-0.34108
8920	-0.56111
8921	0.27221
8922	0.45424
8923	0.27203
8924	-0.03118
8925	-0.19086
8926	-0.00143
8927	-0.00671
8928	-0.08367
8929	-0.02761
8930	0.07178
8931	0.16158
8932	0.46323
8933	1.63761
8934	3.79579
8935	4.12245
8936	-0.40339
8937	-5.34717
8938	-4.82724
8939	-1.37339
8940	1.39726
8941	1.90292
8942	-0.05038
8943	-1.35710
8944	-0.83708
8945	-0.09916
8946	0.06749
8947	-0.16270
8948	-0.68692
8949	-1.67930
8950	-2.10407
8951	-1.16117
8952	-0.02295
8953	0.16791
8954	-0.63748
8955	0.41591
8956	8.02570
8957	13.85218
8958	1.22468
8959	-14.22698
8960	-5.84436
8961	12.73111
8962	8.82135
8963	-5.42480
8964	-6.32787
8965	-5.37939
8966	-4.83976
8967	2.45505
8968	-5.09246
8969	8.66707
8970	3.28737
8971	-8.39219
8972	14.53880
8973	0.68980
8974	-5.68536
8975	-2.25333
8976	-0.32753
8977	0.01881
8978	0.05079
8979	-0.09923
8980	0.01185
8981	0.24743
8982	0.69634
8983	0.67438
8984	-0.28622
8985	-0.42713
8986	-0.00482
8987	0.50190
8988	1.04091
8989	0.25527
8990	-0.97044
8991	-0.21263
8992	0.59146
8993	0.18267
8994	-0.19251
8995	-0.19484
8996	-0.13611
8997	-0.00863
8998	-0.02088
8999	-0.02506
9000	0.03768
9001	0.16073
9002	-0.06734
9003	-0.08614
9004	0.92963
9005	2.67676
9006	5.93411
9007	7.09214
9008	-1.85100
9009	-9.61634
9010	-4.34103
9011	1.11801
9012	1.08428
9013	-0.13419
9014	-0.38830
9015	0.17422
9016	0.78458
9017	0.82125
9018	-0.01646
9019	-1.21373
9020	-1.87112
9021	-1.92655
9022	-1.75819
9023	-1.31702
9024	-0.57711
9025	-0.00457
9026	-0.21213
9027	0.76482
9028	5.43146
9029	5.27647
9030	-2.66298
9031	-4.15912
9032	1.96472
9033	3.62260
9034	1.12275
9035	0.01016
9036	-2.38760
9037	-4.79703
9038	-0.49670
9039	0.63945
9040	7.44674
9041	-2.11615
9042	-0.02996
9043	6.84734
9044	-0.58046
9045	-2.56968
9046	-0.92561
9047	-0.00239
9048	-0.04971
9049	0.12889
9050	-0.02597
9051	-0.35078
9052	0.59127
9053	0.83972
9054	-0.45532
9055	-0.35669
9056	0.27190
9057	0.38029
9058	0.31068
9059	0.30314
9060	0.31130
9061	0.12927
9062	-0.17047
9063	-0.13414
9064	0.16226
9065	0.44649
9066	0.27102
9067	-0.13531
9068	0.00321
9069	-0.08500
9070	-0.10632
9071	-0.08113
9072	-0.17131
9073	-0.08707
9074	0.54029
9075	0.74786
9076	0.67548
9077	1.48145
9078	2.69277
9079	1.06844
9080	-3.77885
9081	-4.92809
9082	-0.77125
9083	2.39619
9084	1.52246
9085	-0.78877
9086	-1.21542
9087	-0.32841
9088	0.29796
9089	0.13408
9090	-0.64714
9091	-1.46508
9092	-1.76503
9093	-1.19580
9094	-0.36196
9095	-0.04646
9096	0.00694
9097	-0.00179
9098	0.39270
9099	4.14963
9100	7.32147
9101	-1.91297
9102	-7.81541
9103	1.31345
9104	5.24735
9105	-0.62267
9106	-2.34725
9107	-0.71917
9108	-0.39345
9109	-1.50552
9110	-0.13470
9111	2.42712
9112	6.49443
9113	-4.68511
9114	4.29326
9115	6.47734
9116	-3.33666
9117	-2.53046
9118	-0.58176
9119	0.03080
9120	0.01639
9121	-0.13679
9122	-0.30086
9123	0.16701
9124	0.52384
9125	0.48651
9126	-0.26506
9127	-0.35355
9128	0.14620
9129	0.53200
9130	0.98168
9131	0.42817
9132	-0.44502
9133	-0.41876
9134	0.08071
9135	0.97592
9136	0.95543
9137	0.02460
9138	-0.28894
9139	-0.16518
9140	-0.05300
9141	-0.01880
9142	0.21812
9143	0.51904
9144	0.39962
9145	-0.50133
9146	-0.61102
9147	0.96989
9148	2.08168
9149	3.25364
9150	4.40071
9151	0.47431
9152	-7.28144
9153	-7.06783
9154	0.12952
9155	2.94137
9156	0.19335
9157	-2.46748
9158	-2.34778
9159	-1.05221
9160	-0.30953
9161	-0.13945
9162	-0.13852
9163	-0.37168
9164	-1.01087
9165	-1.19340
9166	-0.53839
9167	0.18253
9168	0.96392
9169	1.72685
9170	3.53817
9171	6.80771
9172	5.78769
9173	-2.19416
9174	-5.84840
9175	-2.24803
9176	3.03979
9177	3.42261
9178	-0.08998
9179	-0.33981
9180	0.01348
9181	-2.83196
9182	-1.18548
9183	3.70745
9184	9.59521
9185	-5.74943
9186	0.72786
9187	10.64603
9188	-3.75974
9189	-4.28386
9190	-0.90867
9191	0.11327
9192	-0.06435
9193	-0.43160
9194	-0.75384
9195	-0.12711
9196	0.37249
9197	0.84027
9198	0.42525
9199	0.06243
9200	0.49104
9201	0.44946
9202	0.25806
9203	0.20039
9204	0.25793
9205	0.16087
9206	-0.34651
9207	-0.13334
9208	0.31683
9209	0.34005
9210	0.22200
9211	-0.04761
9212	0.01013
9213	0.05235
9214	-0.09722
9215	-0.20253
9216	-0.14337
9217	0.02103
9218	0.11906
9219	0.34229
9220	1.43944
9221	3.95968
9222	5.50642
9223	1.46504
9224	-6.01339
9225	-6.48220
9226	-0.02284
9227	2.00241
9228	-0.25832
9229	-1.11895
9230	-0.62470
9231	-0.02441
9232	0.40441
9233	0.41130
9234	-0.30429
9235	-0.98406
9236	-1.12787
9237	-1.24147
9238	-1.23937
9239	-0.26482
9240	1.12990
9241	-0.67288
9242	-2.27184
9243	12.80816
9244	23.10515
9245	-9.46778
9246	-21.66121
9247	9.19740
9248	6.80192
9249	-8.12714
9250	-2.71231
9251	0.21994
9252	-0.33230
9253	-3.23610
9254	1.92942
9255	-5.17182
9256	13.76690
9257	0.16777
9258	-8.75404
9259	24.82710
9260	0.90155
9261	-11.93636
9262	-4.46668
9263	0.02684
9264	0.63945
9265	0.26124
9266	-0.89907
9267	-0.79780
9268	0.06487
9269	0.44212
9270	0.16659
9271	-0.10797
9272	0.27303
9273	0.55394
9274	0.70517
9275	0.88069
9276	0.81506
9277	-0.14301
9278	-0.97349
9279	0.55188
9280	1.08465
9281	-0.01438
9282	-0.23613
9283	-0.23005
9284	-0.11054
9285	0.01181
9286	-0.02834
9287	-0.03989
9288	-0.04780
9289	-0.12682
9290	0.13617
9291	0.94639
9292	2.05466
9293	3.73158
9294	4.83250
9295	0.30048
9296	-7.28768
9297	-5.74866
9298	0.11952
9299	1.56786
9300	0.33982
9301	-1.32973
9302	-1.70122
9303	-0.73979
9304	0.08546
9305	0.48094
9306	0.38630
9307	-0.34746
9308	-1.31592
9309	-1.40352
9310	-0.61740
9311	0.01481
9312	-0.02131
9313	-0.08487
9314	0.21148
9315	1.88011
9316	4.51944
9317	0.36521
9318	-3.98481
9319	0.72863
9320	4.87591
9321	0.39950
9322	-0.79611
9323	1.12033
9324	0.28416
9325	-6.94488
9326	0.66710
9327	-3.31190
9328	3.56499
9329	-0.61272
9330	1.52878
9331	10.54718
9332	0.24164
9333	-2.61366
9334	-0.98942
9335	-0.08214
9336	0.50039
9337	0.56591
9338	-0.55362
9339	-0.31576
9340	0.44136
9341	0.55637
9342	-0.14495
9343	-0.26731
9344	0.19521
9345	0.36882
9346	0.50528
9347	0.63701
9348	0.76984
9349	0.34438
9350	-0.77328
9351	-0.43251
9352	0.74666
9353	0.66434
9354	0.02746
9355	-0.04216
9356	0.16613
9357	0.15566
9358	-0.03142
9359	-0.00524
9360	-0.01228
9361	-0.02423
9362	0.12362
9363	0.34173
9364	0.97744
9365	2.57420
9366	3.59393
9367	0.31502
9368	-4.26334
9369	-4.07810
9370	-0.69048
9371	1.47535
9372	0.91637
9373	-0.25914
9374	-0.64237
9375	-0.49664
9376	-0.23879
9377	-0.29403
9378	-0.77458
9379	-0.94659
9380	-0.63949
9381	-0.34525
9382	-0.15729
9383	-0.25693
9384	-0.35115
9385	0.02028
9386	0.51951
9387	5.47427
9388	9.48080
9389	-3.06698
9390	-9.85385
9391	1.04837
9392	4.10847
9393	0.35008
9394	0.30853
9395	1.74623
9396	-3.00537
9397	-7.84487
9398	1.31592
9399	-2.46253
9400	15.93922
9401	-7.99723
9402	1.78832
9403	16.26174
9404	-6.55202
9405	-6.22797
9406	-0.70775
9407	0.17840
9408	-0.22142
9409	-0.54246
9410	-0.60437
9411	0.30305
9412	0.80965
9413	0.39002
9414	-1.00786
9415	-0.84075
9416	-0.05236
9417	0.25703
9418	0.47887
9419	0.81035
9420	1.07066
9421	0.51167
9422	-0.59085
9423	-0.76338
9424	-0.06839
9425	0.88407
9426	1.26485
9427	0.21094
9428	-0.84558
9429	-0.35328
9430	0.42823
9431	0.15182
9432	-0.43660
9433	-0.17020
9434	0.23355
9435	0.06640
9436	0.65618
9437	3.82841
9438	6.85477
9439	1.24127
9440	-5.44192
9441	-4.83212
9442	-1.29657
9443	1.64416
9444	2.36052
9445	-0.17040
9446	-1.95188
9447	-1.01842
9448	0.02301
9449	0.57445
9450	0.22161
9451	-0.61216
9452	-1.56862
9453	-2.01612
9454	-1.24051
9455	-0.33891
9456	0.00577
9457	0.23392
9458	1.72049
9459	7.07782
9460	9.28209
9461	-2.02142
9462	-10.51940
9463	-0.57980
9464	7.27510
9465	-1.68030
9466	-4.44556
9467	-0.80572
9468	-0.12672
9469	0.53771
9470	4.14760
9471	15.38589
9472	5.16046
9473	-14.43295
9474	6.98745
9475	7.01113
9476	-2.52734
9477	-3.25757
9478	-1.09834
9479	0.11572
9480	0.25342
9481	-0.37742
9482	-0.54545
9483	0.07102
9484	0.77391
9485	0.65875
9486	-0.51972
9487	-0.29308
9488	0.14287
9489	0.20674
9490	0.20918
9491	0.49222
9492	0.82970
9493	-0.09025
9494	-0.56308
9495	0.34713
9496	0.73406
9497	0.45138
9498	-0.03067
9499	-0.19421
9500	0.01572
9501	0.04161
9502	-0.22746
9503	-0.32737
9504	-0.05227
9505	0.18079
9506	0.21508
9507	0.53310
9508	2.08289
9509	4.68051
9510	3.27792
9511	-4.11564
9512	-7.30354
9513	-2.79693
9514	1.04313
9515	0.45756
9516	-1.35556
9517	-1.17852
9518	-0.18359
9519	0.59068
9520	1.16759
9521	1.24418
9522	0.44254
9523	-1.38614
9524	-2.64971
9525	-1.85306
9526	-0.66899
9527	-0.11675
9528	0.23091
9529	-0.49946
9530	0.73613
9531	12.23739
9532	11.24206
9533	-12.71051
9534	-9.70158
9535	8.19462
9536	-1.05875
9537	-4.44460
9538	1.06909
9539	0.58589
9540	0.26132
9541	-0.73009
9542	4.71570
9543	16.11645
9544	-5.95500
9545	-4.89352
9546	5.94834
9547	0.31356
9548	-1.62867
9549	-0.68666
9550	-0.00424
9551	-0.02392
9552	0.00122
9553	-0.05731
9554	0.02229
9555	0.39495
9556	1.00858
9557	-0.17711
9558	-0.73615
9559	-0.05818
9560	0.33791
9561	0.68396
9562	0.67022
9563	0.42161
9564	0.09078
9565	-0.42501
9566	-0.04398
9567	0.91336
9568	1.15898
9569	0.38127
9570	-0.52153
9571	-0.36153
9572	-0.03213
9573	0.14709
9574	0.04692
9575	-0.27352
9576	-0.30510
9577	0.26662
9578	0.49011
9579	0.17077
9580	1.25271
9581	4.85618
9582	5.88921
9583	-2.38464
9584	-7.45760
9585	-2.04887
9586	1.72542
9587	-0.09094
9588	-1.52555
9589	-0.92165
9590	0.02657
9591	0.63230
9592	0.71965
9593	0.29669
9594	-0.16312
9595	-0.62284
9596	-1.28014
9597	-1.78635
9598	-1.63257
9599	-0.90601
9600	-0.08839
9601	0.32307
9602	4.67459
9603	12.02977
9604	3.71362
9605	-11.11435
9606	-5.76674
9607	8.06754
9608	3.73386
9609	-5.33339
9610	-2.87977
9611	-0.85565
9612	-0.63706
9613	0.26372
9614	4.19539
9615	13.10889
9616	-4.73339
9617	-5.17031
9618	9.74809
9619	0.06660
9620	-3.72425
9621	-1.41626
9622	0.02111
9623	-0.24102
9624	-0.20091
9625	-0.27393
9626	-0.01714
9627	0.53927
9628	0.92372
9629	0.16454
9630	-0.80419
9631	-0.31259
9632	0.28221
9633	0.63762
9634	0.59558
9635	0.25333
9636	0.08119
9637	-0.26755
9638	-0.38305
9639	-0.18123
9640	0.22649
9641	0.56746
9642	0.07937
9643	-0.15391
9644	-0.00891
9645	0.00774
9646	-0.04784
9647	-0.06931
9648	-0.01011
9649	0.11109
9650	0.17596
9651	0.59771
9652	2.86868
9653	6.47224
9654	3.43909
9655	-5.09429
9656	-5.48849
9657	-0.69521
9658	0.94933
9659	-0.00635
9660	-0.35247
9661	0.25345
9662	0.75428
9663	0.56704
9664	-0.08037
9665	-0.40908
9666	-0.46038
9667	-0.79194
9668	-1.30712
9669	-1.24936
9670	-0.94126
9671	-0.78056
9672	-0.15114
9673	0.50432
9674	6.66257
9675	16.86176
9676	3.98389
9677	-15.78373
9678	-4.97678
9679	3.91626
9680	-2.17262
9681	-1.09161
9682	-0.03040
9683	1.53776
9684	4.13482
9685	11.84566
9686	15.76211
9687	-13.09195
9688	-5.60945
9689	17.23921
9690	-6.25000
9691	-9.19970
9692	-1.33767
9693	0.30459
9694	-1.14929
9695	-0.89416
9696	-0.51655
9697	-0.23988
9698	0.02640
9699	0.75275
9700	0.25483
9701	-0.56400
9702	-0.00022
9703	0.23803
9704	0.35029
9705	0.52587
9706	0.44730
9707	0.28692
9708	-0.24395
9709	-0.54051
9710	0.21614
9711	0.59677
9712	0.70876
9713	0.39222
9714	-0.12446
9715	-0.29451
9716	0.13948
9717	0.00267
9718	-0.24861
9719	-0.11796
9720	-0.03694
9721	0.16245
9722	1.73532
9723	4.66838
9724	6.11380
9725	1.78306
9726	-6.95444
9727	-8.08912
9728	-1.03002
9729	2.92709
9730	1.25274
9731	-1.60954
9732	-2.27942
9733	-1.15153
9734	-0.07863
9735	0.52947
9736	0.69420
9737	-0.03933
9738	-1.33080
9739	-1.93263
9740	-1.63970
9741	-1.11374
9742	-0.27835
9743	0.06755
9744	-0.56180
9745	5.77471
9746	13.95922
9747	1.14392
9748	-13.82948
9749	-4.31349
9750	5.70712
9751	-0.65658
9752	-2.71844
9753	-0.58944
9754	0.21036
9755	0.79894
9756	3.59823
9757	7.56369
9758	0.19605
9759	-5.52878
9760	1.06756
9761	1.29421
9762	0.67918
9763	0.52350
9764	0.25049
9765	0.04662
9766	0.00750
9767	-0.00263
9768	0.13940
9769	0.26984
9770	0.57377
9771	0.01145
9772	-1.03544
9773	-0.54882
9774	-0.07431
9775	0.05264
9776	0.17445
9777	0.36710
9778	0.37552
9779	-0.07950
9780	-0.24678
9781	0.00024
9782	0.22444
9783	0.57459
9784	0.27034
9785	-0.23975
9786	-0.03821
9787	0.06444
9788	-0.05542
9789	-0.12330
9790	-0.12528
9791	0.03207
9792	0.27669
9793	0.49691
9794	2.09827
9795	6.07941
9796	5.36869
9797	-4.27630
9798	-8.39390
9799	-2.58919
9800	1.73695
9801	0.43947
9802	-1.38850
9803	-1.22947
9804	-0.37550
9805	0.16587
9806	0.27161
9807	0.03530
9808	-0.11434
9809	0.03040
9810	-0.14207
9811	-1.32442
9812	-1.95884
9813	-0.77221
9814	0.31521
9815	-0.42667
9816	0.27203
9817	8.68112
9818	8.94147
9819	-7.20196
9820	-9.05864
9821	3.65475
9822	4.29043
9823	-3.82874
9824	-1.97165
9825	0.30683
9826	-0.00198
9827	0.15110
9828	3.49018
9829	17.71262
9830	0.76661
9831	-14.35312
9832	15.40767
9833	0.86353
9834	-7.18725
9835	-2.20820
9836	-0.07940
9837	0.01087
9838	0.03876
9839	-0.03709
9840	-0.04343
9841	0.44918
9842	1.11567
9843	0.02684
9844	-1.61281
9845	-0.56287
9846	0.05910
9847	0.37709
9848	0.85334
9849	0.81668
9850	0.65818
9851	0.08444
9852	-0.55727
9853	-0.29031
9854	0.14440
9855	0.45020
9856	0.53436
9857	-0.03814
9858	-0.24278
9859	0.25394
9860	0.17738
9861	-0.55570
9862	-0.27824
9863	0.35499
9864	0.41877
9865	0.78022
9866	2.36683
9867	5.30855
9868	4.75750
9869	-3.74949
9870	-8.04837
9871	-2.03028
9872	2.09328
9873	0.33413
9874	-1.53301
9875	-0.91800
9876	0.10695
9877	0.36347
9878	-0.00363
9879	-0.04367
9880	0.10448
9881	-0.41487
9882	-1.40523
9883	-1.33845
9884	-0.50844
9885	0.02467
9886	-0.02339
9887	-0.41685
9888	3.28607
9889	9.37653
9890	1.35514
9891	-9.04275
9892	-3.10903
9893	3.31070
9894	-0.05745
9895	-1.13679
9896	-0.12909
9897	0.31951
9898	-0.66849
9899	0.72162
9900	4.95122
9901	3.84627
9902	-5.19716
9903	3.73695
9904	1.41366
9905	-1.53500
9906	-0.26822
9907	0.05858
9908	-0.15015
9909	-0.15401
9910	-0.10350
9911	0.39283
9912	0.56139
9913	0.57837
9914	-0.02280
9915	-1.39232
9916	-0.95820
9917	-0.23483
9918	0.21386
9919	0.77553
9920	0.97890
9921	0.45095
9922	-0.21236
9923	-0.62077
9924	-0.23497
9925	0.27491
9926	1.27755
9927	1.60992
9928	-0.39695
9929	-1.21473
9930	0.08193
9931	0.50401
9932	-0.42994
9933	-0.64983
9934	-0.00514
9935	0.01691
9936	0.00004
9937	1.11665
9938	5.02324
9939	7.25477
9940	1.40604
9941	-5.74111
9942	-5.17384
9943	-0.12435
9944	2.15273
9945	-0.23351
9946	-1.60889
9947	-0.45945
9948	0.58363
9949	0.88638
9950	0.25268
9951	-0.05642
9952	0.31745
9953	0.31322
9954	-1.51905
9955	-3.16929
9956	-1.86265
9957	-0.12076
9958	-0.00241
9959	-0.29113
9960	4.39842
9961	12.80348
9962	5.42631
9963	-11.32872
9964	-7.62427
9965	4.83200
9966	3.75555
9967	-0.90837
9968	-1.48138
9969	-1.98951
9970	-1.61563
9971	2.98583
9972	7.01929
9973	-1.85407
9974	-3.96571
9975	5.43169
9976	0.36548
9977	-1.82428
9978	-0.79170
9979	-0.06158
9980	-0.04561
9981	-0.06129
9982	-0.11109
9983	0.20386
9984	0.51731
9985	0.99411
9986	0.47762
9987	-0.91910
9988	-0.58945
9989	-0.01510
9990	0.44820
9991	1.25306
9992	1.39997
9993	-0.37848
9994	-0.67523
9995	-0.06112
9996	0.03099
9997	0.14370
9998	0.60171
9999	0.16236
10000	-0.22723
10001	0.19450
10002	0.05423
10003	-0.32296
10004	-0.31570
10005	-0.17070
10006	-0.02561
10007	0.53470
10008	1.55676
10009	3.00100
10010	5.21105
10011	4.62545
10012	-2.57181
10013	-7.84886
10014	-3.80151
10015	2.12364
10016	2.38306
10017	-0.15132
10018	-0.88176
10019	-0.31413
10020	0.26395
10021	0.52261
10022	0.17791
10023	-0.56592
10024	-0.93153
10025	-1.26255
10026	-2.24694
10027	-2.89832
10028	-0.94680
10029	1.59084
10030	-1.80035
10031	-1.34245
10032	19.51299
10033	20.10996
10034	-20.13157
10035	-18.91660
10036	9.67177
10037	1.73129
10038	-4.12969
10039	-0.83406
10040	0.27100
10041	-1.98592
10042	-0.30943
10043	4.91188
10044	7.54226
10045	-6.59662
10046	1.38392
10047	7.29724
10048	-0.29205
10049	-2.14521
10050	-1.03533
10051	0.01879
10052	-0.01815
10053	-0.06433
10054	-0.12739
10055	0.06144
10056	0.33298
10057	0.47977
10058	-0.76805
10059	-0.65993
10060	0.01602
10061	0.25111
10062	0.63939
10063	0.66050
10064	0.30412
10065	0.01729
10066	-0.63754
10067	-0.03993
10068	1.13440
10069	0.85245
10070	0.09172
10071	-0.36016
10072	-0.16461
10073	-0.02980
10074	0.16684
10075	0.13448
10076	-0.23999
10077	-0.22028
10078	-0.04336
10079	0.09808
10080	1.03287
10081	4.05720
10082	6.04846
10083	1.73463
10084	-5.34342
10085	-7.15599
10086	-2.25511
10087	1.69118
10088	0.81629
10089	-0.79880
10090	-0.87045
10091	-0.23214
10092	0.38241
10093	0.85563
10094	1.02454
10095	0.19128
10096	-2.09803
10097	-3.39378
10098	-1.90709
10099	-0.50382
10100	-0.04213
10101	0.16187
10102	0.74150
10103	3.69994
10104	6.89766
10105	1.20134
10106	-5.84692
10107	-2.13342
10108	3.73950
10109	1.15871
10110	-2.13228
10111	-1.14716
10112	0.15998
10113	3.40645
10114	7.10253
10115	1.76223
10116	-4.04747
10117	1.46339
10118	0.51970
10119	-0.51993
10120	0.65148
10121	0.87610
10122	0.27204
10123	-0.00259
10124	0.13870
10125	-0.23986
10126	0.21060
10127	0.51046
10128	0.39999
10129	-0.28995
10130	-0.38815
10131	0.01382
10132	-0.05024
10133	0.04061
10134	0.22178
10135	0.74213
10136	0.80240
10137	0.11446
10138	-0.36677
10139	-0.27669
10140	0.67032
10141	2.02789
10142	0.58872
10143	-1.00965
10144	-0.19571
10145	0.79674
10146	-0.27933
10147	-1.18881
10148	-0.12604
10149	0.50638
10150	0.22271
10151	0.13988
10152	0.95064
10153	2.94498
10154	3.93596
10155	0.19354
10156	-4.84767
10157	-3.92979
10158	0.58603
10159	1.63012
10160	-0.45265
10161	-1.18635
10162	-0.31631
10163	0.49132
10164	0.70701
10165	0.34396
10166	-0.28035
10167	-1.04451
10168	-1.42788
10169	-1.12447
10170	-0.76317
10171	-0.66174
10172	-0.28053
10173	0.43483
10174	2.62472
10175	7.50307
10176	4.62943
10177	-7.30758
10178	-7.28935
10179	3.94903
10180	5.13033
10181	-1.92510
10182	-3.33585
10183	-2.39796
10184	-2.07672
10185	0.73126
10186	6.92988
10187	6.07077
10188	-7.88372
10189	3.90299
10190	1.46838
10191	-3.52591
10192	-0.46858
10193	0.22406
10194	0.45252
10195	0.12786
10196	0.00199
10197	0.13763
10198	0.47778
10199	0.51371
10200	0.20873
10201	-0.94327
10202	-0.81265
10203	-0.11323
10204	0.04474
10205	0.22302
10206	0.36266
10207	0.37209
10208	-0.06234
10209	-0.40089
10210	-0.12524
10211	0.01054
10212	0.12411
10213	0.37380
10214	0.36482
10215	0.16223
10216	-0.08594
10217	-0.09366
10218	0.21437
10219	0.23765
10220	-0.05158
10221	-0.08745
10222	0.10370
10223	0.75866
10224	3.14589
10225	7.10021
10226	6.42913
10227	-2.08163
10228	-7.08166
10229	-2.59382
10230	2.53142
10231	1.91728
10232	-1.20718
10233	-1.46676
10234	-0.08127
10235	0.64096
10236	0.27396
10237	-0.48488
10238	-0.88979
10239	-1.14004
10240	-1.31019
10241	-1.32953
10242	-1.18583
10243	-0.12754
10244	0.68050
10245	-2.06498
10246	5.72337
10247	19.30613
10248	-2.11532
10249	-16.23943
10250	1.69278
10251	1.29272
10252	-2.68091
10253	0.50022
10254	-0.02002
10255	0.47088
10256	1.37178
10257	7.96313
10258	18.12751
10259	-6.13160
10260	-8.86847
10261	14.88779
10262	-2.43150
10263	-6.91899
10264	-1.97290
10265	-0.02800
10266	-0.22420
10267	-0.06749
10268	0.03085
10269	-0.20354
10270	-0.14337
10271	0.13194
10272	0.09830
10273	-0.16760
10274	-0.01774
10275	0.01226
10276	0.00410
10277	0.06151
10278	0.45253
10279	0.83606
10280	0.38889
10281	-0.56779
10282	-0.55572
10283	-0.28250
10284	-0.25864
10285	0.16640
10286	0.76280
10287	0.26502
10288	-0.54698
10289	0.57554
10290	0.27325
10291	-1.03000
10292	0.12863
10293	1.14239
10294	0.58994
10295	0.65628
10296	2.14914
10297	3.02367
10298	-0.45367
10299	-5.74852
10300	-4.15056
10301	2.11819
10302	2.66581
10303	-1.26486
10304	-2.96143
10305	-1.72221
10306	-0.35778
10307	0.19436
10308	0.32703
10309	0.36608
10310	0.17495
10311	-0.68739
10312	-1.41134
10313	-0.95524
10314	-0.13798
10315	0.38459
10316	-0.02699
10317	-1.00213
10318	3.37259
10319	7.09505
10320	-2.15829
10321	-6.90725
10322	2.30195
10323	6.65637
10324	-2.03291
10325	-4.81230
10326	-1.23974
10327	-0.51299
10328	-0.29683
10329	-0.04177
10330	-0.14800
10331	0.08183
10332	0.62082
10333	1.05264
10334	-0.73559
10335	-0.41966
10336	0.04853
10337	-0.06264
10338	-0.14862
10339	-0.13667
10340	-0.32764
10341	0.20122
10342	0.41490
10343	0.56740
10344	0.25610
10345	-0.21683
10346	-0.42590
10347	-0.73361
10348	-0.09047
10349	0.41250
10350	0.72989
10351	0.40755
10352	-0.27646
10353	-0.29646
10354	0.20954
10355	0.83553
10356	1.04707
10357	0.12288
10358	-0.78661
10359	-0.33736
10360	0.47941
10361	0.28004
10362	-0.41968
10363	-0.67092
10364	-0.31516
10365	0.21297
10366	0.81694
10367	2.43930
10368	5.30458
10369	5.12718
10370	-1.56142
10371	-6.16140
10372	-3.29057
10373	0.50000
10374	1.53417
10375	0.00761
10376	-1.30546
10377	-0.58593
10378	0.36012
10379	0.82533
10380	0.70924
10381	0.62407
10382	0.19932
10383	-1.61061
10384	-2.87022
10385	-1.94357
10386	-0.72562
10387	-0.09633
10388	-0.09563
10389	0.33582
10390	6.05717
10391	8.58070
10392	-4.45392
10393	-8.30275
10394	2.93913
10395	3.25628
10396	-1.72224
10397	-1.03310
10398	0.07431
10399	1.05096
10400	3.00580
10401	6.28004
10402	0.60241
10403	-4.58354
10404	4.09074
10405	0.34529
10406	-1.73767
10407	-0.09177
10408	0.29144
10409	0.07232
10410	0.01431
10411	0.00599
10412	-0.21449
10413	0.21099
10414	0.28673
10415	0.02621
10416	-0.80206
10417	-0.66413
10418	-0.08892
10419	0.27972
10420	1.21896
10421	1.79260
10422	0.07697
10423	-0.46676
10424	-0.33368
10425	-0.31603
10426	-0.24847
10427	0.20091
10428	1.08623
10429	0.16866
10430	-0.49315
10431	0.06231
10432	0.19529
10433	0.04263
10434	0.02867
10435	-0.26720
10436	-0.28339
10437	1.45712
10438	2.74921
10439	2.37738
10440	2.69529
10441	1.75956
10442	-4.29884
10443	-7.67335
10444	-1.66559
10445	3.71939
10446	1.80978
10447	-2.13512
10448	-2.56138
10449	-0.96013
10450	0.08527
10451	0.18374
10452	-0.23220
10453	-0.41718
10454	-0.58573
10455	-1.38330
10456	-2.03288
10457	-0.97205
10458	0.59646
10459	0.39821
10460	-1.61175
10461	2.12780
10462	15.48031
10463	8.91754
10464	-16.04439
10465	-8.66900
10466	10.55976
10467	2.99298
10468	-6.84472
10469	-3.57971
10470	-1.24479
10471	-1.24736
10472	-0.13240
10473	2.63919
10474	8.11203
10475	-3.94859
10476	2.54927
10477	9.44344
10478	-3.11243
10479	-4.60121
10480	-1.40153
10481	0.03868
10482	-0.06745
10483	-0.11511
10484	-0.72283
10485	0.03509
10486	0.64259
10487	0.79613
10488	-0.32111
10489	-1.48719
10490	-0.62880
10491	0.00542
10492	0.31217
10493	1.70807
10494	1.69608
10495	0.10548
10496	-1.14520
10497	-1.03589
10498	0.28466
10499	1.12448
10500	0.93557
10501	-0.06143
10502	-0.52337
10503	0.08457
10504	0.37358
10505	-0.21025
10506	-0.45827
10507	-0.11862
10508	0.37808
10509	0.59567
10510	1.06364
10511	3.75418
10512	7.10906
10513	1.42161
10514	-8.87473
10515	-7.50818
10516	1.26746
10517	3.14408
10518	-1.26997
10519	-2.71479
10520	-1.39398
10521	-0.48793
10522	-0.29666
10523	-0.04754
10524	0.31105
10525	0.27818
10526	-0.68725
10527	-1.13891
10528	-0.68880
10529	-0.38918
10530	-0.38384
10531	-0.15296
10532	0.21131
10533	1.51046
10534	5.99069
10535	4.93858
10536	-8.71646
10537	-5.71291
10538	12.30758
10539	5.94042
10540	-5.32379
10541	-3.26743
10542	-1.68210
10543	-5.31464
10544	-2.95868
10545	0.01480
10546	0.44927
10547	0.11880
10548	4.68134
10549	-0.89364
10550	-3.77215
10551	0.00617
10552	-0.51437
10553	-1.25471
10554	-0.54028
10555	-0.05553
10556	0.55051
10557	1.04771
10558	0.72261
10559	-0.23875
10560	-1.77871
10561	-1.23224
10562	-0.23689
10563	0.11093
10564	0.25268
10565	0.15207
10566	-0.07936
10567	-0.19701
10568	-0.13608
10569	0.07044
10570	0.11556
10571	0.13978
10572	0.14945
10573	0.03364
10574	-0.04601
10575	0.01588
10576	0.10258
10577	-0.10068
10578	-0.27245
10579	-0.12400
10580	0.32832
10581	0.79975
10582	1.17144
10583	2.63657
10584	4.51062
10585	1.48519
10586	-4.89889
10587	-5.42893
10588	-0.78423
10589	1.79527
10590	0.11226
10591	-1.19118
10592	-0.66689
10593	0.03334
10594	0.29646
10595	0.21598
10596	0.02131
10597	-0.20110
10598	-0.59813
10599	-0.87479
10600	-0.51819
10601	-0.13634
10602	-0.01227
10603	-0.01741
10604	0.71105
10605	5.26604
10606	6.52821
10607	-3.38712
10608	-7.18913
10609	0.38350
10610	3.17674
10611	-1.49952
10612	-1.17025
10613	0.12790
10614	0.20236
10615	0.62107
10616	1.53079
10617	4.08370
10618	2.66102
10619	-2.93420
10620	0.45435
10621	1.71963
10622	0.48948
10623	0.20438
10624	0.19944
10625	0.00121
10626	0.04504
10627	-0.05026
10628	-0.04866
10629	0.08052
10630	0.69616
10631	0.78101
10632	0.16427
10633	0.35320
10634	0.76331
10635	1.66857
10636	1.87614
10637	0.32655
10638	-0.46928
10639	-0.86678
10640	-0.82938
10641	0.22744
10642	1.33844
10643	0.89236
10644	-0.44733
10645	-0.30568
10646	0.09807
10647	-0.15792
10648	-0.24275
10649	0.05688
10650	0.05899
10651	-0.02224
10652	0.00039
10653	0.50274
10654	2.72464
10655	6.00491
10656	3.39224
10657	-4.51465
10658	-6.23343
10659	-1.30000
10660	1.41228
10661	0.61672
10662	-0.35932
10663	-0.38303
10664	0.01747
10665	0.19783
10666	-0.12173
10667	-0.85490
10668	-1.16242
10669	-0.54696
10670	0.61777
10671	2.37558
10672	1.70841
10673	-0.32872
10674	0.31593
10675	2.67618
10676	5.08685
10677	3.55051
10678	-2.69274
10679	-6.21934
10680	-1.90973
10681	1.39616
10682	1.32611
10683	3.22170
10684	3.08246
10685	-6.41411
10686	-2.45088
10687	5.56460
10688	20.65206
10689	-14.79842
10690	-1.51378
10691	24.11777
10692	-11.15293
10693	-10.17327
10694	-0.87618
10695	0.14470
10696	-0.95878
10697	-0.86962
10698	-0.83086
10699	-0.37517
10700	0.39677
10701	1.02777
10702	-0.22297
10703	-0.96451
10704	-0.10803
10705	0.48199
10706	1.06269
10707	0.56975
10708	-0.29477
10709	-0.41330
10710	-0.34122
10711	-0.21193
10712	0.36828
10713	1.45658
10714	1.83598
10715	-0.23437
10716	-1.13987
10717	-0.33962
10718	0.14272
10719	-0.01467
10720	-0.21312
10721	-0.13893
10722	0.31105
10723	0.79252
10724	1.15762
10725	2.33801
10726	3.34289
10727	-0.36554
10728	-6.02528
10729	-4.19047
10730	1.69343
10731	1.70064
10732	-2.11167
10733	-2.43356
10734	-0.81181
10735	0.18383
10736	0.40084
10737	0.09450
10738	-0.29735
10739	-0.65900
10740	-0.78288
10741	-0.32792
10742	0.46318
10743	1.45133
10744	1.41660
10745	0.94356
10746	1.58818
10747	2.23886
10748	0.35754
10749	-2.94288
10750	-2.45732
10751	3.34196
10752	7.45622
10753	1.53765
10754	-5.26255
10755	-4.32155
10756	-1.56511
10757	0.58999
10758	4.03190
10759	3.22354
10760	-2.98476
10761	2.91602
10762	0.85220
10763	-1.62775
10764	-0.17711
10765	0.49894
10766	0.46173
10767	0.05954
10768	-0.00147
10769	0.04295
10770	0.01298
10771	0.09488
10772	0.42831
10773	0.09377
10774	-0.30735
10775	0.01114
10776	0.46255
10777	0.87904
10778	0.71721
10779	0.50594
10780	0.36093
10781	-0.30854
10782	-0.61793
10783	-0.05321
10784	0.72942
10785	0.68286
10786	-0.19857
10787	-0.38465
10788	0.08277
10789	0.05574
10790	-0.34773
10791	-0.24533
10792	0.22150
10793	0.33828
10794	0.21975
10795	0.54696
10796	2.43709
10797	5.75488
10798	4.36557
10799	-4.03075
10800	-7.18108
10801	-1.67717
10802	2.10979
10803	0.91086
10804	-0.55553
10805	-0.38939
10806	0.15266
10807	0.28909
10808	0.17937
10809	0.17282
10810	0.04258
10811	-0.80141
10812	-2.14217
10813	-2.58717
10814	-1.51194
10815	-0.25959
10816	-0.03414
10817	0.23483
10818	6.37214
10819	13.79862
10820	3.32279
10821	-11.56298
10822	-8.03154
10823	3.28612
10824	2.42665
10825	-2.14115
10826	-0.83541
10827	0.51502
10828	0.14543
10829	0.69475
10830	5.59131
10831	6.21273
10832	-6.56113
10833	-0.43507
10834	6.15156
10835	-0.38708
10836	-2.05514
10837	-0.47789
10838	0.14275
10839	0.04802
10840	-0.49147
10841	-0.83728
10842	0.34813
10843	1.07139
10844	0.91396
10845	-1.00628
10846	-1.63509
10847	-0.45333
10848	0.18151
10849	0.61380
10850	0.87661
10851	0.35092
10852	-0.44989
10853	-0.47408
10854	-0.03221
10855	0.27316
10856	0.62123
10857	0.72435
10858	-0.18461
10859	-0.44071
10860	-0.02330
10861	0.16015
10862	-0.24629
10863	-0.07274
10864	0.37709
10865	0.16287
10866	0.03851
10867	0.54989
10868	2.56751
10869	5.20736
10870	1.56416
10871	-5.89075
10872	-4.21139
10873	0.90302
10874	1.87197
10875	0.16478
10876	-2.24879
10877	-2.49168
10878	-0.88331
10879	0.00174
10880	0.25817
10881	0.21083
10882	0.15970
10883	-0.01310
10884	-0.74377
10885	-1.18499
10886	-0.55843
10887	0.06310
10888	-0.13962
10889	1.46290
10890	14.29403
10891	21.04640
10892	-11.22618
10893	-21.20066
10894	8.53354
10895	7.00262
10896	-6.71643
10897	-4.46313
10898	-0.99376
10899	-0.30511
10900	0.42939
10901	2.82456
10902	4.53317
10903	-1.55318
10904	0.88072
10905	3.23380
10906	-0.74062
10907	-0.18323
10908	0.37207
10909	0.04347
10910	-0.02065
10911	0.05119
10912	-0.03849
10913	-0.07135
10914	0.04613
10915	0.62202
10916	0.77473
10917	-0.66395
10918	-0.31657
10919	0.46975
10920	1.09750
10921	1.06064
10922	0.65594
10923	0.31214
10924	-0.61114
10925	-0.90599
10926	0.37787
10927	0.86144
10928	0.33758
10929	-0.19521
10930	-0.15555
10931	0.01092
10932	0.02517
10933	-0.05694
10934	-0.17319
10935	-0.25172
10936	-0.00458
10937	0.62347
10938	1.37190
10939	3.00093
10940	5.52645
10941	3.80206
10942	-4.85984
10943	-8.71198
10944	-2.85844
10945	1.77993
10946	0.61114
10947	-1.21666
10948	-0.85484
10949	0.02635
10950	0.36902
10951	0.16164
10952	-0.21487
10953	-0.59073
10954	-0.80031
10955	-0.56560
10956	-0.14362
10957	0.04220
10958	-0.17931
10959	0.03267
10960	0.84092
10961	5.20880
10962	6.91205
10963	-3.04453
10964	-8.33371
10965	-1.23440
10966	2.50373
10967	-0.12702
10968	-0.07809
10969	1.53826
10970	-1.12913
10971	-4.46684
10972	-0.05339
10973	2.42028
10974	5.36271
10975	-4.91351
10976	4.61481
10977	2.73000
10978	-2.34634
10979	-1.03449
10980	0.01028
10981	-0.25456
10982	-0.19319
10983	-0.39070
10984	-0.36878
10985	0.23111
10986	0.99033
10987	1.15676
10988	-0.21624
10989	-0.65267
10990	-0.14851
10991	0.44081
10992	1.13450
10993	0.90956
10994	0.53981
10995	0.27362
10996	-1.17121
10997	-0.82736
10998	2.18276
10999	3.96243
11000	1.00881
11001	-2.62699
11002	-0.95570
11003	2.60176
11004	0.89648
11005	-2.13196
11006	-1.81339
11007	0.12212
11008	1.20170
11009	1.25852
11010	2.46767
11011	5.25627
11012	3.98126
11013	-4.00282
11014	-7.55879
11015	-2.67342
11016	1.81329
11017	1.10658
11018	-0.74734
11019	-0.71450
11020	-0.20714
11021	0.05464
11022	0.46725
11023	0.87486
11024	0.57050
11025	-0.61798
11026	-2.03237
11027	-2.58255
11028	-1.83203
11029	-0.80830
11030	-0.14836
11031	0.40807
11032	2.70427
11033	9.00629
11034	9.79392
11035	-7.52484
11036	-11.45415
11037	11.00049
11038	2.37175
11039	-10.32103
11040	-0.13798
11041	0.13631
11042	2.81463
11043	14.24183
11044	11.27816
11045	-8.44384
11046	-4.30138
11047	3.37029
11048	0.48133
11049	-0.01856
11050	-0.11699
11051	0.05132
11052	-0.00479
11053	-0.04280
11054	0.04304
11055	0.05211
11056	-0.00074
11057	0.18131
11058	-0.09808
11059	-0.25300
11060	-0.01884
11061	0.03393
11062	0.09304
11063	0.83615
11064	2.57141
11065	1.67572
11066	-1.69633
11067	-1.82968
11068	0.04680
11069	0.40272
11070	0.70737
11071	1.24451
11072	1.19868
11073	-0.09853
11074	-0.66634
11075	-0.23105
11076	-0.01622
11077	-0.01247
11078	-0.04673
11079	-0.02127
11080	0.16094
11081	1.86421
11082	4.64315
11083	3.03620
11084	-3.11858
11085	-5.01886
11086	-0.71229
11087	2.25608
11088	0.58476
11089	-1.65920
11090	-1.32136
11091	-0.19808
11092	0.49452
11093	0.81304
11094	0.36610
11095	-0.37220
11096	-1.17167
11097	-1.79399
11098	-1.59640
11099	-0.84022
11100	-0.22126
11101	0.06135
11102	1.23932
11103	7.99828
11104	13.86888
11105	2.39858
11106	-12.07226
11107	-7.74124
11108	2.24056
11109	0.94272
11110	-1.21818
11111	-0.21228
11112	1.07164
11113	1.93251
11114	4.42060
11115	12.15522
11116	6.64131
11117	-13.89136
11118	1.22293
11119	6.85211
11120	-1.59711
11121	-2.43367
11122	-0.65626
11123	0.02795
11124	-0.18002
11125	-0.40822
11126	-0.51866
11127	0.18751
11128	1.05417
11129	1.24852
11130	-0.30723
11131	-0.93115
11132	-0.73477
11133	-0.37756
11134	0.15677
11135	0.70443
11136	0.76853
11137	-0.33983
11138	-0.93902
11139	0.07141
11140	1.42532
11141	1.64402
11142	-0.35095
11143	-1.31630
11144	-0.24768
11145	0.25191
11146	0.10885
11147	-0.27718
11148	-0.41471
11149	-0.07542
11150	0.18448
11151	0.30350
11152	1.46957
11153	5.33747
11154	7.55184
11155	-0.32940
11156	-8.16636
11157	-5.21614
11158	0.16281
11159	1.18440
11160	-0.27084
11161	-0.82044
11162	-0.54037
11163	-0.25951
11164	0.11909
11165	0.57823
11166	0.86984
11167	0.40127
11168	-0.69842
11169	-1.60366
11170	-1.60355
11171	-0.95372
11172	-0.41399
11173	-0.05240
11174	0.41211
11175	2.53529
11176	6.41135
11177	2.38283
11178	-5.67971
11179	-2.24432
11180	3.61736
11181	1.27908
11182	-0.62570
11183	-0.03558
11184	0.05600
11185	-0.53790
11186	1.77173
11187	4.17561
11188	-0.63035
11189	-1.33887
11190	4.55265
11191	1.69678
11192	0.01702
11193	-0.00017
11194	0.19277
11195	0.01392
11196	0.10524
11197	0.24445
11198	-0.08642
11199	-0.19129
11200	0.56331
11201	0.50192
11202	-0.96690
11203	-0.54646
11204	0.02748
11205	0.61390
11206	1.58481
11207	0.52301
11208	-0.03887
11209	0.05930
11210	-0.41854
11211	-0.55269
11212	0.33378
11213	1.39894
11214	1.24086
11215	-0.00256
11216	-0.73187
11217	0.91587
11218	1.41914
11219	-0.60683
11220	-1.28736
11221	-0.39083
11222	0.41268
11223	1.38489
11224	3.59043
11225	6.99090
11226	5.38437
11227	-4.82797
11228	-10.01882
11229	-4.62098
11230	1.23599
11231	2.28528
11232	0.46431
11233	-0.74774
11234	-0.50719
11235	0.07974
11236	0.31817
11237	0.03691
11238	-0.62386
11239	-1.43150
11240	-2.18971
11241	-2.18011
11242	-1.24762
11243	-0.49203
11244	-0.19036
11245	0.00000
11246	0.10022
11247	5.56243
11248	13.02091
11249	1.19421
11250	-10.87388
11251	-3.90781
11252	3.33789
11253	2.33233
11254	0.48542
11255	0.95550
11256	1.17264
11257	-0.80510
11258	0.11803
11259	1.01013
11260	-2.49422
11261	0.00745
11262	3.93812
11263	1.03561
11264	-0.00870
11265	0.08126
11266	0.07414
11267	-0.10883
11268	0.25815
11269	-0.09566
11270	-0.18568
11271	0.08568
11272	0.14612
11273	-0.18064
11274	-0.41385
11275	-0.00581
11276	0.42453
11277	0.89107
11278	0.86222
11279	0.78318
11280	0.98559
11281	0.10106
11282	-1.30592
11283	-0.32448
11284	0.99068
11285	1.33979
11286	0.79135
11287	-0.62459
11288	-0.77831
11289	0.42318
11290	0.24402
11291	-0.89616
11292	-0.83963
11293	0.08570
11294	0.43518
11295	0.15723
11296	0.35456
11297	2.96052
11298	7.24665
11299	2.87125
11300	-8.17676
11301	-7.30252
11302	0.30265
11303	2.09116
11304	0.13416
11305	-0.75437
11306	-0.42198
11307	-0.05963
11308	-0.05696
11309	-0.17859
11310	-0.23422
11311	-0.44749
11312	-1.05794
11313	-1.70741
11314	-1.40066
11315	-0.17288
11316	0.29134
11317	-0.70718
11318	0.62505
11319	9.16114
11320	10.63512
11321	-6.15877
11322	-12.04081
11323	0.50058
11324	5.21253
11325	-0.55035
11326	-2.09276
11327	-0.93407
11328	-1.57885
11329	-1.99808
11330	0.45915
11331	5.77359
11332	4.50449
11333	-7.09438
11334	7.76432
11335	0.15260
11336	-4.04759
11337	-0.61522
11338	0.00786
11339	-0.24920
11340	-0.32521
11341	-0.42098
11342	0.04528
11343	0.60437
11344	0.74393
11345	0.96578
11346	-0.16078
11347	-1.00360
11348	-0.66393
11349	0.08099
11350	0.55169
11351	1.77492
11352	2.04842
11353	-0.22185
11354	-1.91225
11355	-0.21116
11356	1.55270
11357	1.72654
11358	0.75989
11359	-0.69808
11360	-0.66436
11361	0.41358
11362	0.21915
11363	-0.71194
11364	-0.42905
11365	0.22090
11366	0.16669
11367	-0.06785
11368	0.65407
11369	3.84819
11370	7.00104
11371	1.26160
11372	-7.38105
11373	-5.39811
11374	0.58039
11375	0.57721
11376	-0.89128
11377	-0.54882
11378	0.08579
11379	0.36793
11380	0.62985
11381	0.92094
11382	0.58150
11383	-0.67046
11384	-1.80832
11385	-1.94348
11386	-1.41108
11387	-0.80047
11388	-0.17000
11389	0.09609
11390	2.48237
11391	10.26347
11392	8.64623
11393	-7.23191
11394	-10.37045
11395	0.95110
11396	2.20302
11397	-1.56853
11398	-0.31110
11399	1.69466
11400	2.22257
11401	-0.13037
11402	4.53999
11403	8.64976
11404	-5.98166
11405	-2.39076
11406	11.23835
11407	1.04463
11408	-3.69383
11409	-2.48970
11410	-0.35522
11411	0.27699
11412	-0.17171
11413	-0.78806
11414	-0.23044
11415	0.60801
11416	1.12172
11417	-0.37883
11418	-1.18430
11419	-0.19379
11420	0.36971
11421	0.75753
11422	0.74001
11423	0.41928
11424	-0.20751
11425	-1.02849
11426	-0.43380
11427	1.21689
11428	2.16589
11429	0.44863
11430	-1.42639
11431	-0.48777
11432	0.29198
11433	0.11287
11434	-0.18425
11435	-0.17481
11436	-0.05890
11437	0.01906
11438	0.22946
11439	1.25163
11440	4.25574
11441	7.47824
11442	3.90355
11443	-5.70491
11444	-8.61869
11445	-1.70871
11446	3.08766
11447	0.76802
11448	-1.57470
11449	-1.06260
11450	0.02640
11451	0.46838
11452	0.09032
11453	-0.74301
11454	-1.19855
11455	-1.19391
11456	-1.27247
11457	-1.29670
11458	-0.85424
11459	-0.18039
11460	-0.07177
11461	0.17115
11462	5.71428
11463	8.21966
11464	-4.08374
11465	-7.27613
11466	3.15936
11467	4.69296
11468	0.31055
11469	-0.61241
11470	-0.82308
11471	-3.58957
11472	-2.45339
11473	1.32167
11474	8.61710
11475	0.01420
11476	-3.46920
11477	9.72501
11478	-1.42540
11479	-3.15927
11480	-1.04958
11481	-0.03188
11482	0.09860
11483	-0.38650
11484	-0.87949
11485	-0.07760
11486	0.66598
11487	1.39133
11488	0.12862
11489	-1.23641
11490	-0.48768
11491	0.13678
11492	0.58093
11493	0.68854
11494	0.44440
11495	0.41328
11496	-0.00702
11497	-0.57464
11498	-0.34619
11499	0.43831
11500	0.98836
11501	0.39264
11502	-0.32701
11503	0.01745
11504	0.82870
11505	0.21216
11506	-1.08329
11507	-0.52149
11508	0.79687
11509	1.43997
11510	1.62974
11511	1.93116
11512	2.22105
11513	0.40888
11514	-4.44079
11515	-6.99966
11516	-1.88260
11517	4.12014
11518	1.13562
11519	-3.71623
11520	-2.98182
11521	-0.97171
11522	-0.13372
11523	-0.04785
11524	-0.17363
11525	-0.34493
11526	-0.53434
11527	-0.57231
11528	-0.37517
11529	-0.16226
11530	0.01611
11531	0.42512
11532	1.93314
11533	6.00185
11534	7.48751
11535	-1.60976
11536	-8.12935
11537	-3.19123
11538	1.51144
11539	0.40661
11540	-0.73674
11541	-0.08631
11542	0.62157
11543	-0.33418
11544	0.11935
11545	4.73023
11546	9.10645
11547	-3.99883
11548	-3.52274
11549	5.80374
11550	0.65759
11551	-0.99305
11552	-0.11881
11553	0.10973
11554	-0.00397
11555	0.03972
11556	-0.26493
11557	0.11687
11558	0.83135
11559	0.74974
11560	-0.24381
11561	-0.63403
11562	-0.27744
11563	-0.21582
11564	0.03798
11565	0.48003
11566	1.35168
11567	0.53583
11568	-1.85190
11569	0.35863
11570	1.16361
11571	0.09995
11572	-0.29391
11573	-0.35308
11574	-0.05804
11575	0.10431
11576	-0.07753
11577	-0.12191
11578	-0.12674
11579	-0.09329
11580	0.18232
11581	0.48796
11582	1.63305
11583	5.14927
11584	6.86118
11585	-1.12583
11586	-9.96402
11587	-6.97639
11588	0.64614
11589	2.02115
11590	-0.46782
11591	-1.60046
11592	-1.25089
11593	-0.63751
11594	-0.16877
11595	0.06613
11596	-0.02989
11597	-0.40410
11598	-0.88765
11599	-1.40111
11600	-1.36144
11601	-0.67350
11602	-0.10900
11603	0.39523
11604	3.32212
11605	10.29818
11606	8.67158
11607	-4.64649
11608	-9.50728
11609	-3.13696
11610	3.05457
11611	1.38069
11612	-1.48288
11613	-0.63700
11614	-0.28536
11615	-1.79765
11616	0.76233
11617	8.76208
11618	12.92957
11619	-13.48724
11620	3.15295
11621	13.18568
11622	-3.38710
11623	-5.69155
11624	-1.87775
11625	0.02795
11626	-0.16525
11627	-0.14434
11628	-0.27336
11629	-0.07265
11630	0.47941
11631	0.76593
11632	-0.74011
11633	-0.94867
11634	-0.07214
11635	0.38783
11636	1.11465
11637	1.91599
11638	2.02662
11639	0.57331
11640	-1.99467
11641	-1.47863
11642	1.93266
11643	3.68838
11644	1.51434
11645	-2.29160
11646	-2.17592
11647	0.29398
11648	0.71258
11649	-0.30028
11650	-0.78988
11651	-0.52160
11652	0.33613
11653	1.08890
11654	1.67776
11655	3.47862
11656	5.02253
11657	0.15808
11658	-7.83960
11659	-6.66477
11660	0.16605
11661	2.60720
11662	0.66402
11663	-1.55194
11664	-1.72918
11665	-0.69460
11666	0.04390
11667	0.15605
11668	-0.24706
11669	-0.82166
11670	-1.23877
11671	-1.29119
11672	-0.69671
11673	0.28607
11674	0.10670
11675	-1.14471
11676	4.69518
11677	18.68091
11678	8.72191
11679	-18.17092
11680	-12.01980
11681	5.03160
11682	1.56651
11683	-2.55514
11684	-0.55629
11685	0.64499
11686	-0.34414
11687	-1.63181
11688	1.03295
11689	4.64709
11690	-0.42466
11691	-2.46312
11692	4.76324
11693	1.15293
11694	-0.60710
11695	-0.47912
11696	-0.07828
11697	0.13391
11698	0.06913
11699	-0.47021
11700	-0.05007
11701	0.52764
11702	0.69379
11703	0.03154
11704	0.21156
11705	1.29122
11706	0.79251
11707	-0.58079
11708	-0.28609
11709	0.09929
11710	0.26102
11711	-0.32359
11712	0.00265
11713	1.34934
11714	1.96728
11715	0.88384
11716	-0.89384
11717	-0.73859
11718	0.73174
11719	0.59712
11720	-0.76287
11721	-0.89224
11722	0.05282
11723	0.60209
11724	0.33290
11725	0.99477
11726	4.57452
11727	8.08537
11728	1.24282
11729	-9.35980
11730	-7.55409
11731	0.15240
11732	2.09864
11733	-0.11007
11734	-1.07649
11735	-0.44701
11736	0.09460
11737	0.14190
11738	0.21099
11739	0.42653
11740	0.24150
11741	-0.96072
11742	-2.59943
11743	-2.78443
11744	-1.33363
11745	-0.07947
11746	0.00192
11747	-0.18321
11748	5.16683
11749	12.84331
11750	4.10187
11751	-10.03005
11752	-5.65417
11753	6.97586
11754	4.98921
11755	-3.96179
11756	-3.54058
11757	-1.64755
11758	-1.11460
11759	1.06661
11760	5.50617
11761	4.06822
11762	-5.56973
11763	7.79324
11764	7.49241
11765	-2.85882
11766	-3.90787
11767	-1.42089
11768	0.08651
11769	0.50509
11770	0.04618
11771	-0.84451
11772	-0.32481
11773	0.75152
11774	1.35230
11775	0.00673
11776	-0.89892
11777	-0.38924
11778	0.40900
11779	1.34492
11780	1.64973
11781	0.86931
11782	-0.16456
11783	-1.06615
11784	-0.67923
11785	0.47861
11786	0.92737
11787	0.53232
11788	-0.12206
11789	-0.32011
11790	0.03047
11791	0.14931
11792	-0.37979
11793	-0.39976
11794	0.08052
11795	0.19630
11796	0.45853
11797	1.84987
11798	3.98005
11799	4.17130
11800	0.70527
11801	-5.42566
11802	-6.89455
11803	-0.61221
11804	2.53568
11805	0.24994
11806	-1.20036
11807	-0.81095
11808	-0.09132
11809	0.25106
11810	0.15156
11811	-0.08301
11812	-0.36924
11813	-0.97113
11814	-1.57992
11815	-1.64739
11816	-1.37093
11817	-0.66735
11818	0.04439
11819	-0.25873
11820	4.97920
11821	15.40749
11822	6.30780
11823	-14.94271
11824	-7.48024
11825	7.18015
11826	-0.74166
11827	-3.25811
11828	-0.29014
11829	0.91820
11830	1.31362
11831	1.84852
11832	6.47130
11833	5.91307
11834	-5.69746
11835	-0.96623
11836	3.32527
11837	0.36127
11838	-0.41063
11839	-0.10979
11840	0.02524
11841	0.01770
11842	-0.05653
11843	-0.10633
11844	0.12500
11845	0.20511
11846	0.39369
11847	-0.13855
11848	-0.22633
11849	0.43633
11850	0.81223
11851	0.62747
11852	0.55363
11853	0.91812
11854	0.05243
11855	-1.76620
11856	-0.39379
11857	1.60869
11858	2.34467
11859	1.78100
11860	-0.83779
11861	-1.73999
11862	-0.29852
11863	0.82064
11864	0.26471
11865	-0.54709
11866	-0.60107
11867	-0.24883
11868	0.25787
11869	1.67755
11870	4.61580
11871	6.03447
11872	1.36086
11873	-6.62458
11874	-8.10550
11875	-1.48510
11876	2.49977
11877	0.97822
11878	-0.94912
11879	-1.42846
11880	-0.75104
11881	0.13130
11882	0.54520
11883	0.25317
11884	-0.49076
11885	-1.55887
11886	-2.25429
11887	-1.56639
11888	-0.63069
11889	-0.24449
11890	-0.00085
11891	0.39138
11892	6.51636
11893	16.13540
11894	0.74169
11895	-16.48327
11896	-1.98407
11897	7.44254
11898	-1.10642
11899	-3.08440
11900	-0.37783
11901	1.54871
11902	0.60327
11903	2.21151
11904	4.90571
11905	-0.42158
11906	-3.14178
11907	3.08134
11908	1.54294
11909	0.12102
11910	-0.20672
11911	-0.11013
11912	0.03726
11913	0.03258
11914	-0.25826
11915	-0.12741
11916	0.19765
11917	0.64834
11918	0.44860
11919	-0.29056
11920	-0.18378
11921	0.26707
11922	0.81912
11923	1.55648
11924	1.69099
11925	0.46501
11926	-1.08290
11927	-1.19601
11928	-0.42055
11929	0.53890
11930	1.24294
11931	0.67587
11932	-0.06261
11933	-0.15692
11934	-0.11294
11935	-0.03004
11936	0.00883
11937	0.00737
11938	-0.05219
11939	0.61221
11940	1.92969
11941	2.38355
11942	2.74856
11943	0.88424
11944	-5.30298
11945	-7.92848
11946	-2.51832
11947	2.99850
11948	1.82802
11949	-2.19539
11950	-3.10114
11951	-1.80752
11952	-0.79780
11953	-0.53848
11954	-0.63400
11955	-0.88691
11956	-1.26569
11957	-1.28773
11958	-0.73493
11959	-0.21970
11960	0.06467
11961	0.46900
11962	3.45784
11963	13.14640
11964	16.12994
11965	-3.58347
11966	-19.23780
11967	-5.68453
11968	8.86482
11969	0.22496
11970	-3.39269
11971	0.76186
11972	5.65632
11973	-0.74975
11974	-5.26521
11975	-0.35631
11976	0.56018
11977	-0.58195
11978	2.80501
11979	5.43015
11980	0.48374
11981	-1.65199
11982	-0.39642
11983	0.30018
11984	0.09638
11985	-0.79170
11986	-0.62013
11987	0.12052
11988	0.54763
11989	0.24170
11990	-0.68210
11991	-0.52356
11992	-0.03560
11993	0.27298
11994	0.80554
11995	1.53127
11996	0.74885
11997	-1.16596
11998	-0.90124
11999	0.57503
12000	1.34809
12001	1.89650
12002	0.40135
12003	-1.52565
12004	-0.31041
12005	0.47206
12006	-0.25770
12007	-0.49762
12008	-0.11575
12009	0.34175
12010	0.58745
12011	0.89551
12012	2.34416
12013	4.43216
12014	2.37022
12015	-4.57647
12016	-7.84673
12017	-3.76303
12018	1.94112
12019	3.37315
12020	-0.30806
12021	-3.19800
12022	-2.00272
12023	-0.27834
12024	0.29964
12025	-0.21789
12026	-1.26526
12027	-2.01844
12028	-1.59047
12029	-0.66507
12030	-0.24908
12031	-0.10709
12032	0.05588
12033	1.37653
12034	9.20487
12035	13.59148
12036	-1.83203
12037	-13.75836
12038	-3.68167
12039	9.53504
12040	4.32944
12041	-6.71888
12042	-5.08392
12043	-1.59643
12044	-1.63039
12045	-1.36553
12046	-0.03316
12047	2.42061
12048	1.77713
12049	-1.88178
12050	6.07418
12051	-0.47535
12052	-2.44752
12053	-0.64669
12054	0.00005
12055	-0.24104
12056	-0.29619
12057	-0.16798
12058	0.39920
12059	0.92083
12060	1.33031
12061	-0.14168
12062	-1.57560
12063	-0.64369
12064	0.00282
12065	0.23075
12066	0.88238
12067	1.05511
12068	-0.08061
12069	-0.99929
12070	-0.59473
12071	0.39288
12072	1.57906
12073	1.27156
12074	-1.03880
12075	-0.87863
12076	0.45911
12077	0.48243
12078	-0.21403
12079	-0.73062
12080	-0.16613
12081	0.96405
12082	1.93999
12083	3.78785
12084	6.28114
12085	4.19894
12086	-5.48296
12087	-11.15809
12088	-5.27607
12089	2.68453
12090	3.65591
12091	-1.16756
12092	-3.72183
12093	-2.41990
12094	-0.70254
12095	0.07463
12096	-0.21154
12097	-1.14897
12098	-1.60929
12099	-0.96186
12100	-0.14334
12101	-0.00128
12102	0.22623
12103	1.11389
12104	3.19317
12105	6.43147
12106	5.84492
12107	-1.64176
12108	-6.09693
12109	-2.79847
12110	2.20658
12111	2.35532
12112	-0.73098
12113	-0.27206
12114	1.82873
12115	-0.83545
12116	-4.67548
12117	-0.08426
12118	3.11934
12119	2.93655
12120	-3.73956
12121	10.60077
12122	2.13672
12123	-4.59972
12124	-2.24419
12125	-0.03305
12126	0.12064
12127	-0.40956
12128	-1.01273
12129	-0.64011
12130	0.58956
12131	1.28150
12132	0.19894
12133	-0.79647
12134	-0.32375
12135	-0.03627
12136	0.30164
12137	0.86192
12138	0.95522
12139	-0.10845
12140	-1.02582
12141	-0.22755
12142	0.89272
12143	1.24066
12144	0.79709
12145	-0.70633
12146	-0.95965
12147	0.06936
12148	0.36004
12149	-0.19200
12150	-0.45629
12151	-0.29273
12152	0.16999
12153	0.95192
12154	2.00965
12155	4.25080
12156	6.56450
12157	1.75308
12158	-8.20411
12159	-7.62076
12160	-0.18685
12161	1.89671
12162	0.63961
12163	-0.54405
12164	-1.32741
12165	-1.03676
12166	-0.25759
12167	0.09333
12168	0.14188
12169	-0.03796
12170	-0.88205
12171	-1.70509
12172	-1.13975
12173	-0.26213
12174	0.02445
12175	-0.19720
12176	1.37963
12177	8.89080
12178	10.95603
12179	-1.50371
12180	-10.44698
12181	-4.93777
12182	2.61592
12183	0.23215
12184	-1.04098
12185	0.26109
12186	0.99426
12187	-1.00300
12188	1.76828
12189	10.50493
12190	9.30281
12191	-12.18941
12192	1.34770
12193	6.02321
12194	-1.07625
12195	-1.95829
12196	-0.44340
12197	0.00275
12198	-0.02291
12199	-0.22049
12200	0.06406
12201	0.79244
12202	1.35210
12203	0.06184
12204	-0.98077
12205	-0.28961
12206	0.12590
12207	0.53701
12208	1.14135
12209	1.05107
12210	0.10954
12211	-0.75959
12212	-0.81795
12213	0.06950
12214	1.11807
12215	1.30755
12216	-0.05933
12217	-0.70066
12218	-0.02640
12219	0.13104
12220	-0.21469
12221	-0.26710
12222	-0.09371
12223	0.09470
12224	0.54813
12225	1.68720
12226	3.84231
12227	5.60784
12228	1.73413
12229	-7.46318
12230	-9.95694
12231	-2.18933
12232	3.47383
12233	0.69880
12234	-2.45467
12235	-2.30781
12236	-1.29494
12237	-0.56099
12238	-0.15052
12239	0.01719
12240	-0.03538
12241	-0.54718
12242	-1.42376
12243	-1.63235
12244	-1.12796
12245	-0.63400
12246	-0.07082
12247	0.04639
12248	4.54250
12249	15.23591
12250	6.94945
12251	-14.82386
12252	-9.34776
12253	7.44664
12254	0.48948
12255	-4.36264
12256	-0.74731
12257	0.98782
12258	2.32005
12259	5.31664
12260	11.57320
12261	2.56496
12262	-10.88572
12263	2.88814
12264	4.61758
12265	-0.00198
12266	-0.97973
12267	-0.34145
12268	0.02400
12269	0.23287
12270	-0.43467
12271	-0.36942
12272	0.84465
12273	1.87391
12274	0.44376
12275	-1.78728
12276	-1.17467
12277	-0.21280
12278	0.30536
12279	0.63442
12280	0.75423
12281	0.77660
12282	-0.05540
12283	-1.13073
12284	-0.39654
12285	1.08573
12286	2.13944
12287	0.32963
12288	-1.76145
12289	-0.58918
12290	0.99220
12291	0.09423
12292	-1.13047
12293	-0.24212
12294	1.05544
12295	0.62512
12296	0.47993
12297	2.97988
12298	6.95618
12299	2.36271
12300	-8.47423
12301	-7.39199
12302	0.77210
12303	2.53692
12304	-0.48637
12305	-2.55878
12306	-2.36642
12307	-1.19465
12308	-0.25902
12309	0.25873
12310	0.55478
12311	0.21087
12312	-0.94192
12313	-1.23540
12314	-0.47289
12315	-0.06955
12316	0.14256
12317	0.79231
12318	3.37515
12319	7.62381
12320	6.62090
12321	-0.46116
12322	-6.90748
12323	-7.21457
12324	1.07041
12325	1.85785
12326	-2.32889
12327	-0.26850
12328	1.01996
12329	4.30287
12330	6.53613
12331	11.23322
12332	3.29809
12333	-12.64621
12334	0.31298
12335	4.80113
12336	0.65436
12337	0.03025
12338	-0.21019
12339	-0.07848
12340	0.07454
12341	-0.00453
12342	-0.33826
12343	-0.12078
12344	0.26050
12345	0.37535
12346	-0.32203
12347	-0.23711
12348	0.13452
12349	0.16969
12350	0.31547
12351	0.31563
12352	0.27910
12353	0.09537
12354	-0.52012
12355	-0.54702
12356	0.61343
12357	1.71672
12358	0.60655
12359	-1.53582
12360	-0.78231
12361	0.59560
12362	0.31230
12363	-0.52376
12364	-0.69944
12365	-0.29462
12366	0.31027
12367	0.99450
12368	2.41739
12369	5.55669
12370	7.01259
12371	-0.25346
12372	-8.83531
12373	-4.87997
12374	1.46267
12375	0.47920
12376	-1.20549
12377	-0.83219
12378	-0.09088
12379	0.31910
12380	0.51180
12381	0.58097
12382	0.67150
12383	0.54804
12384	-0.60936
12385	-2.23548
12386	-2.19366
12387	-0.92044
12388	-0.08873
12389	-0.05386
12390	0.80292
12391	6.23326
12392	8.70261
12393	0.59512
12394	-5.92127
12395	-5.09910
12396	-0.62488
12397	0.47363
12398	-0.10787
12399	0.15338
12400	2.34219
12401	3.38783
12402	4.95444
12403	5.79964
12404	-3.90752
12405	-4.56169
12406	5.17070
12407	2.69071
12408	-0.19249
12409	-0.82213
12410	-0.48594
12411	0.34677
12412	0.07129
12413	-0.40815
12414	0.08173
12415	0.21166
12416	0.51991
12417	0.22651
12418	-0.83634
12419	-0.89809
12420	-0.23572
12421	0.16263
12422	0.54339
12423	1.20010
12424	1.16978
12425	-0.46959
12426	-1.12850
12427	0.40411
12428	1.16615
12429	0.94313
12430	-0.15702
12431	-0.72886
12432	0.00610
12433	0.18411
12434	-0.32014
12435	-0.39875
12436	-0.07318
12437	0.02516
12438	0.10775
12439	0.84964
12440	3.28743
12441	6.81355
12442	5.51673
12443	-4.82901
12444	-10.73322
12445	-4.44249
12446	1.52553
12447	1.61997
12448	-0.82169
12449	-2.02854
12450	-1.17958
12451	-0.11165
12452	0.46414
12453	0.47349
12454	-0.01367
12455	-0.89129
12456	-1.77367
12457	-1.72262
12458	-0.86576
12459	-0.19160
12460	0.08697
12461	0.56641
12462	2.68696
12463	8.47807
12464	8.41800
12465	-2.53757
12466	-8.42649
12467	-2.94964
12468	3.21561
12469	0.55585
12470	-1.15311
12471	0.67524
12472	1.76801
12473	0.25171
12474	4.64177
12475	11.29830
12476	-3.93028
12477	-7.60639
12478	12.45378
12479	0.08319
12480	-4.59718
12481	-1.77567
12482	-0.32274
12483	0.05560
12484	0.06273
12485	-0.54277
12486	-0.08794
12487	0.28201
12488	0.20828
12489	-0.21853
12490	-0.57721
12491	-0.05126
12492	0.37613
12493	0.89351
12494	1.19115
12495	1.02525
12496	0.74479
12497	-0.26131
12498	-0.72309
12499	-0.01247
12500	0.41026
12501	0.76339
12502	0.81864
12503	0.17751
12504	-0.24208
12505	0.04745
12506	0.13419
12507	-0.22365
12508	-0.37977
12509	-0.09822
12510	0.64896
12511	0.97859
12512	1.13563
12513	2.99113
12514	4.83548
12515	-0.30906
12516	-8.58474
12517	-6.87138
12518	0.43541
12519	2.64651
12520	-0.02907
12521	-2.14569
12522	-1.66698
12523	-0.43955
12524	0.20365
12525	0.06452
12526	-0.49773
12527	-1.05790
12528	-1.48389
12529	-1.64114
12530	-1.26402
12531	-0.55629
12532	-0.06126
12533	0.20729
12534	3.12750
12535	10.98497
12536	10.35324
12537	-5.49218
12538	-12.14661
12539	0.69898
12540	4.19742
12541	-3.87197
12542	-1.23593
12543	0.12177
12544	0.61264
12545	4.22192
12546	13.24359
12547	13.35645
12548	-8.27296
12549	-7.02485
12550	2.95421
12551	2.36635
12552	2.03634
12553	1.05381
12554	-0.26977
12555	-0.50169
12556	-0.14981
12557	-0.00651
12558	0.00435
12559	0.05117
12560	0.13902
12561	-0.16061
12562	-0.18062
12563	0.15817
12564	0.23398
12565	0.11532
12566	0.11006
12567	0.37265
12568	0.82207
12569	-0.14844
12570	-0.88028
12571	0.23823
12572	1.13187
12573	1.24032
12574	-0.09612
12575	-1.13891
12576	0.19519
12577	0.76784
12578	-0.38819
12579	-0.82807
12580	-0.17451
12581	0.48938
12582	0.61320
12583	1.38049
12584	4.96082
12585	9.78237
12586	3.81047
12587	-10.96183
12588	-13.11686
12589	-2.40179
12590	4.66404
12591	1.56677
12592	-3.30284
12593	-3.59373
12594	-1.70915
12595	-0.05392
12596	0.76606
12597	0.10422
12598	-1.50761
12599	-2.12778
12600	-1.43240
12601	-0.57831
12602	-0.14820
12603	0.05807
12604	0.50494
12605	2.31939
12606	6.33747
12607	6.17408
12608	-0.94914
12609	-4.74710
12610	-3.00229
12611	2.28697
12612	6.31042
12613	1.33419
12614	-2.26145
12615	-1.21186
12616	-3.57508
12617	-4.44954
12618	-0.01108
12619	1.51498
12620	3.44968
12621	-2.89710
12622	6.77555
12623	3.20113
12624	-2.14848
12625	-2.08456
12626	-0.57544
12627	0.06815
12628	0.05673
12629	-0.34759
12630	-0.29571
12631	0.35100
12632	0.94988
12633	0.59469
12634	-0.68371
12635	-0.77121
12636	-0.47771
12637	0.12838
12638	0.76498
12639	1.59085
12640	0.62788
12641	-1.14338
12642	-0.36034
12643	1.38533
12644	0.94431
12645	-0.34674
12646	-0.58951
12647	-0.18584
12648	0.00468
12649	-0.04935
12650	-0.15766
12651	-0.15588
12652	-0.15456
12653	-0.06390
12654	0.30569
12655	1.08071
12656	3.41550
12657	6.45180
12658	2.55030
12659	-8.02517
12660	-10.18544
12661	-2.14362
12662	2.73756
12663	0.69565
12664	-2.35808
12665	-2.38786
12666	-0.87004
12667	0.03511
12668	0.23994
12669	0.13896
12670	-0.22791
12671	-1.24115
12672	-2.06681
12673	-1.44315
12674	-0.47692
12675	0.18231
12676	1.34299
12677	4.36401
12678	8.95416
12679	7.70499
12680	-1.89338
12681	-8.95066
12682	-5.29005
12683	7.74727
12684	9.30032
12685	-3.32594
12686	-5.77092
12687	-3.31417
12688	-3.24764
12689	-1.05357
12690	1.27403
12691	4.67043
12692	-2.89232
12693	3.79941
12694	5.90175
12695	-4.28488
12696	-2.52751
12697	0.03648
12698	-0.03742
12699	-0.42785
12700	-0.75180
12701	-1.14743
12702	-0.04445
12703	0.81718
12704	1.31309
12705	0.34139
12706	-1.20161
12707	-0.86000
12708	0.04361
12709	0.59077
12710	0.81381
12711	0.63591
12712	0.24790
12713	-0.64624
12714	-0.07862
12715	1.38953
12716	1.14741
12717	0.35610
12718	-0.47313
12719	-0.41183
12720	0.67469
12721	0.42211
12722	-0.40299
12723	-0.59704
12724	-0.38817
12725	-0.11548
12726	0.06634
12727	1.12579
12728	5.82893
12729	10.14296
12730	2.74092
12731	-8.71673
12732	-9.15634
12733	-1.85660
12734	1.51941
12735	-0.01943
12736	-1.26431
12737	-0.75610
12738	0.09247
12739	0.72877
12740	0.98176
12741	0.38954
12742	-0.95947
12743	-2.24076
12744	-2.32434
12745	-1.57760
12746	-1.03728
12747	-0.45082
12748	0.01666
12749	1.39852
12750	9.92672
12751	13.24673
12752	-0.71991
12753	-11.45238
12754	-5.69821
12755	3.16905
12756	0.51299
12757	-1.61298
12758	0.37257
12759	2.66597
12760	-3.36894
12761	-2.94220
12762	0.02962
12763	11.35458
12764	4.10610
12765	-11.11907
12766	14.25534
12767	-0.25061
12768	-7.12397
12769	-2.09580
12770	0.62319
12771	-0.46879
12772	-1.23643
12773	-1.10970
12774	-0.14046
12775	0.51973
12776	1.07067
12777	0.47067
12778	-0.88018
12779	-0.39105
12780	0.19385
12781	0.85423
12782	1.70930
12783	1.18519
12784	-0.23708
12785	-0.97525
12786	-0.26516
12787	1.22912
12788	2.10790
12789	1.54105
12790	-0.58406
12791	-1.16297
12792	0.25982
12793	0.62688
12794	-0.25549
12795	-0.81122
12796	-0.54432
12797	0.02883
12798	0.89858
12799	2.20282
12800	3.24589
12801	3.43345
12802	1.13727
12803	-4.62840
12804	-7.36592
12805	-2.82032
12806	1.65582
12807	1.32590
12808	-0.63042
12809	-1.09041
12810	-0.54135
12811	-0.19307
12812	-0.21459
12813	-0.24457
12814	-0.07411
12815	0.05510
12816	-0.61315
12817	-2.14308
12818	-2.43505
12819	-0.33920
12820	0.16758
12821	-1.33013
12822	7.50389
12823	17.24504
12824	3.20868
12825	-14.80242
12826	-8.83253
12827	4.22299
12828	1.59405
12829	-2.25766
12830	-0.86810
12831	0.12382
12832	0.36982
12833	2.16564
12834	5.10254
12835	1.35614
12836	-3.83756
12837	3.37534
12838	3.37386
12839	0.59633
12840	-0.29444
12841	-0.16011
12842	-0.01099
12843	0.29345
12844	-0.00716
12845	-0.35404
12846	0.07092
12847	0.85946
12848	0.56487
12849	-0.43560
12850	-0.18534
12851	0.16171
12852	0.34023
12853	0.39373
12854	0.29657
12855	0.13080
12856	-0.36581
12857	-0.36799
12858	0.83388
12859	1.59354
12860	0.16772
12861	-0.86658
12862	-0.13906
12863	0.04644
12864	-0.00160
12865	-0.04612
12866	-0.19982
12867	-0.14763
12868	0.14092
12869	0.50455
12870	1.19407
12871	3.24051
12872	5.77991
12873	2.39641
12874	-6.05632
12875	-7.48566
12876	-1.65788
12877	1.94380
12878	0.59988
12879	-0.94177
12880	-0.77188
12881	-0.13442
12882	0.14077
12883	-0.24200
12884	-0.76240
12885	-0.63933
12886	-0.38084
12887	-0.54266
12888	-0.86249
12889	-0.67942
12890	-0.12245
12891	0.95536
12892	3.58573
12893	8.12117
12894	7.35938
12895	-1.83346
12896	-6.11678
12897	-4.00146
12898	2.12675
12899	6.95113
12900	-2.17055
12901	-4.99210
12902	-1.17834
12903	-0.28387
12904	0.49160
12905	4.21803
12906	14.17156
12907	1.01428
12908	-10.19405
12909	5.30485
12910	2.06896
12911	-1.17372
12912	-0.74319
12913	0.01081
12914	0.01544
12915	0.00212
12916	-0.03998
12917	0.01701
12918	0.21670
12919	0.49261
12920	0.11357
12921	-0.16592
12922	0.06966
12923	0.21667
12924	0.40068
12925	0.38437
12926	0.28524
12927	0.37957
12928	0.25956
12929	-0.33114
12930	-0.27952
12931	0.54789
12932	1.08053
12933	0.40535
12934	-0.41824
12935	0.07759
12936	0.78579
12937	-0.00661
12938	-1.13333
12939	-0.82576
12940	0.20677
12941	0.72429
12942	1.74756
12943	4.55636
12944	6.78134
12945	2.80795
12946	-6.46132
12947	-11.56106
12948	-5.00301
12949	4.58960
12950	3.18775
12951	-2.98027
12952	-3.95163
12953	-1.92764
12954	-0.41966
12955	0.26400
12956	0.24633
12957	-0.51050
12958	-1.51663
12959	-1.93435
12960	-1.37791
12961	-0.59077
12962	-0.17527
12963	0.04407
12964	0.76130
12965	5.14003
12966	10.80855
12967	4.99710
12968	-6.28951
12969	-7.75316
12970	0.59726
12971	5.08904
12972	-2.17318
12973	-3.25930
12974	-0.37363
12975	1.04613
12976	1.06893
12977	1.95506
12978	6.24627
12979	3.90234
12980	-6.30449
12981	4.65349
12982	3.57806
12983	-1.56913
12984	-1.55071
12985	-0.68420
12986	-0.00759
12987	0.02252
12988	-0.24426
12989	-0.36380
12990	0.02594
12991	0.40020
12992	0.70591
12993	-0.03871
12994	-0.11723
12995	-0.01136
12996	0.06804
12997	0.56785
12998	1.82683
12999	1.87226
13000	-0.62628
13001	-1.95786
13002	-0.98056
13003	0.91273
13004	2.80059
13005	1.48952
13006	-1.49923
13007	-1.21914
13008	0.16293
13009	0.17075
13010	-0.34241
13011	-0.23709
13012	0.25725
13013	0.63422
13014	1.15233
13015	3.11899
13016	5.83396
13017	3.35440
13018	-4.55442
13019	-9.23211
13020	-5.00633
13021	2.12672
13022	1.65223
13023	-1.47232
13024	-1.63918
13025	-0.79473
13026	-0.27223
13027	0.07199
13028	0.25602
13029	-0.26525
13030	-1.69399
13031	-2.24183
13032	-1.25000
13033	-0.38223
13034	0.05870
13035	0.52930
13036	1.93113
13037	5.93868
13038	8.57391
13039	2.28297
13040	-5.76209
13041	-5.66195
13042	1.91973
13043	2.90066
13044	-2.51181
13045	-0.80131
13046	0.01468
13047	1.18385
13048	3.15882
13049	8.21133
13050	8.30034
13051	-5.16351
13052	-4.02393
13053	2.43161
13054	1.88945
13055	1.27009
13056	0.14233
13057	-0.16430
13058	-0.00288
13059	0.04573
13060	0.20825
13061	0.22702
13062	0.07387
13063	0.00722
13064	-0.25593
13065	-0.06872
13066	0.19632
13067	0.18463
13068	0.21554
13069	0.62924
13070	1.14588
13071	-0.33820
13072	-1.32916
13073	0.21390
13074	1.19563
13075	1.21163
13076	0.49260
13077	-0.67762
13078	-0.55103
13079	0.23528
13080	0.28350
13081	-0.38123
13082	-0.67056
13083	-0.00608
13084	1.07919
13085	1.33702
13086	1.91679
13087	4.59436
13088	4.75141
13089	-4.85638
13090	-11.97750
13091	-4.61036
13092	3.62305
13093	2.41619
13094	-1.65125
13095	-2.61582
13096	-1.27478
13097	-0.00967
13098	0.32521
13099	-0.18130
13100	-0.95320
13101	-1.52980
13102	-1.61129
13103	-1.13834
13104	-0.55949
13105	-0.18978
13106	0.00014
13107	0.13765
13108	4.94265
13109	14.47283
13110	8.48057
13111	-8.33642
13112	-11.54131
13113	-0.35586
13114	5.24845
13115	-1.86721
13116	-2.35164
13117	-0.28886
13118	0.82760
13119	1.01083
13120	4.23036
13121	6.74339
13122	-3.91858
13123	-2.17362
13124	8.69869
13125	-0.24104
13126	-4.08757
13127	-1.28275
13128	0.29788
13129	-0.01357
13130	-0.50813
13131	-1.50658
13132	-0.38499
13133	0.83909
13134	0.47680
13135	-0.27927
13136	-0.11336
13137	0.67779
13138	0.50158
13139	0.16617
13140	0.14767
13141	-0.15079
13142	-0.42974
13143	-0.20712
13144	0.58331
13145	0.89347
13146	0.12076
13147	-0.56806
13148	-0.31420
13149	-0.00159
13150	0.00347
13151	0.13345
13152	-0.03148
13153	0.02794
13154	-0.10116
13155	0.49559
13156	2.36381
13157	2.57377
13158	2.34926
13159	1.71304
13160	-3.22796
13161	-7.42251
13162	-3.06622
13163	1.41547
13164	0.47371
13165	-0.91642
13166	-0.78758
13167	-0.23822
13168	0.15087
13169	0.11660
13170	-0.47341
13171	-1.16269
13172	-1.41547
13173	-1.14875
13174	-0.44671
13175	0.43010
13176	1.02358
13177	1.19589
13178	1.82850
13179	3.03910
13180	3.25117
13181	1.16953
13182	-1.94808
13183	-3.47762
13184	2.46943
13185	7.01278
13186	-1.42206
13187	-2.88027
13188	-0.73878
13189	-1.10476
13190	-0.97246
13191	0.34663
13192	9.01876
13193	5.81438
13194	-11.26936
13195	10.86615
13196	7.50350
13197	-4.01540
13198	-3.73392
13199	-0.80833
13200	0.00901
13201	0.22525
13202	-0.06756
13203	-0.52881
13204	-0.15142
13205	0.25031
13206	0.40364
13207	0.10110
13208	0.00396
13209	-0.12365
13210	0.03980
13211	0.34588
13212	1.12034
13213	1.19884
13214	-0.60556
13215	-1.12576
13216	-0.32712
13217	0.35852
13218	1.38635
13219	0.87085
13220	-0.53335
13221	-0.38191
13222	0.11209
13223	-0.05387
13224	-0.17467
13225	-0.13750
13226	0.28070
13227	1.78738
13228	3.37287
13229	4.29121
13230	3.97651
13231	-2.19683
13232	-10.84627
13233	-8.20420
13234	1.03899
13235	2.77534
13236	-0.35189
13237	-2.01057
13238	-1.81447
13239	-0.97759
13240	-0.30218
13241	-0.10401
13242	-0.30619
13243	-0.78733
13244	-1.48350
13245	-1.86287
13246	-1.41552
13247	-0.49524
13248	0.02479
13249	-0.09134
13250	2.62137
13251	10.34206
13252	9.53152
13253	-4.23596
13254	-10.59229
13255	-2.71564
13256	8.10167
13257	4.96121
13258	-4.93938
13259	-4.02426
13260	-1.71588
13261	-1.42292
13262	0.31735
13263	4.03261
13264	6.35693
13265	-5.20406
13266	1.19739
13267	4.78074
13268	-0.64878
13269	-0.68576
13270	0.16143
13271	-0.07778
13272	-0.26203
13273	0.14163
13274	-0.12725
13275	0.10032
13276	0.15498
13277	0.18321
13278	-0.05564
13279	-0.00514
13280	0.30128
13281	0.46378
13282	0.67942
13283	1.10792
13284	1.18132
13285	-0.30219
13286	-1.25142
13287	-0.22356
13288	0.85690
13289	1.62163
13290	0.46575
13291	-0.99785
13292	-0.22437
13293	-0.00576
13294	-0.10363
13295	-0.05497
13296	-0.04486
13297	-0.07665
13298	0.05305
13299	0.33713
13300	1.09800
13301	3.53155
13302	6.19036
13303	2.39485
13304	-6.15157
13305	-7.46402
13306	-1.55998
13307	2.25931
13308	0.62799
13309	-1.74283
13310	-1.11007
13311	0.06746
13312	0.83664
13313	0.80162
13314	-0.17621
13315	-1.39098
13316	-1.74980
13317	-0.87346
13318	0.15436
13319	0.91152
13320	0.19973
13321	-0.01199
13322	1.20855
13323	2.91367
13324	2.81903
13325	0.95393
13326	-0.95009
13327	-2.89803
13328	-0.70840
13329	2.79090
13330	0.98778
13331	0.63025
13332	1.58688
13333	-2.52795
13334	-2.67582
13335	2.16459
13336	10.00076
13337	-1.98554
13338	-5.25530
13339	11.18032
13340	0.34911
13341	-3.39200
13342	-1.23394
13343	-0.32655
13344	-0.15606
13345	0.35290
13346	-0.11140
13347	-0.39640
13348	0.05921
13349	0.37031
13350	-0.02185
13351	-0.07477
13352	0.33905
13353	1.12847
13354	1.83398
13355	1.23642
13356	0.31849
13357	-0.08256
13358	-0.81299
13359	-1.22751
13360	0.10942
13361	2.26751
13362	2.20200
13363	-0.39763
13364	-1.26915
13365	-0.38171
13366	0.13836
13367	-0.16366
13368	-0.23032
13369	-0.04035
13370	0.14191
13371	0.65406
13372	1.50702
13373	2.32557
13374	2.97854
13375	1.15457
13376	-4.78459
13377	-7.20348
13378	-0.81681
13379	3.39540
13380	1.06529
13381	-1.28840
13382	-1.77505
13383	-1.23025
13384	-0.54786
13385	-0.40719
13386	-0.82309
13387	-1.27494
13388	-1.31557
13389	-0.92790
13390	-0.49656
13391	-0.29562
13392	-0.13983
13393	0.40189
13394	2.11028
13395	7.69950
13396	13.17822
13397	4.31093
13398	-12.62723
13399	-10.33823
13400	8.40497
13401	7.75980
13402	-5.61739
13403	-4.05882
13404	-0.20429
13405	-1.15975
13406	-2.51562
13407	1.24381
13408	5.97140
13409	-0.78430
13410	-2.68749
13411	9.27911
13412	2.42404
13413	-2.89849
13414	-2.20353
13415	-0.22808
13416	0.05473
13417	-0.29822
13418	-0.36182
13419	0.32500
13420	0.64004
13421	0.51968
13422	-0.72101
13423	-1.42566
13424	-0.48551
13425	0.18395
13426	0.79961
13427	1.45861
13428	0.90099
13429	-0.28634
13430	-0.95872
13431	-0.37481
13432	1.52104
13433	2.68238
13434	0.97184
13435	-1.72194
13436	-1.50049
13437	-0.17498
13438	0.12897
13439	-0.15821
13440	-0.28502
13441	-0.05600
13442	0.16057
13443	0.39723
13444	1.50010
13445	4.54986
13446	6.57372
13447	0.41165
13448	-8.16548
13449	-6.66661
13450	0.39575
13451	2.34715
13452	0.32301
13453	-0.80590
13454	-0.94544
13455	-0.76357
13456	-0.27401
13457	0.11046
13458	-0.04621
13459	-0.82340
13460	-1.57067
13461	-1.59321
13462	-0.92309
13463	-0.07768
13464	0.76480
13465	1.61828
13466	2.37160
13467	2.38894
13468	1.32386
13469	0.45205
13470	-1.02292
13471	-2.70061
13472	3.88839
13473	7.77021
13474	-2.91698
13475	-4.25021
13476	-1.03537
13477	0.77512
13478	2.64201
13479	5.13233
13480	-0.30419
13481	-3.45251
13482	8.93656
13483	2.23708
13484	-4.26215
13485	-2.95229
13486	-0.82575
13487	0.21571
13488	0.66751
13489	-0.49486
13490	-1.73548
13491	-0.10644
13492	0.74909
13493	0.39064
13494	-0.43296
13495	-0.17250
13496	0.24350
13497	0.64653
13498	1.36196
13499	1.45455
13500	0.58802
13501	-0.20706
13502	-0.81520
13503	-0.88520
13504	0.93051
13505	3.92118
13506	2.14950
13507	-1.58339
13508	-1.01006
13509	0.38206
13510	0.23254
13511	-0.51208
13512	-0.69949
13513	-0.13097
13514	0.49498
13515	0.50418
13516	0.64594
13517	2.31061
13518	4.28539
13519	1.51280
13520	-5.00990
13521	-5.99131
13522	-0.29791
13523	1.74820
13524	-0.91636
13525	-1.39160
13526	-0.34210
13527	0.23296
13528	0.38860
13529	0.58097
13530	0.43253
13531	-0.60447
13532	-1.49800
13533	-1.11507
13534	-0.28569
13535	0.06051
13536	-0.27950
13537	-0.03025
13538	1.00555
13539	2.65825
13540	2.01926
13541	-1.24643
13542	-2.91788
13543	-0.78443
13544	4.27828
13545	2.31518
13546	-2.92830
13547	-2.76118
13548	-1.89607
13549	-0.56921
13550	0.74431
13551	6.16915
13552	1.77329
13553	-3.99978
13554	7.10072
13555	1.75896
13556	-1.50389
13557	-0.93758
13558	-0.48574
13559	0.05597
13560	0.54227
13561	-0.55726
13562	-0.75573
13563	-0.08092
13564	0.22884
13565	0.20659
13566	-0.20457
13567	-0.14361
13568	-0.00667
13569	0.38437
13570	1.16843
13571	0.73431
13572	-0.44273
13573	-0.69252
13574	-0.67621
13575	-0.22546
13576	0.80114
13577	1.60129
13578	0.87230
13579	-0.56294
13580	-0.78236
13581	0.13510
13582	0.58947
13583	0.07463
13584	-0.67456
13585	-0.35510
13586	0.79699
13587	1.17575
13588	1.61985
13589	3.73922
13590	4.55882
13591	-1.89653
13592	-8.25928
13593	-3.78882
13594	2.33704
13595	1.40683
13596	-1.39747
13597	-1.44019
13598	-0.37597
13599	0.19047
13600	0.15099
13601	-0.21285
13602	-0.77033
13603	-1.25816
13604	-1.28502
13605	-0.88951
13606	-0.46648
13607	-0.17406
13608	0.12975
13609	0.79545
13610	2.63994
13611	4.97685
13612	3.09731
13613	-2.98815
13614	-5.64296
13615	1.50672
13616	6.85676
13617	-1.40853
13618	-4.50822
13619	-1.63123
13620	0.12569
13621	0.79390
13622	1.41140
13623	0.19464
13624	-0.76532
13625	1.36825
13626	0.27741
13627	-0.28749
13628	0.35766
13629	0.56379
13630	0.20306
13631	-0.04979
13632	-0.00333
13633	-0.07469
13634	0.24799
13635	0.75579
13636	0.56085
13637	-0.37002
13638	-0.19236
13639	0.36778
13640	1.04542
13641	2.03120
13642	1.91389
13643	0.73736
13644	-0.60450
13645	-2.06922
13646	-1.53072
13647	1.92853
13648	3.87525
13649	0.68444
13650	-1.94898
13651	-0.93445
13652	1.05106
13653	0.65203
13654	-1.26567
13655	-1.22329
13656	-0.22439
13657	0.62707
13658	2.65675
13659	6.10437
13660	6.41990
13661	-1.25076
13662	-9.99102
13663	-10.11838
13664	-2.98144
13665	3.93876
13666	3.87213
13667	-0.34908
13668	-2.36729
13669	-1.97726
13670	-1.10094
13671	-0.73804
13672	-1.16020
13673	-1.75307
13674	-1.79795
13675	-1.33756
13676	-0.81297
13677	-0.56543
13678	-0.53694
13679	-0.18139
13680	0.05646
13681	2.47700
13682	11.84159
13683	12.49654
13684	-5.25291
13685	-13.54955
13686	-3.03791
13687	4.99565
13688	1.51283
13689	-0.83536
13690	1.40288
13691	2.10891
13692	-2.97952
13693	-0.29027
13694	5.47699
13695	0.01792
13696	-5.99297
13697	7.74754
13698	1.99246
13699	-3.04668
13700	-1.97799
13701	-0.48429
13702	0.07400
13703	-0.12543
13704	-0.39549
13705	-0.13178
13706	-0.00515
13707	0.06958
13708	0.30261
13709	0.06631
13710	0.07799
13711	0.24566
13712	0.68231
13713	1.51437
13714	1.82868
13715	1.03578
13716	-0.12772
13717	-1.39743
13718	-1.36746
13719	0.92497
13720	3.86853
13721	2.66330
13722	-2.07357
13723	-2.15838
13724	0.70102
13725	0.49677
13726	-0.84901
13727	-0.72936
13728	0.05103
13729	0.62638
13730	0.97749
13731	2.06140
13732	4.72953
13733	6.38297
13734	1.44142
13735	-7.59488
13736	-7.63371
13737	1.56340
13738	3.64793
13739	-0.68953
13740	-2.44043
13741	-1.60117
13742	-0.34171
13743	0.48493
13744	0.62648
13745	-0.00312
13746	-0.82826
13747	-1.29393
13748	-0.96963
13749	-0.39217
13750	-0.12722
13751	-0.02489
13752	0.20629
13753	1.27773
13754	4.46967
13755	5.51620
13756	-0.82895
13757	-6.86574
13758	-0.66928
13759	8.34839
13760	-0.54067
13761	-6.00959
13762	-1.18457
13763	0.54288
13764	0.51896
13765	0.30527
13766	1.95203
13767	0.70699
13768	-0.62209
13769	5.25886
13770	0.20313
13771	-2.51074
13772	-0.98947
13773	-0.01307
13774	-0.13339
13775	-0.00422
13776	-0.40852
13777	-0.49788
13778	0.13760
13779	0.85054
13780	1.12153
13781	0.01720
13782	-0.01087
13783	0.48047
13784	0.84459
13785	1.25497
13786	1.34553
13787	0.88842
13788	-0.71211
13789	-1.64957
13790	-0.05974
13791	1.18440
13792	1.73345
13793	1.04002
13794	-0.74009
13795	-0.37989
13796	0.63475
13797	-0.05761
13798	-0.71022
13799	-0.53011
13800	0.04878
13801	0.45016
13802	0.66244
13803	1.71874
13804	4.11607
13805	4.54664
13806	-1.12194
13807	-7.15944
13808	-5.56362
13809	0.32567
13810	1.87478
13811	-0.37182
13812	-1.13927
13813	-0.42631
13814	0.08937
13815	0.08441
13816	-0.02570
13817	-0.06927
13818	-0.27733
13819	-0.68483
13820	-0.91932
13821	-0.88775
13822	-0.94774
13823	-0.86890
13824	-0.09612
13825	1.06765
13826	6.24795
13827	11.63241
13828	2.67332
13829	-11.87025
13830	-5.59151
13831	8.81379
13832	0.19772
13833	-4.69305
13834	-0.10580
13835	4.04997
13836	-3.42855
13837	-5.64589
13838	-0.05388
13839	0.00866
13840	-0.06266
13841	1.73632
13842	1.69143
13843	-1.15080
13844	-0.69765
13845	0.01218
13846	-0.29263
13847	-0.19495
13848	-0.52336
13849	-0.44796
13850	0.54388
13851	0.71086
13852	0.00563
13853	-0.80342
13854	-0.20842
13855	0.44301
13856	0.69053
13857	0.59290
13858	0.41909
13859	0.78889
13860	0.94697
13861	-1.11298
13862	-0.73161
13863	2.26211
13864	2.64836
13865	0.61834
13866	-1.04818
13867	-0.74785
13868	0.61781
13869	0.75024
13870	-0.54616
13871	-1.22880
13872	-0.61422
13873	0.35582
13874	0.76944
13875	1.62934
13876	5.08198
13877	8.70161
13878	2.55347
13879	-9.25385
13880	-9.04893
13881	-0.95654
13882	2.83655
13883	1.81263
13884	-0.52923
13885	-1.15828
13886	-0.27287
13887	0.44807
13888	0.39248
13889	0.01707
13890	-0.22559
13891	-0.81715
13892	-2.01333
13893	-2.68959
13894	-1.94360
13895	-0.81523
13896	-0.14695
13897	0.38234
13898	2.78115
13899	9.55208
13900	9.35981
13901	-6.21389
13902	-11.62177
13903	3.92835
13904	6.26280
13905	-4.36059
13906	-3.33968
13907	-0.75550
13908	0.57132
13909	2.21532
13910	7.00597
13911	5.79110
13912	-7.35187
13913	1.20563
13914	5.90298
13915	-1.44707
13916	-2.51635
13917	-0.84095
13918	-0.01064
13919	-0.01301
13920	-0.06134
13921	-0.32856
13922	0.06102
13923	0.17326
13924	0.16037
13925	-0.13548
13926	-0.21905
13927	-0.01506
13928	0.22423
13929	1.09435
13930	2.46925
13931	2.25391
13932	0.66579
13933	-1.33162
13934	-2.06287
13935	-0.25805
13936	2.70010
13937	4.17030
13938	1.49801
13939	-2.67450
13940	-1.50507
13941	2.10669
13942	0.23750
13943	-2.07248
13944	-1.02832
13945	0.56042
13946	0.92750
13947	1.06463
13948	2.47734
13949	4.14083
13950	2.04038
13951	-3.69633
13952	-7.44568
13953	-4.94786
13954	2.53686
13955	4.38465
13956	-1.70553
13957	-3.38274
13958	-0.99848
13959	0.55317
13960	0.35187
13961	-0.71163
13962	-1.21266
13963	-1.73875
13964	-1.90352
13965	-0.98715
13966	-0.19357
13967	0.33760
13968	0.90427
13969	2.16309
13970	3.79125
13971	1.81427
13972	-1.64678
13973	-0.95191
13974	0.04211
13975	-0.78907
13976	-0.31005
13977	2.35155
13978	1.46844
13979	1.10613
13980	-0.08705
13981	-5.50612
13982	-1.62343
13983	0.07449
13984	5.81816
13985	-3.05967
13986	3.01863
13987	10.14420
13988	-3.72895
13989	-4.16427
13990	-0.40352
13991	0.19306
13992	-0.20375
13993	-0.68940
13994	-1.13047
13995	-0.31681
13996	0.36623
13997	0.41444
13998	-0.26773
13999	0.19232
14000	1.20963
14001	1.21234
14002	0.58002
14003	0.14574
14004	-0.56942
14005	-0.99407
14006	-0.22422
14007	1.02149
14008	0.82520
14009	0.12640
14010	0.10726
14011	0.20204
14012	0.34557
14013	0.04228
14014	-0.16148
14015	0.35910
14016	0.26323
14017	-0.19076
14018	-0.05000
14019	0.28369
14020	1.53635
14021	5.14574
14022	6.36663
14023	-1.19489
14024	-7.64129
14025	-5.90052
14026	-1.27092
14027	2.09663
14028	1.54743
14029	-1.07926
14030	-1.66026
14031	-0.89908
14032	-0.28147
14033	-0.02688
14034	-0.20146
14035	-0.87715
14036	-1.70013
14037	-1.85960
14038	-1.15128
14039	-0.37234
14040	0.17252
14041	0.82624
14042	2.48929
14043	5.20099
14044	4.32277
14045	-1.15215
14046	-5.01542
14047	-1.80457
14048	5.61280
14049	3.75882
14050	-1.32542
14051	-1.00166
14052	-1.66784
14053	-3.82315
14054	-0.18142
14055	3.67474
14056	2.02801
14057	-3.07664
14058	11.14186
14059	4.74699
14060	-5.59327
14061	-4.33761
14062	-0.77917
14063	0.04139
14064	-0.04496
14065	-0.30674
14066	-0.58144
14067	0.01211
14068	0.66600
14069	0.59413
14070	-0.15840
14071	-0.20306
14072	0.13030
14073	0.64093
14074	1.38736
14075	1.80004
14076	1.18387
14077	-0.64242
14078	-1.80915
14079	-0.12924
14080	1.79624
14081	1.75030
14082	0.17183
14083	-1.03319
14084	-0.54140
14085	0.13358
14086	0.01148
14087	-0.38507
14088	-0.33510
14089	0.03776
14090	0.29753
14091	0.75738
14092	2.26156
14093	4.51158
14094	4.26846
14095	-1.14926
14096	-7.80216
14097	-6.81220
14098	0.90793
14099	4.16884
14100	0.87866
14101	-2.53205
14102	-2.45520
14103	-0.89470
14104	-0.06020
14105	-0.29531
14106	-0.67289
14107	-0.72668
14108	-1.00143
14109	-1.57326
14110	-1.53378
14111	-0.79541
14112	-0.10292
14113	-0.09455
14114	0.93754
14115	7.89236
14116	10.43352
14117	-1.25195
14118	-10.15865
14119	-4.85554
14120	6.31086
14121	3.91545
14122	-3.47953
14123	-2.66839
14124	-1.75385
14125	-2.22702
14126	0.30122
14127	4.24102
14128	3.93083
14129	-5.41479
14130	5.66882
14131	5.22022
14132	-3.42575
14133	-3.17743
14134	-0.00241
14135	0.15004
14136	-0.47690
14137	-0.83967
14138	-0.82055
14139	-0.19152
14140	0.53503
14141	0.85135
14142	-0.18052
14143	-0.50071
14144	0.04080
14145	0.91934
14146	2.12294
14147	1.09082
14148	-0.30203
14149	-0.59280
14150	-1.04374
14151	-0.25628
14152	1.66235
14153	2.40735
14154	0.52860
14155	-1.34491
14156	-0.74948
14157	0.45887
14158	0.58866
14159	-0.58253
14160	-1.00125
14161	-0.02111
14162	0.48769
14163	0.53845
14164	1.22000
14165	3.39575
14166	5.84982
14167	1.97222
14168	-7.76806
14169	-7.90926
14170	0.36025
14171	3.49531
14172	0.28881
14173	-3.08553
14174	-2.52031
14175	-0.57205
14176	0.59779
14177	0.83552
14178	0.22129
14179	-0.60243
14180	-1.46739
14181	-2.14617
14182	-1.99433
14183	-1.14465
14184	-0.30402
14185	-0.01562
14186	0.50020
14187	8.18530
14188	16.02118
14189	1.48914
14190	-15.74834
14191	-5.27645
14192	8.66785
14193	-1.16126
14194	-4.83644
14195	-0.59716
14196	3.64859
14197	4.82734
14198	6.50837
14199	9.37664
14200	-3.01319
14201	-8.58407
14202	5.26545
14203	1.46483
14204	-1.65287
14205	-0.64837
14206	0.03492
14207	0.03745
14208	0.00402
14209	-0.06996
14210	0.27301
14211	0.53276
14212	0.87605
14213	0.40014
14214	-1.28022
14215	-0.83432
14216	-0.01531
14217	0.03006
14218	0.77538
14219	0.75406
14220	0.41269
14221	0.67483
14222	0.10259
14223	-1.12193
14224	-0.59842
14225	0.81988
14226	1.76728
14227	0.61102
14228	-1.17552
14229	0.14735
14230	1.28143
14231	0.03054
14232	-0.98105
14233	-0.63697
14234	0.34889
14235	0.94297
14236	1.41206
14237	3.76050
14238	7.20628
14239	3.81342
14240	-6.22012
14241	-8.11794
14242	-1.43654
14243	2.29082
14244	0.77402
14245	-0.57889
14246	-0.11093
14247	0.43530
14248	0.10340
14249	-0.50717
14250	-0.68674
14251	-0.77829
14252	-1.18190
14253	-1.46772
14254	-1.14794
14255	-0.67437
14256	-0.31677
14257	0.06155
14258	1.01036
14259	5.44621
14260	7.72435
14261	-0.09918
14262	-5.50695
14263	-2.58499
14264	0.47275
14265	0.02560
14266	-0.12439
14267	-0.00961
14268	3.06797
14269	4.37320
14270	-0.30873
14271	1.49296
14272	1.80320
14273	-2.81812
14274	0.77121
14275	2.27830
14276	0.27564
14277	0.14853
14278	-0.26873
14279	-0.02868
14280	-0.03036
14281	-0.31803
14282	-0.14319
14283	0.25159
14284	0.28925
14285	0.28677
14286	-0.31498
14287	-0.09309
14288	0.33204
14289	0.02342
14290	-0.04568
14291	0.06206
14292	0.32671
14293	1.05626
14294	-0.00923
14295	-0.99707
14296	1.43286
14297	2.31264
14298	0.97001
14299	-0.78965
14300	-1.05329
14301	0.06655
14302	0.47584
14303	-0.46500
14304	-1.04584
14305	-0.27622
14306	0.31505
14307	0.16270
14308	0.02254
14309	0.81501
14310	3.63395
14311	6.32566
14312	1.73243
14313	-6.84248
14314	-6.46017
14315	-0.07524
14316	2.07700
14317	0.36344
14318	-0.82733
14319	-0.60808
14320	0.01099
14321	0.42726
14322	0.43724
14323	-0.19566
14324	-1.57834
14325	-2.57364
14326	-1.87847
14327	-0.78559
14328	-0.36339
14329	-0.16170
14330	-0.01921
14331	1.36970
14332	9.20935
14333	10.89199
14334	-2.32378
14335	-11.05685
14336	-3.48636
14337	3.88612
14338	0.28632
14339	-0.62024
14340	2.05354
14341	2.30813
14342	-4.63672
14343	-0.96913
14344	6.40477
14345	12.66633
14346	-11.61623
14347	1.29584
14348	11.32197
14349	-4.13691
14350	-4.78346
14351	-1.38470
14352	0.12386
14353	-0.37457
14354	-0.57816
14355	-0.27869
14356	0.41445
14357	0.86453
14358	1.08338
14359	-0.86451
14360	-1.10715
14361	-0.06363
14362	0.24914
14363	1.15338
14364	1.03686
14365	-0.33495
14366	-0.24140
14367	-0.07551
14368	-0.15201
14369	0.38559
14370	1.11810
14371	0.35554
14372	-0.61376
14373	-0.07761
14374	0.14254
14375	0.19711
14376	0.24717
14377	-0.67144
14378	-1.24537
14379	0.55712
14380	1.17494
14381	1.19289
14382	3.33703
14383	5.06726
14384	0.55768
14385	-6.22942
14386	-8.04748
14387	-3.29587
14388	2.71930
14389	1.92026
14390	-2.14510
14391	-2.62912
14392	-1.00009
14393	0.09822
14394	0.23474
14395	-0.18028
14396	-0.73818
14397	-1.12845
14398	-0.99849
14399	-0.56460
14400	-0.25814
14401	-0.22262
14402	-0.17980
14403	0.12244
14404	1.42357
14405	5.30847
14406	5.67035
14407	-0.40748
14408	-6.01056
14409	-4.41553
14410	4.37028
14411	2.04160
14412	-5.21569
14413	-0.35365
14414	0.18011
14415	0.48567
14416	2.90425
14417	7.59823
14418	4.25299
14419	-6.11489
14420	1.45116
14421	2.23723
14422	-0.56004
14423	-0.08735
14424	0.23922
14425	0.12748
14426	0.00636
14427	0.09053
14428	-0.08936
14429	-0.10228
14430	0.07073
14431	0.38080
14432	-0.29559
14433	-0.31746
14434	0.02463
14435	0.41758
14436	1.20346
14437	0.60702
14438	0.14997
14439	0.25304
14440	-0.30497
14441	-0.72295
14442	-0.34875
14443	0.07223
14444	1.00857
14445	0.93066
14446	-0.64067
14447	-0.13858
14448	1.75692
14449	0.91315
14450	-1.85106
14451	-1.53898
14452	0.80371
14453	1.69617
14454	2.34924
14455	4.49545
14456	6.11500
14457	1.29172
14458	-8.44884
14459	-10.55432
14460	-2.79153
14461	4.47682
14462	3.92151
14463	-2.11239
14464	-4.20496
14465	-1.86751
14466	0.01724
14467	0.49577
14468	-0.12103
14469	-1.29533
14470	-2.30459
14471	-2.24349
14472	-1.28971
14473	-0.47512
14474	-0.10071
14475	0.19246
14476	1.11627
14477	4.54608
14478	7.52283
14479	2.57194
14480	-3.11611
14481	-4.54056
14482	-3.49620
14483	4.13965
14484	6.47737
14485	-2.03965
14486	-2.68908
14487	-0.73497
14488	-3.64252
14489	-2.48264
14490	1.54736
14491	4.67411
14492	-3.67827
14493	2.17915
14494	5.71109
14495	-2.74569
14496	-2.55939
14497	-0.35039
14498	0.04876
14499	-0.04155
14500	-0.06925
14501	-0.06419
14502	0.33939
14503	0.39803
14504	0.25777
14505	-0.48800
14506	-0.55461
14507	-0.04171
14508	0.21808
14509	0.55777
14510	0.88847
14511	0.74727
14512	0.21464
14513	-0.54967
14514	-0.31598
14515	0.41521
14516	0.79716
14517	0.65237
14518	-0.13093
14519	-0.33135
14520	0.00382
14521	0.04691
14522	-0.17093
14523	-0.16448
14524	-0.04520
14525	0.14104
14526	0.79881
14527	2.14892
14528	3.45797
14529	3.54995
14530	0.83961
14531	-5.12032
14532	-8.37647
14533	-3.22872
14534	2.30745
14535	0.96834
14536	-1.66227
14537	-1.77893
14538	-0.98212
14539	-0.27891
14540	0.30704
14541	0.41725
14542	-0.73580
14543	-1.79154
14544	-1.24323
14545	-0.51002
14546	-0.08001
14547	0.18607
14548	1.09075
14549	4.14274
14550	9.17737
14551	7.96862
14552	-2.22408
14553	-7.15335
14554	-4.75993
14555	-0.68054
14556	4.58278
14557	4.60413
14558	-0.74669
14559	-0.16014
14560	3.88566
14561	-0.05466
14562	-8.16351
14563	-2.61686
14564	0.80007
14565	-0.87461
14566	4.54284
14567	12.59403
14568	-6.10625
14569	-9.44096
14570	-1.21672
14571	0.07579
14572	-1.04200
14573	-0.59326
14574	-0.30526
14575	-0.33153
14576	0.15427
14577	1.25285
14578	1.08126
14579	-0.49202
14580	-0.49783
14581	0.21726
14582	0.68684
14583	0.13759
14584	-0.45816
14585	-0.05876
14586	0.12159
14587	0.05915
14588	-0.19835
14589	0.56196
14590	1.52647
14591	1.51694
14592	0.42260
14593	-0.84371
14594	-0.71257
14595	0.90197
14596	1.42931
14597	0.08887
14598	-0.77008
14599	-0.52285
14600	-0.36455
14601	-0.37861
14602	1.23356
14603	4.20672
14604	5.00644
14605	3.44826
14606	0.29961
14607	-4.85689
14608	-6.29840
14609	-0.70617
14610	2.67030
14611	1.00553
14612	-1.05047
14613	-1.30452
14614	-0.19283
14615	0.79241
14616	1.06914
14617	0.31635
14618	-0.30931
14619	-0.81418
14620	-1.40501
14621	-0.85801
14622	0.19376
14623	0.07318
14624	0.05434
14625	0.30258
14626	0.44516
14627	0.91546
14628	1.02905
14629	-0.61397
14630	-1.22308
14631	0.09120
14632	2.39792
14633	6.41948
14634	6.95100
14635	1.64341
14636	-2.02294
14637	-6.89645
14638	-11.90640
14639	5.56879
14640	2.87747
14641	-15.61541
14642	10.72872
14643	-7.68659
14644	13.39763
14645	20.89508
14646	-11.57277
14647	-9.11483
14648	-0.75630
14649	0.41652
14650	-0.50294
14651	-1.19548
14652	-0.96198
14653	-0.31452
14654	0.16637
14655	0.51657
14656	0.35077
14657	-0.21716
14658	-0.24977
14659	0.00428
14660	-0.38039
14661	-0.99282
14662	-0.68242
14663	-0.11983
14664	0.00414
14665	0.03756
14666	0.20125
14667	0.45496
14668	0.30036
14669	-0.38952
14670	-0.69643
14671	-0.25364
14672	0.54666
14673	0.94382
14674	0.00884
14675	-0.85621
14676	-0.13418
14677	0.28616
14678	-0.05665
14679	-0.15929
14680	0.02367
14681	-0.01487
14682	0.03762
14683	0.93311
14684	2.95537
14685	3.21319
14686	-0.46160
14687	-3.02927
14688	-1.50456
14689	-0.11548
14690	0.03005
14691	0.11049
14692	0.04726
14693	-0.44170
14694	-0.37409
14695	-0.01562
14696	0.03191
14697	0.08267
14698	0.09442
14699	0.14371
14700	0.16203
14701	0.03915
14702	-0.06794
14703	-0.09159
14704	-0.05002
14705	-0.00489
14706	0.00698
14707	0.00258
14708	0.02668
14709	0.45462
14710	2.82574
14711	5.13936
14712	2.06036
14713	-2.35947
14714	-3.72838
14715	-3.24961
14716	0.20953
14717	2.58825
14718	-0.29909
14719	-0.06900
14720	4.64661
14721	17.06082
14722	12.32879
14723	-16.31853
14724	-13.01341
14725	0.10983
14726	3.50178
14727	3.76326
14728	-7.85996
14729	40.32614
14730	5.19088
14731	-38.36470
14732	-10.59184
14733	7.26232
14734	3.68747
14735	-3.17053
14736	-4.49081
14737	-1.54050
14738	0.12611
14739	0.07972
14740	-0.07449
14741	-0.09679
14742	-0.21094
14743	-0.31614
14744	-0.19790
14745	-0.01733
14746	0.04431
14747	-0.20041
14748	-0.51321
14749	-0.51673
14750	-0.28518
14751	-0.10815
14752	-0.01991
14753	0.00051
14754	0.00010
14755	-0.16919
14756	-0.18530
14757	-0.08151
14758	-0.00366
14759	0.02868
14760	0.28049
14761	0.75412
14762	0.79008
14763	-0.11296
14764	-1.42290
14765	-1.11440
14766	-0.23911
14767	0.00444
14768	-0.03282
14769	-0.25786
14770	-0.25455
14771	-0.19589
14772	-0.09579
14773	-0.05036
14774	-0.08760
14775	0.23071
14776	0.28103
14777	-0.54418
14778	-0.47502
14779	0.07510
14780	0.04034
14781	-0.80872
14782	-1.18178
14783	-0.55212
14784	0.10608
14785	-0.15169
14786	-0.59364
14787	-0.45893
14788	0.41532
14789	1.36639
14790	2.04654
14791	1.96116
14792	0.40399
14793	-0.87822
14794	-1.06733
14795	-1.63698
14796	-2.50892
14797	-1.94044
14798	-0.61540
14799	0.09962
14800	0.28209
14801	0.29364
14802	0.25367
14803	0.04749
14804	-0.10170
14805	0.24031
14806	0.86435
14807	0.73736
14808	-0.57459
14809	-1.13699
14810	-0.67441
14811	-0.30813
14812	-0.18375
14813	-0.08675
14814	-0.01788
14815	-0.01279
14816	-0.08641
14817	0.02972
14818	0.34430
14819	-0.10481
14820	-0.12721
14821	0.55149
14822	-0.20819
14823	-0.20247
14824	0.39530
14825	-0.30314
14826	0.71957
14827	0.29599
14828	-1.37990
14829	1.82702
14830	3.78639
14831	1.34601
14832	0.16634
14833	0.84614
14834	0.45751
14835	-2.36423
14836	-3.85871
14837	0.71691
14838	5.24718
14839	-0.28695
14840	-5.94432
14841	-2.11161
14842	1.72639
14843	0.92440
14844	-0.64333
14845	-0.74699
14846	-0.31730
14847	0.53579
14848	1.05100
14849	0.10997
14850	-0.96501
14851	-0.93701
14852	-0.55878
14853	-0.30677
14854	-0.14330
14855	-0.01665
14856	0.05924
14857	0.05165
14858	0.04188
14859	0.05368
14860	0.06150
14861	0.00045
14862	-0.03992
14863	0.02475
14864	-0.01818
14865	-0.10987
14866	-0.03753
14867	0.05570
14868	0.00134
14869	0.11524
14870	0.45729
14871	0.23108
14872	-0.12774
14873	0.43634
14874	0.88272
14875	-0.09829
14876	-0.98412
14877	-0.37703
14878	0.60682
14879	0.43934
14880	-0.84215
14881	-1.33780
14882	-1.05657
14883	-0.64263
14884	-0.18866
14885	0.08488
14886	0.04806
14887	0.03164
14888	0.13825
14889	0.03044
14890	-0.31485
14891	-0.10097
14892	0.05312
14893	0.00967
14894	0.02106
14895	0.00699
14896	-0.02890
14897	0.06222
14898	-0.07242
14899	-0.13373
14900	0.03392
14901	0.27242
14902	0.34932
14903	0.10255
14904	0.07285
14905	0.23273
14906	0.42019
14907	0.62451
14908	0.54239
14909	0.04458
14910	0.08644
14911	0.57052
14912	0.37928
14913	-0.51700
14914	-0.28883
14915	0.48499
14916	0.57214
14917	-0.72099
14918	-1.28928
14919	-0.68354
14920	-0.19845
14921	0.03647
14922	0.28642
14923	0.45376
14924	0.39308
14925	0.15606
14926	-0.02778
14927	0.10152
14928	0.46728
14929	0.60569
14930	0.11566
14931	-0.25371
14932	-0.18348
14933	-0.24778
14934	-0.36055
14935	-0.16919
14936	-0.02569
14937	-0.10034
14938	-0.17272
14939	-0.17457
14940	-0.14772
14941	0.00482
14942	0.16021
14943	0.10622
14944	-0.06468
14945	-0.06411
14946	0.33613
14947	1.24982
14948	1.05736
14949	-1.22277
14950	-1.48482
14951	0.05160
14952	0.02809
14953	-0.30281
14954	1.18419
14955	2.25185
14956	2.07855
14957	2.42639
14958	2.01178
14959	-4.19769
14960	-6.31982
14961	17.38201
14962	23.86087
14963	-13.30934
14964	-23.95066
14965	-1.31842
14966	9.55967
14967	3.28528
14968	-4.80718
14969	-5.53588
14970	-1.92532
14971	-0.14895
14972	0.00850
14973	0.20947
14974	0.36935
14975	0.19078
14976	-0.10398
14977	-0.04372
14978	0.11649
14979	-0.02483
14980	-0.16433
14981	-0.16184
14982	-0.03951
14983	0.00036
14984	0.01103
14985	0.08583
14986	0.18225
14987	-0.05505
14988	-0.27706
14989	-0.13865
14990	-0.00833
14991	0.00503
14992	0.08776
14993	0.80837
14994	0.30604
14995	-1.07029
14996	-0.80486
14997	-0.34741
14998	-0.17377
14999	-0.01124
15000	0.14932
15001	0.05981
15002	-0.08031
15003	-0.00344
15004	0.08810
15005	-0.00890
15006	-0.14416
15007	-0.05307
15008	0.09273
15009	0.01538
15010	-0.34733
15011	-0.32208
15012	-0.06289
15013	0.11160
15014	0.27473
15015	0.02089
15016	-0.16186
15017	-0.04777
15018	0.02903
15019	-0.03411
15020	-0.28561
15021	-0.33561
15022	0.17998
15023	0.18608
15024	-0.09687
15025	-0.16086
15026	-0.19089
15027	-0.07595
15028	0.09052
15029	0.75631
15030	0.31471
15031	-0.53127
15032	-0.10550
15033	0.10217
15034	0.34670
15035	0.49811
15036	0.29117
15037	0.23586
15038	0.74893
15039	1.59987
15040	0.66113
15041	-1.42149
15042	-1.74787
15043	-1.37326
15044	-1.14392
15045	-0.63237
15046	-0.11855
15047	0.09458
15048	0.29716
15049	0.62894
15050	0.61590
15051	0.16232
15052	-0.04414
15053	0.06378
15054	0.18240
15055	0.07514
15056	-0.23665
15057	-0.22574
15058	0.07586
15059	0.11409
15060	-0.33976
15061	-0.46184
15062	-0.17964
15063	-0.01675
15064	-0.04976
15065	-0.23108
15066	0.04884
15067	0.74928
15068	0.56258
15069	-0.36782
15070	-0.68177
15071	-0.32487
15072	0.12326
15073	0.91331
15074	1.55696
15075	-0.07149
15076	-2.14948
15077	-0.93328
15078	1.56372
15079	1.36455
15080	-1.45873
15081	-1.97800
15082	0.45532
15083	0.75042
15084	-0.65193
15085	-0.70591
15086	-0.09761
15087	0.20261
15088	1.40576
15089	2.33899
15090	-0.72873
15091	-1.84791
15092	4.80117
15093	3.17890
15094	-5.76495
15095	-3.44563
15096	5.04189
15097	5.86918
15098	-1.63278
15099	-5.72201
15100	-2.82462
15101	-0.20059
15102	0.15614
15103	0.19686
15104	0.11144
15105	-0.55081
15106	-0.87123
15107	-0.55400
15108	-0.17405
15109	-0.06269
15110	-0.11139
15111	0.00898
15112	0.16421
15113	-0.00398
15114	-0.04922
15115	0.00878
15116	0.06251
15117	0.06644
15118	0.00235
15119	-0.00641
15120	0.05330
15121	0.12638
15122	-0.00553
15123	-0.06225
15124	0.01639
15125	-0.01110
15126	0.00924
15127	0.02863
15128	-0.06314
15129	-0.05301
15130	0.09625
15131	0.28946
15132	0.08474
15133	0.12307
15134	0.69660
15135	0.82770
15136	-0.33053
15137	-0.60861
15138	0.03168
15139	0.47782
15140	-0.00166
15141	-0.61620
15142	-0.62859
15143	-0.65149
15144	-0.76379
15145	-0.55017
15146	-0.19875
15147	-0.04366
15148	-0.19950
15149	-0.21164
15150	-0.08923
15151	-0.04807
15152	0.00814
15153	0.10478
15154	0.05521
15155	0.00017
15156	0.00673
15157	0.02225
15158	0.07855
15159	0.07966
15160	-0.02899
15161	-0.02176
15162	0.08721
15163	-0.30339
15164	-0.36838
15165	0.51375
15166	0.90734
15167	0.66460
15168	-0.62832
15169	-0.83208
15170	0.28921
15171	1.45751
15172	0.24049
15173	-1.39185
15174	-1.10044
15175	-0.75857
15176	-0.97174
15177	-0.64942
15178	0.92889
15179	1.94781
15180	0.61028
15181	-0.55983
15182	-0.29173
15183	0.18313
15184	0.52642
15185	1.06021
15186	1.13592
15187	-0.37498
15188	-1.38780
15189	-0.80079
15190	-0.23476
15191	-0.07917
15192	-0.10813
15193	-0.13787
15194	-0.10680
15195	-0.04494
15196	0.03655
15197	0.09646
15198	0.19903
15199	0.51469
15200	0.89013
15201	0.41555
15202	-1.08587
15203	-1.36026
15204	-0.19254
15205	-0.01355
15206	0.48617
15207	1.99005
15208	0.96398
15209	-1.92792
15210	-0.83254
15211	1.36755
15212	-1.17550
15213	-0.68183
15214	1.86478
15215	-0.17651
15216	-1.78909
15217	-0.86566
15218	-0.04049
15219	0.81923
15220	2.49943
15221	0.95122
15222	-2.39990
15223	2.05505
15224	6.63550
15225	0.02556
15226	-6.57007
15227	-4.09922
15228	1.69759
15229	2.97368
15230	0.23915
15231	-1.81066
15232	-1.71619
15233	-0.87334
15234	-0.41524
15235	-0.19455
15236	-0.03962
15237	0.02373
15238	0.10035
15239	0.07521
15240	-0.09968
15241	-0.35345
15242	-0.33295
15243	-0.08930
15244	0.01468
15245	-0.01542
15246	-0.06194
15247	0.08842
15248	0.05969
15249	-0.01106
15250	0.02068
15251	0.09172
15252	0.19410
15253	0.04366
15254	-0.09090
15255	0.05493
15256	0.20195
15257	0.05469
15258	-0.10824
15259	-0.02076
15260	0.14591
15261	0.39225
15262	0.64209
15263	0.48735
15264	-0.20157
15265	-0.49467
15266	-0.05472
15267	0.28112
15268	-0.36159
15269	-0.81907
15270	-0.35514
15271	0.09630
15272	-0.10251
15273	-0.60699
15274	-0.45618
15275	-0.15983
15276	-0.08240
15277	-0.11939
15278	-0.08895
15279	-0.03674
15280	0.01130
15281	0.02661
15282	-0.01285
15283	0.00400
15284	0.08151
15285	0.04896
15286	-0.10513
15287	-0.09575
15288	-0.11969
15289	-0.08336
15290	0.02418
15291	0.02268
15292	0.23752
15293	0.21815
15294	0.00391
15295	-0.05454
15296	-0.02347
15297	-0.22972
15298	0.27569
15299	0.78355
15300	0.32660
15301	-0.40058
15302	-0.20749
15303	0.33860
15304	0.59767
15305	-0.31240
15306	-0.50705
15307	-0.05591
15308	0.11160
15309	-0.52390
15310	-1.18099
15311	-0.39082
15312	0.68106
15313	0.81342
15314	0.49649
15315	0.20695
15316	0.12078
15317	0.26601
15318	0.53800
15319	0.52265
15320	-0.03241
15321	-0.55659
15322	-0.66724
15323	-0.48659
15324	-0.25297
15325	-0.14527
15326	-0.09865
15327	-0.04405
15328	-0.02187
15329	-0.00989
15330	0.05362
15331	0.17619
15332	0.39242
15333	0.81643
15334	1.25241
15335	0.64593
15336	-1.37755
15337	-2.16201
15338	-0.67755
15339	-0.00754
15340	0.40184
15341	0.82482
15342	-0.39336
15343	-0.38037
15344	1.25502
15345	0.61564
15346	-1.95047
15347	-0.52656
15348	2.42340
15349	0.75788
15350	-1.73748
15351	-1.43137
15352	-0.09352
15353	1.27895
15354	1.88434
15355	-1.18700
15356	-1.65568
15357	4.76885
15358	4.17326
15359	-5.07981
15360	-6.20835
15361	0.43579
15362	1.61917
15363	-0.69971
15364	-1.32772
15365	-0.47495
15366	0.44533
15367	0.31503
15368	-0.10308
15369	-0.25006
15370	-0.27342
15371	-0.41805
15372	-0.62797
15373	-0.54628
15374	-0.11328
15375	0.13058
15376	0.01051
15377	0.02934
15378	0.18705
15379	0.24003
15380	-0.07689
15381	-0.07357
15382	0.06090
15383	0.19768
15384	0.07715
15385	-0.08371
15386	-0.01826
15387	0.00169
15388	-0.00654
15389	0.43242
15390	0.60444
15391	-0.08609
15392	-0.29859
15393	-0.15506
15394	-0.13590
15395	-0.21423
15396	-0.05499
15397	0.41238
15398	0.61492
15399	-0.20377
15400	-0.63738
15401	-0.23849
15402	0.09018
15403	-0.00801
15404	-0.10723
15405	0.15719
15406	0.11063
15407	-0.45190
15408	-0.27050
15409	-0.00439
15410	0.07761
15411	0.05401
15412	-0.01406
15413	-0.06074
15414	-0.04536
15415	0.01121
15416	0.13816
15417	0.23174
15418	0.04772
15419	-0.16414
15420	0.00438
15421	0.17498
15422	0.00804
15423	-0.04675
15424	0.05428
15425	0.16620
15426	0.18655
15427	0.05794
15428	0.04738
15429	0.25992
15430	1.20965
15431	1.81044
15432	0.15699
15433	-1.05947
15434	-0.70386
15435	-0.57552
15436	-1.13443
15437	-1.38166
15438	-1.27485
15439	-0.72158
15440	0.10309
15441	0.29581
15442	0.14663
15443	0.08161
15444	0.07226
15445	0.09580
15446	0.24679
15447	0.39793
15448	0.08345
15449	-0.32869
15450	-0.14929
15451	0.09336
15452	-0.04981
15453	-0.25179
15454	-0.14757
15455	-0.01326
15456	-0.06640
15457	-0.25512
15458	-0.15294
15459	0.03667
15460	0.08939
15461	0.12590
15462	0.12182
15463	0.03264
15464	-0.24240
15465	-0.42935
15466	0.13086
15467	-0.07697
15468	0.32404
15469	3.18189
15470	3.14618
15471	-3.08193
15472	-3.83844
15473	3.45852
15474	2.05635
15475	-2.82768
15476	-2.59307
15477	-0.64569
15478	0.07974
15479	-0.06030
15480	-0.14146
15481	0.05320
15482	0.12208
15483	-0.12723
15484	0.47458
15485	2.43935
15486	3.94513
15487	0.78191
15488	-3.79820
15489	1.05863
15490	6.49338
15491	-0.76796
15492	-7.26207
15493	-0.80132
15494	7.46643
15495	3.18699
15496	-4.70270
15497	-5.37165
15498	-1.87822
15499	0.63269
15500	0.43049
15501	0.03879
15502	0.04014
15503	-0.14763
15504	-0.43518
15505	-0.54172
15506	-0.61345
15507	-0.41699
15508	0.24355
15509	0.04998
15510	-0.09621
15511	0.00010
15512	0.03971
15513	0.01745
15514	-0.01796
15515	-0.02032
15516	0.05579
15517	0.03163
15518	-0.11049
15519	0.02636
15520	0.00407
15521	0.31753
15522	0.07734
15523	-0.20900
15524	-0.18903
15525	-0.09253
15526	-0.01169
15527	0.04179
15528	0.08608
15529	-0.19714
15530	-0.41967
15531	-0.10924
15532	0.30089
15533	0.63350
15534	-0.42280
15535	-0.97425
15536	-0.23014
15537	0.19713
15538	0.23226
15539	-0.43531
15540	-0.31994
15541	-0.01767
15542	0.02097
15543	0.10285
15544	0.05373
15545	-0.00329
15546	0.00908
15547	0.02669
15548	0.01867
15549	-0.01602
15550	-0.01776
15551	0.01496
15552	0.08568
15553	0.03707
15554	-0.17206
15555	-0.04392
15556	-0.02747
15557	-0.04191
15558	0.23333
15559	0.13208
15560	0.02215
15561	0.04887
15562	0.62002
15563	1.79211
15564	0.65672
15565	-1.34092
15566	-0.79039
15567	0.12954
15568	0.38541
15569	-0.51017
15570	-0.95234
15571	-0.76139
15572	-0.57257
15573	0.19313
15574	1.09215
15575	0.42051
15576	-0.10580
15577	0.27405
15578	0.81987
15579	0.73523
15580	0.02220
15581	-0.67378
15582	-0.86042
15583	-0.56969
15584	-0.29058
15585	-0.19571
15586	-0.11733
15587	0.02369
15588	0.12126
15589	0.16029
15590	0.17456
15591	0.13106
15592	0.06946
15593	0.15702
15594	0.50780
15595	0.91676
15596	0.23942
15597	-1.03930
15598	-0.87064
15599	-0.18947
15600	0.23673
15601	0.68161
15602	0.55907
15603	-1.10048
15604	-1.41406
15605	2.95354
15606	2.85104
15607	-3.06009
15608	-3.49842
15609	-1.02178
15610	-0.11392
15611	0.01110
15612	0.00108
15613	0.04603
15614	0.69285
15615	2.02652
15616	1.06438
15617	-1.26702
15618	-0.85401
15619	0.48248
15620	0.19620
15621	-0.89376
15622	-0.49966
15623	1.79420
15624	3.11001
15625	-0.36880
15626	-3.01883
15627	-1.06858
15628	1.21754
15629	1.33085
15630	0.13898
15631	-0.55665
15632	-0.40567
15633	-0.15726
15634	-0.60318
15635	-1.31275
15636	-0.83597
15637	0.19921
15638	0.56272
15639	0.31539
15640	-0.03589
15641	-0.19119
15642	-0.10426
15643	0.04032
15644	0.05152
15645	-0.11899
15646	-0.02826
15647	-0.00039
15648	0.08346
15649	0.25692
15650	0.42087
15651	0.28563
15652	-0.45729
15653	-0.52233
15654	-0.05294
15655	0.36351
15656	0.22777
15657	-0.20107
15658	0.02454
15659	0.57940
15660	0.54577
15661	-0.81484
15662	-1.07619
15663	-0.32666
15664	0.04206
15665	-0.33014
15666	-0.48143
15667	-0.01572
15668	-0.00134
15669	0.04095
15670	0.00964
15671	0.00530
15672	0.03802
15673	0.00843
15674	-0.06920
15675	0.15015
15676	0.15090
15677	-0.12991
15678	-0.14511
15679	-0.05901
15680	-0.04235
15681	0.07334
15682	0.46230
15683	0.45643
15684	-0.61984
15685	-0.25542
15686	-0.01769
15687	0.08241
15688	0.04462
15689	-0.00800
15690	0.07220
15691	1.01163
15692	0.83824
15693	-0.09808
15694	0.09070
15695	0.59161
15696	-0.09552
15697	-1.38462
15698	-1.55128
15699	-0.94786
15700	-0.27028
15701	0.39392
15702	0.71416
15703	0.32166
15704	-0.10754
15705	-0.02387
15706	0.16698
15707	-0.03334
15708	-0.19641
15709	0.00701
15710	0.04145
15711	-0.33388
15712	-0.37196
15713	-0.11522
15714	-0.01369
15715	-0.02827
15716	-0.02232
15717	-0.00005
15718	0.00991
15719	-0.04066
15720	0.12614
15721	0.54623
15722	0.03922
15723	-0.88112
15724	-0.15684
15725	0.25532
15726	-0.17138
15727	3.64767
15728	3.11617
15729	-4.49946
15730	-1.33045
15731	1.59720
15732	-2.23284
15733	0.55693
15734	1.40395
15735	-0.77008
15736	-0.45430
15737	0.22627
15738	1.65660
15739	1.61693
15740	-2.13634
15741	-1.47371
15742	5.26967
15743	3.21999
15744	-4.71518
15745	-4.22743
15746	-0.35557
15747	1.08037
15748	0.69134
15749	-0.56027
15750	-1.00905
15751	0.42487
15752	0.90449
15753	-0.28195
15754	-0.85027
15755	-0.69134
15756	-0.47108
15757	-0.27421
15758	-0.04094
15759	0.26365
15760	0.24925
15761	-0.02503
15762	-0.08124
15763	-0.08048
15764	0.03027
15765	0.20199
15766	-0.08425
15767	-0.12414
15768	0.00408
15769	0.01448
15770	-0.04182
15771	-0.03392
15772	0.00444
15773	0.03587
15774	-0.02713
15775	-0.03280
15776	0.18077
15777	0.44680
15778	0.05252
15779	-0.53593
15780	-0.38251
15781	-0.05469
15782	0.21209
15783	0.34220
15784	0.19677
15785	-0.31088
15786	-0.66121
15787	-0.49623
15788	-0.37749
15789	-0.19816
15790	0.06040
15791	-0.02971
15792	0.00343
15793	0.17559
15794	0.03994
15795	-0.00679
15796	0.10155
15797	0.39759
15798	0.03239
15799	-0.40337
15800	-0.09583
15801	0.03240
15802	0.04361
15803	-0.16836
15804	0.25397
15805	0.16282
15806	-0.20481
15807	-0.00009
15808	0.35826
15809	0.50743
15810	-0.18509
15811	-0.23001
15812	-0.02375
15813	0.42662
15814	1.86989
15815	0.00321
15816	-1.13546
15817	-0.31819
15818	0.32468
15819	1.09663
15820	1.11282
15821	-0.10592
15822	-1.18162
15823	-1.12989
15824	-0.91363
15825	-0.84154
15826	-0.16335
15827	0.35614
15828	0.18010
15829	0.22266
15830	0.47022
15831	0.42703
15832	0.20519
15833	0.25502
15834	0.27580
15835	-0.13713
15836	-0.58198
15837	-0.57487
15838	-0.35434
15839	-0.19014
15840	-0.11958
15841	-0.12633
15842	-0.11788
15843	-0.05694
15844	-0.03291
15845	-0.03108
15846	0.03389
15847	0.13579
15848	0.27768
15849	0.56413
15850	0.54331
15851	-0.46120
15852	-1.02443
15853	-0.32220
15854	0.11976
15855	1.16915
15856	1.60589
15857	-0.69170
15858	-2.28015
15859	-0.01519
15860	3.51596
15861	1.33979
15862	-3.99845
15863	-3.07322
15864	-0.04135
15865	0.29862
15866	0.07368
15867	0.19834
15868	0.43680
15869	1.16909
15870	1.33143
15871	-1.99562
15872	-0.35991
15873	7.02284
15874	1.07198
15875	-7.09134
15876	-3.31297
15877	2.84389
15878	3.18643
15879	-0.62652
15880	-3.01519
15881	-1.58555
15882	0.49422
15883	0.21674
15884	-0.57589
15885	-0.35076
15886	-0.05174
15887	-0.00338
15888	-0.00590
15889	0.02059
15890	0.03909
15891	0.00526
15892	-0.00011
15893	-0.01707
15894	-0.04615
15895	0.02784
15896	-0.04889
15897	0.25553
15898	0.52476
15899	-0.46146
15900	-0.55884
15901	0.17527
15902	-0.04957
15903	0.17576
15904	0.84327
15905	0.34010
15906	-1.26892
15907	-0.74100
15908	-0.00621
15909	0.31075
15910	0.76065
15911	0.18636
15912	-0.16708
15913	-0.29076
15914	-0.09782
15915	0.35057
15916	0.17123
15917	-0.61278
15918	-0.35693
15919	0.02901
15920	-0.28036
15921	-0.74343
15922	-0.27251
15923	0.12868
15924	-0.07357
15925	-0.01210
15926	0.26737
15927	0.19297
15928	0.12271
15929	0.19645
15930	0.01011
15931	-0.33304
15932	-0.13845
15933	0.35677
15934	0.52270
15935	-0.03294
15936	-0.40951
15937	-0.18279
15938	0.12325
15939	0.57497
15940	0.46280
15941	-0.29623
15942	-0.08346
15943	-0.02074
15944	-0.14320
15945	0.30041
15946	0.62456
15947	0.12099
15948	-0.40115
15949	-0.19559
15950	0.45379
15951	1.08769
15952	0.92173
15953	-0.45766
15954	-1.49126
15955	-1.45744
15956	-1.02813
15957	-0.32967
15958	0.47587
15959	0.73478
15960	0.46677
15961	0.31113
15962	0.38141
15963	0.51483
15964	0.59289
15965	0.17747
15966	-0.64396
15967	-0.74727
15968	-0.31232
15969	-0.07581
15970	-0.08270
15971	-0.13433
15972	-0.13234
15973	-0.08020
15974	-0.01343
15975	0.03489
15976	0.03457
15977	0.07901
15978	0.37887
15979	1.05322
15980	0.78643
15981	-0.77289
15982	-1.40310
15983	-0.68313
15984	0.12297
15985	1.63203
15986	2.50214
15987	-2.15212
15988	-3.05853
15989	3.97528
15990	4.00013
15991	-2.65829
15992	-4.99236
15993	-1.91598
15994	0.69339
15995	0.75147
15996	0.53251
15997	0.73480
15998	0.73288
15999	0.26224
16000	-0.83189
16001	-1.54807
16002	2.73329
16003	4.89943
16004	-2.35660
16005	-5.22059
16006	-0.03146
16007	3.98531
16008	2.08936
16009	-2.13896
16010	-2.94150
16011	-0.63429
16012	0.34919
16013	-0.14037
16014	-0.20255
16015	-0.10375
16016	-0.11956
16017	-0.25314
16018	-0.24341
16019	-0.07720
16020	0.05309
16021	0.01809
16022	0.00168
16023	0.00147
16024	0.00451
16025	0.02025
16026	0.00514
16027	-0.01900
16028	-0.04512
16029	-0.05505
16030	-0.03042
16031	0.07853
16032	0.28049
16033	0.10390
16034	-0.29702
16035	-0.17492
16036	0.02408
16037	-0.31696
16038	-0.52288
16039	-0.09941
16040	0.27718
16041	0.45332
16042	-0.06071
16043	-0.09910
16044	0.15169
16045	0.12337
16046	-0.20264
16047	-0.19480
16048	-0.17022
16049	-0.52269
16050	-0.52386
16051	-0.22898
16052	0.01460
16053	0.04275
16054	-0.10566
16055	0.28441
16056	0.23242
16057	0.00920
16058	0.05444
16059	-0.08793
16060	-0.21148
16061	-0.05729
16062	-0.02522
16063	0.00369
16064	0.32267
16065	0.34639
16066	0.18656
16067	0.49933
16068	0.37177
16069	-1.21309
16070	-0.41779
16071	0.18170
16072	-0.68783
16073	0.94265
16074	0.60529
16075	-0.11211
16076	0.19003
16077	1.05372
16078	1.73808
16079	0.98172
16080	-0.21324
16081	-1.18620
16082	-1.77873
16083	-1.81803
16084	-1.52916
16085	-0.98019
16086	-0.16633
16087	0.64190
16088	0.86590
16089	0.48126
16090	0.16888
16091	0.32666
16092	0.58394
16093	0.32078
16094	-0.14680
16095	-0.30536
16096	-0.43260
16097	-0.49820
16098	-0.24968
16099	0.02331
16100	0.08384
16101	-0.13778
16102	-0.39936
16103	-0.33223
16104	-0.09692
16105	-0.02328
16106	-0.00132
16107	0.32645
16108	1.15021
16109	1.12920
16110	-0.45581
16111	-1.46948
16112	-0.91411
16113	-0.15616
16114	0.35794
16115	0.44662
16116	-0.47286
16117	-0.87824
16118	0.70391
16119	0.68456
16120	-1.30619
16121	-0.97519
16122	1.04957
16123	1.31314
16124	1.05547
16125	1.75260
16126	2.46715
16127	0.32672
16128	-5.00932
16129	-0.51783
16130	11.20393
16131	3.18035
16132	-10.07499
16133	-6.23862
16134	1.35972
16135	2.55445
16136	0.47742
16137	-1.47976
16138	-1.68523
16139	-0.57538
16140	0.14977
16141	0.00860
16142	-0.30466
16143	-0.31474
16144	-0.15072
16145	-0.06109
16146	-0.05185
16147	-0.03787
16148	-0.00877
16149	0.03870
16150	0.02106
16151	-0.03513
16152	-0.00333
16153	0.00110
16154	0.00575
16155	-0.00106
16156	0.00689
16157	0.00222
16158	-0.05121
16159	-0.02222
16160	0.04042
16161	0.27797
16162	0.34476
16163	0.13225
16164	-0.02808
16165	-0.32528
16166	-1.09850
16167	-0.69709
16168	-0.01807
16169	0.19595
16170	0.51674
16171	0.04522
16172	-0.12593
16173	-0.01981
16174	-0.09174
16175	-0.34973
16176	-0.38527
16177	-0.11974
16178	-0.04685
16179	-0.20052
16180	-0.06697
16181	0.21029
16182	0.18959
16183	-0.28525
16184	-0.27874
16185	-0.08990
16186	0.01728
16187	0.10073
16188	0.06708
16189	-0.15854
16190	-0.08973
16191	-0.00435
16192	0.01448
16193	0.07886
16194	0.02395
16195	-0.08562
16196	-0.02153
16197	0.20263
16198	0.50824
16199	0.25393
16200	-0.20347
16201	-0.00017
16202	0.22837
16203	1.07184
16204	0.78454
16205	0.25009
16206	0.15767
16207	0.09774
16208	0.39771
16209	0.61005
16210	-0.20806
16211	-1.21217
16212	-1.19941
16213	-1.21485
16214	-1.13131
16215	-0.41494
16216	0.01899
16217	0.15267
16218	0.36503
16219	0.47187
16220	0.08981
16221	-0.20212
16222	0.05496
16223	0.43917
16224	0.35991
16225	-0.05360
16226	-0.13895
16227	0.09676
16228	0.31489
16229	0.06030
16230	-0.50461
16231	-0.58999
16232	-0.36066
16233	-0.22973
16234	-0.21364
16235	-0.14781
16236	0.18054
16237	0.72077
16238	0.74909
16239	-0.01696
16240	-0.62513
16241	-0.52667
16242	0.06689
16243	1.09488
16244	1.77951
16245	-0.26283
16246	-2.81871
16247	0.06612
16248	3.65824
16249	-1.18536
16250	-4.23879
16251	-0.16311
16252	1.46165
16253	-0.50501
16254	-1.41437
16255	-0.65535
16256	-0.03558
16257	0.54654
16258	2.76698
16259	1.75921
16260	-2.79361
16261	0.84088
16262	6.65571
16263	3.56781
16264	-3.61677
16265	-7.28669
16266	-4.00386
16267	2.19777
16268	3.14275
16269	-0.36901
16270	-2.45676
16271	-1.85499
16272	-0.51291
16273	-0.00986
16274	-0.01097
16275	-0.03361
16276	-0.04038
16277	-0.03659
16278	-0.02298
16279	0.01727
16280	-0.03756
16281	-0.23341
16282	-0.18881
16283	-0.07883
16284	-0.07806
16285	-0.03885
16286	0.06056
16287	0.06841
16288	-0.00988
16289	-0.00922
16290	0.00372
16291	-0.01737
16292	0.02209
16293	0.18190
16294	0.02081
16295	-0.40382
16296	-0.37263
16297	-0.07268
16298	-0.00044
16299	0.23224
16300	0.38161
16301	-0.12573
16302	-0.09907
16303	0.15333
16304	0.21220
16305	-0.03186
16306	0.11321
16307	0.50385
16308	0.22522
16309	-0.93429
16310	-1.24121
16311	-0.44619
16312	-0.02336
16313	0.00134
16314	0.02274
16315	0.00051
16316	0.06156
16317	0.15469
16318	-0.08134
16319	-0.26419
16320	-0.03935
16321	0.05457
16322	0.01449
16323	-0.02875
16324	0.00556
16325	0.08002
16326	-0.01453
16327	-0.18107
16328	-0.05691
16329	-0.00246
16330	-0.11402
16331	-0.08380
16332	-0.00388
16333	-0.05537
16334	-0.15208
16335	0.71604
16336	2.73804
16337	2.30022
16338	-0.29492
16339	-1.80346
16340	-1.46833
16341	-1.14399
16342	-1.69633
16343	-1.85278
16344	-1.23065
16345	-0.66456
16346	0.21040
16347	1.16288
16348	0.92235
16349	0.54901
16350	0.73420
16351	0.54958
16352	-0.25256
16353	-0.65608
16354	-0.60128
16355	-0.53019
16356	-0.38751
16357	-0.09938
16358	0.16970
16359	0.16324
16360	-0.17396
16361	-0.41795
16362	-0.34470
16363	-0.22008
16364	-0.18206
16365	-0.11830
16366	0.11897
16367	0.54775
16368	0.93894
16369	0.96794
16370	0.67234
16371	0.03308
16372	-0.87140
16373	-1.14492
16374	-0.80694
16375	-0.62742
16376	-0.55946
16377	-0.36904
16378	-0.18966
16379	0.23741
16380	0.90552
16381	0.24337
16382	-1.18627
16383	-0.86481
16384	0.23415
16385	0.11150
16386	-0.55949
16387	-0.31945
16388	0.01786
16389	0.55071
16390	1.79898
16391	1.44458
16392	-1.19022
16393	-0.12108
16394	4.43424
16395	0.23021
16396	-5.88553
16397	-1.51814
16398	4.66567
16399	2.98924
16400	-2.51547
16401	-3.97480
16402	-1.17865
16403	0.18468
16404	-0.02415
16405	-0.10687
16406	-0.06987
16407	-0.11414
16408	-0.16823
16409	-0.09223
16410	-0.06748
16411	-0.06052
16412	-0.00275
16413	0.02663
16414	0.02073
16415	0.01714
16416	0.04106
16417	0.05714
16418	0.00185
16419	0.01061
16420	0.02904
16421	0.04171
16422	-0.04886
16423	0.01487
16424	0.01909
16425	0.13679
16426	0.49369
16427	0.06713
16428	-0.61270
16429	-0.28431
16430	0.08334
16431	0.03941
16432	-0.30928
16433	-0.19506
16434	0.12249
16435	0.42853
16436	0.01031
16437	-0.50824
16438	-0.21708
16439	0.23826
16440	0.26773
16441	-0.44369
16442	-0.51288
16443	-0.11738
16444	-0.03621
16445	-0.38998
16446	-0.37180
16447	-0.08630
16448	0.09859
16449	0.15933
16450	0.02424
16451	-0.03827
16452	0.00137
16453	-0.03505
16454	-0.16886
16455	-0.11598
16456	-0.01741
16457	-0.01662
16458	0.03759
16459	0.29001
16460	0.02022
16461	-0.24166
16462	-0.03353
16463	0.05903
16464	-0.04921
16465	0.01602
16466	0.04182
16467	0.59691
16468	0.26888
16469	-0.27402
16470	0.02090
16471	0.35543
16472	1.85104
16473	1.01283
16474	-0.90352
16475	-1.42400
16476	-1.01943
16477	-0.81918
16478	-1.05798
16479	-0.85261
16480	-0.02458
16481	0.60255
16482	0.87790
16483	0.82812
16484	0.46975
16485	0.23800
16486	0.23587
16487	0.09033
16488	-0.33597
16489	-0.68006
16490	-0.52140
16491	-0.10602
16492	0.10003
16493	-0.03335
16494	-0.16172
16495	-0.11148
16496	-0.06294
16497	-0.05088
16498	-0.04390
16499	-0.04192
16500	-0.02875
16501	0.04807
16502	0.25890
16503	0.48986
16504	0.30054
16505	-0.39613
16506	-0.81327
16507	-0.32383
16508	0.03556
16509	0.08311
16510	1.90713
16511	3.07623
16512	-1.14986
16513	-2.67737
16514	2.06726
16515	0.25416
16516	-2.66248
16517	1.20368
16518	4.10196
16519	2.09494
16520	-0.01352
16521	0.43081
16522	1.59078
16523	-0.36594
16524	-6.72399
16525	-1.76868
16526	17.55801
16527	12.75858
16528	-12.92216
16529	-17.12884
16530	-3.37147
16531	4.27425
16532	2.39416
16533	-1.47667
16534	-2.53503
16535	-1.33047
16536	-0.37148
16537	-0.09264
16538	-0.08834
16539	-0.00763
16540	-0.04178
16541	-0.02860
16542	-0.00194
16543	-0.01229
16544	-0.00866
16545	0.01491
16546	0.03060
16547	-0.05677
16548	-0.05728
16549	-0.00960
16550	0.00133
16551	0.01056
16552	0.29350
16553	0.44100
16554	-0.41507
16555	-0.45822
16556	-0.06222
16557	0.07557
16558	0.12023
16559	-0.05559
16560	0.01757
16561	0.15784
16562	0.06148
16563	-0.05276
16564	-0.00419
16565	-0.06876
16566	-0.12637
16567	0.03103
16568	0.19798
16569	-0.09831
16570	-0.38329
16571	-0.11197
16572	0.17211
16573	0.14509
16574	-0.30923
16575	-0.37138
16576	-0.10481
16577	0.00828
16578	-0.15893
16579	-0.15982
16580	-0.01978
16581	0.06145
16582	-0.01380
16583	-0.08201
16584	-0.00967
16585	0.04365
16586	0.07524
16587	-0.03968
16588	-0.15241
16589	-0.19475
16590	-0.15916
16591	-0.07486
16592	-0.01658
16593	0.00294
16594	0.00250
16595	0.01279
16596	0.01846
16597	0.00235
16598	0.00621
16599	0.07129
16600	0.29020
16601	0.29307
16602	-0.11480
16603	-0.10875
16604	0.00025
16605	0.00548
16606	-0.00530
16607	-0.06480
16608	0.15641
16609	0.30362
16610	0.47513
16611	0.70954
16612	0.04628
16613	-0.82679
16614	-0.81608
16615	-0.64865
16616	-0.62516
16617	-0.50717
16618	-0.16051
16619	0.16253
16620	0.19000
16621	0.23420
16622	0.55902
16623	0.74057
16624	0.11582
16625	-0.24567
16626	0.10642
16627	0.35273
16628	-0.10445
16629	-0.56104
16630	-0.48852
16631	-0.32287
16632	-0.20707
16633	-0.13168
16634	-0.13180
16635	-0.02770
16636	0.09856
16637	-0.07094
16638	-0.03193
16639	0.07209
16640	0.70958
16641	0.89953
16642	-0.61944
16643	-1.04987
16644	-0.09278
16645	0.03482
16646	1.05354
16647	1.74441
16648	0.52616
16649	-1.54166
16650	-1.67195
16651	1.04676
16652	0.34954
16653	-1.78810
16654	1.41824
16655	3.48349
16656	-1.27909
16657	-3.93438
16658	-1.48343
16659	0.04460
16660	-0.04009
16661	0.66948
16662	0.18529
16663	-0.15924
16664	2.11214
16665	0.29268
16666	-2.55557
16667	-1.57634
16668	-0.16717
16669	0.12617
16670	0.16956
16671	-0.01806
16672	-0.41033
16673	0.00063
16674	0.23098
16675	-0.28225
16676	-0.21909
16677	0.03390
16678	-0.00204
16679	0.05461
16680	-0.01154
16681	-0.10738
16682	-0.05931
16683	-0.03507
16684	0.00043
16685	0.07718
16686	0.06136
16687	-0.08823
16688	-0.11124
16689	0.11181
16690	-0.15310
16691	0.18032
16692	-0.00839
16693	-0.03373
16694	-0.00843
16695	-0.00261
16696	0.05819
16697	0.69984
16698	0.55451
16699	-0.35589
16700	-0.39861
16701	0.10435
16702	0.51319
16703	0.34276
16704	-0.11893
16705	-0.34141
16706	-0.42019
16707	-0.49182
16708	-0.33485
16709	-0.20188
16710	-0.27700
16711	-0.16626
16712	0.02754
16713	-0.02825
16714	0.02361
16715	-0.01832
16716	0.07496
16717	0.05539
16718	-0.01604
16719	-0.01508
16720	-0.07867
16721	0.03243
16722	0.11054
16723	-0.07131
16724	0.02558
16725	0.10918
16726	-0.04574
16727	-0.05839
16728	0.01181
16729	-0.07213
16730	-0.00005
16731	0.33940
16732	0.59277
16733	0.42176
16734	-0.08381
16735	-0.44985
16736	-0.28399
16737	0.10628
16738	0.24162
16739	-0.84624
16740	-1.72968
16741	-0.72954
16742	-0.09290
16743	-0.01909
16744	0.12783
16745	0.64331
16746	0.80810
16747	0.27356
16748	-0.17045
16749	-0.25743
16750	-0.23541
16751	-0.37415
16752	-0.60844
16753	-0.50432
16754	-0.19713
16755	-0.03691
16756	0.01181
16757	0.03349
16758	0.03436
16759	0.03452
16760	0.05799
16761	0.08852
16762	0.12419
16763	0.24034
16764	0.45280
16765	0.39048
16766	-0.30452
16767	-0.81939
16768	-0.22383
16769	0.12441
16770	-0.04433
16771	2.73091
16772	4.11805
16773	-1.60806
16774	-4.87532
16775	1.09431
16776	3.02622
16777	-2.61015
16778	-3.17635
16779	0.98233
16780	0.40471
16781	-1.30153
16782	0.26841
16783	1.06955
16784	-0.53630
16785	-0.64331
16786	1.69358
16787	1.48046
16788	-1.22899
16789	0.61335
16790	4.77063
16791	1.15056
16792	-5.37924
16793	-3.00889
16794	3.45615
16795	3.43696
16796	-0.76028
16797	-3.12275
16798	-2.48109
16799	-0.12296
16800	0.62420
16801	-0.43664
16802	-0.41589
16803	-0.15275
16804	-0.26896
16805	-0.28794
16806	0.01565
16807	0.09129
16808	0.06793
16809	-0.01467
16810	-0.02916
16811	0.03730
16812	-0.08102
16813	-0.01976
16814	0.00407
16815	0.05521
16816	0.09569
16817	0.02377
16818	-0.13770
16819	-0.17925
16820	-0.06251
16821	0.02865
16822	0.33864
16823	0.35925
16824	0.03262
16825	0.16161
16826	-0.04683
16827	-0.64747
16828	-0.29806
16829	0.32420
16830	1.14411
16831	0.34866
16832	-0.95317
16833	-0.78092
16834	-0.30568
16835	-0.01545
16836	0.12354
16837	-0.02403
16838	-0.55792
16839	-0.46287
16840	0.00954
16841	0.02501
16842	0.21749
16843	-0.07892
16844	-0.05504
16845	0.02786
16846	0.02021
16847	-0.11475
16848	-0.07592
16849	0.02202
16850	0.08048
16851	0.19678
16852	0.29266
16853	0.00449
16854	-0.26545
16855	0.00190
16856	-0.08085
16857	0.60214
16858	0.87558
16859	0.21753
16860	0.19417
16861	0.62946
16862	1.26720
16863	1.26464
16864	0.87927
16865	0.29989
16866	-0.93464
16867	-2.26017
16868	-2.86077
16869	-2.41309
16870	-1.06664
16871	0.12227
16872	0.78568
16873	0.81671
16874	0.28035
16875	0.12233
16876	0.36164
16877	0.31711
16878	-0.14817
16879	-0.32417
16880	-0.15021
16881	-0.10150
16882	-0.21435
16883	-0.19860
16884	-0.21651
16885	-0.41697
16886	-0.38971
16887	-0.11197
16888	-0.00691
16889	-0.00303
16890	0.01416
16891	0.16468
16892	0.35132
16893	0.42899
16894	0.40422
16895	0.00082
16896	-0.55359
16897	-0.49774
16898	-0.07972
16899	0.44949
16900	1.48059
16901	1.92679
16902	-0.39653
16903	-2.93001
16904	-0.85434
16905	2.21914
16906	0.83966
16907	-1.71705
16908	-1.37650
16909	-0.22826
16910	-0.00021
16911	0.00291
16912	0.19455
16913	0.73628
16914	1.09065
16915	-0.05921
16916	-1.85395
16917	-0.85203
16918	3.71613
16919	1.86694
16920	-3.08786
16921	3.03863
16922	5.41834
16923	-3.71814
16924	-6.42459
16925	4.25705
16926	9.12763
16927	-0.57600
16928	-7.75716
16929	-4.73561
16930	0.48123
16931	1.02955
16932	-0.62600
16933	-0.92127
16934	-0.40339
16935	-0.20881
16936	-0.17347
16937	-0.09267
16938	-0.04973
16939	-0.05695
16940	0.04909
16941	0.27697
16942	0.09467
16943	-0.02986
16944	-0.01841
16945	-0.13687
16946	0.02532
16947	0.46061
16948	0.07397
16949	-0.19660
16950	-0.06136
16951	0.04258
16952	0.05591
16953	-0.08944
16954	-0.18750
16955	-0.05640
16956	0.16657
16957	0.29481
16958	0.13565
16959	-0.40637
16960	-0.68359
16961	-0.38423
16962	-0.12066
16963	0.01454
16964	0.22532
16965	0.46006
16966	0.04427
16967	-0.80035
16968	-0.62692
16969	-0.12143
16970	0.01513
16971	-0.01021
16972	-0.10733
16973	-0.04974
16974	-0.01032
16975	-0.08788
16976	-0.03601
16977	0.04327
16978	0.11291
16979	-0.16696
16980	-0.06301
16981	0.02235
16982	-0.00778
16983	0.00283
16984	0.08718
16985	0.09929
16986	0.14187
16987	0.12061
16988	-0.13085
16989	-0.04992
16990	0.00379
16991	0.02525
16992	0.05337
16993	0.26376
16994	1.03458
16995	1.36212
16996	0.98698
16997	0.46374
16998	-0.72905
16999	-1.75631
17000	-1.57609
17001	-1.37325
17002	-1.64121
17003	-0.94178
17004	0.43909
17005	1.03478
17006	1.14336
17007	0.54892
17008	-0.42934
17009	-0.45261
17010	0.01446
17011	0.16512
17012	0.04211
17013	-0.10875
17014	-0.37752
17015	-0.51682
17016	-0.37077
17017	-0.18659
17018	-0.09314
17019	-0.09451
17020	-0.09661
17021	-0.06075
17022	-0.04115
17023	-0.02653
17024	0.09087
17025	0.42758
17026	0.74516
17027	0.55361
17028	-0.22673
17029	-0.92891
17030	-0.87548
17031	-0.32309
17032	0.28987
17033	1.46871
17034	1.59306
17035	-1.39708
17036	-1.81073
17037	2.21917
17038	1.21684
17039	-2.75756
17040	-1.62020
17041	1.31594
17042	0.73071
17043	-1.57109
17044	-1.30593
17045	0.01431
17046	-0.08801
17047	2.26874
17048	5.87358
17049	0.07733
17050	-4.66755
17051	2.06544
17052	3.95621
17053	-2.50266
17054	-4.03646
17055	-0.57961
17056	0.60789
17057	0.07505
17058	-0.22952
17059	-0.27655
17060	-0.12847
17061	0.17845
17062	0.24411
17063	-0.01589
17064	-0.17591
17065	-0.25823
17066	-0.39079
17067	-0.49541
17068	-0.42372
17069	-0.10275
17070	0.06558
17071	0.09561
17072	0.10628
17073	0.02256
17074	-0.07886
17075	-0.05133
17076	0.02014
17077	0.00653
17078	-0.06152
17079	-0.02564
17080	0.01127
17081	0.08774
17082	0.13997
17083	-0.01034
17084	-0.24382
17085	-0.22319
17086	-0.08884
17087	0.00529
17088	0.16192
17089	0.36705
17090	0.07565
17091	-0.46526
17092	-0.45739
17093	-0.14151
17094	0.17755
17095	0.28806
17096	-0.28317
17097	-0.44841
17098	-0.09103
17099	0.00856
17100	-0.42493
17101	-0.24848
17102	0.09076
17103	-0.07363
17104	0.20746
17105	0.36151
17106	0.17499
17107	-0.14435
17108	-0.39240
17109	-0.11432
17110	0.00177
17111	-0.00013
17112	0.06775
17113	0.16571
17114	-0.14945
17115	-0.25464
17116	-0.06290
17117	0.04751
17118	0.04061
17119	0.01405
17120	-0.00322
17121	-0.00620
17122	0.24970
17123	0.80951
17124	0.36702
17125	-0.33205
17126	0.20150
17127	1.45109
17128	2.19273
17129	0.01510
17130	-2.86542
17131	-2.55650
17132	-1.03434
17133	-0.47958
17134	-0.52014
17135	-0.18054
17136	0.63664
17137	0.78817
17138	0.16133
17139	0.08839
17140	0.62206
17141	0.83197
17142	0.21091
17143	-0.36783
17144	-0.62309
17145	-0.69174
17146	-0.46951
17147	-0.15024
17148	-0.00611
17149	-0.07581
17150	-0.18485
17151	-0.20329
17152	-0.18591
17153	-0.17309
17154	-0.09837
17155	0.30590
17156	1.00161
17157	0.91679
17158	-0.23249
17159	-1.03019
17160	-0.77738
17161	0.01965
17162	1.13213
17163	1.25584
17164	-1.35653
17165	-2.33483
17166	0.73997
17167	1.90391
17168	-0.87024
17169	-2.19581
17170	-0.85914
17171	0.45921
17172	0.62475
17173	0.39065
17174	0.47481
17175	0.67670
17176	0.73396
17177	-0.19046
17178	-2.23826
17179	1.66808
17180	11.88852
17181	6.05509
17182	-10.00646
17183	-10.47916
17184	-1.14112
17185	4.63551
17186	3.17068
17187	-2.23831
17188	-3.77138
17189	-1.47242
17190	-0.16028
17191	0.00931
17192	-0.03857
17193	-0.05892
17194	-0.08048
17195	-0.06870
17196	-0.02834
17197	0.00951
17198	-0.00414
17199	-0.15338
17200	-0.16670
17201	-0.02010
17202	0.07482
17203	-0.03390
17204	-0.10839
17205	-0.07372
17206	-0.04898
17207	-0.00383
17208	0.02652
17209	-0.02603
17210	-0.13242
17211	-0.06200
17212	-0.00371
17213	0.08132
17214	0.22237
17215	0.16253
17216	-0.17062
17217	-0.30910
17218	-0.07609
17219	0.19534
17220	0.19873
17221	-0.05990
17222	-0.29187
17223	-0.37046
17224	-0.34716
17225	-0.32004
17226	-0.37913
17227	-0.25691
17228	0.01260
17229	0.00773
17230	-0.01585
17231	0.03583
17232	0.24444
17233	0.29054
17234	-0.20445
17235	-0.19993
17236	-0.09375
17237	-0.27886
17238	-0.06900
17239	0.47099
17240	0.23502
17241	0.20732
17242	0.30194
17243	-0.43012
17244	-0.86717
17245	-0.22016
17246	0.08328
17247	0.29935
17248	0.20703
17249	0.05614
17250	0.03177
17251	0.07007
17252	0.36165
17253	1.31809
17254	2.88597
17255	2.02199
17256	-1.02797
17257	-2.14456
17258	-2.28857
17259	-2.75292
17260	-2.51639
17261	-1.37298
17262	-0.23505
17263	0.51375
17264	0.89811
17265	0.85313
17266	0.37838
17267	-0.14472
17268	-0.15434
17269	0.15697
17270	0.05964
17271	-0.46601
17272	-0.52970
17273	-0.17681
17274	0.13128
17275	0.19388
17276	-0.08461
17277	-0.34782
17278	-0.31453
17279	-0.18413
17280	-0.19629
17281	-0.23511
17282	0.22667
17283	0.88186
17284	0.77174
17285	0.09716
17286	-0.29849
17287	-0.11762
17288	0.57718
17289	1.62661
17290	1.80581
17291	-0.76291
17292	-3.95186
17293	-1.55682
17294	3.91212
17295	2.61569
17296	-2.77597
17297	-3.85155
17298	-1.59546
17299	-0.22627
17300	0.07714
17301	0.32115
17302	0.43514
17303	-0.10152
17304	-0.47620
17305	0.12272
17306	0.53001
17307	0.38965
17308	-0.12075
17309	-0.02579
17310	1.17561
17311	0.17154
17312	-2.00235
17313	-0.11267
17314	4.09944
17315	1.63919
17316	-3.17987
17317	-2.39507
17318	0.15974
17319	0.68675
17320	-0.12304
17321	-0.67227
17322	-0.45640
17323	-0.16776
17324	-0.05472
17325	-0.02381
17326	-0.00008
17327	0.00463
17328	-0.08766
17329	-0.13446
17330	-0.03805
17331	-0.00990
17332	0.11198
17333	0.21072
17334	0.01177
17335	-0.15132
17336	-0.22614
17337	-0.27168
17338	-0.15400
17339	-0.05006
17340	-0.02229
17341	-0.05453
17342	-0.04315
17343	0.02244
17344	0.18588
17345	0.21261
17346	-0.16277
17347	-0.18981
17348	0.18571
17349	0.18056
17350	-0.30412
17351	-0.40068
17352	-0.40527
17353	-0.63154
17354	-0.56893
17355	-0.18606
17356	-0.03822
17357	-0.02104
17358	-0.05540
17359	-0.07358
17360	-0.03012
17361	0.00173
17362	0.04291
17363	0.05924
17364	0.05110
17365	0.01844
17366	-0.10448
17367	0.05035
17368	0.18877
17369	0.01848
17370	0.05713
17371	0.28194
17372	0.51127
17373	-0.13933
17374	-0.81318
17375	-0.03070
17376	0.00415
17377	-0.25302
17378	0.17107
17379	0.48382
17380	0.46763
17381	0.57904
17382	1.00936
17383	1.33490
17384	1.14663
17385	0.45143
17386	-0.63583
17387	-2.31131
17388	-3.28022
17389	-2.40021
17390	-1.03966
17391	-0.04372
17392	0.94381
17393	1.30241
17394	0.74502
17395	0.44357
17396	0.34731
17397	-0.05081
17398	-0.22685
17399	-0.11231
17400	-0.46544
17401	-1.08241
17402	-0.92624
17403	-0.36063
17404	0.00464
17405	0.13521
17406	-0.02368
17407	-0.20944
17408	-0.22574
17409	-0.22525
17410	-0.14935
17411	0.15438
17412	0.55884
17413	0.85140
17414	0.76994
17415	0.04914
17416	-0.83286
17417	-0.70722
17418	0.40463
17419	1.94461
17420	2.06068
17421	-1.33066
17422	-4.14263
17423	0.28017
17424	5.03024
17425	1.09859
17426	-4.24145
17427	-3.96718
17428	-1.01055
17429	0.10124
17430	-0.07066
17431	-0.04906
17432	0.21083
17433	1.05700
17434	1.60612
17435	-0.27294
17436	-2.06569
17437	1.09407
17438	4.36207
17439	0.12039
17440	-4.92240
17441	-2.74499
17442	0.94673
17443	1.23493
17444	0.46799
17445	-0.05319
17446	-0.44938
17447	-0.59859
17448	-0.37489
17449	-0.08844
17450	0.00024
17451	0.00061
17452	0.01903
17453	0.00424
17454	0.02201
17455	0.06922
17456	-0.03216
17457	-0.22153
17458	-0.27001
17459	-0.11856
17460	0.07361
17461	0.28429
17462	0.07484
17463	-0.23826
17464	-0.24298
17465	-0.19169
17466	-0.11219
17467	0.02538
17468	0.01473
17469	-0.00300
17470	0.21593
17471	0.53292
17472	0.11015
17473	-0.53933
17474	-0.48750
17475	-0.16442
17476	0.02820
17477	0.04390
17478	0.04936
17479	0.19795
17480	0.19233
17481	-0.34130
17482	-0.90735
17483	-0.66994
17484	-0.18529
17485	0.01334
17486	0.11579
17487	0.07046
17488	-0.10074
17489	0.15563
17490	0.51322
17491	0.15943
17492	-0.17136
17493	-0.13140
17494	-0.06645
17495	-0.03142
17496	-0.02304
17497	-0.00296
17498	0.49739
17499	1.18445
17500	0.25175
17501	-0.93195
17502	-0.21585
17503	0.17761
17504	-0.35994
17505	0.09835
17506	0.56154
17507	0.26350
17508	0.10364
17509	0.29699
17510	0.97548
17511	2.09104
17512	2.04936
17513	0.61390
17514	-0.74540
17515	-1.24322
17516	-1.82915
17517	-2.94638
17518	-3.09792
17519	-1.60605
17520	0.17855
17521	0.99387
17522	1.00723
17523	0.78213
17524	0.35286
17525	-0.17560
17526	-0.41546
17527	-0.21522
17528	0.15021
17529	0.13528
17530	-0.50450
17531	-0.71327
17532	-0.29694
17533	-0.09418
17534	0.02967
17535	0.25326
17536	0.33739
17537	0.36735
17538	0.30555
17539	0.04737
17540	-0.05047
17541	0.07370
17542	0.24718
17543	0.36222
17544	0.24494
17545	-0.19202
17546	-0.55404
17547	-0.59571
17548	-0.52677
17549	-0.28955
17550	0.25216
17551	0.63456
17552	0.52427
17553	0.40423
17554	0.38240
17555	-0.05581
17556	-0.63126
17557	-0.63882
17558	-0.48063
17559	-0.50711
17560	-0.45479
17561	-0.26539
17562	-0.08653
17563	-0.00468
17564	-0.22177
17565	-0.44178
17566	-0.31005
17567	0.60630
17568	2.74972
17569	3.75307
17570	0.18045
17571	-3.10421
17572	-1.44371
17573	1.01495
17574	0.11249
17575	-0.62595
17576	1.22609
17577	1.46015
17578	-0.60993
17579	-1.98422
17580	-1.18248
17581	0.23312
17582	0.67960
17583	0.47501
17584	0.34649
17585	0.16704
17586	-0.34978
17587	-0.84291
17588	-0.87657
17589	-0.59142
17590	-0.17279
17591	0.33571
17592	0.37926
17593	0.11134
17594	0.11137
17595	0.18452
17596	0.06829
17597	0.03864
17598	0.05306
17599	0.00651
17600	0.00279
17601	-0.00927
17602	-0.03088
17603	-0.03216
17604	-0.02283
17605	0.00433
17606	-0.00028
17607	-0.00083
17608	-0.01702
17609	0.11812
17610	0.17263
17611	0.08953
17612	0.10769
17613	0.18173
17614	0.19171
17615	0.05965
17616	-0.04640
17617	-0.06958
17618	-0.03551
17619	-0.00479
17620	0.00281
17621	0.04884
17622	0.08893
17623	-0.05249
17624	-0.22952
17625	-0.28978
17626	-0.15824
17627	-0.01352
17628	0.01099
17629	0.05794
17630	-0.15827
17631	-0.20890
17632	-0.06991
17633	-0.03381
17634	-0.05754
17635	-0.05684
17636	-0.00891
17637	-0.00676
17638	-0.03070
17639	0.05256
17640	0.17470
17641	0.17290
17642	0.15692
17643	0.06211
17644	-0.01038
17645	0.01202
17646	0.00850
17647	-0.00677
17648	-0.00019
17649	0.00033
17650	-0.00049
17651	-0.00111
17652	-0.00208
17653	-0.00240
17654	-0.02118
17655	-0.01681
17656	0.00646
17657	0.00088
17658	-0.01486
17659	-0.02283
17660	0.00026
17661	0.16278
17662	0.50595
17663	0.32147
17664	-0.21850
17665	-0.62831
17666	-0.49414
17667	-0.15354
17668	0.03650
17669	0.14747
17670	0.30223
17671	0.47166
17672	0.29060
17673	-0.06916
17674	-0.11707
17675	-0.00592
17676	0.13324
17677	0.23488
17678	0.13996
17679	-0.06607
17680	-0.10360
17681	-0.08056
17682	-0.10853
17683	-0.01646
17684	0.18449
17685	0.10679
17686	0.06903
17687	0.34221
17688	0.77027
17689	0.30810
17690	-0.61601
17691	-0.40619
17692	0.06410
17693	0.47657
17694	0.58155
17695	-0.02271
17696	-0.63677
17697	-0.54372
17698	-0.07164
17699	0.06533
17700	0.01258
17701	-0.02518
17702	-0.03346
17703	0.02012
17704	0.23478
17705	0.33674
17706	-0.12880
17707	-0.20924
17708	-0.01095
17709	0.02490
17710	0.16899
17711	0.26587
17712	0.12337
17713	-0.06973
17714	-0.02695
17715	0.05265
17716	0.14505
17717	0.05442
17718	-0.11982
17719	-0.00257
17720	0.02100
17721	-0.04551
17722	-0.02995
17723	-0.02604
17724	-0.01928
17725	0.00715
17726	-0.00378
17727	0.03622
17728	0.07544
17729	-0.05223
17730	-0.10646
17731	-0.07172
17732	-0.00696
17733	0.08204
17734	-0.03282
17735	0.00607
17736	0.02623
17737	-0.08217
17738	-0.03149
17739	0.01393
17740	0.06244
17741	0.12597
17742	0.05512
17743	-0.10444
17744	-0.01338
17745	0.10406
17746	-0.10276
17747	-0.04002
17748	0.02292
17749	-0.00253
17750	-0.00382
17751	0.00590
17752	0.00992
17753	0.00092
17754	-0.00346
17755	-0.03938
17756	0.03233
17757	0.00592
17758	0.01451
17759	0.02341
17760	-0.09683
17761	-0.02612
17762	0.04877
17763	-0.00550
17764	0.00291
17765	-0.00045
17766	-0.02139
17767	-0.00194
17768	0.03938
17769	0.05155
17770	-0.02453
17771	0.00694
17772	0.03224
17773	-0.04029
17774	-0.06897
17775	0.04784
17776	0.04349
17777	-0.04954
17778	0.05805
17779	-0.00483
17780	-0.14032
17781	-0.02766
17782	0.06532
17783	-0.02754
17784	0.01289
17785	-0.04386
17786	0.05474
17787	0.02503
17788	-0.03152
17789	0.01982
17790	-0.05571
17791	0.00742
17792	0.04656
17793	-0.03354
17794	0.01319
17795	-0.01323
17796	-0.03344
17797	-0.00596
17798	0.00159
17799	0.00178
17800	0.00030
17801	-0.00072
17802	0.00494
17803	0.00535
17804	-0.02431
17805	-0.03538
17806	-0.01649
17807	0.03007
17808	0.03978
17809	-0.01193
17810	-0.00710
17811	0.01269
17812	-0.00857
17813	-0.03635
17814	-0.01676
17815	0.00131
17816	0.02393
17817	-0.03554
17818	-0.06654
17819	-0.00347
17820	-0.00029
17821	-0.00756
17822	-0.01237
17823	0.01481
17824	-0.00506
17825	0.00914
17826	-0.02252
17827	-0.00236
17828	0.00473
17829	0.00055
17830	0.01656
17831	0.04755
17832	0.01162
17833	-0.00289
17834	-0.00101
17835	0.00249
17836	0.01580
17837	-0.05150
17838	-0.00938
17839	0.06630
17840	-0.02074
17841	0.01000
17842	-0.00748
17843	
17844	