1	
2	
3	-0.20871
4	-0.26211
5	-0.24046
6	-0.05955
7	0.03407
8	-0.12305
9	-0.25437
10	-0.17312
11	-0.09670
12	-0.19127
13	-0.29382
14	-0.19181
15	0.00768
16	0.02410
17	-0.08827
18	-0.01211
19	0.20819
20	0.17058
21	-0.19909
22	-0.49040
23	-0.36674
24	-0.01392
25	0.07758
26	-0.14951
27	-0.26853
28	-0.19488
29	-0.14115
30	-0.07121
31	0.00237
32	-0.07254
33	-0.14556
34	-0.01051
35	0.09114
36	-0.13731
37	-0.41448
38	-0.33636
39	-0.08603
40	0.02780
41	0.05507
42	0.06981
43	-0.14469
44	-0.36802
45	-0.17046
46	0.09275
47	-0.09104
48	-0.33314
49	-0.20866
50	0.00522
51	-0.00629
52	-0.15210
53	-0.25510
54	-0.23327
55	-0.02545
56	0.19484
57	0.10069
58	-0.22415
59	-0.37320
60	-0.28760
61	-0.13013
62	0.05673
63	0.04585
64	-0.22832
65	-0.21940
66	0.17646
67	0.24598
68	-0.15113
69	-0.41126
70	-0.31839
71	-0.15396
72	-0.07072
73	-0.06235
74	-0.17331
75	-0.32388
76	-0.28771
77	-0.09368
78	-0.00497
79	-0.00780
80	0.10870
81	0.20516
82	-0.03600
83	-0.35944
84	-0.24956
85	0.05162
86	-0.00311
87	-0.23691
88	-0.24861
89	-0.13191
90	-0.10473
91	-0.14309
92	-0.16700
93	-0.16938
94	-0.14704
95	-0.09167
96	-0.03644
97	-0.02735
98	-0.06276
99	-0.09263
100	-0.11597
101	-0.22720
102	-0.37192
103	-0.27961
104	0.07560
105	0.26245
106	-0.00728
107	-0.33762
108	-0.21498
109	0.08946
110	0.00433
111	-0.36570
112	-0.49157
113	-0.18811
114	0.13682
115	0.05950
116	-0.12381
117	0.01497
118	0.15106
119	-0.07260
120	-0.41144
121	-0.54261
122	-0.32957
123	0.13336
124	0.35997
125	0.06613
126	-0.28702
127	-0.25342
128	-0.10094
129	-0.13562
130	-0.17884
131	-0.10984
132	-0.06305
133	-0.05824
134	-0.08223
135	-0.14221
136	-0.15022
137	-0.08930
138	-0.03158
139	-0.01016
140	-0.11626
141	-0.28918
142	-0.24005
143	-0.00039
144	0.09592
145	0.03451
146	-0.03113
147	-0.15929
148	-0.30320
149	-0.19999
150	0.14661
151	0.33941
152	0.13228
153	-0.21938
154	-0.37279
155	-0.32195
156	-0.21173
157	-0.11761
158	-0.08995
159	-0.17293
160	-0.34302
161	-0.41625
162	-0.16095
163	0.21944
164	0.21758
165	-0.14383
166	-0.33666
167	-0.20547
168	-0.05831
169	-0.01632
170	0.01009
171	-0.01953
172	-0.00923
173	0.18108
174	0.18323
175	-0.18786
176	-0.42774
177	-0.27971
178	-0.02401
179	0.06365
180	-0.08223
181	-0.26401
182	-0.22832
183	-0.05499
184	-0.01848
185	-0.09215
186	-0.05030
187	-0.03306
188	-0.26843
189	-0.40887
190	-0.03141
191	0.46460
192	0.28087
193	-0.51517
194	-0.92018
195	-0.43579
196	0.23799
197	0.25965
198	-0.25972
199	-0.54322
200	-0.29074
201	-0.03786
202	-0.14190
203	-0.22766
204	-0.13451
205	-0.22072
206	-0.42639
207	-0.34045
208	0.05680
209	0.51557
210	0.83814
211	0.76305
212	0.32436
213	-0.06029
214	-0.20180
215	-0.24399
216	-0.27205
217	-0.32878
218	-0.43295
219	-0.48942
220	-0.41381
221	-0.26592
222	-0.13142
223	-0.06011
224	-0.07526
225	-0.15708
226	-0.20487
227	-0.11552
228	0.02971
229	-0.00665
230	-0.29995
231	-0.55139
232	-0.33843
233	0.21439
234	0.33453
235	-0.14919
236	-0.33545
237	0.15477
238	0.50890
239	0.27479
240	-0.07070
241	-0.14986
242	-0.10541
243	-0.18014
244	-0.37044
245	-0.40898
246	-0.19646
247	-0.09347
248	-0.28409
249	-0.27929
250	0.14400
251	0.33121
252	-0.03027
253	-0.20781
254	0.08096
255	0.05908
256	-0.38839
257	-0.56368
258	-0.41948
259	-0.23976
260	-0.01314
261	0.06864
262	-0.17938
263	-0.40515
264	-0.20236
265	0.21123
266	0.26923
267	-0.05005
268	-0.25311
269	-0.22936
270	-0.28111
271	-0.34136
272	-0.04817
273	0.37903
274	0.31367
275	-0.13095
276	-0.23984
277	-0.02481
278	-0.07286
279	-0.27036
280	-0.11349
281	0.18675
282	0.15630
283	-0.04961
284	-0.05585
285	0.06480
286	-0.00116
287	-0.24760
288	-0.33990
289	-0.16814
290	0.00971
291	-0.03616
292	-0.20772
293	-0.19731
294	0.04649
295	0.19974
296	0.06600
297	-0.14575
298	-0.11707
299	0.14029
300	0.17986
301	-0.20349
302	-0.46867
303	-0.26506
304	-0.11430
305	-0.33474
306	-0.47570
307	-0.30702
308	-0.05161
309	0.11020
310	-0.00446
311	-0.34232
312	-0.37783
313	-0.00664
314	0.20223
315	0.04090
316	-0.15023
317	-0.23634
318	-0.17923
319	0.02589
320	0.11242
321	-0.01464
322	-0.06603
323	-0.06575
324	-0.26783
325	-0.46563
326	-0.23949
327	0.14619
328	0.04660
329	-0.41005
330	-0.43535
331	0.06117
332	0.32069
333	0.00241
334	-0.39337
335	-0.41658
336	-0.21110
337	-0.09799
338	-0.10053
339	-0.04617
340	0.05021
341	-0.01927
342	-0.19707
343	-0.23697
344	-0.16399
345	-0.05802
346	0.08206
347	0.04607
348	-0.21967
349	-0.24849
350	0.12441
351	0.25486
352	-0.18077
353	-0.51729
354	-0.24560
355	0.12876
356	0.00567
357	-0.29274
358	-0.23687
359	-0.02049
360	-0.04415
361	-0.20176
362	-0.14649
363	0.16011
364	0.36217
365	0.11685
366	-0.33117
367	-0.39728
368	-0.08835
369	0.03600
370	-0.18770
371	-0.32579
372	-0.12719
373	0.03706
374	-0.12321
375	-0.23404
376	-0.04971
377	0.01875
378	-0.24628
379	-0.39997
380	-0.13643
381	0.15657
382	-0.02019
383	-0.43094
384	-0.35283
385	0.17484
386	0.24865
387	-0.30792
388	-0.55064
389	-0.04714
390	0.49402
391	0.39963
392	-0.17171
393	-0.66002
394	-0.68418
395	-0.25606
396	0.20110
397	0.32773
398	0.24997
399	0.12156
400	-0.03938
401	-0.03601
402	0.01234
403	-0.26860
404	-0.55122
405	-0.40134
406	-0.17253
407	-0.10337
408	0.12355
409	0.41956
410	0.20757
411	-0.44838
412	-0.65961
413	-0.17485
414	0.19205
415	0.03085
416	-0.21963
417	-0.27739
418	-0.21443
419	-0.09438
420	-0.07001
421	-0.14560
422	-0.01126
423	0.18287
424	-0.02799
425	-0.29220
426	-0.12374
427	0.03355
428	-0.13177
429	-0.14207
430	0.05852
431	-0.04467
432	-0.36780
433	-0.39792
434	-0.16051
435	0.03428
436	0.16873
437	0.20121
438	-0.07339
439	-0.47304
440	-0.52458
441	-0.19399
442	0.13346
443	0.21389
444	0.09917
445	-0.00490
446	0.01937
447	0.06451
448	0.04761
449	-0.00898
450	-0.19270
451	-0.49836
452	-0.59554
453	-0.27789
454	0.12969
455	0.17908
456	-0.07490
457	-0.25587
458	-0.23834
459	-0.15306
460	-0.05887
461	0.02571
462	-0.03525
463	-0.23664
464	-0.29370
465	-0.13563
466	-0.01295
467	-0.02114
468	-0.03993
469	-0.03244
470	-0.04157
471	-0.07233
472	-0.09541
473	-0.05350
474	0.05806
475	0.08149
476	-0.15555
477	-0.37981
478	-0.15513
479	0.17665
480	0.02554
481	-0.31081
482	-0.34094
483	-0.24975
484	-0.20129
485	-0.09277
486	0.00705
487	0.04355
488	0.02318
489	-0.01436
490	0.01918
491	0.05643
492	-0.06353
493	-0.16647
494	0.00626
495	0.17929
496	-0.07260
497	-0.60076
498	-0.91569
499	-0.77574
500	-0.24912
501	0.17767
502	0.01781
503	-0.42452
504	-0.48684
505	-0.21757
506	-0.06717
507	0.02865
508	0.28720
509	0.46789
510	0.29983
511	-0.03293
512	-0.22759
513	-0.13199
514	0.16008
515	0.20666
516	-0.05418
517	-0.17182
518	-0.07650
519	-0.02442
520	0.00471
521	0.09216
522	0.02529
523	-0.31253
524	-0.54063
525	-0.27824
526	0.08194
527	-0.07582
528	-0.41899
529	-0.33305
530	-0.00593
531	0.07244
532	-0.05169
533	-0.05767
534	-0.04794
535	-0.16006
536	-0.21518
537	-0.29629
538	-0.54831
539	-0.40135
540	0.24781
541	0.37133
542	-0.13425
543	-0.31386
544	-0.16969
545	-0.26981
546	-0.25487
547	0.08635
548	0.06393
549	-0.29609
550	-0.01852
551	0.79802
552	0.75988
553	-0.28102
554	-0.76600
555	-0.18685
556	0.34188
557	0.06271
558	-0.61037
559	-0.96607
560	-0.74862
561	-0.25284
562	-0.00204
563	-0.00175
564	0.22383
565	0.43191
566	0.14108
567	-0.13782
568	0.16851
569	0.65548
570	0.54679
571	-0.15346
572	-0.63016
573	-0.36130
574	0.40995
575	0.92860
576	0.66068
577	-0.08453
578	-0.67825
579	-0.77642
580	-0.53010
581	-0.38331
582	-0.48734
583	-0.57861
584	-0.33068
585	-0.03895
586	-0.27042
587	-0.69743
588	-0.55148
589	-0.00940
590	-0.00430
591	-0.40676
592	-0.51582
593	-0.47294
594	-0.58743
595	-0.71282
596	-0.87197
597	-1.14727
598	-0.97199
599	-0.08424
600	0.76489
601	0.91352
602	0.56302
603	0.31277
604	0.31975
605	0.31140
606	0.04912
607	-0.26892
608	-0.33736
609	-0.04783
610	0.32183
611	0.53439
612	0.58424
613	0.46638
614	0.23119
615	0.09548
616	0.18014
617	0.31639
618	0.30723
619	0.11293
620	-0.18772
621	-0.31900
622	-0.08284
623	0.23282
624	0.26725
625	0.08799
626	-0.09901
627	-0.24161
628	-0.33451
629	-0.32886
630	-0.17172
631	0.04507
632	0.20430
633	0.41899
634	0.63424
635	0.46751
636	-0.08927
637	-0.61001
638	-0.73926
639	-0.25952
640	0.54287
641	0.64463
642	-0.41577
643	-1.42009
644	-1.58368
645	-1.35967
646	-1.68329
647	-1.71168
648	0.37722
649	3.60034
650	4.74180
651	2.65342
652	-0.64365
653	-2.68564
654	-2.71199
655	-1.55289
656	-0.30284
657	0.52220
658	0.75425
659	0.53158
660	0.18595
661	-0.10487
662	-0.41920
663	-0.79092
664	-1.08846
665	-1.09890
666	-0.83980
667	-0.54351
668	-0.43496
669	-0.57380
670	-0.51784
671	-0.07750
672	0.18064
673	0.13457
674	-0.02973
675	-0.14881
676	0.13356
677	0.65004
678	0.82312
679	0.31840
680	-0.34853
681	-0.29453
682	0.38033
683	0.59114
684	0.05006
685	-0.29886
686	0.00212
687	0.10190
688	-0.92622
689	-2.02535
690	-1.48121
691	0.43379
692	1.70479
693	1.10232
694	-0.22558
695	-0.53292
696	-0.10143
697	-0.25692
698	-0.70571
699	-0.51218
700	-0.02723
701	0.02249
702	-0.32637
703	-0.47781
704	-0.21936
705	0.03803
706	0.03459
707	-0.14151
708	-0.34839
709	-0.67127
710	-1.03086
711	-1.07547
712	-0.57675
713	0.13515
714	0.64277
715	0.70846
716	-0.31600
717	-1.92728
718	-2.57392
719	-2.10108
720	-1.34081
721	-0.56511
722	0.14744
723	0.57634
724	0.95955
725	1.57289
726	2.24331
727	2.57470
728	2.27863
729	1.47920
730	0.74851
731	0.40733
732	0.20750
733	-0.06270
734	-0.29987
735	-0.36049
736	-0.31234
737	-0.36069
738	-0.50014
739	-0.55305
740	-0.43048
741	-0.16029
742	0.07452
743	0.05000
744	-0.20857
745	-0.43408
746	-0.46353
747	-0.39450
748	-0.34810
749	-0.33441
750	-0.09691
751	0.81764
752	1.83441
753	1.20209
754	-1.15705
755	-2.45980
756	-0.75447
757	1.99684
758	2.45285
759	0.30424
760	-1.94817
761	-2.59133
762	-1.91880
763	-1.05271
764	-1.01125
765	-1.67673
766	-1.48045
767	1.09716
768	5.15672
769	7.43444
770	5.40011
771	0.01034
772	-4.61079
773	-5.79106
774	-4.39016
775	-2.10006
776	-0.10250
777	0.91351
778	1.14688
779	1.03304
780	0.65967
781	0.15729
782	-0.23537
783	-0.48743
784	-0.42813
785	-0.08983
786	0.05959
787	0.01715
788	-0.19779
789	-0.48617
790	-0.48252
791	-0.18291
792	0.32806
793	0.64607
794	0.15353
795	-0.76163
796	-0.75940
797	0.20969
798	0.50317
799	-0.37653
800	-0.97566
801	-0.80609
802	-0.42974
803	0.24915
804	0.79985
805	0.44175
806	-0.15549
807	-0.05779
808	-0.01299
809	-0.51024
810	-0.72335
811	-0.39659
812	-0.00192
813	0.20052
814	0.36138
815	0.32369
816	-0.07655
817	-0.24767
818	-0.23409
819	-0.49220
820	-1.01750
821	-1.15623
822	-0.38972
823	0.37665
824	0.49009
825	0.29838
826	0.11825
827	-0.67561
828	-2.23141
829	-2.41282
830	-0.62268
831	0.77426
832	0.54920
833	0.00457
834	0.26135
835	0.90841
836	1.23127
837	1.00654
838	0.62876
839	0.51429
840	0.42559
841	0.24100
842	0.39881
843	0.97272
844	1.34814
845	0.95747
846	0.01006
847	-0.69651
848	-0.76449
849	-0.48319
850	-0.24395
851	-0.21950
852	-0.44154
853	-0.88947
854	-1.35466
855	-1.37175
856	-0.74637
857	0.20168
858	1.32041
859	2.40481
860	2.04549
861	-0.69285
862	-3.27385
863	-2.19093
864	1.53647
865	3.23390
866	1.15710
867	-1.52507
868	-1.98552
869	-0.92178
870	0.27809
871	1.35511
872	1.39754
873	-0.92371
874	-3.29733
875	-2.27796
876	1.73346
877	4.50151
878	3.23120
879	-0.27624
880	-3.08621
881	-3.91431
882	-2.91355
883	-0.82216
884	1.09970
885	1.91162
886	1.47313
887	0.27668
888	-0.93529
889	-1.36331
890	-0.80754
891	-0.01737
892	0.24688
893	0.09997
894	0.01527
895	0.14134
896	0.15785
897	-0.42654
898	-0.92573
899	-0.62264
900	-0.02997
901	0.49529
902	0.83749
903	0.62452
904	-0.25587
905	-0.93041
906	-0.52170
907	0.30499
908	0.48968
909	-0.10222
910	-0.34772
911	0.05990
912	0.06329
913	-0.56665
914	-0.80723
915	-0.21622
916	0.04540
917	-0.28409
918	-0.30075
919	0.09567
920	0.27092
921	-0.17972
922	-0.72814
923	-0.81104
924	-0.53487
925	-0.36480
926	-0.57894
927	-0.87122
928	-0.78389
929	0.03323
930	1.40215
931	2.42502
932	2.25144
933	0.83268
934	-1.42419
935	-3.39033
936	-3.39564
937	-1.84198
938	-0.58495
939	-0.33596
940	0.06261
941	0.85587
942	1.51918
943	1.89302
944	1.83802
945	1.41047
946	1.13427
947	1.05667
948	0.62666
949	0.00794
950	-0.03971
951	0.36921
952	0.45827
953	0.08521
954	-0.36809
955	-0.62399
956	-0.49735
957	-0.24991
958	-0.51584
959	-1.17975
960	-1.49926
961	-1.25724
962	-0.71893
963	-0.08084
964	0.80081
965	2.18732
966	2.81534
967	0.38675
968	-3.58586
969	-3.71181
970	0.99208
971	4.22982
972	1.82918
973	-2.13028
974	-2.72154
975	-0.48678
976	1.95114
977	3.11712
978	1.61693
979	-2.45601
980	-5.24355
981	-3.14680
982	2.10191
983	4.64029
984	2.01258
985	-2.12694
986	-3.83235
987	-3.04101
988	-1.36935
989	0.54854
990	1.97197
991	2.20250
992	1.28312
993	0.12629
994	-0.40731
995	-0.71064
996	-0.90649
997	-0.66884
998	-0.52548
999	-0.64632
1000	-0.58491
1001	-0.14573
1002	0.12066
1003	-0.24439
1004	-0.63766
1005	-0.39573
1006	0.02667
1007	0.04977
1008	-0.04137
1009	0.46151
1010	1.01327
1011	0.45563
1012	-0.79760
1013	-1.21269
1014	-0.44356
1015	0.38254
1016	0.59279
1017	0.24751
1018	-0.22895
1019	-0.36173
1020	-0.17057
1021	-0.14784
1022	-0.43531
1023	-0.52215
1024	-0.33920
1025	-0.11251
1026	-0.00932
1027	-0.21453
1028	-0.26486
1029	0.02744
1030	-0.01708
1031	-0.64017
1032	-1.23658
1033	-0.97638
1034	0.03663
1035	1.13676
1036	1.37758
1037	0.04272
1038	-2.04746
1039	-3.07773
1040	-2.52368
1041	-1.14761
1042	-0.10371
1043	0.55261
1044	1.17368
1045	1.57571
1046	1.59527
1047	1.45601
1048	1.33167
1049	1.18390
1050	0.95397
1051	0.59975
1052	0.11331
1053	-0.28577
1054	-0.23125
1055	0.22438
1056	0.44389
1057	0.02891
1058	-0.52940
1059	-0.59277
1060	-0.32391
1061	-0.25255
1062	-0.47026
1063	-0.77326
1064	-0.96233
1065	-0.82507
1066	-0.35336
1067	0.38871
1068	1.69255
1069	3.07648
1070	2.26734
1071	-1.16826
1072	-2.95016
1073	-0.65814
1074	1.33493
1075	-0.29190
1076	-2.33571
1077	-1.74613
1078	-0.08949
1079	-0.54879
1080	-2.91399
1081	-3.57206
1082	0.38145
1083	5.71308
1084	6.27000
1085	2.00176
1086	-1.87138
1087	-2.64019
1088	-1.78509
1089	-0.97436
1090	-0.44969
1091	-0.02709
1092	0.28141
1093	0.19692
1094	-0.41671
1095	-0.96742
1096	-1.01570
1097	-0.77965
1098	-0.60934
1099	-0.42429
1100	-0.02772
1101	0.34540
1102	0.64718
1103	0.59528
1104	-0.07052
1105	-0.72746
1106	-0.51741
1107	0.50371
1108	0.90147
1109	0.01565
1110	-0.75638
1111	-0.55323
1112	-0.14651
1113	-0.14975
1114	-0.32477
1115	-0.44129
1116	-0.10886
1117	0.56287
1118	0.56971
1119	-0.33922
1120	-1.01132
1121	-0.36327
1122	0.29862
1123	-0.24760
1124	-0.49052
1125	-0.02355
1126	0.15018
1127	-0.14281
1128	-0.40813
1129	-0.44636
1130	-0.80791
1131	-1.26624
1132	-0.94810
1133	-0.23546
1134	0.03396
1135	0.07161
1136	0.65572
1137	1.62398
1138	2.00524
1139	1.13992
1140	-0.83813
1141	-2.53073
1142	-2.58970
1143	-1.48930
1144	-0.87712
1145	-1.27319
1146	-1.55649
1147	-0.42523
1148	1.36689
1149	2.21658
1150	2.14135
1151	2.00224
1152	1.83366
1153	1.41179
1154	0.94433
1155	0.53559
1156	0.13451
1157	-0.08507
1158	-0.04725
1159	-0.02651
1160	-0.26382
1161	-0.62418
1162	-0.74905
1163	-0.50714
1164	-0.18747
1165	-0.18235
1166	-0.60006
1167	-1.18535
1168	-1.41661
1169	-0.95888
1170	-0.02382
1171	1.36373
1172	3.19290
1173	3.53177
1174	0.71083
1175	-2.08928
1176	-1.28860
1177	0.44260
1178	-0.41651
1179	-1.89216
1180	-1.77692
1181	-2.20420
1182	-4.48746
1183	-4.50338
1184	0.51382
1185	5.76065
1186	5.69942
1187	1.18656
1188	-2.32970
1189	-2.22569
1190	0.10032
1191	1.81662
1192	1.03222
1193	-0.52304
1194	-0.60099
1195	0.00803
1196	-0.41325
1197	-1.27298
1198	-1.29918
1199	-0.78868
1200	-0.31669
1201	-0.00308
1202	0.15754
1203	0.26959
1204	0.28641
1205	0.42514
1206	0.65113
1207	0.57084
1208	0.34239
1209	0.23774
1210	0.11656
1211	-0.09813
1212	-0.16395
1213	-0.23456
1214	-0.59580
1215	-0.96919
1216	-0.94227
1217	-0.58848
1218	-0.30883
1219	-0.39769
1220	-0.62093
1221	-0.46514
1222	0.09333
1223	0.18950
1224	-0.23194
1225	-0.29061
1226	0.00740
1227	0.09980
1228	-0.22507
1229	-0.44237
1230	-0.09474
1231	0.16801
1232	-0.15954
1233	-0.70554
1234	-0.72785
1235	-0.19599
1236	-0.04850
1237	-0.36818
1238	-0.14167
1239	0.99026
1240	1.97303
1241	1.85844
1242	0.76054
1243	-0.85027
1244	-2.19940
1245	-2.55353
1246	-1.95875
1247	-1.33243
1248	-1.25652
1249	-1.23988
1250	-0.37456
1251	1.13043
1252	2.13364
1253	2.17346
1254	1.87216
1255	1.71001
1256	1.52251
1257	1.11622
1258	0.66245
1259	0.42079
1260	0.37804
1261	0.25225
1262	-0.21308
1263	-0.82347
1264	-1.01825
1265	-0.63247
1266	-0.23693
1267	-0.40377
1268	-0.89258
1269	-1.06913
1270	-0.85253
1271	-0.61738
1272	-0.40453
1273	0.40856
1274	2.24077
1275	3.40728
1276	1.27368
1277	-2.50985
1278	-2.83691
1279	0.36326
1280	1.62262
1281	-0.69379
1282	-2.64878
1283	-2.03353
1284	-0.55129
1285	-0.33278
1286	-1.52692
1287	-2.27566
1288	-0.29737
1289	3.80992
1290	6.62602
1291	5.11818
1292	0.08287
1293	-4.14876
1294	-4.76571
1295	-2.89437
1296	-1.02417
1297	-0.04932
1298	0.43333
1299	0.32456
1300	-0.06494
1301	0.09531
1302	0.44954
1303	0.30288
1304	-0.09773
1305	-0.29298
1306	-0.03135
1307	0.15696
1308	-0.04086
1309	-0.05418
1310	0.01705
1311	-0.09985
1312	-0.16722
1313	-0.25429
1314	-0.50250
1315	-0.57892
1316	-0.36456
1317	-0.13229
1318	-0.08789
1319	-0.21031
1320	-0.04210
1321	0.29113
1322	-0.05730
1323	-0.73604
1324	-0.65171
1325	-0.00887
1326	-0.06502
1327	-0.56349
1328	-0.48753
1329	-0.06871
1330	0.01486
1331	-0.20190
1332	0.11139
1333	0.64161
1334	0.42265
1335	-0.36607
1336	-0.91472
1337	-0.86151
1338	-0.76298
1339	-1.01487
1340	-1.04401
1341	-0.19495
1342	0.98383
1343	1.53134
1344	1.41789
1345	0.92248
1346	-0.10607
1347	-1.12555
1348	-1.23205
1349	-1.10777
1350	-1.75306
1351	-2.33937
1352	-1.93001
1353	-0.98615
1354	0.29664
1355	1.55364
1356	2.04205
1357	1.97280
1358	1.98552
1359	1.90652
1360	1.43083
1361	0.80419
1362	0.37934
1363	0.21302
1364	0.19100
1365	0.20070
1366	0.00913
1367	-0.50925
1368	-0.94892
1369	-0.82940
1370	-0.29544
1371	0.07765
1372	-0.09427
1373	-0.70479
1374	-1.19978
1375	-1.05281
1376	-0.30682
1377	0.78497
1378	2.26351
1379	3.33434
1380	1.79725
1381	-2.13146
1382	-3.75350
1383	-0.80331
1384	1.98212
1385	0.61169
1386	-2.13170
1387	-2.66063
1388	-2.09200
1389	-2.94119
1390	-4.45183
1391	-2.60704
1392	3.84250
1393	9.18744
1394	7.45247
1395	0.44039
1396	-4.62659
1397	-4.23172
1398	-1.16371
1399	0.53837
1400	0.16792
1401	-0.17669
1402	0.29807
1403	0.39584
1404	-0.24177
1405	-0.61954
1406	-0.37219
1407	-0.22020
1408	-0.38191
1409	-0.39222
1410	-0.33406
1411	-0.43421
1412	-0.49317
1413	-0.34634
1414	-0.06152
1415	0.16593
1416	0.33407
1417	0.62793
1418	0.82350
1419	0.33686
1420	-0.41101
1421	-0.48899
1422	-0.17390
1423	-0.30645
1424	-0.62233
1425	-0.52183
1426	-0.54249
1427	-0.77355
1428	-0.26296
1429	0.67641
1430	0.91430
1431	0.22069
1432	-0.64878
1433	-0.75990
1434	-0.45440
1435	-0.45226
1436	-0.38217
1437	0.14648
1438	0.43893
1439	0.02744
1440	-0.50502
1441	-0.57162
1442	-0.31737
1443	-0.21689
1444	-0.40647
1445	-0.55778
1446	-0.17177
1447	0.65014
1448	1.31699
1449	1.27716
1450	0.31379
1451	-0.95986
1452	-1.68174
1453	-1.83382
1454	-1.70421
1455	-1.24707
1456	-0.90655
1457	-0.62745
1458	-0.11555
1459	0.77972
1460	1.60450
1461	1.77249
1462	1.40722
1463	1.07936
1464	0.94632
1465	0.76241
1466	0.57455
1467	0.66049
1468	0.87436
1469	0.77923
1470	0.27031
1471	-0.32419
1472	-0.70018
1473	-0.86184
1474	-0.84232
1475	-0.62442
1476	-0.42069
1477	-0.51155
1478	-0.81071
1479	-0.77726
1480	0.21680
1481	2.08497
1482	3.18768
1483	1.42927
1484	-2.15175
1485	-3.36793
1486	-1.00951
1487	0.95363
1488	-0.03539
1489	-1.65441
1490	-1.74594
1491	-1.48733
1492	-2.61349
1493	-4.28510
1494	-2.10921
1495	5.12445
1496	10.86855
1497	8.29477
1498	-0.40976
1499	-6.59133
1500	-6.43492
1501	-3.49511
1502	-1.35934
1503	-0.15109
1504	0.95660
1505	1.61815
1506	1.41114
1507	0.82601
1508	0.52163
1509	0.25124
1510	-0.26999
1511	-0.58738
1512	-0.43149
1513	-0.16488
1514	-0.19016
1515	-0.54268
1516	-1.01512
1517	-1.20551
1518	-0.72069
1519	0.26514
1520	0.77728
1521	0.49355
1522	0.15432
1523	0.15480
1524	0.53782
1525	0.81322
1526	0.23469
1527	-0.87295
1528	-1.19426
1529	-0.51612
1530	-0.05293
1531	-0.05887
1532	0.04711
1533	0.31014
1534	0.11727
1535	-0.57411
1536	-0.95179
1537	-0.87243
1538	-0.53490
1539	-0.04504
1540	0.25313
1541	0.18734
1542	-0.10141
1543	-0.29816
1544	-0.40736
1545	-0.38938
1546	-0.32798
1547	-0.49506
1548	-0.53300
1549	-0.09394
1550	0.62943
1551	1.49039
1552	2.07537
1553	1.35706
1554	-0.80925
1555	-2.82426
1556	-3.37138
1557	-2.30469
1558	-0.50214
1559	0.49063
1560	0.23569
1561	-0.34858
1562	-0.14987
1563	0.92173
1564	1.81582
1565	1.63577
1566	0.99564
1567	0.87424
1568	1.01917
1569	0.83019
1570	0.45447
1571	0.25548
1572	0.28596
1573	0.44199
1574	0.42851
1575	-0.06825
1576	-0.74489
1577	-1.02238
1578	-0.87236
1579	-0.57373
1580	-0.43543
1581	-0.76619
1582	-1.23976
1583	-1.17228
1584	-0.68702
1585	0.04655
1586	1.87741
1587	4.04870
1588	2.96411
1589	-1.30499
1590	-2.64381
1591	0.69417
1592	2.23830
1593	-0.97960
1594	-3.97891
1595	-3.13118
1596	-0.33091
1597	1.06748
1598	-0.57070
1599	-3.51271
1600	-3.37980
1601	1.60260
1602	7.22129
1603	7.59073
1604	1.95547
1605	-4.26489
1606	-5.81949
1607	-3.49477
1608	-0.87638
1609	0.38610
1610	0.69597
1611	0.78377
1612	0.60978
1613	0.24450
1614	0.01628
1615	-0.15452
1616	-0.50096
1617	-0.60854
1618	-0.26706
1619	-0.10457
1620	-0.24037
1621	-0.31272
1622	-0.16613
1623	-0.12347
1624	0.01981
1625	0.58459
1626	0.78181
1627	0.18004
1628	-0.67973
1629	-1.16999
1630	-0.88405
1631	-0.02118
1632	0.31181
1633	-0.31412
1634	-0.65029
1635	-0.15860
1636	0.51840
1637	0.52611
1638	-0.09819
1639	-0.40884
1640	-0.41925
1641	-0.52239
1642	-0.69773
1643	-0.44545
1644	0.10854
1645	-0.03620
1646	-0.70558
1647	-0.80834
1648	-0.14293
1649	0.31935
1650	-0.08981
1651	-0.79387
1652	-0.63550
1653	0.15449
1654	0.69839
1655	1.20877
1656	1.58709
1657	0.71819
1658	-1.48251
1659	-2.76325
1660	-1.78933
1661	-0.88983
1662	-1.39416
1663	-1.81506
1664	-0.96383
1665	0.43315
1666	1.56917
1667	2.04220
1668	1.79210
1669	1.30581
1670	1.01780
1671	0.98832
1672	0.95839
1673	0.52061
1674	-0.06372
1675	-0.05328
1676	0.38596
1677	0.41170
1678	-0.07087
1679	-0.46601
1680	-0.47648
1681	-0.28866
1682	-0.28330
1683	-0.78687
1684	-1.52121
1685	-1.54228
1686	-0.45415
1687	0.94962
1688	2.08470
1689	3.24660
1690	3.36026
1691	0.25273
1692	-4.02127
1693	-4.04259
1694	-0.04987
1695	1.77024
1696	-0.30284
1697	-1.90843
1698	-1.36347
1699	-1.98030
1700	-4.41555
1701	-4.05418
1702	1.54525
1703	8.18402
1704	8.90115
1705	2.76743
1706	-3.76859
1707	-5.52607
1708	-3.28117
1709	-0.79537
1710	0.05635
1711	0.21547
1712	0.63792
1713	0.75175
1714	0.05103
1715	-0.58950
1716	-0.57181
1717	-0.21652
1718	-0.22168
1719	-0.59948
1720	-0.55235
1721	-0.16522
1722	0.10257
1723	-0.02542
1724	-0.35641
1725	-0.25851
1726	0.34670
1727	0.73930
1728	0.51946
1729	0.25590
1730	0.37799
1731	0.16700
1732	-0.69727
1733	-1.26078
1734	-1.09401
1735	-0.53368
1736	-0.01088
1737	-0.03259
1738	-0.27446
1739	-0.01570
1740	0.39819
1741	0.23067
1742	-0.27238
1743	-0.62822
1744	-0.57534
1745	-0.16195
1746	0.09433
1747	-0.00701
1748	-0.32314
1749	-0.39094
1750	-0.15965
1751	-0.18575
1752	-0.57691
1753	-0.83863
1754	-0.55915
1755	-0.18728
1756	0.06892
1757	0.73375
1758	1.56189
1759	1.26683
1760	-0.41342
1761	-1.89085
1762	-2.26808
1763	-2.28562
1764	-1.83656
1765	-0.64072
1766	0.25779
1767	0.36829
1768	0.56094
1769	1.28125
1770	1.82355
1771	1.81248
1772	1.56834
1773	1.22016
1774	0.63779
1775	0.03783
1776	-0.11880
1777	0.17131
1778	0.46096
1779	0.42492
1780	0.03479
1781	-0.48376
1782	-0.73095
1783	-0.52048
1784	-0.18317
1785	-0.14298
1786	-0.35399
1787	-0.64866
1788	-1.05507
1789	-1.25023
1790	-0.77695
1791	0.02492
1792	0.84164
1793	2.24716
1794	3.24282
1795	1.33794
1796	-1.54349
1797	-0.71696
1798	1.85820
1799	0.62680
1800	-3.05524
1801	-4.13509
1802	-2.23767
1803	-0.39470
1804	-0.83732
1805	-3.13581
1806	-3.20330
1807	1.72044
1808	7.85868
1809	8.40684
1810	2.33579
1811	-4.04210
1812	-5.53358
1813	-3.42563
1814	-1.06968
1815	0.32806
1816	0.91754
1817	0.84360
1818	0.42390
1819	0.10632
1820	-0.19133
1821	-0.60931
1822	-0.79569
1823	-0.55946
1824	-0.36435
1825	-0.47562
1826	-0.61425
1827	-0.77633
1828	-0.58701
1829	0.02995
1830	0.30883
1831	0.28757
1832	0.24596
1833	0.23330
1834	0.23620
1835	-0.02169
1836	-0.55278
1837	-0.91612
1838	-0.81427
1839	-0.43185
1840	0.07205
1841	0.24141
1842	-0.05769
1843	0.10981
1844	0.70126
1845	0.77591
1846	0.16055
1847	-0.58219
1848	-0.89667
1849	-0.75590
1850	-0.51266
1851	-0.45813
1852	-0.64878
1853	-0.91075
1854	-1.07341
1855	-1.10230
1856	-0.95111
1857	-0.49634
1858	0.43155
1859	1.40885
1860	1.57201
1861	0.73575
1862	-0.15394
1863	-0.51282
1864	-0.90966
1865	-1.35804
1866	-1.46030
1867	-1.64317
1868	-1.77174
1869	-1.72495
1870	-0.98513
1871	0.27100
1872	1.57052
1873	2.53402
1874	2.85356
1875	2.49701
1876	1.69347
1877	0.80178
1878	0.28028
1879	0.18172
1880	0.05452
1881	-0.17405
1882	-0.22824
1883	-0.21986
1884	-0.28233
1885	-0.26633
1886	-0.17591
1887	-0.10562
1888	-0.11203
1889	-0.38706
1890	-0.94672
1891	-1.31521
1892	-1.04737
1893	-0.38982
1894	0.33963
1895	1.80824
1896	3.88862
1897	3.29679
1898	-1.45912
1899	-4.56239
1900	-1.42282
1901	2.44214
1902	0.80953
1903	-3.09195
1904	-4.05332
1905	-3.07812
1906	-2.98502
1907	-2.36366
1908	2.01351
1909	7.32100
1910	7.89910
1911	3.33830
1912	-2.01997
1913	-4.71533
1914	-4.13959
1915	-1.85310
1916	0.03176
1917	0.59209
1918	0.35075
1919	0.21058
1920	0.11227
1921	-0.33691
1922	-0.74700
1923	-0.82569
1924	-0.61961
1925	-0.25688
1926	0.09996
1927	0.21368
1928	-0.09299
1929	-0.43487
1930	-0.48799
1931	-0.22267
1932	0.08324
1933	0.31023
1934	0.33242
1935	0.02768
1936	-0.02727
1937	0.29614
1938	0.31338
1939	-0.09491
1940	-0.49326
1941	-0.69321
1942	-1.05189
1943	-1.39104
1944	-1.03926
1945	-0.04229
1946	0.49329
1947	-0.22815
1948	-0.94626
1949	-0.28847
1950	0.65001
1951	0.62071
1952	0.13444
1953	-0.06507
1954	-0.09685
1955	-0.32098
1956	-0.71516
1957	-1.13617
1958	-1.12586
1959	-0.57954
1960	-0.04172
1961	0.18368
1962	0.54984
1963	1.19606
1964	1.29873
1965	0.48157
1966	-0.90245
1967	-1.94104
1968	-2.20484
1969	-2.26925
1970	-1.81149
1971	-0.91603
1972	-0.39611
1973	-0.10068
1974	0.73092
1975	2.02131
1976	2.77469
1977	2.63792
1978	2.06367
1979	1.31019
1980	0.54561
1981	0.11335
1982	0.03082
1983	0.00600
1984	-0.01995
1985	0.02067
1986	-0.01871
1987	-0.28268
1988	-0.59063
1989	-0.58707
1990	-0.31562
1991	-0.35471
1992	-0.95354
1993	-1.49608
1994	-1.31010
1995	-0.55025
1996	0.14270
1997	0.91177
1998	2.61904
1999	3.92581
2000	1.43332
2001	-3.31937
2002	-3.71438
2003	0.52849
2004	2.11351
2005	-0.94222
2006	-3.11203
2007	-1.96507
2008	-0.60578
2009	-1.61856
2010	-2.71092
2011	-0.81161
2012	3.52450
2013	6.35160
2014	5.34139
2015	1.32250
2016	-3.23123
2017	-5.01877
2018	-3.27119
2019	-0.70090
2020	0.48492
2021	0.61051
2022	0.56330
2023	0.35443
2024	-0.05386
2025	-0.37930
2026	-0.38298
2027	0.01740
2028	0.34992
2029	0.24714
2030	-0.02062
2031	-0.26162
2032	-0.22107
2033	0.14883
2034	0.16682
2035	-0.44766
2036	-0.68120
2037	0.15030
2038	0.61740
2039	-0.15579
2040	-1.03871
2041	-1.01285
2042	-0.47438
2043	-0.15824
2044	-0.05372
2045	-0.21154
2046	-0.62967
2047	-0.97667
2048	-0.58417
2049	0.49150
2050	0.68596
2051	-0.09519
2052	-0.43835
2053	-0.07909
2054	0.20737
2055	0.12564
2056	0.04245
2057	0.08152
2058	-0.06124
2059	-0.35828
2060	-0.43709
2061	-0.23129
2062	-0.28429
2063	-0.97742
2064	-1.53494
2065	-1.09746
2066	0.24155
2067	1.70597
2068	2.24207
2069	1.47518
2070	-0.41590
2071	-2.42818
2072	-2.78348
2073	-1.64798
2074	-0.85327
2075	-0.72119
2076	-0.77231
2077	-0.46616
2078	0.33290
2079	1.36208
2080	2.09934
2081	2.29132
2082	1.86530
2083	1.09720
2084	0.69017
2085	0.69502
2086	0.44970
2087	-0.02669
2088	-0.05305
2089	0.32550
2090	0.35707
2091	-0.10439
2092	-0.46038
2093	-0.39881
2094	-0.21916
2095	-0.25411
2096	-0.57523
2097	-1.11776
2098	-1.51340
2099	-1.26861
2100	-0.51546
2101	0.40369
2102	1.78613
2103	2.94164
2104	1.44587
2105	-1.99784
2106	-2.32975
2107	1.12373
2108	2.30894
2109	-0.80213
2110	-3.13606
2111	-2.11341
2112	-0.70648
2113	-1.73875
2114	-3.51574
2115	-2.47135
2116	2.16670
2117	6.36236
2118	5.95421
2119	1.52181
2120	-2.94378
2121	-4.08651
2122	-1.95006
2123	0.49376
2124	0.97908
2125	0.44094
2126	0.17482
2127	-0.01399
2128	-0.33062
2129	-0.67897
2130	-0.83047
2131	-0.70094
2132	-0.35423
2133	0.01018
2134	-0.13085
2135	-0.67485
2136	-0.85315
2137	-0.51936
2138	-0.21615
2139	-0.04075
2140	0.24432
2141	0.55062
2142	0.69761
2143	0.52533
2144	0.21803
2145	-0.02880
2146	-0.05521
2147	-0.27319
2148	-1.34745
2149	-1.87301
2150	-0.73322
2151	0.13028
2152	-0.53560
2153	-0.94058
2154	0.04701
2155	0.87830
2156	0.47022
2157	-0.32070
2158	-0.51595
2159	-0.13255
2160	0.28804
2161	0.33945
2162	0.17779
2163	0.01496
2164	-0.20735
2165	-0.50165
2166	-0.60992
2167	-0.59569
2168	-0.90121
2169	-1.01290
2170	-0.19426
2171	0.84965
2172	1.26152
2173	1.31607
2174	1.19551
2175	0.44732
2176	-0.62703
2177	-1.43850
2178	-1.82842
2179	-1.80180
2180	-1.69318
2181	-1.48285
2182	-1.04998
2183	-0.35110
2184	0.27820
2185	0.83486
2186	1.58715
2187	2.30452
2188	2.46969
2189	2.03426
2190	1.38909
2191	0.78142
2192	0.27750
2193	0.08822
2194	0.20983
2195	0.21850
2196	-0.09920
2197	-0.58012
2198	-0.93807
2199	-0.89231
2200	-0.55538
2201	-0.35755
2202	-0.44810
2203	-0.72108
2204	-1.07000
2205	-1.25631
2206	-0.95304
2207	0.16189
2208	2.28972
2209	4.12278
2210	2.61067
2211	-1.94238
2212	-3.72468
2213	-0.33810
2214	2.31811
2215	0.11071
2216	-3.16626
2217	-3.59669
2218	-1.93126
2219	-0.06191
2220	0.61609
2221	-0.76832
2222	-2.52776
2223	-1.04637
2224	4.17310
2225	8.25759
2226	5.99937
2227	-0.90699
2228	-5.59627
2229	-5.10394
2230	-2.43821
2231	-0.51879
2232	0.41094
2233	0.83755
2234	0.71329
2235	0.26845
2236	0.14129
2237	0.07027
2238	-0.18378
2239	-0.15990
2240	-0.01223
2241	-0.03061
2242	-0.05671
2243	-0.20426
2244	-0.51032
2245	-0.47331
2246	-0.05520
2247	0.12619
2248	-0.19729
2249	-0.27386
2250	0.23553
2251	0.27875
2252	-0.22347
2253	-0.78861
2254	-1.37032
2255	-1.30804
2256	-0.46269
2257	0.04226
2258	-0.45545
2259	-0.62363
2260	0.40655
2261	1.26891
2262	0.70307
2263	-0.52015
2264	-0.76896
2265	-0.11782
2266	0.28184
2267	0.27007
2268	0.08641
2269	-0.13914
2270	-0.32226
2271	-0.60668
2272	-0.86687
2273	-0.84124
2274	-0.71644
2275	-0.75809
2276	-0.37924
2277	0.69078
2278	1.48718
2279	1.45950
2280	0.50616
2281	-0.65500
2282	-1.13522
2283	-1.08376
2284	-0.81082
2285	-0.66628
2286	-0.99041
2287	-1.10422
2288	-1.13659
2289	-0.97242
2290	-0.38792
2291	0.68160
2292	1.79740
2293	2.21407
2294	2.02011
2295	2.02785
2296	2.14009
2297	1.56392
2298	0.47724
2299	-0.18506
2300	-0.19498
2301	-0.01979
2302	0.14185
2303	0.22558
2304	-0.11265
2305	-0.79664
2306	-1.05456
2307	-0.58251
2308	-0.06890
2309	-0.12277
2310	-0.60886
2311	-1.13280
2312	-1.31602
2313	-0.82594
2314	0.14004
2315	1.04054
2316	1.86497
2317	2.05954
2318	-0.15261
2319	-3.48035
2320	-2.74435
2321	2.18360
2322	4.02631
2323	-0.18250
2324	-4.55309
2325	-4.52462
2326	-2.15173
2327	-0.81756
2328	-0.46215
2329	0.82383
2330	3.45314
2331	5.49749
2332	4.54574
2333	0.68781
2334	-2.84448
2335	-3.45561
2336	-2.13448
2337	-1.16508
2338	-0.67342
2339	0.18339
2340	0.86861
2341	0.57466
2342	-0.36908
2343	-0.91911
2344	-0.65756
2345	-0.16973
2346	0.01563
2347	-0.11654
2348	-0.07964
2349	0.28869
2350	0.27191
2351	-0.20217
2352	-0.24522
2353	0.23809
2354	0.46585
2355	0.13450
2356	-0.33751
2357	-0.37948
2358	0.01221
2359	0.16066
2360	0.08600
2361	-0.01152
2362	-0.12876
2363	-0.16453
2364	-0.35504
2365	-0.81942
2366	-1.13222
2367	-0.63184
2368	0.29923
2369	0.38094
2370	-0.28516
2371	-0.54271
2372	-0.32395
2373	-0.16658
2374	-0.07294
2375	0.06594
2376	0.21142
2377	0.13947
2378	-0.07346
2379	-0.18265
2380	-0.41348
2381	-0.76522
2382	-0.86845
2383	-0.61258
2384	-0.11668
2385	0.55849
2386	1.31725
2387	1.56902
2388	0.46338
2389	-1.25251
2390	-1.98244
2391	-1.71951
2392	-1.07665
2393	-0.29541
2394	-0.29780
2395	-1.01973
2396	-1.23292
2397	-0.30876
2398	1.08905
2399	2.16085
2400	2.56754
2401	2.26011
2402	1.47158
2403	0.65410
2404	0.21666
2405	0.12515
2406	0.02260
2407	0.01334
2408	0.40433
2409	0.66444
2410	0.11100
2411	-0.70469
2412	-0.83497
2413	-0.41525
2414	-0.14447
2415	-0.27645
2416	-0.77973
2417	-1.50883
2418	-1.90235
2419	-1.43030
2420	-0.40808
2421	0.74465
2422	2.43171
2423	3.75980
2424	1.85538
2425	-2.22778
2426	-2.45542
2427	1.89649
2428	3.56203
2429	-0.55529
2430	-4.74720
2431	-4.45581
2432	-1.32055
2433	1.33706
2434	1.87084
2435	0.05984
2436	-2.10516
2437	-1.63141
2438	1.87952
2439	5.25413
2440	4.46429
2441	-0.27190
2442	-4.11481
2443	-4.32159
2444	-2.61501
2445	-0.83059
2446	0.77565
2447	1.76667
2448	1.38837
2449	0.22144
2450	-0.53159
2451	-0.65518
2452	-0.45986
2453	-0.16298
2454	0.00933
2455	-0.20806
2456	-0.41829
2457	-0.10164
2458	0.16906
2459	-0.19881
2460	-0.63235
2461	-0.14535
2462	0.53019
2463	0.02231
2464	-1.09334
2465	-1.08808
2466	0.01152
2467	0.34137
2468	-0.22978
2469	-0.49095
2470	-0.34099
2471	-0.21201
2472	-0.40759
2473	-0.44941
2474	0.07025
2475	0.36474
2476	-0.07449
2477	-0.54937
2478	-0.29656
2479	0.25467
2480	0.29597
2481	-0.06147
2482	-0.23822
2483	-0.07007
2484	-0.10580
2485	-0.61924
2486	-0.89351
2487	-0.80152
2488	-0.86013
2489	-0.68225
2490	0.16083
2491	1.07999
2492	1.39354
2493	1.23175
2494	0.64707
2495	-0.36031
2496	-1.37501
2497	-1.66614
2498	-1.07235
2499	-0.59368
2500	-1.21211
2501	-2.10045
2502	-1.79931
2503	-0.36942
2504	0.93619
2505	1.80060
2506	2.47508
2507	2.67426
2508	2.28196
2509	1.67403
2510	1.03227
2511	0.41750
2512	0.01508
2513	-0.07982
2514	0.11475
2515	0.35392
2516	0.12010
2517	-0.65061
2518	-1.21163
2519	-1.01372
2520	-0.46281
2521	-0.20011
2522	-0.36408
2523	-0.85445
2524	-1.35602
2525	-1.19011
2526	-0.19274
2527	1.17297
2528	3.01737
2529	4.49445
2530	2.21647
2531	-3.48415
2532	-5.15079
2533	-0.03376
2534	3.50087
2535	0.05038
2536	-4.57069
2537	-4.72657
2538	-1.91812
2539	0.16487
2540	-0.25292
2541	-2.04556
2542	-1.84658
2543	1.97342
2544	6.97060
2545	8.13210
2546	3.42997
2547	-2.88315
2548	-5.37039
2549	-4.05417
2550	-1.94774
2551	-0.54365
2552	0.47014
2553	1.22275
2554	0.83807
2555	0.03467
2556	-0.09407
2557	-0.07980
2558	-0.28795
2559	-0.35797
2560	-0.24260
2561	-0.23019
2562	-0.40250
2563	-0.66798
2564	-0.53529
2565	-0.22874
2566	-0.21383
2567	-0.26344
2568	-0.11763
2569	0.48166
2570	0.60054
2571	-0.08681
2572	-0.52090
2573	-0.54032
2574	-0.55117
2575	-0.57467
2576	-0.67495
2577	-0.92295
2578	-0.65652
2579	0.45620
2580	1.00354
2581	0.13936
2582	-0.61206
2583	-0.11949
2584	0.45435
2585	-0.01528
2586	-0.64969
2587	-0.32974
2588	0.27458
2589	0.18706
2590	-0.35127
2591	-0.62306
2592	-0.48867
2593	-0.53284
2594	-0.85342
2595	-0.79501
2596	-0.02688
2597	0.79415
2598	1.27481
2599	1.24634
2600	0.36568
2601	-0.40129
2602	-0.71643
2603	-1.35326
2604	-2.24263
2605	-2.34810
2606	-1.23548
2607	-0.18535
2608	-0.45806
2609	-1.03645
2610	-0.26815
2611	1.55169
2612	2.73876
2613	2.77729
2614	2.44461
2615	2.09375
2616	1.40570
2617	0.41784
2618	-0.28346
2619	-0.38661
2620	-0.13514
2621	0.18763
2622	0.36876
2623	0.15391
2624	-0.35785
2625	-0.62187
2626	-0.37976
2627	-0.07679
2628	-0.19352
2629	-0.57509
2630	-0.84791
2631	-1.03574
2632	-1.25049
2633	-1.26969
2634	-0.82821
2635	0.47274
2636	2.88253
2637	4.10285
2638	0.90971
2639	-3.41741
2640	-2.32249
2641	1.70029
2642	1.05242
2643	-3.08641
2644	-4.23925
2645	-1.68962
2646	0.55471
2647	0.28797
2648	-1.14563
2649	-0.76572
2650	1.90971
2651	4.35963
2652	4.16629
2653	1.20641
2654	-2.10263
2655	-3.07779
2656	-1.88351
2657	-0.49939
2658	0.19643
2659	0.37236
2660	0.22307
2661	-0.20781
2662	-0.72071
2663	-0.85326
2664	-0.62334
2665	-0.32783
2666	-0.10474
2667	0.02695
2668	-0.05076
2669	-0.32250
2670	-0.30073
2671	-0.08591
2672	-0.15118
2673	-0.30724
2674	-0.21551
2675	0.11286
2676	0.47559
2677	0.62240
2678	0.32779
2679	-0.34185
2680	-0.80432
2681	-0.48018
2682	0.00885
2683	-0.39548
2684	-0.87170
2685	-0.38719
2686	0.27333
2687	0.15807
2688	-0.52026
2689	-0.76967
2690	-0.48641
2691	-0.18475
2692	-0.01221
2693	-0.05708
2694	0.14504
2695	0.53368
2696	0.55487
2697	0.22830
2698	-0.25302
2699	-0.71407
2700	-1.16077
2701	-1.23879
2702	-0.71771
2703	0.09771
2704	0.85131
2705	1.31228
2706	1.30641
2707	0.40058
2708	-0.71641
2709	-0.89393
2710	-0.52273
2711	-0.53060
2712	-0.87246
2713	-1.24993
2714	-1.61086
2715	-1.58103
2716	-0.84008
2717	0.05809
2718	0.68692
2719	1.16645
2720	1.70239
2721	2.23027
2722	2.26281
2723	1.51643
2724	0.58360
2725	0.20224
2726	0.28134
2727	0.35039
2728	0.28305
2729	0.14995
2730	-0.02445
2731	-0.27751
2732	-0.55564
2733	-0.61531
2734	-0.44393
2735	-0.36243
2736	-0.53642
2737	-0.92644
2738	-1.25630
2739	-1.05550
2740	-0.40481
2741	0.53367
2742	2.32975
2743	3.80154
2744	1.76562
2745	-2.25496
2746	-2.38056
2747	0.75425
2748	0.66072
2749	-2.73620
2750	-3.90007
2751	-1.79552
2752	0.02092
2753	-0.81214
2754	-2.87610
2755	-2.46340
2756	1.80477
2757	6.49214
2758	6.95721
2759	2.35029
2760	-2.96998
2761	-4.31968
2762	-2.48335
2763	-0.83300
2764	-0.35053
2765	0.09472
2766	0.84527
2767	0.91033
2768	0.21496
2769	-0.51057
2770	-0.60220
2771	-0.34017
2772	-0.22595
2773	-0.14806
2774	-0.25175
2775	-0.38066
2776	-0.44714
2777	-0.55850
2778	-0.49573
2779	-0.27294
2780	0.08406
2781	0.65880
2782	1.00475
2783	0.45099
2784	-0.36946
2785	-0.42438
2786	-0.41645
2787	-1.02660
2788	-1.10022
2789	-0.21446
2790	0.09596
2791	-0.66525
2792	-0.83936
2793	0.15371
2794	0.83696
2795	0.40630
2796	-0.25313
2797	-0.39792
2798	-0.31741
2799	-0.10315
2800	0.11425
2801	0.05419
2802	0.02231
2803	-0.12460
2804	-0.78089
2805	-1.35903
2806	-1.34806
2807	-1.04491
2808	-0.62760
2809	0.33914
2810	1.67218
2811	2.20407
2812	1.29476
2813	0.04392
2814	-0.09220
2815	-0.06844
2816	-0.85440
2817	-1.60643
2818	-1.95780
2819	-2.25117
2820	-2.16189
2821	-1.33518
2822	-0.27324
2823	0.42644
2824	1.10667
2825	2.03583
2826	2.74213
2827	2.79985
2828	2.24966
2829	1.36411
2830	0.51857
2831	0.02258
2832	-0.07156
2833	0.08798
2834	0.29054
2835	0.28409
2836	-0.09272
2837	-0.63881
2838	-0.95221
2839	-0.91703
2840	-0.71885
2841	-0.60385
2842	-0.79658
2843	-1.17480
2844	-1.15137
2845	-0.47882
2846	0.41847
2847	1.53472
2848	3.11578
2849	3.39118
2850	0.09958
2851	-3.81383
2852	-2.63001
2853	2.04457
2854	2.72313
2855	-1.49526
2856	-4.41135
2857	-3.37686
2858	-1.68753
2859	-2.23087
2860	-3.49718
2861	-1.28998
2862	4.16234
2863	7.55985
2864	5.39295
2865	-0.11679
2866	-3.65399
2867	-3.10517
2868	-1.05779
2869	-0.05630
2870	0.03477
2871	0.47707
2872	0.72879
2873	-0.17002
2874	-0.88950
2875	-0.49639
2876	0.11309
2877	-0.02088
2878	-0.81377
2879	-1.17994
2880	-0.70737
2881	-0.03926
2882	0.09294
2883	-0.17807
2884	-0.21300
2885	-0.01224
2886	0.24192
2887	0.35847
2888	0.35039
2889	0.37429
2890	0.15215
2891	-0.14784
2892	-0.21231
2893	-0.25804
2894	-0.64222
2895	-0.90381
2896	-0.74416
2897	-0.48162
2898	-0.22966
2899	-0.17325
2900	-0.31195
2901	-0.37500
2902	-0.15370
2903	0.05451
2904	-0.14990
2905	-0.08722
2906	0.45111
2907	0.63648
2908	0.21000
2909	-0.42772
2910	-0.83271
2911	-0.88250
2912	-0.86936
2913	-0.93577
2914	-0.74762
2915	-0.13197
2916	0.74094
2917	1.64582
2918	1.63530
2919	0.39187
2920	-0.74706
2921	-1.35704
2922	-1.62286
2923	-1.54703
2924	-1.64708
2925	-1.54601
2926	-1.02440
2927	-0.85720
2928	-0.61810
2929	0.54926
2930	2.03802
2931	2.69960
2932	2.50604
2933	2.12091
2934	1.79408
2935	1.20101
2936	0.33486
2937	-0.15647
2938	-0.07811
2939	0.03442
2940	-0.01509
2941	-0.05234
2942	-0.13890
2943	-0.32298
2944	-0.47353
2945	-0.48076
2946	-0.30162
2947	-0.14277
2948	-0.31628
2949	-0.75866
2950	-1.19251
2951	-1.36808
2952	-0.98627
2953	0.13873
2954	2.02905
2955	3.72347
2956	2.45847
2957	-2.14588
2958	-4.43518
2959	-0.77763
2960	3.02891
2961	0.94425
2962	-3.58479
2963	-4.40026
2964	-1.34867
2965	1.67645
2966	1.83760
2967	-0.31859
2968	-1.70669
2969	-0.34931
2970	2.67529
2971	4.59342
2972	3.38375
2973	-0.38796
2974	-3.52163
2975	-3.90008
2976	-2.33787
2977	-0.65271
2978	0.33967
2979	0.71901
2980	0.58573
2981	0.23902
2982	-0.11772
2983	-0.12748
2984	-0.00512
2985	-0.34191
2986	-0.45689
2987	-0.11534
2988	0.21204
2989	0.08362
2990	-0.62001
2991	-1.00579
2992	-0.66519
2993	0.01119
2994	0.54022
2995	0.54695
2996	0.08126
2997	-0.29899
2998	-0.28116
2999	-0.43683
3000	-0.74077
3001	-0.77238
3002	-0.66653
3003	-0.14777
3004	0.52461
3005	0.26552
3006	-0.70486
3007	-0.85266
3008	-0.06743
3009	0.34058
3010	0.09020
3011	-0.09451
3012	0.09740
3013	0.13216
3014	-0.27731
3015	-0.45728
3016	-0.12255
3017	-0.07874
3018	-0.50152
3019	-0.67563
3020	-0.46329
3021	-0.40819
3022	-0.45627
3023	-0.06801
3024	0.72599
3025	1.16665
3026	0.94193
3027	0.44573
3028	-0.17110
3029	-0.89147
3030	-1.48034
3031	-1.81105
3032	-1.88986
3033	-1.88377
3034	-1.43848
3035	-0.55286
3036	0.21345
3037	0.75804
3038	1.49653
3039	2.34080
3040	2.64634
3041	2.12350
3042	1.18421
3043	0.48772
3044	0.27563
3045	0.28398
3046	0.25780
3047	0.14643
3048	-0.04472
3049	-0.27057
3050	-0.37671
3051	-0.25881
3052	-0.16110
3053	-0.33223
3054	-0.51593
3055	-0.45564
3056	-0.44911
3057	-0.80640
3058	-1.24568
3059	-1.28744
3060	-0.78780
3061	0.47925
3062	2.79658
3063	4.46690
3064	2.13554
3065	-2.98730
3066	-4.08999
3067	0.73928
3068	4.34892
3069	1.79756
3070	-2.87036
3071	-4.52226
3072	-3.31157
3073	-2.32278
3074	-2.73200
3075	-2.81914
3076	-0.48868
3077	3.87589
3078	7.06492
3079	6.13521
3080	1.11785
3081	-4.05032
3082	-5.18022
3083	-2.83583
3084	-0.15665
3085	0.97812
3086	0.77614
3087	0.30683
3088	-0.04419
3089	-0.00585
3090	0.21700
3091	0.06454
3092	-0.34915
3093	-0.56258
3094	-0.53080
3095	-0.42517
3096	-0.16486
3097	-0.04583
3098	-0.06959
3099	-0.00937
3100	-0.11401
3101	-0.23392
3102	-0.13342
3103	0.14352
3104	0.39683
3105	0.17986
3106	-0.28882
3107	-0.40414
3108	-0.26314
3109	-0.62307
3110	-1.38019
3111	-1.35461
3112	-0.43620
3113	0.35083
3114	0.45298
3115	0.25909
3116	0.02490
3117	-0.34612
3118	-0.52054
3119	-0.22280
3120	0.31030
3121	0.57065
3122	0.24854
3123	-0.22810
3124	-0.50755
3125	-0.86017
3126	-1.18565
3127	-1.16528
3128	-0.84143
3129	-0.12105
3130	0.99369
3131	1.79293
3132	1.54291
3133	0.57724
3134	-0.48508
3135	-1.53946
3136	-2.18974
3137	-2.25661
3138	-2.02518
3139	-1.33092
3140	-0.92266
3141	-0.65054
3142	0.21873
3143	1.59166
3144	2.55868
3145	2.75300
3146	2.35933
3147	1.58942
3148	0.81797
3149	0.34600
3150	0.12491
3151	0.04057
3152	0.04102
3153	0.03074
3154	0.00215
3155	-0.03747
3156	-0.26214
3157	-0.58052
3158	-0.59652
3159	-0.37881
3160	-0.29963
3161	-0.37240
3162	-0.44092
3163	-0.47653
3164	-0.60187
3165	-0.93475
3166	-0.92027
3167	0.68662
3168	3.71671
3169	4.71845
3170	0.98539
3171	-3.14159
3172	-1.47953
3173	3.04215
3174	2.63071
3175	-2.37829
3176	-5.34657
3177	-4.15767
3178	-1.84407
3179	-1.00049
3180	-1.97861
3181	-3.03416
3182	-1.61135
3183	2.93991
3184	7.43002
3185	6.82925
3186	0.95646
3187	-4.64318
3188	-5.60013
3189	-2.62788
3190	0.63492
3191	1.68869
3192	1.18072
3193	0.47135
3194	-0.04618
3195	-0.27358
3196	-0.35017
3197	-0.27684
3198	-0.19526
3199	-0.17447
3200	-0.05440
3201	-0.06773
3202	-0.31336
3203	-0.43045
3204	-0.13860
3205	0.16573
3206	0.31555
3207	0.36041
3208	0.09396
3209	-0.12311
3210	-0.10625
3211	-0.16777
3212	-0.45696
3213	-0.87928
3214	-1.00809
3215	-0.75445
3216	-0.31075
3217	-0.21255
3218	-0.65429
3219	-0.74756
3220	-0.07643
3221	0.56815
3222	0.47343
3223	0.12322
3224	0.10834
3225	0.28396
3226	0.16684
3227	-0.21349
3228	-0.41617
3229	-0.60645
3230	-1.06662
3231	-1.54066
3232	-1.50367
3233	-0.91637
3234	0.03468
3235	1.08047
3236	1.79173
3237	1.54977
3238	0.36685
3239	-0.68112
3240	-1.39196
3241	-1.79383
3242	-1.63364
3243	-1.26454
3244	-0.90063
3245	-1.14961
3246	-1.14157
3247	0.00182
3248	1.74594
3249	2.88502
3250	3.02303
3251	2.64532
3252	2.06592
3253	1.15247
3254	0.19670
3255	-0.09642
3256	0.22505
3257	0.32896
3258	-0.08998
3259	-0.49549
3260	-0.54306
3261	-0.54574
3262	-0.74903
3263	-0.78810
3264	-0.39405
3265	-0.00552
3266	-0.04343
3267	-0.40850
3268	-0.89999
3269	-1.22296
3270	-0.95227
3271	-0.07205
3272	1.27506
3273	2.91369
3274	2.91890
3275	-0.55051
3276	-3.73457
3277	-1.63495
3278	2.23133
3279	1.14394
3280	-3.11689
3281	-4.35347
3282	-1.92733
3283	0.34561
3284	-0.11702
3285	-1.88282
3286	-1.75228
3287	1.15608
3288	5.11657
3289	6.22158
3290	2.65214
3291	-2.07026
3292	-3.69415
3293	-2.45790
3294	-1.06233
3295	-0.27331
3296	0.45158
3297	0.77475
3298	0.31628
3299	-0.48238
3300	-1.09150
3301	-1.08839
3302	-0.62320
3303	-0.21288
3304	0.05608
3305	0.06517
3306	0.09589
3307	0.26110
3308	0.15346
3309	-0.13874
3310	-0.47788
3311	-0.61113
3312	-0.28576
3313	0.34105
3314	0.78691
3315	0.53770
3316	-0.12261
3317	-0.51978
3318	-0.72738
3319	-0.87063
3320	-0.75087
3321	-0.69987
3322	-0.76404
3323	-0.63091
3324	-0.18539
3325	0.32173
3326	0.40840
3327	0.00494
3328	-0.29482
3329	-0.02010
3330	0.30447
3331	0.06002
3332	-0.33873
3333	-0.23891
3334	0.27059
3335	0.47898
3336	-0.15576
3337	-1.08305
3338	-1.15032
3339	-0.41307
3340	0.08618
3341	0.05401
3342	0.30776
3343	0.91258
3344	0.92364
3345	0.27508
3346	-0.65531
3347	-1.19081
3348	-1.36994
3349	-1.53023
3350	-1.16833
3351	-0.83035
3352	-0.74303
3353	-0.70714
3354	-0.41155
3355	0.37071
3356	1.54935
3357	2.51213
3358	2.73970
3359	2.26197
3360	1.31445
3361	0.35654
3362	0.01783
3363	0.24513
3364	0.32229
3365	0.10074
3366	0.00767
3367	-0.10147
3368	-0.56459
3369	-0.82474
3370	-0.39697
3371	-0.02250
3372	-0.39245
3373	-1.10130
3374	-1.55976
3375	-1.51666
3376	-0.95996
3377	-0.26111
3378	0.61916
3379	2.36888
3380	3.68513
3381	1.50703
3382	-2.51554
3383	-2.50476
3384	1.05375
3385	1.39006
3386	-2.10324
3387	-3.58062
3388	-1.63022
3389	-0.25532
3390	-1.38038
3391	-2.46292
3392	-0.72476
3393	2.63610
3394	4.50533
3395	3.56622
3396	1.17820
3397	-0.68650
3398	-1.58152
3399	-1.86328
3400	-1.36559
3401	-0.40421
3402	-0.09710
3403	-0.28635
3404	-0.50928
3405	-0.61934
3406	-0.50301
3407	-0.39956
3408	-0.26474
3409	0.03269
3410	0.37132
3411	0.40556
3412	-0.02833
3413	-0.36090
3414	-0.30423
3415	-0.04633
3416	0.30900
3417	0.48141
3418	0.22695
3419	-0.48026
3420	-0.86149
3421	0.07296
3422	1.08115
3423	0.51254
3424	-0.68546
3425	-0.76383
3426	-0.18753
3427	-0.32725
3428	-0.70072
3429	-0.39170
3430	-0.01027
3431	-0.23549
3432	-0.64159
3433	-0.62427
3434	-0.31300
3435	-0.14137
3436	-0.00727
3437	0.14032
3438	0.27773
3439	0.32321
3440	-0.04730
3441	-0.46292
3442	-0.47848
3443	-0.34430
3444	-0.28450
3445	-0.48384
3446	-0.88635
3447	-0.65306
3448	0.57180
3449	1.36106
3450	1.12782
3451	0.55675
3452	-0.43134
3453	-1.44600
3454	-1.55019
3455	-0.81273
3456	-0.35493
3457	-0.59389
3458	-0.94539
3459	-0.85886
3460	-0.34785
3461	0.52719
3462	1.52730
3463	2.12251
3464	1.96101
3465	1.22929
3466	0.60524
3467	0.58858
3468	0.83309
3469	0.69682
3470	0.31322
3471	0.29700
3472	0.54828
3473	0.32378
3474	-0.51797
3475	-1.18709
3476	-1.00402
3477	-0.21751
3478	0.34763
3479	0.17131
3480	-0.55229
3481	-1.23676
3482	-1.42646
3483	-0.97931
3484	0.06839
3485	1.72214
3486	3.56480
3487	3.42280
3488	-0.69423
3489	-5.21991
3490	-3.95518
3491	1.56140
3492	3.53066
3493	0.16170
3494	-3.21558
3495	-3.47706
3496	-1.91205
3497	-0.27283
3498	0.01304
3499	-1.09779
3500	-1.14400
3501	2.09467
3502	6.75213
3503	7.76432
3504	3.23381
3505	-3.26915
3506	-6.96761
3507	-6.02589
3508	-2.66984
3509	0.04646
3510	1.23488
3511	1.20939
3512	0.65740
3513	0.50780
3514	0.68288
3515	0.39869
3516	-0.00003
3517	-0.05184
3518	-0.13837
3519	-0.24075
3520	-0.13560
3521	0.11013
3522	0.11569
3523	-0.12580
3524	-0.07184
3525	0.04365
3526	0.02538
3527	-0.23904
3528	-0.78958
3529	-0.94607
3530	-0.30804
3531	0.42798
3532	0.60239
3533	0.37964
3534	-0.44689
3535	-1.75766
3536	-2.02137
3537	-0.80285
3538	0.26751
3539	0.28136
3540	0.14795
3541	0.30079
3542	0.15021
3543	-0.19437
3544	-0.15014
3545	0.18624
3546	0.37583
3547	0.33584
3548	0.15101
3549	-0.14285
3550	-0.27296
3551	0.03629
3552	-0.08865
3553	-0.97694
3554	-1.34455
3555	-0.79718
3556	-0.15007
3557	0.47507
3558	0.96056
3559	0.79232
3560	0.13599
3561	-0.44729
3562	-0.78961
3563	-1.15665
3564	-1.25418
3565	-0.93101
3566	-0.95252
3567	-0.93003
3568	-0.46030
3569	0.11790
3570	0.69277
3571	1.36479
3572	1.88461
3573	1.96309
3574	1.67218
3575	1.28090
3576	0.90804
3577	0.50050
3578	0.12805
3579	0.01938
3580	0.07878
3581	-0.02771
3582	-0.22081
3583	-0.37302
3584	-0.63881
3585	-0.72523
3586	-0.27517
3587	0.10107
3588	-0.25614
3589	-0.86342
3590	-1.01294
3591	-0.83215
3592	-0.65276
3593	-0.33427
3594	0.51788
3595	2.11868
3596	3.23835
3597	1.39092
3598	-2.63738
3599	-3.69131
3600	0.11357
3601	3.49680
3602	1.83585
3603	-2.15906
3604	-3.41677
3605	-1.51230
3606	0.37471
3607	0.02717
3608	-1.90403
3609	-2.93986
3610	-0.70271
3611	4.00034
3612	6.84529
3613	4.28974
3614	-1.70869
3615	-5.44034
3616	-4.71444
3617	-2.01742
3618	-0.05958
3619	0.97912
3620	1.51062
3621	1.20394
3622	0.59191
3623	0.30541
3624	0.09137
3625	-0.20984
3626	-0.45560
3627	-0.52369
3628	-0.48304
3629	-0.33576
3630	-0.02847
3631	-0.03831
3632	-0.67346
3633	-1.11611
3634	-0.59698
3635	0.21411
3636	0.50359
3637	0.56946
3638	0.69353
3639	0.56514
3640	0.27883
3641	-0.13853
3642	-0.72019
3643	-1.23203
3644	-1.26101
3645	-0.63872
3646	0.06445
3647	0.40263
3648	0.21823
3649	-0.24433
3650	-0.32377
3651	-0.19505
3652	-0.38057
3653	-0.48974
3654	-0.10106
3655	0.28374
3656	0.38887
3657	0.18092
3658	-0.19537
3659	-0.44945
3660	-0.61531
3661	-0.78688
3662	-1.06255
3663	-1.01728
3664	-0.34471
3665	0.56815
3666	1.35032
3667	1.70641
3668	1.30052
3669	0.46447
3670	-0.58823
3671	-1.48725
3672	-1.72992
3673	-1.85278
3674	-2.04455
3675	-1.66739
3676	-0.85718
3677	-0.17184
3678	0.45775
3679	1.35461
3680	2.09655
3681	2.28094
3682	2.11991
3683	1.79838
3684	1.33242
3685	0.82711
3686	0.36742
3687	0.06121
3688	0.03866
3689	0.18024
3690	0.20889
3691	-0.02874
3692	-0.51142
3693	-0.88459
3694	-0.68763
3695	-0.17302
3696	-0.08127
3697	-0.45661
3698	-0.68018
3699	-0.53685
3700	-0.38384
3701	-0.44451
3702	-0.53162
3703	-0.18703
3704	1.08064
3705	2.66098
3706	2.22742
3707	-1.27479
3708	-4.59843
3709	-3.59449
3710	1.00212
3711	4.16692
3712	2.85989
3713	-0.70192
3714	-2.65169
3715	-1.94978
3716	-0.54978
3717	-0.57783
3718	-2.13208
3719	-2.46132
3720	0.13865
3721	3.96471
3722	5.51512
3723	2.85165
3724	-1.92306
3725	-4.83235
3726	-4.08287
3727	-1.42682
3728	0.54379
3729	1.16624
3730	1.14602
3731	0.75439
3732	0.23471
3733	-0.04559
3734	-0.35522
3735	-0.60084
3736	-0.72399
3737	-0.63376
3738	-0.21247
3739	-0.00345
3740	-0.02126
3741	-0.05985
3742	-0.17750
3743	-0.41167
3744	-0.44087
3745	-0.13472
3746	0.35606
3747	0.78447
3748	0.45326
3749	-0.32555
3750	-0.55288
3751	-0.18781
3752	0.00311
3753	-0.19990
3754	-0.37590
3755	-0.52931
3756	-0.41564
3757	0.08447
3758	0.26700
3759	0.01539
3760	-0.14731
3761	-0.19607
3762	-0.31714
3763	-0.38974
3764	-0.22648
3765	0.05296
3766	0.15810
3767	0.12930
3768	-0.11957
3769	-0.59081
3770	-0.84262
3771	-0.80736
3772	-0.59821
3773	-0.23856
3774	-0.00225
3775	-0.12184
3776	0.02865
3777	0.89869
3778	1.68932
3779	1.32341
3780	0.08810
3781	-0.92992
3782	-1.43449
3783	-1.80421
3784	-1.61379
3785	-0.88002
3786	-0.44631
3787	-0.65948
3788	-0.40184
3789	0.41958
3790	0.72749
3791	0.62569
3792	1.14799
3793	1.93019
3794	1.85926
3795	1.14414
3796	0.66107
3797	0.52418
3798	0.34113
3799	0.10427
3800	0.18261
3801	0.41833
3802	0.20204
3803	-0.42093
3804	-0.89030
3805	-1.00940
3806	-0.95559
3807	-1.01159
3808	-1.22914
3809	-1.14693
3810	-0.48204
3811	0.44364
3812	1.75713
3813	3.45825
3814	3.10987
3815	-0.78394
3816	-3.71616
3817	-1.80226
3818	0.83099
3819	-0.10215
3820	-1.96588
3821	-1.98201
3822	-1.89367
3823	-3.48351
3824	-4.23717
3825	-0.48710
3826	6.29682
3827	9.28457
3828	5.03980
3829	-1.87057
3830	-4.90635
3831	-3.57839
3832	-1.47892
3833	-0.34382
3834	0.17126
3835	0.58431
3836	0.77631
3837	0.51230
3838	-0.07304
3839	-0.69327
3840	-0.74179
3841	-0.07632
3842	0.30546
3843	-0.05581
3844	-0.35025
3845	-0.19805
3846	-0.25133
3847	-0.57160
3848	-0.39770
3849	0.35967
3850	0.96914
3851	0.63344
3852	-0.52013
3853	-1.16072
3854	-0.61893
3855	0.05410
3856	-0.14436
3857	-0.99662
3858	-1.38285
3859	-0.58467
3860	0.48656
3861	0.65022
3862	0.01070
3863	-0.46287
3864	-0.12555
3865	0.24758
3866	-0.05587
3867	-0.35200
3868	-0.25781
3869	-0.12553
3870	0.06896
3871	0.33949
3872	0.31828
3873	-0.11849
3874	-0.62011
3875	-0.69770
3876	-0.41272
3877	-0.46413
3878	-0.80497
3879	-0.53274
3880	0.55643
3881	1.84832
3882	2.26541
3883	1.09235
3884	-0.40089
3885	-1.18113
3886	-1.59879
3887	-1.53812
3888	-1.22866
3889	-1.58728
3890	-2.12865
3891	-1.86750
3892	-0.69651
3893	0.60455
3894	1.62161
3895	2.38495
3896	2.85065
3897	2.72681
3898	1.81783
3899	0.56268
3900	-0.13184
3901	0.02951
3902	0.36707
3903	0.37624
3904	0.31701
3905	0.24654
3906	-0.18348
3907	-0.68740
3908	-0.64350
3909	-0.29188
3910	-0.30066
3911	-0.69454
3912	-1.02204
3913	-0.94573
3914	-0.43891
3915	0.12353
3916	0.52110
3917	1.56832
3918	3.45520
3919	3.16714
3920	-1.47880
3921	-5.66893
3922	-3.61429
3923	1.39700
3924	2.22170
3925	-0.93540
3926	-3.13179
3927	-3.00482
3928	-2.46502
3929	-2.01998
3930	-0.53169
3931	2.50095
3932	4.92565
3933	4.94809
3934	2.91096
3935	-0.10098
3936	-2.39389
3937	-2.72303
3938	-1.85173
3939	-0.98168
3940	-0.29795
3941	0.27368
3942	0.47398
3943	0.10699
3944	-0.27133
3945	-0.33818
3946	-0.41079
3947	-0.55494
3948	-0.43820
3949	0.00797
3950	0.21359
3951	-0.02807
3952	-0.15070
3953	0.07066
3954	0.21120
3955	0.04363
3956	-0.36239
3957	-0.71658
3958	-0.28946
3959	0.84920
3960	1.27729
3961	0.15029
3962	-1.25928
3963	-1.26678
3964	-0.54556
3965	-0.49139
3966	-0.80990
3967	-0.39601
3968	0.39791
3969	0.20772
3970	-0.30780
3971	0.12374
3972	0.66256
3973	0.16608
3974	-0.70918
3975	-0.66598
3976	0.12319
3977	0.47191
3978	0.10222
3979	-0.22333
3980	-0.36201
3981	-0.66425
3982	-0.88403
3983	-0.53840
3984	-0.10759
3985	-0.13725
3986	-0.31912
3987	-0.20281
3988	0.51035
3989	1.63385
3990	2.14157
3991	0.80315
3992	-1.42294
3993	-2.01834
3994	-1.37199
3995	-1.30948
3996	-1.39403
3997	-0.81351
3998	-0.46183
3999	-0.88011
4000	-0.81182
4001	0.53047
4002	2.10760
4003	2.61402
4004	2.05897
4005	1.43970
4006	1.27496
4007	1.06288
4008	0.45192
4009	0.01625
4010	0.22985
4011	0.58107
4012	0.34947
4013	-0.33133
4014	-0.80935
4015	-0.91053
4016	-0.80138
4017	-0.45686
4018	-0.11077
4019	-0.35015
4020	-1.22671
4021	-1.95314
4022	-1.64425
4023	-0.25822
4024	1.57821
4025	3.52800
4026	4.44446
4027	1.78833
4028	-3.32391
4029	-4.60653
4030	-0.23785
4031	2.98539
4032	0.70971
4033	-2.75610
4034	-3.08562
4035	-1.47510
4036	-0.54189
4037	-1.10438
4038	-2.13470
4039	-1.46430
4040	1.48345
4041	4.92732
4042	6.05707
4043	3.26348
4044	-1.69768
4045	-4.57639
4046	-3.78535
4047	-1.55822
4048	0.08186
4049	0.70013
4050	0.57760
4051	0.21012
4052	-0.07245
4053	-0.12557
4054	-0.04239
4055	0.13877
4056	0.37700
4057	0.27059
4058	-0.23157
4059	-0.55004
4060	-0.53524
4061	-0.48075
4062	-0.49357
4063	-0.39399
4064	0.38581
4065	1.16876
4066	0.34987
4067	-1.24097
4068	-1.28958
4069	-0.54953
4070	-0.68481
4071	-0.73920
4072	-0.38246
4073	-0.13731
4074	-0.20703
4075	-0.01045
4076	0.72838
4077	0.76449
4078	0.09019
4079	-0.44693
4080	-0.64223
4081	-0.50992
4082	-0.23800
4083	0.09502
4084	0.32380
4085	0.28345
4086	-0.10353
4087	-0.57770
4088	-0.65460
4089	-0.40797
4090	-0.30603
4091	-0.48877
4092	-0.60116
4093	-0.31590
4094	0.37910
4095	1.17611
4096	1.47942
4097	1.15173
4098	0.47551
4099	-0.64188
4100	-1.79808
4101	-2.26596
4102	-1.91407
4103	-0.93994
4104	-0.40394
4105	-0.88920
4106	-1.47333
4107	-0.74497
4108	0.84461
4109	1.89915
4110	2.17962
4111	2.10656
4112	1.94570
4113	1.74853
4114	1.19849
4115	0.29102
4116	-0.27470
4117	-0.15166
4118	0.25073
4119	0.54017
4120	0.55799
4121	0.13744
4122	-0.57380
4123	-0.99029
4124	-0.84601
4125	-0.54215
4126	-0.58727
4127	-1.11165
4128	-1.61833
4129	-1.33777
4130	-0.23290
4131	1.35193
4132	3.52066
4133	4.70596
4134	1.51750
4135	-4.28551
4136	-5.12500
4137	0.21275
4138	3.54321
4139	0.91228
4140	-2.46456
4141	-2.65984
4142	-1.63489
4143	-2.16550
4144	-3.98328
4145	-3.76161
4146	0.98449
4147	7.61760
4148	10.21065
4149	6.20748
4150	-1.39660
4151	-7.07919
4152	-7.34064
4153	-3.57365
4154	0.15865
4155	1.64240
4156	1.48968
4157	0.93537
4158	0.14888
4159	-0.49625
4160	-0.33703
4161	0.20737
4162	0.31786
4163	-0.07533
4164	-0.27243
4165	-0.09479
4166	0.01284
4167	-0.10321
4168	-0.23725
4169	-0.04643
4170	0.15154
4171	0.01910
4172	-0.11996
4173	-0.11144
4174	-0.20040
4175	-0.58034
4176	-0.76070
4177	-0.49632
4178	-0.53781
4179	-1.25919
4180	-1.27425
4181	0.28301
4182	1.28305
4183	0.33749
4184	-0.73793
4185	-0.66154
4186	-0.26362
4187	-0.16973
4188	-0.13779
4189	0.09884
4190	0.37872
4191	0.26789
4192	-0.12255
4193	-0.49939
4194	-0.81639
4195	-1.04326
4196	-1.02332
4197	-0.52617
4198	0.44928
4199	1.21664
4200	0.91529
4201	0.41051
4202	0.59328
4203	0.61010
4204	-0.18096
4205	-1.01151
4206	-1.48322
4207	-2.15084
4208	-2.57909
4209	-1.98342
4210	-0.95585
4211	-0.31859
4212	0.20635
4213	1.40258
4214	2.77038
4215	3.12401
4216	2.47029
4217	1.73687
4218	1.25124
4219	0.61351
4220	-0.16332
4221	-0.46075
4222	-0.15775
4223	0.15695
4224	0.18579
4225	0.14551
4226	0.01770
4227	-0.42256
4228	-0.84938
4229	-0.76170
4230	-0.41625
4231	-0.39028
4232	-0.67836
4233	-0.80006
4234	-0.46471
4235	0.09431
4236	0.79206
4237	2.07737
4238	2.91645
4239	0.60232
4240	-3.65125
4241	-3.79480
4242	1.29785
4243	4.45638
4244	1.57693
4245	-2.63600
4246	-3.65587
4247	-2.45507
4248	-1.16526
4249	-0.48230
4250	-0.76356
4251	-1.62052
4252	-1.48296
4253	0.63914
4254	3.58741
4255	4.86969
4256	3.00601
4257	-0.82246
4258	-3.42529
4259	-2.96752
4260	-0.95316
4261	0.23846
4262	0.34329
4263	0.22124
4264	0.11529
4265	0.05415
4266	0.02964
4267	-0.19120
4268	-0.59856
4269	-0.73090
4270	-0.35078
4271	0.13616
4272	0.22700
4273	-0.22602
4274	-0.54428
4275	-0.08775
4276	0.50596
4277	0.49005
4278	0.00406
4279	-0.46981
4280	-0.60725
4281	-0.25018
4282	0.24887
4283	0.20595
4284	-0.37691
4285	-0.98775
4286	-1.21671
4287	-1.16663
4288	-0.96565
4289	-0.45422
4290	0.28477
4291	0.78963
4292	0.58375
4293	-0.04808
4294	-0.27315
4295	0.13975
4296	0.43547
4297	0.15208
4298	-0.10844
4299	0.06154
4300	0.21460
4301	0.02167
4302	-0.42294
4303	-0.82533
4304	-0.84482
4305	-0.59511
4306	-0.48118
4307	-0.65574
4308	-0.57526
4309	0.64241
4310	1.86640
4311	1.52040
4312	0.18849
4313	-0.72386
4314	-0.88440
4315	-1.18909
4316	-1.84928
4317	-1.99165
4318	-1.42583
4319	-0.88687
4320	-0.52506
4321	0.11708
4322	1.05069
4323	1.88403
4324	2.40847
4325	2.53540
4326	2.22640
4327	1.52620
4328	0.56781
4329	-0.20545
4330	-0.36262
4331	-0.10641
4332	0.12837
4333	0.22358
4334	0.10494
4335	-0.27562
4336	-0.61119
4337	-0.61852
4338	-0.51060
4339	-0.52814
4340	-0.51717
4341	-0.34445
4342	-0.22865
4343	-0.52416
4344	-1.26182
4345	-1.82058
4346	-1.12140
4347	1.54067
4348	4.60489
4349	3.85933
4350	-1.37002
4351	-4.16225
4352	-0.43554
4353	3.03735
4354	0.33189
4355	-3.90671
4356	-3.97632
4357	-1.11846
4358	1.02602
4359	1.02437
4360	-0.73402
4361	-2.66814
4362	-2.43882
4363	1.39104
4364	6.53496
4365	7.24171
4366	1.69899
4367	-4.52226
4368	-5.89410
4369	-3.20845
4370	-0.39011
4371	0.89516
4372	1.08503
4373	0.83305
4374	0.61531
4375	0.16524
4376	-0.72827
4377	-0.97085
4378	-0.26920
4379	0.51325
4380	0.59452
4381	-0.10539
4382	-0.42612
4383	-0.23794
4384	-0.01772
4385	0.18772
4386	0.17286
4387	0.05777
4388	0.02809
4389	0.15471
4390	0.25921
4391	-0.09604
4392	-0.67729
4393	-0.89219
4394	-0.81755
4395	-0.59890
4396	-0.20293
4397	-0.02485
4398	-0.34944
4399	-0.67760
4400	-0.20836
4401	0.42471
4402	0.15895
4403	-0.37318
4404	-0.25941
4405	0.15324
4406	0.34905
4407	0.52327
4408	0.67235
4409	0.47347
4410	-0.18610
4411	-0.73532
4412	-0.61421
4413	-0.30784
4414	-0.42193
4415	-0.88633
4416	-1.07413
4417	-0.77699
4418	0.09768
4419	1.47451
4420	2.04158
4421	1.18524
4422	-0.36368
4423	-1.33258
4424	-1.50334
4425	-1.44481
4426	-1.20365
4427	-1.09439
4428	-0.91746
4429	-0.61349
4430	-0.31539
4431	0.07460
4432	0.69462
4433	1.45307
4434	2.03949
4435	2.02046
4436	1.44732
4437	0.99141
4438	0.89340
4439	0.66782
4440	0.24652
4441	0.19241
4442	0.47962
4443	0.40522
4444	-0.18890
4445	-0.76758
4446	-0.94894
4447	-0.82394
4448	-0.63438
4449	-0.39203
4450	-0.12586
4451	-0.20793
4452	-0.77051
4453	-1.29259
4454	-1.13873
4455	-0.16338
4456	1.24007
4457	2.38612
4458	2.13467
4459	-0.21828
4460	-2.36404
4461	-0.96962
4462	2.00557
4463	1.31440
4464	-2.64994
4465	-4.56788
4466	-2.67840
4467	0.09403
4468	1.08772
4469	0.03198
4470	-1.14696
4471	-0.63316
4472	1.73258
4473	4.67676
4474	5.09828
4475	1.50774
4476	-2.78766
4477	-4.02679
4478	-2.57328
4479	-0.90627
4480	0.11819
4481	0.69407
4482	0.66612
4483	0.36763
4484	0.03869
4485	-0.32324
4486	-0.45139
4487	-0.27027
4488	-0.02693
4489	-0.00147
4490	0.05211
4491	0.37386
4492	0.38271
4493	0.00498
4494	-0.03119
4495	0.03150
4496	-0.59144
4497	-1.24487
4498	-0.79983
4499	0.32547
4500	0.76288
4501	0.19174
4502	-0.35497
4503	-0.32499
4504	-0.33474
4505	-0.57270
4506	-0.59070
4507	-0.40516
4508	-0.30547
4509	-0.12806
4510	0.24841
4511	0.20440
4512	-0.35633
4513	-0.48442
4514	0.11651
4515	0.52500
4516	0.42938
4517	0.35548
4518	0.09165
4519	-0.50079
4520	-0.92588
4521	-0.86632
4522	-0.61256
4523	-0.59775
4524	-0.30122
4525	0.67863
4526	1.88652
4527	1.93437
4528	0.41063
4529	-1.27018
4530	-1.93637
4531	-1.68613
4532	-1.40171
4533	-1.16895
4534	-0.56943
4535	-0.37216
4536	-0.97097
4537	-1.16685
4538	0.16184
4539	2.15044
4540	3.13610
4541	2.64912
4542	1.57504
4543	0.94849
4544	0.82472
4545	0.60584
4546	0.18704
4547	-0.05933
4548	0.03220
4549	0.36812
4550	0.62116
4551	0.32870
4552	-0.43235
4553	-0.93226
4554	-0.77119
4555	-0.35909
4556	-0.21084
4557	-0.38060
4558	-0.71969
4559	-1.09690
4560	-1.19695
4561	-0.72369
4562	0.11330
4563	1.11779
4564	2.53406
4565	3.05094
4566	-0.04675
4567	-4.63253
4568	-4.02789
4569	1.53367
4570	3.67401
4571	-0.53120
4572	-4.77911
4573	-4.15419
4574	-0.28809
4575	2.57978
4576	1.87675
4577	-0.99955
4578	-2.36282
4579	-0.02690
4580	4.51513
4581	6.67097
4582	3.34026
4583	-2.59341
4584	-5.63330
4585	-4.24501
4586	-1.19592
4587	0.77166
4588	1.14138
4589	0.67454
4590	0.33298
4591	0.26179
4592	-0.13799
4593	-0.65577
4594	-0.76820
4595	-0.75849
4596	-0.71131
4597	0.03981
4598	1.12330
4599	1.02146
4600	-0.23051
4601	-1.06335
4602	-0.63043
4603	0.25918
4604	0.42507
4605	0.11348
4606	0.20844
4607	0.51659
4608	0.23256
4609	-0.62816
4610	-1.01954
4611	-0.45817
4612	0.11919
4613	-0.06687
4614	-0.58183
4615	-0.69891
4616	-0.44297
4617	-0.12027
4618	-0.01064
4619	-0.13750
4620	-0.18929
4621	-0.23083
4622	-0.08964
4623	0.28734
4624	0.44105
4625	0.23663
4626	-0.11629
4627	-0.18037
4628	-0.18114
4629	-0.45811
4630	-0.79226
4631	-1.07619
4632	-1.04736
4633	-0.37449
4634	1.05198
4635	2.18833
4636	1.83681
4637	-0.00414
4638	-1.86608
4639	-2.14910
4640	-1.37194
4641	-1.06294
4642	-1.15770
4643	-1.01270
4644	-0.69151
4645	-0.50765
4646	0.11042
4647	1.39881
4648	2.47749
4649	2.50938
4650	1.70333
4651	0.95732
4652	0.75523
4653	0.75013
4654	0.47667
4655	0.12548
4656	0.25810
4657	0.73827
4658	0.71974
4659	-0.04509
4660	-0.81753
4661	-0.99360
4662	-0.74076
4663	-0.36850
4664	0.00537
4665	0.04440
4666	-0.50140
4667	-1.17271
4668	-1.33423
4669	-0.94943
4670	-0.42469
4671	0.01427
4672	0.83631
4673	2.35538
4674	2.63603
4675	-0.51522
4676	-3.85933
4677	-1.80405
4678	3.48211
4679	4.34542
4680	-0.17391
4681	-4.06807
4682	-4.05196
4683	-1.71542
4684	0.75465
4685	1.86833
4686	0.76086
4687	-1.59634
4688	-2.93809
4689	-1.03114
4690	3.10257
4691	4.88029
4692	2.07690
4693	-2.08704
4694	-3.66110
4695	-2.70721
4696	-1.05946
4697	0.62176
4698	1.62203
4699	1.22088
4700	0.42613
4701	0.30591
4702	0.14947
4703	-0.47625
4704	-0.74986
4705	-0.31803
4706	0.27563
4707	0.32612
4708	-0.01677
4709	-0.32047
4710	-0.66876
4711	-0.94341
4712	-0.95936
4713	-0.41584
4714	0.50443
4715	0.90256
4716	0.61078
4717	-0.06730
4718	-0.51589
4719	-0.46247
4720	-0.11301
4721	0.32173
4722	0.27265
4723	-0.42035
4724	-1.01883
4725	-0.89366
4726	-0.55425
4727	-0.51440
4728	-0.34277
4729	0.22385
4730	0.87257
4731	0.80767
4732	0.26595
4733	0.02973
4734	0.07756
4735	0.05825
4736	-0.23384
4737	-0.43722
4738	-0.35989
4739	-0.56146
4740	-1.19544
4741	-1.24841
4742	-0.29740
4743	0.86594
4744	1.64066
4745	1.30264
4746	0.26575
4747	-0.62042
4748	-1.25687
4749	-1.66000
4750	-1.66486
4751	-1.05120
4752	-0.30980
4753	-0.49704
4754	-1.02072
4755	-0.59401
4756	0.83071
4757	2.03975
4758	2.27553
4759	1.94478
4760	1.63294
4761	1.33692
4762	0.87706
4763	0.40351
4764	0.12552
4765	-0.03967
4766	-0.04587
4767	0.35609
4768	0.71834
4769	0.23915
4770	-0.76483
4771	-1.22301
4772	-0.87087
4773	-0.34405
4774	-0.15047
4775	-0.27344
4776	-0.58573
4777	-1.07978
4778	-1.51363
4779	-1.36065
4780	-0.32715
4781	1.61872
4782	3.62986
4783	2.88645
4784	-1.40987
4785	-3.81269
4786	-0.69300
4787	2.29664
4788	-0.00907
4789	-3.71887
4790	-3.67976
4791	-0.67086
4792	1.38723
4793	0.11389
4794	-2.67193
4795	-2.32677
4796	2.29770
4797	6.91628
4798	6.44574
4799	1.30884
4800	-3.38211
4801	-4.32021
4802	-2.78081
4803	-1.12624
4804	0.10323
4805	0.54788
4806	0.24403
4807	0.07785
4808	0.25207
4809	0.11766
4810	-0.47459
4811	-0.59941
4812	-0.22832
4813	-0.04135
4814	0.03387
4815	-0.00829
4816	-0.29076
4817	-0.43638
4818	-0.06819
4819	0.26683
4820	0.09033
4821	-0.15704
4822	0.08160
4823	0.41319
4824	0.50093
4825	0.30754
4826	-0.16040
4827	-0.56849
4828	-0.58666
4829	-0.43142
4830	-0.56971
4831	-0.75890
4832	-0.56633
4833	-0.17523
4834	0.00049
4835	-0.14723
4836	-0.11725
4837	0.09243
4838	0.18699
4839	0.31478
4840	0.52613
4841	0.58919
4842	0.27424
4843	-0.17999
4844	-0.60496
4845	-0.99042
4846	-1.05279
4847	-0.72296
4848	-0.34311
4849	-0.23878
4850	-0.11063
4851	0.29129
4852	0.98005
4853	1.38038
4854	1.10220
4855	0.53993
4856	-0.09330
4857	-0.95515
4858	-1.73749
4859	-1.94422
4860	-1.55537
4861	-1.16524
4862	-0.80428
4863	-0.30075
4864	0.22594
4865	0.75595
4866	1.46677
4867	2.17771
4868	2.36999
4869	1.86568
4870	1.15715
4871	0.84243
4872	0.71663
4873	0.19715
4874	-0.34520
4875	-0.12452
4876	0.49952
4877	0.49513
4878	-0.29773
4879	-1.06591
4880	-1.17208
4881	-0.80644
4882	-0.41014
4883	-0.18695
4884	-0.37987
4885	-1.05571
4886	-1.60265
4887	-1.35835
4888	-0.41144
4889	1.08091
4890	3.29092
4891	4.54358
4892	1.64083
4893	-3.46672
4894	-3.74824
4895	1.12125
4896	2.99134
4897	-1.10009
4898	-4.87173
4899	-3.90591
4900	-0.59389
4901	1.38117
4902	1.05981
4903	-0.60785
4904	-1.53839
4905	-0.21237
4906	2.66562
4907	4.60660
4908	3.40809
4909	-0.17993
4910	-2.79452
4911	-2.86834
4912	-1.94018
4913	-0.89773
4914	0.33950
4915	1.20151
4916	0.85008
4917	-0.10172
4918	-0.37632
4919	-0.13745
4920	-0.08946
4921	-0.12260
4922	0.37772
4923	0.72117
4924	0.23711
4925	-0.37366
4926	-0.65388
4927	-0.66878
4928	-0.61654
4929	-0.70529
4930	-0.62695
4931	-0.02147
4932	0.60679
4933	0.53626
4934	0.18556
4935	-0.17711
4936	-0.38252
4937	-0.27576
4938	-0.02314
4939	-0.14733
4940	-0.80673
4941	-0.98102
4942	-0.43145
4943	-0.04651
4944	-0.08538
4945	-0.16326
4946	-0.02114
4947	0.18517
4948	0.27870
4949	0.34809
4950	0.41691
4951	0.34223
4952	0.13954
4953	-0.13471
4954	-0.56272
4955	-0.76186
4956	-0.60062
4957	-0.51811
4958	-0.42159
4959	0.08321
4960	1.16920
4961	1.69626
4962	0.82256
4963	-0.15019
4964	-0.26169
4965	-0.22340
4966	-0.90956
4967	-1.70924
4968	-1.75869
4969	-1.62608
4970	-1.77755
4971	-1.45326
4972	-0.18647
4973	1.20983
4974	1.98452
4975	2.19501
4976	2.02691
4977	1.70056
4978	1.50025
4979	1.30515
4980	0.80949
4981	0.15770
4982	-0.17038
4983	0.05674
4984	0.43926
4985	0.27137
4986	-0.43190
4987	-0.91904
4988	-0.85378
4989	-0.46892
4990	-0.06728
4991	-0.07340
4992	-0.65895
4993	-1.27040
4994	-1.34645
4995	-0.98504
4996	-0.30397
4997	1.25438
4998	3.76457
4999	4.67662
5000	1.37674
5001	-2.85099
5002	-2.82623
5003	-0.71280
5004	-1.44293
5005	-3.41720
5006	-2.80201
5007	-0.68464
5008	-0.64867
5009	-2.96620
5010	-3.58329
5011	0.33665
5012	5.96817
5013	8.54633
5014	5.69240
5015	-0.40399
5016	-4.64984
5017	-4.58619
5018	-2.13126
5019	-0.29529
5020	0.18687
5021	0.35099
5022	0.56812
5023	0.33978
5024	-0.32532
5025	-0.61711
5026	-0.02815
5027	0.64016
5028	0.36469
5029	-0.30764
5030	-0.38798
5031	-0.09187
5032	0.13161
5033	0.13000
5034	0.01446
5035	0.12351
5036	0.08901
5037	-0.25537
5038	-0.18632
5039	0.29203
5040	0.26054
5041	-0.52705
5042	-1.13167
5043	-1.02051
5044	-0.64242
5045	-0.55151
5046	-0.78025
5047	-0.81169
5048	-0.33727
5049	0.39473
5050	0.77676
5051	0.61100
5052	0.35362
5053	0.26065
5054	0.26552
5055	0.29162
5056	0.27288
5057	0.10759
5058	-0.27235
5059	-0.58203
5060	-0.73189
5061	-0.60918
5062	-0.53689
5063	-0.84849
5064	-0.92108
5065	-0.20594
5066	0.89217
5067	1.42838
5068	0.85486
5069	0.04628
5070	-0.09374
5071	-0.11190
5072	-0.50833
5073	-0.97055
5074	-1.13468
5075	-1.18819
5076	-1.43394
5077	-1.74070
5078	-1.40294
5079	-0.15094
5080	1.62400
5081	2.91094
5082	2.84553
5083	1.90346
5084	1.24953
5085	1.15281
5086	1.05984
5087	0.60559
5088	-0.01257
5089	-0.22369
5090	0.25270
5091	0.76462
5092	0.38048
5093	-0.72505
5094	-1.36413
5095	-0.97124
5096	-0.25869
5097	-0.01149
5098	-0.23483
5099	-0.64258
5100	-0.92332
5101	-0.73827
5102	-0.27194
5103	0.25207
5104	1.64970
5105	3.49900
5106	2.18305
5107	-2.58454
5108	-3.90933
5109	0.60354
5110	2.96657
5111	-1.02967
5112	-5.11050
5113	-4.51117
5114	-1.91341
5115	-1.19995
5116	-1.70801
5117	-0.23259
5118	3.05393
5119	5.07329
5120	4.22538
5121	1.80409
5122	-0.19741
5123	-1.17061
5124	-1.61575
5125	-1.51879
5126	-0.68920
5127	0.15220
5128	0.29959
5129	-0.27817
5130	-0.54704
5131	-0.41357
5132	-0.71819
5133	-1.03536
5134	-0.67478
5135	0.24891
5136	0.53035
5137	-0.05310
5138	-0.47866
5139	-0.24991
5140	0.50367
5141	0.83665
5142	0.40750
5143	-0.28045
5144	-0.53436
5145	-0.03924
5146	0.59452
5147	0.34264
5148	-0.49164
5149	-0.59857
5150	-0.21065
5151	-0.16856
5152	-0.06262
5153	0.16379
5154	-0.04418
5155	-0.53239
5156	-0.76479
5157	-0.73370
5158	-0.49954
5159	-0.26984
5160	-0.26302
5161	-0.25632
5162	0.03179
5163	0.59667
5164	0.89541
5165	0.56766
5166	-0.08403
5167	-0.46232
5168	-0.41264
5169	-0.32694
5170	-0.55561
5171	-0.71615
5172	-0.46203
5173	0.04062
5174	0.84507
5175	1.64666
5176	1.64306
5177	0.20906
5178	-1.65231
5179	-2.19734
5180	-1.95764
5181	-2.08624
5182	-1.92725
5183	-0.83053
5184	0.18528
5185	0.33178
5186	0.52285
5187	1.43716
5188	2.25928
5189	2.01443
5190	1.11011
5191	0.83185
5192	1.33077
5193	1.36691
5194	0.58539
5195	0.19255
5196	0.61093
5197	0.70692
5198	-0.08413
5199	-0.99680
5200	-1.33158
5201	-1.05386
5202	-0.41493
5203	0.12887
5204	0.13841
5205	-0.27508
5206	-0.66247
5207	-0.90962
5208	-1.13914
5209	-1.21629
5210	-0.70808
5211	1.00457
5212	3.65066
5213	4.05417
5214	-0.23763
5215	-3.87653
5216	-0.66152
5217	3.96205
5218	1.44669
5219	-4.75110
5220	-6.12219
5221	-2.33483
5222	1.12356
5223	1.00318
5224	-1.40904
5225	-2.34396
5226	0.34915
5227	4.75859
5228	6.46066
5229	3.20204
5230	-2.19469
5231	-4.93781
5232	-3.80128
5233	-1.24887
5234	0.33793
5235	0.79527
5236	0.77250
5237	0.42651
5238	0.03097
5239	-0.10979
5240	-0.18075
5241	-0.32677
5242	-0.33368
5243	0.09643
5244	0.40092
5245	0.34750
5246	0.18646
5247	0.02112
5248	-0.13613
5249	-0.34256
5250	-0.37368
5251	-0.11571
5252	0.35936
5253	0.54557
5254	0.00406
5255	-0.58339
5256	-0.52738
5257	-0.25039
5258	-0.31545
5259	-0.62583
5260	-0.85767
5261	-0.90066
5262	-0.56641
5263	0.11145
5264	0.55106
5265	0.34311
5266	-0.12075
5267	-0.23387
5268	-0.26970
5269	-0.30211
5270	0.08021
5271	0.59564
5272	0.61044
5273	0.09310
5274	-0.35235
5275	-0.51077
5276	-0.67441
5277	-0.80137
5278	-0.79324
5279	-0.55096
5280	-0.13730
5281	0.26326
5282	0.70686
5283	0.94419
5284	0.79005
5285	0.49474
5286	-0.21489
5287	-1.24360
5288	-1.69772
5289	-1.51901
5290	-1.36882
5291	-1.33695
5292	-0.97099
5293	-0.11574
5294	0.75572
5295	1.36808
5296	2.03181
5297	2.68160
5298	2.57293
5299	1.63027
5300	0.73929
5301	0.38464
5302	0.29273
5303	0.23780
5304	0.24438
5305	0.30596
5306	0.26457
5307	-0.09429
5308	-0.67304
5309	-1.02305
5310	-0.89710
5311	-0.51535
5312	-0.33640
5313	-0.65920
5314	-1.27243
5315	-1.65833
5316	-1.44056
5317	-0.59567
5318	0.61245
5319	2.26968
5320	4.16178
5321	3.55315
5322	-1.37179
5323	-5.15801
5324	-2.01908
5325	3.10037
5326	2.29977
5327	-2.39498
5328	-4.60038
5329	-3.20036
5330	-0.59805
5331	0.94125
5332	0.32528
5333	-1.52189
5334	-1.70456
5335	1.43324
5336	5.77655
5337	6.77107
5338	2.46928
5339	-3.32775
5340	-5.50520
5341	-4.02194
5342	-1.83221
5343	-0.06887
5344	1.03613
5345	1.29467
5346	0.92284
5347	0.55845
5348	0.52480
5349	0.34216
5350	-0.00783
5351	-0.10614
5352	0.01768
5353	0.02615
5354	-0.38568
5355	-0.77855
5356	-0.74654
5357	-0.67550
5358	-0.68706
5359	-0.13470
5360	0.85997
5361	0.90179
5362	-0.18130
5363	-0.68231
5364	0.15499
5365	0.71270
5366	-0.31835
5367	-1.59987
5368	-1.64294
5369	-0.99786
5370	-0.71022
5371	-0.62352
5372	0.11203
5373	1.01497
5374	1.09398
5375	0.50518
5376	-0.21693
5377	-0.41652
5378	-0.00803
5379	0.31956
5380	0.25659
5381	-0.20451
5382	-0.83917
5383	-1.11991
5384	-0.94557
5385	-0.57783
5386	-0.30178
5387	-0.27677
5388	-0.03713
5389	0.61247
5390	1.29013
5391	1.44258
5392	0.96271
5393	-0.03447
5394	-1.27510
5395	-1.91822
5396	-1.64404
5397	-1.16940
5398	-1.01259
5399	-1.21940
5400	-1.05643
5401	-0.11411
5402	0.98806
5403	1.65747
5404	2.11240
5405	2.41551
5406	2.17068
5407	1.47878
5408	0.84042
5409	0.35504
5410	0.01954
5411	-0.00799
5412	0.01396
5413	-0.29178
5414	-0.64029
5415	-0.61234
5416	-0.33021
5417	-0.12136
5418	-0.15278
5419	-0.33856
5420	-0.45013
5421	-0.51905
5422	-0.76815
5423	-1.04084
5424	-0.84229
5425	0.00764
5426	1.51567
5427	3.81871
5428	5.17979
5429	1.95325
5430	-4.10462
5431	-4.80793
5432	1.01801
5433	3.91653
5434	-0.48877
5435	-5.32505
5436	-5.18974
5437	-2.20394
5438	-0.35324
5439	-1.16803
5440	-3.00092
5441	-2.34914
5442	2.26689
5443	7.46447
5444	7.89674
5445	2.81320
5446	-2.92837
5447	-4.81948
5448	-2.94635
5449	-0.56196
5450	0.11550
5451	0.09960
5452	0.18111
5453	0.10360
5454	0.18074
5455	0.26465
5456	0.08230
5457	-0.24286
5458	-0.56049
5459	-0.54412
5460	-0.18056
5461	0.03061
5462	-0.14412
5463	-0.46677
5464	-0.66370
5465	-0.33998
5466	0.18185
5467	0.26674
5468	0.16132
5469	0.52952
5470	0.91852
5471	0.14503
5472	-1.11302
5473	-1.29172
5474	-0.74535
5475	-0.64209
5476	-0.77318
5477	-0.15945
5478	0.76977
5479	0.52236
5480	-0.63712
5481	-1.08032
5482	-0.44496
5483	0.32465
5484	0.43133
5485	0.18205
5486	0.13027
5487	0.14995
5488	-0.04728
5489	-0.19634
5490	-0.30246
5491	-0.65248
5492	-1.00463
5493	-1.06812
5494	-0.82641
5495	-0.24313
5496	0.53092
5497	1.20437
5498	1.25465
5499	0.63644
5500	0.00437
5501	-0.49657
5502	-0.98567
5503	-1.53792
5504	-1.80773
5505	-1.56134
5506	-1.25258
5507	-1.18862
5508	-0.77286
5509	0.21686
5510	1.26130
5511	1.94792
5512	2.35749
5513	2.52387
5514	2.18599
5515	1.38296
5516	0.66848
5517	0.34711
5518	0.15616
5519	-0.09318
5520	-0.32245
5521	-0.44349
5522	-0.33455
5523	-0.09823
5524	-0.07388
5525	-0.25958
5526	-0.45076
5527	-0.58123
5528	-0.52554
5529	-0.36627
5530	-0.53210
5531	-0.94640
5532	-0.89873
5533	-0.14693
5534	1.16654
5535	3.04988
5536	3.76297
5537	0.65882
5538	-3.51527
5539	-2.71925
5540	1.40740
5541	1.55077
5542	-2.54127
5543	-4.69755
5544	-2.72515
5545	-0.20475
5546	-0.50986
5547	-2.51439
5548	-2.05477
5549	2.04394
5550	6.14231
5551	6.14334
5552	2.14998
5553	-1.92171
5554	-2.85584
5555	-1.66073
5556	-0.67828
5557	-0.13146
5558	0.11903
5559	-0.07959
5560	-0.53255
5561	-0.57980
5562	-0.23348
5563	-0.27968
5564	-0.43815
5565	-0.09309
5566	0.42115
5567	0.51119
5568	-0.00734
5569	-0.68162
5570	-0.78154
5571	-0.43304
5572	-0.35350
5573	-0.47497
5574	-0.17031
5575	0.46119
5576	0.79525
5577	0.37186
5578	-0.23003
5579	-0.35536
5580	-0.54485
5581	-0.61977
5582	0.10643
5583	0.58248
5584	-0.09990
5585	-1.02208
5586	-0.76325
5587	0.17814
5588	0.40482
5589	-0.05456
5590	-0.51626
5591	-0.47836
5592	-0.01047
5593	0.38369
5594	0.53109
5595	0.49092
5596	0.13210
5597	-0.37269
5598	-0.62561
5599	-0.69537
5600	-0.82874
5601	-0.88388
5602	-0.63842
5603	-0.07498
5604	0.55042
5605	1.17141
5606	1.32974
5607	0.72395
5608	-0.10581
5609	-0.93137
5610	-1.66736
5611	-1.75747
5612	-1.07486
5613	-0.31793
5614	-0.30575
5615	-1.12133
5616	-1.56178
5617	-0.61431
5618	1.25784
5619	2.64239
5620	2.82453
5621	2.17179
5622	1.36743
5623	0.94921
5624	0.94238
5625	0.80303
5626	0.29685
5627	-0.16326
5628	-0.36371
5629	-0.39402
5630	-0.21414
5631	-0.09912
5632	-0.44945
5633	-0.82636
5634	-0.61928
5635	-0.17735
5636	-0.09063
5637	-0.29176
5638	-0.48004
5639	-0.64141
5640	-0.84801
5641	-0.89108
5642	-0.35856
5643	1.28855
5644	3.76649
5645	3.81208
5646	-0.96683
5647	-4.63567
5648	-0.84751
5649	4.22618
5650	1.74742
5651	-4.65496
5652	-6.64443
5653	-3.64490
5654	-0.34537
5655	0.48483
5656	-0.54764
5657	-0.20596
5658	3.32581
5659	7.45589
5660	7.40250
5661	1.69603
5662	-4.90408
5663	-7.09337
5664	-4.79663
5665	-1.24230
5666	0.88487
5667	1.22761
5668	0.93078
5669	0.74728
5670	0.63767
5671	0.38829
5672	-0.04047
5673	-0.43336
5674	-0.72150
5675	-0.80808
5676	-0.51301
5677	0.02957
5678	0.49247
5679	0.52373
5680	-0.02327
5681	-0.51855
5682	-0.23801
5683	0.61176
5684	1.19121
5685	0.71728
5686	-0.38110
5687	-0.87059
5688	-0.68286
5689	-0.50737
5690	-0.57830
5691	-0.68096
5692	-0.63330
5693	-0.62028
5694	-0.69860
5695	-0.45712
5696	0.10975
5697	0.41146
5698	0.29440
5699	0.07685
5700	-0.13491
5701	-0.24170
5702	-0.04151
5703	0.42516
5704	0.65631
5705	0.41052
5706	-0.06990
5707	-0.49908
5708	-0.58909
5709	-0.50090
5710	-0.79847
5711	-1.21626
5712	-0.89411
5713	0.19248
5714	1.36198
5715	1.60516
5716	0.77002
5717	-0.09128
5718	-0.77698
5719	-1.52889
5720	-1.71522
5721	-0.81137
5722	0.11481
5723	-0.57774
5724	-2.25931
5725	-2.31393
5726	-0.06971
5727	2.16509
5728	2.54985
5729	1.91979
5730	1.59143
5731	1.54558
5732	1.40444
5733	1.07352
5734	0.49981
5735	-0.09926
5736	-0.21218
5737	0.30915
5738	0.74752
5739	0.27477
5740	-0.69169
5741	-1.05825
5742	-0.74200
5743	-0.39592
5744	-0.26266
5745	-0.34837
5746	-0.74042
5747	-1.20762
5748	-1.24568
5749	-0.71053
5750	0.04511
5751	0.95995
5752	2.59893
5753	3.87731
5754	1.51934
5755	-3.11539
5756	-3.00152
5757	2.00517
5758	3.25705
5759	-1.57206
5760	-5.52772
5761	-4.63387
5762	-1.42631
5763	0.52700
5764	-0.08759
5765	-1.82790
5766	-1.13288
5767	3.31224
5768	7.74111
5769	6.77235
5770	0.65454
5771	-4.86129
5772	-5.68723
5773	-3.24867
5774	-1.08033
5775	-0.06812
5776	0.66426
5777	1.12213
5778	0.85085
5779	0.35193
5780	0.18181
5781	-0.13354
5782	-0.39502
5783	-0.20038
5784	0.06999
5785	0.05472
5786	-0.32958
5787	-0.55835
5788	-0.48567
5789	-0.29166
5790	0.04990
5791	0.30764
5792	0.45997
5793	0.27438
5794	-0.33128
5795	-0.52684
5796	0.09352
5797	0.54718
5798	-0.00105
5799	-0.94313
5800	-1.49282
5801	-1.57555
5802	-1.23674
5803	-0.48818
5804	0.33106
5805	0.86129
5806	0.85307
5807	0.40054
5808	0.09273
5809	0.03905
5810	-0.13052
5811	-0.19844
5812	-0.08181
5813	-0.09883
5814	-0.26764
5815	-0.45098
5816	-0.50325
5817	-0.60147
5818	-0.81463
5819	-0.64528
5820	-0.28493
5821	0.06806
5822	0.46489
5823	0.77823
5824	1.00541
5825	1.04223
5826	0.71082
5827	-0.15734
5828	-1.07130
5829	-1.67729
5830	-2.15474
5831	-2.29384
5832	-1.77859
5833	-0.78954
5834	0.04426
5835	0.51147
5836	1.01735
5837	1.84463
5838	2.62897
5839	2.68434
5840	1.90987
5841	1.01244
5842	0.50700
5843	0.16036
5844	-0.19496
5845	-0.22481
5846	0.14264
5847	0.37949
5848	0.08782
5849	-0.43280
5850	-0.64502
5851	-0.50934
5852	-0.37167
5853	-0.41984
5854	-0.53390
5855	-0.52068
5856	-0.47347
5857	-0.68386
5858	-1.04844
5859	-1.10843
5860	-0.70073
5861	0.45305
5862	2.99537
5863	5.16616
5864	2.60609
5865	-3.32158
5866	-4.04502
5867	1.83220
5868	4.71911
5869	0.27092
5870	-4.76745
5871	-5.03091
5872	-2.83635
5873	-1.45635
5874	-1.84976
5875	-2.77024
5876	-1.67656
5877	2.70777
5878	7.86317
5879	8.36178
5880	2.51543
5881	-4.21132
5882	-6.03802
5883	-3.36259
5884	-0.37165
5885	0.66997
5886	0.65651
5887	0.52216
5888	0.28168
5889	0.17105
5890	0.05674
5891	-0.45043
5892	-0.65557
5893	-0.08049
5894	0.31314
5895	-0.01094
5896	-0.38498
5897	-0.31390
5898	-0.22864
5899	-0.47043
5900	-0.35061
5901	0.39840
5902	0.86601
5903	0.56122
5904	0.05736
5905	-0.31162
5906	-0.66374
5907	-0.77600
5908	-0.52719
5909	-0.23648
5910	-0.18176
5911	-0.42487
5912	-0.74021
5913	-0.63762
5914	0.00966
5915	0.39256
5916	0.03934
5917	-0.40129
5918	-0.45878
5919	-0.29704
5920	-0.06456
5921	0.22667
5922	0.47475
5923	0.60839
5924	0.50331
5925	0.08078
5926	-0.50482
5927	-0.84296
5928	-0.93895
5929	-1.19213
5930	-1.03549
5931	0.07687
5932	1.16200
5933	1.47389
5934	1.06530
5935	0.24238
5936	-0.33401
5937	-0.52477
5938	-0.56017
5939	-0.82643
5940	-1.46077
5941	-2.09306
5942	-2.30156
5943	-1.80204
5944	-0.69573
5945	0.45525
5946	1.31109
5947	2.06143
5948	2.68442
5949	2.68264
5950	1.97335
5951	1.20577
5952	0.83787
5953	0.59945
5954	0.09700
5955	-0.38269
5956	-0.20785
5957	0.34006
5958	0.32604
5959	-0.32103
5960	-0.91824
5961	-1.06180
5962	-0.75465
5963	-0.30840
5964	-0.18990
5965	-0.53072
5966	-0.97654
5967	-1.01889
5968	-0.44982
5969	0.49419
5970	1.76964
5971	3.18278
5972	2.57045
5973	-1.30907
5974	-3.82442
5975	-1.11381
5976	1.72896
5977	-0.44894
5978	-3.71304
5979	-3.29091
5980	-1.19448
5981	-0.91185
5982	-1.45794
5983	0.47388
5984	3.99174
5985	5.12681
5986	2.69823
5987	-0.49628
5988	-1.53108
5989	-1.05502
5990	-0.87796
5991	-0.62894
5992	0.10373
5993	0.52394
5994	-0.09702
5995	-0.90757
5996	-0.91023
5997	-0.83300
5998	-0.81917
5999	-0.40239
6000	-0.01078
6001	-0.09197
6002	-0.33750
6003	-0.39130
6004	-0.38465
6005	-0.28740
6006	0.00653
6007	0.09779
6008	-0.07582
6009	0.13389
6010	0.54603
6011	0.63971
6012	0.66347
6013	0.47232
6014	-0.00973
6015	-0.42124
6016	-0.55824
6017	-0.54499
6018	-0.43006
6019	-0.21227
6020	-0.23555
6021	-0.38223
6022	-0.04779
6023	0.38816
6024	0.14019
6025	-0.55405
6026	-1.06756
6027	-0.68919
6028	0.20252
6029	0.66232
6030	0.67971
6031	0.46096
6032	0.05926
6033	-0.32478
6034	-0.56902
6035	-0.77538
6036	-1.02905
6037	-1.16212
6038	-0.79547
6039	0.32012
6040	1.74915
6041	2.08412
6042	0.64352
6043	-1.01412
6044	-1.45811
6045	-0.85112
6046	-0.29863
6047	-0.41751
6048	-0.97627
6049	-1.96443
6050	-2.56303
6051	-1.72306
6052	0.14498
6053	1.78713
6054	2.59184
6055	2.60050
6056	2.06164
6057	1.46011
6058	1.24235
6059	1.13500
6060	0.64316
6061	0.11698
6062	0.06101
6063	0.15478
6064	-0.01276
6065	-0.30376
6066	-0.52611
6067	-0.69242
6068	-0.74639
6069	-0.54519
6070	-0.20040
6071	-0.18089
6072	-0.62921
6073	-0.86462
6074	-0.51551
6075	-0.20965
6076	0.27173
6077	2.08959
6078	3.45590
6079	0.72864
6080	-3.37725
6081	-1.92504
6082	3.33525
6083	3.61328
6084	-1.95021
6085	-5.98071
6086	-5.16835
6087	-2.26101
6088	0.07552
6089	0.88833
6090	-0.32483
6091	-1.65724
6092	-0.05532
6093	4.64130
6094	8.07361
6095	5.62495
6096	-0.94220
6097	-5.74529
6098	-5.69563
6099	-2.67607
6100	-0.28112
6101	0.50923
6102	0.71708
6103	0.73964
6104	0.63239
6105	0.38662
6106	0.02645
6107	-0.16291
6108	-0.11376
6109	-0.19759
6110	-0.68469
6111	-0.95018
6112	-0.35466
6113	0.54413
6114	0.56897
6115	-0.27103
6116	-0.83361
6117	-0.37325
6118	0.85531
6119	1.78973
6120	1.28786
6121	-0.74926
6122	-2.35698
6123	-1.36771
6124	0.63140
6125	0.56108
6126	-0.85600
6127	-1.37536
6128	-0.82788
6129	-0.27599
6130	-0.13952
6131	-0.04018
6132	-0.06552
6133	-0.15136
6134	-0.04432
6135	0.12333
6136	0.18227
6137	0.25483
6138	0.43507
6139	0.61065
6140	0.46624
6141	-0.04078
6142	-0.53488
6143	-0.68652
6144	-0.59561
6145	-0.52884
6146	-0.38733
6147	-0.15851
6148	-0.05062
6149	0.27324
6150	0.91289
6151	1.15465
6152	0.44260
6153	-0.56035
6154	-1.19491
6155	-1.54619
6156	-1.61399
6157	-1.49182
6158	-1.43186
6159	-1.17106
6160	-0.72879
6161	-0.20601
6162	0.41426
6163	1.40533
6164	2.49094
6165	2.74995
6166	2.05260
6167	1.22463
6168	0.73247
6169	0.48177
6170	0.35326
6171	0.27111
6172	0.21615
6173	0.21979
6174	0.11992
6175	-0.32511
6176	-0.87036
6177	-0.91735
6178	-0.49707
6179	-0.29155
6180	-0.43015
6181	-0.48952
6182	-0.60272
6183	-0.99772
6184	-1.06517
6185	-0.31255
6186	1.09419
6187	3.16476
6188	4.49968
6189	1.82536
6190	-3.18542
6191	-3.39285
6192	1.20687
6193	2.11647
6194	-2.62655
6195	-5.81858
6196	-3.86902
6197	-0.92505
6198	-1.22740
6199	-2.86735
6200	-0.93948
6201	4.59594
6202	8.33339
6203	6.04486
6204	0.20948
6205	-3.54181
6206	-3.41773
6207	-1.77394
6208	-0.83544
6209	-0.25414
6210	0.65558
6211	0.85921
6212	-0.12669
6213	-0.84755
6214	-0.63824
6215	-0.34416
6216	-0.18136
6217	-0.05233
6218	-0.10297
6219	-0.22503
6220	-0.26563
6221	-0.26151
6222	-0.21424
6223	0.02038
6224	0.34781
6225	0.51583
6226	0.40286
6227	0.26104
6228	0.05231
6229	-0.34890
6230	-0.29197
6231	0.28706
6232	0.08056
6233	-0.84921
6234	-1.17453
6235	-0.90180
6236	-0.64582
6237	-0.50004
6238	-0.23821
6239	0.11535
6240	0.25023
6241	0.07049
6242	-0.14962
6243	-0.18014
6244	-0.26528
6245	-0.29309
6246	0.05091
6247	0.62520
6248	0.89475
6249	0.49076
6250	-0.27023
6251	-0.68062
6252	-0.59836
6253	-0.51974
6254	-0.66959
6255	-0.61886
6256	-0.20718
6257	0.28486
6258	0.73705
6259	0.81945
6260	0.63936
6261	0.55536
6262	0.13317
6263	-0.70761
6264	-1.28375
6265	-1.21731
6266	-1.10543
6267	-1.53982
6268	-1.82979
6269	-1.27465
6270	-0.37440
6271	0.43964
6272	1.40123
6273	2.36816
6274	2.78257
6275	2.41762
6276	1.56091
6277	0.69945
6278	0.13885
6279	-0.00280
6280	0.12667
6281	0.18271
6282	0.23252
6283	0.39626
6284	0.20214
6285	-0.48101
6286	-0.90845
6287	-0.65983
6288	-0.27360
6289	-0.26795
6290	-0.49068
6291	-0.77923
6292	-1.12944
6293	-1.09060
6294	-0.30302
6295	0.80914
6296	2.06690
6297	3.38026
6298	2.47750
6299	-1.93085
6300	-4.53410
6301	-0.90717
6302	2.91294
6303	0.24024
6304	-4.70831
6305	-5.19620
6306	-2.04302
6307	-0.60133
6308	-1.91143
6309	-1.99133
6310	2.35210
6311	8.41907
6312	10.05557
6313	5.14003
6314	-2.21975
6315	-6.55366
6316	-5.91062
6317	-2.87762
6318	-0.44365
6319	0.68198
6320	0.97806
6321	0.69153
6322	0.26802
6323	0.05661
6324	-0.00961
6325	-0.05913
6326	-0.20233
6327	-0.17845
6328	-0.05948
6329	-0.24752
6330	-0.56605
6331	-0.62657
6332	-0.34356
6333	-0.30937
6334	-0.41134
6335	-0.04386
6336	0.72062
6337	1.32560
6338	0.99038
6339	-0.26425
6340	-1.50984
6341	-1.68952
6342	-0.84125
6343	-0.12115
6344	0.02192
6345	-0.05818
6346	-0.17374
6347	-0.24949
6348	-0.12665
6349	0.19900
6350	0.47447
6351	0.21654
6352	-0.37155
6353	-0.48137
6354	-0.05766
6355	0.23391
6356	0.08411
6357	-0.12972
6358	-0.34143
6359	-0.56839
6360	-0.72047
6361	-0.84827
6362	-0.79821
6363	-0.42197
6364	0.34601
6365	0.65173
6366	0.57750
6367	0.82657
6368	0.94665
6369	0.19819
6370	-1.10125
6371	-1.59147
6372	-1.16480
6373	-1.12001
6374	-1.58678
6375	-1.66814
6376	-0.99284
6377	-0.00546
6378	0.96338
6379	1.81350
6380	2.32971
6381	2.25918
6382	1.59911
6383	0.86696
6384	0.62510
6385	0.59898
6386	0.31589
6387	0.02380
6388	-0.02821
6389	0.02535
6390	0.08459
6391	0.02092
6392	-0.15941
6393	-0.25798
6394	-0.31926
6395	-0.39526
6396	-0.32359
6397	-0.15843
6398	-0.12413
6399	-0.33392
6400	-0.71485
6401	-0.81720
6402	-0.39925
6403	0.06121
6404	0.78432
6405	2.52468
6406	2.92241
6407	-1.35085
6408	-5.90727
6409	-2.81333
6410	4.85674
6411	6.42826
6412	0.56894
6413	-4.71845
6414	-5.21635
6415	-2.95769
6416	-0.39520
6417	1.55786
6418	1.62185
6419	-0.40607
6420	-2.08740
6421	-0.48795
6422	3.98222
6423	6.66141
6424	3.94319
6425	-2.02861
6426	-6.18617
6427	-6.24037
6428	-3.56001
6429	-0.54898
6430	1.33592
6431	2.01407
6432	1.84177
6433	1.09537
6434	0.34152
6435	0.10718
6436	0.18119
6437	0.02810
6438	-0.41952
6439	-0.65242
6440	-0.31848
6441	0.11209
6442	0.12690
6443	-0.29858
6444	-0.77147
6445	-0.58583
6446	0.14040
6447	0.50736
6448	0.19843
6449	-0.22388
6450	-0.38763
6451	-0.37836
6452	-0.14101
6453	-0.13803
6454	-0.75311
6455	-1.11192
6456	-0.70727
6457	-0.29825
6458	-0.31678
6459	-0.12778
6460	0.47271
6461	0.64551
6462	0.20476
6463	-0.28038
6464	-0.34732
6465	-0.00526
6466	0.27118
6467	0.11214
6468	-0.41827
6469	-0.75057
6470	-0.71654
6471	-0.80815
6472	-1.18899
6473	-1.28311
6474	-0.39579
6475	0.80232
6476	1.43144
6477	1.51303
6478	1.21132
6479	0.18367
6480	-1.02280
6481	-1.17814
6482	-0.94108
6483	-1.43973
6484	-1.98092
6485	-1.76050
6486	-1.20830
6487	-0.58631
6488	0.28829
6489	1.43547
6490	2.45127
6491	2.76538
6492	2.39305
6493	1.87814
6494	1.26826
6495	0.43786
6496	0.02592
6497	0.33892
6498	0.46933
6499	-0.08051
6500	-0.56691
6501	-0.46451
6502	-0.20982
6503	-0.29451
6504	-0.56082
6505	-0.59093
6506	-0.34442
6507	-0.29611
6508	-0.78610
6509	-1.15167
6510	-0.49028
6511	0.78339
6512	1.77632
6513	2.73063
6514	3.08088
6515	0.27045
6516	-4.46296
6517	-4.61994
6518	0.55469
6519	2.93597
6520	-0.91271
6521	-4.85660
6522	-4.51452
6523	-2.58759
6524	-2.03911
6525	-1.26573
6526	2.19516
6527	6.71122
6528	8.26919
6529	5.27560
6530	-0.08083
6531	-3.97061
6532	-4.50294
6533	-2.96962
6534	-1.30518
6535	-0.21122
6536	0.32136
6537	0.36183
6538	0.03391
6539	-0.34889
6540	-0.34608
6541	-0.23918
6542	-0.29585
6543	-0.34111
6544	-0.18648
6545	0.09224
6546	0.06798
6547	-0.17312
6548	-0.26459
6549	-0.05301
6550	0.50770
6551	0.84913
6552	0.47501
6553	-0.13288
6554	0.12893
6555	0.91983
6556	0.51289
6557	-0.89882
6558	-1.43008
6559	-1.02513
6560	-0.87545
6561	-1.03547
6562	-1.02863
6563	-0.55258
6564	0.21193
6565	0.73730
6566	0.53772
6567	-0.17640
6568	-0.59028
6569	-0.41608
6570	-0.03699
6571	0.19605
6572	0.57497
6573	0.87510
6574	0.59174
6575	-0.00641
6576	-0.52119
6577	-0.75706
6578	-0.84109
6579	-0.76626
6580	-0.58805
6581	-0.31635
6582	-0.08251
6583	-0.33338
6584	-0.15517
6585	0.86568
6586	1.91898
6587	2.11028
6588	0.84650
6589	-1.24861
6590	-2.60789
6591	-2.34746
6592	-1.36691
6593	-1.25187
6594	-1.44192
6595	-1.04666
6596	-0.01433
6597	0.70569
6598	1.01083
6599	1.79224
6600	2.61255
6601	2.38472
6602	1.55552
6603	0.86114
6604	0.19988
6605	-0.31378
6606	-0.25903
6607	0.36144
6608	0.94383
6609	0.72422
6610	-0.20985
6611	-0.87233
6612	-0.75327
6613	-0.31593
6614	-0.16105
6615	-0.47808
6616	-1.05616
6617	-1.34612
6618	-0.87791
6619	0.03795
6620	0.87298
6621	2.12067
6622	3.60982
6623	2.50903
6624	-1.83653
6625	-4.15706
6626	-1.72972
6627	0.37490
6628	-1.12123
6629	-2.86727
6630	-2.40765
6631	-1.32299
6632	-1.49607
6633	-1.93637
6634	-0.14833
6635	4.21154
6636	7.66317
6637	6.42957
6638	1.08296
6639	-3.82815
6640	-4.84730
6641	-2.99821
6642	-1.14818
6643	-0.13535
6644	0.48707
6645	0.74292
6646	0.35221
6647	-0.27074
6648	-0.16692
6649	0.31576
6650	0.35008
6651	0.06264
6652	-0.13612
6653	-0.21234
6654	-0.20254
6655	-0.02900
6656	-0.10084
6657	-0.41325
6658	-0.36473
6659	-0.16287
6660	-0.02692
6661	0.35398
6662	0.64313
6663	0.14309
6664	-0.83268
6665	-1.32006
6666	-0.82435
6667	0.13719
6668	0.45827
6669	-0.09425
6670	-0.53142
6671	-0.62415
6672	-0.76741
6673	-0.54374
6674	0.06176
6675	0.28128
6676	0.03189
6677	-0.13073
6678	-0.01282
6679	0.36477
6680	0.92029
6681	0.94792
6682	0.34522
6683	-0.21767
6684	-0.44976
6685	-0.51831
6686	-0.81431
6687	-1.14295
6688	-0.94084
6689	-0.38404
6690	0.13998
6691	1.00774
6692	1.77469
6693	1.27332
6694	-0.31086
6695	-1.45949
6696	-1.07437
6697	-0.37658
6698	-0.95894
6699	-1.92494
6700	-1.84252
6701	-1.27164
6702	-0.90730
6703	-0.24098
6704	0.93626
6705	2.04913
6706	2.65843
6707	2.58073
6708	1.92315
6709	1.19792
6710	0.70052
6711	0.35741
6712	0.19724
6713	0.16729
6714	0.00565
6715	-0.24513
6716	-0.24711
6717	-0.05950
6718	-0.15642
6719	-0.54857
6720	-0.71345
6721	-0.53064
6722	-0.37477
6723	-0.49138
6724	-0.90585
6725	-1.25434
6726	-0.78519
6727	0.44889
6728	1.59951
6729	2.76093
6730	3.57670
6731	1.53746
6732	-2.73545
6733	-3.71378
6734	-0.60897
6735	0.48448
6736	-2.22269
6737	-4.03917
6738	-2.74563
6739	-0.85716
6740	-0.35600
6741	-0.33893
6742	1.38487
6743	4.23262
6744	5.57320
6745	4.01779
6746	0.35747
6747	-3.04146
6748	-3.81124
6749	-2.44703
6750	-0.83323
6751	0.36175
6752	0.89505
6753	0.72023
6754	0.16000
6755	-0.25416
6756	-0.31250
6757	-0.29056
6758	-0.38945
6759	-0.33369
6760	0.07131
6761	0.29656
6762	0.09975
6763	-0.27500
6764	-0.52700
6765	-0.39945
6766	-0.21279
6767	-0.28964
6768	-0.06917
6769	0.52367
6770	0.60169
6771	-0.15047
6772	-0.91932
6773	-0.86357
6774	-0.49613
6775	-0.55358
6776	-0.62065
6777	-0.33227
6778	0.13026
6779	0.32256
6780	-0.09664
6781	-0.51937
6782	-0.17675
6783	0.48392
6784	0.54837
6785	0.24461
6786	0.14106
6787	0.21274
6788	0.15426
6789	-0.13443
6790	-0.47682
6791	-0.82261
6792	-0.92403
6793	-0.81605
6794	-0.81679
6795	-0.70192
6796	0.00943
6797	1.06200
6798	1.52709
6799	1.23880
6800	0.58586
6801	-0.11222
6802	-0.80942
6803	-1.06096
6804	-0.38922
6805	-0.07068
6806	-1.23300
6807	-2.64787
6808	-2.57238
6809	-1.14252
6810	0.36501
6811	1.25771
6812	1.69281
6813	2.03865
6814	2.24901
6815	2.05013
6816	1.53745
6817	0.98912
6818	0.48402
6819	0.12576
6820	0.03217
6821	0.05317
6822	0.02694
6823	-0.03897
6824	-0.19746
6825	-0.45854
6826	-0.64639
6827	-0.61790
6828	-0.39870
6829	-0.22496
6830	-0.42689
6831	-0.94886
6832	-1.20217
6833	-0.71011
6834	0.31669
6835	1.46701
6836	2.62612
6837	2.61208
6838	-0.46692
6839	-4.22153
6840	-2.86596
6841	2.80373
6842	4.77529
6843	0.44602
6844	-4.13169
6845	-4.65516
6846	-2.62723
6847	-0.32840
6848	0.79161
6849	0.30713
6850	-0.97167
6851	-1.00887
6852	1.44491
6853	4.58899
6854	5.06285
6855	1.83593
6856	-2.47923
6857	-4.48368
6858	-3.66327
6859	-1.73641
6860	-0.00880
6861	1.10601
6862	1.30754
6863	0.78086
6864	0.36814
6865	0.09736
6866	-0.44010
6867	-0.89879
6868	-0.62289
6869	0.13248
6870	0.39510
6871	0.20039
6872	-0.19317
6873	-0.69508
6874	-0.79325
6875	-0.45524
6876	-0.10725
6877	0.01884
6878	0.13695
6879	0.22819
6880	-0.00467
6881	-0.23008
6882	-0.23570
6883	-0.29188
6884	-0.47446
6885	-0.63034
6886	-0.74567
6887	-0.99429
6888	-0.90508
6889	-0.15934
6890	0.47356
6891	0.48702
6892	0.36217
6893	0.45032
6894	0.19615
6895	-0.25136
6896	-0.33102
6897	0.00312
6898	0.29326
6899	0.16142
6900	-0.16592
6901	-0.28136
6902	-0.24135
6903	-0.37992
6904	-0.67178
6905	-0.88638
6906	-0.82706
6907	-0.42295
6908	0.49929
6909	1.43774
6910	1.36091
6911	0.14928
6912	-1.28628
6913	-2.05079
6914	-2.29165
6915	-2.23107
6916	-1.63385
6917	-0.52466
6918	0.24512
6919	0.22117
6920	0.38958
6921	1.34932
6922	2.34563
6923	2.52352
6924	1.93731
6925	1.35398
6926	1.04648
6927	0.63005
6928	0.26129
6929	0.29452
6930	0.36834
6931	0.22438
6932	0.11945
6933	0.00663
6934	-0.30358
6935	-0.51576
6936	-0.34881
6937	-0.07220
6938	-0.10893
6939	-0.48747
6940	-0.88674
6941	-1.08171
6942	-1.05543
6943	-0.79800
6944	-0.41723
6945	-0.11130
6946	0.58597
6947	2.18110
6948	2.61136
6949	-0.60708
6950	-3.92169
6951	-1.66485
6952	3.23251
6953	3.19827
6954	-1.49868
6955	-4.41491
6956	-3.06815
6957	-0.26517
6958	1.08990
6959	0.06829
6960	-1.52638
6961	-1.15573
6962	1.48241
6963	4.25894
6964	4.33965
6965	1.14113
6966	-2.57181
6967	-3.76663
6968	-2.52606
6969	-0.66051
6970	0.29595
6971	0.28346
6972	0.10988
6973	0.11694
6974	0.30004
6975	0.10633
6976	-0.58522
6977	-1.02504
6978	-0.72977
6979	0.07038
6980	0.63783
6981	0.48228
6982	-0.07341
6983	-0.44044
6984	-0.47698
6985	-0.27291
6986	0.16349
6987	0.50517
6988	0.49031
6989	0.18986
6990	-0.39471
6991	-0.64278
6992	0.12613
6993	1.06682
6994	0.55448
6995	-1.07747
6996	-1.73760
6997	-1.00095
6998	-0.05425
6999	0.25576
7000	-0.03682
7001	-0.20612
7002	-0.22841
7003	-0.33528
7004	-0.33057
7005	-0.01255
7006	0.23021
7007	0.24691
7008	0.40693
7009	0.44831
7010	0.02592
7011	-0.46021
7012	-0.55315
7013	-0.41846
7014	-0.50768
7015	-0.63911
7016	-0.63578
7017	-0.55471
7018	0.21885
7019	1.28788
7020	1.43463
7021	0.49728
7022	-0.82686
7023	-1.56792
7024	-1.63880
7025	-1.45222
7026	-1.13653
7027	-0.88166
7028	-0.54315
7029	-0.20976
7030	0.26467
7031	1.02551
7032	1.68064
7033	1.85467
7034	1.62314
7035	1.11896
7036	0.67727
7037	0.69902
7038	0.72017
7039	0.15551
7040	-0.27024
7041	0.12959
7042	0.44980
7043	-0.06937
7044	-0.64991
7045	-0.57882
7046	-0.20626
7047	0.00088
7048	-0.01150
7049	-0.21592
7050	-0.66617
7051	-1.17007
7052	-1.09975
7053	-0.21366
7054	0.77719
7055	1.66744
7056	2.99519
7057	2.89731
7058	-1.06892
7059	-4.96063
7060	-2.93865
7061	1.88057
7062	2.29089
7063	-1.33037
7064	-3.79620
7065	-3.30549
7066	-1.36004
7067	0.00493
7068	-0.07507
7069	0.00074
7070	2.12411
7071	5.26689
7072	6.14763
7073	3.25609
7074	-1.49237
7075	-4.67557
7076	-4.63676
7077	-2.67552
7078	-0.77115
7079	0.19125
7080	0.62008
7081	0.84002
7082	0.76693
7083	0.56956
7084	0.33572
7085	0.14242
7086	-0.37294
7087	-0.71350
7088	-0.31351
7089	-0.04825
7090	-0.28959
7091	-0.45481
7092	-0.34451
7093	-0.14861
7094	0.19038
7095	0.25773
7096	-0.06730
7097	0.04535
7098	0.31243
7099	0.15601
7100	-0.44813
7101	-0.70736
7102	-0.41900
7103	-0.37313
7104	-0.52217
7105	-0.40263
7106	-0.07268
7107	0.03751
7108	-0.21451
7109	-0.22849
7110	0.21320
7111	0.44989
7112	0.19766
7113	-0.02008
7114	-0.03004
7115	0.16688
7116	0.28740
7117	0.06614
7118	-0.34568
7119	-0.75417
7120	-0.87347
7121	-0.69443
7122	-0.64265
7123	-0.64306
7124	-0.27482
7125	0.21978
7126	0.63012
7127	1.02230
7128	1.15269
7129	0.98492
7130	0.30722
7131	-0.61831
7132	-0.99974
7133	-1.10995
7134	-1.68055
7135	-2.45654
7136	-2.40416
7137	-1.18565
7138	0.09815
7139	0.66809
7140	1.16101
7141	2.05302
7142	2.61394
7143	2.41486
7144	1.92261
7145	1.29486
7146	0.49521
7147	-0.08110
7148	-0.24066
7149	-0.09533
7150	0.34684
7151	0.63249
7152	0.08049
7153	-0.87425
7154	-1.11802
7155	-0.59717
7156	-0.18694
7157	-0.25502
7158	-0.49736
7159	-0.75100
7160	-1.09479
7161	-1.27180
7162	-0.74600
7163	0.42816
7164	1.75227
7165	2.98390
7166	2.68635
7167	-1.02987
7168	-4.86500
7169	-2.69363
7170	3.35877
7171	4.59733
7172	-0.40932
7173	-4.79196
7174	-4.63331
7175	-2.03867
7176	-0.00554
7177	0.14427
7178	-0.89563
7179	-0.45926
7180	3.06943
7181	7.20596
7182	6.88272
7183	1.17170
7184	-5.07707
7185	-6.75426
7186	-4.26114
7187	-1.17201
7188	0.62578
7189	1.30958
7190	1.27980
7191	0.77179
7192	0.39281
7193	0.18723
7194	-0.31895
7195	-0.47134
7196	0.18816
7197	0.64393
7198	0.13740
7199	-0.48547
7200	-0.23568
7201	0.18667
7202	-0.06492
7203	-0.52212
7204	-0.61463
7205	-0.21908
7206	0.15627
7207	-0.01637
7208	-0.15928
7209	0.10074
7210	0.18037
7211	-0.19013
7212	-0.58264
7213	-0.68223
7214	-0.50890
7215	-0.39726
7216	-0.62369
7217	-0.70119
7218	-0.28139
7219	0.21814
7220	0.04016
7221	-0.61775
7222	-0.61455
7223	0.14115
7224	0.83175
7225	0.90422
7226	0.63065
7227	0.34255
7228	0.06055
7229	-0.12692
7230	-0.42705
7231	-0.73896
7232	-0.70481
7233	-0.45846
7234	-0.37176
7235	-0.39279
7236	-0.00150
7237	0.46397
7238	0.64284
7239	0.43204
7240	0.26198
7241	0.23970
7242	-0.62061
7243	-1.90859
7244	-2.12311
7245	-1.38771
7246	-0.71812
7247	-0.35789
7248	0.07355
7249	0.37250
7250	0.52500
7251	1.02574
7252	1.74178
7253	2.03565
7254	1.84982
7255	1.50070
7256	0.98143
7257	0.28948
7258	-0.22349
7259	-0.23045
7260	0.23521
7261	0.62591
7262	0.33644
7263	-0.33799
7264	-0.65309
7265	-0.57499
7266	-0.47398
7267	-0.43630
7268	-0.42839
7269	-0.59169
7270	-1.11272
7271	-1.62252
7272	-1.28826
7273	0.01069
7274	1.96610
7275	4.32908
7276	4.55335
7277	0.04911
7278	-4.45306
7279	-2.50186
7280	1.97775
7281	1.20843
7282	-3.05224
7283	-4.49219
7284	-2.57393
7285	-0.66668
7286	-0.80824
7287	-2.40921
7288	-2.63872
7289	1.02860
7290	6.80675
7291	9.50366
7292	5.54882
7293	-2.03931
7294	-6.82395
7295	-6.18646
7296	-2.51430
7297	0.41853
7298	1.38732
7299	1.36986
7300	1.02125
7301	0.44782
7302	0.06843
7303	-0.10847
7304	-0.19764
7305	-0.01627
7306	0.07744
7307	-0.16799
7308	-0.56510
7309	-0.78031
7310	-0.40736
7311	0.30991
7312	0.48627
7313	-0.02952
7314	-0.46036
7315	-0.12822
7316	0.44661
7317	0.44857
7318	0.15960
7319	-0.09486
7320	-0.60802
7321	-1.03629
7322	-0.91284
7323	-0.41082
7324	-0.24475
7325	-0.67818
7326	-0.91418
7327	-0.44837
7328	0.20183
7329	0.44315
7330	0.17349
7331	-0.13726
7332	-0.15194
7333	-0.05829
7334	0.08684
7335	0.33506
7336	0.48553
7337	0.41194
7338	0.00895
7339	-0.43195
7340	-0.64865
7341	-0.82635
7342	-0.92091
7343	-0.61054
7344	-0.09036
7345	0.36554
7346	1.01056
7347	1.32287
7348	1.02365
7349	0.65279
7350	0.26736
7351	-0.37643
7352	-1.39318
7353	-2.34241
7354	-2.57951
7355	-1.97748
7356	-0.97026
7357	-0.12314
7358	0.43272
7359	0.85502
7360	1.19777
7361	1.52150
7362	1.87674
7363	1.98359
7364	1.64245
7365	1.14374
7366	0.68497
7367	0.17437
7368	-0.19795
7369	-0.05772
7370	0.42162
7371	0.52877
7372	-0.08005
7373	-0.90725
7374	-1.22989
7375	-0.94641
7376	-0.56111
7377	-0.36603
7378	-0.25080
7379	-0.27289
7380	-0.50507
7381	-0.66944
7382	-0.44174
7383	0.71089
7384	3.09218
7385	4.32376
7386	1.12040
7387	-3.28402
7388	-2.01992
7389	2.76363
7390	2.52455
7391	-2.84031
7392	-6.03064
7393	-4.56751
7394	-1.62784
7395	-0.02921
7396	-0.50578
7397	-2.41270
7398	-2.87551
7399	0.70480
7400	6.42181
7401	8.63100
7402	4.28816
7403	-2.33609
7404	-4.96564
7405	-3.28653
7406	-0.87223
7407	0.30181
7408	0.75804
7409	0.84808
7410	0.15915
7411	-0.35607
7412	0.03253
7413	0.29929
7414	-0.08829
7415	-0.40522
7416	-0.16864
7417	0.02420
7418	-0.07215
7419	-0.30569
7420	-0.51577
7421	-0.49795
7422	-0.58098
7423	-0.47492
7424	0.15570
7425	0.61193
7426	0.26606
7427	-0.19681
7428	-0.30712
7429	-0.50761
7430	-0.45249
7431	-0.14198
7432	-0.30764
7433	-0.71148
7434	-0.59427
7435	-0.05021
7436	0.17478
7437	0.14575
7438	0.17940
7439	0.00031
7440	-0.33055
7441	-0.48798
7442	-0.25179
7443	0.23180
7444	0.50410
7445	0.22469
7446	-0.23206
7447	-0.45267
7448	-0.63370
7449	-0.91189
7450	-0.92436
7451	-0.57623
7452	-0.20651
7453	0.05901
7454	0.18615
7455	0.69266
7456	1.52471
7457	1.60753
7458	1.16266
7459	0.42540
7460	-0.62738
7461	-1.54980
7462	-2.07106
7463	-2.17060
7464	-2.00847
7465	-1.61970
7466	-1.06908
7467	-0.64175
7468	0.09364
7469	1.30556
7470	2.22163
7471	2.43155
7472	2.19812
7473	1.75972
7474	1.30192
7475	0.77991
7476	0.08545
7477	-0.29749
7478	-0.05268
7479	0.20739
7480	0.07719
7481	-0.09140
7482	-0.17359
7483	-0.38278
7484	-0.57208
7485	-0.53264
7486	-0.52751
7487	-0.80131
7488	-1.10992
7489	-1.07761
7490	-0.57519
7491	0.34152
7492	1.62371
7493	3.02494
7494	3.19616
7495	0.41336
7496	-3.56196
7497	-4.03183
7498	-0.86653
7499	0.71716
7500	-1.01798
7501	-2.21694
7502	-0.93323
7503	0.10101
7504	-1.30272
7505	-2.28810
7506	1.18282
7507	6.25227
7508	6.35221
7509	1.23582
7510	-2.90669
7511	-3.31848
7512	-2.48283
7513	-1.69725
7514	-0.26920
7515	1.08741
7516	1.32197
7517	0.71637
7518	-0.00498
7519	-0.26237
7520	-0.26898
7521	-0.14484
7522	-0.02413
7523	0.01579
7524	0.25595
7525	0.33337
7526	-0.02579
7527	-0.58600
7528	-0.76599
7529	-0.21993
7530	0.19444
7531	-0.35355
7532	-0.88644
7533	-0.48074
7534	-0.18320
7535	-0.34882
7536	-0.59313
7537	-0.75073
7538	-0.69026
7539	-0.46129
7540	-0.09680
7541	0.25813
7542	0.49142
7543	0.55694
7544	0.52941
7545	0.52127
7546	0.34584
7547	-0.08416
7548	-0.44942
7549	-0.33559
7550	0.12995
7551	0.32262
7552	-0.05902
7553	-0.42971
7554	-0.49520
7555	-0.81325
7556	-1.03821
7557	-0.29984
7558	0.90555
7559	1.59640
7560	1.29066
7561	0.16323
7562	-1.13719
7563	-2.27944
7564	-2.56304
7565	-2.00379
7566	-0.96532
7567	0.20126
7568	1.25393
7569	1.89536
7570	1.92775
7571	1.47460
7572	0.92803
7573	0.53978
7574	0.31945
7575	0.20689
7576	0.05292
7577	-0.09006
7578	0.07934
7579	0.43531
7580	0.48040
7581	0.20193
7582	-0.02156
7583	-0.30274
7584	-1.02131
7585	-1.74995
7586	-1.60672
7587	-0.51831
7588	0.92680
7589	2.23743
7590	2.81049
7591	1.73198
7592	-0.99954
7593	-3.29956
7594	-3.22161
7595	-2.26355
7596	-2.80566
7597	-2.89734
7598	0.71262
7599	5.07278
7600	3.32797
7601	-2.85862
7602	-2.96638
7603	4.59491
7604	7.55128
7605	0.83857
7606	-5.23322
7607	-4.61328
7608	-1.60864
7609	-0.06804
7610	0.29011
7611	0.66925
7612	0.69610
7613	0.08486
7614	-0.54868
7615	-0.82911
7616	-0.88164
7617	-0.93333
7618	-0.82887
7619	-0.62709
7620	-0.69466
7621	-0.53955
7622	0.01419
7623	0.51671
7624	0.57951
7625	0.54474
7626	0.49438
7627	0.51896
7628	1.08124
7629	2.06216
7630	2.48484
7631	1.25820
7632	-0.60816
7633	-1.34819
7634	-1.22298
7635	-1.75779
7636	-2.59798
7637	-2.55691
7638	-1.26649
7639	0.03702
7640	0.10186
7641	-0.83181
7642	-1.48676
7643	-1.04336
7644	0.00279
7645	0.45327
7646	0.13621
7647	0.06440
7648	0.62203
7649	1.03640
7650	0.96037
7651	0.98359
7652	1.05310
7653	0.34555
7654	-0.61943
7655	-0.41177
7656	0.57979
7657	0.91069
7658	0.67422
7659	0.72341
7660	0.95250
7661	0.81539
7662	0.18655
7663	-0.61920
7664	-1.13242
7665	-1.24174
7666	-1.28495
7667	-1.42455
7668	-1.39402
7669	-0.79197
7670	0.72527
7671	2.65544
7672	2.74586
7673	-0.88985
7674	-5.35912
7675	-4.89838
7676	0.08749
7677	2.62056
7678	0.95374
7679	0.77682
7680	2.63268
7681	0.16416
7682	-5.92785
7683	-5.50573
7684	3.78783
7685	9.86680
7686	5.15323
7687	-1.79390
7688	-3.57787
7689	-2.50083
7690	-1.05302
7691	0.02407
7692	0.25895
7693	0.41496
7694	0.41930
7695	0.13655
7696	0.36690
7697	0.25042
7698	-0.32357
7699	-0.85480
7700	-0.87989
7701	-0.10016
7702	0.70032
7703	0.61373
7704	0.25592
7705	0.08071
7706	0.00767
7707	0.05286
7708	0.09160
7709	-0.36467
7710	-0.87206
7711	-0.90510
7712	-0.42675
7713	0.24209
7714	0.38051
7715	0.27096
7716	0.01873
7717	-0.02700
7718	0.09709
7719	0.01925
7720	-0.87809
7721	-2.08766
7722	-1.89632
7723	-0.17412
7724	1.11497
7725	1.22450
7726	1.31548
7727	1.76486
7728	1.74846
7729	1.05890
7730	0.38639
7731	0.10967
7732	-0.03133
7733	-0.13705
7734	-0.09452
7735	-0.08222
7736	-0.21416
7737	-0.28447
7738	-0.32653
7739	-0.65936
7740	-1.15317
7741	-1.26260
7742	-0.92013
7743	-0.41535
7744	0.46026
7745	1.92402
7746	3.14784
7747	2.72850
7748	0.08820
7749	-3.51762
7750	-5.01410
7751	-2.53700
7752	0.99900
7753	1.39052
7754	-0.49141
7755	-1.54225
7756	-2.04673
7757	-1.72240
7758	1.41622
7759	4.34509
7760	3.11066
7761	0.17543
7762	-0.51775
7763	0.40312
7764	0.72968
7765	0.27500
7766	-0.27516
7767	-0.44424
7768	-0.55261
7769	-0.43843
7770	0.20263
7771	0.35109
7772	-0.07364
7773	-0.33946
7774	-0.20487
7775	0.30047
7776	0.41717
7777	0.51098
7778	0.78934
7779	0.86469
7780	0.61838
7781	0.16872
7782	-0.60156
7783	-1.72848
7784	-2.39757
7785	-2.03859
7786	-0.80290
7787	0.92861
7788	1.85198
7789	1.42401
7790	0.43626
7791	-0.18412
7792	-0.31762
7793	-0.58477
7794	-1.47723
7795	-2.58560
7796	-2.70260
7797	-1.35903
7798	0.43205
7799	1.73267
7800	2.38187
7801	2.31412
7802	1.75928
7803	1.15126
7804	0.54901
7805	0.09937
7806	0.15653
7807	0.45692
7808	0.39818
7809	0.00549
7810	-0.44198
7811	-0.99031
7812	-1.51981
7813	-1.76303
7814	-1.77599
7815	-1.31050
7816	0.52347
7817	3.60149
7818	5.33484
7819	2.80826
7820	-2.95772
7821	-6.67719
7822	-4.44139
7823	0.83556
7824	2.71079
7825	0.83926
7826	0.56977
7827	1.53978
7828	-1.34101
7829	-5.40363
7830	-2.58324
7831	4.37383
7832	5.69536
7833	1.45114
7834	-1.32030
7835	-1.26691
7836	-0.46205
7837	0.19741
7838	0.24065
7839	0.29100
7840	0.58548
7841	0.53511
7842	0.59975
7843	0.24707
7844	-0.67959
7845	-0.85582
7846	-0.36327
7847	0.42176
7848	1.03372
7849	0.92268
7850	0.66440
7851	0.19793
7852	-0.74256
7853	-1.39140
7854	-1.46881
7855	-1.31782
7856	-0.40918
7857	0.76169
7858	0.83545
7859	0.06054
7860	-0.54106
7861	-0.62182
7862	-0.61729
7863	-0.44839
7864	0.06697
7865	0.20942
7866	-0.56403
7867	-1.14372
7868	-0.36057
7869	1.01625
7870	1.71226
7871	1.60300
7872	1.01010
7873	0.13719
7874	-0.62946
7875	-0.81093
7876	-0.33770
7877	0.25855
7878	0.51273
7879	0.60080
7880	0.68278
7881	0.30742
7882	-0.75334
7883	-1.77142
7884	-1.90701
7885	-1.11272
7886	0.21391
7887	1.79564
7888	3.23134
7889	3.39922
7890	1.02188
7891	-3.15884
7892	-5.29378
7893	-2.45596
7894	1.95502
7895	2.11822
7896	-0.83460
7897	-1.38038
7898	-0.61710
7899	-3.10370
7900	-4.72755
7901	0.84172
7902	7.93678
7903	6.31841
7904	-0.23100
7905	-2.33892
7906	-1.46317
7907	-0.74070
7908	0.08685
7909	0.44155
7910	0.40471
7911	0.42661
7912	0.46510
7913	1.08899
7914	0.85016
7915	-0.43870
7916	-0.56680
7917	-0.08555
7918	0.17885
7919	0.31781
7920	0.37092
7921	0.35901
7922	0.05633
7923	-0.63093
7924	-1.03361
7925	-0.81991
7926	-0.32043
7927	0.56679
7928	0.77630
7929	-0.09827
7930	-1.04974
7931	-1.38899
7932	-0.90676
7933	-0.22595
7934	0.07201
7935	-0.02673
7936	-0.39979
7937	-1.09240
7938	-1.66773
7939	-1.13323
7940	0.63979
7941	2.36625
7942	2.86784
7943	2.13767
7944	0.77000
7945	-0.50593
7946	-0.90866
7947	-0.35115
7948	0.30979
7949	0.43538
7950	0.26140
7951	0.17974
7952	0.05632
7953	-0.49709
7954	-1.37177
7955	-1.97887
7956	-2.01921
7957	-1.38175
7958	0.61703
7959	4.13246
7960	6.28036
7961	2.85288
7962	-4.83163
7963	-9.17255
7964	-5.39669
7965	2.18723
7966	5.39383
7967	2.68452
7968	-0.29413
7969	-0.80152
7970	-1.72713
7971	-3.07164
7972	-1.42138
7973	1.87038
7974	2.68466
7975	1.61721
7976	0.82097
7977	0.47912
7978	0.07504
7979	-0.75233
7980	-0.95922
7981	-0.04275
7982	0.59237
7983	0.77194
7984	0.95807
7985	0.61641
7986	0.04201
7987	-0.21180
7988	-0.11002
7989	0.35123
7990	0.79377
7991	0.81266
7992	0.28440
7993	-0.43253
7994	-0.79515
7995	-0.84676
7996	-1.00520
7997	-0.76944
7998	0.04338
7999	0.28999
8000	-0.25753
8001	-0.86936
8002	-0.88834
8003	-0.45839
8004	-0.09540
8005	0.04462
8006	-0.03906
8007	-0.46449
8008	-1.00823
8009	-1.01309
8010	-0.23184
8011	0.88358
8012	1.81305
8013	2.27168
8014	1.98826
8015	0.89897
8016	-0.33142
8017	-0.72108
8018	-0.18400
8019	0.41338
8020	0.49157
8021	0.16043
8022	-0.43852
8023	-1.25317
8024	-1.86511
8025	-1.75518
8026	-1.16058
8027	-0.57200
8028	0.66847
8029	3.22299
8030	5.04899
8031	3.03559
8032	-2.02135
8033	-5.58171
8034	-4.55129
8035	-0.49403
8036	1.82282
8037	0.39973
8038	-0.69787
8039	0.98086
8040	0.48235
8041	-4.03572
8042	-4.44853
8043	2.85698
8044	8.02508
8045	4.06371
8046	-1.73593
8047	-3.14406
8048	-1.92590
8049	-0.11386
8050	0.69584
8051	0.61508
8052	0.70197
8053	0.69930
8054	0.60835
8055	0.61294
8056	0.23125
8057	-0.12936
8058	-0.41401
8059	-0.45205
8060	0.22630
8061	0.64335
8062	0.60680
8063	0.30584
8064	-0.32567
8065	-0.99236
8066	-1.18671
8067	-1.25768
8068	-1.35489
8069	-0.85377
8070	-0.06465
8071	0.69051
8072	0.94886
8073	0.65438
8074	0.21172
8075	-0.15193
8076	-0.61474
8077	-0.93792
8078	-0.81307
8079	-0.89742
8080	-1.44077
8081	-1.09287
8082	0.81271
8083	2.65489
8084	2.80736
8085	1.60569
8086	0.27462
8087	-0.39846
8088	-0.27998
8089	0.15198
8090	0.36189
8091	0.32197
8092	0.22808
8093	0.12938
8094	-0.18294
8095	-1.04184
8096	-2.19404
8097	-2.70602
8098	-1.99140
8099	0.00666
8100	3.26988
8101	6.38227
8102	5.60267
8103	-0.73090
8104	-7.63822
8105	-8.33784
8106	-2.48336
8107	3.42501
8108	3.78382
8109	0.44312
8110	-0.73553
8111	0.60008
8112	-0.69727
8113	-4.21642
8114	-2.16601
8115	5.04549
8116	7.22012
8117	2.09031
8118	-2.20517
8119	-2.68049
8120	-1.33356
8121	-0.25941
8122	-0.04071
8123	0.19790
8124	0.48114
8125	0.51128
8126	0.63056
8127	0.61235
8128	-0.12651
8129	-0.59074
8130	-0.20695
8131	0.76012
8132	1.26159
8133	0.66366
8134	-0.30407
8135	-0.72796
8136	-0.85961
8137	-1.21297
8138	-1.44111
8139	-0.77013
8140	0.70292
8141	1.70493
8142	1.08576
8143	-0.27436
8144	-1.02438
8145	-0.86100
8146	-0.33175
8147	-0.17186
8148	-0.40716
8149	-0.61213
8150	-0.84953
8151	-1.38406
8152	-1.39365
8153	0.17678
8154	2.36187
8155	2.95018
8156	1.52551
8157	-0.09893
8158	-0.52205
8159	-0.18949
8160	0.11013
8161	0.37060
8162	0.59447
8163	0.51754
8164	0.10672
8165	-0.49766
8166	-1.10727
8167	-1.40476
8168	-1.17606
8169	-0.60794
8170	0.10951
8171	1.48511
8172	3.71525
8173	4.85680
8174	2.60602
8175	-2.07408
8176	-5.88672
8177	-6.39022
8178	-3.15295
8179	1.26846
8180	2.84685
8181	1.52818
8182	0.97206
8183	0.66216
8184	-3.03934
8185	-6.26573
8186	-1.55784
8187	7.00208
8188	7.62055
8189	0.98018
8190	-3.08559
8191	-2.71192
8192	-0.96993
8193	0.31412
8194	0.65418
8195	0.71146
8196	0.77116
8197	0.43945
8198	0.53115
8199	0.47723
8200	-0.32545
8201	-0.61707
8202	-0.40337
8203	0.00326
8204	0.85406
8205	1.43827
8206	0.96880
8207	-0.37441
8208	-1.32322
8209	-0.93127
8210	-0.39528
8211	-0.89337
8212	-1.23943
8213	-0.58529
8214	0.41743
8215	0.95661
8216	0.67858
8217	-0.07914
8218	-0.67861
8219	-0.75693
8220	-0.78502
8221	-1.25747
8222	-1.85616
8223	-1.88606
8224	-0.77309
8225	1.33582
8226	3.04333
8227	3.15685
8228	2.21997
8229	1.18508
8230	0.15257
8231	-0.68269
8232	-0.79867
8233	-0.30076
8234	0.23361
8235	0.52970
8236	0.51828
8237	0.04205
8238	-0.79582
8239	-1.44603
8240	-1.54789
8241	-1.42934
8242	-1.37909
8243	-0.67473
8244	1.50051
8245	4.05007
8246	4.35101
8247	1.10511
8248	-3.83853
8249	-6.40058
8250	-3.97594
8251	0.93118
8252	3.31606
8253	2.45490
8254	0.84797
8255	-1.32435
8256	-3.22954
8257	-1.11200
8258	3.19406
8259	3.35490
8260	-0.05669
8261	-1.40771
8262	-0.64860
8263	0.15605
8264	0.23722
8265	-0.18631
8266	0.17150
8267	0.87500
8268	0.92594
8269	0.73464
8270	0.06267
8271	-0.65015
8272	0.05897
8273	0.88459
8274	0.76570
8275	0.23859
8276	0.04624
8277	0.34669
8278	0.12289
8279	-0.77257
8280	-1.55110
8281	-1.45068
8282	-0.62913
8283	0.46428
8284	0.81277
8285	0.51536
8286	0.38466
8287	-0.10938
8288	-0.88847
8289	-1.15197
8290	-0.57982
8291	-0.02268
8292	-0.41309
8293	-1.60723
8294	-2.43050
8295	-1.87685
8296	-0.00911
8297	2.21804
8298	3.40133
8299	2.62993
8300	0.70312
8301	-0.46916
8302	-0.18440
8303	0.41758
8304	0.43937
8305	0.36969
8306	0.67525
8307	0.77707
8308	0.01490
8309	-1.19805
8310	-1.92255
8311	-2.01952
8312	-2.02371
8313	-1.68933
8314	0.28370
8315	4.04889
8316	6.72815
8317	4.66713
8318	-1.80313
8319	-7.43117
8320	-7.08834
8321	-1.60213
8322	2.51120
8323	1.66164
8324	0.17924
8325	1.13943
8326	0.07480
8327	-3.92207
8328	-3.31720
8329	3.06340
8330	5.97532
8331	2.26491
8332	-1.26178
8333	-1.44927
8334	-0.25856
8335	0.69268
8336	0.56633
8337	0.10641
8338	0.32202
8339	0.38721
8340	0.38964
8341	0.25849
8342	-0.46663
8343	-0.66392
8344	-0.38727
8345	-0.20116
8346	0.06136
8347	0.41764
8348	0.88162
8349	1.01279
8350	0.20546
8351	-0.84081
8352	-1.26881
8353	-1.34936
8354	-1.01356
8355	-0.20826
8356	0.50172
8357	0.97641
8358	0.76707
8359	-0.08562
8360	-0.79910
8361	-0.86695
8362	-0.52846
8363	-0.17542
8364	-0.06170
8365	-0.53541
8366	-1.42531
8367	-1.61386
8368	-0.35618
8369	1.62617
8370	2.84467
8371	2.32192
8372	0.53461
8373	-0.85808
8374	-0.82096
8375	0.02639
8376	0.62790
8377	0.83986
8378	0.92788
8379	0.60786
8380	-0.38643
8381	-1.45619
8382	-1.84959
8383	-1.68876
8384	-1.51925
8385	-1.03217
8386	0.94856
8387	4.24162
8388	5.65426
8389	2.22813
8390	-3.80480
8391	-6.66519
8392	-3.62409
8393	1.81791
8394	3.57762
8395	0.47236
8396	-1.81568
8397	-0.06636
8398	0.48967
8399	-3.42536
8400	-4.86762
8401	1.13692
8402	6.85353
8403	4.76867
8404	-0.05451
8405	-1.93784
8406	-1.70934
8407	-0.87393
8408	-0.25039
8409	0.20130
8410	0.78895
8411	0.91253
8412	0.67568
8413	0.59163
8414	0.22213
8415	0.13786
8416	0.39757
8417	0.41568
8418	0.37658
8419	0.34236
8420	0.20307
8421	-0.17299
8422	-0.92678
8423	-1.30090
8424	-1.16647
8425	-1.11148
8426	-0.91366
8427	-0.25410
8428	0.27540
8429	0.34662
8430	0.46870
8431	0.54443
8432	0.27954
8433	-0.16466
8434	-0.45524
8435	-0.76110
8436	-1.27076
8437	-1.40178
8438	-0.68064
8439	0.49088
8440	1.67451
8441	2.46886
8442	2.21486
8443	1.02094
8444	-0.12600
8445	-0.64933
8446	-0.59305
8447	-0.14614
8448	0.30994
8449	0.40420
8450	0.14701
8451	-0.23543
8452	-0.68328
8453	-1.28543
8454	-1.87022
8455	-2.09196
8456	-1.73602
8457	-0.18311
8458	3.15373
8459	6.32393
8460	5.14963
8461	-1.04338
8462	-6.84447
8463	-6.78484
8464	-1.43445
8465	3.36583
8466	3.16020
8467	0.40415
8468	0.03076
8469	0.68438
8470	-2.05817
8471	-5.18145
8472	-2.07459
8473	4.27693
8474	5.31731
8475	1.38458
8476	-1.01327
8477	-0.93572
8478	-0.30397
8479	-0.39859
8480	-0.61485
8481	0.14611
8482	0.84512
8483	0.92210
8484	0.99599
8485	0.46006
8486	-0.32726
8487	-0.46963
8488	-0.45577
8489	-0.08144
8490	0.51558
8491	0.84566
8492	0.65748
8493	-0.33881
8494	-1.52240
8495	-1.58576
8496	-0.84757
8497	-0.23286
8498	0.40830
8499	0.93597
8500	0.81949
8501	0.34657
8502	-0.30060
8503	-0.70933
8504	-0.76950
8505	-0.66296
8506	-0.65077
8507	-0.72855
8508	-0.70301
8509	-0.50158
8510	-0.02790
8511	0.82407
8512	1.72941
8513	2.14792
8514	1.78444
8515	0.60750
8516	-0.80042
8517	-1.33305
8518	-0.74126
8519	0.05211
8520	0.44235
8521	0.59124
8522	0.46734
8523	-0.22181
8524	-1.14485
8525	-1.53037
8526	-1.41930
8527	-1.26464
8528	-0.17641
8529	2.99385
8530	6.17785
8531	4.77155
8532	-2.03960
8533	-8.45834
8534	-8.07213
8535	-1.29617
8536	4.42580
8537	3.85676
8538	0.81713
8539	0.05618
8540	-0.85165
8541	-3.11143
8542	-2.02294
8543	2.76831
8544	4.40114
8545	1.23274
8546	-0.99980
8547	-0.87549
8548	-0.33122
8549	-0.25080
8550	-0.23323
8551	0.34986
8552	0.90606
8553	0.92875
8554	1.20983
8555	1.00317
8556	-0.09647
8557	-0.66071
8558	-0.58290
8559	-0.08629
8560	0.42992
8561	0.66968
8562	0.63796
8563	0.24677
8564	-0.62307
8565	-1.40367
8566	-1.65686
8567	-1.18138
8568	-0.16849
8569	0.25232
8570	-0.23167
8571	-0.55570
8572	-0.33412
8573	0.22640
8574	0.43296
8575	0.09608
8576	-0.23456
8577	-0.25664
8578	-0.47885
8579	-1.07545
8580	-1.15575
8581	-0.12523
8582	1.32012
8583	2.15997
8584	1.94455
8585	0.77986
8586	-0.52145
8587	-0.75859
8588	0.09695
8589	0.65792
8590	0.34768
8591	0.04069
8592	0.02110
8593	-0.41389
8594	-1.14445
8595	-1.15785
8596	-0.46778
8597	-0.10021
8598	0.05521
8599	1.25246
8600	3.17964
8601	3.39413
8602	0.61647
8603	-3.26084
8604	-5.34943
8605	-4.25941
8606	-0.97094
8607	1.64696
8608	1.97675
8609	1.64938
8610	1.34463
8611	-1.14809
8612	-4.15115
8613	-2.23032
8614	3.09142
8615	4.56362
8616	1.39387
8617	-1.03490
8618	-1.04756
8619	-0.15007
8620	-0.01204
8621	-0.26382
8622	0.38420
8623	1.05727
8624	0.86070
8625	0.44154
8626	-0.23315
8627	-0.69745
8628	-0.28661
8629	0.39732
8630	0.95295
8631	1.06242
8632	0.84041
8633	0.67448
8634	0.30351
8635	-0.30220
8636	-0.82329
8637	-1.30196
8638	-1.65369
8639	-1.09290
8640	0.14492
8641	1.07983
8642	1.13350
8643	0.39246
8644	-0.63424
8645	-1.23260
8646	-1.02445
8647	-0.57876
8648	-0.64620
8649	-1.19644
8650	-1.55140
8651	-0.98326
8652	0.43687
8653	1.71590
8654	2.21122
8655	2.10645
8656	1.47053
8657	0.26869
8658	-0.70523
8659	-0.50958
8660	0.36289
8661	0.71477
8662	0.44296
8663	0.08640
8664	-0.37398
8665	-1.07772
8666	-1.63475
8667	-1.56622
8668	-0.82848
8669	0.38540
8670	1.99016
8671	3.47481
8672	3.28574
8673	0.39245
8674	-3.48547
8675	-5.07846
8676	-3.17373
8677	-0.01578
8678	1.41261
8679	0.83698
8680	-0.20257
8681	-1.50105
8682	-2.45880
8683	-0.60785
8684	3.01568
8685	3.18158
8686	0.15602
8687	-0.85544
8688	0.30709
8689	0.99511
8690	0.93303
8691	0.46555
8692	0.33940
8693	0.59931
8694	0.40211
8695	0.30567
8696	0.14476
8697	-0.31706
8698	0.05821
8699	0.89698
8700	0.79262
8701	0.14720
8702	-0.15605
8703	-0.05640
8704	-0.12273
8705	-0.48506
8706	-0.78025
8707	-0.81274
8708	-0.89494
8709	-0.94655
8710	-0.48156
8711	-0.19675
8712	-0.19024
8713	-0.07026
8714	0.15029
8715	0.21864
8716	0.07869
8717	-0.21812
8718	-0.78575
8719	-1.71336
8720	-2.48570
8721	-2.00349
8722	0.02478
8723	2.26315
8724	3.17112
8725	2.57553
8726	1.36181
8727	0.40249
8728	0.04238
8729	0.05296
8730	0.04777
8731	-0.01223
8732	0.02842
8733	0.08387
8734	-0.14426
8735	-0.80874
8736	-1.58012
8737	-1.84359
8738	-1.49832
8739	-0.84196
8740	0.55387
8741	3.20742
8742	5.41279
8743	3.95424
8744	-1.54551
8745	-7.08308
8746	-7.85071
8747	-2.94370
8748	2.94631
8749	4.54512
8750	2.64613
8751	0.56585
8752	-2.40242
8753	-5.41622
8754	-2.81243
8755	4.78496
8756	7.32271
8757	1.97058
8758	-2.02493
8759	-1.90889
8760	-0.80829
8761	-0.01640
8762	0.01303
8763	0.08345
8764	0.73994
8765	0.79897
8766	0.61280
8767	0.33298
8768	-0.26304
8769	-0.06932
8770	0.10887
8771	0.01228
8772	0.25939
8773	0.57859
8774	0.78713
8775	0.61399
8776	-0.34664
8777	-1.21749
8778	-1.43878
8779	-1.44083
8780	-1.08104
8781	-0.12267
8782	0.56921
8783	0.46385
8784	0.17774
8785	0.10366
8786	0.07617
8787	-0.16198
8788	-0.44168
8789	-0.59908
8790	-0.95307
8791	-1.56318
8792	-1.59483
8793	-0.46030
8794	1.26985
8795	2.64762
8796	2.90211
8797	1.75554
8798	0.14446
8799	-0.61512
8800	-0.44974
8801	-0.12506
8802	-0.01902
8803	-0.04657
8804	-0.03352
8805	-0.05557
8806	-0.46597
8807	-1.17260
8808	-1.50994
8809	-1.20641
8810	-0.36128
8811	1.45472
8812	4.25574
8813	5.74934
8814	3.03065
8815	-2.84766
8816	-7.11547
8817	-6.55297
8818	-2.03555
8819	2.48832
8820	3.17297
8821	0.76545
8822	-0.17100
8823	0.68844
8824	-1.65618
8825	-6.27017
8826	-4.65467
8827	4.23365
8828	9.03830
8829	4.35900
8830	-1.09749
8831	-2.36182
8832	-1.32071
8833	-0.07734
8834	-0.04191
8835	-0.20696
8836	0.39708
8837	0.79952
8838	0.99144
8839	0.73130
8840	-0.48977
8841	-0.77260
8842	-0.23345
8843	-0.05495
8844	0.15201
8845	0.51343
8846	0.90291
8847	0.67339
8848	-0.22884
8849	-0.68388
8850	-0.44388
8851	-0.53762
8852	-0.78688
8853	-0.46264
8854	0.06242
8855	0.44329
8856	0.23542
8857	-0.18023
8858	-0.48613
8859	-0.64832
8860	-0.99076
8861	-1.46769
8862	-1.39863
8863	-0.77575
8864	-0.23268
8865	0.51184
8866	1.88148
8867	3.08119
8868	3.21308
8869	2.24719
8870	0.60313
8871	-0.91766
8872	-1.38809
8873	-0.82261
8874	-0.27631
8875	-0.46058
8876	-0.91982
8877	-0.94070
8878	-0.70062
8879	-0.84800
8880	-1.42893
8881	-1.82197
8882	-1.11064
8883	1.45080
8884	5.10858
8885	6.74860
8886	3.39010
8887	-3.50017
8888	-8.49712
8889	-7.77532
8890	-2.48497
8891	2.48860
8892	3.38278
8893	1.99252
8894	2.31980
8895	2.83912
8896	-0.82863
8897	-5.23623
8898	-2.72324
8899	4.28207
8900	5.84502
8901	1.32076
8902	-1.87122
8903	-1.86999
8904	-1.00146
8905	-0.70100
8906	-0.73835
8907	0.15094
8908	1.26105
8909	1.37449
8910	0.78623
8911	-0.07129
8912	-0.64931
8913	-0.05851
8914	0.74512
8915	0.87401
8916	0.53773
8917	0.36617
8918	0.33974
8919	-0.37084
8920	-1.23852
8921	-1.30121
8922	-0.72765
8923	-0.36103
8924	0.04428
8925	0.45494
8926	0.40199
8927	-0.02784
8928	-0.38214
8929	-0.48723
8930	-0.43957
8931	-0.38452
8932	-0.59983
8933	-1.15874
8934	-1.57983
8935	-1.20833
8936	0.10487
8937	1.61495
8938	2.36189
8939	2.30118
8940	1.87469
8941	1.06705
8942	-0.02286
8943	-0.67342
8944	-0.49954
8945	-0.06421
8946	0.04311
8947	-0.10112
8948	-0.41242
8949	-1.05094
8950	-1.72165
8951	-1.86047
8952	-1.37255
8953	-0.37961
8954	1.22038
8955	3.32243
8956	4.82058
8957	3.93132
8958	0.27706
8959	-4.12892
8960	-6.73204
8961	-5.99296
8962	-2.23898
8963	1.44525
8964	2.32608
8965	2.47735
8966	4.04387
8967	2.88386
8968	-3.64281
8969	-7.18317
8970	-0.99806
8971	6.91007
8972	5.90015
8973	0.18886
8974	-2.16982
8975	-1.66223
8976	-0.71677
8977	-0.22666
8978	-0.16488
8979	0.34920
8980	0.66899
8981	0.48679
8982	0.71399
8983	0.52042
8984	-0.20987
8985	-0.37931
8986	-0.00602
8987	0.68819
8988	1.03776
8989	0.20532
8990	-1.04423
8991	-1.56508
8992	-1.08397
8993	-0.22490
8994	0.24335
8995	0.31413
8996	0.40652
8997	0.23866
8998	-0.18930
8999	-0.21059
9000	0.17888
9001	0.36379
9002	-0.13284
9003	-0.90095
9004	-1.31777
9005	-1.62045
9006	-2.12194
9007	-1.75663
9008	0.41369
9009	2.87169
9010	3.41429
9011	2.16158
9012	0.72014
9013	-0.07212
9014	-0.21122
9015	0.10137
9016	0.45242
9017	0.43677
9018	-0.00823
9019	-0.61817
9020	-1.05377
9021	-1.24959
9022	-1.34784
9023	-1.33792
9024	-1.10825
9025	-0.46099
9026	0.95556
9027	2.84226
9028	3.62326
9029	2.01980
9030	-1.03595
9031	-3.34005
9032	-3.53664
9033	-2.02335
9034	-0.54597
9035	-0.00502
9036	1.09626
9037	2.90969
9038	1.59420
9039	-3.16328
9040	-4.20396
9041	0.99597
9042	5.19690
9043	3.15588
9044	-0.22068
9045	-1.33990
9046	-1.06524
9047	-0.08429
9048	0.15738
9049	-0.27451
9050	0.04066
9051	0.93314
9052	1.27684
9053	0.72631
9054	-0.39231
9055	-0.42541
9056	0.37276
9057	0.48161
9058	0.42321
9059	0.48574
9060	0.49278
9061	0.20157
9062	-0.36211
9063	-0.82286
9064	-0.87662
9065	-0.80838
9066	-0.37613
9067	0.30705
9068	0.10483
9069	-0.34682
9070	-0.45516
9071	-0.27916
9072	-0.48576
9073	-0.96903
9074	-1.04782
9075	-0.65074
9076	-0.40469
9077	-0.66141
9078	-0.91330
9079	-0.30892
9080	1.18659
9081	2.52267
9082	2.78373
9083	2.01199
9084	0.73693
9085	-0.35395
9086	-0.63115
9087	-0.20047
9088	0.18607
9089	0.07927
9090	-0.37740
9091	-0.93197
9092	-1.42567
9093	-1.56848
9094	-1.11092
9095	-0.38000
9096	0.09540
9097	0.64982
9098	2.03533
9099	3.48618
9100	2.77121
9101	-0.60047
9102	-3.97852
9103	-4.67751
9104	-2.59193
9105	0.26687
9106	1.51340
9107	0.73550
9108	0.32434
9109	1.24017
9110	0.25194
9111	-3.15395
9112	-3.04730
9113	2.48729
9114	5.74763
9115	2.31303
9116	-1.26165
9117	-1.62215
9118	-0.96041
9119	-0.25193
9120	-0.02920
9121	0.21529
9122	0.83924
9123	0.91357
9124	0.66366
9125	0.40835
9126	-0.20684
9127	-0.29689
9128	0.13694
9129	0.51694
9130	0.85783
9131	0.35371
9132	-0.45643
9133	-0.82069
9134	-1.18689
9135	-1.32845
9136	-0.76435
9137	-0.01846
9138	0.27943
9139	0.25230
9140	0.14510
9141	0.34633
9142	0.60324
9143	0.66487
9144	0.37048
9145	-0.48178
9146	-1.43847
9147	-1.65950
9148	-1.35372
9149	-1.35085
9150	-1.30197
9151	-0.11743
9152	2.01374
9153	3.52856
9154	3.32282
9155	1.79635
9156	0.08008
9157	-1.01741
9158	-1.19653
9159	-0.71414
9160	-0.25525
9161	-0.12757
9162	-0.13261
9163	-0.34216
9164	-0.93022
9165	-1.33730
9166	-0.82336
9167	0.26548
9168	0.96425
9169	1.31053
9170	2.08560
9171	2.76758
9172	1.76799
9173	-0.67617
9174	-2.67801
9175	-3.50261
9176	-3.22339
9177	-1.66133
9178	0.04047
9179	0.16808
9180	-0.00582
9181	1.18383
9182	0.76447
9183	-2.70207
9184	-3.56601
9185	2.08796
9186	6.72902
9187	3.58774
9188	-1.16708
9189	-2.24036
9190	-1.41118
9191	-0.41980
9192	0.07683
9193	0.44942
9194	1.14694
9195	1.10778
9196	0.78488
9197	0.86833
9198	0.34504
9199	0.04880
9200	0.38224
9201	0.35017
9202	0.22872
9203	0.22685
9204	0.32192
9205	0.19654
9206	-0.57646
9207	-1.14870
9208	-0.98190
9209	-0.63693
9210	-0.40706
9211	0.13888
9212	0.37612
9213	0.15306
9214	-0.21185
9215	-0.49726
9216	-0.62875
9217	-0.53682
9218	-0.36325
9219	-0.49683
9220	-1.07304
9221	-1.65903
9222	-1.56367
9223	-0.35440
9224	1.64153
9225	3.15653
9226	2.96377
9227	1.35471
9228	-0.12914
9229	-0.58208
9230	-0.37130
9231	-0.01680
9232	0.29309
9233	0.27400
9234	-0.19386
9235	-0.69717
9236	-0.94700
9237	-1.20377
9238	-1.66248
9239	-2.02865
9240	-1.59012
9241	0.54681
9242	4.28968
9243	7.02351
9244	4.98904
9245	-1.75685
9246	-7.66414
9247	-7.45551
9248	-1.92605
9249	2.89639
9250	2.55232
9251	-0.26080
9252	0.20053
9253	3.20107
9254	1.91129
9255	-4.73811
9256	-7.39977
9257	-0.04502
9258	8.55669
9259	7.41704
9260	0.18713
9261	-3.50657
9262	-3.07302
9263	-1.54059
9264	-0.65581
9265	-0.18690
9266	0.72032
9267	1.18421
9268	0.93596
9269	0.62405
9270	0.16537
9271	-0.10682
9272	0.27994
9273	0.54723
9274	0.67513
9275	0.82639
9276	0.69037
9277	-0.11891
9278	-1.41267
9279	-1.89130
9280	-1.03372
9281	0.01230
9282	0.25688
9283	0.37075
9284	0.42073
9285	0.11952
9286	-0.10403
9287	-0.12535
9288	-0.13103
9289	-0.48323
9290	-0.94665
9291	-1.18710
9292	-1.29147
9293	-1.49763
9294	-1.40105
9295	-0.07490
9296	2.12001
9297	3.28197
9298	2.61673
9299	1.28500
9300	0.18815
9301	-0.69613
9302	-1.07762
9303	-0.63977
9304	0.08501
9305	0.42459
9306	0.28443
9307	-0.22977
9308	-0.89582
9309	-1.13841
9310	-0.62491
9311	0.01629
9312	-0.02532
9313	-0.16717
9314	0.90338
9315	2.55463
9316	2.47680
9317	0.15647
9318	-2.57743
9319	-3.84116
9320	-2.68353
9321	-0.18366
9322	0.56137
9323	-0.85158
9324	-0.12426
9325	3.45323
9326	3.13671
9327	-2.88186
9328	-5.27655
9329	0.35231
9330	5.63307
9331	3.87061
9332	0.07752
9333	-1.21921
9334	-0.95572
9335	-0.68758
9336	-0.87010
9337	-0.56736
9338	0.60144
9339	1.11897
9340	0.88483
9341	0.55780
9342	-0.12936
9343	-0.26892
9344	0.22370
9345	0.42510
9346	0.59439
9347	0.73830
9348	0.73720
9349	0.29318
9350	-0.84085
9351	-1.68221
9352	-1.44863
9353	-0.68769
9354	-0.03025
9355	0.06902
9356	-0.36637
9357	-0.34463
9358	0.09702
9359	0.26897
9360	-0.07402
9361	-0.42733
9362	-0.49976
9363	-0.53378
9364	-0.83979
9365	-1.31439
9366	-1.23439
9367	-0.09232
9368	1.44212
9369	2.33632
9370	2.30078
9371	1.54639
9372	0.54320
9373	-0.13886
9374	-0.37075
9375	-0.33223
9376	-0.17966
9377	-0.22491
9378	-0.62515
9379	-0.95531
9380	-0.81926
9381	-0.42209
9382	-0.16105
9383	-0.25650
9384	-0.49061
9385	0.08438
9386	2.07168
9387	3.99544
9388	3.12904
9389	-0.85270
9390	-4.55377
9391	-4.83278
9392	-2.35943
9393	-0.19004
9394	-0.20373
9395	-0.88404
9396	1.10025
9397	4.44928
9398	2.37697
9399	-5.04408
9400	-6.31367
9401	2.36459
9402	8.53626
9403	4.33626
9404	-1.72079
9405	-3.14726
9406	-1.80285
9407	-0.34090
9408	0.24142
9409	0.60437
9410	1.25920
9411	1.27708
9412	0.82198
9413	0.27363
9414	-0.74447
9415	-0.85232
9416	-0.07120
9417	0.38633
9418	0.72754
9419	1.01334
9420	0.97264
9421	0.40154
9422	-0.53970
9423	-1.20726
9424	-1.46462
9425	-1.56403
9426	-1.17311
9427	-0.16743
9428	0.90481
9429	1.39062
9430	1.07738
9431	0.20847
9432	-0.69816
9433	-1.04985
9434	-0.61872
9435	-0.09406
9436	-0.63620
9437	-1.94692
9438	-2.04978
9439	-0.30830
9440	1.58844
9441	2.34576
9442	2.28151
9443	1.91483
9444	1.14295
9445	-0.06757
9446	-0.97710
9447	-0.80347
9448	0.02048
9449	0.41832
9450	0.14459
9451	-0.39776
9452	-1.06889
9453	-1.64717
9454	-1.56047
9455	-0.80663
9456	0.02419
9457	1.02019
9458	2.63257
9459	3.87150
9460	2.84174
9461	-0.53766
9462	-4.11228
9463	-5.45833
9464	-3.39354
9465	0.62797
9466	2.93095
9467	2.01403
9468	0.37611
9469	-0.88042
9470	-3.51022
9471	-5.33640
9472	-1.22489
9473	5.70473
9474	6.72179
9475	2.25995
9476	-0.83997
9477	-1.59289
9478	-1.26678
9479	-0.73964
9480	-0.34950
9481	0.45716
9482	1.05605
9483	0.98315
9484	1.04620
9485	0.53463
9486	-0.40269
9487	-0.28108
9488	0.16100
9489	0.26346
9490	0.37048
9491	0.88873
9492	0.96145
9493	-0.09631
9494	-1.24691
9495	-1.43805
9496	-1.01105
9497	-0.49987
9498	0.03918
9499	0.46643
9500	0.52501
9501	0.11035
9502	-0.44949
9503	-0.88535
9504	-0.93868
9505	-0.64554
9506	-0.37223
9507	-0.55532
9508	-1.23415
9509	-1.66218
9510	-0.85994
9511	1.06702
9512	2.70080
9513	2.89651
9514	1.84261
9515	0.31559
9516	-0.87069
9517	-1.00354
9518	-0.20931
9519	0.62846
9520	0.94835
9521	0.79396
9522	0.24110
9523	-0.73612
9524	-1.71101
9525	-1.94409
9526	-1.49446
9527	-1.14581
9528	-0.76960
9529	0.90585
9530	3.91875
9531	5.46053
9532	2.65131
9533	-3.10190
9534	-6.76644
9535	-4.93512
9536	0.40344
9537	3.73856
9538	2.77828
9539	1.05162
9540	0.67620
9541	-1.62508
9542	-5.71532
9543	-5.08422
9544	1.73875
9545	6.05617
9546	3.47409
9547	0.13657
9548	-0.94618
9549	-0.79469
9550	-0.03005
9551	0.14464
9552	-0.00616
9553	0.36480
9554	0.43217
9555	0.75422
9556	0.94683
9557	-0.13787
9558	-0.70210
9559	-0.08363
9560	0.57423
9561	0.97238
9562	0.80181
9563	0.46251
9564	0.10310
9565	-0.70818
9566	-1.42829
9567	-1.40331
9568	-0.99077
9569	-0.29200
9570	0.50529
9571	0.66907
9572	0.62629
9573	0.42783
9574	0.07821
9575	-0.44108
9576	-0.94787
9577	-1.06323
9578	-0.57471
9579	-0.13840
9580	-0.77122
9581	-1.91664
9582	-1.60469
9583	0.61219
9584	2.80699
9585	3.15185
9586	1.72400
9587	-0.05355
9588	-0.94702
9589	-0.74433
9590	0.02681
9591	0.61611
9592	0.59861
9593	0.21974
9594	-0.11011
9595	-0.38668
9596	-0.77518
9597	-1.17694
9598	-1.35096
9599	-1.18643
9600	-0.32263
9601	1.77780
9602	4.16003
9603	4.20499
9604	0.93285
9605	-3.37037
9606	-5.79875
9607	-4.91656
9608	-1.24259
9609	2.19913
9610	2.48170
9611	1.08125
9612	0.74498
9613	-0.51796
9614	-4.09778
9615	-4.50398
9616	1.40225
9617	6.52770
9618	4.47972
9619	0.02217
9620	-1.68835
9621	-1.44783
9622	-0.33798
9623	0.44186
9624	0.35175
9625	0.66922
9626	1.02237
9627	0.88052
9628	0.77997
9629	0.11359
9630	-0.59451
9631	-0.30984
9632	0.37185
9633	0.81553
9634	0.69571
9635	0.28669
9636	0.08944
9637	-0.34137
9638	-0.76098
9639	-0.92615
9640	-1.07969
9641	-0.91858
9642	-0.11918
9643	0.42903
9644	0.29973
9645	0.04421
9646	-0.19107
9647	-0.35230
9648	-0.41877
9649	-0.37693
9650	-0.24926
9651	-0.51961
9652	-1.52141
9653	-2.10865
9654	-0.86466
9655	1.40560
9656	2.63186
9657	2.21269
9658	1.01921
9659	-0.00444
9660	-0.25381
9661	0.20397
9662	0.59512
9663	0.41575
9664	-0.06021
9665	-0.33853
9666	-0.38770
9667	-0.61234
9668	-0.98908
9669	-1.01218
9670	-0.82907
9671	-0.89403
9672	-0.40800
9673	1.81738
9674	4.66605
9675	4.85056
9676	0.84896
9677	-4.36883
9678	-6.02753
9679	-2.81059
9680	1.43536
9681	2.21973
9682	0.09537
9683	-1.33626
9684	-2.21100
9685	-4.15344
9686	-3.51124
9687	3.04248
9688	8.74833
9689	5.26926
9690	-1.55300
9691	-3.86527
9692	-2.78301
9693	-0.43835
9694	1.12248
9695	1.07487
9696	0.92615
9697	0.68945
9698	0.62467
9699	1.11210
9700	0.23994
9701	-0.60435
9702	-0.00029
9703	0.31140
9704	0.45591
9705	0.71709
9706	0.53054
9707	0.30280
9708	-0.29257
9709	-1.22947
9710	-1.22534
9711	-0.87963
9712	-0.81066
9713	-0.41663
9714	0.14901
9715	0.76935
9716	0.70590
9717	0.00512
9718	-0.52894
9719	-0.42373
9720	-0.26312
9721	-0.76780
9722	-1.58028
9723	-1.98639
9724	-1.70729
9725	-0.41034
9726	1.73221
9727	3.34333
9728	3.33385
9729	2.08393
9730	0.53655
9731	-0.64560
9732	-1.09482
9733	-0.77990
9734	-0.07178
9735	0.46899
9736	0.48431
9737	-0.02288
9738	-0.75436
9739	-1.25176
9740	-1.36280
9741	-1.40564
9742	-1.31761
9743	-0.18435
9744	2.42614
9745	4.82460
9746	4.24216
9747	0.26251
9748	-4.18741
9749	-5.81596
9750	-3.62351
9751	0.30353
9752	2.21100
9753	1.06367
9754	-0.21078
9755	-0.51993
9756	-1.98665
9757	-2.99282
9758	-0.06867
9759	3.60071
9760	3.15633
9761	1.08594
9762	0.55720
9763	0.51921
9764	0.40851
9765	0.25443
9766	-0.15907
9767	0.19523
9768	0.52207
9769	0.37796
9770	0.50048
9771	0.00837
9772	-0.80165
9773	-0.55685
9774	-0.11994
9775	0.15752
9776	0.74432
9777	0.91803
9778	0.56294
9779	-0.11775
9780	-0.67773
9781	-0.68475
9782	-0.69874
9783	-0.87185
9784	-0.32837
9785	0.42543
9786	0.60451
9787	0.22665
9788	-0.14881
9789	-0.37857
9790	-0.59086
9791	-0.73432
9792	-0.58778
9793	-0.52068
9794	-1.26317
9795	-2.09832
9796	-1.30819
9797	1.02638
9798	2.97989
9799	3.20522
9800	1.91872
9801	0.24804
9802	-0.75368
9803	-0.80310
9804	-0.31092
9805	0.15830
9806	0.25531
9807	0.03150
9808	-0.10249
9809	0.02579
9810	-0.10139
9811	-0.88996
9812	-1.76302
9813	-1.92002
9814	-1.13409
9815	0.75230
9816	3.42361
9817	4.75562
9818	2.52703
9819	-2.00226
9820	-5.17987
9821	-4.99104
9822	-1.87115
9823	1.86542
9824	3.07903
9825	1.55981
9826	0.31837
9827	-0.68658
9828	-3.98791
9829	-5.82734
9830	-0.17427
9831	7.60458
9832	6.74005
9833	0.22716
9834	-2.71857
9835	-1.81660
9836	-0.18780
9837	0.38784
9838	-0.18080
9839	0.13003
9840	0.87473
9841	0.93181
9842	1.00508
9843	0.01862
9844	-1.36545
9845	-0.94139
9846	0.23607
9847	1.17772
9848	1.43835
9849	0.96262
9850	0.64310
9851	0.08026
9852	-0.71006
9853	-1.01612
9854	-0.95813
9855	-1.00708
9856	-0.77992
9857	0.05567
9858	0.83540
9859	0.87995
9860	0.24247
9861	-0.76356
9862	-1.26775
9863	-0.92510
9864	-0.50084
9865	-0.58584
9866	-1.15961
9867	-1.75715
9868	-1.20007
9869	0.93765
9870	3.02678
9871	3.31177
9872	1.92708
9873	0.17608
9874	-0.82005
9875	-0.63719
9876	0.09035
9877	0.29506
9878	-0.00294
9879	-0.03849
9880	0.08799
9881	-0.31114
9882	-1.13111
9883	-1.58506
9884	-1.38089
9885	-0.85685
9886	0.07128
9887	1.91060
9888	3.86173
9889	3.60659
9890	0.37944
9891	-3.32303
9892	-4.63997
9893	-2.97820
9894	0.03738
9895	1.49956
9896	0.42343
9897	-0.32455
9898	0.45029
9899	-0.60971
9900	-3.20923
9901	-1.59455
9902	3.43616
9903	4.28856
9904	0.69163
9905	-1.03804
9906	-0.42087
9907	0.44682
9908	0.68118
9909	0.41143
9910	0.71466
9911	1.07753
9912	0.62996
9913	0.43518
9914	-0.01443
9915	-0.91024
9916	-0.77867
9917	-0.28441
9918	0.37986
9919	1.15297
9920	0.98770
9921	0.37960
9922	-0.19000
9923	-0.83245
9924	-1.01329
9925	-1.10476
9926	-1.56730
9927	-1.16272
9928	0.27259
9929	1.43669
9930	1.48489
9931	0.67575
9932	-0.46943
9933	-1.17152
9934	-0.87746
9935	-0.05541
9936	-0.00009
9937	-1.14320
9938	-2.28518
9939	-2.04520
9940	-0.34057
9941	1.65572
9942	2.75791
9943	2.66180
9944	1.51274
9945	-0.11566
9946	-0.95020
9947	-0.39380
9948	0.53560
9949	0.67373
9950	0.17946
9951	-0.04196
9952	0.22275
9953	0.17900
9954	-0.77438
9955	-1.95068
9956	-2.22560
9957	-1.45630
9958	0.00744
9959	2.18956
9960	4.40989
9961	4.53355
9962	1.32651
9963	-3.18867
9964	-5.61370
9965	-4.57569
9966	-1.63308
9967	0.39396
9968	0.67200
9969	0.81245
9970	0.68318
9971	-1.35705
9972	-2.58771
9973	0.68261
9974	4.69759
9975	3.63170
9976	0.15663
9977	-0.99063
9978	-0.79703
9979	-0.27590
9980	0.16682
9981	0.15377
9982	0.57428
9983	0.90307
9984	0.69872
9985	0.80304
9986	0.30839
9987	-0.59834
9988	-0.47096
9989	-0.01794
9990	0.82448
9991	1.75843
9992	1.16055
9993	-0.30234
9994	-1.05761
9995	-0.84956
9996	-0.47237
9997	-0.68067
9998	-1.02689
9999	-0.22912
10000	0.73954
10001	0.71484
10002	0.08390
10003	-0.46804
10004	-0.60932
10005	-0.53114
10006	-0.67783
10007	-0.98622
10008	-1.13601
10009	-1.32729
10010	-1.61855
10011	-1.13165
10012	0.61274
10013	2.54554
10014	3.33661
10015	2.67017
10016	1.17130
10017	-0.06375
10018	-0.41042
10019	-0.17553
10020	0.17210
10021	0.34419
10022	0.10734
10023	-0.33205
10024	-0.55670
10025	-0.73146
10026	-1.30645
10027	-2.21667
10028	-2.76881
10029	-1.85847
10030	1.29524
10031	5.60008
10032	7.50307
10033	3.77280
10034	-3.73732
10035	-8.46964
10036	-6.38837
10037	-0.61025
10038	2.35742
10039	0.92740
10040	-0.17888
10041	1.02780
10042	0.22755
10043	-3.06415
10044	-2.66669
10045	2.77026
10046	5.82626
10047	3.00263
10048	-0.10428
10049	-1.05571
10050	-1.13536
10051	-0.40611
10052	0.03632
10053	0.13331
10054	0.55218
10055	0.45060
10056	0.53391
10057	0.45775
10058	-0.73467
10059	-1.06417
10060	0.06163
10061	0.86645
10062	1.21888
10063	0.95270
10064	0.37108
10065	0.01889
10066	-0.92280
10067	-1.83432
10068	-1.51179
10069	-0.70346
10070	-0.07826
10071	0.46363
10072	0.43100
10073	0.41028
10074	0.54964
10075	0.21199
10076	-0.36743
10077	-0.54520
10078	-0.37401
10079	-0.50429
10080	-1.29124
10081	-2.09418
10082	-1.84600
10083	-0.42642
10084	1.39594
10085	2.79812
10086	3.05574
10087	2.00260
10088	0.48517
10089	-0.42965
10090	-0.50644
10091	-0.15478
10092	0.27833
10093	0.58354
10094	0.58825
10095	0.09371
10096	-1.00388
10097	-2.05100
10098	-1.97024
10099	-0.91185
10100	-0.09036
10101	0.42139
10102	1.62663
10103	3.08840
10104	2.86801
10105	0.39914
10106	-2.57270
10107	-4.02139
10108	-3.12426
10109	-0.60334
10110	1.44698
10111	1.40352
10112	-0.17892
10113	-2.04905
10114	-2.71222
10115	-0.61552
10116	2.66643
10117	2.99758
10118	0.38324
10119	-0.45322
10120	0.66731
10121	0.91018
10122	0.42647
10123	-0.28573
10124	-0.32594
10125	0.75397
10126	1.11250
10127	0.68771
10128	0.38115
10129	-0.27795
10130	-0.41374
10131	0.01566
10132	-0.07209
10133	0.11984
10134	0.99330
10135	1.27649
10136	0.81132
10137	0.11509
10138	-0.53318
10139	-1.03581
10140	-1.77914
10141	-1.76629
10142	-0.40106
10143	0.98844
10144	1.60492
10145	1.07871
10146	-0.25034
10147	-1.50456
10148	-1.71713
10149	-0.99758
10150	-0.26798
10151	-0.12259
10152	-0.57300
10153	-1.20083
10154	-1.19431
10155	-0.05348
10156	1.63582
10157	2.68443
10158	2.40818
10159	1.10686
10160	-0.24026
10161	-0.71645
10162	-0.23936
10163	0.38794
10164	0.49543
10165	0.21611
10166	-0.16530
10167	-0.61119
10168	-0.90080
10169	-0.81069
10170	-0.62605
10171	-0.64168
10172	-0.39158
10173	0.86190
10174	2.74388
10175	3.40498
10176	1.37896
10177	-2.28510
10178	-4.91692
10179	-4.76674
10180	-2.12855
10181	0.74602
10182	1.65951
10183	1.33656
10184	1.17653
10185	-0.46934
10186	-3.29592
10187	-1.95178
10188	3.67474
10189	5.15958
10190	0.61974
10191	-2.14915
10192	-0.87763
10193	0.97692
10194	1.54590
10195	0.55915
10196	0.02059
10197	0.66784
10198	0.75910
10199	0.47831
10200	0.16386
10201	-0.74838
10202	-0.72714
10203	-0.13024
10204	0.07096
10205	0.46375
10206	0.74720
10207	0.52264
10208	-0.07314
10209	-0.69123
10210	-0.69619
10211	-0.37616
10212	-0.65650
10213	-0.92637
10214	-0.67018
10215	-0.29034
10216	0.19529
10217	0.66782
10218	0.79235
10219	0.42534
10220	-0.09597
10221	-0.36924
10222	-0.48916
10223	-0.91771
10224	-1.77497
10225	-2.34930
10226	-1.58887
10227	0.51319
10228	2.54215
10229	3.20660
10230	2.43795
10231	0.88126
10232	-0.51222
10233	-0.78564
10234	-0.05716
10235	0.46495
10236	0.18678
10237	-0.33691
10238	-0.64942
10239	-0.85752
10240	-1.03764
10241	-1.19780
10242	-1.54366
10243	-1.87038
10244	-0.85396
10245	2.51028
10246	6.03970
10247	5.28086
10248	-0.44555
10249	-5.70969
10250	-5.39076
10251	-0.70709
10252	2.73560
10253	1.95259
10254	-0.22647
10255	-0.59184
10256	-1.19681
10257	-4.24552
10258	-4.81506
10259	1.44631
10260	7.82955
10261	5.51319
10262	-0.65939
10263	-2.85077
10264	-1.99108
10265	-0.33976
10266	0.65555
10267	0.13394
10268	-0.05145
10269	0.36280
10270	0.54072
10271	0.85714
10272	0.25739
10273	-0.56718
10274	-0.15608
10275	0.34210
10276	0.54753
10277	1.01860
10278	1.18165
10279	0.93408
10280	0.31907
10281	-0.50685
10282	-0.72363
10283	-0.60183
10284	-1.07632
10285	-1.54330
10286	-1.35529
10287	-0.33365
10288	1.26989
10289	1.41469
10290	0.27312
10291	-1.32168
10292	-1.89949
10293	-1.24467
10294	-0.41034
10295	-0.35654
10296	-0.87537
10297	-0.94640
10298	0.12832
10299	1.97137
10300	3.26892
10301	2.92998
10302	1.25106
10303	-0.49574
10304	-1.35053
10305	-1.12707
10306	-0.34291
10307	0.21577
10308	0.35193
10309	0.35412
10310	0.14398
10311	-0.52833
10312	-1.31536
10313	-1.60722
10314	-1.42323
10315	-1.03810
10316	0.03711
10317	2.22035
10318	3.97457
10319	2.90648
10320	-0.74233
10321	-4.08261
10322	-4.92237
10323	-2.88321
10324	0.75513
10325	3.02811
10326	2.49755
10327	1.44274
10328	0.99971
10329	-0.43926
10330	-2.11664
10331	-0.97364
10332	1.25153
10333	0.82146
10334	-0.54495
10335	-0.51011
10336	0.17942
10337	0.51785
10338	0.32845
10339	0.21956
10340	0.87670
10341	0.98795
10342	0.53976
10343	0.49214
10344	0.18371
10345	-0.13658
10346	-0.25856
10347	-0.55783
10348	-0.12060
10349	0.77044
10350	0.94821
10351	0.43175
10352	-0.36614
10353	-0.90513
10354	-1.04997
10355	-1.10298
10356	-0.88116
10357	-0.09550
10358	0.83781
10359	1.35285
10360	1.02713
10361	0.30796
10362	-0.42807
10363	-0.89562
10364	-1.00526
10365	-0.87892
10366	-0.92478
10367	-1.43146
10368	-1.91811
10369	-1.37096
10370	0.39840
10371	2.09901
10372	2.53662
10373	1.99234
10374	1.10244
10375	0.00396
10376	-0.75698
10377	-0.47996
10378	0.34682
10379	0.67116
10380	0.48555
10381	0.37514
10382	0.10367
10383	-0.79669
10384	-1.68071
10385	-1.68797
10386	-1.14036
10387	-0.56692
10388	0.56786
10389	2.66934
10390	4.21218
10391	2.80858
10392	-1.31502
10393	-4.72560
10394	-4.62164
10395	-1.64790
10396	1.03164
10397	1.14306
10398	-0.06970
10399	-0.56975
10400	-1.27746
10401	-2.23281
10402	-0.21003
10403	3.62052
10404	3.76652
10405	0.17327
10406	-1.15127
10407	-0.09897
10408	0.54015
10409	0.48028
10410	-0.05809
10411	-0.01316
10412	0.84926
10413	0.80856
10414	0.37749
10415	0.02568
10416	-0.78022
10417	-0.76265
10418	-0.15187
10419	0.71640
10420	1.80259
10421	1.46023
10422	0.05540
10423	-0.42158
10424	-0.42687
10425	-0.56486
10426	-0.78559
10427	-1.53178
10428	-1.52953
10429	-0.17631
10430	0.83877
10431	0.99552
10432	0.39918
10433	0.07061
10434	0.04344
10435	-0.40773
10436	-1.35347
10437	-1.85714
10438	-1.44082
10439	-0.85661
10440	-0.77920
10441	-0.43729
10442	1.09828
10443	2.95726
10444	3.52632
10445	2.48529
10446	0.69179
10447	-0.78672
10448	-1.18698
10449	-0.60086
10450	0.06085
10451	0.12857
10452	-0.16482
10453	-0.31256
10454	-0.42788
10455	-0.97815
10456	-1.79985
10457	-2.19125
10458	-1.78325
10459	-0.45814
10460	2.03634
10461	4.99438
10462	5.69671
10463	1.95705
10464	-3.96261
10465	-7.16653
10466	-5.47816
10467	-0.89349
10468	2.54524
10469	2.51948
10470	1.19725
10471	1.20864
10472	0.23602
10473	-3.14628
10474	-3.59025
10475	1.79433
10476	5.93606
10477	3.23092
10478	-0.94928
10479	-2.07066
10480	-1.53497
10481	-0.39712
10482	0.09816
10483	0.12721
10484	1.11322
10485	1.49050
10486	0.85853
10487	0.63186
10488	-0.21986
10489	-1.21043
10490	-1.00424
10491	0.04384
10492	1.55142
10493	2.12729
10494	1.20296
10495	0.06639
10496	-0.89273
10497	-1.63803
10498	-1.76695
10499	-1.34958
10500	-0.80176
10501	0.05668
10502	0.84846
10503	1.09248
10504	0.56218
10505	-0.25603
10506	-0.81368
10507	-0.99019
10508	-0.90902
10509	-0.61848
10510	-0.72701
10511	-1.64557
10512	-1.98482
10513	-0.32039
10514	2.30846
10515	3.86008
10516	3.44572
10517	1.50580
10518	-0.48279
10519	-1.17173
10520	-0.75028
10521	-0.32193
10522	-0.25186
10523	-0.05274
10524	0.33219
10525	0.22347
10526	-0.48723
10527	-0.91797
10528	-0.67714
10529	-0.41974
10530	-0.48732
10531	-0.30891
10532	0.72954
10533	2.45062
10534	3.39860
10535	1.58612
10536	-2.80760
10537	-6.34939
10538	-5.67556
10539	-1.56293
10540	1.59535
10541	1.36570
10542	0.71021
10543	2.31153
10544	2.79542
10545	-0.37954
10546	-1.70332
10547	1.33645
10548	2.69822
10549	-0.35665
10550	-2.62030
10551	-1.63651
10552	0.77367
10553	2.02431
10554	1.56554
10555	1.14695
10556	1.30795
10557	0.96652
10558	0.43774
10559	-0.12633
10560	-0.99971
10561	-0.83253
10562	-0.19290
10563	0.10735
10564	0.30422
10565	0.20945
10566	-0.11443
10567	-0.36414
10568	-0.58031
10569	-0.58738
10570	-0.28799
10571	-0.26706
10572	-0.29313
10573	-0.07908
10574	0.18022
10575	0.34917
10576	0.26656
10577	-0.18833
10578	-0.65135
10579	-0.92808
10580	-1.04161
10581	-0.89282
10582	-0.79202
10583	-1.20204
10584	-1.42741
10585	-0.38918
10586	1.43192
10587	2.67172
10588	2.69605
10589	1.57800
10590	0.06309
10591	-0.69610
10592	-0.45915
10593	0.02533
10594	0.23227
10595	0.17482
10596	0.01841
10597	-0.18489
10598	-0.58601
10599	-1.07516
10600	-1.11436
10601	-0.66588
10602	-0.17737
10603	0.69647
10604	2.44046
10605	3.68893
10606	2.35076
10607	-1.10606
10608	-3.90402
10609	-4.19370
10610	-2.06688
10611	0.92677
10612	2.13278
10613	0.68180
10614	-0.72177
10615	-0.65912
10616	-1.43089
10617	-2.86418
10618	-1.36764
10619	2.12738
10620	2.81080
10621	1.39730
10622	0.37885
10623	0.23348
10624	0.50130
10625	0.08604
10626	-0.23697
10627	0.21032
10628	0.33250
10629	0.49779
10630	1.08864
10631	0.73417
10632	0.12784
10633	0.26762
10634	0.59495
10635	1.20083
10636	1.12870
10637	0.18532
10638	-0.30839
10639	-0.78100
10640	-1.43390
10641	-1.68708
10642	-1.52209
10643	-0.70449
10644	0.43271
10645	0.78587
10646	0.46382
10647	-0.34870
10648	-0.89838
10649	-0.74739
10650	-0.22350
10651	0.06292
10652	-0.00072
10653	-0.55519
10654	-1.58295
10655	-2.00770
10656	-0.86027
10657	1.20934
10658	2.67321
10659	2.64326
10660	1.52873
10661	0.38519
10662	-0.20952
10663	-0.24749
10664	0.01284
10665	0.15607
10666	-0.09891
10667	-0.74162
10668	-1.24875
10669	-0.75138
10670	0.65412
10671	1.47594
10672	0.80293
10673	-0.16293
10674	0.18981
10675	1.50247
10676	2.10259
10677	1.17245
10678	-0.88998
10679	-2.97162
10680	-3.48924
10681	-2.16057
10682	-1.18713
10683	-1.75235
10684	-0.99091
10685	2.03549
10686	1.61911
10687	-4.04969
10688	-5.30038
10689	3.34859
10690	10.48530
10691	5.61678
10692	-2.44573
10693	-4.42526
10694	-2.60030
10695	-0.20905
10696	0.88722
10697	0.80516
10698	1.03366
10699	1.19866
10700	1.10772
10701	0.99425
10702	-0.17322
10703	-1.00451
10704	-0.19958
10705	0.83674
10706	1.11371
10707	0.48910
10708	-0.28154
10709	-0.50839
10710	-0.61901
10711	-1.03257
10712	-1.37331
10713	-1.60439
10714	-1.23431
10715	0.15146
10716	1.12206
10717	1.15183
10718	0.59131
10719	-0.03133
10720	-0.50091
10721	-0.84223
10722	-0.99506
10723	-0.85678
10724	-0.75295
10725	-1.04804
10726	-1.08837
10727	0.10323
10728	2.05329
10729	3.23187
10730	2.73245
10731	0.87224
10732	-0.95255
10733	-1.38959
10734	-0.62196
10735	0.15230
10736	0.31533
10737	0.07456
10738	-0.24967
10739	-0.58477
10740	-0.77747
10741	-0.39557
10742	0.50491
10743	1.03517
10744	0.76784
10745	0.48621
10746	0.79775
10747	0.98957
10748	0.14688
10749	-1.47603
10750	-3.03746
10751	-3.80710
10752	-2.95435
10753	-0.46712
10754	1.87444
10755	2.41180
10756	1.42258
10757	-0.60622
10758	-2.62360
10759	-1.50797
10760	2.40875
10761	3.41929
10762	0.44298
10763	-1.12697
10764	-0.22915
10765	0.89657
10766	1.00187
10767	0.22937
10768	-0.01371
10769	0.28387
10770	0.04678
10771	0.23339
10772	0.67238
10773	0.10457
10774	-0.34065
10775	0.01631
10776	0.71949
10777	1.00800
10778	0.67124
10779	0.44138
10780	0.30345
10781	-0.28983
10782	-0.95284
10783	-1.26983
10784	-1.25531
10785	-0.70438
10786	0.22165
10787	0.88158
10788	0.73464
10789	0.11367
10790	-0.66229
10791	-1.13668
10792	-1.03569
10793	-0.59058
10794	-0.25181
10795	-0.44803
10796	-1.31536
10797	-1.97089
10798	-1.12153
10799	1.04982
10800	2.87859
10801	3.11181
10802	1.94531
10803	0.48731
10804	-0.28816
10805	-0.23007
10806	0.10123
10807	0.19877
10808	0.12229
10809	0.11203
10810	0.02502
10811	-0.43442
10812	-1.19199
10813	-1.79589
10814	-1.80776
10815	-1.14596
10816	0.23576
10817	2.49972
10818	4.59998
10819	4.19913
10820	0.76904
10821	-3.23528
10822	-5.30118
10823	-4.44438
10824	-1.25012
10825	1.36743
10826	0.94930
10827	-0.39853
10828	-0.07242
10829	-0.35853
10830	-2.68039
10831	-2.14106
10832	2.67534
10833	5.41131
10834	2.96961
10835	-0.15568
10836	-1.24110
10837	-0.95852
10838	-0.32738
10839	-0.04986
10840	0.47764
10841	1.46909
10842	1.50879
10843	1.03857
10844	0.57264
10845	-0.58910
10846	-1.25766
10847	-0.60358
10848	0.35919
10849	1.02152
10850	1.01568
10851	0.32874
10852	-0.46862
10853	-0.91732
10854	-0.99694
10855	-0.87989
10856	-0.93275
10857	-0.73105
10858	0.19536
10859	0.82859
10860	0.84358
10861	0.40048
10862	-0.51313
10863	-1.13721
10864	-0.83697
10865	-0.22523
10866	-0.04184
10867	-0.43304
10868	-1.31256
10869	-1.73000
10870	-0.42060
10871	1.87949
10872	2.98099
10873	2.32794
10874	1.14487
10875	0.07205
10876	-0.98929
10877	-1.51842
10878	-0.96919
10879	0.00292
10880	0.41086
10881	0.30160
10882	0.20534
10883	-0.01368
10884	-0.70431
10885	-1.44466
10886	-1.57133
10887	-0.95622
10888	0.63363
10889	3.50452
10890	5.96905
10891	4.30783
10892	-2.05555
10893	-7.62670
10894	-7.18478
10895	-2.09155
10896	2.30771
10897	3.10978
10898	1.76764
10899	0.61189
10900	-0.64705
10901	-2.52345
10902	-2.46262
10903	1.00742
10904	3.55569
10905	1.81202
10906	-0.38715
10907	-0.12389
10908	0.31949
10909	0.06070
10910	-0.15848
10911	-0.23317
10912	0.14352
10913	0.40994
10914	0.46295
10915	0.99580
10916	0.67646
10917	-0.55455
10918	-0.39478
10919	0.76399
10920	1.27202
10921	0.97598
10922	0.55777
10923	0.24261
10924	-0.52624
10925	-1.56760
10926	-1.66005
10927	-1.01136
10928	-0.32855
10929	0.24965
10930	0.43709
10931	0.31193
10932	0.08226
10933	-0.12359
10934	-0.34704
10935	-0.67730
10936	-1.00408
10937	-1.09023
10938	-1.10679
10939	-1.45491
10940	-1.75002
10941	-0.91778
10942	1.16390
10943	3.02326
10944	3.26954
10945	2.01299
10946	0.33936
10947	-0.65762
10948	-0.56511
10949	0.02023
10950	0.28872
10951	0.13049
10952	-0.19097
10953	-0.59079
10954	-0.92808
10955	-0.80734
10956	-0.22118
10957	0.05583
10958	-0.25647
10959	0.08890
10960	1.91468
10961	3.46150
10962	2.37386
10963	-0.91367
10964	-3.73747
10965	-4.12874
10966	-2.13490
10967	0.09085
10968	0.07248
10969	-0.99233
10970	0.48652
10971	2.79710
10972	0.34316
10973	-4.04751
10974	-2.55900
10975	3.33545
10976	4.69299
10977	1.13816
10978	-1.18875
10979	-1.19037
10980	-0.20234
10981	0.45346
10982	0.25797
10983	0.55876
10984	1.03332
10985	0.91059
10986	1.05588
10987	0.79632
10988	-0.13313
10989	-0.47050
10990	-0.16385
10991	0.67544
10992	1.34756
10993	0.83273
10994	0.45850
10995	0.22114
10996	-1.08580
10997	-2.36836
10998	-2.78416
10999	-2.22364
11000	-0.46410
11001	1.57344
11002	2.74889
11003	2.30778
11004	0.47028
11005	-1.24332
11006	-1.98013
11007	-1.84265
11008	-1.21653
11009	-0.72364
11010	-0.99923
11011	-1.54230
11012	-0.94156
11013	0.97206
11014	2.69947
11015	3.06118
11016	2.09763
11017	0.59221
11018	-0.36132
11019	-0.37598
11020	-0.12017
11021	0.03529
11022	0.31659
11023	0.52950
11024	0.29761
11025	-0.30277
11026	-1.04493
11027	-1.60510
11028	-1.60109
11029	-1.10239
11030	-0.32769
11031	0.94649
11032	2.74646
11033	3.95982
11034	2.62760
11035	-1.92329
11036	-6.62162
11037	-6.42581
11038	-0.68386
11039	4.67232
11040	4.42375
11041	0.26691
11042	-3.52521
11043	-4.97727
11044	-2.65039
11045	2.44337
11046	5.08994
11047	2.77041
11048	0.27506
11049	-0.01114
11050	-0.08090
11051	0.05043
11052	-0.00900
11053	-0.19727
11054	0.27032
11055	0.21409
11056	-0.00210
11057	0.36496
11058	-0.18572
11059	-0.71864
11060	-0.09430
11061	0.23601
11062	0.81178
11063	1.87307
11064	2.01725
11065	0.86687
11066	-0.96215
11067	-2.06237
11068	-1.57284
11069	-0.79950
11070	-1.02465
11071	-1.26627
11072	-0.89898
11073	0.07272
11074	0.71122
11075	0.53433
11076	0.08306
11077	0.07405
11078	0.39534
11079	0.33235
11080	-0.50846
11081	-1.63184
11082	-1.97621
11083	-0.92965
11084	0.97217
11085	2.47550
11086	2.71788
11087	1.76607
11088	0.28793
11089	-0.86904
11090	-1.02663
11091	-0.24409
11092	0.57966
11093	0.69723
11094	0.26698
11095	-0.25944
11096	-0.80799
11097	-1.32175
11098	-1.47329
11099	-1.17717
11100	-0.63108
11101	0.47430
11102	2.54049
11103	4.41430
11104	3.87946
11105	0.53886
11106	-3.34376
11107	-5.15187
11108	-3.84354
11109	-0.66224
11110	1.28380
11111	0.41111
11112	-0.95733
11113	-0.98032
11114	-1.83325
11115	-3.68040
11116	-1.55618
11117	4.57458
11118	6.72683
11119	2.83287
11120	-0.61684
11121	-1.36159
11122	-0.90246
11123	-0.12609
11124	0.25932
11125	0.56888
11126	1.20064
11127	1.24375
11128	1.16395
11129	0.83736
11130	-0.18290
11131	-0.58869
11132	-0.56639
11133	-0.45904
11134	0.32043
11135	1.03209
11136	0.68786
11137	-0.28925
11138	-1.34089
11139	-1.78186
11140	-1.67783
11141	-1.07211
11142	0.21358
11143	1.28459
11144	1.24472
11145	0.67699
11146	0.15941
11147	-0.36847
11148	-0.79040
11149	-0.82924
11150	-0.52530
11151	-0.41064
11152	-1.09226
11153	-2.11897
11154	-1.91911
11155	0.07294
11156	2.26256
11157	2.96228
11158	2.20136
11159	0.88769
11160	-0.14694
11161	-0.45293
11162	-0.33887
11163	-0.20041
11164	0.11735
11165	0.57388
11166	0.67888
11167	0.25603
11168	-0.41589
11169	-1.01302
11170	-1.21967
11171	-0.93738
11172	-0.53128
11173	-0.09960
11174	0.96068
11175	2.54265
11176	2.91303
11177	0.79901
11178	-2.42688
11179	-4.11474
11180	-3.11005
11181	-0.73897
11182	0.48840
11183	0.03344
11184	-0.03556
11185	0.29951
11186	-1.10920
11187	-2.21026
11188	0.33617
11189	3.65805
11190	3.04850
11191	0.76838
11192	0.00877
11193	-0.00012
11194	0.25895
11195	0.05621
11196	-0.62089
11197	-0.48617
11198	0.14503
11199	0.75609
11200	1.28121
11201	0.48909
11202	-0.91530
11203	-0.98490
11204	0.19122
11205	1.62374
11206	1.69440
11207	0.45414
11208	-0.03806
11209	0.06534
11210	-0.51637
11211	-1.24439
11212	-1.72337
11213	-1.79499
11214	-1.10304
11215	0.00228
11216	1.28748
11217	2.06168
11218	1.07119
11219	-0.40488
11220	-1.28822
11221	-1.28273
11222	-1.08030
11223	-1.15642
11224	-1.60401
11225	-1.98635
11226	-1.16180
11227	1.02792
11228	2.95782
11229	3.34010
11230	2.49600
11231	1.25815
11232	0.19292
11233	-0.31466
11234	-0.24129
11235	0.04174
11236	0.16820
11237	0.01894
11238	-0.32039
11239	-0.77329
11240	-1.32618
11241	-1.68663
11242	-1.44304
11243	-0.88171
11244	-0.60210
11245	-0.00078
11246	2.07829
11247	4.50670
11248	4.12230
11249	0.29264
11250	-3.61849
11251	-4.72653
11252	-3.33850
11253	-1.30113
11254	-0.26165
11255	-0.45129
11256	-0.40626
11257	0.24494
11258	-0.04000
11259	-0.40735
11260	1.50402
11261	3.58439
11262	2.42546
11263	0.46351
11264	-0.00427
11265	0.05283
11266	0.07924
11267	-0.40473
11268	-0.74364
11269	0.16388
11270	0.68507
11271	0.34911
11272	0.24566
11273	-0.24194
11274	-0.58449
11275	-0.01030
11276	0.71873
11277	1.09952
11278	0.88521
11279	0.71910
11280	0.74837
11281	0.06942
11282	-1.22128
11283	-1.77883
11284	-1.52340
11285	-1.16028
11286	-0.55619
11287	0.49058
11288	1.39828
11289	1.22807
11290	0.25940
11291	-0.90139
11292	-1.52798
11293	-1.33274
11294	-0.71844
11295	-0.14946
11296	-0.24778
11297	-1.40009
11298	-2.14740
11299	-0.66050
11300	2.12116
11301	3.65627
11302	3.03949
11303	1.37183
11304	0.06401
11305	-0.35785
11306	-0.21674
11307	-0.03232
11308	-0.03184
11309	-0.10555
11310	-0.14774
11311	-0.29326
11312	-0.73036
11313	-1.40597
11314	-1.90875
11315	-1.73611
11316	-0.67441
11317	1.28944
11318	3.72032
11319	4.91573
11320	2.91935
11321	-1.54911
11322	-5.10365
11323	-5.38906
11324	-2.82956
11325	0.25780
11326	1.37170
11327	0.71516
11328	0.99637
11329	1.69245
11330	-0.91636
11331	-4.23066
11332	-1.65801
11333	4.73433
11334	5.18704
11335	0.05610
11336	-2.38057
11337	-1.36221
11338	-0.04107
11339	0.46649
11340	0.47111
11341	0.83517
11342	1.34462
11343	0.89210
11344	0.62582
11345	0.62578
11346	-0.09231
11347	-0.62449
11348	-0.63069
11349	0.17853
11350	1.48695
11351	1.99646
11352	1.34413
11353	-0.13188
11354	-1.72542
11355	-2.34362
11356	-1.89530
11357	-1.29872
11358	-0.52340
11359	0.59772
11360	1.38682
11361	1.18304
11362	0.24655
11363	-0.84357
11364	-1.29902
11365	-0.94509
11366	-0.27080
11367	0.07856
11368	-0.52775
11369	-1.78057
11370	-2.01423
11371	-0.30151
11372	2.11183
11373	3.23931
11374	2.31313
11375	0.43981
11376	-0.60684
11377	-0.41585
11378	0.07029
11379	0.31605
11380	0.51759
11381	0.63353
11382	0.33831
11383	-0.37473
11384	-1.11168
11385	-1.44123
11386	-1.32571
11387	-1.07337
11388	-0.53278
11389	1.00629
11390	3.29350
11391	4.29008
11392	2.21481
11393	-1.85437
11394	-4.82625
11395	-4.53729
11396	-1.41300
11397	1.28891
11398	0.60266
11399	-1.40547
11400	-0.88489
11401	0.04948
11402	-1.86001
11403	-2.68750
11404	1.96591
11405	6.47569
11406	4.44038
11407	0.30576
11408	-1.34114
11409	-1.59438
11410	-1.09082
11411	-0.47922
11412	0.18650
11413	1.10049
11414	1.31196
11415	1.18121
11416	0.95454
11417	-0.26481
11418	-1.04377
11419	-0.26449
11420	0.55614
11421	0.92537
11422	0.77257
11423	0.37239
11424	-0.17084
11425	-1.13653
11426	-1.93562
11427	-2.02360
11428	-1.56029
11429	-0.26533
11430	1.18427
11431	1.43763
11432	0.87127
11433	0.17814
11434	-0.30718
11435	-0.44164
11436	-0.32928
11437	-0.27927
11438	-0.50342
11439	-1.12200
11440	-1.94283
11441	-2.11652
11442	-0.87470
11443	1.34702
11444	3.17236
11445	3.45237
11446	2.12638
11447	0.32059
11448	-0.66246
11449	-0.53314
11450	0.01511
11451	0.27215
11452	0.05119
11453	-0.43285
11454	-0.78509
11455	-0.89104
11456	-1.02614
11457	-1.20932
11458	-1.18702
11459	-0.79899
11460	0.39588
11461	2.59529
11462	4.20394
11463	2.80367
11464	-1.27243
11465	-4.52196
11466	-4.49696
11467	-2.17813
11468	-0.13392
11469	0.30448
11470	0.39549
11471	1.71264
11472	1.95484
11473	-1.73775
11474	-4.30272
11475	-0.00509
11476	5.79661
11477	4.11859
11478	-0.47919
11479	-1.60532
11480	-1.06032
11481	-0.44591
11482	-0.12893
11483	0.37833
11484	1.33689
11485	1.44241
11486	1.09044
11487	1.10195
11488	0.08070
11489	-0.86945
11490	-0.47433
11491	0.17381
11492	0.75203
11493	0.81841
11494	0.48922
11495	0.42573
11496	-0.00736
11497	-0.77741
11498	-1.21841
11499	-1.43978
11500	-1.23938
11501	-0.41535
11502	0.51491
11503	1.20084
11504	1.10796
11505	0.17734
11506	-1.06724
11507	-1.70321
11508	-1.56194
11509	-1.15931
11510	-0.84504
11511	-0.73243
11512	-0.65672
11513	-0.10463
11514	1.19334
11515	2.77233
11516	3.58196
11517	2.68292
11518	0.41835
11519	-1.40276
11520	-1.51605
11521	-0.66981
11522	-0.10962
11523	-0.04471
11524	-0.18723
11525	-0.42757
11526	-0.75324
11527	-0.96664
11528	-0.76479
11529	-0.29985
11530	0.02335
11531	0.55421
11532	1.90912
11533	3.18749
11534	2.43575
11535	-0.45991
11536	-3.16226
11537	-3.74214
11538	-2.36937
11539	-0.32882
11540	0.76665
11541	0.12888
11542	-0.55017
11543	0.20328
11544	-0.08353
11545	-2.97769
11546	-3.31869
11547	1.40701
11548	5.29917
11549	3.43972
11550	0.28677
11551	-0.58263
11552	-0.12554
11553	0.33073
11554	0.03501
11555	-0.09640
11556	0.65854
11557	1.16806
11558	0.99901
11559	0.56531
11560	-0.16692
11561	-0.45136
11562	-0.21678
11563	-0.20476
11564	0.05199
11565	0.77067
11566	1.32145
11567	0.36947
11568	-1.81178
11569	-2.44709
11570	-1.17066
11571	-0.09044
11572	0.32341
11573	0.60454
11574	0.68101
11575	0.31961
11576	-0.17994
11577	-0.31889
11578	-0.37990
11579	-0.61991
11580	-0.70503
11581	-0.67002
11582	-1.22276
11583	-2.09109
11584	-1.77372
11585	0.24827
11586	2.64944
11587	3.75896
11588	3.02247
11589	1.25606
11590	-0.22096
11591	-0.78786
11592	-0.73252
11593	-0.46927
11594	-0.14948
11595	0.06002
11596	-0.02499
11597	-0.31771
11598	-0.67338
11599	-1.09398
11600	-1.35092
11601	-1.12126
11602	-0.34632
11603	1.16704
11604	3.23478
11605	4.14943
11606	2.27716
11607	-1.20250
11608	-3.67818
11609	-4.26680
11610	-3.17727
11611	-0.76897
11612	0.97539
11613	0.52409
11614	0.17124
11615	1.04441
11616	-0.70041
11617	-4.80002
11618	-3.44910
11619	4.16390
11620	8.15908
11621	3.88242
11622	-0.91020
11623	-2.26453
11624	-1.81031
11625	-0.40869
11626	0.31674
11627	0.25852
11628	0.62007
11629	0.81339
11630	0.86537
11631	0.66832
11632	-0.59101
11633	-1.03596
11634	-0.13015
11635	0.79169
11636	1.48086
11637	1.62552
11638	1.24263
11639	0.30411
11640	-1.28474
11641	-2.64335
11642	-2.75826
11643	-2.07665
11644	-0.65716
11645	1.13689
11646	2.15363
11647	1.90045
11648	0.78809
11649	-0.27906
11650	-0.92044
11651	-1.27148
11652	-1.34155
11653	-1.08671
11654	-0.97707
11655	-1.35142
11656	-1.38008
11657	-0.03684
11658	2.10117
11659	3.34339
11660	2.95168
11661	1.62930
11662	0.28103
11663	-0.64383
11664	-0.86765
11665	-0.44825
11666	0.03177
11667	0.11044
11668	-0.17250
11669	-0.61570
11670	-1.09278
11671	-1.53235
11672	-1.77083
11673	-1.45659
11674	-0.16174
11675	2.35966
11676	5.20949
11677	5.64095
11678	1.70842
11679	-4.02714
11680	-6.76276
11681	-4.86086
11682	-0.73740
11683	1.78850
11684	0.95642
11685	-0.64086
11686	0.18769
11687	1.10688
11688	-1.20890
11689	-3.01497
11690	0.20645
11691	4.24320
11692	3.29901
11693	0.55046
11694	-0.36120
11695	-0.47218
11696	-0.35100
11697	-0.26451
11698	-0.08570
11699	0.77661
11700	1.14227
11701	0.77221
11702	0.56417
11703	0.02323
11704	0.16139
11705	0.87461
11706	0.48221
11707	-0.44437
11708	-0.40704
11709	0.20202
11710	0.40910
11711	-0.58596
11712	-1.68090
11713	-1.80692
11714	-1.45238
11715	-0.55553
11716	0.69871
11717	1.55907
11718	1.51915
11719	0.53581
11720	-0.67530
11721	-1.38042
11722	-1.40007
11723	-0.86077
11724	-0.28144
11725	-0.60150
11726	-1.75459
11727	-2.02747
11728	-0.26090
11729	2.32488
11730	3.64751
11731	3.04489
11732	1.38617
11733	-0.05261
11734	-0.52487
11735	-0.24505
11736	0.05705
11737	0.09230
11738	0.14493
11739	0.28043
11740	0.14164
11741	-0.52539
11742	-1.50873
11743	-2.14213
11744	-1.99090
11745	-1.27998
11746	-0.00606
11747	2.20364
11748	4.40057
11749	4.24718
11750	1.01259
11751	-3.07851
11752	-5.42821
11753	-4.88786
11754	-1.73811
11755	1.50801
11756	2.06109
11757	1.07255
11758	0.68511
11759	-0.78113
11760	-3.20975
11761	-1.65855
11762	3.88308
11763	5.87015
11764	2.28845
11765	-0.86896
11766	-1.73258
11767	-1.44390
11768	-0.83446
11769	-0.64343
11770	-0.04299
11771	0.92895
11772	1.25398
11773	1.31829
11774	1.08426
11775	0.00422
11776	-0.61100
11777	-0.37645
11778	0.53594
11779	1.43814
11780	1.23921
11781	0.56116
11782	-0.11417
11783	-1.00539
11784	-1.61485
11785	-1.44314
11786	-1.06685
11787	-0.51176
11788	0.13335
11789	0.59812
11790	0.75718
11791	0.27034
11792	-0.55298
11793	-1.04508
11794	-0.85315
11795	-0.42693
11796	-0.55361
11797	-1.17887
11798	-1.49514
11799	-1.14591
11800	-0.17231
11801	1.46719
11802	3.07452
11803	3.24168
11804	1.77930
11805	0.12227
11806	-0.61715
11807	-0.50204
11808	-0.06573
11809	0.18364
11810	0.10681
11811	-0.05680
11812	-0.24025
11813	-0.60802
11814	-1.03936
11815	-1.25567
11816	-1.36037
11817	-1.34382
11818	-0.40924
11819	1.99724
11820	4.64255
11821	4.90918
11822	1.37904
11823	-3.85954
11824	-6.55803
11825	-4.41081
11826	0.31129
11827	2.68118
11828	1.00118
11829	-0.99724
11830	-0.69840
11831	-0.89876
11832	-2.72688
11833	-1.95779
11834	2.42594
11835	4.53313
11836	2.23087
11837	0.19711
11838	-0.29835
11839	-0.14858
11840	0.14856
11841	-0.07302
11842	0.15473
11843	0.76361
11844	0.51232
11845	0.32698
11846	0.40517
11847	-0.12178
11848	-0.21102
11849	0.41652
11850	0.66751
11851	0.49119
11852	0.46932
11853	0.68329
11854	0.03312
11855	-1.50004
11856	-2.35639
11857	-1.98876
11858	-1.56052
11859	-0.93725
11860	0.46436
11861	1.53491
11862	1.80653
11863	1.21548
11864	0.24150
11865	-0.50809
11866	-0.77868
11867	-0.78583
11868	-0.96691
11869	-1.53087
11870	-2.02983
11871	-1.70521
11872	-0.31764
11873	1.66591
11874	3.22825
11875	3.30314
11876	1.96049
11877	0.45026
11878	-0.39934
11879	-0.67357
11880	-0.45214
11881	0.09355
11882	0.36795
11883	0.15473
11884	-0.28881
11885	-0.93955
11886	-1.59587
11887	-1.58665
11888	-0.95488
11889	-0.52881
11890	-0.00474
11891	1.97207
11892	4.66504
11893	4.56830
11894	0.15874
11895	-4.97941
11896	-6.39182
11897	-3.54482
11898	0.43163
11899	1.83331
11900	0.29416
11901	-0.77072
11902	-0.23802
11903	-0.94080
11904	-2.00999
11905	0.17836
11906	3.52121
11907	3.03802
11908	0.85162
11909	0.07147
11910	-0.16834
11911	-0.22607
11912	-0.16772
11913	-0.05908
11914	0.51129
11915	0.70172
11916	0.62148
11917	0.78672
11918	0.38236
11919	-0.23125
11920	-0.16589
11921	0.28752
11922	0.88298
11923	1.31118
11924	1.08221
11925	0.26930
11926	-0.73596
11927	-1.31825
11928	-1.49890
11929	-1.55576
11930	-1.34246
11931	-0.57358
11932	0.06091
11933	0.21318
11934	0.26629
11935	0.23445
11936	0.15637
11937	0.04326
11938	-0.52580
11939	-1.28765
11940	-1.38585
11941	-1.06708
11942	-0.89802
11943	-0.23124
11944	1.38583
11945	2.99683
11946	3.48351
11947	2.56441
11948	0.76270
11949	-0.81265
11950	-1.30447
11951	-0.91880
11952	-0.46162
11953	-0.33968
11954	-0.43417
11955	-0.65050
11956	-1.01872
11957	-1.28638
11958	-1.06371
11959	-0.47638
11960	0.20403
11961	1.47635
11962	3.64624
11963	5.11462
11964	3.61751
11965	-0.69752
11966	-5.12086
11967	-6.81635
11968	-4.51468
11969	-0.07871
11970	1.79229
11971	-0.55564
11972	-2.20342
11973	0.21554
11974	2.21067
11975	0.40278
11976	-0.87988
11977	1.23332
11978	3.47086
11979	2.45394
11980	0.19678
11981	-1.02656
11982	-0.94048
11983	-0.51200
11984	-0.08341
11985	0.71477
11986	1.10284
11987	0.83722
11988	0.67292
11989	0.19009
11990	-0.52417
11991	-0.53373
11992	-0.05606
11993	0.56565
11994	1.27780
11995	1.43869
11996	0.52465
11997	-0.94732
11998	-1.89456
11999	-1.81871
12000	-1.51168
12001	-1.32704
12002	-0.23460
12003	1.24517
12004	1.64519
12005	0.78127
12006	-0.33055
12007	-0.94399
12008	-1.05614
12009	-0.90032
12010	-0.64499
12011	-0.62319
12012	-1.10217
12013	-1.41153
12014	-0.59039
12015	1.13835
12016	2.66844
12017	3.23071
12018	2.78989
12019	1.56367
12020	-0.10861
12021	-1.23104
12022	-1.00763
12023	-0.16420
12024	0.17292
12025	-0.12236
12026	-0.74950
12027	-1.44483
12028	-1.69526
12029	-1.24415
12030	-0.68484
12031	-0.41775
12032	0.49970
12033	2.80498
12034	4.75619
12035	3.62958
12036	-0.41823
12037	-4.39301
12038	-6.01738
12039	-4.77119
12040	-1.25320
12041	2.14636
12042	2.61301
12043	1.08861
12044	1.05735
12045	1.64602
12046	-0.91984
12047	-3.73833
12048	-1.08651
12049	3.89763
12050	3.50108
12051	-0.19525
12052	-1.47517
12053	-0.91302
12054	-0.00256
12055	0.52887
12056	0.63859
12057	1.08707
12058	1.24322
12059	0.97774
12060	0.86603
12061	-0.08171
12062	-1.13400
12063	-0.82486
12064	0.00906
12065	0.94222
12066	1.47839
12067	0.98195
12068	-0.06515
12069	-1.09142
12070	-1.61537
12071	-1.72863
12072	-1.65012
12073	-0.83117
12074	0.75778
12075	1.65245
12076	1.31030
12077	0.56101
12078	-0.21744
12079	-0.99222
12080	-1.45573
12081	-1.40010
12082	-1.28948
12083	-1.54977
12084	-1.74454
12085	-0.90937
12086	1.16338
12087	3.23016
12088	3.95472
12089	3.20000
12090	1.48099
12091	-0.37735
12092	-1.34890
12093	-1.14487
12094	-0.41442
12095	0.04764
12096	-0.13777
12097	-0.82726
12098	-1.56177
12099	-1.79914
12100	-1.20263
12101	-0.09563
12102	0.79957
12103	1.42555
12104	2.26680
12105	2.84170
12106	1.87377
12107	-0.50420
12108	-2.60033
12109	-3.42756
12110	-2.99866
12111	-1.34123
12112	0.40548
12113	0.19028
12114	-0.97761
12115	0.31637
12116	2.41500
12117	0.16599
12118	-3.59699
12119	-1.45048
12120	4.66458
12121	5.16922
12122	0.64769
12123	-1.81652
12124	-1.82367
12125	-1.01589
12126	-0.14158
12127	0.34486
12128	1.01541
12129	1.52211
12130	1.35542
12131	1.00586
12132	0.12086
12133	-0.53226
12134	-0.26747
12135	-0.03740
12136	0.38621
12137	1.01191
12138	0.81165
12139	-0.08378
12140	-1.17085
12141	-1.83507
12142	-1.56094
12143	-1.13865
12144	-0.56638
12145	0.53816
12146	1.32212
12147	1.26397
12148	0.56847
12149	-0.23994
12150	-0.71842
12151	-0.92225
12152	-1.07033
12153	-1.12800
12154	-1.22579
12155	-1.66615
12156	-1.80239
12157	-0.39936
12158	2.10117
12159	3.58220
12160	3.00228
12161	1.46711
12162	0.34718
12163	-0.26626
12164	-0.65287
12165	-0.58845
12166	-0.18004
12167	0.07681
12168	0.12482
12169	-0.03141
12170	-0.69025
12171	-1.59641
12172	-1.86322
12173	-1.28151
12174	-0.33175
12175	1.16063
12176	3.32383
12177	4.52997
12178	3.02577
12179	-0.36507
12180	-3.38515
12181	-4.54766
12182	-3.12099
12183	-0.15336
12184	1.05537
12185	-0.28837
12186	-0.57282
12187	0.54294
12188	-1.35312
12189	-4.77316
12190	-2.48125
12191	4.27614
12192	6.25539
12193	2.60200
12194	-0.44953
12195	-1.23851
12196	-0.65472
12197	-0.09965
12198	0.06749
12199	0.76250
12200	1.24214
12201	1.14898
12202	0.98597
12203	0.03840
12204	-0.74947
12205	-0.32555
12206	0.18613
12207	0.80335
12208	1.26975
12209	0.82864
12210	0.07950
12211	-0.70978
12212	-1.47111
12213	-1.67775
12214	-1.57467
12215	-1.06499
12216	0.04786
12217	0.97332
12218	0.90383
12219	0.28491
12220	-0.37171
12221	-0.65712
12222	-0.61183
12223	-0.61193
12224	-0.83116
12225	-1.18749
12226	-1.57854
12227	-1.54897
12228	-0.38659
12229	1.74457
12230	3.57904
12231	3.88376
12232	2.41869
12233	0.28540
12234	-0.99895
12235	-1.13101
12236	-0.80131
12237	-0.42866
12238	-0.12807
12239	0.01440
12240	-0.02693
12241	-0.37113
12242	-0.93844
12243	-1.21429
12244	-1.06225
12245	-0.90104
12246	-0.34000
12247	1.71565
12248	4.52809
12249	5.04409
12250	1.53757
12251	-3.73532
12252	-6.68726
12253	-4.96316
12254	-0.18658
12255	2.65761
12256	1.20443
12257	-0.94129
12258	-1.24623
12259	-2.33832
12260	-3.66330
12261	-0.67005
12262	4.68713
12263	5.26606
12264	2.03736
12265	-0.00086
12266	-0.60190
12267	-0.44517
12268	-0.44992
12269	-0.38117
12270	0.61725
12271	1.43918
12272	1.46104
12273	1.30329
12274	0.23517
12275	-1.03692
12276	-0.98611
12277	-0.28635
12278	0.49847
12279	0.89530
12280	0.83680
12281	0.67098
12282	-0.04367
12283	-1.21306
12284	-1.76976
12285	-1.87154
12286	-1.61527
12287	-0.19640
12288	1.38198
12289	2.05114
12290	1.45051
12291	0.08309
12292	-1.27494
12293	-1.90068
12294	-1.46863
12295	-0.50079
12296	-0.32010
12297	-1.41306
12298	-2.07328
12299	-0.54953
12300	2.23056
12301	3.84048
12302	3.25820
12303	1.44966
12304	-0.20353
12305	-1.08776
12306	-1.23548
12307	-0.87165
12308	-0.26642
12309	0.30168
12310	0.54759
12311	0.16906
12312	-0.75708
12313	-1.41528
12314	-1.11751
12315	-0.28458
12316	0.44667
12317	1.36543
12318	2.63006
12319	3.10427
12320	1.91949
12321	-0.12539
12322	-2.21103
12323	-4.09805
12324	-4.16521
12325	-1.13600
12326	1.91495
12327	1.09975
12328	-1.54436
12329	-2.23898
12330	-2.40137
12331	-3.19565
12332	-0.79776
12333	4.48648
12334	5.74441
12335	2.44918
12336	0.29637
12337	0.01646
12338	-0.16916
12339	-0.17960
12340	-0.31464
12341	0.00829
12342	0.64622
12343	0.64357
12344	0.64773
12345	0.40635
12346	-0.29633
12347	-0.23014
12348	0.13768
12349	0.19205
12350	0.41051
12351	0.40417
12352	0.31096
12353	0.09733
12354	-0.60615
12355	-1.42011
12356	-1.67773
12357	-1.51074
12358	-0.38984
12359	1.20122
12360	1.82892
12361	1.34205
12362	0.33506
12363	-0.53520
12364	-0.98466
12365	-1.09230
12366	-1.04345
12367	-1.02305
12368	-1.36867
12369	-1.99429
12370	-1.80573
12371	0.05822
12372	2.55054
12373	3.49045
12374	2.20782
12375	0.28197
12376	-0.69746
12377	-0.63070
12378	-0.09799
12379	0.41681
12380	0.63354
12381	0.62867
12382	0.60334
12383	0.38498
12384	-0.36001
12385	-1.38164
12386	-1.91113
12387	-1.62995
12388	-0.82449
12389	0.54339
12390	2.56695
12391	3.92690
12392	2.90583
12393	0.17405
12394	-2.15928
12395	-3.33041
12396	-2.99616
12397	-0.96919
12398	0.47632
12399	-0.49482
12400	-1.54025
12401	-1.32225
12402	-1.73249
12403	-1.83196
12404	1.37564
12405	4.91670
12406	3.98581
12407	1.20157
12408	-0.09317
12409	-0.57510
12410	-0.94767
12411	-0.88836
12412	-0.09319
12413	0.86141
12414	0.79911
12415	0.33437
12416	0.48020
12417	0.15922
12418	-0.56689
12419	-0.79307
12420	-0.37337
12421	0.46555
12422	1.24614
12423	1.44685
12424	0.92552
12425	-0.36637
12426	-1.69186
12427	-1.78018
12428	-1.27740
12429	-0.75698
12430	0.13169
12431	1.04260
12432	1.08016
12433	0.35430
12434	-0.49994
12435	-0.95393
12436	-0.73780
12437	-0.31329
12438	-0.40790
12439	-1.05963
12440	-1.82571
12441	-2.16727
12442	-1.25863
12443	1.04571
12444	3.20972
12445	3.60249
12446	2.45012
12447	0.92244
12448	-0.38286
12449	-1.06910
12450	-0.82216
12451	-0.09202
12452	0.36423
12453	0.33083
12454	-0.00876
12455	-0.55918
12456	-1.21108
12457	-1.46036
12458	-0.93637
12459	-0.22669
12460	0.11333
12461	0.89143
12462	2.68821
12463	3.83077
12464	2.42590
12465	-0.70067
12466	-3.37784
12467	-4.36967
12468	-3.05613
12469	-0.31666
12470	0.79247
12471	-0.42872
12472	-0.72833
12473	-0.09658
12474	-1.94222
12475	-3.45604
12476	1.07874
12477	6.92225
12478	5.38151
12479	0.02502
12480	-1.91738
12481	-1.31176
12482	-0.58014
12483	-0.31691
12484	-0.09352
12485	0.88295
12486	1.24376
12487	0.55891
12488	0.24427
12489	-0.22293
12490	-0.67057
12491	-0.08085
12492	0.62017
12493	1.12957
12494	1.23350
12495	0.91658
12496	0.58374
12497	-0.22472
12498	-1.14595
12499	-1.22356
12500	-1.04744
12501	-1.16981
12502	-0.94377
12503	-0.20375
12504	0.47295
12505	0.69290
12506	0.25412
12507	-0.34023
12508	-0.75973
12509	-1.07614
12510	-1.12538
12511	-0.75289
12512	-0.59162
12513	-1.11101
12514	-1.29640
12515	0.07096
12516	2.29484
12517	3.51325
12518	3.01282
12519	1.52014
12520	-0.01182
12521	-0.89995
12522	-0.84755
12523	-0.26085
12524	0.12363
12525	0.03848
12526	-0.30421
12527	-0.69079
12528	-1.04762
12529	-1.31287
12530	-1.35482
12531	-1.08403
12532	-0.35643
12533	1.22082
12534	3.39204
12535	4.38654
12536	2.57808
12537	-1.31305
12538	-4.78789
12539	-5.30842
12540	-2.06070
12541	2.11527
12542	3.02957
12543	0.84232
12544	-1.18582
12545	-2.87732
12546	-4.73043
12547	-3.18274
12548	2.19566
12549	5.32574
12550	3.47568
12551	1.39464
12552	1.01543
12553	0.52349
12554	-0.18108
12555	-0.65666
12556	-0.53465
12557	-0.09151
12558	0.06456
12559	0.18061
12560	0.24596
12561	-0.24096
12562	-0.30466
12563	0.27707
12564	0.38459
12565	0.24767
12566	0.43229
12567	0.93566
12568	0.96268
12569	-0.14211
12570	-1.43792
12571	-1.71089
12572	-1.49374
12573	-1.05010
12574	0.07320
12575	1.36405
12576	1.75467
12577	0.88424
12578	-0.37883
12579	-1.20572
12580	-1.39361
12581	-1.05994
12582	-0.65493
12583	-0.98156
12584	-2.10992
12585	-2.50490
12586	-0.74300
12587	2.25582
12588	4.31200
12589	4.38979
12590	2.81129
12591	0.54885
12592	-1.14283
12593	-1.54908
12594	-0.94127
12595	-0.03283
12596	0.44010
12597	0.05568
12598	-0.85411
12599	-1.52894
12600	-1.51211
12601	-0.91445
12602	-0.27595
12603	0.10282
12604	0.77883
12605	2.16208
12606	3.08878
12607	2.05203
12608	-0.30897
12609	-2.14675
12610	-3.18459
12611	-3.77054
12612	-2.88418
12613	-0.46214
12614	0.89706
12615	0.52499
12616	1.46724
12617	3.01396
12618	0.52210
12619	-3.66869
12620	-2.04107
12621	3.43008
12622	4.41918
12623	1.15299
12624	-0.86405
12625	-1.28819
12626	-0.91171
12627	-0.39994
12628	-0.10015
12629	0.59538
12630	1.15209
12631	0.98258
12632	0.92104
12633	0.40563
12634	-0.44263
12635	-0.55747
12636	-0.45473
12637	0.19826
12638	1.26507
12639	1.46160
12640	0.43188
12641	-1.04767
12642	-2.02594
12643	-1.78189
12644	-0.69776
12645	0.26179
12646	0.66860
12647	0.47526
12648	0.19991
12649	-0.15405
12650	-0.37386
12651	-0.38030
12652	-0.44257
12653	-0.66320
12654	-0.80396
12655	-1.06995
12656	-1.71478
12657	-1.90618
12658	-0.57036
12659	1.86456
12660	3.71578
12661	3.75236
12662	2.22643
12663	0.31494
12664	-0.99410
12665	-1.22713
12666	-0.60257
12667	0.02793
12668	0.18749
12669	0.10382
12670	-0.15633
12671	-0.80453
12672	-1.53225
12673	-1.58080
12674	-0.79081
12675	0.29214
12676	1.46642
12677	2.78502
12678	3.36702
12679	2.09547
12680	-0.49305
12681	-3.06752
12682	-5.05190
12683	-5.34480
12684	-2.72008
12685	0.91338
12686	2.11525
12687	1.51375
12688	1.76318
12689	1.14884
12690	-2.16385
12691	-2.92867
12692	1.81662
12693	5.23087
12694	2.16078
12695	-1.73421
12696	-2.27727
12697	-1.07368
12698	0.05028
12699	0.38976
12700	0.65671
12701	1.44240
12702	1.47670
12703	0.96328
12704	0.86338
12705	0.18026
12706	-0.63822
12707	-0.59412
12708	0.04691
12709	0.80435
12710	1.01511
12711	0.69653
12712	0.25377
12713	-0.85851
12714	-1.95673
12715	-1.69579
12716	-0.88614
12717	-0.26872
12718	0.46136
12719	1.23768
12720	1.24883
12721	0.38400
12722	-0.34308
12723	-0.62160
12724	-0.61548
12725	-0.45196
12726	-0.51194
12727	-1.45340
12728	-2.75627
12729	-2.64968
12730	-0.57358
12731	2.03860
12732	3.51370
12733	3.17626
12734	1.58932
12735	-0.01192
12736	-0.80428
12737	-0.64350
12738	0.10069
12739	0.69571
12740	0.69613
12741	0.22209
12742	-0.49871
12743	-1.22203
12744	-1.52261
12745	-1.31337
12746	-1.13540
12747	-0.96440
12748	0.38328
12749	3.12722
12750	4.93921
12751	3.54253
12752	-0.16796
12753	-3.50917
12754	-4.80486
12755	-3.41980
12756	-0.28463
12757	1.25830
12758	-0.36653
12759	-1.33098
12760	1.33974
12761	2.74473
12762	-2.01811
12763	-6.15290
12764	-1.11233
12765	6.99585
12766	6.28817
12767	-0.07069
12768	-3.03451
12769	-2.80278
12770	-1.23180
12771	0.40043
12772	1.07885
12773	1.57250
12774	1.48936
12775	0.85457
12776	0.85479
12777	0.29825
12778	-0.61569
12779	-0.40481
12780	0.32517
12781	1.32351
12782	1.61416
12783	0.82556
12784	-0.17123
12785	-1.11342
12786	-1.80130
12787	-1.97754
12788	-1.61634
12789	-0.90989
12790	0.37873
12791	1.45910
12792	1.46615
12793	0.70642
12794	-0.22684
12795	-0.86194
12796	-1.07225
12797	-1.10447
12798	-1.23249
12799	-1.31523
12800	-1.19772
12801	-0.94351
12802	-0.26890
12803	1.14519
12804	2.61853
12805	2.98401
12806	2.06189
12807	0.69448
12808	-0.28228
12809	-0.54605
12810	-0.33017
12811	-0.13616
12812	-0.16735
12813	-0.21009
12814	-0.06361
12815	0.03938
12816	-0.36045
12817	-1.26100
12818	-2.09392
12819	-2.02891
12820	-0.23857
12821	3.02034
12822	5.50410
12823	4.69343
12824	0.67049
12825	-3.82466
12826	-5.93906
12827	-4.48915
12828	-0.81374
12829	1.59101
12830	1.02217
12831	-0.10264
12832	-0.23502
12833	-1.42590
12834	-2.71447
12835	-0.61332
12836	3.39524
12837	3.96617
12838	1.64617
12839	0.29111
12840	-0.20021
12841	-0.21148
12842	-0.23587
12843	-0.55320
12844	0.00951
12845	0.68776
12846	0.87219
12847	1.08108
12848	0.45892
12849	-0.37478
12850	-0.22127
12851	0.26488
12852	0.61045
12853	0.66259
12854	0.43796
12855	0.17320
12856	-0.55476
12857	-1.50486
12858	-1.82381
12859	-1.34405
12860	-0.11811
12861	0.95725
12862	0.82838
12863	0.22548
12864	-0.00478
12865	-0.09994
12866	-0.44950
12867	-0.74893
12868	-0.81261
12869	-0.77683
12870	-0.93333
12871	-1.49458
12872	-1.73953
12873	-0.57419
12874	1.54316
12875	2.98895
12876	2.94688
12877	1.74091
12878	0.30040
12879	-0.44146
12880	-0.39218
12881	-0.07559
12882	0.08565
12883	-0.15848
12884	-0.59252
12885	-0.63853
12886	-0.40589
12887	-0.51851
12888	-0.81205
12889	-0.67166
12890	-0.11532
12891	0.78775
12892	2.23173
12893	3.23326
12894	2.11018
12895	-0.51609
12896	-2.36418
12897	-3.30134
12898	-4.08037
12899	-2.92326
12900	0.74677
12901	2.92213
12902	1.66088
12903	0.35471
12904	-0.57583
12905	-3.52424
12906	-5.01319
12907	-0.26989
12908	5.62560
12909	4.69621
12910	0.89500
12911	-0.60569
12912	-0.58461
12913	0.01547
12914	0.05833
12915	-0.16589
12916	0.32795
12917	0.62446
12918	0.54031
12919	0.65595
12920	0.13099
12921	-0.21089
12922	0.10641
12923	0.38538
12924	0.69869
12925	0.62733
12926	0.49972
12927	0.65601
12928	0.37794
12929	-0.53234
12930	-1.29048
12931	-1.54364
12932	-1.30522
12933	-0.40892
12934	0.61875
12935	1.22044
12936	0.92633
12937	-0.00524
12938	-1.00696
12939	-1.50922
12940	-1.30209
12941	-0.97367
12942	-1.27224
12943	-1.90886
12944	-1.84563
12945	-0.60829
12946	1.40826
12947	3.46726
12948	4.53843
12949	3.63713
12950	1.17334
12951	-1.02789
12952	-1.71054
12953	-1.16890
12954	-0.32004
12955	0.20017
12956	0.16833
12957	-0.33005
12958	-1.01457
12959	-1.52119
12960	-1.54477
12961	-1.12614
12962	-0.58296
12963	0.23054
12964	1.86209
12965	3.69189
12966	3.73481
12967	1.30847
12968	-1.82682
12969	-3.96106
12970	-4.44560
12971	-2.56600
12972	0.91474
12973	2.56557
12974	0.79635
12975	-0.98711
12976	-0.61436
12977	-1.17961
12978	-3.06727
12979	-1.41478
12980	3.74686
12981	4.96546
12982	1.41665
12983	-0.64478
12984	-0.89682
12985	-0.77713
12986	-0.27144
12987	-0.04337
12988	0.39378
12989	0.95269
12990	0.70424
12991	0.75517
12992	0.76544
12993	-0.03710
12994	-0.12011
12995	-0.01393
12996	0.12241
12997	1.11861
12998	1.78012
12999	1.08932
13000	-0.34443
13001	-1.56266
13002	-2.08835
13003	-2.27404
13004	-2.10585
13005	-0.79937
13006	0.94240
13007	1.65473
13008	1.26834
13009	0.28918
13010	-0.60939
13011	-1.05515
13012	-1.07466
13013	-0.87143
13014	-0.94764
13015	-1.58165
13016	-1.85630
13017	-0.81178
13018	1.08234
13019	2.88227
13020	3.76290
13021	2.88890
13022	0.81061
13023	-0.63580
13024	-0.77384
13025	-0.41157
13026	-0.15108
13027	0.04344
13028	0.15909
13029	-0.15445
13030	-1.00057
13031	-1.70592
13032	-1.52810
13033	-0.66999
13034	0.09787
13035	0.76476
13036	1.98366
13037	3.21988
13038	2.82625
13039	0.63569
13040	-1.90852
13041	-3.77189
13042	-3.96466
13043	-1.55580
13044	1.58361
13045	1.93085
13046	-0.07295
13047	-1.20569
13048	-1.97371
13049	-3.55072
13050	-2.54496
13051	1.78209
13052	4.37062
13053	2.82816
13054	1.18373
13055	0.71384
13056	0.09262
13057	-0.18617
13058	-0.00971
13059	0.28833
13060	0.58990
13061	0.37482
13062	0.09187
13063	0.00813
13064	-0.33161
13065	-0.12605
13066	0.44651
13067	0.43186
13068	0.58491
13069	1.17662
13070	1.08287
13071	-0.26017
13072	-1.71878
13073	-2.11122
13074	-1.54571
13075	-1.02734
13076	-0.36915
13077	0.61774
13078	1.13844
13079	1.02083
13080	0.38225
13081	-0.44058
13082	-1.13155
13083	-1.50835
13084	-1.37071
13085	-0.87479
13086	-0.88988
13087	-1.50425
13088	-1.13541
13089	1.06890
13090	3.56820
13091	4.34360
13092	3.06151
13093	0.96830
13094	-0.59771
13095	-1.09271
13096	-0.66636
13097	-0.00577
13098	0.19606
13099	-0.10978
13100	-0.61728
13101	-1.14875
13102	-1.55639
13103	-1.61157
13104	-1.28494
13105	-0.84101
13106	-0.06994
13107	1.83605
13108	4.29721
13109	4.71147
13110	1.91116
13111	-2.00145
13112	-4.69578
13113	-5.14604
13114	-2.77424
13115	0.85784
13116	2.02036
13117	0.36174
13118	-0.56464
13119	-0.56442
13120	-2.25607
13121	-2.60605
13122	1.53751
13123	5.61989
13124	4.03981
13125	-0.08224
13126	-1.94306
13127	-1.72857
13128	-0.70075
13129	0.01240
13130	0.38397
13131	1.44123
13132	1.92570
13133	1.10710
13134	0.37091
13135	-0.21122
13136	-0.09383
13137	0.54063
13138	0.38016
13139	0.14418
13140	0.15648
13141	-0.17545
13142	-0.65792
13143	-1.15417
13144	-1.39381
13145	-0.92251
13146	-0.09785
13147	0.56918
13148	0.72239
13149	0.10435
13150	-0.60900
13151	-0.58511
13152	0.12817
13153	0.41203
13154	-0.45878
13155	-1.62677
13156	-1.79376
13157	-1.15984
13158	-0.81401
13159	-0.48889
13160	0.87976
13161	2.70666
13162	3.21773
13163	1.97235
13164	0.29780
13165	-0.51696
13166	-0.45586
13167	-0.14037
13168	0.08986
13169	0.06974
13170	-0.28733
13171	-0.75601
13172	-1.03227
13173	-0.94180
13174	-0.38741
13175	0.33980
13176	0.68526
13177	0.74335
13178	1.11408
13179	1.61384
13180	1.42112
13181	0.47763
13182	-0.90979
13183	-2.89555
13184	-4.37767
13185	-2.97240
13186	0.54562
13187	1.90639
13188	0.68948
13189	0.79838
13190	1.22540
13191	-2.24081
13192	-5.58108
13193	-1.71396
13194	5.76702
13195	6.82153
13196	2.11785
13197	-1.25722
13198	-1.89398
13199	-1.01740
13200	-0.35221
13201	-0.41176
13202	0.08236
13203	0.78070
13204	0.76784
13205	0.81387
13206	0.59585
13207	0.11254
13208	0.00421
13209	-0.16731
13210	0.09666
13211	0.99077
13212	1.46689
13213	0.93526
13214	-0.45770
13215	-1.34854
13216	-1.25077
13217	-1.51022
13218	-1.65912
13219	-0.68148
13220	0.49515
13221	0.99194
13222	0.52636
13223	-0.12357
13224	-0.45406
13225	-0.68357
13226	-1.18851
13227	-1.62438
13228	-1.55878
13229	-1.35548
13230	-0.96846
13231	0.47784
13232	2.77993
13233	4.18804
13234	3.50051
13235	1.51501
13236	-0.14631
13237	-0.84715
13238	-0.86871
13239	-0.53949
13240	-0.17815
13241	-0.06175
13242	-0.18243
13243	-0.47450
13244	-0.94082
13245	-1.38739
13246	-1.52848
13247	-1.25851
13248	-0.42295
13249	1.28256
13250	3.45441
13251	4.32746
13252	2.45344
13253	-1.03983
13254	-3.85559
13255	-5.11614
13256	-4.46883
13257	-1.53996
13258	1.70943
13259	2.31640
13260	1.28226
13261	1.04403
13262	-0.32067
13263	-3.22643
13264	-2.67811
13265	2.49568
13266	5.10548
13267	2.26436
13268	-0.28853
13269	-0.39670
13270	0.11810
13271	-0.08085
13272	-0.85127
13273	-0.57722
13274	0.54271
13275	0.60029
13276	0.31957
13277	0.29174
13278	-0.08315
13279	-0.00847
13280	0.53521
13281	0.76194
13282	0.99350
13283	1.19544
13284	0.87289
13285	-0.20646
13286	-1.33641
13287	-1.59534
13288	-1.47738
13289	-1.30485
13290	-0.29988
13291	0.91384
13292	0.89808
13293	-0.02857
13294	-0.53156
13295	-0.34133
13296	-0.19735
13297	-0.41316
13298	-0.63144
13299	-0.70549
13300	-1.09960
13301	-1.86461
13302	-1.98245
13303	-0.59863
13304	1.63884
13305	3.18690
13306	3.25252
13307	2.09446
13308	0.33683
13309	-1.00301
13310	-0.95922
13311	0.07668
13312	0.75654
13313	0.55553
13314	-0.11076
13315	-0.92019
13316	-1.45387
13317	-1.00095
13318	0.16258
13319	0.64629
13320	0.12261
13321	-0.00869
13322	0.95303
13323	1.72910
13324	1.30485
13325	0.42215
13326	-0.45563
13327	-1.92021
13328	-3.17231
13329	-2.42087
13330	-0.61941
13331	-0.40351
13332	-0.72212
13333	0.94560
13334	1.54544
13335	-2.06844
13336	-4.31030
13337	0.64169
13338	6.47141
13339	4.82224
13340	0.10735
13341	-1.37657
13342	-0.76767
13343	-0.34106
13344	-0.69817
13345	-0.79016
13346	0.15720
13347	0.83035
13348	0.93682
13349	0.69440
13350	-0.03478
13351	-0.15732
13352	0.75394
13353	1.50963
13354	1.52463
13355	0.84032
13356	0.21585
13357	-0.05870
13358	-0.64900
13359	-1.55969
13360	-2.20480
13361	-2.19101
13362	-1.27119
13363	0.22662
13364	1.10131
13365	1.13820
13366	0.47485
13367	-0.33109
13368	-0.70155
13369	-0.62114
13370	-0.64988
13371	-0.92362
13372	-1.06146
13373	-1.05841
13374	-0.99053
13375	-0.31617
13376	1.34785
13377	3.15978
13378	3.55496
13379	2.17390
13380	0.43703
13381	-0.49851
13382	-0.75072
13383	-0.61296
13384	-0.31182
13385	-0.24581
13386	-0.53384
13387	-0.94840
13388	-1.18003
13389	-1.00519
13390	-0.59492
13391	-0.35688
13392	-0.18323
13393	0.61395
13394	2.31355
13395	3.96327
13396	3.80116
13397	0.96829
13398	-3.24366
13399	-6.32005
13400	-6.08510
13401	-2.28780
13402	1.74808
13403	2.01719
13404	0.10817
13405	0.47601
13406	1.34504
13407	-1.16814
13408	-3.39093
13409	0.33954
13410	5.29843
13411	4.37999
13412	0.77097
13413	-1.11780
13414	-1.52780
13415	-0.89282
13416	-0.10645
13417	0.45755
13418	1.16577
13419	1.15889
13420	0.67977
13421	0.36024
13422	-0.46589
13423	-1.15023
13424	-0.62948
13425	0.36942
13426	1.27875
13427	1.42591
13428	0.67448
13429	-0.22088
13430	-1.07911
13431	-1.85652
13432	-2.10277
13433	-1.60891
13434	-0.45864
13435	0.96016
13436	1.53494
13437	1.06287
13438	0.35947
13439	-0.29733
13440	-0.72058
13441	-0.76305
13442	-0.56423
13443	-0.58165
13444	-1.15454
13445	-1.95576
13446	-1.83256
13447	-0.09630
13448	2.23336
13449	3.51044
13450	3.05373
13451	1.49521
13452	0.14950
13453	-0.36145
13454	-0.45404
13455	-0.42510
13456	-0.18224
13457	0.07981
13458	-0.03214
13459	-0.55734
13460	-1.14832
13461	-1.38856
13462	-0.99595
13463	-0.09171
13464	0.77248
13465	1.26514
13466	1.43677
13467	1.18198
13468	0.61804
13469	0.22641
13470	-0.58381
13471	-2.77723
13472	-4.54416
13473	-2.84567
13474	0.99506
13475	2.34467
13476	0.78659
13477	-0.45501
13478	-1.31277
13479	-2.15475
13480	0.12396
13481	4.48504
13482	4.70381
13483	0.70509
13484	-1.53535
13485	-1.64313
13486	-1.15842
13487	-0.77264
13488	-0.62786
13489	0.34627
13490	1.70051
13491	1.62991
13492	1.01945
13493	0.37614
13494	-0.45972
13495	-0.25111
13496	0.47083
13497	1.13339
13498	1.56254
13499	1.15800
13500	0.41118
13501	-0.15824
13502	-0.79867
13503	-1.66508
13504	-2.55150
13505	-2.64257
13506	-1.02983
13507	0.94271
13508	1.60015
13509	1.12781
13510	0.26385
13511	-0.52917
13512	-1.05753
13513	-1.20448
13514	-0.93760
13515	-0.46151
13516	-0.40779
13517	-1.01139
13518	-1.32668
13519	-0.39496
13520	1.44955
13521	2.94495
13522	2.89401
13523	1.24312
13524	-0.48868
13525	-0.85397
13526	-0.24828
13527	0.17773
13528	0.29971
13529	0.42269
13530	0.27801
13531	-0.36756
13532	-1.00892
13533	-0.92516
13534	-0.25513
13535	0.04825
13536	-0.22712
13537	-0.03185
13538	1.07714
13539	1.77796
13540	0.96290
13541	-0.59516
13542	-2.02142
13543	-3.26418
13544	-3.24298
13545	-1.01110
13546	1.46973
13547	2.13755
13548	2.01266
13549	1.15923
13550	-1.99887
13551	-4.08752
13552	-0.74979
13553	4.56614
13554	4.30919
13555	0.64636
13556	-0.64632
13557	-0.58214
13558	-0.57364
13559	-0.79483
13560	-0.65463
13561	0.56217
13562	1.21239
13563	0.75982
13564	0.69039
13565	0.34243
13566	-0.29708
13567	-0.22614
13568	-0.01299
13569	0.69613
13570	1.23490
13571	0.53980
13572	-0.32965
13573	-0.67594
13574	-1.02181
13575	-1.40217
13576	-1.55052
13577	-1.38604
13578	-0.59102
13579	0.43784
13580	1.19000
13581	1.24501
13582	0.81520
13583	0.07436
13584	-0.79472
13585	-1.40405
13586	-1.34558
13587	-0.85908
13588	-0.80123
13589	-1.32040
13590	-1.20944
13591	0.46434
13592	2.68908
13593	3.58680
13594	2.58368
13595	0.69461
13596	-0.63063
13597	-0.73741
13598	-0.21462
13599	0.11259
13600	0.09257
13601	-0.13835
13602	-0.54125
13603	-1.00234
13604	-1.24372
13605	-1.04427
13606	-0.57412
13607	-0.21063
13608	0.17503
13609	1.07879
13610	2.20898
13611	2.41688
13612	1.13055
13613	-1.11662
13614	-3.47629
13615	-4.63096
13616	-2.99457
13617	0.48994
13618	2.15863
13619	1.02239
13620	-0.06436
13621	-0.37600
13622	-0.78621
13623	-0.14474
13624	1.69255
13625	1.84601
13626	0.20403
13627	-0.22950
13628	0.36712
13629	0.73247
13630	0.39573
13631	-0.38081
13632	0.01922
13633	0.71610
13634	0.75305
13635	0.90519
13636	0.49140
13637	-0.32850
13638	-0.22041
13639	0.54281
13640	1.30776
13641	1.68133
13642	1.17612
13643	0.40599
13644	-0.34546
13645	-1.47881
13646	-2.59037
13647	-2.97664
13648	-2.17175
13649	-0.32015
13650	1.24574
13651	1.94488
13652	1.62635
13653	0.46626
13654	-0.88735
13655	-1.42353
13656	-1.21566
13657	-1.25664
13658	-1.80344
13659	-2.16258
13660	-1.52271
13661	0.25341
13662	2.25371
13663	3.52120
13664	3.82253
13665	3.06559
13666	1.43737
13667	-0.11090
13668	-0.80711
13669	-0.78465
13670	-0.50061
13671	-0.36439
13672	-0.61709
13673	-1.04652
13674	-1.25906
13675	-1.13215
13676	-0.81514
13677	-0.63319
13678	-0.75674
13679	-0.58342
13680	0.90895
13681	3.49400
13682	4.90873
13683	3.02664
13684	-1.18696
13685	-4.60714
13686	-5.31118
13687	-3.43098
13688	-0.66729
13689	0.39761
13690	-0.60425
13691	-0.64501
13692	0.85673
13693	0.10723
13694	-2.07914
13695	-0.00621
13696	4.90581
13697	4.84615
13698	0.69569
13699	-1.27209
13700	-1.32958
13701	-0.92225
13702	-0.22543
13703	0.18035
13704	0.71808
13705	0.61118
13706	-0.08676
13707	0.22195
13708	0.47641
13709	0.07397
13710	0.08274
13711	0.30440
13712	0.93374
13713	1.54944
13714	1.28432
13715	0.61584
13716	-0.07768
13717	-1.03308
13718	-1.97927
13719	-2.61650
13720	-2.56763
13721	-1.18324
13722	1.01412
13723	2.33720
13724	1.93347
13725	0.46643
13726	-0.83230
13727	-1.33849
13728	-1.26755
13729	-0.99270
13730	-0.82728
13731	-1.15453
13732	-1.76467
13733	-1.70559
13734	-0.33193
13735	1.99370
13736	3.86627
13737	3.71312
13738	1.70419
13739	-0.25957
13740	-1.02120
13741	-0.85792
13742	-0.23726
13743	0.35887
13744	0.42543
13745	-0.00207
13746	-0.59656
13747	-1.14129
13748	-1.27019
13749	-0.80250
13750	-0.27979
13751	-0.05533
13752	0.51842
13753	1.83709
13754	2.84509
13755	2.15161
13756	-0.28509
13757	-3.27267
13758	-5.11508
13759	-3.90196
13760	0.17705
13761	3.04342
13762	1.70053
13763	-0.57667
13764	-0.31381
13765	-0.21051
13766	-1.65148
13767	-0.57441
13768	3.03975
13769	3.12028
13770	0.08064
13771	-1.30063
13772	-1.04581
13773	-0.11451
13774	0.27132
13775	0.00525
13776	0.52514
13777	1.14506
13778	0.93627
13779	1.07430
13780	0.88384
13781	0.01165
13782	-0.00749
13783	0.37392
13784	0.74997
13785	1.12824
13786	1.03881
13787	0.56761
13788	-0.46276
13789	-1.77853
13790	-2.09989
13791	-1.68938
13792	-1.43263
13793	-0.71114
13794	0.64312
13795	1.45323
13796	0.98895
13797	-0.05643
13798	-0.80453
13799	-1.09578
13800	-1.05499
13801	-0.75884
13802	-0.61148
13803	-1.00885
13804	-1.53087
13805	-1.20196
13806	0.26565
13807	2.04717
13808	3.06246
13809	2.70128
13810	1.23206
13811	-0.18549
13812	-0.61735
13813	-0.27302
13814	0.06376
13815	0.06487
13816	-0.02118
13817	-0.05660
13818	-0.20910
13819	-0.49046
13820	-0.66287
13821	-0.64979
13822	-0.72702
13823	-0.86917
13824	-0.17890
13825	1.87377
13826	3.89895
13827	3.69371
13828	0.66290
13829	-3.59315
13830	-6.21145
13831	-4.68285
13832	-0.06649
13833	2.32972
13834	0.07716
13835	-1.61718
13836	1.04277
13837	3.02093
13838	0.42519
13839	-1.78362
13840	0.32110
13841	2.32479
13842	0.93207
13843	-0.67067
13844	-0.90213
13845	-0.11060
13846	0.44717
13847	0.20888
13848	0.61355
13849	1.41497
13850	1.12881
13851	0.61241
13852	0.00392
13853	-0.60605
13854	-0.19469
13855	0.48143
13856	0.76036
13857	0.70366
13858	0.59656
13859	0.96178
13860	0.78818
13861	-0.95508
13862	-2.51661
13863	-2.52956
13864	-1.59148
13865	-0.34369
13866	0.76678
13867	1.42553
13868	1.41074
13869	0.65114
13870	-0.40608
13871	-1.18834
13872	-1.43854
13873	-1.18505
13874	-0.77331
13875	-0.96313
13876	-1.86871
13877	-2.13289
13878	-0.51569
13879	2.10176
13880	3.60699
13881	3.26287
13882	2.04097
13883	0.78412
13884	-0.21266
13885	-0.53650
13886	-0.15033
13887	0.25761
13888	0.22045
13889	0.00970
13890	-0.12806
13891	-0.43981
13892	-1.07013
13893	-1.64501
13894	-1.68669
13895	-1.18015
13896	-0.35652
13897	1.03931
13898	3.06149
13899	4.16777
13900	2.48424
13901	-1.57259
13902	-5.31527
13903	-5.80310
13904	-2.35268
13905	1.73764
13906	2.46843
13907	0.67290
13908	-0.33807
13909	-1.12257
13910	-2.87891
13911	-1.81964
13912	3.06172
13913	5.54888
13914	2.55324
13915	-0.56249
13916	-1.40422
13917	-0.98096
13918	-0.08180
13919	0.04112
13920	0.11890
13921	0.87723
13922	0.80667
13923	0.34132
13924	0.22983
13925	-0.18840
13926	-0.34536
13927	-0.03591
13928	0.78168
13929	1.89019
13930	2.00808
13931	1.26063
13932	0.33690
13933	-0.75506
13934	-1.86199
13935	-2.53729
13936	-2.76083
13937	-2.21179
13938	-0.64647
13939	1.42328
13940	2.78824
13941	2.17997
13942	0.14297
13943	-1.54937
13944	-2.01147
13945	-1.56713
13946	-0.87863
13947	-0.65969
13948	-1.06178
13949	-1.25529
13950	-0.50458
13951	0.91699
13952	2.39139
13953	3.51382
13954	3.54998
13955	1.83044
13956	-0.60885
13957	-1.56908
13958	-0.63800
13959	0.34534
13960	0.19197
13961	-0.39130
13962	-0.72090
13963	-1.13091
13964	-1.57850
13965	-1.29063
13966	-0.31877
13967	0.43140
13968	0.90112
13969	1.63986
13970	1.94418
13971	0.74288
13972	-0.77475
13973	-0.68519
13974	0.03894
13975	-0.83967
13976	-2.46203
13977	-2.30711
13978	-0.96951
13979	-0.63313
13980	0.03597
13981	2.36226
13982	2.16258
13983	-2.48867
13984	-4.02736
13985	1.57472
13986	6.33599
13987	3.31627
13988	-1.16659
13989	-2.42416
13990	-1.63295
13991	-0.28000
13992	0.17835
13993	0.57681
13994	1.26730
13995	1.08364
13996	0.86506
13997	0.47297
13998	-0.31166
13999	0.24648
14000	1.12524
14001	0.84819
14002	0.40263
14003	0.10920
14004	-0.45774
14005	-1.16394
14006	-1.75851
14007	-1.69559
14008	-0.77888
14009	-0.11521
14010	-0.13135
14011	-0.34535
14012	-0.58986
14013	-0.07484
14014	0.76444
14015	0.97630
14016	0.36738
14017	-0.33611
14018	-0.54334
14019	-0.61552
14020	-1.27121
14021	-2.10287
14022	-1.65930
14023	0.27232
14024	2.09468
14025	2.75691
14026	2.64119
14027	1.99819
14028	0.73897
14029	-0.46106
14030	-0.81546
14031	-0.53408
14032	-0.18713
14033	-0.01789
14034	-0.12527
14035	-0.52186
14036	-1.05813
14037	-1.37267
14038	-1.10254
14039	-0.43326
14040	0.22057
14041	1.06289
14042	2.20902
14043	2.66722
14044	1.59903
14045	-0.41618
14046	-2.50894
14047	-4.06560
14048	-3.80580
14049	-1.42841
14050	0.52259
14051	0.42805
14052	0.63012
14053	1.67905
14054	0.14524
14055	-2.79392
14056	-1.03526
14057	4.31564
14058	5.38015
14059	1.29240
14060	-1.71903
14061	-2.24267
14062	-1.24469
14063	-0.15426
14064	0.06659
14065	0.39810
14066	1.03029
14067	1.07535
14068	0.96686
14069	0.54690
14070	-0.13773
14071	-0.19611
14072	0.15044
14073	0.78514
14074	1.34313
14075	1.26508
14076	0.68492
14077	-0.38628
14078	-1.71849
14079	-2.31691
14080	-1.93631
14081	-1.11901
14082	-0.10290
14083	0.83583
14084	1.08406
14085	0.68806
14086	0.01917
14087	-0.60940
14088	-0.92374
14089	-0.83099
14090	-0.62841
14091	-0.77605
14092	-1.29413
14093	-1.59914
14094	-1.11483
14095	0.27233
14096	2.17870
14097	3.61588
14098	3.57731
14099	2.14904
14100	0.32277
14101	-0.94839
14102	-1.12248
14103	-0.49032
14104	-0.03413
14105	-0.16972
14106	-0.41519
14107	-0.47009
14108	-0.64757
14109	-1.09693
14110	-1.40704
14111	-1.29117
14112	-0.73991
14113	0.67477
14114	3.00249
14115	4.44803
14116	3.07384
14117	-0.32264
14118	-3.50480
14119	-5.27885
14120	-4.66658
14121	-1.45566
14122	1.44309
14123	1.50336
14124	0.93611
14125	1.27505
14126	-0.28348
14127	-3.22403
14128	-1.74751
14129	3.68271
14130	5.34581
14131	1.85929
14132	-1.28447
14133	-2.21752
14134	-1.41349
14135	-0.15593
14136	0.39085
14137	0.78154
14138	1.09170
14139	0.96847
14140	1.09454
14141	0.84141
14142	-0.15085
14143	-0.48767
14144	0.05643
14145	1.15679
14146	1.59927
14147	0.64401
14148	-0.19133
14149	-0.46392
14150	-1.22025
14151	-1.98123
14152	-2.07913
14153	-1.53672
14154	-0.29731
14155	1.01553
14156	1.49847
14157	1.31073
14158	0.59295
14159	-0.50104
14160	-1.35332
14161	-1.35710
14162	-0.81589
14163	-0.50916
14164	-0.75684
14165	-1.37963
14166	-1.63731
14167	-0.45104
14168	1.97215
14169	3.72373
14170	3.52916
14171	1.97602
14172	0.11311
14173	-1.25585
14174	-1.38496
14175	-0.42717
14176	0.43578
14177	0.50776
14178	0.12084
14179	-0.32032
14180	-0.80023
14181	-1.30333
14182	-1.57068
14183	-1.44943
14184	-0.99980
14185	0.20697
14186	2.65493
14187	4.92943
14188	4.30217
14189	0.31524
14190	-4.37306
14191	-6.54498
14192	-4.39416
14193	0.40966
14194	2.73130
14195	0.53828
14196	-1.74671
14197	-1.52851
14198	-1.89999
14199	-2.44891
14200	0.80496
14201	5.27234
14202	4.46697
14203	0.62615
14204	-0.81766
14205	-0.45497
14206	0.04076
14207	0.12897
14208	-0.03645
14209	0.58100
14210	1.09944
14211	0.73141
14212	0.76334
14213	0.28227
14214	-0.98529
14215	-1.19027
14216	-0.18638
14217	1.22904
14218	1.70041
14219	0.94338
14220	0.47418
14221	0.66339
14222	0.08383
14223	-1.11788
14224	-1.80578
14225	-2.05999
14226	-1.73657
14227	-0.46180
14228	1.26805
14229	1.95291
14230	1.28900
14231	0.02341
14232	-0.94006
14233	-1.36886
14234	-1.31564
14235	-0.93576
14236	-0.84274
14237	-1.51635
14238	-2.00307
14239	-0.85516
14240	1.49715
14241	3.16914
14242	3.14268
14243	1.84511
14244	0.37761
14245	-0.27255
14246	-0.05563
14247	0.22116
14248	0.05293
14249	-0.27884
14250	-0.41954
14251	-0.51120
14252	-0.81974
14253	-1.14947
14254	-1.12843
14255	-0.88532
14256	-0.62743
14257	0.22751
14258	2.11208
14259	3.62500
14260	2.76786
14261	-0.03092
14262	-2.32839
14263	-2.79972
14264	-1.76608
14265	-0.04008
14266	0.69914
14267	-0.86489
14268	-2.58569
14269	-1.57959
14270	0.10213
14271	-0.59885
14272	-0.79408
14273	1.87134
14274	3.43416
14275	1.49108
14276	0.15552
14277	0.09609
14278	-0.27181
14279	-0.26575
14280	0.05752
14281	0.60934
14282	1.14544
14283	0.76573
14284	0.38598
14285	0.27959
14286	-0.29373
14287	-0.08873
14288	0.30788
14289	0.02369
14290	-0.06983
14291	0.19711
14292	0.94807
14293	1.30810
14294	-0.00828
14295	-1.86730
14296	-2.27318
14297	-1.58645
14298	-0.56700
14299	0.52149
14300	1.24334
14301	1.32077
14302	0.62301
14303	-0.44777
14304	-1.33864
14305	-1.46864
14306	-0.89146
14307	-0.23224
14308	-0.02251
14309	-0.54451
14310	-1.50783
14311	-1.76124
14312	-0.40429
14313	1.83664
14314	3.21568
14315	2.87535
14316	1.47623
14317	0.17712
14318	-0.39185
14319	-0.31612
14320	0.00622
14321	0.24131
14322	0.23027
14323	-0.09634
14324	-0.78505
14325	-1.51829
14326	-1.57717
14327	-0.92379
14328	-0.51577
14329	-0.44077
14330	0.74604
14331	3.23551
14332	4.62026
14333	3.02095
14334	-0.58113
14335	-3.88853
14336	-5.00802
14337	-3.14697
14338	-0.15908
14339	0.44067
14340	-1.19126
14341	-0.81983
14342	1.69423
14343	0.67747
14344	-3.97519
14345	-3.65593
14346	3.58013
14347	7.79903
14348	3.58570
14349	-1.20829
14350	-2.18849
14351	-1.71215
14352	-0.41659
14353	0.46386
14354	0.87152
14355	1.45611
14356	1.15328
14357	0.91685
14358	0.76893
14359	-0.60866
14360	-1.22932
14361	-0.19645
14362	1.03781
14363	1.72751
14364	0.97124
14365	-0.35238
14366	-0.44756
14367	-0.22587
14368	-0.79432
14369	-1.29134
14370	-1.18507
14371	-0.30445
14372	0.81307
14373	0.84028
14374	0.39873
14375	0.30731
14376	0.25038
14377	-0.57591
14378	-1.76400
14379	-1.92720
14380	-1.03968
14381	-0.72114
14382	-1.35376
14383	-1.38948
14384	-0.12723
14385	1.52448
14386	2.83156
14387	3.42626
14388	2.71834
14389	0.84499
14390	-0.85215
14391	-1.23182
14392	-0.56993
14393	0.06020
14394	0.14465
14395	-0.11521
14396	-0.52122
14397	-0.96053
14398	-1.12631
14399	-0.81787
14400	-0.37844
14401	-0.31831
14402	-0.36379
14403	0.42671
14404	2.03609
14405	2.91866
14406	1.97055
14407	-0.12938
14408	-2.38438
14409	-4.26909
14410	-4.19520
14411	-0.85140
14412	3.00032
14413	3.14013
14414	0.56665
14415	-1.14997
14416	-2.45355
14417	-3.58732
14418	-1.47795
14419	3.20415
14420	4.36517
14421	1.35779
14422	-0.35236
14423	-0.07515
14424	0.31117
14425	0.37618
14426	-0.07926
14427	-0.24283
14428	0.19192
14429	0.32778
14430	0.67019
14431	0.65388
14432	-0.40854
14433	-0.75349
14434	0.21297
14435	1.39998
14436	1.50126
14437	0.57626
14438	0.14750
14439	0.23929
14440	-0.28587
14441	-0.94999
14442	-1.03296
14443	-1.37465
14444	-1.71287
14445	-0.87620
14446	0.69949
14447	1.84091
14448	1.77843
14449	0.53948
14450	-1.16357
14451	-2.17566
14452	-1.97415
14453	-1.30778
14454	-1.15263
14455	-1.52185
14456	-1.50474
14457	-0.26772
14458	1.87636
14459	3.60557
14460	4.00374
14461	3.13851
14462	1.35114
14463	-0.63587
14464	-1.51890
14465	-0.91721
14466	0.00982
14467	0.27339
14468	-0.06398
14469	-0.69862
14470	-1.41557
14471	-1.81801
14472	-1.58350
14473	-0.90916
14474	-0.24982
14475	0.50184
14476	1.87052
14477	3.25965
14478	2.94226
14479	0.81263
14480	-1.09530
14481	-2.16606
14482	-3.63179
14483	-4.49375
14484	-2.43468
14485	0.69958
14486	1.11843
14487	0.28484
14488	1.36570
14489	1.55761
14490	-1.64129
14491	-2.61241
14492	2.05854
14493	5.18112
14494	2.30960
14495	-1.07804
14496	-1.70383
14497	-0.61055
14498	0.46868
14499	0.35260
14500	0.29368
14501	0.93767
14502	0.80896
14503	0.42772
14504	0.21355
14505	-0.40337
14506	-0.56610
14507	-0.06843
14508	0.60238
14509	1.25366
14510	1.21964
14511	0.76058
14512	0.20274
14513	-0.68603
14514	-1.33491
14515	-1.19190
14516	-1.04663
14517	-0.66904
14518	0.14491
14519	0.64825
14520	0.61863
14521	0.12786
14522	-0.39566
14523	-0.58540
14524	-0.57401
14525	-0.75753
14526	-1.16641
14527	-1.46327
14528	-1.43526
14529	-1.06720
14530	-0.21107
14531	1.29956
14532	2.95349
14533	3.54955
14534	2.44045
14535	0.49432
14536	-0.79001
14537	-0.96432
14538	-0.64666
14539	-0.22166
14540	0.25186
14541	0.29548
14542	-0.48695
14543	-1.44551
14544	-1.53012
14545	-0.75998
14546	-0.09025
14547	0.16164
14548	0.80897
14549	2.27610
14550	3.25506
14551	2.08739
14552	-0.57049
14553	-2.42243
14554	-2.89533
14555	-3.18378
14556	-3.15397
14557	-1.64391
14558	0.24190
14559	0.05620
14560	-1.17933
14561	0.01374
14562	2.50043
14563	1.64995
14564	-0.82615
14565	0.99413
14566	4.94459
14567	3.58141
14568	-1.50264
14569	-3.92277
14570	-2.69346
14571	-0.11645
14572	1.22026
14573	0.86703
14574	0.49860
14575	0.73529
14576	0.96685
14577	1.22373
14578	0.63613
14579	-0.24450
14580	-0.25180
14581	0.12501
14582	0.44664
14583	0.10343
14584	-0.53734
14585	-0.18485
14586	0.53633
14587	0.14563
14588	-0.88630
14589	-1.51047
14590	-1.59249
14591	-1.14042
14592	-0.29562
14593	0.73813
14594	1.62868
14595	1.71160
14596	1.04628
14597	0.05248
14598	-0.50755
14599	-0.44033
14600	-0.41134
14601	-1.02940
14602	-1.88300
14603	-2.10010
14604	-1.58487
14605	-0.90032
14606	-0.07427
14607	1.35335
14608	2.87047
14609	3.12546
14610	1.92912
14611	0.46511
14612	-0.47027
14613	-0.72222
14614	-0.15146
14615	0.68790
14616	0.78120
14617	0.22134
14618	-0.24033
14619	-0.69249
14620	-1.45831
14621	-1.97177
14622	-1.49218
14623	-0.29950
14624	0.56245
14625	0.67935
14626	0.74828
14627	1.10280
14628	0.81943
14629	-0.44955
14630	-1.49373
14631	-1.82507
14632	-2.35473
14633	-2.88326
14634	-2.09590
14635	-0.45023
14636	0.57887
14637	2.06643
14638	5.41483
14639	6.68515
14640	0.83777
14641	-7.29018
14642	-6.53539
14643	3.28777
14644	9.03781
14645	4.26309
14646	-2.54413
14647	-4.08002
14648	-2.27988
14649	-0.56842
14650	0.41482
14651	0.97683
14652	1.09946
14653	0.87470
14654	0.68493
14655	0.55621
14656	0.23190
14657	-0.12130
14658	-0.13621
14659	0.00233
14660	-0.21679
14661	-0.71342
14662	-0.86879
14663	-0.46194
14664	0.10789
14665	0.49301
14666	0.71555
14667	0.72777
14668	0.31957
14669	-0.40320
14670	-1.05899
14671	-1.44752
14672	-1.52951
14673	-1.09337
14674	-0.00809
14675	1.10551
14676	1.33703
14677	0.69205
14678	-0.10736
14679	-0.52444
14680	-0.36057
14681	0.04350
14682	-0.06385
14683	-0.80995
14684	-1.41975
14685	-1.09570
14686	0.14879
14687	1.28791
14688	1.30819
14689	0.54721
14690	0.09934
14691	0.16149
14692	0.04682
14693	-0.43431
14694	-0.60175
14695	-0.08374
14696	0.48573
14697	0.53784
14698	0.41174
14699	0.43347
14700	0.35186
14701	0.08070
14702	-0.16134
14703	-0.27152
14704	-0.21614
14705	-0.03387
14706	0.05835
14707	0.02613
14708	0.34356
14709	1.37688
14710	2.43420
14711	2.22705
14712	0.68582
14713	-0.81862
14714	-1.65165
14715	-2.47410
14716	-3.00735
14717	-1.87559
14718	0.18068
14719	0.05783
14720	-2.85123
14721	-4.76774
14722	-2.26158
14723	3.20241
14724	5.65749
14725	0.99615
14726	-4.65274
14727	-1.34317
14728	7.81853
14729	9.41607
14730	0.72131
14731	-7.36495
14732	-8.04789
14733	-4.71767
14734	-1.33228
14735	1.16985
14736	2.43006
14737	2.10717
14738	0.92702
14739	0.14561
14740	-0.10272
14741	-0.10349
14742	-0.18531
14743	-0.25880
14744	-0.15877
14745	-0.01339
14746	0.03330
14747	-0.15846
14748	-0.48956
14749	-0.68428
14750	-0.57725
14751	-0.42052
14752	-0.26341
14753	0.00471
14754	0.00033
14755	-0.41991
14756	-0.58217
14757	-0.27024
14758	-0.00942
14759	0.06136
14760	0.41516
14761	0.71093
14762	0.56958
14763	-0.07427
14764	-1.06954
14765	-1.46429
14766	-0.77379
14767	0.01119
14768	-0.04874
14769	-0.35458
14770	-0.40096
14771	-0.37728
14772	-0.24527
14773	-0.15104
14774	-0.41910
14775	-0.79418
14776	-0.32246
14777	0.54690
14778	0.51906
14779	-0.06678
14780	-0.02844
14781	0.57437
14782	1.10810
14783	1.16870
14784	0.57574
14785	-0.26382
14786	-1.00890
14787	-1.59524
14788	-1.74485
14789	-1.68534
14790	-1.49233
14791	-1.02089
14792	-0.18173
14793	0.40370
14794	0.51590
14795	0.81698
14796	1.47890
14797	1.81844
14798	1.54920
14799	1.07287
14800	0.70042
14801	0.47534
14802	0.30787
14803	0.04774
14804	-0.09912
14805	0.22997
14806	0.66159
14807	0.43924
14808	-0.33080
14809	-0.82453
14810	-0.72929
14811	-0.49027
14812	-0.41911
14813	-0.31876
14814	-0.09501
14815	-0.06244
14816	-0.45973
14817	-0.97331
14818	-0.85498
14819	0.19752
14820	1.24799
14821	1.03827
14822	-0.30883
14823	-1.34826
14824	-0.85764
14825	0.79007
14826	1.62346
14827	0.27188
14828	-2.05139
14829	-3.05472
14830	-2.11305
14831	-0.58869
14832	-0.07324
14833	-0.36826
14834	-0.18607
14835	1.02351
14836	2.69801
14837	3.64834
14838	2.70028
14839	-0.10503
14840	-2.87003
14841	-3.54754
14842	-2.40062
14843	-0.69146
14844	0.51837
14845	0.95211
14846	1.22688
14847	1.37551
14848	0.96858
14849	0.07618
14850	-0.72477
14851	-0.92609
14852	-0.78335
14853	-0.66383
14854	-0.60546
14855	-0.56712
14856	-0.41341
14857	-0.21713
14858	-0.15204
14859	-0.17183
14860	-0.18852
14861	-0.00167
14862	0.28410
14863	0.29877
14864	-0.06431
14865	-0.41817
14866	-0.17444
14867	0.13634
14868	0.00228
14869	0.17669
14870	0.49564
14871	0.18743
14872	-0.10210
14873	0.33519
14874	0.53561
14875	-0.05219
14876	-0.58095
14877	-0.26026
14878	0.38420
14879	0.23411
14880	-0.44924
14881	-0.87735
14882	-0.98598
14883	-1.01717
14884	-0.93605
14885	-0.58874
14886	-0.16644
14887	-0.10039
14888	-0.30839
14889	-0.04887
14890	0.60936
14891	0.77669
14892	0.32806
14893	0.04639
14894	0.09578
14895	0.02793
14896	-0.26417
14897	-0.31546
14898	0.18202
14899	0.38162
14900	-0.11437
14901	-0.56765
14902	-0.49885
14903	-0.14818
14904	-0.12863
14905	-0.44705
14906	-0.71750
14907	-0.83143
14908	-0.57842
14909	-0.04712
14910	-0.10358
14911	-0.57151
14912	-0.28250
14913	0.39493
14914	0.27616
14915	-0.42506
14916	-0.38830
14917	0.48002
14918	1.16574
14919	1.13809
14920	0.83683
14921	0.75336
14922	0.78309
14923	0.68640
14924	0.45325
14925	0.15833
14926	-0.02716
14927	0.09793
14928	0.40174
14929	0.43252
14930	0.07673
14931	-0.18312
14932	-0.14375
14933	-0.19880
14934	-0.33107
14935	-0.19267
14936	-0.03202
14937	-0.13215
14938	-0.26582
14939	-0.34262
14940	-0.48924
14941	-0.60412
14942	-0.50347
14943	-0.20836
14944	0.11180
14945	0.11228
14946	-0.50891
14947	-1.13519
14948	-0.64640
14949	0.76535
14950	1.72663
14951	1.41158
14952	0.05771
14953	-1.41767
14954	-1.98671
14955	-1.57345
14956	-1.08749
14957	-1.10719
14958	-0.77516
14959	1.58761
14960	5.69958
14961	7.75639
14962	4.40418
14963	-2.24560
14964	-6.75878
14965	-6.81025
14966	-4.09803
14967	-0.96065
14968	1.50881
14969	2.62461
14970	2.11911
14971	0.86813
14972	-0.31125
14973	-0.93748
14974	-0.82784
14975	-0.35019
14976	0.24155
14977	0.58883
14978	0.37739
14979	-0.05079
14980	-0.34683
14981	-0.50748
14982	-0.39735
14983	-0.04640
14984	0.23857
14985	0.44710
14986	0.44912
14987	-0.10242
14988	-0.65863
14989	-0.74139
14990	-0.51045
14991	-0.07421
14992	0.64823
14993	1.03150
14994	0.22800
14995	-0.86119
14996	-0.96495
14997	-0.55346
14998	-0.33381
14999	-0.02557
15000	0.26853
15001	0.08645
15002	-0.13061
15003	-0.00647
15004	0.14537
15005	-0.01323
15006	-0.23941
15007	-0.10245
15008	0.15601
15009	0.02039
15010	-0.47084
15011	-0.65714
15012	-0.24167
15013	0.37187
15014	0.49741
15015	0.03059
15016	-0.29894
15017	-0.12690
15018	0.07319
15019	-0.06672
15020	-0.53515
15021	-1.11528
15022	-1.08831
15023	-0.35450
15024	0.17078
15025	0.32215
15026	0.46607
15027	0.37156
15028	-0.40617
15029	-1.02961
15030	-0.28094
15031	0.63522
15032	0.31278
15033	-0.55186
15034	-0.98052
15035	-0.85183
15036	-0.42830
15037	-0.35746
15038	-0.88053
15039	-1.12016
15040	-0.33856
15041	0.73303
15042	1.09228
15043	1.05126
15044	1.17262
15045	1.20708
15046	0.93791
15047	0.69811
15048	0.75530
15049	0.83651
15050	0.56500
15051	0.13205
15052	-0.03643
15053	0.05358
15054	0.14881
15055	0.05860
15056	-0.19275
15057	-0.21797
15058	0.08050
15059	0.11107
15060	-0.33931
15061	-0.63425
15062	-0.39493
15063	-0.04283
15064	-0.11212
15065	-0.64919
15066	-1.19564
15067	-1.18201
15068	-0.51228
15069	0.30867
15070	0.71837
15071	0.51158
15072	-0.21837
15073	-1.01583
15074	-1.06033
15075	0.04037
15076	1.55717
15077	2.39143
15078	2.12892
15079	0.89072
15080	-0.90134
15081	-2.24150
15082	-2.14973
15083	-0.79328
15084	0.64638
15085	1.15284
15086	0.44200
15087	-0.79592
15088	-1.78918
15089	-1.57643
15090	0.43902
15091	2.98501
15092	3.64947
15093	1.17952
15094	-2.36076
15095	-4.30797
15096	-4.07567
15097	-2.15092
15098	0.52414
15099	2.40073
15100	2.50133
15101	1.40555
15102	0.47853
15103	0.31523
15104	0.11795
15105	-0.51030
15106	-0.96097
15107	-0.98177
15108	-0.60819
15109	-0.27132
15110	-0.49818
15111	-0.80984
15112	-0.52829
15113	0.01099
15114	0.21194
15115	-0.05754
15116	-0.34110
15117	-0.26235
15118	-0.00855
15119	0.02855
15120	-0.24821
15121	-0.37359
15122	0.01404
15123	0.36791
15124	0.16561
15125	-0.06937
15126	0.04626
15127	0.08135
15128	-0.14930
15129	-0.15626
15130	0.24861
15131	0.41679
15132	0.09622
15133	0.14777
15134	0.68778
15135	0.57514
15136	-0.20993
15137	-0.44784
15138	0.02495
15139	0.32307
15140	-0.00100
15141	-0.38828
15142	-0.43987
15143	-0.49619
15144	-0.68500
15145	-0.65673
15146	-0.28734
15147	-0.06117
15148	-0.29515
15149	-0.46054
15150	-0.34861
15151	-0.30329
15152	-0.39187
15153	-0.36847
15154	-0.12494
15155	-0.00032
15156	-0.01199
15157	-0.03932
15158	-0.13855
15159	-0.14238
15160	0.07112
15161	0.31545
15162	0.23580
15163	-0.51242
15164	-1.40923
15165	-1.52289
15166	-1.12954
15167	-0.55012
15168	0.46244
15169	0.78343
15170	-0.29128
15171	-0.94425
15172	-0.12148
15173	0.76667
15174	0.74935
15175	0.60234
15176	0.99069
15177	1.64699
15178	1.98740
15179	1.50371
15180	0.36824
15181	-0.37240
15182	-0.22670
15183	0.14450
15184	0.39895
15185	0.71747
15186	0.63757
15187	-0.20267
15188	-0.95999
15189	-0.87747
15190	-0.38997
15191	-0.15621
15192	-0.22713
15193	-0.35055
15194	-0.42350
15195	-0.48942
15196	-0.49663
15197	-0.43734
15198	-0.51125
15199	-0.75990
15200	-0.83933
15201	-0.30536
15202	0.82262
15203	1.67673
15204	1.30541
15205	-0.13055
15206	-1.50741
15207	-1.75922
15208	-0.57577
15209	1.36170
15210	2.52770
15211	1.55043
15212	-1.00877
15213	-2.69919
15214	-1.97852
15215	0.12257
15216	1.53397
15217	1.31850
15218	0.10364
15219	-1.31689
15220	-1.92236
15221	-0.53617
15222	2.06051
15223	3.67400
15224	2.80131
15225	0.00809
15226	-2.52635
15227	-3.64367
15228	-3.23742
15229	-1.73176
15230	-0.10904
15231	0.87897
15232	1.05007
15233	0.71772
15234	0.47892
15235	0.38412
15236	0.23192
15237	0.22515
15238	0.26089
15239	0.12021
15240	-0.13410
15241	-0.49398
15242	-0.64910
15243	-0.33067
15244	0.06714
15245	-0.05957
15246	-0.51983
15247	-0.55721
15248	-0.18604
15249	0.04095
15250	-0.13432
15251	-0.47472
15252	-0.51551
15253	-0.09923
15254	0.37347
15255	0.56870
15256	0.47545
15257	0.08857
15258	-0.17702
15259	-0.03947
15260	0.27057
15261	0.54754
15262	0.62757
15263	0.36837
15264	-0.14132
15265	-0.38041
15266	-0.04475
15267	0.20065
15268	-0.23610
15269	-0.60838
15270	-0.31373
15271	0.08311
15272	-0.08288
15273	-0.55458
15274	-0.57934
15275	-0.27548
15276	-0.15578
15277	-0.26778
15278	-0.32489
15279	-0.30597
15280	-0.35454
15281	-0.15150
15282	0.09889
15283	-0.15876
15284	-0.42512
15285	-0.11949
15286	0.29240
15287	0.36264
15288	0.47595
15289	0.74504
15290	0.39757
15291	-0.38708
15292	-0.61316
15293	-0.38665
15294	-0.00814
15295	0.30089
15296	-0.12347
15297	-1.02028
15298	-1.45033
15299	-1.14820
15300	-0.33366
15301	0.43353
15302	0.31176
15303	-0.44039
15304	-0.49974
15305	0.23731
15306	0.45610
15307	0.05477
15308	-0.09840
15309	0.43790
15310	1.31184
15311	1.72243
15312	1.39822
15313	0.83124
15314	0.40456
15315	0.15806
15316	0.08968
15317	0.18623
15318	0.34227
15319	0.30273
15320	-0.01855
15321	-0.35482
15322	-0.52637
15323	-0.52677
15324	-0.39295
15325	-0.30220
15326	-0.28937
15327	-0.22156
15328	-0.19888
15329	-0.33116
15330	-0.47368
15331	-0.55021
15332	-0.67078
15333	-0.86969
15334	-0.90376
15335	-0.36596
15336	0.78375
15337	1.79750
15338	1.62640
15339	0.19279
15340	-1.11163
15341	-0.92658
15342	0.43768
15343	1.64229
15344	1.73497
15345	0.44292
15346	-1.58991
15347	-2.83712
15348	-2.24341
15349	-0.42560
15350	1.00613
15351	1.06865
15352	0.08551
15353	-1.00226
15354	-1.07170
15355	0.68167
15356	2.98849
15357	3.52855
15358	1.48717
15359	-1.73823
15360	-3.77726
15361	-3.35385
15362	-1.30584
15363	0.51490
15364	1.45309
15365	1.73115
15366	1.27581
15367	0.41803
15368	-0.11490
15369	-0.26724
15370	-0.27774
15371	-0.43421
15372	-0.78493
15373	-1.06556
15374	-1.07705
15375	-0.57277
15376	-0.04535
15377	-0.24089
15378	-0.65839
15379	-0.42880
15380	0.13771
15381	0.21212
15382	-0.22825
15383	-0.48358
15384	-0.14770
15385	0.21744
15386	0.09967
15387	-0.01203
15388	0.47383
15389	0.98143
15390	0.63563
15391	-0.07600
15392	-0.28401
15393	-0.15396
15394	-0.13365
15395	-0.22980
15396	-0.06659
15397	0.44778
15398	0.50330
15399	-0.14951
15400	-0.56462
15401	-0.27279
15402	0.09920
15403	-0.00818
15404	-0.12388
15405	0.18401
15406	0.10906
15407	-0.50158
15408	-0.52196
15409	-0.01289
15410	0.20154
15411	0.13575
15412	-0.03841
15413	-0.20031
15414	-0.27910
15415	-0.44511
15416	-0.53871
15417	-0.42465
15418	-0.06690
15419	0.25552
15420	-0.00742
15421	-0.24748
15422	-0.01163
15423	0.11229
15424	-0.25646
15425	-0.63861
15426	-0.50912
15427	-0.17619
15428	-0.22577
15429	-0.84020
15430	-1.43325
15431	-1.14685
15432	-0.08098
15433	0.59561
15434	0.43325
15435	0.33887
15436	0.68720
15437	0.99570
15438	1.24550
15439	1.45307
15440	1.23038
15441	0.67114
15442	0.26678
15443	0.13958
15444	0.11089
15445	0.13083
15446	0.30032
15447	0.40522
15448	0.07477
15449	-0.31805
15450	-0.17436
15451	0.11319
15452	-0.05976
15453	-0.36171
15454	-0.27684
15455	-0.02530
15456	-0.11376
15457	-0.52221
15458	-0.73707
15459	-0.57198
15460	-0.38997
15461	-0.33991
15462	-0.24365
15463	-0.05491
15464	0.38217
15465	1.05397
15466	1.06271
15467	-0.20393
15468	-1.81272
15469	-2.42943
15470	-1.36306
15471	1.30253
15472	3.76540
15473	3.55729
15474	0.95967
15475	-1.40151
15476	-2.12377
15477	-1.61956
15478	-0.65171
15479	0.21978
15480	0.79819
15481	0.96545
15482	0.46474
15483	-0.65766
15484	-1.69901
15485	-2.28827
15486	-2.04959
15487	-0.33450
15488	2.35946
15489	4.03458
15490	2.97040
15491	-0.26113
15492	-3.41456
15493	-4.80065
15494	-3.81369
15495	-1.01696
15496	1.58261
15497	2.72547
15498	2.65444
15499	1.66357
15500	0.47595
15501	0.03894
15502	0.03639
15503	-0.11895
15504	-0.36959
15505	-0.56006
15506	-0.83862
15507	-1.26115
15508	-1.10417
15509	-0.10883
15510	0.44426
15511	-0.00876
15512	-0.32042
15513	-0.07601
15514	0.10248
15515	0.26751
15516	0.43299
15517	0.09106
15518	-0.51261
15519	-0.27736
15520	0.58425
15521	0.69606
15522	0.10726
15523	-0.30724
15524	-0.33370
15525	-0.17012
15526	-0.01993
15527	0.06443
15528	0.10883
15529	-0.21708
15530	-0.54770
15531	-0.20697
15532	0.48111
15533	0.60229
15534	-0.33801
15535	-1.09996
15536	-0.51643
15537	0.37633
15538	0.27667
15539	-0.55730
15540	-0.86478
15541	-0.32142
15542	0.31238
15543	0.41828
15544	0.17240
15545	-0.01504
15546	0.07189
15547	0.19427
15548	0.09688
15549	-0.09281
15550	-0.22884
15551	-0.30580
15552	-0.34205
15553	-0.08299
15554	0.42896
15555	0.47371
15556	-0.18149
15557	-0.91319
15558	-0.91861
15559	-0.37110
15560	-0.12274
15561	-0.55254
15562	-1.36213
15563	-1.50987
15564	-0.38933
15565	0.88319
15566	0.73239
15567	-0.12349
15568	-0.28812
15569	0.37168
15570	0.89059
15571	1.00932
15572	1.27598
15573	1.63720
15574	1.31383
15575	0.36160
15576	-0.10078
15577	0.26374
15578	0.60451
15579	0.43527
15580	0.01237
15581	-0.40814
15582	-0.64972
15583	-0.58226
15584	-0.39829
15585	-0.38462
15586	-0.49563
15587	-0.52404
15588	-0.44108
15589	-0.35473
15590	-0.29500
15591	-0.19651
15592	-0.10657
15593	-0.25176
15594	-0.66476
15595	-0.81263
15596	-0.16820
15597	0.80581
15598	1.05703
15599	0.38236
15600	-0.41734
15601	-0.74823
15602	-0.43451
15603	0.83030
15604	2.58959
15605	3.08002
15606	1.27860
15607	-1.29784
15608	-2.27055
15609	-1.42531
15610	-0.36837
15611	0.08980
15612	0.03854
15613	-0.49287
15614	-1.34859
15615	-1.64601
15616	-0.62120
15617	0.87436
15618	1.52870
15619	1.24394
15620	0.21534
15621	-1.05807
15622	-2.00997
15623	-2.42313
15624	-1.76087
15625	0.17154
15626	1.94085
15627	2.44381
15628	1.96308
15629	0.97891
15630	0.08396
15631	-0.35305
15632	-0.28368
15633	-0.11166
15634	-0.43550
15635	-1.19504
15636	-1.66751
15637	-1.55443
15638	-1.06748
15639	-0.44588
15640	0.04953
15641	0.35272
15642	0.46498
15643	0.43908
15644	0.16376
15645	-0.40410
15646	-0.54026
15647	0.01048
15648	0.47137
15649	0.57121
15650	0.58459
15651	0.28135
15652	-0.43122
15653	-0.68722
15654	-0.09456
15655	0.48243
15656	0.22072
15657	-0.19039
15658	0.02528
15659	0.51329
15660	0.37559
15661	-0.56011
15662	-1.04308
15663	-0.47292
15664	0.05673
15665	-0.41372
15666	-1.04650
15667	-0.70529
15668	0.03497
15669	0.24351
15670	0.03728
15671	0.02568
15672	0.18065
15673	0.03120
15674	-0.46952
15675	-0.69216
15676	-0.29569
15677	0.25377
15678	0.38482
15679	0.16818
15680	0.09939
15681	-0.14823
15682	-0.62972
15683	-0.41536
15684	0.64423
15685	0.91133
15686	-0.20458
15687	-0.84165
15688	-0.27841
15689	-0.15827
15690	-1.00724
15691	-1.40814
15692	-0.66301
15693	0.07689
15694	-0.07472
15695	-0.39656
15696	0.05454
15697	0.85165
15698	1.26894
15699	1.28178
15700	1.23407
15701	1.19205
15702	0.89057
15703	0.30572
15704	-0.09942
15705	-0.02192
15706	0.13866
15707	-0.02636
15708	-0.17197
15709	0.00675
15710	0.03919
15711	-0.35065
15712	-0.60171
15713	-0.34521
15714	-0.05018
15715	-0.11475
15716	-0.19955
15717	-0.00172
15718	0.09197
15719	-0.30917
15720	-0.86276
15721	-0.87120
15722	-0.04220
15723	1.19723
15724	1.74524
15725	0.57322
15726	-1.77844
15727	-3.00077
15728	-1.29677
15729	2.11994
15730	3.61261
15731	1.34656
15732	-2.05789
15733	-2.98199
15734	-1.23029
15735	0.70611
15736	0.86246
15737	-0.60808
15738	-1.69308
15739	-0.93390
15740	1.27149
15741	3.41753
15742	3.64515
15743	1.18298
15744	-1.82881
15745	-3.03100
15746	-2.55545
15747	-1.58484
15748	-0.62508
15749	0.48471
15750	1.50736
15751	1.70208
15752	0.88261
15753	-0.23005
15754	-0.81438
15755	-0.84383
15756	-0.79212
15757	-0.82457
15758	-0.96378
15759	-0.94369
15760	-0.47749
15761	0.04776
15762	0.22324
15763	0.40718
15764	0.73352
15765	0.55159
15766	-0.17598
15767	-0.55758
15768	-0.20998
15769	0.14162
15770	-0.16111
15771	-0.45794
15772	-0.05434
15773	0.23054
15774	-0.06988
15775	-0.08808
15776	0.37370
15777	0.53347
15778	0.04868
15779	-0.54678
15780	-0.52997
15781	-0.08402
15782	0.26161
15783	0.34430
15784	0.17083
15785	-0.25482
15786	-0.63072
15787	-0.63007
15788	-0.65870
15789	-0.80703
15790	-0.51011
15791	0.13957
15792	0.62037
15793	0.56853
15794	0.09999
15795	-0.02945
15796	0.52726
15797	0.78119
15798	0.04275
15799	-0.73676
15800	-0.50941
15801	0.18795
15802	0.11855
15803	-0.68487
15804	-0.94704
15805	-0.24361
15806	0.32748
15807	0.00020
15808	-0.61126
15809	-0.58163
15810	0.22511
15811	0.74408
15812	-0.22753
15813	-1.76762
15814	-1.70487
15815	-0.00220
15816	1.12581
15817	0.59004
15818	-0.50775
15819	-0.97381
15820	-0.68937
15821	0.05802
15822	0.71502
15823	0.86693
15824	0.89482
15825	1.23151
15826	1.37849
15827	0.85557
15828	0.28840
15829	0.31987
15830	0.52086
15831	0.37645
15832	0.16606
15833	0.19570
15834	0.19418
15835	-0.09316
15836	-0.43496
15837	-0.53706
15838	-0.43894
15839	-0.30129
15840	-0.21870
15841	-0.26589
15842	-0.35662
15843	-0.31131
15844	-0.24710
15845	-0.35637
15846	-0.47502
15847	-0.46573
15848	-0.52113
15849	-0.66461
15850	-0.45979
15851	0.36634
15852	1.15381
15853	0.86970
15854	-0.39877
15855	-1.37016
15856	-1.03049
15857	0.39408
15858	1.93520
15859	2.84944
15860	2.51149
15861	0.56875
15862	-1.82450
15863	-2.74643
15864	-1.83702
15865	-0.56275
15866	-0.11368
15867	-0.27887
15868	-0.49366
15869	-0.97918
15870	-0.82974
15871	1.33328
15872	3.82374
15873	3.50431
15874	0.34390
15875	-2.84071
15876	-3.99245
15877	-3.25383
15878	-1.61243
15879	0.27986
15880	1.75615
15881	2.27777
15882	1.69125
15883	0.28509
15884	-0.85808
15885	-1.02375
15886	-0.61369
15887	-0.25797
15888	-0.28718
15889	-0.45090
15890	-0.29159
15891	-0.04662
15892	-0.01405
15893	-0.12841
15894	-0.38781
15895	-0.34645
15896	0.35419
15897	1.02497
15898	0.68079
15899	-0.53155
15900	-1.37821
15901	-1.00257
15902	0.18134
15903	1.04154
15904	1.07815
15905	0.27330
15906	-1.10269
15907	-1.57803
15908	-0.35703
15909	0.93654
15910	0.85949
15911	0.17015
15912	-0.15681
15913	-0.29563
15914	-0.11150
15915	0.35807
15916	0.13912
15917	-0.52813
15918	-0.39902
15919	0.03217
15920	-0.28519
15921	-1.01361
15922	-1.22344
15923	-0.59597
15924	0.24666
15925	0.78321
15926	0.78783
15927	0.37500
15928	0.22452
15929	0.32075
15930	0.01483
15931	-0.62516
15932	-1.01007
15933	-1.01857
15934	-0.66301
15935	0.03477
15936	0.56823
15937	0.44067
15938	-0.33192
15939	-0.92603
15940	-0.52378
15941	0.41487
15942	0.63308
15943	-0.07867
15944	-0.88879
15945	-1.21667
15946	-0.86636
15947	-0.11764
15948	0.39006
15949	0.21204
15950	-0.44477
15951	-0.79734
15952	-0.52887
15953	0.24487
15954	0.90211
15955	1.15047
15956	1.27607
15957	1.39535
15958	1.28799
15959	0.87494
15960	0.43513
15961	0.26811
15962	0.30244
15963	0.36667
15964	0.37590
15965	0.10380
15966	-0.40251
15967	-0.59965
15968	-0.34134
15969	-0.10537
15970	-0.13968
15971	-0.27038
15972	-0.34643
15973	-0.37488
15974	-0.38430
15975	-0.30555
15976	-0.17933
15977	-0.34551
15978	-0.88583
15979	-1.15347
15980	-0.56073
15981	0.51778
15982	1.21655
15983	0.98740
15984	-0.22782
15985	-1.56135
15986	-1.31386
15987	1.04001
15988	3.51972
15989	3.73316
15990	1.62588
15991	-0.99709
15992	-2.64221
15993	-2.82075
15994	-1.85081
15995	-0.83575
15996	-0.50171
15997	-0.58195
15998	-0.48512
15999	-0.16596
16000	0.59898
16001	2.28434
16002	3.48751
16003	2.14442
16004	-0.89271
16005	-3.20587
16006	-3.70657
16007	-2.73743
16008	-0.91557
16009	0.96041
16010	2.07750
16011	1.95330
16012	0.82222
16013	-0.25579
16014	-0.50375
16015	-0.24951
16016	-0.22632
16017	-0.50620
16018	-0.74633
16019	-0.79248
16020	-0.56668
16021	-0.17699
16022	0.03801
16023	0.00964
16024	0.02200
16025	0.07073
16026	0.01483
16027	-0.05670
16028	-0.14708
16029	-0.18267
16030	-0.09790
16031	0.20347
16032	0.46098
16033	0.12051
16034	-0.33059
16035	-0.21639
16036	0.02718
16037	-0.33456
16038	-0.80353
16039	-0.30175
16040	0.55965
16041	0.50980
16042	-0.06167
16043	-0.11420
16044	0.17220
16045	0.12301
16046	-0.19462
16047	-0.19158
16048	-0.16552
16049	-0.56202
16050	-0.85742
16051	-0.85897
16052	-0.68889
16053	-0.16536
16054	0.65502
16055	0.96218
16056	0.40253
16057	0.01766
16058	0.10349
16059	-0.15125
16060	-0.55577
16061	-0.40084
16062	-0.22329
16063	-0.59323
16064	-0.83118
16065	-0.48186
16066	-0.22730
16067	-0.50574
16068	-0.28458
16069	1.03786
16070	1.75213
16071	0.30065
16072	-1.75310
16073	-1.94637
16074	-0.63576
16075	0.15239
16076	-0.35541
16077	-1.13342
16078	-1.08301
16079	-0.48504
16080	0.09846
16081	0.55401
16082	0.91549
16083	1.12341
16084	1.27400
16085	1.42394
16086	1.50209
16087	1.35519
16088	0.91400
16089	0.39047
16090	0.12211
16091	0.21608
16092	0.35207
16093	0.18586
16094	-0.08824
16095	-0.19335
16096	-0.29490
16097	-0.41122
16098	-0.26543
16099	0.02694
16100	0.09151
16101	-0.15194
16102	-0.53595
16103	-0.74890
16104	-0.57011
16105	-0.31203
16106	-0.48161
16107	-1.00425
16108	-1.26627
16109	-0.77896
16110	0.27937
16111	1.06347
16112	0.93411
16113	0.20166
16114	-0.42426
16115	-0.42806
16116	0.44309
16117	1.59810
16118	1.79519
16119	0.61039
16120	-1.14864
16121	-2.24808
16122	-1.98409
16123	-1.08570
16124	-0.69526
16125	-0.98952
16126	-1.12330
16127	-0.12845
16128	2.46589
16129	5.00875
16130	4.55469
16131	0.81734
16132	-3.06169
16133	-4.37270
16134	-3.33909
16135	-1.67435
16136	-0.25016
16137	0.84307
16138	1.40932
16139	1.33555
16140	0.77508
16141	0.01717
16142	-0.54976
16143	-0.74776
16144	-0.63364
16145	-0.36497
16146	-0.34982
16147	-0.40436
16148	-0.36600
16149	-0.35922
16150	-0.09112
16151	0.21080
16152	0.12166
16153	-0.08855
16154	-0.12449
16155	0.03518
16156	0.16062
16157	0.01415
16158	-0.29986
16159	-0.26586
16160	0.23951
16161	0.55513
16162	0.40350
16163	0.12698
16164	-0.02522
16165	-0.27020
16166	-1.01709
16167	-1.36928
16168	-0.39613
16169	0.72327
16170	0.67664
16171	0.04814
16172	-0.13789
16173	-0.02101
16174	-0.09052
16175	-0.35143
16176	-0.46042
16177	-0.16428
16178	-0.06109
16179	-0.28219
16180	-0.12034
16181	0.33135
16182	0.21931
16183	-0.34279
16184	-0.50259
16185	-0.28516
16186	0.08419
16187	0.36458
16188	0.14923
16189	-0.37545
16190	-0.50242
16191	-0.24683
16192	-0.25703
16193	-0.34634
16194	-0.06345
16195	0.23565
16196	0.06349
16197	-0.43633
16198	-0.70836
16199	-0.29037
16200	0.32863
16201	0.00102
16202	-1.07777
16203	-1.39632
16204	-0.72010
16205	-0.24212
16206	-0.15037
16207	-0.08403
16208	-0.31455
16209	-0.40127
16210	0.11752
16211	0.71563
16212	0.81730
16213	0.96706
16214	1.31278
16215	1.23285
16216	0.81571
16217	0.65612
16218	0.71857
16219	0.55108
16220	0.08400
16221	-0.19206
16222	0.05337
16223	0.36310
16224	0.25070
16225	-0.03640
16226	-0.10305
16227	0.07663
16228	0.23559
16229	0.04213
16230	-0.38238
16231	-0.56747
16232	-0.45426
16233	-0.36301
16234	-0.45774
16235	-0.70690
16236	-1.00062
16237	-1.07476
16238	-0.68011
16239	0.01335
16240	0.53768
16241	0.55003
16242	-0.07539
16243	-0.93741
16244	-1.05013
16245	0.13631
16246	2.05863
16247	3.27629
16248	2.31171
16249	-0.53528
16250	-2.89511
16251	-3.02297
16252	-1.44500
16253	0.38247
16254	1.37428
16255	1.30103
16256	0.23517
16257	-1.37788
16258	-2.17322
16259	-0.89405
16260	1.89647
16261	3.75032
16262	3.14014
16263	1.09385
16264	-1.06673
16265	-2.80036
16266	-3.71426
16267	-3.32768
16268	-1.65899
16269	0.16294
16270	1.31340
16271	1.69806
16272	1.27375
16273	0.41869
16274	-0.08622
16275	-0.19208
16276	-0.20629
16277	-0.16101
16278	-0.08119
16279	0.04409
16280	-0.07307
16281	-0.45993
16282	-0.51634
16283	-0.29126
16284	-0.33639
16285	-0.46548
16286	-0.41254
16287	-0.24002
16288	0.03830
16289	0.05791
16290	-0.02646
16291	0.12830
16292	0.34888
16293	0.42522
16294	0.02996
16295	-0.60390
16296	-0.91580
16297	-0.75125
16298	0.04098
16299	0.77889
16300	0.51006
16301	-0.15217
16302	-0.15610
16303	0.23720
16304	0.25100
16305	-0.03513
16306	0.12574
16307	0.45407
16308	0.15949
16309	-0.67474
16310	-1.34931
16311	-1.22488
16312	-0.51352
16313	0.04110
16314	0.11363
16315	0.00164
16316	0.17537
16317	0.31099
16318	-0.13617
16319	-0.67237
16320	-0.66485
16321	-0.38763
16322	-0.07030
16323	0.15693
16324	-0.03333
16325	-0.26180
16326	0.03116
16327	0.47354
16328	0.46283
16329	-0.02198
16330	-0.52464
16331	-0.74737
16332	-0.58933
16333	-0.39719
16334	-0.92466
16335	-1.89084
16336	-2.06590
16337	-1.08885
16338	0.12355
16339	0.81004
16340	0.73092
16341	0.58485
16342	0.92963
16343	1.32049
16344	1.36830
16345	1.46480
16346	1.68512
16347	1.42782
16348	0.73179
16349	0.38995
16350	0.47186
16351	0.31272
16352	-0.14087
16353	-0.40168
16354	-0.42165
16355	-0.43229
16356	-0.36844
16357	-0.10361
16358	0.17444
16359	0.15725
16360	-0.16766
16361	-0.46238
16362	-0.48547
16363	-0.40184
16364	-0.46085
16365	-0.65818
16366	-0.86235
16367	-0.97068
16368	-0.89747
16369	-0.66304
16370	-0.38562
16371	-0.01724
16372	0.45975
16373	0.70699
16374	0.62143
16375	0.58631
16376	0.67779
16377	0.68550
16378	0.79344
16379	1.11899
16380	1.08118
16381	0.19076
16382	-1.02647
16383	-1.60432
16384	-1.20635
16385	-0.16478
16386	0.80965
16387	0.93276
16388	-0.15517
16389	-1.44281
16390	-1.78784
16391	-0.96021
16392	0.92871
16393	2.84932
16394	2.66113
16395	0.08686
16396	-2.80206
16397	-4.06497
16398	-3.26296
16399	-1.21029
16400	1.00872
16401	2.38555
16402	2.15881
16403	0.92515
16404	-0.06569
16405	-0.34284
16406	-0.18329
16407	-0.24726
16408	-0.46838
16409	-0.40578
16410	-0.35493
16411	-0.47679
16412	-0.50234
16413	-0.38097
16414	-0.24693
16415	-0.16541
16416	-0.24155
16417	-0.22105
16418	-0.00785
16419	-0.12398
16420	-0.36376
16421	-0.17282
16422	0.25775
16423	0.26734
16424	0.12494
16425	0.48713
16426	0.71442
16427	0.06648
16428	-0.69146
16429	-0.47874
16430	0.14775
16431	0.05500
16432	-0.46988
16433	-0.42280
16434	0.23815
16435	0.52926
16436	0.01004
16437	-0.54238
16438	-0.30408
16439	0.29517
16440	0.23650
16441	-0.38151
16442	-0.56326
16443	-0.14544
16444	-0.04039
16445	-0.46180
16446	-0.65665
16447	-0.24300
16448	0.25844
16449	0.31524
16450	0.04368
16451	-0.07719
16452	0.00304
16453	-0.07177
16454	-0.37742
16455	-0.44396
16456	-0.14221
16457	-0.17863
16458	-0.61960
16459	-0.64499
16460	-0.02822
16461	0.40062
16462	0.07538
16463	-0.12302
16464	0.11503
16465	-0.10932
16466	-1.01868
16467	-1.41800
16468	-0.36647
16469	0.79274
16470	0.16172
16471	-1.38423
16472	-1.55254
16473	-0.56178
16474	0.48464
16475	0.86872
16476	0.72010
16477	0.63541
16478	0.98182
16479	1.39146
16480	1.41893
16481	1.17854
16482	0.92786
16483	0.63948
16484	0.31477
16485	0.15255
16486	0.14561
16487	0.05388
16488	-0.20700
16489	-0.48449
16490	-0.47918
16491	-0.12205
16492	0.12039
16493	-0.04134
16494	-0.24090
16495	-0.21862
16496	-0.15918
16497	-0.16228
16498	-0.16835
16499	-0.20468
16500	-0.31703
16501	-0.50999
16502	-0.70815
16503	-0.69143
16504	-0.30140
16505	0.37318
16506	1.02677
16507	1.15752
16508	0.35968
16509	-1.10637
16510	-2.20166
16511	-1.71151
16512	0.57496
16513	2.87815
16514	2.76261
16515	0.15740
16516	-2.53171
16517	-3.38170
16518	-2.38670
16519	-0.84177
16520	0.00510
16521	-0.16411
16522	-0.56766
16523	0.12076
16524	2.73557
16525	5.81948
16526	6.17724
16527	2.49963
16528	-2.52703
16529	-5.39030
16530	-5.21621
16531	-3.27740
16532	-1.05563
16533	0.62545
16534	1.35770
16535	1.08361
16536	0.44952
16537	0.14171
16538	0.20793
16539	0.10681
16540	-0.36317
16541	-0.63110
16542	-0.39238
16543	-0.15146
16544	-0.07937
16545	0.10950
16546	0.10530
16547	-0.15233
16548	-0.26608
16549	-0.24010
16550	-0.07413
16551	0.36172
16552	0.85793
16553	0.55166
16554	-0.47090
16555	-0.92584
16556	-0.37397
16557	0.26715
16558	0.21403
16559	-0.09870
16560	0.03660
16561	0.25608
16562	0.08571
16563	-0.08203
16564	-0.00666
16565	-0.10297
16566	-0.21401
16567	0.05783
16568	0.27603
16569	-0.10947
16570	-0.50694
16571	-0.19989
16572	0.25591
16573	0.16260
16574	-0.34787
16575	-0.54443
16576	-0.19414
16577	0.01453
16578	-0.29121
16579	-0.43768
16580	-0.07609
16581	0.18202
16582	-0.03488
16583	-0.30200
16584	-0.08712
16585	0.28123
16586	0.21151
16587	-0.08304
16588	-0.33733
16589	-0.54088
16590	-0.62397
16591	-0.48665
16592	-0.14279
16593	0.02046
16594	0.01882
16595	0.13054
16596	0.17091
16597	0.03454
16598	-0.08125
16599	-0.26139
16600	-0.54220
16601	-0.38292
16602	0.16222
16603	0.27710
16604	-0.00140
16605	-0.05217
16606	-0.07700
16607	-0.52432
16608	-0.76015
16609	-0.54222
16610	-0.60696
16611	-0.62770
16612	-0.03277
16613	0.61774
16614	0.71707
16615	0.63478
16616	0.72892
16617	0.92539
16618	1.03336
16619	0.84366
16620	0.50022
16621	0.47564
16622	0.72665
16623	0.62526
16624	0.08291
16625	-0.18673
16626	0.08435
16627	0.25413
16628	-0.07252
16629	-0.45101
16630	-0.50666
16631	-0.42984
16632	-0.36172
16633	-0.31087
16634	-0.46092
16635	-0.67198
16636	-0.39637
16637	0.23748
16638	0.27646
16639	-0.54256
16640	-1.20918
16641	-0.78401
16642	0.48848
16643	1.38631
16644	0.87138
16645	-0.60273
16646	-1.51989
16647	-1.24664
16648	-0.30642
16649	1.00262
16650	2.28595
16651	2.23676
16652	0.29143
16653	-2.16542
16654	-3.20872
16655	-1.97773
16656	0.57200
16657	2.37504
16658	2.30704
16659	0.91519
16660	-0.71625
16661	-1.44027
16662	-0.24488
16663	1.64886
16664	1.85438
16665	0.15819
16666	-1.61285
16667	-1.96265
16668	-1.22879
16669	-0.60333
16670	-0.38626
16671	0.02815
16672	0.77353
16673	1.07316
16674	0.44644
16675	-0.49606
16676	-0.95272
16677	-0.58638
16678	0.07672
16679	0.26028
16680	-0.03059
16681	-0.33542
16682	-0.33821
16683	-0.32044
16684	-0.44598
16685	-0.36250
16686	-0.16906
16687	0.23252
16688	0.71908
16689	0.45995
16690	-0.59008
16691	-0.90601
16692	0.02135
16693	0.51272
16694	-0.05729
16695	-0.24952
16696	0.56701
16697	1.06754
16698	0.47856
16699	-0.29152
16700	-0.38755
16701	0.10533
16702	0.42557
16703	0.24176
16704	-0.08110
16705	-0.24123
16706	-0.32584
16707	-0.45803
16708	-0.38823
16709	-0.27392
16710	-0.48253
16711	-0.69947
16712	-0.31631
16713	0.27588
16714	0.27275
16715	-0.20817
16716	-0.45821
16717	-0.15815
16718	0.04829
16719	0.05419
16720	0.39115
16721	0.68802
16722	0.35395
16723	-0.26064
16724	-0.52140
16725	-0.30860
16726	0.11462
16727	0.35161
16728	0.11686
16729	-0.45689
16730	-0.93365
16731	-1.13141
16732	-0.88425
16733	-0.43689
16734	0.07783
16735	0.42857
16736	0.28552
16737	-0.10126
16738	-0.18349
16739	0.56220
16740	1.48904
16741	1.43812
16742	0.68699
16743	0.41482
16744	0.80665
16745	1.07277
16746	0.74842
16747	0.19825
16748	-0.11685
16749	-0.18341
16750	-0.17835
16751	-0.30252
16752	-0.58185
16753	-0.71576
16754	-0.55251
16755	-0.33002
16756	-0.24302
16757	-0.21838
16758	-0.16435
16759	-0.13822
16760	-0.18071
16761	-0.21977
16762	-0.27869
16763	-0.46895
16764	-0.62863
16765	-0.39554
16766	0.28852
16767	1.08128
16768	1.34681
16769	0.41918
16770	-1.40923
16771	-2.59959
16772	-1.84672
16773	0.63077
16774	3.15577
16775	3.69938
16776	1.70430
16777	-1.30727
16778	-3.17093
16779	-2.66803
16780	-0.37810
16781	1.75267
16782	2.33718
16783	1.28482
16784	-0.56272
16785	-2.04487
16786	-2.36888
16787	-1.07768
16788	1.15771
16789	2.84804
16790	2.68649
16791	0.43206
16792	-2.36622
16793	-3.90610
16794	-3.43845
16795	-1.58834
16796	0.31363
16797	1.54754
16798	2.14238
16799	2.00198
16800	0.83510
16801	-0.51567
16802	-0.71713
16803	-0.28635
16804	-0.46927
16805	-0.88682
16806	-0.84419
16807	-0.53179
16808	-0.29760
16809	0.06033
16810	0.45310
16811	0.18835
16812	-0.37911
16813	-0.33633
16814	0.10182
16815	0.34605
16816	0.31007
16817	0.05404
16818	-0.29244
16819	-0.50855
16820	-0.41599
16821	0.24956
16822	0.77398
16823	0.42208
16824	0.03233
16825	0.15438
16826	-0.04138
16827	-0.66078
16828	-0.51149
16829	0.57556
16830	1.04726
16831	0.23283
16832	-0.70881
16833	-0.81298
16834	-0.40837
16835	-0.02136
16836	0.15475
16837	-0.02616
16838	-0.65276
16839	-1.09021
16840	-0.45357
16841	0.54245
16842	0.51586
16843	-0.17276
16844	-0.25124
16845	0.13057
16846	0.05643
16847	-0.35710
16848	-0.55379
16849	-0.47134
16850	-0.38357
16851	-0.49815
16852	-0.47168
16853	-0.00610
16854	0.54972
16855	0.35738
16856	-0.76432
16857	-1.48287
16858	-0.93346
16859	-0.21868
16860	-0.23571
16861	-0.70084
16862	-0.98298
16863	-0.73537
16864	-0.43174
16865	-0.13098
16866	0.38874
16867	1.00015
16868	1.52416
16869	1.88669
16870	1.89734
16871	1.62865
16872	1.29425
16873	0.78204
16874	0.22631
16875	0.09885
16876	0.27529
16877	0.21230
16878	-0.09568
16879	-0.22791
16880	-0.11495
16881	-0.07916
16882	-0.17655
16883	-0.18668
16884	-0.23298
16885	-0.53903
16886	-0.79008
16887	-0.60632
16888	-0.24171
16889	-0.18966
16890	-0.47684
16891	-0.70277
16892	-0.65198
16893	-0.53161
16894	-0.40382
16895	-0.00075
16896	0.55667
16897	0.68622
16898	0.15178
16899	-0.70681
16900	-1.31738
16901	-1.09412
16902	0.19472
16903	1.93348
16904	2.87455
16905	2.24451
16906	0.49914
16907	-1.11272
16908	-1.57474
16909	-0.91220
16910	0.01890
16911	0.64336
16912	1.07269
16913	1.32044
16914	1.03873
16915	-0.04410
16916	-1.63225
16917	-3.27090
16918	-3.45730
16919	-0.98079
16920	2.57035
16921	4.02009
16922	2.15761
16923	-1.30584
16924	-4.23725
16925	-5.08104
16926	-3.12132
16927	0.15845
16928	2.69579
16929	3.54298
16930	2.61734
16931	0.95263
16932	-0.52967
16933	-1.10534
16934	-0.75626
16935	-0.47612
16936	-0.46806
16937	-0.38763
16938	-0.31778
16939	-0.47384
16940	-0.83258
16941	-0.77600
16942	-0.20704
16943	0.08755
16944	0.05652
16945	0.42781
16946	1.00201
16947	0.88465
16948	0.10527
16949	-0.35846
16950	-0.16688
16951	0.11880
16952	0.11265
16953	-0.14929
16954	-0.33974
16955	-0.10807
16956	0.24491
16957	0.31750
16958	0.11887
16959	-0.33377
16960	-0.65458
16961	-0.50055
16962	-0.19674
16963	0.02486
16964	0.32637
16965	0.48145
16966	0.03760
16967	-0.75967
16968	-1.05231
16969	-0.51863
16970	0.05911
16971	-0.02542
16972	-0.29953
16973	-0.18726
16974	-0.03090
16975	-0.25704
16976	-0.23375
16977	0.28486
16978	0.27781
16979	-0.40113
16980	-0.68279
16981	-0.21614
16982	0.18664
16983	-0.04373
16984	-0.30879
16985	-0.21215
16986	-0.23248
16987	-0.15610
16988	0.19258
16989	0.18435
16990	-0.32522
16991	-0.61988
16992	-0.65429
16993	-1.08242
16994	-1.43652
16995	-1.10584
16996	-0.62659
16997	-0.24680
16998	0.35244
16999	0.90613
17000	0.95217
17001	0.94091
17002	1.42273
17003	1.87015
17004	1.67468
17005	1.23153
17006	0.90759
17007	0.35674
17008	-0.28126
17009	-0.33179
17010	0.01070
17011	0.11594
17012	0.02924
17013	-0.07539
17014	-0.27333
17015	-0.44127
17016	-0.40272
17017	-0.24288
17018	-0.13791
17019	-0.18161
17020	-0.31127
17021	-0.34874
17022	-0.29819
17023	-0.37909
17024	-0.64156
17025	-0.86492
17026	-0.82441
17027	-0.44822
17028	0.16677
17029	0.75893
17030	0.97747
17031	0.54380
17032	-0.45546
17033	-1.27976
17034	-0.91729
17035	0.82274
17036	2.65048
17037	2.71565
17038	0.68721
17039	-1.73644
17040	-2.82691
17041	-2.24142
17042	-0.55867
17043	1.22372
17044	1.97172
17045	1.13689
17046	-0.92326
17047	-2.88395
17048	-2.73483
17049	-0.02900
17050	3.03486
17051	3.81190
17052	1.84863
17053	-1.04568
17054	-2.72635
17055	-2.39325
17056	-1.09772
17057	-0.09958
17058	0.34214
17059	0.55568
17060	0.71578
17061	0.69972
17062	0.39900
17063	-0.02068
17064	-0.21926
17065	-0.31626
17066	-0.48746
17067	-0.71785
17068	-0.97241
17069	-0.90384
17070	-0.58316
17071	-0.43355
17072	-0.33502
17073	-0.06097
17074	0.27709
17075	0.43863
17076	0.33671
17077	0.03132
17078	-0.27733
17079	-0.22979
17080	0.13167
17081	0.39244
17082	0.32316
17083	-0.01711
17084	-0.40589
17085	-0.50029
17086	-0.26251
17087	0.01503
17088	0.32399
17089	0.46012
17090	0.07202
17091	-0.45681
17092	-0.58289
17093	-0.23092
17094	0.26625
17095	0.31635
17096	-0.28456
17097	-0.61643
17098	-0.16750
17099	0.01277
17100	-0.66057
17101	-1.09496
17102	-0.50420
17103	0.47622
17104	0.91142
17105	0.62502
17106	0.23257
17107	-0.18192
17108	-0.67093
17109	-0.62464
17110	-0.10724
17111	-0.03235
17112	-0.40391
17113	-0.32364
17114	0.23051
17115	0.48427
17116	0.17187
17117	-0.16003
17118	-0.16643
17119	-0.12591
17120	-0.31815
17121	-0.76655
17122	-1.24066
17123	-1.25090
17124	-0.38079
17125	0.38798
17126	-0.25734
17127	-1.19012
17128	-1.13784
17129	-0.00636
17130	1.30711
17131	1.67848
17132	1.06411
17133	0.61816
17134	0.89706
17135	1.34255
17136	1.35478
17137	0.79589
17138	0.13527
17139	0.07341
17140	0.44659
17141	0.48327
17142	0.11349
17143	-0.20817
17144	-0.38903
17145	-0.49941
17146	-0.42019
17147	-0.16284
17148	-0.00692
17149	-0.08594
17150	-0.24002
17151	-0.35268
17152	-0.44410
17153	-0.55511
17154	-0.78026
17155	-1.10400
17156	-1.18736
17157	-0.70145
17158	0.16128
17159	0.80665
17160	0.76150
17161	-0.02066
17162	-0.87885
17163	-0.70117
17164	0.75236
17165	2.33244
17166	2.67468
17167	1.41379
17168	-0.52531
17169	-1.82161
17170	-2.02722
17171	-1.49019
17172	-0.78853
17173	-0.38700
17174	-0.41581
17175	-0.50929
17176	-0.48007
17177	0.11949
17178	1.99176
17179	4.29578
17180	4.49257
17181	1.42992
17182	-2.50146
17183	-4.54896
17184	-4.43349
17185	-3.15134
17186	-1.24571
17187	0.84741
17188	2.02816
17189	1.72414
17190	0.83181
17191	0.12177
17192	-0.23869
17193	-0.31714
17194	-0.45540
17195	-0.46869
17196	-0.20117
17197	0.04011
17198	-0.01009
17199	-0.31059
17200	-0.38764
17201	-0.04883
17202	0.13758
17203	-0.05403
17204	-0.19991
17205	-0.17270
17206	-0.14134
17207	-0.01450
17208	0.10211
17209	-0.07657
17210	-0.42884
17211	-0.43157
17212	-0.03942
17213	0.28921
17214	0.37983
17215	0.19120
17216	-0.17789
17217	-0.34656
17218	-0.09330
17219	0.21686
17220	0.18767
17221	-0.05348
17222	-0.27206
17223	-0.38470
17224	-0.41757
17225	-0.44500
17226	-0.67936
17227	-0.95166
17228	-0.66283
17229	-0.06290
17230	0.26598
17231	0.42436
17232	0.64070
17233	0.40038
17234	-0.27278
17235	-0.37159
17236	-0.18946
17237	-0.59971
17238	-1.14215
17239	-0.91619
17240	-0.29039
17241	-0.22895
17242	-0.26605
17243	0.33563
17244	0.94064
17245	0.58483
17246	-0.34288
17247	-0.72041
17248	-0.43260
17249	-0.16725
17250	-0.22775
17251	-0.59398
17252	-1.03626
17253	-1.54060
17254	-1.69775
17255	-0.81287
17256	0.38144
17257	0.85427
17258	0.99256
17259	1.38237
17260	1.74537
17261	1.77190
17262	1.57622
17263	1.33664
17264	1.06790
17265	0.71380
17266	0.27097
17267	-0.10187
17268	-0.11423
17269	0.11551
17270	0.04228
17271	-0.36041
17272	-0.52587
17273	-0.22380
17274	0.16470
17275	0.20783
17276	-0.08495
17277	-0.38681
17278	-0.44392
17279	-0.32419
17280	-0.39715
17281	-0.82652
17282	-1.22950
17283	-1.15672
17284	-0.63901
17285	-0.07000
17286	0.22133
17287	0.09262
17288	-0.42111
17289	-0.92713
17290	-0.80367
17291	0.31370
17292	2.11280
17293	3.43369
17294	3.05599
17295	1.07440
17296	-1.09918
17297	-2.14022
17298	-1.77577
17299	-0.66679
17300	0.36252
17301	0.89494
17302	0.69751
17303	-0.13615
17304	-1.04803
17305	-1.35102
17306	-1.08870
17307	-0.61311
17308	0.22246
17309	1.29376
17310	1.42752
17311	0.12405
17312	-1.75299
17313	-3.12269
17314	-2.81014
17315	-0.68824
17316	1.51464
17317	2.37882
17318	1.93231
17319	0.88684
17320	-0.11943
17321	-0.74238
17322	-0.74631
17323	-0.40917
17324	-0.16759
17325	-0.08984
17326	-0.00034
17327	0.01685
17328	-0.28860
17329	-0.62501
17330	-0.57103
17331	-0.11624
17332	0.35382
17333	0.36572
17334	0.01616
17335	-0.19422
17336	-0.29489
17337	-0.41544
17338	-0.33540
17339	-0.14711
17340	-0.06792
17341	-0.19466
17342	-0.24177
17343	0.12998
17344	0.46723
17345	0.28926
17346	-0.19062
17347	-0.23927
17348	0.20280
17349	0.15615
17350	-0.25799
17351	-0.38620
17352	-0.41969
17353	-0.71902
17354	-0.95293
17355	-0.70347
17356	-0.29717
17357	-0.11399
17358	-0.21690
17359	-0.33517
17360	-0.23234
17361	0.01411
17362	0.20349
17363	0.20806
17364	0.16267
17365	0.05270
17366	-0.38944
17367	-0.77296
17368	-0.46779
17369	-0.03782
17370	-0.12182
17371	-0.47451
17372	-0.56537
17373	0.12746
17374	1.09394
17375	1.10844
17376	0.01076
17377	-1.02702
17378	-1.34779
17379	-1.11983
17380	-0.75629
17381	-0.73887
17382	-0.94461
17383	-0.89281
17384	-0.59890
17385	-0.20453
17386	0.26794
17387	0.99586
17388	1.72274
17389	1.94170
17390	1.74788
17391	1.64777
17392	1.57442
17393	1.10510
17394	0.50176
17395	0.27466
17396	0.19819
17397	-0.02806
17398	-0.12902
17399	-0.06394
17400	-0.26565
17401	-0.71819
17402	-0.86995
17403	-0.50477
17404	0.00752
17405	0.19065
17406	-0.03007
17407	-0.29001
17408	-0.38394
17409	-0.51519
17410	-0.77039
17411	-0.95968
17412	-0.97965
17413	-0.85475
17414	-0.55656
17415	-0.03031
17416	0.52218
17417	0.51060
17418	-0.29659
17419	-1.09688
17420	-0.89173
17421	0.55379
17422	2.59720
17423	3.73796
17424	2.78947
17425	0.41118
17426	-1.71841
17427	-2.54442
17428	-1.95813
17429	-0.67174
17430	0.21214
17431	0.15546
17432	-0.46665
17433	-1.16191
17434	-1.07156
17435	0.15998
17436	1.93695
17437	3.07865
17438	2.34180
17439	0.04629
17440	-2.28282
17441	-3.14069
17442	-2.33084
17443	-1.08337
17444	-0.33399
17445	0.03740
17446	0.35386
17447	0.62550
17448	0.66438
17449	0.39160
17450	-0.00668
17451	-0.33109
17452	-0.37093
17453	-0.08752
17454	0.21771
17455	0.20236
17456	-0.05874
17457	-0.36055
17458	-0.53220
17459	-0.35087
17460	0.21581
17461	0.49591
17462	0.09967
17463	-0.35723
17464	-0.49128
17465	-0.50170
17466	-0.56031
17467	-0.46571
17468	-0.09453
17469	0.28369
17470	0.63230
17471	0.65937
17472	0.09945
17473	-0.52000
17474	-0.61473
17475	-0.24739
17476	0.04089
17477	0.05804
17478	0.06049
17479	0.21609
17480	0.17806
17481	-0.28893
17482	-0.89119
17483	-1.10279
17484	-0.86165
17485	-0.67263
17486	-0.58226
17487	-0.21326
17488	0.44176
17489	0.96840
17490	0.85703
17491	0.20375
17492	-0.25950
17493	-0.28538
17494	-0.21753
17495	-0.19300
17496	-0.24794
17497	-0.66714
17498	-1.28243
17499	-1.18722
17500	-0.19298
17501	0.96938
17502	1.28756
17503	0.38101
17504	-0.81730
17505	-1.42951
17506	-1.15546
17507	-0.44892
17508	-0.20395
17509	-0.59549
17510	-1.16809
17511	-1.41034
17512	-0.97317
17513	-0.24801
17514	0.28864
17515	0.48410
17516	0.73310
17517	1.34296
17518	1.98649
17519	2.20859
17520	1.91314
17521	1.34200
17522	0.84717
17523	0.52198
17524	0.21188
17525	-0.10495
17526	-0.26505
17527	-0.15099
17528	0.11068
17529	0.09705
17530	-0.38597
17531	-0.78706
17532	-0.66805
17533	-0.51409
17534	-0.66931
17535	-0.73056
17536	-0.59856
17537	-0.52907
17538	-0.37293
17539	-0.05620
17540	0.06672
17541	-0.10250
17542	-0.30831
17543	-0.37029
17544	-0.20562
17545	0.14720
17546	0.45971
17547	0.62397
17548	0.80276
17549	1.04653
17550	1.12100
17551	0.86323
17552	0.48339
17553	0.31702
17554	0.26305
17555	-0.03491
17556	-0.40558
17557	-0.45573
17558	-0.37388
17559	-0.44351
17560	-0.48495
17561	-0.34478
17562	-0.12791
17563	-0.00722
17564	-0.34135
17565	-0.80804
17566	-1.32249
17567	-1.94051
17568	-2.47470
17569	-1.92317
17570	-0.07926
17571	1.80529
17572	2.59321
17573	1.86011
17574	0.11788
17575	-1.50033
17576	-1.88947
17577	-0.97854
17578	0.35405
17579	1.44156
17580	1.83900
17581	1.53069
17582	0.96164
17583	0.47309
17584	0.28650
17585	0.12001
17586	-0.23881
17587	-0.63288
17588	-0.85929
17589	-0.95481
17590	-1.10186
17591	-1.00387
17592	-0.55755
17593	-0.14765
17594	-0.15637
17595	-0.25683
17596	-0.09921
17597	-0.06857
17598	-0.12352
17599	-0.02265
17600	-0.02789
17601	-0.16255
17602	-0.23828
17603	-0.21395
17604	-0.23563
17605	-0.20927
17606	0.00658
17607	-0.01388
17608	-0.38961
17609	-0.59484
17610	-0.39457
17611	-0.18914
17612	-0.25981
17613	-0.39524
17614	-0.33002
17615	-0.09663
17616	0.08695
17617	0.18140
17618	0.16811
17619	0.06545
17620	0.09201
17621	0.24690
17622	0.20681
17623	-0.09061
17624	-0.39703
17625	-0.64545
17626	-0.72565
17627	-0.39854
17628	0.11022
17629	0.16247
17630	-0.33295
17631	-0.64233
17632	-0.45262
17633	-0.22745
17634	-0.29660
17635	-0.42918
17636	-0.26834
17637	-0.11654
17638	-0.35752
17639	-0.64513
17640	-0.58447
17641	-0.43244
17642	-0.33165
17643	-0.12374
17644	0.02699
17645	-0.04738
17646	-0.04212
17647	0.05352
17648	0.00466
17649	-0.04841
17650	-0.03009
17651	-0.02633
17652	-0.02982
17653	-0.01915
17654	-0.14736
17655	-0.32477
17656	-0.18800
17657	0.02502
17658	-0.10941
17659	-0.31195
17660	0.01451
17661	0.60821
17662	0.71160
17663	0.31504
17664	-0.20025
17665	-0.66973
17666	-0.78162
17667	-0.37138
17668	0.08883
17669	0.29760
17670	0.47839
17671	0.54767
17672	0.28690
17673	-0.07289
17674	-0.14839
17675	-0.00891
17676	0.21426
17677	0.34552
17678	0.18811
17679	-0.09768
17680	-0.19922
17681	-0.20287
17682	-0.39614
17683	-0.67162
17684	-0.60405
17685	-0.21951
17686	-0.14321
17687	-0.59736
17688	-0.84641
17689	-0.25613
17690	0.56276
17691	0.58309
17692	-0.13357
17693	-0.71804
17694	-0.59118
17695	0.02050
17696	0.67519
17697	1.00717
17698	0.81386
17699	0.38037
17700	0.05737
17701	-0.14263
17702	-0.33937
17703	-0.56682
17704	-0.77541
17705	-0.53803
17706	0.19078
17707	0.57565
17708	0.16784
17709	-0.45382
17710	-0.69281
17711	-0.56313
17712	-0.20930
17713	0.14681
17714	0.10658
17715	-0.27437
17716	-0.44297
17717	-0.12461
17718	0.38039
17719	0.48445
17720	0.09667
17721	-0.20996
17722	-0.18960
17723	-0.19288
17724	-0.29359
17725	-0.21315
17726	0.08879
17727	0.33858
17728	0.23680
17729	-0.13649
17730	-0.38384
17731	-0.45731
17732	-0.55293
17733	-0.41364
17734	0.13569
17735	0.46013
17736	0.10516
17737	-0.38008
17738	-0.46508
17739	-0.37383
17740	-0.40961
17741	-0.40733
17742	-0.13687
17743	0.33475
17744	0.63765
17745	0.36251
17746	-0.32172
17747	-0.60648
17748	-0.21309
17749	0.11095
17750	-0.06862
17751	-0.26799
17752	-0.13768
17753	0.05885
17754	-0.02526
17755	-0.35119
17756	-0.44234
17757	-0.04069
17758	0.29709
17759	0.08680
17760	-0.37834
17761	-0.55926
17762	-0.34106
17763	0.03824
17764	0.18264
17765	-0.00350
17766	-0.23294
17767	-0.35356
17768	-0.41099
17769	-0.25313
17770	0.14176
17771	0.35242
17772	0.17205
17773	-0.17838
17774	-0.51923
17775	-0.59065
17776	-0.17725
17777	0.34755
17778	0.41093
17779	-0.01476
17780	-0.50227
17781	-0.67791
17782	-0.34846
17783	0.17318
17784	0.19019
17785	-0.34959
17786	-0.57064
17787	-0.10254
17788	0.33118
17789	0.15268
17790	-0.34494
17791	-0.55566
17792	-0.24263
17793	0.21653
17794	0.26461
17795	-0.08139
17796	-0.31264
17797	-0.24730
17798	-0.13092
17799	-0.08775
17800	-0.06578
17801	-0.02197
17802	0.05337
17803	0.03206
17804	-0.13080
17805	-0.27991
17806	-0.38801
17807	-0.42807
17808	-0.23286
17809	0.07958
17810	0.21384
17811	0.14109
17812	-0.05147
17813	-0.24259
17814	-0.22227
17815	0.02045
17816	0.13674
17817	-0.13725
17818	-0.42796
17819	-0.28561
17820	-0.01053
17821	-0.07550
17822	-0.29259
17823	-0.18928
17824	0.10921
17825	0.09052
17826	-0.18775
17827	-0.26691
17828	-0.13684
17829	-0.16589
17830	-0.33434
17831	-0.28325
17832	-0.05862
17833	0.02309
17834	0.01676
17835	0.12192
17836	0.10035
17837	-0.26479
17838	-0.56891
17839	-0.35291
17840	0.12995
17841	0.24442
17842	-0.05398
17843	
17844	