1	
2	
3	-0.11518
4	-0.13758
5	-0.14605
6	-0.12134
7	-0.08198
8	-0.08207
9	-0.11695
10	-0.13523
11	-0.11763
12	-0.10602
13	-0.11480
14	-0.11619
15	-0.10086
16	-0.09659
17	-0.11151
18	-0.11995
19	-0.10951
20	-0.09670
21	-0.10062
22	-0.12463
23	-0.13232
24	-0.11081
25	-0.09861
26	-0.11039
27	-0.11109
28	-0.10299
29	-0.11607
30	-0.12117
31	-0.10469
32	-0.09029
33	-0.09180
34	-0.09404
35	-0.09506
36	-0.10714
37	-0.11249
38	-0.09429
39	-0.09424
40	-0.13594
41	-0.10811
42	-0.09286
43	-0.12806
44	-0.14161
45	-0.10098
46	-0.08213
47	-0.11581
48	-0.14397
49	-0.11488
50	-0.08232
51	-0.08590
52	-0.10918
53	-0.12346
54	-0.12128
55	-0.10403
56	-0.08549
57	-0.08855
58	-0.11047
59	-0.13725
60	-0.16158
61	-0.15221
62	-0.09459
63	-0.05593
64	-0.08348
65	-0.09826
66	-0.05414
67	-0.05871
68	-0.12580
69	-0.17272
70	-0.15775
71	-0.12352
72	-0.11290
73	-0.11461
74	-0.12094
75	-0.12619
76	-0.11206
77	-0.08442
78	-0.07905
79	-0.10009
80	-0.10759
81	-0.09011
82	-0.08206
83	-0.10343
84	-0.11496
85	-0.09895
86	-0.08813
87	-0.10646
88	-0.12366
89	-0.11501
90	-0.09966
91	-0.09985
92	-0.10069
93	-0.09622
94	-0.09409
95	-0.09703
96	-0.09648
97	-0.08629
98	-0.07890
99	-0.07948
100	-0.08981
101	-0.11703
102	-0.13445
103	-0.11110
104	-0.06242
105	-0.04277
106	-0.07679
107	-0.11874
108	-0.11475
109	-0.08318
110	-0.08522
111	-0.11697
112	-0.12613
113	-0.10015
114	-0.07847
115	-0.09344
116	-0.09927
117	-0.06860
118	-0.05558
119	-0.09475
120	-0.12928
121	-0.13425
122	-0.11193
123	-0.06520
124	-0.03432
125	-0.06956
126	-0.12223
127	-0.13269
128	-0.11894
129	-0.11335
130	-0.09891
131	-0.08118
132	-0.07597
133	-0.07931
134	-0.08597
135	-0.09671
136	-0.09403
137	-0.08800
138	-0.09045
139	-0.09017
140	-0.09497
141	-0.10591
142	-0.09450
143	-0.07405
144	-0.08168
145	-0.10050
146	-0.09607
147	-0.08517
148	-0.09702
149	-0.09800
150	-0.06951
151	-0.04384
152	-0.05279
153	-0.08355
154	-0.10383
155	-0.09636
156	-0.09312
157	-0.10323
158	-0.10878
159	-0.09671
160	-0.10064
161	-0.11523
162	-0.10112
163	-0.06088
164	-0.04987
165	-0.07962
166	-0.11537
167	-0.12953
168	-0.11845
169	-0.07727
170	-0.03416
171	-0.05374
172	-0.14002
173	-0.17270
174	-0.10738
175	-0.05138
176	-0.06368
177	-0.08271
178	-0.08335
179	-0.10474
180	-0.11964
181	-0.08845
182	-0.07057
183	-0.09275
184	-0.09240
185	-0.06345
186	-0.06924
187	-0.11552
188	-0.13853
189	-0.13080
190	-0.11445
191	-0.08138
192	-0.04642
193	-0.07494
194	-0.16092
195	-0.17580
196	-0.06724
197	0.02685
198	-0.02116
199	-0.13781
200	-0.17302
201	-0.13203
202	-0.09375
203	-0.06842
204	-0.06476
205	-0.13718
206	-0.25505
207	-0.28629
208	-0.21495
209	-0.10488
210	-0.03020
211	-0.01948
212	-0.07916
213	-0.18096
214	-0.26200
215	-0.26375
216	-0.22202
217	-0.21238
218	-0.26235
219	-0.29782
220	-0.29097
221	-0.26376
222	-0.26859
223	-0.29689
224	-0.30355
225	-0.28501
226	-0.26312
227	-0.23423
228	-0.21663
229	-0.23145
230	-0.24398
231	-0.21083
232	-0.19883
233	-0.24892
234	-0.29339
235	-0.25171
236	-0.15020
237	-0.06353
238	-0.06975
239	-0.16471
240	-0.24217
241	-0.22794
242	-0.18037
243	-0.14557
244	-0.14112
245	-0.17377
246	-0.20712
247	-0.20680
248	-0.17932
249	-0.13637
250	-0.08440
251	-0.04795
252	-0.04629
253	-0.06802
254	-0.11644
255	-0.19082
256	-0.22179
257	-0.18626
258	-0.13930
259	-0.11166
260	-0.09380
261	-0.11223
262	-0.16576
263	-0.18681
264	-0.13179
265	-0.05956
266	-0.06068
267	-0.12170
268	-0.16502
269	-0.16796
270	-0.17299
271	-0.17346
272	-0.11526
273	-0.02205
274	-0.01005
275	-0.09636
276	-0.15347
277	-0.12544
278	-0.10695
279	-0.12815
280	-0.10641
281	-0.04981
282	-0.04894
283	-0.09407
284	-0.10364
285	-0.08022
286	-0.09539
287	-0.13518
288	-0.13257
289	-0.09091
290	-0.07014
291	-0.07139
292	-0.06749
293	-0.08400
294	-0.12254
295	-0.13781
296	-0.10917
297	-0.08370
298	-0.10947
299	-0.12252
300	-0.05715
301	0.00034
302	-0.04903
303	-0.13397
304	-0.13108
305	-0.07386
306	-0.06717
307	-0.11356
308	-0.12143
309	-0.06684
310	-0.03157
311	-0.06342
312	-0.12145
313	-0.12702
314	-0.09385
315	-0.09333
316	-0.13778
317	-0.15178
318	-0.14145
319	-0.10666
320	-0.05056
321	-0.03856
322	-0.10362
323	-0.15071
324	-0.12979
325	-0.08741
326	-0.11126
327	-0.16792
328	-0.17846
329	-0.13044
330	-0.09363
331	-0.09745
332	-0.11232
333	-0.12770
334	-0.14804
335	-0.15934
336	-0.16230
337	-0.16295
338	-0.14956
339	-0.14818
340	-0.15976
341	-0.14475
342	-0.13026
343	-0.13412
344	-0.15467
345	-0.15848
346	-0.13655
347	-0.13186
348	-0.14573
349	-0.14582
350	-0.12413
351	-0.11760
352	-0.13685
353	-0.14650
354	-0.13016
355	-0.11655
356	-0.12384
357	-0.11668
358	-0.10094
359	-0.12456
360	-0.15154
361	-0.14550
362	-0.11652
363	-0.11617
364	-0.12401
365	-0.12099
366	-0.14107
367	-0.16839
368	-0.14350
369	-0.09247
370	-0.07896
371	-0.10856
372	-0.15435
373	-0.17102
374	-0.10477
375	-0.02034
376	-0.02502
377	-0.09011
378	-0.09454
379	-0.05262
380	-0.06038
381	-0.13703
382	-0.19911
383	-0.18328
384	-0.11018
385	-0.05292
386	-0.04406
387	-0.07366
388	-0.11306
389	-0.11769
390	-0.06831
391	-0.03001
392	-0.05966
393	-0.11867
394	-0.14507
395	-0.13678
396	-0.12110
397	-0.07870
398	0.00279
399	0.04832
400	-0.00440
401	-0.11311
402	-0.19925
403	-0.21791
404	-0.17135
405	-0.09359
406	-0.05161
407	-0.07302
408	-0.11729
409	-0.12292
410	-0.05306
411	0.03619
412	0.03023
413	-0.08266
414	-0.18417
415	-0.19342
416	-0.13912
417	-0.09985
418	-0.07948
419	-0.02707
420	0.00344
421	-0.06014
422	-0.13608
423	-0.11941
424	-0.06797
425	-0.06688
426	-0.08425
427	-0.09576
428	-0.10459
429	-0.08718
430	-0.06208
431	-0.08879
432	-0.12420
433	-0.11552
434	-0.09411
435	-0.09578
436	-0.08704
437	-0.04405
438	-0.04004
439	-0.09600
440	-0.11331
441	-0.07267
442	-0.06747
443	-0.11132
444	-0.12527
445	-0.09423
446	-0.07266
447	-0.06705
448	-0.06176
449	-0.05033
450	-0.05177
451	-0.06805
452	-0.08861
453	-0.11197
454	-0.14084
455	-0.14353
456	-0.09852
457	-0.04445
458	-0.04522
459	-0.08681
460	-0.11233
461	-0.12254
462	-0.13385
463	-0.11762
464	-0.06440
465	-0.04851
466	-0.09332
467	-0.11682
468	-0.09320
469	-0.08384
470	-0.11310
471	-0.13311
472	-0.11835
473	-0.08181
474	-0.04164
475	-0.04379
476	-0.10280
477	-0.14109
478	-0.12063
479	-0.08252
480	-0.06737
481	-0.08383
482	-0.09465
483	-0.10402
484	-0.13886
485	-0.14654
486	-0.11135
487	-0.09711
488	-0.08502
489	-0.07809
490	-0.10076
491	-0.11879
492	-0.09705
493	-0.04784
494	-0.02484
495	-0.05837
496	-0.10556
497	-0.15093
498	-0.23008
499	-0.26140
500	-0.20456
501	-0.13584
502	-0.10691
503	-0.11503
504	-0.10387
505	-0.07241
506	-0.06547
507	-0.06669
508	-0.06380
509	-0.06863
510	-0.10352
511	-0.14712
512	-0.10941
513	-0.02592
514	-0.00722
515	-0.08222
516	-0.12576
517	-0.11279
518	-0.12551
519	-0.15086
520	-0.10512
521	-0.08250
522	-0.12678
523	-0.15856
524	-0.09664
525	-0.04884
526	-0.09736
527	-0.18864
528	-0.25182
529	-0.23489
530	-0.14311
531	-0.08033
532	-0.09900
533	-0.11869
534	-0.14286
535	-0.15013
536	-0.17687
537	-0.22190
538	-0.28845
539	-0.28079
540	-0.13787
541	-0.02882
542	-0.11003
543	-0.29070
544	-0.34500
545	-0.37366
546	-0.39794
547	-0.39730
548	-0.33089
549	-0.36757
550	-0.52411
551	-0.69523
552	-0.70372
553	-0.61906
554	-0.60123
555	-0.62759
556	-0.65947
557	-0.73441
558	-0.80847
559	-0.81473
560	-0.79895
561	-0.80017
562	-0.76157
563	-0.68124
564	-0.60253
565	-0.62607
566	-0.78786
567	-0.87064
568	-0.69939
569	-0.43740
570	-0.42601
571	-0.69599
572	-0.90520
573	-0.77233
574	-0.45669
575	-0.30879
576	-0.37209
577	-0.50390
578	-0.57764
579	-0.56806
580	-0.49029
581	-0.43065
582	-0.47090
583	-0.51443
584	-0.47865
585	-0.40797
586	-0.40275
587	-0.37110
588	-0.35662
589	-0.43730
590	-0.54722
591	-0.47006
592	-0.27834
593	-0.35830
594	-0.50083
595	-0.39046
596	-0.15769
597	-0.05882
598	0.01615
599	0.16975
600	0.25928
601	0.15997
602	0.06452
603	0.08032
604	0.05185
605	-0.03663
606	-0.03078
607	0.08361
608	0.16306
609	0.07892
610	-0.06286
611	-0.13658
612	-0.16253
613	-0.13998
614	-0.06631
615	-0.05684
616	-0.15915
617	-0.23253
618	-0.17507
619	-0.04628
620	0.08072
621	0.11449
622	-0.02663
623	-0.19692
624	-0.21355
625	-0.13137
626	-0.04075
627	0.06871
628	0.16664
629	0.16842
630	0.05733
631	-0.05837
632	-0.12126
633	-0.26987
634	-0.49368
635	-0.48473
636	-0.15884
637	0.20285
638	0.34918
639	0.21297
640	-0.04009
641	-0.06060
642	0.24618
643	0.58214
644	0.55703
645	0.41924
646	0.49626
647	0.44905
648	-0.46010
649	-1.63257
650	-2.00837
651	-1.35695
652	-0.12573
653	0.69006
654	0.53870
655	-0.11041
656	-0.55383
657	-0.75815
658	-0.78643
659	-0.76792
660	-0.77129
661	-0.79391
662	-0.76363
663	-0.69442
664	-0.62528
665	-0.64445
666	-0.69095
667	-0.73673
668	-0.76504
669	-0.75653
670	-0.74820
671	-0.82793
672	-0.82088
673	-0.74777
674	-0.74269
675	-0.73883
676	-0.71621
677	-0.62800
678	-0.60283
679	-0.70444
680	-0.76474
681	-0.68093
682	-0.77457
683	-0.78357
684	-0.63780
685	-0.47250
686	-0.45582
687	-0.53251
688	-0.68799
689	-0.81913
690	-0.80608
691	-0.56259
692	-0.27483
693	-0.28531
694	-0.55925
695	-0.74355
696	-0.69827
697	-0.57468
698	-0.59284
699	-0.72942
700	-0.72898
701	-0.72659
702	-0.76881
703	-0.78572
704	-0.77430
705	-0.74153
706	-0.63725
707	-0.59407
708	-0.60990
709	-0.74060
710	-0.90605
711	-0.93983
712	-0.76549
713	-0.44791
714	-0.06423
715	0.15598
716	0.01048
717	-0.15342
718	-0.03319
719	0.19877
720	0.36372
721	0.34568
722	0.27227
723	0.08397
724	-0.12293
725	-0.27155
726	-0.40014
727	-0.53436
728	-0.57438
729	-0.46325
730	-0.34463
731	-0.32595
732	-0.27285
733	-0.07465
734	0.15839
735	0.24088
736	0.12368
737	0.00492
738	0.05921
739	0.14821
740	0.09687
741	-0.05203
742	-0.16232
743	-0.12786
744	0.05041
745	0.22219
746	0.26071
747	0.21508
748	0.19467
749	0.24110
750	0.16956
751	-0.37393
752	-1.09459
753	-0.95401
754	0.23152
755	1.14439
756	0.69972
757	-0.48446
758	-0.95302
759	-0.20814
760	0.88456
761	1.41997
762	1.35960
763	1.04177
764	0.98807
765	0.90138
766	0.31754
767	-1.08812
768	-2.69328
769	-3.44463
770	-2.57272
771	-0.52685
772	1.31922
773	1.90806
774	1.40801
775	0.22785
776	-0.90643
777	-1.29517
778	-1.32852
779	-1.31660
780	-1.20630
781	-1.01148
782	-0.92437
783	-0.92619
784	-0.99972
785	-1.01955
786	-0.89316
787	-0.84943
788	-0.89752
789	-0.86826
790	-0.80513
791	-0.74164
792	-0.73745
793	-0.85895
794	-0.84312
795	-0.62909
796	-0.50013
797	-0.62707
798	-0.68785
799	-0.52064
800	-0.40270
801	-0.49229
802	-0.58030
803	-0.48709
804	-0.36940
805	-0.44337
806	-0.55806
807	-0.51659
808	-0.49372
809	-0.57438
810	-0.67322
811	-0.72886
812	-0.84889
813	-0.77181
814	-0.62181
815	-0.64609
816	-0.74407
817	-0.83405
818	-0.85207
819	-0.84677
820	-0.89676
821	-0.87184
822	-0.66554
823	-0.43191
824	-0.26323
825	0.03685
826	0.29671
827	0.10796
828	-0.23533
829	-0.24547
830	0.03275
831	0.11624
832	0.14638
833	0.13831
834	0.02419
835	-0.17801
836	-0.30398
837	-0.28670
838	-0.25349
839	-0.29434
840	-0.27185
841	-0.11011
842	-0.04984
843	-0.28270
844	-0.61104
845	-0.63289
846	-0.21219
847	0.28667
848	0.44633
849	0.29065
850	0.10557
851	0.07234
852	0.22154
853	0.55232
854	0.91663
855	0.91027
856	0.35260
857	-0.38733
858	-1.01150
859	-1.43191
860	-1.09638
861	0.32031
862	1.62571
863	1.23226
864	-0.46959
865	-1.41925
866	-0.56908
867	0.77669
868	1.05562
869	0.64078
870	0.34974
871	0.06104
872	-0.05695
873	0.62195
874	1.49136
875	0.66521
876	-1.50242
877	-2.66613
878	-1.76196
879	-0.13390
880	0.83123
881	1.23592
882	0.84557
883	-0.22618
884	-1.33121
885	-1.67050
886	-1.38207
887	-0.91605
888	-0.58830
889	-0.45835
890	-0.60889
891	-0.81471
892	-0.83627
893	-0.74641
894	-0.73484
895	-0.85321
896	-0.96102
897	-0.80876
898	-0.53037
899	-0.58415
900	-0.74137
901	-0.76075
902	-0.57383
903	-0.48125
904	-0.52039
905	-0.60439
906	-0.47319
907	-0.38071
908	-0.45055
909	-0.57894
910	-0.53065
911	-0.40276
912	-0.39046
913	-0.52811
914	-0.53942
915	-0.46781
916	-0.54607
917	-0.74638
918	-0.98199
919	-0.98083
920	-0.85414
921	-0.82306
922	-0.89134
923	-0.95552
924	-0.98599
925	-0.97700
926	-0.92649
927	-0.78302
928	-0.65949
929	-0.55619
930	-0.16838
931	0.36318
932	0.57681
933	0.45483
934	0.13133
935	-0.25856
936	-0.51648
937	-0.02062
938	0.28151
939	0.29544
940	0.07566
941	-0.13101
942	-0.21332
943	-0.26090
944	-0.29571
945	-0.29837
946	-0.37377
947	-0.45637
948	-0.28815
949	-0.00111
950	-0.02163
951	-0.29265
952	-0.34331
953	-0.04087
954	0.26804
955	0.28535
956	0.08440
957	-0.00859
958	0.25966
959	0.70386
960	0.93501
961	0.88117
962	0.64715
963	0.20095
964	-0.64488
965	-1.83794
966	-2.27382
967	-0.63027
968	1.94185
969	2.32884
970	0.05159
971	-1.71514
972	-0.69154
973	1.39777
974	1.64604
975	0.17949
976	-1.16634
977	-1.45593
978	-0.27961
979	1.62744
980	2.54594
981	1.04578
982	-1.67718
983	-2.81412
984	-1.44573
985	0.53831
986	1.03107
987	0.56944
988	0.01404
989	-0.75586
990	-1.70574
991	-2.01244
992	-1.47288
993	-0.79779
994	-0.69908
995	-0.66557
996	-0.71244
997	-0.93161
998	-0.94000
999	-0.67846
1000	-0.67950
1001	-0.82382
1002	-0.88608
1003	-0.77090
1004	-0.67680
1005	-0.68555
1006	-0.75610
1007	-0.79740
1008	-0.61579
1009	-0.31174
1010	-0.22607
1011	-0.42448
1012	-0.60181
1013	-0.63556
1014	-0.54381
1015	-0.45711
1016	-0.37848
1017	-0.34791
1018	-0.42231
1019	-0.54245
1020	-0.56940
1021	-0.60601
1022	-0.74685
1023	-0.93802
1024	-0.92957
1025	-0.82729
1026	-0.84826
1027	-0.84481
1028	-0.80229
1029	-0.71371
1030	-0.66942
1031	-0.74188
1032	-0.90487
1033	-0.78121
1034	-0.38993
1035	-0.05019
1036	0.20436
1037	0.41060
1038	0.24713
1039	-0.18436
1040	-0.04899
1041	0.15664
1042	0.22555
1043	0.09418
1044	-0.05749
1045	-0.13845
1046	-0.22736
1047	-0.32890
1048	-0.34400
1049	-0.31124
1050	-0.34838
1051	-0.37222
1052	-0.20254
1053	0.06280
1054	0.09196
1055	-0.16098
1056	-0.32943
1057	-0.16144
1058	0.11166
1059	0.14246
1060	0.01947
1061	0.05629
1062	0.28238
1063	0.50889
1064	0.57881
1065	0.43683
1066	0.13610
1067	-0.33518
1068	-1.12216
1069	-1.82539
1070	-1.26236
1071	0.69293
1072	2.09047
1073	1.53115
1074	0.26392
1075	0.08592
1076	0.59868
1077	0.44523
1078	-0.03535
1079	0.56202
1080	1.93230
1081	1.98465
1082	-0.43114
1083	-3.49973
1084	-3.81716
1085	-1.49102
1086	0.37310
1087	0.66738
1088	0.28772
1089	-0.19305
1090	-0.70710
1091	-1.12373
1092	-1.29356
1093	-1.21810
1094	-0.95055
1095	-0.74358
1096	-0.72159
1097	-0.81938
1098	-0.92081
1099	-0.98472
1100	-1.04235
1101	-1.02412
1102	-0.96618
1103	-0.89750
1104	-0.75044
1105	-0.65256
1106	-0.72886
1107	-0.89998
1108	-0.77264
1109	-0.51195
1110	-0.46571
1111	-0.56723
1112	-0.51349
1113	-0.49014
1114	-0.50172
1115	-0.50017
1116	-0.47330
1117	-0.34422
1118	-0.30862
1119	-0.60409
1120	-0.67299
1121	-0.66646
1122	-0.79792
1123	-0.90649
1124	-1.01088
1125	-1.03144
1126	-0.80048
1127	-0.76403
1128	-0.90996
1129	-1.05874
1130	-1.16922
1131	-1.22263
1132	-1.09541
1133	-0.78837
1134	-0.61592
1135	-0.53043
1136	-0.32356
1137	-0.04059
1138	0.30593
1139	0.44471
1140	0.19965
1141	-0.08110
1142	-0.16892
1143	-0.14947
1144	0.07868
1145	0.02391
1146	0.14376
1147	0.24120
1148	0.06746
1149	-0.23702
1150	-0.42732
1151	-0.50832
1152	-0.56097
1153	-0.58552
1154	-0.58547
1155	-0.50879
1156	-0.26074
1157	0.03423
1158	0.14445
1159	0.08927
1160	0.09009
1161	0.23632
1162	0.31150
1163	0.08594
1164	-0.24928
1165	-0.28202
1166	0.09138
1167	0.60340
1168	0.83136
1169	0.55875
1170	-0.02059
1171	-0.85002
1172	-1.87704
1173	-1.96390
1174	-0.19541
1175	1.77685
1176	1.77473
1177	0.54558
1178	0.11799
1179	0.39316
1180	0.48842
1181	1.22303
1182	2.81529
1183	2.61573
1184	-0.14469
1185	-3.02657
1186	-3.17004
1187	-1.08134
1188	0.65507
1189	0.48017
1190	-0.61949
1191	-1.35442
1192	-1.14132
1193	-0.63982
1194	-0.76660
1195	-0.96125
1196	-0.74132
1197	-0.51921
1198	-0.60880
1199	-0.69094
1200	-0.75109
1201	-0.83917
1202	-0.96241
1203	-1.06166
1204	-1.04990
1205	-0.91801
1206	-0.88205
1207	-0.90694
1208	-0.86583
1209	-0.73515
1210	-0.53737
1211	-0.50096
1212	-0.54781
1213	-0.48388
1214	-0.34892
1215	-0.26086
1216	-0.26226
1217	-0.39792
1218	-0.53590
1219	-0.64731
1220	-0.70334
1221	-0.57783
1222	-0.37285
1223	-0.46144
1224	-0.72995
1225	-0.83868
1226	-0.69032
1227	-0.66681
1228	-0.87894
1229	-1.00670
1230	-0.96187
1231	-0.80265
1232	-0.85208
1233	-1.11352
1234	-1.13522
1235	-0.89598
1236	-0.68020
1237	-0.62509
1238	-0.59694
1239	-0.22359
1240	0.19711
1241	0.33498
1242	0.36688
1243	0.29053
1244	-0.11605
1245	-0.39819
1246	-0.26832
1247	0.08466
1248	0.10328
1249	0.10445
1250	0.12303
1251	0.03771
1252	-0.11730
1253	-0.22286
1254	-0.31584
1255	-0.48782
1256	-0.65671
1257	-0.64486
1258	-0.43906
1259	-0.24465
1260	-0.20833
1261	-0.17654
1262	0.10879
1263	0.51756
1264	0.53379
1265	0.05308
1266	-0.32356
1267	-0.14482
1268	0.27164
1269	0.42716
1270	0.36616
1271	0.36733
1272	0.31829
1273	-0.23820
1274	-1.33071
1275	-1.81996
1276	-0.49414
1277	1.60388
1278	2.01184
1279	0.58379
1280	-0.34434
1281	0.40881
1282	1.30968
1283	0.97489
1284	0.24258
1285	0.45313
1286	1.17721
1287	1.20164
1288	-0.03660
1289	-2.30153
1290	-3.88762
1291	-3.10861
1292	-0.48224
1293	1.57542
1294	1.89596
1295	1.01978
1296	-0.09007
1297	-0.97841
1298	-1.39209
1299	-1.22202
1300	-0.88633
1301	-1.01332
1302	-1.23132
1303	-1.14432
1304	-1.00599
1305	-0.98341
1306	-1.06234
1307	-1.03975
1308	-0.85138
1309	-0.83301
1310	-0.91674
1311	-0.82109
1312	-0.71091
1313	-0.67274
1314	-0.68419
1315	-0.62717
1316	-0.50607
1317	-0.43082
1318	-0.55838
1319	-0.55751
1320	-0.47990
1321	-0.44823
1322	-0.48692
1323	-0.51612
1324	-0.47976
1325	-0.38333
1326	-0.41828
1327	-0.64514
1328	-0.66512
1329	-0.63439
1330	-0.84827
1331	-0.94808
1332	-0.79620
1333	-0.65622
1334	-0.67602
1335	-0.86218
1336	-0.97631
1337	-0.95815
1338	-0.94428
1339	-0.99947
1340	-0.96914
1341	-0.67169
1342	-0.33843
1343	-0.03845
1344	0.16757
1345	0.16715
1346	0.08449
1347	0.14166
1348	0.12999
1349	-0.12348
1350	-0.22572
1351	0.15174
1352	0.23735
1353	0.19209
1354	0.10903
1355	-0.04881
1356	-0.24696
1357	-0.37190
1358	-0.46635
1359	-0.58304
1360	-0.63115
1361	-0.53947
1362	-0.33849
1363	-0.13088
1364	-0.06248
1365	-0.15871
1366	-0.13759
1367	0.20615
1368	0.49136
1369	0.29182
1370	-0.14912
1371	-0.32752
1372	-0.11028
1373	0.28928
1374	0.56555
1375	0.51470
1376	0.15621
1377	-0.47772
1378	-1.38085
1379	-1.90882
1380	-0.95297
1381	1.19187
1382	2.36462
1383	1.44232
1384	-0.01604
1385	-0.19933
1386	0.52584
1387	0.83245
1388	1.08538
1389	2.12642
1390	2.73995
1391	1.18253
1392	-2.26506
1393	-4.85448
1394	-4.13193
1395	-0.85080
1396	1.73161
1397	1.47090
1398	-0.12231
1399	-0.88037
1400	-0.72403
1401	-0.70412
1402	-1.04571
1403	-1.11699
1404	-0.83924
1405	-0.77817
1406	-0.94162
1407	-0.96875
1408	-0.84594
1409	-0.86999
1410	-0.94053
1411	-0.87032
1412	-0.70015
1413	-0.66465
1414	-0.88439
1415	-1.17675
1416	-1.09983
1417	-0.72716
1418	-0.54665
1419	-0.62483
1420	-0.77678
1421	-0.77953
1422	-0.61166
1423	-0.36173
1424	-0.23970
1425	-0.30306
1426	-0.53803
1427	-0.69416
1428	-0.62089
1429	-0.33856
1430	-0.24855
1431	-0.47546
1432	-0.69773
1433	-0.79218
1434	-0.84656
1435	-0.93909
1436	-1.05501
1437	-1.01679
1438	-0.86136
1439	-0.82805
1440	-0.91587
1441	-0.96969
1442	-0.92641
1443	-0.79674
1444	-0.64445
1445	-0.65408
1446	-0.67932
1447	-0.50734
1448	-0.24055
1449	-0.00708
1450	0.23057
1451	0.36775
1452	0.05592
1453	-0.24914
1454	-0.18184
1455	0.06552
1456	0.12830
1457	0.16485
1458	0.18055
1459	0.05494
1460	-0.25684
1461	-0.53131
1462	-0.55848
1463	-0.45091
1464	-0.40341
1465	-0.37421
1466	-0.28659
1467	-0.30045
1468	-0.49689
1469	-0.57064
1470	-0.25698
1471	0.21908
1472	0.46918
1473	0.42212
1474	0.23333
1475	0.02484
1476	-0.09213
1477	0.01785
1478	0.32592
1479	0.43978
1480	-0.15034
1481	-1.29636
1482	-1.84248
1483	-0.64278
1484	1.63816
1485	2.63990
1486	1.49968
1487	0.08012
1488	-0.00377
1489	0.53485
1490	0.57265
1491	0.67276
1492	1.80850
1493	2.79543
1494	1.08516
1495	-2.99632
1496	-6.10659
1497	-5.15869
1498	-0.63384
1499	2.90980
1500	2.84384
1501	1.12062
1502	-0.22206
1503	-1.13885
1504	-1.71103
1505	-1.71289
1506	-1.46466
1507	-1.29391
1508	-1.25471
1509	-1.11320
1510	-0.78367
1511	-0.72971
1512	-0.92722
1513	-1.01220
1514	-0.88580
1515	-0.69597
1516	-0.53905
1517	-0.52718
1518	-0.63355
1519	-0.72412
1520	-0.68963
1521	-0.62106
1522	-0.65979
1523	-0.75103
1524	-0.67441
1525	-0.43641
1526	-0.24981
1527	-0.26055
1528	-0.40276
1529	-0.54639
1530	-0.59381
1531	-0.54934
1532	-0.43017
1533	-0.40835
1534	-0.54383
1535	-0.63248
1536	-0.78250
1537	-0.94205
1538	-1.04728
1539	-1.00613
1540	-0.88998
1541	-0.81362
1542	-0.81482
1543	-0.84834
1544	-0.90932
1545	-0.98467
1546	-0.97076
1547	-0.86563
1548	-0.85444
1549	-0.70761
1550	-0.30840
1551	0.05266
1552	0.29202
1553	0.50673
1554	0.30509
1555	-0.26125
1556	-0.54399
1557	-0.04045
1558	0.10937
1559	-0.02990
1560	-0.14175
1561	-0.00385
1562	0.14405
1563	0.02165
1564	-0.22117
1565	-0.25000
1566	-0.13219
1567	-0.19834
1568	-0.39167
1569	-0.39525
1570	-0.22375
1571	-0.11295
1572	-0.10522
1573	-0.14608
1574	-0.19674
1575	-0.08012
1576	0.23268
1577	0.44477
1578	0.38671
1579	0.15187
1580	0.03243
1581	0.36437
1582	0.87945
1583	0.90527
1584	0.46433
1585	-0.17066
1586	-1.36079
1587	-2.53476
1588	-1.75720
1589	0.68672
1590	1.71882
1591	0.49303
1592	-0.38475
1593	0.72675
1594	1.92355
1595	1.21627
1596	-0.24549
1597	-0.50181
1598	0.88430
1599	2.27459
1600	1.60317
1601	-1.37053
1602	-4.18315
1603	-4.23843
1604	-1.41772
1605	1.55836
1606	2.33840
1607	1.16873
1608	-0.26403
1609	-1.17583
1610	-1.49547
1611	-1.40512
1612	-1.23180
1613	-1.11096
1614	-1.20742
1615	-1.18156
1616	-0.89372
1617	-0.81942
1618	-0.92000
1619	-0.85830
1620	-0.69451
1621	-0.71299
1622	-0.87045
1623	-0.91075
1624	-0.81097
1625	-0.83396
1626	-0.85736
1627	-0.69323
1628	-0.61864
1629	-0.64821
1630	-0.62494
1631	-0.47701
1632	-0.31143
1633	-0.43599
1634	-0.67908
1635	-0.50701
1636	-0.37378
1637	-0.47898
1638	-0.54297
1639	-0.63185
1640	-0.70599
1641	-0.73663
1642	-0.88592
1643	-0.95036
1644	-0.92553
1645	-0.92558
1646	-0.91703
1647	-0.90573
1648	-0.78967
1649	-0.77881
1650	-0.91005
1651	-0.95356
1652	-0.76283
1653	-0.37360
1654	-0.03522
1655	0.19503
1656	0.31229
1657	0.17827
1658	-0.10036
1659	-0.10166
1660	-0.08441
1661	0.08836
1662	0.01983
1663	0.06954
1664	0.15547
1665	0.15292
1666	-0.00069
1667	-0.29825
1668	-0.58107
1669	-0.66001
1670	-0.51278
1671	-0.35169
1672	-0.34628
1673	-0.30744
1674	-0.09962
1675	-0.02874
1676	-0.22515
1677	-0.30372
1678	-0.10531
1679	0.05158
1680	0.01957
1681	-0.06326
1682	-0.02281
1683	0.33802
1684	0.85956
1685	0.88714
1686	0.16465
1687	-0.75062
1688	-1.44640
1689	-1.96016
1690	-1.71789
1691	0.16472
1692	2.63285
1693	3.05458
1694	1.17903
1695	-0.37470
1696	-0.14587
1697	0.38431
1698	0.16669
1699	1.04802
1700	2.65603
1701	2.34930
1702	-0.77952
1703	-4.26166
1704	-4.96504
1705	-2.18323
1706	1.14944
1707	2.14569
1708	1.12489
1709	-0.22315
1710	-0.94033
1711	-1.17362
1712	-1.28680
1713	-1.28373
1714	-1.02583
1715	-0.88584
1716	-0.89012
1717	-0.96203
1718	-0.91745
1719	-0.75512
1720	-0.78453
1721	-1.02496
1722	-1.10134
1723	-0.88213
1724	-0.53580
1725	-0.61281
1726	-0.91300
1727	-1.00599
1728	-0.83599
1729	-0.61651
1730	-0.46032
1731	-0.46964
1732	-0.52951
1733	-0.49013
1734	-0.37283
1735	-0.32212
1736	-0.42821
1737	-0.55375
1738	-0.59753
1739	-0.47474
1740	-0.30547
1741	-0.35129
1742	-0.64212
1743	-0.87486
1744	-0.91237
1745	-0.89545
1746	-0.87549
1747	-0.92081
1748	-0.94242
1749	-0.96335
1750	-1.03606
1751	-0.99284
1752	-0.88534
1753	-0.73429
1754	-0.56065
1755	-0.59845
1756	-0.58283
1757	-0.22500
1758	0.20733
1759	0.27387
1760	0.27071
1761	0.11781
1762	-0.26338
1763	-0.33587
1764	0.14293
1765	0.33606
1766	0.23872
1767	0.06286
1768	-0.03543
1769	-0.17898
1770	-0.41376
1771	-0.59160
1772	-0.59242
1773	-0.44590
1774	-0.25923
1775	-0.11582
1776	-0.05824
1777	-0.08792
1778	-0.16605
1779	-0.20452
1780	-0.06282
1781	0.21753
1782	0.31298
1783	0.09906
1784	-0.10621
1785	-0.05919
1786	0.09097
1787	0.25646
1788	0.60387
1789	0.95038
1790	0.78249
1791	0.09634
1792	-0.80418
1793	-1.85468
1794	-2.23976
1795	-0.82367
1796	1.16125
1797	1.34155
1798	0.13617
1799	-0.01362
1800	1.23946
1801	1.77885
1802	1.05085
1803	0.40794
1804	0.82286
1805	1.77393
1806	1.45251
1807	-1.26482
1808	-4.35683
1809	-4.68381
1810	-1.83425
1811	1.26616
1812	2.07969
1813	1.11693
1814	-0.11989
1815	-1.04526
1816	-1.47673
1817	-1.39614
1818	-1.22403
1819	-1.15308
1820	-1.09944
1821	-0.89474
1822	-0.77909
1823	-0.97382
1824	-1.08224
1825	-0.92617
1826	-0.76182
1827	-0.73365
1828	-0.89477
1829	-1.06445
1830	-0.95995
1831	-0.88756
1832	-0.95082
1833	-0.83954
1834	-0.68413
1835	-0.56465
1836	-0.48837
1837	-0.53467
1838	-0.62241
1839	-0.63737
1840	-0.73398
1841	-0.68431
1842	-0.43442
1843	-0.41721
1844	-0.43198
1845	-0.35407
1846	-0.52901
1847	-0.74998
1848	-0.84121
1849	-0.91403
1850	-0.98708
1851	-1.06469
1852	-1.22634
1853	-1.19970
1854	-1.04632
1855	-1.02732
1856	-1.10817
1857	-0.91342
1858	-0.46320
1859	-0.06363
1860	0.17111
1861	0.19003
1862	0.02892
1863	0.00507
1864	0.10359
1865	0.01841
1866	-0.18649
1867	0.03468
1868	0.21997
1869	0.40140
1870	0.40147
1871	0.23098
1872	-0.05591
1873	-0.45448
1874	-0.85664
1875	-1.04578
1876	-0.86876
1877	-0.45881
1878	-0.17272
1879	-0.12949
1880	-0.09538
1881	-0.02355
1882	-0.06764
1883	-0.07525
1884	0.06494
1885	0.09683
1886	-0.03845
1887	-0.12975
1888	-0.06669
1889	0.21065
1890	0.64208
1891	0.88115
1892	0.67680
1893	0.26302
1894	-0.23092
1895	-1.31623
1896	-2.74106
1897	-2.35325
1898	0.73731
1899	3.26010
1900	2.23929
1901	-0.17529
1902	-0.36876
1903	1.17539
1904	1.77004
1905	1.64249
1906	2.01559
1907	1.56112
1908	-1.20444
1909	-4.29034
1910	-4.64233
1911	-2.28444
1912	0.47588
1913	1.77931
1914	1.59376
1915	0.54725
1916	-0.70302
1917	-1.39377
1918	-1.32636
1919	-1.07421
1920	-0.91042
1921	-0.76472
1922	-0.74085
1923	-0.73726
1924	-0.79035
1925	-0.97624
1926	-1.09570
1927	-1.01953
1928	-0.96841
1929	-0.88494
1930	-0.77486
1931	-0.76058
1932	-0.84584
1933	-0.79200
1934	-0.75913
1935	-0.74251
1936	-0.76800
1937	-0.60514
1938	-0.43794
1939	-0.45426
1940	-0.52796
1941	-0.59972
1942	-0.65688
1943	-0.60075
1944	-0.52670
1945	-0.43291
1946	-0.41279
1947	-0.58450
1948	-0.67613
1949	-0.56312
1950	-0.49304
1951	-0.60018
1952	-0.68570
1953	-0.82713
1954	-0.93825
1955	-0.91303
1956	-0.87131
1957	-0.99122
1958	-1.01331
1959	-0.88801
1960	-0.62374
1961	-0.48072
1962	-0.41650
1963	-0.09617
1964	0.26302
1965	0.24212
1966	0.10670
1967	0.03843
1968	-0.20326
1969	-0.22933
1970	0.22462
1971	0.25714
1972	0.18415
1973	0.16708
1974	0.06067
1975	-0.30007
1976	-0.65785
1977	-0.68718
1978	-0.54606
1979	-0.51061
1980	-0.49032
1981	-0.34691
1982	-0.18496
1983	-0.08389
1984	0.01155
1985	0.07203
1986	0.05692
1987	0.04465
1988	0.06405
1989	0.02674
1990	-0.07314
1991	0.00895
1992	0.43802
1993	0.87125
1994	0.85841
1995	0.46213
1996	0.01927
1997	-0.59570
1998	-1.74759
1999	-2.46211
2000	-0.88028
2001	2.06771
2002	2.86585
2003	0.93896
2004	-0.47186
2005	0.32057
2006	1.15114
2007	0.56785
2008	0.29084
2009	1.32558
2010	1.76561
2011	0.26312
2012	-2.09994
2013	-3.62924
2014	-3.22279
2015	-1.24153
2016	1.02259
2017	1.89941
2018	1.01417
2019	-0.41598
2020	-1.26195
2021	-1.49254
2022	-1.44687
2023	-1.29583
2024	-1.15817
2025	-1.00459
2026	-0.82915
2027	-0.90538
2028	-1.21726
2029	-1.32283
2030	-1.18152
2031	-0.89241
2032	-0.70057
2033	-0.75904
2034	-0.90822
2035	-0.82184
2036	-0.65696
2037	-0.67202
2038	-0.73712
2039	-0.68399
2040	-0.70353
2041	-0.70709
2042	-0.57913
2043	-0.42511
2044	-0.47673
2045	-0.56503
2046	-0.62240
2047	-0.58580
2048	-0.49749
2049	-0.44823
2050	-0.46196
2051	-0.57887
2052	-0.70030
2053	-0.62508
2054	-0.65148
2055	-0.80670
2056	-0.95158
2057	-0.91564
2058	-0.81310
2059	-0.80087
2060	-0.87262
2061	-0.84632
2062	-0.94779
2063	-1.11909
2064	-1.07695
2065	-0.71075
2066	-0.29557
2067	-0.01740
2068	0.22133
2069	0.37982
2070	0.29980
2071	0.05727
2072	-0.22152
2073	-0.21680
2074	0.16804
2075	0.26009
2076	0.23552
2077	0.16351
2078	0.01786
2079	-0.24762
2080	-0.53311
2081	-0.65323
2082	-0.53466
2083	-0.36118
2084	-0.41558
2085	-0.55802
2086	-0.35652
2087	0.04790
2088	0.05425
2089	-0.27991
2090	-0.29984
2091	0.04980
2092	0.21563
2093	0.04103
2094	-0.12627
2095	-0.06523
2096	0.20513
2097	0.63052
2098	0.94304
2099	0.76959
2100	0.23713
2101	-0.35759
2102	-1.16610
2103	-1.78826
2104	-0.90652
2105	1.17592
2106	1.94674
2107	0.68285
2108	-0.31085
2109	0.40876
2110	1.19684
2111	0.70039
2112	0.36321
2113	1.31685
2114	2.12043
2115	1.07146
2116	-1.54821
2117	-3.77723
2118	-3.61159
2119	-1.28799
2120	1.04213
2121	1.65957
2122	0.53025
2123	-0.75901
2124	-1.12976
2125	-0.97349
2126	-0.91183
2127	-0.94807
2128	-0.92187
2129	-0.81979
2130	-0.72981
2131	-0.84215
2132	-1.02350
2133	-1.12360
2134	-1.11615
2135	-0.91143
2136	-0.71262
2137	-0.69681
2138	-0.83984
2139	-1.04287
2140	-1.05257
2141	-0.82385
2142	-0.65821
2143	-0.70889
2144	-0.78911
2145	-0.63588
2146	-0.35773
2147	-0.35901
2148	-0.62064
2149	-0.81245
2150	-0.59884
2151	-0.33037
2152	-0.47944
2153	-0.69655
2154	-0.62222
2155	-0.58656
2156	-0.56804
2157	-0.57219
2158	-0.69149
2159	-0.77947
2160	-0.74234
2161	-0.74967
2162	-0.78560
2163	-0.87400
2164	-0.99028
2165	-1.04311
2166	-1.00416
2167	-1.02734
2168	-1.13642
2169	-1.12451
2170	-0.81373
2171	-0.42995
2172	-0.17933
2173	0.04656
2174	0.27464
2175	0.27419
2176	0.04897
2177	-0.18676
2178	-0.27110
2179	-0.20451
2180	0.15869
2181	0.09796
2182	-0.00481
2183	0.06422
2184	0.19177
2185	0.13252
2186	-0.12555
2187	-0.40734
2188	-0.57905
2189	-0.61271
2190	-0.55306
2191	-0.42730
2192	-0.22202
2193	-0.07386
2194	-0.12241
2195	-0.17755
2196	-0.03217
2197	0.24622
2198	0.45475
2199	0.36005
2200	0.03681
2201	-0.13269
2202	-0.02701
2203	0.22896
2204	0.55077
2205	0.79284
2206	0.70292
2207	-0.03543
2208	-1.43185
2209	-2.36426
2210	-1.23899
2211	1.31677
2212	2.37380
2213	0.95962
2214	-0.45992
2215	0.08136
2216	1.38812
2217	1.58512
2218	0.86569
2219	0.12869
2220	-0.00543
2221	0.51964
2222	0.99778
2223	0.02629
2224	-2.41722
2225	-4.27272
2226	-3.30119
2227	-0.20486
2228	1.84174
2229	1.58014
2230	0.41294
2231	-0.43473
2232	-1.11456
2233	-1.53768
2234	-1.44797
2235	-1.09402
2236	-1.13545
2237	-1.25527
2238	-1.09684
2239	-1.04834
2240	-1.23743
2241	-1.19730
2242	-0.96043
2243	-0.82506
2244	-0.81131
2245	-0.84963
2246	-0.73898
2247	-0.63690
2248	-0.64246
2249	-0.74462
2250	-0.88260
2251	-0.75727
2252	-0.54216
2253	-0.53249
2254	-0.68322
2255	-0.69288
2256	-0.59163
2257	-0.56422
2258	-0.57680
2259	-0.60339
2260	-0.48372
2261	-0.38889
2262	-0.54234
2263	-0.69750
2264	-0.74756
2265	-0.87083
2266	-0.83777
2267	-0.77316
2268	-0.82930
2269	-0.92225
2270	-0.99009
2271	-1.03293
2272	-1.08514
2273	-1.18539
2274	-1.26374
2275	-1.10603
2276	-0.70827
2277	-0.25314
2278	0.03770
2279	0.10502
2280	-0.05676
2281	-0.16725
2282	-0.25348
2283	-0.14771
2284	0.04632
2285	0.06842
2286	0.24483
2287	0.15074
2288	0.03734
2289	0.14722
2290	0.38599
2291	0.37696
2292	0.06155
2293	-0.24099
2294	-0.40078
2295	-0.58973
2296	-0.76980
2297	-0.65304
2298	-0.29103
2299	-0.08187
2300	-0.14638
2301	-0.26354
2302	-0.30516
2303	-0.24073
2304	0.00474
2305	0.32296
2306	0.37683
2307	0.08864
2308	-0.16411
2309	-0.05864
2310	0.31197
2311	0.67644
2312	0.79978
2313	0.50642
2314	-0.05838
2315	-0.54231
2316	-0.98704
2317	-1.24429
2318	-0.36125
2319	1.41991
2320	1.84622
2321	0.28783
2322	-0.89305
2323	0.12504
2324	1.84449
2325	2.04996
2326	1.24823
2327	0.79756
2328	0.25516
2329	-0.85035
2330	-2.26100
2331	-3.20634
2332	-2.73934
2333	-0.83678
2334	0.88551
2335	1.10638
2336	0.42262
2337	-0.25286
2338	-0.75849
2339	-1.23275
2340	-1.45944
2341	-1.33062
2342	-1.02467
2343	-0.86031
2344	-0.87629
2345	-0.94925
2346	-1.01115
2347	-0.97692
2348	-0.81318
2349	-0.82884
2350	-0.94369
2351	-0.99279
2352	-0.91497
2353	-0.75280
2354	-0.60714
2355	-0.70528
2356	-0.79904
2357	-0.79146
2358	-0.66460
2359	-0.42846
2360	-0.29314
2361	-0.40098
2362	-0.55973
2363	-0.54891
2364	-0.40616
2365	-0.44396
2366	-0.68431
2367	-0.69531
2368	-0.51719
2369	-0.51486
2370	-0.72927
2371	-0.94817
2372	-0.99518
2373	-1.04124
2374	-1.05346
2375	-0.96244
2376	-0.84263
2377	-0.80712
2378	-0.77671
2379	-0.92691
2380	-1.12029
2381	-1.09144
2382	-0.90074
2383	-0.68031
2384	-0.67332
2385	-0.54217
2386	0.02233
2387	0.44195
2388	0.25620
2389	0.02492
2390	-0.12438
2391	-0.20458
2392	-0.11455
2393	0.19433
2394	0.15703
2395	0.03632
2396	0.05947
2397	0.16831
2398	0.07821
2399	-0.24274
2400	-0.53869
2401	-0.60701
2402	-0.50108
2403	-0.42190
2404	-0.38287
2405	-0.22578
2406	0.01933
2407	0.05958
2408	-0.22092
2409	-0.42008
2410	-0.15786
2411	0.25127
2412	0.29928
2413	0.10282
2414	0.02947
2415	0.11387
2416	0.37577
2417	0.89859
2418	1.28813
2419	0.98412
2420	0.13818
2421	-0.84634
2422	-1.98845
2423	-2.57868
2424	-1.14803
2425	1.47344
2426	2.09245
2427	0.11305
2428	-1.19285
2429	0.33990
2430	2.40330
2431	2.18900
2432	0.59748
2433	-0.40729
2434	-0.33956
2435	0.27015
2436	0.81628
2437	0.22264
2438	-1.63859
2439	-3.22218
2440	-2.60637
2441	-0.32729
2442	1.32577
2443	1.31791
2444	0.57501
2445	-0.24927
2446	-1.25646
2447	-1.86817
2448	-1.65479
2449	-1.01789
2450	-0.74947
2451	-0.84806
2452	-1.05734
2453	-1.17653
2454	-1.12765
2455	-0.90100
2456	-0.79710
2457	-0.94489
2458	-1.06695
2459	-0.92794
2460	-0.76681
2461	-0.83283
2462	-0.90837
2463	-0.78809
2464	-0.64242
2465	-0.54344
2466	-0.52022
2467	-0.49015
2468	-0.47369
2469	-0.50671
2470	-0.55269
2471	-0.61026
2472	-0.60580
2473	-0.56070
2474	-0.51974
2475	-0.55600
2476	-0.72812
2477	-0.88049
2478	-0.79170
2479	-0.73286
2480	-0.83332
2481	-0.99025
2482	-0.95166
2483	-0.86756
2484	-0.87579
2485	-0.99137
2486	-1.12427
2487	-1.04884
2488	-0.89551
2489	-0.82616
2490	-0.60280
2491	-0.25409
2492	0.01845
2493	0.21963
2494	0.09337
2495	-0.07710
2496	-0.14068
2497	-0.04832
2498	-0.02769
2499	-0.05540
2500	0.21598
2501	0.20704
2502	0.21172
2503	0.18389
2504	0.08672
2505	-0.08615
2506	-0.33915
2507	-0.56251
2508	-0.64370
2509	-0.63001
2510	-0.55324
2511	-0.38108
2512	-0.16429
2513	-0.02046
2514	-0.05729
2515	-0.19877
2516	-0.10337
2517	0.33305
2518	0.61871
2519	0.36679
2520	-0.07966
2521	-0.21616
2522	0.01190
2523	0.43834
2524	0.80867
2525	0.67959
2526	-0.00961
2527	-0.85558
2528	-1.79454
2529	-2.32856
2530	-0.91406
2531	2.05010
2532	3.09741
2533	0.94197
2534	-1.06925
2535	-0.15749
2536	1.90664
2537	2.13211
2538	0.95218
2539	0.25872
2540	0.64526
2541	1.24985
2542	0.72533
2543	-1.53529
2544	-4.06839
2545	-4.61036
2546	-2.28582
2547	0.77909
2548	2.12348
2549	1.48346
2550	0.23742
2551	-0.68011
2552	-1.36536
2553	-1.67160
2554	-1.51867
2555	-1.12107
2556	-1.13263
2557	-1.15835
2558	-1.08426
2559	-1.18594
2560	-1.22876
2561	-0.94823
2562	-0.76414
2563	-0.76107
2564	-0.98759
2565	-1.00060
2566	-0.69568
2567	-0.51357
2568	-0.67037
2569	-0.83361
2570	-0.79332
2571	-0.57435
2572	-0.46459
2573	-0.43347
2574	-0.53803
2575	-0.68421
2576	-0.70535
2577	-0.57130
2578	-0.46242
2579	-0.44406
2580	-0.42060
2581	-0.47417
2582	-0.57103
2583	-0.61248
2584	-0.66622
2585	-0.84925
2586	-1.04703
2587	-1.03714
2588	-0.76188
2589	-0.65236
2590	-0.89282
2591	-1.05260
2592	-0.98749
2593	-1.00423
2594	-1.10902
2595	-0.91739
2596	-0.51515
2597	-0.22139
2598	-0.12148
2599	-0.06722
2600	-0.05637
2601	-0.10929
2602	-0.13088
2603	-0.09931
2604	-0.27584
2605	-0.29036
2606	0.15458
2607	0.25262
2608	0.18257
2609	0.20426
2610	0.28104
2611	0.15424
2612	-0.14215
2613	-0.38449
2614	-0.52052
2615	-0.61011
2616	-0.59237
2617	-0.40848
2618	-0.21175
2619	-0.13613
2620	-0.08576
2621	-0.02669
2622	-0.08465
2623	-0.15053
2624	0.00099
2625	0.17113
2626	0.03264
2627	-0.20499
2628	-0.11253
2629	0.24074
2630	0.49537
2631	0.64445
2632	0.83252
2633	0.86433
2634	0.46069
2635	-0.56837
2636	-2.15415
2637	-2.79890
2638	-0.71440
2639	2.27299
2640	2.42775
2641	0.36306
2642	-0.11702
2643	1.46637
2644	2.01256
2645	0.82151
2646	-0.09996
2647	0.14086
2648	0.60336
2649	0.16894
2650	-1.33879
2651	-2.81606
2652	-2.80004
2653	-1.13761
2654	0.59110
2655	0.98313
2656	0.16307
2657	-0.73371
2658	-1.18000
2659	-1.25460
2660	-1.10204
2661	-0.88916
2662	-0.71113
2663	-0.66514
2664	-0.73867
2665	-0.95393
2666	-1.17132
2667	-1.06197
2668	-0.76281
2669	-0.61783
2670	-0.76411
2671	-0.91059
2672	-0.77023
2673	-0.62021
2674	-0.74609
2675	-0.95618
2676	-0.94112
2677	-0.68739
2678	-0.42541
2679	-0.31598
2680	-0.30319
2681	-0.40905
2682	-0.55883
2683	-0.59794
2684	-0.58559
2685	-0.54300
2686	-0.57434
2687	-0.76980
2688	-0.77369
2689	-0.71893
2690	-0.74700
2691	-0.77826
2692	-0.85685
2693	-0.95333
2694	-0.87894
2695	-0.71495
2696	-0.67614
2697	-0.89540
2698	-1.08871
2699	-1.16710
2700	-1.17365
2701	-1.12470
2702	-0.92735
2703	-0.60216
2704	-0.36912
2705	-0.13719
2706	0.10672
2707	0.08642
2708	-0.10738
2709	-0.18497
2710	-0.16064
2711	-0.10920
2712	-0.05157
2713	0.17224
2714	-0.01398
2715	-0.05588
2716	0.07923
2717	0.21355
2718	0.24446
2719	0.11395
2720	-0.23285
2721	-0.65077
2722	-0.77994
2723	-0.50965
2724	-0.22053
2725	-0.19891
2726	-0.22116
2727	-0.12321
2728	-0.07651
2729	-0.05497
2730	0.08360
2731	0.19562
2732	0.14423
2733	0.02616
2734	0.01315
2735	0.14587
2736	0.28707
2737	0.40955
2738	0.53521
2739	0.46616
2740	0.16796
2741	-0.36761
2742	-1.42897
2743	-2.20256
2744	-0.97949
2745	1.44884
2746	2.11933
2747	0.79843
2748	0.20817
2749	1.22487
2750	1.67065
2751	0.70310
2752	0.09062
2753	0.72009
2754	1.60222
2755	1.00209
2756	-1.40058
2757	-3.84950
2758	-4.03537
2759	-1.70678
2760	0.87683
2761	1.48541
2762	0.51985
2763	-0.37570
2764	-0.70176
2765	-0.97535
2766	-1.21529
2767	-1.30297
2768	-1.04942
2769	-0.83834
2770	-0.77637
2771	-0.81299
2772	-0.93519
2773	-1.09579
2774	-0.92830
2775	-0.67934
2776	-0.66732
2777	-0.72408
2778	-0.73002
2779	-0.76116
2780	-0.81184
2781	-0.90375
2782	-0.85692
2783	-0.63349
2784	-0.45657
2785	-0.45674
2786	-0.45706
2787	-0.47724
2788	-0.55340
2789	-0.50729
2790	-0.42501
2791	-0.51587
2792	-0.54590
2793	-0.47867
2794	-0.47826
2795	-0.56178
2796	-0.67975
2797	-0.81987
2798	-0.87127
2799	-0.92238
2800	-0.95268
2801	-0.89012
2802	-0.86486
2803	-0.92106
2804	-0.99036
2805	-1.22818
2806	-1.34299
2807	-1.24136
2808	-0.96383
2809	-0.47219
2810	0.02951
2811	0.15608
2812	0.03972
2813	-0.04835
2814	-0.03569
2815	-0.04849
2816	-0.03774
2817	-0.08925
2818	-0.13342
2819	0.10460
2820	0.08279
2821	0.02594
2822	0.06540
2823	0.28077
2824	0.39496
2825	0.07065
2826	-0.53624
2827	-0.93895
2828	-0.91498
2829	-0.62045
2830	-0.30822
2831	-0.14769
2832	-0.15832
2833	-0.20648
2834	-0.20643
2835	-0.18025
2836	-0.05233
2837	0.21306
2838	0.41332
2839	0.40841
2840	0.28282
2841	0.20506
2842	0.34284
2843	0.60362
2844	0.58391
2845	0.15491
2846	-0.37487
2847	-0.99334
2848	-1.86888
2849	-2.01876
2850	-0.15649
2851	2.28787
2852	2.31889
2853	0.17006
2854	-0.90699
2855	0.44548
2856	1.85749
2857	1.55351
2858	1.19717
2859	1.74903
2860	2.03306
2861	0.43746
2862	-2.60657
2863	-4.55134
2864	-3.54745
2865	-0.60394
2866	1.34246
2867	1.15783
2868	-0.03084
2869	-0.81616
2870	-1.05466
2871	-1.29860
2872	-1.39130
2873	-1.00261
2874	-0.69516
2875	-0.92722
2876	-1.17185
2877	-1.07305
2878	-0.78635
2879	-0.70517
2880	-0.84978
2881	-0.84870
2882	-0.68966
2883	-0.80461
2884	-1.13988
2885	-1.12448
2886	-0.71799
2887	-0.44184
2888	-0.58021
2889	-0.72816
2890	-0.66208
2891	-0.52226
2892	-0.51596
2893	-0.42656
2894	-0.41624
2895	-0.56058
2896	-0.64301
2897	-0.55663
2898	-0.50290
2899	-0.50737
2900	-0.60842
2901	-0.60568
2902	-0.59823
2903	-0.77299
2904	-0.90837
2905	-0.85686
2906	-0.73082
2907	-0.60008
2908	-0.67286
2909	-0.92710
2910	-1.14109
2911	-1.30227
2912	-1.22987
2913	-1.00030
2914	-0.86787
2915	-0.59198
2916	-0.16804
2917	0.08164
2918	0.04630
2919	-0.10940
2920	-0.29040
2921	-0.25829
2922	-0.07119
2923	-0.23136
2924	-0.30452
2925	0.10816
2926	0.20152
2927	0.32985
2928	0.41219
2929	0.24177
2930	-0.12998
2931	-0.39380
2932	-0.45432
2933	-0.49779
2934	-0.58866
2935	-0.52580
2936	-0.25195
2937	-0.08105
2938	-0.14084
2939	-0.13247
2940	0.01894
2941	0.06095
2942	-0.00772
2943	0.00284
2944	0.09687
2945	0.13612
2946	0.04477
2947	-0.01204
2948	0.15679
2949	0.45631
2950	0.75302
2951	0.93933
2952	0.76674
2953	0.04568
2954	-1.26395
2955	-2.50071
2956	-1.94383
2957	0.72083
2958	2.50812
2959	1.20946
2960	-0.79875
2961	-0.22064
2962	2.00480
2963	2.43342
2964	0.72660
2965	-0.62341
2966	-0.52062
2967	0.31109
2968	0.59266
2969	-0.30486
2970	-1.97880
2971	-2.95433
2972	-2.19627
2973	-0.39877
2974	1.12255
2975	1.40353
2976	0.67300
2977	-0.39529
2978	-1.17259
2979	-1.35601
2980	-1.26515
2981	-1.12645
2982	-0.93862
2983	-0.93837
2984	-1.04157
2985	-1.01853
2986	-1.07448
2987	-1.08151
2988	-0.97654
2989	-0.88390
2990	-0.70810
2991	-0.63286
2992	-0.74315
2993	-0.79844
2994	-0.89058
2995	-1.00866
2996	-0.88221
2997	-0.59661
2998	-0.55667
2999	-0.53641
3000	-0.42194
3001	-0.50173
3002	-0.64549
3003	-0.53482
3004	-0.38480
3005	-0.34867
3006	-0.54617
3007	-0.73623
3008	-0.58365
3009	-0.48759
3010	-0.73555
3011	-0.97368
3012	-0.92876
3013	-0.88764
3014	-0.83653
3015	-0.75526
3016	-0.80513
3017	-1.00866
3018	-1.17136
3019	-1.26867
3020	-1.11683
3021	-0.79011
3022	-0.55481
3023	-0.55005
3024	-0.44939
3025	-0.15910
3026	0.12588
3027	0.17978
3028	0.06150
3029	-0.06432
3030	-0.21959
3031	-0.26258
3032	-0.00044
3033	0.01186
3034	0.02960
3035	0.10127
3036	0.21646
3037	0.24593
3038	0.02087
3039	-0.41183
3040	-0.74833
3041	-0.76248
3042	-0.52191
3043	-0.27711
3044	-0.19994
3045	-0.21813
3046	-0.16905
3047	-0.00954
3048	0.16013
3049	0.20209
3050	0.07995
3051	-0.07998
3052	-0.07287
3053	0.10211
3054	0.19149
3055	0.12176
3056	0.15150
3057	0.47672
3058	0.93743
3059	1.13020
3060	0.74111
3061	-0.33194
3062	-1.87684
3063	-2.74165
3064	-1.37283
3065	1.47009
3066	2.55580
3067	0.79972
3068	-1.14369
3069	-0.85179
3070	0.90803
3071	1.86879
3072	1.61970
3073	1.63412
3074	1.91611
3075	1.66262
3076	0.04723
3077	-2.45704
3078	-4.18356
3079	-3.72676
3080	-1.14720
3081	1.51937
3082	2.15448
3083	0.82464
3084	-0.74782
3085	-1.47566
3086	-1.43566
3087	-1.23188
3088	-1.07026
3089	-1.05841
3090	-1.26827
3091	-1.29492
3092	-1.10683
3093	-0.99003
3094	-0.88513
3095	-0.86359
3096	-1.05593
3097	-1.16009
3098	-1.07803
3099	-1.01816
3100	-0.90309
3101	-0.81018
3102	-0.76839
3103	-0.65002
3104	-0.64270
3105	-0.77722
3106	-0.71346
3107	-0.55243
3108	-0.53444
3109	-0.51037
3110	-0.52028
3111	-0.68711
3112	-0.79296
3113	-0.63109
3114	-0.40674
3115	-0.32313
3116	-0.47057
3117	-0.73331
3118	-0.90216
3119	-0.93521
3120	-0.82866
3121	-0.71442
3122	-0.69416
3123	-0.82006
3124	-0.91655
3125	-0.94669
3126	-1.05794
3127	-1.06252
3128	-0.82033
3129	-0.56762
3130	-0.31905
3131	0.01292
3132	0.23931
3133	0.18352
3134	0.02241
3135	-0.08935
3136	-0.18424
3137	-0.28585
3138	0.04115
3139	0.14005
3140	0.15889
3141	0.16936
3142	0.12495
3143	-0.03581
3144	-0.24072
3145	-0.43032
3146	-0.57016
3147	-0.54203
3148	-0.33720
3149	-0.16029
3150	-0.15432
3151	-0.21266
3152	-0.14652
3153	0.04334
3154	0.14843
3155	0.07032
3156	-0.01116
3157	-0.00154
3158	-0.02129
3159	-0.02034
3160	0.10007
3161	0.19136
3162	0.17253
3163	0.18977
3164	0.42499
3165	0.84094
3166	0.81314
3167	-0.47036
3168	-2.49100
3169	-2.97116
3170	-0.65767
3171	1.99800
3172	1.76409
3173	-0.43785
3174	-0.99664
3175	0.89921
3176	2.30229
3177	1.66561
3178	0.81636
3179	1.01143
3180	1.69599
3181	1.86383
3182	0.66855
3183	-1.94353
3184	-4.23924
3185	-3.93276
3186	-1.01917
3187	1.86018
3188	2.43416
3189	0.79461
3190	-0.99558
3191	-1.54526
3192	-1.38181
3193	-1.19565
3194	-1.01569
3195	-0.85345
3196	-0.79274
3197	-0.93121
3198	-1.13177
3199	-1.18044
3200	-1.01455
3201	-0.86663
3202	-0.77957
3203	-0.82305
3204	-0.98141
3205	-1.03478
3206	-0.96326
3207	-0.93458
3208	-0.78723
3209	-0.64069
3210	-0.62084
3211	-0.63248
3212	-0.57835
3213	-0.59058
3214	-0.67871
3215	-0.65461
3216	-0.44186
3217	-0.36459
3218	-0.53296
3219	-0.67472
3220	-0.65217
3221	-0.40312
3222	-0.44498
3223	-0.64650
3224	-0.73813
3225	-0.80428
3226	-0.96627
3227	-1.00083
3228	-0.84837
3229	-0.83597
3230	-1.03159
3231	-1.23401
3232	-1.18317
3233	-0.87442
3234	-0.49571
3235	-0.16222
3236	0.07321
3237	0.20617
3238	0.15364
3239	0.03060
3240	0.03608
3241	-0.03987
3242	-0.14506
3243	0.15988
3244	0.26868
3245	0.33934
3246	0.36546
3247	0.27170
3248	0.00634
3249	-0.34036
3250	-0.62802
3251	-0.77874
3252	-0.76856
3253	-0.57662
3254	-0.28644
3255	-0.13125
3256	-0.17783
3257	-0.20778
3258	-0.11510
3259	-0.03027
3260	-0.00491
3261	0.09430
3262	0.31334
3263	0.36261
3264	0.06563
3265	-0.18372
3266	-0.07098
3267	0.21733
3268	0.54180
3269	0.82050
3270	0.71296
3271	0.04816
3272	-1.06282
3273	-2.28115
3274	-2.31256
3275	-0.14085
3276	2.26986
3277	2.10416
3278	0.26819
3279	-0.15173
3280	1.21344
3281	1.84194
3282	0.94313
3283	0.23690
3284	0.53912
3285	0.99445
3286	0.58341
3287	-1.11514
3288	-3.05224
3289	-3.51155
3290	-1.76716
3291	0.48637
3292	1.38973
3293	0.73804
3294	-0.26102
3295	-0.90560
3296	-1.17359
3297	-1.21078
3298	-1.07702
3299	-0.88440
3300	-0.68691
3301	-0.67268
3302	-0.85621
3303	-0.98715
3304	-0.94614
3305	-0.81068
3306	-0.84729
3307	-1.01842
3308	-1.08690
3309	-0.95624
3310	-0.64279
3311	-0.54405
3312	-0.77179
3313	-0.85868
3314	-0.69006
3315	-0.50829
3316	-0.37674
3317	-0.37746
3318	-0.48991
3319	-0.56598
3320	-0.54181
3321	-0.54890
3322	-0.73246
3323	-0.78841
3324	-0.58244
3325	-0.48127
3326	-0.63504
3327	-0.78588
3328	-0.79663
3329	-0.84467
3330	-0.90274
3331	-0.83447
3332	-0.75651
3333	-0.72581
3334	-0.71553
3335	-0.81571
3336	-1.10888
3337	-1.31721
3338	-1.11752
3339	-0.71118
3340	-0.55018
3341	-0.63763
3342	-0.47828
3343	0.01490
3344	0.34945
3345	0.18705
3346	0.02823
3347	-0.19062
3348	-0.30880
3349	-0.17653
3350	0.06608
3351	0.09316
3352	0.05226
3353	0.04308
3354	0.12303
3355	0.21117
3356	0.14311
3357	-0.18065
3358	-0.59537
3359	-0.77130
3360	-0.58433
3361	-0.26212
3362	-0.12793
3363	-0.20319
3364	-0.20722
3365	-0.06037
3366	0.01182
3367	-0.00006
3368	0.10926
3369	0.19131
3370	0.00920
3371	-0.12733
3372	0.12597
3373	0.55977
3374	0.86201
3375	0.87525
3376	0.54442
3377	0.08483
3378	-0.48794
3379	-1.47223
3380	-2.10925
3381	-0.89818
3382	1.39389
3383	2.02731
3384	0.72649
3385	0.02209
3386	0.92899
3387	1.38756
3388	0.40051
3389	0.04037
3390	0.79554
3391	1.27741
3392	0.23888
3393	-1.78893
3394	-3.05561
3395	-2.56405
3396	-1.31468
3397	-0.48382
3398	-0.14054
3399	-0.00716
3400	-0.35789
3401	-0.82389
3402	-0.92515
3403	-0.84123
3404	-0.91140
3405	-0.94581
3406	-0.88167
3407	-0.79369
3408	-0.88328
3409	-1.02052
3410	-1.06285
3411	-0.94446
3412	-0.71927
3413	-0.62688
3414	-0.77945
3415	-0.83296
3416	-0.75133
3417	-0.63538
3418	-0.66028
3419	-0.69142
3420	-0.55344
3421	-0.36515
3422	-0.25380
3423	-0.21373
3424	-0.31562
3425	-0.43927
3426	-0.58542
3427	-0.64789
3428	-0.61801
3429	-0.53028
3430	-0.47310
3431	-0.57065
3432	-0.78294
3433	-1.01748
3434	-1.08280
3435	-1.03431
3436	-0.99349
3437	-0.90612
3438	-0.78323
3439	-0.84181
3440	-0.96258
3441	-1.04644
3442	-1.13129
3443	-1.03319
3444	-0.90441
3445	-0.91140
3446	-0.83633
3447	-0.64262
3448	-0.45305
3449	-0.12150
3450	0.11608
3451	0.08953
3452	0.01213
3453	-0.00080
3454	0.03084
3455	-0.07668
3456	0.01162
3457	0.01576
3458	0.08545
3459	0.16126
3460	0.21819
3461	0.18681
3462	0.02834
3463	-0.17402
3464	-0.30091
3465	-0.28300
3466	-0.18263
3467	-0.20322
3468	-0.36106
3469	-0.36552
3470	-0.14574
3471	-0.07409
3472	-0.30935
3473	-0.37754
3474	0.06148
3475	0.53532
3476	0.47075
3477	0.00797
3478	-0.32303
3479	-0.23103
3480	0.18544
3481	0.60297
3482	0.70706
3483	0.41477
3484	-0.17293
3485	-1.07731
3486	-2.10532
3487	-2.08208
3488	0.02899
3489	2.64657
3490	2.76994
3491	0.50123
3492	-1.05328
3493	-0.24960
3494	1.25658
3495	1.63887
3496	1.18214
3497	0.76791
3498	0.77413
3499	0.76805
3500	0.04842
3501	-1.78299
3502	-3.75717
3503	-3.99320
3504	-1.93380
3505	0.92712
3506	2.50259
3507	2.11804
3508	0.58883
3509	-0.77399
3510	-1.55548
3511	-1.72175
3512	-1.43398
3513	-1.32062
3514	-1.35500
3515	-1.21451
3516	-1.03371
3517	-1.01796
3518	-0.98048
3519	-1.00855
3520	-1.02953
3521	-1.00832
3522	-0.83092
3523	-0.73006
3524	-0.76737
3525	-0.84351
3526	-0.82962
3527	-0.79094
3528	-0.58624
3529	-0.48976
3530	-0.50764
3531	-0.48695
3532	-0.39126
3533	-0.35861
3534	-0.42658
3535	-0.59056
3536	-0.71671
3537	-0.56800
3538	-0.44827
3539	-0.50990
3540	-0.53460
3541	-0.50398
3542	-0.62732
3543	-0.75868
3544	-0.84993
3545	-0.87159
3546	-0.79826
3547	-0.67013
3548	-0.70162
3549	-0.84442
3550	-0.93044
3551	-0.96491
3552	-1.00898
3553	-1.04581
3554	-1.02511
3555	-0.67731
3556	-0.43674
3557	-0.40589
3558	-0.14218
3559	0.05250
3560	-0.03099
3561	-0.09940
3562	-0.16180
3563	-0.28935
3564	-0.13948
3565	0.25419
3566	0.28445
3567	0.21094
3568	0.15613
3569	0.18790
3570	0.22251
3571	0.09568
3572	-0.17425
3573	-0.39696
3574	-0.45713
3575	-0.43136
3576	-0.40300
3577	-0.34535
3578	-0.25097
3579	-0.17825
3580	-0.11049
3581	0.02502
3582	0.14439
3583	0.17522
3584	0.24822
3585	0.27154
3586	-0.00342
3587	-0.23722
3588	0.07822
3589	0.58745
3590	0.64455
3591	0.37611
3592	0.20555
3593	0.11642
3594	-0.22718
3595	-1.08862
3596	-1.90573
3597	-1.30616
3598	0.71573
3599	1.87416
3600	0.81160
3601	-0.73696
3602	-0.49150
3603	1.08144
3604	1.58281
3605	0.62649
3606	0.02906
3607	0.71338
3608	1.55938
3609	1.42767
3610	-0.18064
3611	-2.59270
3612	-3.84880
3613	-2.43384
3614	0.38032
3615	2.07581
3616	1.66679
3617	0.38442
3618	-0.61005
3619	-1.17761
3620	-1.49496
3621	-1.43053
3622	-1.15924
3623	-1.01874
3624	-1.00757
3625	-0.95782
3626	-0.81554
3627	-0.76716
3628	-0.92858
3629	-1.02025
3630	-0.92491
3631	-0.79829
3632	-0.70651
3633	-0.75107
3634	-0.83680
3635	-0.91540
3636	-0.88849
3637	-0.70969
3638	-0.63352
3639	-0.80604
3640	-0.88222
3641	-0.56314
3642	-0.36573
3643	-0.44047
3644	-0.58910
3645	-0.75514
3646	-0.66970
3647	-0.43604
3648	-0.46782
3649	-0.57962
3650	-0.57203
3651	-0.67589
3652	-0.76504
3653	-0.83171
3654	-0.90521
3655	-0.82448
3656	-0.69512
3657	-0.75980
3658	-0.89700
3659	-1.00556
3660	-1.09732
3661	-1.13200
3662	-1.02046
3663	-0.89830
3664	-0.64555
3665	-0.29469
3666	-0.09154
3667	0.23763
3668	0.36793
3669	0.13119
3670	-0.20185
3671	-0.24589
3672	-0.28186
3673	-0.31450
3674	0.01785
3675	0.18592
3676	0.26790
3677	0.24402
3678	0.15767
3679	0.00275
3680	-0.14083
3681	-0.19794
3682	-0.29983
3683	-0.46584
3684	-0.48482
3685	-0.34988
3686	-0.23455
3687	-0.16064
3688	-0.09391
3689	-0.06992
3690	-0.08849
3691	-0.05870
3692	0.14830
3693	0.43536
3694	0.40532
3695	0.02093
3696	-0.15273
3697	0.14275
3698	0.47289
3699	0.49631
3700	0.37341
3701	0.35591
3702	0.45288
3703	0.30242
3704	-0.59094
3705	-1.84949
3706	-1.91661
3707	0.04021
3708	2.34185
3709	2.43383
3710	0.22170
3711	-1.80780
3712	-1.59668
3713	0.23102
3714	1.45459
3715	1.20697
3716	0.64846
3717	0.81261
3718	1.35541
3719	1.14207
3720	-0.46195
3721	-2.59329
3722	-3.48753
3723	-2.21335
3724	0.26473
3725	1.99900
3726	1.85466
3727	0.23903
3728	-1.25432
3729	-1.77973
3730	-1.67970
3731	-1.42949
3732	-1.18767
3733	-1.02759
3734	-0.84577
3735	-0.84212
3736	-0.90502
3737	-0.89867
3738	-0.96198
3739	-1.04454
3740	-0.99645
3741	-0.86511
3742	-0.71054
3743	-0.70774
3744	-0.89160
3745	-0.98747
3746	-0.86600
3747	-0.70167
3748	-0.59421
3749	-0.56841
3750	-0.53454
3751	-0.40469
3752	-0.38412
3753	-0.48461
3754	-0.62538
3755	-0.66631
3756	-0.59313
3757	-0.48932
3758	-0.45994
3759	-0.55328
3760	-0.69916
3761	-0.69632
3762	-0.73537
3763	-0.94777
3764	-1.04393
3765	-0.97455
3766	-0.78666
3767	-0.68716
3768	-0.85449
3769	-1.10187
3770	-1.12591
3771	-0.99604
3772	-0.92357
3773	-0.82060
3774	-0.69628
3775	-0.75951
3776	-0.57635
3777	-0.13131
3778	0.36442
3779	0.48291
3780	0.36497
3781	0.14569
3782	-0.14456
3783	-0.41233
3784	-0.31145
3785	0.05968
3786	0.28493
3787	0.30310
3788	0.13430
3789	-0.05150
3790	-0.03984
3791	0.05463
3792	-0.09262
3793	-0.40318
3794	-0.49558
3795	-0.37217
3796	-0.31391
3797	-0.28989
3798	-0.14241
3799	-0.02967
3800	-0.18525
3801	-0.41164
3802	-0.30669
3803	0.04361
3804	0.26396
3805	0.30623
3806	0.33873
3807	0.48004
3808	0.67309
3809	0.64062
3810	0.26617
3811	-0.30155
3812	-1.17394
3813	-2.21915
3814	-1.97588
3815	0.38993
3816	2.57256
3817	2.21758
3818	0.62670
3819	0.15423
3820	0.56698
3821	0.66838
3822	1.01627
3823	2.17281
3824	2.30506
3825	0.00527
3826	-3.55681
3827	-5.34084
3828	-3.33735
3829	0.27595
3830	1.84908
3831	1.09555
3832	-0.00949
3833	-0.59233
3834	-0.99174
3835	-1.26610
3836	-1.46863
3837	-1.41539
3838	-1.15991
3839	-0.80899
3840	-0.68117
3841	-1.05840
3842	-1.35850
3843	-1.11112
3844	-0.78379
3845	-0.79486
3846	-0.81948
3847	-0.69655
3848	-0.63299
3849	-0.73622
3850	-0.88927
3851	-0.87544
3852	-0.57665
3853	-0.43098
3854	-0.59634
3855	-0.73334
3856	-0.61313
3857	-0.44782
3858	-0.41915
3859	-0.41242
3860	-0.36392
3861	-0.40660
3862	-0.63299
3863	-0.71663
3864	-0.58597
3865	-0.54565
3866	-0.66049
3867	-0.92503
3868	-1.00465
3869	-0.93782
3870	-0.89362
3871	-0.78287
3872	-0.64628
3873	-0.75475
3874	-1.01898
3875	-1.04508
3876	-0.88035
3877	-0.83137
3878	-0.91980
3879	-0.79622
3880	-0.32722
3881	0.15310
3882	0.33494
3883	0.22148
3884	-0.00762
3885	-0.24022
3886	-0.25561
3887	-0.23398
3888	-0.18980
3889	0.05109
3890	0.00266
3891	0.11811
3892	0.29608
3893	0.32055
3894	0.14217
3895	-0.16163
3896	-0.46884
3897	-0.64807
3898	-0.60186
3899	-0.37625
3900	-0.18867
3901	-0.18564
3902	-0.25388
3903	-0.25637
3904	-0.25250
3905	-0.21695
3906	0.00435
3907	0.20598
3908	0.04786
3909	-0.22000
3910	-0.12615
3911	0.21834
3912	0.42869
3913	0.44913
3914	0.35176
3915	0.13264
3916	-0.21244
3917	-0.93811
3918	-1.97211
3919	-1.74561
3920	0.79509
3921	3.23965
3922	2.70719
3923	0.33945
3924	-0.78625
3925	0.07051
3926	1.14367
3927	1.47965
3928	1.68719
3929	1.36365
3930	0.05974
3931	-1.64257
3932	-2.69364
3933	-2.81382
3934	-1.98659
3935	-0.45851
3936	0.66442
3937	0.76434
3938	0.27132
3939	-0.29208
3940	-0.84257
3941	-1.22617
3942	-1.25323
3943	-1.07835
3944	-0.98051
3945	-1.04442
3946	-0.94736
3947	-0.83380
3948	-0.94644
3949	-1.16625
3950	-1.06404
3951	-0.79941
3952	-0.80593
3953	-1.03098
3954	-1.08977
3955	-0.90295
3956	-0.62778
3957	-0.62633
3958	-0.85992
3959	-0.85221
3960	-0.58901
3961	-0.41017
3962	-0.40982
3963	-0.62638
3964	-0.65610
3965	-0.50185
3966	-0.45226
3967	-0.48725
3968	-0.52388
3969	-0.58004
3970	-0.64269
3971	-0.58668
3972	-0.46748
3973	-0.59855
3974	-0.95630
3975	-1.12499
3976	-1.01652
3977	-0.77935
3978	-0.74267
3979	-0.89737
3980	-1.02492
3981	-1.09106
3982	-1.12861
3983	-0.98910
3984	-0.82852
3985	-0.70125
3986	-0.60877
3987	-0.57263
3988	-0.38643
3989	0.13148
3990	0.57491
3991	0.38311
3992	-0.01949
3993	-0.19552
3994	-0.26457
3995	-0.24236
3996	-0.01320
3997	0.13282
3998	0.18922
3999	0.21304
4000	0.28372
4001	0.20386
4002	-0.10127
4003	-0.38288
4004	-0.44682
4005	-0.38950
4006	-0.38848
4007	-0.43577
4008	-0.38776
4009	-0.24548
4010	-0.15515
4011	-0.15679
4012	-0.14952
4013	-0.06768
4014	0.07099
4015	0.28756
4016	0.47240
4017	0.29588
4018	-0.14099
4019	-0.18090
4020	0.42337
4021	1.07608
4022	0.98988
4023	0.07025
4024	-1.08838
4025	-2.05550
4026	-2.34080
4027	-0.91318
4028	1.79555
4029	2.92596
4030	1.24405
4031	-0.65071
4032	-0.34338
4033	1.01635
4034	1.18008
4035	0.50058
4036	0.44762
4037	1.05151
4038	1.23672
4039	0.49040
4040	-1.11364
4041	-2.75757
4042	-3.38131
4043	-2.21730
4044	-0.10311
4045	1.27608
4046	1.13055
4047	0.15311
4048	-0.82482
4049	-1.33369
4050	-1.24255
4051	-1.02430
4052	-0.94386
4053	-1.07043
4054	-1.20139
4055	-1.23188
4056	-1.15804
4057	-0.99621
4058	-0.80003
4059	-0.75552
4060	-0.78769
4061	-0.84591
4062	-0.82578
4063	-0.69900
4064	-0.76771
4065	-1.00510
4066	-0.80986
4067	-0.35460
4068	-0.41784
4069	-0.59965
4070	-0.60692
4071	-0.69342
4072	-0.64358
4073	-0.54751
4074	-0.69010
4075	-0.57580
4076	-0.40525
4077	-0.41888
4078	-0.46871
4079	-0.53034
4080	-0.73006
4081	-0.87095
4082	-0.84734
4083	-0.89966
4084	-0.89777
4085	-0.84019
4086	-0.87632
4087	-0.98389
4088	-1.07169
4089	-1.06330
4090	-1.00114
4091	-0.91645
4092	-0.84305
4093	-0.69738
4094	-0.51241
4095	-0.30301
4096	-0.09539
4097	0.04214
4098	0.06425
4099	-0.00215
4100	-0.15601
4101	-0.35136
4102	-0.30019
4103	0.07138
4104	0.19425
4105	0.14522
4106	0.09589
4107	0.13342
4108	0.12790
4109	0.01771
4110	-0.16123
4111	-0.37283
4112	-0.56774
4113	-0.68540
4114	-0.59723
4115	-0.25839
4116	0.05153
4117	0.07532
4118	-0.07503
4119	-0.22989
4120	-0.35062
4121	-0.28155
4122	0.07720
4123	0.38917
4124	0.33240
4125	0.11125
4126	0.12857
4127	0.53309
4128	0.97528
4129	0.82197
4130	-0.00117
4131	-1.05826
4132	-2.15216
4133	-2.45766
4134	-0.46392
4135	2.71344
4136	3.33088
4137	0.79306
4138	-1.26495
4139	-0.59883
4140	0.87186
4141	0.97079
4142	0.70512
4143	1.55938
4144	2.70000
4145	2.20517
4146	-0.83420
4147	-4.50192
4148	-5.76573
4149	-3.49823
4150	0.38347
4151	3.13307
4152	3.08720
4153	1.02193
4154	-1.01482
4155	-1.79703
4156	-1.75052
4157	-1.47398
4158	-1.16607
4159	-0.85239
4160	-0.84802
4161	-1.04629
4162	-1.14325
4163	-1.13334
4164	-1.06731
4165	-1.00752
4166	-0.95410
4167	-0.91510
4168	-0.83472
4169	-0.81733
4170	-0.82967
4171	-0.82556
4172	-0.80934
4173	-0.78469
4174	-0.69711
4175	-0.67998
4176	-0.65297
4177	-0.63878
4178	-0.68771
4179	-0.73247
4180	-0.65304
4181	-0.43059
4182	-0.23398
4183	-0.36350
4184	-0.68569
4185	-0.79592
4186	-0.74274
4187	-0.85450
4188	-0.98316
4189	-0.89300
4190	-0.75064
4191	-0.75531
4192	-0.91967
4193	-0.99409
4194	-1.07397
4195	-1.11275
4196	-1.10524
4197	-0.88737
4198	-0.42855
4199	-0.12943
4200	-0.10779
4201	-0.13889
4202	-0.00543
4203	0.01365
4204	-0.07669
4205	-0.03812
4206	-0.12871
4207	-0.28442
4208	-0.00421
4209	0.21707
4210	0.31387
4211	0.30556
4212	0.29615
4213	0.15935
4214	-0.22169
4215	-0.60324
4216	-0.72191
4217	-0.68239
4218	-0.64004
4219	-0.46456
4220	-0.09081
4221	0.14585
4222	0.02458
4223	-0.15961
4224	-0.18335
4225	-0.22979
4226	-0.28436
4227	-0.03267
4228	0.36265
4229	0.38439
4230	0.12660
4231	0.08240
4232	0.30578
4233	0.47666
4234	0.36856
4235	0.03588
4236	-0.47064
4237	-1.27631
4238	-1.75845
4239	-0.52077
4240	1.86591
4241	2.45109
4242	0.46318
4243	-1.32074
4244	-0.71614
4245	1.01800
4246	1.52394
4247	0.91228
4248	0.50589
4249	0.57812
4250	0.76085
4251	0.89123
4252	0.60541
4253	-0.59660
4254	-2.22907
4255	-3.00611
4256	-2.09774
4257	-0.22378
4258	0.96615
4259	0.70092
4260	-0.22077
4261	-0.81311
4262	-1.11309
4263	-1.23279
4264	-1.14236
4265	-1.02956
4266	-1.15543
4267	-1.18232
4268	-1.00237
4269	-0.96243
4270	-1.10045
4271	-1.04508
4272	-0.88446
4273	-0.78283
4274	-0.85361
4275	-1.08570
4276	-1.02612
4277	-0.78692
4278	-0.80039
4279	-0.92763
4280	-0.83828
4281	-0.68669
4282	-0.55798
4283	-0.58955
4284	-0.62584
4285	-0.53119
4286	-0.55031
4287	-0.79651
4288	-0.83915
4289	-0.67544
4290	-0.53751
4291	-0.44279
4292	-0.42595
4293	-0.53525
4294	-0.65704
4295	-0.66609
4296	-0.73793
4297	-0.83418
4298	-0.87228
4299	-0.72437
4300	-0.54773
4301	-0.71258
4302	-1.10393
4303	-1.19469
4304	-1.05090
4305	-0.90911
4306	-0.84370
4307	-0.88975
4308	-0.85363
4309	-0.36839
4310	0.24864
4311	0.39471
4312	0.07948
4313	-0.07151
4314	-0.08233
4315	-0.23686
4316	-0.34915
4317	-0.03649
4318	0.15532
4319	0.20636
4320	0.16652
4321	0.14809
4322	0.11455
4323	-0.00807
4324	-0.24143
4325	-0.50864
4326	-0.63903
4327	-0.54695
4328	-0.31111
4329	-0.09217
4330	-0.02704
4331	-0.06211
4332	-0.03501
4333	0.02286
4334	0.00454
4335	-0.00274
4336	0.05544
4337	0.08110
4338	0.09840
4339	0.18180
4340	0.22792
4341	0.13164
4342	0.02940
4343	0.24814
4344	0.87226
4345	1.34760
4346	0.80161
4347	-1.04248
4348	-2.89872
4349	-2.44346
4350	0.46867
4351	2.41157
4352	1.20428
4353	-0.55053
4354	0.10699
4355	1.84130
4356	1.73014
4357	0.23186
4358	-0.54336
4359	-0.09791
4360	0.61288
4361	1.15781
4362	0.79488
4363	-1.28224
4364	-3.70730
4365	-4.01626
4366	-1.57839
4367	1.44239
4368	2.31264
4369	1.01165
4370	-0.52409
4371	-1.26052
4372	-1.44038
4373	-1.39008
4374	-1.28231
4375	-1.11290
4376	-0.83259
4377	-0.81775
4378	-1.01511
4379	-1.18182
4380	-1.20052
4381	-1.07248
4382	-1.02962
4383	-0.94983
4384	-0.70826
4385	-0.68392
4386	-0.76859
4387	-0.85778
4388	-0.86925
4389	-0.79616
4390	-0.72927
4391	-0.62294
4392	-0.48014
4393	-0.51554
4394	-0.54275
4395	-0.50306
4396	-0.46520
4397	-0.52563
4398	-0.64290
4399	-0.70723
4400	-0.64101
4401	-0.55730
4402	-0.53718
4403	-0.61637
4404	-0.72430
4405	-0.80036
4406	-0.82832
4407	-0.79777
4408	-0.65740
4409	-0.57614
4410	-0.80769
4411	-1.11506
4412	-1.22123
4413	-1.02597
4414	-0.92390
4415	-0.95794
4416	-0.93815
4417	-0.80159
4418	-0.60456
4419	-0.15311
4420	0.29411
4421	0.26294
4422	-0.08103
4423	-0.23865
4424	-0.33245
4425	-0.21675
4426	-0.11051
4427	0.13954
4428	0.23698
4429	0.32747
4430	0.25904
4431	0.05286
4432	-0.06075
4433	-0.02598
4434	-0.09994
4435	-0.33903
4436	-0.44050
4437	-0.35665
4438	-0.35343
4439	-0.40209
4440	-0.26822
4441	-0.05401
4442	-0.01545
4443	-0.11381
4444	-0.12246
4445	0.03904
4446	0.22479
4447	0.29836
4448	0.28127
4449	0.15441
4450	-0.06285
4451	-0.08173
4452	0.26495
4453	0.67637
4454	0.72126
4455	0.25182
4456	-0.59222
4457	-1.48830
4458	-1.73809
4459	-0.69303
4460	0.92136
4461	1.38164
4462	0.54865
4463	0.25277
4464	1.32075
4465	2.04269
4466	1.20519
4467	0.01125
4468	-0.20026
4469	0.27830
4470	0.43507
4471	-0.15040
4472	-1.46265
4473	-2.78169
4474	-2.83667
4475	-1.21700
4476	0.66695
4477	1.28185
4478	0.63715
4479	-0.18915
4480	-0.93291
4481	-1.37564
4482	-1.34513
4483	-1.07448
4484	-0.93821
4485	-0.77648
4486	-0.76783
4487	-0.92772
4488	-1.02345
4489	-1.01144
4490	-0.91023
4491	-0.88931
4492	-0.92508
4493	-0.89189
4494	-0.82605
4495	-0.84876
4496	-0.82919
4497	-0.74121
4498	-0.56863
4499	-0.46392
4500	-0.53761
4501	-0.64899
4502	-0.58650
4503	-0.49045
4504	-0.53607
4505	-0.59487
4506	-0.61616
4507	-0.62819
4508	-0.68571
4509	-0.69489
4510	-0.62075
4511	-0.69036
4512	-0.94954
4513	-1.08730
4514	-1.06567
4515	-0.97042
4516	-0.82912
4517	-0.76430
4518	-0.84645
4519	-1.09177
4520	-1.17929
4521	-1.10339
4522	-1.06656
4523	-0.91070
4524	-0.51699
4525	-0.22737
4526	0.06815
4527	0.20305
4528	0.08439
4529	-0.09465
4530	-0.10356
4531	-0.14670
4532	-0.36331
4533	-0.12911
4534	0.09744
4535	0.22946
4536	0.26926
4537	0.33815
4538	0.31104
4539	0.02508
4540	-0.33784
4541	-0.47571
4542	-0.41824
4543	-0.37083
4544	-0.35245
4545	-0.27093
4546	-0.17913
4547	-0.18587
4548	-0.24172
4549	-0.24398
4550	-0.17773
4551	-0.04967
4552	0.10466
4553	0.17047
4554	0.08717
4555	-0.03376
4556	-0.02544
4557	0.14668
4558	0.39368
4559	0.62373
4560	0.70066
4561	0.48830
4562	0.05916
4563	-0.58461
4564	-1.62247
4565	-2.26470
4566	-0.84658
4567	1.97832
4568	2.80690
4569	0.79001
4570	-0.79500
4571	0.38311
4572	2.29790
4573	2.07888
4574	0.14292
4575	-1.12973
4576	-0.76380
4577	0.37802
4578	0.75693
4579	-0.56688
4580	-2.89201
4581	-3.86820
4582	-2.24637
4583	0.58051
4584	2.13666
4585	1.57498
4586	-0.07170
4587	-1.40325
4588	-1.77748
4589	-1.43961
4590	-1.07954
4591	-1.03715
4592	-0.95478
4593	-0.70130
4594	-0.59981
4595	-0.74640
4596	-0.78463
4597	-0.86201
4598	-1.07582
4599	-1.02850
4600	-0.68766
4601	-0.52354
4602	-0.68146
4603	-0.91053
4604	-0.81110
4605	-0.54536
4606	-0.44697
4607	-0.49518
4608	-0.50421
4609	-0.35089
4610	-0.21189
4611	-0.26905
4612	-0.38635
4613	-0.44883
4614	-0.58727
4615	-0.66872
4616	-0.61665
4617	-0.53070
4618	-0.52094
4619	-0.59666
4620	-0.77952
4621	-0.92687
4622	-1.00689
4623	-0.93479
4624	-0.79413
4625	-0.73431
4626	-0.78621
4627	-0.99751
4628	-1.13744
4629	-1.12516
4630	-1.09562
4631	-0.99530
4632	-0.79783
4633	-0.66813
4634	-0.20404
4635	0.29700
4636	0.35627
4637	-0.05288
4638	-0.27650
4639	-0.30654
4640	-0.31827
4641	-0.20022
4642	0.13240
4643	0.18398
4644	0.13587
4645	0.16711
4646	0.28096
4647	0.19947
4648	-0.13924
4649	-0.43821
4650	-0.48160
4651	-0.36970
4652	-0.27397
4653	-0.21610
4654	-0.13915
4655	-0.07144
4656	-0.14533
4657	-0.33008
4658	-0.30893
4659	0.04374
4660	0.36295
4661	0.36529
4662	0.24953
4663	0.15829
4664	-0.01833
4665	-0.07200
4666	0.31954
4667	0.86727
4668	1.00494
4669	0.64847
4670	0.19071
4671	-0.09931
4672	-0.57768
4673	-1.58925
4674	-2.07627
4675	-0.58514
4676	1.61213
4677	1.56052
4678	-0.58640
4679	-1.55679
4680	0.19230
4681	2.22743
4682	2.19120
4683	0.83213
4684	-0.24879
4685	-0.67693
4686	-0.27475
4687	0.61715
4688	0.96754
4689	-0.23647
4690	-2.17880
4691	-2.82755
4692	-1.42379
4693	0.42851
4694	1.05337
4695	0.49836
4696	-0.37063
4697	-1.20453
4698	-1.62673
4699	-1.46173
4700	-1.15833
4701	-1.11377
4702	-0.98584
4703	-0.71570
4704	-0.70056
4705	-0.94287
4706	-1.09299
4707	-0.98308
4708	-0.83289
4709	-0.82987
4710	-0.77618
4711	-0.67497
4712	-0.64710
4713	-0.75154
4714	-0.77858
4715	-0.67984
4716	-0.58829
4717	-0.56074
4718	-0.47850
4719	-0.41492
4720	-0.39672
4721	-0.45340
4722	-0.47994
4723	-0.51136
4724	-0.65362
4725	-0.73831
4726	-0.64074
4727	-0.64453
4728	-0.75567
4729	-0.67375
4730	-0.56102
4731	-0.65160
4732	-0.78413
4733	-0.82345
4734	-0.70439
4735	-0.70470
4736	-0.92191
4737	-1.09523
4738	-1.17180
4739	-1.23400
4740	-1.17981
4741	-0.92533
4742	-0.48701
4743	-0.19771
4744	0.01582
4745	0.21695
4746	0.15355
4747	-0.12113
4748	-0.19581
4749	-0.34824
4750	-0.36127
4751	0.15490
4752	0.28556
4753	0.19217
4754	0.11878
4755	0.17398
4756	0.16062
4757	0.00582
4758	-0.13438
4759	-0.24669
4760	-0.42329
4761	-0.51680
4762	-0.34616
4763	-0.11293
4764	-0.08342
4765	-0.08839
4766	0.01576
4767	-0.09610
4768	-0.39475
4769	-0.24485
4770	0.36204
4771	0.66774
4772	0.39526
4773	-0.01869
4774	-0.17354
4775	-0.02595
4776	0.27354
4777	0.60013
4778	0.86005
4779	0.82692
4780	0.21651
4781	-1.10749
4782	-2.53234
4783	-2.28053
4784	0.23117
4785	2.26171
4786	1.50649
4787	-0.09479
4788	0.36832
4789	2.00665
4790	2.01510
4791	0.38147
4792	-0.56224
4793	0.22739
4794	1.40883
4795	0.89286
4796	-1.79857
4797	-4.22910
4798	-3.97623
4799	-1.32448
4800	1.15302
4801	1.63822
4802	0.82237
4803	-0.15447
4804	-1.01546
4805	-1.41531
4806	-1.27683
4807	-1.07683
4808	-1.07760
4809	-0.98920
4810	-0.78626
4811	-0.90815
4812	-1.08250
4813	-0.98859
4814	-0.81420
4815	-0.78983
4816	-0.80531
4817	-0.87534
4818	-0.80623
4819	-0.76814
4820	-0.83886
4821	-0.82059
4822	-0.59879
4823	-0.53680
4824	-0.59987
4825	-0.59217
4826	-0.40624
4827	-0.39671
4828	-0.49689
4829	-0.46300
4830	-0.46031
4831	-0.59368
4832	-0.58297
4833	-0.43493
4834	-0.48749
4835	-0.61961
4836	-0.63873
4837	-0.64295
4838	-0.76585
4839	-0.90529
4840	-0.85632
4841	-0.73998
4842	-0.72271
4843	-0.84248
4844	-1.02172
4845	-1.31273
4846	-1.45744
4847	-1.26316
4848	-0.94893
4849	-0.71233
4850	-0.51086
4851	-0.42891
4852	-0.28204
4853	-0.05768
4854	0.23202
4855	0.24353
4856	0.07237
4857	-0.19555
4858	-0.38843
4859	-0.26334
4860	0.18007
4861	0.24899
4862	0.16411
4863	0.11353
4864	0.15097
4865	0.14747
4866	0.02522
4867	-0.15829
4868	-0.32404
4869	-0.41881
4870	-0.44091
4871	-0.46671
4872	-0.42090
4873	-0.10499
4874	0.25960
4875	0.17364
4876	-0.24758
4877	-0.37179
4878	-0.04402
4879	0.29901
4880	0.38485
4881	0.30049
4882	0.11849
4883	-0.06351
4884	0.06109
4885	0.58405
4886	1.02813
4887	0.89070
4888	0.21371
4889	-0.84661
4890	-2.22944
4891	-2.87393
4892	-1.19854
4893	1.79561
4894	2.66540
4895	0.71201
4896	-0.68634
4897	0.62848
4898	2.31288
4899	1.72251
4900	0.00641
4901	-0.53980
4902	0.09200
4903	0.66336
4904	0.67180
4905	-0.22326
4906	-1.73612
4907	-2.78605
4908	-2.25511
4909	-0.42339
4910	0.75413
4911	0.67357
4912	0.11450
4913	-0.43322
4914	-1.12277
4915	-1.57519
4916	-1.33803
4917	-0.85226
4918	-0.66399
4919	-0.87872
4920	-0.99714
4921	-1.02553
4922	-1.16912
4923	-1.19677
4924	-0.90985
4925	-0.71477
4926	-0.66169
4927	-0.62586
4928	-0.62535
4929	-0.75204
4930	-0.83309
4931	-0.80318
4932	-0.54909
4933	-0.43501
4934	-0.56924
4935	-0.60627
4936	-0.43923
4937	-0.39498
4938	-0.44925
4939	-0.55391
4940	-0.64118
4941	-0.70733
4942	-0.66922
4943	-0.59220
4944	-0.66377
4945	-0.81693
4946	-0.87452
4947	-0.86372
4948	-0.84181
4949	-0.84545
4950	-0.88764
4951	-0.83809
4952	-0.84244
4953	-1.05454
4954	-1.11649
4955	-1.09335
4956	-1.13719
4957	-1.03612
4958	-0.65269
4959	-0.29950
4960	-0.10465
4961	-0.02876
4962	-0.04036
4963	-0.03208
4964	0.05794
4965	0.03604
4966	-0.25147
4967	-0.31549
4968	0.06048
4969	0.11858
4970	0.09022
4971	0.10408
4972	0.18166
4973	0.25741
4974	0.19020
4975	-0.08970
4976	-0.40135
4977	-0.52009
4978	-0.47582
4979	-0.41593
4980	-0.37128
4981	-0.28678
4982	-0.15971
4983	-0.12650
4984	-0.23981
4985	-0.18848
4986	0.18596
4987	0.48604
4988	0.41970
4989	0.08048
4990	-0.29850
4991	-0.31206
4992	0.19876
4993	0.74006
4994	0.82227
4995	0.52378
4996	-0.02206
4997	-1.10054
4998	-2.61241
4999	-2.94679
5000	-0.66156
5001	2.37415
5002	2.93978
5003	1.41302
5004	0.74871
5005	1.33260
5006	1.20347
5007	0.41990
5008	0.74535
5009	2.01251
5010	1.96603
5011	-0.38355
5012	-3.57045
5013	-5.03734
5014	-3.50578
5015	-0.33133
5016	1.78744
5017	1.66212
5018	0.34638
5019	-0.70571
5020	-1.10734
5021	-1.22255
5022	-1.36372
5023	-1.30251
5024	-1.02166
5025	-0.78680
5026	-0.82429
5027	-1.08247
5028	-1.13691
5029	-0.98623
5030	-0.90289
5031	-0.85307
5032	-0.80721
5033	-0.80394
5034	-0.79977
5035	-0.80800
5036	-0.76642
5037	-0.72175
5038	-0.65399
5039	-0.55524
5040	-0.53525
5041	-0.60009
5042	-0.54992
5043	-0.47301
5044	-0.48862
5045	-0.55998
5046	-0.61229
5047	-0.70709
5048	-0.72883
5049	-0.54837
5050	-0.41859
5051	-0.46965
5052	-0.59647
5053	-0.69375
5054	-0.75624
5055	-0.77535
5056	-0.89560
5057	-0.91866
5058	-0.86747
5059	-0.98929
5060	-1.15990
5061	-1.18270
5062	-1.21205
5063	-1.15447
5064	-0.97431
5065	-0.55439
5066	-0.16649
5067	-0.00248
5068	-0.01042
5069	-0.13472
5070	-0.20924
5071	-0.17867
5072	-0.04760
5073	-0.02672
5074	-0.07484
5075	0.15944
5076	0.13375
5077	0.14236
5078	0.32644
5079	0.51081
5080	0.37439
5081	-0.08783
5082	-0.53916
5083	-0.68379
5084	-0.53144
5085	-0.34910
5086	-0.34567
5087	-0.38189
5088	-0.23584
5089	-0.07470
5090	-0.20819
5091	-0.46797
5092	-0.32897
5093	0.27363
5094	0.68425
5095	0.41387
5096	-0.13829
5097	-0.30733
5098	-0.02795
5099	0.33129
5100	0.46112
5101	0.31543
5102	0.16831
5103	0.00489
5104	-0.86673
5105	-2.11465
5106	-1.57072
5107	1.06282
5108	2.46448
5109	0.96415
5110	-0.58287
5111	0.47797
5112	2.33797
5113	2.30480
5114	1.27322
5115	0.79804
5116	0.71531
5117	-0.18341
5118	-1.83786
5119	-3.02210
5120	-2.67301
5121	-1.36562
5122	-0.47647
5123	-0.21630
5124	-0.04633
5125	-0.11611
5126	-0.53139
5127	-1.05715
5128	-1.16727
5129	-0.89368
5130	-0.85022
5131	-0.96951
5132	-0.85881
5133	-0.67332
5134	-0.80224
5135	-1.16166
5136	-1.16595
5137	-0.77992
5138	-0.49177
5139	-0.72668
5140	-1.03743
5141	-0.98670
5142	-0.63061
5143	-0.57129
5144	-0.65914
5145	-0.66046
5146	-0.51101
5147	-0.42881
5148	-0.31763
5149	-0.22407
5150	-0.24557
5151	-0.36918
5152	-0.40513
5153	-0.39173
5154	-0.45103
5155	-0.60536
5156	-0.68350
5157	-0.63941
5158	-0.68379
5159	-0.72749
5160	-0.73439
5161	-0.80223
5162	-0.93830
5163	-0.90361
5164	-0.74025
5165	-0.67783
5166	-0.82707
5167	-0.93027
5168	-0.93025
5169	-0.95673
5170	-1.00977
5171	-0.91889
5172	-0.79947
5173	-0.65316
5174	-0.27569
5175	0.22147
5176	0.33315
5177	-0.01446
5178	-0.15130
5179	-0.06940
5180	-0.17450
5181	-0.36063
5182	-0.15085
5183	0.05707
5184	0.25939
5185	0.34376
5186	0.27342
5187	0.01476
5188	-0.30219
5189	-0.43680
5190	-0.32336
5191	-0.22910
5192	-0.36438
5193	-0.47070
5194	-0.32531
5195	-0.25919
5196	-0.44848
5197	-0.43961
5198	-0.02074
5199	0.42752
5200	0.63884
5201	0.62252
5202	0.31928
5203	-0.14079
5204	-0.28837
5205	0.01581
5206	0.37744
5207	0.57180
5208	0.73749
5209	0.85017
5210	0.53688
5211	-0.68295
5212	-2.53409
5213	-2.98637
5214	-0.57062
5215	2.12254
5216	1.66637
5217	-0.46986
5218	-0.17300
5219	2.38668
5220	2.94650
5221	0.84336
5222	-0.67719
5223	0.03352
5224	1.16173
5225	0.99193
5226	-0.76802
5227	-2.97600
5228	-3.75086
5229	-2.17132
5230	0.36282
5231	1.76926
5232	1.24743
5233	-0.07390
5234	-1.05821
5235	-1.46135
5236	-1.61370
5237	-1.47977
5238	-1.23497
5239	-1.03563
5240	-0.91844
5241	-0.88806
5242	-1.11332
5243	-1.22288
5244	-1.00600
5245	-0.80288
5246	-0.91593
5247	-0.99149
5248	-0.83358
5249	-0.66032
5250	-0.64732
5251	-0.76379
5252	-0.71254
5253	-0.51972
5254	-0.36416
5255	-0.36483
5256	-0.36262
5257	-0.35571
5258	-0.43614
5259	-0.55594
5260	-0.61447
5261	-0.66579
5262	-0.67605
5263	-0.47256
5264	-0.33475
5265	-0.44752
5266	-0.64965
5267	-0.73668
5268	-0.84122
5269	-0.87542
5270	-0.79781
5271	-0.73866
5272	-0.78317
5273	-0.81332
5274	-0.83591
5275	-0.98639
5276	-1.12589
5277	-1.07974
5278	-0.94330
5279	-0.85816
5280	-0.85540
5281	-0.64320
5282	-0.23163
5283	0.07281
5284	0.13028
5285	0.07573
5286	0.00638
5287	-0.14394
5288	-0.27582
5289	-0.20823
5290	0.07360
5291	0.10322
5292	0.15336
5293	0.19644
5294	0.16986
5295	0.08978
5296	-0.00453
5297	-0.14592
5298	-0.31769
5299	-0.40086
5300	-0.34019
5301	-0.21657
5302	-0.14229
5303	-0.14163
5304	-0.15333
5305	-0.15528
5306	-0.13084
5307	0.00521
5308	0.23587
5309	0.40082
5310	0.37599
5311	0.18307
5312	0.05465
5313	0.24484
5314	0.66277
5315	0.96554
5316	0.87369
5317	0.30878
5318	-0.56867
5319	-1.64757
5320	-2.63444
5321	-2.13484
5322	0.67885
5323	3.12140
5324	2.12017
5325	-0.45997
5326	-0.79207
5327	1.11709
5328	2.17263
5329	1.37321
5330	0.24077
5331	0.03945
5332	0.50868
5333	0.87370
5334	0.43970
5335	-1.26588
5336	-3.35552
5337	-3.94243
5338	-2.07446
5339	0.69948
5340	1.85709
5341	1.27090
5342	0.18662
5343	-0.79801
5344	-1.52061
5345	-1.72890
5346	-1.47020
5347	-1.11204
5348	-1.09136
5349	-1.10500
5350	-1.10364
5351	-1.03487
5352	-0.97826
5353	-0.88198
5354	-0.76908
5355	-0.69558
5356	-0.77173
5357	-0.76297
5358	-0.62873
5359	-0.54491
5360	-0.59729
5361	-0.71675
5362	-0.75736
5363	-0.65986
5364	-0.48043
5365	-0.31395
5366	-0.26895
5367	-0.43445
5368	-0.58777
5369	-0.62643
5370	-0.65677
5371	-0.65997
5372	-0.50240
5373	-0.29989
5374	-0.26624
5375	-0.54543
5376	-0.86985
5377	-0.95601
5378	-0.94090
5379	-0.81494
5380	-0.82475
5381	-0.97214
5382	-1.12832
5383	-1.27498
5384	-1.18812
5385	-1.08045
5386	-0.96507
5387	-0.71757
5388	-0.33308
5389	-0.23147
5390	-0.15821
5391	0.06527
5392	0.19065
5393	-0.01955
5394	-0.16567
5395	-0.19442
5396	-0.09170
5397	0.26842
5398	0.28031
5399	0.21516
5400	0.15829
5401	0.05513
5402	-0.03380
5403	-0.02617
5404	-0.08498
5405	-0.35916
5406	-0.60901
5407	-0.60403
5408	-0.48757
5409	-0.36335
5410	-0.19666
5411	-0.08231
5412	-0.01840
5413	0.13098
5414	0.22968
5415	0.08502
5416	-0.12594
5417	-0.17232
5418	-0.08476
5419	0.04133
5420	0.18752
5421	0.36244
5422	0.54982
5423	0.65063
5424	0.49894
5425	-0.01413
5426	-0.99837
5427	-2.45927
5428	-3.22767
5429	-1.32003
5430	2.35931
5431	3.53254
5432	0.85862
5433	-1.52645
5434	-0.30423
5435	2.12705
5436	2.40940
5437	1.30171
5438	0.92065
5439	1.43300
5440	1.75709
5441	0.74609
5442	-1.91359
5443	-4.35015
5444	-4.29080
5445	-1.74241
5446	0.89072
5447	1.84777
5448	0.93694
5449	-0.29280
5450	-0.90489
5451	-1.18376
5452	-1.25752
5453	-1.16769
5454	-1.19551
5455	-1.25209
5456	-1.07782
5457	-0.96406
5458	-0.94005
5459	-0.93372
5460	-0.99012
5461	-0.95109
5462	-0.89707
5463	-0.85937
5464	-0.84584
5465	-0.84390
5466	-0.86695
5467	-0.86655
5468	-0.80912
5469	-0.65469
5470	-0.59376
5471	-0.58272
5472	-0.56245
5473	-0.56129
5474	-0.57434
5475	-0.59765
5476	-0.57512
5477	-0.40934
5478	-0.26749
5479	-0.34778
5480	-0.61850
5481	-0.76681
5482	-0.71585
5483	-0.61255
5484	-0.70976
5485	-0.89557
5486	-0.98606
5487	-0.81207
5488	-0.64704
5489	-0.73323
5490	-0.97472
5491	-1.13945
5492	-1.22495
5493	-1.21244
5494	-0.99569
5495	-0.57929
5496	-0.28360
5497	-0.20208
5498	-0.09768
5499	-0.02808
5500	-0.09511
5501	-0.18626
5502	-0.14201
5503	-0.21742
5504	-0.22507
5505	0.08449
5506	0.05592
5507	0.08023
5508	0.23820
5509	0.32718
5510	0.19416
5511	-0.06875
5512	-0.32148
5513	-0.48077
5514	-0.49532
5515	-0.38646
5516	-0.29372
5517	-0.29361
5518	-0.27097
5519	-0.13651
5520	0.06639
5521	0.23134
5522	0.17864
5523	-0.08890
5524	-0.24666
5525	-0.13883
5526	0.06764
5527	0.22873
5528	0.26590
5529	0.21828
5530	0.30931
5531	0.52648
5532	0.49888
5533	0.07409
5534	-0.72158
5535	-1.91370
5536	-2.48320
5537	-0.80425
5538	1.98979
5539	2.53906
5540	0.62617
5541	-0.42628
5542	0.84324
5543	2.01874
5544	1.38921
5545	0.55585
5546	0.86193
5547	1.49156
5548	0.78132
5549	-1.61898
5550	-3.87183
5551	-3.82906
5552	-1.65726
5553	0.35693
5554	0.69295
5555	0.20924
5556	-0.33068
5557	-0.85932
5558	-1.17682
5559	-0.97258
5560	-0.67662
5561	-0.74444
5562	-0.92623
5563	-0.84963
5564	-0.84580
5565	-1.08091
5566	-1.15654
5567	-1.01489
5568	-0.82537
5569	-0.71135
5570	-0.79906
5571	-0.90535
5572	-0.76036
5573	-0.70472
5574	-0.88366
5575	-0.91614
5576	-0.64740
5577	-0.39519
5578	-0.34341
5579	-0.48297
5580	-0.57658
5581	-0.63814
5582	-0.55241
5583	-0.33967
5584	-0.40076
5585	-0.69657
5586	-0.72485
5587	-0.50111
5588	-0.40184
5589	-0.63806
5590	-0.91930
5591	-0.97085
5592	-0.98111
5593	-0.91431
5594	-0.80713
5595	-0.74971
5596	-0.81744
5597	-0.98483
5598	-1.15910
5599	-1.23937
5600	-1.25766
5601	-1.19219
5602	-0.97330
5603	-0.59397
5604	-0.29151
5605	-0.15673
5606	-0.03986
5607	0.06734
5608	-0.01855
5609	-0.20333
5610	-0.24053
5611	-0.30679
5612	-0.17384
5613	0.27948
5614	0.26084
5615	0.16137
5616	0.19125
5617	0.28080
5618	0.18915
5619	-0.10058
5620	-0.34898
5621	-0.41670
5622	-0.38934
5623	-0.38800
5624	-0.40456
5625	-0.34135
5626	-0.20563
5627	-0.12284
5628	-0.06298
5629	0.06146
5630	0.07964
5631	-0.03109
5632	0.04842
5633	0.24741
5634	0.17405
5635	-0.04719
5636	-0.05261
5637	0.10512
5638	0.21648
5639	0.33618
5640	0.56988
5641	0.68431
5642	0.29043
5643	-0.86483
5644	-2.45140
5645	-2.62502
5646	-0.04446
5647	2.60500
5648	1.83138
5649	-0.73707
5650	-0.75302
5651	1.86020
5652	3.14192
5653	2.04332
5654	0.90405
5655	0.55664
5656	0.29331
5657	-0.65157
5658	-2.55625
5659	-4.34521
5660	-4.18641
5661	-1.50935
5662	1.72140
5663	3.06178
5664	2.03278
5665	0.15387
5666	-1.26335
5667	-1.74140
5668	-1.68154
5669	-1.43712
5670	-1.25360
5671	-1.18835
5672	-1.08095
5673	-0.91703
5674	-0.80649
5675	-0.75891
5676	-0.88385
5677	-1.09801
5678	-1.16381
5679	-1.02335
5680	-0.84149
5681	-0.81504
5682	-0.89777
5683	-0.83261
5684	-0.71786
5685	-0.71944
5686	-0.70700
5687	-0.62441
5688	-0.52826
5689	-0.46516
5690	-0.47538
5691	-0.47303
5692	-0.52167
5693	-0.61051
5694	-0.67323
5695	-0.68666
5696	-0.61994
5697	-0.45198
5698	-0.43687
5699	-0.58507
5700	-0.70251
5701	-0.78975
5702	-0.88617
5703	-0.88127
5704	-0.71319
5705	-0.61355
5706	-0.77763
5707	-0.97839
5708	-1.09136
5709	-1.08037
5710	-1.04550
5711	-0.95241
5712	-0.68773
5713	-0.33224
5714	-0.14631
5715	-0.03045
5716	0.15980
5717	0.08471
5718	-0.11286
5719	-0.32589
5720	-0.46088
5721	-0.19627
5722	0.29655
5723	0.32184
5724	0.23881
5725	0.19609
5726	0.14091
5727	0.01293
5728	-0.12546
5729	-0.20515
5730	-0.21575
5731	-0.23874
5732	-0.38975
5733	-0.56285
5734	-0.49024
5735	-0.19865
5736	-0.00873
5737	-0.11933
5738	-0.34431
5739	-0.24200
5740	0.19342
5741	0.41348
5742	0.26038
5743	0.07976
5744	0.03404
5745	0.13703
5746	0.42751
5747	0.72465
5748	0.73031
5749	0.42595
5750	-0.01130
5751	-0.68781
5752	-1.85024
5753	-2.58811
5754	-1.11533
5755	1.74578
5756	2.47422
5757	0.38430
5758	-0.95703
5759	0.63467
5760	2.51732
5761	2.21743
5762	0.90653
5763	0.41553
5764	0.81012
5765	0.93600
5766	-0.06976
5767	-2.37847
5768	-4.32196
5769	-3.87998
5770	-1.06578
5771	1.70428
5772	2.35106
5773	1.28456
5774	-0.02569
5775	-0.92979
5776	-1.44529
5777	-1.66180
5778	-1.52327
5779	-1.32107
5780	-1.13345
5781	-0.97986
5782	-1.05354
5783	-1.21695
5784	-1.17607
5785	-0.94967
5786	-0.75618
5787	-0.80493
5788	-0.94704
5789	-0.88112
5790	-0.77347
5791	-0.81733
5792	-0.85172
5793	-0.81967
5794	-0.66700
5795	-0.45965
5796	-0.35512
5797	-0.49608
5798	-0.74892
5799	-0.76977
5800	-0.55809
5801	-0.46827
5802	-0.69509
5803	-0.76685
5804	-0.52017
5805	-0.38262
5806	-0.46186
5807	-0.50191
5808	-0.66163
5809	-0.73061
5810	-0.84192
5811	-1.04135
5812	-1.01274
5813	-0.79782
5814	-0.88027
5815	-0.99618
5816	-1.09333
5817	-1.24989
5818	-1.18808
5819	-0.99052
5820	-0.69982
5821	-0.33571
5822	-0.22343
5823	-0.24850
5824	-0.12524
5825	0.08788
5826	0.13317
5827	-0.01961
5828	-0.12069
5829	-0.28866
5830	-0.32679
5831	0.03719
5832	0.14175
5833	0.15474
5834	0.16083
5835	0.21341
5836	0.20474
5837	0.02011
5838	-0.29698
5839	-0.56015
5840	-0.60812
5841	-0.49778
5842	-0.38308
5843	-0.25256
5844	-0.06143
5845	0.05080
5846	-0.03269
5847	-0.15310
5848	-0.08687
5849	0.09670
5850	0.14735
5851	0.04295
5852	-0.02667
5853	0.03682
5854	0.18230
5855	0.29490
5856	0.35015
5857	0.49186
5858	0.73827
5859	0.81413
5860	0.53234
5861	-0.25174
5862	-1.80864
5863	-3.08153
5864	-1.75694
5865	1.50121
5866	2.61050
5867	0.36350
5868	-1.62337
5869	-0.41061
5870	1.98749
5871	2.39937
5872	1.64305
5873	1.38195
5874	1.47747
5875	1.44437
5876	0.40662
5877	-1.96969
5878	-4.31567
5879	-4.52564
5880	-1.89765
5881	1.45577
5882	2.58279
5883	1.26072
5884	-0.40041
5885	-1.07939
5886	-1.26366
5887	-1.35227
5888	-1.17777
5889	-1.10631
5890	-1.17456
5891	-1.04248
5892	-0.94792
5893	-1.13819
5894	-1.14834
5895	-0.95776
5896	-0.85430
5897	-0.89630
5898	-0.94158
5899	-0.90459
5900	-0.79659
5901	-0.83379
5902	-0.88603
5903	-0.85140
5904	-0.73966
5905	-0.62540
5906	-0.58633
5907	-0.66854
5908	-0.67272
5909	-0.56171
5910	-0.45037
5911	-0.46698
5912	-0.55691
5913	-0.55024
5914	-0.49520
5915	-0.48082
5916	-0.50216
5917	-0.57771
5918	-0.71905
5919	-0.78991
5920	-0.84045
5921	-0.82849
5922	-0.69790
5923	-0.54710
5924	-0.55313
5925	-0.80277
5926	-1.13562
5927	-1.20711
5928	-1.07016
5929	-0.97787
5930	-0.91485
5931	-0.60952
5932	-0.14818
5933	0.04627
5934	0.00581
5935	-0.11372
5936	-0.18027
5937	-0.18415
5938	-0.09910
5939	-0.16566
5940	-0.27891
5941	0.01826
5942	0.16865
5943	0.21322
5944	0.12925
5945	0.10891
5946	0.17066
5947	0.11582
5948	-0.13588
5949	-0.42780
5950	-0.56972
5951	-0.50018
5952	-0.34893
5953	-0.28357
5954	-0.24213
5955	-0.10332
5956	-0.04542
5957	-0.21149
5958	-0.30351
5959	-0.06122
5960	0.30985
5961	0.45929
5962	0.25756
5963	-0.07259
5964	-0.14966
5965	0.12538
5966	0.47628
5967	0.54107
5968	0.20247
5969	-0.35791
5970	-1.12635
5971	-2.03067
5972	-1.82271
5973	0.41065
5974	2.49437
5975	1.90009
5976	0.11273
5977	0.17123
5978	1.56928
5979	1.72137
5980	1.06089
5981	0.83391
5982	0.67153
5983	-0.56422
5984	-2.37217
5985	-3.21562
5986	-2.01640
5987	-0.14708
5988	0.33030
5989	-0.17746
5990	-0.41617
5991	-0.49161
5992	-0.81340
5993	-1.08965
5994	-0.91607
5995	-0.64441
5996	-0.72469
5997	-0.78244
5998	-0.63526
5999	-0.71704
6000	-0.89373
6001	-0.98700
6002	-0.91654
6003	-0.75900
6004	-0.66484
6005	-0.76845
6006	-0.81624
6007	-0.70877
6008	-0.65963
6009	-0.82995
6010	-0.82602
6011	-0.59927
6012	-0.48779
6013	-0.54555
6014	-0.50323
6015	-0.29775
6016	-0.33341
6017	-0.50563
6018	-0.42786
6019	-0.37425
6020	-0.57622
6021	-0.68685
6022	-0.65871
6023	-0.50261
6024	-0.43350
6025	-0.71038
6026	-1.06887
6027	-1.08111
6028	-0.97946
6029	-0.79090
6030	-0.73686
6031	-0.70481
6032	-0.73392
6033	-0.93884
6034	-1.15176
6035	-1.15208
6036	-1.09564
6037	-1.11369
6038	-0.87346
6039	-0.34945
6040	0.16694
6041	0.32705
6042	0.06266
6043	-0.29102
6044	-0.25908
6045	-0.01810
6046	-0.02223
6047	-0.16473
6048	0.05386
6049	0.20560
6050	0.36970
6051	0.36524
6052	0.21411
6053	0.05741
6054	-0.09686
6055	-0.34234
6056	-0.60388
6057	-0.67565
6058	-0.56966
6059	-0.44188
6060	-0.28682
6061	-0.12211
6062	-0.11341
6063	-0.20163
6064	-0.14134
6065	0.04345
6066	0.16260
6067	0.23087
6068	0.28593
6069	0.19222
6070	-0.00074
6071	0.03656
6072	0.32947
6073	0.44429
6074	0.27600
6075	0.17788
6076	-0.17553
6077	-1.40468
6078	-2.22915
6079	-0.69167
6080	1.75362
6081	1.69164
6082	-0.60719
6083	-1.33981
6084	0.98828
6085	3.08482
6086	2.50514
6087	0.97594
6088	0.32103
6089	0.33810
6090	0.42096
6091	0.27387
6092	-0.77152
6093	-2.93618
6094	-4.35069
6095	-3.12725
6096	-0.00544
6097	2.32426
6098	2.32259
6099	0.82887
6100	-0.47399
6101	-1.10366
6102	-1.38548
6103	-1.42592
6104	-1.34865
6105	-1.24710
6106	-1.09950
6107	-0.98826
6108	-1.10017
6109	-1.11207
6110	-0.91372
6111	-0.73877
6112	-0.80513
6113	-0.96739
6114	-0.99538
6115	-0.91941
6116	-0.78838
6117	-0.76597
6118	-0.87336
6119	-0.89423
6120	-0.74078
6121	-0.57834
6122	-0.44278
6123	-0.40833
6124	-0.41227
6125	-0.40066
6126	-0.54728
6127	-0.56278
6128	-0.47849
6129	-0.53337
6130	-0.58781
6131	-0.51217
6132	-0.46820
6133	-0.52109
6134	-0.62049
6135	-0.60490
6136	-0.70017
6137	-0.86600
6138	-0.79985
6139	-0.61060
6140	-0.59827
6141	-0.78325
6142	-0.99815
6143	-1.01024
6144	-0.94129
6145	-0.90308
6146	-0.68365
6147	-0.48753
6148	-0.59171
6149	-0.54310
6150	-0.18817
6151	0.07337
6152	0.05295
6153	0.04844
6154	-0.07018
6155	-0.31745
6156	-0.37978
6157	-0.16262
6158	0.14706
6159	0.23135
6160	0.18313
6161	0.13936
6162	0.19357
6163	0.16516
6164	-0.16582
6165	-0.56770
6166	-0.63002
6167	-0.40179
6168	-0.21802
6169	-0.22394
6170	-0.31493
6171	-0.30841
6172	-0.17339
6173	-0.08060
6174	-0.08530
6175	0.02657
6176	0.27541
6177	0.32086
6178	0.12409
6179	0.05820
6180	0.17602
6181	0.24863
6182	0.36379
6183	0.60517
6184	0.60146
6185	0.08577
6186	-0.85877
6187	-2.15360
6188	-2.82713
6189	-1.13989
6190	1.99610
6191	2.83611
6192	0.65687
6193	-0.68161
6194	1.00477
6195	2.71052
6196	1.88999
6197	0.72604
6198	1.26524
6199	1.84123
6200	0.28645
6201	-2.86348
6202	-4.83588
6203	-3.69032
6204	-0.70727
6205	1.18263
6206	1.06901
6207	0.15318
6208	-0.42540
6209	-0.78546
6210	-1.25139
6211	-1.39244
6212	-0.99998
6213	-0.69808
6214	-0.80046
6215	-0.90612
6216	-1.02714
6217	-1.13901
6218	-1.03018
6219	-0.78623
6220	-0.73366
6221	-0.82362
6222	-0.92639
6223	-0.88762
6224	-0.85775
6225	-0.88944
6226	-0.78020
6227	-0.53205
6228	-0.47823
6229	-0.53964
6230	-0.46766
6231	-0.37320
6232	-0.35796
6233	-0.40847
6234	-0.48419
6235	-0.48477
6236	-0.63389
6237	-0.81608
6238	-0.73331
6239	-0.47615
6240	-0.34563
6241	-0.49733
6242	-0.74928
6243	-0.88680
6244	-0.90830
6245	-0.91459
6246	-0.87987
6247	-0.65207
6248	-0.52659
6249	-0.62334
6250	-0.95464
6251	-1.22753
6252	-1.16138
6253	-1.00016
6254	-0.98429
6255	-0.83204
6256	-0.54769
6257	-0.45112
6258	-0.37620
6259	-0.11522
6260	0.09911
6261	0.00946
6262	-0.04385
6263	-0.09926
6264	-0.20411
6265	-0.22627
6266	0.02319
6267	0.12540
6268	0.22365
6269	0.23845
6270	0.23641
6271	0.27496
6272	0.19764
6273	-0.16748
6274	-0.59521
6275	-0.65646
6276	-0.35985
6277	-0.10577
6278	-0.06690
6279	-0.16569
6280	-0.29250
6281	-0.27970
6282	-0.22942
6283	-0.33073
6284	-0.25958
6285	0.16512
6286	0.41056
6287	0.17065
6288	-0.09941
6289	-0.03787
6290	0.16582
6291	0.39058
6292	0.67898
6293	0.72459
6294	0.26899
6295	-0.43469
6296	-1.29941
6297	-2.27183
6298	-1.97152
6299	0.61765
6300	2.92377
6301	1.96751
6302	-0.32462
6303	-0.04598
6304	2.19295
6305	2.70453
6306	1.29565
6307	0.80126
6308	1.31272
6309	0.83698
6310	-1.76183
6311	-4.91378
6312	-5.62435
6313	-3.14699
6314	0.47733
6315	2.57795
6316	2.43248
6317	0.98132
6318	-0.33881
6319	-1.26390
6320	-1.59990
6321	-1.46704
6322	-1.19695
6323	-1.01632
6324	-0.95345
6325	-0.96911
6326	-1.03391
6327	-1.11251
6328	-1.01555
6329	-0.85660
6330	-0.75846
6331	-0.75546
6332	-0.88339
6333	-0.90698
6334	-0.74474
6335	-0.65110
6336	-0.77408
6337	-0.92748
6338	-0.84488
6339	-0.56680
6340	-0.40405
6341	-0.41372
6342	-0.51184
6343	-0.60189
6344	-0.61603
6345	-0.53990
6346	-0.49495
6347	-0.51661
6348	-0.51875
6349	-0.47712
6350	-0.50402
6351	-0.54483
6352	-0.71966
6353	-0.94028
6354	-0.96730
6355	-0.90367
6356	-0.83572
6357	-0.84603
6358	-0.91066
6359	-1.08641
6360	-1.14717
6361	-1.13749
6362	-1.08888
6363	-0.83849
6364	-0.43149
6365	-0.28765
6366	-0.22545
6367	-0.04281
6368	0.11362
6369	-0.08468
6370	-0.23930
6371	-0.15866
6372	-0.01781
6373	-0.03953
6374	0.19848
6375	0.17814
6376	0.13389
6377	0.09232
6378	0.07362
6379	0.01856
6380	-0.15525
6381	-0.39797
6382	-0.49013
6383	-0.35534
6384	-0.22665
6385	-0.22922
6386	-0.22455
6387	-0.17197
6388	-0.11432
6389	-0.06451
6390	-0.08238
6391	-0.11339
6392	-0.07807
6393	-0.03665
6394	0.04690
6395	0.17895
6396	0.17680
6397	0.05094
6398	0.03543
6399	0.26199
6400	0.60892
6401	0.68299
6402	0.35375
6403	0.03334
6404	-0.42641
6405	-1.61396
6406	-2.21022
6407	-0.20223
6408	2.49620
6409	1.92772
6410	-1.22989
6411	-2.54382
6412	-0.19723
6413	2.56549
6414	2.77596
6415	1.59866
6416	0.73120
6417	-0.01970
6418	-0.54691
6419	-0.14675
6420	0.51964
6421	-0.28762
6422	-2.46191
6423	-3.80344
6424	-2.57285
6425	0.40025
6426	2.63422
6427	2.75522
6428	1.27474
6429	-0.46524
6430	-1.59359
6431	-2.03583
6432	-1.86167
6433	-1.38243
6434	-1.10246
6435	-1.21813
6436	-1.28116
6437	-1.09654
6438	-0.95241
6439	-0.95663
6440	-1.01157
6441	-0.93913
6442	-0.90605
6443	-0.99184
6444	-0.89224
6445	-0.66208
6446	-0.68875
6447	-0.88357
6448	-0.89712
6449	-0.75923
6450	-0.65782
6451	-0.62735
6452	-0.67564
6453	-0.67322
6454	-0.56990
6455	-0.52660
6456	-0.47469
6457	-0.42024
6458	-0.49129
6459	-0.59104
6460	-0.57487
6461	-0.52454
6462	-0.57377
6463	-0.69420
6464	-0.84098
6465	-0.90583
6466	-0.72397
6467	-0.62922
6468	-0.88983
6469	-1.18113
6470	-1.14102
6471	-1.05166
6472	-1.11487
6473	-1.05561
6474	-0.61716
6475	-0.24221
6476	0.04443
6477	0.21611
6478	0.27281
6479	0.06634
6480	-0.14904
6481	-0.10447
6482	-0.12644
6483	-0.15038
6484	0.06097
6485	0.13336
6486	0.23509
6487	0.36562
6488	0.35582
6489	0.07777
6490	-0.29624
6491	-0.52353
6492	-0.61457
6493	-0.63945
6494	-0.48520
6495	-0.17728
6496	-0.10279
6497	-0.38351
6498	-0.49153
6499	-0.14982
6500	0.15185
6501	0.03717
6502	-0.19603
6503	-0.15016
6504	0.11369
6505	0.22523
6506	0.03868
6507	-0.06156
6508	0.32849
6509	0.77262
6510	0.48019
6511	-0.34958
6512	-0.99272
6513	-1.51709
6514	-1.74358
6515	-0.30301
6516	2.37242
6517	3.05107
6518	0.85091
6519	-0.95691
6520	0.11080
6521	2.19573
6522	2.64726
6523	1.98039
6524	1.33859
6525	0.45821
6526	-1.42557
6527	-3.85117
6528	-4.77641
6529	-3.16740
6530	-0.36197
6531	1.43608
6532	1.61704
6533	0.92793
6534	-0.03144
6535	-0.96588
6536	-1.37714
6537	-1.41930
6538	-1.19722
6539	-0.96692
6540	-0.92492
6541	-1.05239
6542	-1.07687
6543	-1.03670
6544	-0.96721
6545	-1.02728
6546	-0.99674
6547	-0.89966
6548	-0.90956
6549	-1.00326
6550	-1.00623
6551	-0.84197
6552	-0.74007
6553	-0.84677
6554	-0.85247
6555	-0.65964
6556	-0.49654
6557	-0.42429
6558	-0.47097
6559	-0.54350
6560	-0.63395
6561	-0.65454
6562	-0.58144
6563	-0.51502
6564	-0.53108
6565	-0.47328
6566	-0.48259
6567	-0.66550
6568	-0.80022
6569	-0.72701
6570	-0.77167
6571	-0.85443
6572	-0.75141
6573	-0.60615
6574	-0.53105
6575	-0.67499
6576	-0.97909
6577	-1.25313
6578	-1.21892
6579	-1.09961
6580	-0.97102
6581	-0.85659
6582	-0.70509
6583	-0.70446
6584	-0.67080
6585	-0.35819
6586	0.27619
6587	0.58818
6588	0.48208
6589	-0.03270
6590	-0.52111
6591	-0.55269
6592	-0.29257
6593	0.06436
6594	0.18450
6595	0.25713
6596	0.25344
6597	0.16097
6598	0.02576
6599	-0.13617
6600	-0.34115
6601	-0.53592
6602	-0.57523
6603	-0.34051
6604	0.00624
6605	0.11085
6606	-0.03421
6607	-0.23728
6608	-0.49334
6609	-0.58635
6610	-0.23176
6611	0.20308
6612	0.18253
6613	-0.12909
6614	-0.21247
6615	0.08565
6616	0.52579
6617	0.77575
6618	0.60895
6619	0.13945
6620	-0.42605
6621	-1.34525
6622	-2.37446
6623	-1.70076
6624	1.20048
6625	3.29040
6626	2.38432
6627	0.53988
6628	0.30739
6629	1.00306
6630	1.01467
6631	0.73512
6632	1.14001
6633	1.26930
6634	0.00426
6635	-2.40564
6636	-4.41906
6637	-3.94819
6638	-1.19621
6639	1.30284
6640	1.65804
6641	0.60076
6642	-0.37879
6643	-0.94536
6644	-1.30014
6645	-1.32753
6646	-1.06482
6647	-0.94538
6648	-1.12693
6649	-1.25196
6650	-1.11211
6651	-1.02830
6652	-1.02052
6653	-0.88349
6654	-0.74652
6655	-0.80906
6656	-0.84265
6657	-0.75762
6658	-0.80808
6659	-0.80953
6660	-0.71548
6661	-0.75778
6662	-0.77964
6663	-0.68145
6664	-0.58675
6665	-0.46877
6666	-0.31249
6667	-0.33352
6668	-0.44780
6669	-0.49827
6670	-0.52535
6671	-0.57280
6672	-0.61432
6673	-0.63401
6674	-0.56629
6675	-0.43310
6676	-0.40697
6677	-0.59791
6678	-0.81157
6679	-0.73948
6680	-0.59385
6681	-0.57112
6682	-0.64650
6683	-0.80653
6684	-0.91024
6685	-1.00180
6686	-1.10058
6687	-1.13510
6688	-0.99728
6689	-0.68660
6690	-0.42358
6691	-0.19393
6692	0.06888
6693	0.12346
6694	-0.17106
6695	-0.35592
6696	-0.16412
6697	-0.12540
6698	-0.20919
6699	0.01725
6700	0.12939
6701	0.22647
6702	0.28401
6703	0.34996
6704	0.28816
6705	0.00343
6706	-0.30268
6707	-0.39714
6708	-0.38641
6709	-0.48267
6710	-0.52814
6711	-0.32624
6712	-0.11199
6713	-0.07367
6714	-0.05609
6715	-0.02646
6716	-0.12452
6717	-0.26493
6718	-0.18021
6719	0.09894
6720	0.20872
6721	0.09446
6722	0.05219
6723	0.17741
6724	0.45339
6725	0.71620
6726	0.43334
6727	-0.39374
6728	-1.09553
6729	-1.72219
6730	-2.25747
6731	-1.18971
6732	1.57169
6733	2.95858
6734	1.62383
6735	0.28245
6736	0.90579
6737	1.80697
6738	1.43100
6739	0.71861
6740	0.51617
6741	0.18736
6742	-0.96055
6743	-2.70594
6744	-3.49543
6745	-2.49295
6746	-0.52661
6747	0.93749
6748	1.23006
6749	0.75459
6750	-0.05164
6751	-1.01507
6752	-1.48849
6753	-1.41616
6754	-1.24369
6755	-1.11031
6756	-1.01308
6757	-0.98569
6758	-0.99239
6759	-1.08757
6760	-1.11519
6761	-0.97653
6762	-0.83229
6763	-0.93735
6764	-0.95884
6765	-0.86272
6766	-0.73378
6767	-0.62078
6768	-0.69463
6769	-0.85840
6770	-0.86763
6771	-0.79816
6772	-0.66004
6773	-0.46402
6774	-0.43110
6775	-0.58482
6776	-0.64485
6777	-0.49351
6778	-0.36594
6779	-0.47936
6780	-0.66762
6781	-0.68716
6782	-0.53195
6783	-0.45949
6784	-0.60983
6785	-0.83593
6786	-0.89712
6787	-0.85593
6788	-0.85478
6789	-0.89484
6790	-1.05493
6791	-1.18710
6792	-1.21251
6793	-1.12489
6794	-1.01385
6795	-0.94396
6796	-0.62255
6797	-0.09508
6798	0.10991
6799	0.07067
6800	0.01982
6801	-0.09265
6802	-0.22438
6803	-0.25835
6804	-0.05488
6805	0.09785
6806	0.20981
6807	0.18059
6808	0.15652
6809	0.12787
6810	0.13126
6811	0.14266
6812	0.07561
6813	-0.10309
6814	-0.33499
6815	-0.47568
6816	-0.46401
6817	-0.41610
6818	-0.38919
6819	-0.29301
6820	-0.10632
6821	0.02310
6822	-0.02820
6823	-0.14330
6824	-0.11232
6825	0.06802
6826	0.22516
6827	0.21066
6828	0.02317
6829	-0.10661
6830	0.08140
6831	0.48531
6832	0.69586
6833	0.47188
6834	-0.08070
6835	-0.85552
6836	-1.74527
6837	-1.88988
6838	-0.23514
6839	2.04243
6840	2.06963
6841	-0.25523
6842	-1.69506
6843	-0.23125
6844	2.03514
6845	2.39608
6846	1.38613
6847	0.47009
6848	0.24757
6849	0.37388
6850	0.42002
6851	-0.00619
6852	-1.34012
6853	-2.78522
6854	-2.93314
6855	-1.44236
6856	0.51451
6857	1.48389
6858	1.17843
6859	0.29659
6860	-0.74365
6861	-1.59436
6862	-1.84260
6863	-1.45579
6864	-1.05880
6865	-1.00230
6866	-0.99302
6867	-0.85704
6868	-0.86903
6869	-1.06803
6870	-1.07511
6871	-0.95288
6872	-0.82344
6873	-0.72903
6874	-0.75825
6875	-0.82539
6876	-0.79595
6877	-0.77618
6878	-0.74343
6879	-0.66737
6880	-0.65206
6881	-0.63111
6882	-0.55384
6883	-0.44315
6884	-0.48767
6885	-0.59073
6886	-0.60166
6887	-0.56601
6888	-0.60296
6889	-0.59099
6890	-0.60809
6891	-0.57704
6892	-0.44286
6893	-0.35507
6894	-0.58223
6895	-0.87228
6896	-1.00152
6897	-0.86123
6898	-0.70570
6899	-0.69514
6900	-0.73634
6901	-0.83962
6902	-0.97218
6903	-1.02837
6904	-1.04054
6905	-0.98361
6906	-0.80764
6907	-0.57544
6908	-0.30926
6909	-0.04732
6910	0.13818
6911	0.10921
6912	-0.12256
6913	-0.33603
6914	-0.48039
6915	-0.18443
6916	0.04492
6917	0.18370
6918	0.19893
6919	0.22433
6920	0.24203
6921	0.10926
6922	-0.09736
6923	-0.21917
6924	-0.26858
6925	-0.35533
6926	-0.46002
6927	-0.39170
6928	-0.17996
6929	-0.09705
6930	-0.14487
6931	-0.13225
6932	-0.06011
6933	0.01482
6934	0.09184
6935	0.10053
6936	-0.00472
6937	-0.10476
6938	-0.02945
6939	0.23398
6940	0.51082
6941	0.66610
6942	0.69631
6943	0.57319
6944	0.34510
6945	0.12225
6946	-0.44496
6947	-1.65421
6948	-2.20836
6949	-0.53382
6950	1.81524
6951	1.78058
6952	-0.24472
6953	-0.99818
6954	0.62363
6955	2.06038
6956	1.59552
6957	0.45749
6958	0.05654
6959	0.35954
6960	0.66993
6961	0.09231
6962	-1.35217
6963	-2.65429
6964	-2.75295
6965	-1.25537
6966	0.49838
6967	1.18337
6968	0.56136
6969	-0.52751
6970	-1.13659
6971	-1.13210
6972	-1.08822
6973	-1.15752
6974	-1.21437
6975	-1.11015
6976	-0.77216
6977	-0.67131
6978	-0.92526
6979	-1.15548
6980	-1.06563
6981	-0.87649
6982	-0.81463
6983	-0.84815
6984	-0.77909
6985	-0.73410
6986	-0.83149
6987	-0.81114
6988	-0.66113
6989	-0.55607
6990	-0.52650
6991	-0.50484
6992	-0.42992
6993	-0.40220
6994	-0.47761
6995	-0.51214
6996	-0.58267
6997	-0.64537
6998	-0.68570
6999	-0.59270
7000	-0.53626
7001	-0.52260
7002	-0.53326
7003	-0.60328
7004	-0.77620
7005	-0.83258
7006	-0.82653
7007	-0.78876
7008	-0.72148
7009	-0.69919
7010	-0.79494
7011	-0.95308
7012	-1.04033
7013	-1.03150
7014	-0.87598
7015	-0.83468
7016	-0.85843
7017	-0.72467
7018	-0.42912
7019	-0.07551
7020	0.24822
7021	0.17614
7022	-0.05019
7023	-0.18320
7024	-0.32462
7025	-0.24359
7026	0.01655
7027	0.14306
7028	0.22381
7029	0.24349
7030	0.17847
7031	0.05788
7032	-0.03285
7033	-0.16099
7034	-0.37522
7035	-0.44223
7036	-0.27784
7037	-0.21639
7038	-0.29592
7039	-0.13586
7040	0.09332
7041	-0.11079
7042	-0.40384
7043	-0.18163
7044	0.23976
7045	0.28148
7046	0.02823
7047	-0.16758
7048	-0.17592
7049	-0.00479
7050	0.31517
7051	0.62050
7052	0.57696
7053	0.11357
7054	-0.40773
7055	-0.99971
7056	-1.88567
7057	-1.88684
7058	0.32739
7059	2.85774
7060	2.57675
7061	0.21631
7062	-0.90610
7063	0.26664
7064	1.73621
7065	1.89469
7066	1.10684
7067	0.40610
7068	-0.00975
7069	-0.39111
7070	-1.42213
7071	-2.86103
7072	-3.34875
7073	-2.05423
7074	0.01405
7075	1.39394
7076	1.50236
7077	0.68058
7078	-0.23192
7079	-0.95316
7080	-1.39498
7081	-1.50549
7082	-1.36764
7083	-1.22052
7084	-1.21617
7085	-1.21992
7086	-1.11444
7087	-0.93395
7088	-0.98972
7089	-1.03630
7090	-0.90079
7091	-0.83734
7092	-0.90742
7093	-0.91823
7094	-0.93814
7095	-0.77168
7096	-0.60968
7097	-0.64698
7098	-0.69060
7099	-0.64671
7100	-0.68530
7101	-0.59237
7102	-0.53592
7103	-0.48639
7104	-0.56253
7105	-0.64572
7106	-0.57993
7107	-0.45603
7108	-0.49651
7109	-0.49766
7110	-0.45354
7111	-0.44116
7112	-0.59836
7113	-0.82121
7114	-0.83676
7115	-0.85816
7116	-0.92371
7117	-0.82345
7118	-0.81710
7119	-0.97988
7120	-1.15854
7121	-1.22547
7122	-1.10365
7123	-0.91002
7124	-0.67913
7125	-0.37984
7126	-0.28933
7127	-0.18398
7128	0.13834
7129	0.19308
7130	-0.01165
7131	-0.04348
7132	0.01275
7133	-0.15011
7134	-0.34655
7135	-0.09349
7136	0.17460
7137	0.33487
7138	0.30197
7139	0.25265
7140	0.14842
7141	-0.12868
7142	-0.45134
7143	-0.61488
7144	-0.61187
7145	-0.53878
7146	-0.40599
7147	-0.21194
7148	-0.05677
7149	-0.06321
7150	-0.26083
7151	-0.40554
7152	-0.12495
7153	0.38113
7154	0.45126
7155	0.06031
7156	-0.15820
7157	0.00636
7158	0.20503
7159	0.31462
7160	0.53004
7161	0.73936
7162	0.50951
7163	-0.20371
7164	-1.09378
7165	-1.95568
7166	-1.89530
7167	0.18567
7168	2.66031
7169	2.35309
7170	-0.31630
7171	-1.71796
7172	-0.11927
7173	2.05876
7174	2.30258
7175	1.30786
7176	0.72298
7177	0.62318
7178	0.49010
7179	-0.31065
7180	-2.27478
7181	-4.08857
7182	-3.86325
7183	-1.13486
7184	1.82021
7185	2.74458
7186	1.54757
7187	-0.01785
7188	-1.12029
7189	-1.70410
7190	-1.84801
7191	-1.55319
7192	-1.20308
7193	-1.02236
7194	-0.88592
7195	-0.93915
7196	-1.20432
7197	-1.31329
7198	-1.07272
7199	-0.83736
7200	-0.93022
7201	-1.04462
7202	-0.87612
7203	-0.70493
7204	-0.64793
7205	-0.72989
7206	-0.84841
7207	-0.80638
7208	-0.65324
7209	-0.55885
7210	-0.54184
7211	-0.58547
7212	-0.57051
7213	-0.49676
7214	-0.50783
7215	-0.57965
7216	-0.57877
7217	-0.51682
7218	-0.46314
7219	-0.47128
7220	-0.56819
7221	-0.75322
7222	-0.84314
7223	-0.75376
7224	-0.61816
7225	-0.56307
7226	-0.56917
7227	-0.69038
7228	-0.76128
7229	-0.90003
7230	-1.05568
7231	-1.10948
7232	-1.04975
7233	-0.83629
7234	-0.54662
7235	-0.51345
7236	-0.55121
7237	-0.48678
7238	-0.23941
7239	-0.02430
7240	0.20029
7241	0.19542
7242	-0.12681
7243	-0.24017
7244	-0.11370
7245	0.03278
7246	0.03683
7247	0.12721
7248	0.27280
7249	0.29591
7250	0.18634
7251	0.01767
7252	-0.18079
7253	-0.37932
7254	-0.56332
7255	-0.68229
7256	-0.59682
7257	-0.28144
7258	0.06304
7259	0.16043
7260	-0.10012
7261	-0.41582
7262	-0.35120
7263	-0.02546
7264	0.13193
7265	0.12019
7266	0.09937
7267	0.06025
7268	0.08531
7269	0.30509
7270	0.72542
7271	1.06390
7272	0.79990
7273	-0.15016
7274	-1.51880
7275	-2.96660
7276	-2.91649
7277	-0.03938
7278	3.04677
7279	2.61739
7280	0.02721
7281	-0.55701
7282	1.16321
7283	1.98051
7284	1.17105
7285	0.72893
7286	1.38820
7287	2.04641
7288	1.23980
7289	-1.25656
7290	-4.34793
7291	-5.49801
7292	-3.37301
7293	0.40015
7294	2.93940
7295	2.80292
7296	0.94286
7297	-0.85494
7298	-1.70347
7299	-1.77614
7300	-1.49759
7301	-1.17610
7302	-1.11596
7303	-1.06635
7304	-0.84303
7305	-0.88475
7306	-1.07222
7307	-0.96480
7308	-0.75820
7309	-0.62864
7310	-0.72346
7311	-0.92853
7312	-0.99733
7313	-0.84853
7314	-0.78986
7315	-0.72985
7316	-0.67474
7317	-0.66473
7318	-0.73937
7319	-0.59544
7320	-0.38234
7321	-0.43544
7322	-0.69302
7323	-0.68694
7324	-0.51221
7325	-0.47266
7326	-0.60487
7327	-0.61975
7328	-0.52968
7329	-0.50880
7330	-0.50620
7331	-0.55971
7332	-0.72950
7333	-0.84448
7334	-0.87967
7335	-0.80379
7336	-0.62616
7337	-0.61995
7338	-0.78600
7339	-0.95110
7340	-1.11471
7341	-1.10353
7342	-0.96730
7343	-0.81643
7344	-0.58174
7345	-0.45482
7346	-0.31457
7347	0.01056
7348	0.23442
7349	0.17344
7350	0.11146
7351	-0.10720
7352	-0.43067
7353	-0.40318
7354	0.02712
7355	0.15974
7356	0.12686
7357	0.11392
7358	0.17888
7359	0.18687
7360	0.13331
7361	0.07965
7362	-0.06816
7363	-0.36127
7364	-0.62262
7365	-0.66118
7366	-0.45286
7367	-0.11091
7368	0.11385
7369	-0.05058
7370	-0.48992
7371	-0.64217
7372	-0.18950
7373	0.45563
7374	0.64698
7375	0.32041
7376	0.01150
7377	0.01472
7378	0.08558
7379	0.12586
7380	0.30717
7381	0.52073
7382	0.39095
7383	-0.48515
7384	-2.05176
7385	-2.72788
7386	-0.82750
7387	1.92070
7388	2.00622
7389	-0.19282
7390	-0.84379
7391	1.26912
7392	2.91393
7393	2.09929
7394	0.62002
7395	0.35515
7396	0.85278
7397	1.38140
7398	1.11653
7399	-0.91279
7400	-3.74824
7401	-4.81589
7402	-2.75284
7403	0.53365
7404	1.99404
7405	1.14955
7406	-0.15046
7407	-0.88042
7408	-1.22807
7409	-1.38030
7410	-1.13903
7411	-0.90572
7412	-1.05343
7413	-1.15499
7414	-1.03159
7415	-1.00419
7416	-1.10624
7417	-1.05539
7418	-0.91230
7419	-0.79578
7420	-0.80727
7421	-0.86487
7422	-0.80005
7423	-0.75773
7424	-0.99566
7425	-1.04873
7426	-0.71350
7427	-0.50756
7428	-0.62149
7429	-0.66906
7430	-0.61688
7431	-0.65491
7432	-0.73257
7433	-0.68588
7434	-0.47928
7435	-0.38425
7436	-0.45596
7437	-0.53659
7438	-0.54280
7439	-0.61942
7440	-0.75152
7441	-0.88484
7442	-0.91598
7443	-0.91189
7444	-0.82481
7445	-0.77758
7446	-0.89602
7447	-1.03273
7448	-1.11980
7449	-1.18310
7450	-1.09984
7451	-0.86177
7452	-0.68165
7453	-0.48882
7454	-0.23366
7455	-0.22989
7456	-0.17515
7457	0.17067
7458	0.30368
7459	0.11413
7460	-0.09287
7461	-0.38605
7462	-0.53888
7463	-0.29903
7464	0.06666
7465	0.24426
7466	0.25866
7467	0.20836
7468	0.20955
7469	0.16735
7470	-0.02524
7471	-0.31885
7472	-0.54675
7473	-0.59077
7474	-0.55695
7475	-0.54818
7476	-0.40125
7477	-0.10151
7478	0.02666
7479	-0.07937
7480	-0.15009
7481	-0.10189
7482	-0.01207
7483	0.06776
7484	0.06704
7485	0.02861
7486	0.13130
7487	0.36743
7488	0.52659
7489	0.49832
7490	0.29552
7491	-0.10280
7492	-0.79859
7493	-1.72887
7494	-2.08890
7495	-0.72795
7496	1.78548
7497	2.89444
7498	1.68993
7499	0.35297
7500	0.52349
7501	0.93171
7502	0.35160
7503	0.09461
7504	1.13599
7505	1.40535
7506	-0.94306
7507	-4.16668
7508	-4.38343
7509	-1.43778
7510	0.97341
7511	1.16179
7512	0.64809
7513	0.05135
7514	-0.90314
7515	-1.55543
7516	-1.60520
7517	-1.45556
7518	-1.24110
7519	-0.95656
7520	-0.79435
7521	-0.84361
7522	-1.07560
7523	-1.08889
7524	-1.01323
7525	-0.94276
7526	-0.85438
7527	-0.76278
7528	-0.74212
7529	-0.81108
7530	-0.87470
7531	-0.69482
7532	-0.57250
7533	-0.72125
7534	-0.80369
7535	-0.65277
7536	-0.47385
7537	-0.33039
7538	-0.47953
7539	-0.77502
7540	-0.75524
7541	-0.47399
7542	-0.35647
7543	-0.42259
7544	-0.40848
7545	-0.37459
7546	-0.46469
7547	-0.68739
7548	-0.88043
7549	-0.83015
7550	-0.60396
7551	-0.58794
7552	-0.75416
7553	-0.83614
7554	-0.87390
7555	-0.92036
7556	-0.90528
7557	-0.62120
7558	-0.07106
7559	0.33894
7560	0.45018
7561	0.40319
7562	0.28018
7563	0.05457
7564	0.17316
7565	0.24054
7566	0.26862
7567	0.26149
7568	0.12584
7569	-0.15946
7570	-0.43792
7571	-0.58766
7572	-0.61695
7573	-0.53262
7574	-0.40618
7575	-0.35087
7576	-0.23215
7577	0.02611
7578	0.04631
7579	-0.31773
7580	-0.53438
7581	-0.32180
7582	-0.10240
7583	-0.00007
7584	0.44476
7585	1.08243
7586	1.07885
7587	0.23324
7588	-0.87837
7589	-1.68643
7590	-1.78910
7591	-0.79879
7592	1.27114
7593	3.08168
7594	3.14888
7595	2.28970
7596	2.02683
7597	1.42544
7598	-1.08362
7599	-3.39875
7600	-1.66817
7601	1.58186
7602	0.71496
7603	-3.62490
7604	-5.19662
7605	-1.91881
7606	1.88785
7607	1.97020
7608	-0.12675
7609	-1.54509
7610	-1.86615
7611	-1.69381
7612	-1.71790
7613	-1.86006
7614	-1.76826
7615	-1.18011
7616	-0.90790
7617	-0.95158
7618	-1.08006
7619	-1.12467
7620	-1.04911
7621	-1.13268
7622	-1.29255
7623	-1.13753
7624	-0.80031
7625	-0.58396
7626	-0.73089
7627	-0.86596
7628	-0.43122
7629	0.16457
7630	0.25318
7631	0.01254
7632	0.01221
7633	-0.31319
7634	-0.47001
7635	-0.44399
7636	-0.49979
7637	-0.58669
7638	-0.44725
7639	-0.27201
7640	-0.25052
7641	-0.37076
7642	-0.27203
7643	0.15270
7644	0.64170
7645	0.86412
7646	0.82476
7647	0.73642
7648	0.63026
7649	0.34846
7650	-0.07945
7651	-0.38003
7652	-0.39463
7653	-0.14000
7654	0.15515
7655	0.03875
7656	-0.43672
7657	-0.58203
7658	-0.28863
7659	-0.19794
7660	-0.45997
7661	-0.55178
7662	-0.19566
7663	0.31381
7664	0.52924
7665	0.37622
7666	0.23074
7667	0.37238
7668	0.60294
7669	0.45474
7670	-0.45004
7671	-1.73172
7672	-1.76270
7673	0.57674
7674	3.46093
7675	3.52133
7676	0.81749
7677	-1.02326
7678	-1.03785
7679	-1.61767
7680	-2.28327
7681	0.41162
7682	4.22225
7683	2.57974
7684	-3.61016
7685	-6.47574
7686	-3.79571
7687	-0.08201
7688	1.14368
7689	0.26947
7690	-1.11130
7691	-1.83460
7692	-1.45275
7693	-1.22826
7694	-1.50005
7695	-1.78192
7696	-1.73469
7697	-1.30611
7698	-0.89855
7699	-0.90657
7700	-0.76698
7701	-0.75227
7702	-0.82378
7703	-0.58932
7704	-0.37357
7705	-0.17467
7706	-0.01249
7707	-0.14421
7708	-0.41997
7709	-0.46578
7710	-0.50461
7711	-0.36696
7712	-0.27637
7713	-0.31455
7714	-0.39291
7715	-0.32812
7716	-0.23734
7717	-0.16646
7718	-0.05010
7719	0.10072
7720	0.17673
7721	0.18354
7722	0.26803
7723	0.40764
7724	0.41809
7725	0.27529
7726	0.07948
7727	-0.16228
7728	-0.35596
7729	-0.35220
7730	-0.24730
7731	-0.21807
7732	-0.20758
7733	-0.11566
7734	0.01201
7735	0.17272
7736	0.30859
7737	0.24473
7738	0.17657
7739	0.57752
7740	1.20518
7741	1.16625
7742	0.37666
7743	-0.38334
7744	-0.98497
7745	-1.79125
7746	-2.35417
7747	-1.75122
7748	0.32439
7749	2.96542
7750	4.19296
7751	2.74771
7752	0.13702
7753	-1.08408
7754	-0.64001
7755	0.48705
7756	1.31036
7757	0.74338
7758	-1.93498
7759	-3.72192
7760	-2.57582
7761	-0.78141
7762	-0.51463
7763	-1.17129
7764	-1.76120
7765	-1.71657
7766	-1.28975
7767	-1.17323
7768	-1.50752
7769	-1.81236
7770	-1.76595
7771	-1.31553
7772	-1.10982
7773	-1.09208
7774	-1.08095
7775	-0.92125
7776	-0.86976
7777	-0.49930
7778	-0.28887
7779	-0.03192
7780	0.12910
7781	0.04335
7782	-0.21149
7783	-0.54284
7784	-0.85735
7785	-1.00262
7786	-0.73220
7787	-0.42295
7788	-0.09479
7789	0.03519
7790	-0.01093
7791	-0.04711
7792	-0.00151
7793	0.13016
7794	0.26311
7795	0.32773
7796	0.38064
7797	0.44014
7798	0.37479
7799	0.11674
7800	-0.20715
7801	-0.41019
7802	-0.45332
7803	-0.42440
7804	-0.30944
7805	-0.11570
7806	-0.04385
7807	-0.14804
7808	-0.19653
7809	-0.03357
7810	0.38293
7811	1.01305
7812	1.39405
7813	1.09024
7814	0.47965
7815	-0.06339
7816	-1.05409
7817	-2.61611
7818	-3.26083
7819	-1.35364
7820	2.44487
7821	5.06102
7822	4.08239
7823	0.82284
7824	-1.30039
7825	-1.53356
7826	-1.73765
7827	-1.48831
7828	1.10150
7829	3.01221
7830	0.11415
7831	-3.86930
7832	-3.84213
7833	-1.52144
7834	-0.23055
7835	-0.45705
7836	-1.22929
7837	-1.86393
7838	-1.67376
7839	-1.60856
7840	-1.76539
7841	-1.94616
7842	-1.83240
7843	-1.38423
7844	-0.79668
7845	-0.78831
7846	-0.98280
7847	-0.98642
7848	-0.85128
7849	-0.35416
7850	0.00661
7851	0.01410
7852	-0.07443
7853	-0.46182
7854	-0.96102
7855	-0.96612
7856	-0.57667
7857	-0.07922
7858	0.04620
7859	-0.19756
7860	-0.27941
7861	-0.22535
7862	-0.05172
7863	0.17969
7864	0.34073
7865	0.38777
7866	0.42026
7867	0.46746
7868	0.39895
7869	0.15061
7870	-0.16385
7871	-0.42702
7872	-0.55087
7873	-0.39460
7874	-0.00439
7875	0.27533
7876	0.20077
7877	-0.03598
7878	-0.10000
7879	-0.03005
7880	-0.04046
7881	0.06121
7882	0.58360
7883	1.18631
7884	1.15617
7885	0.35340
7886	-0.71495
7887	-1.59287
7888	-2.14219
7889	-2.06856
7890	-0.63696
7891	1.99396
7892	3.66944
7893	2.47479
7894	-0.10984
7895	-1.01926
7896	-0.46072
7897	-0.53131
7898	-0.07608
7899	2.40357
7900	3.00131
7901	-1.70725
7902	-5.74471
7903	-4.14966
7904	-0.79127
7905	0.24346
7906	-0.24272
7907	-0.92339
7908	-1.73151
7909	-1.80117
7910	-1.44092
7911	-1.49472
7912	-1.69929
7913	-1.93858
7914	-1.47810
7915	-0.76397
7916	-0.77180
7917	-0.98402
7918	-0.76275
7919	-0.69729
7920	-0.30700
7921	0.03791
7922	0.12343
7923	0.09246
7924	-0.25908
7925	-0.73121
7926	-0.66577
7927	-0.29462
7928	0.02394
7929	-0.13652
7930	-0.57201
7931	-0.61085
7932	-0.42217
7933	-0.15617
7934	0.06277
7935	0.20946
7936	0.25158
7937	0.24765
7938	0.34397
7939	0.50329
7940	0.49497
7941	0.19843
7942	-0.24883
7943	-0.56607
7944	-0.52787
7945	-0.13546
7946	0.26705
7947	0.32403
7948	0.15616
7949	0.08900
7950	0.10478
7951	0.00637
7952	-0.05010
7953	0.36638
7954	1.14172
7955	1.53231
7956	1.23240
7957	0.43203
7958	-1.20535
7959	-3.66116
7960	-4.67761
7961	-1.63815
7962	4.03055
7963	6.86008
7964	4.02272
7965	-0.72577
7966	-2.70234
7967	-1.79778
7968	-0.58256
7969	0.19548
7970	0.94806
7971	1.17114
7972	-0.78428
7973	-2.37789
7974	-1.80996
7975	-1.10503
7976	-0.82005
7977	-1.36718
7978	-1.75177
7979	-1.47532
7980	-0.93695
7981	-1.05897
7982	-1.55197
7983	-1.94156
7984	-1.81721
7985	-1.22514
7986	-0.85519
7987	-0.76517
7988	-0.78652
7989	-0.86736
7990	-0.69068
7991	-0.11009
7992	0.08439
7993	0.06648
7994	-0.06041
7995	-0.49336
7996	-0.84762
7997	-0.76076
7998	-0.35529
7999	-0.12122
8000	-0.36029
8001	-0.47709
8002	-0.35513
8003	-0.13870
8004	0.11796
8005	0.31749
8006	0.39215
8007	0.36791
8008	0.33926
8009	0.35214
8010	0.35617
8011	0.26530
8012	0.02673
8013	-0.33365
8014	-0.62205
8015	-0.57025
8016	-0.20657
8017	0.08142
8018	0.05116
8019	-0.11962
8020	-0.20986
8021	-0.14473
8022	0.22311
8023	0.98411
8024	1.69355
8025	1.57229
8026	0.62968
8027	-0.36449
8028	-1.38501
8029	-2.75363
8030	-3.34020
8031	-1.66557
8032	1.57733
8033	3.92731
8034	3.86840
8035	2.09057
8036	0.38121
8037	-0.43722
8038	-1.29043
8039	-2.03319
8040	-0.31598
8041	3.10881
8042	2.22554
8043	-3.03502
8044	-5.12993
8045	-2.81259
8046	-0.21903
8047	0.54012
8048	-0.31417
8049	-1.75368
8050	-2.33641
8051	-1.76738
8052	-1.47957
8053	-1.60280
8054	-1.82407
8055	-1.63061
8056	-1.15234
8057	-0.94101
8058	-0.91255
8059	-0.67737
8060	-0.72894
8061	-0.59083
8062	-0.18700
8063	0.03862
8064	0.08627
8065	-0.03317
8066	-0.56006
8067	-1.00114
8068	-0.99220
8069	-0.71663
8070	-0.29339
8071	-0.32420
8072	-0.22198
8073	-0.12210
8074	-0.01500
8075	0.08841
8076	0.16955
8077	0.27201
8078	0.39171
8079	0.47737
8080	0.52134
8081	0.47929
8082	0.27439
8083	-0.05686
8084	-0.34083
8085	-0.44324
8086	-0.37333
8087	-0.18527
8088	0.01175
8089	0.10246
8090	0.07116
8091	-0.04446
8092	-0.12455
8093	-0.00618
8094	0.39127
8095	1.08245
8096	1.80780
8097	1.95457
8098	1.15305
8099	-0.57129
8100	-3.01620
8101	-4.89411
8102	-3.79836
8103	0.92488
8104	5.74182
8105	6.13105
8106	2.45376
8107	-1.12916
8108	-1.99139
8109	-1.07871
8110	-0.70753
8111	-0.69390
8112	0.97326
8113	2.70157
8114	0.12415
8115	-4.36421
8116	-4.46785
8117	-1.70422
8118	0.21601
8119	0.26158
8120	-0.76529
8121	-1.74165
8122	-1.83162
8123	-1.54870
8124	-1.65388
8125	-1.79880
8126	-1.96719
8127	-1.51209
8128	-0.99309
8129	-0.88803
8130	-1.08953
8131	-0.88289
8132	-0.63831
8133	-0.31684
8134	-0.05949
8135	0.00956
8136	-0.04602
8137	-0.33704
8138	-0.83609
8139	-0.87690
8140	-0.36787
8141	0.14605
8142	0.12122
8143	-0.33458
8144	-0.44299
8145	-0.35100
8146	-0.16038
8147	0.03853
8148	0.22359
8149	0.32930
8150	0.29562
8151	0.18307
8152	0.13390
8153	0.17696
8154	0.12232
8155	-0.14373
8156	-0.38361
8157	-0.37918
8158	-0.22170
8159	-0.03861
8160	0.10478
8161	0.10388
8162	-0.01091
8163	-0.07912
8164	0.00103
8165	0.37806
8166	1.06080
8167	1.56232
8168	1.34634
8169	0.53570
8170	-0.41624
8171	-1.64376
8172	-3.21639
8173	-3.73873
8174	-1.74681
8175	1.82531
8176	4.47831
8177	4.79110
8178	2.95467
8179	0.24420
8180	-1.48787
8181	-1.77056
8182	-1.60866
8183	-0.56081
8184	2.27878
8185	3.45310
8186	-0.64669
8187	-5.19535
8188	-4.54317
8189	-1.38350
8190	0.43502
8191	0.06015
8192	-1.00422
8193	-1.92550
8194	-1.91846
8195	-1.68975
8196	-1.72370
8197	-1.68629
8198	-1.79318
8199	-1.50765
8200	-0.95978
8201	-0.82911
8202	-0.99123
8203	-0.87596
8204	-0.79510
8205	-0.30929
8206	0.12456
8207	0.01195
8208	-0.15843
8209	-0.38734
8210	-0.68771
8211	-0.81125
8212	-0.74053
8213	-0.37502
8214	-0.19979
8215	-0.16212
8216	-0.15087
8217	-0.17305
8218	-0.08217
8219	0.10749
8220	0.24465
8221	0.27433
8222	0.31778
8223	0.46124
8224	0.56793
8225	0.42842
8226	0.03960
8227	-0.36684
8228	-0.57917
8229	-0.57286
8230	-0.31451
8231	0.13049
8232	0.42987
8233	0.37977
8234	0.11120
8235	-0.20730
8236	-0.39051
8237	-0.11963
8238	0.66585
8239	1.38217
8240	1.38477
8241	0.91979
8242	0.58234
8243	-0.05787
8244	-1.66490
8245	-3.26758
8246	-2.97728
8247	-0.26622
8248	3.36833
8249	5.42870
8250	4.12961
8251	0.53902
8252	-2.26785
8253	-2.79829
8254	-1.51036
8255	0.69021
8256	1.78043
8257	-0.37119
8258	-3.11579
8259	-2.62310
8260	-0.96988
8261	-0.55241
8262	-1.03349
8263	-1.52437
8264	-1.76153
8265	-1.43232
8266	-1.47061
8267	-1.80560
8268	-1.96349
8269	-1.93456
8270	-1.46404
8271	-0.93363
8272	-0.98148
8273	-0.98323
8274	-0.78605
8275	-0.69555
8276	-0.36991
8277	-0.00493
8278	0.10027
8279	0.19834
8280	-0.25335
8281	-0.75622
8282	-0.79200
8283	-0.46357
8284	-0.20170
8285	-0.14520
8286	-0.36645
8287	-0.36428
8288	-0.31686
8289	-0.15876
8290	0.03261
8291	0.13475
8292	0.14256
8293	0.14601
8294	0.21850
8295	0.34579
8296	0.40895
8297	0.25594
8298	-0.12706
8299	-0.43605
8300	-0.34947
8301	-0.05035
8302	0.04722
8303	-0.02565
8304	-0.00066
8305	-0.04822
8306	-0.38636
8307	-0.55176
8308	0.04869
8309	1.12204
8310	1.76985
8311	1.68466
8312	1.31715
8313	0.71268
8314	-0.90384
8315	-3.49858
8316	-4.97938
8317	-3.02925
8318	1.85456
8319	5.88343
8320	5.62919
8321	2.03511
8322	-0.98936
8323	-1.54236
8324	-1.36315
8325	-1.39333
8326	0.21458
8327	2.33998
8328	0.60926
8329	-3.45904
8330	-4.07514
8331	-1.75687
8332	-0.32649
8333	-0.35774
8334	-1.20801
8335	-1.93658
8336	-1.81900
8337	-1.31111
8338	-1.47740
8339	-1.73802
8340	-1.86631
8341	-1.47714
8342	-0.94872
8343	-0.87784
8344	-1.03886
8345	-0.83348
8346	-0.78024
8347	-0.66810
8348	-0.15172
8349	0.16594
8350	0.26762
8351	-0.05655
8352	-0.60023
8353	-0.82736
8354	-0.69792
8355	-0.36439
8356	-0.14591
8357	-0.29678
8358	-0.24452
8359	-0.28590
8360	-0.17760
8361	0.04129
8362	0.18894
8363	0.25310
8364	0.34125
8365	0.42098
8366	0.43415
8367	0.42322
8368	0.35805
8369	0.10614
8370	-0.30962
8371	-0.59225
8372	-0.46581
8373	-0.07658
8374	0.13361
8375	0.02121
8376	-0.19025
8377	-0.41599
8378	-0.65708
8379	-0.53166
8380	0.32759
8381	1.45154
8382	1.90940
8383	1.47732
8384	0.76552
8385	-0.01515
8386	-1.52745
8387	-3.55649
8388	-3.92717
8389	-1.00085
8390	3.32079
8391	5.16958
8392	3.31993
8393	0.13717
8394	-1.43752
8395	-0.96885
8396	-0.51127
8397	-0.87659
8398	0.27822
8399	2.89566
8400	2.22837
8401	-2.40843
8402	-4.65592
8403	-2.78953
8404	-0.68529
8405	-0.12480
8406	-0.70291
8407	-1.45650
8408	-1.84176
8409	-1.63534
8410	-1.66756
8411	-1.78530
8412	-1.94958
8413	-1.79410
8414	-1.33775
8415	-0.89819
8416	-0.76932
8417	-0.69052
8418	-0.79053
8419	-0.59834
8420	-0.15445
8421	-0.28503
8422	-0.42443
8423	-0.38715
8424	-0.63927
8425	-0.92476
8426	-0.70669
8427	-0.38351
8428	-0.32774
8429	-0.40535
8430	-0.21230
8431	-0.09864
8432	-0.04527
8433	0.06952
8434	0.27639
8435	0.39293
8436	0.35082
8437	0.32377
8438	0.37926
8439	0.36213
8440	0.18937
8441	-0.08789
8442	-0.37934
8443	-0.51650
8444	-0.38179
8445	-0.04968
8446	0.23320
8447	0.24711
8448	0.06928
8449	-0.03299
8450	0.04762
8451	0.26026
8452	0.64059
8453	1.20707
8454	1.63804
8455	1.54070
8456	0.87188
8457	-0.56645
8458	-2.93031
8459	-4.65586
8460	-3.20296
8461	1.32198
8462	5.19894
8463	5.04812
8464	1.72113
8465	-1.25027
8466	-1.82872
8467	-1.20229
8468	-1.18062
8469	-0.81744
8470	1.29035
8471	2.75200
8472	0.04495
8473	-3.43486
8474	-3.25576
8475	-1.57413
8476	-0.77418
8477	-1.03405
8478	-1.41327
8479	-1.59142
8480	-1.43846
8481	-1.52311
8482	-1.64996
8483	-1.83644
8484	-2.01488
8485	-1.54421
8486	-0.86303
8487	-0.77074
8488	-0.89662
8489	-0.85489
8490	-0.60720
8491	-0.11303
8492	0.10396
8493	-0.06017
8494	-0.27951
8495	-0.60736
8496	-0.95225
8497	-0.83286
8498	-0.47258
8499	-0.03853
8500	0.02401
8501	-0.12294
8502	-0.17426
8503	-0.15658
8504	-0.03248
8505	0.11190
8506	0.21932
8507	0.29123
8508	0.34291
8509	0.38164
8510	0.37414
8511	0.24830
8512	-0.04901
8513	-0.44084
8514	-0.68236
8515	-0.51225
8516	0.03885
8517	0.48943
8518	0.45762
8519	0.17183
8520	-0.05355
8521	-0.20453
8522	-0.13126
8523	0.41384
8524	1.06384
8525	1.08055
8526	0.64243
8527	0.40760
8528	-0.31673
8529	-2.43166
8530	-4.31893
8531	-3.01001
8532	1.80285
8533	6.14992
8534	5.78945
8535	1.50471
8536	-2.07771
8537	-2.42468
8538	-1.27194
8539	-0.45688
8540	0.57120
8541	1.57113
8542	-0.14643
8543	-2.98800
8544	-2.89707
8545	-1.19234
8546	-0.57972
8547	-1.03329
8548	-1.42267
8549	-1.55836
8550	-1.40641
8551	-1.46166
8552	-1.67735
8553	-1.84968
8554	-1.86395
8555	-1.49217
8556	-0.96050
8557	-0.92986
8558	-0.85474
8559	-0.69805
8560	-0.65431
8561	-0.24152
8562	0.10851
8563	0.13990
8564	-0.04089
8565	-0.48569
8566	-0.93742
8567	-0.79337
8568	-0.37818
8569	-0.21639
8570	-0.33597
8571	-0.48571
8572	-0.26988
8573	0.02828
8574	0.21206
8575	0.24310
8576	0.25061
8577	0.26286
8578	0.22554
8579	0.20710
8580	0.28881
8581	0.34575
8582	0.19974
8583	-0.12616
8584	-0.43401
8585	-0.48450
8586	-0.18920
8587	0.14821
8588	0.15376
8589	0.00659
8590	0.03598
8591	0.06371
8592	0.06494
8593	0.52614
8594	1.26067
8595	1.22641
8596	0.27052
8597	-0.52332
8598	-0.87635
8599	-1.63132
8600	-2.57169
8601	-2.19496
8602	0.05456
8603	2.87180
8604	4.35347
8605	3.61049
8606	1.26305
8607	-0.96836
8608	-1.89081
8609	-1.84094
8610	-0.92904
8611	1.04725
8612	2.32280
8613	-0.07284
8614	-3.21348
8615	-3.00705
8616	-1.33228
8617	-0.34984
8618	-0.62660
8619	-1.42994
8620	-1.79624
8621	-1.50433
8622	-1.45032
8623	-1.75125
8624	-1.97808
8625	-1.87201
8626	-1.23977
8627	-0.91525
8628	-0.97346
8629	-0.98188
8630	-0.72390
8631	-0.56354
8632	-0.10674
8633	0.07984
8634	0.16405
8635	0.25923
8636	-0.13872
8637	-0.65034
8638	-0.86897
8639	-0.71436
8640	-0.34255
8641	-0.32954
8642	-0.20208
8643	-0.27124
8644	-0.36833
8645	-0.32837
8646	-0.15671
8647	0.03684
8648	0.16542
8649	0.24033
8650	0.32956
8651	0.42159
8652	0.40494
8653	0.21000
8654	-0.12538
8655	-0.48279
8656	-0.61521
8657	-0.31622
8658	0.17253
8659	0.32945
8660	0.12221
8661	-0.00944
8662	0.01509
8663	0.05535
8664	0.38467
8665	1.11799
8666	1.60602
8667	1.20659
8668	0.09253
8669	-1.15034
8670	-2.27094
8671	-3.01078
8672	-2.43340
8673	0.03555
8674	2.98923
8675	4.12839
8676	2.91179
8677	0.71782
8678	-0.90297
8679	-1.39356
8680	-0.73225
8681	0.74521
8682	1.44998
8683	-0.58313
8684	-3.31830
8685	-2.86438
8686	-0.71070
8687	-0.17212
8688	-1.08631
8689	-1.88884
8690	-2.16859
8691	-1.84988
8692	-1.43409
8693	-1.60001
8694	-1.84176
8695	-1.69684
8696	-1.22815
8697	-0.80679
8698	-0.86429
8699	-0.86606
8700	-0.61270
8701	-0.55412
8702	-0.21752
8703	0.18996
8704	0.03309
8705	-0.13947
8706	-0.27801
8707	-0.72863
8708	-0.79901
8709	-0.45583
8710	-0.34308
8711	-0.41455
8712	-0.50496
8713	-0.32929
8714	-0.09139
8715	0.06776
8716	0.11006
8717	0.09231
8718	0.09520
8719	0.20794
8720	0.43026
8721	0.59743
8722	0.55297
8723	0.28202
8724	-0.11538
8725	-0.43001
8726	-0.49612
8727	-0.32009
8728	-0.08570
8729	0.03023
8730	0.05081
8731	0.06326
8732	0.06050
8733	0.04685
8734	0.18496
8735	0.68338
8736	1.31146
8737	1.40267
8738	0.85415
8739	0.16713
8740	-0.83645
8741	-2.54496
8742	-3.76970
8743	-2.46889
8744	1.42826
8745	5.08518
8746	5.49659
8747	2.43900
8748	-1.29713
8749	-2.83964
8750	-2.27327
8751	-0.83736
8752	1.50106
8753	3.08929
8754	0.39755
8755	-4.14256
8756	-4.30626
8757	-1.46812
8758	0.04303
8759	-0.39378
8760	-1.29541
8761	-1.87832
8762	-1.66761
8763	-1.28380
8764	-1.54285
8765	-1.87853
8766	-2.04600
8767	-1.61829
8768	-0.87450
8769	-0.69727
8770	-1.01372
8771	-0.97059
8772	-0.91681
8773	-0.42543
8774	0.12153
8775	0.27500
8776	0.11903
8777	-0.25198
8778	-0.86388
8779	-0.88883
8780	-0.52345
8781	-0.22263
8782	-0.26119
8783	-0.29679
8784	-0.26747
8785	-0.22119
8786	-0.06778
8787	0.09438
8788	0.16523
8789	0.17090
8790	0.17313
8791	0.22066
8792	0.32620
8793	0.42173
8794	0.37632
8795	0.09077
8796	-0.34559
8797	-0.59303
8798	-0.42286
8799	-0.04568
8800	0.22544
8801	0.33364
8802	0.32904
8803	0.21017
8804	0.02108
8805	0.03261
8806	0.55101
8807	1.28727
8808	1.48200
8809	0.92090
8810	-0.09012
8811	-1.67938
8812	-3.69261
8813	-4.31805
8814	-1.77589
8815	2.73233
8816	5.55326
8817	4.60465
8818	1.44467
8819	-1.19911
8820	-1.85953
8821	-1.19216
8822	-0.90158
8823	-0.69653
8824	1.51821
8825	3.80759
8826	1.27844
8827	-4.06578
8828	-5.20559
8829	-2.49408
8830	-0.17954
8831	0.14130
8832	-0.81718
8833	-1.86668
8834	-1.90470
8835	-1.39621
8836	-1.49612
8837	-1.65372
8838	-1.85722
8839	-1.74843
8840	-1.19671
8841	-0.96490
8842	-0.97379
8843	-0.77024
8844	-0.69703
8845	-0.45901
8846	0.09883
8847	0.22131
8848	-0.03300
8849	-0.30417
8850	-0.62651
8851	-0.72942
8852	-0.75787
8853	-0.50599
8854	-0.25289
8855	-0.39080
8856	-0.29234
8857	-0.31153
8858	-0.22299
8859	-0.00973
8860	0.16715
8861	0.21843
8862	0.23354
8863	0.29695
8864	0.37509
8865	0.36750
8866	0.21296
8867	-0.07270
8868	-0.42351
8869	-0.68571
8870	-0.60631
8871	-0.11010
8872	0.39806
8873	0.48730
8874	0.36104
8875	0.44893
8876	0.65136
8877	0.67300
8878	0.67107
8879	0.93020
8880	1.31779
8881	1.42333
8882	0.65743
8883	-1.51511
8884	-4.31271
8885	-5.24600
8886	-2.41209
8887	2.84262
8888	6.43746
8889	5.67069
8890	2.06831
8891	-0.91741
8892	-1.72970
8893	-1.75265
8894	-2.35834
8895	-1.95093
8896	0.97842
8897	3.10334
8898	0.14625
8899	-3.89236
8900	-3.72941
8901	-1.41029
8902	-0.09305
8903	-0.47407
8904	-1.21420
8905	-1.65247
8906	-1.45515
8907	-1.49798
8908	-1.79495
8909	-1.98173
8910	-1.90641
8911	-1.39842
8912	-0.96144
8913	-0.90778
8914	-0.99841
8915	-0.84671
8916	-0.70122
8917	-0.28838
8918	0.04484
8919	0.13154
8920	-0.08577
8921	-0.54976
8922	-0.93763
8923	-0.85788
8924	-0.44158
8925	-0.03091
8926	-0.08454
8927	-0.32207
8928	-0.41309
8929	-0.32902
8930	-0.11678
8931	0.08990
8932	0.21060
8933	0.23281
8934	0.25040
8935	0.36842
8936	0.46660
8937	0.32568
8938	0.00554
8939	-0.29745
8940	-0.53189
8941	-0.57279
8942	-0.26308
8943	0.15138
8944	0.27438
8945	0.17879
8946	0.18325
8947	0.27992
8948	0.44138
8949	0.91740
8950	1.56032
8951	1.71466
8952	1.09938
8953	-0.03278
8954	-1.45787
8955	-2.95614
8956	-3.76178
8957	-2.76725
8958	0.18586
8959	3.53118
8960	5.26550
8961	4.59241
8962	2.03587
8963	-0.58463
8964	-1.77267
8965	-2.32300
8966	-2.88514
8967	-1.38088
8968	2.53164
8969	3.25623
8970	-1.57196
8971	-5.06021
8972	-3.47437
8973	-0.79202
8974	0.06002
8975	-0.63307
8976	-1.40466
8977	-1.70986
8978	-1.46627
8979	-1.48164
8980	-1.71397
8981	-1.87479
8982	-1.88742
8983	-1.39309
8984	-0.69554
8985	-0.63153
8986	-0.71082
8987	-0.49810
8988	-0.27250
8989	0.03652
8990	-0.17613
8991	-0.49547
8992	-0.55329
8993	-0.57389
8994	-0.62782
8995	-0.32688
8996	-0.07655
8997	-0.00688
8998	-0.25380
8999	-0.24924
9000	-0.13426
9001	0.02379
9002	0.08605
9003	0.05683
9004	0.05011
9005	0.13109
9006	0.30744
9007	0.47921
9008	0.43332
9009	0.07164
9010	-0.37644
9011	-0.55968
9012	-0.45059
9013	-0.23147
9014	-0.02897
9015	0.06275
9016	0.06455
9017	0.11444
9018	0.30312
9019	0.60746
9020	0.89482
9021	1.07851
9022	1.14695
9023	0.93966
9024	0.38468
9025	-0.33929
9026	-1.26733
9027	-2.31803
9028	-2.56168
9029	-1.18041
9030	1.05887
9031	2.61951
9032	2.90720
9033	2.16530
9034	1.00093
9035	-0.15750
9036	-1.51894
9037	-2.40294
9038	-0.86861
9039	2.06373
9040	1.55732
9041	-2.37265
9042	-3.79986
9043	-2.20296
9044	-0.81971
9045	-0.49782
9046	-1.01416
9047	-1.76833
9048	-1.92057
9049	-1.35630
9050	-1.47656
9051	-1.87785
9052	-2.13681
9053	-1.82788
9054	-1.24690
9055	-0.91344
9056	-0.91183
9057	-0.76981
9058	-0.70103
9059	-0.47548
9060	0.01139
9061	0.07534
9062	0.02199
9063	-0.08383
9064	-0.43861
9065	-0.74887
9066	-0.56445
9067	-0.26068
9068	-0.31257
9069	-0.71947
9070	-0.63596
9071	-0.39393
9072	-0.23573
9073	-0.15077
9074	0.00214
9075	0.18253
9076	0.27714
9077	0.32235
9078	0.40027
9079	0.45014
9080	0.33214
9081	0.02348
9082	-0.29158
9083	-0.41696
9084	-0.32423
9085	-0.08860
9086	0.11148
9087	0.14282
9088	0.14680
9089	0.27649
9090	0.47361
9091	0.74123
9092	1.15489
9093	1.45226
9094	1.14108
9095	0.25574
9096	-0.61476
9097	-1.35222
9098	-2.31189
9099	-2.90102
9100	-1.77723
9101	0.93385
9102	3.18667
9103	3.43546
9104	2.24717
9105	0.78770
9106	-0.25582
9107	-0.73502
9108	-1.18736
9109	-1.36418
9110	0.27941
9111	2.40741
9112	0.98016
9113	-3.23721
9114	-4.27799
9115	-1.92966
9116	-0.01606
9117	-0.07468
9118	-1.11064
9119	-1.91187
9120	-1.87692
9121	-1.49872
9122	-1.55771
9123	-1.78187
9124	-2.02042
9125	-1.73076
9126	-1.06357
9127	-0.66812
9128	-0.81919
9129	-0.64568
9130	-0.56516
9131	-0.43557
9132	-0.21827
9133	-0.29334
9134	-0.37252
9135	-0.38161
9136	-0.57298
9137	-0.55985
9138	-0.35732
9139	-0.31060
9140	-0.46237
9141	-0.52694
9142	-0.22538
9143	-0.01382
9144	0.00888
9145	-0.05919
9146	-0.05041
9147	0.04985
9148	0.12861
9149	0.22707
9150	0.42949
9151	0.55572
9152	0.37262
9153	-0.03508
9154	-0.38765
9155	-0.52771
9156	-0.41611
9157	-0.07872
9158	0.26658
9159	0.39052
9160	0.36218
9161	0.31589
9162	0.27304
9163	0.47649
9164	1.09755
9165	1.49961
9166	0.88599
9167	-0.34676
9168	-1.13723
9169	-1.49227
9170	-2.13154
9171	-2.52631
9172	-1.40663
9173	0.87483
9174	2.56688
9175	3.04778
9176	2.78330
9177	1.67436
9178	0.15122
9179	-0.67170
9180	-0.96618
9181	-1.19057
9182	-0.09413
9183	2.09711
9184	1.31649
9185	-2.81266
9186	-4.41619
9187	-2.36166
9188	-0.33118
9189	-0.10070
9190	-0.79739
9191	-1.66310
9192	-1.97237
9193	-1.67659
9194	-1.77292
9195	-1.80759
9196	-1.83933
9197	-1.79511
9198	-1.28241
9199	-0.77889
9200	-0.77605
9201	-0.76259
9202	-0.78029
9203	-0.59311
9204	-0.05904
9205	0.12920
9206	0.02388
9207	-0.18178
9208	-0.69375
9209	-0.98936
9210	-0.70994
9211	-0.31475
9212	-0.09049
9213	-0.43510
9214	-0.46283
9215	-0.43453
9216	-0.29361
9217	-0.05806
9218	0.15748
9219	0.24161
9220	0.23349
9221	0.29127
9222	0.43748
9223	0.47818
9224	0.29942
9225	-0.02400
9226	-0.34810
9227	-0.48642
9228	-0.36340
9229	-0.12491
9230	0.05222
9231	0.11723
9232	0.09582
9233	0.09874
9234	0.25218
9235	0.52380
9236	0.86547
9237	1.30427
9238	1.68151
9239	1.66936
9240	0.90484
9241	-1.02677
9242	-3.78721
9243	-5.34603
9244	-3.37299
9245	1.67195
9246	5.83090
9247	5.62759
9248	2.16510
9249	-0.74596
9250	-1.16344
9251	-0.62240
9252	-1.43594
9253	-2.62179
9254	-0.80825
9255	3.44406
9256	3.69039
9257	-1.77616
9258	-5.82496
9259	-4.24432
9260	-0.96456
9261	0.67445
9262	-0.08437
9263	-1.29980
9264	-1.83426
9265	-1.67004
9266	-1.64184
9267	-1.81611
9268	-1.93370
9269	-1.93551
9270	-1.41026
9271	-0.95230
9272	-0.88286
9273	-0.79391
9274	-0.51245
9275	-0.38971
9276	-0.00646
9277	0.12508
9278	-0.18473
9279	-0.48919
9280	-0.61425
9281	-0.59515
9282	-0.48061
9283	-0.33756
9284	-0.20705
9285	-0.24790
9286	-0.35264
9287	-0.29463
9288	-0.19581
9289	-0.04593
9290	0.08772
9291	0.13713
9292	0.14057
9293	0.19515
9294	0.31309
9295	0.38475
9296	0.28418
9297	-0.01974
9298	-0.35384
9299	-0.51213
9300	-0.41510
9301	-0.04162
9302	0.37940
9303	0.46988
9304	0.20873
9305	-0.11014
9306	-0.18383
9307	0.25471
9308	1.04164
9309	1.30881
9310	0.49972
9311	-0.56025
9312	-0.74045
9313	-0.47687
9314	-0.96642
9315	-1.78220
9316	-1.42458
9317	0.26325
9318	2.07884
9319	3.05194
9320	2.79751
9321	1.52712
9322	0.40337
9323	-0.17399
9324	-1.38397
9325	-2.72608
9326	-1.28963
9327	2.23485
9328	2.21299
9329	-1.86922
9330	-3.87194
9331	-2.52879
9332	-0.96213
9333	-0.66617
9334	-1.19637
9335	-1.55925
9336	-1.32811
9337	-1.17394
9338	-1.74747
9339	-2.05843
9340	-1.96594
9341	-1.81815
9342	-1.31689
9343	-0.99797
9344	-0.85972
9345	-0.78854
9346	-0.68225
9347	-0.34516
9348	0.14486
9349	0.11657
9350	-0.06396
9351	-0.33057
9352	-0.66347
9353	-0.67095
9354	-0.55779
9355	-0.51909
9356	-0.55013
9357	-0.61477
9358	-0.32555
9359	-0.11980
9360	-0.09084
9361	-0.07051
9362	0.03059
9363	0.11597
9364	0.13299
9365	0.18142
9366	0.30529
9367	0.34237
9368	0.18712
9369	-0.06905
9370	-0.34097
9371	-0.54339
9372	-0.51092
9373	-0.21593
9374	0.14323
9375	0.36590
9376	0.40876
9377	0.42325
9378	0.59528
9379	0.86406
9380	0.99514
9381	0.83514
9382	0.39397
9383	-0.04706
9384	-0.29567
9385	-0.87752
9386	-2.17328
9387	-3.06541
9388	-1.90022
9389	1.19470
9390	3.83011
9391	3.98242
9392	2.45144
9393	1.09034
9394	0.46551
9395	-0.14781
9396	-1.74677
9397	-3.01770
9398	-0.78953
9399	3.33492
9400	2.41247
9401	-3.22327
9402	-5.27478
9403	-2.74379
9404	-0.20653
9405	0.32985
9406	-0.62109
9407	-1.58064
9408	-1.90962
9409	-1.68661
9410	-1.83895
9411	-1.90656
9412	-1.97511
9413	-1.76227
9414	-1.10242
9415	-0.82023
9416	-0.98617
9417	-1.00996
9418	-0.76797
9419	-0.43766
9420	0.10612
9421	0.19423
9422	0.04246
9423	-0.28351
9424	-0.70905
9425	-0.99682
9426	-0.90091
9427	-0.44732
9428	-0.01596
9429	-0.01122
9430	-0.00343
9431	-0.10352
9432	-0.13643
9433	-0.04961
9434	0.11234
9435	0.19896
9436	0.15000
9437	0.18140
9438	0.38176
9439	0.45755
9440	0.24871
9441	-0.07459
9442	-0.37495
9443	-0.63573
9444	-0.66690
9445	-0.26573
9446	0.28906
9447	0.46512
9448	0.22333
9449	0.03394
9450	0.13178
9451	0.49790
9452	1.17310
9453	1.77793
9454	1.51593
9455	0.40375
9456	-0.67041
9457	-1.51125
9458	-2.50550
9459	-2.97657
9460	-1.75995
9461	0.84560
9462	3.23648
9463	4.04470
9464	2.83678
9465	0.37418
9466	-1.51351
9467	-1.81671
9468	-1.16678
9469	0.21857
9470	2.44928
9471	3.05784
9472	-0.68037
9473	-4.55564
9474	-4.00163
9475	-1.69173
9476	-0.43877
9477	-0.54672
9478	-1.11852
9479	-1.62942
9480	-1.54820
9481	-1.52925
9482	-1.69532
9483	-1.95316
9484	-2.11211
9485	-1.62182
9486	-0.95140
9487	-0.80221
9488	-0.85122
9489	-0.84124
9490	-0.78175
9491	-0.21398
9492	0.27350
9493	0.31865
9494	-0.03584
9495	-0.53551
9496	-0.94694
9497	-0.90358
9498	-0.48531
9499	-0.15151
9500	-0.18219
9501	-0.27142
9502	-0.32078
9503	-0.27150
9504	-0.08659
9505	0.05459
9506	0.06549
9507	0.10054
9508	0.29667
9509	0.51447
9510	0.51477
9511	0.29108
9512	-0.00739
9513	-0.29255
9514	-0.49131
9515	-0.45219
9516	-0.09933
9517	0.27569
9518	0.31166
9519	0.08559
9520	-0.13438
9521	-0.26184
9522	-0.14694
9523	0.50407
9524	1.42131
9525	1.72361
9526	1.23458
9527	0.68664
9528	0.16002
9529	-1.16675
9530	-3.15166
9531	-3.86890
9532	-1.65877
9533	2.34995
9534	4.81024
9535	3.80171
9536	0.80201
9537	-1.38075
9538	-1.83459
9539	-1.79831
9540	-1.37618
9541	0.85271
9542	3.35391
9543	1.63040
9544	-2.88626
9545	-3.96604
9546	-2.05700
9547	-0.67032
9548	-0.56004
9549	-1.03207
9550	-1.73218
9551	-1.63162
9552	-1.26754
9553	-1.54893
9554	-1.85309
9555	-2.04567
9556	-1.75021
9557	-1.01616
9558	-0.70758
9559	-0.87829
9560	-0.82201
9561	-0.73936
9562	-0.50267
9563	0.04645
9564	0.13260
9565	0.11825
9566	-0.25394
9567	-0.86498
9568	-0.97077
9569	-0.52311
9570	-0.18751
9571	0.00559
9572	-0.24814
9573	-0.25227
9574	-0.25058
9575	-0.16679
9576	-0.06376
9577	-0.00056
9578	0.07621
9579	0.19011
9580	0.31238
9581	0.42171
9582	0.42755
9583	0.24976
9584	-0.06990
9585	-0.40923
9586	-0.55804
9587	-0.36642
9588	0.03214
9589	0.29681
9590	0.22659
9591	0.00589
9592	-0.03106
9593	0.14391
9594	0.33966
9595	0.56760
9596	0.95733
9597	1.30538
9598	1.19447
9599	0.57259
9600	-0.54058
9601	-2.29615
9602	-3.75535
9603	-3.06746
9604	-0.08495
9605	3.08268
9606	4.51167
9607	3.85717
9608	1.62499
9609	-0.86073
9610	-1.98189
9611	-1.75003
9612	-1.03363
9613	0.69560
9614	2.69826
9615	1.60862
9616	-2.50451
9617	-4.42628
9618	-2.63646
9619	-0.65684
9620	-0.18107
9621	-0.86521
9622	-1.68756
9623	-1.84321
9624	-1.31203
9625	-1.45958
9626	-1.91626
9627	-2.10893
9628	-1.88524
9629	-1.29606
9630	-0.84957
9631	-0.93499
9632	-0.90669
9633	-0.81053
9634	-0.54369
9635	0.08882
9636	0.36391
9637	0.17411
9638	-0.14708
9639	-0.60899
9640	-0.90502
9641	-0.65740
9642	-0.28204
9643	-0.14957
9644	-0.29660
9645	-0.22849
9646	-0.17804
9647	-0.06761
9648	0.09545
9649	0.18074
9650	0.14781
9651	0.12015
9652	0.21495
9653	0.36867
9654	0.36872
9655	0.10214
9656	-0.29685
9657	-0.54298
9658	-0.48289
9659	-0.24379
9660	-0.06341
9661	-0.00433
9662	0.05215
9663	0.16039
9664	0.26253
9665	0.30427
9666	0.37925
9667	0.72403
9668	1.14573
9669	1.02862
9670	0.49923
9671	0.21100
9672	-0.32138
9673	-2.06257
9674	-4.03221
9675	-3.68168
9676	-0.13230
9677	4.04453
9678	5.26527
9679	2.83694
9680	-0.51808
9681	-1.83557
9682	-1.15549
9683	-0.12007
9684	1.43246
9685	3.26561
9686	1.78247
9687	-3.31090
9688	-5.75618
9689	-3.23010
9690	-0.18336
9691	0.91927
9692	0.02550
9693	-1.69908
9694	-2.58961
9695	-1.97967
9696	-1.55706
9697	-1.55597
9698	-1.71268
9699	-1.88142
9700	-1.31184
9701	-0.77033
9702	-0.92952
9703	-0.76261
9704	-0.75096
9705	-0.65381
9706	-0.00129
9707	0.21861
9708	0.02923
9709	-0.11166
9710	-0.68446
9711	-0.85653
9712	-0.54868
9713	-0.50373
9714	-0.41224
9715	-0.43014
9716	-0.25018
9717	-0.21070
9718	-0.13680
9719	0.04095
9720	0.18921
9721	0.20392
9722	0.19873
9723	0.32816
9724	0.52476
9725	0.56152
9726	0.32733
9727	-0.11199
9728	-0.52386
9729	-0.66307
9730	-0.48970
9731	-0.11970
9732	0.24499
9733	0.39232
9734	0.28033
9735	0.09025
9736	0.05374
9737	0.30948
9738	0.78954
9739	1.12157
9740	1.03973
9741	0.79627
9742	0.48694
9743	-0.49966
9744	-2.35611
9745	-3.71946
9746	-2.82382
9747	0.28229
9748	3.45028
9749	4.47825
9750	3.00910
9751	0.46742
9752	-1.12547
9753	-1.14540
9754	-0.65402
9755	-0.05095
9756	0.98032
9757	0.83911
9758	-1.53867
9759	-2.91393
9760	-1.81096
9761	-1.05225
9762	-1.27940
9763	-1.51339
9764	-1.73613
9765	-1.76805
9766	-1.23344
9767	-1.28503
9768	-1.83480
9769	-2.05398
9770	-1.87139
9771	-1.29268
9772	-0.79405
9773	-0.91126
9774	-1.03717
9775	-1.03270
9776	-0.90306
9777	-0.18825
9778	0.28153
9779	0.27543
9780	-0.04803
9781	-0.54436
9782	-0.93357
9783	-0.65146
9784	-0.27056
9785	0.01816
9786	-0.22212
9787	-0.31646
9788	-0.42199
9789	-0.39405
9790	-0.24673
9791	-0.05904
9792	0.14260
9793	0.26380
9794	0.25219
9795	0.25584
9796	0.34121
9797	0.32667
9798	0.08881
9799	-0.26225
9800	-0.51727
9801	-0.49046
9802	-0.17744
9803	0.17442
9804	0.30303
9805	0.22070
9806	0.16628
9807	0.22951
9808	0.20374
9809	0.02716
9810	0.15790
9811	0.93794
9812	1.72543
9813	1.59309
9814	0.45722
9815	-1.38188
9816	-3.35962
9817	-3.84319
9818	-1.62976
9819	1.90272
9820	4.14331
9821	4.01936
9822	2.16463
9823	-0.22295
9824	-1.68967
9825	-1.82617
9826	-1.41504
9827	-0.00948
9828	2.74582
9829	3.06750
9830	-1.26600
9831	-4.97190
9832	-3.54533
9833	-0.59370
9834	0.52215
9835	-0.23715
9836	-1.48329
9837	-2.00548
9838	-1.42092
9839	-1.30547
9840	-1.77043
9841	-2.14929
9842	-2.07900
9843	-1.25993
9844	-0.53740
9845	-0.72720
9846	-1.08102
9847	-1.05920
9848	-0.86915
9849	-0.20852
9850	0.32352
9851	0.38781
9852	-0.02002
9853	-0.74798
9854	-1.16233
9855	-0.94416
9856	-0.49263
9857	-0.12487
9858	-0.23461
9859	-0.21256
9860	-0.20852
9861	-0.22710
9862	-0.12070
9863	0.08534
9864	0.21917
9865	0.25953
9866	0.30531
9867	0.39813
9868	0.44437
9869	0.27888
9870	-0.11844
9871	-0.49077
9872	-0.54581
9873	-0.30832
9874	-0.01446
9875	0.14067
9876	0.15137
9877	0.19298
9878	0.24005
9879	0.10794
9880	0.02446
9881	0.43558
9882	1.22853
9883	1.67840
9884	1.31553
9885	0.39200
9886	-0.85296
9887	-2.38181
9888	-3.36877
9889	-2.50089
9890	0.14309
9891	2.75967
9892	3.72264
9893	2.95452
9894	1.27095
9895	-0.17038
9896	-0.68608
9897	-0.93941
9898	-0.93388
9899	0.23988
9900	1.36401
9901	-0.52521
9902	-3.01996
9903	-2.48481
9904	-0.72849
9905	-0.39831
9906	-1.03612
9907	-1.75322
9908	-1.92819
9909	-1.40590
9910	-1.38672
9911	-1.92232
9912	-2.13565
9913	-1.96264
9914	-1.27933
9915	-0.61317
9916	-0.84660
9917	-1.15394
9918	-1.12961
9919	-0.87720
9920	-0.22711
9921	0.31619
9922	0.29489
9923	0.11984
9924	-0.26885
9925	-0.74477
9926	-0.76140
9927	-0.52399
9928	-0.24852
9929	-0.11629
9930	-0.10963
9931	-0.20895
9932	-0.24112
9933	-0.09448
9934	0.08128
9935	0.08733
9936	-0.00329
9937	0.06862
9938	0.31058
9939	0.47030
9940	0.39828
9941	0.10071
9942	-0.31543
9943	-0.61847
9944	-0.57383
9945	-0.13932
9946	0.32936
9947	0.35771
9948	0.05037
9949	-0.05198
9950	0.12155
9951	0.09684
9952	-0.20629
9953	-0.09816
9954	0.90124
9955	2.03121
9956	2.04909
9957	0.86234
9958	-0.80019
9959	-2.63196
9960	-4.04690
9961	-3.52504
9962	-0.52494
9963	3.05999
9964	4.79834
9965	4.13558
9966	2.14592
9967	0.15862
9968	-1.15642
9969	-1.64827
9970	-0.75393
9971	1.15163
9972	0.96360
9973	-2.05092
9974	-3.71661
9975	-2.17690
9976	-0.55036
9977	-0.43313
9978	-1.06508
9979	-1.71643
9980	-1.80037
9981	-1.41056
9982	-1.57640
9983	-2.05033
9984	-2.15599
9985	-1.89514
9986	-1.24823
9987	-0.61704
9988	-0.79183
9989	-1.03803
9990	-0.99453
9991	-0.65415
9992	0.19356
9993	0.40581
9994	-0.05061
9995	-0.27785
9996	-0.47108
9997	-0.84003
9998	-0.61654
9999	-0.16189
10000	-0.00346
10001	-0.27109
10002	-0.43205
10003	-0.45817
10004	-0.28502
10005	-0.05743
10006	0.02604
10007	0.01860
10008	0.08563
10009	0.24643
10010	0.40164
10011	0.46838
10012	0.39246
10013	0.10168
10014	-0.34356
10015	-0.62610
10016	-0.52156
10017	-0.20292
10018	0.03661
10019	0.15780
10020	0.21036
10021	0.17879
10022	0.17210
10023	0.26741
10024	0.39290
10025	0.65575
10026	1.21558
10027	1.87772
10028	2.10091
10029	1.09221
10030	-1.59790
10031	-4.82210
10032	-5.79718
10033	-2.54736
10034	3.22725
10035	6.75015
10036	5.24364
10037	1.36923
10038	-0.81987
10039	-0.88041
10040	-1.00253
10041	-1.40762
10042	-0.05226
10043	1.90569
10044	0.45703
10045	-3.21028
10046	-3.86463
10047	-2.15745
10048	-0.96168
10049	-0.72574
10050	-1.03421
10051	-1.68902
10052	-1.77379
10053	-1.52760
10054	-1.80091
10055	-1.96075
10056	-1.98170
10057	-1.79050
10058	-1.06062
10059	-0.68169
10060	-0.94090
10061	-0.97836
10062	-0.90134
10063	-0.49717
10064	0.25324
10065	0.25621
10066	-0.13964
10067	-0.48660
10068	-0.92174
10069	-0.71886
10070	-0.16532
10071	-0.16289
10072	-0.34650
10073	-0.35622
10074	-0.15916
10075	-0.08897
10076	-0.02784
10077	0.12440
10078	0.18692
10079	0.05693
10080	-0.05730
10081	0.07094
10082	0.37101
10083	0.55884
10084	0.44046
10085	0.03058
10086	-0.45182
10087	-0.67054
10088	-0.47794
10089	-0.08792
10090	0.18447
10091	0.23477
10092	0.11971
10093	-0.07427
10094	-0.21722
10095	-0.02634
10096	0.80389
10097	1.79920
10098	1.75393
10099	0.54571
10100	-0.55645
10101	-1.10761
10102	-1.86648
10103	-2.63265
10104	-2.09158
10105	0.02889
10106	2.38754
10107	3.59008
10108	3.19955
10109	1.45920
10110	-0.59144
10111	-1.54348
10112	-0.82371
10113	0.77819
10114	1.30661
10115	-0.48961
10116	-2.52226
10117	-2.07530
10118	-0.48493
10119	-0.35695
10120	-1.10422
10121	-1.75493
10122	-2.08129
10123	-1.60230
10124	-1.06143
10125	-1.50529
10126	-2.16698
10127	-2.05841
10128	-1.65030
10129	-1.09906
10130	-0.84534
10131	-0.99927
10132	-1.08763
10133	-1.26841
10134	-0.92039
10135	0.02449
10136	0.50647
10137	0.45979
10138	0.20237
10139	-0.55905
10140	-1.06972
10141	-0.80417
10142	-0.35746
10143	-0.07001
10144	-0.15130
10145	-0.10487
10146	-0.25868
10147	-0.34122
10148	-0.27225
10149	-0.16778
10150	-0.03724
10151	0.13897
10152	0.30081
10153	0.40025
10154	0.41527
10155	0.31026
10156	0.06705
10157	-0.26342
10158	-0.48792
10159	-0.40725
10160	-0.08365
10161	0.19445
10162	0.23595
10163	0.14406
10164	0.10255
10165	0.12891
10166	0.28103
10167	0.65578
10168	0.96145
10169	0.83175
10170	0.49180
10171	0.25649
10172	-0.26649
10173	-1.53867
10174	-2.89644
10175	-2.81036
10176	-0.60635
10177	2.42941
10178	4.16720
10179	3.77810
10180	1.93263
10181	-0.13503
10182	-1.31452
10183	-1.60115
10184	-1.21296
10185	0.30187
10186	1.71087
10187	-0.08566
10188	-3.42412
10189	-3.36754
10190	-0.68665
10191	0.60589
10192	-0.25726
10193	-1.69270
10194	-2.38740
10195	-1.69502
10196	-1.13031
10197	-1.55571
10198	-2.09163
10199	-1.97190
10200	-1.44752
10201	-0.63379
10202	-0.61657
10203	-0.99742
10204	-1.10401
10205	-1.04946
10206	-0.59972
10207	0.12320
10208	0.28711
10209	0.14696
10210	-0.24441
10211	-0.68424
10212	-0.72511
10213	-0.52321
10214	-0.35559
10215	-0.40341
10216	-0.46590
10217	-0.19079
10218	0.02490
10219	0.10391
10220	0.12745
10221	0.13414
10222	0.08117
10223	0.03587
10224	0.12211
10225	0.28323
10226	0.36650
10227	0.30380
10228	0.04851
10229	-0.35622
10230	-0.65435
10231	-0.57420
10232	-0.14888
10233	0.19490
10234	0.13580
10235	-0.03664
10236	0.04159
10237	0.23677
10238	0.40148
10239	0.65473
10240	0.94867
10241	1.06119
10242	1.02831
10243	0.86071
10244	-0.18381
10245	-2.60784
10246	-4.64421
10247	-3.48387
10248	0.80467
10249	4.52029
10250	4.46044
10251	1.68339
10252	-0.62759
10253	-1.20923
10254	-1.20777
10255	-1.21696
10256	0.34214
10257	3.30136
10258	3.01517
10259	-1.96416
10260	-5.17001
10261	-3.36712
10262	-0.50239
10263	0.49222
10264	-0.28798
10265	-1.53501
10266	-2.17349
10267	-1.56051
10268	-1.22165
10269	-1.52304
10270	-1.91642
10271	-2.00509
10272	-1.37286
10273	-0.67186
10274	-0.70673
10275	-0.90133
10276	-1.05112
10277	-1.16430
10278	-0.34504
10279	0.34104
10280	0.30043
10281	0.00036
10282	-0.45334
10283	-0.80589
10284	-0.78442
10285	-0.75944
10286	-0.83642
10287	-0.75077
10288	-0.61846
10289	-0.03828
10290	-0.15947
10291	-0.28265
10292	-0.15851
10293	0.11787
10294	0.31548
10295	0.33782
10296	0.33473
10297	0.42890
10298	0.46156
10299	0.24471
10300	-0.17817
10301	-0.55331
10302	-0.59299
10303	-0.27139
10304	0.16013
10305	0.40582
10306	0.36242
10307	0.17548
10308	-0.04537
10309	-0.26498
10310	-0.17373
10311	0.54019
10312	1.44889
10313	1.70262
10314	1.22118
10315	0.51535
10316	-0.61051
10317	-2.41951
10318	-3.53783
10319	-2.21222
10320	0.95745
10321	3.55887
10322	4.14968
10323	2.93532
10324	0.69326
10325	-1.30279
10326	-2.11497
10327	-2.05740
10328	-1.31480
10329	0.10098
10330	0.51717
10331	-0.95146
10332	-1.81027
10333	-0.96826
10334	-0.34498
10335	-0.63877
10336	-1.37969
10337	-1.94099
10338	-1.82249
10339	-1.34433
10340	-1.58069
10341	-1.89103
10342	-2.03152
10343	-1.83637
10344	-1.37872
10345	-0.84531
10346	-0.73479
10347	-0.93317
10348	-1.14833
10349	-0.87850
10350	-0.13850
10351	0.23393
10352	0.20375
10353	-0.06645
10354	-0.65845
10355	-0.90853
10356	-0.62281
10357	-0.13363
10358	0.03317
10359	-0.17528
10360	-0.19725
10361	-0.33056
10362	-0.33043
10363	-0.15777
10364	0.02079
10365	0.06293
10366	0.03993
10367	0.11152
10368	0.28583
10369	0.40671
10370	0.33410
10371	0.06801
10372	-0.23989
10373	-0.42282
10374	-0.43103
10375	-0.22072
10376	0.13124
10377	0.29394
10378	0.15837
10379	0.02323
10380	-0.03025
10381	-0.16359
10382	-0.03152
10383	0.81510
10384	1.71060
10385	1.56346
10386	0.56741
10387	-0.41601
10388	-1.44243
10389	-2.77750
10390	-3.36332
10391	-1.76258
10392	1.47891
10393	3.92967
10394	4.01424
10395	2.38235
10396	0.48945
10397	-0.71877
10398	-1.11312
10399	-0.66521
10400	0.69184
10401	1.37553
10402	-0.88248
10403	-3.39270
10404	-2.64989
10405	-0.59307
10406	-0.13737
10407	-1.00005
10408	-1.81885
10409	-2.06493
10410	-1.37836
10411	-1.05567
10412	-1.73910
10413	-2.25536
10414	-2.08690
10415	-1.39596
10416	-0.64956
10417	-0.68915
10418	-1.16694
10419	-1.20914
10420	-1.11944
10421	-0.55794
10422	0.13447
10423	0.20037
10424	0.10778
10425	-0.15312
10426	-0.79246
10427	-0.96369
10428	-0.63038
10429	-0.36882
10430	-0.15344
10431	-0.32788
10432	-0.20203
10433	-0.15685
10434	-0.03389
10435	0.01232
10436	-0.01535
10437	0.02763
10438	0.19562
10439	0.42846
10440	0.59252
10441	0.54072
10442	0.24365
10443	-0.20090
10444	-0.60072
10445	-0.74374
10446	-0.56225
10447	-0.13782
10448	0.27409
10449	0.40503
10450	0.30907
10451	0.22638
10452	0.20716
10453	0.18794
10454	0.36405
10455	1.00952
10456	1.80370
10457	2.03793
10458	1.45176
10459	0.05409
10460	-2.22973
10461	-4.52801
10462	-4.60059
10463	-1.24605
10464	3.42678
10465	5.71361
10466	4.35843
10467	1.25536
10468	-1.13692
10469	-1.75645
10470	-1.58906
10471	-1.46057
10472	-0.01042
10473	2.31318
10474	1.41424
10475	-2.78682
10476	-4.56550
10477	-2.44425
10478	-0.41964
10479	-0.02577
10480	-0.74427
10481	-1.63777
10482	-1.80984
10483	-1.37632
10484	-1.77808
10485	-2.07422
10486	-1.99756
10487	-1.83231
10488	-1.18602
10489	-0.63670
10490	-0.84773
10491	-1.06433
10492	-0.96997
10493	-0.57296
10494	0.10553
10495	0.34599
10496	0.01268
10497	-0.34509
10498	-0.91806
10499	-1.03177
10500	-0.69216
10501	-0.21859
10502	-0.07449
10503	-0.17487
10504	-0.10604
10505	-0.17551
10506	-0.13315
10507	0.00483
10508	0.08703
10509	0.11193
10510	0.18069
10511	0.36979
10512	0.57551
10513	0.55082
10514	0.23453
10515	-0.22212
10516	-0.60661
10517	-0.65431
10518	-0.27189
10519	0.19590
10520	0.37462
10521	0.37854
10522	0.43099
10523	0.35217
10524	0.07176
10525	0.09345
10526	0.61026
10527	0.89893
10528	0.51628
10529	0.08391
10530	0.02175
10531	-0.23698
10532	-1.20495
10533	-2.45157
10534	-2.71255
10535	-0.81354
10536	2.66675
10537	5.10386
10538	4.46104
10539	1.68317
10540	-0.46384
10541	-0.83602
10542	-1.05470
10543	-1.96733
10544	-1.83796
10545	-0.14479
10546	-0.38032
10547	-2.28108
10548	-2.10029
10549	-0.29288
10550	0.58709
10551	-0.09968
10552	-1.50844
10553	-2.42828
10554	-1.99097
10555	-1.58030
10556	-1.83667
10557	-2.10089
10558	-1.99150
10559	-1.39750
10560	-0.72959
10561	-0.71517
10562	-1.01672
10563	-1.09483
10564	-0.99613
10565	-0.52271
10566	0.05696
10567	0.10975
10568	-0.00348
10569	-0.40373
10570	-0.81617
10571	-0.64826
10572	-0.27580
10573	-0.16169
10574	-0.26926
10575	-0.20659
10576	-0.15416
10577	-0.18295
10578	-0.18064
10579	-0.16989
10580	-0.13892
10581	0.01319
10582	0.22427
10583	0.33297
10584	0.36584
10585	0.39169
10586	0.27440
10587	-0.11027
10588	-0.54708
10589	-0.62122
10590	-0.25922
10591	0.12965
10592	0.27911
10593	0.30941
10594	0.28540
10595	0.17231
10596	0.09397
10597	0.24583
10598	0.72089
10599	1.26313
10600	1.23928
10601	0.51400
10602	-0.34840
10603	-1.36488
10604	-2.79162
10605	-3.41401
10606	-1.76095
10607	1.34156
10608	3.57175
10609	3.68991
10610	2.19893
10611	0.33621
10612	-0.71685
10613	-0.59391
10614	-0.11789
10615	0.16034
10616	0.64808
10617	0.46692
10618	-1.28930
10619	-2.20761
10620	-1.51303
10621	-0.95211
10622	-1.01859
10623	-1.71225
10624	-2.12416
10625	-1.62750
10626	-0.90010
10627	-1.29766
10628	-1.78433
10629	-2.03162
10630	-2.08692
10631	-1.46848
10632	-0.88819
10633	-0.82234
10634	-0.86238
10635	-0.91709
10636	-0.61755
10637	0.00235
10638	0.12600
10639	0.11737
10640	-0.26454
10641	-1.06569
10642	-1.33797
10643	-0.76647
10644	-0.14407
10645	0.16237
10646	-0.18912
10647	-0.22067
10648	-0.22910
10649	-0.11107
10650	0.08061
10651	0.22427
10652	0.25376
10653	0.20385
10654	0.21151
10655	0.34497
10656	0.45994
10657	0.32911
10658	-0.12090
10659	-0.62486
10660	-0.77781
10661	-0.48634
10662	0.01522
10663	0.38961
10664	0.41682
10665	0.25965
10666	0.35002
10667	0.91040
10668	1.45522
10669	0.97949
10670	-0.60840
10671	-1.80454
10672	-1.45063
10673	-0.52585
10674	-0.57059
10675	-1.32652
10676	-1.45144
10677	-0.37302
10678	1.46975
10679	3.11928
10680	3.48237
10681	2.23079
10682	0.72780
10683	0.15428
10684	-0.51582
10685	-1.55495
10686	-0.20508
10687	3.01530
10688	2.15777
10689	-3.57616
10690	-6.34360
10691	-3.45258
10692	0.11333
10693	1.08551
10694	-0.13202
10695	-1.80987
10696	-2.53895
10697	-2.11648
10698	-1.78771
10699	-1.91718
10700	-2.14352
10701	-2.03279
10702	-1.30945
10703	-0.86332
10704	-0.97827
10705	-0.84327
10706	-0.67203
10707	-0.55597
10708	-0.13355
10709	-0.05799
10710	-0.14696
10711	-0.17405
10712	-0.76279
10713	-1.32811
10714	-1.07958
10715	-0.45257
10716	-0.00246
10717	-0.10225
10718	-0.19692
10719	-0.23667
10720	-0.14962
10721	-0.02889
10722	0.08581
10723	0.20215
10724	0.30500
10725	0.40193
10726	0.45761
10727	0.35920
10728	0.08430
10729	-0.24839
10730	-0.47752
10731	-0.44812
10732	-0.12170
10733	0.24847
10734	0.36324
10735	0.25754
10736	0.19000
10737	0.31435
10738	0.56861
10739	0.80127
10740	0.80234
10741	0.28837
10742	-0.61816
10743	-1.19900
10744	-1.11986
10745	-0.97081
10746	-1.13842
10747	-1.02709
10748	-0.06975
10749	1.37303
10750	2.52017
10751	3.01789
10752	2.58118
10753	0.93981
10754	-0.99313
10755	-1.82038
10756	-1.16072
10757	0.17271
10758	1.08110
10759	-0.31678
10760	-2.65682
10761	-2.35837
10762	-0.52316
10763	0.06502
10764	-0.71167
10765	-1.71030
10766	-2.19525
10767	-1.58417
10768	-0.97648
10769	-1.31929
10770	-1.73903
10771	-2.02680
10772	-1.63501
10773	-0.94140
10774	-0.72543
10775	-0.97933
10776	-0.98608
10777	-0.82287
10778	-0.40734
10779	0.12721
10780	0.35762
10781	0.36107
10782	-0.09961
10783	-0.75536
10784	-1.07240
10785	-0.68569
10786	-0.18925
10787	-0.03634
10788	-0.24948
10789	-0.33494
10790	-0.37057
10791	-0.29341
10792	-0.14559
10793	0.05105
10794	0.20586
10795	0.20330
10796	0.18036
10797	0.32035
10798	0.45343
10799	0.31642
10800	-0.04757
10801	-0.37426
10802	-0.46269
10803	-0.32145
10804	-0.09860
10805	0.04982
10806	0.11227
10807	0.19764
10808	0.27309
10809	0.19664
10810	0.10334
10811	0.37837
10812	1.07372
10813	1.64075
10814	1.46521
10815	0.52227
10816	-0.86877
10817	-2.54421
10818	-3.76197
10819	-3.06201
10820	-0.30348
10821	2.69190
10822	4.17067
10823	3.64990
10824	1.64759
10825	-0.29374
10826	-0.92640
10827	-0.87305
10828	-0.70106
10829	0.42992
10830	1.81599
10831	0.01052
10832	-3.28867
10833	-3.67933
10834	-1.87252
10835	-0.72554
10836	-0.72715
10837	-1.30384
10838	-1.74085
10839	-1.55720
10840	-1.43418
10841	-1.91753
10842	-2.20703
10843	-2.02487
10844	-1.56032
10845	-1.00746
10846	-0.87938
10847	-1.16794
10848	-1.18117
10849	-0.89768
10850	-0.36051
10851	0.23127
10852	0.25358
10853	-0.00266
10854	-0.32070
10855	-0.81674
10856	-1.03623
10857	-0.57898
10858	-0.16173
10859	-0.07704
10860	-0.09485
10861	-0.19011
10862	-0.31232
10863	-0.18378
10864	0.09998
10865	0.22248
10866	0.17214
10867	0.15246
10868	0.25349
10869	0.36723
10870	0.31632
10871	0.07138
10872	-0.21921
10873	-0.40429
10874	-0.50297
10875	-0.42797
10876	0.03056
10877	0.59895
10878	0.70393
10879	0.34695
10880	0.02283
10881	-0.07961
10882	-0.06092
10883	0.23023
10884	0.93217
10885	1.55530
10886	1.47776
10887	0.70598
10888	-0.75409
10889	-3.05540
10890	-4.78467
10891	-3.27399
10892	1.53351
10893	5.55777
10894	5.27084
10895	2.15316
10896	-0.45468
10897	-1.50053
10898	-1.68906
10899	-1.35510
10900	-0.09494
10901	1.50851
10902	0.78077
10903	-1.95544
10904	-2.95493
10905	-1.34031
10906	-0.45938
10907	-1.10351
10908	-1.69049
10909	-1.79029
10910	-1.62416
10911	-1.24000
10912	-1.33106
10913	-1.85190
10914	-1.98824
10915	-1.89596
10916	-1.36090
10917	-0.74837
10918	-0.82138
10919	-1.04802
10920	-1.02343
10921	-0.63110
10922	0.04333
10923	0.33736
10924	0.09239
10925	-0.34781
10926	-0.86386
10927	-0.94846
10928	-0.33901
10929	0.00428
10930	-0.01407
10931	-0.26418
10932	-0.23490
10933	-0.23617
10934	-0.21183
10935	-0.14520
10936	-0.05381
10937	0.04910
10938	0.15695
10939	0.30275
10940	0.46733
10941	0.49719
10942	0.27770
10943	-0.14707
10944	-0.55790
10945	-0.68058
10946	-0.46165
10947	-0.06226
10948	0.26279
10949	0.33152
10950	0.22295
10951	0.13456
10952	0.22114
10953	0.59077
10954	1.08721
10955	1.13456
10956	0.41741
10957	-0.33912
10958	-0.46668
10959	-0.82519
10960	-2.11653
10961	-2.82910
10962	-1.37618
10963	1.32720
10964	3.23833
10965	3.38098
10966	2.13544
10967	0.73323
10968	0.24827
10969	0.11247
10970	-0.94181
10971	-1.60544
10972	0.10962
10973	1.68368
10974	-0.42875
10975	-3.24684
10976	-2.69082
10977	-1.06606
10978	-0.49414
10979	-0.98449
10980	-1.66563
10981	-1.99638
10982	-1.44090
10983	-1.42726
10984	-1.86210
10985	-2.03046
10986	-2.00680
10987	-1.59124
10988	-1.01135
10989	-0.92318
10990	-1.03623
10991	-0.93733
10992	-0.82129
10993	-0.08648
10994	0.36480
10995	0.39919
10996	0.02573
10997	-0.88990
10998	-1.62843
10999	-1.25631
11000	-0.43463
11001	0.26442
11002	0.53015
11003	0.28171
11004	-0.12859
11005	-0.37360
11006	-0.25994
11007	0.00045
11008	0.20374
11009	0.27405
11010	0.26587
11011	0.31444
11012	0.43953
11013	0.42444
11014	0.06484
11015	-0.46128
11016	-0.71055
11017	-0.48511
11018	-0.06888
11019	0.17634
11020	0.26695
11021	0.27034
11022	0.04504
11023	-0.27189
11024	-0.26395
11025	0.26807
11026	1.13775
11027	1.71920
11028	1.43567
11029	0.53741
11030	-0.42759
11031	-1.50885
11032	-2.77575
11033	-3.39252
11034	-1.99097
11035	1.71404
11036	5.39528
11037	5.50840
11038	1.56520
11039	-2.62436
11040	-3.53224
11041	-1.38078
11042	1.52826
11043	3.09690
11044	1.05017
11045	-2.95753
11046	-4.00002
11047	-1.93844
11048	-0.57554
11049	-0.55445
11050	-1.03500
11051	-1.76962
11052	-1.94644
11053	-1.41862
11054	-1.45366
11055	-1.70421
11056	-1.94036
11057	-1.93036
11058	-1.25905
11059	-0.71857
11060	-1.02762
11061	-1.04521
11062	-0.84761
11063	-0.51639
11064	0.14143
11065	0.28459
11066	0.04910
11067	-0.27582
11068	-0.71836
11069	-0.96622
11070	-0.75017
11071	-0.68142
11072	-0.48884
11073	-0.44221
11074	-0.18073
11075	-0.12496
11076	-0.02990
11077	0.14882
11078	0.24485
11079	0.20863
11080	0.17023
11081	0.28351
11082	0.47179
11083	0.44909
11084	0.16050
11085	-0.18764
11086	-0.45658
11087	-0.57199
11088	-0.41877
11089	-0.01081
11090	0.34453
11091	0.33302
11092	0.07091
11093	-0.07438
11094	0.00851
11095	0.28163
11096	0.83961
11097	1.49867
11098	1.60500
11099	0.94103
11100	0.03754
11101	-1.02490
11102	-2.61861
11103	-3.84343
11104	-2.98837
11105	-0.05943
11106	3.00740
11107	4.33183
11108	3.41735
11109	1.22052
11110	-0.53096
11111	-0.84911
11112	-0.50012
11113	-0.08139
11114	1.26055
11115	2.21662
11116	-0.17671
11117	-3.89873
11118	-4.10665
11119	-1.84130
11120	-0.48925
11121	-0.57586
11122	-1.16257
11123	-1.83024
11124	-1.81648
11125	-1.59095
11126	-1.78781
11127	-2.04102
11128	-2.17663
11129	-1.72663
11130	-0.93592
11131	-0.66643
11132	-1.05034
11133	-1.13647
11134	-0.98225
11135	-0.31065
11136	0.20733
11137	0.17324
11138	-0.05463
11139	-0.60679
11140	-1.20456
11141	-0.96974
11142	-0.17067
11143	0.33995
11144	0.13336
11145	-0.18789
11146	-0.21646
11147	-0.15277
11148	-0.02533
11149	0.06311
11150	0.03390
11151	-0.00354
11152	0.12499
11153	0.39743
11154	0.56203
11155	0.40675
11156	-0.00762
11157	-0.38016
11158	-0.47943
11159	-0.37292
11160	-0.20442
11161	-0.00707
11162	0.21858
11163	0.37474
11164	0.27892
11165	-0.05177
11166	-0.29887
11167	-0.18240
11168	0.31098
11169	0.93606
11170	1.15713
11171	0.60952
11172	-0.22722
11173	-0.79818
11174	-1.43330
11175	-2.18888
11176	-1.99030
11177	-0.21508
11178	2.12074
11179	3.46597
11180	3.23734
11181	1.93109
11182	0.49419
11183	-0.50804
11184	-1.06615
11185	-0.71251
11186	0.74058
11187	0.70039
11188	-1.67123
11189	-2.96575
11190	-1.81755
11191	-0.94537
11192	-0.94299
11193	-1.39437
11194	-1.85248
11195	-1.74663
11196	-1.13410
11197	-1.23170
11198	-1.87055
11199	-2.25875
11200	-2.11903
11201	-1.37164
11202	-0.74966
11203	-0.91984
11204	-1.02169
11205	-1.09251
11206	-0.98460
11207	-0.32012
11208	0.08937
11209	0.16468
11210	0.08864
11211	-0.55020
11212	-1.14741
11213	-0.94141
11214	-0.66007
11215	-0.35604
11216	-0.18309
11217	-0.32351
11218	-0.05043
11219	-0.25375
11220	-0.29495
11221	-0.11861
11222	0.14398
11223	0.33903
11224	0.37564
11225	0.34237
11226	0.36365
11227	0.33862
11228	0.10197
11229	-0.26101
11230	-0.53221
11231	-0.60646
11232	-0.46489
11233	-0.18986
11234	0.05736
11235	0.20175
11236	0.25959
11237	0.25577
11238	0.25557
11239	0.43107
11240	0.94073
11241	1.47899
11242	1.34847
11243	0.59157
11244	0.03349
11245	-0.54014
11246	-2.15522
11247	-3.82465
11248	-3.09140
11249	0.10656
11250	3.12315
11251	4.03418
11252	3.29232
11253	1.91727
11254	0.47443
11255	-0.51131
11256	-0.81837
11257	-0.47786
11258	0.30298
11259	-0.32099
11260	-2.17885
11261	-2.76898
11262	-1.52043
11263	-0.87931
11264	-1.00672
11265	-1.47028
11266	-1.88331
11267	-1.58862
11268	-1.09861
11269	-1.53027
11270	-2.11218
11271	-2.15673
11272	-1.88636
11273	-1.27495
11274	-0.83854
11275	-1.02611
11276	-1.18859
11277	-1.21159
11278	-0.82402
11279	-0.14480
11280	0.30762
11281	0.23742
11282	-0.08845
11283	-0.63464
11284	-0.80778
11285	-0.58440
11286	-0.38108
11287	-0.16328
11288	-0.36446
11289	-0.26539
11290	-0.35127
11291	-0.40993
11292	-0.28793
11293	-0.00491
11294	0.22745
11295	0.26503
11296	0.18733
11297	0.20603
11298	0.36810
11299	0.42362
11300	0.17667
11301	-0.24613
11302	-0.52100
11303	-0.48992
11304	-0.28652
11305	-0.08000
11306	0.09521
11307	0.26510
11308	0.39240
11309	0.35032
11310	0.16044
11311	0.17938
11312	0.72577
11313	1.60053
11314	2.09672
11315	1.56620
11316	0.04238
11317	-1.94731
11318	-3.72820
11319	-4.10253
11320	-2.02614
11321	1.58538
11322	4.24603
11323	4.47488
11324	2.86771
11325	0.73910
11326	-0.72671
11327	-1.27591
11328	-1.63038
11329	-1.26059
11330	0.87367
11331	1.96513
11332	-0.80855
11333	-3.88217
11334	-3.01210
11335	-0.44745
11336	0.30973
11337	-0.65643
11338	-1.53675
11339	-1.95125
11340	-1.58894
11341	-1.50319
11342	-1.95813
11343	-2.16440
11344	-2.01942
11345	-1.56102
11346	-0.85147
11347	-0.70658
11348	-0.98448
11349	-1.09121
11350	-0.80861
11351	-0.07397
11352	0.51242
11353	0.45053
11354	0.01071
11355	-0.70247
11356	-1.24378
11357	-1.05474
11358	-0.48322
11359	-0.07332
11360	0.00285
11361	0.04733
11362	-0.09923
11363	-0.26364
11364	-0.23121
11365	-0.01834
11366	0.18738
11367	0.27177
11368	0.26963
11369	0.30168
11370	0.37648
11371	0.33108
11372	0.04202
11373	-0.39022
11374	-0.62048
11375	-0.42961
11376	-0.07232
11377	0.11640
11378	0.18912
11379	0.24136
11380	0.07624
11381	-0.30341
11382	-0.40808
11383	0.15013
11384	1.14176
11385	1.83873
11386	1.64039
11387	0.74763
11388	-0.33361
11389	-1.70677
11390	-3.19371
11391	-3.39843
11392	-1.40676
11393	1.69733
11394	3.89606
11395	3.98117
11396	2.26401
11397	0.24366
11398	-0.59300
11399	-0.55566
11400	-0.69561
11401	-0.06777
11402	1.68959
11403	1.15417
11404	-2.46775
11405	-4.35283
11406	-2.76802
11407	-1.08661
11408	-0.49640
11409	-0.73224
11410	-1.21640
11411	-1.52949
11412	-1.48625
11413	-1.86151
11414	-2.12406
11415	-2.18042
11416	-1.88212
11417	-1.13568
11418	-0.81384
11419	-1.03930
11420	-0.92370
11421	-0.75057
11422	-0.61037
11423	-0.07469
11424	0.06783
11425	0.00245
11426	-0.48710
11427	-1.11293
11428	-1.28302
11429	-0.54766
11430	0.03356
11431	0.16130
11432	-0.07327
11433	-0.13418
11434	-0.17715
11435	-0.12280
11436	-0.01239
11437	0.05165
11438	0.07009
11439	0.14622
11440	0.34347
11441	0.53265
11442	0.48775
11443	0.18276
11444	-0.22578
11445	-0.59193
11446	-0.73642
11447	-0.50735
11448	-0.06762
11449	0.20445
11450	0.20593
11451	0.15570
11452	0.20744
11453	0.33423
11454	0.47288
11455	0.71574
11456	1.12660
11457	1.29127
11458	0.82079
11459	-0.03336
11460	-1.17484
11461	-2.72043
11462	-3.49101
11463	-1.86326
11464	1.41855
11465	3.71211
11466	3.66562
11467	2.37908
11468	1.15039
11469	0.12898
11470	-0.99429
11471	-1.99839
11472	-1.27912
11473	1.33732
11474	1.97959
11475	-1.67100
11476	-4.09344
11477	-2.21658
11478	-0.13877
11479	0.08156
11480	-0.82384
11481	-1.57827
11482	-1.73843
11483	-1.35398
11484	-1.55174
11485	-1.94402
11486	-2.16820
11487	-1.99619
11488	-1.11958
11489	-0.56936
11490	-0.79665
11491	-0.95742
11492	-0.99456
11493	-0.80519
11494	-0.17522
11495	0.21754
11496	0.35856
11497	0.17822
11498	-0.59935
11499	-1.17515
11500	-1.03220
11501	-0.42412
11502	0.07942
11503	-0.20997
11504	-0.22795
11505	-0.30871
11506	-0.31896
11507	-0.22123
11508	-0.11978
11509	-0.03992
11510	0.12928
11511	0.36629
11512	0.50751
11513	0.46750
11514	0.27659
11515	-0.04759
11516	-0.46791
11517	-0.73728
11518	-0.56252
11519	-0.03059
11520	0.41162
11521	0.51069
11522	0.39922
11523	0.26427
11524	0.26275
11525	0.52249
11526	0.97942
11527	1.31764
11528	1.13206
11529	0.43130
11530	-0.32213
11531	-1.12817
11532	-2.32107
11533	-3.06735
11534	-1.92210
11535	0.78353
11536	3.01472
11537	3.35461
11538	2.18237
11539	0.77389
11540	-0.01139
11541	-0.18441
11542	-0.45532
11543	-0.80015
11544	-0.00071
11545	1.75102
11546	0.88742
11547	-2.48236
11548	-3.56345
11549	-2.00244
11550	-0.61821
11551	-0.71023
11552	-1.54612
11553	-2.05452
11554	-1.67371
11555	-1.20245
11556	-1.53350
11557	-1.95175
11558	-2.01989
11559	-1.71115
11560	-1.13784
11561	-0.81738
11562	-0.82820
11563	-0.93752
11564	-0.93345
11565	-0.43803
11566	0.16304
11567	0.24907
11568	-0.03367
11569	-0.60030
11570	-1.01891
11571	-0.82703
11572	-0.38987
11573	0.04869
11574	0.14487
11575	-0.23157
11576	-0.39045
11577	-0.37184
11578	-0.19755
11579	-0.00188
11580	0.15515
11581	0.21021
11582	0.15476
11583	0.19067
11584	0.39888
11585	0.48336
11586	0.21323
11587	-0.23697
11588	-0.52370
11589	-0.52350
11590	-0.34031
11591	-0.04552
11592	0.29354
11593	0.47929
11594	0.39215
11595	0.18285
11596	0.11592
11597	0.32289
11598	0.76252
11599	1.23727
11600	1.33892
11601	0.82462
11602	-0.11748
11603	-1.47166
11604	-3.06885
11605	-3.50592
11606	-1.65001
11607	1.31852
11608	3.33886
11609	3.76927
11610	2.98026
11611	1.22921
11612	-0.49678
11613	-1.16548
11614	-1.34536
11615	-1.04565
11616	1.20477
11617	3.27553
11618	0.71759
11619	-4.01314
11620	-4.78270
11621	-2.31840
11622	-0.42585
11623	-0.19677
11624	-0.83718
11625	-1.68255
11626	-1.77615
11627	-1.42559
11628	-1.66726
11629	-2.06894
11630	-2.17155
11631	-1.78399
11632	-1.07514
11633	-0.82568
11634	-1.13851
11635	-1.05479
11636	-0.76859
11637	-0.32417
11638	0.27338
11639	0.39841
11640	0.01998
11641	-0.67801
11642	-1.34273
11643	-1.29555
11644	-0.59864
11645	0.04500
11646	0.37148
11647	0.16576
11648	-0.02686
11649	-0.26743
11650	-0.33305
11651	-0.19244
11652	0.03395
11653	0.18605
11654	0.22556
11655	0.28080
11656	0.36753
11657	0.31836
11658	0.07130
11659	-0.28612
11660	-0.59353
11661	-0.68389
11662	-0.48865
11663	-0.08466
11664	0.29570
11665	0.44411
11666	0.40797
11667	0.32093
11668	0.26406
11669	0.44597
11670	1.02247
11671	1.69835
11672	1.86730
11673	1.17096
11674	-0.33536
11675	-2.49894
11676	-4.53569
11677	-4.40162
11678	-1.02408
11679	3.38558
11680	5.38068
11681	4.13136
11682	1.60472
11683	-0.19340
11684	-0.69510
11685	-0.72271
11686	-0.99841
11687	-0.66143
11688	0.80781
11689	0.79682
11690	-1.71811
11691	-3.03250
11692	-1.99694
11693	-1.14317
11694	-1.08034
11695	-1.26830
11696	-1.60563
11697	-1.75916
11698	-1.50490
11699	-1.75399
11700	-2.01549
11701	-1.95720
11702	-1.77582
11703	-1.36121
11704	-1.02606
11705	-0.94950
11706	-0.85461
11707	-0.92657
11708	-0.80251
11709	-0.06867
11710	0.15861
11711	0.05754
11712	-0.43050
11713	-1.12156
11714	-1.30516
11715	-0.70445
11716	-0.06651
11717	0.16382
11718	0.04997
11719	-0.14745
11720	-0.35342
11721	-0.32201
11722	-0.10449
11723	0.10186
11724	0.18313
11725	0.18747
11726	0.28096
11727	0.46820
11728	0.48337
11729	0.16429
11730	-0.28331
11731	-0.54586
11732	-0.51401
11733	-0.25575
11734	0.03412
11735	0.16724
11736	0.19473
11737	0.22642
11738	0.13044
11739	-0.15640
11740	-0.25152
11741	0.32679
11742	1.44701
11743	2.17940
11744	1.81609
11745	0.73473
11746	-0.61760
11747	-2.37378
11748	-3.82510
11749	-3.30542
11750	-0.54692
11751	2.65577
11752	4.51434
11753	4.40497
11754	2.38084
11755	-0.34554
11756	-1.87001
11757	-1.92746
11758	-1.08681
11759	0.85122
11760	2.01541
11761	-0.42966
11762	-3.69280
11763	-3.56165
11764	-1.43468
11765	-0.39311
11766	-0.59344
11767	-1.18631
11768	-1.46048
11769	-1.15011
11770	-1.27749
11771	-1.79882
11772	-2.21510
11773	-2.21382
11774	-1.66382
11775	-0.81631
11776	-0.76704
11777	-1.05423
11778	-1.04886
11779	-0.73763
11780	-0.15193
11781	0.29053
11782	0.07574
11783	-0.08707
11784	-0.39633
11785	-0.77012
11786	-0.62970
11787	-0.38221
11788	-0.22474
11789	-0.18850
11790	-0.28356
11791	-0.34450
11792	-0.35000
11793	-0.18399
11794	0.07280
11795	0.20477
11796	0.15250
11797	0.12555
11798	0.26947
11799	0.42902
11800	0.42787
11801	0.26304
11802	-0.09554
11803	-0.54414
11804	-0.68224
11805	-0.39279
11806	-0.02014
11807	0.19701
11808	0.28784
11809	0.28752
11810	0.17208
11811	0.01677
11812	0.08931
11813	0.58054
11814	1.21390
11815	1.48349
11816	1.30727
11817	0.82708
11818	-0.27735
11819	-2.23850
11820	-4.02693
11821	-3.78166
11822	-0.83965
11823	3.07939
11824	5.07100
11825	3.87291
11826	1.02683
11827	-0.91714
11828	-1.08551
11829	-0.77100
11830	-0.49208
11831	0.71517
11832	1.79667
11833	-0.05286
11834	-3.03068
11835	-3.23908
11836	-1.54804
11837	-0.67547
11838	-0.97463
11839	-1.72888
11840	-2.04386
11841	-1.53425
11842	-1.33775
11843	-1.85860
11844	-1.98067
11845	-1.96498
11846	-1.74972
11847	-1.19992
11848	-0.91450
11849	-0.93833
11850	-0.83018
11851	-0.78725
11852	-0.48451
11853	0.13048
11854	0.16420
11855	-0.18590
11856	-0.46562
11857	-0.79328
11858	-0.84767
11859	-0.60474
11860	-0.34894
11861	-0.11156
11862	0.02687
11863	0.01434
11864	-0.16146
11865	-0.19009
11866	-0.00979
11867	0.16196
11868	0.15726
11869	0.10352
11870	0.25203
11871	0.53972
11872	0.60386
11873	0.30786
11874	-0.13709
11875	-0.49609
11876	-0.61812
11877	-0.47501
11878	-0.18019
11879	0.13321
11880	0.30415
11881	0.22456
11882	0.04637
11883	-0.02043
11884	0.16664
11885	0.78122
11886	1.53193
11887	1.54495
11888	0.67714
11889	-0.11785
11890	-0.71893
11891	-2.13809
11892	-3.75894
11893	-3.13797
11894	0.32012
11895	4.00036
11896	5.03469
11897	3.29010
11898	0.69902
11899	-0.84907
11900	-0.94487
11901	-0.62925
11902	-0.29868
11903	0.65123
11904	0.70787
11905	-1.47189
11906	-2.87907
11907	-1.87748
11908	-0.86914
11909	-0.82898
11910	-1.38385
11911	-1.82704
11912	-1.84458
11913	-1.42427
11914	-1.54591
11915	-1.86421
11916	-2.01644
11917	-1.90162
11918	-1.33123
11919	-0.87137
11920	-0.91363
11921	-0.88835
11922	-0.78342
11923	-0.52471
11924	-0.06647
11925	0.24449
11926	0.13350
11927	-0.16928
11928	-0.72411
11929	-1.04916
11930	-0.79736
11931	-0.26948
11932	-0.07178
11933	-0.24104
11934	-0.18763
11935	-0.18129
11936	-0.12280
11937	0.00200
11938	0.06250
11939	0.05045
11940	0.10302
11941	0.25576
11942	0.41422
11943	0.45286
11944	0.30873
11945	-0.01156
11946	-0.44192
11947	-0.76883
11948	-0.68915
11949	-0.17516
11950	0.36604
11951	0.57730
11952	0.55075
11953	0.52148
11954	0.51438
11955	0.57479
11956	0.90804
11957	1.36219
11958	1.30791
11959	0.52445
11960	-0.56904
11961	-1.86985
11962	-3.34727
11963	-3.85072
11964	-2.14658
11965	1.16279
11966	4.09907
11967	4.96935
11968	3.34590
11969	0.58121
11970	-0.85644
11971	-0.26555
11972	0.32255
11973	-0.36038
11974	-0.73848
11975	-0.05091
11976	-0.59920
11977	-2.17750
11978	-2.64418
11979	-2.00608
11980	-1.19463
11981	-0.92293
11982	-1.24233
11983	-1.56042
11984	-1.61626
11985	-1.68222
11986	-1.96296
11987	-2.05211
11988	-1.91778
11989	-1.50395
11990	-1.08984
11991	-1.04043
11992	-1.05055
11993	-1.03425
11994	-0.67081
11995	-0.10235
11996	0.17571
11997	-0.04238
11998	-0.20478
11999	-0.58152
12000	-1.16798
12001	-1.17055
12002	-0.52951
12003	0.19822
12004	0.22829
12005	-0.07457
12006	-0.33309
12007	-0.34188
12008	-0.11053
12009	0.15644
12010	0.29016
12011	0.25335
12012	0.20495
12013	0.33473
12014	0.51639
12015	0.44798
12016	0.08394
12017	-0.37947
12018	-0.73708
12019	-0.79739
12020	-0.41850
12021	0.17291
12022	0.44756
12023	0.31504
12024	0.18493
12025	0.29291
12026	0.65367
12027	1.19605
12028	1.49366
12029	1.12653
12030	0.48167
12031	0.06340
12032	-0.77640
12033	-2.61177
12034	-3.92817
12035	-2.69546
12036	0.66508
12037	3.68866
12038	4.63475
12039	3.59327
12040	1.30966
12041	-1.04380
12042	-1.99670
12043	-1.56651
12044	-1.09095
12045	-0.52621
12046	1.11406
12047	1.34038
12048	-1.39572
12049	-3.38946
12050	-2.14235
12051	-0.40271
12052	-0.19667
12053	-0.93761
12054	-1.69365
12055	-1.94617
12056	-1.54282
12057	-1.55436
12058	-1.92118
12059	-2.06335
12060	-1.78134
12061	-1.03772
12062	-0.67498
12063	-1.05395
12064	-1.15893
12065	-0.79073
12066	-0.24053
12067	0.27064
12068	0.20414
12069	-0.14223
12070	-0.47648
12071	-1.03600
12072	-1.27454
12073	-0.70436
12074	0.01689
12075	0.34846
12076	0.07671
12077	-0.15783
12078	-0.29497
12079	-0.23814
12080	-0.08381
12081	0.04050
12082	0.10282
12083	0.17316
12084	0.31220
12085	0.44056
12086	0.39914
12087	0.10532
12088	-0.35601
12089	-0.74310
12090	-0.78020
12091	-0.36291
12092	0.21941
12093	0.55050
12094	0.53502
12095	0.36126
12096	0.30453
12097	0.61223
12098	1.26349
12099	1.74710
12100	1.38577
12101	0.20595
12102	-0.93604
12103	-1.62883
12104	-2.28748
12105	-2.58209
12106	-1.48630
12107	0.69549
12108	2.46560
12109	2.98458
12110	2.56336
12111	1.58622
12112	0.40665
12113	-0.18313
12114	-0.33184
12115	-1.02535
12116	-1.24999
12117	0.57396
12118	1.78370
12119	-0.79449
12120	-3.86184
12121	-3.19210
12122	-1.11754
12123	-0.21977
12124	-0.62238
12125	-1.22900
12126	-1.72699
12127	-1.68249
12128	-1.79607
12129	-2.03439
12130	-2.03733
12131	-1.83453
12132	-1.28343
12133	-0.87982
12134	-1.00374
12135	-0.98486
12136	-0.84398
12137	-0.55604
12138	0.00594
12139	0.19194
12140	-0.02905
12141	-0.21492
12142	-0.73415
12143	-1.06692
12144	-0.83171
12145	-0.32666
12146	0.08318
12147	-0.01887
12148	-0.14203
12149	-0.30746
12150	-0.26175
12151	-0.07142
12152	0.05822
12153	0.08925
12154	0.11488
12155	0.23329
12156	0.41829
12157	0.47540
12158	0.26350
12159	-0.12956
12160	-0.45405
12161	-0.54749
12162	-0.44071
12163	-0.16272
12164	0.24384
12165	0.51385
12166	0.45631
12167	0.21006
12168	-0.04830
12169	-0.02734
12170	0.67109
12171	1.70791
12172	1.98852
12173	1.13582
12174	-0.19532
12175	-1.72559
12176	-3.30964
12177	-3.68327
12178	-1.87778
12179	1.00951
12180	3.13582
12181	3.75077
12182	2.87581
12183	0.99372
12184	-0.43335
12185	-0.70536
12186	-0.81673
12187	-0.55118
12188	1.25244
12189	2.43255
12190	-0.53900
12191	-3.80419
12192	-3.37904
12193	-1.60664
12194	-0.51509
12195	-0.76046
12196	-1.45615
12197	-1.77241
12198	-1.29255
12199	-1.41767
12200	-1.74203
12201	-1.92355
12202	-2.01528
12203	-1.41675
12204	-0.80019
12205	-0.77461
12206	-0.83642
12207	-0.77025
12208	-0.53821
12209	0.11411
12210	0.23558
12211	0.01572
12212	-0.22687
12213	-0.72023
12214	-1.24094
12215	-0.91526
12216	-0.35739
12217	0.04008
12218	-0.11369
12219	-0.17166
12220	-0.27199
12221	-0.20991
12222	-0.02913
12223	0.10309
12224	0.15720
12225	0.17177
12226	0.20129
12227	0.31037
12228	0.42025
12229	0.33927
12230	-0.02613
12231	-0.52011
12232	-0.78265
12233	-0.59176
12234	-0.11501
12235	0.34617
12236	0.63105
12237	0.62944
12238	0.35567
12239	0.04909
12240	0.00499
12241	0.45294
12242	1.19974
12243	1.49151
12244	1.02074
12245	0.38006
12246	-0.38444
12247	-2.04588
12248	-3.93600
12249	-3.73871
12250	-0.58461
12251	3.49941
12252	5.42279
12253	3.88383
12254	0.60840
12255	-1.45692
12256	-1.26700
12257	-0.34140
12258	0.38281
12259	1.32361
12260	1.50609
12261	-1.17161
12262	-3.54790
12263	-2.76035
12264	-1.24441
12265	-0.78460
12266	-1.00995
12267	-1.51048
12268	-1.57770
12269	-1.14672
12270	-1.34603
12271	-1.94007
12272	-2.21137
12273	-1.95404
12274	-1.16993
12275	-0.63278
12276	-0.82287
12277	-0.95924
12278	-0.91819
12279	-0.63328
12280	0.00106
12281	0.34158
12282	0.31936
12283	0.04853
12284	-0.70070
12285	-1.37640
12286	-1.15922
12287	-0.49775
12288	0.21829
12289	0.13354
12290	-0.07154
12291	-0.34506
12292	-0.39541
12293	-0.22605
12294	0.01236
12295	0.16227
12296	0.19526
12297	0.30038
12298	0.54561
12299	0.60941
12300	0.26731
12301	-0.24766
12302	-0.55738
12303	-0.54013
12304	-0.30498
12305	0.05858
12306	0.46000
12307	0.68553
12308	0.54382
12309	0.12205
12310	-0.21006
12311	-0.00072
12312	0.82456
12313	1.50983
12314	1.20828
12315	0.20272
12316	-0.74720
12317	-1.69257
12318	-2.66098
12319	-2.71990
12320	-1.37520
12321	0.56647
12322	2.30434
12323	3.45731
12324	3.20140
12325	1.13277
12326	-0.92007
12327	-0.97882
12328	0.11289
12329	0.89419
12330	1.65774
12331	1.86488
12332	-0.76416
12333	-3.81700
12334	-3.50446
12335	-1.52538
12336	-0.88466
12337	-1.23383
12338	-1.54807
12339	-1.75934
12340	-1.36558
12341	-1.27916
12342	-1.72321
12343	-2.08767
12344	-2.05845
12345	-1.67645
12346	-0.98801
12347	-0.82116
12348	-0.98163
12349	-0.99903
12350	-0.91439
12351	-0.42465
12352	0.17484
12353	0.23037
12354	0.16305
12355	-0.42154
12356	-1.01381
12357	-1.04655
12358	-0.48668
12359	-0.00477
12360	0.20862
12361	0.01178
12362	-0.20814
12363	-0.30173
12364	-0.19936
12365	-0.02077
12366	0.11840
12367	0.17625
12368	0.21732
12369	0.33897
12370	0.47780
12371	0.41740
12372	0.02962
12373	-0.48390
12374	-0.67652
12375	-0.41937
12376	-0.07158
12377	0.11310
12378	0.17175
12379	0.16017
12380	0.06784
12381	-0.13854
12382	-0.37864
12383	-0.30425
12384	0.42672
12385	1.48776
12386	1.92759
12387	1.32816
12388	0.20336
12389	-1.14467
12390	-2.67373
12391	-3.35285
12392	-2.05593
12393	0.38463
12394	2.25870
12395	3.22477
12396	3.29306
12397	1.91851
12398	0.00683
12399	-0.78130
12400	-0.49459
12401	0.29240
12402	1.43490
12403	0.67028
12404	-2.21237
12405	-3.79449
12406	-2.70726
12407	-1.50386
12408	-1.13433
12409	-1.15954
12410	-1.11116
12411	-1.16707
12412	-1.31348
12413	-1.80712
12414	-2.06370
12415	-2.03773
12416	-1.87858
12417	-1.27836
12418	-0.84432
12419	-0.94394
12420	-1.18586
12421	-1.17538
12422	-0.80317
12423	-0.08373
12424	0.30594
12425	0.27998
12426	-0.06024
12427	-0.60885
12428	-0.86973
12429	-0.60188
12430	-0.23118
12431	-0.13229
12432	-0.16078
12433	-0.24077
12434	-0.41878
12435	-0.40933
12436	-0.16882
12437	0.08011
12438	0.17153
12439	0.15749
12440	0.16137
12441	0.26085
12442	0.38585
12443	0.34424
12444	0.06023
12445	-0.32002
12446	-0.56825
12447	-0.56403
12448	-0.26585
12449	0.20553
12450	0.48849
12451	0.37495
12452	0.08728
12453	-0.04868
12454	0.09182
12455	0.52607
12456	1.16269
12457	1.49617
12458	0.97880
12459	0.00468
12460	-0.70536
12461	-1.51757
12462	-2.72187
12463	-3.05180
12464	-1.47831
12465	1.08361
12466	3.12110
12467	3.90593
12468	3.03351
12469	0.85532
12470	-0.74496
12471	-0.83990
12472	-0.59046
12473	0.09779
12474	2.01407
12475	1.88005
12476	-2.19349
12477	-5.07837
12478	-3.40489
12479	-0.77832
12480	0.03901
12481	-0.63908
12482	-1.49589
12483	-1.87207
12484	-1.69611
12485	-1.80240
12486	-1.99837
12487	-1.95720
12488	-1.84295
12489	-1.35222
12490	-0.94913
12491	-1.04413
12492	-0.94367
12493	-0.89156
12494	-0.82975
12495	-0.28823
12496	0.22305
12497	0.20485
12498	0.03406
12499	-0.38434
12500	-0.79111
12501	-0.85459
12502	-0.73250
12503	-0.51115
12504	-0.34774
12505	-0.22950
12506	-0.25123
12507	-0.25249
12508	-0.13426
12509	0.00692
12510	0.11694
12511	0.20478
12512	0.28248
12513	0.39585
12514	0.49407
12515	0.40865
12516	0.10708
12517	-0.27737
12518	-0.57423
12519	-0.65793
12520	-0.45929
12521	-0.03925
12522	0.33284
12523	0.42133
12524	0.29147
12525	0.18407
12526	0.27606
12527	0.61772
12528	1.09504
12529	1.40119
12530	1.23256
12531	0.61573
12532	-0.26961
12533	-1.57556
12534	-3.08744
12535	-3.43903
12536	-1.67780
12537	1.32648
12538	3.81583
12539	4.28237
12540	2.27080
12541	-0.63593
12542	-2.05178
12543	-1.66537
12544	-0.48586
12545	1.33862
12546	2.95026
12547	1.21116
12548	-2.59009
12549	-3.61060
12550	-2.07344
12551	-1.11446
12552	-1.26122
12553	-1.67605
12554	-1.71462
12555	-1.33679
12556	-1.04815
12557	-1.38365
12558	-1.83379
12559	-1.91404
12560	-1.66783
12561	-1.12893
12562	-0.93258
12563	-0.98498
12564	-0.98490
12565	-0.99639
12566	-0.66478
12567	0.07343
12568	0.35676
12569	0.24658
12570	-0.32196
12571	-0.95539
12572	-1.13393
12573	-0.67649
12574	-0.25299
12575	0.09657
12576	0.08628
12577	-0.07162
12578	-0.38587
12579	-0.43710
12580	-0.17130
12581	0.11797
12582	0.18318
12583	0.10198
12584	0.16000
12585	0.41364
12586	0.57194
12587	0.40318
12588	-0.04064
12589	-0.51969
12590	-0.77727
12591	-0.65598
12592	-0.20096
12593	0.29394
12594	0.49622
12595	0.32589
12596	0.09979
12597	0.27135
12598	0.85583
12599	1.38145
12600	1.38917
12601	0.81776
12602	0.12543
12603	-0.29092
12604	-0.88537
12605	-2.06964
12606	-2.79465
12607	-1.83561
12608	0.19079
12609	1.80881
12610	2.68334
12611	3.16879
12612	2.71905
12613	1.02216
12614	-0.45689
12615	-0.93923
12616	-1.53958
12617	-1.76721
12618	0.24275
12619	1.64633
12620	-0.80355
12621	-3.54855
12622	-2.76896
12623	-1.06760
12624	-0.41371
12625	-0.82532
12626	-1.44032
12627	-1.74327
12628	-1.37362
12629	-1.55840
12630	-1.91650
12631	-2.08057
12632	-2.01994
12633	-1.50115
12634	-0.80516
12635	-0.73104
12636	-0.89431
12637	-0.97072
12638	-0.67713
12639	0.11353
12640	0.41623
12641	0.00001
12642	-0.48181
12643	-0.78821
12644	-0.86731
12645	-0.48814
12646	-0.10941
12647	0.04183
12648	-0.30165
12649	-0.31223
12650	-0.31861
12651	-0.19853
12652	-0.03519
12653	0.04712
12654	0.07317
12655	0.11504
12656	0.24746
12657	0.48112
12658	0.65138
12659	0.52001
12660	0.01833
12661	-0.54772
12662	-0.75440
12663	-0.51764
12664	-0.03453
12665	0.38018
12666	0.43666
12667	0.24757
12668	0.15641
12669	0.22341
12670	0.43014
12671	0.93799
12672	1.56432
12673	1.57502
12674	0.64971
12675	-0.62923
12676	-1.80099
12677	-2.78165
12678	-2.87987
12679	-1.49273
12680	0.65464
12681	2.54531
12682	3.92949
12683	4.22742
12684	2.47458
12685	-0.27723
12686	-1.74758
12687	-1.80211
12688	-1.44975
12689	-0.28693
12690	1.46654
12691	0.39488
12692	-2.93182
12693	-3.62230
12694	-1.39193
12695	0.13507
12696	-0.19214
12697	-1.01458
12698	-1.73535
12699	-1.74194
12700	-1.55435
12701	-1.85398
12702	-2.14435
12703	-2.10194
12704	-1.68515
12705	-1.00537
12706	-0.62224
12707	-0.97983
12708	-1.04887
12709	-0.93948
12710	-0.55347
12711	0.02985
12712	0.24966
12713	0.12495
12714	-0.39218
12715	-0.91791
12716	-1.07272
12717	-0.56060
12718	-0.11110
12719	0.19716
12720	-0.10575
12721	-0.06638
12722	-0.25988
12723	-0.19565
12724	0.02737
12725	0.18455
12726	0.20080
12727	0.14457
12728	0.18348
12729	0.34725
12730	0.41948
12731	0.23694
12732	-0.14367
12733	-0.53174
12734	-0.67919
12735	-0.45559
12736	-0.00696
12737	0.33088
12738	0.34041
12739	0.13721
12740	-0.02230
12741	0.06101
12742	0.51727
12743	1.17622
12744	1.48988
12745	1.21633
12746	0.83497
12747	0.47064
12748	-0.78941
12749	-3.03308
12750	-4.20531
12751	-2.61839
12752	0.56720
12753	3.08165
12754	3.89482
12755	2.98856
12756	1.01830
12757	-0.38126
12758	-0.29024
12759	-0.28118
12760	-1.46204
12761	-1.19119
12762	2.00987
12763	2.89859
12764	-1.62193
12765	-5.32645
12766	-3.61735
12767	-0.75542
12768	0.29585
12769	-0.20104
12770	-1.18760
12771	-2.14999
12772	-2.04033
12773	-1.92210
12774	-1.83975
12775	-1.88244
12776	-1.97811
12777	-1.45915
12778	-0.80627
12779	-0.92047
12780	-0.98922
12781	-0.73693
12782	-0.47167
12783	0.09534
12784	0.21799
12785	-0.06557
12786	-0.38612
12787	-0.84051
12788	-1.15709
12789	-0.85401
12790	-0.28013
12791	0.21619
12792	0.07137
12793	-0.09820
12794	-0.32056
12795	-0.32328
12796	-0.11339
12797	0.09028
12798	0.17910
12799	0.22671
12800	0.31283
12801	0.41148
12802	0.40711
12803	0.22188
12804	-0.11431
12805	-0.49604
12806	-0.74457
12807	-0.68661
12808	-0.26856
12809	0.27911
12810	0.55147
12811	0.47053
12812	0.30474
12813	0.18272
12814	0.05062
12815	0.08822
12816	0.63563
12817	1.50800
12818	1.95463
12819	1.33843
12820	-0.53525
12821	-3.04772
12822	-4.50669
12823	-3.41039
12824	-0.13559
12825	3.34949
12826	5.05524
12827	4.15386
12828	1.54163
12829	-0.71365
12830	-1.39742
12831	-1.00636
12832	-0.18203
12833	1.14886
12834	1.22492
12835	-1.37159
12836	-3.45012
12837	-2.61385
12838	-1.35249
12839	-1.01554
12840	-1.23871
12841	-1.59176
12842	-1.80344
12843	-1.52432
12844	-1.60085
12845	-1.97230
12846	-2.09202
12847	-1.97721
12848	-1.52121
12849	-1.00601
12850	-1.00989
12851	-0.92853
12852	-0.91932
12853	-0.67878
12854	-0.34129
12855	-0.15912
12856	-0.18173
12857	-0.12223
12858	-0.55753
12859	-0.95058
12860	-0.74091
12861	-0.23358
12862	0.02415
12863	-0.20341
12864	-0.30616
12865	-0.35457
12866	-0.32721
12867	-0.15190
12868	0.02474
12869	0.10810
12870	0.15449
12871	0.20491
12872	0.25586
12873	0.27895
12874	0.19789
12875	-0.04512
12876	-0.36153
12877	-0.54703
12878	-0.44932
12879	-0.15913
12880	0.10300
12881	0.24434
12882	0.31654
12883	0.46169
12884	0.64419
12885	0.59131
12886	0.44831
12887	0.69338
12888	1.06716
12889	0.84903
12890	0.05136
12891	-1.05099
12892	-2.43971
12893	-3.13626
12894	-1.80572
12895	0.66145
12896	2.17551
12897	2.67101
12898	3.09862
12899	2.54314
12900	0.25897
12901	-1.67919
12902	-1.79348
12903	-1.10583
12904	0.18501
12905	2.34408
12906	2.09606
12907	-1.80173
12908	-3.98314
12909	-2.42857
12910	-0.77029
12911	-0.59935
12912	-1.18836
12913	-1.80885
12914	-1.75173
12915	-1.23611
12916	-1.42335
12917	-1.85227
12918	-2.08884
12919	-1.91267
12920	-1.25441
12921	-0.82152
12922	-0.93226
12923	-0.90693
12924	-0.80189
12925	-0.58794
12926	-0.11531
12927	0.15714
12928	0.27120
12929	0.15237
12930	-0.41630
12931	-0.83424
12932	-0.70964
12933	-0.41968
12934	-0.26834
12935	-0.45367
12936	-0.40314
12937	-0.43695
12938	-0.43953
12939	-0.29214
12940	-0.06149
12941	0.05750
12942	0.01679
12943	0.03378
12944	0.29564
12945	0.63209
12946	0.69829
12947	0.36130
12948	-0.23075
12949	-0.70319
12950	-0.69609
12951	-0.25194
12952	0.25834
12953	0.52791
12954	0.48782
12955	0.27268
12956	0.12548
12957	0.29184
12958	0.84251
12959	1.45645
12960	1.59757
12961	1.09182
12962	0.26074
12963	-0.73678
12964	-2.10799
12965	-3.32829
12966	-2.98845
12967	-0.79456
12968	1.80262
12969	3.40394
12970	3.61269
12971	2.33577
12972	0.07076
12973	-1.41792
12974	-1.21150
12975	-0.55302
12976	-0.09071
12977	1.29528
12978	2.06863
12979	-0.38211
12980	-3.71911
12981	-3.29221
12982	-1.10645
12983	-0.41269
12984	-0.88392
12985	-1.31788
12986	-1.66650
12987	-1.60815
12988	-1.51095
12989	-1.87697
12990	-1.89339
12991	-1.98269
12992	-1.62300
12993	-0.92368
12994	-0.72883
12995	-0.88985
12996	-0.87788
12997	-0.69902
12998	-0.09239
12999	0.43144
13000	0.19920
13001	-0.09910
13002	-0.64404
13003	-1.32307
13004	-1.37046
13005	-0.69086
13006	-0.08266
13007	0.08956
13008	0.08731
13009	-0.14313
13010	-0.25106
13011	-0.19267
13012	-0.08953
13013	0.01996
13014	0.11159
13015	0.19926
13016	0.36766
13017	0.55020
13018	0.49819
13019	0.06284
13020	-0.54675
13021	-0.83851
13022	-0.57501
13023	-0.11469
13024	0.17742
13025	0.32617
13026	0.38985
13027	0.30390
13028	0.12467
13029	0.21249
13030	0.84913
13031	1.57587
13032	1.54935
13033	0.66300
13034	-0.38649
13035	-1.27837
13036	-2.25865
13037	-2.82884
13038	-2.00003
13039	-0.08220
13040	1.71888
13041	2.89123
13042	3.15118
13043	1.89244
13044	-0.21220
13045	-1.30313
13046	-1.04773
13047	-0.32476
13048	0.89690
13049	1.99362
13050	0.61860
13051	-2.31219
13052	-2.88082
13053	-1.65839
13054	-0.96358
13055	-1.18998
13056	-1.48209
13057	-1.84354
13058	-1.71787
13059	-1.34070
13060	-1.36642
13061	-1.77201
13062	-1.76440
13063	-1.48388
13064	-0.94450
13065	-0.77225
13066	-0.82494
13067	-0.81598
13068	-0.74914
13069	-0.26943
13070	0.42762
13071	0.26509
13072	-0.33002
13073	-0.84676
13074	-1.21526
13075	-1.09083
13076	-0.47565
13077	-0.03060
13078	0.07252
13079	-0.03806
13080	-0.22772
13081	-0.35004
13082	-0.28337
13083	-0.10927
13084	0.06040
13085	0.15752
13086	0.20302
13087	0.35387
13088	0.61850
13089	0.65821
13090	0.21064
13091	-0.44971
13092	-0.77708
13093	-0.61174
13094	-0.18143
13095	0.24233
13096	0.40384
13097	0.25640
13098	0.07943
13099	0.11740
13100	0.41994
13101	0.96984
13102	1.57956
13103	1.80312
13104	1.36353
13105	0.54616
13106	-0.51085
13107	-2.20586
13108	-3.87653
13109	-3.60150
13110	-0.99834
13111	1.96803
13112	3.68559
13113	3.95220
13114	2.56571
13115	0.15913
13116	-1.27078
13117	-1.17597
13118	-0.67371
13119	0.20675
13120	1.94384
13121	1.32857
13122	-2.39213
13123	-4.41588
13124	-2.90499
13125	-1.04322
13126	-0.41736
13127	-0.83157
13128	-1.40785
13129	-1.81122
13130	-1.72210
13131	-2.02512
13132	-2.13667
13133	-1.92342
13134	-1.64865
13135	-1.23102
13136	-0.92555
13137	-0.92737
13138	-0.89044
13139	-0.74843
13140	-0.55322
13141	-0.11854
13142	-0.09598
13143	-0.28701
13144	-0.40704
13145	-0.68413
13146	-0.58415
13147	-0.25574
13148	-0.03378
13149	-0.16228
13150	-0.40361
13151	-0.31909
13152	-0.16757
13153	-0.00570
13154	0.05378
13155	0.04971
13156	0.07046
13157	0.12013
13158	0.20177
13159	0.28972
13160	0.22874
13161	-0.09964
13162	-0.50139
13163	-0.63753
13164	-0.45585
13165	-0.15463
13166	0.13177
13167	0.32815
13168	0.35504
13169	0.32780
13170	0.48171
13171	0.82178
13172	1.12458
13173	1.08028
13174	0.46861
13175	-0.42732
13176	-1.01867
13177	-1.26723
13178	-1.49096
13179	-1.49105
13180	-0.94174
13181	-0.03759
13182	1.05347
13183	2.52449
13184	3.71534
13185	2.90582
13186	0.34959
13187	-1.38154
13188	-1.53032
13189	-1.44471
13190	-0.69049
13191	1.82067
13192	2.86207
13193	-0.69561
13194	-4.20380
13195	-3.74718
13196	-1.67425
13197	-0.41764
13198	-0.54113
13199	-1.31362
13200	-1.82226
13201	-1.54156
13202	-1.46112
13203	-1.77897
13204	-2.00046
13205	-2.01357
13206	-1.54156
13207	-0.92222
13208	-0.91536
13209	-1.02042
13210	-0.98909
13211	-0.61433
13212	0.04137
13213	0.23835
13214	0.13947
13215	-0.14542
13216	-0.70212
13217	-0.99823
13218	-0.98826
13219	-0.67812
13220	-0.08342
13221	-0.20682
13222	-0.26106
13223	-0.30205
13224	-0.19841
13225	-0.05276
13226	0.03065
13227	0.09524
13228	0.20652
13229	0.37193
13230	0.53924
13231	0.55863
13232	0.27806
13233	-0.23315
13234	-0.62818
13235	-0.63980
13236	-0.36714
13237	-0.01101
13238	0.30518
13239	0.42804
13240	0.33374
13241	0.23092
13242	0.27430
13243	0.51520
13244	0.96279
13245	1.34845
13246	1.31118
13247	0.85056
13248	0.00202
13249	-1.42575
13250	-2.98712
13251	-3.28261
13252	-1.57704
13253	0.96924
13254	2.71691
13255	3.39928
13256	3.23376
13257	1.79484
13258	-0.31764
13259	-1.47590
13260	-1.59179
13261	-1.30287
13262	0.08429
13263	1.80989
13264	0.43336
13265	-2.77212
13266	-3.14712
13267	-1.41018
13268	-0.50657
13269	-1.00100
13270	-1.59663
13271	-1.87266
13272	-1.33187
13273	-1.11784
13274	-1.58485
13275	-2.02752
13276	-2.04595
13277	-1.61519
13278	-0.94671
13279	-0.80168
13280	-1.01454
13281	-1.00923
13282	-0.82547
13283	-0.23056
13284	0.34802
13285	0.26566
13286	-0.02077
13287	-0.39908
13288	-0.76914
13289	-0.70630
13290	-0.23307
13291	0.05758
13292	-0.13573
13293	-0.51250
13294	-0.44606
13295	-0.22666
13296	-0.08366
13297	-0.06393
13298	-0.05326
13299	-0.01776
13300	0.03866
13301	0.19153
13302	0.42112
13303	0.49291
13304	0.25421
13305	-0.14248
13306	-0.45245
13307	-0.54460
13308	-0.34527
13309	0.08361
13310	0.38551
13311	0.30673
13312	0.08971
13313	0.03592
13314	0.21299
13315	0.72736
13316	1.31994
13317	1.10657
13318	-0.02130
13319	-0.80485
13320	-0.64430
13321	-0.57824
13322	-1.20052
13323	-1.51200
13324	-0.84386
13325	0.10343
13326	0.86275
13327	1.80606
13328	2.67619
13329	2.34147
13330	0.92817
13331	-0.13368
13332	-0.72293
13333	-1.35072
13334	-0.52836
13335	1.99575
13336	1.98009
13337	-1.85601
13338	-4.26482
13339	-2.86318
13340	-0.83156
13341	-0.39248
13342	-1.20698
13343	-1.80411
13344	-1.61378
13345	-1.23104
13346	-1.48945
13347	-2.01289
13348	-2.19941
13349	-1.89071
13350	-1.21610
13351	-0.87868
13352	-1.02443
13353	-0.94701
13354	-0.70670
13355	-0.36876
13356	0.05367
13357	0.12393
13358	-0.03130
13359	-0.43015
13360	-1.00713
13361	-1.19439
13362	-0.81326
13363	-0.31480
13364	-0.05397
13365	-0.15594
13366	-0.16664
13367	-0.20813
13368	-0.17417
13369	-0.06805
13370	0.03126
13371	0.10427
13372	0.17718
13373	0.28126
13374	0.40781
13375	0.42877
13376	0.22688
13377	-0.15160
13378	-0.50870
13379	-0.60950
13380	-0.42442
13381	-0.09985
13382	0.25824
13383	0.48136
13384	0.44888
13385	0.36182
13386	0.49180
13387	0.84207
13388	1.12890
13389	1.04920
13390	0.68100
13391	0.35297
13392	0.00771
13393	-0.83194
13394	-2.26180
13395	-3.39225
13396	-2.88180
13397	-0.37381
13398	2.84058
13399	4.88782
13400	4.58788
13401	2.03102
13402	-0.77476
13403	-1.57764
13404	-1.01780
13405	-1.01016
13406	-0.61432
13407	1.17436
13408	1.28657
13409	-1.78443
13410	-3.76722
13411	-2.70975
13412	-1.22810
13413	-0.74564
13414	-0.91760
13415	-1.39263
13416	-1.63514
13417	-1.52309
13418	-1.84363
13419	-2.08287
13420	-1.98196
13421	-1.68164
13422	-1.05421
13423	-0.74919
13424	-1.02907
13425	-1.08230
13426	-0.74965
13427	-0.24070
13428	0.30779
13429	0.20074
13430	-0.18129
13431	-0.54621
13432	-1.00562
13433	-0.99147
13434	-0.32089
13435	0.04057
13436	0.00411
13437	-0.12084
13438	-0.21819
13439	-0.23814
13440	-0.09685
13441	0.08509
13442	0.12981
13443	0.06424
13444	0.06992
13445	0.26003
13446	0.53155
13447	0.61222
13448	0.31509
13449	-0.23472
13450	-0.64886
13451	-0.64604
13452	-0.35430
13453	-0.05722
13454	0.19913
13455	0.38949
13456	0.34031
13457	0.12587
13458	0.11987
13459	0.53469
13460	1.16456
13461	1.47319
13462	0.93818
13463	-0.28940
13464	-1.33193
13465	-1.67400
13466	-1.51497
13467	-0.99751
13468	-0.36726
13469	-0.02615
13470	0.55801
13471	2.23235
13472	3.82107
13473	2.88661
13474	-0.02835
13475	-1.77588
13476	-1.43969
13477	-0.32805
13478	1.09613
13479	1.52472
13480	-0.90543
13481	-3.67935
13482	-2.91217
13483	-0.83585
13484	-0.07175
13485	-0.51644
13486	-1.24159
13487	-1.63739
13488	-1.42819
13489	-1.45923
13490	-2.09289
13491	-2.16329
13492	-1.97571
13493	-1.49187
13494	-0.94746
13495	-0.94708
13496	-1.06704
13497	-0.89596
13498	-0.67668
13499	-0.27761
13500	0.16812
13501	0.21140
13502	0.15822
13503	-0.42416
13504	-1.17739
13505	-1.31078
13506	-0.84128
13507	-0.20293
13508	-0.17953
13509	-0.10837
13510	-0.19547
13511	-0.24039
13512	-0.16550
13513	-0.03402
13514	0.08557
13515	0.18942
13516	0.27358
13517	0.35542
13518	0.44064
13519	0.41745
13520	0.16490
13521	-0.25966
13522	-0.59536
13523	-0.55742
13524	-0.17346
13525	0.16829
13526	0.24519
13527	0.21896
13528	0.13223
13529	-0.07976
13530	-0.10083
13531	0.40410
13532	1.04572
13533	1.01246
13534	0.24388
13535	-0.37583
13536	-0.46527
13537	-0.77057
13538	-1.52127
13539	-1.64362
13540	-0.59221
13541	0.78127
13542	1.83250
13543	2.78502
13544	3.11304
13545	1.70633
13546	-0.56821
13547	-2.02406
13548	-2.34179
13549	-1.04031
13550	1.77131
13551	2.28104
13552	-1.29218
13553	-4.14953
13554	-2.85926
13555	-0.69161
13556	-0.22632
13557	-1.04653
13558	-1.65304
13559	-1.67194
13560	-1.22836
13561	-1.47400
13562	-1.93145
13563	-2.03404
13564	-1.99301
13565	-1.42849
13566	-0.80460
13567	-0.87252
13568	-0.99303
13569	-0.78927
13570	-0.57852
13571	-0.06980
13572	0.02823
13573	-0.05348
13574	-0.12032
13575	-0.46597
13576	-0.97537
13577	-0.93594
13578	-0.46475
13579	-0.10840
13580	-0.30222
13581	-0.20341
13582	-0.13683
13583	-0.05068
13584	0.01821
13585	0.04141
13586	0.07298
13587	0.13509
13588	0.21745
13589	0.35923
13590	0.50723
13591	0.45583
13592	0.10416
13593	-0.34209
13594	-0.57154
13595	-0.47867
13596	-0.16201
13597	0.14744
13598	0.25037
13599	0.19164
13600	0.13077
13601	0.17266
13602	0.40619
13603	0.86107
13604	1.30556
13605	1.27111
13606	0.59787
13607	-0.25873
13608	-0.94844
13609	-1.66266
13610	-2.23135
13611	-1.89344
13612	-0.45687
13613	1.48955
13614	3.21627
13615	3.86426
13616	2.60856
13617	0.08145
13618	-1.52914
13619	-1.35716
13620	-0.44901
13621	0.24695
13622	0.22927
13623	-1.13466
13624	-2.20438
13625	-1.44876
13626	-0.40993
13627	-0.44613
13628	-1.32206
13629	-2.13067
13630	-1.98944
13631	-1.22688
13632	-1.21893
13633	-1.79726
13634	-2.05161
13635	-2.00044
13636	-1.49974
13637	-0.95867
13638	-0.96995
13639	-0.95437
13640	-0.80442
13641	-0.49916
13642	-0.01868
13643	0.20294
13644	0.09357
13645	-0.10981
13646	-0.87647
13647	-1.53169
13648	-1.23485
13649	-0.34183
13650	0.17647
13651	0.01776
13652	-0.00727
13653	-0.21079
13654	-0.32752
13655	-0.19278
13656	0.00912
13657	0.07791
13658	0.07679
13659	0.17755
13660	0.41737
13661	0.61828
13662	0.55625
13663	0.18072
13664	-0.37150
13665	-0.79720
13666	-0.76078
13667	-0.31276
13668	0.15613
13669	0.40746
13670	0.43652
13671	0.39867
13672	0.54823
13673	0.91029
13674	1.20813
13675	1.19222
13676	0.88235
13677	0.55852
13678	0.42869
13679	0.06851
13680	-1.32945
13681	-3.42954
13682	-4.22630
13683	-2.23846
13684	1.37501
13685	3.96178
13686	4.30021
13687	2.99421
13688	1.02729
13689	-0.30785
13690	-0.47252
13691	-0.53235
13692	-0.61979
13693	0.56399
13694	1.13469
13695	-1.48829
13696	-4.23645
13697	-3.33892
13698	-1.25090
13699	-0.36976
13700	-0.70754
13701	-1.29104
13702	-1.84901
13703	-1.77324
13704	-1.69293
13705	-1.76668
13706	-1.80058
13707	-1.94832
13708	-1.56867
13709	-0.95402
13710	-0.88083
13711	-1.12680
13712	-1.06660
13713	-0.80237
13714	-0.06858
13715	0.40805
13716	0.40468
13717	0.19582
13718	-0.50036
13719	-1.25490
13720	-1.39933
13721	-0.74906
13722	-0.00769
13723	0.12334
13724	0.08304
13725	-0.22394
13726	-0.35382
13727	-0.18088
13728	0.05912
13729	0.12761
13730	0.05625
13731	0.06828
13732	0.28502
13733	0.53615
13734	0.54816
13735	0.21835
13736	-0.36642
13737	-0.84571
13738	-0.77657
13739	-0.29309
13740	0.13261
13741	0.36033
13742	0.37918
13743	0.19308
13744	0.03912
13745	0.14700
13746	0.55521
13747	1.10911
13748	1.32574
13749	0.82638
13750	0.01830
13751	-0.51808
13752	-1.04088
13753	-1.89541
13754	-2.37294
13755	-1.54040
13756	0.50267
13757	2.77128
13758	4.03246
13759	3.26942
13760	0.68504
13761	-1.46619
13762	-1.45299
13763	-0.45105
13764	0.10095
13765	0.61749
13766	0.57013
13767	-1.44480
13768	-3.17858
13769	-1.98202
13770	-0.36761
13771	-0.26706
13772	-1.12418
13773	-1.79951
13774	-1.96331
13775	-1.27943
13776	-1.42056
13777	-2.03776
13778	-2.22571
13779	-2.22788
13780	-1.62417
13781	-0.87015
13782	-0.75096
13783	-1.11271
13784	-1.10330
13785	-0.91582
13786	-0.13789
13787	0.44468
13788	0.40373
13789	-0.08128
13790	-0.89752
13791	-1.40783
13792	-1.10135
13793	-0.39800
13794	0.13965
13795	0.00749
13796	-0.01376
13797	-0.17914
13798	-0.22683
13799	-0.15043
13800	0.00275
13801	0.15677
13802	0.23549
13803	0.28768
13804	0.36848
13805	0.39917
13806	0.28940
13807	0.02233
13808	-0.35949
13809	-0.66536
13810	-0.62193
13811	-0.24189
13812	0.12725
13813	0.27329
13814	0.29022
13815	0.25361
13816	0.11632
13817	-0.00599
13818	0.15428
13819	0.58249
13820	0.92185
13821	0.91433
13822	0.71845
13823	0.48024
13824	-0.31650
13825	-2.02488
13826	-3.45196
13827	-2.85354
13828	-0.12189
13829	3.18221
13830	5.02578
13831	3.96940
13832	0.90173
13833	-1.08331
13834	-0.71554
13835	-0.23557
13836	-0.89944
13837	-0.83458
13838	0.13788
13839	-0.62751
13840	-2.37220
13841	-2.23102
13842	-1.08890
13843	-0.48749
13844	-0.83844
13845	-1.73541
13846	-2.18610
13847	-1.72870
13848	-1.54686
13849	-2.11956
13850	-2.24027
13851	-2.04500
13852	-1.52696
13853	-1.02979
13854	-0.95053
13855	-1.08349
13856	-1.17605
13857	-1.10467
13858	-0.35771
13859	0.37385
13860	0.44241
13861	-0.07290
13862	-0.82206
13863	-1.30076
13864	-1.00987
13865	-0.48695
13866	-0.10027
13867	-0.01362
13868	-0.01484
13869	-0.12122
13870	-0.30153
13871	-0.30484
13872	-0.11657
13873	0.09686
13874	0.18665
13875	0.16353
13876	0.19923
13877	0.37623
13878	0.51015
13879	0.33332
13880	-0.15863
13881	-0.59822
13882	-0.67992
13883	-0.46080
13884	-0.11590
13885	0.18909
13886	0.31530
13887	0.26610
13888	0.13400
13889	-0.02202
13890	-0.03935
13891	0.35975
13892	1.13611
13893	1.74110
13894	1.60521
13895	0.74980
13896	-0.39804
13897	-1.76508
13898	-3.19602
13899	-3.46674
13900	-1.54052
13901	1.72408
13902	4.30649
13903	4.66357
13904	2.61798
13905	-0.26785
13906	-1.85894
13907	-1.76039
13908	-0.79182
13909	0.92269
13910	2.18948
13911	0.24507
13912	-3.36300
13913	-3.83659
13914	-1.72464
13915	-0.31233
13916	-0.31610
13917	-1.23633
13918	-1.97079
13919	-1.82679
13920	-1.39808
13921	-1.75770
13922	-2.02583
13923	-2.08163
13924	-1.82952
13925	-1.22857
13926	-0.92250
13927	-1.08235
13928	-1.07066
13929	-0.84294
13930	-0.39414
13931	0.15858
13932	0.30644
13933	0.23137
13934	-0.19618
13935	-0.84786
13936	-1.09129
13937	-1.13448
13938	-0.74934
13939	-0.44627
13940	0.11187
13941	0.18331
13942	-0.12476
13943	-0.34076
13944	-0.27268
13945	-0.06844
13946	0.06785
13947	0.09368
13948	0.18132
13949	0.40796
13950	0.55975
13951	0.48653
13952	0.23671
13953	-0.20971
13954	-0.73164
13955	-0.80413
13956	-0.20966
13957	0.37550
13958	0.34035
13959	0.10124
13960	0.22795
13961	0.48122
13962	0.60623
13963	1.00220
13964	1.59489
13965	1.39727
13966	0.22350
13967	-0.86084
13968	-1.43983
13969	-1.91645
13970	-1.79921
13971	-0.54224
13972	0.67534
13973	0.62927
13974	0.26696
13975	1.15167
13976	2.62860
13977	2.55462
13978	0.95358
13979	-0.39081
13980	-1.28534
13981	-1.83001
13982	-0.26986
13983	2.15894
13984	1.05357
13985	-3.26469
13986	-4.55079
13987	-2.37830
13988	-0.28288
13989	-0.08278
13990	-1.04345
13991	-1.87690
13992	-1.96603
13993	-1.80730
13994	-1.94460
13995	-1.81116
13996	-1.97909
13997	-1.85350
13998	-1.20716
13999	-0.85445
14000	-0.92643
14001	-0.62758
14002	-0.55237
14003	-0.33496
14004	-0.02148
14005	-0.32104
14006	-0.63088
14007	-0.59849
14008	-0.65933
14009	-0.53987
14010	-0.30344
14011	-0.36745
14012	-0.47129
14013	-0.41665
14014	-0.08433
14015	0.15352
14016	0.23966
14017	0.21531
14018	0.12044
14019	0.03850
14020	0.06139
14021	0.23163
14022	0.44595
14023	0.45813
14024	0.17830
14025	-0.19518
14026	-0.45968
14027	-0.57370
14028	-0.46731
14029	-0.12729
14030	0.23444
14031	0.39773
14032	0.34030
14033	0.20421
14034	0.18600
14035	0.41236
14036	0.89127
14037	1.32263
14038	1.13269
14039	0.25571
14040	-0.75343
14041	-1.66947
14042	-2.37598
14043	-2.18703
14044	-0.88217
14045	0.78430
14046	2.31063
14047	3.49291
14048	3.50399
14049	1.82334
14050	-0.18700
14051	-1.15974
14052	-1.53418
14053	-1.20061
14054	0.59397
14055	1.90693
14056	-0.62639
14057	-3.91929
14058	-3.52923
14059	-1.29500
14060	0.03449
14061	-0.27626
14062	-1.22266
14063	-1.98796
14064	-1.79903
14065	-1.56824
14066	-1.79512
14067	-1.96481
14068	-2.03989
14069	-1.65379
14070	-1.01104
14071	-0.80730
14072	-0.89383
14073	-0.86846
14074	-0.58359
14075	-0.00892
14076	0.41801
14077	0.16261
14078	-0.25989
14079	-0.80723
14080	-1.09623
14081	-0.78147
14082	-0.16517
14083	0.12297
14084	-0.13078
14085	-0.24780
14086	-0.34821
14087	-0.30969
14088	-0.15321
14089	0.04546
14090	0.18579
14091	0.16668
14092	0.04770
14093	0.09347
14094	0.40460
14095	0.62552
14096	0.38173
14097	-0.24021
14098	-0.77913
14099	-0.84307
14100	-0.44331
14101	0.14393
14102	0.55289
14103	0.56309
14104	0.38345
14105	0.30798
14106	0.31150
14107	0.37664
14108	0.70463
14109	1.24475
14110	1.46081
14111	1.02073
14112	0.12282
14113	-1.26018
14114	-2.98990
14115	-3.68377
14116	-2.16607
14117	0.68964
14118	3.12329
14119	4.30722
14120	3.80774
14121	1.55425
14122	-0.76404
14123	-1.63881
14124	-1.72795
14125	-1.24673
14126	0.66594
14127	2.18933
14128	-0.14594
14129	-3.56333
14130	-3.53999
14131	-1.54866
14132	-0.36301
14133	-0.45755
14134	-1.26254
14135	-1.96301
14136	-1.93646
14137	-1.84578
14138	-1.97139
14139	-1.94194
14140	-2.04896
14141	-1.66779
14142	-1.02495
14143	-0.94043
14144	-1.09437
14145	-0.96620
14146	-0.63857
14147	-0.11962
14148	0.19847
14149	0.09907
14150	-0.05648
14151	-0.54081
14152	-1.00317
14153	-0.86877
14154	-0.47250
14155	-0.14012
14156	-0.10935
14157	-0.00438
14158	-0.12603
14159	-0.23884
14160	-0.14901
14161	0.04434
14162	0.12750
14163	0.08812
14164	0.13281
14165	0.36083
14166	0.57226
14167	0.54508
14168	0.28325
14169	-0.12752
14170	-0.52392
14171	-0.66482
14172	-0.41660
14173	0.11026
14174	0.49677
14175	0.41392
14176	0.06005
14177	-0.16820
14178	-0.13151
14179	0.17166
14180	0.74301
14181	1.38461
14182	1.62493
14183	1.22063
14184	0.41501
14185	-0.86813
14186	-2.82975
14187	-4.19111
14188	-3.11514
14189	0.17866
14190	3.57431
14191	5.04819
14192	3.69287
14193	0.53950
14194	-1.56017
14195	-1.21643
14196	-0.09756
14197	0.65105
14198	1.48888
14199	1.06690
14200	-1.89765
14201	-3.86782
14202	-2.51919
14203	-0.62807
14204	-0.28864
14205	-0.95986
14206	-1.72977
14207	-1.90256
14208	-1.44621
14209	-1.46379
14210	-1.93348
14211	-2.11823
14212	-1.93766
14213	-1.33853
14214	-0.69678
14215	-0.84908
14216	-1.13274
14217	-1.19955
14218	-0.99412
14219	-0.42875
14220	0.15335
14221	0.40847
14222	0.32628
14223	-0.31203
14224	-1.00625
14225	-1.05153
14226	-0.68985
14227	-0.32919
14228	-0.14488
14229	0.02781
14230	-0.14774
14231	-0.31400
14232	-0.26037
14233	-0.12901
14234	-0.02153
14235	0.09607
14236	0.19856
14237	0.25559
14238	0.32375
14239	0.38266
14240	0.26597
14241	-0.10126
14242	-0.48899
14243	-0.58839
14244	-0.37972
14245	-0.12003
14246	0.01866
14247	0.13494
14248	0.32633
14249	0.45458
14250	0.39831
14251	0.39079
14252	0.75152
14253	1.23022
14254	1.23533
14255	0.78650
14256	0.23430
14257	-0.73821
14258	-2.32178
14259	-3.27298
14260	-2.21041
14261	0.23999
14262	2.13747
14263	2.56696
14264	2.04211
14265	1.15670
14266	0.39470
14267	0.25566
14268	0.24701
14269	-0.15574
14270	0.07147
14271	0.76664
14272	-0.35740
14273	-2.66624
14274	-2.60520
14275	-1.05527
14276	-0.66693
14277	-1.20612
14278	-1.57957
14279	-1.81525
14280	-1.65609
14281	-1.40619
14282	-1.79774
14283	-2.04917
14284	-2.08292
14285	-1.76459
14286	-1.15680
14287	-0.93933
14288	-1.05389
14289	-1.05391
14290	-1.05178
14291	-0.67684
14292	0.13620
14293	0.47281
14294	0.28497
14295	-0.38434
14296	-0.91289
14297	-0.74309
14298	-0.54990
14299	-0.22651
14300	-0.08253
14301	-0.20588
14302	-0.29292
14303	-0.39795
14304	-0.39985
14305	-0.25429
14306	-0.05872
14307	0.08749
14308	0.17767
14309	0.21228
14310	0.24979
14311	0.38001
14312	0.48951
14313	0.29380
14314	-0.20057
14315	-0.54769
14316	-0.45592
14317	-0.14606
14318	0.05247
14319	0.10439
14320	0.12305
14321	0.10056
14322	0.01458
14323	0.06359
14324	0.53871
14325	1.28585
14326	1.54755
14327	0.93250
14328	0.15074
14329	-0.32984
14330	-1.34033
14331	-3.03620
14332	-3.62709
14333	-1.89459
14334	1.08458
14335	3.51079
14336	4.17549
14337	2.83865
14338	0.75032
14339	-0.27258
14340	-0.22980
14341	-0.69364
14342	-1.19264
14343	0.62602
14344	2.73439
14345	0.61194
14346	-3.82200
14347	-4.52349
14348	-1.85602
14349	-0.13912
14350	-0.16357
14351	-0.99405
14352	-1.75741
14353	-1.72842
14354	-1.37523
14355	-1.76219
14356	-2.08876
14357	-2.14456
14358	-1.82222
14359	-1.02234
14360	-0.77238
14361	-1.11921
14362	-1.05868
14363	-0.80257
14364	-0.59571
14365	-0.02037
14366	0.07595
14367	0.01497
14368	-0.15821
14369	-0.64656
14370	-0.81887
14371	-0.44793
14372	-0.12843
14373	-0.16818
14374	-0.40923
14375	-0.36542
14376	-0.32046
14377	-0.31943
14378	-0.30080
14379	-0.15664
14380	0.06182
14381	0.17968
14382	0.20193
14383	0.26275
14384	0.35382
14385	0.37128
14386	0.23898
14387	-0.09859
14388	-0.47433
14389	-0.48338
14390	-0.08968
14391	0.24947
14392	0.27467
14393	0.19979
14394	0.19799
14395	0.23462
14396	0.39557
14397	0.75896
14398	1.04932
14399	0.90440
14400	0.42223
14401	0.06821
14402	-0.13888
14403	-0.80600
14404	-1.94636
14405	-2.42377
14406	-1.46438
14407	0.35415
14408	2.16035
14409	3.38819
14410	3.24120
14411	1.18334
14412	-1.30322
14413	-2.13841
14414	-1.49344
14415	-0.26116
14416	1.63171
14417	2.33154
14418	-0.13478
14419	-3.28013
14420	-3.02634
14421	-1.03395
14422	-0.31311
14423	-1.05711
14424	-1.81982
14425	-2.14796
14426	-1.56997
14427	-1.22997
14428	-1.54524
14429	-1.97518
14430	-2.06797
14431	-1.61694
14432	-0.95100
14433	-0.85836
14434	-1.25998
14435	-1.12953
14436	-0.87164
14437	-0.35524
14438	0.04805
14439	0.16782
14440	-0.00656
14441	-0.33328
14442	-0.77416
14443	-0.91555
14444	-0.81186
14445	-0.51737
14446	-0.13853
14447	0.11292
14448	0.08726
14449	-0.23045
14450	-0.48889
14451	-0.41068
14452	-0.08608
14453	0.20243
14454	0.33773
14455	0.39615
14456	0.44573
14457	0.43429
14458	0.29004
14459	0.02264
14460	-0.31342
14461	-0.60759
14462	-0.64007
14463	-0.26072
14464	0.25140
14465	0.43660
14466	0.29709
14467	0.14147
14468	0.14282
14469	0.45858
14470	1.13675
14471	1.72760
14472	1.65957
14473	0.96103
14474	0.08071
14475	-0.90620
14476	-2.22236
14477	-3.20601
14478	-2.52007
14479	-0.40127
14480	1.29727
14481	2.07968
14482	3.04395
14483	3.64382
14484	2.10364
14485	-0.48451
14486	-1.45694
14487	-1.10935
14488	-0.95902
14489	0.00155
14490	1.16705
14491	0.04498
14492	-3.04865
14493	-3.50248
14494	-1.47328
14495	-0.27152
14496	-0.46675
14497	-1.36482
14498	-2.08958
14499	-1.90295
14500	-1.51984
14501	-1.82285
14502	-2.04007
14503	-2.06253
14504	-1.66026
14505	-1.05072
14506	-0.89153
14507	-1.14492
14508	-1.09040
14509	-0.88157
14510	-0.32181
14511	0.28828
14512	0.35001
14513	0.07520
14514	-0.30809
14515	-0.75054
14516	-0.71800
14517	-0.31446
14518	-0.08111
14519	-0.18573
14520	-0.33034
14521	-0.38021
14522	-0.37697
14523	-0.28613
14524	-0.16273
14525	-0.05534
14526	0.06768
14527	0.19472
14528	0.27894
14529	0.35741
14530	0.42795
14531	0.34084
14532	-0.00148
14533	-0.43313
14534	-0.62011
14535	-0.44574
14536	-0.12264
14537	0.16293
14538	0.41114
14539	0.51603
14540	0.29350
14541	0.05613
14542	0.43310
14543	1.28410
14544	1.66045
14545	1.14069
14546	0.34526
14547	-0.21973
14548	-1.02460
14549	-2.41391
14550	-3.20958
14551	-1.92646
14552	0.67988
14553	2.33444
14554	2.50818
14555	2.42718
14556	2.34886
14557	1.43747
14558	0.07497
14559	-0.39040
14560	-0.17352
14561	-0.50273
14562	-0.68408
14563	0.18254
14564	0.12552
14565	-2.26305
14566	-3.76468
14567	-2.18510
14568	0.10443
14569	0.78803
14570	-0.28603
14571	-1.55281
14572	-2.09490
14573	-1.57361
14574	-1.57780
14575	-1.98057
14576	-2.40544
14577	-2.22384
14578	-1.55697
14579	-0.82095
14580	-1.04988
14581	-1.22742
14582	-1.33283
14583	-1.17793
14584	-0.85051
14585	-0.44716
14586	-0.10358
14587	0.14101
14588	-0.19967
14589	-0.75041
14590	-0.82134
14591	-0.68379
14592	-0.44249
14593	-0.34358
14594	-0.13867
14595	0.09092
14596	0.22070
14597	0.07596
14598	-0.14937
14599	-0.16238
14600	-0.12061
14601	0.01795
14602	0.20468
14603	0.30187
14604	0.28638
14605	0.23981
14606	0.22151
14607	0.20189
14608	0.06620
14609	-0.17476
14610	-0.29098
14611	-0.19707
14612	-0.01981
14613	0.12656
14614	0.09226
14615	-0.12481
14616	-0.23953
14617	-0.15898
14618	-0.00165
14619	0.38625
14620	1.05857
14621	1.45487
14622	1.01936
14623	-0.00137
14624	-0.80912
14625	-0.99825
14626	-0.95381
14627	-0.90211
14628	-0.30674
14629	0.76929
14630	1.23610
14631	1.00531
14632	1.32600
14633	2.24665
14634	2.25464
14635	0.92949
14636	-0.62464
14637	-1.99811
14638	-3.31305
14639	-3.06619
14640	0.25563
14641	3.85262
14642	2.73441
14643	-1.96456
14644	-4.28515
14645	-2.37932
14646	0.74528
14647	1.76867
14648	1.01184
14649	0.24502
14650	-0.13763
14651	-0.37454
14652	-0.44183
14653	-0.28919
14654	-0.03563
14655	0.20581
14656	0.36384
14657	0.36950
14658	0.27983
14659	0.22882
14660	0.20682
14661	0.10462
14662	-0.03888
14663	-0.07627
14664	0.00857
14665	0.12917
14666	0.26417
14667	0.41508
14668	0.48414
14669	0.34665
14670	0.00827
14671	-0.38543
14672	-0.66288
14673	-0.69494
14674	-0.46093
14675	-0.16185
14676	-0.07601
14677	-0.21196
14678	-0.32775
14679	-0.22828
14680	0.06512
14681	0.34351
14682	0.41895
14683	0.29538
14684	0.12340
14685	0.04916
14686	0.09707
14687	0.15641
14688	0.10005
14689	-0.06686
14690	-0.20490
14691	-0.17466
14692	0.00560
14693	0.16105
14694	0.14731
14695	-0.01853
14696	-0.15913
14697	-0.14279
14698	-0.06854
14699	-0.06126
14700	-0.07443
14701	-0.00987
14702	0.15824
14703	0.26768
14704	0.07342
14705	-0.31312
14706	-0.48893
14707	-0.34781
14708	-0.31544
14709	-0.80202
14710	-1.37109
14711	-1.08362
14712	0.05162
14713	0.95444
14714	1.20120
14715	1.53962
14716	2.06221
14717	1.74370
14718	0.56670
14719	0.01384
14720	0.87036
14721	1.80952
14722	0.90647
14723	-1.36304
14724	-2.00965
14725	0.28203
14726	1.91750
14727	-0.40046
14728	-4.17162
14729	-4.69786
14730	-1.39461
14731	1.99348
14732	2.61605
14733	1.13950
14734	-0.54276
14735	-1.91664
14736	-2.39112
14737	-2.03051
14738	-1.58428
14739	-1.36211
14740	-1.25675
14741	-1.18686
14742	-1.28406
14743	-1.23297
14744	-1.14232
14745	-1.02259
14746	-0.95238
14747	-0.93692
14748	-0.77715
14749	-0.62102
14750	-0.65288
14751	-0.85865
14752	-0.83774
14753	-0.65896
14754	-0.47046
14755	-0.50552
14756	-0.56156
14757	-0.60240
14758	-0.53422
14759	-0.44985
14760	-0.36427
14761	-0.27067
14762	-0.22201
14763	-0.37477
14764	-0.63331
14765	-0.80245
14766	-0.79164
14767	-0.80754
14768	-0.95109
14769	-1.01768
14770	-0.92249
14771	-0.94910
14772	-0.97665
14773	-0.86979
14774	-0.85442
14775	-0.94995
14776	-0.79789
14777	-0.43488
14778	-0.25313
14779	-0.47439
14780	-0.60160
14781	-0.33351
14782	0.03033
14783	0.22830
14784	0.22382
14785	0.13839
14786	-0.19319
14787	-0.48227
14788	-0.53279
14789	-0.12531
14790	0.04866
14791	0.17185
14792	0.23690
14793	0.21033
14794	0.10926
14795	-0.01499
14796	-0.13980
14797	-0.25132
14798	-0.34629
14799	-0.41435
14800	-0.41056
14801	-0.35033
14802	-0.28119
14803	-0.17681
14804	-0.10704
14805	-0.23921
14806	-0.45261
14807	-0.38576
14808	-0.01241
14809	0.27136
14810	0.25386
14811	0.16483
14812	0.17046
14813	0.10213
14814	-0.10350
14815	-0.13619
14816	0.25979
14817	0.80496
14818	0.82925
14819	0.04854
14820	-0.88599
14821	-0.97295
14822	0.00607
14823	1.18332
14824	1.40958
14825	0.44426
14826	-0.61649
14827	-0.50805
14828	0.62195
14829	1.42025
14830	1.16902
14831	0.62845
14832	0.46003
14833	0.30067
14834	-0.28210
14835	-1.00112
14836	-1.60768
14837	-1.85018
14838	-1.46126
14839	-0.35090
14840	0.54457
14841	0.74483
14842	0.31829
14843	-0.27491
14844	-0.76845
14845	-0.99269
14846	-1.13894
14847	-1.22581
14848	-1.13565
14849	-0.93014
14850	-0.69338
14851	-0.71706
14852	-0.87474
14853	-0.92319
14854	-0.87220
14855	-0.79426
14856	-0.78149
14857	-0.86040
14858	-1.02801
14859	-1.10532
14860	-0.95767
14861	-0.89184
14862	-1.01380
14863	-1.01269
14864	-0.87203
14865	-0.78012
14866	-0.77784
14867	-0.78967
14868	-0.80434
14869	-0.85804
14870	-0.82275
14871	-0.64744
14872	-0.53178
14873	-0.54237
14874	-0.61046
14875	-0.74112
14876	-0.75837
14877	-0.60919
14878	-0.58537
14879	-0.69665
14880	-0.75016
14881	-0.74309
14882	-0.75596
14883	-0.93593
14884	-1.11507
14885	-1.08498
14886	-0.98873
14887	-0.98198
14888	-0.99534
14889	-0.81088
14890	-0.66243
14891	-0.70966
14892	-0.89116
14893	-0.86663
14894	-0.67311
14895	-0.53315
14896	-0.46797
14897	-0.42052
14898	-0.38711
14899	-0.39791
14900	-0.50925
14901	-0.69250
14902	-0.58338
14903	-0.31826
14904	-0.30421
14905	-0.42829
14906	-0.51767
14907	-0.36833
14908	-0.08555
14909	-0.00813
14910	-0.03035
14911	0.00239
14912	0.11480
14913	0.22461
14914	0.29625
14915	0.36892
14916	0.29545
14917	0.04886
14918	-0.16650
14919	-0.24170
14920	-0.24223
14921	-0.23222
14922	-0.24924
14923	-0.28858
14924	-0.25786
14925	-0.11782
14926	-0.01246
14927	-0.07650
14928	-0.23809
14929	-0.31833
14930	-0.23628
14931	-0.12640
14932	-0.08969
14933	0.01032
14934	0.12545
14935	0.05601
14936	-0.01729
14937	0.09178
14938	0.18033
14939	0.15034
14940	0.16404
14941	0.26385
14942	0.29261
14943	0.12596
14944	-0.13951
14945	-0.17978
14946	0.20518
14947	0.61337
14948	0.50710
14949	0.02774
14950	-0.35108
14951	-0.36784
14952	0.01860
14953	0.57872
14954	0.97804
14955	0.77377
14956	0.36607
14957	-0.01675
14958	-0.41631
14959	-1.18343
14960	-2.26394
14961	-2.87114
14962	-1.89846
14963	0.41945
14964	2.19879
14965	1.96851
14966	0.60747
14967	-0.44598
14968	-1.04057
14969	-1.27860
14970	-1.28964
14971	-1.12028
14972	-0.91552
14973	-0.65612
14974	-0.55142
14975	-0.67264
14976	-1.00445
14977	-1.20563
14978	-1.07185
14979	-0.91127
14980	-0.87876
14981	-0.89072
14982	-0.95040
14983	-1.03743
14984	-0.97909
14985	-0.85719
14986	-0.75163
14987	-0.74053
14988	-0.85420
14989	-0.97838
14990	-0.99890
14991	-0.93412
14992	-0.71659
14993	-0.50211
14994	-0.53929
14995	-0.70427
14996	-0.71879
14997	-0.65795
14998	-0.70285
14999	-0.80730
15000	-0.72128
15001	-0.59485
15002	-0.56633
15003	-0.60227
15004	-0.65324
15005	-0.68915
15006	-0.65790
15007	-0.58230
15008	-0.51665
15009	-0.52879
15010	-0.73054
15011	-0.92393
15012	-0.87917
15013	-0.71774
15014	-0.61700
15015	-0.65433
15016	-0.77582
15017	-0.84330
15018	-0.78330
15019	-0.73333
15020	-0.80192
15021	-1.02444
15022	-1.06631
15023	-0.68650
15024	-0.42224
15025	-0.52512
15026	-0.44931
15027	-0.40375
15028	-0.64799
15029	-0.67175
15030	-0.32358
15031	-0.08377
15032	-0.04327
15033	-0.09994
15034	-0.10990
15035	-0.04959
15036	0.05362
15037	0.17656
15038	0.25185
15039	0.32122
15040	0.24940
15041	0.02881
15042	-0.07891
15043	-0.01198
15044	-0.00260
15045	-0.11715
15046	-0.18425
15047	-0.17297
15048	-0.24767
15049	-0.37079
15050	-0.29696
15051	-0.06505
15052	0.04585
15053	-0.01829
15054	-0.12543
15055	-0.16833
15056	-0.10545
15057	-0.07223
15058	-0.16118
15059	-0.15215
15060	0.04724
15061	0.14085
15062	-0.00645
15063	-0.14109
15064	-0.01346
15065	0.36794
15066	0.69849
15067	0.60366
15068	0.10854
15069	-0.33808
15070	-0.43261
15071	-0.25200
15072	0.08433
15073	0.43376
15074	0.44492
15075	-0.01962
15076	-0.56565
15077	-0.79343
15078	-0.66432
15079	-0.21202
15080	0.49645
15081	1.06702
15082	1.03529
15083	0.44717
15084	-0.19962
15085	-0.37078
15086	-0.18655
15087	0.13585
15088	0.47393
15089	0.36884
15090	-0.40540
15091	-1.37247
15092	-1.66791
15093	-1.00955
15094	0.16219
15095	1.00844
15096	1.12349
15097	0.28691
15098	-0.91244
15099	-1.56560
15100	-1.53463
15101	-1.27914
15102	-1.05898
15103	-1.02210
15104	-0.98118
15105	-0.84078
15106	-0.77753
15107	-0.80640
15108	-0.89283
15109	-0.95674
15110	-0.83741
15111	-0.80737
15112	-0.85639
15113	-0.79650
15114	-0.70202
15115	-0.68301
15116	-0.75335
15117	-0.87203
15118	-0.89720
15119	-0.82552
15120	-0.77801
15121	-0.80246
15122	-0.80016
15123	-0.68141
15124	-0.60978
15125	-0.62570
15126	-0.62103
15127	-0.56000
15128	-0.60658
15129	-0.69953
15130	-0.67752
15131	-0.67201
15132	-0.71464
15133	-0.66349
15134	-0.54996
15135	-0.51214
15136	-0.57109
15137	-0.60964
15138	-0.56756
15139	-0.54944
15140	-0.61579
15141	-0.64988
15142	-0.60619
15143	-0.63635
15144	-0.83098
15145	-0.94748
15146	-0.88776
15147	-0.77526
15148	-0.82959
15149	-0.98126
15150	-0.92826
15151	-0.85170
15152	-0.92382
15153	-0.86518
15154	-0.63557
15155	-0.56357
15156	-0.58232
15157	-0.60064
15158	-0.55381
15159	-0.48521
15160	-0.44806
15161	-0.34629
15162	-0.32684
15163	-0.47355
15164	-0.41801
15165	-0.08498
15166	0.11618
15167	0.04401
15168	0.03533
15169	0.12729
15170	0.28964
15171	0.31806
15172	0.18965
15173	0.03077
15174	0.04695
15175	0.10593
15176	-0.02924
15177	-0.33138
15178	-0.59361
15179	-0.57949
15180	-0.24193
15181	0.06509
15182	0.06072
15183	-0.05476
15184	-0.13898
15185	-0.29533
15186	-0.35470
15187	-0.09884
15188	0.21612
15189	0.23339
15190	0.05677
15191	-0.02321
15192	0.01408
15193	0.04287
15194	0.07332
15195	0.15925
15196	0.20302
15197	0.13223
15198	0.12056
15199	0.32670
15200	0.54187
15201	0.30159
15202	-0.48174
15203	-1.09001
15204	-0.81066
15205	0.08280
15206	0.79790
15207	0.87985
15208	0.30987
15209	-0.56667
15210	-1.03888
15211	-0.49603
15212	0.77066
15213	1.58645
15214	1.17082
15215	0.04309
15216	-0.72802
15217	-0.58697
15218	-0.13719
15219	0.44045
15220	0.62725
15221	0.00579
15222	-1.09613
15223	-1.84574
15224	-1.61657
15225	-0.59885
15226	0.50173
15227	1.03660
15228	0.85821
15229	0.02968
15230	-0.77315
15231	-1.16763
15232	-1.22076
15233	-1.07923
15234	-1.02835
15235	-0.96517
15236	-0.85223
15237	-0.92114
15238	-1.06790
15239	-1.08797
15240	-0.93251
15241	-0.74993
15242	-0.73653
15243	-0.82421
15244	-0.84393
15245	-0.79664
15246	-0.76062
15247	-0.70926
15248	-0.63667
15249	-0.56603
15250	-0.60935
15251	-0.71782
15252	-0.77320
15253	-0.77328
15254	-0.68869
15255	-0.61076
15256	-0.60974
15257	-0.66175
15258	-0.64264
15259	-0.57896
15260	-0.58536
15261	-0.66126
15262	-0.64865
15263	-0.56429
15264	-0.63544
15265	-0.74979
15266	-0.74211
15267	-0.66838
15268	-0.68631
15269	-0.71439
15270	-0.67523
15271	-0.67564
15272	-0.71177
15273	-0.78978
15274	-0.89294
15275	-0.90131
15276	-0.84643
15277	-0.90368
15278	-0.97913
15279	-1.01195
15280	-1.02025
15281	-1.03909
15282	-0.97607
15283	-0.87012
15284	-0.87081
15285	-0.79644
15286	-0.67955
15287	-0.53848
15288	-0.36811
15289	-0.34314
15290	-0.45380
15291	-0.61690
15292	-0.73681
15293	-0.56834
15294	-0.29627
15295	-0.24137
15296	-0.36541
15297	-0.44810
15298	-0.24968
15299	0.06566
15300	0.12463
15301	-0.01223
15302	-0.06384
15303	0.06312
15304	0.27461
15305	0.25675
15306	0.17556
15307	0.19073
15308	0.15950
15309	-0.04899
15310	-0.30144
15311	-0.39450
15312	-0.31134
15313	-0.20404
15314	-0.16903
15315	-0.12995
15316	-0.00539
15317	0.04178
15318	-0.17083
15319	-0.41306
15320	-0.37571
15321	-0.14176
15322	0.07594
15323	0.17434
15324	0.16552
15325	0.13787
15326	0.06271
15327	-0.04991
15328	-0.00847
15329	0.15164
15330	0.19288
15331	0.15306
15332	0.22784
15333	0.41074
15334	0.50425
15335	0.24930
15336	-0.42302
15337	-1.09987
15338	-1.11603
15339	-0.32255
15340	0.55574
15341	0.73735
15342	0.25017
15343	-0.37678
15344	-0.64610
15345	-0.22860
15346	0.70081
15347	1.35784
15348	1.15250
15349	0.37108
15350	-0.24136
15351	-0.40136
15352	-0.27724
15353	0.05599
15354	0.06462
15355	-0.45633
15356	-1.29943
15357	-1.78634
15358	-1.32667
15359	-0.14274
15360	0.85612
15361	0.75236
15362	-0.12521
15363	-0.81622
15364	-1.14719
15365	-1.38646
15366	-1.28877
15367	-0.93991
15368	-0.75812
15369	-0.86105
15370	-1.02446
15371	-1.00841
15372	-0.74579
15373	-0.57321
15374	-0.59291
15375	-0.76683
15376	-0.96948
15377	-1.01468
15378	-0.93305
15379	-0.86982
15380	-0.85388
15381	-0.85700
15382	-0.86220
15383	-0.90893
15384	-0.94499
15385	-0.89946
15386	-0.84971
15387	-0.85853
15388	-0.84505
15389	-0.77083
15390	-0.70894
15391	-0.77183
15392	-0.86392
15393	-0.80225
15394	-0.73950
15395	-0.70975
15396	-0.71687
15397	-0.69433
15398	-0.65269
15399	-0.65057
15400	-0.78805
15401	-0.67267
15402	-0.47338
15403	-0.62645
15404	-0.82787
15405	-0.82127
15406	-0.76244
15407	-0.87203
15408	-1.01720
15409	-0.91769
15410	-0.83501
15411	-0.89742
15412	-0.86540
15413	-0.88271
15414	-0.98836
15415	-0.93498
15416	-0.77564
15417	-0.68627
15418	-0.60920
15419	-0.45669
15420	-0.41906
15421	-0.49301
15422	-0.52324
15423	-0.36867
15424	-0.25918
15425	-0.34921
15426	-0.37132
15427	-0.17325
15428	-0.07024
15429	-0.16611
15430	-0.08646
15431	0.23778
15432	0.38227
15433	0.26567
15434	0.04405
15435	-0.02827
15436	0.07809
15437	0.14015
15438	-0.02735
15439	-0.26776
15440	-0.29343
15441	-0.14808
15442	-0.08632
15443	-0.12362
15444	-0.07701
15445	0.03339
15446	-0.02770
15447	-0.21518
15448	-0.19686
15449	-0.00410
15450	0.02513
15451	-0.07886
15452	-0.05161
15453	0.07590
15454	0.10759
15455	0.04025
15456	0.03828
15457	0.16723
15458	0.26668
15459	0.23202
15460	0.20505
15461	0.21907
15462	0.11270
15463	-0.11541
15464	-0.35938
15465	-0.51140
15466	-0.36302
15467	0.06514
15468	0.44238
15469	0.61232
15470	0.42694
15471	-0.37068
15472	-1.25816
15473	-1.18824
15474	-0.15465
15475	0.78046
15476	0.99899
15477	0.71283
15478	0.29814
15479	-0.01932
15480	-0.24380
15481	-0.31311
15482	-0.03322
15483	0.35759
15484	0.56288
15485	0.65562
15486	0.61505
15487	0.01359
15488	-1.12043
15489	-1.94461
15490	-1.81512
15491	-0.63689
15492	0.79781
15493	1.59830
15494	1.09944
15495	-0.38939
15496	-1.50176
15497	-1.58760
15498	-1.32023
15499	-1.08581
15500	-0.98898
15501	-0.90732
15502	-0.78782
15503	-0.80821
15504	-0.95411
15505	-0.86741
15506	-0.66230
15507	-0.58095
15508	-0.64576
15509	-0.80202
15510	-0.89964
15511	-0.96018
15512	-1.04109
15513	-1.00575
15514	-0.86663
15515	-0.80025
15516	-0.78744
15517	-0.77174
15518	-0.81234
15519	-0.84955
15520	-0.77350
15521	-0.64148
15522	-0.64425
15523	-0.75236
15524	-0.70416
15525	-0.66335
15526	-0.66674
15527	-0.64988
15528	-0.61185
15529	-0.65040
15530	-0.73202
15531	-0.74887
15532	-0.57951
15533	-0.52997
15534	-0.64902
15535	-0.82184
15536	-0.79787
15537	-0.52616
15538	-0.48929
15539	-0.80924
15540	-1.03209
15541	-1.04353
15542	-0.85223
15543	-0.73883
15544	-0.76333
15545	-0.78408
15546	-0.76015
15547	-0.75013
15548	-0.75652
15549	-0.75220
15550	-0.64579
15551	-0.59843
15552	-0.63415
15553	-0.53551
15554	-0.36718
15555	-0.33167
15556	-0.47839
15557	-0.45104
15558	-0.20494
15559	-0.09528
15560	-0.15165
15561	-0.16509
15562	-0.07094
15563	0.12598
15564	0.17752
15565	0.09884
15566	0.15968
15567	0.26013
15568	0.31842
15569	0.07135
15570	-0.18675
15571	-0.13829
15572	-0.07881
15573	-0.33601
15574	-0.59137
15575	-0.41689
15576	-0.06219
15577	-0.00886
15578	-0.17589
15579	-0.23870
15580	-0.17073
15581	-0.05925
15582	0.07457
15583	0.14865
15584	0.09710
15585	0.04717
15586	0.12180
15587	0.21531
15588	0.19287
15589	0.11080
15590	0.09269
15591	0.11654
15592	0.09706
15593	0.12965
15594	0.32823
15595	0.42613
15596	0.07220
15597	-0.46905
15598	-0.57025
15599	-0.16289
15600	0.22024
15601	0.25775
15602	-0.00868
15603	-0.57238
15604	-1.19591
15605	-1.17229
15606	-0.11916
15607	1.15695
15608	1.36637
15609	0.55487
15610	-0.02778
15611	-0.06739
15612	0.22578
15613	0.26070
15614	0.37352
15615	0.45241
15616	-0.01702
15617	-0.58411
15618	-0.75271
15619	-0.72649
15620	-0.69625
15621	-0.39507
15622	0.05005
15623	0.46831
15624	0.24270
15625	-0.62250
15626	-1.24984
15627	-1.35654
15628	-1.20778
15629	-0.96738
15630	-0.90833
15631	-1.10621
15632	-1.13828
15633	-0.93751
15634	-0.66481
15635	-0.57218
15636	-0.67661
15637	-0.77569
15638	-0.75078
15639	-0.87029
15640	-1.10023
15641	-1.17119
15642	-1.02923
15643	-0.84660
15644	-0.87910
15645	-0.96384
15646	-0.99884
15647	-0.92591
15648	-0.85461
15649	-0.82441
15650	-0.85255
15651	-0.83666
15652	-0.82306
15653	-0.76576
15654	-0.71538
15655	-0.65914
15656	-0.62597
15657	-0.62872
15658	-0.59686
15659	-0.46949
15660	-0.54207
15661	-0.80995
15662	-0.94067
15663	-0.83416
15664	-0.73929
15665	-0.83735
15666	-1.05297
15667	-1.11719
15668	-1.03380
15669	-0.98967
15670	-1.02133
15671	-0.99588
15672	-0.90237
15673	-0.88978
15674	-1.00723
15675	-1.10256
15676	-0.97262
15677	-0.62573
15678	-0.29189
15679	-0.31225
15680	-0.48864
15681	-0.64333
15682	-0.69963
15683	-0.54624
15684	-0.06302
15685	0.08176
15686	-0.19110
15687	-0.40067
15688	-0.22719
15689	0.05750
15690	0.09736
15691	-0.04594
15692	-0.03656
15693	0.12671
15694	0.12289
15695	0.20868
15696	0.22140
15697	0.04326
15698	-0.17335
15699	-0.27352
15700	-0.31568
15701	-0.39362
15702	-0.42285
15703	-0.26446
15704	-0.02981
15705	0.02081
15706	-0.08488
15707	-0.11607
15708	-0.10383
15709	-0.18399
15710	-0.22214
15711	-0.05240
15712	0.19684
15713	0.25523
15714	0.10740
15715	-0.00432
15716	-0.00146
15717	-0.00278
15718	0.01538
15719	0.18952
15720	0.43599
15721	0.44249
15722	0.01071
15723	-0.68722
15724	-1.08135
15725	-0.59710
15726	0.59069
15727	1.42394
15728	1.01079
15729	-0.29373
15730	-1.13151
15731	-0.54411
15732	0.80200
15733	1.36189
15734	0.77328
15735	0.02611
15736	-0.19558
15737	0.06341
15738	0.26555
15739	-0.17131
15740	-0.96895
15741	-1.67912
15742	-1.74018
15743	-1.02359
15744	-0.00560
15745	0.63553
15746	0.58376
15747	0.03146
15748	-0.55732
15749	-0.91842
15750	-1.21556
15751	-1.34157
15752	-1.15508
15753	-0.76633
15754	-0.59429
15755	-0.70946
15756	-0.86248
15757	-0.90461
15758	-0.85328
15759	-0.73197
15760	-0.75554
15761	-0.95483
15762	-1.12101
15763	-1.17501
15764	-1.09995
15765	-0.79446
15766	-0.65202
15767	-0.85368
15768	-0.97988
15769	-0.82681
15770	-0.73561
15771	-0.83171
15772	-0.87985
15773	-0.79213
15774	-0.72006
15775	-0.71943
15776	-0.66702
15777	-0.66891
15778	-0.68672
15779	-0.73865
15780	-0.78772
15781	-0.73734
15782	-0.65302
15783	-0.61000
15784	-0.61687
15785	-0.71773
15786	-0.81480
15787	-0.77961
15788	-0.77995
15789	-0.91855
15790	-0.97980
15791	-0.89195
15792	-0.79738
15793	-0.84026
15794	-0.89379
15795	-0.82781
15796	-0.59870
15797	-0.55866
15798	-0.86899
15799	-1.19656
15800	-1.07561
15801	-0.68982
15802	-0.53854
15803	-0.69366
15804	-0.83456
15805	-0.65942
15806	-0.42591
15807	-0.51486
15808	-0.76390
15809	-0.56403
15810	-0.08980
15811	0.01921
15812	-0.29039
15813	-0.53006
15814	-0.34523
15815	0.10176
15816	0.28432
15817	0.05500
15818	0.03292
15819	0.15258
15820	0.29981
15821	0.22964
15822	0.03703
15823	-0.05993
15824	-0.08817
15825	-0.21467
15826	-0.33978
15827	-0.24536
15828	-0.06723
15829	-0.07606
15830	-0.18269
15831	-0.16251
15832	-0.08361
15833	-0.09580
15834	-0.11188
15835	-0.01254
15836	0.10338
15837	0.11378
15838	0.09401
15839	0.13026
15840	0.13085
15841	0.04379
15842	-0.01080
15843	0.03355
15844	0.13554
15845	0.22207
15846	0.18699
15847	0.06971
15848	0.10026
15849	0.30971
15850	0.33789
15851	-0.06541
15852	-0.52682
15853	-0.47349
15854	0.06587
15855	0.49529
15856	0.37300
15857	-0.16467
15858	-0.70644
15859	-0.99162
15860	-0.79828
15861	0.02482
15862	1.00678
15863	1.32975
15864	0.91854
15865	0.40700
15866	0.11287
15867	-0.06093
15868	-0.20194
15869	0.02023
15870	0.12997
15871	-0.63819
15872	-1.64074
15873	-1.70244
15874	-0.60573
15875	0.78352
15876	1.24918
15877	0.65628
15878	-0.13406
15879	-0.69270
15880	-1.07039
15881	-1.33933
15882	-1.35915
15883	-0.93817
15884	-0.56688
15885	-0.55866
15886	-0.77389
15887	-0.86785
15888	-0.81374
15889	-0.73716
15890	-0.89910
15891	-1.06490
15892	-1.01746
15893	-0.87308
15894	-0.91253
15895	-1.04043
15896	-1.05584
15897	-0.91551
15898	-0.78305
15899	-0.74968
15900	-0.87611
15901	-0.97154
15902	-0.95451
15903	-0.74201
15904	-0.55886
15905	-0.59943
15906	-0.83863
15907	-0.96367
15908	-0.80999
15909	-0.63702
15910	-0.57174
15911	-0.67753
15912	-0.76161
15913	-0.67888
15914	-0.50348
15915	-0.49268
15916	-0.58779
15917	-0.71275
15918	-0.70050
15919	-0.66286
15920	-0.80461
15921	-1.00340
15922	-1.09835
15923	-1.03993
15924	-0.82896
15925	-0.69478
15926	-0.71774
15927	-0.70012
15928	-0.68548
15929	-0.76641
15930	-0.83838
15931	-0.97320
15932	-1.02364
15933	-0.88626
15934	-0.77069
15935	-0.64181
15936	-0.42743
15937	-0.38995
15938	-0.61924
15939	-0.77158
15940	-0.58715
15941	-0.22544
15942	-0.11407
15943	-0.24182
15944	-0.21953
15945	-0.09549
15946	-0.00693
15947	0.07170
15948	0.05740
15949	0.03432
15950	0.12599
15951	0.24638
15952	0.25108
15953	0.09807
15954	-0.03484
15955	-0.06132
15956	-0.07491
15957	-0.17343
15958	-0.32462
15959	-0.38985
15960	-0.28653
15961	-0.11575
15962	-0.05198
15963	-0.13998
15964	-0.25172
15965	-0.20605
15966	-0.00475
15967	0.10974
15968	0.01275
15969	-0.09835
15970	-0.03154
15971	0.13042
15972	0.19387
15973	0.15782
15974	0.14829
15975	0.12006
15976	0.01810
15977	0.06610
15978	0.38189
15979	0.58567
15980	0.31776
15981	-0.23341
15982	-0.64413
15983	-0.57625
15984	0.06406
15985	0.74555
15986	0.63296
15987	-0.32611
15988	-1.22588
15989	-1.25123
15990	-0.43440
15991	0.60874
15992	1.30424
15993	1.38753
15994	0.96817
15995	0.48118
15996	0.13097
15997	-0.00421
15998	-0.04591
15999	-0.12892
16000	-0.45463
16001	-1.17136
16002	-1.65889
16003	-1.31790
16004	-0.22402
16005	0.75281
16006	0.97667
16007	0.45236
16008	-0.26800
16009	-0.84976
16010	-1.26739
16011	-1.41978
16012	-1.24080
16013	-0.96436
16014	-0.75981
16015	-0.72611
16016	-0.85253
16017	-0.98339
16018	-0.98781
16019	-0.90560
16020	-0.88430
16021	-0.96302
16022	-1.05682
16023	-1.02538
16024	-0.94581
16025	-0.89205
16026	-0.98504
16027	-1.06771
16028	-0.96500
16029	-0.83628
16030	-0.81355
16031	-0.88171
16032	-0.92850
16033	-0.88584
16034	-0.79546
16035	-0.69011
16036	-0.57054
16037	-0.66567
16038	-0.81804
16039	-0.76795
16040	-0.63597
16041	-0.62459
16042	-0.60193
16043	-0.50416
16044	-0.48723
16045	-0.60823
16046	-0.74344
16047	-0.78318
16048	-0.75205
16049	-0.78298
16050	-0.92386
16051	-1.05349
16052	-1.14257
16053	-1.06823
16054	-0.73475
16055	-0.61449
16056	-0.76934
16057	-0.80892
16058	-0.85111
16059	-1.04910
16060	-1.10369
16061	-0.90183
16062	-0.74562
16063	-0.74863
16064	-0.83695
16065	-0.75661
16066	-0.63556
16067	-0.63030
16068	-0.55718
16069	-0.14417
16070	0.15595
16071	-0.17871
16072	-0.66268
16073	-0.63459
16074	-0.20069
16075	0.10261
16076	0.09289
16077	0.07345
16078	0.18678
16079	0.29591
16080	0.18118
16081	0.06414
16082	0.02786
16083	0.04256
16084	-0.00940
16085	-0.16060
16086	-0.33058
16087	-0.41530
16088	-0.35297
16089	-0.18055
16090	-0.02896
16091	-0.04176
16092	-0.19741
16093	-0.28477
16094	-0.20535
16095	-0.07387
16096	0.01575
16097	0.02285
16098	-0.07169
16099	-0.15923
16100	-0.12076
16101	0.03140
16102	0.24098
16103	0.38190
16104	0.28270
16105	0.07001
16106	0.10343
16107	0.43055
16108	0.67002
16109	0.41563
16110	-0.27987
16111	-0.81111
16112	-0.67359
16113	-0.05324
16114	0.47878
16115	0.50500
16116	-0.01200
16117	-0.63025
16118	-0.73172
16119	-0.13491
16120	0.72795
16121	1.24132
16122	1.15064
16123	0.82124
16124	0.52009
16125	0.28734
16126	0.06189
16127	-0.45812
16128	-1.49782
16129	-2.30586
16130	-1.89395
16131	-0.58226
16132	0.62226
16133	0.96538
16134	0.52335
16135	-0.04349
16136	-0.46076
16137	-0.80389
16138	-1.11965
16139	-1.30062
16140	-1.27233
16141	-0.98865
16142	-0.75620
16143	-0.69274
16144	-0.78886
16145	-0.94087
16146	-0.98787
16147	-0.89482
16148	-0.87231
16149	-0.86479
16150	-0.88108
16151	-0.88869
16152	-0.91564
16153	-0.94331
16154	-0.84300
16155	-0.80190
16156	-0.80947
16157	-0.81469
16158	-0.82168
16159	-0.91211
16160	-0.90836
16161	-0.76502
16162	-0.62236
16163	-0.61605
16164	-0.64468
16165	-0.64643
16166	-0.76138
16167	-0.89487
16168	-0.91546
16169	-0.74004
16170	-0.57644
16171	-0.54140
16172	-0.61218
16173	-0.60222
16174	-0.64824
16175	-0.76886
16176	-0.87193
16177	-0.76909
16178	-0.65373
16179	-0.68759
16180	-0.76732
16181	-0.76618
16182	-0.78804
16183	-0.91894
16184	-0.94264
16185	-0.85739
16186	-0.79808
16187	-0.79487
16188	-0.81934
16189	-0.88364
16190	-0.81481
16191	-0.65412
16192	-0.66681
16193	-0.68976
16194	-0.59625
16195	-0.50024
16196	-0.54186
16197	-0.65109
16198	-0.64218
16199	-0.39076
16200	-0.14387
16201	-0.20674
16202	-0.38535
16203	-0.30387
16204	-0.03335
16205	0.09614
16206	0.04627
16207	0.05776
16208	0.26992
16209	0.24763
16210	0.12388
16211	0.04118
16212	0.07635
16213	0.05675
16214	-0.09586
16215	-0.21277
16216	-0.24736
16217	-0.29014
16218	-0.28615
16219	-0.13437
16220	0.08514
16221	0.13679
16222	-0.06034
16223	-0.21922
16224	-0.13591
16225	-0.03370
16226	-0.08692
16227	-0.17313
16228	-0.17510
16229	-0.06422
16230	0.10053
16231	0.17587
16232	0.14886
16233	0.11068
16234	0.08709
16235	0.14320
16236	0.35060
16237	0.53263
16238	0.40723
16239	0.02829
16240	-0.30119
16241	-0.37377
16242	-0.09818
16243	0.34952
16244	0.51801
16245	0.14052
16246	-0.63791
16247	-1.22156
16248	-0.83310
16249	0.47729
16250	1.52048
16251	1.41913
16252	0.61553
16253	-0.08206
16254	-0.38562
16255	-0.51219
16256	-0.26551
16257	0.26470
16258	0.50080
16259	0.10416
16260	-0.76308
16261	-1.45526
16262	-1.40502
16263	-0.84902
16264	-0.06359
16265	0.51316
16266	0.75184
16267	0.60538
16268	0.06216
16269	-0.59718
16270	-0.99994
16271	-1.18069
16272	-1.13318
16273	-0.94783
16274	-0.88335
16275	-0.91142
16276	-0.96775
16277	-1.01617
16278	-0.94183
16279	-0.89540
16280	-0.98781
16281	-0.99467
16282	-0.90661
16283	-0.81702
16284	-0.82605
16285	-0.97701
16286	-1.06584
16287	-0.97786
16288	-0.84859
16289	-0.72145
16290	-0.83030
16291	-0.98982
16292	-0.92663
16293	-0.79982
16294	-0.78797
16295	-0.81107
16296	-0.77707
16297	-0.68065
16298	-0.65740
16299	-0.72292
16300	-0.75619
16301	-0.83026
16302	-0.76635
16303	-0.60682
16304	-0.59522
16305	-0.64768
16306	-0.59968
16307	-0.50793
16308	-0.55475
16309	-0.83982
16310	-0.99066
16311	-0.93038
16312	-0.88401
16313	-0.91923
16314	-0.93346
16315	-0.88207
16316	-0.66714
16317	-0.62307
16318	-0.90788
16319	-1.16372
16320	-0.99305
16321	-0.70231
16322	-0.55359
16323	-0.52219
16324	-0.57262
16325	-0.60640
16326	-0.49773
16327	-0.47885
16328	-0.67535
16329	-0.69247
16330	-0.35433
16331	-0.10156
16332	-0.06155
16333	-0.19928
16334	-0.34878
16335	-0.20681
16336	0.02104
16337	0.30750
16338	0.44337
16339	0.32397
16340	0.08086
16341	-0.02199
16342	0.03981
16343	0.05725
16344	-0.07287
16345	-0.26778
16346	-0.37042
16347	-0.28235
16348	-0.14499
16349	-0.19452
16350	-0.33080
16351	-0.25891
16352	-0.02606
16353	0.10954
16354	0.13579
16355	0.15417
16356	0.10271
16357	-0.05634
16358	-0.16844
16359	-0.11617
16360	0.03033
16361	0.12084
16362	0.07333
16363	0.00091
16364	0.07356
16365	0.24040
16366	0.31836
16367	0.26320
16368	0.17547
16369	0.15366
16370	0.15341
16371	-0.01404
16372	-0.30057
16373	-0.33175
16374	-0.07767
16375	0.01961
16376	-0.18715
16377	-0.41341
16378	-0.50818
16379	-0.48317
16380	-0.19549
16381	0.40309
16382	0.90430
16383	0.86860
16384	0.43363
16385	-0.00464
16386	-0.30730
16387	-0.32748
16388	-0.01209
16389	0.32583
16390	0.30659
16391	0.06985
16392	-0.56553
16393	-1.22523
16394	-1.21999
16395	-0.38644
16396	0.56729
16397	0.93471
16398	0.48303
16399	-0.29665
16400	-0.88459
16401	-1.25706
16402	-1.28355
16403	-1.09976
16404	-0.85990
16405	-0.74266
16406	-0.73236
16407	-0.70469
16408	-0.68452
16409	-0.82325
16410	-0.90383
16411	-0.78908
16412	-0.73041
16413	-0.81489
16414	-0.93843
16415	-1.03925
16416	-0.97255
16417	-0.88778
16418	-0.84540
16419	-0.89544
16420	-0.98865
16421	-1.00705
16422	-0.82571
16423	-0.71981
16424	-0.72183
16425	-0.70379
16426	-0.79206
16427	-0.95171
16428	-0.99281
16429	-0.83491
16430	-0.63860
16431	-0.68600
16432	-0.98364
16433	-1.02086
16434	-0.75019
16435	-0.49827
16436	-0.52907
16437	-0.81459
16438	-0.90632
16439	-0.64800
16440	-0.58363
16441	-0.80523
16442	-0.85325
16443	-0.70873
16444	-0.70122
16445	-0.88579
16446	-1.00522
16447	-0.86666
16448	-0.75544
16449	-0.79721
16450	-0.88610
16451	-0.87977
16452	-0.75561
16453	-0.71982
16454	-0.87377
16455	-0.97585
16456	-0.74966
16457	-0.48255
16458	-0.53316
16459	-0.67632
16460	-0.65102
16461	-0.52905
16462	-0.48553
16463	-0.40508
16464	-0.27824
16465	-0.20146
16466	-0.38542
16467	-0.39125
16468	-0.03250
16469	0.15545
16470	0.03428
16471	0.11326
16472	0.17752
16473	0.23637
16474	0.05347
16475	0.06380
16476	0.21776
16477	0.21547
16478	-0.03467
16479	-0.29067
16480	-0.34698
16481	-0.29191
16482	-0.27510
16483	-0.25977
16484	-0.15935
16485	-0.03962
16486	-0.01923
16487	-0.08117
16488	-0.08420
16489	0.02794
16490	0.07236
16491	-0.07793
16492	-0.18024
16493	-0.04807
16494	0.07087
16495	0.00533
16496	-0.05640
16497	-0.02612
16498	-0.00508
16499	0.00383
16500	0.08233
16501	0.25695
16502	0.41887
16503	0.37838
16504	0.10655
16505	-0.23729
16506	-0.51541
16507	-0.60596
16508	-0.34284
16509	0.25890
16510	0.82624
16511	0.83566
16512	0.09746
16513	-0.83140
16514	-0.97768
16515	-0.04204
16516	1.14440
16517	1.64447
16518	1.31154
16519	0.70948
16520	0.21308
16521	0.02763
16522	-0.02979
16523	-0.55584
16524	-1.60843
16525	-2.61000
16526	-2.68354
16527	-1.57938
16528	0.23414
16529	1.60939
16530	1.57469
16531	0.44385
16532	-0.57227
16533	-0.97017
16534	-1.07773
16535	-1.22035
16536	-1.28495
16537	-1.17829
16538	-1.04547
16539	-0.98792
16540	-1.00280
16541	-0.98167
16542	-0.93289
16543	-0.82247
16544	-0.88132
16545	-1.00197
16546	-0.96662
16547	-0.87680
16548	-0.88151
16549	-0.79601
16550	-0.69730
16551	-0.78664
16552	-0.85309
16553	-0.76811
16554	-0.63060
16555	-0.67513
16556	-0.71694
16557	-0.64599
16558	-0.61734
16559	-0.71249
16560	-0.70155
16561	-0.66308
16562	-0.66382
16563	-0.65954
16564	-0.61716
16565	-0.58702
16566	-0.59265
16567	-0.68200
16568	-0.73800
16569	-0.73037
16570	-0.72641
16571	-0.62656
16572	-0.55198
16573	-0.66268
16574	-0.76338
16575	-0.71705
16576	-0.70462
16577	-0.74952
16578	-0.79641
16579	-0.76672
16580	-0.68111
16581	-0.70175
16582	-0.86592
16583	-0.91356
16584	-0.80846
16585	-0.71714
16586	-0.72641
16587	-0.85865
16588	-0.92280
16589	-0.89227
16590	-0.87980
16591	-0.80435
16592	-0.66944
16593	-0.62455
16594	-0.59114
16595	-0.59341
16596	-0.59012
16597	-0.60761
16598	-0.67970
16599	-0.74049
16600	-0.68712
16601	-0.46896
16602	-0.18629
16603	-0.03832
16604	-0.02292
16605	0.02486
16606	0.05432
16607	0.04460
16608	0.06842
16609	0.18811
16610	0.16941
16611	0.17675
16612	0.26418
16613	0.12123
16614	-0.08364
16615	-0.07596
16616	0.01915
16617	-0.03722
16618	-0.20585
16619	-0.28402
16620	-0.21152
16621	-0.13001
16622	-0.12661
16623	-0.09524
16624	0.01877
16625	0.04609
16626	-0.10121
16627	-0.22758
16628	-0.17097
16629	-0.00630
16630	0.12473
16631	0.17795
16632	0.17242
16633	0.16355
16634	0.25940
16635	0.35529
16636	0.08818
16637	-0.44527
16638	-0.51369
16639	0.11976
16640	0.68910
16641	0.50770
16642	-0.19233
16643	-0.68252
16644	-0.51410
16645	0.09091
16646	0.53986
16647	0.59208
16648	0.36419
16649	-0.17497
16650	-0.85631
16651	-0.93495
16652	0.03623
16653	1.34290
16654	1.78723
16655	0.99249
16656	-0.22495
16657	-0.85534
16658	-0.86104
16659	-0.67191
16660	-0.18348
16661	0.28061
16662	0.08507
16663	-0.66545
16664	-1.04726
16665	-0.69612
16666	-0.11059
16667	0.13921
16668	-0.05884
16669	-0.36756
16670	-0.64091
16671	-0.85288
16672	-0.98027
16673	-0.92454
16674	-0.88501
16675	-0.88561
16676	-0.82360
16677	-0.74022
16678	-0.79926
16679	-0.83838
16680	-0.76586
16681	-0.64142
16682	-0.70873
16683	-0.81955
16684	-0.93415
16685	-0.98393
16686	-0.88655
16687	-0.81435
16688	-0.89108
16689	-0.93420
16690	-0.87893
16691	-0.78844
16692	-0.74834
16693	-0.73686
16694	-0.77579
16695	-0.80574
16696	-0.85298
16697	-0.75704
16698	-0.60594
16699	-0.65103
16700	-0.75882
16701	-0.68520
16702	-0.62619
16703	-0.67257
16704	-0.62455
16705	-0.62203
16706	-0.74547
16707	-0.79816
16708	-0.74581
16709	-0.80606
16710	-0.94715
16711	-1.03255
16712	-0.99291
16713	-0.84130
16714	-0.82099
16715	-0.98149
16716	-1.03574
16717	-0.93704
16718	-0.86872
16719	-0.79325
16720	-0.62212
16721	-0.41470
16722	-0.50214
16723	-0.71905
16724	-0.64900
16725	-0.42766
16726	-0.36070
16727	-0.26193
16728	-0.02760
16729	-0.02206
16730	-0.16373
16731	-0.22955
16732	-0.05565
16733	0.22710
16734	0.31922
16735	0.21852
16736	-0.00405
16737	0.02142
16738	0.19687
16739	0.13135
16740	-0.16216
16741	-0.26653
16742	-0.13525
16743	-0.15607
16744	-0.37403
16745	-0.42149
16746	-0.20057
16747	-0.02732
16748	-0.06358
16749	-0.12165
16750	-0.09779
16751	-0.02145
16752	0.11768
16753	0.19424
16754	0.08901
16755	-0.05241
16756	-0.06015
16757	0.01963
16758	0.05165
16759	0.01351
16760	-0.00697
16761	0.03704
16762	0.13046
16763	0.25580
16764	0.32321
16765	0.20519
16766	-0.09570
16767	-0.46215
16768	-0.66259
16769	-0.37894
16770	0.34120
16771	0.88755
16772	0.72373
16773	-0.07766
16774	-0.95259
16775	-1.21031
16776	-0.53302
16777	0.66263
16778	1.47307
16779	1.24928
16780	0.22069
16781	-0.68164
16782	-0.84554
16783	-0.39331
16784	0.17706
16785	0.61735
16786	0.74549
16787	0.27876
16788	-0.61122
16789	-1.48339
16790	-1.73799
16791	-0.99899
16792	0.37395
16793	1.19674
16794	0.84611
16795	-0.15547
16796	-0.91871
16797	-1.26073
16798	-1.39786
16799	-1.42835
16800	-1.28828
16801	-0.98357
16802	-0.77802
16803	-0.74224
16804	-0.83663
16805	-0.93683
16806	-0.94383
16807	-0.91742
16808	-1.00506
16809	-1.13788
16810	-1.15433
16811	-0.96096
16812	-0.81942
16813	-0.93717
16814	-1.08346
16815	-1.00161
16816	-0.86814
16817	-0.76756
16818	-0.81245
16819	-0.83948
16820	-0.74212
16821	-0.69530
16822	-0.75582
16823	-0.65786
16824	-0.66472
16825	-0.72678
16826	-0.64444
16827	-0.56153
16828	-0.64926
16829	-0.63604
16830	-0.58064
16831	-0.58562
16832	-0.68167
16833	-0.66331
16834	-0.58109
16835	-0.62281
16836	-0.70724
16837	-0.75122
16838	-0.84521
16839	-0.95419
16840	-0.93998
16841	-0.82171
16842	-0.77312
16843	-0.84885
16844	-0.79496
16845	-0.77556
16846	-0.96821
16847	-1.13337
16848	-0.96512
16849	-0.63626
16850	-0.53679
16851	-0.73394
16852	-0.85371
16853	-0.65260
16854	-0.31337
16855	-0.30705
16856	-0.48376
16857	-0.48963
16858	-0.30999
16859	-0.03379
16860	0.03056
16861	-0.05058
16862	0.01033
16863	0.28369
16864	0.25626
16865	0.12567
16866	0.11486
16867	0.15698
16868	0.08825
16869	-0.08175
16870	-0.24452
16871	-0.33470
16872	-0.33169
16873	-0.22744
16874	-0.10128
16875	-0.07191
16876	-0.10828
16877	-0.10012
16878	-0.03001
16879	0.04857
16880	0.06808
16881	0.01909
16882	-0.04113
16883	-0.06663
16884	0.02858
16885	0.26037
16886	0.37984
16887	0.22117
16888	0.01024
16889	0.01225
16890	0.18961
16891	0.29383
16892	0.21914
16893	0.14869
16894	0.14763
16895	0.01662
16896	-0.24350
16897	-0.37658
16898	-0.23622
16899	0.10568
16900	0.42486
16901	0.46789
16902	0.09083
16903	-0.57564
16904	-1.03196
16905	-0.80870
16906	-0.04181
16907	0.65841
16908	0.83090
16909	0.47888
16910	-0.05483
16911	-0.38875
16912	-0.39942
16913	-0.28125
16914	-0.22615
16915	-0.20518
16916	0.20470
16917	0.97567
16918	1.25260
16919	0.31741
16920	-1.09630
16921	-1.71386
16922	-1.17790
16923	0.11055
16924	1.24357
16925	1.44248
16926	0.48413
16927	-0.54088
16928	-1.24810
16929	-1.57320
16930	-1.48589
16931	-1.17932
16932	-0.86739
16933	-0.67007
16934	-0.65216
16935	-0.62536
16936	-0.70847
16937	-0.84499
16938	-0.78424
16939	-0.66383
16940	-0.74231
16941	-0.93377
16942	-1.11442
16943	-1.13196
16944	-0.97239
16945	-0.81514
16946	-0.86262
16947	-0.98289
16948	-0.89857
16949	-0.71675
16950	-0.67098
16951	-0.62632
16952	-0.66556
16953	-0.80125
16954	-0.87893
16955	-0.74601
16956	-0.51827
16957	-0.41230
16958	-0.49035
16959	-0.67144
16960	-0.76005
16961	-0.68756
16962	-0.55356
16963	-0.52892
16964	-0.59287
16965	-0.62056
16966	-0.63699
16967	-0.75522
16968	-0.83156
16969	-0.81271
16970	-0.80619
16971	-0.90506
16972	-0.94436
16973	-0.88808
16974	-0.82055
16975	-0.85556
16976	-0.88417
16977	-0.86610
16978	-0.88851
16979	-0.97146
16980	-0.95985
16981	-0.74048
16982	-0.53990
16983	-0.51573
16984	-0.64530
16985	-0.68717
16986	-0.63358
16987	-0.53904
16988	-0.36884
16989	-0.14876
16990	-0.11604
16991	-0.14916
16992	-0.15128
16993	-0.05303
16994	0.06476
16995	0.12173
16996	0.28854
16997	0.30251
16998	0.17106
16999	0.03792
17000	0.02215
17001	0.02210
17002	-0.11169
17003	-0.26504
17004	-0.29020
17005	-0.31728
17006	-0.40553
17007	-0.30741
17008	0.00517
17009	0.16165
17010	0.04883
17011	-0.08299
17012	-0.14691
17013	-0.16728
17014	-0.07272
17015	0.08223
17016	0.13216
17017	0.04171
17018	-0.08050
17019	-0.08776
17020	0.03596
17021	0.12163
17022	0.09352
17023	0.09846
17024	0.23992
17025	0.40852
17026	0.41820
17027	0.20956
17028	-0.11517
17029	-0.41732
17030	-0.57386
17031	-0.44065
17032	0.02405
17033	0.53572
17034	0.59366
17035	-0.02980
17036	-0.88841
17037	-1.08971
17038	-0.23652
17039	0.97220
17040	1.53090
17041	1.19559
17042	0.35901
17043	-0.49444
17044	-0.76683
17045	-0.51576
17046	0.16572
17047	0.82854
17048	0.77177
17049	-0.14479
17050	-1.31065
17051	-1.77397
17052	-1.33465
17053	-0.29922
17054	0.48010
17055	0.49375
17056	-0.00675
17057	-0.40960
17058	-0.66025
17059	-0.86040
17060	-1.03182
17061	-1.09813
17062	-1.08434
17063	-0.96650
17064	-0.89588
17065	-0.80588
17066	-0.77466
17067	-0.76630
17068	-0.75690
17069	-0.77696
17070	-0.82184
17071	-0.75373
17072	-0.75607
17073	-0.89031
17074	-1.02106
17075	-1.02484
17076	-0.91108
17077	-0.79083
17078	-0.86877
17079	-0.99040
17080	-0.98322
17081	-0.82417
17082	-0.67879
17083	-0.67260
17084	-0.80658
17085	-0.85678
17086	-0.78679
17087	-0.65821
17088	-0.60293
17089	-0.63822
17090	-0.74678
17091	-0.86416
17092	-0.86257
17093	-0.71470
17094	-0.55018
17095	-0.50568
17096	-0.69718
17097	-0.92062
17098	-0.91241
17099	-0.87117
17100	-1.01609
17101	-1.19666
17102	-1.08457
17103	-0.77248
17104	-0.62841
17105	-0.71296
17106	-0.85351
17107	-1.01974
17108	-1.09669
17109	-1.00824
17110	-0.69012
17111	-0.49506
17112	-0.66145
17113	-0.76764
17114	-0.54623
17115	-0.35181
17116	-0.37429
17117	-0.47432
17118	-0.38378
17119	-0.22502
17120	-0.28688
17121	-0.43978
17122	-0.35077
17123	-0.11741
17124	0.03670
17125	-0.03705
17126	0.22605
17127	0.30462
17128	0.27769
17129	0.15268
17130	0.01191
17131	-0.05794
17132	-0.02558
17133	-0.03101
17134	-0.19608
17135	-0.40541
17136	-0.46494
17137	-0.29742
17138	-0.00101
17139	0.15158
17140	0.00051
17141	-0.24121
17142	-0.28408
17143	-0.12500
17144	0.04661
17145	0.10278
17146	0.05404
17147	-0.01191
17148	-0.03987
17149	-0.04459
17150	-0.01064
17151	0.10768
17152	0.23201
17153	0.24974
17154	0.26185
17155	0.41447
17156	0.56337
17157	0.42279
17158	-0.04146
17159	-0.54626
17160	-0.68370
17161	-0.24044
17162	0.41945
17163	0.60083
17164	0.07954
17165	-0.68804
17166	-1.00796
17167	-0.51978
17168	0.38694
17169	0.96011
17170	0.98207
17171	0.75959
17172	0.64552
17173	0.46096
17174	0.25105
17175	0.02896
17176	-0.12595
17177	-0.38508
17178	-1.04752
17179	-1.85468
17180	-1.89214
17181	-0.86683
17182	0.56599
17183	1.32655
17184	1.14023
17185	0.44117
17186	-0.30344
17187	-0.92602
17188	-1.27268
17189	-1.28403
17190	-1.22376
17191	-1.09726
17192	-0.99664
17193	-0.93608
17194	-0.86080
17195	-0.82743
17196	-0.99506
17197	-1.14685
17198	-1.19195
17199	-1.00792
17200	-0.88397
17201	-0.94456
17202	-1.05097
17203	-1.03408
17204	-1.03005
17205	-0.94826
17206	-0.86266
17207	-0.87117
17208	-0.98442
17209	-1.03073
17210	-0.95500
17211	-0.85698
17212	-0.65427
17213	-0.50404
17214	-0.58563
17215	-0.73708
17216	-0.67412
17217	-0.60560
17218	-0.68746
17219	-0.78281
17220	-0.68595
17221	-0.53638
17222	-0.50461
17223	-0.63478
17224	-0.66922
17225	-0.71077
17226	-0.89693
17227	-1.11126
17228	-1.03878
17229	-0.86467
17230	-0.82150
17231	-0.84920
17232	-0.75691
17233	-0.71693
17234	-0.86826
17235	-0.98243
17236	-0.88982
17237	-0.96836
17238	-1.12414
17239	-0.93613
17240	-0.61752
17241	-0.62492
17242	-0.61450
17243	-0.34821
17244	-0.12423
17245	-0.28574
17246	-0.44414
17247	-0.38917
17248	-0.31714
17249	-0.28869
17250	-0.18848
17251	-0.02408
17252	0.06003
17253	0.14215
17254	0.16290
17255	0.16640
17256	0.19716
17257	0.26406
17258	0.24208
17259	0.05188
17260	-0.17559
17261	-0.30152
17262	-0.35494
17263	-0.38903
17264	-0.37912
17265	-0.27818
17266	-0.07078
17267	0.12411
17268	0.08076
17269	-0.15876
17270	-0.21461
17271	0.04590
17272	0.27187
17273	0.15936
17274	-0.12550
17275	-0.21939
17276	-0.07144
17277	0.08618
17278	0.12167
17279	0.10060
17280	0.15776
17281	0.32095
17282	0.43801
17283	0.38876
17284	0.25137
17285	0.10712
17286	-0.08839
17287	-0.23349
17288	-0.11635
17289	0.16400
17290	0.26224
17291	-0.02377
17292	-0.58750
17293	-1.03306
17294	-0.92551
17295	-0.22197
17296	0.61931
17297	1.05342
17298	0.90909
17299	0.42292
17300	-0.06196
17301	-0.28177
17302	-0.26616
17303	-0.08832
17304	0.13977
17305	0.27359
17306	0.22347
17307	0.14165
17308	-0.14392
17309	-0.62094
17310	-0.81252
17311	-0.32231
17312	0.42215
17313	0.85718
17314	0.55453
17315	-0.30799
17316	-0.91266
17317	-1.08758
17318	-1.02668
17319	-0.89158
17320	-0.70950
17321	-0.62380
17322	-0.71487
17323	-0.87765
17324	-0.93066
17325	-0.80280
17326	-0.81532
17327	-0.92711
17328	-0.95178
17329	-0.92222
17330	-0.92625
17331	-0.95220
17332	-1.03802
17333	-1.07449
17334	-0.99928
17335	-0.87520
17336	-0.79970
17337	-0.80711
17338	-0.85391
17339	-0.81550
17340	-0.79297
17341	-0.82715
17342	-0.80890
17343	-0.74102
17344	-0.58515
17345	-0.56637
17346	-0.63392
17347	-0.59404
17348	-0.56096
17349	-0.63774
17350	-0.66081
17351	-0.63251
17352	-0.66277
17353	-0.80726
17354	-0.92659
17355	-0.93748
17356	-0.95622
17357	-0.99176
17358	-0.96223
17359	-0.93569
17360	-0.97623
17361	-0.97085
17362	-0.91500
17363	-0.84708
17364	-0.82437
17365	-0.91856
17366	-1.14769
17367	-1.21058
17368	-0.89086
17369	-0.50988
17370	-0.51570
17371	-0.82965
17372	-0.83586
17373	-0.39848
17374	0.01183
17375	-0.01312
17376	-0.29044
17377	-0.47130
17378	-0.35656
17379	-0.15886
17380	-0.04520
17381	0.00768
17382	0.10367
17383	0.25725
17384	0.29249
17385	0.24288
17386	0.20032
17387	0.14342
17388	0.02941
17389	-0.11687
17390	-0.28608
17391	-0.45603
17392	-0.51324
17393	-0.38276
17394	-0.19727
17395	-0.13442
17396	-0.11026
17397	-0.00067
17398	0.04358
17399	-0.07293
17400	-0.13790
17401	0.00545
17402	0.16765
17403	0.10062
17404	-0.09723
17405	-0.14547
17406	-0.03757
17407	0.03715
17408	0.07248
17409	0.17034
17410	0.28968
17411	0.35553
17412	0.38041
17413	0.35652
17414	0.22727
17415	-0.04705
17416	-0.36121
17417	-0.40535
17418	-0.05203
17419	0.36421
17420	0.43571
17421	0.00486
17422	-0.76940
17423	-1.29831
17424	-0.98934
17425	-0.00014
17426	0.90575
17427	1.20414
17428	0.91548
17429	0.41164
17430	0.08265
17431	-0.02467
17432	0.02967
17433	0.23122
17434	0.20487
17435	-0.24346
17436	-0.90996
17437	-1.34067
17438	-1.16696
17439	-0.39633
17440	0.43514
17441	0.76724
17442	0.37173
17443	-0.20804
17444	-0.43428
17445	-0.48492
17446	-0.67709
17447	-1.04476
17448	-1.26243
17449	-1.14098
17450	-0.92439
17451	-0.84091
17452	-0.88033
17453	-0.97643
17454	-1.04198
17455	-1.04634
17456	-1.00410
17457	-0.96136
17458	-0.97316
17459	-1.04080
17460	-1.11582
17461	-1.08134
17462	-0.94473
17463	-0.89478
17464	-0.91464
17465	-0.91455
17466	-0.86516
17467	-0.85855
17468	-0.87025
17469	-0.82261
17470	-0.69998
17471	-0.64340
17472	-0.69185
17473	-0.71981
17474	-0.68206
17475	-0.68531
17476	-0.75720
17477	-0.71574
17478	-0.57309
17479	-0.40038
17480	-0.37319
17481	-0.60367
17482	-0.91022
17483	-0.96124
17484	-0.85604
17485	-0.84458
17486	-0.97193
17487	-1.04653
17488	-0.94748
17489	-0.73949
17490	-0.58698
17491	-0.66800
17492	-0.85833
17493	-0.92693
17494	-0.90397
17495	-0.89194
17496	-0.77046
17497	-0.67919
17498	-0.84409
17499	-0.93230
17500	-0.64270
17501	-0.23851
17502	-0.20120
17503	-0.36741
17504	-0.49705
17505	-0.39531
17506	-0.26580
17507	-0.21883
17508	-0.15027
17509	-0.02426
17510	0.04405
17511	0.29966
17512	0.31591
17513	0.22856
17514	0.16989
17515	0.21205
17516	0.19430
17517	-0.00302
17518	-0.26625
17519	-0.47324
17520	-0.57444
17521	-0.50037
17522	-0.30572
17523	-0.17247
17524	-0.11296
17525	-0.00050
17526	0.11767
17527	0.08103
17528	-0.07581
17529	-0.12340
17530	0.01817
17531	0.11478
17532	0.04285
17533	0.04692
17534	0.22395
17535	0.32072
17536	0.26637
17537	0.22571
17538	0.17988
17539	0.07801
17540	0.05368
17541	0.11049
17542	0.10592
17543	0.02544
17544	-0.11898
17545	-0.30400
17546	-0.38857
17547	-0.33265
17548	-0.29275
17549	-0.32794
17550	-0.30319
17551	-0.16915
17552	-0.08576
17553	-0.15118
17554	-0.18457
17555	-0.01843
17556	0.16823
17557	0.16038
17558	0.08669
17559	0.12676
17560	0.20044
17561	0.19847
17562	0.16625
17563	0.17149
17564	0.04549
17565	0.07779
17566	0.15624
17567	0.39191
17568	0.50703
17569	0.26535
17570	-0.23930
17571	-0.64807
17572	-0.81864
17573	-0.70467
17574	-0.23734
17575	0.23234
17576	0.38025
17577	0.07226
17578	-0.35858
17579	-0.66703
17580	-0.71048
17581	-0.65737
17582	-0.60664
17583	-0.55935
17584	-0.48391
17585	-0.42675
17586	-0.38411
17587	-0.39585
17588	-0.40403
17589	-0.38862
17590	-0.44488
17591	-0.53206
17592	-0.59866
17593	-0.63704
17594	-0.67673
17595	-0.81601
17596	-0.92116
17597	-0.80869
17598	-0.71819
17599	-0.85105
17600	-0.94315
17601	-0.90484
17602	-0.81545
17603	-0.75796
17604	-0.75829
17605	-0.81680
17606	-0.87864
17607	-0.93847
17608	-0.91073
17609	-0.84408
17610	-0.73827
17611	-0.65786
17612	-0.69035
17613	-0.75475
17614	-0.72032
17615	-0.65582
17616	-0.69544
17617	-0.75892
17618	-0.76586
17619	-0.72415
17620	-0.70179
17621	-0.64453
17622	-0.58822
17623	-0.61199
17624	-0.70704
17625	-0.73537
17626	-0.72212
17627	-0.70311
17628	-0.63107
17629	-0.53851
17630	-0.52593
17631	-0.61641
17632	-0.67445
17633	-0.67342
17634	-0.66745
17635	-0.65806
17636	-0.70352
17637	-0.76076
17638	-0.72780
17639	-0.64765
17640	-0.61268
17641	-0.62531
17642	-0.64550
17643	-0.61295
17644	-0.60352
17645	-0.70684
17646	-0.75904
17647	-0.60882
17648	-0.39515
17649	-0.38371
17650	-0.48626
17651	-0.52602
17652	-0.48845
17653	-0.44407
17654	-0.40839
17655	-0.34239
17656	-0.34076
17657	-0.38580
17658	-0.32377
17659	-0.23189
17660	-0.21414
17661	-0.22938
17662	-0.22687
17663	-0.17447
17664	-0.11191
17665	-0.06860
17666	-0.03964
17667	-0.07544
17668	-0.17738
17669	-0.20698
17670	-0.13434
17671	-0.13460
17672	-0.25892
17673	-0.29520
17674	-0.20259
17675	-0.04346
17676	-0.02003
17677	-0.11796
17678	-0.15898
17679	-0.11146
17680	-0.05196
17681	0.00811
17682	0.05096
17683	0.02785
17684	-0.04532
17685	-0.10147
17686	-0.08859
17687	0.07219
17688	0.26111
17689	0.20126
17690	-0.04722
17691	-0.18835
17692	0.05188
17693	0.28788
17694	0.16379
17695	-0.15242
17696	-0.18194
17697	-0.01072
17698	0.02946
17699	-0.07493
17700	-0.07402
17701	0.04409
17702	0.00171
17703	-0.13885
17704	-0.12832
17705	-0.01564
17706	-0.04567
17707	-0.12378
17708	-0.08545
17709	0.00900
17710	-0.06821
17711	-0.24244
17712	-0.25279
17713	-0.10781
17714	-0.03414
17715	-0.08910
17716	-0.13932
17717	-0.10558
17718	-0.07507
17719	-0.09097
17720	-0.09726
17721	-0.09298
17722	-0.12530
17723	-0.16893
17724	-0.15315
17725	-0.09565
17726	-0.09037
17727	-0.13987
17728	-0.19291
17729	-0.19879
17730	-0.16115
17731	-0.13298
17732	-0.16096
17733	-0.18924
17734	-0.16718
17735	-0.12683
17736	-0.12000
17737	-0.14308
17738	-0.20369
17739	-0.25005
17740	-0.20476
17741	-0.12751
17742	-0.12302
17743	-0.17335
17744	-0.18387
17745	-0.19066
17746	-0.23572
17747	-0.24942
17748	-0.18176
17749	-0.13861
17750	-0.20317
17751	-0.28336
17752	-0.25944
17753	-0.15952
17754	-0.11541
17755	-0.22622
17756	-0.31600
17757	-0.24469
17758	-0.13457
17759	-0.17779
17760	-0.27978
17761	-0.27738
17762	-0.19003
17763	-0.15745
17764	-0.20892
17765	-0.25101
17766	-0.21475
17767	-0.18743
17768	-0.22019
17769	-0.23065
17770	-0.20963
17771	-0.20074
17772	-0.18731
17773	-0.16735
17774	-0.19317
17775	-0.25675
17776	-0.26163
17777	-0.18845
17778	-0.13134
17779	-0.15211
17780	-0.21722
17781	-0.30557
17782	-0.29783
17783	-0.20362
17784	-0.14978
17785	-0.19805
17786	-0.25630
17787	-0.22055
17788	-0.13808
17789	-0.12753
17790	-0.18517
17791	-0.23941
17792	-0.21541
17793	-0.15179
17794	-0.13969
17795	-0.19095
17796	-0.22081
17797	-0.20511
17798	-0.19344
17799	-0.20155
17800	-0.19087
17801	-0.14539
17802	-0.11312
17803	-0.13070
17804	-0.19055
17805	-0.24017
17806	-0.25421
17807	-0.24029
17808	-0.19357
17809	-0.14558
17810	-0.15232
17811	-0.18530
17812	-0.16637
17813	-0.11057
17814	-0.10084
17815	-0.15410
17816	-0.19634
17817	-0.20339
17818	-0.18463
17819	-0.13876
17820	-0.12180
17821	-0.16363
17822	-0.19664
17823	-0.15320
17824	-0.08986
17825	-0.11098
17826	-0.17647
17827	-0.16801
17828	-0.11506
17829	-0.13671
17830	-0.20951
17831	-0.21641
17832	-0.13173
17833	-0.05841
17834	-0.04658
17835	-0.08603
17836	-0.16280
17837	-0.23123
17838	-0.23560
17839	-0.16591
17840	-0.09488
17841	-0.09901
17842	-0.15530
17843	
17844	