1	-1.61778
2	-1.62921
3	-1.62784
4	-1.61714
5	-1.60480
6	-1.60340
7	-1.62643
8	-1.64634
9	-1.62811
10	-1.59826
11	-1.59538
12	-1.60798
13	-1.60574
14	-1.58492
15	-1.56209
16	-1.54366
17	-1.52439
18	-1.50356
19	-1.48964
20	-1.49504
21	-1.51347
22	-1.52041
23	-1.51256
24	-1.50619
25	-1.50426
26	-1.50289
27	-1.50115
28	-1.49405
29	-1.48236
30	-1.48013
31	-1.49537
32	-1.51509
33	-1.52078
34	-1.51153
35	-1.50771
36	-1.52282
37	-1.54045
38	-1.53602
39	-1.51039
40	-1.48646
41	-1.47491
42	-1.46911
43	-1.47085
44	-1.47787
45	-1.47488
46	-1.46501
47	-1.46218
48	-1.46536
49	-1.47317
50	-1.48651
51	-1.49658
52	-1.49675
53	-1.49096
54	-1.48771
55	-1.48744
56	-1.48176
57	-1.47422
58	-1.47283
59	-1.46629
60	-1.44740
61	-1.42964
62	-1.42022
63	-1.41375
64	-1.41132
65	-1.41906
66	-1.43397
67	-1.44479
68	-1.44660
69	-1.44563
70	-1.44805
71	-1.45047
72	-1.44905
73	-1.45253
74	-1.46611
75	-1.47851
76	-1.48210
77	-1.48103
78	-1.47723
79	-1.46936
80	-1.46182
81	-1.46653
82	-1.48524
83	-1.49605
84	-1.48354
85	-1.46878
86	-1.47461
87	-1.48696
88	-1.48494
89	-1.47551
90	-1.47211
91	-1.47606
92	-1.48208
93	-1.48298
94	-1.47657
95	-1.46890
96	-1.46859
97	-1.47870
98	-1.49129
99	-1.49739
100	-1.49784
101	-1.49775
102	-1.50084
103	-1.50902
104	-1.52063
105	-1.53160
106	-1.53583
107	-1.52996
108	-1.52366
109	-1.52864
110	-1.54006
111	-1.54462
112	-1.54244
113	-1.54318
114	-1.54363
115	-1.53916
116	-1.54407
117	-1.56082
118	-1.56941
119	-1.56879
120	-1.57301
121	-1.58061
122	-1.58580
123	-1.58687
124	-1.57860
125	-1.55837
126	-1.53448
127	-1.52320
128	-1.53325
129	-1.55882
130	-1.58721
131	-1.60636
132	-1.61784
133	-1.62548
134	-1.61879
135	-1.59972
136	-1.58863
137	-1.59045
138	-1.59207
139	-1.59005
140	-1.59036
141	-1.58975
142	-1.58752
143	-1.58614
144	-1.57721
145	-1.56690
146	-1.57534
147	-1.59542
148	-1.59966
149	-1.58361
150	-1.56874
151	-1.56700
152	-1.57063
153	-1.56880
154	-1.55946
155	-1.54311
156	-1.51538
157	-1.48257
158	-1.46065
159	-1.45371
160	-1.45080
161	-1.43823
162	-1.42058
163	-1.41482
164	-1.41711
165	-1.40611
166	-1.37502
167	-1.34193
168	-1.33159
169	-1.34753
170	-1.36445
171	-1.35348
172	-1.31439
173	-1.29801
174	-1.36089
175	-1.45954
176	-1.50891
177	-1.51752
178	-1.51544
179	-1.49823
180	-1.49414
181	-1.52154
182	-1.53214
183	-1.50840
184	-1.50649
185	-1.52392
186	-1.49741
187	-1.44694
188	-1.43327
189	-1.44095
190	-1.42912
191	-1.42380
192	-1.46596
193	-1.50594
194	-1.48217
195	-1.43931
196	-1.44326
197	-1.47188
198	-1.44554
199	-1.34235
200	-1.24009
201	-1.19559
202	-1.18034
203	-1.15017
204	-1.07356
205	-0.93819
206	-0.78781
207	-0.70447
208	-0.72375
209	-0.79586
210	-0.86550
211	-0.93254
212	-0.99736
213	-1.03816
214	-1.07270
215	-1.14717
216	-1.24910
217	-1.31823
218	-1.33522
219	-1.32916
220	-1.32129
221	-1.30286
222	-1.25300
223	-1.17847
224	-1.12335
225	-1.10691
226	-1.10367
227	-1.09302
228	-1.06393
229	-1.02226
230	-1.00247
231	-1.00587
232	-0.98222
233	-0.91839
234	-0.88740
235	-0.94547
236	-1.04126
237	-1.09256
238	-1.06878
239	-1.00051
240	-0.96746
241	-1.01090
242	-1.08233
243	-1.14053
244	-1.19339
245	-1.23014
246	-1.24584
247	-1.28657
248	-1.38170
249	-1.49364
250	-1.58095
251	-1.66226
252	-1.75375
253	-1.80464
254	-1.79393
255	-1.78713
256	-1.82816
257	-1.89362
258	-1.95105
259	-1.98086
260	-1.97574
261	-1.95304
262	-1.93988
263	-1.94428
264	-1.95870
265	-1.96867
266	-1.95383
267	-1.91614
268	-1.87919
269	-1.84972
270	-1.82449
271	-1.81632
272	-1.83730
273	-1.86702
274	-1.85954
275	-1.79839
276	-1.72888
277	-1.69753
278	-1.68563
279	-1.66282
280	-1.65150
281	-1.66012
282	-1.65051
283	-1.62257
284	-1.60995
285	-1.61419
286	-1.62009
287	-1.62556
288	-1.64200
289	-1.67054
290	-1.68973
291	-1.69175
292	-1.68623
293	-1.66017
294	-1.60988
295	-1.58058
296	-1.60623
297	-1.66339
298	-1.70904
299	-1.75614
300	-1.86419
301	-1.98913
302	-2.01556
303	-1.97244
304	-1.97825
305	-2.03639
306	-2.06071
307	-2.03094
308	-2.00563
309	-2.01148
310	-2.01942
311	-1.99497
312	-1.93963
313	-1.90077
314	-1.89874
315	-1.89366
316	-1.86620
317	-1.84837
318	-1.86216
319	-1.90331
320	-1.95674
321	-1.97847
322	-1.94694
323	-1.92052
324	-1.94530
325	-1.97098
326	-1.93203
327	-1.86555
328	-1.86275
329	-1.91778
330	-1.94613
331	-1.92510
332	-1.89995
333	-1.88954
334	-1.87732
335	-1.86380
336	-1.86214
337	-1.87144
338	-1.88625
339	-1.89793
340	-1.90474
341	-1.92513
342	-1.94723
343	-1.93585
344	-1.90746
345	-1.89689
346	-1.90055
347	-1.90344
348	-1.90801
349	-1.92224
350	-1.94232
351	-1.96641
352	-1.99917
353	-2.03318
354	-2.05801
355	-2.07289
356	-2.08268
357	-2.09369
358	-2.09043
359	-2.06020
360	-2.03741
361	-2.03814
362	-2.02682
363	-1.99649
364	-1.98113
365	-1.98922
366	-1.98728
367	-1.96139
368	-1.95497
369	-1.99602
370	-2.03670
371	-2.03000
372	-1.99349
373	-1.97917
374	-2.02468
375	-2.08139
376	-2.06856
377	-2.02041
378	-1.99948
379	-1.96619
380	-1.87335
381	-1.75198
382	-1.66870
383	-1.65604
384	-1.68096
385	-1.69922
386	-1.71224
387	-1.72102
388	-1.70100
389	-1.66984
390	-1.67212
391	-1.69420
392	-1.70012
393	-1.69454
394	-1.68337
395	-1.65364
396	-1.62418
397	-1.64127
398	-1.69747
399	-1.71929
400	-1.66191
401	-1.55751
402	-1.47023
403	-1.45393
404	-1.51115
405	-1.58651
406	-1.63859
407	-1.66652
408	-1.68016
409	-1.71091
410	-1.80533
411	-1.92894
412	-1.95603
413	-1.85823
414	-1.76363
415	-1.75854
416	-1.80845
417	-1.86709
418	-1.92450
419	-1.98067
420	-2.00875
421	-1.97095
422	-1.90686
423	-1.90246
424	-1.95105
425	-1.97637
426	-1.95625
427	-1.92896
428	-1.92632
429	-1.94078
430	-1.94638
431	-1.93866
432	-1.93391
433	-1.93909
434	-1.94639
435	-1.95503
436	-1.98717
437	-2.05037
438	-2.09957
439	-2.10129
440	-2.08464
441	-2.06746
442	-2.02702
443	-1.97408
444	-1.95503
445	-1.97536
446	-2.00670
447	-2.03947
448	-2.07548
449	-2.10973
450	-2.12728
451	-2.10918
452	-2.05717
453	-1.99109
454	-1.92748
455	-1.89596
456	-1.92269
457	-1.96588
458	-1.95803
459	-1.90122
460	-1.83933
461	-1.79653
462	-1.78492
463	-1.81487
464	-1.85934
465	-1.85484
466	-1.80133
467	-1.77782
468	-1.80113
469	-1.81266
470	-1.80403
471	-1.80854
472	-1.83548
473	-1.87749
474	-1.91258
475	-1.92839
476	-1.94437
477	-1.96703
478	-1.98638
479	-2.00848
480	-2.03526
481	-2.04802
482	-2.03093
483	-1.98983
484	-1.94990
485	-1.93821
486	-1.95259
487	-1.96456
488	-1.96823
489	-1.97139
490	-1.96376
491	-1.95454
492	-1.96091
493	-1.94398
494	-1.85732
495	-1.73205
496	-1.61751
497	-1.49194
498	-1.31857
499	-1.13013
500	-0.99201
501	-0.92146
502	-0.87482
503	-0.82238
504	-0.78792
505	-0.76933
506	-0.72827
507	-0.66822
508	-0.60572
509	-0.54306
510	-0.50293
511	-0.50488
512	-0.56075
513	-0.65101
514	-0.68678
515	-0.65496
516	-0.65832
517	-0.70525
518	-0.73056
519	-0.76259
520	-0.82674
521	-0.86398
522	-0.85916
523	-0.87834
524	-0.93876
525	-0.95427
526	-0.88320
527	-0.81080
528	-0.80265
529	-0.84829
530	-0.92883
531	-1.00379
532	-1.04696
533	-1.08016
534	-1.11302
535	-1.14429
536	-1.18513
537	-1.22544
538	-1.23218
539	-1.22909
540	-1.32467
541	-1.53966
542	-1.70185
543	-1.71697
544	-1.73552
545	-1.83978
546	-1.92990
547	-1.99972
548	-2.10190
549	-2.14714
550	-2.05795
551	-1.96977
552	-2.06376
553	-2.29019
554	-2.46203
555	-2.52020
556	-2.53129
557	-2.56017
558	-2.63382
559	-2.73481
560	-2.78493
561	-2.73244
562	-2.66093
563	-2.66880
564	-2.71402
565	-2.68445
566	-2.56053
567	-2.47315
568	-2.53465
569	-2.64239
570	-2.62373
571	-2.51606
572	-2.49288
573	-2.59823
574	-2.74110
575	-2.87995
576	-3.03314
577	-3.13006
578	-3.08243
579	-2.95410
580	-2.83683
581	-2.70737
582	-2.53635
583	-2.33599
584	-2.08944
585	-1.78897
586	-1.46376
587	-1.10166
588	-0.62133
589	0.01850
590	0.63941
591	1.00639
592	1.22063
593	1.49418
594	1.74154
595	1.82477
596	1.80633
597	1.77402
598	1.75597
599	1.84968
600	2.15641
601	2.61130
602	3.08893
603	3.55298
604	4.01647
605	4.45122
606	4.77060
607	4.96541
608	5.18060
609	5.58057
610	6.21262
611	6.97159
612	7.70530
613	8.35542
614	8.87057
615	9.16300
616	9.27554
617	9.34703
618	9.38037
619	9.23821
620	8.92990
621	8.56998
622	8.06478
623	7.30070
624	6.38219
625	5.42100
626	4.42817
627	3.40957
628	2.38294
629	1.40063
630	0.54510
631	-0.12538
632	-0.51974
633	-0.50225
634	-0.09115
635	0.43277
636	0.76412
637	0.84953
638	0.79192
639	0.63928
640	0.40139
641	0.13853
642	0.01520
643	0.19090
644	0.50455
645	0.53530
646	0.25506
647	0.24352
648	0.85667
649	1.59285
650	1.71582
651	1.16493
652	0.45855
653	0.02763
654	-0.06205
655	0.01085
656	0.04113
657	-0.07710
658	-0.34365
659	-0.66574
660	-0.90212
661	-0.97789
662	-0.96868
663	-0.99881
664	-1.12525
665	-1.31605
666	-1.46124
667	-1.50725
668	-1.52995
669	-1.60696
670	-1.73024
671	-1.84479
672	-1.91138
673	-1.93381
674	-1.95402
675	-2.00458
676	-2.06328
677	-2.08552
678	-2.04148
679	-1.95553
680	-1.91881
681	-1.95038
682	-1.98837
683	-2.07483
684	-2.27392
685	-2.47552
686	-2.56688
687	-2.63404
688	-2.78377
689	-2.98146
690	-3.15099
691	-3.27810
692	-3.40069
693	-3.53136
694	-3.60410
695	-3.56826
696	-3.47465
697	-3.36627
698	-3.20082
699	-2.97243
700	-2.74119
701	-2.51105
702	-2.23881
703	-1.91375
704	-1.55381
705	-1.20458
706	-0.90482
707	-0.57443
708	-0.07594
709	0.56820
710	1.20679
711	1.68800
712	1.83036
713	1.59529
714	1.21294
715	0.92241
716	0.87650
717	1.24686
718	2.12948
719	3.37614
720	4.69951
721	5.91856
722	6.94797
723	7.75742
724	8.39586
725	8.94867
726	9.64779
727	10.81714
728	12.39467
729	13.92654
730	15.08230
731	15.70698
732	15.68205
733	15.11523
734	14.35099
735	13.54369
736	12.43833
737	10.91730
738	9.37674
739	8.03234
740	6.61599
741	5.04525
742	3.53929
743	2.22483
744	1.09737
745	0.13005
746	-0.68278
747	-1.26677
748	-1.50222
749	-1.32212
750	-0.67998
751	0.38420
752	1.52231
753	2.14679
754	1.85813
755	0.81623
756	-0.36104
757	-1.13112
758	-1.41796
759	-1.44378
760	-1.34799
761	-1.09591
762	-0.64044
763	-0.07067
764	0.39659
765	0.69943
766	1.12197
767	1.80019
768	2.30009
769	2.17273
770	1.53644
771	0.75659
772	-0.09913
773	-1.10719
774	-2.03364
775	-2.52465
776	-2.55839
777	-2.43422
778	-2.43377
779	-2.57448
780	-2.74045
781	-2.93481
782	-3.18437
783	-3.41844
784	-3.61776
785	-3.82834
786	-4.00189
787	-4.02562
788	-3.90904
789	-3.79892
790	-3.77545
791	-3.77536
792	-3.73690
793	-3.66622
794	-3.60597
795	-3.57383
796	-3.45958
797	-3.23932
798	-3.16759
799	-3.31879
800	-3.40523
801	-3.32673
802	-3.28252
803	-3.36852
804	-3.47416
805	-3.46828
806	-3.36047
807	-3.23455
808	-3.10043
809	-2.92264
810	-2.68013
811	-2.38295
812	-2.06648
813	-1.76937
814	-1.53733
815	-1.36634
816	-1.17445
817	-0.90626
818	-0.58037
819	-0.24558
820	0.04406
821	0.24696
822	0.33258
823	0.31045
824	0.29311
825	0.42948
826	0.79471
827	1.49421
828	2.72685
829	4.42109
830	6.07296
831	7.20487
832	7.75361
833	8.07072
834	8.60110
835	9.53159
836	10.77865
837	12.11808
838	13.24131
839	13.86853
840	14.04937
841	14.13800
842	14.24820
843	14.15415
844	13.67274
845	12.76050
846	11.54640
847	10.31385
848	9.15934
849	7.92540
850	6.55299
851	5.17346
852	3.88102
853	2.64796
854	1.46183
855	0.38611
856	-0.49752
857	-1.00393
858	-0.90144
859	-0.30946
860	0.22656
861	0.30446
862	0.10183
863	-0.01603
864	-0.02008
865	-0.07943
866	-0.14215
867	0.01801
868	0.34051
869	0.52351
870	0.54014
871	0.57304
872	0.59728
873	0.64490
874	0.96970
875	1.38332
876	1.34274
877	0.86559
878	0.49182
879	0.51174
880	0.75440
881	0.97971
882	1.17362
883	1.38346
884	1.48245
885	1.29908
886	0.85125
887	0.30826
888	-0.22524
889	-0.76747
890	-1.33062
891	-1.84361
892	-2.18039
893	-2.29218
894	-2.28751
895	-2.27391
896	-2.29514
897	-2.36400
898	-2.39010
899	-2.35524
900	-2.39499
901	-2.50288
902	-2.56170
903	-2.61282
904	-2.77855
905	-3.03676
906	-3.24069
907	-3.32240
908	-3.32903
909	-3.30279
910	-3.26150
911	-3.22851
912	-3.21651
913	-3.19147
914	-3.10853
915	-2.97055
916	-2.77535
917	-2.49591
918	-2.15507
919	-1.82921
920	-1.55431
921	-1.28200
922	-0.94257
923	-0.49643
924	0.01707
925	0.46621
926	0.79205
927	1.09915
928	1.43852
929	1.66589
930	1.66577
931	1.52768
932	1.42778
933	1.54570
934	2.11355
935	3.27061
936	4.69336
937	5.72040
938	6.09531
939	6.17414
940	6.44551
941	7.15724
942	8.21222
943	9.36672
944	10.44052
945	11.32731
946	12.04167
947	12.54560
948	12.65530
949	12.47951
950	12.35550
951	12.13022
952	11.34153
953	10.06784
954	8.73417
955	7.45194
956	6.15402
957	4.83768
958	3.53284
959	2.28364
960	1.04752
961	-0.22753
962	-1.28185
963	-1.56491
964	-0.81318
965	0.48330
966	1.41913
967	1.45093
968	0.66210
969	-0.48533
970	-1.39544
971	-1.74600
972	-1.60331
973	-0.98472
974	-0.02247
975	0.87496
976	1.44974
977	1.61215
978	1.35034
979	1.04693
980	1.05933
981	0.96122
982	0.21666
983	-0.83976
984	-1.52048
985	-1.65597
986	-1.47316
987	-1.11831
988	-0.56745
989	0.10513
990	0.58292
991	0.59345
992	0.15060
993	-0.55568
994	-1.31121
995	-1.93061
996	-2.32896
997	-2.51367
998	-2.46195
999	-2.18846
1000	-1.87549
1001	-1.70552
1002	-1.67689
1003	-1.67502
1004	-1.64010
1005	-1.62264
1006	-1.65728
1007	-1.72519
1008	-1.86505
1009	-2.12718
1010	-2.41936
1011	-2.60530
1012	-2.72251
1013	-2.88075
1014	-3.06526
1015	-3.22501
1016	-3.36934
1017	-3.47196
1018	-3.45637
1019	-3.31372
1020	-3.10224
1021	-2.85717
1022	-2.58178
1023	-2.28409
1024	-1.99473
1025	-1.73022
1026	-1.44830
1027	-1.10246
1028	-0.69555
1029	-0.23636
1030	0.27905
1031	0.80075
1032	1.23261
1033	1.54164
1034	1.74506
1035	1.84198
1036	1.92403
1037	2.26417
1038	3.13753
1039	4.52917
1040	5.98326
1041	6.94177
1042	7.33625
1043	7.50573
1044	7.78379
1045	8.40696
1046	9.47021
1047	10.89462
1048	12.43845
1049	13.74573
1050	14.56963
1051	14.90938
1052	14.87374
1053	14.58544
1054	14.12061
1055	13.42884
1056	12.46338
1057	11.30180
1058	10.02280
1059	8.65221
1060	7.23104
1061	5.80152
1062	4.39856
1063	3.07294
1064	1.92159
1065	0.99338
1066	0.19120
1067	-0.38695
1068	-0.39856
1069	0.03561
1070	0.20145
1071	-0.37116
1072	-1.31854
1073	-1.80029
1074	-1.35074
1075	-0.27974
1076	0.80620
1077	1.52070
1078	1.64433
1079	1.08908
1080	0.33003
1081	0.28647
1082	1.00346
1083	1.30171
1084	0.51674
1085	-0.55819
1086	-1.07498
1087	-1.22592
1088	-1.41864
1089	-1.53968
1090	-1.50930
1091	-1.57267
1092	-1.78090
1093	-1.98908
1094	-2.23223
1095	-2.58623
1096	-2.98701
1097	-3.33737
1098	-3.58411
1099	-3.70364
1100	-3.67601
1101	-3.52899
1102	-3.34788
1103	-3.17098
1104	-3.00896
1105	-2.89303
1106	-2.78719
1107	-2.68803
1108	-2.71751
1109	-2.87557
1110	-2.97016
1111	-2.90396
1112	-2.82024
1113	-2.90600
1114	-3.15076
1115	-3.38461
1116	-3.47438
1117	-3.42969
1118	-3.33165
1119	-3.20898
1120	-3.02175
1121	-2.71475
1122	-2.31098
1123	-1.92700
1124	-1.62578
1125	-1.39944
1126	-1.24202
1127	-1.06669
1128	-0.75593
1129	-0.34260
1130	0.07368
1131	0.48508
1132	0.90217
1133	1.23898
1134	1.42317
1135	1.52066
1136	1.55410
1137	1.43069
1138	1.22385
1139	1.25949
1140	1.84553
1141	2.92811
1142	4.09634
1143	5.11640
1144	5.98182
1145	6.35366
1146	6.00399
1147	5.65412
1148	6.17311
1149	7.54866
1150	9.41945
1151	11.52167
1152	13.43135
1153	14.81332
1154	15.65396
1155	16.00589
1156	15.95503
1157	15.65466
1158	15.12407
1159	14.27134
1160	13.09761
1161	11.70196
1162	10.21080
1163	8.70392
1164	7.15919
1165	5.57167
1166	4.00030
1167	2.44918
1168	0.95560
1169	-0.23268
1170	-0.76224
1171	-0.53909
1172	-0.02264
1173	0.02390
1174	-0.70176
1175	-1.62472
1176	-1.92731
1177	-1.37179
1178	-0.32683
1179	0.73407
1180	1.42011
1181	1.38895
1182	0.87511
1183	0.84266
1184	1.55163
1185	1.89926
1186	1.18740
1187	0.20650
1188	-0.16998
1189	-0.10992
1190	-0.09404
1191	-0.16367
1192	-0.18701
1193	-0.15215
1194	-0.10082
1195	-0.06159
1196	-0.08264
1197	-0.25270
1198	-0.59259
1199	-0.97537
1200	-1.24841
1201	-1.38183
1202	-1.43128
1203	-1.43444
1204	-1.38351
1205	-1.26115
1206	-1.08914
1207	-0.91590
1208	-0.81820
1209	-0.89111
1210	-1.09295
1211	-1.30128
1212	-1.56030
1213	-1.92735
1214	-2.23496
1215	-2.31767
1216	-2.24100
1217	-2.15953
1218	-2.11998
1219	-2.04784
1220	-1.90073
1221	-1.72732
1222	-1.54426
1223	-1.32638
1224	-1.07910
1225	-0.81722
1226	-0.55839
1227	-0.30547
1228	-0.01291
1229	0.34071
1230	0.71981
1231	1.08970
1232	1.43805
1233	1.78243
1234	2.14197
1235	2.48838
1236	2.77399
1237	2.99362
1238	3.15996
1239	3.24365
1240	3.21438
1241	3.14515
1242	3.24285
1243	3.66495
1244	4.37460
1245	5.33753
1246	6.43517
1247	7.12183
1248	7.01440
1249	6.63449
1250	6.71660
1251	7.37566
1252	8.55173
1253	10.27836
1254	12.20957
1255	13.80159
1256	14.88532
1257	15.54540
1258	15.84340
1259	15.92833
1260	15.90820
1261	15.52437
1262	14.47193
1263	12.90684
1264	11.19672
1265	9.53420
1266	7.98782
1267	6.49890
1268	4.84825
1269	2.90342
1270	0.82944
1271	-0.94973
1272	-1.89579
1273	-1.71682
1274	-0.80494
1275	-0.07194
1276	-0.16057
1277	-0.90793
1278	-1.64475
1279	-1.84862
1280	-1.46282
1281	-0.73759
1282	0.10165
1283	0.86376
1284	1.33477
1285	1.37409
1286	1.17180
1287	1.34014
1288	2.05756
1289	2.44543
1290	1.82793
1291	0.75255
1292	-0.13506
1293	-0.93469
1294	-1.75151
1295	-2.25027
1296	-2.29444
1297	-2.19861
1298	-2.20109
1299	-2.29835
1300	-2.50048
1301	-2.80143
1302	-3.12457
1303	-3.47309
1304	-3.84743
1305	-4.11475
1306	-4.18477
1307	-4.09367
1308	-3.83916
1309	-3.37193
1310	-2.77861
1311	-2.29250
1312	-2.06283
1313	-2.01241
1314	-1.96949
1315	-1.90999
1316	-1.93468
1317	-1.95389
1318	-1.81962
1319	-1.72882
1320	-1.90111
1321	-2.18785
1322	-2.39490
1323	-2.50019
1324	-2.51131
1325	-2.42880
1326	-2.26749
1327	-2.07420
1328	-1.90340
1329	-1.72881
1330	-1.51151
1331	-1.31527
1332	-1.21117
1333	-1.12744
1334	-0.94379
1335	-0.65829
1336	-0.29101
1337	0.17783
1338	0.68528
1339	1.16798
1340	1.63528
1341	2.00007
1342	2.13546
1343	2.09103
1344	2.03670
1345	2.15583
1346	2.63478
1347	3.50280
1348	4.53510
1349	5.59125
1350	6.74521
1351	7.70111
1352	7.81607
1353	7.20029
1354	6.86563
1355	7.52834
1356	9.10764
1357	11.15186
1358	13.11148
1359	14.62472
1360	15.67064
1361	16.25073
1362	16.28403
1363	15.85335
1364	15.17796
1365	14.38484
1366	13.53146
1367	12.61229
1368	11.48756
1369	10.14329
1370	8.75792
1371	7.34199
1372	5.73872
1373	3.91779
1374	2.01991
1375	0.26416
1376	-1.01318
1377	-1.41883
1378	-0.93761
1379	-0.20865
1380	-0.02705
1381	-0.57193
1382	-1.38150
1383	-1.89004
1384	-1.73652
1385	-0.97659
1386	-0.00919
1387	0.79070
1388	1.14349
1389	0.95175
1390	0.75190
1391	1.33455
1392	2.43764
1393	2.85525
1394	2.12193
1395	1.00528
1396	0.32054
1397	0.11392
1398	0.00590
1399	-0.26993
1400	-0.69707
1401	-1.13677
1402	-1.57104
1403	-2.03233
1404	-2.46785
1405	-2.79489
1406	-3.02048
1407	-3.28967
1408	-3.63349
1409	-3.84693
1410	-3.88024
1411	-3.90757
1412	-3.92829
1413	-3.81470
1414	-3.60277
1415	-3.40492
1416	-3.26507
1417	-3.16285
1418	-3.08150
1419	-3.08242
1420	-3.16927
1421	-3.23165
1422	-3.30023
1423	-3.47595
1424	-3.63148
1425	-3.60874
1426	-3.47139
1427	-3.34920
1428	-3.29708
1429	-3.30260
1430	-3.30938
1431	-3.25577
1432	-3.08799
1433	-2.78232
1434	-2.39684
1435	-2.02884
1436	-1.71453
1437	-1.44184
1438	-1.19131
1439	-0.89041
1440	-0.44613
1441	0.11264
1442	0.63338
1443	1.02001
1444	1.36327
1445	1.78748
1446	2.15578
1447	2.21138
1448	1.99983
1449	1.75587
1450	1.65204
1451	1.92987
1452	2.75222
1453	3.95450
1454	5.18103
1455	6.01722
1456	6.23838
1457	6.12865
1458	6.22064
1459	6.79940
1460	7.99939
1461	9.87396
1462	12.04272
1463	13.94127
1464	15.31263
1465	16.06964
1466	16.15583
1467	15.67864
1468	14.84598
1469	13.79799
1470	12.49854
1471	10.86984
1472	9.12457
1473	7.58190
1474	6.23259
1475	4.81104
1476	3.10683
1477	1.17202
1478	-0.59852
1479	-1.59966
1480	-1.47500
1481	-0.63633
1482	-0.05910
1483	-0.32676
1484	-1.14650
1485	-1.84374
1486	-1.97155
1487	-1.48504
1488	-0.63951
1489	0.28144
1490	1.03973
1491	1.37258
1492	1.16336
1493	0.89999
1494	1.46767
1495	2.73837
1496	3.18678
1497	1.95114
1498	0.14220
1499	-0.93658
1500	-1.37402
1501	-1.58995
1502	-1.47507
1503	-1.06694
1504	-0.71800
1505	-0.54750
1506	-0.39197
1507	-0.23700
1508	-0.28198
1509	-0.50696
1510	-0.62240
1511	-0.53104
1512	-0.40819
1513	-0.38318
1514	-0.42413
1515	-0.44725
1516	-0.43405
1517	-0.45403
1518	-0.55941
1519	-0.69065
1520	-0.78529
1521	-0.88305
1522	-1.00233
1523	-1.10028
1524	-1.22658
1525	-1.50261
1526	-1.87873
1527	-2.13534
1528	-2.17970
1529	-2.10201
1530	-2.01772
1531	-2.01488
1532	-2.08020
1533	-2.08999
1534	-1.99662
1535	-1.85122
1536	-1.64306
1537	-1.32312
1538	-0.95248
1539	-0.66367
1540	-0.49433
1541	-0.35729
1542	-0.13431
1543	0.21810
1544	0.64425
1545	1.10464
1546	1.60314
1547	2.07034
1548	2.40275
1549	2.57665
1550	2.60557
1551	2.51635
1552	2.38625
1553	2.33822
1554	2.48728
1555	2.93568
1556	3.83809
1557	5.04610
1558	5.88234
1559	6.05627
1560	6.21667
1561	6.88172
1562	7.85695
1563	8.98889
1564	10.32736
1565	11.77126
1566	13.15852
1567	14.33340
1568	15.12945
1569	15.45551
1570	15.29539
1571	14.66757
1572	13.74096
1573	12.79740
1574	11.86445
1575	10.79762
1576	9.64087
1577	8.41228
1578	7.00676
1579	5.54853
1580	4.23991
1581	2.97274
1582	1.61826
1583	0.34389
1584	-0.53195
1585	-0.67859
1586	-0.09968
1587	0.55718
1588	0.55052
1589	-0.16894
1590	-1.07379
1591	-1.64658
1592	-1.58338
1593	-0.83864
1594	0.33490
1595	1.38570
1596	1.78187
1597	1.42994
1598	0.77515
1599	0.58188
1600	1.24748
1601	2.06924
1602	1.96878
1603	0.98801
1604	0.02815
1605	-0.58774
1606	-1.20314
1607	-1.83485
1608	-2.16697
1609	-2.23713
1610	-2.31573
1611	-2.44183
1612	-2.55501
1613	-2.72502
1614	-2.97751
1615	-3.25174
1616	-3.50656
1617	-3.67705
1618	-3.74016
1619	-3.71484
1620	-3.55158
1621	-3.26008
1622	-2.99316
1623	-2.88199
1624	-2.89340
1625	-2.91731
1626	-2.96539
1627	-3.09330
1628	-3.22599
1629	-3.30434
1630	-3.41929
1631	-3.63331
1632	-3.82516
1633	-3.88476
1634	-3.90534
1635	-3.94168
1636	-3.86912
1637	-3.66201
1638	-3.45251
1639	-3.29891
1640	-3.15517
1641	-2.98078
1642	-2.74540
1643	-2.42243
1644	-2.04443
1645	-1.69378
1646	-1.37307
1647	-0.95263
1648	-0.35829
1649	0.30517
1650	0.89486
1651	1.31220
1652	1.47831
1653	1.42006
1654	1.31176
1655	1.32532
1656	1.50964
1657	1.89262
1658	2.61636
1659	3.79540
1660	5.22368
1661	6.44144
1662	7.07997
1663	7.01963
1664	6.57579
1665	6.51324
1666	7.37516
1667	9.05364
1668	11.19964
1669	13.42904
1670	15.20798
1671	16.20786
1672	16.54886
1673	16.41118
1674	15.90141
1675	15.17527
1676	14.27551
1677	13.18534
1678	11.91621
1679	10.37087
1680	8.55820
1681	6.72143
1682	5.00383
1683	3.29816
1684	1.55065
1685	-0.00684
1686	-1.06279
1687	-1.39291
1688	-0.97119
1689	-0.29367
1690	-0.19124
1691	-0.98038
1692	-2.15136
1693	-2.90334
1694	-2.71281
1695	-1.67033
1696	-0.31963
1697	0.92080
1698	1.69329
1699	1.58673
1700	0.94468
1701	0.96008
1702	1.87151
1703	2.31602
1704	1.48875
1705	0.28465
1706	-0.37864
1707	-0.69891
1708	-1.04220
1709	-1.24297
1710	-1.18258
1711	-1.14690
1712	-1.36577
1713	-1.69840
1714	-1.97081
1715	-2.20944
1716	-2.44314
1717	-2.63247
1718	-2.78190
1719	-2.90393
1720	-2.98749
1721	-3.04292
1722	-3.07885
1723	-3.11243
1724	-3.12872
1725	-2.97347
1726	-2.59018
1727	-2.25902
1728	-2.20953
1729	-2.31877
1730	-2.46572
1731	-2.67465
1732	-2.86587
1733	-2.97308
1734	-3.08064
1735	-3.21158
1736	-3.29896
1737	-3.32837
1738	-3.32876
1739	-3.33610
1740	-3.34399
1741	-3.21271
1742	-2.84583
1743	-2.43175
1744	-2.16612
1745	-1.94729
1746	-1.65332
1747	-1.37226
1748	-1.14324
1749	-0.84167
1750	-0.45158
1751	-0.09675
1752	0.23682
1753	0.65682
1754	1.10111
1755	1.40135
1756	1.54917
1757	1.78568
1758	2.29230
1759	2.83331
1760	3.25769
1761	3.97971
1762	5.17872
1763	6.43866
1764	7.35820
1765	7.68172
1766	7.56265
1767	7.70681
1768	8.51041
1769	9.75034
1770	11.24236
1771	12.91651
1772	14.49839
1773	15.68079
1774	16.37654
1775	16.64147
1776	16.53339
1777	16.15119
1778	15.64452
1779	14.99747
1780	14.01737
1781	12.65602
1782	11.13185
1783	9.66475
1784	8.18065
1785	6.55075
1786	4.94255
1787	3.46796
1788	1.95263
1789	0.39692
1790	-0.84419
1791	-1.33691
1792	-0.91935
1793	-0.00883
1794	0.61698
1795	0.42063
1796	-0.54350
1797	-1.61997
1798	-2.00927
1799	-1.45447
1800	-0.32574
1801	0.76424
1802	1.31583
1803	1.19335
1804	0.72209
1805	0.57581
1806	1.15454
1807	1.85494
1808	1.71406
1809	0.79075
1810	-0.08412
1811	-0.62587
1812	-1.13179
1813	-1.64520
1814	-1.95840
1815	-2.10608
1816	-2.27030
1817	-2.46804
1818	-2.67545
1819	-2.98978
1820	-3.45898
1821	-3.91951
1822	-4.20065
1823	-4.33501
1824	-4.39305
1825	-4.37980
1826	-4.33395
1827	-4.27780
1828	-4.13397
1829	-3.85626
1830	-3.56853
1831	-3.41719
1832	-3.42097
1833	-3.53444
1834	-3.66337
1835	-3.69417
1836	-3.62590
1837	-3.55450
1838	-3.55743
1839	-3.63928
1840	-3.71920
1841	-3.70755
1842	-3.62741
1843	-3.54094
1844	-3.41327
1845	-3.22231
1846	-3.02295
1847	-2.80678
1848	-2.50235
1849	-2.10835
1850	-1.70265
1851	-1.30799
1852	-0.85983
1853	-0.37440
1854	0.04241
1855	0.39499
1856	0.76721
1857	1.13640
1858	1.37511
1859	1.34836
1860	1.06292
1861	0.79061
1862	0.88835
1863	1.47847
1864	2.44434
1865	3.64492
1866	4.99937
1867	6.44269
1868	7.72943
1869	8.33769
1870	8.08271
1871	7.76377
1872	8.55069
1873	10.73607
1874	13.55073
1875	16.01920
1876	17.59578
1877	18.21207
1878	18.05909
1879	17.31897
1880	16.08622
1881	14.48547
1882	12.67852
1883	10.85706
1884	9.19877
1885	7.67502
1886	6.10629
1887	4.38853
1888	2.62162
1889	1.05529
1890	-0.19307
1891	-1.14237
1892	-1.63704
1893	-1.36805
1894	-0.28697
1895	1.09549
1896	1.89682
1897	1.43464
1898	-0.18008
1899	-1.91285
1900	-2.64494
1901	-2.13999
1902	-0.99408
1903	0.21715
1904	1.15775
1905	1.41515
1906	0.94881
1907	0.68146
1908	1.37805
1909	2.14857
1910	1.65662
1911	0.29799
1912	-0.55035
1913	-0.65093
1914	-0.74324
1915	-0.98688
1916	-1.01430
1917	-0.89608
1918	-0.99069
1919	-1.29357
1920	-1.53897
1921	-1.71397
1922	-2.02879
1923	-2.49881
1924	-2.90510
1925	-3.08196
1926	-3.08623
1927	-3.08817
1928	-3.14324
1929	-3.18535
1930	-3.19486
1931	-3.19493
1932	-3.17836
1933	-3.17901
1934	-3.26892
1935	-3.40971
1936	-3.51097
1937	-3.58349
1938	-3.61729
1939	-3.52092
1940	-3.35266
1941	-3.28935
1942	-3.31607
1943	-3.28586
1944	-3.17288
1945	-3.02248
1946	-2.87545
1947	-2.82177
1948	-2.83286
1949	-2.68905
1950	-2.32988
1951	-1.92773
1952	-1.55241
1953	-1.15297
1954	-0.75255
1955	-0.40456
1956	-0.07139
1957	0.33305
1958	0.82067
1959	1.28830
1960	1.58125
1961	1.65705
1962	1.60612
1963	1.46862
1964	1.33962
1965	1.49762
1966	2.06952
1967	2.88681
1968	3.82880
1969	4.94729
1970	6.06621
1971	6.61710
1972	6.44415
1973	6.31769
1974	6.99954
1975	8.54131
1976	10.65176
1977	12.86964
1978	14.70955
1979	15.96950
1980	16.55477
1981	16.46530
1982	16.01846
1983	15.53046
1984	14.96498
1985	14.07862
1986	12.76686
1987	11.20857
1988	9.62297
1989	8.03603
1990	6.39085
1991	4.71734
1992	3.08874
1993	1.53690
1994	0.16119
1995	-0.77954
1996	-0.97710
1997	-0.39527
1998	0.42340
1999	0.62325
2000	-0.21273
2001	-1.58605
2002	-2.48976
2003	-2.35890
2004	-1.47908
2005	-0.41243
2006	0.62213
2007	1.44335
2008	1.65939
2009	1.25989
2010	1.04659
2011	1.58125
2012	2.04765
2013	1.41155
2014	0.07800
2015	-0.90083
2016	-1.27908
2017	-1.37517
2018	-1.33774
2019	-1.17062
2020	-0.90760
2021	-0.65076
2022	-0.53815
2023	-0.56616
2024	-0.62655
2025	-0.74109
2026	-0.95571
2027	-1.12667
2028	-1.13579
2029	-1.06854
2030	-1.04234
2031	-1.12075
2032	-1.26103
2033	-1.32507
2034	-1.35556
2035	-1.50633
2036	-1.69022
2037	-1.79703
2038	-1.95235
2039	-2.20859
2040	-2.46246
2041	-2.67810
2042	-2.84541
2043	-2.93445
2044	-2.98169
2045	-3.06041
2046	-3.17695
2047	-3.23615
2048	-3.14813
2049	-2.97819
2050	-2.86387
2051	-2.77956
2052	-2.58534
2053	-2.27496
2054	-1.94194
2055	-1.62429
2056	-1.34572
2057	-1.11148
2058	-0.84014
2059	-0.43760
2060	0.10012
2061	0.67834
2062	1.21112
2063	1.71143
2064	2.18375
2065	2.48803
2066	2.48539
2067	2.25775
2068	1.96772
2069	1.78296
2070	2.11403
2071	3.26528
2072	4.91490
2073	6.51596
2074	7.69712
2075	8.25598
2076	8.30829
2077	8.18457
2078	8.24163
2079	8.91687
2080	10.42507
2081	12.39528
2082	14.25229
2083	15.67546
2084	16.50906
2085	16.68709
2086	16.33080
2087	15.64669
2088	14.67932
2089	13.37408
2090	11.82730
2091	10.20734
2092	8.58292
2093	6.99176
2094	5.51035
2095	4.16590
2096	2.84465
2097	1.45987
2098	0.20320
2099	-0.57805
2100	-0.67175
2101	-0.16955
2102	0.45436
2103	0.55864
2104	-0.15102
2105	-1.32086
2106	-2.27784
2107	-2.56319
2108	-2.08760
2109	-1.09617
2110	0.03678
2111	0.94296
2112	1.29622
2113	1.07885
2114	0.91101
2115	1.46140
2116	2.27978
2117	2.22234
2118	1.17233
2119	0.12337
2120	-0.27584
2121	-0.24782
2122	-0.18920
2123	-0.19343
2124	-0.21831
2125	-0.33816
2126	-0.73220
2127	-1.41057
2128	-2.15181
2129	-2.75892
2130	-3.16503
2131	-3.38654
2132	-3.47710
2133	-3.46999
2134	-3.42093
2135	-3.41815
2136	-3.47452
2137	-3.48613
2138	-3.31813
2139	-2.96412
2140	-2.61237
2141	-2.41162
2142	-2.28226
2143	-2.17845
2144	-2.22181
2145	-2.41425
2146	-2.57382
2147	-2.58810
2148	-2.51126
2149	-2.43872
2150	-2.40959
2151	-2.42071
2152	-2.41868
2153	-2.32201
2154	-2.15180
2155	-1.98560
2156	-1.82274
2157	-1.64489
2158	-1.46330
2159	-1.27579
2160	-1.05623
2161	-0.77999
2162	-0.45250
2163	-0.08373
2164	0.32460
2165	0.73764
2166	1.11706
2167	1.50990
2168	1.95316
2169	2.32472
2170	2.51063
2171	2.53937
2172	2.44740
2173	2.29801
2174	2.29979
2175	2.65292
2176	3.26465
2177	3.87481
2178	4.45424
2179	5.16313
2180	5.94129
2181	6.40164
2182	6.40200
2183	6.48866
2184	7.28901
2185	8.82710
2186	10.79094
2187	12.92181
2188	14.92985
2189	16.51590
2190	17.55483
2191	18.03104
2192	17.90603
2193	17.23234
2194	16.30604
2195	15.38946
2196	14.31175
2197	12.83719
2198	11.19122
2199	9.67624
2200	8.23211
2201	6.66677
2202	4.91065
2203	3.06824
2204	1.33039
2205	-0.14956
2206	-1.11806
2207	-1.23706
2208	-0.63973
2209	-0.14808
2210	-0.44912
2211	-1.31820
2212	-2.07800
2213	-2.35066
2214	-2.06483
2215	-1.31079
2216	-0.26513
2217	0.76380
2218	1.44441
2219	1.71557
2220	1.70837
2221	1.64206
2222	1.88876
2223	2.33196
2224	2.09885
2225	0.88729
2226	-0.44079
2227	-1.17286
2228	-1.49615
2229	-1.75907
2230	-1.93552
2231	-1.83788
2232	-1.41632
2233	-1.00873
2234	-1.03576
2235	-1.44388
2236	-1.88965
2237	-2.25719
2238	-2.61797
2239	-2.93121
2240	-3.08995
2241	-3.10439
2242	-3.03184
2243	-2.86786
2244	-2.66639
2245	-2.53012
2246	-2.41072
2247	-2.22021
2248	-2.01655
2249	-1.86745
2250	-1.79014
2251	-1.83735
2252	-1.96691
2253	-2.01905
2254	-1.97214
2255	-1.94636
2256	-1.98049
2257	-2.01795
2258	-2.03076
2259	-2.01634
2260	-1.95011
2261	-1.86254
2262	-1.82846
2263	-1.79052
2264	-1.61858
2265	-1.35326
2266	-1.16219
2267	-1.06611
2268	-0.88917
2269	-0.53849
2270	-0.15813
2271	0.12536
2272	0.38623
2273	0.67978
2274	0.90000
2275	0.95658
2276	0.86888
2277	0.71535
2278	0.61197
2279	0.64526
2280	0.81558
2281	1.13190
2282	1.69592
2283	2.60821
2284	3.90418
2285	5.48324
2286	6.99015
2287	7.97337
2288	8.18803
2289	7.87575
2290	7.82690
2291	8.77291
2292	10.67390
2293	12.88917
2294	14.82184
2295	16.11265
2296	16.61377
2297	16.47514
2298	15.97868
2299	15.28612
2300	14.41050
2301	13.30969
2302	12.05847
2303	10.81584
2304	9.60384
2305	8.34159
2306	7.00986
2307	5.66596
2308	4.33548
2309	2.95755
2310	1.54520
2311	0.31305
2312	-0.50142
2313	-0.82400
2314	-0.65256
2315	-0.05409
2316	0.66392
2317	1.01880
2318	0.61201
2319	-0.56644
2320	-1.93932
2321	-2.67667
2322	-2.42499
2323	-1.52748
2324	-0.45547
2325	0.46570
2326	0.88884
2327	0.75270
2328	0.73741
2329	1.46109
2330	2.31996
2331	2.21501
2332	1.17933
2333	0.15343
2334	-0.37127
2335	-0.60287
2336	-0.76078
2337	-0.80455
2338	-0.71301
2339	-0.62504
2340	-0.65249
2341	-0.75643
2342	-0.88383
2343	-1.03136
2344	-1.15236
2345	-1.22501
2346	-1.31292
2347	-1.40218
2348	-1.42614
2349	-1.38339
2350	-1.26525
2351	-1.14943
2352	-1.22073
2353	-1.44180
2354	-1.57524
2355	-1.59706
2356	-1.69739
2357	-1.96602
2358	-2.33248
2359	-2.67090
2360	-2.90092
2361	-3.04197
2362	-3.16614
2363	-3.33429
2364	-3.53096
2365	-3.62977
2366	-3.54108
2367	-3.38309
2368	-3.29294
2369	-3.18189
2370	-2.93968
2371	-2.63891
2372	-2.36980
2373	-2.11778
2374	-1.84033
2375	-1.52571
2376	-1.16815
2377	-0.73273
2378	-0.21227
2379	0.31939
2380	0.83095
2381	1.37031
2382	1.90286
2383	2.32412
2384	2.55996
2385	2.56360
2386	2.42587
2387	2.45626
2388	2.95602
2389	3.92102
2390	5.12043
2391	6.34206
2392	7.40362
2393	8.28157
2394	9.05940
2395	9.47684
2396	9.21986
2397	8.79230
2398	9.23819
2399	10.84113
2400	12.91037
2401	14.82918
2402	16.37667
2403	17.35817
2404	17.66275
2405	17.33973
2406	16.49814
2407	15.24664
2408	13.67399
2409	11.95190
2410	10.25642
2411	8.58731
2412	6.87846
2413	5.09585
2414	3.25712
2415	1.51363
2416	0.04737
2417	-1.04005
2418	-1.64851
2419	-1.67803
2420	-1.08598
2421	0.04968
2422	1.30344
2423	1.87639
2424	1.21200
2425	-0.34073
2426	-1.78912
2427	-2.42725
2428	-2.23670
2429	-1.47735
2430	-0.35790
2431	0.69711
2432	1.21310
2433	1.21780
2434	1.09884
2435	1.16605
2436	1.59774
2437	2.16418
2438	2.19704
2439	1.46401
2440	0.48570
2441	-0.20951
2442	-0.51698
2443	-0.57287
2444	-0.55143
2445	-0.54379
2446	-0.56761
2447	-0.68409
2448	-1.00030
2449	-1.56171
2450	-2.24633
2451	-2.83809
2452	-3.24637
2453	-3.52039
2454	-3.69205
2455	-3.74500
2456	-3.70610
2457	-3.66153
2458	-3.67775
2459	-3.75317
2460	-3.81660
2461	-3.79794
2462	-3.76506
2463	-3.85036
2464	-3.95104
2465	-3.87963
2466	-3.77101
2467	-3.83195
2468	-3.98715
2469	-4.06195
2470	-4.00102
2471	-3.89475
2472	-3.83563
2473	-3.75075
2474	-3.56322
2475	-3.35823
2476	-3.19289
2477	-3.03055
2478	-2.86167
2479	-2.64011
2480	-2.30355
2481	-1.91688
2482	-1.55292
2483	-1.17742
2484	-0.77283
2485	-0.36491
2486	0.04405
2487	0.44381
2488	0.82847
2489	1.20005
2490	1.43604
2491	1.43608
2492	1.41626
2493	1.62133
2494	2.00330
2495	2.52222
2496	3.29635
2497	4.35104
2498	5.57799
2499	6.72980
2500	7.31634
2501	7.04495
2502	6.47049
2503	6.62369
2504	7.95691
2505	10.07539
2506	12.35528
2507	14.45456
2508	16.22220
2509	17.44245
2510	17.93806
2511	17.76048
2512	17.17620
2513	16.47969
2514	15.69810
2515	14.63998
2516	13.31274
2517	11.90948
2518	10.47272
2519	9.00566
2520	7.66344
2521	6.48581
2522	5.21681
2523	3.63807
2524	1.89385
2525	0.36657
2526	-0.55134
2527	-0.66463
2528	-0.26112
2529	-0.04731
2530	-0.60199
2531	-1.80437
2532	-2.89643
2533	-3.20633
2534	-2.66206
2535	-1.68227
2536	-0.59765
2537	0.41745
2538	1.06811
2539	1.15835
2540	1.05288
2541	1.46431
2542	2.36864
2543	2.68089
2544	1.78241
2545	0.44049
2546	-0.48225
2547	-1.07908
2548	-1.72474
2549	-2.29418
2550	-2.50976
2551	-2.40843
2552	-2.21321
2553	-2.10097
2554	-2.13765
2555	-2.30749
2556	-2.56740
2557	-2.85132
2558	-3.02823
2559	-3.04800
2560	-3.08606
2561	-3.26193
2562	-3.43811
2563	-3.48424
2564	-3.44485
2565	-3.40433
2566	-3.37076
2567	-3.29483
2568	-3.16730
2569	-3.08686
2570	-3.14389
2571	-3.28088
2572	-3.42207
2573	-3.56099
2574	-3.60601
2575	-3.51403
2576	-3.47448
2577	-3.57770
2578	-3.64367
2579	-3.60454
2580	-3.58024
2581	-3.53869
2582	-3.33388
2583	-2.98250
2584	-2.63157
2585	-2.34127
2586	-2.05043
2587	-1.75141
2588	-1.51601
2589	-1.31165
2590	-0.97507
2591	-0.46457
2592	0.05735
2593	0.51066
2594	0.96953
2595	1.37277
2596	1.54511
2597	1.52341
2598	1.52231
2599	1.65888
2600	1.89898
2601	2.20819
2602	2.69016
2603	3.51399
2604	4.72369
2605	6.16982
2606	7.54836
2607	8.43925
2608	8.51991
2609	8.09945
2610	8.08446
2611	8.98225
2612	10.57425
2613	12.55683
2614	14.60462
2615	16.19745
2616	17.00576
2617	17.07632
2618	16.63544
2619	15.87291
2620	14.85911
2621	13.64643
2622	12.27502
2623	10.76574
2624	9.19140
2625	7.57922
2626	5.89740
2627	4.23404
2628	2.77432
2629	1.59066
2630	0.61172
2631	-0.19830
2632	-0.72895
2633	-0.75258
2634	-0.12454
2635	0.93803
2636	1.81350
2637	1.72701
2638	0.34772
2639	-1.56485
2640	-2.70837
2641	-2.59193
2642	-1.73338
2643	-0.71448
2644	0.25489
2645	0.95400
2646	1.15275
2647	1.04326
2648	1.26094
2649	2.00674
2650	2.44936
2651	1.85216
2652	0.60616
2653	-0.54018
2654	-1.25198
2655	-1.48226
2656	-1.33534
2657	-1.00352
2658	-0.64185
2659	-0.35354
2660	-0.21354
2661	-0.24428
2662	-0.39483
2663	-0.56391
2664	-0.66718
2665	-0.70809
2666	-0.77924
2667	-0.93967
2668	-1.10416
2669	-1.13796
2670	-1.04396
2671	-0.95909
2672	-0.94329
2673	-0.88733
2674	-0.74399
2675	-0.66310
2676	-0.78976
2677	-1.13924
2678	-1.58387
2679	-1.91923
2680	-2.08959
2681	-2.18741
2682	-2.26483
2683	-2.31525
2684	-2.33687
2685	-2.30904
2686	-2.15885
2687	-1.91178
2688	-1.73358
2689	-1.64315
2690	-1.48580
2691	-1.21955
2692	-0.92781
2693	-0.66743
2694	-0.43761
2695	-0.19094
2696	0.15572
2697	0.62182
2698	1.06763
2699	1.38014
2700	1.66674
2701	2.04388
2702	2.42173
2703	2.62094
2704	2.59706
2705	2.49432
2706	2.46917
2707	2.62508
2708	3.06482
2709	3.81003
2710	4.79360
2711	5.87125
2712	6.83312
2713	7.60638
2714	8.15147
2715	8.18558
2716	7.71664
2717	7.56332
2718	8.50590
2719	10.41214
2720	12.64437
2721	14.69032
2722	16.25317
2723	17.21419
2724	17.62799
2725	17.57328
2726	17.08322
2727	16.27046
2728	15.21987
2729	13.90630
2730	12.43999
2731	11.04933
2732	9.76011
2733	8.36110
2734	6.75924
2735	5.12554
2736	3.53498
2737	1.87382
2738	0.26951
2739	-0.89994
2740	-1.35621
2741	-0.99731
2742	-0.14237
2743	0.33698
2744	-0.20355
2745	-1.40710
2746	-2.34679
2747	-2.43338
2748	-1.70313
2749	-0.56702
2750	0.56747
2751	1.38895
2752	1.62617
2753	1.27533
2754	0.97964
2755	1.44233
2756	2.19900
2757	2.05891
2758	0.88444
2759	-0.29858
2760	-0.76534
2761	-0.68626
2762	-0.47904
2763	-0.25931
2764	0.05036
2765	0.33904
2766	0.24628
2767	-0.38264
2768	-1.24952
2769	-2.02053
2770	-2.62568
2771	-3.03582
2772	-3.19775
2773	-3.20022
2774	-3.21071
2775	-3.26987
2776	-3.30112
2777	-3.29487
2778	-3.27540
2779	-3.18336
2780	-3.00116
2781	-2.82944
2782	-2.82069
2783	-3.07373
2784	-3.43392
2785	-3.64723
2786	-3.72565
2787	-3.78099
2788	-3.80962
2789	-3.81465
2790	-3.82814
2791	-3.86792
2792	-3.86102
2793	-3.66179
2794	-3.29074
2795	-2.93398
2796	-2.69373
2797	-2.49777
2798	-2.24472
2799	-1.96470
2800	-1.72941
2801	-1.49780
2802	-1.18072
2803	-0.77739
2804	-0.34974
2805	0.11004
2806	0.60651
2807	1.03610
2808	1.34957
2809	1.55166
2810	1.57110
2811	1.45407
2812	1.46084
2813	1.78927
2814	2.38457
2815	3.12060
2816	4.04747
2817	5.19941
2818	6.39075
2819	7.36082
2820	7.77494
2821	7.47113
2822	6.98241
2823	7.15650
2824	8.39457
2825	10.53953
2826	12.98038
2827	14.96466
2828	16.12531
2829	16.55847
2830	16.53267
2831	16.18720
2832	15.51022
2833	14.60907
2834	13.63642
2835	12.58243
2836	11.39064
2837	9.97863
2838	8.33616
2839	6.73286
2840	5.37363
2841	4.07891
2842	2.69298
2843	1.40356
2844	0.45629
2845	-0.04942
2846	-0.04983
2847	0.33323
2848	0.60696
2849	0.27124
2850	-0.74736
2851	-2.04117
2852	-2.96487
2853	-3.05023
2854	-2.36754
2855	-1.32095
2856	-0.21731
2857	0.62839
2858	0.88019
2859	0.75395
2860	1.10342
2861	2.11854
2862	2.72049
2863	2.16506
2864	1.02503
2865	0.07313
2866	-0.48190
2867	-0.69311
2868	-0.69975
2869	-0.66066
2870	-0.59395
2871	-0.51991
2872	-0.54756
2873	-0.68000
2874	-0.81564
2875	-0.91052
2876	-0.99000
2877	-1.08633
2878	-1.16052
2879	-1.12962
2880	-1.05089
2881	-1.03547
2882	-0.98524
2883	-0.78683
2884	-0.60094
2885	-0.66029
2886	-0.96402
2887	-1.29017
2888	-1.50646
2889	-1.74316
2890	-2.09196
2891	-2.43333
2892	-2.66866
2893	-2.79034
2894	-2.81674
2895	-2.83030
2896	-2.91956
2897	-3.07395
2898	-3.18122
2899	-3.16022
2900	-3.09735
2901	-3.04362
2902	-2.85687
2903	-2.52789
2904	-2.24805
2905	-2.06245
2906	-1.87998
2907	-1.67065
2908	-1.41750
2909	-1.08420
2910	-0.67512
2911	-0.24558
2912	0.14554
2913	0.45998
2914	0.65501
2915	0.75293
2916	0.89082
2917	1.14464
2918	1.41695
2919	1.69112
2920	2.17326
2921	2.98466
2922	4.00560
2923	5.15982
2924	6.44369
2925	7.54022
2926	7.96191
2927	7.82309
2928	8.00019
2929	9.16030
2930	11.03531
2931	13.00985
2932	14.82632
2933	16.35641
2934	17.34193
2935	17.67509
2936	17.50717
2937	17.04292
2938	16.42447
2939	15.68606
2940	14.80499
2941	13.85267
2942	12.91604
2943	11.86499
2944	10.53809
2945	9.07924
2946	7.64868
2947	6.12157
2948	4.41911
2949	2.74985
2950	1.29994
2951	0.00890
2952	-1.02386
2953	-1.28997
2954	-0.49897
2955	0.76620
2956	1.36770
2957	0.70252
2958	-0.67456
2959	-1.67401
2960	-1.79559
2961	-1.38539
2962	-0.80263
2963	-0.08224
2964	0.60754
2965	0.93707
2966	0.92441
2967	1.06482
2968	1.66812
2969	2.25258
2970	2.10191
2971	1.25177
2972	0.30023
2973	-0.36249
2974	-0.66950
2975	-0.72578
2976	-0.73365
2977	-0.80094
2978	-0.94578
2979	-1.24466
2980	-1.70478
2981	-2.16899
2982	-2.51633
2983	-2.79250
2984	-3.08459
2985	-3.38189
2986	-3.62397
2987	-3.81156
2988	-3.98166
2989	-4.11925
2990	-4.14532
2991	-3.98199
2992	-3.65299
2993	-3.25834
2994	-2.87862
2995	-2.59739
2996	-2.48121
2997	-2.53503
2998	-2.70604
2999	-2.89247
3000	-3.03649
3001	-3.15155
3002	-3.24758
3003	-3.32271
3004	-3.35445
3005	-3.29900
3006	-3.16806
3007	-3.01868
3008	-2.85924
3009	-2.62834
3010	-2.27925
3011	-1.91338
3012	-1.70915
3013	-1.70517
3014	-1.78039
3015	-1.72677
3016	-1.36830
3017	-0.78927
3018	-0.22845
3019	0.23140
3020	0.62947
3021	1.00209
3022	1.33410
3023	1.51059
3024	1.50471
3025	1.48208
3026	1.54566
3027	1.75796
3028	2.33842
3029	3.31781
3030	4.42477
3031	5.62588
3032	7.00388
3033	8.16521
3034	8.57505
3035	8.33298
3036	8.18796
3037	8.79703
3038	10.27739
3039	12.43052
3040	14.84560
3041	16.93901
3042	18.31498
3043	18.91881
3044	18.89409
3045	18.45236
3046	17.71971
3047	16.69964
3048	15.43870
3049	14.07775
3050	12.69058
3051	11.20609
3052	9.57623
3053	7.89147
3054	6.30050
3055	4.90119
3056	3.62391
3057	2.28229
3058	0.81698
3059	-0.55478
3060	-1.35968
3061	-1.24366
3062	-0.51185
3063	0.03684
3064	-0.13279
3065	-0.97763
3066	-2.10586
3067	-2.90288
3068	-2.82430
3069	-1.97445
3070	-0.87864
3071	0.07571
3072	0.63240
3073	0.70194
3074	0.74489
3075	1.35478
3076	2.17283
3077	2.25240
3078	1.53995
3079	0.77076
3080	0.25469
3081	-0.27602
3082	-1.01241
3083	-1.77574
3084	-2.26838
3085	-2.46007
3086	-2.59201
3087	-2.80765
3088	-3.04359
3089	-3.24082
3090	-3.42423
3091	-3.61604
3092	-3.78048
3093	-3.88873
3094	-3.97809
3095	-4.05016
3096	-4.02539
3097	-3.85601
3098	-3.59218
3099	-3.35291
3100	-3.26606
3101	-3.38248
3102	-3.56141
3103	-3.60215
3104	-3.53174
3105	-3.51591
3106	-3.61803
3107	-3.79542
3108	-3.94358
3109	-3.99111
3110	-3.98059
3111	-3.94650
3112	-3.86859
3113	-3.76220
3114	-3.65803
3115	-3.55828
3116	-3.43180
3117	-3.21114
3118	-2.86788
3119	-2.48435
3120	-2.16511
3121	-1.90139
3122	-1.57779
3123	-1.14257
3124	-0.66836
3125	-0.16895
3126	0.40364
3127	0.98774
3128	1.43858
3129	1.64785
3130	1.64590
3131	1.58599
3132	1.65419
3133	2.04888
3134	2.80181
3135	3.72503
3136	4.78594
3137	6.12430
3138	7.56962
3139	8.60066
3140	8.92915
3141	8.93073
3142	9.27011
3143	10.28958
3144	11.97210
3145	14.08302
3146	16.16138
3147	17.68611
3148	18.41873
3149	18.49994
3150	18.19549
3151	17.65541
3152	16.91296
3153	15.98703
3154	14.90950
3155	13.66171
3156	12.18423
3157	10.56780
3158	9.06484
3159	7.75787
3160	6.48344
3161	5.15227
3162	3.86891
3163	2.67592
3164	1.43668
3165	0.17139
3166	-0.68189
3167	-0.69943
3168	-0.15709
3169	0.06349
3170	-0.59293
3171	-1.74627
3172	-2.56084
3173	-2.57075
3174	-1.94251
3175	-1.02895
3176	-0.02144
3177	0.81193
3178	1.14466
3179	0.99561
3180	0.91310
3181	1.44865
3182	2.29737
3183	2.55863
3184	1.98193
3185	1.08074
3186	0.20985
3187	-0.62340
3188	-1.35458
3189	-1.86243
3190	-2.22136
3191	-2.57234
3192	-2.86501
3193	-3.08547
3194	-3.40834
3195	-3.83800
3196	-4.16639
3197	-4.33211
3198	-4.44985
3199	-4.60916
3200	-4.80875
3201	-4.97206
3202	-4.99432
3203	-4.84378
3204	-4.62262
3205	-4.46659
3206	-4.38658
3207	-4.34192
3208	-4.35691
3209	-4.38336
3210	-4.31233
3211	-4.18522
3212	-4.10937
3213	-4.08785
3214	-4.09213
3215	-4.12166
3216	-4.14865
3217	-4.10180
3218	-3.93829
3219	-3.73522
3220	-3.57471
3221	-3.37573
3222	-3.04918
3223	-2.65254
3224	-2.25018
3225	-1.88540
3226	-1.63401
3227	-1.43329
3228	-1.08911
3229	-0.54539
3230	0.09040
3231	0.72716
3232	1.32557
3233	1.80201
3234	2.02834
3235	2.00476
3236	1.91829
3237	1.95270
3238	2.17662
3239	2.63570
3240	3.38725
3241	4.39537
3242	5.55352
3243	6.81470
3244	7.94694
3245	8.44589
3246	8.38695
3247	8.64699
3248	9.80106
3249	11.67214
3250	13.75912
3251	15.53386
3252	16.59717
3253	16.82192
3254	16.41363
3255	15.72025
3256	14.94327
3257	14.14035
3258	13.27188
3259	12.21615
3260	11.01122
3261	9.85336
3262	8.73281
3263	7.46337
3264	6.06378
3265	4.68465
3266	3.32982
3267	2.00987
3268	0.87663
3269	0.03793
3270	-0.46037
3271	-0.42943
3272	0.28662
3273	1.24345
3274	1.47404
3275	0.43266
3276	-1.32837
3277	-2.61978
3278	-2.72477
3279	-1.92284
3280	-0.85015
3281	0.16779
3282	0.89671
3283	1.07281
3284	0.86108
3285	0.89525
3286	1.35756
3287	1.59832
3288	1.19286
3289	0.47164
3290	-0.16581
3291	-0.56827
3292	-0.71779
3293	-0.70120
3294	-0.57616
3295	-0.40073
3296	-0.37320
3297	-0.61424
3298	-0.97673
3299	-1.26723
3300	-1.45189
3301	-1.59251
3302	-1.74363
3303	-1.91557
3304	-2.05690
3305	-2.10798
3306	-2.06991
3307	-1.98606
3308	-1.92482
3309	-1.98369
3310	-2.15432
3311	-2.22445
3312	-2.08934
3313	-1.99182
3314	-2.13999
3315	-2.42408
3316	-2.71417
3317	-2.99773
3318	-3.19510
3319	-3.23118
3320	-3.15666
3321	-3.03917
3322	-2.93283
3323	-2.89819
3324	-2.90021
3325	-2.81767
3326	-2.62773
3327	-2.39153
3328	-2.09199
3329	-1.74691
3330	-1.50965
3331	-1.41289
3332	-1.26580
3333	-0.90994
3334	-0.33755
3335	0.36133
3336	1.01543
3337	1.48356
3338	1.78778
3339	2.02630
3340	2.20875
3341	2.28690
3342	2.28377
3343	2.27815
3344	2.35986
3345	2.67854
3346	3.30725
3347	4.16440
3348	5.24003
3349	6.51654
3350	7.70616
3351	8.37990
3352	8.36392
3353	8.03526
3354	8.04875
3355	8.75341
3356	10.14525
3357	12.09597
3358	14.29268
3359	16.19888
3360	17.33454
3361	17.59560
3362	17.17884
3363	16.26468
3364	14.97747
3365	13.54268
3366	12.17772
3367	10.82628
3368	9.27313
3369	7.51289
3370	5.73905
3371	4.08369
3372	2.61204
3373	1.37924
3374	0.39249
3375	-0.29007
3376	-0.56510
3377	-0.40663
3378	0.13205
3379	0.69875
3380	0.63060
3381	-0.34673
3382	-1.74613
3383	-2.78138
3384	-2.90004
3385	-2.05971
3386	-0.70715
3387	0.61714
3388	1.41935
3389	1.34534
3390	0.68989
3391	0.35599
3392	0.68332
3393	0.96696
3394	0.55628
3395	-0.31362
3396	-0.98064
3397	-1.08521
3398	-0.75419
3399	-0.26214
3400	0.22211
3401	0.51090
3402	0.42390
3403	-0.02712
3404	-0.68526
3405	-1.30901
3406	-1.68413
3407	-1.85903
3408	-1.95774
3409	-1.89117
3410	-1.62111
3411	-1.33781
3412	-1.16888
3413	-1.06471
3414	-0.99467
3415	-0.98971
3416	-1.03037
3417	-1.10338
3418	-1.30081
3419	-1.64693
3420	-1.98113
3421	-2.20499
3422	-2.39829
3423	-2.61057
3424	-2.75756
3425	-2.75480
3426	-2.68769
3427	-2.69516
3428	-2.72673
3429	-2.64266
3430	-2.41356
3431	-2.10959
3432	-1.79736
3433	-1.48059
3434	-1.16696
3435	-0.91818
3436	-0.74606
3437	-0.56602
3438	-0.29428
3439	0.07541
3440	0.46276
3441	0.79706
3442	1.10751
3443	1.44638
3444	1.81012
3445	2.14618
3446	2.41825
3447	2.64173
3448	2.79766
3449	2.84343
3450	2.82458
3451	2.84043
3452	3.04888
3453	3.65184
3454	4.59815
3455	5.60633
3456	6.58887
3457	7.54651
3458	8.22533
3459	8.43044
3460	8.45670
3461	8.81542
3462	9.79707
3463	11.37211
3464	13.12657
3465	14.53248
3466	15.44883
3467	15.93710
3468	15.93244
3469	15.46166
3470	14.70711
3471	13.74818
3472	12.55276
3473	11.19212
3474	9.77824
3475	8.33390
3476	6.94537
3477	5.69828
3478	4.52303
3479	3.38101
3480	2.32937
3481	1.42425
3482	0.72681
3483	0.34239
3484	0.42720
3485	0.99495
3486	1.62691
3487	1.60935
3488	0.59787
3489	-0.97416
3490	-2.27323
3491	-2.66596
3492	-2.18469
3493	-1.42563
3494	-0.77756
3495	-0.26446
3496	0.10740
3497	0.36166
3498	0.63397
3499	1.17471
3500	2.14450
3501	2.98366
3502	2.73994
3503	1.45831
3504	0.17468
3505	-0.51757
3506	-0.91472
3507	-1.35134
3508	-1.66373
3509	-1.56645
3510	-1.15416
3511	-0.77842
3512	-0.56961
3513	-0.44163
3514	-0.39513
3515	-0.48323
3516	-0.66536
3517	-0.86637
3518	-1.03242
3519	-1.13262
3520	-1.21288
3521	-1.33005
3522	-1.41788
3523	-1.36469
3524	-1.20507
3525	-1.12518
3526	-1.25721
3527	-1.57126
3528	-1.92683
3529	-2.13499
3530	-2.16125
3531	-2.18800
3532	-2.31348
3533	-2.47529
3534	-2.63500
3535	-2.77594
3536	-2.84258
3537	-2.82444
3538	-2.78514
3539	-2.75099
3540	-2.68891
3541	-2.56791
3542	-2.39318
3543	-2.20176
3544	-1.98913
3545	-1.75575
3546	-1.57841
3547	-1.44836
3548	-1.21359
3549	-0.82226
3550	-0.40128
3551	-0.03552
3552	0.28024
3553	0.52552
3554	0.71350
3555	0.87906
3556	0.98893
3557	1.09822
3558	1.31886
3559	1.59833
3560	1.91143
3561	2.43691
3562	3.42666
3563	4.94647
3564	6.60910
3565	7.96310
3566	8.94635
3567	9.45152
3568	9.28324
3569	8.93245
3570	9.35953
3571	10.81390
3572	12.69438
3573	14.43845
3574	15.77713
3575	16.46435
3576	16.45579
3577	16.00358
3578	15.32217
3579	14.48617
3580	13.53176
3581	12.48490
3582	11.41848
3583	10.38331
3584	9.31919
3585	8.19859
3586	6.97860
3587	5.53467
3588	3.94854
3589	2.45304
3590	1.10509
3591	-0.13633
3592	-1.18305
3593	-1.71767
3594	-1.42284
3595	-0.47347
3596	0.47147
3597	0.84554
3598	0.47697
3599	-0.50160
3600	-1.57108
3601	-2.05771
3602	-1.80771
3603	-1.09995
3604	-0.24816
3605	0.38451
3606	0.51992
3607	0.29335
3608	0.21823
3609	0.76167
3610	1.77936
3611	2.36034
3612	1.80028
3613	0.57894
3614	-0.25033
3615	-0.39799
3616	-0.40074
3617	-0.51766
3618	-0.53040
3619	-0.49396
3620	-0.75561
3621	-1.33790
3622	-1.94990
3623	-2.41065
3624	-2.71253
3625	-2.90220
3626	-3.00995
3627	-3.01064
3628	-2.95363
3629	-3.02590
3630	-3.24697
3631	-3.39377
3632	-3.39181
3633	-3.34254
3634	-3.25176
3635	-3.12019
3636	-3.05592
3637	-3.09878
3638	-3.18765
3639	-3.31165
3640	-3.52121
3641	-3.78557
3642	-3.94093
3643	-3.90037
3644	-3.76550
3645	-3.63004
3646	-3.49761
3647	-3.35544
3648	-3.20048
3649	-3.03242
3650	-2.82825
3651	-2.55154
3652	-2.21776
3653	-1.91253
3654	-1.69336
3655	-1.50599
3656	-1.26679
3657	-0.96708
3658	-0.62360
3659	-0.23070
3660	0.16614
3661	0.50010
3662	0.79760
3663	1.10877
3664	1.38566
3665	1.54217
3666	1.60627
3667	1.72324
3668	1.96308
3669	2.31764
3670	2.90213
3671	3.85863
3672	5.12447
3673	6.45588
3674	7.51270
3675	7.95991
3676	7.84097
3677	7.79804
3678	8.41661
3679	9.62039
3680	11.06721
3681	12.55651
3682	13.88013
3683	14.78920
3684	15.19799
3685	15.19939
3686	14.88866
3687	14.30659
3688	13.52662
3689	12.65881
3690	11.76443
3691	10.79657
3692	9.67816
3693	8.43120
3694	7.10011
3695	5.65839
3696	4.11358
3697	2.55646
3698	1.06638
3699	-0.35189
3700	-1.70584
3701	-2.84949
3702	-3.41901
3703	-3.03981
3704	-1.71970
3705	-0.11340
3706	0.87481
3707	0.88400
3708	0.20574
3709	-0.69134
3710	-1.39824
3711	-1.72922
3712	-1.75980
3713	-1.53856
3714	-1.05229
3715	-0.44704
3716	-0.05263
3717	0.01703
3718	0.27529
3719	1.16449
3720	2.09084
3721	2.16565
3722	1.44791
3723	0.55016
3724	-0.24468
3725	-0.88225
3726	-1.20675
3727	-1.14259
3728	-0.85774
3729	-0.59528
3730	-0.45911
3731	-0.42447
3732	-0.46930
3733	-0.55748
3734	-0.63797
3735	-0.72212
3736	-0.84202
3737	-0.97427
3738	-1.09163
3739	-1.22468
3740	-1.40886
3741	-1.62536
3742	-1.76265
3743	-1.69147
3744	-1.48864
3745	-1.40274
3746	-1.49266
3747	-1.58592
3748	-1.64379
3749	-1.80562
3750	-2.08438
3751	-2.31868
3752	-2.39337
3753	-2.37807
3754	-2.39511
3755	-2.44250
3756	-2.48026
3757	-2.52367
3758	-2.56353
3759	-2.54204
3760	-2.42710
3761	-2.22698
3762	-1.95556
3763	-1.66022
3764	-1.43558
3765	-1.30681
3766	-1.15253
3767	-0.85759
3768	-0.44161
3769	0.03619
3770	0.53727
3771	1.05611
3772	1.65592
3773	2.30186
3774	2.78036
3775	2.96937
3776	2.94378
3777	2.79128
3778	2.60186
3779	2.54320
3780	2.75206
3781	3.26207
3782	4.04583
3783	5.01019
3784	5.90694
3785	6.35573
3786	6.29315
3787	6.26402
3788	6.79185
3789	7.80296
3790	9.04594
3791	10.46566
3792	11.88511
3793	12.95516
3794	13.57218
3795	13.89255
3796	14.02361
3797	13.88542
3798	13.28130
3799	12.27030
3800	11.22061
3801	10.26861
3802	9.26445
3803	8.16917
3804	7.02137
3805	5.83457
3806	4.68494
3807	3.58280
3808	2.38144
3809	1.08482
3810	0.04147
3811	-0.33688
3812	-0.03148
3813	0.39081
3814	0.18776
3815	-0.82686
3816	-2.04038
3817	-2.61381
3818	-2.18182
3819	-1.05664
3820	0.18388
3821	1.08511
3822	1.30544
3823	0.82545
3824	0.43268
3825	0.93524
3826	1.72934
3827	1.56447
3828	0.46274
3829	-0.51547
3830	-0.89083
3831	-0.96994
3832	-0.92030
3833	-0.66169
3834	-0.39708
3835	-0.52625
3836	-1.07901
3837	-1.74310
3838	-2.34744
3839	-2.86654
3840	-3.20381
3841	-3.29342
3842	-3.20836
3843	-3.07159
3844	-2.90968
3845	-2.65570
3846	-2.32639
3847	-2.04021
3848	-1.86989
3849	-1.77407
3850	-1.67007
3851	-1.62121
3852	-1.71592
3853	-1.78517
3854	-1.71986
3855	-1.73031
3856	-1.94650
3857	-2.23464
3858	-2.40822
3859	-2.40226
3860	-2.31247
3861	-2.22022
3862	-2.11415
3863	-2.00263
3864	-1.88018
3865	-1.68733
3866	-1.39422
3867	-1.03889
3868	-0.69925
3869	-0.44664
3870	-0.28942
3871	-0.14412
3872	0.10981
3873	0.49295
3874	0.89362
3875	1.23565
3876	1.57625
3877	1.94934
3878	2.25341
3879	2.38541
3880	2.34823
3881	2.20384
3882	2.09063
3883	2.29914
3884	3.04228
3885	4.13093
3886	5.23776
3887	6.30602
3888	7.32911
3889	8.05301
3890	8.19355
3891	7.89814
3892	7.85533
3893	8.67906
3894	10.42354
3895	12.80691
3896	15.30148
3897	17.22043
3898	18.25781
3899	18.60594
3900	18.46674
3901	17.87750
3902	16.96851
3903	15.92299
3904	14.71285
3905	13.23564
3906	11.55232
3907	9.81606
3908	8.11875
3909	6.43348
3910	4.71139
3911	2.98337
3912	1.31497
3913	-0.18420
3914	-1.25671
3915	-1.55062
3916	-0.98962
3917	-0.07504
3918	0.41639
3919	0.02057
3920	-1.12112
3921	-2.37560
3922	-3.03028
3923	-2.71007
3924	-1.68214
3925	-0.53548
3926	0.38406
3927	0.94270
3928	1.10154
3929	1.16004
3930	1.61688
3931	2.30146
3932	2.33055
3933	1.42817
3934	0.30505
3935	-0.44799
3936	-0.79123
3937	-0.82240
3938	-0.65812
3939	-0.44110
3940	-0.28311
3941	-0.27350
3942	-0.42512
3943	-0.67298
3944	-0.90261
3945	-1.01044
3946	-1.06657
3947	-1.18542
3948	-1.27459
3949	-1.29107
3950	-1.40088
3951	-1.57370
3952	-1.56365
3953	-1.35097
3954	-1.14525
3955	-1.03827
3956	-0.94643
3957	-0.84473
3958	-0.81840
3959	-0.96883
3960	-1.32860
3961	-1.72662
3962	-1.92943
3963	-1.96391
3964	-2.06222
3965	-2.28407
3966	-2.40240
3967	-2.29710
3968	-2.16961
3969	-2.17056
3970	-2.18181
3971	-2.07661
3972	-1.88148
3973	-1.64872
3974	-1.36798
3975	-1.05410
3976	-0.79831
3977	-0.62318
3978	-0.40042
3979	-0.03850
3980	0.39958
3981	0.84072
3982	1.29245
3983	1.75636
3984	2.17872
3985	2.53441
3986	2.80441
3987	2.86168
3988	2.63996
3989	2.30614
3990	2.12338
3991	2.30857
3992	2.94326
3993	3.95083
3994	5.17528
3995	6.39268
3996	7.38428
3997	8.00034
3998	8.09719
3999	7.81627
4000	7.80906
4001	8.61698
4002	10.18622
4003	12.14728
4004	13.99696
4005	15.21038
4006	15.63118
4007	15.52924
4008	15.12510
4009	14.41640
4010	13.51847
4011	12.59820
4012	11.54235
4013	10.24814
4014	8.88241
4015	7.57212
4016	6.32865
4017	5.18360
4018	4.09661
4019	3.01857
4020	2.01137
4021	1.14147
4022	0.51363
4023	0.29114
4024	0.44298
4025	0.64346
4026	0.44206
4027	-0.40497
4028	-1.63812
4029	-2.65885
4030	-2.93446
4031	-2.35456
4032	-1.33995
4033	-0.30921
4034	0.57385
4035	1.12671
4036	1.20480
4037	1.03748
4038	1.12848
4039	1.58390
4040	1.77798
4041	1.25717
4042	0.47683
4043	-0.01177
4044	-0.28335
4045	-0.58067
4046	-0.85158
4047	-0.90735
4048	-0.70738
4049	-0.44504
4050	-0.38627
4051	-0.62667
4052	-1.05712
4053	-1.52735
4054	-1.97627
4055	-2.38229
4056	-2.68764
4057	-2.86441
4058	-2.97690
4059	-3.07086
4060	-3.08051
4061	-3.00693
4062	-2.99599
4063	-3.05592
4064	-3.05005
4065	-3.06270
4066	-3.30917
4067	-3.67031
4068	-3.78777
4069	-3.63227
4070	-3.51318
4071	-3.51590
4072	-3.46789
4073	-3.37427
4074	-3.34530
4075	-3.30305
4076	-3.15764
4077	-2.99989
4078	-2.88856
4079	-2.72033
4080	-2.44393
4081	-2.13782
4082	-1.84637
4083	-1.55718
4084	-1.28338
4085	-1.03213
4086	-0.73942
4087	-0.33391
4088	0.13128
4089	0.54607
4090	0.92875
4091	1.36720
4092	1.84608
4093	2.23086
4094	2.39036
4095	2.33550
4096	2.18392
4097	2.05490
4098	2.12402
4099	2.58721
4100	3.41804
4101	4.42116
4102	5.56533
4103	6.86384
4104	8.03044
4105	8.60498
4106	8.48946
4107	8.27009
4108	8.69302
4109	9.96136
4110	11.72877
4111	13.44676
4112	14.73263
4113	15.44943
4114	15.51518
4115	15.00360
4116	14.28809
4117	13.60675
4118	12.70656
4119	11.38910
4120	9.96266
4121	8.77858
4122	7.75908
4123	6.63201
4124	5.39337
4125	4.25382
4126	3.22722
4127	2.10658
4128	0.92002
4129	0.09919
4130	0.01104
4131	0.44832
4132	0.72943
4133	0.32204
4134	-0.74847
4135	-1.96661
4136	-2.67755
4137	-2.54043
4138	-1.80384
4139	-0.99155
4140	-0.23400
4141	0.53828
4142	1.03517
4143	1.03333
4144	1.13720
4145	2.02090
4146	3.05986
4147	2.98333
4148	1.70794
4149	0.27905
4150	-0.74123
4151	-1.63794
4152	-2.59605
4153	-3.35615
4154	-3.70034
4155	-3.68337
4156	-3.50048
4157	-3.36770
4158	-3.43146
4159	-3.67740
4160	-3.96248
4161	-4.18763
4162	-4.40368
4163	-4.67545
4164	-4.95120
4165	-5.13367
4166	-5.13898
4167	-4.93633
4168	-4.62911
4169	-4.40062
4170	-4.32480
4171	-4.32027
4172	-4.28530
4173	-4.17929
4174	-4.04121
4175	-3.92315
4176	-3.81882
4177	-3.74179
4178	-3.71967
4179	-3.72972
4180	-3.74647
4181	-3.76181
4182	-3.76024
4183	-3.67315
4184	-3.37950
4185	-2.87439
4186	-2.34018
4187	-1.93168
4188	-1.66473
4189	-1.51017
4190	-1.37044
4191	-1.13070
4192	-0.79673
4193	-0.42844
4194	-0.06321
4195	0.29009
4196	0.65841
4197	0.99415
4198	1.18156
4199	1.25643
4200	1.39605
4201	1.71573
4202	2.18894
4203	2.72942
4204	3.41910
4205	4.41154
4206	5.60481
4207	6.79750
4208	7.73996
4209	8.04336
4210	7.84944
4211	8.04111
4212	9.22225
4213	11.24098
4214	13.69849
4215	16.19193
4216	18.20772
4217	19.33217
4218	19.55647
4219	19.10783
4220	18.17978
4221	16.99258
4222	15.79547
4223	14.66031
4224	13.42675
4225	11.92278
4226	10.22672
4227	8.61488
4228	7.13312
4229	5.51466
4230	3.73084
4231	2.10115
4232	0.81542
4233	-0.15165
4234	-0.77256
4235	-0.85681
4236	-0.32642
4237	0.36766
4238	0.47387
4239	-0.31160
4240	-1.59391
4241	-2.73201
4242	-3.23392
4243	-2.94263
4244	-2.14010
4245	-1.15788
4246	-0.17311
4247	0.59265
4248	0.92004
4249	0.88524
4250	0.86791
4251	1.12423
4252	1.35922
4253	1.09730
4254	0.47916
4255	0.03046
4256	-0.15552
4257	-0.35735
4258	-0.61663
4259	-0.71436
4260	-0.56745
4261	-0.31031
4262	-0.13163
4263	-0.13424
4264	-0.25765
4265	-0.38518
4266	-0.50564
4267	-0.67755
4268	-0.88887
4269	-1.02737
4270	-1.06309
4271	-1.15371
4272	-1.36602
4273	-1.50527
4274	-1.43029
4275	-1.27885
4276	-1.23915
4277	-1.31066
4278	-1.38064
4279	-1.42515
4280	-1.48683
4281	-1.53390
4282	-1.57977
4283	-1.75584
4284	-2.07408
4285	-2.34066
4286	-2.38047
4287	-2.23693
4288	-2.07685
4289	-1.98435
4290	-1.96187
4291	-2.01007
4292	-2.07436
4293	-1.99802
4294	-1.71685
4295	-1.38485
4296	-1.12289
4297	-0.90362
4298	-0.72047
4299	-0.56194
4300	-0.29609
4301	0.17665
4302	0.75227
4303	1.26367
4304	1.68324
4305	2.09159
4306	2.51728
4307	2.86915
4308	3.03425
4309	3.04467
4310	3.08283
4311	3.29242
4312	3.65315
4313	4.13408
4314	4.85243
4315	5.87354
4316	7.03890
4317	8.10319
4318	8.83939
4319	9.14251
4320	9.23742
4321	9.60409
4322	10.56198
4323	12.05679
4324	13.83005
4325	15.58347
4326	17.00982
4327	17.93470
4328	18.34365
4329	18.21085
4330	17.61361
4331	16.81943
4332	15.97926
4333	15.02853
4334	13.90666
4335	12.61363
4336	11.19497
4337	9.79698
4338	8.52386
4339	7.28528
4340	5.97062
4341	4.58392
4342	3.20330
4343	1.94138
4344	0.81638
4345	-0.14311
4346	-0.60790
4347	-0.30636
4348	0.29786
4349	0.29936
4350	-0.60144
4351	-1.78139
4352	-2.41690
4353	-2.22323
4354	-1.45783
4355	-0.33488
4356	0.90163
4357	1.72721
4358	1.85127
4359	1.54463
4360	1.31319
4361	1.44467
4362	1.66538
4363	1.48825
4364	0.92229
4365	0.29299
4366	-0.20200
4367	-0.44787
4368	-0.49147
4369	-0.47668
4370	-0.35301
4371	-0.11562
4372	-0.00144
4373	-0.13786
4374	-0.39174
4375	-0.61790
4376	-0.77025
4377	-0.84905
4378	-0.89108
4379	-0.89235
4380	-0.79682
4381	-0.65310
4382	-0.60958
4383	-0.72501
4384	-0.91871
4385	-1.08828
4386	-1.19339
4387	-1.26002
4388	-1.34761
4389	-1.48714
4390	-1.68361
4391	-1.94099
4392	-2.22123
4393	-2.44617
4394	-2.57253
4395	-2.62594
4396	-2.63445
4397	-2.61959
4398	-2.61506
4399	-2.58752
4400	-2.52189
4401	-2.50550
4402	-2.54944
4403	-2.52472
4404	-2.33814
4405	-2.05129
4406	-1.80037
4407	-1.63210
4408	-1.48147
4409	-1.27504
4410	-0.97929
4411	-0.59772
4412	-0.17755
4413	0.20252
4414	0.52196
4415	0.85828
4416	1.20542
4417	1.43015
4418	1.54346
4419	1.69991
4420	1.90919
4421	2.09075
4422	2.34961
4423	2.92487
4424	3.86058
4425	4.94636
4426	6.06221
4427	7.19942
4428	8.11477
4429	8.55995
4430	8.69341
4431	8.88096
4432	9.44041
4433	10.56212
4434	12.17785
4435	13.91701
4436	15.25175
4437	15.90930
4438	16.12556
4439	16.14941
4440	15.77123
4441	14.85918
4442	13.81182
4443	12.87935
4444	11.80423
4445	10.45481
4446	8.99570
4447	7.45734
4448	5.80191
4449	4.23192
4450	2.92385
4451	1.75844
4452	0.64100
4453	-0.35873
4454	-1.11677
4455	-1.33915
4456	-0.71978
4457	0.53639
4458	1.52725
4459	1.27390
4460	-0.24385
4461	-1.93253
4462	-2.67001
4463	-2.28539
4464	-1.35274
4465	-0.35507
4466	0.48049
4467	0.95524
4468	1.02237
4469	1.00459
4470	1.40392
4471	2.10168
4472	2.20467
4473	1.35226
4474	0.22906
4475	-0.49779
4476	-0.74977
4477	-0.74354
4478	-0.64350
4479	-0.46035
4480	-0.25144
4481	-0.26564
4482	-0.68428
4483	-1.35631
4484	-1.96336
4485	-2.36634
4486	-2.63192
4487	-2.79086
4488	-2.85673
4489	-2.95633
4490	-3.13030
4491	-3.24601
4492	-3.25558
4493	-3.21909
4494	-3.13444
4495	-3.01917
4496	-2.98122
4497	-3.07464
4498	-3.22756
4499	-3.31810
4500	-3.31824
4501	-3.33941
4502	-3.46275
4503	-3.61639
4504	-3.68604
4505	-3.65963
4506	-3.60917
4507	-3.59884
4508	-3.60945
4509	-3.53408
4510	-3.30428
4511	-2.96950
4512	-2.62616
4513	-2.33888
4514	-2.13128
4515	-2.00034
4516	-1.90069
4517	-1.71671
4518	-1.32314
4519	-0.77148
4520	-0.27142
4521	0.12512
4522	0.51573
4523	0.86348
4524	1.08042
4525	1.18457
4526	1.19057
4527	1.12643
4528	1.16570
4529	1.53527
4530	2.31816
4531	3.43996
4532	4.79340
4533	6.20476
4534	7.37559
4535	8.09420
4536	8.37660
4537	8.42643
4538	8.72210
4539	9.82834
4540	11.75193
4541	13.82611
4542	15.37260
4543	16.10636
4544	16.06127
4545	15.55860
4546	14.99116
4547	14.38037
4548	13.44275
4549	12.10462
4550	10.62544
4551	9.26467
4552	8.06776
4553	6.95040
4554	5.79707
4555	4.54307
4556	3.28217
4557	2.13352
4558	1.09361
4559	0.17015
4560	-0.56679
4561	-1.01876
4562	-0.91286
4563	-0.02092
4564	1.24270
4565	1.92457
4566	1.33179
4567	-0.35943
4568	-2.15731
4569	-2.99515
4570	-2.64312
4571	-1.73601
4572	-0.78479
4573	0.09183
4574	0.72566
4575	0.97361
4576	1.06280
4577	1.45443
4578	2.14444
4579	2.44162
4580	1.95229
4581	1.07130
4582	0.20385
4583	-0.57139
4584	-1.13116
4585	-1.30140
4586	-1.05072
4587	-0.53347
4588	-0.08145
4589	0.03667
4590	-0.10612
4591	-0.30873
4592	-0.52263
4593	-0.75004
4594	-0.93773
4595	-1.02313
4596	-0.97589
4597	-0.82972
4598	-0.70756
4599	-0.73197
4600	-0.82358
4601	-0.79002
4602	-0.66052
4603	-0.65507
4604	-0.86782
4605	-1.18963
4606	-1.48941
4607	-1.77581
4608	-2.11931
4609	-2.48946
4610	-2.78144
4611	-2.93431
4612	-2.98129
4613	-2.99169
4614	-2.99250
4615	-2.97604
4616	-2.93343
4617	-2.86647
4618	-2.75521
4619	-2.54138
4620	-2.22011
4621	-1.88782
4622	-1.63558
4623	-1.46742
4624	-1.31008
4625	-1.05794
4626	-0.65201
4627	-0.15965
4628	0.26430
4629	0.59999
4630	0.99259
4631	1.43502
4632	1.76537
4633	1.99384
4634	2.21756
4635	2.38202
4636	2.43780
4637	2.51274
4638	2.83048
4639	3.57104
4640	4.68320
4641	5.90272
4642	7.05380
4643	8.00386
4644	8.56925
4645	8.86608
4646	9.31238
4647	10.23699
4648	11.74724
4649	13.61782
4650	15.30234
4651	16.33149
4652	16.58130
4653	16.18465
4654	15.36921
4655	14.44060
4656	13.65230
4657	12.89615
4658	11.89498
4659	10.63615
4660	9.24643
4661	7.79065
4662	6.37547
4663	5.09382
4664	3.88713
4665	2.67960
4666	1.52721
4667	0.57377
4668	-0.07249
4669	-0.41452
4670	-0.49605
4671	-0.27944
4672	0.33411
4673	1.23822
4674	1.92361
4675	1.72471
4676	0.41162
4677	-1.29310
4678	-2.27935
4679	-2.35272
4680	-1.98095
4681	-1.26061
4682	-0.29304
4683	0.48055
4684	0.90652
4685	1.25495
4686	1.76610
4687	2.37463
4688	2.55705
4689	1.83876
4690	0.55468
4691	-0.59911
4692	-1.38664
4693	-1.86818
4694	-1.96425
4695	-1.63324
4696	-1.07015
4697	-0.46993
4698	0.04957
4699	0.34357
4700	0.34235
4701	0.10552
4702	-0.27479
4703	-0.69028
4704	-1.06319
4705	-1.41973
4706	-1.71783
4707	-1.80693
4708	-1.71563
4709	-1.63421
4710	-1.63307
4711	-1.66071
4712	-1.68999
4713	-1.72568
4714	-1.76129
4715	-1.80445
4716	-1.90659
4717	-2.10747
4718	-2.36301
4719	-2.61105
4720	-2.84129
4721	-3.01290
4722	-3.05489
4723	-2.98412
4724	-2.88925
4725	-2.80953
4726	-2.71853
4727	-2.60105
4728	-2.45935
4729	-2.28536
4730	-2.07535
4731	-1.85281
4732	-1.65892
4733	-1.48314
4734	-1.23676
4735	-0.85366
4736	-0.37558
4737	0.09929
4738	0.50315
4739	0.79532
4740	0.98433
4741	1.18471
4742	1.47355
4743	1.77772
4744	2.03498
4745	2.29999
4746	2.66108
4747	3.17545
4748	3.93121
4749	4.96604
4750	6.11245
4751	7.23217
4752	8.22951
4753	8.77951
4754	8.75640
4755	8.67567
4756	9.18497
4757	10.40678
4758	12.03439
4759	13.80357
4760	15.49678
4761	16.70711
4762	17.12857
4763	16.90944
4764	16.33808
4765	15.50437
4766	14.48717
4767	13.41022
4768	12.30688
4769	11.20673
4770	10.10774
4771	8.86854
4772	7.40419
4773	5.93292
4774	4.74415
4775	3.77166
4776	2.76344
4777	1.68606
4778	0.68089
4779	-0.05223
4780	-0.20707
4781	0.36928
4782	1.22334
4783	1.45695
4784	0.52842
4785	-1.09828
4786	-2.29230
4787	-2.39327
4788	-1.70244
4789	-0.74721
4790	0.18978
4791	0.81701
4792	0.91302
4793	0.76507
4794	1.04856
4795	1.84103
4796	2.26580
4797	1.74307
4798	0.72900
4799	-0.09297
4800	-0.46314
4801	-0.44536
4802	-0.18390
4803	0.21280
4804	0.61133
4805	0.80621
4806	0.65282
4807	0.22370
4808	-0.24199
4809	-0.56439
4810	-0.75256
4811	-0.91815
4812	-1.11939
4813	-1.27279
4814	-1.28098
4815	-1.22330
4816	-1.20697
4817	-1.20965
4818	-1.21197
4819	-1.18628
4820	-1.12051
4821	-1.16547
4822	-1.38744
4823	-1.60634
4824	-1.72550
4825	-1.84959
4826	-2.04914
4827	-2.25890
4828	-2.38332
4829	-2.41004
4830	-2.38157
4831	-2.31306
4832	-2.22886
4833	-2.17247
4834	-2.11774
4835	-2.00457
4836	-1.81073
4837	-1.50784
4838	-1.12847
4839	-0.82202
4840	-0.64250
4841	-0.47142
4842	-0.23795
4843	0.03946
4844	0.39036
4845	0.83438
4846	1.28848
4847	1.66568
4848	1.95330
4849	2.18015
4850	2.37543
4851	2.51795
4852	2.57118
4853	2.59856
4854	2.71473
4855	2.99511
4856	3.48933
4857	4.19119
4858	5.10064
4859	6.24263
4860	7.41211
4861	8.18362
4862	8.44224
4863	8.55827
4864	8.86381
4865	9.47172
4866	10.56455
4867	12.20036
4868	13.95804
4869	15.27656
4870	16.02307
4871	16.40196
4872	16.44785
4873	15.98076
4874	15.02375
4875	13.83801
4876	12.57765
4877	11.30056
4878	10.10380
4879	8.91931
4880	7.54857
4881	6.00836
4882	4.50199
4883	3.18961
4884	2.08542
4885	1.07859
4886	0.14307
4887	-0.52979
4888	-0.63105
4889	0.06210
4890	1.27507
4891	2.01880
4892	1.36937
4893	-0.43538
4894	-2.16118
4895	-2.83029
4896	-2.46573
4897	-1.64052
4898	-0.69098
4899	0.21768
4900	0.83548
4901	1.06932
4902	1.20655
4903	1.67221
4904	2.45192
4905	2.85007
4906	2.27222
4907	1.00140
4908	-0.25840
4909	-1.12828
4910	-1.57570
4911	-1.64078
4912	-1.39610
4913	-0.96011
4914	-0.43477
4915	0.06359
4916	0.36640
4917	0.34688
4918	0.05244
4919	-0.32496
4920	-0.63396
4921	-0.86099
4922	-1.06979
4923	-1.31060
4924	-1.55348
4925	-1.75018
4926	-1.92879
4927	-2.09533
4928	-2.18726
4929	-2.18278
4930	-2.14273
4931	-2.19843
4932	-2.44761
4933	-2.81967
4934	-3.14619
4935	-3.31709
4936	-3.35168
4937	-3.35458
4938	-3.39278
4939	-3.44686
4940	-3.45466
4941	-3.39077
4942	-3.27472
4943	-3.08035
4944	-2.76951
4945	-2.42069
4946	-2.16006
4947	-1.98600
4948	-1.80829
4949	-1.61099
4950	-1.40518
4951	-1.11158
4952	-0.70712
4953	-0.32155
4954	-0.01939
4955	0.31463
4956	0.78359
4957	1.30861
4958	1.72413
4959	1.93651
4960	1.97238
4961	1.99099
4962	2.17856
4963	2.60195
4964	3.23749
4965	4.11107
4966	5.32188
4967	6.81908
4968	8.31134
4969	9.48468
4970	10.05865
4971	9.87887
4972	9.33455
4973	9.26677
4974	10.25010
4975	12.16875
4976	14.38023
4977	16.23441
4978	17.39503
4979	17.75649
4980	17.44234
4981	16.78789
4982	16.00841
4983	15.00994
4984	13.63412
4985	11.99538
4986	10.37584
4987	8.80996
4988	7.14095
4989	5.43001
4990	3.92354
4991	2.65422
4992	1.45579
4993	0.40061
4994	-0.22254
4995	-0.31370
4996	0.05956
4997	0.75789
4998	1.33619
4999	1.12097
5000	-0.17439
5001	-1.88611
5002	-2.82187
5003	-2.43577
5004	-1.25261
5005	-0.12516
5006	0.56510
5007	0.88911
5008	0.96204
5009	1.04659
5010	1.64302
5011	2.57253
5012	2.76405
5013	1.82542
5014	0.63086
5015	-0.06840
5016	-0.31331
5017	-0.42157
5018	-0.53601
5019	-0.55706
5020	-0.38001
5021	-0.17657
5022	-0.16477
5023	-0.28801
5024	-0.42645
5025	-0.60449
5026	-0.83837
5027	-1.08066
5028	-1.29018
5029	-1.44618
5030	-1.59389
5031	-1.80889
5032	-2.04528
5033	-2.18776
5034	-2.23040
5035	-2.23744
5036	-2.26671
5037	-2.35614
5038	-2.46884
5039	-2.53529
5040	-2.56739
5041	-2.64894
5042	-2.79419
5043	-2.89083
5044	-2.82000
5045	-2.60628
5046	-2.41141
5047	-2.32023
5048	-2.27059
5049	-2.21009
5050	-2.11975
5051	-1.99073
5052	-1.82582
5053	-1.59593
5054	-1.33167
5055	-1.13639
5056	-1.01602
5057	-0.87875
5058	-0.67711
5059	-0.42065
5060	-0.10249
5061	0.23242
5062	0.46726
5063	0.58890
5064	0.67718
5065	0.75399
5066	0.81400
5067	0.89542
5068	1.06824
5069	1.43193
5070	2.04213
5071	2.85962
5072	3.89644
5073	5.21648
5074	6.69595
5075	7.94331
5076	8.50050
5077	8.37289
5078	8.30549
5079	9.02537
5080	10.58123
5081	12.62548
5082	14.62165
5083	15.90732
5084	16.11712
5085	15.53496
5086	14.88386
5087	14.62407
5088	14.52157
5089	14.10495
5090	13.22541
5091	12.00930
5092	10.71919
5093	9.55807
5094	8.47492
5095	7.40018
5096	6.38670
5097	5.42543
5098	4.40016
5099	3.25148
5100	2.07273
5101	1.01054
5102	0.23808
5103	-0.00794
5104	0.28508
5105	0.56391
5106	0.11514
5107	-1.04709
5108	-2.13092
5109	-2.46207
5110	-2.03730
5111	-1.25091
5112	-0.30177
5113	0.66763
5114	1.26573
5115	1.34488
5116	1.46829
5117	2.00373
5118	2.26870
5119	1.62007
5120	0.52729
5121	-0.30541
5122	-0.76589
5123	-0.93768
5124	-0.85227
5125	-0.60118
5126	-0.31751
5127	-0.14059
5128	-0.13401
5129	-0.25819
5130	-0.47447
5131	-0.75438
5132	-1.04174
5133	-1.28087
5134	-1.41266
5135	-1.38752
5136	-1.28380
5137	-1.26121
5138	-1.26359
5139	-1.10557
5140	-0.88577
5141	-0.81864
5142	-0.85853
5143	-0.89400
5144	-0.97085
5145	-1.16606
5146	-1.47689
5147	-1.83647
5148	-2.17676
5149	-2.46481
5150	-2.67772
5151	-2.79176
5152	-2.81548
5153	-2.77843
5154	-2.68775
5155	-2.55231
5156	-2.40224
5157	-2.24179
5158	-2.04199
5159	-1.80189
5160	-1.54835
5161	-1.26669
5162	-0.94806
5163	-0.65610
5164	-0.41657
5165	-0.14576
5166	0.23122
5167	0.68744
5168	1.15192
5169	1.58804
5170	2.01179
5171	2.44142
5172	2.78242
5173	2.84423
5174	2.59888
5175	2.29316
5176	2.17733
5177	2.39936
5178	3.15312
5179	4.44109
5180	5.89005
5181	7.18376
5182	8.29926
5183	9.14723
5184	9.45175
5185	9.22859
5186	9.06197
5187	9.63055
5188	11.10256
5189	13.09336
5190	15.02937
5191	16.48157
5192	17.21827
5193	17.20387
5194	16.68822
5195	16.02050
5196	15.31258
5197	14.42343
5198	13.18277
5199	11.61329
5200	9.98503
5201	8.54603
5202	7.23543
5203	5.85373
5204	4.37783
5205	2.92389
5206	1.58542
5207	0.46737
5208	-0.35201
5209	-0.87670
5210	-0.89983
5211	-0.07506
5212	1.29872
5213	2.04826
5214	1.16040
5215	-0.91166
5216	-2.56565
5217	-2.86235
5218	-2.17896
5219	-1.06383
5220	0.25859
5221	1.29188
5222	1.46914
5223	1.01836
5224	0.85989
5225	1.44872
5226	2.11756
5227	1.95175
5228	1.02539
5229	0.10628
5230	-0.43291
5231	-0.78768
5232	-1.11841
5233	-1.25135
5234	-1.01630
5235	-0.60955
5236	-0.36875
5237	-0.35277
5238	-0.42767
5239	-0.55453
5240	-0.75005
5241	-0.95509
5242	-1.12135
5243	-1.28025
5244	-1.41985
5245	-1.43370
5246	-1.30648
5247	-1.20232
5248	-1.25540
5249	-1.42695
5250	-1.62340
5251	-1.81339
5252	-2.02250
5253	-2.27704
5254	-2.56126
5255	-2.81610
5256	-2.95502
5257	-2.96258
5258	-2.94028
5259	-2.94619
5260	-2.93182
5261	-2.86151
5262	-2.77646
5263	-2.73076
5264	-2.67939
5265	-2.52407
5266	-2.26122
5267	-1.95683
5268	-1.65629
5269	-1.38603
5270	-1.13541
5271	-0.85979
5272	-0.55849
5273	-0.24636
5274	0.12844
5275	0.60056
5276	1.09179
5277	1.51794
5278	1.89549
5279	2.23130
5280	2.44142
5281	2.50163
5282	2.54511
5283	2.70516
5284	2.99194
5285	3.43445
5286	4.11451
5287	5.01332
5288	6.07966
5289	7.28674
5290	8.40516
5291	8.97662
5292	8.84470
5293	8.53857
5294	8.77223
5295	9.77781
5296	11.35068
5297	13.18779
5298	14.95327
5299	16.26320
5300	16.85460
5301	16.73717
5302	16.13980
5303	15.38751
5304	14.66065
5305	13.78407
5306	12.64677
5307	11.51013
5308	10.42398
5309	9.10483
5310	7.55573
5311	6.09026
5312	4.85573
5313	3.71512
5314	2.53896
5315	1.38575
5316	0.47467
5317	0.09687
5318	0.36585
5319	1.00731
5320	1.38916
5321	0.86686
5322	-0.59968
5323	-2.24204
5324	-3.13671
5325	-2.97906
5326	-2.18503
5327	-1.17486
5328	-0.05031
5329	0.96167
5330	1.50559
5331	1.57027
5332	1.65469
5333	2.24269
5334	2.91472
5335	2.60766
5336	1.17250
5337	-0.38339
5338	-1.36711
5339	-1.98139
5340	-2.46862
5341	-2.64400
5342	-2.33342
5343	-1.65248
5344	-0.91602
5345	-0.42637
5346	-0.25875
5347	-0.35571
5348	-0.68347
5349	-1.16174
5350	-1.62768
5351	-1.94836
5352	-2.13163
5353	-2.28808
5354	-2.47168
5355	-2.62351
5356	-2.69314
5357	-2.74995
5358	-2.86904
5359	-2.98955
5360	-3.02676
5361	-3.01139
5362	-3.06023
5363	-3.20611
5364	-3.32553
5365	-3.36769
5366	-3.40452
5367	-3.39697
5368	-3.28145
5369	-3.12873
5370	-2.98707
5371	-2.83271
5372	-2.67496
5373	-2.51736
5374	-2.30569
5375	-2.01766
5376	-1.73771
5377	-1.54039
5378	-1.39893
5379	-1.26943
5380	-1.11499
5381	-0.86875
5382	-0.50744
5383	-0.10449
5384	0.30302
5385	0.76046
5386	1.24050
5387	1.64405
5388	1.96822
5389	2.25261
5390	2.40297
5391	2.40413
5392	2.57261
5393	3.16449
5394	4.00198
5395	4.90515
5396	6.05910
5397	7.50507
5398	8.80090
5399	9.45844
5400	9.32892
5401	8.82343
5402	8.87856
5403	10.23533
5404	12.71270
5405	15.35420
5406	17.25939
5407	18.22346
5408	18.52366
5409	18.29187
5410	17.47874
5411	16.27908
5412	15.06338
5413	13.95674
5414	12.82760
5415	11.54039
5416	10.07370
5417	8.52912
5418	7.01694
5419	5.56490
5420	4.18257
5421	2.87110
5422	1.59344
5423	0.39679
5424	-0.46900
5425	-0.67130
5426	-0.07008
5427	0.94971
5428	1.45048
5429	0.65419
5430	-1.15506
5431	-2.68226
5432	-2.91417
5433	-2.11756
5434	-1.20940
5435	-0.49089
5436	0.13687
5437	0.51150
5438	0.56917
5439	0.79440
5440	1.68271
5441	2.78890
5442	2.99464
5443	2.04587
5444	0.83199
5445	0.00013
5446	-0.61996
5447	-1.33564
5448	-2.10629
5449	-2.67446
5450	-2.84114
5451	-2.71656
5452	-2.62089
5453	-2.72300
5454	-2.98531
5455	-3.33488
5456	-3.71652
5457	-4.06672
5458	-4.31601
5459	-4.39380
5460	-4.34704
5461	-4.38390
5462	-4.55045
5463	-4.62593
5464	-4.46467
5465	-4.12256
5466	-3.77849
5467	-3.59101
5468	-3.48743
5469	-3.36817
5470	-3.33830
5471	-3.39180
5472	-3.36591
5473	-3.31080
5474	-3.35837
5475	-3.45587
5476	-3.53047
5477	-3.56765
5478	-3.51369
5479	-3.33125
5480	-3.09128
5481	-2.90740
5482	-2.77512
5483	-2.55790
5484	-2.21725
5485	-1.92630
5486	-1.80472
5487	-1.75146
5488	-1.63414
5489	-1.40991
5490	-1.12009
5491	-0.83040
5492	-0.51690
5493	-0.16640
5494	0.13064
5495	0.35458
5496	0.60919
5497	0.90106
5498	1.11083
5499	1.31995
5500	1.76374
5501	2.46634
5502	3.43922
5503	4.79982
5504	6.37297
5505	7.78210
5506	8.73097
5507	8.96011
5508	8.67050
5509	8.71063
5510	9.68853
5511	11.53254
5512	13.85057
5513	15.99357
5514	17.34175
5515	17.83537
5516	17.74550
5517	17.24762
5518	16.44703
5519	15.43656
5520	14.27587
5521	13.03315
5522	11.80899
5523	10.64775
5524	9.49697
5525	8.32329
5526	7.14342
5527	5.91390
5528	4.58404
5529	3.25094
5530	2.04931
5531	1.01847
5532	0.25848
5533	0.01996
5534	0.39588
5535	0.96181
5536	0.96759
5537	0.00305
5538	-1.51416
5539	-2.62676
5540	-2.67666
5541	-1.85545
5542	-0.81226
5543	0.04760
5544	0.54798
5545	0.59760
5546	0.48317
5547	0.83509
5548	1.69330
5549	2.16278
5550	1.63274
5551	0.58334
5552	-0.28827
5553	-0.80960
5554	-0.99827
5555	-0.81459
5556	-0.33898
5557	0.17643
5558	0.45740
5559	0.43585
5560	0.25898
5561	0.02908
5562	-0.27260
5563	-0.63922
5564	-0.98735
5565	-1.23014
5566	-1.32478
5567	-1.27508
5568	-1.14803
5569	-1.03997
5570	-0.99766
5571	-0.98987
5572	-0.93838
5573	-0.81378
5574	-0.70830
5575	-0.79441
5576	-1.18990
5577	-1.75813
5578	-2.13424
5579	-2.16051
5580	-2.04924
5581	-2.01092
5582	-2.05988
5583	-2.12430
5584	-2.14865
5585	-2.12013
5586	-2.02579
5587	-1.84982
5588	-1.62319
5589	-1.41034
5590	-1.22249
5591	-1.01544
5592	-0.78512
5593	-0.56629
5594	-0.38009
5595	-0.22115
5596	-0.02153
5597	0.30630
5598	0.72345
5599	1.10412
5600	1.43051
5601	1.77677
5602	2.14704
5603	2.46145
5604	2.63027
5605	2.59175
5606	2.41276
5607	2.37462
5608	2.77599
5609	3.61837
5610	4.65649
5611	5.74210
5612	6.86248
5613	7.94838
5614	8.82388
5615	9.16526
5616	8.87683
5617	8.62453
5618	9.25534
5619	10.88956
5620	13.00068
5621	14.91510
5622	16.29923
5623	17.30326
5624	17.95103
5625	17.92244
5626	17.20562
5627	16.15688
5628	15.00448
5629	13.83247
5630	12.60530
5631	11.16036
5632	9.53204
5633	7.94749
5634	6.47135
5635	5.00263
5636	3.52239
5637	2.13296
5638	0.88515
5639	-0.24984
5640	-1.18961
5641	-1.63235
5642	-1.27096
5643	-0.17068
5644	1.09675
5645	1.60267
5646	0.62583
5647	-1.34045
5648	-2.74186
5649	-2.69800
5650	-1.77920
5651	-0.77416
5652	0.08428
5653	0.57933
5654	0.52184
5655	0.33238
5656	0.79195
5657	2.02009
5658	3.09963
5659	3.06554
5660	2.01143
5661	0.80504
5662	0.02491
5663	-0.46942
5664	-0.93676
5665	-1.20725
5666	-1.08810
5667	-0.81114
5668	-0.69743
5669	-0.73386
5670	-0.77683
5671	-0.81499
5672	-0.89391
5673	-1.03381
5674	-1.15732
5675	-1.14531
5676	-1.05062
5677	-1.03131
5678	-1.13844
5679	-1.33430
5680	-1.51750
5681	-1.54881
5682	-1.46016
5683	-1.44070
5684	-1.55042
5685	-1.75164
5686	-2.07522
5687	-2.47415
5688	-2.78413
5689	-2.93516
5690	-3.00186
5691	-3.06252
5692	-3.09062
5693	-3.05376
5694	-3.00955
5695	-2.99871
5696	-3.01761
5697	-3.03713
5698	-2.97629
5699	-2.78975
5700	-2.51851
5701	-2.21429
5702	-1.89986
5703	-1.60855
5704	-1.37480
5705	-1.14758
5706	-0.81863
5707	-0.37991
5708	0.05260
5709	0.39032
5710	0.65863
5711	0.92053
5712	1.17179
5713	1.38142
5714	1.58811
5715	1.84611
5716	2.16167
5717	2.61397
5718	3.39860
5719	4.57350
5720	5.97809
5721	7.45640
5722	8.82117
5723	9.66462
5724	9.58823
5725	8.91361
5726	8.75965
5727	9.81631
5728	11.68634
5729	13.60770
5730	15.11999
5731	16.21944
5732	17.03753
5733	17.37549
5734	16.99125
5735	16.08299
5736	15.08525
5737	14.15943
5738	13.11696
5739	11.89324
5740	10.65212
5741	9.37565
5742	7.94508
5743	6.39092
5744	4.81357
5745	3.32026
5746	1.94324
5747	0.66519
5748	-0.40989
5749	-1.07433
5750	-1.09065
5751	-0.31521
5752	0.87457
5753	1.50109
5754	0.78095
5755	-1.01012
5756	-2.67442
5757	-3.23892
5758	-2.70429
5759	-1.64888
5760	-0.55771
5761	0.22517
5762	0.49107
5763	0.38891
5764	0.44587
5765	1.17295
5766	2.33631
5767	2.86121
5768	2.16214
5769	0.87652
5770	-0.22086
5771	-1.05262
5772	-1.77830
5773	-2.30389
5774	-2.46157
5775	-2.25123
5776	-1.87616
5777	-1.63349
5778	-1.62450
5779	-1.71931
5780	-1.86374
5781	-2.04650
5782	-2.12474
5783	-2.05619
5784	-2.01632
5785	-2.14661
5786	-2.39770
5787	-2.64255
5788	-2.81910
5789	-2.94910
5790	-3.07716
5791	-3.12865
5792	-2.99620
5793	-2.87804
5794	-3.07477
5795	-3.43589
5796	-3.52934
5797	-3.29446
5798	-3.09927
5799	-3.17684
5800	-3.37082
5801	-3.42182
5802	-3.27495
5803	-3.09445
5804	-3.00400
5805	-2.92666
5806	-2.78202
5807	-2.63993
5808	-2.52827
5809	-2.33719
5810	-2.04488
5811	-1.76444
5812	-1.52886
5813	-1.25813
5814	-0.88871
5815	-0.43530
5816	0.04382
5817	0.50483
5818	0.90702
5819	1.24345
5820	1.55307
5821	1.78603
5822	1.86442
5823	1.90097
5824	2.09107
5825	2.43764
5826	2.86885
5827	3.53334
5828	4.58866
5829	5.92042
5830	7.32083
5831	8.54357
5832	9.23186
5833	9.19644
5834	8.77551
5835	8.68218
5836	9.45850
5837	11.23072
5838	13.65105
5839	15.98688
5840	17.62652
5841	18.41569
5842	18.51103
5843	18.12374
5844	17.38529
5845	16.35675
5846	15.12255
5847	13.85553
5848	12.67453
5849	11.47149
5850	10.10238
5851	8.65118
5852	7.22133
5853	5.73689
5854	4.23480
5855	2.93632
5856	1.90599
5857	1.00980
5858	0.16931
5859	-0.54639
5860	-0.91744
5861	-0.63342
5862	0.27465
5863	1.09471
5864	0.90536
5865	-0.47329
5866	-2.11049
5867	-2.87292
5868	-2.54578
5869	-1.66586
5870	-0.65563
5871	0.21065
5872	0.59916
5873	0.55418
5874	0.80936
5875	1.80532
5876	2.69601
5877	2.52072
5878	1.70098
5879	1.06278
5880	0.55307
5881	-0.11187
5882	-0.75184
5883	-1.16004
5884	-1.29715
5885	-1.15128
5886	-0.94906
5887	-0.99974
5888	-1.22226
5889	-1.37583
5890	-1.48219
5891	-1.61211
5892	-1.70970
5893	-1.81883
5894	-2.02255
5895	-2.24050
5896	-2.39352
5897	-2.49496
5898	-2.55819
5899	-2.62005
5900	-2.68091
5901	-2.62408
5902	-2.40672
5903	-2.23086
5904	-2.27840
5905	-2.42965
5906	-2.53066
5907	-2.64531
5908	-2.76239
5909	-2.73184
5910	-2.62377
5911	-2.60971
5912	-2.65451
5913	-2.67786
5914	-2.64924
5915	-2.53025
5916	-2.34785
5917	-2.15252
5918	-1.93613
5919	-1.67191
5920	-1.37601
5921	-1.13991
5922	-1.02167
5923	-0.91477
5924	-0.66993
5925	-0.29338
5926	0.08059
5927	0.33905
5928	0.48732
5929	0.65598
5930	0.93244
5931	1.18222
5932	1.23381
5933	1.16820
5934	1.20850
5935	1.47786
5936	1.97574
5937	2.70511
5938	3.74416
5939	5.10272
5940	6.59337
5941	7.93062
5942	8.76635
5943	8.81695
5944	8.45126
5945	8.61108
5946	9.77289
5947	11.63071
5948	13.64600
5949	15.40888
5950	16.71011
5951	17.43528
5952	17.49074
5953	16.98186
5954	16.16417
5955	15.19792
5956	14.16047
5957	13.04356
5958	11.76534
5959	10.36081
5960	8.93102
5961	7.49103
5962	6.05529
5963	4.64914
5964	3.20360
5965	1.73106
5966	0.50889
5967	-0.20588
5968	-0.37225
5969	-0.01929
5970	0.69692
5971	1.30666
5972	1.11986
5973	-0.13677
5974	-1.69379
5975	-2.41207
5976	-1.98806
5977	-0.99190
5978	0.02191
5979	0.76253
5980	0.94825
5981	0.68629
5982	0.75106
5983	1.46765
5984	1.95723
5985	1.40547
5986	0.21044
5987	-0.78651
5988	-1.24487
5989	-1.23612
5990	-0.96759
5991	-0.63138
5992	-0.30841
5993	-0.02495
5994	0.18134
5995	0.24580
5996	0.12401
5997	-0.12357
5998	-0.37584
5999	-0.57086
6000	-0.69743
6001	-0.75162
6002	-0.75590
6003	-0.76738
6004	-0.84721
6005	-0.95662
6006	-0.97156
6007	-0.89193
6008	-0.80753
6009	-0.74622
6010	-0.80985
6011	-1.10313
6012	-1.46665
6013	-1.70875
6014	-1.88689
6015	-2.10083
6016	-2.31272
6017	-2.48462
6018	-2.64036
6019	-2.75315
6020	-2.75376
6021	-2.64811
6022	-2.53149
6023	-2.47748
6024	-2.44891
6025	-2.31819
6026	-1.99403
6027	-1.57566
6028	-1.27080
6029	-1.11922
6030	-0.98687
6031	-0.77398
6032	-0.46809
6033	-0.10488
6034	0.25738
6035	0.57987
6036	0.85981
6037	1.10742
6038	1.30022
6039	1.38930
6040	1.39596
6041	1.43066
6042	1.60784
6043	2.07092
6044	3.00552
6045	4.39427
6046	5.92815
6047	7.32838
6048	8.49591
6049	9.29136
6050	9.39540
6051	8.81768
6052	8.47218
6053	9.34611
6054	11.28571
6055	13.33753
6056	14.77884
6057	15.47678
6058	15.69207
6059	15.66496
6060	15.38193
6061	14.79023
6062	14.03308
6063	13.27800
6064	12.49042
6065	11.59490
6066	10.64527
6067	9.63997
6068	8.48781
6069	7.20457
6070	5.82121
6071	4.30381
6072	2.69894
6073	1.14910
6074	-0.12996
6075	-0.82266
6076	-0.68492
6077	0.06426
6078	0.60104
6079	0.13492
6080	-1.15818
6081	-2.28238
6082	-2.62313
6083	-2.40563
6084	-1.88273
6085	-0.95641
6086	0.16058
6087	0.90333
6088	1.07200
6089	1.09035
6090	1.50792
6091	2.35727
6092	2.95456
6093	2.65169
6094	1.63818
6095	0.56342
6096	-0.16969
6097	-0.51734
6098	-0.62906
6099	-0.62395
6100	-0.45052
6101	-0.11747
6102	0.13003
6103	0.14653
6104	0.05465
6105	-0.06669
6106	-0.27886
6107	-0.53490
6108	-0.70309
6109	-0.80245
6110	-0.90593
6111	-0.99681
6112	-1.09304
6113	-1.20391
6114	-1.22992
6115	-1.15418
6116	-1.09197
6117	-1.11106
6118	-1.20509
6119	-1.37668
6120	-1.66413
6121	-2.03958
6122	-2.33241
6123	-2.42729
6124	-2.43081
6125	-2.51465
6126	-2.70538
6127	-2.86758
6128	-2.87911
6129	-2.80811
6130	-2.78353
6131	-2.77568
6132	-2.68979
6133	-2.51580
6134	-2.26499
6135	-1.93594
6136	-1.59237
6137	-1.31085
6138	-1.09835
6139	-0.91292
6140	-0.65740
6141	-0.27200
6142	0.15768
6143	0.54822
6144	0.93297
6145	1.34742
6146	1.75410
6147	2.06222
6148	2.17884
6149	2.14141
6150	2.12048
6151	2.22308
6152	2.49223
6153	3.07957
6154	4.13634
6155	5.53284
6156	6.96963
6157	8.25165
6158	9.14293
6159	9.28659
6160	8.78717
6161	8.49955
6162	9.14905
6163	10.68658
6164	12.72612
6165	14.82418
6166	16.44980
6167	17.31619
6168	17.55525
6169	17.38318
6170	16.86368
6171	16.03391
6172	15.04309
6173	14.00623
6174	12.83624
6175	11.47903
6176	10.08300
6177	8.74422
6178	7.40237
6179	6.01343
6180	4.62373
6181	3.26689
6182	1.93767
6183	0.74422
6184	-0.07046
6185	-0.27728
6186	0.17785
6187	0.94573
6188	1.21143
6189	0.28295
6190	-1.47896
6191	-2.78904
6192	-2.83079
6193	-1.97897
6194	-1.01236
6195	-0.17179
6196	0.51392
6197	0.75221
6198	0.57271
6199	0.78287
6200	1.78858
6201	2.59841
6202	2.19904
6203	1.05486
6204	0.15020
6205	-0.34870
6206	-0.70011
6207	-0.90840
6208	-0.92697
6209	-0.79329
6210	-0.57307
6211	-0.42887
6212	-0.45950
6213	-0.57158
6214	-0.68677
6215	-0.80007
6216	-0.87339
6217	-0.89134
6218	-0.88616
6219	-0.89850
6220	-0.97869
6221	-1.13524
6222	-1.30662
6223	-1.41444
6224	-1.44703
6225	-1.49404
6226	-1.66196
6227	-1.95526
6228	-2.24601
6229	-2.44367
6230	-2.62310
6231	-2.84284
6232	-3.03183
6233	-3.12596
6234	-3.11967
6235	-3.03925
6236	-2.92626
6237	-2.79493
6238	-2.68493
6239	-2.65568
6240	-2.61856
6241	-2.40927
6242	-2.05861
6243	-1.72030
6244	-1.43282
6245	-1.16643
6246	-0.93228
6247	-0.72922
6248	-0.49333
6249	-0.14354
6250	0.31891
6251	0.77575
6252	1.13552
6253	1.44811
6254	1.77107
6255	2.04199
6256	2.16762
6257	2.17115
6258	2.19197
6259	2.32007
6260	2.61430
6261	3.18716
6262	3.94939
6263	4.71725
6264	5.60735
6265	6.68875
6266	7.69022
6267	8.31753
6268	8.37855
6269	8.02771
6270	7.97382
6271	8.78185
6272	10.39146
6273	12.45623
6274	14.47590
6275	15.98469
6276	16.94304
6277	17.51054
6278	17.70198
6279	17.51179
6280	16.99499
6281	16.13258
6282	14.81713
6283	13.21914
6284	11.82166
6285	10.68668
6286	9.40407
6287	7.84356
6288	6.18533
6289	4.53357
6290	2.87842
6291	1.23775
6292	-0.17950
6293	-1.02287
6294	-1.11551
6295	-0.55406
6296	0.42218
6297	1.30914
6298	1.31477
6299	0.02202
6300	-1.83673
6301	-2.88967
6302	-2.61981
6303	-1.66324
6304	-0.63986
6305	0.26908
6306	0.87906
6307	1.12127
6308	1.51251
6309	2.57805
6310	3.69289
6311	3.63972
6312	2.36738
6313	0.96113
6314	0.01259
6315	-0.77302
6316	-1.55830
6317	-2.03451
6318	-2.09773
6319	-2.01946
6320	-2.01540
6321	-2.08842
6322	-2.17987
6323	-2.27798
6324	-2.42055
6325	-2.62887
6326	-2.87604
6327	-3.11174
6328	-3.30681
6329	-3.50722
6330	-3.75606
6331	-3.97862
6332	-4.07398
6333	-4.03737
6334	-3.92188
6335	-3.76060
6336	-3.57643
6337	-3.47404
6338	-3.58902
6339	-3.87576
6340	-4.11563
6341	-4.15506
6342	-4.02616
6343	-3.86409
6344	-3.77510
6345	-3.78006
6346	-3.80997
6347	-3.76401
6348	-3.58040
6349	-3.27352
6350	-2.95431
6351	-2.73364
6352	-2.60582
6353	-2.46496
6354	-2.23687
6355	-1.98653
6356	-1.78436
6357	-1.54243
6358	-1.14361
6359	-0.62675
6360	-0.11944
6361	0.31402
6362	0.66316
6363	0.90994
6364	1.06825
6365	1.20400
6366	1.32738
6367	1.43125
6368	1.67135
6369	2.16034
6370	2.78131
6371	3.51932
6372	4.54564
6373	5.89921
6374	7.31577
6375	8.28232
6376	8.51105
6377	8.43281
6378	8.82601
6379	10.10710
6380	12.18900
6381	14.60223
6382	16.73304
6383	18.20399
6384	18.89770
6385	18.77250
6386	17.99810
6387	16.97286
6388	15.92949
6389	14.80255
6390	13.47076
6391	11.96084
6392	10.47688
6393	9.11541
6394	7.70871
6395	6.18613
6396	4.72301
6397	3.38994
6398	2.04654
6399	0.64570
6400	-0.61529
6401	-1.46911
6402	-1.79282
6403	-1.55078
6404	-0.68152
6405	0.62773
6406	1.70359
6407	1.70420
6408	0.36087
6409	-1.49601
6410	-2.65967
6411	-2.87710
6412	-2.51753
6413	-1.68173
6414	-0.63119
6415	0.09761
6416	0.41286
6417	0.71380
6418	1.26631
6419	1.97665
6420	2.40098
6421	2.09308
6422	1.24665
6423	0.41620
6424	-0.25153
6425	-0.92919
6426	-1.61763
6427	-2.16773
6428	-2.51836
6429	-2.71984
6430	-2.80680
6431	-2.81605
6432	-2.90173
6433	-3.16480
6434	-3.51027
6435	-3.84654
6436	-4.18493
6437	-4.51897
6438	-4.76989
6439	-4.91819
6440	-5.03053
6441	-5.05531
6442	-4.88070
6443	-4.59119
6444	-4.41672
6445	-4.40833
6446	-4.32865
6447	-4.08458
6448	-3.93440
6449	-3.95302
6450	-3.88517
6451	-3.71423
6452	-3.68946
6453	-3.79938
6454	-3.81916
6455	-3.71854
6456	-3.63620
6457	-3.61700
6458	-3.56112
6459	-3.39275
6460	-3.15037
6461	-2.87338
6462	-2.58512
6463	-2.31172
6464	-2.05235
6465	-1.86127
6466	-1.76512
6467	-1.62634
6468	-1.29843
6469	-0.81334
6470	-0.35221
6471	0.00120
6472	0.35811
6473	0.77343
6474	1.14384
6475	1.40388
6476	1.60230
6477	1.80303
6478	2.02245
6479	2.32883
6480	2.96041
6481	4.04516
6482	5.33952
6483	6.48806
6484	7.17861
6485	7.21251
6486	6.94062
6487	7.20805
6488	8.45736
6489	10.40899
6490	12.63284
6491	14.73404
6492	16.23775
6493	16.87956
6494	16.79509
6495	16.32019
6496	15.78002
6497	15.30736
6498	14.72745
6499	13.80770
6500	12.63618
6501	11.47921
6502	10.36519
6503	9.15008
6504	7.79372
6505	6.33958
6506	4.88158
6507	3.49667
6508	2.13539
6509	0.84429
6510	-0.09176
6511	-0.41622
6512	-0.18967
6513	0.18674
6514	0.20085
6515	-0.46728
6516	-1.64405
6517	-2.62827
6518	-2.75373
6519	-2.09251
6520	-1.21991
6521	-0.38911
6522	0.32755
6523	0.72513
6524	1.02387
6525	1.80063
6526	2.74923
6527	2.75356
6528	1.64615
6529	0.48995
6530	-0.06156
6531	-0.39629
6532	-0.97275
6533	-1.68262
6534	-2.17724
6535	-2.30395
6536	-2.21670
6537	-2.13325
6538	-2.09619
6539	-2.01694
6540	-1.86696
6541	-1.73860
6542	-1.68282
6543	-1.65975
6544	-1.67175
6545	-1.75829
6546	-1.90337
6547	-2.02285
6548	-2.01808
6549	-1.86265
6550	-1.61205
6551	-1.33291
6552	-1.12169
6553	-1.12028
6554	-1.33962
6555	-1.61252
6556	-1.83722
6557	-1.98981
6558	-1.99530
6559	-1.90958
6560	-1.91761
6561	-2.00919
6562	-2.03319
6563	-1.97503
6564	-1.92389
6565	-1.89004
6566	-1.80420
6567	-1.65778
6568	-1.49318
6569	-1.30974
6570	-1.09872
6571	-0.87932
6572	-0.68500
6573	-0.53983
6574	-0.38026
6575	-0.06736
6576	0.41547
6577	0.90024
6578	1.26763
6579	1.57616
6580	1.92734
6581	2.35430
6582	2.81458
6583	3.19299
6584	3.35604
6585	3.27438
6586	3.07883
6587	2.95119
6588	3.04326
6589	3.52673
6590	4.43163
6591	5.54430
6592	6.65254
6593	7.46383
6594	7.63295
6595	7.40491
6596	7.51490
6597	8.33625
6598	9.81127
6599	11.76023
6600	13.80018
6601	15.53302
6602	16.78780
6603	17.45124
6604	17.53191
6605	17.23034
6606	16.55407
6607	15.32357
6608	13.66774
6609	11.95366
6610	10.29779
6611	8.56985
6612	6.72694
6613	4.89840
6614	3.26533
6615	1.86951
6616	0.61902
6617	-0.40197
6618	-0.91887
6619	-0.73604
6620	0.05514
6621	0.88338
6622	0.99274
6623	0.09782
6624	-1.39353
6625	-2.59024
6626	-2.65808
6627	-1.56623
6628	-0.11140
6629	1.03147
6630	1.70855
6631	1.88748
6632	1.60978
6633	1.36489
6634	1.67398
6635	2.05589
6636	1.48829
6637	0.00484
6638	-1.32960
6639	-1.87623
6640	-1.89024
6641	-1.70827
6642	-1.34976
6643	-0.79638
6644	-0.20575
6645	0.15269
6646	0.17267
6647	0.04733
6648	-0.03826
6649	-0.16795
6650	-0.43545
6651	-0.71479
6652	-0.86587
6653	-0.90587
6654	-0.88988
6655	-0.83629
6656	-0.75112
6657	-0.64589
6658	-0.60504
6659	-0.70049
6660	-0.83985
6661	-0.93228
6662	-1.05919
6663	-1.28408
6664	-1.52639
6665	-1.72445
6666	-1.89518
6667	-2.01299
6668	-2.01428
6669	-1.93297
6670	-1.86861
6671	-1.80653
6672	-1.67697
6673	-1.53266
6674	-1.44019
6675	-1.34949
6676	-1.19205
6677	-0.93705
6678	-0.62521
6679	-0.40694
6680	-0.35314
6681	-0.33872
6682	-0.23668
6683	-0.03975
6684	0.21497
6685	0.48108
6686	0.71303
6687	0.94282
6688	1.22483
6689	1.47748
6690	1.54455
6691	1.42874
6692	1.32253
6693	1.39593
6694	1.69733
6695	2.28350
6696	3.28613
6697	4.72439
6698	6.35775
6699	7.85253
6700	8.92228
6701	9.36447
6702	9.30654
6703	9.30796
6704	9.98727
6705	11.50933
6706	13.45186
6707	15.22795
6708	16.50889
6709	17.21910
6710	17.34761
6711	16.90667
6712	16.02154
6713	14.85684
6714	13.51430
6715	12.16295
6716	10.99574
6717	9.92918
6718	8.68810
6719	7.19954
6720	5.61620
6721	4.07871
6722	2.67404
6723	1.45041
6724	0.40382
6725	-0.39045
6726	-0.68916
6727	-0.28118
6728	0.66508
6729	1.54255
6730	1.63921
6731	0.62079
6732	-1.02839
6733	-2.27316
6734	-2.42645
6735	-1.63932
6736	-0.57080
6737	0.32113
6738	0.89940
6739	1.08474
6740	1.06129
6741	1.44210
6742	2.31872
6743	2.64988
6744	1.68625
6745	0.16367
6746	-0.84354
6747	-1.19893
6748	-1.37231
6749	-1.66496
6750	-1.97570
6751	-2.03950
6752	-1.84990
6753	-1.66430
6754	-1.63201
6755	-1.69681
6756	-1.81369
6757	-2.02790
6758	-2.31361
6759	-2.54826
6760	-2.68140
6761	-2.75374
6762	-2.77723
6763	-2.73129
6764	-2.64702
6765	-2.56019
6766	-2.43832
6767	-2.25377
6768	-2.02150
6769	-1.80482
6770	-1.78827
6771	-2.09999
6772	-2.52464
6773	-2.76636
6774	-2.83541
6775	-2.86859
6776	-2.91663
6777	-2.99312
6778	-3.03532
6779	-2.96549
6780	-2.84195
6781	-2.74365
6782	-2.63356
6783	-2.43486
6784	-2.14733
6785	-1.85413
6786	-1.61829
6787	-1.42223
6788	-1.20348
6789	-0.94057
6790	-0.68471
6791	-0.44363
6792	-0.18453
6793	0.04964
6794	0.23710
6795	0.45690
6796	0.72174
6797	0.91839
6798	0.99611
6799	1.06781
6800	1.32256
6801	1.87655
6802	2.67612
6803	3.63589
6804	4.76692
6805	6.05306
6806	7.33087
6807	8.29838
6808	8.64552
6809	8.34228
6810	7.93891
6811	8.29352
6812	9.74792
6813	11.84067
6814	13.89654
6815	15.59204
6816	16.75602
6817	17.13506
6818	16.75462
6819	15.89423
6820	14.67926
6821	13.25323
6822	11.94345
6823	10.83092
6824	9.65695
6825	8.29654
6826	6.85826
6827	5.43237
6828	4.05523
6829	2.73237
6830	1.48599
6831	0.46627
6832	-0.19508
6833	-0.46438
6834	-0.25236
6835	0.49263
6836	1.42686
6837	1.73624
6838	0.83073
6839	-0.89869
6840	-2.38227
6841	-2.88619
6842	-2.57415
6843	-2.00027
6844	-1.28469
6845	-0.40534
6846	0.32483
6847	0.69706
6848	0.94240
6849	1.37286
6850	2.07101
6851	2.63081
6852	2.31834
6853	1.15110
6854	0.11179
6855	-0.24281
6856	-0.42365
6857	-0.88911
6858	-1.28719
6859	-1.18350
6860	-0.69998
6861	-0.25456
6862	-0.09851
6863	-0.17608
6864	-0.32192
6865	-0.45321
6866	-0.60811
6867	-0.86455
6868	-1.17194
6869	-1.37963
6870	-1.50594
6871	-1.74279
6872	-2.10151
6873	-2.33176
6874	-2.28208
6875	-2.10579
6876	-2.04929
6877	-2.18064
6878	-2.38161
6879	-2.49054
6880	-2.44068
6881	-2.35857
6882	-2.39910
6883	-2.50273
6884	-2.58561
6885	-2.74926
6886	-3.00437
6887	-3.14828
6888	-3.11270
6889	-3.03580
6890	-2.99491
6891	-2.98942
6892	-2.99510
6893	-2.90767
6894	-2.65921
6895	-2.33401
6896	-2.04686
6897	-1.83015
6898	-1.62173
6899	-1.31906
6900	-0.90779
6901	-0.46854
6902	-0.05087
6903	0.35924
6904	0.76467
6905	1.11670
6906	1.33142
6907	1.39082
6908	1.44919
6909	1.62559
6910	1.80359
6911	1.97614
6912	2.49146
6913	3.63883
6914	5.27380
6915	6.96766
6916	8.31080
6917	9.10961
6918	9.44278
6919	9.63274
6920	10.14145
6921	11.26697
6922	12.91435
6923	14.76469
6924	16.51733
6925	17.80548
6926	18.25458
6927	17.82808
6928	16.77943
6929	15.35895
6930	13.76180
6931	12.19506
6932	10.81371
6933	9.53788
6934	8.17188
6935	6.71793
6936	5.31906
6937	4.02634
6938	2.78723
6939	1.60963
6940	0.60212
6941	-0.17988
6942	-0.73800
6943	-1.02259
6944	-0.95078
6945	-0.42679
6946	0.59642
6947	1.81181
6948	2.41233
6949	1.64474
6950	-0.35047
6951	-2.37620
6952	-3.22023
6953	-2.85236
6954	-1.98364
6955	-1.01949
6956	-0.21122
6957	0.10970
6958	0.06355
6959	0.30709
6960	1.10438
6961	1.72280
6962	1.42532
6963	0.55818
6964	-0.18702
6965	-0.76248
6966	-1.33308
6967	-1.68295
6968	-1.63046
6969	-1.35127
6970	-1.01973
6971	-0.67676
6972	-0.41804
6973	-0.34375
6974	-0.41454
6975	-0.56599
6976	-0.80406
6977	-1.07351
6978	-1.24392
6979	-1.30147
6980	-1.38514
6981	-1.51800
6982	-1.57114
6983	-1.55756
6984	-1.53084
6985	-1.46683
6986	-1.47468
6987	-1.64617
6988	-1.90747
6989	-2.16890
6990	-2.31261
6991	-2.28800
6992	-2.22941
6993	-2.25919
6994	-2.35677
6995	-2.43443
6996	-2.40915
6997	-2.27768
6998	-2.14971
6999	-2.11194
7000	-2.11827
7001	-2.08008
7002	-1.95007
7003	-1.73931
7004	-1.50570
7005	-1.29784
7006	-1.15389
7007	-1.07527
7008	-0.96552
7009	-0.74069
7010	-0.42597
7011	-0.05353
7012	0.36874
7013	0.79460
7014	1.21114
7015	1.63780
7016	2.00626
7017	2.26266
7018	2.48336
7019	2.75962
7020	3.08130
7021	3.38304
7022	3.75539
7023	4.47714
7024	5.61404
7025	6.87577
7026	7.99678
7027	8.83425
7028	9.36759
7029	9.81932
7030	10.34428
7031	10.90225
7032	11.61156
7033	12.69530
7034	14.06745
7035	15.22979
7036	15.70938
7037	15.55737
7038	15.16889
7039	14.72709
7040	14.15574
7041	13.37489
7042	12.29688
7043	10.89459
7044	9.39305
7045	8.02799
7046	6.72252
7047	5.36990
7048	4.11925
7049	3.07285
7050	2.12995
7051	1.25009
7052	0.52547
7053	0.10612
7054	0.18980
7055	0.78764
7056	1.42104
7057	1.31964
7058	0.15964
7059	-1.42043
7060	-2.35701
7061	-2.18181
7062	-1.38546
7063	-0.66160
7064	-0.11836
7065	0.43677
7066	0.98824
7067	1.39448
7068	1.78968
7069	2.48617
7070	3.13243
7071	2.80037
7072	1.42191
7073	-0.02543
7074	-0.89185
7075	-1.36860
7076	-1.77047
7077	-2.08923
7078	-2.14499
7079	-1.82615
7080	-1.35265
7081	-1.15484
7082	-1.35973
7083	-1.70132
7084	-1.97349
7085	-2.21401
7086	-2.43885
7087	-2.56284
7088	-2.58360
7089	-2.58175
7090	-2.56423
7091	-2.49315
7092	-2.40573
7093	-2.34924
7094	-2.30811
7095	-2.26783
7096	-2.22890
7097	-2.17822
7098	-2.15719
7099	-2.29284
7100	-2.61519
7101	-2.94266
7102	-3.09664
7103	-3.09434
7104	-3.06615
7105	-3.09525
7106	-3.17139
7107	-3.24593
7108	-3.26119
7109	-3.18916
7110	-3.06944
7111	-2.93328
7112	-2.73673
7113	-2.45355
7114	-2.17949
7115	-2.01011
7116	-1.90795
7117	-1.77204
7118	-1.48316
7119	-0.97171
7120	-0.33941
7121	0.24710
7122	0.75557
7123	1.25053
7124	1.71925
7125	2.05032
7126	2.17998
7127	2.19121
7128	2.24898
7129	2.51029
7130	3.08191
7131	3.94262
7132	5.00627
7133	6.24009
7134	7.47041
7135	8.35259
7136	8.67201
7137	8.42943
7138	7.99417
7139	8.11225
7140	9.21668
7141	11.02956
7142	12.97309
7143	14.59107
7144	15.59189
7145	15.78323
7146	15.28374
7147	14.55860
7148	13.94892
7149	13.45300
7150	12.86914
7151	12.02669
7152	10.98094
7153	9.84064
7154	8.66094
7155	7.52015
7156	6.35990
7157	5.05764
7158	3.66940
7159	2.32280
7160	1.13057
7161	0.23093
7162	-0.24489
7163	-0.19108
7164	0.37011
7165	1.07187
7166	1.22715
7167	0.31796
7168	-1.36504
7169	-2.76275
7170	-3.03620
7171	-2.38625
7172	-1.49752
7173	-0.59265
7174	0.27532
7175	0.78593
7176	0.91075
7177	1.27275
7178	2.28914
7179	3.24813
7180	3.00446
7181	1.59572
7182	0.17580
7183	-0.61438
7184	-1.14900
7185	-1.79265
7186	-2.28528
7187	-2.26231
7188	-1.75782
7189	-1.08606
7190	-0.51152
7191	-0.11830
7192	0.05616
7193	-0.02145
7194	-0.25033
7195	-0.45178
7196	-0.57074
7197	-0.71564
7198	-0.97833
7199	-1.26771
7200	-1.45204
7201	-1.54773
7202	-1.64262
7203	-1.78683
7204	-1.96240
7205	-2.10382
7206	-2.22922
7207	-2.42054
7208	-2.61976
7209	-2.69737
7210	-2.65097
7211	-2.55606
7212	-2.47878
7213	-2.46299
7214	-2.48590
7215	-2.48604
7216	-2.45956
7217	-2.44925
7218	-2.45421
7219	-2.41968
7220	-2.33102
7221	-2.23614
7222	-2.11749
7223	-1.90789
7224	-1.67180
7225	-1.51869
7226	-1.37254
7227	-1.10076
7228	-0.74607
7229	-0.41587
7230	-0.09529
7231	0.28470
7232	0.71657
7233	1.14219
7234	1.52823
7235	1.87420
7236	2.16354
7237	2.36235
7238	2.50455
7239	2.68070
7240	2.99503
7241	3.60061
7242	4.59516
7243	5.95368
7244	7.56450
7245	9.03905
7246	9.80353
7247	9.80156
7248	9.67139
7249	9.99908
7250	10.89868
7251	12.28965
7252	14.05466
7253	15.86701
7254	17.23069
7255	17.85055
7256	17.70795
7257	16.91072
7258	15.79048
7259	14.82618
7260	14.15218
7261	13.36218
7262	12.09504
7263	10.49393
7264	8.83829
7265	7.25433
7266	5.79923
7267	4.46975
7268	3.22394
7269	2.02497
7270	0.90793
7271	0.06475
7272	-0.24479
7273	0.08958
7274	0.88588
7275	1.59231
7276	1.40118
7277	-0.02542
7278	-1.83333
7279	-2.74375
7280	-2.41029
7281	-1.47065
7282	-0.56264
7283	0.14646
7284	0.58329
7285	0.64249
7286	0.52083
7287	0.80445
7288	1.80724
7289	2.79972
7290	2.67935
7291	1.54015
7292	0.44438
7293	-0.14922
7294	-0.58959
7295	-1.03259
7296	-1.17785
7297	-0.93799
7298	-0.62468
7299	-0.46992
7300	-0.40775
7301	-0.34991
7302	-0.37576
7303	-0.52804
7304	-0.67341
7305	-0.72097
7306	-0.75729
7307	-0.87406
7308	-1.07837
7309	-1.39469
7310	-1.78423
7311	-2.07071
7312	-2.19163
7313	-2.25690
7314	-2.30774
7315	-2.36093
7316	-2.52204
7317	-2.79364
7318	-3.06268
7319	-3.29795
7320	-3.47612
7321	-3.51763
7322	-3.47112
7323	-3.48480
7324	-3.53307
7325	-3.44207
7326	-3.19060
7327	-2.93109
7328	-2.76109
7329	-2.65296
7330	-2.53854
7331	-2.36757
7332	-2.10683
7333	-1.77414
7334	-1.48488
7335	-1.31241
7336	-1.14754
7337	-0.86514
7338	-0.49533
7339	-0.11996
7340	0.25039
7341	0.65209
7342	1.08940
7343	1.51768
7344	1.87959
7345	2.09570
7346	2.11723
7347	2.06183
7348	2.16627
7349	2.55931
7350	3.19940
7351	4.04966
7352	5.15666
7353	6.49299
7354	7.83194
7355	8.80666
7356	9.13291
7357	9.01885
7358	9.19541
7359	10.15882
7360	11.74690
7361	13.62886
7362	15.59853
7363	17.31013
7364	18.30355
7365	18.39584
7366	17.78942
7367	16.84703
7368	15.95684
7369	15.39836
7370	14.96927
7371	14.10245
7372	12.62666
7373	10.95650
7374	9.52566
7375	8.30103
7376	6.94953
7377	5.44412
7378	4.05610
7379	2.87477
7380	1.82457
7381	0.88731
7382	0.18651
7383	-0.03399
7384	0.19917
7385	0.28103
7386	-0.44643
7387	-1.82813
7388	-2.95339
7389	-3.15531
7390	-2.57632
7391	-1.63359
7392	-0.49071
7393	0.58008
7394	1.13255
7395	1.10876
7396	0.98518
7397	1.29940
7398	1.99381
7399	2.31936
7400	1.86662
7401	1.04771
7402	0.29779
7403	-0.29394
7404	-0.71868
7405	-0.98405
7406	-1.15684
7407	-1.40443
7408	-1.82747
7409	-2.28857
7410	-2.69447
7411	-3.12708
7412	-3.56133
7413	-3.87397
7414	-4.03415
7415	-4.07299
7416	-4.05336
7417	-4.07885
7418	-4.20281
7419	-4.34566
7420	-4.40250
7421	-4.41745
7422	-4.48208
7423	-4.49981
7424	-4.33479
7425	-4.15823
7426	-4.20237
7427	-4.35244
7428	-4.41679
7429	-4.39161
7430	-4.32112
7431	-4.27776
7432	-4.32945
7433	-4.41399
7434	-4.42746
7435	-4.34992
7436	-4.21963
7437	-4.09552
7438	-3.99878
7439	-3.88246
7440	-3.70586
7441	-3.45459
7442	-3.15702
7443	-2.89751
7444	-2.67686
7445	-2.39368
7446	-2.02136
7447	-1.61007
7448	-1.17470
7449	-0.74862
7450	-0.39803
7451	-0.08353
7452	0.27721
7453	0.62272
7454	0.81916
7455	0.84692
7456	0.85403
7457	1.03501
7458	1.43492
7459	1.98961
7460	2.71466
7461	3.70591
7462	5.01631
7463	6.52963
7464	7.89115
7465	8.65595
7466	8.69616
7467	8.48420
7468	8.72521
7469	9.73021
7470	11.30590
7471	13.05659
7472	14.63369
7473	15.74350
7474	16.20949
7475	16.12219
7476	15.63922
7477	14.80065
7478	13.80798
7479	13.00202
7480	12.25675
7481	11.15083
7482	9.79944
7483	8.53978
7484	7.22742
7485	5.63229
7486	3.90178
7487	2.29893
7488	0.93731
7489	-0.12063
7490	-0.76552
7491	-0.86754
7492	-0.34789
7493	0.56194
7494	1.17510
7495	0.83646
7496	-0.37970
7497	-1.62636
7498	-2.02487
7499	-1.45044
7500	-0.45387
7501	0.48587
7502	1.07712
7503	0.95898
7504	0.30178
7505	0.18703
7506	1.11583
7507	1.85717
7508	1.12404
7509	-0.45197
7510	-1.40028
7511	-1.40135
7512	-1.01655
7513	-0.58217
7514	-0.25071
7515	-0.29014
7516	-0.79004
7517	-1.49267
7518	-2.13725
7519	-2.67944
7520	-3.12281
7521	-3.42308
7522	-3.56112
7523	-3.58747
7524	-3.57355
7525	-3.48866
7526	-3.26456
7527	-2.96020
7528	-2.69368
7529	-2.54274
7530	-2.56576
7531	-2.71696
7532	-2.78109
7533	-2.63678
7534	-2.42563
7535	-2.28152
7536	-2.19543
7537	-2.15276
7538	-2.13757
7539	-2.12936
7540	-2.16494
7541	-2.24008
7542	-2.26301
7543	-2.21184
7544	-2.15047
7545	-2.08369
7546	-1.94205
7547	-1.68815
7548	-1.38256
7549	-1.14759
7550	-1.00727
7551	-0.79868
7552	-0.40246
7553	0.05898
7554	0.41128
7555	0.63080
7556	0.78340
7557	0.89768
7558	0.97401
7559	1.06340
7560	1.22456
7561	1.55678
7562	2.34465
7563	3.69276
7564	5.01719
7565	5.55614
7566	5.26637
7567	4.79836
7568	4.87373
7569	5.79882
7570	7.34011
7571	9.08431
7572	10.77323
7573	12.11218
7574	12.74500
7575	12.72051
7576	12.46006
7577	12.07072
7578	11.27630
7579	10.07352
7580	8.79026
7581	7.55113
7582	6.35944
7583	5.34498
7584	4.36769
7585	3.01619
7586	1.27775
7587	-0.27988
7588	-1.02897
7589	-0.89308
7590	-0.53407
7591	-0.73819
7592	-1.47909
7593	-2.00455
7594	-1.82438
7595	-1.03246
7596	0.12734
7597	1.43198
7598	2.35739
7599	2.21139
7600	1.00690
7601	-0.19464
7602	-0.41213
7603	-0.09061
7604	-0.35899
7605	-1.15499
7606	-1.43681
7607	-0.98718
7608	-0.33139
7609	0.15519
7610	0.25063
7611	0.09639
7612	0.01546
7613	-0.02627
7614	-0.17032
7615	-0.35098
7616	-0.52353
7617	-0.72777
7618	-0.88605
7619	-0.85468
7620	-0.68320
7621	-0.52546
7622	-0.42495
7623	-0.46908
7624	-0.72610
7625	-0.95729
7626	-0.92619
7627	-0.80181
7628	-0.83905
7629	-1.00346
7630	-1.15955
7631	-1.24617
7632	-1.19545
7633	-0.96349
7634	-0.60705
7635	-0.22046
7636	0.15922
7637	0.52520
7638	0.81545
7639	1.00591
7640	1.19034
7641	1.42020
7642	1.68069
7643	2.06531
7644	2.71239
7645	3.54393
7646	4.28620
7647	4.83054
7648	5.31898
7649	5.71063
7650	5.81866
7651	5.86014
7652	6.23109
7653	6.98904
7654	7.94576
7655	8.83770
7656	9.45635
7657	9.76995
7658	9.79859
7659	9.52786
7660	9.04925
7661	8.47713
7662	7.72650
7663	6.79861
7664	6.00133
7665	5.49649
7666	5.03537
7667	4.22013
7668	2.71426
7669	0.68148
7670	-0.87078
7671	-1.16139
7672	-0.84138
7673	-1.07432
7674	-1.90573
7675	-2.43293
7676	-2.03669
7677	-0.89372
7678	0.47300
7679	1.53781
7680	1.59294
7681	0.15775
7682	-1.93666
7683	-2.84822
7684	-2.02807
7685	-1.05023
7686	-1.15887
7687	-1.59232
7688	-1.17164
7689	-0.12911
7690	0.57263
7691	0.46191
7692	-0.19641
7693	-0.88684
7694	-1.40848
7695	-1.75552
7696	-1.93077
7697	-2.06731
7698	-2.27773
7699	-2.40712
7700	-2.25693
7701	-1.90826
7702	-1.58791
7703	-1.34600
7704	-1.05334
7705	-0.66414
7706	-0.28335
7707	0.00869
7708	0.20201
7709	0.31461
7710	0.40361
7711	0.52929
7712	0.72545
7713	0.98909
7714	1.23698
7715	1.33911
7716	1.22310
7717	0.89024
7718	0.44077
7719	0.15380
7720	0.33734
7721	1.09856
7722	2.32859
7723	3.76587
7724	5.13442
7725	6.33176
7726	7.42889
7727	8.57762
7728	9.90868
7729	11.32971
7730	12.49280
7731	13.08751
7732	13.11702
7733	12.83499
7734	12.41379
7735	11.81274
7736	10.99959
7737	10.01313
7738	8.85190
7739	7.55612
7740	6.28412
7741	5.22874
7742	4.41540
7743	3.53531
7744	2.19713
7745	0.47832
7746	-0.92090
7747	-1.43926
7748	-1.50023
7749	-1.90276
7750	-2.58373
7751	-2.75839
7752	-1.92530
7753	-0.34070
7754	1.13098
7755	1.39039
7756	0.01876
7757	-1.63672
7758	-1.81779
7759	-1.10628
7760	-1.10622
7761	-1.48686
7762	-1.04072
7763	-0.03472
7764	0.55967
7765	0.51450
7766	0.04264
7767	-0.72404
7768	-1.59678
7769	-2.15183
7770	-2.17697
7771	-2.03455
7772	-2.11522
7773	-2.29777
7774	-2.30165
7775	-2.12499
7776	-1.85552
7777	-1.47857
7778	-1.06625
7779	-0.79784
7780	-0.67946
7781	-0.49984
7782	-0.12467
7783	0.33101
7784	0.64273
7785	0.74073
7786	0.75262
7787	0.75550
7788	0.71487
7789	0.72205
7790	0.97310
7791	1.47025
7792	2.13211
7793	3.04707
7794	4.26437
7795	5.67423
7796	7.05423
7797	8.06654
7798	8.65148
7799	9.23618
7800	10.14836
7801	11.22538
7802	12.11788
7803	12.58465
7804	12.56081
7805	12.19921
7806	11.71977
7807	11.16038
7808	10.49339
7809	9.78132
7810	9.02239
7811	8.22328
7812	7.48490
7813	6.73926
7814	5.71951
7815	4.22580
7816	2.34705
7817	0.54891
7818	-0.64695
7819	-1.28877
7820	-1.93483
7821	-2.80251
7822	-3.36373
7823	-2.85979
7824	-1.18543
7825	0.86934
7826	2.20505
7827	1.94141
7828	0.01763
7829	-2.11718
7830	-2.65567
7831	-1.80801
7832	-1.14733
7833	-0.95678
7834	-0.52002
7835	0.07458
7836	0.30086
7837	-0.10378
7838	-1.16122
7839	-2.43268
7840	-3.27354
7841	-3.47643
7842	-3.40291
7843	-3.46477
7844	-3.67099
7845	-3.79321
7846	-3.72158
7847	-3.50852
7848	-3.22980
7849	-2.91602
7850	-2.57856
7851	-2.24871
7852	-1.89398
7853	-1.39025
7854	-0.76074
7855	-0.25275
7856	-0.05020
7857	-0.12802
7858	-0.32590
7859	-0.38716
7860	-0.08635
7861	0.61418
7862	1.62697
7863	2.90767
7864	4.49658
7865	6.31389
7866	7.98506
7867	9.10925
7868	9.62348
7869	9.81683
7870	10.07843
7871	10.60348
7872	11.32422
7873	12.00991
7874	12.40765
7875	12.46569
7876	12.31373
7877	12.07431
7878	11.85412
7879	11.67238
7880	11.38894
7881	10.79768
7882	9.72923
7883	8.19813
7884	6.37567
7885	4.23429
7886	1.63066
7887	-0.96885
7888	-2.44649
7889	-2.21095
7890	-1.15494
7891	-0.79219
7892	-1.47625
7893	-2.26940
7894	-2.21864
7895	-1.13418
7896	0.52150
7897	1.86068
7898	1.76087
7899	-0.14525
7900	-2.33324
7901	-2.75697
7902	-1.68416
7903	-0.92288
7904	-0.79329
7905	-0.38768
7906	0.36734
7907	0.81560
7908	0.48668
7909	-0.60127
7910	-1.86855
7911	-2.74550
7912	-3.12242
7913	-3.14268
7914	-3.03576
7915	-3.00763
7916	-3.02854
7917	-2.94750
7918	-2.77235
7919	-2.59059
7920	-2.38141
7921	-2.09311
7922	-1.76527
7923	-1.42290
7924	-1.00749
7925	-0.57561
7926	-0.30850
7927	-0.20680
7928	-0.07128
7929	0.21307
7930	0.60346
7931	1.09912
7932	1.75184
7933	2.40431
7934	2.87010
7935	3.39036
7936	4.39982
7937	5.98312
7938	7.78540
7939	9.21229
7940	9.82624
7941	9.81185
7942	9.82540
7943	10.30598
7944	11.10842
7945	11.70831
7946	11.74827
7947	11.38058
7948	10.92294
7949	10.47613
7950	10.04036
7951	9.56065
7952	8.90420
7953	8.07688
7954	7.20996
7955	6.39137
7956	5.58947
7957	4.48285
7958	2.66694
7959	0.35563
7960	-1.53413
7961	-2.39860
7962	-2.58467
7963	-2.74068
7964	-2.94479
7965	-2.69302
7966	-1.72777
7967	-0.30295
7968	0.95100
7969	1.04744
7970	-0.59057
7971	-2.72291
7972	-3.19931
7973	-1.95060
7974	-0.49801
7975	0.66808
7976	1.60918
7977	1.76633
7978	0.96959
7979	-0.20331
7980	-1.28896
7981	-2.11683
7982	-2.52663
7983	-2.50653
7984	-2.41853
7985	-2.56906
7986	-2.78682
7987	-2.78900
7988	-2.61494
7989	-2.42113
7990	-2.20054
7991	-1.91026
7992	-1.61060
7993	-1.31636
7994	-0.94023
7995	-0.51928
7996	-0.19444
7997	0.03368
7998	0.20804
7999	0.31759
8000	0.43386
8001	0.66149
8002	1.03160
8003	1.50246
8004	1.94087
8005	2.34238
8006	3.02752
8007	4.23488
8008	5.74568
8009	7.10257
8010	7.88194
8011	7.95283
8012	7.76549
8013	7.99566
8014	8.82448
8015	9.85173
8016	10.63214
8017	11.06601
8018	11.27475
8019	11.39632
8020	11.55600
8021	11.71233
8022	11.61859
8023	11.19117
8024	10.62841
8025	10.02074
8026	9.10690
8027	7.41549
8028	4.73850
8029	1.61566
8030	-0.83472
8031	-1.85814
8032	-1.93740
8033	-2.21341
8034	-2.96162
8035	-3.33301
8036	-2.45439
8037	-0.40354
8038	1.71615
8039	2.49364
8040	1.16005
8041	-1.40735
8042	-2.96398
8043	-2.53093
8044	-1.60664
8045	-1.39892
8046	-1.15442
8047	-0.25397
8048	0.60913
8049	0.87626
8050	0.57187
8051	-0.03068
8052	-0.57651
8053	-0.85233
8054	-0.81978
8055	-0.66582
8056	-0.62998
8057	-0.63465
8058	-0.46776
8059	-0.17582
8060	0.04887
8061	0.14534
8062	0.17528
8063	0.21449
8064	0.30729
8065	0.41829
8066	0.44666
8067	0.34874
8068	0.25040
8069	0.35203
8070	0.70494
8071	1.19188
8072	1.64428
8073	1.92230
8074	2.07474
8075	2.38456
8076	3.06203
8077	4.08011
8078	5.38307
8079	6.80454
8080	7.88962
8081	8.33248
8082	8.35224
8083	8.39208
8084	8.71870
8085	9.29956
8086	9.86554
8087	10.18160
8088	10.27797
8089	10.26630
8090	10.11721
8091	9.80866
8092	9.44178
8093	9.06915
8094	8.60459
8095	7.93383
8096	7.04703
8097	6.07715
8098	4.98689
8099	3.31959
8100	0.97611
8101	-1.06554
8102	-1.89384
8103	-1.91758
8104	-2.06123
8105	-2.60868
8106	-3.03986
8107	-2.65247
8108	-1.32802
8109	0.37048
8110	1.69114
8111	1.95597
8112	0.69168
8113	-1.47370
8114	-2.69113
8115	-2.17431
8116	-1.21889
8117	-0.78029
8118	-0.42153
8119	-0.11862
8120	-0.55203
8121	-1.82772
8122	-3.50857
8123	-4.94583
8124	-5.52344
8125	-5.28485
8126	-4.90567
8127	-4.86182
8128	-5.07597
8129	-5.21075
8130	-5.01240
8131	-4.57507
8132	-4.17141
8133	-3.88597
8134	-3.62201
8135	-3.23996
8136	-2.67505
8137	-2.03198
8138	-1.46176
8139	-0.97901
8140	-0.51157
8141	-0.04280
8142	0.39610
8143	0.81875
8144	1.32207
8145	1.99608
8146	2.74816
8147	3.36211
8148	3.82569
8149	4.40812
8150	5.34041
8151	6.53050
8152	7.64491
8153	8.35614
8154	8.58346
8155	8.66778
8156	9.10439
8157	9.96351
8158	10.82070
8159	11.35890
8160	11.66762
8161	11.88052
8162	12.00033
8163	12.05468
8164	12.03850
8165	11.77138
8166	11.03813
8167	9.90016
8168	8.71996
8169	7.64217
8170	6.23994
8171	4.14634
8172	1.82801
8173	0.22848
8174	-0.29057
8175	-0.33449
8176	-0.74905
8177	-1.68381
8178	-2.46770
8179	-2.27482
8180	-0.92840
8181	0.85642
8182	2.07502
8183	1.95059
8184	0.22664
8185	-2.05521
8186	-2.96669
8187	-2.22839
8188	-1.43909
8189	-1.19287
8190	-0.60659
8191	0.51988
8192	1.35317
8193	1.32811
8194	0.51796
8195	-0.56856
8196	-1.28308
8197	-1.29169
8198	-0.89606
8199	-0.70867
8200	-0.88434
8201	-1.02269
8202	-0.82785
8203	-0.44825
8204	-0.13380
8205	0.04259
8206	0.09738
8207	0.08337
8208	0.07874
8209	0.07498
8210	-0.00034
8211	-0.11372
8212	-0.11668
8213	0.08937
8214	0.43528
8215	0.73514
8216	0.92048
8217	1.11331
8218	1.40278
8219	1.82759
8220	2.50701
8221	3.58067
8222	5.07662
8223	6.73606
8224	8.08568
8225	8.90606
8226	9.43827
8227	10.03830
8228	10.76824
8229	11.35130
8230	11.49922
8231	11.19006
8232	10.63246
8233	10.05395
8234	9.54711
8235	9.06390
8236	8.45242
8237	7.61522
8238	6.71507
8239	5.97845
8240	5.34693
8241	4.57072
8242	3.49447
8243	2.19424
8244	0.96799
8245	0.13320
8246	-0.33251
8247	-0.94073
8248	-2.07465
8249	-3.27914
8250	-3.56292
8251	-2.32367
8252	-0.03861
8253	1.98445
8254	2.52675
8255	1.16581
8256	-1.07279
8257	-2.22087
8258	-1.83788
8259	-1.32365
8260	-1.20039
8261	-0.74340
8262	0.05344
8263	0.51274
8264	0.32877
8265	-0.51108
8266	-1.75086
8267	-2.81962
8268	-3.28548
8269	-3.26280
8270	-3.19968
8271	-3.26664
8272	-3.23397
8273	-2.99459
8274	-2.73877
8275	-2.52960
8276	-2.24184
8277	-1.91600
8278	-1.66339
8279	-1.33452
8280	-0.75341
8281	-0.10586
8282	0.28099
8283	0.35213
8284	0.31586
8285	0.38107
8286	0.60731
8287	0.98179
8288	1.51594
8289	2.18220
8290	2.95276
8291	3.99903
8292	5.55479
8293	7.46782
8294	9.22128
8295	10.40902
8296	11.00307
8297	11.32111
8298	11.80082
8299	12.56468
8300	13.29369
8301	13.69311
8302	13.68939
8303	13.23484
8304	12.40442
8305	11.46386
8306	10.57440
8307	9.65234
8308	8.57619
8309	7.41592
8310	6.36629
8311	5.53457
8312	4.84486
8313	3.97604
8314	2.61381
8315	0.94190
8316	-0.37779
8317	-0.94259
8318	-1.23396
8319	-1.95105
8320	-2.87126
8321	-3.03085
8322	-1.96014
8323	-0.16369
8324	1.45698
8325	2.01053
8326	0.87679
8327	-1.20610
8328	-2.20773
8329	-1.59866
8330	-1.00276
8331	-1.06425
8332	-0.63749
8333	0.55878
8334	1.42093
8335	1.33868
8336	0.39659
8337	-0.96915
8338	-2.09867
8339	-2.59444
8340	-2.53402
8341	-2.33404
8342	-2.30674
8343	-2.35599
8344	-2.28450
8345	-2.08030
8346	-1.83373
8347	-1.62702
8348	-1.49875
8349	-1.41342
8350	-1.23486
8351	-0.83556
8352	-0.31093
8353	0.10044
8354	0.31214
8355	0.41729
8356	0.49430
8357	0.56793
8358	0.73471
8359	1.11916
8360	1.70778
8361	2.44532
8362	3.37080
8363	4.54028
8364	5.95908
8365	7.47303
8366	8.68062
8367	9.21132
8368	9.11656
8369	8.82967
8370	8.75322
8371	8.93184
8372	9.15988
8373	9.27047
8374	9.23500
8375	9.14358
8376	9.06918
8377	8.96502
8378	8.82319
8379	8.77168
8380	8.83812
8381	8.83940
8382	8.72924
8383	8.65716
8384	8.36163
8385	7.09678
8386	4.66134
8387	2.04442
8388	0.42918
8389	-0.27857
8390	-1.06865
8391	-2.21188
8392	-3.00977
8393	-2.77788
8394	-1.45435
8395	0.39648
8396	1.86734
8397	2.13652
8398	0.88368
8399	-1.20944
8400	-2.61834
8401	-2.54461
8402	-1.79890
8403	-1.21081
8404	-0.53544
8405	0.30571
8406	0.81112
8407	0.86430
8408	0.47002
8409	-0.45295
8410	-1.57627
8411	-2.33916
8412	-2.53742
8413	-2.45421
8414	-2.44771
8415	-2.53801
8416	-2.48922
8417	-2.19956
8418	-1.80027
8419	-1.41628
8420	-1.07842
8421	-0.78895
8422	-0.52587
8423	-0.27991
8424	-0.08767
8425	0.03879
8426	0.16383
8427	0.35774
8428	0.60155
8429	0.81074
8430	0.97199
8431	1.20388
8432	1.59472
8433	2.10884
8434	2.75708
8435	3.69029
8436	5.05022
8437	6.69183
8438	8.08798
8439	8.73718
8440	8.72844
8441	8.70892
8442	9.18697
8443	10.03290
8444	10.77916
8445	11.14199
8446	11.15942
8447	11.04747
8448	10.98635
8449	11.02828
8450	11.10338
8451	11.04489
8452	10.70726
8453	10.03981
8454	9.11217
8455	8.00840
8456	6.53981
8457	4.38354
8458	1.74311
8459	-0.52079
8460	-1.71277
8461	-1.99886
8462	-2.06687
8463	-2.26610
8464	-2.25380
8465	-1.59726
8466	-0.37633
8467	0.92073
8468	1.70575
8469	1.42650
8470	-0.04883
8471	-1.66903
8472	-1.95066
8473	-1.16668
8474	-0.88397
8475	-1.29313
8476	-1.31345
8477	-0.77908
8478	-0.47033
8479	-0.81006
8480	-1.63581
8481	-2.51558
8482	-3.05238
8483	-3.13213
8484	-3.03197
8485	-3.08028
8486	-3.21832
8487	-3.17125
8488	-2.86612
8489	-2.49088
8490	-2.25229
8491	-2.17285
8492	-2.10359
8493	-1.87384
8494	-1.41708
8495	-0.81777
8496	-0.28010
8497	0.05557
8498	0.23896
8499	0.33969
8500	0.36728
8501	0.45218
8502	0.79973
8503	1.40331
8504	2.03157
8505	2.62331
8506	3.51617
8507	4.99031
8508	6.80441
8509	8.41520
8510	9.41698
8511	9.80150
8512	9.93860
8513	10.24366
8514	10.84853
8515	11.52767
8516	11.99441
8517	12.19388
8518	12.14364
8519	11.82336
8520	11.34162
8521	10.85310
8522	10.35539
8523	9.72322
8524	8.78893
8525	7.52578
8526	6.06867
8527	4.20343
8528	1.62849
8529	-0.94781
8530	-2.22373
8531	-2.03854
8532	-1.56311
8533	-1.72625
8534	-2.29309
8535	-2.38419
8536	-1.54924
8537	-0.11386
8538	1.26054
8539	1.73168
8540	0.57234
8541	-1.54902
8542	-2.58568
8543	-1.98075
8544	-1.27905
8545	-1.24634
8546	-1.24501
8547	-1.06939
8548	-1.22320
8549	-1.95124
8550	-2.99221
8551	-3.93303
8552	-4.54569
8553	-4.75551
8554	-4.64354
8555	-4.48210
8556	-4.44119
8557	-4.41995
8558	-4.27056
8559	-3.95256
8560	-3.52557
8561	-3.09620
8562	-2.67623
8563	-2.19409
8564	-1.63594
8565	-1.07659
8566	-0.58114
8567	-0.09212
8568	0.41724
8569	0.77957
8570	0.91082
8571	1.02004
8572	1.32590
8573	1.80336
8574	2.29966
8575	2.82890
8576	3.65267
8577	4.96643
8578	6.59441
8579	8.08753
8580	9.00184
8581	9.12429
8582	8.72649
8583	8.47054
8584	8.79139
8585	9.52230
8586	10.19996
8587	10.54098
8588	10.57519
8589	10.44295
8590	10.26020
8591	10.17178
8592	10.20401
8593	10.09653
8594	9.67345
8595	9.23960
8596	9.06319
8597	8.61195
8598	6.99717
8599	4.21019
8600	1.37312
8601	-0.36008
8602	-0.90225
8603	-1.16337
8604	-1.82503
8605	-2.43960
8606	-2.15026
8607	-0.85251
8608	0.77865
8609	1.92112
8610	1.86136
8611	0.29836
8612	-1.82491
8613	-2.63926
8614	-1.75806
8615	-0.74031
8616	-0.34246
8617	0.11595
8618	0.84005
8619	1.26418
8620	0.97482
8621	-0.00882
8622	-1.13406
8623	-1.78652
8624	-1.95188
8625	-2.03311
8626	-2.22651
8627	-2.35812
8628	-2.28331
8629	-2.10402
8630	-1.91720
8631	-1.71042
8632	-1.51462
8633	-1.38230
8634	-1.24634
8635	-0.99895
8636	-0.67014
8637	-0.33510
8638	0.02315
8639	0.41409
8640	0.79741
8641	1.14178
8642	1.39350
8643	1.49067
8644	1.47443
8645	1.48737
8646	1.73228
8647	2.47381
8648	3.87100
8649	5.70451
8650	7.40311
8651	8.49618
8652	8.98720
8653	9.26522
8654	9.72801
8655	10.44465
8656	11.12955
8657	11.50576
8658	11.53850
8659	11.26319
8660	10.75881
8661	10.26343
8662	9.86828
8663	9.29754
8664	8.35319
8665	7.17157
8666	5.99107
8667	4.94412
8668	3.85976
8669	2.47577
8670	1.00567
8671	0.08747
8672	0.03689
8673	0.24194
8674	-0.23568
8675	-1.40179
8676	-2.34865
8677	-2.26008
8678	-0.99308
8679	0.74787
8680	1.69514
8681	0.90336
8682	-1.14486
8683	-2.46765
8684	-2.06955
8685	-1.20238
8686	-0.75642
8687	-0.17747
8688	0.68568
8689	1.16363
8690	0.98765
8691	0.36697
8692	-0.45612
8693	-1.19811
8694	-1.59901
8695	-1.69816
8696	-1.78338
8697	-1.96504
8698	-2.06461
8699	-1.97625
8700	-1.80454
8701	-1.61787
8702	-1.38771
8703	-1.11241
8704	-0.80881
8705	-0.49881
8706	-0.24885
8707	-0.12496
8708	-0.08465
8709	0.03701
8710	0.30297
8711	0.56318
8712	0.72174
8713	0.84905
8714	1.04803
8715	1.51040
8716	2.45740
8717	3.87205
8718	5.58261
8719	7.43076
8720	9.03452
8721	9.84888
8722	9.87231
8723	9.82252
8724	10.29699
8725	11.17795
8726	12.00411
8727	12.43540
8728	12.33215
8729	11.85388
8730	11.34785
8731	10.96208
8732	10.59796
8733	10.10900
8734	9.37573
8735	8.37629
8736	7.25175
8737	6.21729
8738	5.22527
8739	3.84149
8740	1.87875
8741	-0.02016
8742	-0.92163
8743	-0.79275
8744	-0.68932
8745	-1.41546
8746	-2.51105
8747	-2.87490
8748	-1.99688
8749	-0.36171
8750	1.19475
8751	1.89054
8752	0.98124
8753	-1.21116
8754	-2.61841
8755	-2.00783
8756	-0.82699
8757	-0.45523
8758	-0.36400
8759	0.15340
8760	0.74781
8761	0.89800
8762	0.51139
8763	-0.21960
8764	-0.93937
8765	-1.31985
8766	-1.39139
8767	-1.44841
8768	-1.56840
8769	-1.56419
8770	-1.35340
8771	-1.06214
8772	-0.81168
8773	-0.61903
8774	-0.48070
8775	-0.39773
8776	-0.29433
8777	-0.10431
8778	0.07384
8779	0.13353
8780	0.16006
8781	0.32893
8782	0.69840
8783	1.11841
8784	1.41789
8785	1.69528
8786	2.12437
8787	2.66910
8788	3.39503
8789	4.60055
8790	6.31065
8791	8.04009
8792	9.19613
8793	9.53671
8794	9.33035
8795	9.15830
8796	9.40575
8797	9.95953
8798	10.48035
8799	10.70418
8800	10.47634
8801	9.90071
8802	9.35626
8803	9.07007
8804	8.88589
8805	8.54193
8806	7.90700
8807	7.02550
8808	6.06891
8809	5.10928
8810	3.94773
8811	2.31210
8812	0.32611
8813	-1.29260
8814	-1.89536
8815	-1.73276
8816	-1.62477
8817	-1.88632
8818	-2.02470
8819	-1.49553
8820	-0.30729
8821	1.01911
8822	1.81537
8823	1.50207
8824	-0.12137
8825	-2.19405
8826	-3.05505
8827	-2.23131
8828	-1.00624
8829	-0.20665
8830	0.56698
8831	1.33827
8832	1.49624
8833	0.92669
8834	0.08844
8835	-0.58040
8836	-0.94429
8837	-1.01540
8838	-0.92359
8839	-0.94845
8840	-1.14476
8841	-1.25218
8842	-1.15827
8843	-0.98453
8844	-0.79105
8845	-0.57145
8846	-0.36449
8847	-0.20077
8848	-0.04459
8849	0.11784
8850	0.18152
8851	0.07514
8852	-0.03902
8853	0.09560
8854	0.52069
8855	1.00451
8856	1.34033
8857	1.56150
8858	1.75431
8859	1.96522
8860	2.40897
8861	3.41673
8862	5.04460
8863	6.93439
8864	8.49600
8865	9.17814
8866	9.00908
8867	8.74674
8868	9.05850
8869	9.87881
8870	10.60873
8871	10.71411
8872	10.21456
8873	9.52543
8874	8.99039
8875	8.70355
8876	8.49282
8877	8.08758
8878	7.41741
8879	6.59432
8880	5.74009
8881	4.90997
8882	3.85241
8883	2.15780
8884	0.10436
8885	-1.39797
8886	-1.97263
8887	-2.08909
8888	-2.29000
8889	-2.58061
8890	-2.50301
8891	-1.72715
8892	-0.36305
8893	1.17476
8894	2.19187
8895	1.79676
8896	-0.17720
8897	-2.28613
8898	-2.75215
8899	-1.75741
8900	-0.84043
8901	-0.41599
8902	0.09257
8903	0.64059
8904	0.76649
8905	0.26704
8906	-0.73164
8907	-1.72217
8908	-2.19433
8909	-2.22510
8910	-2.33568
8911	-2.67827
8912	-2.89249
8913	-2.79036
8914	-2.55566
8915	-2.31896
8916	-2.00192
8917	-1.55790
8918	-1.11869
8919	-0.80513
8920	-0.50517
8921	-0.08232
8922	0.30506
8923	0.42209
8924	0.35175
8925	0.31617
8926	0.34286
8927	0.45102
8928	0.82848
8929	1.46598
8930	2.03774
8931	2.46459
8932	3.11659
8933	4.30697
8934	5.99618
8935	7.83024
8936	9.24189
8937	9.87753
8938	9.99232
8939	10.18668
8940	10.74947
8941	11.37623
8942	11.58779
8943	11.28030
8944	10.66870
8945	9.90525
8946	9.11552
8947	8.47533
8948	7.94149
8949	7.25433
8950	6.31554
8951	5.32333
8952	4.47324
8953	3.58262
8954	2.20047
8955	0.36853
8956	-1.03610
8957	-1.30142
8958	-0.92357
8959	-0.99569
8960	-1.80240
8961	-2.61359
8962	-2.59430
8963	-1.50702
8964	0.18181
8965	1.67144
8966	2.20571
8967	1.26723
8968	-0.85169
8969	-2.66094
8970	-2.78590
8971	-1.71339
8972	-0.75831
8973	0.00661
8974	0.92760
8975	1.40488
8976	0.96138
8977	-0.01510
8978	-0.89228
8979	-1.27876
8980	-1.17148
8981	-0.93093
8982	-0.95891
8983	-1.21592
8984	-1.37569
8985	-1.34914
8986	-1.27516
8987	-1.20758
8988	-1.09564
8989	-0.95321
8990	-0.82158
8991	-0.65330
8992	-0.43837
8993	-0.28392
8994	-0.18883
8995	0.01806
8996	0.41395
8997	0.89698
8998	1.34611
8999	1.76393
9000	2.29475
9001	2.97856
9002	3.61586
9003	4.14997
9004	4.88584
9005	6.05281
9006	7.43905
9007	8.62365
9008	9.36799
9009	9.78780
9010	10.22465
9011	10.86326
9012	11.52353
9013	11.86251
9014	11.70397
9015	11.18401
9016	10.62649
9017	10.27617
9018	10.13228
9019	9.92913
9020	9.25306
9021	8.04123
9022	6.80424
9023	5.74120
9024	4.34496
9025	2.42772
9026	0.57866
9027	-0.44095
9028	-0.34673
9029	0.24071
9030	0.25571
9031	-0.62540
9032	-1.78672
9033	-2.40233
9034	-1.92703
9035	-0.40875
9036	1.38751
9037	2.28953
9038	1.31010
9039	-1.24406
9040	-3.23141
9041	-2.94144
9042	-1.35308
9043	-0.17896
9044	0.45704
9045	1.04490
9046	1.36978
9047	1.05717
9048	0.06261
9049	-1.23205
9050	-2.03606
9051	-2.00673
9052	-1.76184
9053	-1.94336
9054	-2.36796
9055	-2.55667
9056	-2.45977
9057	-2.26854
9058	-2.04349
9059	-1.79086
9060	-1.57797
9061	-1.40432
9062	-1.14288
9063	-0.74234
9064	-0.32798
9065	-0.04222
9066	0.11612
9067	0.30326
9068	0.65735
9069	1.10721
9070	1.41438
9071	1.40485
9072	1.23453
9073	1.39422
9074	2.30476
9075	3.97492
9076	6.06401
9077	8.11817
9078	9.69782
9079	10.56089
9080	10.90712
9081	11.24070
9082	11.91168
9083	12.75116
9084	13.25884
9085	13.19323
9086	12.69659
9087	12.01872
9088	11.37173
9089	10.80580
9090	10.19943
9091	9.44689
9092	8.57221
9093	7.67488
9094	6.77899
9095	5.93303
9096	5.26434
9097	4.50000
9098	3.07632
9099	1.18599
9100	-0.22054
9101	-0.82799
9102	-1.31919
9103	-2.15058
9104	-2.89240
9105	-2.85281
9106	-1.80595
9107	-0.16139
9108	1.30484
9109	1.74090
9110	0.50234
9111	-1.92885
9112	-3.56074
9113	-3.09410
9114	-1.63823
9115	-0.55574
9116	0.35864
9117	1.32844
9118	1.61125
9119	0.92622
9120	-0.09683
9121	-0.79238
9122	-0.96467
9123	-0.79967
9124	-0.66559
9125	-0.82566
9126	-1.11396
9127	-1.19365
9128	-1.02344
9129	-0.77370
9130	-0.55784
9131	-0.37764
9132	-0.19437
9133	-0.01523
9134	0.11933
9135	0.18207
9136	0.16635
9137	0.13224
9138	0.22716
9139	0.51332
9140	0.82964
9141	0.99258
9142	1.00224
9143	0.97911
9144	1.11570
9145	1.67416
9146	2.83138
9147	4.55479
9148	6.62004
9149	8.60023
9150	9.99506
9151	10.57182
9152	10.49069
9153	10.20129
9154	10.17722
9155	10.51449
9156	10.90445
9157	10.95641
9158	10.47965
9159	9.59761
9160	8.64481
9161	8.00351
9162	7.80736
9163	7.67860
9164	7.17685
9165	6.45746
9166	5.93978
9167	5.52304
9168	4.69131
9169	3.25765
9170	1.70149
9171	0.80484
9172	0.75884
9173	0.76719
9174	0.00406
9175	-1.34636
9176	-2.35971
9177	-2.30608
9178	-1.16614
9179	0.49165
9180	1.92967
9181	2.36952
9182	1.22608
9183	-0.98199
9184	-2.44003
9185	-2.08239
9186	-1.09338
9187	-0.75437
9188	-0.51101
9189	0.25382
9190	0.85928
9191	0.80937
9192	0.29041
9193	-0.40333
9194	-0.92071
9195	-1.01364
9196	-0.86823
9197	-0.86383
9198	-1.01424
9199	-1.08223
9200	-1.04885
9201	-1.03974
9202	-1.03958
9203	-0.97752
9204	-0.87719
9205	-0.76649
9206	-0.57921
9207	-0.26732
9208	0.05740
9209	0.22683
9210	0.20441
9211	0.12921
9212	0.22409
9213	0.57444
9214	1.04177
9215	1.50746
9216	2.00659
9217	2.58679
9218	3.30667
9219	4.34331
9220	5.80409
9221	7.47431
9222	8.90361
9223	9.70036
9224	9.83118
9225	9.73046
9226	9.98278
9227	10.65973
9228	11.21556
9229	11.23964
9230	10.88202
9231	10.49393
9232	10.19939
9233	9.89580
9234	9.51328
9235	8.99851
9236	8.21815
9237	7.17902
9238	6.08626
9239	5.05377
9240	3.89755
9241	2.34404
9242	0.61623
9243	-0.56675
9244	-0.95009
9245	-1.08366
9246	-1.50536
9247	-2.20780
9248	-2.72506
9249	-2.48170
9250	-1.26473
9251	0.49752
9252	1.94794
9253	2.28085
9254	1.17884
9255	-0.85925
9256	-2.54195
9257	-2.67328
9258	-1.58711
9259	-0.67455
9260	-0.31835
9261	0.09523
9262	0.63176
9263	0.71910
9264	0.09368
9265	-0.94963
9266	-1.84583
9267	-2.21628
9268	-2.19158
9269	-2.20411
9270	-2.35899
9271	-2.40797
9272	-2.29294
9273	-2.12007
9274	-1.86629
9275	-1.50652
9276	-1.13091
9277	-0.80596
9278	-0.49745
9279	-0.18947
9280	0.02852
9281	0.11017
9282	0.15517
9283	0.27123
9284	0.48724
9285	0.81243
9286	1.23448
9287	1.66390
9288	2.02129
9289	2.37560
9290	2.91978
9291	3.86659
9292	5.35655
9293	7.24841
9294	8.97768
9295	9.93140
9296	10.07284
9297	9.98367
9298	10.20931
9299	10.72930
9300	11.12769
9301	11.07720
9302	10.64656
9303	10.21068
9304	9.95536
9305	9.75948
9306	9.57699
9307	9.38462
9308	9.04230
9309	8.56518
9310	8.07853
9311	7.46300
9312	6.27763
9313	4.19362
9314	1.59815
9315	-0.52775
9316	-1.48011
9317	-1.54951
9318	-1.69009
9319	-2.34143
9320	-2.98795
9321	-2.82594
9322	-1.52137
9323	0.50212
9324	2.26041
9325	2.66709
9326	1.21267
9327	-1.21011
9328	-2.67756
9329	-2.37732
9330	-1.46961
9331	-0.95855
9332	-0.47569
9333	0.17493
9334	0.37797
9335	-0.18476
9336	-1.24024
9337	-2.23098
9338	-2.71845
9339	-2.75801
9340	-2.72635
9341	-2.87117
9342	-3.10288
9343	-3.16540
9344	-2.96238
9345	-2.61735
9346	-2.23379
9347	-1.83035
9348	-1.45511
9349	-1.12097
9350	-0.78047
9351	-0.47405
9352	-0.30098
9353	-0.24951
9354	-0.19074
9355	0.03864
9356	0.53200
9357	1.15992
9358	1.63577
9359	1.78496
9360	1.73570
9361	1.91305
9362	2.70664
9363	4.14241
9364	5.99866
9365	8.02101
9366	9.74215
9367	10.54490
9368	10.45155
9369	10.32966
9370	10.87303
9371	11.86250
9372	12.61197
9373	12.69870
9374	12.12375
9375	11.16978
9376	10.29030
9377	9.78144
9378	9.48837
9379	9.09932
9380	8.57335
9381	8.02523
9382	7.44776
9383	6.81960
9384	6.05802
9385	4.74700
9386	2.68153
9387	0.53552
9388	-0.82370
9389	-1.38615
9390	-1.82596
9391	-2.54282
9392	-3.18540
9393	-3.04912
9394	-1.80398
9395	0.09817
9396	1.69153
9397	2.10385
9398	0.92998
9399	-1.21414
9400	-2.57404
9401	-2.14552
9402	-1.11353
9403	-0.68804
9404	-0.28749
9405	0.62905
9406	1.28019
9407	1.09507
9408	0.31655
9409	-0.56308
9410	-1.10038
9411	-1.17566
9412	-1.06587
9413	-1.15877
9414	-1.46537
9415	-1.60661
9416	-1.42228
9417	-1.12770
9418	-0.87156
9419	-0.61733
9420	-0.34632
9421	-0.09156
9422	0.13194
9423	0.32186
9424	0.46120
9425	0.52381
9426	0.54484
9427	0.63939
9428	0.84380
9429	1.04654
9430	1.22009
9431	1.50533
9432	1.91116
9433	2.33106
9434	2.92987
9435	4.03660
9436	5.69028
9437	7.51695
9438	8.85732
9439	9.23169
9440	8.97903
9441	8.91815
9442	9.39583
9443	10.11551
9444	10.61625
9445	10.66738
9446	10.41418
9447	10.20817
9448	10.21931
9449	10.34547
9450	10.44894
9451	10.40971
9452	10.14956
9453	9.78224
9454	9.42034
9455	8.86843
9456	7.72805
9457	5.75623
9458	3.21565
9459	0.88383
9460	-0.55004
9461	-1.13211
9462	-1.50182
9463	-2.04081
9464	-2.39666
9465	-1.97508
9466	-0.71373
9467	0.78966
9468	1.78118
9469	1.68516
9470	0.29115
9471	-1.61523
9472	-2.40390
9473	-1.72739
9474	-0.93948
9475	-0.61557
9476	-0.16128
9477	0.48455
9478	0.79612
9479	0.49392
9480	-0.35409
9481	-1.38869
9482	-2.18647
9483	-2.53136
9484	-2.54706
9485	-2.53636
9486	-2.62064
9487	-2.66250
9488	-2.51318
9489	-2.19363
9490	-1.82179
9491	-1.47608
9492	-1.14919
9493	-0.78850
9494	-0.39438
9495	-0.03076
9496	0.24118
9497	0.37630
9498	0.42856
9499	0.57444
9500	0.88723
9501	1.23505
9502	1.54628
9503	1.98997
9504	2.72545
9505	3.68990
9506	4.80594
9507	6.15606
9508	7.75929
9509	9.32851
9510	10.41657
9511	10.85489
9512	11.00062
9513	11.32702
9514	11.86304
9515	12.29991
9516	12.38988
9517	12.05513
9518	11.39565
9519	10.69837
9520	10.26187
9521	10.12818
9522	10.03394
9523	9.65519
9524	8.87481
9525	7.81740
9526	6.64974
9527	5.27793
9528	3.41845
9529	1.22271
9530	-0.46240
9531	-0.92976
9532	-0.60815
9533	-0.55312
9534	-1.16741
9535	-2.00478
9536	-2.32488
9537	-1.62828
9538	-0.06176
9539	1.61306
9540	2.32670
9541	1.20049
9542	-1.31236
9543	-3.07422
9544	-2.72150
9545	-1.43342
9546	-0.52616
9547	0.25088
9548	1.09685
9549	1.49683
9550	1.26678
9551	0.50302
9552	-0.54467
9553	-1.30729
9554	-1.42203
9555	-1.21550
9556	-1.24510
9557	-1.55277
9558	-1.78156
9559	-1.77680
9560	-1.64956
9561	-1.47573
9562	-1.26393
9563	-1.05165
9564	-0.85669
9565	-0.62832
9566	-0.34038
9567	-0.10931
9568	-0.03508
9569	0.02055
9570	0.23305
9571	0.58200
9572	0.96963
9573	1.35370
9574	1.75964
9575	2.25361
9576	2.92439
9577	3.92148
9578	5.39798
9579	7.29193
9580	9.22742
9581	10.71416
9582	11.46555
9583	11.61580
9584	11.64450
9585	11.98827
9586	12.63092
9587	13.12826
9588	13.11669
9589	12.64771
9590	12.02178
9591	11.50836
9592	11.16454
9593	10.92721
9594	10.78972
9595	10.67100
9596	10.38856
9597	9.89402
9598	9.29403
9599	8.53728
9600	7.25877
9601	5.25882
9602	2.95896
9603	1.05350
9604	-0.14264
9605	-0.92505
9606	-1.76176
9607	-2.56033
9608	-2.61964
9609	-1.47980
9610	0.37131
9611	1.97868
9612	2.63695
9613	1.88238
9614	-0.13676
9615	-1.98312
9616	-2.18607
9617	-1.23627
9618	-0.43761
9619	0.18544
9620	0.97985
9621	1.52339
9622	1.53185
9623	0.97509
9624	-0.12985
9625	-1.35600
9626	-2.13000
9627	-2.22785
9628	-1.95731
9629	-1.83861
9630	-1.99377
9631	-2.10513
9632	-1.93043
9633	-1.57157
9634	-1.22968
9635	-0.91535
9636	-0.52113
9637	-0.04625
9638	0.36603
9639	0.54340
9640	0.47016
9641	0.37752
9642	0.52110
9643	0.98165
9644	1.68810
9645	2.39408
9646	2.84505
9647	3.09684
9648	3.46117
9649	4.22287
9650	5.42331
9651	6.87517
9652	8.32206
9653	9.39677
9654	9.80438
9655	9.77395
9656	9.88223
9657	10.42396
9658	11.15328
9659	11.56936
9660	11.41847
9661	10.81980
9662	10.03155
9663	9.35477
9664	8.98481
9665	8.79840
9666	8.49185
9667	7.87923
9668	7.03718
9669	6.26079
9670	5.71083
9671	5.00201
9672	3.61901
9673	1.82442
9674	0.52159
9675	0.07654
9676	-0.22462
9677	-1.11906
9678	-2.28058
9679	-2.72066
9680	-1.90410
9681	-0.29797
9682	1.12184
9683	1.63249
9684	0.84131
9685	-1.08634
9686	-2.74894
9687	-2.68343
9688	-1.51383
9689	-0.70670
9690	-0.22743
9691	0.54990
9692	1.30839
9693	1.45619
9694	0.91224
9695	0.08802
9696	-0.48265
9697	-0.61782
9698	-0.53604
9699	-0.59420
9700	-0.89596
9701	-1.13262
9702	-1.10019
9703	-0.99837
9704	-0.96593
9705	-0.92492
9706	-0.86598
9707	-0.81716
9708	-0.69733
9709	-0.43149
9710	-0.10670
9711	0.13062
9712	0.29033
9713	0.47520
9714	0.65384
9715	0.74023
9716	0.82146
9717	1.04228
9718	1.39286
9719	1.86644
9720	2.62934
9721	3.89808
9722	5.73461
9723	7.77286
9724	9.24886
9725	9.73875
9726	9.67439
9727	9.75448
9728	10.16136
9729	10.66607
9730	11.07899
9731	11.25639
9732	11.02433
9733	10.36255
9734	9.55587
9735	9.01828
9736	8.87816
9737	8.82166
9738	8.44115
9739	7.67508
9740	6.81883
9741	6.04860
9742	5.06255
9743	3.49431
9744	1.56677
9745	0.01266
9746	-0.63263
9747	-0.60929
9748	-0.70968
9749	-1.34399
9750	-2.05659
9751	-2.09071
9752	-1.17759
9753	0.27704
9754	1.48310
9755	1.53028
9756	0.07767
9757	-1.63893
9758	-1.83425
9759	-0.78534
9760	-0.06799
9761	0.26419
9762	0.87237
9763	1.24199
9764	0.90921
9765	0.24868
9766	-0.46791
9767	-1.11015
9768	-1.45182
9769	-1.51308
9770	-1.61772
9771	-1.89311
9772	-2.09992
9773	-2.04526
9774	-1.79710
9775	-1.48577
9776	-1.14224
9777	-0.79971
9778	-0.55004
9779	-0.39795
9780	-0.26984
9781	-0.15796
9782	-0.07630
9783	0.06512
9784	0.38821
9785	0.84305
9786	1.26626
9787	1.67645
9788	2.24181
9789	2.94081
9790	3.56367
9791	4.10859
9792	4.90543
9793	6.27374
9794	8.15274
9795	10.05780
9796	11.41326
9797	11.99829
9798	12.14147
9799	12.42604
9800	13.10001
9801	13.80081
9802	14.02983
9803	13.75724
9804	13.23014
9805	12.57673
9806	11.96038
9807	11.57342
9808	11.36695
9809	11.12717
9810	10.68638
9811	9.98263
9812	9.08000
9813	8.15033
9814	7.11353
9815	5.46141
9816	3.06522
9817	0.70947
9818	-0.73256
9819	-1.24417
9820	-1.55768
9821	-2.15651
9822	-2.62293
9823	-2.20403
9824	-0.77257
9825	1.00368
9826	2.18966
9827	1.98869
9828	0.25466
9829	-1.74846
9830	-2.17948
9831	-1.11365
9832	-0.26411
9833	-0.01417
9834	0.56693
9835	1.36902
9836	1.58386
9837	1.12166
9838	0.29846
9839	-0.54350
9840	-1.12115
9841	-1.36662
9842	-1.49047
9843	-1.74993
9844	-2.07937
9845	-2.23650
9846	-2.20034
9847	-2.10139
9848	-1.97584
9849	-1.82801
9850	-1.70443
9851	-1.54911
9852	-1.21346
9853	-0.70476
9854	-0.23548
9855	0.04417
9856	0.20781
9857	0.38622
9858	0.58854
9859	0.78079
9860	1.05306
9861	1.55828
9862	2.30970
9863	3.23440
9864	4.41550
9865	5.97352
9866	7.72896
9867	9.25379
9868	10.15209
9869	10.35865
9870	10.32518
9871	10.61908
9872	11.25077
9873	11.78842
9874	11.99589
9875	11.85286
9876	11.33923
9877	10.59894
9878	9.96772
9879	9.68804
9880	9.55534
9881	9.02703
9882	7.96425
9883	6.79289
9884	5.81331
9885	4.88355
9886	3.72312
9887	2.17126
9888	0.44211
9889	-0.77596
9890	-1.11439
9891	-1.20642
9892	-1.85587
9893	-2.83028
9894	-3.12177
9895	-2.13056
9896	-0.26159
9897	1.47266
9898	2.01155
9899	0.82580
9900	-1.08240
9901	-1.74057
9902	-0.86885
9903	-0.10260
9904	-0.07283
9905	0.16373
9906	0.82267
9907	1.16299
9908	0.79841
9909	-0.23132
9910	-1.51188
9911	-2.44367
9912	-2.82851
9913	-2.97391
9914	-3.16154
9915	-3.32015
9916	-3.31983
9917	-3.15884
9918	-2.88938
9919	-2.54202
9920	-2.10759
9921	-1.69232
9922	-1.39238
9923	-1.02678
9924	-0.49496
9925	-0.05401
9926	0.14126
9927	0.30628
9928	0.66660
9929	1.19293
9930	1.74103
9931	2.20453
9932	2.56667
9933	2.96327
9934	3.58989
9935	4.52480
9936	5.74006
9937	7.15708
9938	8.54121
9939	9.51812
9940	9.98927
9941	10.36617
9942	11.02413
9943	11.75868
9944	12.11912
9945	11.95330
9946	11.40367
9947	10.68907
9948	10.03419
9949	9.65883
9950	9.63886
9951	9.78748
9952	9.79579
9953	9.47759
9954	8.90260
9955	8.29755
9956	7.80567
9957	7.30646
9958	6.45320
9959	5.02474
9960	3.22225
9961	1.47502
9962	0.03140
9963	-1.15566
9964	-2.20324
9965	-2.92470
9966	-2.78651
9967	-1.50689
9968	0.42091
9969	1.90517
9970	1.87914
9971	0.22913
9972	-1.56800
9973	-1.78722
9974	-0.74272
9975	0.09644
9976	0.58167
9977	1.23473
9978	1.66636
9979	1.57158
9980	1.21092
9981	0.70895
9982	0.23434
9983	0.07018
9984	0.22260
9985	0.40193
9986	0.37043
9987	0.16165
9988	-0.02422
9989	-0.03085
9990	0.15413
9991	0.41315
9992	0.60053
9993	0.69188
9994	0.79744
9995	0.91940
9996	0.84966
9997	0.56114
9998	0.38572
9999	0.53677
10000	0.90866
10001	1.37062
10002	1.81579
10003	2.13865
10004	2.40060
10005	2.76948
10006	3.35621
10007	4.24369
10008	5.48563
10009	7.02489
10010	8.55359
10011	9.52869
10012	9.75754
10013	9.78537
10014	10.19888
10015	10.89879
10016	11.40786
10017	11.52205
10018	11.29825
10019	10.73421
10020	9.89358
10021	9.09488
10022	8.58124
10023	8.15247
10024	7.46424
10025	6.51748
10026	5.51570
10027	4.55189
10028	3.63521
10029	2.66496
10030	1.48269
10031	0.13917
10032	-1.01188
10033	-1.60898
10034	-1.74701
10035	-1.92985
10036	-2.39796
10037	-2.61282
10038	-1.89097
10039	-0.28665
10040	1.37664
10041	2.03487
10042	1.03786
10043	-1.04574
10044	-2.44132
10045	-2.19376
10046	-1.30200
10047	-0.64100
10048	0.10513
10049	0.84977
10050	0.99740
10051	0.68320
10052	0.20525
10053	-0.40053
10054	-0.89681
10055	-1.00534
10056	-0.86347
10057	-0.88337
10058	-1.12189
10059	-1.20300
10060	-0.95721
10061	-0.58933
10062	-0.25688
10063	0.04927
10064	0.34804
10065	0.65776
10066	0.98060
10067	1.15715
10068	0.99824
10069	0.64485
10070	0.50753
10071	0.81381
10072	1.39264
10073	1.94083
10074	2.33344
10075	2.53509
10076	2.51380
10077	2.48424
10078	2.87443
10079	3.94296
10080	5.61622
10081	7.48478
10082	8.86533
10083	9.34304
10084	9.32378
10085	9.59241
10086	10.36109
10087	11.10091
10088	11.30013
10089	10.97383
10090	10.33137
10091	9.46331
10092	8.58516
10093	8.12272
10094	8.22013
10095	8.48615
10096	8.44616
10097	8.01306
10098	7.48865
10099	7.06619
10100	6.43150
10101	5.19272
10102	3.43565
10103	1.68095
10104	0.45599
10105	-0.28586
10106	-1.09328
10107	-2.14889
10108	-2.91424
10109	-2.66405
10110	-1.21883
10111	0.70540
10112	1.87306
10113	1.39247
10114	-0.35636
10115	-1.60259
10116	-1.18610
10117	-0.20880
10118	0.09207
10119	0.27261
10120	0.88899
10121	1.19845
10122	0.78951
10123	0.00717
10124	-0.90444
10125	-1.79807
10126	-2.42705
10127	-2.66898
10128	-2.73329
10129	-2.86181
10130	-2.99915
10131	-2.95649
10132	-2.66286
10133	-2.24154
10134	-1.87213
10135	-1.62588
10136	-1.48881
10137	-1.34250
10138	-0.98899
10139	-0.40758
10140	0.17062
10141	0.58846
10142	0.91977
10143	1.21535
10144	1.42035
10145	1.58065
10146	1.84289
10147	2.24011
10148	2.66954
10149	3.18223
10150	4.08905
10151	5.56547
10152	7.35932
10153	8.99307
10154	10.03588
10155	10.37013
10156	10.42383
10157	10.76443
10158	11.40578
10159	11.92809
10160	12.10023
10161	11.95965
10162	11.50120
10163	10.70744
10164	9.83162
10165	9.21579
10166	8.76399
10167	8.06950
10168	7.03765
10169	5.94573
10170	5.00453
10171	4.18101
10172	3.33171
10173	2.30957
10174	1.18011
10175	0.34695
10176	-0.02459
10177	-0.40223
10178	-1.19931
10179	-2.13816
10180	-2.51226
10181	-1.81358
10182	-0.20812
10183	1.48736
10184	2.15167
10185	1.01538
10186	-1.13779
10187	-2.20715
10188	-1.50978
10189	-0.56418
10190	-0.25346
10191	0.19869
10192	0.97013
10193	1.27167
10194	0.91681
10195	0.18393
10196	-0.76090
10197	-1.68597
10198	-2.24942
10199	-2.42966
10200	-2.54807
10201	-2.70772
10202	-2.74544
10203	-2.59560
10204	-2.33285
10205	-2.02340
10206	-1.67492
10207	-1.31465
10208	-0.99194
10209	-0.67041
10210	-0.30878
10211	-0.00851
10212	0.13920
10213	0.24289
10214	0.45202
10215	0.76486
10216	1.11652
10217	1.45778
10218	1.73084
10219	1.97225
10220	2.40039
10221	3.27918
10222	4.70567
10223	6.49242
10224	8.22223
10225	9.46327
10226	10.02598
10227	10.12210
10228	10.26920
10229	10.84807
10230	11.70455
10231	12.33802
10232	12.44916
10233	12.16344
10234	11.74647
10235	11.31403
10236	10.91785
10237	10.66583
10238	10.46318
10239	9.98310
10240	9.21886
10241	8.49320
10242	7.79772
10243	6.64935
10244	4.66291
10245	2.14165
10246	-0.05681
10247	-1.27351
10248	-1.63431
10249	-1.86612
10250	-2.37533
10251	-2.67485
10252	-2.04257
10253	-0.43723
10254	1.36213
10255	2.26011
10256	1.50970
10257	-0.63304
10258	-2.51067
10259	-2.53864
10260	-1.40628
10261	-0.73545
10262	-0.49151
10263	0.08663
10264	0.79162
10265	1.16576
10266	0.98621
10267	0.21640
10268	-0.81756
10269	-1.66049
10270	-2.03440
10271	-2.05632
10272	-2.09293
10273	-2.25532
10274	-2.32893
10275	-2.14584
10276	-1.78512
10277	-1.45805
10278	-1.27354
10279	-1.17280
10280	-1.07019
10281	-0.88197
10282	-0.55269
10283	-0.20755
10284	-0.03107
10285	0.01624
10286	0.12960
10287	0.33988
10288	0.47435
10289	0.48887
10290	0.59025
10291	0.95718
10292	1.64475
10293	2.75112
10294	4.30041
10295	6.07584
10296	7.81537
10297	9.26813
10298	10.14297
10299	10.52014
10300	10.99267
10301	11.88968
10302	12.83794
10303	13.29378
10304	13.05687
10305	12.32730
10306	11.48439
10307	10.81412
10308	10.37753
10309	10.00745
10310	9.50330
10311	8.82096
10312	7.96526
10313	6.98103
10314	6.04149
10315	5.12838
10316	3.95464
10317	2.44570
10318	0.94180
10319	-0.09268
10320	-0.57985
10321	-1.04311
10322	-1.94191
10323	-2.83578
10324	-2.77250
10325	-1.38898
10326	0.68806
10327	2.28743
10328	2.29949
10329	0.57757
10330	-1.29785
10331	-1.51087
10332	-0.50690
10333	0.14602
10334	0.46329
10335	1.03613
10336	1.33625
10337	1.02614
10338	0.45850
10339	-0.21511
10340	-0.89839
10341	-1.32395
10342	-1.44045
10343	-1.50069
10344	-1.68224
10345	-1.90048
10346	-2.01206
10347	-1.99324
10348	-1.88605
10349	-1.72679
10350	-1.54579
10351	-1.35417
10352	-1.13300
10353	-0.85232
10354	-0.50593
10355	-0.16201
10356	0.09480
10357	0.32846
10358	0.65545
10359	1.00621
10360	1.26791
10361	1.54744
10362	2.05165
10363	2.75831
10364	3.43770
10365	4.11944
10366	5.12753
10367	6.52794
10368	8.00496
10369	9.17991
10370	9.85374
10371	10.20276
10372	10.67165
10373	11.46215
10374	12.24589
10375	12.57076
10376	12.38462
10377	11.92972
10378	11.41610
10379	11.00693
10380	10.76421
10381	10.50360
10382	9.94427
10383	9.01445
10384	7.92582
10385	6.92938
10386	6.07216
10387	5.20793
10388	4.09013
10389	2.58410
10390	1.00559
10391	-0.14946
10392	-0.91323
10393	-1.74730
10394	-2.75231
10395	-3.33498
10396	-2.74127
10397	-0.92246
10398	1.15581
10399	2.10988
10400	1.14953
10401	-0.96740
10402	-2.15725
10403	-1.49666
10404	-0.41863
10405	-0.04896
10406	0.26980
10407	0.93251
10408	1.31426
10409	1.20081
10410	0.76044
10411	0.03715
10412	-0.82167
10413	-1.46622
10414	-1.68883
10415	-1.71347
10416	-1.80689
10417	-1.85278
10418	-1.67358
10419	-1.35691
10420	-1.05617
10421	-0.78760
10422	-0.50831
10423	-0.22190
10424	0.05195
10425	0.30445
10426	0.48937
10427	0.54776
10428	0.52628
10429	0.58034
10430	0.79208
10431	1.10496
10432	1.49025
10433	1.96834
10434	2.46971
10435	2.96206
10436	3.59131
10437	4.46556
10438	5.59394
10439	6.96510
10440	8.31463
10441	9.21684
10442	9.63546
10443	9.91471
10444	10.26990
10445	10.64327
10446	10.89994
10447	10.89845
10448	10.49539
10449	9.76068
10450	9.02851
10451	8.59702
10452	8.52576
10453	8.56017
10454	8.26366
10455	7.50000
10456	6.55376
10457	5.71655
10458	4.98816
10459	4.05062
10460	2.55337
10461	0.70076
10462	-0.70696
10463	-1.22270
10464	-1.28336
10465	-1.55954
10466	-2.10845
10467	-2.29735
10468	-1.58820
10469	-0.19013
10470	1.20225
10471	1.92543
10472	1.38200
10473	-0.45231
10474	-2.23177
10475	-2.47741
10476	-1.61632
10477	-0.88079
10478	-0.22201
10479	0.73100
10480	1.38011
10481	1.28072
10482	0.62744
10483	-0.25410
10484	-1.01015
10485	-1.43152
10486	-1.55891
10487	-1.64049
10488	-1.84325
10489	-1.96365
10490	-1.77372
10491	-1.42746
10492	-1.19687
10493	-1.08587
10494	-0.95227
10495	-0.75852
10496	-0.51493
10497	-0.22870
10498	0.00728
10499	0.12865
10500	0.21731
10501	0.35594
10502	0.52821
10503	0.67998
10504	0.84561
10505	1.21726
10506	1.94664
10507	2.96997
10508	4.22235
10509	5.78905
10510	7.63342
10511	9.39029
10512	10.61655
10513	11.17373
10514	11.33122
10515	11.51101
10516	11.88633
10517	12.21743
10518	12.16263
10519	11.65582
10520	10.82160
10521	9.76399
10522	8.65429
10523	7.74062
10524	7.07799
10525	6.42473
10526	5.57922
10527	4.72497
10528	4.20180
10529	3.95922
10530	3.52789
10531	2.60427
10532	1.35447
10533	0.20793
10534	-0.46097
10535	-0.71135
10536	-1.01224
10537	-1.65971
10538	-2.39114
10539	-2.58193
10540	-1.83839
10541	-0.33632
10542	1.35799
10543	2.32271
10544	1.60678
10545	-0.36543
10546	-1.57981
10547	-1.11033
10548	-0.35441
10549	-0.27683
10550	0.01331
10551	0.79323
10552	1.02341
10553	0.35062
10554	-0.81591
10555	-2.00994
10556	-2.80371
10557	-3.09522
10558	-3.20814
10559	-3.46172
10560	-3.79314
10561	-3.93111
10562	-3.78085
10563	-3.50581
10564	-3.25085
10565	-2.98184
10566	-2.65111
10567	-2.28980
10568	-1.92764
10569	-1.59264
10570	-1.31367
10571	-1.02622
10572	-0.60131
10573	-0.00470
10574	0.62101
10575	1.06797
10576	1.35652
10577	1.75433
10578	2.39760
10579	3.21694
10580	4.21761
10581	5.51939
10582	7.16873
10583	9.01669
10584	10.70746
10585	11.83244
10586	12.34389
10587	12.70359
10588	13.30515
10589	13.96959
10590	14.24789
10591	13.99981
10592	13.41006
10593	12.68552
10594	12.05619
10595	11.66407
10596	11.38135
10597	11.03160
10598	10.52027
10599	9.81331
10600	9.00822
10601	8.22758
10602	7.36960
10603	6.01965
10604	3.86183
10605	1.34593
10606	-0.44423
10607	-0.94217
10608	-0.84868
10609	-1.19644
10610	-2.00007
10611	-2.39036
10612	-1.72604
10613	-0.22705
10614	1.26118
10615	1.64133
10616	0.28779
10617	-1.68947
10618	-2.19693
10619	-1.02148
10620	0.43529
10621	1.58430
10622	2.36065
10623	2.37379
10624	1.62753
10625	0.44641
10626	-0.90408
10627	-1.96824
10628	-2.37642
10629	-2.31030
10630	-2.27954
10631	-2.50334
10632	-2.76732
10633	-2.86928
10634	-2.86035
10635	-2.81689
10636	-2.70525
10637	-2.51483
10638	-2.27113
10639	-1.91204
10640	-1.37114
10641	-0.77322
10642	-0.34080
10643	-0.09340
10644	0.16046
10645	0.48962
10646	0.77618
10647	1.08119
10648	1.64152
10649	2.42466
10650	3.17318
10651	3.87970
10652	4.83823
10653	6.22051
10654	7.79840
10655	9.03566
10656	9.46918
10657	9.20104
10658	8.86926
10659	8.96554
10660	9.41253
10661	9.79731
10662	9.83470
10663	9.65910
10664	9.58023
10665	9.64521
10666	9.67686
10667	9.51258
10668	9.16405
10669	8.85535
10670	8.66584
10671	8.22614
10672	6.99286
10673	4.79561
10674	2.20948
10675	0.32507
10676	-0.23999
10677	-0.06529
10678	-0.26040
10679	-1.17348
10680	-2.12782
10681	-2.23406
10682	-1.27366
10683	0.18217
10684	1.38900
10685	1.77196
10686	0.88659
10687	-0.97754
10688	-2.29227
10689	-1.99094
10690	-1.18510
10691	-1.13207
10692	-1.15846
10693	-0.51274
10694	0.14465
10695	0.18658
10696	-0.53640
10697	-1.81027
10698	-2.90863
10699	-3.33699
10700	-3.30846
10701	-3.26191
10702	-3.31571
10703	-3.28123
10704	-3.04712
10705	-2.73651
10706	-2.51942
10707	-2.37234
10708	-2.14395
10709	-1.83625
10710	-1.54666
10711	-1.22506
10712	-0.83499
10713	-0.51661
10714	-0.31640
10715	-0.09202
10716	0.20962
10717	0.46198
10718	0.64626
10719	1.02790
10720	1.82530
10721	2.91624
10722	4.11993
10723	5.53957
10724	7.31700
10725	9.19358
10726	10.62873
10727	11.31164
10728	11.43572
10729	11.50037
10730	11.80925
10731	12.17178
10732	12.20087
10733	11.76294
10734	11.00976
10735	10.16570
10736	9.41752
10737	8.84633
10738	8.38965
10739	7.96550
10740	7.52703
10741	7.01595
10742	6.47652
10743	5.96780
10744	5.20275
10745	3.77348
10746	1.91053
10747	0.50312
10748	0.03541
10749	-0.10163
10750	-0.74281
10751	-1.82695
10752	-2.56394
10753	-2.22989
10754	-0.81172
10755	0.91093
10756	1.85234
10757	1.20376
10758	-0.68528
10759	-1.97291
10760	-1.48504
10761	-0.33918
10762	0.32068
10763	0.86274
10764	1.47138
10765	1.60971
10766	1.24050
10767	0.59362
10768	-0.23742
10769	-0.96620
10770	-1.31703
10771	-1.42170
10772	-1.58709
10773	-1.85679
10774	-2.06785
10775	-2.15585
10776	-2.14312
10777	-2.03173
10778	-1.85844
10779	-1.67077
10780	-1.44665
10781	-1.10528
10782	-0.65653
10783	-0.29217
10784	-0.09843
10785	0.10328
10786	0.44352
10787	0.86222
10788	1.26595
10789	1.60646
10790	1.89830
10791	2.23180
10792	2.74592
10793	3.55990
10794	4.76228
10795	6.40516
10796	8.26938
10797	9.81109
10798	10.64215
10799	10.85317
10800	10.88681
10801	11.25382
10802	12.02375
10803	12.71119
10804	12.90376
10805	12.55727
10806	11.78539
10807	10.86093
10808	10.20290
10809	9.98853
10810	9.96408
10811	9.77045
10812	9.25654
10813	8.55336
10814	7.87445
10815	7.11529
10816	5.93861
10817	4.21782
10818	2.24130
10819	0.66827
10820	-0.11164
10821	-0.54046
10822	-1.20962
10823	-1.96188
10824	-2.10808
10825	-1.25429
10826	0.28447
10827	1.70925
10828	2.11071
10829	0.94635
10830	-1.11464
10831	-2.24156
10832	-1.67655
10833	-0.76208
10834	-0.46719
10835	-0.04801
10836	0.85037
10837	1.29515
10838	0.86423
10839	-0.01226
10840	-0.86318
10841	-1.44545
10842	-1.71975
10843	-1.76021
10844	-1.77278
10845	-1.94838
10846	-2.11956
10847	-2.00422
10848	-1.68410
10849	-1.36277
10850	-1.04482
10851	-0.71089
10852	-0.38614
10853	-0.01657
10854	0.39607
10855	0.65551
10856	0.64194
10857	0.52235
10858	0.53219
10859	0.79267
10860	1.27833
10861	1.80949
10862	2.28919
10863	2.78910
10864	3.35490
10865	4.13823
10866	5.40425
10867	7.12122
10868	8.89660
10869	10.31889
10870	11.21048
10871	11.64101
10872	11.83337
10873	12.05368
10874	12.40523
10875	12.70053
10876	12.60099
10877	11.96025
10878	11.02868
10879	10.20860
10880	9.73221
10881	9.61034
10882	9.64277
10883	9.51691
10884	9.02334
10885	8.21231
10886	7.31244
10887	6.25938
10888	4.59510
10889	2.30624
10890	0.22840
10891	-0.84743
10892	-0.97433
10893	-0.82353
10894	-1.02340
10895	-1.48832
10896	-1.55883
10897	-0.75842
10898	0.69123
10899	1.88121
10900	1.82672
10901	0.44644
10902	-0.93241
10903	-0.95706
10904	-0.18333
10905	0.13907
10906	0.17283
10907	0.52228
10908	0.87697
10909	0.88716
10910	0.53857
10911	-0.23118
10912	-1.20355
10913	-1.94099
10914	-2.32792
10915	-2.59094
10916	-2.89299
10917	-3.14754
10918	-3.16553
10919	-2.87454
10920	-2.40653
10921	-1.94719
10922	-1.56756
10923	-1.25210
10924	-0.95185
10925	-0.63149
10926	-0.36087
10927	-0.20243
10928	-0.03887
10929	0.28408
10930	0.74759
10931	1.22428
10932	1.66194
10933	2.10855
10934	2.61416
10935	3.21067
10936	3.94108
10937	4.90189
10938	6.22881
10939	7.86855
10940	9.42693
10941	10.42468
10942	10.73456
10943	10.75189
10944	11.01855
10945	11.59764
10946	12.06657
10947	12.13820
10948	11.88677
10949	11.44362
10950	10.90757
10951	10.47390
10952	10.28058
10953	10.19792
10954	10.02597
10955	9.74159
10956	9.41678
10957	9.03309
10958	8.28833
10959	6.71051
10960	4.26034
10961	1.61797
10962	-0.27201
10963	-1.02234
10964	-1.23494
10965	-1.67273
10966	-2.19959
10967	-2.13400
10968	-1.21726
10969	0.21917
10970	1.57032
10971	1.95816
10972	0.67272
10973	-1.47202
10974	-2.34466
10975	-1.32031
10976	0.09654
10977	0.96948
10978	1.52756
10979	1.72056
10980	1.27786
10981	0.21986
10982	-1.23814
10983	-2.62643
10984	-3.39080
10985	-3.36282
10986	-3.01392
10987	-2.93159
10988	-3.13435
10989	-3.27712
10990	-3.18674
10991	-2.93963
10992	-2.66471
10993	-2.42056
10994	-2.20419
10995	-1.94406
10996	-1.51673
10997	-0.89903
10998	-0.21868
10999	0.39083
11000	0.91323
11001	1.40494
11002	1.85397
11003	2.18471
11004	2.41585
11005	2.66893
11006	2.99191
11007	3.37863
11008	3.96279
11009	4.93196
11010	6.17657
11011	7.25767
11012	7.89436
11013	8.22411
11014	8.52859
11015	8.98482
11016	9.57341
11017	10.09091
11018	10.36079
11019	10.41834
11020	10.38052
11021	10.26130
11022	10.09336
11023	9.95713
11024	9.74984
11025	9.23709
11026	8.41569
11027	7.59813
11028	6.95976
11029	6.17557
11030	4.82431
11031	2.96207
11032	1.10910
11033	-0.08254
11034	-0.45044
11035	-0.67836
11036	-1.41043
11037	-2.30698
11038	-2.41953
11039	-1.31590
11040	0.39828
11041	1.63216
11042	1.47022
11043	-0.18218
11044	-1.89888
11045	-1.97791
11046	-0.94269
11047	-0.28345
11048	0.10599
11049	0.76095
11050	1.09645
11051	0.72138
11052	0.10898
11053	-0.31709
11054	-0.47316
11055	-0.39855
11056	-0.26022
11057	-0.32463
11058	-0.62453
11059	-0.88458
11060	-0.93754
11061	-0.90828
11062	-0.91359
11063	-0.91080
11064	-0.83976
11065	-0.70039
11066	-0.49309
11067	-0.21982
11068	-0.00446
11069	0.02755
11070	-0.01417
11071	0.09420
11072	0.48553
11073	1.12562
11074	1.80872
11075	2.35368
11076	2.76162
11077	3.23889
11078	4.11923
11079	5.53240
11080	7.25943
11081	8.94665
11082	10.20524
11083	10.77463
11084	10.84895
11085	10.92546
11086	11.30292
11087	11.87378
11088	12.27881
11089	12.23423
11090	11.72544
11091	10.95080
11092	10.24081
11093	9.90675
11094	9.93373
11095	9.96613
11096	9.76242
11097	9.38254
11098	8.92872
11099	8.45409
11100	7.84802
11101	6.68245
11102	4.68949
11103	2.33019
11104	0.52010
11105	-0.26758
11106	-0.50242
11107	-0.96422
11108	-1.68263
11109	-1.90888
11110	-1.17004
11111	0.14267
11112	1.33445
11113	1.82522
11114	1.13483
11115	-0.39722
11116	-1.19877
11117	-0.55246
11118	0.05241
11119	-0.34521
11120	-0.58071
11121	0.05808
11122	0.58135
11123	0.27297
11124	-0.70693
11125	-1.86037
11126	-2.68646
11127	-2.99702
11128	-3.00094
11129	-3.05256
11130	-3.22075
11131	-3.24811
11132	-3.01732
11133	-2.69809
11134	-2.38761
11135	-2.05371
11136	-1.76347
11137	-1.56478
11138	-1.32492
11139	-0.94943
11140	-0.52228
11141	-0.15742
11142	0.16007
11143	0.52048
11144	0.88140
11145	1.17261
11146	1.54343
11147	2.12508
11148	2.82155
11149	3.60311
11150	4.59541
11151	5.85869
11152	7.31619
11153	8.75228
11154	9.90588
11155	10.64999
11156	11.07907
11157	11.47962
11158	12.07191
11159	12.72765
11160	13.10737
11161	13.03072
11162	12.57635
11163	11.94781
11164	11.38324
11165	11.02720
11166	10.82591
11167	10.61582
11168	10.27110
11169	9.79950
11170	9.30824
11171	8.81883
11172	8.05561
11173	6.50953
11174	4.05191
11175	1.40690
11176	-0.45361
11177	-1.29498
11178	-1.71645
11179	-2.30940
11180	-2.92523
11181	-2.88173
11182	-1.72949
11183	0.18759
11184	1.73465
11185	1.72114
11186	0.11175
11187	-1.54768
11188	-1.75133
11189	-0.93654
11190	-0.27030
11191	0.36567
11192	1.28845
11193	1.80098
11194	1.47038
11195	0.59899
11196	-0.50018
11197	-1.50976
11198	-2.13006
11199	-2.35530
11200	-2.45390
11201	-2.65972
11202	-2.89502
11203	-2.94894
11204	-2.79847
11205	-2.55509
11206	-2.28584
11207	-2.01123
11208	-1.76624
11209	-1.56618
11210	-1.33859
11211	-1.00878
11212	-0.59834
11213	-0.17196
11214	0.22920
11215	0.58248
11216	0.85010
11217	1.03959
11218	1.29502
11219	1.76919
11220	2.40971
11221	3.02601
11222	3.61855
11223	4.45321
11224	5.72145
11225	7.29017
11226	8.75981
11227	9.74705
11228	10.30839
11229	10.93932
11230	11.90308
11231	12.85528
11232	13.38834
11233	13.43222
11234	13.01440
11235	12.23010
11236	11.34878
11237	10.57451
11238	9.90614
11239	9.24221
11240	8.50532
11241	7.74193
11242	7.03489
11243	6.42238
11244	5.86253
11245	4.97249
11246	3.29041
11247	1.14208
11248	-0.47490
11249	-1.10614
11250	-1.34208
11251	-1.91723
11252	-2.68122
11253	-2.74048
11254	-1.53497
11255	0.39005
11256	1.78231
11257	1.67812
11258	0.18273
11259	-1.26082
11260	-1.22055
11261	-0.24441
11262	0.31648
11263	0.55186
11264	0.96939
11265	1.08808
11266	0.63984
11267	0.01241
11268	-0.63743
11269	-1.26288
11270	-1.68165
11271	-1.91073
11272	-2.18935
11273	-2.53569
11274	-2.65008
11275	-2.38469
11276	-1.95807
11277	-1.58407
11278	-1.23588
11279	-0.87774
11280	-0.59029
11281	-0.36695
11282	-0.11716
11283	0.09416
11284	0.14560
11285	0.15107
11286	0.33382
11287	0.71316
11288	1.16751
11289	1.62278
11290	2.02094
11291	2.27682
11292	2.42699
11293	2.71749
11294	3.40909
11295	4.65453
11296	6.42468
11297	8.32489
11298	9.79801
11299	10.63289
11300	11.07826
11301	11.51832
11302	12.15947
11303	12.91555
11304	13.40926
11305	13.26237
11306	12.49589
11307	11.45461
11308	10.50145
11309	9.83605
11310	9.42827
11311	9.12351
11312	8.73244
11313	8.08242
11314	7.20131
11315	6.39896
11316	5.87926
11317	5.27187
11318	3.99522
11319	2.18510
11320	0.66661
11321	-0.19986
11322	-0.92346
11323	-1.87738
11324	-2.55682
11325	-2.22239
11326	-0.83137
11327	0.94693
11328	2.25703
11329	2.28480
11330	0.72759
11331	-1.26807
11332	-1.78563
11333	-0.74029
11334	0.13267
11335	0.28195
11336	0.60635
11337	1.15046
11338	1.21939
11339	0.64771
11340	-0.40674
11341	-1.60734
11342	-2.43120
11343	-2.62283
11344	-2.49303
11345	-2.51577
11346	-2.73309
11347	-2.85526
11348	-2.78593
11349	-2.68712
11350	-2.61743
11351	-2.46594
11352	-2.20557
11353	-1.89345
11354	-1.49125
11355	-0.95708
11356	-0.38219
11357	0.11831
11358	0.50724
11359	0.81345
11360	1.13356
11361	1.59183
11362	2.19414
11363	2.81718
11364	3.42749
11365	4.11277
11366	4.91787
11367	5.90997
11368	7.17789
11369	8.54134
11370	9.54607
11371	9.92295
11372	9.91503
11373	10.01226
11374	10.37908
11375	10.74954
11376	10.87218
11377	10.66978
11378	10.15004
11379	9.54186
11380	9.12517
11381	8.88939
11382	8.68383
11383	8.37345
11384	7.88465
11385	7.33038
11386	6.89236
11387	6.66528
11388	6.36195
11389	5.21959
11390	3.00006
11391	0.66787
11392	-0.68355
11393	-1.10949
11394	-1.49412
11395	-2.20901
11396	-2.62879
11397	-1.96836
11398	-0.28363
11399	1.51127
11400	2.37895
11401	1.69588
11402	-0.26122
11403	-1.95124
11404	-2.00049
11405	-1.09298
11406	-0.57199
11407	-0.27800
11408	0.34040
11409	0.79404
11410	0.58472
11411	-0.25015
11412	-1.45456
11413	-2.61285
11414	-3.35330
11415	-3.55447
11416	-3.45308
11417	-3.40868
11418	-3.46078
11419	-3.39724
11420	-3.13554
11421	-2.75126
11422	-2.29393
11423	-1.79083
11424	-1.31563
11425	-0.90506
11426	-0.51349
11427	-0.16518
11428	0.02719
11429	0.08497
11430	0.19699
11431	0.48437
11432	0.89264
11433	1.35581
11434	1.93787
11435	2.68481
11436	3.49941
11437	4.34474
11438	5.39457
11439	6.80350
11440	8.45865
11441	9.98254
11442	10.94903
11443	11.38025
11444	11.81780
11445	12.53231
11446	13.15664
11447	13.29146
11448	12.88779
11449	12.10697
11450	11.20077
11451	10.34929
11452	9.64599
11453	9.20643
11454	8.96491
11455	8.69583
11456	8.33561
11457	7.92943
11458	7.52629
11459	7.15861
11460	6.45803
11461	4.76945
11462	2.27603
11463	0.14724
11464	-0.91380
11465	-1.39389
11466	-2.05245
11467	-2.76184
11468	-2.63337
11469	-1.23946
11470	0.78466
11471	2.30430
11472	2.25961
11473	0.33173
11474	-2.01810
11475	-2.54934
11476	-1.24762
11477	0.08414
11478	0.87402
11479	1.48894
11480	1.62267
11481	1.08050
11482	0.19131
11483	-0.83794
11484	-1.85779
11485	-2.54537
11486	-2.67299
11487	-2.56451
11488	-2.70331
11489	-2.95182
11490	-2.91299
11491	-2.61789
11492	-2.28785
11493	-1.97109
11494	-1.65622
11495	-1.34394
11496	-0.99943
11497	-0.63244
11498	-0.30959
11499	-0.03080
11500	0.28205
11501	0.67993
11502	1.13656
11503	1.55947
11504	1.83777
11505	1.95377
11506	2.05419
11507	2.42835
11508	3.33048
11509	4.77285
11510	6.59937
11511	8.62938
11512	10.49815
11513	11.63960
11514	11.90854
11515	11.85993
11516	12.04904
11517	12.47060
11518	12.80428
11519	12.83522
11520	12.47652
11521	11.72252
11522	10.77149
11523	9.95189
11524	9.42868
11525	9.06388
11526	8.62570
11527	8.06695
11528	7.45349
11529	6.85503
11530	6.30539
11531	5.42259
11532	3.60076
11533	1.07931
11534	-0.93085
11535	-1.53676
11536	-1.13369
11537	-0.82971
11538	-1.13025
11539	-1.57230
11540	-1.44438
11541	-0.47083
11542	0.97892
11543	1.94586
11544	1.46947
11545	-0.27889
11546	-1.72031
11547	-1.67923
11548	-0.86819
11549	-0.27313
11550	0.29687
11551	0.92840
11552	1.08535
11553	0.71739
11554	0.05521
11555	-0.77644
11556	-1.44796
11557	-1.68781
11558	-1.70048
11559	-1.85794
11560	-2.14366
11561	-2.26558
11562	-2.15051
11563	-1.90889
11564	-1.57673
11565	-1.18858
11566	-0.82525
11567	-0.51011
11568	-0.19027
11569	0.13934
11570	0.34958
11571	0.39112
11572	0.43384
11573	0.61559
11574	0.90641
11575	1.29087
11576	1.81916
11577	2.42517
11578	2.91619
11579	3.27605
11580	3.84413
11581	5.01065
11582	6.76459
11583	8.68716
11584	10.25675
11585	11.14297
11586	11.44853
11587	11.61138
11588	11.99771
11589	12.56922
11590	12.91017
11591	12.66542
11592	11.90678
11593	11.01014
11594	10.32961
11595	9.99830
11596	9.88633
11597	9.76909
11598	9.57745
11599	9.33193
11600	8.95375
11601	8.45939
11602	7.86316
11603	6.63264
11604	4.27145
11605	1.47817
11606	-0.40545
11607	-0.96418
11608	-1.02285
11609	-1.44350
11610	-2.03680
11611	-1.96185
11612	-0.90945
11613	0.61486
11614	1.87522
11615	2.14278
11616	0.98811
11617	-0.93516
11618	-1.99863
11619	-1.48025
11620	-0.51222
11621	-0.04075
11622	0.40362
11623	1.05061
11624	1.26455
11625	0.85868
11626	0.12831
11627	-0.63262
11628	-1.12870
11629	-1.22438
11630	-1.17920
11631	-1.39178
11632	-1.78544
11633	-1.89647
11634	-1.57083
11635	-1.09837
11636	-0.74278
11637	-0.50715
11638	-0.28891
11639	-0.01668
11640	0.29865
11641	0.54210
11642	0.62961
11643	0.64333
11644	0.73714
11645	0.95166
11646	1.22505
11647	1.54377
11648	1.95785
11649	2.46001
11650	2.94450
11651	3.37422
11652	3.95086
11653	4.95124
11654	6.40726
11655	8.02314
11656	9.34815
11657	10.07378
11658	10.26704
11659	10.29735
11660	10.54074
11661	11.07938
11662	11.60499
11663	11.70066
11664	11.24337
11665	10.48219
11666	9.81023
11667	9.47080
11668	9.38948
11669	9.31008
11670	9.05009
11671	8.53791
11672	7.83023
11673	7.16379
11674	6.48122
11675	5.10972
11676	2.77266
11677	0.40739
11678	-0.90384
11679	-1.14700
11680	-1.17276
11681	-1.59897
11682	-2.03903
11683	-1.66539
11684	-0.32691
11685	1.22457
11686	2.01365
11687	1.47964
11688	-0.07315
11689	-1.27619
11690	-1.00643
11691	-0.11102
11692	0.02662
11693	-0.33964
11694	-0.50706
11695	-0.73576
11696	-1.30851
11697	-2.16566
11698	-3.20645
11699	-4.08328
11700	-4.44598
11701	-4.39165
11702	-4.29044
11703	-4.31134
11704	-4.31537
11705	-4.13205
11706	-3.77421
11707	-3.35688
11708	-2.94042
11709	-2.55617
11710	-2.24595
11711	-1.93075
11712	-1.45606
11713	-0.88035
11714	-0.41573
11715	-0.06584
11716	0.33866
11717	0.81335
11718	1.26967
11719	1.72932
11720	2.25613
11721	2.89086
11722	3.69637
11723	4.71846
11724	5.99062
11725	7.55393
11726	9.25599
11727	10.69880
11728	11.61910
11729	12.20611
11730	12.92093
11731	13.91303
11732	14.72708
11733	14.83042
11734	14.17664
11735	13.06995
11736	11.82772
11737	10.71534
11738	9.91707
11739	9.47043
11740	9.19723
11741	8.73747
11742	7.95155
11743	7.16201
11744	6.68283
11745	6.31687
11746	5.50663
11747	3.93734
11748	1.96647
11749	0.35374
11750	-0.49318
11751	-0.92495
11752	-1.55710
11753	-2.34866
11754	-2.49436
11755	-1.41717
11756	0.41266
11757	1.92157
11758	2.22003
11759	0.94505
11760	-1.09944
11761	-1.98126
11762	-1.04430
11763	0.09432
11764	0.41945
11765	0.68685
11766	1.16593
11767	1.13911
11768	0.40394
11769	-0.72405
11770	-1.81987
11771	-2.50180
11772	-2.75462
11773	-2.85625
11774	-3.01931
11775	-3.19710
11776	-3.19805
11777	-2.95910
11778	-2.59552
11779	-2.20369
11780	-1.82079
11781	-1.50894
11782	-1.22285
11783	-0.82626
11784	-0.43759
11785	-0.27121
11786	-0.17207
11787	0.12089
11788	0.59236
11789	1.16862
11790	1.85824
11791	2.54844
11792	2.99522
11793	3.21415
11794	3.58019
11795	4.37665
11796	5.63991
11797	7.28214
11798	8.99657
11799	10.28477
11800	10.86907
11801	11.03716
11802	11.30785
11803	11.80718
11804	12.26931
11805	12.46464
11806	12.30081
11807	11.74217
11808	10.91706
11809	10.12163
11810	9.56199
11811	9.20948
11812	8.90800
11813	8.46693
11814	7.76511
11815	6.96782
11816	6.38927
11817	5.96884
11818	5.18218
11819	3.64065
11820	1.74259
11821	0.38432
11822	-0.14128
11823	-0.44453
11824	-1.12778
11825	-1.97337
11826	-2.19753
11827	-1.34990
11828	0.24633
11829	1.78488
11830	2.30625
11831	1.13270
11832	-1.06398
11833	-2.31018
11834	-1.80631
11835	-0.80841
11836	-0.22070
11837	0.36219
11838	1.04082
11839	1.28094
11840	0.94366
11841	0.23806
11842	-0.57637
11843	-1.18790
11844	-1.40555
11845	-1.38390
11846	-1.40641
11847	-1.50602
11848	-1.54619
11849	-1.47130
11850	-1.31982
11851	-1.13288
11852	-0.92174
11853	-0.66475
11854	-0.30677
11855	0.14716
11856	0.54981
11857	0.75664
11858	0.82666
11859	0.97496
11860	1.37554
11861	2.02782
11862	2.72006
11863	3.17391
11864	3.36058
11865	3.53869
11866	3.90119
11867	4.45698
11868	5.31401
11869	6.62725
11870	8.14746
11871	9.24851
11872	9.54661
11873	9.26658
11874	8.95657
11875	8.95290
11876	9.17150
11877	9.35581
11878	9.32069
11879	9.01930
11880	8.59462
11881	8.32520
11882	8.39093
11883	8.71094
11884	9.00910
11885	9.04724
11886	8.82486
11887	8.46778
11888	8.07738
11889	7.58039
11890	6.45261
11891	4.26288
11892	1.61315
11893	-0.35024
11894	-1.23068
11895	-1.58822
11896	-2.03992
11897	-2.44471
11898	-2.11502
11899	-0.80184
11900	0.88214
11901	1.99834
11902	1.80903
11903	0.21159
11904	-1.54144
11905	-1.75529
11906	-0.70163
11907	0.05754
11908	0.29462
11909	0.63088
11910	0.90564
11911	0.78797
11912	0.30727
11913	-0.38692
11914	-0.97625
11915	-1.20197
11916	-1.19420
11917	-1.26129
11918	-1.44454
11919	-1.50531
11920	-1.31410
11921	-0.97777
11922	-0.62607
11923	-0.34390
11924	-0.18370
11925	-0.09936
11926	0.01555
11927	0.18812
11928	0.30669
11929	0.29180
11930	0.31128
11931	0.64867
11932	1.34865
11933	2.13535
11934	2.72439
11935	3.10143
11936	3.42164
11937	3.80825
11938	4.32766
11939	5.05045
11940	6.07373
11941	7.39834
11942	8.75618
11943	9.71961
11944	10.07442
11945	9.96869
11946	9.73627
11947	9.66221
11948	9.77359
11949	9.81360
11950	9.55092
11951	9.12263
11952	8.92221
11953	9.13187
11954	9.49833
11955	9.64387
11956	9.44340
11957	9.03310
11958	8.59773
11959	8.17162
11960	7.48022
11961	6.02128
11962	3.62534
11963	0.93614
11964	-1.00165
11965	-1.76436
11966	-1.90988
11967	-2.09669
11968	-2.22716
11969	-1.79427
11970	-0.68930
11971	0.68862
11972	1.73992
11973	1.80281
11974	0.54900
11975	-1.25461
11976	-2.05802
11977	-1.47762
11978	-0.69766
11979	-0.46562
11980	-0.45079
11981	-0.44149
11982	-0.60953
11983	-1.08707
11984	-1.89870
11985	-2.82403
11986	-3.47250
11987	-3.63607
11988	-3.52815
11989	-3.53203
11990	-3.61450
11991	-3.41763
11992	-2.92061
11993	-2.42657
11994	-2.03658
11995	-1.63311
11996	-1.19874
11997	-0.78095
11998	-0.35811
11999	0.01824
12000	0.23795
12001	0.38630
12002	0.65460
12003	1.01335
12004	1.33626
12005	1.71435
12006	2.27765
12007	2.91679
12008	3.42610
12009	3.84859
12010	4.50853
12011	5.65845
12012	7.24604
12013	8.90980
12014	10.12738
12015	10.62984
12016	10.66390
12017	10.66475
12018	10.79334
12019	10.89856
12020	10.73332
12021	10.17795
12022	9.38789
12023	8.61290
12024	8.01544
12025	7.71508
12026	7.62546
12027	7.43365
12028	6.96469
12029	6.33046
12030	5.78454
12031	5.32082
12032	4.43866
12033	2.82176
12034	1.05983
12035	0.03088
12036	-0.21934
12037	-0.38985
12038	-0.95447
12039	-1.66985
12040	-1.84285
12041	-1.04067
12042	0.38723
12043	1.68270
12044	2.23438
12045	1.58499
12046	-0.20184
12047	-1.80149
12048	-1.78127
12049	-0.79185
12050	-0.32682
12051	-0.15687
12052	0.42081
12053	0.82470
12054	0.52602
12055	-0.33565
12056	-1.46984
12057	-2.36577
12058	-2.68336
12059	-2.72589
12060	-2.95314
12061	-3.28163
12062	-3.31536
12063	-2.97787
12064	-2.48531
12065	-2.01535
12066	-1.64428
12067	-1.34374
12068	-0.99992
12069	-0.58039
12070	-0.21475
12071	-0.01928
12072	0.09954
12073	0.36283
12074	0.86954
12075	1.50266
12076	2.04691
12077	2.39205
12078	2.61965
12079	2.83112
12080	3.07444
12081	3.55089
12082	4.58796
12083	6.26396
12084	8.22055
12085	9.88323
12086	10.92996
12087	11.57495
12088	12.23783
12089	12.97050
12090	13.47954
12091	13.53778
12092	13.05548
12093	12.09840
12094	10.97067
12095	9.91875
12096	8.95579
12097	8.06940
12098	7.22074
12099	6.32752
12100	5.42446
12101	4.64423
12102	4.05993
12103	3.43377
12104	2.29289
12105	0.77225
12106	-0.20296
12107	-0.22055
12108	-0.03672
12109	-0.49662
12110	-1.51642
12111	-2.27216
12112	-1.95470
12113	-0.51454
12114	1.28845
12115	2.45087
12116	2.18675
12117	0.44288
12118	-1.51195
12119	-2.01351
12120	-1.15999
12121	-0.46736
12122	-0.32788
12123	-0.05347
12124	0.33266
12125	0.38092
12126	-0.05098
12127	-0.92254
12128	-1.90237
12129	-2.54397
12130	-2.77743
12131	-2.91983
12132	-3.17059
12133	-3.33510
12134	-3.19733
12135	-2.83340
12136	-2.41321
12137	-2.00356
12138	-1.61236
12139	-1.23080
12140	-0.83178
12141	-0.43834
12142	-0.14418
12143	0.02229
12144	0.14555
12145	0.32349
12146	0.64481
12147	1.13739
12148	1.68768
12149	2.18050
12150	2.65078
12151	3.22345
12152	4.04015
12153	5.26161
12154	6.95887
12155	8.86956
12156	10.42874
12157	11.21514
12158	11.36825
12159	11.43572
12160	11.73078
12161	12.08964
12162	12.15567
12163	11.63779
12164	10.58018
12165	9.37125
12166	8.40308
12167	7.88680
12168	7.80380
12169	7.86872
12170	7.70629
12171	7.26081
12172	6.88420
12173	6.74511
12174	6.44238
12175	5.42371
12176	3.58980
12177	1.57692
12178	0.27036
12179	-0.25667
12180	-0.80067
12181	-1.77497
12182	-2.54822
12183	-2.28265
12184	-0.93271
12185	0.80336
12186	2.05311
12187	2.05418
12188	0.53266
12189	-1.56509
12190	-2.45825
12191	-1.67282
12192	-0.48998
12193	0.23904
12194	0.71996
12195	1.06249
12196	1.07823
12197	0.53581
12198	-0.65090
12199	-2.04537
12200	-2.96687
12201	-3.19331
12202	-3.12632
12203	-3.20041
12204	-3.36483
12205	-3.32584
12206	-3.00410
12207	-2.56424
12208	-2.15946
12209	-1.81746
12210	-1.48032
12211	-1.06021
12212	-0.58183
12213	-0.19992
12214	0.05870
12215	0.32544
12216	0.66014
12217	1.07479
12218	1.58831
12219	2.09234
12220	2.42248
12221	2.57325
12222	2.76693
12223	3.36094
12224	4.58802
12225	6.37009
12226	8.38551
12227	10.16158
12228	11.22534
12229	11.52395
12230	11.54553
12231	11.77574
12232	12.25827
12233	12.70413
12234	12.78225
12235	12.36926
12236	11.63196
12237	10.85581
12238	10.27775
12239	9.99365
12240	9.84101
12241	9.56526
12242	9.09280
12243	8.46267
12244	7.79626
12245	7.19538
12246	6.28846
12247	4.50687
12248	2.12337
12249	0.22578
12250	-0.55534
12251	-0.69354
12252	-1.00707
12253	-1.54427
12254	-1.64198
12255	-0.94860
12256	0.24509
12257	1.39320
12258	1.79691
12259	0.88929
12260	-0.65456
12261	-1.11555
12262	-0.26711
12263	0.45046
12264	0.60244
12265	0.80842
12266	1.01301
12267	0.84620
12268	0.32432
12269	-0.44715
12270	-1.27497
12271	-1.86475
12272	-2.11330
12273	-2.27599
12274	-2.57034
12275	-2.80638
12276	-2.77094
12277	-2.53512
12278	-2.23778
12279	-1.94057
12280	-1.66498
12281	-1.39004
12282	-1.03698
12283	-0.56588
12284	-0.06021
12285	0.39325
12286	0.77993
12287	1.07928
12288	1.27669
12289	1.40286
12290	1.54781
12291	1.85999
12292	2.37450
12293	3.01095
12294	3.89034
12295	5.25903
12296	7.04243
12297	8.82850
12298	10.21018
12299	11.03219
12300	11.48047
12301	11.90489
12302	12.47910
12303	13.04661
12304	13.26747
12305	12.91708
12306	12.05840
12307	10.96259
12308	10.00778
12309	9.51492
12310	9.39938
12311	9.27206
12312	8.98530
12313	8.63405
12314	8.28129
12315	7.98842
12316	7.53181
12317	6.29063
12318	4.15015
12319	2.00229
12320	0.83422
12321	0.64593
12322	0.46852
12323	-0.39484
12324	-1.43019
12325	-1.66363
12326	-0.89371
12327	0.34106
12328	1.42651
12329	1.73280
12330	0.85869
12331	-0.49045
12332	-0.83725
12333	-0.02367
12334	0.53235
12335	0.33206
12336	0.33925
12337	0.80158
12338	0.89659
12339	0.26998
12340	-0.79326
12341	-1.88393
12342	-2.66417
12343	-3.02657
12344	-3.17398
12345	-3.34030
12346	-3.49150
12347	-3.48276
12348	-3.28901
12349	-2.99172
12350	-2.67888
12351	-2.39682
12352	-2.14531
12353	-1.84782
12354	-1.39502
12355	-0.79504
12356	-0.22593
12357	0.15026
12358	0.40238
12359	0.74096
12360	1.23651
12361	1.76241
12362	2.23839
12363	2.74432
12364	3.29096
12365	3.79303
12366	4.36073
12367	5.31987
12368	6.78436
12369	8.34272
12370	9.45211
12371	10.05344
12372	10.53650
12373	11.22588
12374	12.07978
12375	12.80716
12376	13.15151
12377	13.07577
12378	12.76282
12379	12.43875
12380	12.19538
12381	12.02623
12382	11.91759
12383	11.76711
12384	11.37396
12385	10.67002
12386	9.80008
12387	8.87354
12388	7.70363
12389	5.95365
12390	3.72770
12391	1.68508
12392	0.35712
12393	-0.35970
12394	-1.03011
12395	-1.97400
12396	-2.75773
12397	-2.57054
12398	-1.13641
12399	0.81656
12400	2.07157
12401	1.81191
12402	0.32944
12403	-0.90805
12404	-0.75462
12405	0.02383
12406	0.18096
12407	0.09819
12408	0.52209
12409	0.83413
12410	0.38291
12411	-0.49608
12412	-1.27507
12413	-1.73202
12414	-1.89407
12415	-1.95666
12416	-2.13877
12417	-2.42596
12418	-2.59001
12419	-2.50775
12420	-2.26777
12421	-1.99778
12422	-1.72969
12423	-1.46765
12424	-1.26064
12425	-1.07667
12426	-0.78029
12427	-0.36109
12428	0.01525
12429	0.22200
12430	0.29361
12431	0.39488
12432	0.70280
12433	1.21866
12434	1.77995
12435	2.30944
12436	2.85970
12437	3.48629
12438	4.32094
12439	5.58771
12440	7.32321
12441	9.20596
12442	10.72686
12443	11.55945
12444	11.86581
12445	12.21307
12446	13.00152
12447	13.92711
12448	14.30467
12449	13.88096
12450	12.96254
12451	11.94211
12452	11.05439
12453	10.37627
12454	9.84178
12455	9.29722
12456	8.63013
12457	7.88895
12458	7.22121
12459	6.65296
12460	5.85090
12461	4.36897
12462	2.35883
12463	0.58842
12464	-0.35082
12465	-0.63745
12466	-1.00705
12467	-1.74359
12468	-2.20490
12469	-1.67660
12470	-0.26337
12471	1.30732
12472	2.25726
12473	1.93137
12474	0.28535
12475	-1.42194
12476	-1.70252
12477	-0.91729
12478	-0.49188
12479	-0.42953
12480	0.12254
12481	0.84445
12482	1.00248
12483	0.59363
12484	-0.06437
12485	-0.67479
12486	-1.07162
12487	-1.31730
12488	-1.58826
12489	-1.89890
12490	-2.03321
12491	-1.91961
12492	-1.75888
12493	-1.62032
12494	-1.38478
12495	-1.05282
12496	-0.74032
12497	-0.46510
12498	-0.16429
12499	0.10624
12500	0.23791
12501	0.28656
12502	0.36839
12503	0.49811
12504	0.69663
12505	1.01333
12506	1.40079
12507	1.79523
12508	2.27422
12509	3.00377
12510	4.10047
12511	5.63026
12512	7.54555
12513	9.49923
12514	10.91019
12515	11.41054
12516	11.28156
12517	11.19680
12518	11.47035
12519	11.87287
12520	12.04974
12521	11.79107
12522	11.12216
12523	10.28968
12524	9.58954
12525	9.22303
12526	9.13891
12527	9.08407
12528	8.94315
12529	8.71393
12530	8.33632
12531	7.77459
12532	6.82273
12533	5.03482
12534	2.48600
12535	0.17943
12536	-0.96701
12537	-1.15911
12538	-1.28522
12539	-1.72896
12540	-2.01440
12541	-1.48682
12542	-0.13937
12543	1.33498
12544	2.03789
12545	1.30333
12546	-0.48486
12547	-1.59789
12548	-1.11910
12549	-0.36806
12550	-0.32840
12551	-0.11749
12552	0.68501
12553	1.08468
12554	0.72098
12555	0.12461
12556	-0.45370
12557	-1.01276
12558	-1.37002
12559	-1.44855
12560	-1.53058
12561	-1.79214
12562	-1.99981
12563	-1.90593
12564	-1.57128
12565	-1.16977
12566	-0.74569
12567	-0.31081
12568	0.05381
12569	0.33534
12570	0.57869
12571	0.72401
12572	0.73111
12573	0.74218
12574	0.92736
12575	1.34562
12576	1.95081
12577	2.58859
12578	3.11801
12579	3.53598
12580	3.92511
12581	4.43672
12582	5.30724
12583	6.68699
12584	8.42572
12585	10.06939
12586	11.17528
12587	11.77162
12588	12.29734
12589	12.97495
12590	13.56182
12591	13.73333
12592	13.32305
12593	12.31679
12594	10.99638
12595	9.80817
12596	8.99494
12597	8.56191
12598	8.30737
12599	7.91278
12600	7.25088
12601	6.50485
12602	5.98363
12603	5.63522
12604	4.81820
12605	3.13492
12606	1.22681
12607	0.11606
12608	-0.02878
12609	-0.00257
12610	-0.53655
12611	-1.53210
12612	-2.22916
12613	-1.89607
12614	-0.54116
12615	1.15233
12616	2.36239
12617	2.25732
12618	0.47147
12619	-1.83785
12620	-2.73629
12621	-2.02483
12622	-1.03315
12623	-0.19338
12624	0.80018
12625	1.46696
12626	1.24731
12627	0.36478
12628	-0.63894
12629	-1.27360
12630	-1.39371
12631	-1.25684
12632	-1.23583
12633	-1.51697
12634	-1.86700
12635	-1.89215
12636	-1.58801
12637	-1.24522
12638	-0.96535
12639	-0.66380
12640	-0.30908
12641	0.08442
12642	0.45794
12643	0.65669
12644	0.59270
12645	0.45187
12646	0.55814
12647	1.01185
12648	1.59718
12649	2.04455
12650	2.32029
12651	2.62720
12652	3.07099
12653	3.57861
12654	4.30918
12655	5.60931
12656	7.41880
12657	9.19715
12658	10.38889
12659	10.88474
12660	11.13468
12661	11.56551
12662	12.03817
12663	12.21258
12664	11.96566
12665	11.31979
12666	10.43024
12667	9.61181
12668	9.13134
12669	8.96395
12670	8.89428
12671	8.80578
12672	8.64627
12673	8.35791
12674	8.06073
12675	7.74257
12676	6.79681
12677	4.76145
12678	2.27739
12679	0.48435
12680	-0.25381
12681	-0.58125
12682	-1.19996
12683	-1.94203
12684	-2.02371
12685	-1.05351
12686	0.51414
12687	1.88492
12688	2.40573
12689	1.62750
12690	-0.12371
12691	-1.23130
12692	-0.60881
12693	0.48931
12694	0.69568
12695	0.70219
12696	1.18140
12697	1.47376
12698	1.29717
12699	0.73113
12700	-0.31900
12701	-1.49107
12702	-2.18672
12703	-2.32662
12704	-2.32105
12705	-2.46863
12706	-2.63226
12707	-2.58338
12708	-2.37439
12709	-2.16478
12710	-1.95664
12711	-1.70174
12712	-1.42525
12713	-1.07591
12714	-0.57805
12715	-0.07420
12716	0.28992
12717	0.62715
12718	1.02890
12719	1.38166
12720	1.64864
12721	1.99174
12722	2.56326
12723	3.32859
12724	4.03209
12725	4.51132
12726	5.05246
12727	6.01743
12728	7.29759
12729	8.46323
12730	9.16157
12731	9.37117
12732	9.47834
12733	9.91600
12734	10.65037
12735	11.25792
12736	11.46830
12737	11.34521
12738	11.03848
12739	10.66790
12740	10.35227
12741	10.10469
12742	9.76123
12743	9.16487
12744	8.38392
12745	7.63854
12746	7.03392
12747	6.34745
12748	5.06920
12749	2.95244
12750	0.61482
12751	-0.79123
12752	-0.81081
12753	-0.31775
12754	-0.45890
12755	-1.25523
12756	-1.73479
12757	-1.19665
12758	0.09480
12759	1.48458
12760	2.42159
12761	2.25352
12762	0.59123
12763	-1.52707
12764	-2.20383
12765	-1.31096
12766	-0.43628
12767	-0.01861
12768	0.64089
12769	1.36126
12770	1.51082
12771	0.98679
12772	-0.01059
12773	-1.02207
12774	-1.52858
12775	-1.50589
12776	-1.45189
12777	-1.66296
12778	-1.87776
12779	-1.83087
12780	-1.61625
12781	-1.42225
12782	-1.28491
12783	-1.16101
12784	-1.02859
12785	-0.81256
12786	-0.46142
12787	-0.08475
12788	0.23268
12789	0.56385
12790	0.95516
12791	1.31886
12792	1.58267
12793	1.81227
12794	2.10507
12795	2.44457
12796	2.75725
12797	3.13039
12798	3.83593
12799	5.01597
12800	6.52432
12801	8.00985
12802	8.97275
12803	9.14676
12804	8.95771
12805	9.09657
12806	9.65711
12807	10.16191
12808	10.27913
12809	10.05493
12810	9.66456
12811	9.35440
12812	9.31145
12813	9.39734
12814	9.35521
12815	9.14093
12816	8.81447
12817	8.36071
12818	7.81427
12819	7.17611
12820	6.01081
12821	3.89664
12822	1.38167
12823	-0.38690
12824	-0.99998
12825	-1.17082
12826	-1.63808
12827	-2.16546
12828	-1.98564
12829	-0.86042
12830	0.64145
12831	1.65336
12832	1.46817
12833	-0.01759
12834	-1.71236
12835	-2.12411
12836	-1.32333
12837	-0.42297
12838	0.40529
12839	1.31275
12840	1.65693
12841	1.02405
12842	-0.28541
12843	-1.81135
12844	-3.05010
12845	-3.59882
12846	-3.56802
12847	-3.53886
12848	-3.81773
12849	-4.08531
12850	-4.00199
12851	-3.63466
12852	-3.16627
12853	-2.64439
12854	-2.09583
12855	-1.64574
12856	-1.34356
12857	-1.04735
12858	-0.66207
12859	-0.25787
12860	0.11699
12861	0.54455
12862	1.08635
12863	1.65642
12864	2.18829
12865	2.75559
12866	3.36356
12867	3.89402
12868	4.37276
12869	5.07197
12870	6.26974
12871	7.91188
12872	9.60415
12873	10.88644
12874	11.46468
12875	11.48722
12876	11.53974
12877	12.00304
12878	12.65349
12879	13.05882
12880	13.01281
12881	12.58175
12882	11.97697
12883	11.41506
12884	11.00047
12885	10.65814
12886	10.22464
12887	9.65064
12888	8.97531
12889	8.17555
12890	7.20362
12891	5.87357
12892	3.89594
12893	1.52995
12894	-0.26241
12895	-0.80028
12896	-0.60236
12897	-0.77227
12898	-1.54069
12899	-2.14504
12900	-1.76483
12901	-0.33905
12902	1.39617
12903	2.46221
12904	1.99785
12905	-0.02088
12906	-1.96806
12907	-2.11758
12908	-1.03251
12909	-0.15207
12910	0.54858
12911	1.31122
12912	1.52775
12913	1.11200
12914	0.49699
12915	-0.18412
12916	-0.83049
12917	-1.20912
12918	-1.29260
12919	-1.32206
12920	-1.46843
12921	-1.62937
12922	-1.61762
12923	-1.42013
12924	-1.16473
12925	-0.92135
12926	-0.69621
12927	-0.49098
12928	-0.22527
12929	0.14318
12930	0.41452
12931	0.43859
12932	0.45642
12933	0.80101
12934	1.48376
12935	2.21251
12936	2.60050
12937	2.43227
12938	1.96644
12939	1.86050
12940	2.55469
12941	3.90119
12942	5.57674
12943	7.43953
12944	9.16665
12945	10.18003
12946	10.42237
12947	10.52292
12948	10.94528
12949	11.63810
12950	12.33421
12951	12.70578
12952	12.52129
12953	11.83694
12954	10.98405
12955	10.34761
12956	10.00703
12957	9.72764
12958	9.35588
12959	8.88943
12960	8.29222
12961	7.57908
12962	6.80629
12963	5.71828
12964	3.88365
12965	1.53469
12966	-0.30187
12967	-0.97108
12968	-0.94212
12969	-1.09948
12970	-1.69631
12971	-2.16529
12972	-1.79593
12973	-0.52196
12974	1.05926
12975	2.19836
12976	2.20915
12977	0.75456
12978	-1.32735
12979	-2.26242
12980	-1.60479
12981	-0.75913
12982	-0.43862
12983	0.02145
12984	0.77385
12985	1.16840
12986	0.85426
12987	-0.03621
12988	-1.07113
12989	-1.78709
12990	-2.03473
12991	-2.09124
12992	-2.28555
12993	-2.53653
12994	-2.57853
12995	-2.39367
12996	-2.13113
12997	-1.86596
12998	-1.62681
12999	-1.44501
13000	-1.23282
13001	-0.85702
13002	-0.38032
13003	0.04690
13004	0.44073
13005	0.89995
13006	1.39462
13007	1.76537
13008	1.95317
13009	2.16521
13010	2.61397
13011	3.24237
13012	3.97281
13013	4.96033
13014	6.42162
13015	8.30245
13016	10.11271
13017	11.23269
13018	11.50485
13019	11.35378
13020	11.26284
13021	11.31378
13022	11.28174
13023	11.00389
13024	10.50131
13025	9.86600
13026	9.27885
13027	8.97834
13028	9.01004
13029	9.16874
13030	9.25922
13031	9.25623
13032	9.16349
13033	8.96569
13034	8.62364
13035	7.75395
13036	5.85173
13037	3.18741
13038	0.84843
13039	-0.33451
13040	-0.69791
13041	-1.16185
13042	-1.85270
13043	-2.06532
13044	-1.29359
13045	0.20246
13046	1.62675
13047	2.05342
13048	0.87351
13049	-1.23621
13050	-2.28909
13051	-1.56510
13052	-0.60572
13053	-0.33362
13054	-0.04201
13055	0.50633
13056	0.70423
13057	0.44051
13058	0.00179
13059	-0.45952
13060	-0.82653
13061	-0.99004
13062	-1.06673
13063	-1.24894
13064	-1.42806
13065	-1.35860
13066	-1.03197
13067	-0.63138
13068	-0.32496
13069	-0.19254
13070	-0.17005
13071	-0.08392
13072	0.12341
13073	0.31106
13074	0.35450
13075	0.34520
13076	0.52834
13077	1.00631
13078	1.60204
13079	2.05717
13080	2.26347
13081	2.33923
13082	2.50180
13083	2.91068
13084	3.71178
13085	5.07435
13086	6.93072
13087	8.74070
13088	9.81214
13089	10.00649
13090	9.93649
13091	10.16610
13092	10.48947
13093	10.43145
13094	9.96672
13095	9.28372
13096	8.46198
13097	7.72512
13098	7.43971
13099	7.67545
13100	8.10676
13101	8.39453
13102	8.46101
13103	8.41853
13104	8.43960
13105	8.47556
13106	7.94711
13107	6.30878
13108	3.94260
13109	1.76423
13110	0.25982
13111	-0.70771
13112	-1.53038
13113	-2.25862
13114	-2.42946
13115	-1.64124
13116	-0.10571
13117	1.44954
13118	2.21322
13119	1.57123
13120	-0.32925
13121	-2.02741
13122	-2.16587
13123	-1.40677
13124	-0.95357
13125	-0.53533
13126	0.26560
13127	0.80027
13128	0.67626
13129	0.08513
13130	-0.75558
13131	-1.54989
13132	-1.99869
13133	-2.04318
13134	-1.96100
13135	-2.01060
13136	-2.05004
13137	-1.84462
13138	-1.44410
13139	-1.03408
13140	-0.68797
13141	-0.38643
13142	-0.11773
13143	0.13288
13144	0.36501
13145	0.52265
13146	0.57622
13147	0.60739
13148	0.79046
13149	1.25188
13150	1.96324
13151	2.85574
13152	3.82061
13153	4.48772
13154	4.52542
13155	4.23718
13156	4.37092
13157	5.32074
13158	6.81257
13159	8.25604
13160	9.13107
13161	9.25787
13162	8.97784
13163	8.86240
13164	9.08165
13165	9.29214
13166	9.23926
13167	9.10325
13168	9.12717
13169	9.31866
13170	9.52206
13171	9.56115
13172	9.41603
13173	9.20384
13174	8.93071
13175	8.40215
13176	7.21942
13177	4.97831
13178	1.98247
13179	-0.55190
13180	-1.62630
13181	-1.55064
13182	-1.45953
13183	-1.95090
13184	-2.61229
13185	-2.63205
13186	-1.58783
13187	0.15426
13188	1.73905
13189	2.35064
13190	1.49096
13191	-0.54310
13192	-2.31733
13193	-2.46516
13194	-1.43380
13195	-0.59016
13196	-0.11389
13197	0.41945
13198	0.75911
13199	0.60583
13200	-0.05697
13201	-1.11543
13202	-2.15138
13203	-2.70931
13204	-2.79064
13205	-2.82491
13206	-3.06289
13207	-3.24652
13208	-3.08963
13209	-2.70481
13210	-2.28069
13211	-1.81154
13212	-1.29318
13213	-0.82298
13214	-0.47749
13215	-0.23867
13216	-0.06326
13217	0.09389
13218	0.30392
13219	0.60519
13220	0.93807
13221	1.18436
13222	1.36550
13223	1.66805
13224	2.12616
13225	2.60379
13226	3.16410
13227	4.12250
13228	5.66409
13229	7.47571
13230	8.96721
13231	9.86739
13232	10.37710
13233	10.85081
13234	11.45837
13235	12.09745
13236	12.53959
13237	12.55687
13238	12.06390
13239	11.25549
13240	10.51834
13241	10.16672
13242	10.12546
13243	9.94802
13244	9.36227
13245	8.49966
13246	7.53248
13247	6.49920
13248	5.25170
13249	3.48591
13250	1.31152
13251	-0.50749
13252	-1.27520
13253	-1.13544
13254	-0.95111
13255	-1.32427
13256	-1.97115
13257	-2.11734
13258	-1.26751
13259	0.32913
13260	1.86985
13261	2.33868
13262	0.99032
13263	-1.38463
13264	-2.51081
13265	-1.58334
13266	-0.25724
13267	0.29745
13268	0.57339
13269	0.91724
13270	0.97416
13271	0.48734
13272	-0.50947
13273	-1.62856
13274	-2.38708
13275	-2.70996
13276	-2.92958
13277	-3.28377
13278	-3.59397
13279	-3.59279
13280	-3.31469
13281	-2.95332
13282	-2.57338
13283	-2.14484
13284	-1.71562
13285	-1.38220
13286	-1.11807
13287	-0.79526
13288	-0.38156
13289	0.06056
13290	0.49714
13291	0.90493
13292	1.24991
13293	1.53077
13294	1.77077
13295	1.97793
13296	2.19200
13297	2.61696
13298	3.53948
13299	5.03402
13300	6.86329
13301	8.63526
13302	10.01510
13303	10.84512
13304	11.22383
13305	11.50980
13306	12.05250
13307	12.84201
13308	13.43231
13309	13.40920
13310	12.88962
13311	12.19436
13312	11.46870
13313	10.90031
13314	10.67052
13315	10.60234
13316	10.30859
13317	9.65381
13318	8.74391
13319	7.56274
13320	5.92854
13321	3.80311
13322	1.51803
13323	-0.25427
13324	-0.96122
13325	-0.83079
13326	-0.74295
13327	-1.24094
13328	-2.01326
13329	-2.29596
13330	-1.55501
13331	0.02178
13332	1.63157
13333	2.31166
13334	1.39008
13335	-0.78035
13336	-2.50213
13337	-2.39031
13338	-1.14008
13339	-0.17441
13340	0.34701
13341	0.88090
13342	1.25973
13343	1.07179
13344	0.23840
13345	-0.91154
13346	-1.77455
13347	-2.03205
13348	-2.05549
13349	-2.30146
13350	-2.59101
13351	-2.56509
13352	-2.29073
13353	-1.94298
13354	-1.53424
13355	-1.11956
13356	-0.74169
13357	-0.33379
13358	0.06600
13359	0.32175
13360	0.40616
13361	0.40574
13362	0.48723
13363	0.84539
13364	1.47403
13365	2.09786
13366	2.47980
13367	2.62639
13368	2.72840
13369	3.06605
13370	3.80859
13371	4.97033
13372	6.56579
13373	8.41648
13374	9.95263
13375	10.64728
13376	10.56164
13377	10.24224
13378	10.11680
13379	10.14592
13380	10.06726
13381	9.71362
13382	9.07120
13383	8.25537
13384	7.49782
13385	7.02342
13386	6.82396
13387	6.65829
13388	6.40161
13389	6.15101
13390	5.98824
13391	5.93959
13392	5.84452
13393	5.18218
13394	3.62353
13395	1.68132
13396	0.18773
13397	-0.67918
13398	-1.27291
13399	-1.81165
13400	-2.17492
13401	-1.95651
13402	-0.89353
13403	0.58468
13404	1.73438
13405	2.07149
13406	1.28021
13407	-0.38845
13408	-1.55328
13409	-1.16567
13410	-0.15905
13411	0.13557
13412	-0.04030
13413	0.00904
13414	0.10051
13415	-0.04876
13416	-0.40462
13417	-0.86618
13418	-1.27828
13419	-1.53745
13420	-1.70614
13421	-1.87989
13422	-1.98659
13423	-1.87572
13424	-1.54319
13425	-1.12588
13426	-0.74162
13427	-0.45465
13428	-0.25345
13429	-0.02082
13430	0.26964
13431	0.44944
13432	0.41302
13433	0.32752
13434	0.48818
13435	0.99102
13436	1.64046
13437	2.16459
13438	2.39563
13439	2.34799
13440	2.25488
13441	2.46267
13442	3.25788
13443	4.71088
13444	6.57010
13445	8.34815
13446	9.58348
13447	10.17190
13448	10.48828
13449	10.88782
13450	11.27297
13451	11.44122
13452	11.28672
13453	10.67865
13454	9.70556
13455	8.75474
13456	8.15382
13457	7.95222
13458	7.96462
13459	7.97159
13460	7.96280
13461	8.02958
13462	8.11351
13463	8.11806
13464	7.81743
13465	6.65532
13466	4.45761
13467	2.08354
13468	0.58598
13469	-0.03362
13470	-0.64408
13471	-1.67196
13472	-2.56518
13473	-2.48759
13474	-1.20376
13475	0.65277
13476	2.10565
13477	2.39905
13478	1.19249
13479	-0.81343
13480	-1.82927
13481	-1.20950
13482	-0.33387
13483	-0.07077
13484	0.03795
13485	0.14406
13486	-0.05033
13487	-0.56755
13488	-1.35763
13489	-2.31826
13490	-3.15701
13491	-3.65131
13492	-3.87923
13493	-4.01714
13494	-4.06261
13495	-3.94225
13496	-3.71055
13497	-3.45930
13498	-3.18177
13499	-2.84518
13500	-2.48858
13501	-2.14643
13502	-1.74341
13503	-1.21020
13504	-0.60034
13505	0.01277
13506	0.57096
13507	0.96730
13508	1.11618
13509	1.07295
13510	1.06031
13511	1.35355
13512	2.08091
13513	3.19095
13514	4.60764
13515	6.22537
13516	7.77769
13517	8.91428
13518	9.41034
13519	9.35527
13520	9.15961
13521	9.27452
13522	9.82414
13523	10.52848
13524	11.01424
13525	11.06067
13526	10.62501
13527	9.90588
13528	9.27951
13529	8.93148
13530	8.72797
13531	8.50441
13532	8.14359
13533	7.56791
13534	6.96841
13535	6.57293
13536	6.00576
13537	4.57761
13538	2.35836
13539	0.34380
13540	-0.60209
13541	-0.74334
13542	-1.07205
13543	-1.94620
13544	-2.69070
13545	-2.39037
13546	-0.86158
13547	1.09897
13548	2.33447
13549	1.90230
13550	-0.28303
13551	-2.67568
13552	-3.26910
13553	-2.10875
13554	-0.71755
13555	0.32783
13556	1.15054
13557	1.48140
13558	1.18854
13559	0.36485
13560	-0.84223
13561	-1.89123
13562	-2.28605
13563	-2.23303
13564	-2.29973
13565	-2.62666
13566	-2.84886
13567	-2.70559
13568	-2.32381
13569	-1.90990
13570	-1.51758
13571	-1.13959
13572	-0.80346
13573	-0.53545
13574	-0.33201
13575	-0.16809
13576	-0.00720
13577	0.21987
13578	0.61522
13579	1.16276
13580	1.61880
13581	1.74658
13582	1.63741
13583	1.60123
13584	1.84668
13585	2.50904
13586	3.72451
13587	5.46918
13588	7.44197
13589	9.06656
13590	9.84906
13591	9.89866
13592	9.77201
13593	9.85853
13594	10.16999
13595	10.54835
13596	10.74033
13597	10.44758
13598	9.66320
13599	8.77773
13600	8.15143
13601	7.82929
13602	7.68325
13603	7.53624
13604	7.28380
13605	6.99849
13606	6.78298
13607	6.57759
13608	5.99835
13609	4.52365
13610	2.28004
13611	0.27618
13612	-0.66021
13613	-0.86434
13614	-1.23241
13615	-1.91048
13616	-2.20950
13617	-1.53857
13618	-0.06935
13619	1.35567
13620	1.75768
13621	0.69002
13622	-1.02576
13623	-1.70931
13624	-0.99284
13625	-0.12280
13626	0.38048
13627	0.92776
13628	1.29474
13629	1.02073
13630	0.25551
13631	-0.67650
13632	-1.52198
13633	-2.10964
13634	-2.49221
13635	-2.78107
13636	-2.93991
13637	-2.93457
13638	-2.83742
13639	-2.66376
13640	-2.33518
13641	-1.88430
13642	-1.50373
13643	-1.31165
13644	-1.20538
13645	-0.99325
13646	-0.61412
13647	-0.17065
13648	0.28942
13649	0.86913
13650	1.54697
13651	2.01104
13652	2.01025
13653	1.72029
13654	1.51538
13655	1.55854
13656	1.93822
13657	2.90384
13658	4.54132
13659	6.47665
13660	8.09670
13661	8.96123
13662	9.18240
13663	9.37940
13664	9.96517
13665	10.70154
13666	11.23107
13667	11.51379
13668	11.48052
13669	10.94575
13670	10.06102
13671	9.25717
13672	8.67941
13673	8.17592
13674	7.61845
13675	6.91660
13676	6.10122
13677	5.36490
13678	4.80941
13679	4.23132
13680	3.24327
13681	1.81537
13682	0.55228
13683	0.00522
13684	-0.10805
13685	-0.54669
13686	-1.48038
13687	-2.21883
13688	-1.98540
13689	-0.71119
13690	0.89940
13691	1.94967
13692	1.79024
13693	0.26419
13694	-1.64758
13695	-2.26519
13696	-1.45020
13697	-0.65152
13698	-0.36580
13699	0.02806
13700	0.47528
13701	0.52050
13702	0.11380
13703	-0.64831
13704	-1.50405
13705	-2.09033
13706	-2.28358
13707	-2.29252
13708	-2.36364
13709	-2.43969
13710	-2.33698
13711	-2.09030
13712	-1.82282
13713	-1.57304
13714	-1.37520
13715	-1.22634
13716	-1.04101
13717	-0.75576
13718	-0.36131
13719	0.14349
13720	0.68619
13721	1.10241
13722	1.34206
13723	1.55789
13724	1.86501
13725	2.22519
13726	2.63361
13727	3.20746
13728	4.06065
13729	5.22289
13730	6.67782
13731	8.29181
13732	9.70646
13733	10.54817
13734	10.82246
13735	10.95840
13736	11.32315
13737	11.89492
13738	12.46504
13739	12.77691
13740	12.58900
13741	11.87816
13742	10.88912
13743	10.00569
13744	9.48781
13745	9.28835
13746	9.14040
13747	8.75288
13748	8.07877
13749	7.37975
13750	6.82731
13751	6.14114
13752	4.80340
13753	2.72399
13754	0.68587
13755	-0.34881
13756	-0.52172
13757	-0.86045
13758	-1.76411
13759	-2.56602
13760	-2.45833
13761	-1.33268
13762	0.26585
13763	1.65920
13764	2.07245
13765	0.85890
13766	-1.22069
13767	-2.08199
13768	-1.15046
13769	0.03528
13770	0.65113
13771	1.11882
13772	1.40435
13773	1.14519
13774	0.29911
13775	-1.02919
13776	-2.46641
13777	-3.43530
13778	-3.65055
13779	-3.43686
13780	-3.33006
13781	-3.41002
13782	-3.42063
13783	-3.26786
13784	-3.07084
13785	-2.91346
13786	-2.76500
13787	-2.58661
13788	-2.29973
13789	-1.78426
13790	-1.13812
13791	-0.62741
13792	-0.28874
13793	0.06812
13794	0.53542
13795	1.00681
13796	1.40928
13797	1.88276
13798	2.52360
13799	3.19988
13800	3.84566
13801	4.69214
13802	5.99102
13803	7.57922
13804	8.95545
13805	9.73371
13806	9.86191
13807	9.59509
13808	9.37327
13809	9.48583
13810	9.81268
13811	10.02151
13812	9.94934
13813	9.67697
13814	9.27837
13815	8.82446
13816	8.58705
13817	8.73009
13818	8.97926
13819	9.01333
13820	8.88175
13821	8.75038
13822	8.46527
13823	7.63290
13824	6.04317
13825	3.86135
13826	1.58476
13827	-0.06633
13828	-0.70977
13829	-0.83819
13830	-1.15380
13831	-1.54274
13832	-1.35411
13833	-0.41195
13834	0.85277
13835	1.92323
13836	2.15788
13837	0.95821
13838	-1.07889
13839	-2.16982
13840	-1.67727
13841	-0.75386
13842	-0.07994
13843	0.64813
13844	1.27091
13845	1.35269
13846	0.76251
13847	-0.46354
13848	-1.94059
13849	-3.02319
13850	-3.34440
13851	-3.20573
13852	-3.20550
13853	-3.43227
13854	-3.48639
13855	-3.22428
13856	-2.90370
13857	-2.67988
13858	-2.49645
13859	-2.26839
13860	-1.91343
13861	-1.44397
13862	-0.94783
13863	-0.42993
13864	0.13050
13865	0.70794
13866	1.29024
13867	1.82144
13868	2.16754
13869	2.30638
13870	2.44115
13871	2.81168
13872	3.44184
13873	4.21675
13874	5.22491
13875	6.66754
13876	8.28960
13877	9.43835
13878	9.84986
13879	9.95427
13880	10.34102
13881	11.13748
13882	11.96001
13883	12.42492
13884	12.45319
13885	12.07115
13886	11.30454
13887	10.36516
13888	9.64616
13889	9.29913
13890	9.02959
13891	8.54666
13892	7.89784
13893	7.17413
13894	6.39868
13895	5.77406
13896	5.37448
13897	4.73569
13898	3.41858
13899	1.78015
13900	0.56311
13901	-0.15966
13902	-0.97341
13903	-2.00315
13904	-2.48580
13905	-1.67862
13906	0.13878
13907	1.85121
13908	2.41892
13909	1.38709
13910	-0.72301
13911	-2.22930
13912	-1.99253
13913	-0.92047
13914	-0.10194
13915	0.65270
13916	1.33381
13917	1.30379
13918	0.61347
13919	-0.19533
13920	-0.83525
13921	-1.23987
13922	-1.45159
13923	-1.66815
13924	-2.01954
13925	-2.31315
13926	-2.33743
13927	-2.18749
13928	-1.99804
13929	-1.71012
13930	-1.32090
13931	-0.99763
13932	-0.77331
13933	-0.47463
13934	-0.07039
13935	0.29895
13936	0.63776
13937	1.08070
13938	1.66525
13939	2.25487
13940	2.57524
13941	2.42290
13942	1.95378
13943	1.62671
13944	1.85613
13945	2.78964
13946	4.33819
13947	6.29323
13948	8.31182
13949	9.91150
13950	10.71619
13951	10.82867
13952	10.89756
13953	11.48432
13954	12.38979
13955	12.92952
13956	12.72055
13957	11.90849
13958	10.77500
13959	9.52720
13960	8.43709
13961	7.75234
13962	7.43445
13963	7.19108
13964	6.73902
13965	6.10556
13966	5.66746
13967	5.51088
13968	4.97191
13969	3.49484
13970	1.60641
13971	0.42846
13972	0.36859
13973	0.60744
13974	0.08304
13975	-1.23585
13976	-2.39858
13977	-2.40044
13978	-1.04439
13979	0.90472
13980	2.32694
13981	2.34169
13982	0.70725
13983	-1.71980
13984	-3.19033
13985	-2.78286
13986	-1.39873
13987	-0.18693
13988	0.58249
13989	0.87867
13990	0.66669
13991	-0.02476
13992	-1.15132
13993	-2.33373
13994	-3.00602
13995	-3.07338
13996	-3.02046
13997	-3.16690
13998	-3.25687
13999	-3.09536
14000	-2.84329
14001	-2.53869
14002	-2.09640
14003	-1.60959
14004	-1.18064
14005	-0.78565
14006	-0.46159
14007	-0.30699
14008	-0.25991
14009	-0.11218
14010	0.24396
14011	0.72014
14012	1.14974
14013	1.42877
14014	1.59359
14015	1.76812
14016	2.07056
14017	2.65457
14018	3.71015
14019	5.30885
14020	7.25999
14021	9.13673
14022	10.44444
14023	10.98416
14024	11.12371
14025	11.42597
14026	12.03762
14027	12.62565
14028	12.83649
14029	12.60273
14030	12.04324
14031	11.34832
14032	10.74632
14033	10.39786
14034	10.30018
14035	10.25597
14036	10.00830
14037	9.49342
14038	8.89435
14039	8.35559
14040	7.56506
14041	5.89266
14042	3.25133
14043	0.53131
14044	-1.13115
14045	-1.57165
14046	-1.71465
14047	-2.19787
14048	-2.61773
14049	-2.21898
14050	-0.82821
14051	0.89659
14052	2.04295
14053	1.94322
14054	0.42020
14055	-1.56825
14056	-2.32096
14057	-1.55019
14058	-0.61999
14059	-0.20073
14060	0.18395
14061	0.61657
14062	0.70696
14063	0.32889
14064	-0.36277
14065	-0.98989
14066	-1.22254
14067	-1.19029
14068	-1.29181
14069	-1.57584
14070	-1.72495
14071	-1.60923
14072	-1.37836
14073	-1.11951
14074	-0.82286
14075	-0.55639
14076	-0.39109
14077	-0.24898
14078	-0.03993
14079	0.14059
14080	0.19048
14081	0.24477
14082	0.50968
14083	1.01083
14084	1.58723
14085	2.03100
14086	2.26672
14087	2.39317
14088	2.55390
14089	2.89505
14090	3.62353
14091	4.91274
14092	6.72356
14093	8.70936
14094	10.20558
14095	10.68029
14096	10.50904
14097	10.59847
14098	11.16593
14099	11.73932
14100	11.95253
14101	11.70607
14102	11.08761
14103	10.43952
14104	10.11285
14105	10.09204
14106	10.16563
14107	10.18549
14108	9.93963
14109	9.32296
14110	8.59327
14111	7.99100
14112	7.24046
14113	5.74446
14114	3.46867
14115	1.28953
14116	0.02382
14117	-0.49656
14118	-0.99681
14119	-1.74214
14120	-2.27566
14121	-1.96563
14122	-0.71059
14123	0.90060
14124	2.02744
14125	1.91786
14126	0.39617
14127	-1.47601
14128	-2.14171
14129	-1.53135
14130	-0.88271
14131	-0.57573
14132	-0.04198
14133	0.64933
14134	0.85574
14135	0.27780
14136	-0.90052
14137	-2.13423
14138	-2.88790
14139	-3.06144
14140	-3.00054
14141	-3.04561
14142	-3.13883
14143	-3.06284
14144	-2.85450
14145	-2.64509
14146	-2.38509
14147	-2.04635
14148	-1.72055
14149	-1.36567
14150	-0.88180
14151	-0.39519
14152	-0.04888
14153	0.29674
14154	0.76674
14155	1.20140
14156	1.53207
14157	1.90006
14158	2.21605
14159	2.28065
14160	2.30752
14161	2.80006
14162	4.01865
14163	5.75433
14164	7.53710
14165	8.92621
14166	9.64626
14167	9.72522
14168	9.56833
14169	9.65384
14170	10.09215
14171	10.59001
14172	10.81894
14173	10.73887
14174	10.50181
14175	10.15842
14176	9.78799
14177	9.72077
14178	10.08465
14179	10.45718
14180	10.42488
14181	10.00413
14182	9.44820
14183	9.00821
14184	8.49983
14185	7.15739
14186	4.66458
14187	1.91831
14188	0.06018
14189	-0.70439
14190	-1.03002
14191	-1.52097
14192	-1.99219
14193	-1.76780
14194	-0.64602
14195	0.81658
14196	1.83634
14197	1.74049
14198	0.33362
14199	-1.32762
14200	-1.62775
14201	-0.71902
14202	-0.06884
14203	0.15676
14204	0.64583
14205	1.10624
14206	1.03245
14207	0.51270
14208	-0.20475
14209	-0.78888
14210	-1.02453
14211	-1.09700
14212	-1.31538
14213	-1.68296
14214	-1.95255
14215	-2.01336
14216	-1.97572
14217	-1.88266
14218	-1.64703
14219	-1.30538
14220	-1.04408
14221	-0.89261
14222	-0.68025
14223	-0.36757
14224	-0.05856
14225	0.24270
14226	0.56532
14227	0.90958
14228	1.36008
14229	1.93286
14230	2.42330
14231	2.72368
14232	3.05462
14233	3.67592
14234	4.61875
14235	5.80799
14236	7.19773
14237	8.60182
14238	9.63115
14239	10.07516
14240	10.16126
14241	10.29175
14242	10.71945
14243	11.36286
14244	11.81041
14245	11.76164
14246	11.29664
14247	10.63868
14248	10.05309
14249	9.82040
14250	9.87033
14251	9.75010
14252	9.21641
14253	8.44951
14254	7.68235
14255	6.89777
14256	5.81070
14257	4.20959
14258	2.32388
14259	0.69522
14260	-0.19545
14261	-0.29097
14262	-0.20709
14263	-0.67600
14264	-1.59769
14265	-2.15191
14266	-1.66696
14267	-0.18849
14268	1.52295
14269	2.37928
14270	1.61458
14271	-0.35329
14272	-1.81259
14273	-1.65067
14274	-0.84444
14275	-0.49100
14276	-0.13224
14277	0.55600
14278	0.84274
14279	0.32964
14280	-0.70182
14281	-1.76846
14282	-2.45905
14283	-2.72864
14284	-2.88209
14285	-3.14232
14286	-3.36914
14287	-3.36541
14288	-3.18718
14289	-2.96675
14290	-2.70823
14291	-2.39244
14292	-2.08213
14293	-1.82879
14294	-1.56763
14295	-1.20649
14296	-0.75951
14297	-0.28410
14298	0.23771
14299	0.85999
14300	1.50978
14301	1.99295
14302	2.23870
14303	2.34037
14304	2.44237
14305	2.77212
14306	3.52579
14307	4.75110
14308	6.42853
14309	8.32578
14310	9.90088
14311	10.72264
14312	10.91037
14313	10.96734
14314	11.28525
14315	11.85278
14316	12.31431
14317	12.37732
14318	12.07047
14319	11.53264
14320	10.85898
14321	10.22971
14322	9.88292
14323	9.83186
14324	9.76674
14325	9.40113
14326	8.81040
14327	8.27267
14328	7.94093
14329	7.61906
14330	6.72044
14331	4.82840
14332	2.43753
14333	0.61034
14334	-0.29175
14335	-0.89867
14336	-1.67852
14337	-2.21603
14338	-1.87269
14339	-0.65652
14340	0.85105
14341	1.98268
14342	2.12457
14343	0.91975
14344	-1.03497
14345	-2.11688
14346	-1.47933
14347	-0.24949
14348	0.41946
14349	0.86951
14350	1.45156
14351	1.59942
14352	1.05071
14353	0.12344
14354	-0.88129
14355	-1.78111
14356	-2.39478
14357	-2.63070
14358	-2.71176
14359	-2.89366
14360	-3.02791
14361	-2.88430
14362	-2.54048
14363	-2.13848
14364	-1.71497
14365	-1.33425
14366	-1.01696
14367	-0.67047
14368	-0.30098
14369	-0.02600
14370	0.17039
14371	0.41863
14372	0.75170
14373	1.10899
14374	1.43478
14375	1.61001
14376	1.56683
14377	1.51221
14378	1.72884
14379	2.43096
14380	3.81846
14381	5.81873
14382	8.00166
14383	9.91809
14384	11.20772
14385	11.64578
14386	11.54921
14387	11.63376
14388	12.12681
14389	12.61358
14390	12.73151
14391	12.42504
14392	11.69318
14393	10.56963
14394	9.35674
14395	8.51684
14396	8.09538
14397	7.69676
14398	7.16161
14399	6.63321
14400	6.21007
14401	5.91310
14402	5.44187
14403	4.22034
14404	2.22655
14405	0.27729
14406	-0.72667
14407	-0.74323
14408	-0.69617
14409	-1.25941
14410	-1.98839
14411	-2.01386
14412	-1.00234
14413	0.64994
14414	2.11901
14415	2.40655
14416	0.98751
14417	-1.15755
14418	-2.06825
14419	-1.31362
14420	-0.42694
14421	-0.18043
14422	0.15758
14423	0.79972
14424	1.12178
14425	0.86956
14426	0.10100
14427	-0.97368
14428	-1.87496
14429	-2.29921
14430	-2.43125
14431	-2.56121
14432	-2.69753
14433	-2.68114
14434	-2.49462
14435	-2.27033
14436	-2.04373
14437	-1.76887
14438	-1.50274
14439	-1.32169
14440	-1.15160
14441	-0.88329
14442	-0.54562
14443	-0.17215
14444	0.30773
14445	0.89410
14446	1.43941
14447	1.79151
14448	1.92356
14449	1.96881
14450	2.11826
14451	2.46037
14452	3.02265
14453	3.91813
14454	5.23898
14455	6.86794
14456	8.48788
14457	9.67127
14458	10.15395
14459	10.17742
14460	10.29017
14461	10.70065
14462	11.09211
14463	11.12279
14464	10.73759
14465	10.04927
14466	9.35500
14467	9.06226
14468	9.17034
14469	9.22394
14470	9.01986
14471	8.79845
14472	8.69378
14473	8.60721
14474	8.52206
14475	8.20168
14476	6.96980
14477	4.65995
14478	2.22027
14479	0.73549
14480	0.27540
14481	-0.00691
14482	-0.76971
14483	-1.64279
14484	-1.65900
14485	-0.52024
14486	0.97970
14487	1.93040
14488	1.95161
14489	0.92548
14490	-0.66844
14491	-1.35629
14492	-0.49428
14493	0.41942
14494	0.29248
14495	0.10264
14496	0.54679
14497	0.90472
14498	0.71187
14499	0.14870
14500	-0.49553
14501	-0.94414
14502	-1.10401
14503	-1.19307
14504	-1.42969
14505	-1.66866
14506	-1.66712
14507	-1.46548
14508	-1.20500
14509	-0.93863
14510	-0.74007
14511	-0.66023
14512	-0.61616
14513	-0.46151
14514	-0.15611
14515	0.14542
14516	0.30123
14517	0.41332
14518	0.67241
14519	1.08229
14520	1.51776
14521	1.92888
14522	2.31550
14523	2.63620
14524	2.87381
14525	3.24733
14526	4.20362
14527	5.87532
14528	7.85680
14529	9.64898
14530	10.90056
14531	11.49924
14532	11.67589
14533	11.75831
14534	11.86658
14535	11.91905
14536	11.77757
14537	11.34111
14538	10.67323
14539	10.05074
14540	9.71630
14541	9.63238
14542	9.57328
14543	9.42039
14544	9.24401
14545	9.04833
14546	8.78444
14547	8.52978
14548	8.08050
14549	6.79100
14550	4.42585
14551	1.78233
14552	0.04531
14553	-0.44080
14554	-0.47615
14555	-0.85913
14556	-1.43691
14557	-1.53658
14558	-0.86832
14559	0.25635
14560	1.33038
14561	1.88372
14562	1.45158
14563	0.03460
14564	-1.20660
14565	-1.01222
14566	0.04852
14567	0.51322
14568	0.41924
14569	0.64953
14570	0.89548
14571	0.48629
14572	-0.48678
14573	-1.68481
14574	-2.82019
14575	-3.58431
14576	-3.81504
14577	-3.75292
14578	-3.81030
14579	-4.06191
14580	-4.25991
14581	-4.23309
14582	-4.04930
14583	-3.81810
14584	-3.53612
14585	-3.17912
14586	-2.77697
14587	-2.37108
14588	-1.93624
14589	-1.41501
14590	-0.86430
14591	-0.42179
14592	-0.11017
14593	0.17908
14594	0.52469
14595	0.91785
14596	1.30984
14597	1.67831
14598	2.08633
14599	2.57576
14600	3.09478
14601	3.54938
14602	3.84116
14603	4.06910
14604	4.54595
14605	5.41437
14606	6.51733
14607	7.61161
14608	8.50500
14609	9.13786
14610	9.62986
14611	10.05799
14612	10.27207
14613	10.17331
14614	9.91620
14615	9.68128
14616	9.53409
14617	9.43073
14618	9.18393
14619	8.60109
14620	7.73446
14621	6.86523
14622	6.22409
14623	5.76533
14624	5.24567
14625	4.48828
14626	3.45808
14627	2.27881
14628	1.30654
14629	0.77999
14630	0.37690
14631	-0.38324
14632	-1.46633
14633	-2.38124
14634	-2.50570
14635	-1.48818
14636	0.27291
14637	1.86874
14638	2.58187
14639	2.11540
14640	0.65817
14641	-0.91363
14642	-1.44815
14643	-0.75234
14644	0.04002
14645	0.14863
14646	0.23283
14647	0.81750
14648	1.28276
14649	1.13238
14650	0.58655
14651	-0.00239
14652	-0.40300
14653	-0.45884
14654	-0.14967
14655	0.28394
14656	0.43472
14657	0.12480
14658	-0.36204
14659	-0.66872
14660	-0.83539
14661	-1.10717
14662	-1.52352
14663	-1.90463
14664	-2.08259
14665	-2.07093
14666	-2.02148
14667	-2.04955
14668	-2.13145
14669	-2.10531
14670	-1.82331
14671	-1.37972
14672	-1.01090
14673	-0.75760
14674	-0.48409
14675	-0.16959
14676	0.07123
14677	0.19104
14678	0.24465
14679	0.32084
14680	0.53568
14681	0.95384
14682	1.53827
14683	2.22100
14684	2.85680
14685	3.18884
14686	3.12811
14687	2.97810
14688	3.21407
14689	4.09899
14690	5.46916
14691	6.83593
14692	7.83004
14693	8.58448
14694	9.52442
14695	10.78510
14696	12.06841
14697	13.03248
14698	13.58631
14699	13.76895
14700	13.52989
14701	12.86808
14702	11.95472
14703	10.82413
14704	9.36172
14705	7.69510
14706	6.06818
14707	4.54357
14708	3.10427
14709	1.83030
14710	0.96670
14711	0.65644
14712	0.64153
14713	0.49262
14714	-0.02302
14715	-0.82328
14716	-1.56979
14717	-1.82267
14718	-1.31418
14719	-0.23504
14720	0.87671
14721	1.56997
14722	1.71803
14723	1.49875
14724	1.11333
14725	0.69616
14726	0.62887
14727	1.08309
14728	1.30923
14729	0.60286
14730	-0.50472
14731	-1.10744
14732	-1.15857
14733	-0.97954
14734	-0.66607
14735	-0.28948
14736	-0.02448
14737	-0.00047
14738	-0.22101
14739	-0.63351
14740	-1.11660
14741	-1.46991
14742	-1.59172
14743	-1.53305
14744	-1.37864
14745	-1.24061
14746	-1.22486
14747	-1.31889
14748	-1.45548
14749	-1.63429
14750	-1.87257
14751	-2.11469
14752	-2.26043
14753	-2.27588
14754	-2.22987
14755	-2.20132
14756	-2.22367
14757	-2.28104
14758	-2.31706
14759	-2.31124
14760	-2.32549
14761	-2.42014
14762	-2.48427
14763	-2.33660
14764	-2.02226
14765	-1.66487
14766	-1.28356
14767	-0.94737
14768	-0.73007
14769	-0.61169
14770	-0.51994
14771	-0.36486
14772	-0.14922
14773	0.02236
14774	0.10754
14775	0.19550
14776	0.35748
14777	0.52937
14778	0.68907
14779	0.93042
14780	1.19466
14781	1.31620
14782	1.38388
14783	1.60294
14784	1.94227
14785	2.25641
14786	2.60407
14787	3.22447
14788	4.15265
14789	5.02133
14790	5.36480
14791	5.21624
14792	5.26506
14793	6.11538
14794	7.72356
14795	9.73288
14796	11.78635
14797	13.55573
14798	14.89025
14799	15.81097
14800	16.29270
14801	16.27444
14802	15.87770
14803	15.37999
14804	14.90873
14805	14.34270
14806	13.52671
14807	12.42886
14808	11.10857
14809	9.64138
14810	8.08898
14811	6.45395
14812	4.73851
14813	3.12266
14814	1.81510
14815	0.75396
14816	-0.13718
14817	-0.55702
14818	-0.22914
14819	0.48449
14820	0.89076
14821	0.62184
14822	-0.25383
14823	-1.35671
14824	-2.12287
14825	-2.17333
14826	-1.66350
14827	-1.08619
14828	-0.70701
14829	-0.42908
14830	-0.13202
14831	0.20666
14832	0.59961
14833	1.06578
14834	1.51991
14835	1.65979
14836	1.27662
14837	0.66146
14838	0.30770
14839	0.29802
14840	0.34963
14841	0.34401
14842	0.35491
14843	0.30268
14844	0.04359
14845	-0.37864
14846	-0.79634
14847	-1.07941
14848	-1.21328
14849	-1.25997
14850	-1.29240
14851	-1.38174
14852	-1.52854
14853	-1.68085
14854	-1.83416
14855	-1.97814
14856	-2.07332
14857	-2.09381
14858	-2.03545
14859	-1.96892
14860	-1.97352
14861	-2.02311
14862	-2.07761
14863	-2.17137
14864	-2.30845
14865	-2.38741
14866	-2.37072
14867	-2.37209
14868	-2.42885
14869	-2.46096
14870	-2.48934
14871	-2.60015
14872	-2.77068
14873	-2.90253
14874	-2.96014
14875	-2.99762
14876	-3.04672
14877	-3.04097
14878	-2.91821
14879	-2.75052
14880	-2.65178
14881	-2.57745
14882	-2.38906
14883	-2.07996
14884	-1.75074
14885	-1.46641
14886	-1.25194
14887	-1.09348
14888	-0.93602
14889	-0.74692
14890	-0.51897
14891	-0.25790
14892	-0.04726
14893	0.04092
14894	0.08772
14895	0.19021
14896	0.36134
14897	0.62764
14898	0.99013
14899	1.37296
14900	1.69050
14901	1.88486
14902	1.96706
14903	1.98329
14904	1.93712
14905	1.85334
14906	1.79801
14907	1.82339
14908	1.98945
14909	2.33522
14910	2.80756
14911	3.40675
14912	4.23562
14913	5.09728
14914	5.53573
14915	5.53007
14916	5.67222
14917	6.51398
14918	7.94140
14919	9.45384
14920	10.86040
14921	12.21984
14922	13.41580
14923	14.22288
14924	14.56325
14925	14.49601
14926	14.13547
14927	13.67893
14928	13.18820
14929	12.42461
14930	11.30171
14931	10.04339
14932	8.72416
14933	7.23155
14934	5.56045
14935	3.87071
14936	2.35883
14937	1.09971
14938	0.08483
14939	-0.61909
14940	-0.93980
14941	-0.88494
14942	-0.43972
14943	0.31813
14944	0.99530
14945	1.11862
14946	0.61622
14947	-0.14461
14948	-0.79804
14949	-1.23063
14950	-1.43000
14951	-1.41902
14952	-1.26333
14953	-0.94877
14954	-0.49925
14955	-0.16174
14956	-0.07081
14957	0.05978
14958	0.48066
14959	0.94926
14960	1.10134
14961	0.91057
14962	0.49421
14963	-0.04383
14964	-0.49958
14965	-0.75408
14966	-0.89570
14967	-1.04296
14968	-1.22796
14969	-1.42419
14970	-1.57969
14971	-1.62650
14972	-1.56097
14973	-1.51875
14974	-1.61915
14975	-1.78904
14976	-1.92636
14977	-2.08052
14978	-2.26896
14979	-2.37134
14980	-2.33652
14981	-2.27695
14982	-2.32102
14983	-2.44363
14984	-2.52630
14985	-2.55329
14986	-2.56660
14987	-2.54876
14988	-2.49520
14989	-2.45132
14990	-2.44747
14991	-2.48252
14992	-2.57087
14993	-2.73453
14994	-2.88893
14995	-2.91117
14996	-2.84476
14997	-2.78843
14998	-2.73536
14999	-2.69431
15000	-2.72879
15001	-2.80728
15002	-2.81665
15003	-2.73142
15004	-2.63236
15005	-2.58127
15006	-2.56209
15007	-2.53118
15008	-2.46502
15009	-2.35511
15010	-2.19751
15011	-2.02293
15012	-1.88274
15013	-1.76626
15014	-1.62560
15015	-1.44011
15016	-1.20837
15017	-0.96851
15018	-0.76855
15019	-0.58751
15020	-0.36457
15021	-0.07171
15022	0.27599
15023	0.64798
15024	1.00760
15025	1.30858
15026	1.51358
15027	1.61100
15028	1.65651
15029	1.74388
15030	1.83187
15031	1.88920
15032	2.16362
15033	2.86070
15034	3.88514
15035	5.08928
15036	6.30076
15037	7.18923
15038	7.58047
15039	7.74693
15040	8.02390
15041	8.50048
15042	9.26804
15043	10.45180
15044	11.93912
15045	13.46751
15046	14.92740
15047	16.27444
15048	17.26691
15049	17.59934
15050	17.19027
15051	16.27448
15052	15.26083
15053	14.34189
15054	13.34938
15055	12.09781
15056	10.57302
15057	8.83779
15058	6.99129
15059	5.15198
15060	3.49976
15061	2.31086
15062	1.76333
15063	1.75224
15064	2.05808
15065	2.52490
15066	3.00420
15067	3.31341
15068	3.23238
15069	2.63374
15070	1.68925
15071	0.72615
15072	-0.12270
15073	-0.85048
15074	-1.32691
15075	-1.49414
15076	-1.56225
15077	-1.72836
15078	-1.92561
15079	-1.99280
15080	-1.89261
15081	-1.65089
15082	-1.26276
15083	-0.77309
15084	-0.31398
15085	-0.00523
15086	0.13067
15087	0.15499
15088	0.10378
15089	0.01625
15090	0.08918
15091	0.49666
15092	1.09246
15093	1.61079
15094	1.96148
15095	2.09869
15096	1.98639
15097	1.75405
15098	1.48036
15099	1.05637
15100	0.48574
15101	-0.03552
15102	-0.34561
15103	-0.43012
15104	-0.38427
15105	-0.31311
15106	-0.24246
15107	-0.14885
15108	-0.07832
15109	-0.11673
15110	-0.23842
15111	-0.35497
15112	-0.49244
15113	-0.74713
15114	-1.06332
15115	-1.26268
15116	-1.31956
15117	-1.38187
15118	-1.53810
15119	-1.74323
15120	-1.92387
15121	-2.04126
15122	-2.14161
15123	-2.30934
15124	-2.49260
15125	-2.60500
15126	-2.70951
15127	-2.84034
15128	-2.92350
15129	-2.96547
15130	-3.00992
15131	-3.04426
15132	-3.12066
15133	-3.29553
15134	-3.49089
15135	-3.62472
15136	-3.72463
15137	-3.81432
15138	-3.84381
15139	-3.79954
15140	-3.73898
15141	-3.69007
15142	-3.60838
15143	-3.42935
15144	-3.15520
15145	-2.86348
15146	-2.61604
15147	-2.40609
15148	-2.20884
15149	-2.02099
15150	-1.83646
15151	-1.62743
15152	-1.35387
15153	-1.00830
15154	-0.62641
15155	-0.21120
15156	0.25652
15157	0.71290
15158	1.07820
15159	1.37710
15160	1.64661
15161	1.85476
15162	1.94953
15163	1.92476
15164	1.93484
15165	2.21681
15166	2.78274
15167	3.46618
15168	4.23436
15169	5.15320
15170	6.16425
15171	7.04871
15172	7.62192
15173	7.94667
15174	8.25833
15175	8.75443
15176	9.51481
15177	10.53455
15178	11.74134
15179	12.93683
15180	13.84381
15181	14.30303
15182	14.29636
15183	13.83884
15184	13.14671
15185	12.62530
15186	12.17812
15187	11.26196
15188	9.96108
15189	8.77113
15190	7.64784
15191	6.31192
15192	4.81188
15193	3.42603
15194	2.41446
15195	1.82996
15196	1.51037
15197	1.32408
15198	1.29809
15199	1.40602
15200	1.51673
15201	1.61102
15202	1.69169
15203	1.55186
15204	1.01347
15205	0.24536
15206	-0.48000
15207	-1.07747
15208	-1.52329
15209	-1.78527
15210	-1.93309
15211	-2.02767
15212	-1.96706
15213	-1.63417
15214	-1.03579
15215	-0.29809
15216	0.27694
15217	0.44005
15218	0.34133
15219	0.25813
15220	0.21922
15221	0.25517
15222	0.57353
15223	1.17464
15224	1.74061
15225	2.06254
15226	2.16840
15227	2.06317
15228	1.73541
15229	1.29984
15230	0.86969
15231	0.39068
15232	-0.17508
15233	-0.63311
15234	-0.83539
15235	-0.89788
15236	-0.90574
15237	-0.80774
15238	-0.63628
15239	-0.53035
15240	-0.59383
15241	-0.77285
15242	-0.91056
15243	-0.98101
15244	-1.06565
15245	-1.15582
15246	-1.23427
15247	-1.36409
15248	-1.53355
15249	-1.64082
15250	-1.68336
15251	-1.75945
15252	-1.87576
15253	-1.96422
15254	-2.05396
15255	-2.20784
15256	-2.39867
15257	-2.58619
15258	-2.76273
15259	-2.89692
15260	-2.97159
15261	-3.04196
15262	-3.17778
15263	-3.35915
15264	-3.48757
15265	-3.52156
15266	-3.47610
15267	-3.37113
15268	-3.27879
15269	-3.23275
15270	-3.16210
15271	-3.01696
15272	-2.81986
15273	-2.61156
15274	-2.40151
15275	-2.15898
15276	-1.88777
15277	-1.66419
15278	-1.51475
15279	-1.34236
15280	-1.09454
15281	-0.85684
15282	-0.70572
15283	-0.60156
15284	-0.40427
15285	-0.03386
15286	0.40647
15287	0.81256
15288	1.20436
15289	1.59539
15290	1.95460
15291	2.26363
15292	2.46849
15293	2.52124
15294	2.50064
15295	2.51044
15296	2.54252
15297	2.57819
15298	2.74319
15299	3.28054
15300	4.29332
15301	5.50628
15302	6.51417
15303	7.28070
15304	8.02374
15305	8.66687
15306	8.94768
15307	8.95693
15308	9.10659
15309	9.77771
15310	11.03731
15311	12.55078
15312	13.95147
15313	15.06124
15314	15.69678
15315	15.75199
15316	15.35049
15317	14.69455
15318	13.98002
15319	13.28971
15320	12.45142
15321	11.31150
15322	9.93944
15323	8.39108
15324	6.71956
15325	5.08821
15326	3.54960
15327	2.06919
15328	0.80436
15329	0.00342
15330	-0.27998
15331	-0.18233
15332	0.16382
15333	0.68035
15334	1.24760
15335	1.70715
15336	1.92314
15337	1.76363
15338	1.15682
15339	0.17807
15340	-0.97500
15341	-1.99330
15342	-2.57698
15343	-2.66038
15344	-2.42270
15345	-2.12289
15346	-1.87190
15347	-1.57859
15348	-1.16342
15349	-0.69457
15350	-0.32621
15351	-0.10344
15352	0.04021
15353	0.04478
15354	-0.13656
15355	-0.25200
15356	-0.02588
15357	0.42325
15358	0.74421
15359	0.86388
15360	0.99833
15361	1.16925
15362	1.12778
15363	0.79082
15364	0.36859
15365	-0.04322
15366	-0.55115
15367	-1.08096
15368	-1.37338
15369	-1.35172
15370	-1.23712
15371	-1.24147
15372	-1.32504
15373	-1.37975
15374	-1.37045
15375	-1.32432
15376	-1.37282
15377	-1.60214
15378	-1.93115
15379	-2.25204
15380	-2.49394
15381	-2.62298
15382	-2.65339
15383	-2.58406
15384	-2.45116
15385	-2.39596
15386	-2.50158
15387	-2.67900
15388	-2.80961
15389	-2.86822
15390	-2.86180
15391	-2.82286
15392	-2.87323
15393	-3.05778
15394	-3.23008
15395	-3.29298
15396	-3.30357
15397	-3.29809
15398	-3.26994
15399	-3.25493
15400	-3.27518
15401	-3.29652
15402	-3.25819
15403	-3.09228
15404	-2.79266
15405	-2.44580
15406	-2.15180
15407	-1.95083
15408	-1.78906
15409	-1.58983
15410	-1.36797
15411	-1.16425
15412	-0.96647
15413	-0.79676
15414	-0.66561
15415	-0.44654
15416	-0.07016
15417	0.35654
15418	0.77026
15419	1.17622
15420	1.55187
15421	1.89550
15422	2.17954
15423	2.34661
15424	2.39168
15425	2.33244
15426	2.28414
15427	2.46794
15428	2.85744
15429	3.21094
15430	3.58170
15431	4.22072
15432	5.01155
15433	5.58553
15434	5.96994
15435	6.52877
15436	7.41888
15437	8.66133
15438	10.20967
15439	11.66716
15440	12.64102
15441	13.21254
15442	13.53944
15443	13.56065
15444	13.29683
15445	12.84688
15446	12.25648
15447	11.56617
15448	10.64828
15449	9.27193
15450	7.46618
15451	5.50750
15452	3.61252
15453	1.75022
15454	-0.15704
15455	-1.92564
15456	-3.30253
15457	-4.25485
15458	-4.81450
15459	-4.90380
15460	-4.43264
15461	-3.43227
15462	-2.10467
15463	-0.76271
15464	0.32295
15465	0.97255
15466	1.12051
15467	0.98061
15468	0.78964
15469	0.32466
15470	-0.61443
15471	-1.59420
15472	-2.18771
15473	-2.51187
15474	-2.67175
15475	-2.55474
15476	-2.21634
15477	-1.80163
15478	-1.35766
15479	-0.94536
15480	-0.61017
15481	-0.36986
15482	-0.26459
15483	-0.21839
15484	-0.11105
15485	-0.00762
15486	-0.00517
15487	0.07920
15488	0.51373
15489	1.16405
15490	1.63064
15491	1.78151
15492	1.73891
15493	1.55659
15494	1.27368
15495	0.99618
15496	0.67226
15497	0.14310
15498	-0.49877
15499	-0.95940
15500	-1.14505
15501	-1.20104
15502	-1.17738
15503	-1.02824
15504	-0.90756
15505	-1.03864
15506	-1.38311
15507	-1.75470
15508	-2.05293
15509	-2.25503
15510	-2.37612
15511	-2.44696
15512	-2.50905
15513	-2.61775
15514	-2.74552
15515	-2.79389
15516	-2.79646
15517	-2.87372
15518	-2.97956
15519	-2.99200
15520	-2.95554
15521	-2.99450
15522	-3.12468
15523	-3.27426
15524	-3.39898
15525	-3.48815
15526	-3.52728
15527	-3.55029
15528	-3.61100
15529	-3.67035
15530	-3.68068
15531	-3.68119
15532	-3.68251
15533	-3.63819
15534	-3.55070
15535	-3.45708
15536	-3.35688
15537	-3.22509
15538	-3.02868
15539	-2.72438
15540	-2.33385
15541	-1.96816
15542	-1.70680
15543	-1.56233
15544	-1.52245
15545	-1.48828
15546	-1.30322
15547	-0.95205
15548	-0.57406
15549	-0.23668
15550	0.14332
15551	0.62365
15552	1.15075
15553	1.67544
15554	2.13567
15555	2.39445
15556	2.40918
15557	2.32109
15558	2.32332
15559	2.52959
15560	2.95820
15561	3.66416
15562	4.73010
15563	6.05366
15564	7.38751
15565	8.55298
15566	9.39347
15567	9.75928
15568	9.69613
15569	9.46584
15570	9.49981
15571	10.21476
15572	11.55816
15573	12.98986
15574	13.96900
15575	14.33339
15576	14.32176
15577	14.20117
15578	13.96121
15579	13.49405
15580	12.80796
15581	11.95334
15582	11.02148
15583	10.13842
15584	9.28908
15585	8.35469
15586	7.25420
15587	5.99040
15588	4.63029
15589	3.20174
15590	1.75284
15591	0.41192
15592	-0.72397
15593	-1.57033
15594	-2.02411
15595	-1.99082
15596	-1.46030
15597	-0.70656
15598	-0.11310
15599	0.27001
15600	0.59854
15601	0.74623
15602	0.42930
15603	-0.26801
15604	-1.02698
15605	-1.69274
15606	-2.15362
15607	-2.18816
15608	-1.67699
15609	-0.89409
15610	-0.30878
15611	-0.07862
15612	-0.08737
15613	-0.22415
15614	-0.39188
15615	-0.56980
15616	-0.76926
15617	-0.84180
15618	-0.61644
15619	-0.13275
15620	0.43760
15621	0.95712
15622	1.30323
15623	1.32982
15624	1.01320
15625	0.47446
15626	-0.20300
15627	-0.94784
15628	-1.59003
15629	-1.97140
15630	-2.07355
15631	-2.00505
15632	-1.94841
15633	-2.06578
15634	-2.29731
15635	-2.42143
15636	-2.46164
15637	-2.64096
15638	-2.92133
15639	-3.05972
15640	-3.05850
15641	-3.16765
15642	-3.44975
15643	-3.66641
15644	-3.64128
15645	-3.47494
15646	-3.37767
15647	-3.40919
15648	-3.46789
15649	-3.50820
15650	-3.57131
15651	-3.66252
15652	-3.77341
15653	-3.90395
15654	-4.01711
15655	-4.06820
15656	-4.06936
15657	-4.06091
15658	-4.03748
15659	-3.97894
15660	-3.87369
15661	-3.70012
15662	-3.48269
15663	-3.27750
15664	-3.08701
15665	-2.86637
15666	-2.57110
15667	-2.21606
15668	-1.89759
15669	-1.68394
15670	-1.53861
15671	-1.40038
15672	-1.22353
15673	-0.95028
15674	-0.57024
15675	-0.17178
15676	0.15363
15677	0.44137
15678	0.78180
15679	1.18372
15680	1.62867
15681	2.08740
15682	2.47696
15683	2.77115
15684	3.02270
15685	3.25985
15686	3.47370
15687	3.68329
15688	4.04515
15689	4.73282
15690	5.68933
15691	6.80376
15692	8.03898
15693	9.12891
15694	9.57064
15695	9.26174
15696	8.96614
15697	9.59085
15698	11.11670
15699	12.83771
15700	14.28182
15701	15.33122
15702	15.86475
15703	15.75124
15704	15.12163
15705	14.34055
15706	13.58757
15707	12.71696
15708	11.62977
15709	10.46173
15710	9.24122
15711	7.82792
15712	6.27278
15713	4.70154
15714	3.13334
15715	1.69176
15716	0.55739
15717	-0.22443
15718	-0.71845
15719	-0.97493
15720	-0.98547
15721	-0.71192
15722	-0.07217
15723	0.85034
15724	1.57403
15725	1.57058
15726	0.80653
15727	-0.26903
15728	-1.13094
15729	-1.48513
15730	-1.44568
15731	-1.32186
15732	-1.11272
15733	-0.64791
15734	-0.08902
15735	0.23373
15736	0.30245
15737	0.43081
15738	0.78468
15739	1.06947
15740	1.01884
15741	0.84942
15742	0.80524
15743	0.78688
15744	0.67757
15745	0.54008
15746	0.43626
15747	0.36694
15748	0.29239
15749	0.11774
15750	-0.18145
15751	-0.50773
15752	-0.79880
15753	-1.03450
15754	-1.11437
15755	-0.97083
15756	-0.71668
15757	-0.53377
15758	-0.50671
15759	-0.58485
15760	-0.66600
15761	-0.70345
15762	-0.73226
15763	-0.83479
15764	-1.05619
15765	-1.29972
15766	-1.37592
15767	-1.27400
15768	-1.23311
15769	-1.36794
15770	-1.51450
15771	-1.57795
15772	-1.63141
15773	-1.69757
15774	-1.79359
15775	-1.97109
15776	-2.17103
15777	-2.30780
15778	-2.41920
15779	-2.57221
15780	-2.74515
15781	-2.87283
15782	-2.95451
15783	-3.01733
15784	-3.01717
15785	-2.93279
15786	-2.82956
15787	-2.71270
15788	-2.52091
15789	-2.27366
15790	-2.03617
15791	-1.80186
15792	-1.54242
15793	-1.31744
15794	-1.20147
15795	-1.11326
15796	-0.89246
15797	-0.53050
15798	-0.15628
15799	0.13721
15800	0.36045
15801	0.58408
15802	0.86444
15803	1.20710
15804	1.58463
15805	1.98348
15806	2.38265
15807	2.67366
15808	2.73562
15809	2.60746
15810	2.48054
15811	2.54452
15812	2.88662
15813	3.44852
15814	4.01143
15815	4.40367
15816	4.77852
15817	5.40791
15818	6.23387
15819	6.88666
15820	7.16085
15821	7.30939
15822	7.72689
15823	8.52970
15824	9.64534
15825	11.08393
15826	12.76670
15827	14.28787
15828	15.31291
15829	15.88828
15830	16.10332
15831	15.91672
15832	15.32336
15833	14.34243
15834	12.95144
15835	11.24590
15836	9.45351
15837	7.66024
15838	5.79523
15839	3.91800
15840	2.23138
15841	0.80017
15842	-0.41737
15843	-1.30340
15844	-1.68966
15845	-1.58930
15846	-1.06528
15847	-0.19121
15848	0.75739
15849	1.47166
15850	1.88725
15851	2.05248
15852	1.92857
15853	1.47280
15854	0.76246
15855	-0.03582
15856	-0.72965
15857	-1.21315
15858	-1.53678
15859	-1.79879
15860	-2.07379
15861	-2.31398
15862	-2.26359
15863	-1.77599
15864	-1.09310
15865	-0.58197
15866	-0.32919
15867	-0.11504
15868	0.16454
15869	0.30848
15870	0.31341
15871	0.55815
15872	1.12091
15873	1.58819
15874	1.72140
15875	1.63823
15876	1.46244
15877	1.22432
15878	0.88816
15879	0.42691
15880	-0.04988
15881	-0.40344
15882	-0.62261
15883	-0.74564
15884	-0.79586
15885	-0.81432
15886	-0.85551
15887	-0.97532
15888	-1.17096
15889	-1.33732
15890	-1.37279
15891	-1.34798
15892	-1.43744
15893	-1.61934
15894	-1.71562
15895	-1.70008
15896	-1.68172
15897	-1.70580
15898	-1.74667
15899	-1.80363
15900	-1.86041
15901	-1.88153
15902	-1.91118
15903	-2.00136
15904	-2.13164
15905	-2.24163
15906	-2.26412
15907	-2.21385
15908	-2.19739
15909	-2.26057
15910	-2.33757
15911	-2.38794
15912	-2.47744
15913	-2.64223
15914	-2.74779
15915	-2.66938
15916	-2.50227
15917	-2.37597
15918	-2.27014
15919	-2.13193
15920	-1.96086
15921	-1.77795
15922	-1.60910
15923	-1.44134
15924	-1.24931
15925	-1.08254
15926	-0.98360
15927	-0.88821
15928	-0.72357
15929	-0.49730
15930	-0.23713
15931	0.05442
15932	0.36240
15933	0.67835
15934	1.07463
15935	1.57721
15936	2.01933
15937	2.26376
15938	2.36743
15939	2.41379
15940	2.46878
15941	2.62649
15942	2.85734
15943	3.02217
15944	3.20842
15945	3.75729
15946	4.80161
15947	6.04796
15948	7.21255
15949	8.24685
15950	9.01906
15951	9.36430
15952	9.40016
15953	9.44085
15954	9.80328
15955	10.72277
15956	12.13876
15957	13.71599
15958	15.14524
15959	16.18264
15960	16.68433
15961	16.70451
15962	16.35451
15963	15.70194
15964	14.82041
15965	13.74945
15966	12.47474
15967	11.05658
15968	9.59342
15969	8.01726
15970	6.21860
15971	4.32666
15972	2.56463
15973	1.07003
15974	0.02292
15975	-0.45498
15976	-0.50865
15977	-0.36199
15978	-0.09001
15979	0.35577
15980	0.98721
15981	1.58726
15982	1.81202
15983	1.51267
15984	0.79875
15985	-0.09389
15986	-0.89208
15987	-1.42009
15988	-1.74891
15989	-2.03934
15990	-2.25370
15991	-2.24837
15992	-1.97410
15993	-1.47655
15994	-0.91963
15995	-0.52449
15996	-0.29996
15997	-0.05821
15998	0.18345
15999	0.27559
16000	0.39924
16001	0.82395
16002	1.37491
16003	1.69620
16004	1.73286
16005	1.59485
16006	1.34202
16007	1.01203
16008	0.60216
16009	0.15831
16010	-0.15937
16011	-0.31426
16012	-0.45136
16013	-0.62625
16014	-0.76934
16015	-0.84509
16016	-0.87388
16017	-0.91201
16018	-1.00915
16019	-1.13308
16020	-1.21258
16021	-1.24734
16022	-1.28146
16023	-1.32252
16024	-1.34989
16025	-1.33225
16026	-1.26612
16027	-1.22254
16028	-1.26494
16029	-1.33871
16030	-1.36004
16031	-1.35538
16032	-1.38295
16033	-1.46698
16034	-1.64701
16035	-1.89491
16036	-2.08118
16037	-2.14318
16038	-2.16378
16039	-2.25026
16040	-2.40204
16041	-2.55796
16042	-2.69514
16043	-2.79436
16044	-2.82695
16045	-2.79641
16046	-2.73045
16047	-2.66945
16048	-2.62062
16049	-2.52094
16050	-2.32581
16051	-2.08830
16052	-1.89777
16053	-1.77332
16054	-1.65327
16055	-1.50108
16056	-1.32621
16057	-1.11101
16058	-0.86395
16059	-0.65960
16060	-0.49890
16061	-0.28597
16062	0.01470
16063	0.36240
16064	0.71092
16065	1.00997
16066	1.19953
16067	1.24698
16068	1.23573
16069	1.27705
16070	1.38009
16071	1.64588
16072	2.22270
16073	3.02172
16074	3.87254
16075	4.71038
16076	5.55580
16077	6.49340
16078	7.52535
16079	8.46915
16080	9.09340
16081	9.35821
16082	9.53938
16083	10.11862
16084	11.44189
16085	13.32068
16086	15.12879
16087	16.38573
16088	17.01637
16089	17.14072
16090	16.86384
16091	16.24491
16092	15.34338
16093	14.19591
16094	12.79458
16095	11.17208
16096	9.47326
16097	7.91396
16098	6.55204
16099	5.10246
16100	3.37888
16101	1.76309
16102	0.73805
16103	0.35126
16104	0.42468
16105	0.80717
16106	1.32165
16107	1.79154
16108	2.15449
16109	2.39900
16110	2.43639
16111	2.11210
16112	1.34883
16113	0.30754
16114	-0.67182
16115	-1.32790
16116	-1.61130
16117	-1.66440
16118	-1.70340
16119	-1.81433
16120	-1.86373
16121	-1.65879
16122	-1.20134
16123	-0.71959
16124	-0.37223
16125	-0.02981
16126	0.42424
16127	0.79951
16128	0.93568
16129	0.99516
16130	1.12555
16131	1.23767
16132	1.27806
16133	1.29338
16134	1.21298
16135	0.94110
16136	0.54519
16137	0.11534
16138	-0.34839
16139	-0.77687
16140	-1.03210
16141	-1.10331
16142	-1.07648
16143	-0.99312
16144	-0.88858
16145	-0.84941
16146	-0.92688
16147	-1.08214
16148	-1.24268
16149	-1.36375
16150	-1.46845
16151	-1.60086
16152	-1.71861
16153	-1.77990
16154	-1.84674
16155	-1.90063
16156	-1.85046
16157	-1.78432
16158	-1.81878
16159	-1.89511
16160	-1.97080
16161	-2.09121
16162	-2.24792
16163	-2.37989
16164	-2.46558
16165	-2.53739
16166	-2.57164
16167	-2.48872
16168	-2.37214
16169	-2.41268
16170	-2.59301
16171	-2.72961
16172	-2.73648
16173	-2.64040
16174	-2.48566
16175	-2.32902
16176	-2.23141
16177	-2.19342
16178	-2.13123
16179	-1.95480
16180	-1.66131
16181	-1.35175
16182	-1.11667
16183	-0.93858
16184	-0.77441
16185	-0.61661
16186	-0.45252
16187	-0.25867
16188	-0.03542
16189	0.18899
16190	0.44460
16191	0.79878
16192	1.22967
16193	1.66691
16194	2.05269
16195	2.32976
16196	2.46939
16197	2.46037
16198	2.33770
16199	2.18523
16200	2.02790
16201	1.96495
16202	2.28649
16203	3.10057
16204	4.09065
16205	4.90183
16206	5.58818
16207	6.46163
16208	7.51455
16209	8.28551
16210	8.50650
16211	8.57346
16212	9.08693
16213	10.21024
16214	11.69473
16215	13.21530
16216	14.56142
16217	15.64450
16218	16.35667
16219	16.56563
16220	16.30142
16221	15.71665
16222	14.89167
16223	13.87426
16224	12.69451
16225	11.30622
16226	9.73278
16227	8.09622
16228	6.40857
16229	4.56715
16230	2.68087
16231	1.16088
16232	0.32657
16233	0.18323
16234	0.54966
16235	1.12098
16236	1.59919
16237	1.90642
16238	2.11371
16239	2.21124
16240	2.06465
16241	1.55444
16242	0.70939
16243	-0.26315
16244	-1.11734
16245	-1.72289
16246	-2.04331
16247	-2.16793
16248	-2.27818
16249	-2.32075
16250	-2.03318
16251	-1.40984
16252	-0.72241
16253	-0.15816
16254	0.27091
16255	0.59375
16256	0.80522
16257	0.84090
16258	0.64755
16259	0.38364
16260	0.35798
16261	0.65574
16262	1.06370
16263	1.33868
16264	1.37980
16265	1.20668
16266	0.89769
16267	0.54011
16268	0.17245
16269	-0.19675
16270	-0.50432
16271	-0.69294
16272	-0.81676
16273	-0.93799
16274	-1.00997
16275	-1.02740
16276	-1.13245
16277	-1.40126
16278	-1.72440
16279	-1.96093
16280	-2.11266
16281	-2.31013
16282	-2.58047
16283	-2.78770
16284	-2.84657
16285	-2.81240
16286	-2.79521
16287	-2.87415
16288	-3.03638
16289	-3.14954
16290	-3.09112
16291	-2.94889
16292	-2.93579
16293	-3.10810
16294	-3.33311
16295	-3.51020
16296	-3.66344
16297	-3.78243
16298	-3.77547
16299	-3.66658
16300	-3.61161
16301	-3.68304
16302	-3.80947
16303	-3.89786
16304	-3.91885
16305	-3.89873
16306	-3.87070
16307	-3.83760
16308	-3.77375
16309	-3.63760
16310	-3.37680
16311	-3.00515
16312	-2.67203
16313	-2.49017
16314	-2.39809
16315	-2.30485
16316	-2.13386
16317	-1.82896
16318	-1.49157
16319	-1.24691
16320	-1.02442
16321	-0.69409
16322	-0.24339
16323	0.26979
16324	0.79631
16325	1.32095
16326	1.84884
16327	2.33157
16328	2.64176
16329	2.61603
16330	2.25010
16331	1.95361
16332	2.15891
16333	2.69929
16334	3.26920
16335	4.07854
16336	5.34439
16337	6.78049
16338	7.98263
16339	8.85535
16340	9.53567
16341	10.08583
16342	10.44076
16343	10.72041
16344	11.35785
16345	12.63186
16346	14.20045
16347	15.44404
16348	16.13196
16349	16.32819
16350	15.93990
16351	14.96292
16352	13.73973
16353	12.48340
16354	11.09109
16355	9.62335
16356	8.23645
16357	6.76473
16358	5.13546
16359	3.68027
16360	2.61419
16361	1.88132
16362	1.50620
16363	1.57522
16364	1.96707
16365	2.44250
16366	2.91042
16367	3.33062
16368	3.54662
16369	3.39619
16370	2.83313
16371	1.96322
16372	0.97304
16373	0.00387
16374	-0.79217
16375	-1.26633
16376	-1.48604
16377	-1.67772
16378	-1.93641
16379	-2.20386
16380	-2.41964
16381	-2.48827
16382	-2.26547
16383	-1.75136
16384	-1.14506
16385	-0.63275
16386	-0.28975
16387	-0.15470
16388	-0.16097
16389	-0.11945
16390	0.02963
16391	0.20288
16392	0.43776
16393	0.79708
16394	1.15732
16395	1.42327
16396	1.63109
16397	1.68894
16398	1.44789
16399	0.98115
16400	0.49507
16401	0.08573
16402	-0.25507
16403	-0.51281
16404	-0.66859
16405	-0.72434
16406	-0.71144
16407	-0.71761
16408	-0.78331
16409	-0.87498
16410	-1.02645
16411	-1.29669
16412	-1.60971
16413	-1.87363
16414	-2.11324
16415	-2.33702
16416	-2.50212
16417	-2.59722
16418	-2.65449
16419	-2.74083
16420	-2.89918
16421	-3.12072
16422	-3.35988
16423	-3.55212
16424	-3.68429
16425	-3.77518
16426	-3.81355
16427	-3.82882
16428	-3.89355
16429	-4.00570
16430	-4.10359
16431	-4.13029
16432	-4.06587
16433	-4.02834
16434	-4.16947
16435	-4.35701
16436	-4.30991
16437	-4.07289
16438	-3.88708
16439	-3.74993
16440	-3.57445
16441	-3.41316
16442	-3.28015
16443	-3.13705
16444	-2.98598
16445	-2.80720
16446	-2.58183
16447	-2.33712
16448	-2.10374
16449	-1.90807
16450	-1.75872
16451	-1.61243
16452	-1.41780
16453	-1.16319
16454	-0.84501
16455	-0.47333
16456	-0.08643
16457	0.31116
16458	0.74425
16459	1.23671
16460	1.77673
16461	2.21791
16462	2.40013
16463	2.36793
16464	2.30801
16465	2.35081
16466	2.45871
16467	2.57196
16468	2.82283
16469	3.34398
16470	4.08307
16471	5.02550
16472	6.17880
16473	7.30151
16474	8.03882
16475	8.27329
16476	8.27515
16477	8.51162
16478	9.26936
16479	10.52657
16480	12.01074
16481	13.39100
16482	14.46749
16483	15.06799
16484	15.07140
16485	14.60903
16486	13.92204
16487	13.10960
16488	12.09343
16489	10.74462
16490	9.17267
16491	7.64094
16492	6.18790
16493	4.80759
16494	3.57100
16495	2.38968
16496	1.23899
16497	0.31836
16498	-0.25124
16499	-0.49942
16500	-0.46921
16501	-0.18655
16502	0.32469
16503	0.98133
16504	1.57906
16505	1.86387
16506	1.74478
16507	1.36652
16508	0.84726
16509	0.10081
16510	-0.90598
16511	-1.90200
16512	-2.51372
16513	-2.66305
16514	-2.59493
16515	-2.50378
16516	-2.32549
16517	-1.94543
16518	-1.45792
16519	-1.09162
16520	-0.88715
16521	-0.63074
16522	-0.17355
16523	0.36688
16524	0.78911
16525	1.07403
16526	1.32612
16527	1.46305
16528	1.28880
16529	0.92923
16530	0.69848
16531	0.57599
16532	0.31008
16533	-0.12802
16534	-0.57953
16535	-0.95807
16536	-1.24407
16537	-1.39913
16538	-1.40956
16539	-1.33574
16540	-1.27284
16541	-1.30422
16542	-1.45086
16543	-1.62708
16544	-1.71474
16545	-1.70228
16546	-1.70563
16547	-1.81965
16548	-2.00774
16549	-2.17411
16550	-2.27938
16551	-2.36496
16552	-2.48602
16553	-2.64513
16554	-2.78656
16555	-2.84867
16556	-2.85954
16557	-2.90801
16558	-2.98463
16559	-3.00910
16560	-2.98311
16561	-2.96553
16562	-2.97120
16563	-2.98701
16564	-3.01143
16565	-3.01631
16566	-2.95885
16567	-2.83000
16568	-2.66852
16569	-2.57444
16570	-2.59914
16571	-2.64591
16572	-2.60562
16573	-2.48074
16574	-2.36314
16575	-2.32867
16576	-2.31546
16577	-2.22006
16578	-2.07411
16579	-1.96369
16580	-1.89270
16581	-1.82605
16582	-1.74755
16583	-1.63093
16584	-1.46286
16585	-1.29162
16586	-1.16428
16587	-1.05658
16588	-0.91695
16589	-0.74997
16590	-0.58202
16591	-0.35613
16592	-0.02429
16593	0.33968
16594	0.69577
16595	1.07123
16596	1.39841
16597	1.61117
16598	1.76572
16599	1.87424
16600	1.87954
16601	1.84721
16602	1.92276
16603	2.14152
16604	2.47764
16605	2.98762
16606	3.67885
16607	4.40598
16608	5.13955
16609	5.99866
16610	6.86959
16611	7.43909
16612	7.65922
16613	7.72010
16614	7.74984
16615	7.99431
16616	8.83116
16617	10.30211
16618	12.01344
16619	13.50286
16620	14.51714
16621	15.06021
16622	15.24629
16623	15.10860
16624	14.63799
16625	13.86549
16626	12.85616
16627	11.67630
16628	10.29153
16629	8.67598
16630	6.95242
16631	5.20896
16632	3.45577
16633	1.77817
16634	0.36440
16635	-0.51084
16636	-0.68490
16637	-0.32501
16638	0.25629
16639	0.88861
16640	1.53728
16641	2.11030
16642	2.38562
16643	2.18986
16644	1.58267
16645	0.77114
16646	-0.07865
16647	-0.87725
16648	-1.55140
16649	-1.97025
16650	-2.06471
16651	-1.98793
16652	-1.84619
16653	-1.53553
16654	-0.98449
16655	-0.28386
16656	0.32456
16657	0.63886
16658	0.78014
16659	0.94398
16660	0.97621
16661	0.70214
16662	0.38303
16663	0.35165
16664	0.56958
16665	0.80411
16666	0.93617
16667	1.03157
16668	1.12332
16669	1.07284
16670	0.81374
16671	0.47355
16672	0.17937
16673	-0.02637
16674	-0.13896
16675	-0.21121
16676	-0.34526
16677	-0.55022
16678	-0.71436
16679	-0.83610
16680	-1.03433
16681	-1.28471
16682	-1.45933
16683	-1.53183
16684	-1.57406
16685	-1.70961
16686	-2.01545
16687	-2.37315
16688	-2.61834
16689	-2.78071
16690	-2.92210
16691	-2.98504
16692	-3.00590
16693	-3.11704
16694	-3.27321
16695	-3.31469
16696	-3.27151
16697	-3.30688
16698	-3.41157
16699	-3.43727
16700	-3.36334
16701	-3.30874
16702	-3.34501
16703	-3.42791
16704	-3.47247
16705	-3.41921
16706	-3.26395
16707	-3.05779
16708	-2.84213
16709	-2.60247
16710	-2.31139
16711	-1.99942
16712	-1.72474
16713	-1.48993
16714	-1.28348
16715	-1.10418
16716	-0.89963
16717	-0.61629
16718	-0.27122
16719	0.11691
16720	0.59009
16721	1.14279
16722	1.64194
16723	1.99994
16724	2.28207
16725	2.53088
16726	2.66608
16727	2.66181
16728	2.68841
16729	2.91609
16730	3.34590
16731	3.93868
16732	4.64939
16733	5.44204
16734	6.36160
16735	7.38984
16736	8.29370
16737	8.68054
16738	8.45253
16739	8.22664
16740	8.77742
16741	10.17648
16742	11.93603
16743	13.63544
16744	15.05666
16745	16.03813
16746	16.45453
16747	16.30367
16748	15.80167
16749	15.18724
16750	14.30769
16751	12.93822
16752	11.37726
16753	9.98900
16754	8.63931
16755	7.07114
16756	5.34671
16757	3.72770
16758	2.33031
16759	1.09158
16760	-0.01408
16761	-0.96489
16762	-1.74516
16763	-2.28602
16764	-2.49943
16765	-2.32467
16766	-1.75160
16767	-0.92819
16768	-0.15155
16769	0.29840
16770	0.30514
16771	-0.05183
16772	-0.63822
16773	-1.30165
16774	-1.79349
16775	-1.97578
16776	-1.92911
16777	-1.70419
16778	-1.28862
16779	-0.73661
16780	-0.15389
16781	0.30823
16782	0.49815
16783	0.43427
16784	0.32351
16785	0.27478
16786	0.15655
16787	-0.06893
16788	-0.14312
16789	0.12945
16790	0.56502
16791	0.83288
16792	0.85955
16793	0.78299
16794	0.66685
16795	0.46541
16796	0.13294
16797	-0.33606
16798	-0.88737
16799	-1.35530
16800	-1.58698
16801	-1.67413
16802	-1.81569
16803	-1.94975
16804	-1.91268
16805	-1.85103
16806	-1.95829
16807	-2.11597
16808	-2.15956
16809	-2.13392
16810	-2.16733
16811	-2.25527
16812	-2.23981
16813	-2.07129
16814	-1.92840
16815	-1.92584
16816	-1.98979
16817	-2.06394
16818	-2.13856
16819	-2.18528
16820	-2.20709
16821	-2.21027
16822	-2.17453
16823	-2.13974
16824	-2.14595
16825	-2.13776
16826	-2.12422
16827	-2.18547
16828	-2.25872
16829	-2.28928
16830	-2.37333
16831	-2.52210
16832	-2.67866
16833	-2.84824
16834	-2.94210
16835	-2.81823
16836	-2.54965
16837	-2.36214
16838	-2.26498
16839	-2.05616
16840	-1.73004
16841	-1.49308
16842	-1.42061
16843	-1.35064
16844	-1.11680
16845	-0.80160
16846	-0.56107
16847	-0.36257
16848	-0.14121
16849	0.09411
16850	0.37194
16851	0.70053
16852	1.00241
16853	1.19807
16854	1.23695
16855	1.10745
16856	0.88962
16857	0.75901
16858	0.98205
16859	1.73071
16860	2.79480
16861	3.83718
16862	4.82532
16863	5.83747
16864	6.74387
16865	7.36739
16866	7.77443
16867	8.25467
16868	9.02369
16869	10.05455
16870	11.30033
16871	12.75202
16872	14.16168
16873	15.15837
16874	15.61606
16875	15.59711
16876	15.17254
16877	14.43152
16878	13.41964
16879	12.17478
16880	10.79242
16881	9.24185
16882	7.44661
16883	5.55941
16884	3.79408
16885	2.17771
16886	0.71160
16887	-0.47746
16888	-1.26749
16889	-1.62602
16890	-1.60796
16891	-1.27422
16892	-0.59959
16893	0.30831
16894	1.11705
16895	1.62095
16896	1.84461
16897	1.79446
16898	1.41826
16899	0.74752
16900	-0.07733
16901	-0.88472
16902	-1.50648
16903	-1.85562
16904	-2.06663
16905	-2.32569
16906	-2.55605
16907	-2.51980
16908	-2.13411
16909	-1.55152
16910	-1.00616
16911	-0.64658
16912	-0.48484
16913	-0.41204
16914	-0.30868
16915	-0.16442
16916	-0.04092
16917	0.01427
16918	0.12669
16919	0.57339
16920	1.33765
16921	2.03081
16922	2.43038
16923	2.63219
16924	2.67633
16925	2.47367
16926	2.04066
16927	1.48602
16928	0.86118
16929	0.18499
16930	-0.44850
16931	-0.85982
16932	-0.98236
16933	-0.98323
16934	-1.02051
16935	-1.04767
16936	-1.00772
16937	-1.05152
16938	-1.28842
16939	-1.52555
16940	-1.62803
16941	-1.73024
16942	-1.90135
16943	-2.07177
16944	-2.17799
16945	-2.18542
16946	-2.13641
16947	-2.15858
16948	-2.33023
16949	-2.56200
16950	-2.70344
16951	-2.71406
16952	-2.66919
16953	-2.68942
16954	-2.82143
16955	-3.00246
16956	-3.20022
16957	-3.41240
16958	-3.56981
16959	-3.63700
16960	-3.68745
16961	-3.77545
16962	-3.83666
16963	-3.75401
16964	-3.55044
16965	-3.41078
16966	-3.37747
16967	-3.28539
16968	-3.05125
16969	-2.73048
16970	-2.41762
16971	-2.22940
16972	-2.18455
16973	-2.14598
16974	-2.00842
16975	-1.78964
16976	-1.51169
16977	-1.17502
16978	-0.82931
16979	-0.51934
16980	-0.18354
16981	0.27025
16982	0.84322
16983	1.45973
16984	1.98457
16985	2.32079
16986	2.55281
16987	2.79246
16988	2.98939
16989	3.03031
16990	2.98942
16991	3.24187
16992	4.02510
16993	5.05004
16994	6.00035
16995	6.90566
16996	7.82907
16997	8.69480
16998	9.32698
16999	9.57646
17000	9.59680
17001	9.88655
17002	10.83960
17003	12.31857
17004	13.88781
17005	15.25091
17006	16.17623
17007	16.44312
17008	16.12148
17009	15.45987
17010	14.57926
17011	13.51163
17012	12.21281
17013	10.63866
17014	8.94571
17015	7.34061
17016	5.89611
17017	4.56004
17018	3.14522
17019	1.57632
17020	0.19242
17021	-0.54852
17022	-0.63575
17023	-0.39528
17024	0.04347
17025	0.69672
17026	1.40180
17027	1.93485
17028	2.19544
17029	2.15333
17030	1.80082
17031	1.15301
17032	0.23498
17033	-0.85685
17034	-1.87492
17035	-2.51419
17036	-2.68212
17037	-2.61304
17038	-2.51943
17039	-2.30341
17040	-1.83421
17041	-1.20425
17042	-0.57225
17043	-0.02613
17044	0.36968
17045	0.59211
17046	0.67095
17047	0.59474
17048	0.39819
17049	0.30186
17050	0.46247
17051	0.71652
17052	0.84712
17053	0.91579
17054	1.07270
17055	1.23820
17056	1.23756
17057	1.04200
17058	0.74084
17059	0.40529
17060	0.01329
17061	-0.41411
17062	-0.74897
17063	-0.95151
17064	-1.05583
17065	-1.06996
17066	-1.07917
17067	-1.18109
17068	-1.35439
17069	-1.56245
17070	-1.81219
17071	-2.07693
17072	-2.29686
17073	-2.46443
17074	-2.62056
17075	-2.75441
17076	-2.81419
17077	-2.81294
17078	-2.80354
17079	-2.81401
17080	-2.90174
17081	-3.07436
17082	-3.23089
17083	-3.37040
17084	-3.55496
17085	-3.72528
17086	-3.82611
17087	-3.88051
17088	-3.91610
17089	-3.94775
17090	-3.95927
17091	-3.93685
17092	-3.91848
17093	-3.92833
17094	-3.93982
17095	-3.90161
17096	-3.73821
17097	-3.45406
17098	-3.17285
17099	-2.95557
17100	-2.72671
17101	-2.42803
17102	-2.14414
17103	-1.94607
17104	-1.74140
17105	-1.47949
17106	-1.24443
17107	-1.05858
17108	-0.83670
17109	-0.51518
17110	-0.11971
17111	0.28827
17112	0.69164
17113	1.10796
17114	1.55290
17115	2.00207
17116	2.31582
17117	2.37779
17118	2.35569
17119	2.49855
17120	2.81340
17121	3.26357
17122	3.91174
17123	4.66742
17124	5.34062
17125	6.04448
17126	7.03370
17127	8.12213
17128	8.87094
17129	9.24876
17130	9.60465
17131	10.21509
17132	11.20166
17133	12.61163
17134	14.28195
17135	15.81330
17136	16.83152
17137	17.22372
17138	17.07840
17139	16.54057
17140	15.79241
17141	14.93699
17142	13.84195
17143	12.33285
17144	10.55438
17145	8.78121
17146	7.01622
17147	5.23447
17148	3.56206
17149	2.00004
17150	0.54275
17151	-0.60566
17152	-1.20438
17153	-1.20125
17154	-0.79798
17155	-0.22654
17156	0.45489
17157	1.18289
17158	1.72146
17159	1.80450
17160	1.36103
17161	0.53764
17162	-0.45480
17163	-1.40215
17164	-2.06787
17165	-2.33216
17166	-2.34142
17167	-2.30562
17168	-2.19802
17169	-1.90960
17170	-1.51803
17171	-1.13176
17172	-0.74541
17173	-0.33885
17174	0.13963
17175	0.70528
17176	1.14291
17177	1.23433
17178	1.10858
17179	1.03217
17180	1.00568
17181	0.84821
17182	0.54737
17183	0.21336
17184	-0.15388
17185	-0.62409
17186	-1.19235
17187	-1.70182
17188	-1.97954
17189	-2.05711
17190	-2.07052
17191	-2.06371
17192	-2.03587
17193	-2.02457
17194	-2.09024
17195	-2.25492
17196	-2.46114
17197	-2.64815
17198	-2.84903
17199	-3.10448
17200	-3.31477
17201	-3.35858
17202	-3.30632
17203	-3.29268
17204	-3.34565
17205	-3.47816
17206	-3.65040
17207	-3.70298
17208	-3.59281
17209	-3.48344
17210	-3.47575
17211	-3.53355
17212	-3.63343
17213	-3.70940
17214	-3.67752
17215	-3.61555
17216	-3.62365
17217	-3.63827
17218	-3.61611
17219	-3.65994
17220	-3.80280
17221	-3.90582
17222	-3.84599
17223	-3.65513
17224	-3.46707
17225	-3.35318
17226	-3.20152
17227	-2.89205
17228	-2.54250
17229	-2.32005
17230	-2.17961
17231	-2.03658
17232	-1.91102
17233	-1.78585
17234	-1.61168
17235	-1.38496
17236	-1.09827
17237	-0.76227
17238	-0.42253
17239	-0.09653
17240	0.18322
17241	0.37036
17242	0.55585
17243	0.89606
17244	1.33472
17245	1.61246
17246	1.61321
17247	1.57571
17248	1.78398
17249	2.27560
17250	3.01034
17251	3.88010
17252	4.76804
17253	5.79336
17254	6.95091
17255	7.83506
17256	8.26934
17257	8.70857
17258	9.64942
17259	11.13871
17260	12.95246
17261	14.76815
17262	16.28484
17263	17.36353
17264	17.90858
17265	17.80599
17266	17.10197
17267	16.00195
17268	14.65434
17269	13.06098
17270	11.21123
17271	9.23421
17272	7.31396
17273	5.51925
17274	3.79296
17275	2.06245
17276	0.40151
17277	-0.96824
17278	-1.85352
17279	-2.20399
17280	-2.07905
17281	-1.50913
17282	-0.56585
17283	0.47796
17284	1.30497
17285	1.73989
17286	1.77790
17287	1.49850
17288	0.92555
17289	0.08756
17290	-0.86426
17291	-1.70157
17292	-2.26276
17293	-2.58836
17294	-2.80675
17295	-2.89676
17296	-2.74083
17297	-2.36040
17298	-1.91985
17299	-1.50705
17300	-1.09923
17301	-0.73944
17302	-0.49951
17303	-0.34406
17304	-0.20747
17305	-0.04741
17306	0.18228
17307	0.51687
17308	0.97623
17309	1.50195
17310	1.95731
17311	2.27855
17312	2.42176
17313	2.22564
17314	1.61658
17315	0.77616
17316	-0.10990
17317	-0.99798
17318	-1.81121
17319	-2.41539
17320	-2.73559
17321	-2.79740
17322	-2.72183
17323	-2.64403
17324	-2.66098
17325	-2.82412
17326	-3.05803
17327	-3.24411
17328	-3.43843
17329	-3.74678
17330	-4.08112
17331	-4.23840
17332	-4.12447
17333	-3.87441
17334	-3.70260
17335	-3.70197
17336	-3.86422
17337	-4.07744
17338	-4.17605
17339	-4.13364
17340	-4.05860
17341	-4.03710
17342	-4.07696
17343	-4.14274
17344	-4.20021
17345	-4.23525
17346	-4.25270
17347	-4.26183
17348	-4.26220
17349	-4.22920
17350	-4.13073
17351	-3.97592
17352	-3.79681
17353	-3.60701
17354	-3.40170
17355	-3.15821
17356	-2.86204
17357	-2.55913
17358	-2.32204
17359	-2.15049
17360	-1.99740
17361	-1.84736
17362	-1.68641
17363	-1.48878
17364	-1.27187
17365	-1.07970
17366	-0.90566
17367	-0.70341
17368	-0.44873
17369	-0.15026
17370	0.15447
17371	0.44723
17372	0.75215
17373	1.02098
17374	1.14780
17375	1.18024
17376	1.26456
17377	1.44065
17378	1.77543
17379	2.43195
17380	3.35856
17381	4.33594
17382	5.32289
17383	6.33789
17384	7.25777
17385	7.83444
17386	7.97089
17387	8.13853
17388	8.93578
17389	10.34002
17390	11.99448
17391	13.62054
17392	14.89621
17393	15.61176
17394	15.85592
17395	15.70429
17396	15.12686
17397	14.28120
17398	13.39723
17399	12.43506
17400	11.24816
17401	9.87974
17402	8.39996
17403	6.80149
17404	5.18233
17405	3.62432
17406	2.08648
17407	0.72260
17408	-0.13008
17409	-0.41016
17410	-0.33626
17411	-0.01229
17412	0.54456
17413	1.16918
17414	1.66588
17415	1.95042
17416	1.94443
17417	1.54924
17418	0.80438
17419	-0.11845
17420	-1.08947
17421	-1.94910
17422	-2.46142
17423	-2.60276
17424	-2.55701
17425	-2.39947
17426	-2.09526
17427	-1.66433
17428	-1.18177
17429	-0.71744
17430	-0.32122
17431	-0.00746
17432	0.24297
17433	0.41735
17434	0.47672
17435	0.49558
17436	0.63853
17437	0.90884
17438	1.12721
17439	1.19479
17440	1.17121
17441	1.06816
17442	0.78062
17443	0.24371
17444	-0.50162
17445	-1.29534
17446	-1.89360
17447	-2.20858
17448	-2.37420
17449	-2.47524
17450	-2.46004
17451	-2.32082
17452	-2.17950
17453	-2.17079
17454	-2.31343
17455	-2.56436
17456	-2.86125
17457	-3.10088
17458	-3.24982
17459	-3.34137
17460	-3.39005
17461	-3.43819
17462	-3.50631
17463	-3.55334
17464	-3.57669
17465	-3.59017
17466	-3.54756
17467	-3.42083
17468	-3.27139
17469	-3.18056
17470	-3.16863
17471	-3.19003
17472	-3.23163
17473	-3.31809
17474	-3.37275
17475	-3.30822
17476	-3.19499
17477	-3.14466
17478	-3.17131
17479	-3.22567
17480	-3.22941
17481	-3.13471
17482	-3.02233
17483	-2.96348
17484	-2.83079
17485	-2.54532
17486	-2.26428
17487	-2.06588
17488	-1.89281
17489	-1.78789
17490	-1.76164
17491	-1.66711
17492	-1.42803
17493	-1.16364
17494	-0.97621
17495	-0.80271
17496	-0.58691
17497	-0.33346
17498	0.00382
17499	0.41429
17500	0.79423
17501	1.09868
17502	1.30717
17503	1.40938
17504	1.52314
17505	1.79894
17506	2.25752
17507	2.89723
17508	3.74204
17509	4.62047
17510	5.33434
17511	6.06866
17512	7.00596
17513	7.82079
17514	8.22681
17515	8.58650
17516	9.40423
17517	10.68693
17518	12.20685
17519	13.84855
17520	15.41479
17521	16.55257
17522	17.07818
17523	17.10615
17524	16.79717
17525	16.16805
17526	15.14824
17527	13.77164
17528	12.25418
17529	10.77167
17530	9.25466
17531	7.59588
17532	5.90995
17533	4.39687
17534	3.24113
17535	2.64472
17536	2.72447
17537	3.49062
17538	4.71594
17539	5.80689
17540	6.17255
17541	5.64681
17542	4.50693
17543	3.15934
17544	1.86988
17545	0.82931
17546	0.16769
17547	-0.13118
17548	-0.13848
17549	0.04507
17550	0.24330
17551	0.33743
17552	0.34737
17553	0.28480
17554	0.09942
17555	-0.17912
17556	-0.40819
17557	-0.48851
17558	-0.47673
17559	-0.46801
17560	-0.43375
17561	-0.29488
17562	-0.08465
17563	0.05524
17564	0.02610
17565	-0.07545
17566	-0.02863
17567	0.25723
17568	0.68611
17569	1.12039
17570	1.45796
17571	1.67780
17572	1.85390
17573	2.00158
17574	2.02353
17575	1.89884
17576	1.72615
17577	1.58036
17578	1.44415
17579	1.27588
17580	1.12602
17581	1.07219
17582	1.07536
17583	1.03848
17584	0.94617
17585	0.88093
17586	0.90279
17587	0.92387
17588	0.78331
17589	0.49633
17590	0.24700
17591	0.06884
17592	-0.15550
17593	-0.37664
17594	-0.43452
17595	-0.38463
17596	-0.43012
17597	-0.59865
17598	-0.74413
17599	-0.80981
17600	-0.90059
17601	-1.07508
17602	-1.27891
17603	-1.49277
17604	-1.69462
17605	-1.79649
17606	-1.78118
17607	-1.71303
17608	-1.63128
17609	-1.56317
17610	-1.53086
17611	-1.50693
17612	-1.44135
17613	-1.35066
17614	-1.29809
17615	-1.26381
17616	-1.19373
17617	-1.11604
17618	-1.06600
17619	-1.01785
17620	-0.97065
17621	-0.98323
17622	-1.05240
17623	-1.09800
17624	-1.09609
17625	-1.08675
17626	-1.09759
17627	-1.14404
17628	-1.24105
17629	-1.35499
17630	-1.41139
17631	-1.39389
17632	-1.33872
17633	-1.26456
17634	-1.19189
17635	-1.15105
17636	-1.15109
17637	-1.18011
17638	-1.21160
17639	-1.20988
17640	-1.17652
17641	-1.16014
17642	-1.17581
17643	-1.19514
17644	-1.19725
17645	-1.19149
17646	-1.22497
17647	-1.31060
17648	-1.37008
17649	-1.32461
17650	-1.21355
17651	-1.13487
17652	-1.08488
17653	-1.00556
17654	-0.91836
17655	-0.85753
17656	-0.79708
17657	-0.71661
17658	-0.62985
17659	-0.56471
17660	-0.54701
17661	-0.55824
17662	-0.55409
17663	-0.53891
17664	-0.55094
17665	-0.58949
17666	-0.60599
17667	-0.54482
17668	-0.42131
17669	-0.33441
17670	-0.30012
17671	-0.21137
17672	-0.03245
17673	0.12804
17674	0.16244
17675	0.10184
17676	0.05168
17677	0.05160
17678	0.08979
17679	0.16776
17680	0.26378
17681	0.32727
17682	0.35207
17683	0.34044
17684	0.23194
17685	-0.01978
17686	-0.35503
17687	-0.60866
17688	-0.60115
17689	-0.33946
17690	-0.12039
17691	-0.22834
17692	-0.60212
17693	-0.98948
17694	-1.23920
17695	-1.33949
17696	-1.34238
17697	-1.30050
17698	-1.22976
17699	-1.14980
17700	-1.09289
17701	-1.03417
17702	-0.94534
17703	-0.89314
17704	-0.93362
17705	-1.00430
17706	-1.03016
17707	-1.01812
17708	-0.99390
17709	-0.95494
17710	-0.89417
17711	-0.82044
17712	-0.77524
17713	-0.79591
17714	-0.85533
17715	-0.90622
17716	-0.95015
17717	-1.00481
17718	-1.05668
17719	-1.08618
17720	-1.09976
17721	-1.11864
17722	-1.14518
17723	-1.15813
17724	-1.15161
17725	-1.15294
17726	-1.18776
17727	-1.23650
17728	-1.25355
17729	-1.23968
17730	-1.23611
17731	-1.24664
17732	-1.24730
17733	-1.24982
17734	-1.27860
17735	-1.31847
17736	-1.33552
17737	-1.32335
17738	-1.31163
17739	-1.33068
17740	-1.37038
17741	-1.38938
17742	-1.35754
17743	-1.29663
17744	-1.27002
17745	-1.27947
17746	-1.26138
17747	-1.21852
17748	-1.20296
17749	-1.20809
17750	-1.18967
17751	-1.13828
17752	-1.10433
17753	-1.14125
17754	-1.20690
17755	-1.20509
17756	-1.14086
17757	-1.11111
17758	-1.14388
17759	-1.17839
17760	-1.19339
17761	-1.22060
17762	-1.24569
17763	-1.22935
17764	-1.19523
17765	-1.20543
17766	-1.25712
17767	-1.26896
17768	-1.21295
17769	-1.15935
17770	-1.15296
17771	-1.17251
17772	-1.19590
17773	-1.21244
17774	-1.21470
17775	-1.21084
17776	-1.20644
17777	-1.18629
17778	-1.15547
17779	-1.14585
17780	-1.14534
17781	-1.12156
17782	-1.09634
17783	-1.10241
17784	-1.13461
17785	-1.17121
17786	-1.19882
17787	-1.21221
17788	-1.20431
17789	-1.18082
17790	-1.16046
17791	-1.14664
17792	-1.13110
17793	-1.11107
17794	-1.08499
17795	-1.05325
17796	-1.02787
17797	-1.01905
17798	-1.01824
17799	-1.01339
17800	-1.00727
17801	-1.00946
17802	-1.02321
17803	-1.03688
17804	-1.02277
17805	-0.97315
17806	-0.92210
17807	-0.90335
17808	-0.91638
17809	-0.93966
17810	-0.95417
17811	-0.96110
17812	-0.97943
17813	-1.00391
17814	-0.99604
17815	-0.95075
17816	-0.90429
17817	-0.87549
17818	-0.86093
17819	-0.84938
17820	-0.82031
17821	-0.77805
17822	-0.75747
17823	-0.76677
17824	-0.78088
17825	-0.78844
17826	-0.80115
17827	-0.82035
17828	-0.82262
17829	-0.79988
17830	-0.78789
17831	-0.81647
17832	-0.85710
17833	-0.86630
17834	-0.84549
17835	-0.81617
17836	-0.79012
17837	-0.77800
17838	-0.78001
17839	-0.78344
17840	-0.78977
17841	-0.81094
17842	-0.84197
17843	-0.86361
17844	-0.86826