1	
2	
3	0.00237
4	-0.00092
5	-0.00867
6	-0.01211
7	-0.00335
8	0.00347
9	-0.00346
10	-0.01223
11	-0.01307
12	-0.01269
13	-0.01865
14	-0.02532
15	-0.02271
16	-0.01393
17	-0.01090
18	-0.01052
19	0.00126
20	0.02096
21	0.02606
22	0.01135
23	-0.00863
24	-0.01034
25	0.00312
26	0.00875
27	-0.00016
28	-0.00739
29	-0.00962
30	-0.00977
31	-0.00262
32	0.00452
33	0.00220
34	0.00048
35	0.01011
36	0.01589
37	0.00262
38	-0.01527
39	-0.01448
40	-0.00357
41	0.00195
42	0.01111
43	0.01626
44	0.00526
45	-0.00955
46	-0.00256
47	0.00923
48	0.00122
49	-0.01132
50	-0.01029
51	-0.00213
52	0.00218
53	0.00018
54	-0.00687
55	-0.01087
56	-0.00075
57	0.01431
58	0.01443
59	0.00250
60	-0.00662
61	-0.00915
62	-0.00516
63	0.00418
64	0.00339
65	-0.00932
66	-0.00623
67	0.01662
68	0.02899
69	0.01439
70	-0.00218
71	-0.00625
72	-0.00481
73	-0.00144
74	0.00073
75	-0.00530
76	-0.01686
77	-0.02061
78	-0.01542
79	-0.01032
80	-0.00546
81	0.00780
82	0.02067
83	0.01397
84	-0.00121
85	0.00155
86	0.01482
87	0.01447
88	0.00502
89	0.00048
90	0.00043
91	-0.00027
92	-0.00171
93	-0.00375
94	-0.00626
95	-0.00633
96	-0.00255
97	0.00152
98	0.00361
99	0.00450
100	0.00508
101	0.00392
102	-0.00421
103	-0.01618
104	-0.01621
105	0.00184
106	0.01789
107	0.01120
108	-0.00274
109	0.00172
110	0.01434
111	0.00943
112	-0.01085
113	-0.02348
114	-0.01411
115	0.00097
116	0.00017
117	-0.00159
118	0.01192
119	0.02249
120	0.01344
121	-0.00717
122	-0.02649
123	-0.02591
124	-0.00073
125	0.02206
126	0.01701
127	0.00175
128	-0.00178
129	0.00043
130	-0.00105
131	-0.00064
132	0.00272
133	0.00435
134	0.00565
135	0.00570
136	0.00298
137	0.00187
138	0.00424
139	0.00989
140	0.01448
141	0.00910
142	-0.00285
143	-0.00379
144	0.00699
145	0.01675
146	0.02128
147	0.02107
148	0.01369
149	0.00226
150	0.00371
151	0.02305
152	0.04260
153	0.04380
154	0.03194
155	0.02126
156	0.01548
157	0.01450
158	0.01709
159	0.01785
160	0.01048
161	-0.00584
162	-0.02068
163	-0.01505
164	0.00481
165	0.01306
166	0.00476
167	-0.00330
168	-0.00392
169	-0.00296
170	0.00037
171	0.00650
172	0.00883
173	0.01540
174	0.03374
175	0.04184
176	0.02809
177	0.01447
178	0.01456
179	0.02385
180	0.03013
181	0.02514
182	0.01554
183	0.01274
184	0.01666
185	0.01813
186	0.01756
187	0.02078
188	0.01912
189	0.00401
190	-0.00581
191	0.01362
192	0.04634
193	0.04758
194	0.01029
195	-0.02339
196	-0.02033
197	0.00284
198	0.00907
199	-0.00744
200	-0.02138
201	-0.01696
202	-0.01231
203	-0.01957
204	-0.02490
205	-0.02793
206	-0.03873
207	-0.05421
208	-0.05630
209	-0.03511
210	0.00420
211	0.04241
212	0.06138
213	0.05450
214	0.04478
215	0.04228
216	0.03823
217	0.03302
218	0.02389
219	0.00804
220	-0.00812
221	-0.01761
222	-0.01963
223	-0.01673
224	-0.01506
225	-0.01853
226	-0.02465
227	-0.02706
228	-0.02067
229	-0.00992
230	-0.01194
231	-0.03438
232	-0.05916
233	-0.05458
234	-0.02031
235	-0.00312
236	-0.01469
237	-0.01471
238	0.01207
239	0.03224
240	0.03053
241	0.02660
242	0.03214
243	0.03765
244	0.03224
245	0.01896
246	0.01133
247	0.01337
248	0.01036
249	-0.00150
250	-0.00139
251	0.01880
252	0.02811
253	0.01606
254	0.01682
255	0.03649
256	0.03590
257	0.00863
258	-0.01396
259	-0.02407
260	-0.02598
261	-0.01918
262	-0.01719
263	-0.03005
264	-0.04346
265	-0.03516
266	-0.01242
267	-0.00160
268	-0.00748
269	-0.01329
270	-0.01703
271	-0.03027
272	-0.04025
273	-0.02352
274	0.00527
275	0.01015
276	-0.00624
277	-0.01180
278	-0.00646
279	-0.01182
280	-0.02100
281	-0.01259
282	0.00270
283	0.00729
284	0.00427
285	0.00667
286	0.01418
287	0.01428
288	0.00352
289	-0.00315
290	0.00464
291	0.01595
292	0.01512
293	0.00537
294	0.00444
295	0.01800
296	0.03048
297	0.02933
298	0.01970
299	0.01863
300	0.03339
301	0.04164
302	0.02701
303	0.01259
304	0.01598
305	0.01646
306	0.00226
307	-0.01160
308	-0.01718
309	-0.01431
310	-0.00488
311	-0.00634
312	-0.02385
313	-0.02810
314	-0.01355
315	-0.00398
316	-0.00482
317	-0.00931
318	-0.01302
319	-0.00732
320	0.00526
321	0.01224
322	0.01168
323	0.01440
324	0.01398
325	-0.00141
326	-0.01958
327	-0.01566
328	0.00229
329	-0.00125
330	-0.02595
331	-0.03327
332	-0.00951
333	0.01142
334	0.00419
335	-0.01240
336	-0.02109
337	-0.02345
338	-0.02640
339	-0.03036
340	-0.02645
341	-0.01653
342	-0.01514
343	-0.01800
344	-0.01902
345	-0.02136
346	-0.01699
347	-0.00298
348	0.00083
349	-0.01129
350	-0.00683
351	0.02355
352	0.03792
353	0.00901
354	-0.01947
355	-0.01141
356	0.00875
357	0.00459
358	-0.01222
359	-0.01586
360	-0.00771
361	-0.00646
362	-0.01204
363	-0.00800
364	0.01365
365	0.03663
366	0.03542
367	0.01517
368	0.00595
369	0.01365
370	0.01594
371	0.00330
372	-0.00541
373	0.00176
374	0.00772
375	-0.00054
376	-0.00446
377	0.00561
378	0.01030
379	-0.00178
380	-0.01394
381	-0.00758
382	0.00595
383	0.00168
384	-0.01757
385	-0.01785
386	0.00563
387	0.01161
388	-0.01190
389	-0.02711
390	-0.00881
391	0.02285
392	0.03462
393	0.01412
394	-0.01932
395	-0.03728
396	-0.02816
397	-0.00874
398	0.00557
399	0.01817
400	0.02619
401	0.02759
402	0.03387
403	0.03632
404	0.01701
405	-0.00432
406	-0.01046
407	-0.01172
408	-0.01033
409	0.00803
410	0.03283
411	0.03300
412	0.00496
413	-0.01200
414	-0.00107
415	0.01184
416	0.01136
417	0.00413
418	-0.00308
419	-0.00625
420	-0.00304
421	-0.00401
422	-0.00825
423	0.00058
424	0.01112
425	0.00256
426	-0.00617
427	0.00270
428	0.00788
429	0.00205
430	0.00765
431	0.01885
432	0.01146
433	-0.00816
434	-0.01752
435	-0.01510
436	-0.00749
437	0.00658
438	0.01914
439	0.01052
440	-0.01234
441	-0.02525
442	-0.01870
443	-0.00351
444	0.00850
445	0.01239
446	0.01360
447	0.01838
448	0.02575
449	0.03216
450	0.03511
451	0.02681
452	0.00231
453	-0.01843
454	-0.01644
455	0.00011
456	0.01015
457	0.00467
458	-0.00376
459	-0.00728
460	-0.00782
461	-0.00551
462	-0.00073
463	-0.00227
464	-0.01171
465	-0.01717
466	-0.01424
467	-0.00954
468	-0.00642
469	-0.00351
470	-0.00073
471	0.00064
472	0.00029
473	-0.00028
474	0.00338
475	0.01445
476	0.01996
477	0.01067
478	-0.00389
479	0.00271
480	0.01517
481	0.01005
482	-0.00232
483	-0.00639
484	-0.00671
485	-0.00527
486	-0.00116
487	0.00126
488	0.00224
489	0.00501
490	0.00708
491	0.01226
492	0.01784
493	0.01533
494	0.01404
495	0.03117
496	0.04642
497	0.04181
498	0.01100
499	-0.03038
500	-0.05314
501	-0.04000
502	-0.02705
503	-0.03521
504	-0.05839
505	-0.07127
506	-0.06357
507	-0.05173
508	-0.05222
509	-0.04061
510	-0.02430
511	-0.01992
512	-0.02264
513	-0.02573
514	-0.01699
515	-0.00239
516	0.00442
517	-0.00582
518	-0.01342
519	-0.01215
520	-0.00750
521	0.00037
522	0.01080
523	0.00896
524	-0.01227
525	-0.03823
526	-0.03822
527	-0.03220
528	-0.04173
529	-0.05928
530	-0.07008
531	-0.05853
532	-0.06030
533	-0.06301
534	-0.05637
535	-0.05426
536	-0.05700
537	-0.04910
538	-0.05935
539	-0.09680
540	-0.09825
541	-0.06924
542	-0.04881
543	-0.05722
544	-0.07028
545	-0.10217
546	-0.14720
547	-0.15444
548	-0.10940
549	-0.08581
550	-0.11521
551	-0.10204
552	-0.01743
553	0.02729
554	-0.00770
555	-0.02203
556	0.03626
557	0.09672
558	0.10557
559	0.06288
560	0.02462
561	0.03772
562	0.06814
563	0.06702
564	0.06500
565	0.11730
566	0.16894
567	0.12749
568	0.07097
569	0.07952
570	0.15640
571	0.20281
572	0.15307
573	0.09980
574	0.10090
575	0.17044
576	0.27580
577	0.30982
578	0.28051
579	0.24125
580	0.21042
581	0.17467
582	0.09483
583	0.05144
584	0.07020
585	0.12654
586	0.16541
587	0.15630
588	0.15569
589	0.14363
590	0.15617
591	0.11434
592	0.05305
593	0.05882
594	0.04906
595	0.00149
596	-0.02619
597	-0.08312
598	-0.16455
599	-0.14622
600	-0.09096
601	-0.02932
602	0.00256
603	-0.00151
604	0.00029
605	0.00158
606	-0.00104
607	-0.00215
608	0.00002
609	0.00041
610	0.00017
611	-0.00017
612	-0.00233
613	-0.00535
614	-0.00407
615	-0.00491
616	-0.00873
617	-0.01548
618	-0.01440
619	-0.01324
620	-0.01552
621	-0.00856
622	0.00048
623	0.00420
624	0.00450
625	0.00765
626	0.01092
627	0.01174
628	0.01726
629	0.02855
630	0.02976
631	0.01744
632	0.00570
633	0.00023
634	0.00074
635	0.00176
636	0.00273
637	0.00241
638	0.00101
639	0.00042
640	0.00083
641	0.00042
642	-0.00130
643	-0.01557
644	-0.00989
645	-0.12360
646	-0.25164
647	-0.49439
648	-0.06572
649	-0.08262
650	-0.21640
651	0.10071
652	0.03025
653	0.11813
654	0.05332
655	-0.04586
656	-0.06739
657	-0.10277
658	-0.12591
659	-0.04437
660	0.00697
661	0.02859
662	0.06777
663	0.04014
664	-0.01447
665	-0.04743
666	-0.03438
667	-0.03580
668	-0.03557
669	-0.05853
670	-0.06660
671	-0.01691
672	-0.01774
673	-0.01623
674	-0.00162
675	0.00882
676	0.02500
677	0.07050
678	0.12175
679	0.15929
680	0.26022
681	0.24303
682	0.14845
683	0.21533
684	0.34283
685	0.25147
686	0.25019
687	0.31769
688	0.27360
689	0.06195
690	-0.16963
691	-0.29332
692	-0.07261
693	0.16705
694	0.27957
695	0.25078
696	0.24020
697	0.33689
698	0.32613
699	0.19935
700	0.16879
701	0.16601
702	0.08834
703	-0.01919
704	-0.05532
705	0.00083
706	0.10464
707	0.21745
708	0.33022
709	0.42848
710	0.35343
711	0.10742
712	-0.08577
713	-0.07201
714	-0.02624
715	0.11623
716	0.00591
717	0.00174
718	0.01663
719	-0.02817
720	0.00199
721	-0.00017
722	0.02415
723	0.02550
724	0.00489
725	0.00561
726	0.01524
727	-0.00832
728	-0.04172
729	-0.04220
730	-0.02564
731	-0.01353
732	-0.02807
733	-0.07057
734	-0.07778
735	-0.03589
736	-0.01678
737	-0.02664
738	-0.02969
739	-0.01364
740	0.00252
741	0.01535
742	0.01926
743	0.01869
744	0.01905
745	0.01891
746	0.01829
747	0.01536
748	0.00698
749	-0.00242
750	-0.00446
751	0.00366
752	0.01477
753	0.01638
754	0.00692
755	-0.00367
756	-0.01268
757	-0.00479
758	0.01027
759	-0.00787
760	-0.02344
761	-0.00794
762	0.00870
763	0.05207
764	-0.19670
765	-0.60173
766	-0.59630
767	0.33755
768	0.13734
769	-0.41095
770	0.50100
771	0.22985
772	-0.02167
773	0.00825
774	-0.19527
775	-0.23345
776	0.04123
777	-0.04042
778	-0.05544
779	-0.00210
780	0.00070
781	0.03902
782	0.02586
783	0.00341
784	0.00053
785	-0.00135
786	0.02996
787	0.03550
788	0.03367
789	0.07853
790	0.03190
791	0.01048
792	0.04512
793	0.13494
794	0.19120
795	0.23617
796	0.23572
797	0.22250
798	0.21785
799	0.26254
800	0.16660
801	0.05505
802	0.01258
803	0.00713
804	0.09163
805	0.18592
806	0.25885
807	0.26363
808	0.26241
809	0.28387
810	0.24422
811	0.05982
812	-0.10471
813	-0.18487
814	-0.16163
815	-0.05936
816	-0.01380
817	0.00089
818	0.03491
819	0.06814
820	0.04000
821	-0.05579
822	-0.10363
823	-0.02506
824	0.05397
825	0.10319
826	0.20599
827	0.05897
828	0.02482
829	0.00280
830	-0.00161
831	0.00010
832	-0.00214
833	-0.00287
834	0.00741
835	0.02275
836	0.01393
837	-0.00318
838	-0.00568
839	-0.00997
840	-0.02956
841	-0.04433
842	-0.03415
843	-0.02304
844	-0.02482
845	-0.04701
846	-0.07066
847	-0.05743
848	-0.03007
849	-0.02048
850	-0.01939
851	-0.01485
852	-0.00677
853	0.00459
854	0.01874
855	0.02358
856	0.02159
857	0.01879
858	0.00505
859	-0.00811
860	-0.00691
861	-0.00101
862	-0.00042
863	-0.00681
864	-0.00478
865	0.00002
866	-0.00184
867	-0.00255
868	0.00032
869	0.00082
870	-0.01241
871	-0.09412
872	-0.08418
873	-0.02179
874	-0.09064
875	0.38872
876	-0.17183
877	-0.41011
878	0.27047
879	-0.10613
880	-0.05940
881	0.01693
882	-0.04727
883	-0.10269
884	-0.09323
885	0.03976
886	0.01259
887	0.01368
888	0.01620
889	0.00661
890	0.02272
891	-0.02691
892	-0.01765
893	-0.00033
894	0.00132
895	0.00806
896	0.00463
897	0.01162
898	-0.01416
899	-0.05468
900	-0.04488
901	-0.01118
902	0.07624
903	0.18558
904	0.18826
905	0.21079
906	0.14091
907	0.14579
908	0.20668
909	0.36463
910	0.33007
911	0.21222
912	0.26036
913	0.31406
914	0.25207
915	0.10992
916	0.11547
917	0.10924
918	0.00146
919	-0.02649
920	0.07807
921	0.18910
922	0.16940
923	0.09486
924	0.01169
925	-0.06766
926	-0.13296
927	-0.17286
928	-0.22701
929	-0.32213
930	-0.22713
931	-0.01919
932	0.13120
933	0.29782
934	0.22232
935	0.02718
936	0.00417
937	-0.02973
938	-0.05614
939	-0.04294
940	0.01786
941	0.06581
942	0.05069
943	0.01240
944	-0.00012
945	-0.00206
946	-0.01578
947	-0.02527
948	-0.03379
949	-0.05804
950	-0.06038
951	-0.03520
952	-0.03074
953	-0.04405
954	-0.04392
955	-0.03958
956	-0.02911
957	-0.01432
958	-0.00314
959	0.00943
960	0.01917
961	0.02422
962	0.02404
963	0.01390
964	0.00092
965	0.00457
966	0.03792
967	0.04706
968	0.01194
969	0.00087
970	0.00094
971	0.00039
972	-0.01525
973	-0.02240
974	0.00801
975	0.01742
976	0.00385
977	0.06267
978	0.01122
979	0.10283
980	-0.15079
981	0.54168
982	-0.09838
983	-0.51954
984	0.17129
985	0.05407
986	-0.04162
987	0.00493
988	-0.04974
989	-0.07595
990	-0.05065
991	-0.00084
992	-0.03736
993	0.01084
994	-0.00518
995	0.00219
996	0.00845
997	-0.01263
998	0.03327
999	0.13343
1000	0.13399
1001	0.07989
1002	0.01642
1003	0.00043
1004	-0.03446
1005	-0.00465
1006	0.09820
1007	0.08071
1008	0.07400
1009	-0.02714
1010	-0.05039
1011	0.00602
1012	0.05349
1013	0.04277
1014	0.01359
1015	0.00957
1016	0.06541
1017	0.21556
1018	0.29552
1019	0.32559
1020	0.31996
1021	0.24159
1022	0.15899
1023	0.03122
1024	-0.07236
1025	-0.06441
1026	0.02369
1027	0.12751
1028	0.17511
1029	0.16625
1030	0.20923
1031	0.16879
1032	0.05878
1033	-0.03032
1034	-0.06920
1035	-0.00193
1036	0.08880
1037	0.12116
1038	0.19982
1039	0.01295
1040	-0.01228
1041	-0.03131
1042	-0.04627
1043	-0.03866
1044	0.00014
1045	0.02970
1046	0.02703
1047	0.00385
1048	-0.01262
1049	-0.01311
1050	-0.01924
1051	-0.04086
1052	-0.06077
1053	-0.05697
1054	-0.04470
1055	-0.04608
1056	-0.06142
1057	-0.06788
1058	-0.05063
1059	-0.03172
1060	-0.02211
1061	-0.01234
1062	0.00321
1063	0.01934
1064	0.02750
1065	0.01815
1066	-0.00261
1067	-0.01082
1068	-0.00156
1069	0.01322
1070	0.00103
1071	-0.01376
1072	0.00315
1073	-0.00144
1074	0.00121
1075	0.00614
1076	0.00158
1077	-0.00275
1078	0.13642
1079	-0.26936
1080	-0.44942
1081	-0.54957
1082	-0.28676
1083	0.22978
1084	-0.28533
1085	0.44305
1086	-0.14660
1087	-0.04642
1088	-0.02767
1089	-0.02065
1090	-0.00444
1091	-0.00330
1092	-0.00026
1093	-0.00977
1094	0.04638
1095	0.00757
1096	-0.00042
1097	-0.01147
1098	-0.02414
1099	-0.00651
1100	0.00716
1101	-0.00443
1102	0.02912
1103	0.04025
1104	0.06389
1105	0.04660
1106	-0.00637
1107	-0.00973
1108	0.07949
1109	0.21182
1110	0.17845
1111	0.16608
1112	0.18028
1113	0.12356
1114	0.06681
1115	0.08769
1116	0.12288
1117	0.19046
1118	0.34516
1119	0.35549
1120	0.37218
1121	0.24692
1122	0.21035
1123	0.33456
1124	0.17112
1125	0.08255
1126	0.15776
1127	0.23843
1128	0.27101
1129	0.23047
1130	0.16810
1131	-0.01682
1132	-0.25006
1133	-0.28771
1134	-0.23317
1135	-0.31713
1136	-0.29710
1137	-0.04335
1138	0.04564
1139	0.32166
1140	0.37717
1141	0.11916
1142	0.01002
1143	0.00157
1144	0.01297
1145	-0.00826
1146	-0.03755
1147	-0.02047
1148	0.01023
1149	0.03749
1150	0.04374
1151	0.01190
1152	-0.01344
1153	-0.02601
1154	-0.04792
1155	-0.08491
1156	-0.11993
1157	-0.11625
1158	-0.08857
1159	-0.06861
1160	-0.05859
1161	-0.04875
1162	-0.03394
1163	-0.01635
1164	-0.00210
1165	0.00597
1166	0.01806
1167	0.03318
1168	0.03920
1169	0.02621
1170	0.00250
1171	-0.00371
1172	0.00033
1173	-0.00400
1174	-0.00809
1175	0.00125
1176	0.00211
1177	0.00789
1178	0.01328
1179	0.01074
1180	0.00894
1181	0.01451
1182	-0.62321
1183	-1.20191
1184	1.08711
1185	0.78089
1186	-1.04298
1187	-0.01692
1188	-0.02027
1189	0.22995
1190	-0.38289
1191	-0.06401
1192	-0.03001
1193	0.15190
1194	0.14054
1195	-0.10543
1196	-0.08837
1197	0.05527
1198	-0.00760
1199	-0.00102
1200	-0.00032
1201	0.00006
1202	0.00058
1203	-0.00328
1204	0.01347
1205	0.08406
1206	0.07385
1207	0.09216
1208	0.13912
1209	0.20792
1210	0.22098
1211	0.23529
1212	0.34531
1213	0.34773
1214	0.19617
1215	0.24628
1216	0.26711
1217	0.15406
1218	0.12619
1219	0.21104
1220	0.17997
1221	0.10794
1222	0.10021
1223	0.16207
1224	0.11816
1225	0.00154
1226	-0.09127
1227	-0.10269
1228	-0.08294
1229	-0.13019
1230	-0.16583
1231	-0.14367
1232	-0.13112
1233	-0.21851
1234	-0.35695
1235	-0.34267
1236	-0.30432
1237	-0.25919
1238	-0.26360
1239	-0.22609
1240	-0.00142
1241	0.11646
1242	0.12232
1243	0.30180
1244	0.14860
1245	-0.02525
1246	0.02820
1247	-0.00259
1248	0.01227
1249	0.00704
1250	-0.01006
1251	0.02088
1252	0.05036
1253	0.02175
1254	0.00046
1255	-0.00321
1256	-0.03402
1257	-0.07028
1258	-0.09154
1259	-0.09904
1260	-0.07587
1261	-0.04503
1262	-0.04514
1263	-0.04903
1264	-0.03525
1265	-0.02106
1266	-0.01862
1267	-0.00709
1268	0.01567
1269	0.04846
1270	0.06563
1271	0.03917
1272	0.00642
1273	0.00013
1274	0.00363
1275	0.00204
1276	-0.00692
1277	-0.00122
1278	-0.00344
1279	-0.00205
1280	0.00042
1281	-0.00078
1282	-0.00227
1283	0.00040
1284	-0.00592
1285	-0.33350
1286	-0.56992
1287	-0.43708
1288	0.25802
1289	-0.04259
1290	-0.88659
1291	0.43079
1292	0.21970
1293	-0.30530
1294	-0.01516
1295	-0.24807
1296	-0.10227
1297	-0.05994
1298	0.03987
1299	0.02612
1300	-0.04237
1301	-0.01437
1302	0.00663
1303	0.00551
1304	0.01470
1305	0.01178
1306	0.01182
1307	0.05033
1308	0.17643
1309	0.05070
1310	0.10795
1311	0.30296
1312	0.15182
1313	0.08659
1314	0.21543
1315	0.23211
1316	0.17414
1317	0.16477
1318	0.20553
1319	0.23380
1320	0.12114
1321	0.05207
1322	0.07905
1323	0.10066
1324	0.13389
1325	0.21968
1326	0.29238
1327	0.15643
1328	-0.07158
1329	-0.20191
1330	-0.19181
1331	-0.28713
1332	-0.31324
1333	-0.14228
1334	0.10872
1335	0.25912
1336	0.20617
1337	0.09232
1338	-0.00146
1339	-0.12184
1340	-0.26816
1341	-0.27256
1342	-0.23131
1343	-0.06471
1344	0.08660
1345	0.06737
1346	0.20602
1347	0.35412
1348	0.11468
1349	-0.05618
1350	0.01501
1351	-0.02765
1352	-0.04819
1353	-0.00854
1354	0.01615
1355	0.03518
1356	0.04690
1357	0.02833
1358	0.00534
1359	-0.01466
1360	-0.03722
1361	-0.05212
1362	-0.06931
1363	-0.08678
1364	-0.09262
1365	-0.10094
1366	-0.10155
1367	-0.06881
1368	-0.03995
1369	-0.02379
1370	-0.00948
1371	-0.00213
1372	0.00562
1373	0.02290
1374	0.04356
1375	0.03356
1376	0.00234
1377	-0.00250
1378	0.00403
1379	0.00348
1380	-0.01093
1381	-0.01452
1382	0.00044
1383	0.00142
1384	-0.00003
1385	0.00470
1386	0.00474
1387	0.00154
1388	-0.09232
1389	-0.26220
1390	-0.60050
1391	-0.91559
1392	0.57142
1393	-0.06883
1394	-0.18974
1395	0.63025
1396	-0.16732
1397	0.04069
1398	-0.12589
1399	-0.07997
1400	-0.04572
1401	-0.04426
1402	-0.01694
1403	-0.00005
1404	-0.02233
1405	-0.00844
1406	-0.00189
1407	-0.00240
1408	0.00528
1409	0.00266
1410	-0.00125
1411	0.00061
1412	-0.00501
1413	-0.00375
1414	0.02117
1415	0.01552
1416	0.02677
1417	0.13421
1418	0.19642
1419	0.18830
1420	0.19070
1421	0.20138
1422	0.21258
1423	0.20692
1424	0.26860
1425	0.22806
1426	0.12737
1427	0.10753
1428	0.11143
1429	0.16256
1430	0.21486
1431	0.28146
1432	0.33662
1433	0.16262
1434	0.04735
1435	0.02866
1436	0.06059
1437	0.14265
1438	0.29946
1439	0.43503
1440	0.35885
1441	0.17136
1442	0.03523
1443	-0.07018
1444	-0.08259
1445	-0.10068
1446	-0.22503
1447	-0.23971
1448	-0.05728
1449	0.06230
1450	0.32121
1451	0.31898
1452	0.04543
1453	-0.00596
1454	-0.04328
1455	0.00372
1456	0.04216
1457	0.03033
1458	-0.00786
1459	0.00443
1460	0.05671
1461	0.05462
1462	0.01310
1463	-0.00803
1464	-0.01855
1465	-0.02559
1466	-0.02679
1467	-0.03088
1468	-0.04901
1469	-0.06693
1470	-0.06058
1471	-0.05889
1472	-0.06152
1473	-0.04647
1474	-0.01601
1475	0.01149
1476	0.02586
1477	0.03024
1478	0.01581
1479	0.00035
1480	0.00192
1481	0.00363
1482	0.00169
1483	-0.01192
1484	-0.01007
1485	-0.00141
1486	0.00230
1487	-0.00060
1488	-0.00165
1489	-0.00161
1490	0.00031
1491	-0.02475
1492	0.04827
1493	-1.06276
1494	-1.24509
1495	0.51863
1496	-0.07407
1497	0.15367
1498	1.28048
1499	0.03720
1500	0.02447
1501	0.00202
1502	-0.16730
1503	0.09323
1504	0.08184
1505	-0.00917
1506	-0.00724
1507	-0.01125
1508	-0.02267
1509	-0.03766
1510	0.04286
1511	0.02940
1512	-0.01508
1513	0.00118
1514	0.01047
1515	0.03714
1516	0.09508
1517	0.05118
1518	-0.01121
1519	-0.02413
1520	-0.02812
1521	0.04710
1522	0.08201
1523	0.11561
1524	0.20766
1525	0.27530
1526	0.24664
1527	0.25897
1528	0.22685
1529	0.10621
1530	0.13822
1531	0.27343
1532	0.35850
1533	0.31924
1534	0.33789
1535	0.44167
1536	0.30803
1537	0.15584
1538	0.00237
1539	-0.15005
1540	-0.19090
1541	-0.15560
1542	-0.12930
1543	-0.10606
1544	-0.12781
1545	-0.20051
1546	-0.26614
1547	-0.32345
1548	-0.31529
1549	-0.29898
1550	-0.25206
1551	-0.05509
1552	0.02711
1553	0.15433
1554	0.30460
1555	0.02211
1556	-0.00766
1557	-0.00983
1558	-0.01603
1559	0.00341
1560	0.00883
1561	0.00560
1562	0.01150
1563	0.02157
1564	0.00924
1565	-0.00015
1566	0.00063
1567	-0.00403
1568	-0.01151
1569	-0.01237
1570	-0.00675
1571	-0.02163
1572	-0.04766
1573	-0.04874
1574	-0.03944
1575	-0.04653
1576	-0.04131
1577	-0.02611
1578	-0.02564
1579	-0.01659
1580	-0.00200
1581	0.01426
1582	0.03306
1583	0.03935
1584	0.02863
1585	0.01244
1586	-0.00052
1587	-0.00084
1588	0.00192
1589	0.00002
1590	-0.00129
1591	-0.00078
1592	0.00336
1593	0.00332
1594	0.00035
1595	-0.00126
1596	-0.01855
1597	-0.01471
1598	-0.22720
1599	-0.57476
1600	-0.38668
1601	0.98829
1602	-0.56312
1603	0.00188
1604	0.53504
1605	-0.12310
1606	0.02028
1607	-0.05384
1608	-0.09842
1609	-0.13921
1610	-0.12762
1611	0.00724
1612	-0.00354
1613	0.04012
1614	0.03345
1615	-0.00563
1616	0.06967
1617	0.05874
1618	-0.03312
1619	0.05151
1620	0.11266
1621	0.06558
1622	0.01312
1623	0.00248
1624	-0.01716
1625	0.01838
1626	0.09226
1627	0.25618
1628	0.26715
1629	0.18626
1630	0.13591
1631	0.10292
1632	0.13920
1633	0.16672
1634	0.09726
1635	0.06153
1636	0.09299
1637	0.19270
1638	0.45747
1639	0.40169
1640	0.24344
1641	0.11644
1642	0.01384
1643	-0.03610
1644	0.05464
1645	0.19957
1646	0.20455
1647	0.09927
1648	0.04282
1649	0.06787
1650	0.07249
1651	-0.03280
1652	-0.14986
1653	-0.24349
1654	-0.16548
1655	0.00517
1656	0.06478
1657	0.37932
1658	0.38720
1659	0.08845
1660	0.00201
1661	-0.01336
1662	-0.01054
1663	-0.01055
1664	0.00601
1665	0.03137
1666	0.04327
1667	0.04648
1668	0.03102
1669	0.00260
1670	-0.01192
1671	-0.01699
1672	-0.04134
1673	-0.07899
1674	-0.09239
1675	-0.08016
1676	-0.07769
1677	-0.08429
1678	-0.07249
1679	-0.05584
1680	-0.04392
1681	-0.02811
1682	-0.01022
1683	0.01258
1684	0.04769
1685	0.05066
1686	0.00636
1687	-0.00266
1688	0.00466
1689	0.00198
1690	-0.02294
1691	-0.05301
1692	-0.02635
1693	0.00151
1694	0.00907
1695	-0.00313
1696	-0.00402
1697	0.00005
1698	0.10978
1699	-0.27366
1700	-1.08163
1701	-0.27099
1702	0.99221
1703	-0.26420
1704	-0.58566
1705	0.97418
1706	-0.36952
1707	-0.09272
1708	-0.15624
1709	-0.10182
1710	0.08649
1711	-0.00861
1712	-0.04188
1713	0.00689
1714	-0.00947
1715	-0.00370
1716	0.00484
1717	0.00116
1718	-0.00234
1719	-0.00039
1720	-0.01004
1721	0.00260
1722	-0.00449
1723	-0.00744
1724	0.04365
1725	0.03849
1726	0.03718
1727	0.11278
1728	0.11451
1729	0.13837
1730	0.24745
1731	0.24134
1732	0.20550
1733	0.19672
1734	0.13194
1735	0.06767
1736	0.05726
1737	0.08515
1738	0.08527
1739	0.10216
1740	0.21457
1741	0.41456
1742	0.44441
1743	0.36288
1744	0.22795
1745	0.03177
1746	-0.08215
1747	-0.05284
1748	0.03946
1749	0.12567
1750	0.15105
1751	0.15694
1752	0.08886
1753	-0.05227
1754	-0.15183
1755	-0.17265
1756	-0.08575
1757	0.02008
1758	0.06101
1759	0.16535
1760	0.33296
1761	0.17428
1762	-0.03787
1763	0.07441
1764	-0.03625
1765	-0.07729
1766	-0.04379
1767	-0.00598
1768	0.01429
1769	0.03914
1770	0.04026
1771	0.01116
1772	-0.00393
1773	-0.00450
1774	-0.02133
1775	-0.05433
1776	-0.06968
1777	-0.06356
1778	-0.05406
1779	-0.04460
1780	-0.04014
1781	-0.04453
1782	-0.04653
1783	-0.03664
1784	-0.02451
1785	-0.01470
1786	0.00025
1787	0.01880
1788	0.03611
1789	0.04685
1790	0.03273
1791	0.00628
1792	-0.00574
1793	0.00040
1794	0.01295
1795	-0.00190
1796	-0.00661
1797	0.00087
1798	0.00476
1799	0.01555
1800	-0.00641
1801	-0.00366
1802	-0.00317
1803	0.00145
1804	-0.34364
1805	-0.91107
1806	-0.25611
1807	1.37914
1808	-1.17296
1809	-0.16837
1810	0.43721
1811	-0.05515
1812	-0.00019
1813	-0.12406
1814	-0.12186
1815	-0.13769
1816	-0.08769
1817	0.00171
1818	-0.00333
1819	0.01543
1820	0.02136
1821	0.01211
1822	0.02089
1823	0.02411
1824	-0.00072
1825	0.05151
1826	0.07906
1827	0.05603
1828	0.01858
1829	0.00289
1830	0.00247
1831	0.00606
1832	0.03762
1833	0.12513
1834	0.20603
1835	0.23348
1836	0.27421
1837	0.21431
1838	0.08159
1839	0.04204
1840	0.09593
1841	0.20944
1842	0.31249
1843	0.19829
1844	0.31015
1845	0.65072
1846	0.57398
1847	0.42972
1848	0.33698
1849	0.22090
1850	0.18079
1851	0.24356
1852	0.32733
1853	0.26081
1854	0.09810
1855	-0.04874
1856	-0.17556
1857	-0.24922
1858	-0.17524
1859	-0.08059
1860	0.05027
1861	0.14953
1862	0.11763
1863	0.14471
1864	0.35641
1865	0.14230
1866	-0.07000
1867	-0.00018
1868	-0.01180
1869	-0.03742
1870	0.00464
1871	0.07636
1872	0.09149
1873	0.05768
1874	0.02165
1875	0.00021
1876	-0.01980
1877	-0.03273
1878	-0.04350
1879	-0.06146
1880	-0.07272
1881	-0.07430
1882	-0.08744
1883	-0.10249
1884	-0.08597
1885	-0.05404
1886	-0.03835
1887	-0.03337
1888	-0.02202
1889	0.00260
1890	0.03103
1891	0.04111
1892	0.01792
1893	-0.00640
1894	0.00439
1895	0.01930
1896	0.01879
1897	0.00214
1898	-0.00896
1899	0.00034
1900	-0.00084
1901	-0.00098
1902	-0.00538
1903	-0.00897
1904	0.00228
1905	-0.02247
1906	-0.29836
1907	-1.81309
1908	-0.30376
1909	0.78990
1910	-0.38827
1911	0.81496
1912	0.46809
1913	-0.16681
1914	-0.04196
1915	-0.40447
1916	-0.10672
1917	0.00208
1918	-0.04943
1919	0.00978
1920	-0.01943
1921	0.04176
1922	-0.01093
1923	-0.03158
1924	-0.05708
1925	-0.04254
1926	-0.01310
1927	0.00117
1928	0.00484
1929	0.01290
1930	0.03681
1931	0.02409
1932	0.01671
1933	0.06031
1934	0.13615
1935	0.19137
1936	0.22946
1937	0.30395
1938	0.35545
1939	0.35167
1940	0.58388
1941	0.44285
1942	0.23361
1943	0.23956
1944	0.17322
1945	0.08644
1946	0.14912
1947	0.28603
1948	0.25492
1949	0.07638
1950	0.03854
1951	0.07029
1952	0.05883
1953	0.06685
1954	0.14429
1955	0.27280
1956	0.22579
1957	0.08144
1958	-0.10493
1959	-0.28580
1960	-0.24573
1961	-0.17925
1962	-0.12015
1963	0.05789
1964	0.16604
1965	0.05905
1966	0.23941
1967	0.25531
1968	-0.02524
1969	0.04165
1970	-0.01591
1971	-0.03580
1972	-0.02525
1973	0.00331
1974	0.04244
1975	0.07944
1976	0.05887
1977	0.00202
1978	-0.01462
1979	-0.01155
1980	-0.03738
1981	-0.07924
1982	-0.10738
1983	-0.10541
1984	-0.06630
1985	-0.03226
1986	-0.03497
1987	-0.05761
1988	-0.06775
1989	-0.04788
1990	-0.02406
1991	-0.01318
1992	0.00145
1993	0.02758
1994	0.03599
1995	0.01483
1996	-0.00125
1997	-0.00108
1998	0.00175
1999	0.00102
2000	-0.00920
2001	-0.00170
2002	-0.00046
2003	0.00129
2004	-0.00511
2005	-0.00544
2006	-0.00128
2007	-0.00175
2008	0.13122
2009	-0.52884
2010	-0.86523
2011	-0.16265
2012	0.86087
2013	-0.40802
2014	-0.04526
2015	0.28436
2016	-0.41175
2017	-0.00341
2018	-0.13248
2019	0.01108
2020	0.04272
2021	-0.01935
2022	0.00411
2023	-0.02032
2024	-0.01898
2025	-0.00069
2026	0.00454
2027	-0.00257
2028	0.00873
2029	0.01331
2030	-0.09290
2031	-0.02144
2032	0.04721
2033	0.05094
2034	0.00677
2035	0.00249
2036	0.01209
2037	-0.03577
2038	0.00169
2039	0.06641
2040	0.09810
2041	0.06360
2042	0.06041
2043	0.09270
2044	0.05868
2045	0.04451
2046	0.05114
2047	0.02414
2048	-0.01345
2049	0.04377
2050	0.17917
2051	0.16019
2052	0.01933
2053	-0.05065
2054	0.00159
2055	0.04642
2056	0.08292
2057	0.21348
2058	0.42127
2059	0.46827
2060	0.37610
2061	0.22542
2062	0.13301
2063	0.07350
2064	-0.09208
2065	-0.30025
2066	-0.47947
2067	-0.22483
2068	-0.00105
2069	0.16970
2070	0.34700
2071	0.30732
2072	0.00518
2073	0.01933
2074	-0.01398
2075	0.00185
2076	0.00792
2077	-0.00443
2078	0.02146
2079	0.07038
2080	0.06694
2081	0.02353
2082	-0.00914
2083	-0.02116
2084	-0.03349
2085	-0.06582
2086	-0.09237
2087	-0.07706
2088	-0.06227
2089	-0.06988
2090	-0.07768
2091	-0.07012
2092	-0.05943
2093	-0.05094
2094	-0.04242
2095	-0.02722
2096	-0.00808
2097	0.00748
2098	0.00962
2099	-0.00013
2100	-0.00169
2101	0.00460
2102	0.00638
2103	-0.00063
2104	-0.00695
2105	-0.00206
2106	0.00031
2107	0.00317
2108	-0.00812
2109	-0.00879
2110	-0.00288
2111	0.00018
2112	0.04051
2113	-0.34861
2114	-0.86235
2115	-0.54577
2116	0.58965
2117	-0.45208
2118	-0.36654
2119	0.42722
2120	-0.20004
2121	0.02341
2122	-0.14571
2123	0.08505
2124	-0.04152
2125	-0.05938
2126	-0.03956
2127	-0.00535
2128	0.01241
2129	-0.00665
2130	0.00074
2131	0.00060
2132	0.00742
2133	0.02369
2134	-0.00044
2135	0.04721
2136	0.04963
2137	0.02462
2138	0.04152
2139	0.08451
2140	0.13755
2141	0.25025
2142	0.26731
2143	0.33182
2144	0.25006
2145	0.21659
2146	0.45241
2147	0.44170
2148	0.36642
2149	0.24828
2150	0.11238
2151	0.11515
2152	0.12941
2153	0.09256
2154	0.08291
2155	0.15811
2156	0.24408
2157	0.21706
2158	0.02766
2159	-0.11134
2160	-0.13313
2161	-0.04652
2162	0.04647
2163	0.05312
2164	0.00784
2165	-0.05833
2166	-0.12624
2167	-0.20178
2168	-0.35048
2169	-0.42810
2170	-0.30588
2171	-0.32575
2172	-0.14020
2173	0.08671
2174	0.10205
2175	0.25182
2176	0.24470
2177	0.07587
2178	0.00928
2179	0.00767
2180	0.00591
2181	0.00597
2182	0.00746
2183	0.00551
2184	0.00061
2185	0.01768
2186	0.03602
2187	0.02047
2188	0.00227
2189	-0.00394
2190	-0.01396
2191	-0.01750
2192	-0.01896
2193	-0.03934
2194	-0.07321
2195	-0.07021
2196	-0.04177
2197	-0.04670
2198	-0.05347
2199	-0.03814
2200	-0.01856
2201	-0.00209
2202	0.01557
2203	0.03146
2204	0.02772
2205	0.00566
2206	-0.01240
2207	-0.01095
2208	-0.00232
2209	0.00158
2210	-0.00455
2211	-0.00402
2212	0.00000
2213	0.00065
2214	-0.00346
2215	-0.00971
2216	-0.00992
2217	-0.00038
2218	0.00413
2219	0.09380
2220	-0.28952
2221	-0.69251
2222	-0.54715
2223	0.29781
2224	-0.63988
2225	-0.66413
2226	0.30844
2227	0.31877
2228	0.01202
2229	0.00467
2230	-0.02760
2231	-0.06514
2232	-0.05040
2233	-0.00545
2234	0.01834
2235	-0.04346
2236	-0.01636
2237	-0.00379
2238	0.01613
2239	0.04196
2240	-0.01446
2241	0.03172
2242	0.13376
2243	0.14900
2244	0.16029
2245	0.12411
2246	0.17306
2247	0.13192
2248	0.09117
2249	0.15380
2250	0.14132
2251	0.21633
2252	0.33940
2253	0.29542
2254	0.27095
2255	0.14970
2256	0.05551
2257	0.03908
2258	0.04695
2259	-0.04615
2260	-0.13369
2261	-0.06010
2262	0.12113
2263	0.11944
2264	-0.04499
2265	-0.13688
2266	-0.16572
2267	-0.15883
2268	-0.13659
2269	-0.14936
2270	-0.15608
2271	-0.17835
2272	-0.26472
2273	-0.35868
2274	-0.39267
2275	-0.50325
2276	-0.38875
2277	-0.13833
2278	-0.02282
2279	0.22228
2280	0.14082
2281	0.13350
2282	0.11325
2283	0.15299
2284	0.05645
2285	-0.07433
2286	-0.00204
2287	-0.01300
2288	-0.00959
2289	-0.00604
2290	-0.01594
2291	-0.00723
2292	0.02073
2293	0.02045
2294	-0.00086
2295	-0.00430
2296	-0.00095
2297	-0.02546
2298	-0.04461
2299	-0.04983
2300	-0.06190
2301	-0.08523
2302	-0.10407
2303	-0.09798
2304	-0.08010
2305	-0.07497
2306	-0.05970
2307	-0.03423
2308	-0.02069
2309	-0.01496
2310	-0.00505
2311	0.01130
2312	0.01542
2313	0.00111
2314	-0.00268
2315	0.01366
2316	0.02087
2317	0.00846
2318	-0.00295
2319	-0.00006
2320	0.00093
2321	0.00889
2322	-0.01200
2323	-0.02644
2324	-0.01124
2325	0.00885
2326	0.01011
2327	-0.75482
2328	-1.03772
2329	-0.09407
2330	0.57143
2331	-0.42046
2332	-0.05147
2333	0.30545
2334	-0.23022
2335	-0.01598
2336	0.00651
2337	0.00269
2338	-0.03800
2339	-0.01214
2340	-0.01188
2341	-0.08699
2342	-0.06264
2343	-0.02619
2344	-0.00673
2345	0.02352
2346	-0.00682
2347	-0.04664
2348	0.00604
2349	0.01158
2350	0.00857
2351	0.00770
2352	0.00798
2353	0.02469
2354	0.07103
2355	0.07780
2356	0.05762
2357	-0.00568
2358	-0.00398
2359	0.03546
2360	0.10500
2361	0.13157
2362	0.16283
2363	0.15530
2364	0.16880
2365	0.12660
2366	0.09219
2367	0.11326
2368	0.14678
2369	0.13764
2370	0.08079
2371	0.01949
2372	0.05786
2373	0.09866
2374	0.11046
2375	0.21139
2376	0.31749
2377	0.36148
2378	0.33277
2379	0.13992
2380	0.05321
2381	-0.01625
2382	-0.16229
2383	-0.20615
2384	-0.25133
2385	-0.25021
2386	-0.07324
2387	0.03797
2388	0.16104
2389	0.40585
2390	0.10451
2391	-0.00056
2392	-0.01490
2393	0.00005
2394	-0.01122
2395	-0.03043
2396	-0.01928
2397	0.04014
2398	0.06435
2399	0.03122
2400	0.00930
2401	-0.00945
2402	-0.02303
2403	-0.02877
2404	-0.04435
2405	-0.05488
2406	-0.04828
2407	-0.04384
2408	-0.05525
2409	-0.07753
2410	-0.08747
2411	-0.06419
2412	-0.03184
2413	-0.01353
2414	-0.00448
2415	0.00571
2416	0.01935
2417	0.03071
2418	0.02727
2419	-0.00120
2420	-0.01900
2421	-0.00129
2422	0.02119
2423	0.02031
2424	-0.00857
2425	-0.00444
2426	-0.00034
2427	-0.00216
2428	0.00262
2429	-0.03342
2430	-0.03333
2431	0.01056
2432	0.01374
2433	-0.09922
2434	-0.34644
2435	-0.52701
2436	-0.43600
2437	0.24262
2438	-0.59543
2439	-0.79302
2440	0.33128
2441	0.26621
2442	-0.19671
2443	0.01292
2444	-0.17898
2445	-0.26472
2446	0.01004
2447	0.16670
2448	0.01942
2449	-0.03865
2450	-0.03171
2451	0.01281
2452	0.01499
2453	-0.00416
2454	0.02261
2455	0.06853
2456	0.11994
2457	0.04935
2458	0.02569
2459	0.08384
2460	0.13428
2461	0.07198
2462	0.11026
2463	0.26485
2464	0.21006
2465	0.18726
2466	0.14447
2467	0.17740
2468	0.19265
2469	0.13630
2470	0.18432
2471	0.20382
2472	0.12358
2473	0.02254
2474	0.06955
2475	0.29344
2476	0.32303
2477	0.17654
2478	0.02480
2479	0.04094
2480	0.12115
2481	0.19356
2482	0.21886
2483	0.21296
2484	0.21211
2485	0.18861
2486	0.04547
2487	-0.06424
2488	-0.24732
2489	-0.38715
2490	-0.21562
2491	-0.13550
2492	0.09364
2493	0.18203
2494	0.06170
2495	0.19936
2496	0.29068
2497	0.07065
2498	-0.00720
2499	0.01740
2500	-0.01778
2501	-0.00574
2502	0.02167
2503	0.02064
2504	0.01854
2505	0.03067
2506	0.03409
2507	0.01278
2508	-0.00018
2509	0.01163
2510	0.00096
2511	-0.05501
2512	-0.10292
2513	-0.09339
2514	-0.05595
2515	-0.04575
2516	-0.06248
2517	-0.06818
2518	-0.06090
2519	-0.03787
2520	-0.01318
2521	-0.00286
2522	0.00647
2523	0.02048
2524	0.03449
2525	0.01523
2526	-0.01724
2527	-0.00912
2528	0.00965
2529	-0.00103
2530	-0.03085
2531	-0.01353
2532	-0.00075
2533	-0.00122
2534	-0.01158
2535	-0.03389
2536	-0.01657
2537	0.00428
2538	-0.01110
2539	-0.05583
2540	-0.44038
2541	-0.78529
2542	0.19616
2543	0.51952
2544	-1.38653
2545	-0.13842
2546	0.23937
2547	-0.00275
2548	0.02867
2549	-0.05775
2550	0.05347
2551	0.01532
2552	-0.14990
2553	0.02260
2554	0.00481
2555	0.01180
2556	0.00446
2557	0.00393
2558	0.03503
2559	0.02595
2560	0.01343
2561	0.05047
2562	0.04572
2563	0.06259
2564	0.02199
2565	0.01962
2566	0.11981
2567	0.07358
2568	0.06116
2569	0.08335
2570	0.16144
2571	0.21868
2572	0.18396
2573	0.24649
2574	0.18443
2575	0.07297
2576	0.01770
2577	-0.00995
2578	-0.03940
2579	-0.03684
2580	0.06135
2581	0.19813
2582	0.18978
2583	0.16176
2584	0.21483
2585	0.23533
2586	0.11952
2587	0.01196
2588	0.09338
2589	0.24938
2590	0.24003
2591	0.18122
2592	0.14120
2593	0.06014
2594	-0.12587
2595	-0.39190
2596	-0.31784
2597	-0.16032
2598	0.01323
2599	0.21307
2600	0.17504
2601	0.07391
2602	0.15388
2603	0.18590
2604	-0.00521
2605	0.00889
2606	-0.02266
2607	-0.03390
2608	-0.01141
2609	0.02090
2610	0.01138
2611	0.00193
2612	0.03114
2613	0.02941
2614	0.00280
2615	-0.00138
2616	-0.01442
2617	-0.05378
2618	-0.07878
2619	-0.08708
2620	-0.08387
2621	-0.06854
2622	-0.06467
2623	-0.07666
2624	-0.07291
2625	-0.05059
2626	-0.03475
2627	-0.03063
2628	-0.02689
2629	-0.01172
2630	0.00593
2631	0.01403
2632	0.00694
2633	-0.00763
2634	-0.00615
2635	0.00230
2636	0.00332
2637	0.00271
2638	-0.00285
2639	0.00174
2640	-0.00248
2641	-0.00116
2642	-0.01275
2643	-0.01275
2644	0.00383
2645	-0.01687
2646	-0.15799
2647	-0.50670
2648	-0.73821
2649	0.01985
2650	0.72381
2651	-1.09492
2652	-0.38977
2653	0.05919
2654	-0.20405
2655	0.00160
2656	-0.01488
2657	-0.00004
2658	0.01739
2659	0.06436
2660	-0.02161
2661	-0.04777
2662	0.04047
2663	0.01098
2664	0.00259
2665	0.00450
2666	0.00358
2667	0.00552
2668	0.00801
2669	0.04142
2670	0.03968
2671	0.01228
2672	0.05083
2673	0.12049
2674	0.09094
2675	0.04494
2676	0.05506
2677	0.11655
2678	0.16390
2679	0.18453
2680	0.23088
2681	0.17543
2682	0.12256
2683	0.18285
2684	0.16802
2685	0.11374
2686	0.19683
2687	0.29026
2688	0.34140
2689	0.18444
2690	0.05909
2691	-0.02367
2692	-0.08819
2693	-0.13624
2694	-0.15929
2695	-0.11193
2696	-0.01253
2697	0.01506
2698	-0.00783
2699	-0.07534
2700	-0.19158
2701	-0.37978
2702	-0.47900
2703	-0.34277
2704	-0.24558
2705	-0.14772
2706	0.12366
2707	0.14787
2708	0.19519
2709	0.19131
2710	0.14141
2711	0.01913
2712	-0.00448
2713	-0.00141
2714	0.00753
2715	0.00691
2716	-0.00261
2717	0.00288
2718	0.01117
2719	0.02464
2720	0.03839
2721	0.02584
2722	-0.00216
2723	-0.00766
2724	-0.00938
2725	-0.03237
2726	-0.05249
2727	-0.05122
2728	-0.04583
2729	-0.05113
2730	-0.05176
2731	-0.04232
2732	-0.02918
2733	-0.01550
2734	-0.00582
2735	0.00065
2736	0.01028
2737	0.02666
2738	0.02444
2739	-0.00392
2740	-0.00786
2741	0.00372
2742	0.00539
2743	-0.00258
2744	-0.02063
2745	-0.01114
2746	0.00058
2747	-0.00031
2748	-0.00593
2749	-0.00420
2750	0.00021
2751	-0.00983
2752	-0.08836
2753	-0.36140
2754	-0.83005
2755	-0.34037
2756	0.77687
2757	-0.92760
2758	-0.38005
2759	0.33184
2760	-0.23721
2761	-0.11089
2762	0.00078
2763	-0.01788
2764	-0.02993
2765	-0.05856
2766	-0.02176
2767	0.02172
2768	0.00841
2769	-0.00739
2770	-0.00291
2771	-0.00063
2772	0.00704
2773	-0.01445
2774	0.01933
2775	0.06089
2776	0.02066
2777	0.01002
2778	0.00683
2779	0.00919
2780	0.01601
2781	0.05243
2782	0.14714
2783	0.21383
2784	0.20113
2785	0.18192
2786	0.24638
2787	0.24329
2788	0.12657
2789	0.11240
2790	0.15937
2791	0.12406
2792	0.05621
2793	0.08592
2794	0.20806
2795	0.28355
2796	0.32300
2797	0.27770
2798	0.19718
2799	0.09624
2800	0.09681
2801	0.22867
2802	0.33850
2803	0.37223
2804	0.34436
2805	0.11236
2806	-0.13926
2807	-0.34082
2808	-0.49094
2809	-0.38354
2810	-0.24917
2811	0.01195
2812	0.25306
2813	0.19751
2814	0.11486
2815	0.28453
2816	0.32294
2817	0.00815
2818	-0.01525
2819	-0.00897
2820	-0.00319
2821	0.01972
2822	0.01420
2823	0.00067
2824	0.02158
2825	0.04145
2826	0.02219
2827	0.00247
2828	-0.00766
2829	-0.02979
2830	-0.04224
2831	-0.05263
2832	-0.08646
2833	-0.10872
2834	-0.09673
2835	-0.08530
2836	-0.08128
2837	-0.07536
2838	-0.07661
2839	-0.05830
2840	-0.01916
2841	0.00946
2842	0.02776
2843	0.03534
2844	0.02384
2845	0.00314
2846	-0.00544
2847	-0.00035
2848	0.00448
2849	-0.00164
2850	-0.01254
2851	-0.00477
2852	0.00383
2853	0.00229
2854	-0.00690
2855	-0.00956
2856	-0.00638
2857	0.01726
2858	-0.20617
2859	-0.51646
2860	-1.05814
2861	0.10661
2862	0.72351
2863	-1.66299
2864	-0.08617
2865	0.15611
2866	-0.14727
2867	-0.01483
2868	-0.13136
2869	0.09009
2870	-0.00628
2871	-0.02288
2872	-0.00532
2873	-0.04728
2874	0.00589
2875	0.00905
2876	0.02527
2877	0.00918
2878	0.01743
2879	0.00866
2880	0.00464
2881	0.00679
2882	0.01496
2883	0.02715
2884	0.01007
2885	0.04020
2886	0.08323
2887	0.07174
2888	0.05308
2889	0.04881
2890	0.11374
2891	0.15719
2892	0.20298
2893	0.27600
2894	0.23614
2895	0.07420
2896	-0.01446
2897	-0.05816
2898	-0.01831
2899	0.00867
2900	-0.02280
2901	-0.12114
2902	-0.12966
2903	-0.01102
2904	0.01695
2905	-0.12501
2906	-0.13245
2907	-0.00801
2908	0.21149
2909	0.26003
2910	0.21361
2911	0.17867
2912	0.09541
2913	-0.11914
2914	-0.27400
2915	-0.16318
2916	-0.08138
2917	0.17751
2918	0.18557
2919	0.26300
2920	0.20551
2921	0.21719
2922	0.18010
2923	-0.03960
2924	0.02663
2925	-0.01696
2926	-0.06198
2927	-0.07105
2928	-0.02840
2929	0.03514
2930	0.07110
2931	0.05395
2932	0.01629
2933	-0.00102
2934	0.00332
2935	0.00304
2936	-0.01478
2937	-0.06141
2938	-0.10538
2939	-0.10126
2940	-0.06843
2941	-0.04932
2942	-0.04659
2943	-0.05552
2944	-0.06589
2945	-0.05112
2946	-0.02352
2947	-0.00615
2948	0.00566
2949	0.02267
2950	0.03698
2951	0.03517
2952	0.01772
2953	-0.00473
2954	-0.00689
2955	0.01522
2956	0.02583
2957	0.00381
2958	-0.00112
2959	-0.01227
2960	0.00335
2961	-0.00168
2962	-0.01538
2963	0.00835
2964	0.00068
2965	0.00581
2966	-0.24017
2967	-0.38493
2968	-0.17454
2969	0.69227
2970	-0.59230
2971	-0.82049
2972	0.23038
2973	-0.12251
2974	-0.11431
2975	0.01450
2976	-0.13407
2977	-0.15718
2978	-0.08201
2979	-0.01472
2980	-0.00895
2981	-0.00717
2982	-0.01436
2983	-0.00694
2984	0.00348
2985	-0.01295
2986	-0.00985
2987	-0.00840
2988	0.01150
2989	0.04996
2990	0.05666
2991	0.04308
2992	0.02548
2993	0.03713
2994	0.07467
2995	0.08408
2996	0.23288
2997	0.36420
2998	0.15971
2999	0.16033
3000	0.24531
3001	0.10410
3002	0.04980
3003	0.08096
3004	0.24995
3005	0.35646
3006	0.44528
3007	0.42902
3008	0.34122
3009	0.35231
3010	0.27935
3011	0.11984
3012	0.01254
3013	0.00756
3014	-0.03317
3015	-0.09861
3016	-0.01163
3017	0.13549
3018	0.19159
3019	0.07259
3020	-0.05991
3021	-0.17006
3022	-0.22311
3023	-0.30915
3024	-0.20017
3025	0.02390
3026	0.10048
3027	0.24290
3028	0.37252
3029	0.19183
3030	-0.00668
3031	0.01159
3032	-0.00056
3033	-0.01313
3034	-0.01531
3035	0.00506
3036	0.00484
3037	0.01188
3038	0.05053
3039	0.06531
3040	0.02135
3041	-0.00579
3042	-0.00746
3043	-0.01067
3044	-0.02945
3045	-0.06488
3046	-0.08873
3047	-0.08697
3048	-0.06968
3049	-0.04970
3050	-0.03703
3051	-0.03295
3052	-0.03155
3053	-0.02880
3054	-0.01998
3055	-0.00707
3056	0.00115
3057	0.00335
3058	-0.00010
3059	-0.00721
3060	-0.00759
3061	-0.00094
3062	0.00016
3063	0.00267
3064	-0.00711
3065	-0.01039
3066	0.00152
3067	0.00662
3068	-0.01183
3069	-0.03423
3070	-0.02791
3071	-0.00452
3072	0.12876
3073	-0.38252
3074	-1.10494
3075	-0.59763
3076	0.97667
3077	-0.52412
3078	-1.82317
3079	0.13108
3080	-0.20081
3081	0.08446
3082	-0.05028
3083	-0.02837
3084	-0.10124
3085	-0.06472
3086	-0.02601
3087	0.01557
3088	-0.00339
3089	0.00242
3090	0.00795
3091	-0.03123
3092	0.03868
3093	0.05042
3094	0.01664
3095	0.00747
3096	0.01547
3097	0.03328
3098	0.14111
3099	0.15841
3100	0.18866
3101	0.09100
3102	0.04086
3103	0.17333
3104	0.30469
3105	0.22284
3106	0.26733
3107	0.28788
3108	0.18733
3109	0.17636
3110	0.17828
3111	-0.04182
3112	-0.09312
3113	0.01876
3114	0.20114
3115	0.23968
3116	0.18184
3117	0.14234
3118	0.00108
3119	-0.13031
3120	-0.11729
3121	0.06907
3122	0.34462
3123	0.39223
3124	0.32988
3125	0.24498
3126	0.04480
3127	-0.14681
3128	-0.29820
3129	-0.27164
3130	-0.19912
3131	0.03728
3132	0.19333
3133	0.10724
3134	0.10763
3135	0.25839
3136	0.07952
3137	-0.01242
3138	-0.00164
3139	-0.02857
3140	-0.05120
3141	-0.03640
3142	0.00741
3143	0.05877
3144	0.06711
3145	0.03182
3146	0.00105
3147	-0.00175
3148	-0.00375
3149	-0.02141
3150	-0.04605
3151	-0.07441
3152	-0.09027
3153	-0.08070
3154	-0.05702
3155	-0.03786
3156	-0.03972
3157	-0.06053
3158	-0.06513
3159	-0.04332
3160	-0.02154
3161	-0.00742
3162	0.00587
3163	0.01721
3164	0.02014
3165	0.00952
3166	-0.00049
3167	-0.00232
3168	-0.00197
3169	-0.00109
3170	-0.01326
3171	-0.00369
3172	-0.00018
3173	0.00241
3174	0.00609
3175	0.00313
3176	-0.00246
3177	0.00018
3178	0.00341
3179	-0.14701
3180	-0.88270
3181	-1.01499
3182	0.83223
3183	-0.29195
3184	-1.37934
3185	0.08518
3186	0.18769
3187	0.00036
3188	-0.09608
3189	-0.07003
3190	0.10202
3191	-0.21566
3192	-0.08556
3193	0.01581
3194	-0.00111
3195	-0.00552
3196	0.01174
3197	0.01453
3198	0.00205
3199	0.01782
3200	0.04777
3201	0.05973
3202	0.07419
3203	0.05694
3204	0.01113
3205	0.03750
3206	0.13187
3207	0.15639
3208	0.18687
3209	0.24157
3210	0.32911
3211	0.33271
3212	0.23836
3213	0.25965
3214	0.15565
3215	0.12285
3216	0.18058
3217	0.23600
3218	0.21420
3219	0.07523
3220	0.01287
3221	0.09320
3222	0.19584
3223	0.14609
3224	0.09188
3225	0.12558
3226	0.21623
3227	0.38471
3228	0.56506
3229	0.53051
3230	0.32354
3231	0.09774
3232	-0.20287
3233	-0.34755
3234	-0.25961
3235	-0.22483
3236	-0.06075
3237	0.08316
3238	0.11481
3239	0.14511
3240	0.19917
3241	0.05465
3242	0.00200
3243	0.00704
3244	-0.03921
3245	-0.10361
3246	-0.08801
3247	-0.00165
3248	0.07423
3249	0.06991
3250	0.02481
3251	0.00018
3252	0.00088
3253	-0.01549
3254	-0.05708
3255	-0.08555
3256	-0.11345
3257	-0.13939
3258	-0.14032
3259	-0.13045
3260	-0.11224
3261	-0.08685
3262	-0.06041
3263	-0.03390
3264	-0.00602
3265	0.01059
3266	0.01813
3267	0.02502
3268	0.02934
3269	0.02227
3270	-0.00062
3271	-0.01730
3272	-0.00335
3273	0.02137
3274	0.02648
3275	0.00661
3276	0.00283
3277	0.00005
3278	-0.00627
3279	-0.01883
3280	-0.01637
3281	0.00294
3282	-0.06178
3283	-0.18835
3284	-0.73398
3285	-0.76392
3286	0.81530
3287	0.26896
3288	-1.60123
3289	-0.25289
3290	0.25108
3291	-0.13069
3292	0.01709
3293	-0.01266
3294	-0.02489
3295	-0.04324
3296	-0.01245
3297	0.00231
3298	0.02352
3299	0.02198
3300	0.02902
3301	0.03113
3302	-0.00150
3303	-0.01197
3304	0.00116
3305	-0.00570
3306	0.01477
3307	0.01577
3308	0.06592
3309	0.10875
3310	0.16201
3311	0.20510
3312	0.15096
3313	0.21220
3314	0.25914
3315	0.19837
3316	0.28055
3317	0.31273
3318	0.25638
3319	0.26106
3320	0.26841
3321	0.27440
3322	0.14215
3323	0.03155
3324	-0.02559
3325	0.03251
3326	0.11063
3327	0.16333
3328	0.11286
3329	-0.00111
3330	-0.03941
3331	-0.03385
3332	-0.04034
3333	-0.06962
3334	-0.06001
3335	0.04059
3336	0.09250
3337	-0.05076
3338	-0.31741
3339	-0.43949
3340	-0.23219
3341	-0.19485
3342	-0.16717
3343	-0.01922
3344	0.03119
3345	0.08267
3346	0.28003
3347	0.13689
3348	-0.08460
3349	0.00102
3350	-0.00570
3351	0.00765
3352	0.03285
3353	0.02384
3354	-0.01107
3355	-0.02376
3356	-0.00178
3357	0.02017
3358	0.01129
3359	-0.00574
3360	-0.00108
3361	0.00490
3362	-0.00911
3363	-0.03101
3364	-0.05418
3365	-0.07125
3366	-0.06943
3367	-0.05775
3368	-0.05638
3369	-0.04737
3370	-0.03111
3371	-0.02525
3372	-0.02206
3373	-0.00835
3374	0.01072
3375	0.01114
3376	-0.00669
3377	-0.00528
3378	0.00406
3379	0.00301
3380	-0.00531
3381	-0.01094
3382	0.00100
3383	0.00548
3384	0.00415
3385	-0.00911
3386	-0.00662
3387	0.00134
3388	0.13183
3389	-0.11068
3390	-0.55275
3391	-0.85424
3392	0.04429
3393	0.21130
3394	-0.89742
3395	-0.13949
3396	-0.10853
3397	-0.25327
3398	0.01050
3399	0.07832
3400	0.02898
3401	0.00996
3402	0.01972
3403	-0.00080
3404	0.03257
3405	-0.00078
3406	-0.00012
3407	0.00112
3408	0.00000
3409	0.00327
3410	0.01925
3411	-0.00902
3412	0.08642
3413	0.10758
3414	0.02763
3415	0.01176
3416	0.02892
3417	0.10565
3418	0.13592
3419	0.10134
3420	0.22413
3421	0.12453
3422	0.10783
3423	0.27501
3424	0.32225
3425	0.20247
3426	0.16126
3427	0.23443
3428	0.27601
3429	0.23728
3430	0.29523
3431	0.37376
3432	0.25253
3433	0.09786
3434	0.00145
3435	-0.07356
3436	-0.08384
3437	-0.06266
3438	-0.03054
3439	-0.00834
3440	-0.04878
3441	-0.12844
3442	-0.18042
3443	-0.22690
3444	-0.29151
3445	-0.31532
3446	-0.29261
3447	-0.39452
3448	-0.36357
3449	-0.15314
3450	0.02879
3451	0.07626
3452	0.19968
3453	0.17333
3454	0.02887
3455	0.00039
3456	-0.00025
3457	0.00077
3458	-0.00357
3459	-0.00686
3460	-0.00367
3461	0.00731
3462	0.01847
3463	0.01168
3464	0.00104
3465	-0.00634
3466	-0.00727
3467	-0.00476
3468	-0.01545
3469	-0.03942
3470	-0.04358
3471	-0.03393
3472	-0.04773
3473	-0.07524
3474	-0.06879
3475	-0.04408
3476	-0.01970
3477	-0.00252
3478	0.00152
3479	0.00224
3480	0.00790
3481	0.01879
3482	0.01625
3483	-0.00512
3484	-0.01566
3485	0.00031
3486	0.02025
3487	0.01887
3488	0.00461
3489	0.00822
3490	-0.00422
3491	0.00004
3492	-0.01351
3493	-0.02821
3494	-0.01610
3495	0.00631
3496	0.00646
3497	0.05502
3498	-0.63988
3499	-1.02833
3500	0.05711
3501	0.86185
3502	-0.36905
3503	-0.06782
3504	0.78604
3505	-0.36149
3506	-0.03875
3507	-0.02614
3508	0.15952
3509	-0.10467
3510	-0.08632
3511	0.02865
3512	-0.00300
3513	-0.00254
3514	-0.00451
3515	0.02634
3516	0.01663
3517	-0.02011
3518	0.00452
3519	0.00700
3520	0.04206
3521	0.04166
3522	-0.02124
3523	0.10023
3524	0.11709
3525	0.12655
3526	0.11766
3527	0.11649
3528	0.14587
3529	0.08995
3530	0.08924
3531	0.18584
3532	0.24048
3533	0.20229
3534	0.22807
3535	0.17731
3536	-0.00117
3537	-0.12904
3538	-0.13120
3539	-0.10156
3540	-0.13522
3541	-0.11859
3542	-0.05282
3543	-0.06978
3544	-0.17561
3545	-0.24307
3546	-0.20160
3547	-0.13228
3548	-0.09113
3549	-0.08737
3550	-0.09917
3551	-0.02912
3552	0.03391
3553	-0.01551
3554	-0.16975
3555	-0.15736
3556	-0.25491
3557	-0.08358
3558	0.04390
3559	0.08613
3560	0.13554
3561	0.23889
3562	0.10329
3563	-0.08020
3564	0.02212
3565	-0.00585
3566	-0.01895
3567	-0.05690
3568	-0.06276
3569	-0.01488
3570	0.02398
3571	0.03283
3572	0.02617
3573	0.01243
3574	-0.00002
3575	0.00810
3576	0.00700
3577	-0.02504
3578	-0.06563
3579	-0.07905
3580	-0.06753
3581	-0.05329
3582	-0.04060
3583	-0.03719
3584	-0.04084
3585	-0.02580
3586	-0.00432
3587	0.00169
3588	0.00178
3589	0.01302
3590	0.03461
3591	0.04500
3592	0.02632
3593	0.00146
3594	-0.00047
3595	0.00195
3596	0.00352
3597	0.00122
3598	-0.00057
3599	-0.00004
3600	0.00415
3601	-0.00077
3602	-0.01015
3603	-0.01738
3604	-0.00119
3605	0.00486
3606	0.04606
3607	-0.23406
3608	-0.42223
3609	-0.33291
3610	0.43817
3611	-0.10406
3612	-0.60594
3613	0.43093
3614	0.07636
3615	-0.14502
3616	-0.00968
3617	-0.05377
3618	-0.05134
3619	-0.15281
3620	-0.00270
3621	0.04961
3622	0.01615
3623	-0.00000
3624	0.01403
3625	-0.00012
3626	0.03648
3627	0.05148
3628	0.00180
3629	0.00310
3630	0.00501
3631	0.02809
3632	0.05459
3633	0.02766
3634	-0.01683
3635	-0.03603
3636	0.00158
3637	0.07515
3638	0.13338
3639	0.15042
3640	0.18184
3641	0.35520
3642	0.44595
3643	0.36027
3644	0.28165
3645	0.16320
3646	0.21587
3647	0.38782
3648	0.52096
3649	0.58687
3650	0.39564
3651	0.19062
3652	0.01926
3653	-0.19400
3654	-0.25167
3655	-0.23016
3656	-0.13154
3657	-0.03329
3658	-0.02285
3659	-0.04886
3660	-0.07142
3661	-0.10267
3662	-0.25291
3663	-0.46921
3664	-0.30411
3665	-0.21843
3666	-0.12369
3667	0.10658
3668	0.13521
3669	0.08743
3670	0.21489
3671	0.26825
3672	-0.03223
3673	-0.03093
3674	-0.00670
3675	-0.03561
3676	-0.05622
3677	-0.02959
3678	0.00814
3679	0.03758
3680	0.04351
3681	0.02036
3682	0.00207
3683	-0.00174
3684	-0.00966
3685	-0.02358
3686	-0.03978
3687	-0.05655
3688	-0.07403
3689	-0.08550
3690	-0.07559
3691	-0.04687
3692	-0.02400
3693	-0.01615
3694	-0.01302
3695	-0.00948
3696	-0.00636
3697	0.00018
3698	0.00932
3699	0.01333
3700	0.01148
3701	0.00643
3702	-0.00213
3703	-0.00048
3704	-0.00079
3705	-0.00349
3706	0.01283
3707	0.02894
3708	0.01544
3709	0.00006
3710	0.01019
3711	0.00084
3712	-0.01240
3713	-0.02855
3714	-0.01707
3715	0.00436
3716	-0.09429
3717	-0.16420
3718	-0.39630
3719	-0.18564
3720	0.64111
3721	-0.94978
3722	-0.88716
3723	0.12675
3724	-0.29702
3725	-0.00902
3726	-0.15611
3727	0.07550
3728	0.17785
3729	-0.02820
3730	-0.00017
3731	-0.02348
3732	0.04156
3733	-0.02548
3734	-0.00369
3735	-0.00804
3736	0.01057
3737	0.04040
3738	0.00043
3739	-0.00012
3740	-0.00285
3741	0.01510
3742	0.03971
3743	0.06106
3744	0.01359
3745	-0.01100
3746	0.03616
3747	0.16867
3748	0.26718
3749	0.13367
3750	0.07798
3751	0.14945
3752	0.21048
3753	0.25212
3754	0.30727
3755	0.30485
3756	0.20750
3757	0.13235
3758	0.19177
3759	0.24887
3760	0.21776
3761	0.22700
3762	0.16162
3763	0.01887
3764	-0.06820
3765	-0.05841
3766	0.00073
3767	0.04431
3768	0.06722
3769	0.05789
3770	-0.02663
3771	-0.16428
3772	-0.35037
3773	-0.43928
3774	-0.31633
3775	-0.39531
3776	-0.39904
3777	-0.18110
3778	-0.00810
3779	0.15725
3780	0.21969
3781	0.15008
3782	0.08319
3783	0.01417
3784	0.02302
3785	-0.01352
3786	-0.02502
3787	-0.01781
3788	-0.00493
3789	0.01263
3790	0.01985
3791	0.01115
3792	-0.00209
3793	-0.00030
3794	-0.00155
3795	-0.01751
3796	-0.02944
3797	-0.02632
3798	-0.02368
3799	-0.03520
3800	-0.04717
3801	-0.05013
3802	-0.04732
3803	-0.04779
3804	-0.04349
3805	-0.03087
3806	-0.01266
3807	0.00507
3808	0.01194
3809	0.01232
3810	0.00763
3811	0.00106
3812	-0.00100
3813	0.00397
3814	0.00197
3815	-0.00854
3816	-0.00366
3817	0.00270
3818	-0.00213
3819	-0.00479
3820	-0.00188
3821	-0.00302
3822	-0.00488
3823	-0.54311
3824	-1.15299
3825	-0.56475
3826	0.86845
3827	-0.23112
3828	0.61643
3829	0.71938
3830	-0.34984
3831	0.02281
3832	-0.04994
3833	0.02560
3834	-0.01165
3835	-0.12098
3836	0.01217
3837	0.00425
3838	-0.02938
3839	-0.02450
3840	0.01072
3841	0.01332
3842	-0.02878
3843	0.02136
3844	0.05579
3845	0.00464
3846	0.09808
3847	0.20349
3848	0.10407
3849	0.04718
3850	0.07914
3851	0.16599
3852	0.25921
3853	0.25653
3854	0.20248
3855	0.18846
3856	0.15859
3857	0.15109
3858	0.08385
3859	-0.00632
3860	0.00638
3861	0.11451
3862	0.17481
3863	0.15297
3864	0.10565
3865	0.13495
3866	0.17224
3867	0.09012
3868	-0.01922
3869	-0.11202
3870	-0.14883
3871	-0.12332
3872	-0.06356
3873	-0.04923
3874	-0.15992
3875	-0.30904
3876	-0.30877
3877	-0.29624
3878	-0.36297
3879	-0.28166
3880	-0.34963
3881	-0.16028
3882	0.16112
3883	0.26553
3884	0.34583
3885	0.22813
3886	0.20347
3887	0.03509
3888	-0.00494
3889	0.00339
3890	0.01585
3891	0.00486
3892	-0.01925
3893	-0.01097
3894	0.02994
3895	0.04704
3896	0.02140
3897	0.00222
3898	-0.01591
3899	-0.02793
3900	-0.03024
3901	-0.04254
3902	-0.06452
3903	-0.07389
3904	-0.06939
3905	-0.06907
3906	-0.06673
3907	-0.05083
3908	-0.03020
3909	-0.02038
3910	-0.01655
3911	-0.00507
3912	0.01792
3913	0.02456
3914	0.00422
3915	0.00118
3916	0.00339
3917	0.00070
3918	-0.00016
3919	-0.00592
3920	-0.00304
3921	-0.00030
3922	0.00621
3923	0.00692
3924	-0.01019
3925	-0.00873
3926	-0.00111
3927	0.03382
3928	-0.29665
3929	-0.74499
3930	-1.06441
3931	0.34600
3932	0.17178
3933	-0.72886
3934	0.11759
3935	-0.15253
3936	-0.13278
3937	0.00530
3938	-0.03007
3939	-0.02137
3940	-0.00673
3941	-0.00101
3942	-0.00762
3943	0.01470
3944	0.00606
3945	-0.04461
3946	0.02121
3947	0.02355
3948	0.00011
3949	-0.00395
3950	-0.00060
3951	0.02113
3952	0.02188
3953	0.03039
3954	0.06651
3955	0.03752
3956	0.11928
3957	0.13312
3958	0.02419
3959	0.03206
3960	0.16295
3961	0.22063
3962	0.33816
3963	0.21656
3964	0.16085
3965	0.14126
3966	0.04990
3967	0.00204
3968	0.07879
3969	0.18050
3970	0.11635
3971	0.02353
3972	0.09836
3973	0.21523
3974	0.13524
3975	-0.04242
3976	-0.10164
3977	-0.02950
3978	0.02509
3979	0.01135
3980	-0.00540
3981	-0.06115
3982	-0.22564
3983	-0.44685
3984	-0.52802
3985	-0.34567
3986	-0.30582
3987	-0.45980
3988	-0.26536
3989	-0.03474
3990	0.14512
3991	0.26394
3992	0.31636
3993	0.09158
3994	0.01380
3995	0.00977
3996	-0.00106
3997	-0.00403
3998	-0.01998
3999	-0.02270
4000	-0.01183
4001	0.01538
4002	0.04104
4003	0.02532
4004	0.00216
4005	-0.00086
4006	-0.00722
4007	-0.02490
4008	-0.04231
4009	-0.06148
4010	-0.07286
4011	-0.06189
4012	-0.05280
4013	-0.07251
4014	-0.08245
4015	-0.07076
4016	-0.04185
4017	-0.01522
4018	-0.00544
4019	-0.00563
4020	0.00272
4021	0.01180
4022	-0.00049
4023	-0.00730
4024	-0.00243
4025	0.00034
4026	-0.00161
4027	-0.01295
4028	-0.00612
4029	0.00020
4030	0.00683
4031	-0.00416
4032	-0.00962
4033	-0.00251
4034	0.00026
4035	-0.00516
4036	-0.04197
4037	-0.43990
4038	-0.89377
4039	-0.07818
4040	0.90928
4041	-0.68435
4042	-0.36071
4043	0.28328
4044	-0.23666
4045	-0.00782
4046	-0.02456
4047	-0.05436
4048	-0.01964
4049	-0.01198
4050	-0.00676
4051	0.02122
4052	-0.00374
4053	-0.06047
4054	-0.01246
4055	0.00145
4056	0.01541
4057	0.05754
4058	0.07665
4059	0.07053
4060	0.07401
4061	0.07577
4062	0.03697
4063	0.04159
4064	0.06232
4065	0.09676
4066	0.15591
4067	0.34226
4068	0.13583
4069	0.10122
4070	0.24790
4071	0.08490
4072	0.07879
4073	0.11395
4074	0.09520
4075	0.16891
4076	0.27779
4077	0.45092
4078	0.53605
4079	0.44771
4080	0.28177
4081	0.07580
4082	-0.03843
4083	-0.07341
4084	-0.02721
4085	0.07508
4086	0.14838
4087	0.03781
4088	-0.15714
4089	-0.26393
4090	-0.30748
4091	-0.38943
4092	-0.41484
4093	-0.35356
4094	-0.42305
4095	-0.26162
4096	-0.00042
4097	0.13369
4098	0.30098
4099	0.43209
4100	0.19101
4101	-0.00345
4102	-0.00481
4103	0.00379
4104	0.01047
4105	0.00125
4106	-0.02617
4107	-0.05307
4108	-0.03374
4109	0.01921
4110	0.04316
4111	0.02690
4112	0.00152
4113	-0.00775
4114	-0.01516
4115	-0.05179
4116	-0.07541
4117	-0.05927
4118	-0.04678
4119	-0.06047
4120	-0.08695
4121	-0.09922
4122	-0.07911
4123	-0.05279
4124	-0.03317
4125	-0.01687
4126	0.00003
4127	0.01588
4128	0.01129
4129	-0.00989
4130	-0.01073
4131	-0.00182
4132	0.00184
4133	-0.00015
4134	-0.00558
4135	0.00445
4136	-0.00018
4137	0.00174
4138	-0.00507
4139	-0.01594
4140	-0.01619
4141	-0.00294
4142	-0.02011
4143	-0.17310
4144	-0.81212
4145	-1.29829
4146	0.50367
4147	-0.03631
4148	-0.77162
4149	0.69804
4150	-0.37745
4151	0.05702
4152	-0.21321
4153	0.12687
4154	0.29300
4155	-0.07000
4156	-0.06901
4157	0.00339
4158	0.00054
4159	0.02066
4160	-0.00406
4161	-0.00305
4162	-0.00436
4163	0.00551
4164	0.01243
4165	0.04459
4166	0.10408
4167	0.06796
4168	0.11361
4169	0.08833
4170	0.07183
4171	0.12323
4172	0.14796
4173	0.20486
4174	0.28144
4175	0.31332
4176	0.24222
4177	0.20616
4178	0.22502
4179	0.18514
4180	0.03661
4181	-0.04891
4182	0.12378
4183	0.36820
4184	0.35735
4185	0.27265
4186	0.09317
4187	-0.09889
4188	-0.13322
4189	-0.04305
4190	0.06625
4191	0.16543
4192	0.24599
4193	0.22379
4194	0.11291
4195	-0.02356
4196	-0.18598
4197	-0.32664
4198	-0.21747
4199	-0.05036
4200	0.17550
4201	0.28908
4202	0.14045
4203	0.14969
4204	0.27550
4205	0.24155
4206	-0.02055
4207	-0.02988
4208	-0.00782
4209	-0.03585
4210	-0.03191
4211	-0.01224
4212	0.00065
4213	0.04377
4214	0.07438
4215	0.02855
4216	-0.00033
4217	0.00344
4218	-0.01926
4219	-0.05054
4220	-0.07523
4221	-0.11031
4222	-0.12661
4223	-0.10964
4224	-0.08073
4225	-0.08283
4226	-0.11203
4227	-0.11046
4228	-0.05840
4229	-0.01981
4230	-0.00474
4231	0.00379
4232	0.01224
4233	0.01292
4234	0.00216
4235	0.00083
4236	0.00261
4237	0.00325
4238	-0.00255
4239	-0.00891
4240	-0.00181
4241	0.00343
4242	0.01824
4243	-0.00833
4244	-0.02420
4245	-0.01619
4246	-0.00188
4247	0.00350
4248	0.01120
4249	-0.33956
4250	-0.76623
4251	-0.51899
4252	0.21720
4253	-0.05854
4254	-0.74259
4255	-0.24322
4256	0.17865
4257	-0.04203
4258	-0.03201
4259	-0.00596
4260	-0.03002
4261	-0.00105
4262	0.01268
4263	-0.01343
4264	-0.00587
4265	0.02518
4266	0.04942
4267	0.00357
4268	0.00675
4269	0.03849
4270	0.02681
4271	0.05055
4272	0.05456
4273	0.04491
4274	0.06328
4275	0.02640
4276	0.06713
4277	0.17239
4278	0.13338
4279	0.10155
4280	0.20491
4281	0.23047
4282	0.22969
4283	0.25544
4284	0.19660
4285	0.18438
4286	0.12131
4287	0.07670
4288	0.05690
4289	-0.02915
4290	-0.12133
4291	-0.11938
4292	0.00764
4293	0.09680
4294	0.04945
4295	-0.02796
4296	-0.01190
4297	0.02598
4298	0.01098
4299	-0.01315
4300	0.00759
4301	0.05058
4302	0.04576
4303	-0.02906
4304	-0.16707
4305	-0.29635
4306	-0.35658
4307	-0.27235
4308	-0.35868
4309	-0.25528
4310	0.04678
4311	0.18831
4312	0.09566
4313	0.16330
4314	0.14957
4315	0.00860
4316	-0.00563
4317	0.00589
4318	0.00558
4319	-0.02211
4320	-0.02839
4321	-0.01498
4322	0.00159
4323	0.02064
4324	0.02514
4325	0.00407
4326	-0.01778
4327	-0.01241
4328	0.00061
4329	-0.02369
4330	-0.06020
4331	-0.06763
4332	-0.05222
4333	-0.03549
4334	-0.03477
4335	-0.04732
4336	-0.05422
4337	-0.04286
4338	-0.02803
4339	-0.01677
4340	-0.00746
4341	0.00437
4342	0.01526
4343	0.01312
4344	-0.00372
4345	-0.02129
4346	-0.01768
4347	-0.00620
4348	-0.00169
4349	0.00145
4350	-0.00049
4351	0.00046
4352	0.00042
4353	-0.00375
4354	-0.01094
4355	-0.01270
4356	0.00294
4357	0.00098
4358	-0.12590
4359	-0.48253
4360	-0.48687
4361	-0.11213
4362	0.57681
4363	-0.30688
4364	-0.86036
4365	0.27159
4366	-0.00919
4367	-0.37335
4368	0.00629
4369	-0.05285
4370	-0.03782
4371	0.03131
4372	0.05916
4373	-0.01140
4374	0.00043
4375	-0.03384
4376	-0.00876
4377	-0.00069
4378	-0.00022
4379	0.00817
4380	-0.04885
4381	0.14238
4382	0.02243
4383	-0.03700
4384	0.08568
4385	0.05112
4386	0.02986
4387	0.04015
4388	0.08422
4389	0.19594
4390	0.17003
4391	0.18549
4392	0.29634
4393	0.17578
4394	0.11510
4395	0.14237
4396	0.13326
4397	0.12238
4398	0.08998
4399	0.01771
4400	-0.05139
4401	-0.02517
4402	0.01319
4403	-0.04542
4404	-0.15329
4405	-0.22797
4406	-0.29322
4407	-0.24995
4408	-0.14741
4409	-0.02728
4410	0.04498
4411	0.01986
4412	-0.04247
4413	-0.07702
4414	-0.10466
4415	-0.18162
4416	-0.21701
4417	-0.28960
4418	-0.32232
4419	-0.06039
4420	0.07376
4421	0.19845
4422	0.29180
4423	0.14952
4424	0.00594
4425	0.04594
4426	-0.00093
4427	-0.00422
4428	-0.02809
4429	-0.05611
4430	-0.04658
4431	-0.00433
4432	0.03840
4433	0.04051
4434	0.01401
4435	0.00076
4436	0.00024
4437	-0.00425
4438	-0.01862
4439	-0.02307
4440	-0.02108
4441	-0.04286
4442	-0.05709
4443	-0.04433
4444	-0.03547
4445	-0.03884
4446	-0.03309
4447	-0.01923
4448	-0.00302
4449	0.01106
4450	0.01916
4451	0.02316
4452	0.02547
4453	0.02528
4454	0.01266
4455	-0.01101
4456	-0.00247
4457	0.01963
4458	0.01864
4459	0.00159
4460	0.00002
4461	-0.00263
4462	-0.00028
4463	-0.01936
4464	-0.02203
4465	-0.00096
4466	0.00955
4467	-0.11954
4468	-0.28389
4469	-0.66783
4470	-0.44595
4471	0.56324
4472	-0.13120
4473	-0.86578
4474	0.04909
4475	-0.20902
4476	-0.26655
4477	-0.00731
4478	0.01322
4479	-0.03426
4480	-0.04377
4481	0.11854
4482	0.04344
4483	-0.01400
4484	0.00022
4485	-0.00937
4486	-0.00014
4487	-0.00162
4488	0.00166
4489	-0.00769
4490	0.00489
4491	0.01712
4492	0.00504
4493	0.04341
4494	0.15322
4495	0.09802
4496	0.06839
4497	0.09241
4498	0.02301
4499	0.02940
4500	0.09922
4501	0.18005
4502	0.19250
4503	0.13024
4504	0.13593
4505	0.14936
4506	0.12216
4507	0.12103
4508	0.14189
4509	0.13306
4510	0.08020
4511	0.04981
4512	0.02287
4513	-0.05807
4514	-0.11452
4515	-0.11120
4516	-0.09729
4517	0.01054
4518	0.17023
4519	0.25348
4520	0.15657
4521	-0.02787
4522	-0.15175
4523	-0.24121
4524	-0.19457
4525	-0.20538
4526	-0.02971
4527	0.11292
4528	0.16257
4529	0.12032
4530	0.15435
4531	0.04392
4532	-0.00806
4533	0.00081
4534	-0.00058
4535	-0.01775
4536	-0.04583
4537	-0.05333
4538	0.00666
4539	0.06664
4540	0.04380
4541	0.00487
4542	0.00112
4543	0.00138
4544	-0.01642
4545	-0.04783
4546	-0.06705
4547	-0.07398
4548	-0.08219
4549	-0.08440
4550	-0.07828
4551	-0.07306
4552	-0.07591
4553	-0.06828
4554	-0.04316
4555	-0.02146
4556	-0.00741
4557	0.00453
4558	0.01399
4559	0.01925
4560	0.01562
4561	-0.00351
4562	-0.01423
4563	0.00998
4564	0.03171
4565	0.03032
4566	0.00931
4567	0.00419
4568	-0.00335
4569	0.00345
4570	-0.01875
4571	-0.03559
4572	-0.00766
4573	0.01822
4574	0.09335
4575	-0.16915
4576	-0.45800
4577	-0.29569
4578	0.40881
4579	0.30076
4580	-1.17015
4581	-0.16345
4582	0.15102
4583	-0.38750
4584	-0.06460
4585	-0.03643
4586	-0.01729
4587	0.00382
4588	-0.01480
4589	-0.05667
4590	0.01885
4591	0.02939
4592	-0.06303
4593	-0.03509
4594	0.02619
4595	-0.00404
4596	-0.00278
4597	-0.00627
4598	0.01037
4599	-0.01630
4600	0.01068
4601	0.05945
4602	0.03716
4603	0.00197
4604	0.06062
4605	0.14550
4606	0.09494
4607	0.10170
4608	0.17874
4609	0.18579
4610	0.08883
4611	0.02904
4612	0.04441
4613	0.06708
4614	0.02616
4615	-0.00826
4616	0.03832
4617	0.09228
4618	0.06288
4619	-0.01350
4620	-0.10090
4621	-0.15801
4622	-0.19135
4623	-0.13163
4624	-0.02429
4625	0.03584
4626	0.04416
4627	0.05159
4628	0.08130
4629	0.10976
4630	0.03820
4631	-0.08919
4632	-0.12349
4633	-0.24098
4634	-0.17357
4635	0.02864
4636	0.10358
4637	0.22949
4638	0.32523
4639	0.05138
4640	-0.02321
4641	-0.00290
4642	-0.00320
4643	-0.02521
4644	-0.04629
4645	-0.04270
4646	-0.01248
4647	0.04268
4648	0.05183
4649	0.01164
4650	-0.00056
4651	0.00819
4652	0.00804
4653	-0.01138
4654	-0.04587
4655	-0.06387
4656	-0.05644
4657	-0.05003
4658	-0.05290
4659	-0.05177
4660	-0.05086
4661	-0.04683
4662	-0.02693
4663	-0.00620
4664	0.00140
4665	0.00064
4666	0.00235
4667	0.01265
4668	0.01732
4669	0.00345
4670	-0.01516
4671	-0.01765
4672	-0.00845
4673	0.00250
4674	0.01589
4675	0.01405
4676	0.00300
4677	-0.00767
4678	-0.00134
4679	-0.00421
4680	-0.05433
4681	-0.04026
4682	0.00985
4683	0.00095
4684	0.05581
4685	-0.18605
4686	-0.31673
4687	-0.10292
4688	0.44419
4689	-0.62764
4690	-0.93435
4691	-0.09178
4692	-0.09122
4693	-0.06027
4694	0.01994
4695	-0.01674
4696	0.00288
4697	-0.00066
4698	-0.02240
4699	-0.08820
4700	-0.00195
4701	0.00265
4702	-0.00363
4703	0.00550
4704	-0.02659
4705	-0.01398
4706	0.00294
4707	0.00745
4708	0.08855
4709	0.01561
4710	0.05113
4711	0.10044
4712	0.08555
4713	0.04149
4714	0.03076
4715	0.12535
4716	0.12692
4717	0.06318
4718	0.11507
4719	0.08307
4720	0.03219
4721	0.04947
4722	0.18801
4723	0.29301
4724	0.18645
4725	0.10851
4726	0.04028
4727	-0.05246
4728	-0.10383
4729	-0.23012
4730	-0.17393
4731	-0.07443
4732	-0.05311
4733	-0.04639
4734	0.00251
4735	0.04824
4736	0.06993
4737	0.06038
4738	0.03420
4739	0.00422
4740	-0.10675
4741	-0.17273
4742	-0.10164
4743	-0.15624
4744	0.04270
4745	0.12294
4746	0.11379
4747	0.12626
4748	0.15428
4749	0.00165
4750	-0.01741
4751	-0.00207
4752	-0.01292
4753	-0.03260
4754	-0.03223
4755	-0.01992
4756	0.00113
4757	0.02382
4758	0.01995
4759	0.00423
4760	0.00003
4761	0.00516
4762	0.00856
4763	0.00106
4764	-0.02874
4765	-0.05366
4766	-0.04214
4767	-0.03227
4768	-0.05353
4769	-0.06552
4770	-0.03991
4771	-0.02529
4772	-0.01567
4773	0.00051
4774	0.00690
4775	0.00828
4776	0.01272
4777	0.02177
4778	0.02632
4779	0.00904
4780	-0.01185
4781	-0.01012
4782	0.00466
4783	0.01065
4784	0.00305
4785	-0.00109
4786	-0.00494
4787	-0.00032
4788	-0.01744
4789	-0.01443
4790	0.00656
4791	-0.00332
4792	-0.18128
4793	-0.34669
4794	-0.48800
4795	0.36425
4796	0.50810
4797	-1.07954
4798	0.12096
4799	-0.03590
4800	-0.40228
4801	-0.08668
4802	0.00118
4803	-0.02827
4804	0.00812
4805	0.01822
4806	0.00327
4807	0.01205
4808	0.00079
4809	-0.03566
4810	-0.03775
4811	-0.02290
4812	-0.03495
4813	-0.03323
4814	-0.00887
4815	0.02168
4816	-0.00821
4817	-0.01888
4818	0.02600
4819	0.06212
4820	0.01292
4821	0.03088
4822	0.07086
4823	0.10686
4824	0.09774
4825	0.18717
4826	0.25394
4827	0.15267
4828	0.14910
4829	0.22234
4830	0.21162
4831	0.09711
4832	0.06544
4833	0.04719
4834	0.03633
4835	0.02531
4836	-0.01671
4837	-0.03734
4838	-0.04697
4839	-0.08045
4840	-0.08535
4841	-0.01268
4842	0.03642
4843	0.05114
4844	0.07173
4845	0.04087
4846	-0.08312
4847	-0.30831
4848	-0.48590
4849	-0.36482
4850	-0.24226
4851	-0.42196
4852	-0.20011
4853	0.01089
4854	0.10549
4855	0.24986
4856	0.17398
4857	0.04299
4858	-0.01483
4859	0.01671
4860	-0.00740
4861	-0.02416
4862	-0.02091
4863	-0.01056
4864	-0.00778
4865	0.01100
4866	0.02882
4867	0.01299
4868	-0.00078
4869	0.00211
4870	-0.00840
4871	-0.02253
4872	-0.02632
4873	-0.03011
4874	-0.03803
4875	-0.04232
4876	-0.05360
4877	-0.07089
4878	-0.07016
4879	-0.05202
4880	-0.02723
4881	-0.00463
4882	0.01104
4883	0.01921
4884	0.01957
4885	0.02354
4886	0.03006
4887	0.01191
4888	-0.02778
4889	-0.02365
4890	0.01125
4891	0.03194
4892	0.01413
4893	0.00352
4894	0.00105
4895	0.00273
4896	-0.01850
4897	-0.05459
4898	-0.02104
4899	0.01164
4900	0.00955
4901	-0.11548
4902	-0.29582
4903	-0.58911
4904	-0.45457
4905	0.74309
4906	-0.25379
4907	-0.78014
4908	0.02108
4909	-0.22041
4910	-0.08527
4911	-0.02045
4912	-0.01598
4913	-0.01514
4914	-0.00716
4915	-0.05880
4916	-0.12672
4917	-0.01852
4918	-0.00134
4919	0.02953
4920	0.03452
4921	-0.00602
4922	-0.00024
4923	-0.03355
4924	0.01045
4925	0.04264
4926	0.00824
4927	0.01143
4928	0.03995
4929	0.04948
4930	0.01585
4931	0.00573
4932	0.01220
4933	0.06894
4934	0.03810
4935	0.12441
4936	0.19768
4937	0.10587
4938	0.10066
4939	0.13712
4940	0.13759
4941	0.04423
4942	0.01214
4943	0.02664
4944	0.00857
4945	-0.04394
4946	-0.13050
4947	-0.19184
4948	-0.17633
4949	-0.13297
4950	-0.08992
4951	0.01058
4952	0.11722
4953	0.13840
4954	0.13069
4955	0.02592
4956	-0.08484
4957	-0.21829
4958	-0.21422
4959	-0.29040
4960	-0.20632
4961	0.03498
4962	0.17673
4963	0.18763
4964	0.24899
4965	0.19162
4966	0.02649
4967	0.02918
4968	0.00248
4969	-0.00958
4970	-0.04456
4971	-0.07308
4972	-0.03232
4973	0.01813
4974	0.03828
4975	0.03417
4976	0.01648
4977	0.00223
4978	0.00122
4979	-0.00202
4980	-0.04857
4981	-0.09765
4982	-0.07907
4983	-0.04415
4984	-0.05624
4985	-0.09606
4986	-0.09010
4987	-0.05061
4988	-0.02031
4989	0.00487
4990	0.01775
4991	0.01770
4992	0.02238
4993	0.03040
4994	0.02029
4995	-0.00056
4996	-0.00645
4997	-0.00338
4998	0.00313
4999	0.00512
5000	-0.00654
5001	0.00369
5002	0.00785
5003	0.00807
5004	0.00014
5005	-0.00518
5006	0.00192
5007	0.04825
5008	-0.04882
5009	-0.79885
5010	-1.43195
5011	1.01602
5012	0.45348
5013	-1.08211
5014	0.52033
5015	0.17358
5016	-0.29878
5017	-0.00464
5018	0.03173
5019	0.07957
5020	-0.00552
5021	-0.00162
5022	-0.02394
5023	-0.06939
5024	-0.04250
5025	-0.01664
5026	0.00045
5027	-0.00654
5028	-0.03636
5029	-0.01681
5030	-0.00094
5031	-0.00011
5032	0.00662
5033	-0.00334
5034	0.04600
5035	0.08274
5036	0.10427
5037	0.09528
5038	0.07987
5039	0.20698
5040	0.27689
5041	0.24939
5042	0.29011
5043	0.27837
5044	0.20463
5045	0.15201
5046	0.06617
5047	-0.09731
5048	-0.14283
5049	-0.11185
5050	-0.05261
5051	-0.02686
5052	-0.02052
5053	-0.05862
5054	-0.16250
5055	-0.20472
5056	-0.16449
5057	-0.11602
5058	-0.10868
5059	-0.10086
5060	-0.14733
5061	-0.19958
5062	-0.23307
5063	-0.37565
5064	-0.38363
5065	-0.16754
5066	-0.12105
5067	0.07814
5068	0.16034
5069	0.13563
5070	0.11665
5071	0.22437
5072	0.21716
5073	0.02472
5074	-0.01356
5075	-0.00827
5076	-0.03695
5077	-0.03635
5078	-0.02680
5079	-0.01767
5080	0.03276
5081	0.04761
5082	0.00537
5083	0.00017
5084	0.00201
5085	-0.03109
5086	-0.08758
5087	-0.11184
5088	-0.08887
5089	-0.06748
5090	-0.06896
5091	-0.09188
5092	-0.12002
5093	-0.11305
5094	-0.07101
5095	-0.02971
5096	-0.01285
5097	-0.01195
5098	-0.00505
5099	0.00536
5100	0.00621
5101	-0.00069
5102	-0.00257
5103	-0.00073
5104	-0.00036
5105	-0.00006
5106	0.00109
5107	0.01090
5108	0.00108
5109	0.00227
5110	-0.00534
5111	-0.00744
5112	-0.00495
5113	-0.08313
5114	-0.13574
5115	-0.48556
5116	-1.13311
5117	0.11150
5118	0.95711
5119	-0.84462
5120	-0.44716
5121	0.00556
5122	-0.25354
5123	-0.09108
5124	-0.03263
5125	-0.06808
5126	-0.00186
5127	0.03842
5128	-0.09624
5129	-0.08647
5130	-0.02407
5131	-0.04496
5132	-0.01954
5133	-0.00320
5134	0.01044
5135	0.02851
5136	-0.01946
5137	0.02529
5138	0.00249
5139	0.00522
5140	0.00136
5141	0.02570
5142	0.07997
5143	0.06381
5144	0.06467
5145	0.06926
5146	0.08086
5147	0.08537
5148	0.19535
5149	0.19433
5150	0.09555
5151	0.10389
5152	0.15593
5153	0.19456
5154	0.17850
5155	0.18326
5156	0.16392
5157	0.13653
5158	0.12362
5159	0.12286
5160	0.05352
5161	-0.09494
5162	-0.21705
5163	-0.22858
5164	-0.07568
5165	0.03684
5166	0.01678
5167	-0.06764
5168	-0.12525
5169	-0.15141
5170	-0.23747
5171	-0.24556
5172	-0.17570
5173	-0.27464
5174	-0.19299
5175	0.00249
5176	0.09848
5177	0.29120
5178	0.48129
5179	0.08680
5180	-0.00166
5181	-0.01492
5182	-0.00124
5183	0.00589
5184	0.00162
5185	-0.00868
5186	-0.00389
5187	0.01928
5188	0.02419
5189	0.00860
5190	0.00010
5191	-0.00050
5192	0.00219
5193	-0.00448
5194	-0.05121
5195	-0.09623
5196	-0.09845
5197	-0.07214
5198	-0.06299
5199	-0.09127
5200	-0.08686
5201	-0.04248
5202	-0.00844
5203	0.00568
5204	0.01012
5205	0.01457
5206	0.02286
5207	0.02979
5208	0.02319
5209	-0.00233
5210	-0.02309
5211	-0.01342
5212	0.01315
5213	0.02531
5214	0.00176
5215	0.00024
5216	-0.00598
5217	0.00279
5218	-0.03452
5219	-0.04421
5220	0.00563
5221	-0.00456
5222	0.07454
5223	-0.52296
5224	-0.75798
5225	-0.02216
5226	1.11167
5227	-0.53646
5228	-0.49781
5229	0.46029
5230	-0.23489
5231	-0.15338
5232	0.05795
5233	0.06466
5234	-0.02049
5235	-0.00706
5236	-0.01730
5237	-0.04572
5238	-0.02384
5239	-0.02731
5240	-0.00268
5241	0.00375
5242	-0.00161
5243	-0.01963
5244	0.01002
5245	0.07124
5246	0.01350
5247	0.03146
5248	0.08313
5249	0.09194
5250	0.04081
5251	0.06042
5252	0.15946
5253	0.19210
5254	0.21375
5255	0.31934
5256	0.29301
5257	0.18712
5258	0.12781
5259	0.11786
5260	0.09843
5261	0.05931
5262	0.01889
5263	0.00550
5264	0.04459
5265	0.07022
5266	0.09571
5267	0.05190
5268	-0.02455
5269	-0.12649
5270	-0.18189
5271	-0.11490
5272	0.00363
5273	0.03985
5274	0.00897
5275	-0.02853
5276	-0.09486
5277	-0.21281
5278	-0.34685
5279	-0.30759
5280	-0.25706
5281	-0.33117
5282	-0.08629
5283	0.03845
5284	0.08026
5285	0.14002
5286	0.14706
5287	0.09748
5288	-0.01742
5289	-0.00138
5290	0.00431
5291	-0.00495
5292	-0.01513
5293	-0.00488
5294	-0.00150
5295	-0.01016
5296	-0.01152
5297	-0.00199
5298	0.00015
5299	0.00744
5300	0.01856
5301	0.01780
5302	-0.00544
5303	-0.03314
5304	-0.03208
5305	-0.03764
5306	-0.05684
5307	-0.04733
5308	-0.03141
5309	-0.03145
5310	-0.02033
5311	-0.00613
5312	0.00011
5313	0.00614
5314	0.01595
5315	0.02042
5316	0.00530
5317	-0.02167
5318	-0.02238
5319	-0.00038
5320	0.01284
5321	0.00667
5322	0.00250
5323	0.00634
5324	-0.00000
5325	-0.00891
5326	-0.04573
5327	-0.03919
5328	-0.00418
5329	0.00960
5330	0.12835
5331	-0.33311
5332	-0.76732
5333	-0.75590
5334	0.34614
5335	0.79300
5336	-0.91410
5337	-0.14343
5338	0.04170
5339	-0.22214
5340	-0.11251
5341	0.02617
5342	-0.00831
5343	-0.01444
5344	0.00231
5345	-0.00714
5346	0.00195
5347	-0.02115
5348	-0.01190
5349	0.02613
5350	0.00488
5351	-0.00183
5352	0.01078
5353	0.01133
5354	0.03767
5355	0.03098
5356	0.00190
5357	0.04036
5358	0.03404
5359	-0.02243
5360	-0.01141
5361	0.05193
5362	0.13949
5363	0.14423
5364	0.14970
5365	0.21673
5366	0.32505
5367	0.21121
5368	0.08473
5369	0.02196
5370	0.01344
5371	-0.01143
5372	-0.05111
5373	-0.00563
5374	0.12926
5375	0.12862
5376	0.00019
5377	-0.21280
5378	-0.20992
5379	-0.07289
5380	0.11537
5381	0.24628
5382	0.25382
5383	0.14021
5384	-0.00390
5385	-0.12637
5386	-0.18366
5387	-0.22885
5388	-0.22689
5389	-0.22725
5390	-0.06991
5391	0.04847
5392	0.16248
5393	0.36987
5394	0.29648
5395	0.03961
5396	-0.03308
5397	-0.00154
5398	-0.02450
5399	-0.07043
5400	-0.08535
5401	-0.01074
5402	0.07833
5403	0.07961
5404	0.02281
5405	0.00074
5406	-0.00378
5407	-0.01339
5408	-0.01044
5409	-0.02529
5410	-0.08130
5411	-0.13130
5412	-0.14012
5413	-0.11129
5414	-0.07660
5415	-0.06436
5416	-0.05924
5417	-0.04609
5418	-0.02669
5419	-0.00669
5420	0.01372
5421	0.03304
5422	0.05376
5423	0.06494
5424	0.02815
5425	-0.02032
5426	-0.01453
5427	0.01252
5428	0.02373
5429	-0.00724
5430	-0.00533
5431	0.00188
5432	-0.00019
5433	-0.00166
5434	-0.01415
5435	-0.01197
5436	0.00055
5437	0.11255
5438	-0.05624
5439	-0.76912
5440	-1.04662
5441	0.72311
5442	0.62149
5443	-1.61949
5444	-0.19199
5445	0.35233
5446	-0.20840
5447	0.00150
5448	-0.10489
5449	0.09076
5450	-0.07758
5451	-0.01745
5452	0.01854
5453	-0.00062
5454	-0.01029
5455	-0.00230
5456	0.00230
5457	-0.00090
5458	0.01452
5459	0.02858
5460	0.01674
5461	0.01793
5462	0.01565
5463	0.01038
5464	0.06827
5465	0.13387
5466	0.12864
5467	0.06617
5468	0.07114
5469	0.21461
5470	0.29800
5471	0.29610
5472	0.50194
5473	0.36308
5474	0.19102
5475	0.10689
5476	0.01690
5477	-0.01373
5478	0.08215
5479	0.27953
5480	0.38642
5481	0.19465
5482	0.01558
5483	-0.06658
5484	-0.05824
5485	-0.06851
5486	-0.10668
5487	-0.09307
5488	-0.04635
5489	-0.02388
5490	0.02253
5491	0.09728
5492	0.02105
5493	-0.16457
5494	-0.30921
5495	-0.18395
5496	-0.10840
5497	0.01747
5498	0.14922
5499	0.18945
5500	0.13895
5501	0.26342
5502	0.20632
5503	-0.00135
5504	-0.01570
5505	-0.00638
5506	-0.01938
5507	-0.04144
5508	-0.04803
5509	-0.02170
5510	0.02793
5511	0.05996
5512	0.04041
5513	0.00450
5514	0.00128
5515	-0.00085
5516	-0.01233
5517	-0.03392
5518	-0.07231
5519	-0.10809
5520	-0.11211
5521	-0.09036
5522	-0.06776
5523	-0.05725
5524	-0.05681
5525	-0.05267
5526	-0.03501
5527	-0.01319
5528	0.00728
5529	0.02513
5530	0.03272
5531	0.02140
5532	-0.00381
5533	-0.01287
5534	-0.00511
5535	0.00013
5536	-0.00112
5537	-0.00813
5538	0.00006
5539	-0.00305
5540	-0.00049
5541	0.00454
5542	0.00189
5543	-0.00022
5544	0.14349
5545	0.06280
5546	-0.52397
5547	-0.90867
5548	0.09493
5549	1.40397
5550	-1.04854
5551	-0.35856
5552	0.01373
5553	-0.19894
5554	-0.03960
5555	-0.02270
5556	-0.01219
5557	0.00321
5558	0.04171
5559	-0.06467
5560	-0.09587
5561	-0.00530
5562	0.00210
5563	0.00102
5564	-0.00001
5565	-0.00529
5566	-0.02090
5567	-0.00645
5568	0.05641
5569	0.05729
5570	-0.02150
5571	-0.00908
5572	0.08021
5573	0.08238
5574	0.00751
5575	0.03339
5576	0.07342
5577	0.06473
5578	0.08853
5579	0.14400
5580	0.19295
5581	0.08654
5582	0.02854
5583	0.09922
5584	0.11342
5585	0.07013
5586	0.12096
5587	0.22122
5588	0.25453
5589	0.14471
5590	0.05778
5591	-0.06188
5592	-0.11974
5593	-0.12219
5594	-0.11220
5595	-0.03763
5596	0.02136
5597	0.04284
5598	0.02802
5599	-0.01394
5600	-0.09915
5601	-0.28762
5602	-0.37997
5603	-0.19515
5604	-0.33000
5605	-0.24996
5606	0.00122
5607	0.10602
5608	0.22355
5609	0.22149
5610	0.14163
5611	0.00937
5612	0.01098
5613	-0.01046
5614	-0.01115
5615	-0.01677
5616	-0.01135
5617	0.00877
5618	0.01973
5619	0.01839
5620	0.00629
5621	-0.00005
5622	-0.00682
5623	-0.01427
5624	0.00026
5625	0.01308
5626	-0.04558
5627	-0.12067
5628	-0.13394
5629	-0.09560
5630	-0.05621
5631	-0.05031
5632	-0.05846
5633	-0.04384
5634	-0.01475
5635	0.00260
5636	0.01075
5637	0.01916
5638	0.02814
5639	0.03565
5640	0.03155
5641	0.00424
5642	-0.01313
5643	0.00382
5644	0.02201
5645	0.01396
5646	-0.00421
5647	0.00145
5648	-0.00347
5649	-0.00276
5650	-0.03342
5651	-0.04096
5652	0.00509
5653	0.05285
5654	-0.54433
5655	-0.66150
5656	-0.82612
5657	-0.08639
5658	0.62696
5659	-0.93074
5660	0.38729
5661	0.43781
5662	-0.70359
5663	-0.09650
5664	-0.15835
5665	-0.18928
5666	0.08201
5667	0.04432
5668	0.02712
5669	-0.00475
5670	0.00053
5671	-0.02923
5672	-0.01351
5673	-0.01397
5674	-0.03195
5675	0.02051
5676	0.00899
5677	0.00001
5678	0.00084
5679	0.00965
5680	0.03623
5681	0.06312
5682	0.04201
5683	0.07755
5684	0.12288
5685	0.13478
5686	0.21526
5687	0.18370
5688	0.14567
5689	0.15633
5690	0.18501
5691	0.20508
5692	0.14364
5693	0.05744
5694	-0.03885
5695	-0.09281
5696	-0.07184
5697	-0.03210
5698	0.01692
5699	0.03643
5700	0.00214
5701	-0.10496
5702	-0.18775
5703	-0.16018
5704	-0.05976
5705	0.05158
5706	0.06147
5707	0.00122
5708	-0.07027
5709	-0.09203
5710	-0.14339
5711	-0.21299
5712	-0.19779
5713	-0.30449
5714	-0.07870
5715	0.05731
5716	0.19389
5717	0.19775
5718	0.09770
5719	0.12146
5720	0.02839
5721	-0.00168
5722	-0.00212
5723	-0.02006
5724	-0.05135
5725	-0.03392
5726	0.01168
5727	0.01772
5728	0.01471
5729	0.01264
5730	0.00608
5731	0.00001
5732	0.00325
5733	0.00659
5734	-0.01866
5735	-0.07754
5736	-0.10197
5737	-0.07770
5738	-0.07173
5739	-0.09260
5740	-0.08847
5741	-0.06468
5742	-0.03908
5743	-0.01331
5744	0.00297
5745	0.00977
5746	0.01761
5747	0.03230
5748	0.03873
5749	0.01353
5750	-0.01326
5751	0.00075
5752	0.02438
5753	0.02085
5754	-0.01326
5755	-0.00841
5756	-0.00067
5757	-0.00017
5758	-0.02907
5759	-0.05615
5760	-0.01739
5761	0.01240
5762	0.16668
5763	-0.34027
5764	-0.98274
5765	-0.64173
5766	0.87194
5767	0.04151
5768	-1.24358
5769	0.25295
5770	0.09152
5771	-0.16061
5772	-0.00161
5773	-0.02438
5774	-0.13893
5775	-0.07848
5776	0.00424
5777	0.02548
5778	-0.00572
5779	0.01545
5780	0.00901
5781	0.00661
5782	-0.00123
5783	-0.01604
5784	0.02663
5785	0.03021
5786	0.03515
5787	-0.00031
5788	0.00849
5789	-0.01658
5790	0.03224
5791	0.02477
5792	0.05870
5793	0.14065
5794	0.09897
5795	0.04400
5796	0.10227
5797	0.25356
5798	0.28501
5799	0.21922
5800	0.28689
5801	0.17947
5802	0.00036
5803	-0.09835
5804	-0.14826
5805	-0.05243
5806	0.02997
5807	0.09177
5808	0.11713
5809	0.15752
5810	0.27214
5811	0.28645
5812	0.22912
5813	0.20415
5814	0.16558
5815	0.11430
5816	0.05890
5817	0.01747
5818	-0.09417
5819	-0.28705
5820	-0.34706
5821	-0.26012
5822	-0.27704
5823	-0.09136
5824	0.08390
5825	0.13001
5826	0.22768
5827	0.30881
5828	0.15541
5829	-0.02370
5830	0.00799
5831	-0.01114
5832	-0.05840
5833	-0.06648
5834	-0.01642
5835	0.02839
5836	0.06663
5837	0.08081
5838	0.03668
5839	0.00071
5840	0.00440
5841	-0.00529
5842	-0.02548
5843	-0.03893
5844	-0.05171
5845	-0.06616
5846	-0.08100
5847	-0.09511
5848	-0.08917
5849	-0.06633
5850	-0.05243
5851	-0.04341
5852	-0.03344
5853	-0.02259
5854	-0.01107
5855	0.00250
5856	0.01230
5857	0.01703
5858	0.01369
5859	-0.00517
5860	-0.02115
5861	-0.01860
5862	-0.00575
5863	0.01081
5864	0.00345
5865	-0.00239
5866	-0.00199
5867	-0.00362
5868	0.00435
5869	-0.02679
5870	-0.03305
5871	-0.04579
5872	-0.11779
5873	-0.54765
5874	-0.41994
5875	-0.07808
5876	0.78890
5877	-1.14635
5878	-1.57745
5879	0.05137
5880	-0.05363
5881	0.06389
5882	0.00279
5883	-0.02102
5884	-0.00380
5885	-0.01498
5886	0.01358
5887	0.03063
5888	-0.00215
5889	0.00424
5890	-0.03348
5891	-0.01360
5892	0.01237
5893	0.00060
5894	0.00436
5895	0.01954
5896	0.00484
5897	0.00287
5898	0.01012
5899	0.03893
5900	0.04364
5901	0.01393
5902	0.07468
5903	0.23806
5904	0.19568
5905	0.11716
5906	0.17067
5907	0.15836
5908	0.11115
5909	0.12171
5910	0.21127
5911	0.23877
5912	0.12775
5913	0.08301
5914	0.08668
5915	0.14457
5916	0.17432
5917	0.14213
5918	0.03411
5919	-0.07513
5920	-0.20028
5921	-0.30809
5922	-0.26800
5923	-0.10206
5924	0.03296
5925	0.11338
5926	0.08941
5927	-0.00966
5928	-0.12812
5929	-0.28753
5930	-0.39114
5931	-0.25329
5932	-0.25819
5933	-0.02024
5934	0.10593
5935	0.13846
5936	0.19036
5937	0.22306
5938	0.12377
5939	0.01877
5940	0.01410
5941	-0.00055
5942	-0.03198
5943	-0.08470
5944	-0.07228
5945	-0.02684
5946	0.02035
5947	0.05537
5948	0.04853
5949	0.01510
5950	-0.00326
5951	0.00087
5952	0.00354
5953	-0.03731
5954	-0.10184
5955	-0.11588
5956	-0.08536
5957	-0.06955
5958	-0.08103
5959	-0.09460
5960	-0.07959
5961	-0.03702
5962	0.00846
5963	0.02981
5964	0.03294
5965	0.03600
5966	0.03726
5967	0.02318
5968	-0.00038
5969	-0.00444
5970	0.00561
5971	0.01041
5972	0.00022
5973	-0.00692
5974	0.00005
5975	-0.00036
5976	0.00059
5977	0.00613
5978	0.00076
5979	0.03260
5980	-0.06134
5981	-0.66510
5982	-1.02959
5983	0.28441
5984	0.69855
5985	-0.77254
5986	-0.06925
5987	0.09242
5988	-0.16294
5989	-0.07433
5990	-0.01047
5991	-0.00649
5992	0.09805
5993	0.03730
5994	-0.26325
5995	-0.05167
5996	-0.03842
5997	-0.04979
5998	0.00245
5999	0.00197
6000	-0.01316
6001	-0.02924
6002	-0.00617
6003	0.00995
6004	0.00111
6005	0.00323
6006	-0.00085
6007	0.01081
6008	0.02066
6009	0.01968
6010	0.02683
6011	0.05064
6012	0.05931
6013	0.12119
6014	0.19193
6015	0.21995
6016	0.14067
6017	0.05420
6018	0.02379
6019	0.00838
6020	0.01966
6021	0.05223
6022	0.09361
6023	0.13558
6024	0.20133
6025	0.15474
6026	0.08669
6027	-0.08455
6028	-0.20361
6029	-0.26095
6030	-0.13571
6031	-0.00819
6032	0.05301
6033	0.07090
6034	0.04245
6035	-0.02566
6036	-0.14808
6037	-0.22191
6038	-0.14281
6039	-0.22300
6040	-0.13025
6041	0.07967
6042	0.14566
6043	0.21023
6044	0.20315
6045	0.11948
6046	0.00918
6047	0.01366
6048	-0.00187
6049	-0.02858
6050	-0.08681
6051	-0.07203
6052	0.02861
6053	0.07382
6054	0.03591
6055	0.00101
6056	0.00145
6057	-0.00529
6058	-0.02147
6059	-0.03507
6060	-0.07170
6061	-0.11758
6062	-0.12500
6063	-0.10938
6064	-0.09978
6065	-0.09742
6066	-0.09436
6067	-0.08073
6068	-0.05052
6069	-0.01463
6070	0.00897
6071	0.02051
6072	0.03375
6073	0.04209
6074	0.01587
6075	-0.01039
6076	-0.00431
6077	0.00485
6078	0.00803
6079	-0.00096
6080	0.00048
6081	-0.00261
6082	-0.00010
6083	-0.00515
6084	-0.03121
6085	-0.02035
6086	0.00657
6087	-0.00596
6088	-0.07876
6089	-0.54141
6090	-0.86437
6091	-0.06019
6092	0.55232
6093	-0.90758
6094	-0.47982
6095	0.60308
6096	-0.12634
6097	-0.50898
6098	-0.00367
6099	-0.06686
6100	-0.09691
6101	-0.03523
6102	0.04890
6103	0.03914
6104	0.00012
6105	0.00750
6106	-0.00699
6107	-0.03669
6108	-0.04380
6109	-0.01349
6110	0.02321
6111	0.01987
6112	0.00303
6113	0.00190
6114	0.01462
6115	0.03132
6116	0.03567
6117	0.00994
6118	0.00268
6119	0.06662
6120	0.26485
6121	0.30056
6122	0.28120
6123	0.14490
6124	0.09465
6125	0.22259
6126	0.20210
6127	0.13622
6128	0.05770
6129	0.01140
6130	0.01121
6131	0.03175
6132	0.02812
6133	-0.02609
6134	-0.07425
6135	-0.08360
6136	-0.09505
6137	-0.14825
6138	-0.21629
6139	-0.15440
6140	-0.02482
6141	0.04009
6142	0.01339
6143	-0.08092
6144	-0.16961
6145	-0.27019
6146	-0.28131
6147	-0.23898
6148	-0.28856
6149	-0.16203
6150	-0.00858
6151	0.10893
6152	0.29874
6153	0.27856
6154	0.08373
6155	0.08478
6156	0.02134
6157	0.01404
6158	-0.01281
6159	-0.03878
6160	-0.02740
6161	0.00247
6162	0.01476
6163	0.01923
6164	0.02684
6165	0.01618
6166	-0.00345
6167	-0.00858
6168	-0.00733
6169	-0.02138
6170	-0.05971
6171	-0.09388
6172	-0.09648
6173	-0.07807
6174	-0.07199
6175	-0.08040
6176	-0.07265
6177	-0.04304
6178	-0.01691
6179	-0.00211
6180	0.01291
6181	0.02948
6182	0.03872
6183	0.03748
6184	0.01398
6185	-0.01722
6186	-0.01077
6187	0.01101
6188	0.01179
6189	-0.01177
6190	-0.00220
6191	0.00292
6192	0.00056
6193	-0.01242
6194	-0.02132
6195	-0.00414
6196	0.09173
6197	-0.00391
6198	-0.84854
6199	-1.21861
6200	0.60105
6201	0.72535
6202	-1.19996
6203	0.10773
6204	0.19615
6205	-0.29683
6206	-0.01091
6207	0.02031
6208	0.01031
6209	-0.01001
6210	0.00632
6211	-0.13072
6212	-0.09041
6213	-0.01139
6214	-0.03839
6215	-0.00480
6216	-0.00107
6217	-0.03909
6218	-0.02174
6219	0.03518
6220	0.01965
6221	0.00052
6222	-0.00010
6223	0.00798
6224	0.05188
6225	0.04361
6226	0.08857
6227	0.19946
6228	0.13938
6229	0.11016
6230	0.22224
6231	0.18784
6232	0.21233
6233	0.30155
6234	0.16332
6235	0.06296
6236	-0.01564
6237	-0.04171
6238	-0.00886
6239	0.05549
6240	0.11199
6241	0.12824
6242	0.07176
6243	-0.00451
6244	-0.09580
6245	-0.18978
6246	-0.26486
6247	-0.25107
6248	-0.14392
6249	-0.02455
6250	0.03221
6251	-0.00810
6252	-0.09263
6253	-0.21266
6254	-0.34591
6255	-0.31902
6256	-0.26029
6257	-0.31803
6258	-0.09286
6259	0.05750
6260	0.20011
6261	0.21277
6262	0.15943
6263	0.14685
6264	0.07091
6265	0.02635
6266	-0.00022
6267	-0.00319
6268	-0.02444
6269	-0.03025
6270	-0.01316
6271	-0.00488
6272	0.00811
6273	0.02327
6274	0.01645
6275	-0.00010
6276	-0.00719
6277	-0.00458
6278	-0.00433
6279	-0.01765
6280	-0.04159
6281	-0.04592
6282	-0.04846
6283	-0.07908
6284	-0.10774
6285	-0.08608
6286	-0.05541
6287	-0.02794
6288	-0.00778
6289	0.00425
6290	0.01878
6291	0.03182
6292	0.03503
6293	0.02244
6294	-0.00032
6295	-0.00596
6296	0.00886
6297	0.02193
6298	0.01517
6299	0.00350
6300	0.00076
6301	-0.00330
6302	-0.00133
6303	-0.02119
6304	-0.02313
6305	0.00318
6306	0.38878
6307	-0.54124
6308	-1.06737
6309	-0.67179
6310	0.87220
6311	-0.14036
6312	-0.68590
6313	0.96033
6314	-0.46238
6315	-0.16084
6316	0.01012
6317	0.07032
6318	-0.14034
6319	-0.06932
6320	0.07568
6321	0.01938
6322	-0.00651
6323	0.00427
6324	0.00220
6325	-0.00866
6326	-0.00465
6327	-0.00677
6328	0.00051
6329	0.02502
6330	0.01024
6331	0.00477
6332	0.00210
6333	0.02160
6334	0.06799
6335	0.04556
6336	0.04285
6337	0.08067
6338	0.18143
6339	0.16887
6340	0.13335
6341	0.12760
6342	0.07906
6343	0.08203
6344	0.13361
6345	0.17365
6346	0.14981
6347	0.13638
6348	0.20542
6349	0.26449
6350	0.19800
6351	0.14908
6352	0.08466
6353	-0.04087
6354	-0.12226
6355	-0.08409
6356	0.06414
6357	0.16204
6358	0.19946
6359	0.22504
6360	0.13484
6361	0.00023
6362	-0.16690
6363	-0.25465
6364	-0.08860
6365	-0.03513
6366	0.03418
6367	0.04985
6368	0.07007
6369	0.17875
6370	0.21461
6371	0.07571
6372	-0.01606
6373	0.00652
6374	-0.00675
6375	-0.03574
6376	-0.04673
6377	-0.02056
6378	0.02161
6379	0.05203
6380	0.03390
6381	0.00424
6382	-0.00425
6383	-0.00729
6384	-0.00480
6385	-0.01116
6386	-0.04356
6387	-0.07970
6388	-0.09060
6389	-0.07916
6390	-0.07270
6391	-0.07488
6392	-0.06891
6393	-0.05732
6394	-0.04610
6395	-0.02590
6396	-0.00473
6397	0.00485
6398	0.01042
6399	0.01856
6400	0.02646
6401	0.01998
6402	-0.00621
6403	-0.01538
6404	-0.00095
6405	0.02038
6406	0.04972
6407	0.04685
6408	0.00975
6409	-0.01177
6410	-0.00734
6411	-0.00984
6412	-0.10910
6413	-0.09343
6414	0.01178
6415	0.02411
6416	-0.17288
6417	-0.35189
6418	-0.48140
6419	-0.23370
6420	0.24072
6421	-0.30125
6422	-0.84450
6423	-0.00648
6424	0.06380
6425	0.03227
6426	0.03442
6427	-0.01844
6428	0.00919
6429	0.05012
6430	-0.07993
6431	0.02152
6432	0.04054
6433	-0.02983
6434	-0.02418
6435	0.00866
6436	-0.00131
6437	0.04842
6438	0.01931
6439	-0.00253
6440	0.01390
6441	0.06937
6442	0.09235
6443	0.04195
6444	0.09160
6445	0.06056
6446	0.03514
6447	0.07533
6448	0.17183
6449	0.18676
6450	0.15609
6451	0.26206
6452	0.27613
6453	0.22926
6454	0.33075
6455	0.23472
6456	0.08491
6457	0.06339
6458	0.09603
6459	0.11224
6460	0.14502
6461	0.21731
6462	0.18270
6463	0.02503
6464	-0.08725
6465	-0.10900
6466	-0.03609
6467	0.11453
6468	0.18440
6469	0.21330
6470	0.16904
6471	0.05190
6472	-0.09030
6473	-0.27523
6474	-0.20743
6475	-0.18146
6476	-0.05999
6477	0.14430
6478	0.13767
6479	0.18862
6480	0.35356
6481	0.16747
6482	-0.02631
6483	-0.00935
6484	-0.01843
6485	-0.04474
6486	-0.04338
6487	-0.01583
6488	0.03355
6489	0.08739
6490	0.07006
6491	0.01126
6492	-0.00006
6493	-0.01218
6494	-0.03495
6495	-0.05746
6496	-0.09682
6497	-0.12494
6498	-0.11405
6499	-0.09156
6500	-0.09997
6501	-0.10497
6502	-0.09636
6503	-0.07845
6504	-0.04368
6505	-0.01392
6506	0.00218
6507	0.01082
6508	0.01845
6509	0.01146
6510	-0.01138
6511	-0.00894
6512	0.00202
6513	0.00421
6514	0.00392
6515	0.00849
6516	0.01297
6517	-0.00016
6518	0.00464
6519	-0.00749
6520	-0.01646
6521	-0.00765
6522	0.01261
6523	-0.33015
6524	-1.08954
6525	-0.93610
6526	0.66117
6527	0.09805
6528	-0.82847
6529	0.48089
6530	-0.12481
6531	-0.05206
6532	-0.00039
6533	0.03480
6534	0.04039
6535	-0.00689
6536	-0.01829
6537	-0.00531
6538	-0.08675
6539	-0.01716
6540	0.02346
6541	0.00757
6542	-0.02231
6543	-0.01119
6544	0.00554
6545	-0.00451
6546	0.00051
6547	0.01201
6548	0.00214
6549	-0.00355
6550	0.02862
6551	0.12684
6552	0.13975
6553	0.07155
6554	0.08606
6555	0.15704
6556	0.20719
6557	0.33879
6558	0.34424
6559	0.22209
6560	0.16258
6561	0.11315
6562	0.05157
6563	-0.02573
6564	-0.02051
6565	0.08028
6566	0.20037
6567	0.18391
6568	0.08619
6569	-0.02975
6570	-0.07147
6571	-0.10042
6572	-0.11193
6573	-0.01573
6574	0.10681
6575	0.15582
6576	0.10997
6577	-0.01844
6578	-0.14679
6579	-0.25424
6580	-0.35806
6581	-0.40796
6582	-0.22317
6583	-0.37962
6584	-0.40069
6585	-0.20082
6586	-0.00389
6587	0.20572
6588	0.32295
6589	0.22843
6590	0.07944
6591	0.03001
6592	0.01354
6593	0.00400
6594	-0.00168
6595	-0.00622
6596	-0.00702
6597	0.00002
6598	0.01516
6599	0.02138
6600	0.01288
6601	-0.00208
6602	-0.01332
6603	-0.01424
6604	-0.01453
6605	-0.03335
6606	-0.04533
6607	-0.04181
6608	-0.05450
6609	-0.08665
6610	-0.09056
6611	-0.05736
6612	-0.03035
6613	-0.02007
6614	-0.01931
6615	-0.00974
6616	0.01184
6617	0.01523
6618	-0.00126
6619	0.00062
6620	0.00588
6621	0.00463
6622	0.00059
6623	-0.00361
6624	0.00226
6625	-0.00042
6626	-0.00043
6627	-0.00376
6628	0.00026
6629	0.00017
6630	-0.00733
6631	0.08489
6632	-0.78118
6633	-1.33008
6634	-0.52823
6635	0.58225
6636	-0.08568
6637	0.08471
6638	0.29549
6639	-0.35572
6640	-0.14987
6641	0.01972
6642	0.01169
6643	0.00042
6644	-0.02046
6645	-0.02078
6646	-0.03254
6647	-0.05211
6648	-0.05603
6649	-0.02868
6650	-0.00434
6651	-0.05483
6652	-0.11752
6653	-0.06816
6654	0.02450
6655	-0.03909
6656	-0.05513
6657	0.05981
6658	0.00518
6659	-0.02960
6660	0.05080
6661	0.08027
6662	0.06667
6663	0.10169
6664	0.16953
6665	0.15833
6666	0.07480
6667	0.04553
6668	0.08554
6669	0.11593
6670	0.06643
6671	0.05400
6672	0.03816
6673	0.00114
6674	0.01527
6675	0.07444
6676	0.07374
6677	-0.01603
6678	-0.12070
6679	-0.33412
6680	-0.30364
6681	-0.18348
6682	-0.10857
6683	-0.04314
6684	-0.01850
6685	-0.01944
6686	-0.08292
6687	-0.24195
6688	-0.25423
6689	-0.17531
6690	-0.43390
6691	-0.25452
6692	0.00939
6693	0.15689
6694	0.28566
6695	0.18837
6696	0.06330
6697	0.02052
6698	0.01969
6699	0.00252
6700	-0.01799
6701	-0.03959
6702	-0.04293
6703	-0.02265
6704	0.01491
6705	0.03307
6706	0.01712
6707	0.00024
6708	0.00365
6709	0.00212
6710	-0.01697
6711	-0.02896
6712	-0.04406
6713	-0.07631
6714	-0.10360
6715	-0.11414
6716	-0.10100
6717	-0.07952
6718	-0.07567
6719	-0.07318
6720	-0.04343
6721	-0.00687
6722	0.01764
6723	0.04045
6724	0.05712
6725	0.04850
6726	0.01866
6727	-0.00388
6728	0.00294
6729	0.01428
6730	0.00688
6731	-0.00094
6732	0.00961
6733	0.00776
6734	0.00327
6735	0.00420
6736	-0.00313
6737	-0.00146
6738	0.09134
6739	-0.00138
6740	-0.80863
6741	-1.47474
6742	0.04174
6743	1.34933
6744	-0.78903
6745	0.25520
6746	-0.15293
6747	-0.28917
6748	-0.01061
6749	0.00898
6750	-0.11302
6751	0.01499
6752	0.00839
6753	-0.03460
6754	-0.07544
6755	-0.03401
6756	-0.00687
6757	-0.02046
6758	-0.02363
6759	-0.03347
6760	-0.04663
6761	0.03270
6762	0.06253
6763	-0.07854
6764	-0.01325
6765	0.03706
6766	0.01508
6767	0.08413
6768	0.05022
6769	0.01891
6770	0.06296
6771	0.06971
6772	0.05214
6773	0.06094
6774	0.09515
6775	0.13373
6776	0.09000
6777	0.01667
6778	-0.03399
6779	0.01124
6780	0.07799
6781	0.08075
6782	0.00897
6783	-0.04195
6784	-0.05406
6785	-0.03884
6786	0.01335
6787	0.07290
6788	0.07524
6789	0.02071
6790	-0.00906
6791	-0.00612
6792	-0.04197
6793	-0.11741
6794	-0.21920
6795	-0.31675
6796	-0.24940
6797	-0.11671
6798	0.00212
6799	0.19716
6800	0.16919
6801	0.12669
6802	0.16226
6803	0.18399
6804	0.03883
6805	0.00467
6806	0.01128
6807	-0.00836
6808	-0.02888
6809	-0.05424
6810	-0.04918
6811	-0.00944
6812	0.02456
6813	0.03207
6814	0.02234
6815	0.00394
6816	0.00403
6817	0.01520
6818	-0.01196
6819	-0.04760
6820	-0.07165
6821	-0.09597
6822	-0.10196
6823	-0.08372
6824	-0.07111
6825	-0.07004
6826	-0.05681
6827	-0.02631
6828	0.00478
6829	0.01707
6830	0.01639
6831	0.01778
6832	0.01821
6833	0.00552
6834	-0.00513
6835	0.00328
6836	0.01466
6837	0.01471
6838	0.00183
6839	0.00203
6840	-0.00969
6841	-0.00028
6842	-0.01944
6843	-0.05322
6844	-0.03903
6845	0.00007
6846	0.00925
6847	0.54568
6848	-0.27197
6849	-0.97798
6850	-0.49634
6851	0.13681
6852	0.02552
6853	-0.57481
6854	0.08399
6855	0.42096
6856	-0.04005
6857	-0.04037
6858	0.00403
6859	-0.07199
6860	-0.09322
6861	0.01053
6862	-0.00461
6863	-0.00312
6864	0.08494
6865	0.01476
6866	-0.03924
6867	0.00591
6868	0.00397
6869	-0.00652
6870	0.02666
6871	0.05732
6872	0.01373
6873	0.01533
6874	0.03850
6875	0.05968
6876	0.03595
6877	0.02443
6878	0.07032
6879	0.11709
6880	0.14993
6881	0.24649
6882	0.37666
6883	0.33212
6884	0.20711
6885	0.16086
6886	0.07364
6887	0.01205
6888	-0.06578
6889	-0.13726
6890	-0.07706
6891	-0.02081
6892	0.00436
6893	0.06813
6894	0.11683
6895	0.07546
6896	-0.01531
6897	-0.05245
6898	-0.00751
6899	0.02333
6900	-0.03025
6901	-0.10039
6902	-0.10180
6903	-0.09332
6904	-0.12470
6905	-0.16996
6906	-0.16918
6907	-0.23819
6908	-0.11572
6909	0.05091
6910	0.12299
6911	0.23809
6912	0.27426
6913	0.00963
6914	-0.01312
6915	-0.00244
6916	-0.01251
6917	-0.00753
6918	0.00956
6919	0.01490
6920	0.00499
6921	-0.00169
6922	0.00844
6923	0.01097
6924	0.00021
6925	0.00081
6926	0.00088
6927	-0.01609
6928	-0.02741
6929	-0.03741
6930	-0.06105
6931	-0.08125
6932	-0.07672
6933	-0.05983
6934	-0.05130
6935	-0.04505
6936	-0.03743
6937	-0.03221
6938	-0.02677
6939	-0.01776
6940	-0.00061
6941	0.01546
6942	0.01523
6943	-0.00079
6944	-0.01440
6945	-0.01139
6946	-0.00221
6947	0.00519
6948	0.01464
6949	0.01309
6950	-0.00011
6951	-0.01057
6952	0.00004
6953	-0.03511
6954	-0.06758
6955	-0.01687
6956	0.00745
6957	-0.16023
6958	-0.23868
6959	-0.39005
6960	-0.27050
6961	0.78853
6962	-0.59269
6963	-1.27365
6964	-0.02106
6965	-0.11996
6966	-0.00507
6967	0.00543
6968	-0.00575
6969	0.00109
6970	0.00000
6971	0.01389
6972	-0.06690
6973	-0.00495
6974	0.01460
6975	-0.02971
6976	-0.00975
6977	-0.00327
6978	-0.00614
6979	0.00271
6980	0.00923
6981	0.04111
6982	0.01064
6983	0.03210
6984	0.06397
6985	0.02961
6986	0.00428
6987	0.02342
6988	0.13948
6989	0.16302
6990	0.13761
6991	0.19925
6992	0.15792
6993	0.14594
6994	0.25253
6995	0.44534
6996	0.24796
6997	0.09608
6998	0.07494
6999	0.11234
7000	0.14015
7001	0.10229
7002	0.10341
7003	0.05084
7004	-0.05214
7005	-0.17413
7006	-0.26327
7007	-0.26548
7008	-0.16753
7009	-0.03447
7010	0.07602
7011	0.04473
7012	-0.03450
7013	-0.09202
7014	-0.15644
7015	-0.18619
7016	-0.12880
7017	-0.25045
7018	-0.15292
7019	0.00987
7020	0.10299
7021	0.22533
7022	0.22570
7023	0.03447
7024	0.00129
7025	0.00221
7026	-0.00233
7027	-0.01718
7028	-0.03137
7029	-0.03738
7030	-0.03642
7031	-0.00506
7032	0.02606
7033	0.01943
7034	0.00134
7035	-0.00224
7036	0.00050
7037	-0.01262
7038	-0.04635
7039	-0.07069
7040	-0.06613
7041	-0.05593
7042	-0.05434
7043	-0.05413
7044	-0.03941
7045	-0.01762
7046	-0.00666
7047	-0.00247
7048	-0.00128
7049	0.00046
7050	0.00860
7051	0.02042
7052	0.01304
7053	-0.01211
7054	-0.00677
7055	0.01003
7056	0.01380
7057	0.00775
7058	0.00306
7059	0.00433
7060	-0.00771
7061	-0.00019
7062	-0.00362
7063	-0.00893
7064	-0.00375
7065	0.00619
7066	-0.05013
7067	-0.50547
7068	-0.71279
7069	-0.36109
7070	0.41257
7071	0.15623
7072	-0.34325
7073	0.53659
7074	-0.24931
7075	-0.34044
7076	0.00013
7077	-0.02996
7078	0.00945
7079	-0.00791
7080	0.03405
7081	0.06952
7082	0.01214
7083	0.00196
7084	-0.00626
7085	-0.03416
7086	-0.05184
7087	0.01209
7088	-0.02042
7089	-0.01459
7090	0.03905
7091	0.01405
7092	-0.01023
7093	0.05108
7094	0.05080
7095	0.06198
7096	0.10389
7097	0.01295
7098	0.07871
7099	0.09465
7100	0.04081
7101	0.06725
7102	0.10195
7103	0.11936
7104	0.05094
7105	-0.01220
7106	-0.02678
7107	0.05493
7108	0.10878
7109	0.12518
7110	0.02745
7111	-0.01919
7112	-0.01444
7113	-0.04383
7114	-0.12296
7115	-0.10539
7116	0.00612
7117	0.18609
7118	0.22237
7119	0.17380
7120	0.14687
7121	0.07750
7122	-0.01741
7123	-0.17122
7124	-0.18647
7125	-0.15218
7126	-0.18641
7127	-0.05484
7128	0.07360
7129	0.09354
7130	0.16522
7131	0.30840
7132	0.09278
7133	0.01313
7134	0.01976
7135	-0.00357
7136	-0.01788
7137	-0.03946
7138	-0.02897
7139	0.01015
7140	0.05283
7141	0.05564
7142	0.02317
7143	0.00214
7144	0.00062
7145	-0.00523
7146	-0.05440
7147	-0.09440
7148	-0.09390
7149	-0.08377
7150	-0.07447
7151	-0.07665
7152	-0.08486
7153	-0.08339
7154	-0.06771
7155	-0.03825
7156	-0.01532
7157	-0.00225
7158	0.00902
7159	0.02293
7160	0.03397
7161	0.02582
7162	-0.00133
7163	-0.01134
7164	0.00060
7165	0.01205
7166	0.01073
7167	0.00214
7168	0.00164
7169	-0.00941
7170	0.00091
7171	-0.02125
7172	-0.04354
7173	-0.02366
7174	0.00345
7175	-0.00063
7176	-0.34939
7177	-0.65585
7178	-0.47569
7179	0.63506
7180	-0.01292
7181	-1.02501
7182	0.26428
7183	-0.07593
7184	-0.08851
7185	0.00009
7186	0.12757
7187	-0.03369
7188	-0.02309
7189	0.00753
7190	-0.06297
7191	-0.05953
7192	0.02183
7193	-0.04626
7194	-0.04390
7195	-0.00794
7196	-0.00411
7197	-0.02685
7198	-0.02484
7199	0.02548
7200	-0.01172
7201	-0.02725
7202	0.13390
7203	0.06131
7204	0.00198
7205	0.01274
7206	0.01287
7207	0.03016
7208	0.04340
7209	0.14228
7210	0.25290
7211	0.19800
7212	0.20500
7213	0.21109
7214	0.10395
7215	0.04975
7216	0.06881
7217	0.02859
7218	-0.02961
7219	-0.05188
7220	-0.02901
7221	-0.05525
7222	-0.14571
7223	-0.28330
7224	-0.27850
7225	-0.15854
7226	-0.04249
7227	0.04913
7228	0.08899
7229	0.06040
7230	0.04339
7231	-0.00063
7232	-0.10117
7233	-0.13279
7234	-0.12385
7235	-0.26749
7236	-0.21148
7237	-0.11287
7238	-0.00132
7239	0.13968
7240	0.20601
7241	-0.01279
7242	0.08760
7243	0.16655
7244	0.00949
7245	-0.02023
7246	-0.03397
7247	-0.02175
7248	-0.00935
7249	-0.00085
7250	0.01294
7251	0.02746
7252	0.02405
7253	0.00866
7254	-0.00247
7255	-0.01033
7256	-0.01720
7257	-0.05931
7258	-0.11556
7259	-0.10270
7260	-0.06181
7261	-0.04979
7262	-0.06681
7263	-0.08515
7264	-0.08382
7265	-0.06138
7266	-0.03052
7267	-0.00726
7268	0.00837
7269	0.02352
7270	0.03804
7271	0.03110
7272	-0.00626
7273	-0.02396
7274	-0.01030
7275	0.00666
7276	0.00864
7277	-0.00361
7278	0.00861
7279	0.00141
7280	0.00270
7281	-0.00521
7282	-0.00953
7283	-0.00185
7284	0.00172
7285	0.01416
7286	-0.25425
7287	-0.98086
7288	-0.71306
7289	0.86429
7290	-0.66709
7291	-0.42348
7292	0.47821
7293	-0.06952
7294	-0.14998
7295	-0.02355
7296	-0.00002
7297	0.09577
7298	0.02853
7299	0.04309
7300	-0.00976
7301	0.02681
7302	-0.03832
7303	-0.11787
7304	0.00166
7305	0.02764
7306	-0.07976
7307	-0.02479
7308	0.00567
7309	0.00095
7310	0.00089
7311	0.00379
7312	0.04351
7313	-0.00825
7314	0.01114
7315	0.03115
7316	0.03187
7317	0.05310
7318	0.10674
7319	0.16620
7320	0.18189
7321	0.09405
7322	0.07905
7323	0.08020
7324	0.09233
7325	0.13308
7326	0.14559
7327	0.13811
7328	0.14021
7329	0.11644
7330	0.11005
7331	0.07065
7332	0.00684
7333	-0.05433
7334	-0.09778
7335	-0.09155
7336	-0.05279
7337	0.02045
7338	0.05678
7339	0.03266
7340	-0.02798
7341	-0.12239
7342	-0.26367
7343	-0.23477
7344	-0.19294
7345	-0.39797
7346	-0.15772
7347	0.02840
7348	0.20153
7349	0.27254
7350	0.26176
7351	0.13820
7352	0.03962
7353	0.04171
7354	-0.00005
7355	-0.00882
7356	-0.02653
7357	-0.03033
7358	-0.02956
7359	-0.01604
7360	0.01547
7361	0.03389
7362	0.01289
7363	-0.00411
7364	0.00112
7365	-0.00542
7366	-0.03250
7367	-0.07859
7368	-0.10296
7369	-0.08722
7370	-0.06986
7371	-0.07428
7372	-0.09742
7373	-0.09990
7374	-0.06476
7375	-0.02822
7376	-0.00585
7377	0.01318
7378	0.02620
7379	0.02788
7380	0.01912
7381	0.00266
7382	-0.00954
7383	-0.01145
7384	-0.00394
7385	0.00410
7386	-0.00773
7387	-0.00360
7388	-0.00014
7389	-0.00069
7390	-0.01378
7391	-0.02742
7392	-0.01251
7393	0.00294
7394	0.12755
7395	-0.28180
7396	-0.63933
7397	-0.86637
7398	-0.12049
7399	0.93285
7400	-1.20861
7401	-0.36766
7402	0.06417
7403	-0.23030
7404	-0.05326
7405	-0.00822
7406	-0.01022
7407	-0.01203
7408	0.00027
7409	0.13827
7410	0.04168
7411	-0.02278
7412	0.01000
7413	-0.00783
7414	-0.01418
7415	0.02667
7416	-0.02760
7417	0.00723
7418	0.04239
7419	0.00439
7420	0.00881
7421	0.02801
7422	0.05034
7423	0.02014
7424	0.01372
7425	0.06650
7426	0.14736
7427	0.14235
7428	0.11359
7429	0.20656
7430	0.17128
7431	0.11752
7432	0.18156
7433	0.22199
7434	0.18084
7435	0.11647
7436	0.14599
7437	0.19373
7438	0.13692
7439	0.09913
7440	0.09660
7441	0.09475
7442	0.01543
7443	-0.02497
7444	0.07200
7445	0.16013
7446	0.12252
7447	0.13186
7448	0.17228
7449	0.08356
7450	-0.08239
7451	-0.26925
7452	-0.43519
7453	-0.26310
7454	-0.23778
7455	-0.28092
7456	0.02400
7457	0.18762
7458	0.20532
7459	0.30809
7460	0.39971
7461	0.04663
7462	0.01657
7463	0.03513
7464	-0.00646
7465	-0.04649
7466	-0.07481
7467	-0.05307
7468	-0.00182
7469	0.04937
7470	0.05725
7471	0.03103
7472	0.00578
7473	-0.00198
7474	-0.01085
7475	-0.05090
7476	-0.09569
7477	-0.11169
7478	-0.11508
7479	-0.10861
7480	-0.08456
7481	-0.08435
7482	-0.09257
7483	-0.06878
7484	-0.02906
7485	-0.00171
7486	0.01444
7487	0.03270
7488	0.05660
7489	0.06144
7490	0.02875
7491	-0.00577
7492	-0.00048
7493	0.01680
7494	0.01282
7495	-0.00310
7496	0.00030
7497	-0.00669
7498	-0.00600
7499	0.00092
7500	-0.00366
7501	0.00180
7502	-0.01680
7503	-0.04889
7504	-0.41783
7505	-0.98734
7506	-0.17945
7507	0.84078
7508	-0.05484
7509	0.51870
7510	0.08527
7511	-0.34415
7512	-0.02943
7513	0.01156
7514	0.10309
7515	-0.00874
7516	-0.01491
7517	-0.00311
7518	-0.06362
7519	-0.08558
7520	-0.02120
7521	0.00310
7522	-0.05825
7523	-0.05388
7524	-0.03876
7525	0.00422
7526	0.02185
7527	0.02601
7528	0.07620
7529	0.04562
7530	0.01609
7531	0.11471
7532	0.20840
7533	0.03373
7534	0.20086
7535	0.32603
7536	0.18703
7537	0.10503
7538	0.01734
7539	-0.07970
7540	-0.09075
7541	-0.05392
7542	-0.00598
7543	0.02390
7544	0.02668
7545	0.03712
7546	0.04934
7547	0.02044
7548	-0.05736
7549	-0.18173
7550	-0.22923
7551	-0.13819
7552	-0.06698
7553	-0.06503
7554	-0.05666
7555	-0.07188
7556	-0.14874
7557	-0.11069
7558	-0.02904
7559	0.09687
7560	0.21320
7561	0.21346
7562	-0.00556
7563	0.02750
7564	-0.02787
7565	-0.06838
7566	-0.08705
7567	-0.08124
7568	-0.01791
7569	0.04551
7570	0.05151
7571	0.02645
7572	0.00509
7573	-0.00307
7574	-0.00470
7575	-0.01300
7576	-0.03299
7577	-0.03827
7578	-0.03449
7579	-0.04675
7580	-0.06947
7581	-0.08205
7582	-0.08577
7583	-0.07718
7584	-0.04737
7585	0.00009
7586	0.02653
7587	0.00981
7588	-0.00157
7589	0.00928
7590	0.03220
7591	0.02976
7592	0.01039
7593	-0.01068
7594	-0.01109
7595	0.00565
7596	-0.00017
7597	-0.03675
7598	-0.11106
7599	0.26488
7600	-0.32470
7601	-0.44278
7602	-0.65500
7603	-0.08475
7604	-0.04575
7605	0.25906
7606	0.66194
7607	0.02006
7608	0.05529
7609	0.16397
7610	0.20021
7611	0.05167
7612	0.02234
7613	-0.00093
7614	-0.29761
7615	-0.12930
7616	-0.00576
7617	0.01411
7618	0.01585
7619	0.00609
7620	0.01449
7621	-0.00639
7622	-0.05771
7623	-0.08200
7624	-0.01817
7625	0.02172
7626	0.10441
7627	0.22472
7628	0.23222
7629	0.35337
7630	0.36731
7631	0.61975
7632	0.98871
7633	0.83901
7634	0.46679
7635	0.63434
7636	0.22736
7637	0.03722
7638	-0.03629
7639	-0.02062
7640	0.00218
7641	0.00441
7642	0.01157
7643	-0.00555
7644	-0.06022
7645	-0.10734
7646	-0.13514
7647	-0.14667
7648	-0.15797
7649	-0.13874
7650	-0.07083
7651	-0.01643
7652	0.00368
7653	0.00601
7654	0.00960
7655	-0.01242
7656	-0.02075
7657	0.00128
7658	0.00907
7659	0.00330
7660	-0.00729
7661	0.00513
7662	0.02541
7663	-0.02164
7664	-0.09221
7665	-0.11532
7666	-0.09448
7667	-0.03969
7668	0.01127
7669	0.03034
7670	0.01502
7671	-0.01267
7672	-0.04188
7673	-0.04574
7674	-0.00277
7675	0.07020
7676	0.11183
7677	0.05812
7678	0.01249
7679	-0.01858
7680	-0.07638
7681	-0.23377
7682	-0.31567
7683	0.53580
7684	1.78195
7685	0.57917
7686	0.22545
7687	0.96813
7688	0.43583
7689	0.15327
7690	0.04895
7691	0.43125
7692	-0.02316
7693	-0.00967
7694	-0.08087
7695	-0.13469
7696	-0.48864
7697	-0.30966
7698	-0.08720
7699	-0.18665
7700	-0.03797
7701	-0.02915
7702	-0.15788
7703	-0.14092
7704	-0.22021
7705	-0.10185
7706	-0.00392
7707	-0.07366
7708	-0.06148
7709	0.01413
7710	-0.02777
7711	-0.06868
7712	-0.01622
7713	-0.00960
7714	0.00394
7715	0.00164
7716	0.00236
7717	0.00459
7718	0.00444
7719	-0.00341
7720	-0.00349
7721	0.00053
7722	-0.01229
7723	-0.05274
7724	-0.10237
7725	-0.10584
7726	-0.05629
7727	-0.00092
7728	0.01540
7729	0.00734
7730	-0.00044
7731	0.00748
7732	0.01520
7733	0.00876
7734	0.00297
7735	0.00414
7736	0.00916
7737	0.00888
7738	0.00248
7739	-0.00325
7740	-0.00486
7741	0.00427
7742	0.03063
7743	0.03689
7744	0.01003
7745	-0.01529
7746	0.01727
7747	0.01315
7748	-0.07590
7749	-0.06819
7750	0.00756
7751	0.06388
7752	0.06227
7753	0.01879
7754	-0.01903
7755	-0.16075
7756	-0.33675
7757	-0.01059
7758	2.00802
7759	0.72673
7760	-0.13648
7761	0.22680
7762	-0.06611
7763	-0.12357
7764	-0.18511
7765	-0.09909
7766	-0.02390
7767	-0.04324
7768	-0.10988
7769	-0.26258
7770	-0.62812
7771	-0.26547
7772	0.04302
7773	-0.12360
7774	-0.17000
7775	-0.31978
7776	-0.18389
7777	-0.17230
7778	-0.22091
7779	-0.11471
7780	-0.06142
7781	-0.07521
7782	-0.10386
7783	0.01471
7784	-0.00300
7785	0.16295
7786	0.05054
7787	0.00128
7788	0.01455
7789	-0.01570
7790	-0.01897
7791	0.00699
7792	0.02750
7793	0.01918
7794	-0.00040
7795	-0.00376
7796	-0.11760
7797	-0.31907
7798	-0.27959
7799	-0.07509
7800	0.03605
7801	0.02703
7802	-0.00297
7803	-0.00290
7804	0.01533
7805	0.01904
7806	0.01111
7807	0.00274
7808	-0.01553
7809	-0.04017
7810	-0.05560
7811	-0.04856
7812	-0.02821
7813	-0.00855
7814	0.03847
7815	0.09461
7816	0.05306
7817	-0.01536
7818	0.03897
7819	-0.04981
7820	-0.15656
7821	-0.02248
7822	0.14836
7823	0.16050
7824	0.05677
7825	0.00728
7826	-0.03594
7827	-0.13636
7828	-0.16036
7829	-0.29876
7830	1.51646
7831	1.74223
7832	-0.03042
7833	0.68037
7834	0.11246
7835	-0.05229
7836	0.00278
7837	0.28212
7838	0.11617
7839	0.05043
7840	-0.17615
7841	-0.17424
7842	-0.56391
7843	-0.69224
7844	0.01688
7845	0.00601
7846	-0.05021
7847	-0.08946
7848	-0.24514
7849	-0.05112
7850	-0.19006
7851	-0.30958
7852	0.04753
7853	0.01492
7854	-0.15935
7855	-0.00076
7856	-0.01145
7857	-0.01892
7858	-0.00834
7859	-0.00701
7860	-0.00431
7861	0.00194
7862	0.01131
7863	0.01190
7864	0.00346
7865	0.00041
7866	-0.02032
7867	-0.10866
7868	-0.17505
7869	-0.10343
7870	-0.01573
7871	0.00677
7872	0.00374
7873	0.00280
7874	-0.00080
7875	-0.00745
7876	-0.00825
7877	-0.00213
7878	-0.00011
7879	-0.00032
7880	0.00582
7881	0.01407
7882	0.00801
7883	-0.00251
7884	0.03620
7885	0.13148
7886	0.18567
7887	0.07981
7888	-0.00248
7889	0.00916
7890	-0.07750
7891	-0.06910
7892	0.00090
7893	0.07331
7894	0.05918
7895	0.00147
7896	-0.00440
7897	-0.00766
7898	-0.14839
7899	-0.47981
7900	-0.26540
7901	1.69378
7902	1.38727
7903	0.07288
7904	1.55649
7905	-0.09203
7906	-0.11165
7907	-0.00630
7908	0.29272
7909	0.12740
7910	0.03915
7911	-0.06096
7912	-0.00487
7913	-0.42435
7914	-0.81801
7915	0.15521
7916	-0.07969
7917	-0.12326
7918	-0.10685
7919	-0.24259
7920	-0.17728
7921	-0.16404
7922	-0.21217
7923	0.01569
7924	-0.02617
7925	-0.09249
7926	0.04637
7927	-0.03963
7928	-0.23900
7929	-0.03015
7930	-0.00751
7931	-0.00396
7932	-0.00282
7933	-0.00014
7934	0.00003
7935	0.00136
7936	-0.00266
7937	0.00641
7938	-0.02272
7939	-0.21009
7940	-0.31050
7941	-0.14252
7942	-0.00694
7943	-0.00287
7944	-0.00152
7945	-0.00489
7946	-0.03255
7947	-0.03854
7948	-0.01604
7949	0.00519
7950	0.01863
7951	0.02959
7952	0.03247
7953	0.03201
7954	0.02476
7955	-0.00221
7956	0.01089
7957	0.05851
7958	0.05708
7959	0.01085
7960	-0.02470
7961	-0.26101
7962	-0.38475
7963	-0.04937
7964	0.21023
7965	0.24689
7966	0.11563
7967	0.01760
7968	-0.01766
7969	-0.19174
7970	-0.25452
7971	0.08130
7972	1.41682
7973	0.79560
7974	-0.39146
7975	0.04664
7976	0.09315
7977	-0.02714
7978	0.03472
7979	0.05985
7980	-0.02399
7981	-0.01290
7982	-0.15672
7983	-0.29052
7984	-0.57790
7985	-0.26809
7986	-0.04895
7987	-0.06619
7988	-0.04383
7989	-0.13459
7990	-0.18459
7991	-0.17811
7992	-0.17974
7993	-0.08021
7994	-0.05375
7995	-0.13420
7996	-0.01586
7997	0.00804
7998	-0.06408
7999	-0.03332
8000	0.00182
8001	-0.00274
8002	-0.00010
8003	-0.00094
8004	-0.00503
8005	-0.00241
8006	-0.00001
8007	0.00176
8008	-0.01020
8009	-0.10986
8010	-0.24372
8011	-0.20413
8012	-0.05595
8013	0.01251
8014	0.00812
8015	-0.00067
8016	0.00004
8017	-0.00331
8018	-0.00320
8019	0.00425
8020	0.00773
8021	-0.00663
8022	-0.04059
8023	-0.05166
8024	-0.01674
8025	0.00077
8026	0.02748
8027	0.12126
8028	0.18934
8029	0.06172
8030	0.00130
8031	0.01574
8032	-0.09326
8033	-0.05963
8034	0.06439
8035	0.14199
8036	0.08205
8037	0.01105
8038	-0.02192
8039	-0.11123
8040	-0.19613
8041	-0.59601
8042	0.43389
8043	2.04189
8044	0.29347
8045	0.70056
8046	0.57145
8047	-0.01901
8048	0.02619
8049	0.22145
8050	0.22688
8051	0.01002
8052	-0.06718
8053	-0.09161
8054	-0.29683
8055	-0.88734
8056	-0.30773
8057	-0.09328
8058	-0.22734
8059	-0.01371
8060	-0.22243
8061	-0.21388
8062	-0.09958
8063	-0.15079
8064	-0.11590
8065	-0.01666
8066	-0.01763
8067	-0.00397
8068	0.00341
8069	0.00719
8070	0.02989
8071	0.00145
8072	-0.00541
8073	-0.01696
8074	-0.01360
8075	0.00804
8076	0.01761
8077	0.00253
8078	-0.00862
8079	-0.04858
8080	-0.16088
8081	-0.27043
8082	-0.21048
8083	-0.06420
8084	-0.00315
8085	0.00013
8086	0.00021
8087	-0.00245
8088	-0.00680
8089	0.00007
8090	0.01345
8091	0.01623
8092	0.01395
8093	0.02158
8094	0.04636
8095	0.05299
8096	0.01051
8097	0.00556
8098	0.07021
8099	0.07821
8100	-0.00250
8101	0.00764
8102	0.02560
8103	-0.30874
8104	-0.28497
8105	0.03820
8106	0.21226
8107	0.19309
8108	0.06669
8109	0.01468
8110	0.00490
8111	-0.10848
8112	-0.06137
8113	-0.70341
8114	1.23363
8115	2.07573
8116	-0.01880
8117	1.05124
8118	0.30771
8119	0.11425
8120	0.09978
8121	0.66758
8122	0.13360
8123	0.06928
8124	-0.24763
8125	-0.19732
8126	-0.31742
8127	-0.53068
8128	-0.08275
8129	0.00242
8130	-0.03266
8131	-0.07282
8132	-0.12723
8133	-0.10486
8134	-0.14656
8135	-0.21044
8136	-0.02540
8137	0.01569
8138	-0.08568
8139	-0.03272
8140	0.01003
8141	-0.25842
8142	-0.13460
8143	0.07052
8144	-0.00505
8145	-0.00316
8146	-0.00192
8147	0.00047
8148	-0.00016
8149	0.00036
8150	0.00520
8151	-0.01551
8152	-0.10949
8153	-0.20580
8154	-0.12701
8155	-0.00834
8156	-0.00935
8157	-0.00444
8158	0.00820
8159	0.00058
8160	-0.00816
8161	-0.00806
8162	0.00095
8163	0.01085
8164	0.00543
8165	-0.00371
8166	0.00027
8167	-0.00080
8168	0.00777
8169	0.01855
8170	0.01976
8171	0.01472
8172	-0.00877
8173	0.05044
8174	0.13381
8175	0.00073
8176	-0.07345
8177	0.03550
8178	0.11631
8179	0.09023
8180	0.02967
8181	0.00510
8182	-0.00502
8183	-0.10539
8184	-0.64310
8185	-0.78169
8186	1.73151
8187	2.09175
8188	-0.05955
8189	1.29014
8190	0.18419
8191	0.01702
8192	-0.01155
8193	0.33967
8194	0.13185
8195	0.04736
8196	-0.19247
8197	-0.10036
8198	-0.44917
8199	-0.71595
8200	-0.05763
8201	-0.01964
8202	-0.11560
8203	-0.12700
8204	-0.22918
8205	-0.05751
8206	-0.10592
8207	-0.29701
8208	-0.00647
8209	-0.00187
8210	-0.04232
8211	0.02229
8212	-0.04515
8213	-0.04284
8214	0.00233
8215	0.00104
8216	-0.00820
8217	-0.01272
8218	0.00270
8219	0.00787
8220	0.00099
8221	-0.00176
8222	-0.01437
8223	-0.13620
8224	-0.34351
8225	-0.34055
8226	-0.13037
8227	-0.01212
8228	-0.00004
8229	0.00482
8230	0.02009
8231	0.02491
8232	0.01184
8233	0.00398
8234	0.00795
8235	0.01748
8236	0.01978
8237	0.00027
8238	-0.01705
8239	-0.01578
8240	-0.02286
8241	-0.00656
8242	0.05431
8243	0.08063
8244	0.02070
8245	0.00560
8246	0.03085
8247	-0.04153
8248	-0.08535
8249	0.02986
8250	0.15096
8251	0.14051
8252	0.04473
8253	-0.01695
8254	-0.11169
8255	-0.03752
8256	-0.32337
8257	0.95349
8258	1.00179
8259	-0.01933
8260	0.28609
8261	-0.19153
8262	-0.08498
8263	-0.07922
8264	0.04890
8265	0.04456
8266	0.13157
8267	0.01301
8268	-0.05897
8269	-0.55509
8270	-0.84412
8271	-0.03099
8272	-0.08787
8273	-0.11532
8274	-0.14532
8275	-0.29766
8276	-0.09886
8277	-0.32519
8278	-0.23208
8279	-0.03399
8280	-0.04015
8281	-0.03408
8282	-0.03258
8283	0.06145
8284	0.05955
8285	-0.00070
8286	-0.01865
8287	-0.02066
8288	-0.00367
8289	0.00863
8290	0.00558
8291	-0.00421
8292	-0.01528
8293	0.00031
8294	-0.04707
8295	-0.20544
8296	-0.27041
8297	-0.14251
8298	-0.01513
8299	0.00248
8300	-0.00107
8301	-0.00369
8302	-0.01712
8303	-0.00324
8304	0.00974
8305	0.00961
8306	0.00711
8307	-0.00799
8308	-0.02183
8309	-0.01479
8310	-0.01821
8311	-0.02064
8312	0.02151
8313	0.10063
8314	0.08706
8315	-0.01265
8316	0.03883
8317	-0.02714
8318	-0.29130
8319	-0.18586
8320	0.13134
8321	0.19718
8322	0.11153
8323	0.03743
8324	-0.00441
8325	-0.12397
8326	-0.31701
8327	-0.33139
8328	1.24396
8329	2.19045
8330	0.10348
8331	0.63262
8332	0.24472
8333	-0.17909
8334	-0.02146
8335	0.23676
8336	0.12636
8337	-0.00505
8338	-0.08735
8339	-0.22483
8340	-0.42254
8341	-0.72382
8342	-0.03644
8343	-0.01377
8344	-0.16297
8345	-0.09963
8346	-0.16407
8347	-0.16335
8348	-0.11115
8349	-0.22812
8350	-0.09215
8351	-0.01587
8352	-0.11804
8353	0.00682
8354	-0.00254
8355	0.03452
8356	0.00961
8357	0.00529
8358	-0.01622
8359	-0.02204
8360	-0.00529
8361	0.01188
8362	0.00992
8363	0.00149
8364	-0.00044
8365	-0.02094
8366	-0.11321
8367	-0.24914
8368	-0.26314
8369	-0.11308
8370	0.00512
8371	0.01062
8372	0.00167
8373	0.00195
8374	-0.00496
8375	-0.01232
8376	-0.00688
8377	0.00274
8378	-0.01961
8379	-0.06672
8380	-0.06773
8381	-0.03732
8382	-0.03342
8383	-0.01826
8384	0.02340
8385	0.08289
8386	0.10542
8387	0.01829
8388	0.01769
8389	-0.02357
8390	-0.10689
8391	0.02752
8392	0.10246
8393	0.09356
8394	0.02895
8395	-0.00041
8396	-0.00774
8397	-0.07724
8398	-0.23429
8399	-0.41587
8400	0.26990
8401	2.43518
8402	1.05702
8403	0.24724
8404	0.86005
8405	0.10548
8406	-0.07330
8407	0.01086
8408	0.15621
8409	0.00364
8410	0.02538
8411	-0.17679
8412	-0.28351
8413	-0.89572
8414	-0.53480
8415	-0.08213
8416	-0.04525
8417	-0.14468
8418	-0.51772
8419	-0.31896
8420	0.03852
8421	-0.28845
8422	-0.15769
8423	0.02843
8424	-0.07526
8425	-0.03409
8426	-0.00199
8427	0.04366
8428	0.10778
8429	-0.00021
8430	0.00476
8431	-0.00686
8432	0.00185
8433	0.01956
8434	0.01800
8435	0.00406
8436	-0.00055
8437	-0.03022
8438	-0.17358
8439	-0.27504
8440	-0.16783
8441	-0.02843
8442	0.00015
8443	-0.00421
8444	-0.00001
8445	-0.00701
8446	-0.01240
8447	-0.00594
8448	0.00935
8449	0.02560
8450	0.03786
8451	0.03854
8452	0.03105
8453	0.01779
8454	0.00158
8455	0.00610
8456	0.04743
8457	0.09620
8458	0.06046
8459	0.00054
8460	-0.01733
8461	-0.14927
8462	-0.10496
8463	0.06432
8464	0.12449
8465	0.07929
8466	0.01531
8467	-0.00225
8468	-0.01108
8469	-0.03639
8470	-0.07242
8471	-0.26478
8472	1.41747
8473	2.00824
8474	-0.18864
8475	0.08800
8476	-0.08660
8477	0.02143
8478	-0.11825
8479	-0.02394
8480	0.01903
8481	0.04720
8482	-0.10268
8483	0.00447
8484	-0.65045
8485	-0.65620
8486	-0.00384
8487	-0.10540
8488	-0.08452
8489	-0.12241
8490	-0.14960
8491	-0.06273
8492	-0.21063
8493	-0.19021
8494	0.05758
8495	-0.02842
8496	-0.03332
8497	0.00498
8498	-0.01582
8499	-0.10880
8500	0.00656
8501	-0.01175
8502	-0.00839
8503	0.00127
8504	0.00976
8505	0.00656
8506	-0.00054
8507	0.00169
8508	-0.01064
8509	-0.09092
8510	-0.17798
8511	-0.15393
8512	-0.04874
8513	0.00362
8514	-0.00609
8515	-0.00768
8516	0.00070
8517	-0.01347
8518	-0.02775
8519	-0.01972
8520	-0.00359
8521	0.00416
8522	-0.00151
8523	0.01250
8524	0.02095
8525	0.00007
8526	0.01985
8527	0.08666
8528	0.11492
8529	0.00817
8530	0.02923
8531	-0.02581
8532	-0.27913
8533	-0.16223
8534	0.13248
8535	0.23726
8536	0.13493
8537	0.02824
8538	-0.00630
8539	-0.11048
8540	-0.23595
8541	0.01142
8542	1.22582
8543	1.33314
8544	-0.07622
8545	0.19062
8546	-0.00784
8547	-0.15160
8548	-0.04031
8549	0.14156
8550	0.02222
8551	0.02702
8552	-0.15056
8553	-0.12413
8554	-0.50545
8555	-0.73178
8556	-0.04965
8557	-0.13833
8558	-0.08533
8559	-0.11840
8560	-0.24036
8561	-0.17871
8562	-0.13389
8563	-0.23601
8564	-0.06068
8565	-0.09562
8566	-0.11682
8567	0.01627
8568	-0.02471
8569	-0.00423
8570	-0.00210
8571	0.00263
8572	0.00008
8573	0.00028
8574	0.00367
8575	0.00518
8576	0.00086
8577	-0.00111
8578	0.00019
8579	-0.03457
8580	-0.14553
8581	-0.20622
8582	-0.10268
8583	-0.00593
8584	0.00329
8585	0.00358
8586	0.00580
8587	-0.01549
8588	-0.02614
8589	-0.00358
8590	0.00709
8591	-0.00193
8592	-0.00787
8593	-0.00231
8594	-0.00426
8595	-0.00512
8596	0.00534
8597	0.00948
8598	0.02411
8599	0.03651
8600	0.00107
8601	0.03480
8602	-0.00936
8603	-0.08850
8604	-0.00260
8605	0.06445
8606	0.05308
8607	0.03436
8608	0.00960
8609	-0.01888
8610	-0.10549
8611	-0.39272
8612	-0.66728
8613	1.44337
8614	1.49299
8615	-0.05687
8616	0.37454
8617	0.11978
8618	-0.05734
8619	-0.13194
8620	0.15691
8621	-0.00846
8622	0.06826
8623	-0.18944
8624	-0.25985
8625	-0.64779
8626	-0.42710
8627	-0.05064
8628	-0.09424
8629	-0.08336
8630	-0.18669
8631	-0.29338
8632	-0.20115
8633	-0.24316
8634	-0.12176
8635	-0.02566
8636	-0.09316
8637	-0.08228
8638	0.00664
8639	0.02823
8640	0.08378
8641	0.00393
8642	-0.00457
8643	-0.01217
8644	-0.01637
8645	-0.00492
8646	-0.00100
8647	-0.00644
8648	-0.00672
8649	0.00156
8650	-0.07131
8651	-0.21834
8652	-0.22847
8653	-0.10719
8654	-0.01961
8655	0.00527
8656	0.00076
8657	0.00029
8658	-0.00398
8659	-0.02186
8660	-0.01518
8661	0.00464
8662	0.01569
8663	0.01666
8664	0.01050
8665	0.00702
8666	-0.00039
8667	0.02129
8668	0.07287
8669	0.08274
8670	0.02303
8671	0.00773
8672	0.06248
8673	0.02992
8674	-0.03715
8675	0.01381
8676	0.05521
8677	0.03475
8678	0.00797
8679	-0.00030
8680	-0.04896
8681	0.10828
8682	0.21507
8683	0.97285
8684	1.27727
8685	0.02891
8686	0.26831
8687	0.08180
8688	-0.08683
8689	-0.00599
8690	0.05466
8691	0.01644
8692	-0.00947
8693	-0.26808
8694	-0.24739
8695	-0.39253
8696	-0.64455
8697	-0.10177
8698	-0.01546
8699	-0.20666
8700	-0.25454
8701	-0.40085
8702	-0.22127
8703	-0.19005
8704	-0.23946
8705	-0.11595
8706	-0.03255
8707	-0.04589
8708	-0.01696
8709	-0.00124
8710	0.08855
8711	0.07983
8712	0.00174
8713	-0.00153
8714	-0.00414
8715	-0.00209
8716	0.00270
8717	-0.00196
8718	-0.00652
8719	-0.00192
8720	-0.10179
8721	-0.31701
8722	-0.33621
8723	-0.14471
8724	-0.01129
8725	0.01005
8726	0.00243
8727	-0.00423
8728	-0.00421
8729	0.00617
8730	0.01715
8731	0.02104
8732	0.01935
8733	0.01401
8734	0.00506
8735	0.00442
8736	0.00325
8737	-0.00845
8738	0.02828
8739	0.10156
8740	0.09305
8741	-0.01455
8742	0.05163
8743	0.09331
8744	-0.03888
8745	-0.03796
8746	0.06175
8747	0.09686
8748	0.06734
8749	0.01078
8750	-0.00094
8751	-0.01926
8752	-0.25481
8753	-0.51169
8754	1.01660
8755	2.42519
8756	0.15451
8757	1.10345
8758	0.60157
8759	-0.23130
8760	-0.22394
8761	-0.00171
8762	0.00885
8763	-0.03154
8764	-0.10081
8765	-0.15867
8766	-0.49718
8767	-1.06486
8768	-0.03016
8769	0.05265
8770	-0.17614
8771	-0.21649
8772	-0.38204
8773	-0.20722
8774	-0.03153
8775	-0.17477
8776	-0.03449
8777	-0.04342
8778	-0.07153
8779	-0.00157
8780	-0.02255
8781	0.03867
8782	0.00554
8783	-0.00362
8784	-0.00549
8785	-0.01101
8786	-0.00337
8787	0.00839
8788	0.00118
8789	-0.00688
8790	0.00038
8791	-0.02646
8792	-0.16270
8793	-0.27408
8794	-0.19212
8795	-0.04356
8796	0.00706
8797	-0.00450
8798	-0.00041
8799	-0.00596
8800	-0.01454
8801	-0.00934
8802	-0.00371
8803	0.00195
8804	0.01176
8805	0.01514
8806	0.01262
8807	0.00481
8808	0.00230
8809	0.03823
8810	0.06664
8811	0.02142
8812	-0.02654
8813	0.04795
8814	0.04016
8815	-0.10220
8816	-0.06224
8817	0.04223
8818	0.07455
8819	0.04305
8820	0.00746
8821	-0.00045
8822	-0.00587
8823	-0.08570
8824	-0.41417
8825	-0.56349
8826	0.86050
8827	3.00267
8828	0.31789
8829	1.22703
8830	0.84568
8831	0.10266
8832	0.00058
8833	0.26971
8834	0.11773
8835	0.00830
8836	-0.19998
8837	-0.23324
8838	-0.37443
8839	-1.13382
8840	-0.20904
8841	-0.02379
8842	-0.22362
8843	-0.08055
8844	-0.33651
8845	-0.25649
8846	-0.07730
8847	-0.14210
8848	-0.05762
8849	-0.00584
8850	-0.01617
8851	-0.00054
8852	0.00158
8853	-0.06552
8854	-0.02875
8855	-0.01076
8856	-0.01337
8857	-0.01667
8858	-0.00584
8859	0.00582
8860	0.00338
8861	0.00062
8862	0.01491
8863	-0.02685
8864	-0.17454
8865	-0.26953
8866	-0.15472
8867	-0.01667
8868	-0.00450
8869	-0.01686
8870	0.01170
8871	0.04086
8872	0.03062
8873	0.01312
8874	0.01223
8875	0.01857
8876	0.01531
8877	0.00379
8878	0.00234
8879	0.00133
8880	-0.00416
8881	0.00819
8882	0.02880
8883	0.01937
8884	-0.01238
8885	0.02532
8886	-0.08331
8887	-0.27402
8888	-0.11137
8889	0.06045
8890	0.14799
8891	0.13648
8892	0.05705
8893	0.01026
8894	-0.03677
8895	-0.10363
8896	-0.21747
8897	-0.21932
8898	1.30451
8899	1.44952
8900	0.00522
8901	0.91049
8902	0.32799
8903	0.07081
8904	-0.03532
8905	0.29437
8906	0.05267
8907	0.01839
8908	-0.12412
8909	-0.17697
8910	-0.56041
8911	-0.66275
8912	-0.04577
8913	0.00934
8914	-0.10074
8915	-0.30018
8916	-0.38266
8917	-0.15878
8918	-0.28033
8919	-0.15682
8920	-0.02451
8921	-0.00684
8922	0.00072
8923	0.00145
8924	-0.00832
8925	-0.05512
8926	-0.02160
8927	-0.01259
8928	-0.02336
8929	-0.01570
8930	0.00228
8931	0.00486
8932	-0.00143
8933	-0.00177
8934	0.00983
8935	-0.07546
8936	-0.25193
8937	-0.23558
8938	-0.07095
8939	0.00012
8940	-0.00667
8941	-0.00551
8942	0.02069
8943	0.03212
8944	0.02244
8945	0.01454
8946	0.01394
8947	0.01775
8948	0.01845
8949	0.01272
8950	0.00048
8951	-0.00236
8952	0.01801
8953	0.01253
8954	-0.03279
8955	-0.04781
8956	0.04772
8957	0.11187
8958	-0.02781
8959	-0.12922
8960	-0.05929
8961	0.09103
8962	0.16987
8963	0.13402
8964	0.06643
8965	0.03410
8966	-0.02902
8967	0.01956
8968	-0.54489
8969	-0.05939
8970	2.72559
8971	1.46103
8972	0.36016
8973	1.54322
8974	0.09143
8975	-0.08036
8976	0.13486
8977	0.26002
8978	-0.00617
8979	-0.10307
8980	-0.38374
8981	-0.06734
8982	-0.69055
8983	-0.55166
8984	0.05586
8985	-0.03166
8986	-0.09345
8987	-0.14146
8988	-0.21565
8989	-0.04713
8990	-0.07046
8991	-0.01523
8992	0.00233
8993	-0.03816
8994	-0.06251
8995	0.05830
8996	-0.10255
8997	-0.17174
8998	-0.00649
8999	-0.00390
9000	-0.00707
9001	0.00037
9002	0.01050
9003	0.00291
9004	-0.00062
9005	0.00510
9006	-0.03700
9007	-0.19337
9008	-0.27366
9009	-0.12544
9010	-0.00537
9011	-0.00040
9012	-0.00254
9013	0.00280
9014	0.00625
9015	0.01187
9016	0.02246
9017	0.03746
9018	0.05514
9019	0.06819
9020	0.04132
9021	0.00239
9022	0.00103
9023	-0.00407
9024	0.00458
9025	0.04093
9026	0.02239
9027	-0.00283
9028	0.03316
9029	-0.01927
9030	-0.07438
9031	-0.03415
9032	0.03683
9033	0.07644
9034	0.07068
9035	0.04285
9036	0.01301
9037	-0.09813
9038	-0.28364
9039	-0.72920
9040	0.34980
9041	1.38510
9042	0.18239
9043	0.47418
9044	0.59883
9045	-0.08661
9046	-0.07197
9047	0.20154
9048	0.12675
9049	-0.01089
9050	-0.10810
9051	-0.28209
9052	-0.26411
9053	-0.95148
9054	-0.33277
9055	-0.00138
9056	-0.12819
9057	-0.07903
9058	-0.29397
9059	-0.24130
9060	-0.12281
9061	-0.20621
9062	-0.17228
9063	-0.00203
9064	-0.07861
9065	0.00432
9066	-0.00802
9067	0.11427
9068	0.01393
9069	-0.00166
9070	-0.00697
9071	-0.00791
9072	-0.00909
9073	-0.00687
9074	-0.00297
9075	-0.00385
9076	-0.00046
9077	-0.01058
9078	-0.10951
9079	-0.21707
9080	-0.15572
9081	-0.03160
9082	0.00040
9083	-0.00209
9084	0.01384
9085	0.02578
9086	0.01719
9087	0.01110
9088	0.01994
9089	0.04335
9090	0.05565
9091	0.03436
9092	0.01034
9093	0.00155
9094	-0.00319
9095	0.01544
9096	0.03043
9097	0.02141
9098	0.00365
9099	-0.00056
9100	-0.04694
9101	-0.20045
9102	-0.15999
9103	0.05094
9104	0.11809
9105	0.09812
9106	0.06332
9107	0.04164
9108	0.02641
9109	-0.11695
9110	-0.50685
9111	-0.50705
9112	0.60522
9113	1.58475
9114	0.00127
9115	0.77676
9116	0.84350
9117	0.09406
9118	0.00450
9119	0.45614
9120	0.23882
9121	-0.00850
9122	-0.18883
9123	-0.34923
9124	-0.56124
9125	-0.96857
9126	-0.22450
9127	0.04809
9128	-0.18281
9129	-0.11372
9130	-0.52954
9131	-0.39479
9132	-0.07364
9133	-0.19945
9134	-0.04209
9135	-0.00926
9136	0.02719
9137	0.03820
9138	-0.02644
9139	0.08942
9140	0.05513
9141	0.00320
9142	-0.00480
9143	-0.00331
9144	0.00139
9145	0.00457
9146	-0.00553
9147	-0.01035
9148	0.00301
9149	-0.04553
9150	-0.21949
9151	-0.35219
9152	-0.22591
9153	-0.03837
9154	-0.00105
9155	-0.01180
9156	0.00166
9157	0.01016
9158	0.00231
9159	-0.00049
9160	0.00202
9161	0.00221
9162	0.00417
9163	0.01026
9164	0.00685
9165	-0.00323
9166	0.00404
9167	0.01435
9168	0.01070
9169	0.00257
9170	-0.00104
9171	0.03361
9172	0.07804
9173	0.02952
9174	-0.03604
9175	0.00907
9176	0.03913
9177	0.03228
9178	0.01792
9179	0.00687
9180	-0.00630
9181	-0.09676
9182	-0.49520
9183	-0.34630
9184	0.33647
9185	2.12130
9186	0.76616
9187	0.41975
9188	0.74030
9189	-0.11381
9190	-0.02636
9191	0.23897
9192	0.27495
9193	-0.05066
9194	-0.10283
9195	-0.33635
9196	-0.24489
9197	-1.01719
9198	-0.39559
9199	0.12644
9200	-0.08560
9201	-0.11597
9202	-0.36942
9203	-0.30554
9204	-0.01993
9205	-0.24191
9206	-0.09693
9207	0.01122
9208	0.00052
9209	0.04013
9210	-0.02357
9211	0.01597
9212	-0.05441
9213	-0.01682
9214	-0.02044
9215	-0.02500
9216	-0.01616
9217	0.00101
9218	0.00507
9219	0.00115
9220	0.00037
9221	-0.01710
9222	-0.13936
9223	-0.29377
9224	-0.23012
9225	-0.04719
9226	0.00230
9227	-0.00576
9228	0.00192
9229	-0.00102
9230	-0.00306
9231	0.00545
9232	0.02263
9233	0.03817
9234	0.04066
9235	0.03260
9236	0.02325
9237	0.01413
9238	0.00049
9239	0.01023
9240	0.05962
9241	0.06054
9242	-0.00870
9243	0.02928
9244	-0.01527
9245	-0.26943
9246	-0.20443
9247	0.05761
9248	0.18802
9249	0.15254
9250	0.05697
9251	0.02179
9252	0.01246
9253	-0.02628
9254	-0.08594
9255	-0.60320
9256	-0.45727
9257	2.83458
9258	1.74279
9259	0.05613
9260	1.73356
9261	0.63679
9262	-0.04638
9263	0.06182
9264	0.39727
9265	-0.09642
9266	0.04204
9267	-0.17905
9268	-0.27542
9269	-0.65134
9270	-0.46824
9271	-0.02213
9272	-0.07605
9273	-0.07096
9274	-0.19386
9275	-0.33380
9276	-0.15279
9277	-0.15309
9278	-0.07027
9279	-0.00656
9280	0.01533
9281	0.01009
9282	0.01455
9283	-0.05727
9284	-0.11448
9285	0.03904
9286	-0.01851
9287	-0.02018
9288	-0.01708
9289	0.00177
9290	0.00902
9291	-0.00106
9292	0.00576
9293	0.00533
9294	-0.11784
9295	-0.27992
9296	-0.21057
9297	-0.04307
9298	0.00043
9299	-0.00375
9300	0.00548
9301	0.01183
9302	0.00058
9303	-0.00863
9304	-0.01252
9305	-0.00179
9306	0.00534
9307	0.00281
9308	0.00343
9309	0.00008
9310	0.00151
9311	0.00311
9312	0.00220
9313	0.02606
9314	0.02037
9315	-0.00030
9316	-0.02872
9317	-0.11969
9318	-0.09805
9319	-0.00429
9320	0.08196
9321	0.13029
9322	0.08907
9323	0.02524
9324	-0.05309
9325	-0.15654
9326	-0.19983
9327	-0.33264
9328	0.56380
9329	1.99431
9330	0.48874
9331	0.17883
9332	0.37290
9333	-0.06007
9334	-0.15365
9335	0.00205
9336	0.08158
9337	-0.01006
9338	-0.01770
9339	-0.20412
9340	-0.31126
9341	-0.82587
9342	-0.27577
9343	-0.02889
9344	-0.23888
9345	-0.19967
9346	-0.51037
9347	-0.28977
9348	-0.04753
9349	-0.33074
9350	-0.09200
9351	0.01284
9352	-0.01589
9353	0.02460
9354	-0.00014
9355	0.00433
9356	-0.00842
9357	-0.00491
9358	-0.00492
9359	-0.00663
9360	-0.00866
9361	-0.00674
9362	-0.00577
9363	-0.00792
9364	-0.00127
9365	-0.01128
9366	-0.13471
9367	-0.24095
9368	-0.12772
9369	-0.00980
9370	0.00974
9371	0.00455
9372	0.00001
9373	-0.00120
9374	0.00490
9375	0.01120
9376	0.01269
9377	0.01500
9378	0.01280
9379	0.00339
9380	-0.00030
9381	-0.00222
9382	-0.00072
9383	0.00174
9384	0.00953
9385	0.01891
9386	-0.00475
9387	0.02678
9388	0.03125
9389	-0.15260
9390	-0.14278
9391	0.01848
9392	0.10499
9393	0.09885
9394	0.06543
9395	0.05263
9396	0.02797
9397	-0.08174
9398	-0.15846
9399	-0.60962
9400	0.56508
9401	3.33985
9402	0.59360
9403	0.85953
9404	0.66821
9405	-0.03296
9406	-0.01415
9407	0.40752
9408	0.37766
9409	0.01606
9410	-0.10771
9411	-0.31104
9412	-0.48638
9413	-1.03513
9414	-0.24352
9415	0.02180
9416	-0.14379
9417	-0.16788
9418	-0.33799
9419	-0.30794
9420	-0.22676
9421	-0.27782
9422	-0.05979
9423	-0.00163
9424	-0.02031
9425	0.00244
9426	0.00683
9427	0.02686
9428	0.00958
9429	-0.00279
9430	-0.01262
9431	-0.02098
9432	-0.00235
9433	0.00822
9434	0.00166
9435	-0.00262
9436	-0.00115
9437	-0.01815
9438	-0.17839
9439	-0.29333
9440	-0.16031
9441	-0.03051
9442	0.00084
9443	-0.00024
9444	0.00478
9445	0.01635
9446	0.00988
9447	-0.00055
9448	0.00084
9449	0.01933
9450	0.03511
9451	0.02699
9452	0.01269
9453	0.00412
9454	-0.00680
9455	0.00154
9456	0.02057
9457	0.00633
9458	-0.02994
9459	-0.00250
9460	0.05046
9461	-0.02261
9462	-0.05484
9463	0.00119
9464	0.04163
9465	0.04913
9466	0.01644
9467	-0.00285
9468	0.00056
9469	-0.05996
9470	-0.24398
9471	-0.65645
9472	2.20945
9473	2.90025
9474	0.00736
9475	0.76453
9476	0.33605
9477	-0.04484
9478	-0.22690
9479	0.13455
9480	-0.02611
9481	0.08678
9482	-0.04893
9483	-0.10444
9484	-0.74262
9485	-0.84376
9486	0.02487
9487	-0.01238
9488	-0.07651
9489	-0.26708
9490	-0.31892
9491	-0.17586
9492	-0.19628
9493	-0.15225
9494	-0.02036
9495	-0.02220
9496	0.00645
9497	0.00146
9498	-0.00265
9499	-0.04075
9500	-0.06239
9501	-0.00649
9502	-0.01416
9503	-0.01942
9504	-0.00114
9505	0.00250
9506	0.00017
9507	0.00520
9508	-0.00106
9509	-0.09785
9510	-0.24141
9511	-0.21331
9512	-0.07306
9513	-0.00569
9514	-0.00041
9515	-0.00018
9516	0.00230
9517	-0.01347
9518	-0.01796
9519	0.00063
9520	0.01977
9521	0.04114
9522	0.05280
9523	0.04246
9524	0.02121
9525	-0.00071
9526	0.00576
9527	0.03632
9528	0.08478
9529	0.10232
9530	0.02716
9531	-0.03882
9532	-0.16708
9533	-0.23916
9534	-0.05744
9535	0.19429
9536	0.23208
9537	0.09665
9538	0.01355
9539	-0.00254
9540	-0.04356
9541	-0.13517
9542	-0.29104
9543	0.82517
9544	3.13527
9545	0.61074
9546	0.40321
9547	0.80619
9548	-0.10264
9549	-0.12619
9550	0.29961
9551	0.03584
9552	-0.08400
9553	-0.15272
9554	-0.26451
9555	-0.42658
9556	-1.10148
9557	-0.16375
9558	0.13164
9559	-0.10390
9560	-0.11528
9561	-0.40019
9562	-0.30360
9563	-0.05478
9564	-0.20371
9565	-0.05468
9566	-0.00034
9567	0.01389
9568	0.02414
9569	-0.03748
9570	0.02625
9571	-0.00975
9572	-0.00718
9573	-0.01403
9574	-0.02435
9575	-0.00914
9576	0.00987
9577	0.00265
9578	-0.00211
9579	-0.00040
9580	-0.00635
9581	-0.08555
9582	-0.21880
9583	-0.18865
9584	-0.05306
9585	0.00013
9586	-0.00122
9587	-0.00008
9588	-0.01294
9589	-0.03296
9590	-0.02581
9591	-0.00059
9592	0.01763
9593	0.02030
9594	0.02005
9595	0.02621
9596	0.02169
9597	0.00085
9598	-0.00226
9599	0.02679
9600	0.03419
9601	-0.00279
9602	-0.00985
9603	0.05605
9604	0.00041
9605	-0.12751
9606	-0.04027
9607	0.07834
9608	0.08030
9609	0.04123
9610	0.00709
9611	0.00580
9612	-0.02483
9613	-0.46593
9614	-0.63286
9615	1.49983
9616	3.64864
9617	1.24512
9618	0.19490
9619	1.13682
9620	-0.27453
9621	-0.26111
9622	0.15638
9623	0.20834
9624	-0.19615
9625	0.04078
9626	-0.23443
9627	-0.39901
9628	-1.06659
9629	-0.51791
9630	0.16116
9631	-0.05810
9632	-0.20204
9633	-0.40045
9634	-0.48937
9635	0.01691
9636	-0.22243
9637	-0.16140
9638	-0.00155
9639	0.00035
9640	0.04416
9641	-0.01510
9642	0.00214
9643	-0.05152
9644	-0.01345
9645	-0.00963
9646	-0.00635
9647	-0.00182
9648	0.00273
9649	0.00013
9650	0.00044
9651	0.00310
9652	-0.02443
9653	-0.14376
9654	-0.22160
9655	-0.10541
9656	0.00002
9657	0.00912
9658	0.00059
9659	-0.00659
9660	-0.01323
9661	-0.01196
9662	0.00394
9663	0.02265
9664	0.02206
9665	0.01269
9666	0.00227
9667	-0.00737
9668	-0.01079
9669	-0.00167
9670	0.01666
9671	0.04959
9672	0.09081
9673	0.04885
9674	-0.00069
9675	0.08361
9676	0.04296
9677	-0.05292
9678	0.02632
9679	0.02447
9680	-0.00121
9681	-0.00063
9682	-0.00451
9683	-0.00833
9684	-0.20529
9685	-0.55626
9686	-0.33193
9687	2.01148
9688	1.03448
9689	0.40604
9690	1.83473
9691	0.10825
9692	-0.00147
9693	0.59292
9694	0.75942
9695	-0.07980
9696	-0.06563
9697	-0.36820
9698	-0.02915
9699	-1.06565
9700	-0.58639
9701	0.16264
9702	-0.08937
9703	-0.03847
9704	-0.35436
9705	-0.60893
9706	0.00581
9707	-0.13262
9708	-0.18402
9709	0.14241
9710	-0.16266
9711	-0.04465
9712	-0.00114
9713	0.02486
9714	0.02651
9715	-0.00295
9716	-0.01430
9717	-0.01410
9718	0.00163
9719	0.01227
9720	0.00967
9721	-0.00673
9722	-0.00085
9723	-0.02837
9724	-0.22362
9725	-0.37508
9726	-0.24109
9727	-0.04818
9728	0.00195
9729	-0.00755
9730	-0.00144
9731	0.00795
9732	0.00514
9733	0.00308
9734	0.00611
9735	0.01064
9736	0.02138
9737	0.03484
9738	0.03255
9739	0.01029
9740	-0.00189
9741	0.01312
9742	0.04100
9743	0.05396
9744	0.00839
9745	0.00450
9746	0.06024
9747	-0.05585
9748	-0.11544
9749	-0.00239
9750	0.08791
9751	0.07831
9752	0.03579
9753	0.00549
9754	-0.02540
9755	-0.03792
9756	-0.37670
9757	0.24720
9758	2.27957
9759	1.15502
9760	-0.62451
9761	0.10477
9762	-0.17778
9763	-0.20549
9764	-0.05018
9765	0.08840
9766	-0.00012
9767	-0.04181
9768	-0.51818
9769	-0.46051
9770	-1.03495
9771	-0.55962
9772	0.26917
9773	-0.10907
9774	-0.32226
9775	-0.21850
9776	-0.39496
9777	-0.13880
9778	0.01045
9779	-0.07937
9780	-0.01788
9781	-0.01510
9782	0.00166
9783	0.00330
9784	-0.00482
9785	-0.01521
9786	-0.00255
9787	-0.00866
9788	-0.02858
9789	-0.03003
9790	-0.00195
9791	0.00601
9792	-0.00054
9793	-0.00399
9794	0.00313
9795	-0.04144
9796	-0.20936
9797	-0.24470
9798	-0.08355
9799	-0.00178
9800	-0.00370
9801	-0.00038
9802	-0.00108
9803	-0.00869
9804	-0.01867
9805	-0.00456
9806	0.01886
9807	0.01811
9808	0.00805
9809	0.00384
9810	0.00114
9811	-0.00177
9812	-0.00958
9813	0.00280
9814	0.06231
9815	0.10489
9816	0.05930
9817	-0.00923
9818	-0.02361
9819	-0.17660
9820	-0.15048
9821	0.08430
9822	0.15920
9823	0.09186
9824	0.02726
9825	0.00162
9826	-0.00689
9827	-0.09411
9828	-0.43283
9829	0.24967
9830	3.21290
9831	2.28161
9832	0.15403
9833	1.72416
9834	0.02491
9835	-0.11258
9836	0.15755
9837	0.48889
9838	-0.15635
9839	-0.01779
9840	-0.22691
9841	-0.36735
9842	-1.29280
9843	-0.83807
9844	0.29104
9845	0.01610
9846	-0.07598
9847	-0.24829
9848	-0.49812
9849	-0.00601
9850	-0.05025
9851	-0.08071
9852	-0.00576
9853	-0.12534
9854	-0.09309
9855	-0.00275
9856	-0.00133
9857	0.00748
9858	-0.00942
9859	-0.01183
9860	-0.01653
9861	-0.00204
9862	0.01673
9863	0.00842
9864	-0.00003
9865	0.00456
9866	-0.00595
9867	-0.11486
9868	-0.28448
9869	-0.25145
9870	-0.06521
9871	0.00108
9872	-0.00110
9873	0.00856
9874	0.00604
9875	-0.00660
9876	-0.00315
9877	0.01411
9878	0.01086
9879	0.00763
9880	0.02830
9881	0.03509
9882	-0.00012
9883	-0.01021
9884	0.01261
9885	0.04113
9886	0.05630
9887	0.02737
9888	-0.00082
9889	-0.00849
9890	-0.18587
9891	-0.26759
9892	-0.07630
9893	0.12125
9894	0.17144
9895	0.10481
9896	0.04009
9897	-0.00501
9898	-0.14136
9899	0.15149
9900	0.36211
9901	1.90797
9902	1.53714
9903	-0.47790
9904	0.00623
9905	-0.06275
9906	-0.10142
9907	0.06573
9908	0.25880
9909	-0.15124
9910	-0.03042
9911	-0.32088
9912	-0.55954
9913	-1.13749
9914	-0.85007
9915	0.26275
9916	0.00164
9917	-0.21877
9918	-0.31195
9919	-0.71145
9920	-0.20854
9921	0.10888
9922	-0.20449
9923	-0.02553
9924	-0.07566
9925	-0.03877
9926	-0.01686
9927	-0.02341
9928	0.05817
9929	0.01375
9930	-0.00623
9931	-0.01289
9932	-0.00938
9933	0.00848
9934	0.00913
9935	-0.00048
9936	-0.00888
9937	-0.00070
9938	-0.03692
9939	-0.16878
9940	-0.19989
9941	-0.09577
9942	-0.01975
9943	-0.00338
9944	0.00003
9945	0.00410
9946	-0.00424
9947	-0.01471
9948	-0.00436
9949	0.00595
9950	0.01300
9951	0.02017
9952	0.01821
9953	0.00343
9954	-0.00890
9955	-0.00758
9956	0.00109
9957	0.02247
9958	0.02569
9959	-0.00633
9960	-0.00235
9961	0.05703
9962	-0.00330
9963	-0.13002
9964	-0.06642
9965	0.05446
9966	0.08487
9967	0.05756
9968	0.02900
9969	-0.02786
9970	-0.00916
9971	-0.29364
9972	0.67929
9973	2.74943
9974	1.50819
9975	-0.25445
9976	0.67405
9977	-0.16267
9978	-0.20273
9979	0.21535
9980	0.23762
9981	-0.10201
9982	-0.00882
9983	-0.56357
9984	-0.73583
9985	-1.26855
9986	-0.59679
9987	0.33684
9988	-0.03728
9989	-0.25895
9990	-0.38162
9991	-0.61612
9992	0.03692
9993	0.03603
9994	-0.14770
9995	-0.00061
9996	0.01915
9997	0.10529
9998	-0.01562
9999	-0.00243
10000	-0.03409
10001	-0.02349
10002	-0.00914
10003	-0.01640
10004	-0.01651
10005	-0.00601
10006	-0.00291
10007	-0.00095
10008	0.01048
10009	0.00377
10010	-0.10462
10011	-0.28273
10012	-0.27429
10013	-0.10631
10014	-0.00945
10015	0.00010
10016	0.00267
10017	0.00750
10018	0.00467
10019	0.00676
10020	0.02062
10021	0.03971
10022	0.05576
10023	0.05615
10024	0.03932
10025	0.02620
10026	0.01636
10027	0.00116
10028	0.00979
10029	0.02368
10030	-0.02515
10031	-0.05284
10032	0.07299
10033	0.02199
10034	-0.19454
10035	-0.11091
10036	0.07054
10037	0.13814
10038	0.07667
10039	0.02444
10040	0.00284
10041	-0.10082
10042	-0.27220
10043	-0.01697
10044	1.22334
10045	2.42006
10046	0.44942
10047	0.56749
10048	0.74064
10049	-0.25586
10050	-0.13262
10051	0.19862
10052	0.08444
10053	-0.01882
10054	-0.22992
10055	-0.40235
10056	-0.69286
10057	-1.32216
10058	-0.20647
10059	0.13891
10060	-0.15846
10061	-0.14575
10062	-0.60092
10063	-0.65195
10064	0.23343
10065	-0.14554
10066	-0.16474
10067	0.01189
10068	0.06168
10069	0.07367
10070	-0.04154
10071	-0.02645
10072	-0.05810
10073	-0.00558
10074	-0.01008
10075	-0.00910
10076	0.00226
10077	0.00543
10078	0.00106
10079	-0.00469
10080	-0.00008
10081	-0.01947
10082	-0.18580
10083	-0.31194
10084	-0.19811
10085	-0.03998
10086	0.00422
10087	0.00038
10088	0.00101
10089	0.00238
10090	0.00390
10091	0.01273
10092	0.01549
10093	0.00405
10094	0.00815
10095	0.03962
10096	0.04307
10097	0.00293
10098	-0.00361
10099	0.02049
10100	0.03220
10101	0.03241
10102	0.00862
10103	0.00420
10104	0.02451
10105	-0.06153
10106	-0.10246
10107	0.00791
10108	0.07934
10109	0.06597
10110	0.02851
10111	-0.00200
10112	-0.05094
10113	-0.47943
10114	-0.64726
10115	0.97734
10116	1.44822
10117	0.33253
10118	-0.69154
10119	-0.17388
10120	-0.05301
10121	-0.08268
10122	0.11047
10123	0.14910
10124	-0.18730
10125	-0.00899
10126	-0.44277
10127	-0.63178
10128	-1.19588
10129	-0.26758
10130	0.17470
10131	-0.14369
10132	-0.30012
10133	-0.44847
10134	-0.60339
10135	-0.03612
10136	0.12372
10137	-0.16964
10138	-0.11779
10139	-0.19407
10140	-0.01596
10141	-0.02434
10142	0.06995
10143	0.01540
10144	-0.00128
10145	-0.01008
10146	-0.01914
10147	-0.00238
10148	0.00662
10149	0.00055
10150	-0.00558
10151	-0.00844
10152	0.00168
10153	-0.05617
10154	-0.19031
10155	-0.20084
10156	-0.07760
10157	-0.00282
10158	0.00259
10159	-0.00065
10160	-0.00043
10161	-0.01180
10162	-0.02556
10163	-0.00639
10164	0.01475
10165	0.02052
10166	0.02734
10167	0.02640
10168	0.01210
10169	-0.00223
10170	-0.00976
10171	-0.00012
10172	0.02420
10173	0.00669
10174	0.01155
10175	0.08353
10176	-0.02427
10177	-0.19226
10178	-0.09004
10179	0.10046
10180	0.13659
10181	0.09872
10182	0.05045
10183	0.00711
10184	-0.12459
10185	-0.12899
10186	-0.06091
10187	1.62781
10188	2.23635
10189	0.01204
10190	0.84651
10191	0.29550
10192	-0.01192
10193	0.19489
10194	0.36734
10195	0.00150
10196	-0.02334
10197	-0.15304
10198	-0.70202
10199	-1.23466
10200	-1.38503
10201	0.38785
10202	0.36215
10203	-0.36221
10204	-0.34804
10205	-0.62451
10206	-0.54308
10207	0.05828
10208	-0.01403
10209	-0.07232
10210	-0.02653
10211	-0.02055
10212	0.02258
10213	-0.03351
10214	0.02912
10215	0.03474
10216	0.00599
10217	-0.00168
10218	-0.00271
10219	0.00494
10220	0.01243
10221	0.00214
10222	-0.01825
10223	-0.01048
10224	-0.00886
10225	-0.13675
10226	-0.28700
10227	-0.21333
10228	-0.03658
10229	0.02075
10230	0.00269
10231	0.00120
10232	0.00698
10233	0.00014
10234	-0.00302
10235	0.01115
10236	0.01108
10237	0.00109
10238	-0.00558
10239	-0.02008
10240	-0.02755
10241	-0.01681
10242	0.00318
10243	0.08268
10244	0.24491
10245	0.21751
10246	0.01681
10247	0.01000
10248	-0.09292
10249	-0.11126
10250	0.06082
10251	0.10135
10252	0.04030
10253	0.00168
10254	0.00149
10255	-0.02265
10256	-0.14784
10257	-0.66545
10258	-0.09143
10259	2.84108
10260	1.81284
10261	0.23164
10262	1.62631
10263	0.20983
10264	-0.01048
10265	0.12485
10266	0.34734
10267	-0.04319
10268	0.01969
10269	-0.14089
10270	-0.32999
10271	-1.14110
10272	-0.72416
10273	0.27343
10274	0.03598
10275	-0.16199
10276	-0.27564
10277	-0.54157
10278	-0.17402
10279	0.17847
10280	-0.12733
10281	-0.10419
10282	-0.20926
10283	-0.18793
10284	0.00714
10285	-0.01084
10286	0.04723
10287	0.00904
10288	-0.00213
10289	-0.01886
10290	-0.03574
10291	-0.01310
10292	0.00883
10293	0.00328
10294	0.00015
10295	0.00197
10296	-0.04209
10297	-0.18574
10298	-0.28314
10299	-0.15608
10300	-0.01747
10301	-0.00005
10302	0.00674
10303	0.01506
10304	0.00231
10305	-0.01132
10306	-0.01347
10307	0.00085
10308	0.01763
10309	0.01830
10310	0.00912
10311	0.01177
10312	0.01604
10313	-0.00499
10314	-0.00362
10315	0.02797
10316	0.05352
10317	0.02768
10318	-0.00445
10319	-0.03398
10320	-0.20195
10321	-0.19580
10322	0.08417
10323	0.26662
10324	0.21101
10325	0.09348
10326	0.01366
10327	-0.03859
10328	-0.15418
10329	0.01799
10330	0.42541
10331	0.90994
10332	0.48433
10333	-0.61853
10334	-0.14727
10335	-0.02110
10336	0.04363
10337	0.27706
10338	0.20847
10339	-0.15395
10340	-0.01485
10341	-0.40976
10342	-0.64440
10343	-1.08349
10344	-0.38054
10345	0.21475
10346	-0.01809
10347	-0.18217
10348	-0.32224
10349	-0.32562
10350	0.00452
10351	-0.11776
10352	-0.08429
10353	-0.02871
10354	-0.09140
10355	-0.02115
10356	-0.00336
10357	0.00908
10358	-0.00752
10359	-0.02159
10360	-0.00997
10361	-0.01869
10362	-0.02469
10363	-0.00088
10364	0.01262
10365	0.00362
10366	-0.00124
10367	0.00616
10368	-0.04394
10369	-0.19750
10370	-0.24441
10371	-0.10535
10372	-0.00563
10373	0.00377
10374	0.00009
10375	0.00474
10376	-0.00252
10377	-0.01449
10378	-0.01222
10379	-0.00091
10380	0.01031
10381	0.02491
10382	0.02596
10383	0.00362
10384	-0.00815
10385	-0.00190
10386	0.02048
10387	0.04548
10388	0.04090
10389	0.00565
10390	0.01179
10391	0.00739
10392	-0.14567
10393	-0.14784
10394	0.06943
10395	0.16057
10396	0.09649
10397	0.02988
10398	-0.00168
10399	-0.12098
10400	-0.31034
10401	-0.28085
10402	1.93325
10403	1.73119
10404	0.09732
10405	-0.24612
10406	0.09388
10407	-0.16896
10408	-0.16290
10409	-0.02584
10410	-0.00410
10411	-0.03912
10412	-0.12250
10413	-0.50594
10414	-0.89057
10415	-1.10683
10416	0.21505
10417	0.10405
10418	-0.11102
10419	-0.09640
10420	-0.44858
10421	-0.50525
10422	0.28818
10423	-0.27860
10424	-0.18137
10425	0.00143
10426	-0.05228
10427	0.00053
10428	-0.06482
10429	0.07449
10430	-0.00176
10431	-0.00314
10432	-0.00989
10433	-0.01410
10434	-0.00820
10435	0.01015
10436	0.00953
10437	0.00007
10438	0.01040
10439	-0.02965
10440	-0.15459
10441	-0.26228
10442	-0.20220
10443	-0.05900
10444	-0.00087
10445	-0.00737
10446	-0.00141
10447	0.01868
10448	0.01870
10449	0.01083
10450	0.01386
10451	0.02531
10452	0.03744
10453	0.04968
10454	0.05455
10455	0.03975
10456	0.01190
10457	0.00064
10458	0.01995
10459	0.01958
10460	-0.01988
10461	-0.02524
10462	0.06101
10463	-0.05879
10464	-0.31054
10465	-0.15082
10466	0.10483
10467	0.15250
10468	0.10105
10469	0.04628
10470	0.02659
10471	-0.01103
10472	-0.22868
10473	-0.53216
10474	0.44405
10475	2.77107
10476	0.98885
10477	0.48567
10478	1.48571
10479	-0.04073
10480	-0.12601
10481	0.30701
10482	0.41735
10483	-0.34058
10484	0.05648
10485	-0.40652
10486	-0.34778
10487	-1.23370
10488	-0.48422
10489	0.19867
10490	-0.01959
10491	-0.04062
10492	-0.22750
10493	-0.52297
10494	0.08838
10495	-0.08362
10496	-0.18839
10497	-0.01531
10498	-0.01030
10499	0.03646
10500	-0.02133
10501	0.00378
10502	-0.00724
10503	-0.02113
10504	-0.01233
10505	-0.01481
10506	0.00598
10507	0.02020
10508	0.00506
10509	-0.00057
10510	0.00340
10511	-0.04394
10512	-0.20270
10513	-0.30891
10514	-0.19225
10515	-0.03909
10516	0.00054
10517	0.00878
10518	0.02238
10519	0.00689
10520	-0.00368
10521	0.00590
10522	0.01287
10523	0.01278
10524	0.01684
10525	0.02165
10526	0.01291
10527	-0.00046
10528	-0.00583
10529	-0.01305
10530	-0.00899
10531	0.00049
10532	-0.00195
10533	0.03483
10534	0.05793
10535	-0.19300
10536	-0.33150
10537	-0.11107
10538	0.10896
10539	0.18964
10540	0.17399
10541	0.11982
10542	0.03808
10543	-0.14733
10544	0.22596
10545	-0.08094
10546	0.64487
10547	0.57838
10548	0.00299
10549	0.52929
10550	0.05201
10551	0.08169
10552	0.54820
10553	0.83525
10554	-0.07498
10555	-0.05429
10556	-0.24026
10557	-0.66726
10558	-1.07251
10559	-0.95348
10560	0.13619
10561	0.09681
10562	-0.15326
10563	-0.31604
10564	-0.55278
10565	-0.23660
10566	0.07444
10567	-0.08750
10568	-0.05407
10569	-0.01000
10570	-0.04463
10571	-0.01656
10572	0.04220
10573	-0.13476
10574	-0.07810
10575	-0.00389
10576	-0.00359
10577	-0.00807
10578	-0.00233
10579	0.00446
10580	0.00014
10581	-0.00141
10582	0.01121
10583	0.00030
10584	-0.11023
10585	-0.24955
10586	-0.19841
10587	-0.05004
10588	0.00114
10589	-0.00178
10590	0.00204
10591	-0.00405
10592	-0.01188
10593	-0.00492
10594	0.01004
10595	0.01457
10596	0.01518
10597	0.01667
10598	0.00894
10599	-0.00614
10600	-0.00621
10601	0.01657
10602	0.03829
10603	0.03567
10604	0.01402
10605	-0.00901
10606	-0.02795
10607	-0.14478
10608	-0.20289
10609	-0.01052
10610	0.15547
10611	0.12835
10612	0.06696
10613	0.01935
10614	-0.04613
10615	-0.31901
10616	-0.56241
10617	0.76143
10618	2.77877
10619	1.58515
10620	-1.26576
10621	-0.21062
10622	0.03723
10623	-0.13664
10624	0.16076
10625	0.07985
10626	-0.15496
10627	-0.06952
10628	-0.40339
10629	-0.37027
10630	-0.92720
10631	-0.32084
10632	0.14624
10633	-0.05455
10634	-0.12462
10635	-0.48840
10636	-0.57188
10637	0.12637
10638	-0.28193
10639	-0.15549
10640	0.08458
10641	-0.13078
10642	-0.01935
10643	-0.00101
10644	-0.01584
10645	0.00291
10646	-0.00494
10647	-0.00146
10648	-0.00003
10649	0.00246
10650	0.00291
10651	0.00238
10652	-0.00010
10653	0.00207
10654	-0.01565
10655	-0.15852
10656	-0.31841
10657	-0.23076
10658	-0.04680
10659	0.00638
10660	-0.00377
10661	-0.00024
10662	-0.00003
10663	-0.00499
10664	-0.00822
10665	0.00119
10666	0.01396
10667	0.00735
10668	0.00086
10669	0.02179
10670	0.02349
10671	0.00119
10672	-0.01109
10673	-0.00579
10674	0.00127
10675	0.01684
10676	0.09185
10677	0.05843
10678	-0.02991
10679	-0.02575
10680	0.02731
10681	0.03374
10682	0.01539
10683	0.00416
10684	-0.00251
10685	-0.08543
10686	-0.25852
10687	-0.35025
10688	0.12929
10689	2.51309
10690	1.16997
10691	0.69562
10692	1.53920
10693	0.08069
10694	0.02123
10695	0.39429
10696	0.83483
10697	0.09341
10698	0.02961
10699	-0.27693
10700	-0.45427
10701	-1.44472
10702	-0.74457
10703	0.10814
10704	-0.11146
10705	-0.10450
10706	-0.39879
10707	-0.52750
10708	-0.10532
10709	-0.05626
10710	-0.09112
10711	0.01433
10712	-0.04601
10713	-0.01267
10714	-0.01113
10715	0.02521
10716	-0.00003
10717	-0.00698
10718	-0.02319
10719	-0.04076
10720	-0.01307
10721	0.01961
10722	0.00796
10723	0.00043
10724	0.00045
10725	-0.05101
10726	-0.17232
10727	-0.24464
10728	-0.14938
10729	-0.02803
10730	0.00202
10731	0.00983
10732	0.00830
10733	-0.00693
10734	-0.02638
10735	-0.02599
10736	-0.00164
10737	0.00920
10738	0.00518
10739	0.00147
10740	0.00003
10741	0.00032
10742	-0.00618
10743	-0.02908
10744	-0.03026
10745	-0.01060
10746	0.00229
10747	0.00559
10748	-0.08131
10749	-0.15167
10750	-0.06098
10751	0.06883
10752	0.11152
10753	0.10786
10754	0.06973
10755	0.00743
10756	-0.11058
10757	0.08042
10758	-0.01224
10759	0.89021
10760	1.09340
10761	0.02592
10762	-0.02027
10763	0.00093
10764	0.01937
10765	0.12770
10766	0.21835
10767	-0.01500
10768	-0.00958
10769	-0.12636
10770	-0.32154
10771	-0.62488
10772	-0.75903
10773	0.05455
10774	0.10529
10775	-0.17831
10776	-0.28671
10777	-0.42068
10778	-0.23980
10779	-0.12766
10780	-0.19981
10781	-0.06719
10782	-0.04247
10783	-0.01203
10784	0.02673
10785	-0.00131
10786	-0.00292
10787	-0.06482
10788	-0.01082
10789	-0.01002
10790	-0.01128
10791	-0.00605
10792	-0.00003
10793	-0.00022
10794	-0.00084
10795	0.00325
10796	-0.00399
10797	-0.11180
10798	-0.26550
10799	-0.21945
10800	-0.05382
10801	0.00178
10802	-0.00220
10803	0.00106
10804	-0.00424
10805	-0.00768
10806	0.00687
10807	0.02025
10808	0.01730
10809	0.01311
10810	0.01174
10811	0.00873
10812	0.00137
10813	-0.00314
10814	0.00756
10815	0.02906
10816	0.04362
10817	0.01401
10818	-0.00499
10819	0.03421
10820	0.01710
10821	-0.06369
10822	-0.04001
10823	0.04950
10824	0.06553
10825	0.03131
10826	0.00597
10827	-0.01248
10828	-0.11184
10829	-0.03907
10830	-0.74418
10831	1.41575
10832	2.51756
10833	0.23666
10834	0.30501
10835	0.53369
10836	-0.28958
10837	-0.18064
10838	0.28484
10839	0.12061
10840	-0.08528
10841	-0.08119
10842	-0.44658
10843	-0.52026
10844	-1.01657
10845	-0.22528
10846	0.12031
10847	-0.12801
10848	-0.25151
10849	-0.48078
10850	-0.49046
10851	-0.11821
10852	-0.10727
10853	-0.10024
10854	0.00196
10855	0.02337
10856	0.05438
10857	-0.04852
10858	0.00847
10859	-0.02112
10860	-0.01258
10861	-0.01671
10862	-0.01785
10863	0.00156
10864	0.00503
10865	0.00012
10866	-0.00013
10867	0.00056
10868	-0.01904
10869	-0.11699
10870	-0.21905
10871	-0.15332
10872	-0.03047
10873	0.00031
10874	-0.00107
10875	0.00509
10876	0.01283
10877	-0.00015
10878	-0.01712
10879	-0.01019
10880	0.00089
10881	0.00559
10882	0.00764
10883	0.01489
10884	0.01909
10885	0.00300
10886	0.00613
10887	0.04305
10888	0.03923
10889	0.00565
10890	0.00119
10891	-0.00004
10892	-0.09527
10893	-0.10827
10894	0.02551
10895	0.09866
10896	0.09079
10897	0.04992
10898	0.00723
10899	-0.01960
10900	-0.02963
10901	-0.07734
10902	0.51166
10903	1.62873
10904	0.89895
10905	-0.52875
10906	-0.21682
10907	-0.09281
10908	-0.37416
10909	-0.24420
10910	0.01885
10911	-0.06908
10912	-0.00079
10913	-0.24963
10914	-0.20559
10915	-0.54958
10916	-0.54276
10917	0.18591
10918	0.00809
10919	-0.24945
10920	-0.44506
10921	-0.47941
10922	0.04476
10923	0.00298
10924	-0.24907
10925	-0.02067
10926	-0.04247
10927	-0.02861
10928	0.01284
10929	-0.02231
10930	-0.03625
10931	-0.00498
10932	-0.00534
10933	-0.01304
10934	-0.01547
10935	-0.00121
10936	0.00225
10937	0.00067
10938	0.00987
10939	-0.00447
10940	-0.11620
10941	-0.27005
10942	-0.23371
10943	-0.06737
10944	-0.00015
10945	-0.00621
10946	-0.00476
10947	-0.00008
10948	-0.00990
10949	-0.00700
10950	0.00806
10951	0.00552
10952	-0.00307
10953	-0.01231
10954	-0.01495
10955	-0.00552
10956	0.00060
10957	-0.00197
10958	0.00047
10959	0.01328
10960	0.00899
10961	0.00509
10962	0.06891
10963	-0.02672
10964	-0.16683
10965	-0.03240
10966	0.07956
10967	0.06322
10968	0.04756
10969	0.04948
10970	-0.01506
10971	-0.23074
10972	-0.68895
10973	0.28945
10974	2.47488
10975	1.90153
10976	-0.18337
10977	0.72646
10978	-0.00209
10979	-0.16209
10980	0.24738
10981	0.54898
10982	-0.14220
10983	0.02289
10984	-0.25737
10985	-0.28748
10986	-0.85448
10987	-0.66988
10988	0.07409
10989	-0.00008
10990	-0.14095
10991	-0.23463
10992	-0.61070
10993	0.02755
10994	0.04449
10995	-0.47030
10996	0.08157
10997	-0.06629
10998	-0.07787
10999	-0.00490
11000	0.05253
11001	0.05528
11002	0.00098
11003	-0.00216
11004	-0.01283
11005	-0.01071
11006	0.00686
11007	-0.00417
11008	-0.00060
11009	0.00909
11010	-0.02779
11011	-0.12924
11012	-0.23515
11013	-0.21441
11014	-0.09008
11015	-0.00943
11016	0.00104
11017	0.00979
11018	0.00976
11019	-0.00040
11020	-0.00861
11021	-0.00895
11022	0.00167
11023	0.01990
11024	0.03624
11025	0.02743
11026	0.00602
11027	-0.00221
11028	-0.00126
11029	0.01754
11030	0.05895
11031	0.05950
11032	0.00979
11033	0.00163
11034	-0.03766
11035	-0.14517
11036	-0.06868
11037	0.17283
11038	0.17250
11039	0.03033
11040	-0.00395
11041	0.03010
11042	0.04578
11043	-0.40436
11044	0.14163
11045	2.24260
11046	0.86114
11047	-0.05204
11048	0.40760
11049	0.00499
11050	-0.07095
11051	0.14531
11052	0.19563
11053	0.00043
11054	-0.09387
11055	-0.46931
11056	-0.37330
11057	-1.06201
11058	-0.42075
11059	0.23980
11060	-0.15143
11061	-0.17289
11062	-0.26786
11063	-0.47715
11064	-0.07104
11065	-0.19541
11066	-0.18067
11067	0.05457
11068	-0.02099
11069	0.04411
11070	-0.03044
11071	0.00403
11072	0.00782
11073	0.00091
11074	-0.00348
11075	-0.00886
11076	-0.00057
11077	0.01226
11078	0.00893
11079	-0.00735
11080	-0.00593
11081	-0.00944
11082	-0.12398
11083	-0.22620
11084	-0.14448
11085	-0.02643
11086	0.00584
11087	-0.00005
11088	0.00132
11089	0.00127
11090	-0.01090
11091	-0.01405
11092	-0.00006
11093	0.01044
11094	0.01774
11095	0.01900
11096	0.01348
11097	0.00851
11098	-0.00008
11099	0.01981
11100	0.05088
11101	0.02317
11102	-0.02839
11103	-0.01381
11104	0.08858
11105	0.11044
11106	-0.03289
11107	-0.03549
11108	0.03542
11109	0.01348
11110	0.00213
11111	0.00039
11112	-0.00077
11113	-0.04255
11114	-0.19282
11115	-0.35501
11116	1.65123
11117	3.66801
11118	0.44352
11119	0.09398
11120	0.50925
11121	-0.33925
11122	-0.15318
11123	0.35263
11124	0.09953
11125	-0.01888
11126	-0.13015
11127	-0.29876
11128	-0.63706
11129	-1.08582
11130	-0.04561
11131	0.24205
11132	-0.14057
11133	-0.27894
11134	-0.32962
11135	-0.21120
11136	-0.00624
11137	-0.18134
11138	0.04305
11139	0.01006
11140	-0.02709
11141	-0.00212
11142	0.00421
11143	-0.02680
11144	-0.02906
11145	-0.00728
11146	-0.00696
11147	-0.00312
11148	0.00427
11149	0.00458
11150	0.00020
11151	-0.00159
11152	0.00076
11153	-0.03705
11154	-0.18119
11155	-0.26255
11156	-0.13709
11157	-0.01559
11158	0.00108
11159	-0.00015
11160	-0.00224
11161	-0.00903
11162	-0.01594
11163	-0.01493
11164	-0.00221
11165	0.01459
11166	0.01822
11167	-0.00311
11168	-0.03142
11169	-0.04021
11170	-0.02712
11171	-0.01442
11172	-0.00231
11173	0.02869
11174	0.06426
11175	0.01929
11176	-0.01862
11177	-0.01839
11178	-0.07884
11179	-0.02801
11180	0.06677
11181	0.08275
11182	0.05534
11183	0.01496
11184	-0.07933
11185	-0.20724
11186	-0.40911
11187	0.68818
11188	1.76049
11189	0.84926
11190	-0.31611
11191	0.30838
11192	-0.10924
11193	-0.12979
11194	0.05125
11195	0.14959
11196	-0.06743
11197	0.00161
11198	-0.22435
11199	-0.37454
11200	-0.83797
11201	-0.48361
11202	0.16339
11203	-0.08110
11204	-0.07565
11205	-0.27180
11206	-0.63588
11207	0.10766
11208	0.03806
11209	-0.31183
11210	0.00564
11211	-0.10094
11212	-0.03363
11213	-0.00466
11214	0.02145
11215	0.02448
11216	-0.00079
11217	-0.06412
11218	-0.02268
11219	-0.02864
11220	-0.00601
11221	0.00994
11222	0.00291
11223	-0.00160
11224	0.00131
11225	-0.05050
11226	-0.21179
11227	-0.28455
11228	-0.13368
11229	-0.01055
11230	0.00064
11231	-0.00414
11232	0.00245
11233	0.01218
11234	0.02163
11235	0.03357
11236	0.04131
11237	0.03551
11238	0.01563
11239	-0.00315
11240	-0.00701
11241	-0.00077
11242	0.00007
11243	0.02027
11244	0.05047
11245	0.03954
11246	-0.01762
11247	-0.01515
11248	0.05328
11249	-0.00244
11250	-0.09928
11251	-0.02153
11252	0.04325
11253	0.03856
11254	0.02499
11255	-0.00061
11256	-0.07576
11257	0.00482
11258	-0.44947
11259	0.25173
11260	1.31531
11261	0.75583
11262	-0.51620
11263	0.05269
11264	-0.10530
11265	-0.23045
11266	-0.06479
11267	0.03992
11268	-0.02668
11269	-0.07326
11270	-0.38610
11271	-0.32732
11272	-0.76254
11273	-0.28323
11274	0.12054
11275	-0.11473
11276	-0.20691
11277	-0.51194
11278	-0.46946
11279	0.02533
11280	-0.07082
11281	-0.14972
11282	-0.06112
11283	-0.05057
11284	0.01397
11285	-0.00223
11286	0.02517
11287	0.02402
11288	-0.00457
11289	-0.01871
11290	-0.02727
11291	-0.02093
11292	-0.00197
11293	0.00190
11294	-0.00083
11295	0.00539
11296	0.00467
11297	-0.02039
11298	-0.14389
11299	-0.26690
11300	-0.17519
11301	-0.02603
11302	-0.00078
11303	-0.00230
11304	0.00511
11305	0.00304
11306	0.01005
11307	0.02042
11308	0.02048
11309	0.02104
11310	0.02045
11311	0.01817
11312	0.02806
11313	0.02690
11314	0.00109
11315	0.02073
11316	0.07112
11317	0.03524
11318	-0.03396
11319	0.07036
11320	0.12644
11321	-0.13192
11322	-0.19107
11323	0.02079
11324	0.11948
11325	0.09552
11326	0.05559
11327	0.03118
11328	-0.01575
11329	-0.15217
11330	-0.51858
11331	0.53265
11332	2.08252
11333	1.62219
11334	-0.05801
11335	1.04465
11336	0.04582
11337	-0.10069
11338	0.19377
11339	0.42252
11340	-0.10893
11341	-0.08771
11342	-0.21451
11343	-0.50553
11344	-0.73961
11345	-0.82541
11346	0.16330
11347	0.15389
11348	-0.13840
11349	-0.18421
11350	-0.32183
11351	-0.12418
11352	0.01185
11353	-0.26345
11354	-0.07479
11355	-0.01476
11356	0.00926
11357	0.01411
11358	-0.00206
11359	-0.01079
11360	-0.04001
11361	-0.00626
11362	-0.00233
11363	-0.00905
11364	-0.00401
11365	0.00158
11366	-0.00248
11367	0.00246
11368	0.00100
11369	-0.03860
11370	-0.16635
11371	-0.22108
11372	-0.10363
11373	-0.00713
11374	-0.00032
11375	-0.00139
11376	-0.00134
11377	-0.01775
11378	-0.01602
11379	-0.00020
11380	0.01302
11381	0.02034
11382	0.00806
11383	-0.01657
11384	-0.02070
11385	-0.00126
11386	-0.00123
11387	0.01329
11388	0.05094
11389	0.04253
11390	-0.00870
11391	0.02700
11392	0.09248
11393	-0.10956
11394	-0.13669
11395	0.03877
11396	0.08191
11397	0.04881
11398	0.01666
11399	-0.00553
11400	-0.10045
11401	-0.42552
11402	-0.24670
11403	0.73183
11404	2.69337
11405	1.36277
11406	0.05746
11407	1.13868
11408	-0.23340
11409	-0.35290
11410	0.07070
11411	0.30225
11412	-0.14583
11413	0.14256
11414	-0.16282
11415	-0.41961
11416	-1.31314
11417	-0.45530
11418	0.18206
11419	-0.15408
11420	-0.16061
11421	-0.51169
11422	-0.50928
11423	0.01408
11424	-0.20217
11425	-0.11290
11426	0.01719
11427	0.06194
11428	0.05685
11429	-0.03052
11430	-0.00516
11431	-0.03648
11432	-0.01373
11433	-0.01614
11434	-0.02469
11435	-0.01143
11436	0.00584
11437	0.00101
11438	-0.00674
11439	-0.00012
11440	-0.02130
11441	-0.16669
11442	-0.27974
11443	-0.14226
11444	0.00297
11445	0.00975
11446	0.00012
11447	0.00443
11448	0.00353
11449	0.00163
11450	0.00992
11451	0.03236
11452	0.03083
11453	0.00485
11454	-0.00301
11455	0.00064
11456	0.00517
11457	0.00114
11458	0.00300
11459	0.02319
11460	0.00788
11461	-0.02270
11462	0.01190
11463	0.01281
11464	-0.14859
11465	-0.17652
11466	0.02548
11467	0.11497
11468	0.08787
11469	0.05722
11470	0.03510
11471	-0.04644
11472	-0.23459
11473	-0.59819
11474	0.39653
11475	2.48800
11476	1.07490
11477	0.39280
11478	0.90000
11479	0.01920
11480	-0.03794
11481	0.29768
11482	0.49257
11483	-0.38453
11484	0.01611
11485	-0.31005
11486	-0.43250
11487	-1.58545
11488	-0.61770
11489	0.22335
11490	-0.03899
11491	-0.10506
11492	-0.50602
11493	-0.62925
11494	0.01321
11495	-0.22343
11496	-0.16380
11497	0.01402
11498	-0.04053
11499	0.02349
11500	-0.00385
11501	0.04667
11502	0.03181
11503	-0.00049
11504	-0.01292
11505	-0.02814
11506	-0.01571
11507	0.00529
11508	0.00122
11509	0.00153
11510	0.02325
11511	0.00494
11512	-0.11668
11513	-0.23079
11514	-0.17442
11515	-0.04853
11516	-0.00014
11517	-0.00961
11518	-0.00808
11519	0.00739
11520	-0.00788
11521	-0.01500
11522	0.00008
11523	0.01136
11524	0.01918
11525	0.02153
11526	0.01363
11527	0.00404
11528	-0.00072
11529	0.01167
11530	0.02615
11531	0.02126
11532	0.00063
11533	0.00013
11534	0.01891
11535	-0.03361
11536	-0.12496
11537	-0.05467
11538	0.04797
11539	0.05657
11540	0.03582
11541	0.02017
11542	0.00234
11543	-0.06971
11544	-0.00716
11545	-0.56905
11546	1.29098
11547	3.44762
11548	0.88971
11549	-0.50589
11550	0.45226
11551	-0.10791
11552	-0.23763
11553	-0.00744
11554	0.02601
11555	-0.02365
11556	-0.06122
11557	-0.29047
11558	-0.50632
11559	-1.05084
11560	-0.32177
11561	0.14883
11562	-0.13800
11563	-0.29839
11564	-0.45560
11565	-0.24811
11566	-0.15380
11567	-0.30982
11568	0.02009
11569	-0.00573
11570	0.10684
11571	0.01329
11572	0.00096
11573	-0.02596
11574	-0.00603
11575	-0.00973
11576	-0.01525
11577	-0.01739
11578	-0.00508
11579	0.00372
11580	0.00028
11581	-0.00000
11582	0.00495
11583	-0.02043
11584	-0.16794
11585	-0.28721
11586	-0.16728
11587	-0.02100
11588	-0.00256
11589	-0.00530
11590	0.00768
11591	0.00889
11592	0.00648
11593	0.00710
11594	0.00716
11595	0.01047
11596	0.01533
11597	0.01015
11598	0.00544
11599	0.00786
11600	-0.00007
11601	0.01867
11602	0.04167
11603	0.00617
11604	-0.02408
11605	0.00627
11606	0.04793
11607	-0.05291
11608	-0.12015
11609	-0.00678
11610	0.07104
11611	0.04167
11612	0.01643
11613	0.00474
11614	-0.00650
11615	-0.06679
11616	-0.38601
11617	-0.92783
11618	1.54326
11619	3.60240
11620	0.71209
11621	0.84180
11622	1.05496
11623	-0.24048
11624	-0.11209
11625	0.32694
11626	0.18982
11627	-0.05480
11628	-0.12820
11629	-0.37998
11630	-0.42319
11631	-1.05145
11632	-0.20048
11633	0.10682
11634	-0.17785
11635	-0.21300
11636	-0.46755
11637	-0.43149
11638	-0.05461
11639	-0.13140
11640	-0.11444
11641	0.01452
11642	0.04840
11643	0.01675
11644	-0.00757
11645	0.02102
11646	-0.01396
11647	-0.01317
11648	-0.02290
11649	-0.03251
11650	-0.01913
11651	-0.00105
11652	-0.00035
11653	0.00731
11654	0.00612
11655	-0.04678
11656	-0.17167
11657	-0.24135
11658	-0.13906
11659	-0.01752
11660	-0.00105
11661	-0.01273
11662	0.00301
11663	0.01836
11664	0.01788
11665	0.01432
11666	0.01475
11667	0.01721
11668	0.01751
11669	0.01244
11670	0.01125
11671	0.00404
11672	-0.00107
11673	0.02895
11674	0.00515
11675	-0.07543
11676	-0.05113
11677	0.07220
11678	0.08391
11679	-0.12840
11680	-0.11233
11681	0.05381
11682	0.09350
11683	0.05657
11684	0.02426
11685	-0.00497
11686	-0.07817
11687	-0.16965
11688	-0.17108
11689	0.49505
11690	1.70800
11691	0.87805
11692	-0.61325
11693	0.02851
11694	-0.15981
11695	-0.12569
11696	0.03714
11697	0.18742
11698	-0.06705
11699	-0.05667
11700	-0.41573
11701	-0.14652
11702	-0.87241
11703	-0.39395
11704	0.08166
11705	-0.08406
11706	-0.21446
11707	-0.34487
11708	-0.30114
11709	0.06582
11710	-0.19404
11711	-0.10545
11712	0.02585
11713	-0.03411
11714	-0.00122
11715	-0.00212
11716	-0.01220
11717	-0.01769
11718	-0.01348
11719	-0.01700
11720	-0.02322
11721	-0.00881
11722	0.00624
11723	0.00014
11724	0.00154
11725	0.00498
11726	-0.02257
11727	-0.16869
11728	-0.26687
11729	-0.12131
11730	-0.00235
11731	-0.00002
11732	0.00612
11733	0.01447
11734	0.00993
11735	0.01060
11736	0.02167
11737	0.03060
11738	0.02464
11739	0.00730
11740	-0.00718
11741	-0.01044
11742	-0.01501
11743	-0.01028
11744	0.00371
11745	0.02635
11746	0.05253
11747	0.03118
11748	-0.00801
11749	0.05756
11750	0.02402
11751	-0.14810
11752	-0.08903
11753	0.09821
11754	0.14564
11755	0.08069
11756	0.02092
11757	-0.01602
11758	-0.10081
11759	-0.35371
11760	-0.21102
11761	1.82901
11762	2.34613
11763	0.04175
11764	0.66248
11765	0.40631
11766	-0.40865
11767	-0.22316
11768	0.22341
11769	-0.08489
11770	-0.06896
11771	0.05676
11772	-0.17571
11773	-0.68516
11774	-0.85915
11775	0.11188
11776	0.06992
11777	-0.15076
11778	-0.24883
11779	-0.56934
11780	-0.13160
11781	-0.08073
11782	-0.25230
11783	-0.02640
11784	-0.01755
11785	-0.02508
11786	-0.00299
11787	-0.00197
11788	-0.01278
11789	-0.01168
11790	-0.00844
11791	-0.01475
11792	-0.01600
11793	-0.00325
11794	0.00422
11795	0.00034
11796	0.00163
11797	0.00944
11798	-0.03186
11799	-0.17185
11800	-0.23672
11801	-0.14492
11802	-0.03318
11803	0.00139
11804	-0.00610
11805	-0.00009
11806	0.00202
11807	-0.00191
11808	0.00531
11809	0.02212
11810	0.02510
11811	0.00861
11812	-0.00149
11813	0.00625
11814	0.01032
11815	0.00066
11816	0.00189
11817	0.02870
11818	0.04818
11819	-0.00100
11820	-0.02514
11821	0.09761
11822	0.03865
11823	-0.16099
11824	-0.06601
11825	0.09519
11826	0.10550
11827	0.05403
11828	0.01317
11829	-0.01770
11830	-0.14712
11831	-0.21790
11832	-0.17812
11833	1.18794
11834	2.44247
11835	0.34793
11836	-0.37484
11837	0.23508
11838	-0.17108
11839	-0.16626
11840	0.06297
11841	-0.02484
11842	-0.02890
11843	-0.27765
11844	-0.47249
11845	-0.59401
11846	-1.01988
11847	-0.20542
11848	0.05827
11849	-0.12827
11850	-0.20629
11851	-0.54414
11852	-0.35009
11853	-0.01107
11854	-0.18350
11855	-0.15613
11856	0.01282
11857	0.00931
11858	0.03816
11859	-0.08819
11860	0.03765
11861	-0.02303
11862	-0.01191
11863	-0.01316
11864	-0.02294
11865	-0.01136
11866	0.01573
11867	0.00819
11868	-0.00154
11869	0.00657
11870	-0.03950
11871	-0.21324
11872	-0.32730
11873	-0.21345
11874	-0.05326
11875	-0.00104
11876	-0.00100
11877	0.00108
11878	0.00323
11879	-0.00117
11880	-0.00745
11881	-0.00216
11882	0.01597
11883	0.02935
11884	0.03240
11885	0.02678
11886	0.01501
11887	0.00113
11888	0.00749
11889	0.02155
11890	0.00247
11891	-0.03531
11892	-0.01267
11893	0.04299
11894	-0.02641
11895	-0.09307
11896	-0.01118
11897	0.05757
11898	0.06602
11899	0.02995
11900	-0.00228
11901	-0.05826
11902	-0.11914
11903	-0.42018
11904	0.43402
11905	2.14520
11906	1.39384
11907	-0.81198
11908	-0.07098
11909	-0.01973
11910	-0.14515
11911	0.02668
11912	0.10478
11913	-0.04335
11914	-0.06639
11915	-0.34612
11916	-0.38338
11917	-0.90469
11918	-0.47363
11919	0.14880
11920	-0.03949
11921	-0.19522
11922	-0.30508
11923	-0.39440
11924	-0.19330
11925	-0.14028
11926	-0.03170
11927	-0.08220
11928	-0.06320
11929	-0.03587
11930	0.01563
11931	-0.01992
11932	-0.06171
11933	-0.00234
11934	-0.00009
11935	-0.00309
11936	-0.01045
11937	-0.00257
11938	0.00486
11939	-0.00057
11940	0.00286
11941	-0.01663
11942	-0.09366
11943	-0.19250
11944	-0.19504
11945	-0.07688
11946	0.00684
11947	-0.01809
11948	-0.02703
11949	0.00485
11950	0.01160
11951	0.00220
11952	-0.00003
11953	0.00390
11954	0.00676
11955	0.00271
11956	-0.00179
11957	-0.00571
11958	-0.02091
11959	-0.02977
11960	-0.03100
11961	-0.08232
11962	-0.11185
11963	0.02372
11964	0.09154
11965	-0.05062
11966	-0.08079
11967	-0.01576
11968	0.01926
11969	0.04913
11970	0.04371
11971	0.02986
11972	-0.01473
11973	-0.20560
11974	-0.54700
11975	-0.28316
11976	1.19115
11977	1.08587
11978	-0.00978
11979	-0.06314
11980	0.21961
11981	-0.04046
11982	-0.24975
11983	0.12670
11984	-0.00108
11985	0.01853
11986	-0.15994
11987	-0.30542
11988	-0.68364
11989	-0.68508
11990	-0.13672
11991	-0.07118
11992	-0.08197
11993	-0.10005
11994	-0.28550
11995	-0.28289
11996	-0.18750
11997	-0.11753
11998	0.01771
11999	-0.01258
12000	-0.02194
12001	-0.00024
12002	-0.00743
12003	-0.02864
12004	-0.01158
12005	-0.01919
12006	-0.02798
12007	-0.01661
12008	0.00288
12009	-0.00003
12010	-0.00247
12011	0.00557
12012	-0.00055
12013	-0.08708
12014	-0.24218
12015	-0.24427
12016	-0.09378
12017	-0.00390
12018	-0.00864
12019	-0.01229
12020	0.01739
12021	0.03122
12022	0.02066
12023	0.01494
12024	0.01713
12025	0.02326
12026	0.02616
12027	0.01523
12028	-0.00080
12029	0.00261
12030	0.02675
12031	0.02791
12032	-0.02202
12033	-0.07297
12034	0.02139
12035	0.11418
12036	-0.02380
12037	-0.11429
12038	-0.01494
12039	0.09288
12040	0.08750
12041	0.05316
12042	0.01903
12043	-0.00229
12044	-0.05159
12045	0.01154
12046	-0.29397
12047	0.09817
12048	1.32672
12049	1.02202
12050	-0.06225
12051	0.72833
12052	-0.03846
12053	-0.06339
12054	0.27360
12055	0.34091
12056	-0.13863
12057	-0.04358
12058	-0.47198
12059	-0.18977
12060	-0.81611
12061	-0.49017
12062	0.18587
12063	-0.11295
12064	-0.18860
12065	-0.24207
12066	-0.32217
12067	-0.06737
12068	-0.21629
12069	-0.06520
12070	0.04460
12071	-0.03755
12072	-0.04589
12073	0.01343
12074	-0.01449
12075	-0.04521
12076	-0.00633
12077	-0.01760
12078	-0.02982
12079	-0.00619
12080	0.00548
12081	-0.00040
12082	0.01040
12083	0.01079
12084	-0.06441
12085	-0.21869
12086	-0.23659
12087	-0.09200
12088	-0.00646
12089	-0.00226
12090	0.00626
12091	0.04081
12092	0.04594
12093	0.02691
12094	0.02414
12095	0.03635
12096	0.03591
12097	0.01350
12098	0.00136
12099	-0.00095
12100	-0.00161
12101	0.03180
12102	0.04699
12103	0.01114
12104	-0.01469
12105	0.03388
12106	0.08344
12107	0.01835
12108	-0.06828
12109	-0.03155
12110	0.05775
12111	0.06594
12112	0.04880
12113	0.02190
12114	0.00704
12115	-0.05134
12116	-0.18557
12117	-0.37483
12118	0.15630
12119	1.30125
12120	1.74077
12121	-0.07051
12122	0.80235
12123	0.05782
12124	-0.19335
12125	-0.01186
12126	0.37104
12127	-0.09128
12128	0.03904
12129	-0.22031
12130	-0.23179
12131	-0.71506
12132	-0.53921
12133	-0.01594
12134	-0.08393
12135	-0.08169
12136	-0.25848
12137	-0.53394
12138	-0.09422
12139	-0.22129
12140	-0.18074
12141	0.04257
12142	-0.00971
12143	0.01047
12144	-0.00246
12145	-0.02666
12146	-0.09316
12147	-0.02144
12148	-0.02302
12149	-0.03310
12150	-0.02033
12151	0.00482
12152	0.00177
12153	0.00341
12154	0.01496
12155	-0.02938
12156	-0.18668
12157	-0.31386
12158	-0.20296
12159	-0.04731
12160	-0.00045
12161	0.00533
12162	0.01535
12163	0.02452
12164	0.02419
12165	0.01717
12166	0.01440
12167	0.01195
12168	0.00933
12169	0.01105
12170	0.00756
12171	-0.00706
12172	0.00401
12173	0.03420
12174	0.04353
12175	0.02471
12176	-0.00467
12177	0.01692
12178	0.08843
12179	0.02091
12180	-0.08533
12181	-0.00595
12182	0.07589
12183	0.05603
12184	0.02053
12185	0.00593
12186	-0.02827
12187	-0.18534
12188	-0.34244
12189	-0.43173
12190	2.58740
12191	2.99553
12192	-0.33879
12193	0.42020
12194	0.21555
12195	-0.11823
12196	-0.18252
12197	0.20995
12198	-0.24024
12199	0.04755
12200	-0.16939
12201	-0.13997
12202	-1.07448
12203	-0.79494
12204	0.01242
12205	-0.09037
12206	-0.00403
12207	-0.22932
12208	-0.55469
12209	-0.02515
12210	-0.21810
12211	-0.25376
12212	0.12104
12213	-0.04084
12214	-0.01633
12215	0.00130
12216	0.00529
12217	-0.06399
12218	-0.00885
12219	-0.00596
12220	-0.00862
12221	-0.00535
12222	0.00104
12223	-0.00118
12224	-0.00060
12225	0.00835
12226	-0.01135
12227	-0.13051
12228	-0.27566
12229	-0.22223
12230	-0.05696
12231	-0.00018
12232	-0.02730
12233	-0.01779
12234	0.00642
12235	0.00319
12236	0.00168
12237	0.00879
12238	0.01117
12239	0.00650
12240	0.00058
12241	0.00141
12242	0.00895
12243	0.00188
12244	0.00697
12245	0.03686
12246	0.03444
12247	-0.05457
12248	-0.06012
12249	0.10531
12250	0.12744
12251	-0.05964
12252	-0.04840
12253	0.07932
12254	0.02435
12255	-0.00652
12256	-0.00003
12257	-0.00103
12258	-0.08412
12259	-0.31229
12260	-0.08611
12261	2.55747
12262	2.45480
12263	-0.84294
12264	0.11002
12265	-0.11777
12266	-0.29030
12267	-0.24150
12268	0.09505
12269	-0.12109
12270	0.04710
12271	-0.17639
12272	-0.22365
12273	-1.00170
12274	-0.76562
12275	0.11175
12276	-0.09778
12277	-0.12400
12278	-0.25108
12279	-0.38924
12280	-0.10084
12281	-0.14596
12282	-0.18954
12283	0.03626
12284	-0.04500
12285	0.01642
12286	-0.03195
12287	0.04009
12288	0.03866
12289	-0.00322
12290	-0.02871
12291	-0.05898
12292	-0.03059
12293	0.00581
12294	0.00172
12295	0.00187
12296	0.00516
12297	-0.01742
12298	-0.14688
12299	-0.29454
12300	-0.20708
12301	-0.04859
12302	0.00183
12303	0.00858
12304	0.01199
12305	0.00658
12306	-0.00414
12307	-0.01422
12308	-0.01351
12309	-0.00478
12310	0.00672
12311	0.01010
12312	-0.00624
12313	-0.00854
12314	0.00868
12315	0.03494
12316	0.03979
12317	0.02784
12318	0.00685
12319	0.01259
12320	0.11900
12321	0.13106
12322	0.01323
12323	-0.01219
12324	0.02966
12325	0.00904
12326	0.00105
12327	0.00099
12328	0.00148
12329	-0.07662
12330	-0.13004
12331	-0.59652
12332	1.72707
12333	3.60469
12334	-0.12354
12335	-0.47271
12336	0.09155
12337	-0.40735
12338	-0.23391
12339	-0.01961
12340	0.00713
12341	0.00007
12342	-0.17595
12343	-0.25683
12344	-0.45531
12345	-0.78117
12346	-0.09137
12347	0.03206
12348	-0.14736
12349	-0.21839
12350	-0.46525
12351	-0.13766
12352	-0.01086
12353	-0.15251
12354	-0.07017
12355	0.02817
12356	-0.04797
12357	-0.00448
12358	-0.00055
12359	-0.07540
12360	-0.05465
12361	-0.01657
12362	-0.02006
12363	-0.01614
12364	0.00523
12365	0.00812
12366	0.00019
12367	0.00451
12368	0.00503
12369	-0.06481
12370	-0.21418
12371	-0.24363
12372	-0.10016
12373	-0.00278
12374	0.00123
12375	-0.00019
12376	-0.00755
12377	-0.01740
12378	-0.02149
12379	-0.01290
12380	0.01040
12381	0.02258
12382	0.01069
12383	-0.00703
12384	-0.01136
12385	-0.01725
12386	-0.02131
12387	0.01365
12388	0.05601
12389	0.09074
12390	0.08031
12391	0.00213
12392	0.04275
12393	0.03888
12394	-0.06971
12395	-0.01057
12396	0.08518
12397	0.05676
12398	0.00615
12399	-0.01124
12400	-0.05406
12401	-0.09093
12402	-0.25496
12403	0.51896
12404	2.22635
12405	1.32585
12406	-0.64507
12407	0.39746
12408	-0.10531
12409	-0.41782
12410	-0.19298
12411	0.09524
12412	-0.00435
12413	-0.04939
12414	-0.34950
12415	-0.25772
12416	-0.64310
12417	-0.27901
12418	0.14559
12419	-0.07448
12420	-0.18151
12421	-0.18656
12422	-0.19413
12423	-0.00439
12424	-0.19832
12425	-0.23198
12426	0.08547
12427	-0.02489
12428	0.01842
12429	-0.01180
12430	0.00059
12431	-0.08087
12432	-0.05914
12433	-0.01606
12434	-0.01228
12435	-0.01196
12436	-0.00401
12437	0.00184
12438	0.00037
12439	-0.00387
12440	0.01044
12441	-0.02291
12442	-0.19308
12443	-0.27153
12444	-0.11150
12445	-0.00219
12446	-0.01238
12447	-0.00176
12448	0.01653
12449	0.00864
12450	-0.00204
12451	-0.00066
12452	0.00661
12453	0.00721
12454	0.00598
12455	-0.00057
12456	-0.01122
12457	-0.00273
12458	0.01664
12459	0.03212
12460	0.04107
12461	0.03420
12462	-0.00521
12463	0.02186
12464	0.10002
12465	0.03484
12466	-0.04116
12467	0.00216
12468	0.03100
12469	0.01300
12470	0.00264
12471	-0.00213
12472	-0.03900
12473	-0.18070
12474	-0.50246
12475	0.08470
12476	2.85253
12477	1.96267
12478	0.02694
12479	0.95487
12480	-0.02974
12481	-0.06653
12482	-0.00549
12483	0.24973
12484	-0.00428
12485	0.01305
12486	-0.24302
12487	-0.26155
12488	-0.87877
12489	-0.50857
12490	0.10411
12491	-0.11909
12492	-0.06875
12493	-0.22664
12494	-0.53856
12495	0.00413
12496	-0.11634
12497	-0.30595
12498	-0.01369
12499	-0.02170
12500	0.01255
12501	-0.01424
12502	0.02693
12503	0.01486
12504	0.00075
12505	-0.01049
12506	-0.01061
12507	-0.00784
12508	0.00028
12509	0.00389
12510	-0.00210
12511	0.00607
12512	0.01353
12513	-0.05421
12514	-0.23324
12515	-0.30218
12516	-0.13542
12517	-0.01044
12518	-0.00376
12519	-0.00739
12520	0.00663
12521	0.01171
12522	0.00721
12523	0.01076
12524	0.01693
12525	0.01976
12526	0.02450
12527	0.01663
12528	0.00347
12529	0.00240
12530	-0.00154
12531	0.01492
12532	0.05335
12533	0.06526
12534	0.03463
12535	0.00001
12536	0.03024
12537	-0.00875
12538	-0.03922
12539	0.03533
12540	0.05774
12541	0.01252
12542	-0.00470
12543	0.01691
12544	0.03044
12545	-0.01609
12546	-0.40406
12547	0.96522
12548	2.92108
12549	0.96876
12550	-0.63753
12551	0.11520
12552	-0.00904
12553	-0.27541
12554	-0.30035
12555	-0.03013
12556	0.02054
12557	-0.14034
12558	-0.28672
12559	-0.37753
12560	-0.75527
12561	-0.23045
12562	0.05544
12563	-0.12034
12564	-0.20396
12565	-0.43873
12566	-0.31527
12567	-0.00761
12568	-0.11112
12569	-0.13945
12570	-0.00889
12571	0.01688
12572	-0.00925
12573	-0.00182
12574	-0.03795
12575	-0.07491
12576	-0.02376
12577	-0.03062
12578	-0.04888
12579	-0.03483
12580	0.00236
12581	0.00221
12582	0.00276
12583	0.00852
12584	-0.02093
12585	-0.16555
12586	-0.30105
12587	-0.18948
12588	-0.02880
12589	0.00199
12590	0.00356
12591	0.02773
12592	0.04240
12593	0.03320
12594	0.02020
12595	0.01755
12596	0.02101
12597	0.02408
12598	0.02614
12599	0.01355
12600	-0.00442
12601	0.00036
12602	0.01581
12603	0.01082
12604	-0.01051
12605	-0.02676
12606	0.01975
12607	0.07307
12608	-0.05076
12609	-0.14447
12610	-0.07601
12611	0.02654
12612	0.10385
12613	0.13745
12614	0.09751
12615	0.03984
12616	-0.07088
12617	-0.19063
12618	-0.31206
12619	0.21113
12620	1.83802
12621	1.35361
12622	-0.02666
12623	1.04770
12624	0.14416
12625	-0.15533
12626	0.16516
12627	0.41123
12628	-0.14268
12629	0.01895
12630	-0.35662
12631	-0.24268
12632	-0.75888
12633	-0.64477
12634	0.10877
12635	0.01385
12636	-0.09887
12637	-0.27306
12638	-0.39597
12639	0.01424
12640	-0.05431
12641	-0.22672
12642	0.03881
12643	0.00059
12644	0.03787
12645	-0.00094
12646	-0.06011
12647	-0.08874
12648	-0.02230
12649	-0.00741
12650	-0.01280
12651	-0.01305
12652	0.00377
12653	0.00476
12654	0.00007
12655	0.00593
12656	-0.00515
12657	-0.12487
12658	-0.30611
12659	-0.27392
12660	-0.08788
12661	-0.00277
12662	0.00546
12663	0.01217
12664	0.01435
12665	0.00312
12666	0.00012
12667	0.00906
12668	0.01926
12669	0.03304
12670	0.03063
12671	0.01450
12672	0.00660
12673	-0.00280
12674	0.00688
12675	0.01122
12676	-0.02220
12677	-0.05211
12678	0.01982
12679	0.14066
12680	0.05884
12681	-0.05832
12682	-0.03454
12683	0.02076
12684	0.05274
12685	0.06302
12686	0.03939
12687	0.01122
12688	-0.05922
12689	0.03861
12690	-0.19329
12691	1.03445
12692	1.71993
12693	0.20745
12694	0.44977
12695	0.39102
12696	-0.18480
12697	0.04445
12698	0.39066
12699	0.05141
12700	-0.23106
12701	0.08406
12702	-0.34392
12703	-0.35915
12704	-1.02574
12705	-0.29861
12706	0.21172
12707	-0.06456
12708	-0.10910
12709	-0.17105
12710	-0.19275
12711	0.04659
12712	-0.24933
12713	-0.18343
12714	0.10137
12715	-0.02076
12716	0.00508
12717	-0.00555
12718	-0.04415
12719	-0.13405
12720	-0.01567
12721	-0.00780
12722	-0.01593
12723	-0.00743
12724	0.01024
12725	0.00487
12726	-0.00001
12727	0.00339
12728	-0.00591
12729	-0.13862
12730	-0.31591
12731	-0.25348
12732	-0.06821
12733	-0.00062
12734	-0.00464
12735	0.00260
12736	0.00491
12737	-0.00736
12738	-0.01014
12739	0.00605
12740	0.02205
12741	0.03526
12742	0.04275
12743	0.02140
12744	-0.00038
12745	0.00693
12746	0.02831
12747	0.04421
12748	0.00608
12749	-0.06525
12750	-0.01767
12751	0.14475
12752	0.10250
12753	-0.07534
12754	-0.04863
12755	0.05032
12756	0.04125
12757	0.01772
12758	0.00742
12759	0.01182
12760	-0.02435
12761	-0.17480
12762	-0.62404
12763	0.17234
12764	3.06917
12765	1.95350
12766	0.30812
12767	1.64504
12768	-0.10710
12769	-0.01273
12770	0.29185
12771	0.75594
12772	-0.13622
12773	0.04813
12774	-0.40121
12775	-0.04466
12776	-0.93791
12777	-0.66423
12778	0.07573
12779	-0.05870
12780	-0.03522
12781	-0.19943
12782	-0.29247
12783	0.08316
12784	-0.22859
12785	-0.17914
12786	0.04563
12787	0.00193
12788	-0.03181
12789	0.00994
12790	-0.01547
12791	-0.05274
12792	-0.00464
12793	-0.00651
12794	-0.01303
12795	-0.00902
12796	0.00297
12797	0.00003
12798	0.00013
12799	0.01256
12800	-0.01059
12801	-0.13838
12802	-0.29331
12803	-0.24798
12804	-0.06429
12805	0.00452
12806	-0.00709
12807	-0.00247
12808	0.00447
12809	-0.00080
12810	-0.00523
12811	0.00293
12812	0.01148
12813	0.01325
12814	-0.00010
12815	-0.01505
12816	-0.00918
12817	-0.00239
12818	-0.00172
12819	0.02794
12820	0.03485
12821	0.01274
12822	-0.00981
12823	0.09414
12824	0.10865
12825	-0.09994
12826	-0.06477
12827	0.07812
12828	0.08223
12829	0.03455
12830	-0.00692
12831	-0.05639
12832	0.24871
12833	-0.16794
12834	-0.27816
12835	1.42484
12836	1.62951
12837	-0.13794
12838	0.40258
12839	-0.06545
12840	-0.03343
12841	-0.00507
12842	0.27343
12843	0.06192
12844	0.04549
12845	-0.29414
12846	-0.11722
12847	-0.62945
12848	-0.58041
12849	-0.05973
12850	-0.14056
12851	-0.16181
12852	-0.22973
12853	-0.25633
12854	-0.00911
12855	-0.33043
12856	-0.17917
12857	0.04557
12858	-0.02584
12859	0.00237
12860	0.00007
12861	-0.04314
12862	-0.10739
12863	-0.04937
12864	-0.01391
12865	-0.02223
12866	-0.01252
12867	0.00990
12868	0.00818
12869	-0.00163
12870	0.00303
12871	0.01801
12872	-0.03203
12873	-0.18352
12874	-0.21027
12875	-0.05830
12876	-0.00039
12877	-0.02045
12878	-0.00896
12879	0.00003
12880	-0.00830
12881	-0.01036
12882	0.00896
12883	0.02605
12884	0.02215
12885	0.00689
12886	-0.00063
12887	0.00052
12888	0.00074
12889	-0.00169
12890	0.01554
12891	0.02496
12892	0.01022
12893	-0.00103
12894	0.03428
12895	0.05304
12896	-0.03151
12897	-0.04210
12898	0.04629
12899	0.09120
12900	0.06234
12901	0.01077
12902	-0.00270
12903	-0.02514
12904	-0.19942
12905	-0.35861
12906	0.47821
12907	2.76782
12908	1.71403
12909	-0.38197
12910	0.50936
12911	-0.07833
12912	-0.04957
12913	0.01633
12914	0.10417
12915	-0.05833
12916	-0.02573
12917	-0.28754
12918	-0.29149
12919	-1.04008
12920	-0.40564
12921	0.05571
12922	-0.15717
12923	-0.14470
12924	-0.36548
12925	-0.33697
12926	-0.15454
12927	-0.22345
12928	-0.14518
12929	-0.04255
12930	-0.05009
12931	0.01317
12932	-0.03149
12933	0.05818
12934	0.01436
12935	-0.01152
12936	-0.01411
12937	-0.01854
12938	-0.02713
12939	-0.01320
12940	-0.00027
12941	-0.00359
12942	0.00524
12943	0.00688
12944	-0.13055
12945	-0.33745
12946	-0.29576
12947	-0.10090
12948	-0.00363
12949	-0.00700
12950	-0.00243
12951	0.02352
12952	0.01583
12953	-0.00762
12954	-0.00465
12955	0.01328
12956	0.02735
12957	0.02687
12958	0.02006
12959	0.01289
12960	-0.00401
12961	-0.00108
12962	0.03975
12963	0.07313
12964	0.04649
12965	-0.01094
12966	0.03839
12967	0.04329
12968	-0.09518
12969	-0.07358
12970	0.02587
12971	0.06100
12972	0.05010
12973	0.01429
12974	-0.00024
12975	-0.01109
12976	-0.13298
12977	-0.63857
12978	-0.36205
12979	1.21969
12980	2.46017
12981	0.10951
12982	0.29663
12983	0.16501
12984	-0.18846
12985	-0.09764
12986	0.22973
12987	0.05156
12988	-0.03577
12989	-0.23718
12990	-0.20124
12991	-0.54038
12992	-0.95978
12993	0.03120
12994	0.04543
12995	-0.17712
12996	-0.14160
12997	-0.42286
12998	-0.24429
12999	-0.01840
13000	-0.24099
13001	-0.00944
13002	0.01185
13003	-0.05689
13004	0.00136
13005	-0.00598
13006	-0.03393
13007	-0.00254
13008	-0.00526
13009	-0.02490
13010	-0.02738
13011	0.00173
13012	0.00344
13013	0.00049
13014	0.01256
13015	0.00433
13016	-0.10616
13017	-0.27036
13018	-0.26286
13019	-0.10717
13020	-0.00680
13021	-0.00501
13022	-0.00652
13023	0.00410
13024	0.00305
13025	0.00102
13026	0.00770
13027	0.01611
13028	0.01875
13029	0.00784
13030	-0.00255
13031	-0.00106
13032	0.00169
13033	0.01977
13034	0.04119
13035	0.04077
13036	0.01709
13037	-0.00577
13038	0.01400
13039	0.02803
13040	-0.01779
13041	-0.01139
13042	0.02226
13043	0.01419
13044	0.01049
13045	-0.00068
13046	-0.01160
13047	-0.09158
13048	-0.26961
13049	-0.39408
13050	0.99276
13051	1.96445
13052	0.44801
13053	-0.73259
13054	0.05300
13055	-0.13135
13056	-0.20925
13057	-0.10473
13058	-0.01227
13059	0.09193
13060	-0.16900
13061	-0.55027
13062	-0.45279
13063	-0.61873
13064	-0.12867
13065	-0.01111
13066	-0.22464
13067	-0.14529
13068	-0.33534
13069	-0.32982
13070	-0.05029
13071	0.02000
13072	-0.07331
13073	-0.01714
13074	-0.02153
13075	0.00591
13076	0.00560
13077	-0.09967
13078	-0.03121
13079	-0.00762
13080	-0.01510
13081	-0.02058
13082	-0.00343
13083	0.00314
13084	0.00277
13085	0.02403
13086	0.00786
13087	-0.11498
13088	-0.33361
13089	-0.33601
13090	-0.11855
13091	-0.00891
13092	0.01789
13093	0.02775
13094	0.02887
13095	0.03490
13096	0.03030
13097	0.02304
13098	0.01754
13099	0.02107
13100	0.02972
13101	0.02548
13102	0.00978
13103	-0.00250
13104	-0.00762
13105	-0.00933
13106	-0.01430
13107	-0.01021
13108	-0.01376
13109	0.02860
13110	0.07884
13111	0.00212
13112	-0.02489
13113	0.00694
13114	0.02311
13115	0.03099
13116	0.01217
13117	0.00404
13118	-0.03608
13119	0.32474
13120	-0.69412
13121	0.21822
13122	2.38623
13123	1.21856
13124	0.12181
13125	1.03550
13126	0.05488
13127	-0.16175
13128	0.08219
13129	0.28386
13130	-0.06467
13131	0.05511
13132	-0.35887
13133	-0.32371
13134	-1.06571
13135	-0.45740
13136	0.06153
13137	-0.10030
13138	-0.10080
13139	-0.34333
13140	-0.38303
13141	0.01286
13142	-0.06025
13143	-0.04293
13144	0.01246
13145	-0.04709
13146	-0.03969
13147	0.03359
13148	-0.05851
13149	-0.08649
13150	-0.01537
13151	-0.00296
13152	0.00193
13153	0.00964
13154	0.00964
13155	-0.00068
13156	0.01316
13157	0.04609
13158	0.03497
13159	-0.07611
13160	-0.19195
13161	-0.11032
13162	-0.00039
13163	-0.02690
13164	-0.03295
13165	-0.00504
13166	-0.00071
13167	-0.00546
13168	-0.00513
13169	0.00360
13170	0.01785
13171	0.01759
13172	0.00346
13173	-0.00427
13174	-0.00817
13175	-0.00691
13176	-0.00325
13177	0.00490
13178	0.01431
13179	-0.00238
13180	-0.02353
13181	-0.05985
13182	-0.05713
13183	-0.03373
13184	0.02689
13185	0.11777
13186	0.10785
13187	0.02663
13188	-0.01488
13189	-0.07224
13190	-0.13364
13191	-0.27354
13192	0.38995
13193	2.21430
13194	1.69303
13195	-0.15125
13196	0.85194
13197	0.06143
13198	-0.05380
13199	-0.01800
13200	0.23296
13201	-0.05090
13202	0.00140
13203	-0.26144
13204	-0.37463
13205	-0.68823
13206	-0.42002
13207	0.07136
13208	-0.13296
13209	-0.20853
13210	-0.23058
13211	-0.31632
13212	-0.10983
13213	-0.24522
13214	-0.04226
13215	0.04916
13216	-0.15687
13217	-0.00760
13218	0.04854
13219	-0.09871
13220	-0.03746
13221	-0.00853
13222	-0.02012
13223	-0.03053
13224	-0.01296
13225	0.00499
13226	0.00121
13227	0.00299
13228	0.01516
13229	-0.04250
13230	-0.20486
13231	-0.29977
13232	-0.17308
13233	-0.02011
13234	-0.00645
13235	-0.01578
13236	0.01542
13237	0.04097
13238	0.03864
13239	0.01828
13240	0.00563
13241	0.00660
13242	0.02136
13243	0.02984
13244	0.01813
13245	0.00247
13246	-0.00474
13247	0.00845
13248	0.02790
13249	0.03562
13250	0.00878
13251	0.00784
13252	0.05757
13253	0.01332
13254	-0.03318
13255	-0.02000
13256	0.04587
13257	0.11159
13258	0.09028
13259	0.03016
13260	-0.02146
13261	-0.13693
13262	-0.37687
13263	-0.01785
13264	1.29366
13265	1.64192
13266	-0.01773
13267	0.24785
13268	0.10062
13269	-0.16088
13270	-0.11197
13271	-0.01400
13272	0.00876
13273	-0.06499
13274	-0.11066
13275	-0.34265
13276	-0.52354
13277	-0.57583
13278	-0.05561
13279	0.05710
13280	-0.15956
13281	-0.26247
13282	-0.46209
13283	-0.26306
13284	-0.04210
13285	-0.13384
13286	-0.04213
13287	-0.08961
13288	-0.12846
13289	-0.00782
13290	-0.00016
13291	0.01383
13292	-0.00413
13293	-0.00588
13294	-0.00489
13295	-0.00949
13296	-0.00944
13297	-0.00677
13298	-0.00773
13299	-0.01253
13300	-0.00398
13301	-0.00269
13302	-0.10406
13303	-0.24226
13304	-0.19481
13305	-0.04821
13306	0.00056
13307	-0.00942
13308	-0.00049
13309	0.00161
13310	-0.01352
13311	-0.01534
13312	0.00488
13313	0.00969
13314	0.00238
13315	0.00592
13316	0.00625
13317	-0.00148
13318	0.00403
13319	0.00533
13320	0.00632
13321	0.02718
13322	0.02700
13323	-0.00146
13324	0.02772
13325	0.02404
13326	-0.02980
13327	-0.02977
13328	0.01810
13329	0.04121
13330	0.02955
13331	0.01032
13332	-0.00630
13333	-0.09516
13334	-0.45895
13335	-0.55776
13336	0.45266
13337	2.68889
13338	1.38843
13339	0.07766
13340	0.90681
13341	-0.09044
13342	-0.28149
13343	-0.15584
13344	0.08468
13345	-0.08110
13346	-0.00807
13347	-0.27296
13348	-0.44496
13349	-0.79209
13350	-0.34116
13351	0.03936
13352	-0.14363
13353	-0.28554
13354	-0.52731
13355	-0.40933
13356	-0.08997
13357	-0.11652
13358	-0.05927
13359	-0.04104
13360	-0.03081
13361	0.01149
13362	-0.01039
13363	-0.00452
13364	-0.01690
13365	-0.01121
13366	-0.01255
13367	-0.01243
13368	-0.00466
13369	0.00155
13370	-0.00066
13371	0.00385
13372	0.02000
13373	-0.01993
13374	-0.14852
13375	-0.24575
13376	-0.18162
13377	-0.04990
13378	-0.00013
13379	-0.00675
13380	-0.00247
13381	0.01272
13382	0.02646
13383	0.03408
13384	0.03330
13385	0.02683
13386	0.02017
13387	0.01104
13388	0.00147
13389	-0.00235
13390	-0.00133
13391	0.00049
13392	-0.01903
13393	-0.07261
13394	-0.08318
13395	-0.00869
13396	0.08813
13397	0.06095
13398	-0.04381
13399	-0.02413
13400	0.01400
13401	0.01722
13402	0.01391
13403	0.00268
13404	-0.00679
13405	-0.05314
13406	-0.30314
13407	-0.23406
13408	0.28873
13409	2.32526
13410	1.22869
13411	-0.41325
13412	0.64352
13413	-0.41980
13414	-0.31181
13415	0.03763
13416	0.12439
13417	-0.04948
13418	-0.13816
13419	-0.47961
13420	-0.30481
13421	-0.81422
13422	-0.42896
13423	0.14970
13424	-0.06870
13425	-0.18158
13426	-0.36504
13427	-0.34427
13428	-0.01103
13429	-0.12865
13430	-0.08444
13431	0.03271
13432	-0.03655
13433	-0.05385
13434	0.03223
13435	-0.04765
13436	-0.10187
13437	-0.01380
13438	-0.01591
13439	-0.01524
13440	-0.00214
13441	0.00474
13442	-0.00013
13443	0.00057
13444	0.00674
13445	-0.04231
13446	-0.21108
13447	-0.30712
13448	-0.19117
13449	-0.05083
13450	-0.00285
13451	0.00347
13452	0.01443
13453	0.01975
13454	0.02117
13455	0.01724
13456	0.01208
13457	0.01340
13458	0.01716
13459	0.00837
13460	-0.00169
13461	0.00007
13462	0.00015
13463	0.00663
13464	0.00292
13465	-0.00594
13466	-0.00458
13467	0.00807
13468	0.03506
13469	0.01415
13470	-0.03526
13471	-0.02467
13472	0.00814
13473	0.04269
13474	0.04817
13475	0.01336
13476	-0.01305
13477	-0.11773
13478	-0.38740
13479	-0.54700
13480	1.07507
13481	1.48498
13482	0.02021
13483	0.66165
13484	0.24449
13485	-0.20398
13486	-0.05896
13487	0.31088
13488	-0.04745
13489	-0.07830
13490	0.05152
13491	-0.19183
13492	-0.68778
13493	-0.96208
13494	0.01164
13495	0.01737
13496	-0.13143
13497	-0.22315
13498	-0.51398
13499	-0.20636
13500	-0.11646
13501	-0.22466
13502	-0.00600
13503	-0.11519
13504	-0.16373
13505	0.00061
13506	0.00041
13507	0.12766
13508	0.00973
13509	-0.00379
13510	-0.01512
13511	-0.01672
13512	0.00025
13513	0.00617
13514	0.00021
13515	0.00186
13516	-0.01174
13517	-0.08703
13518	-0.20170
13519	-0.22540
13520	-0.10791
13521	0.00128
13522	0.00851
13523	-0.00310
13524	-0.00013
13525	-0.01158
13526	-0.01922
13527	-0.00803
13528	0.00400
13529	0.00679
13530	-0.00630
13531	-0.01857
13532	-0.00967
13533	-0.00788
13534	-0.01221
13535	-0.02652
13536	-0.01599
13537	0.02046
13538	0.02126
13539	-0.00399
13540	-0.00620
13541	-0.07307
13542	-0.05339
13543	0.03137
13544	0.07334
13545	0.09440
13546	0.06381
13547	0.01106
13548	-0.05616
13549	-0.20071
13550	-0.58478
13551	0.27247
13552	1.74920
13553	1.20589
13554	0.13444
13555	1.25047
13556	0.13607
13557	-0.21130
13558	-0.11592
13559	0.27636
13560	-0.25692
13561	0.00039
13562	-0.42097
13563	-0.35718
13564	-1.02171
13565	-0.65255
13566	0.13099
13567	-0.13887
13568	-0.18783
13569	-0.38001
13570	-0.64039
13571	-0.09919
13572	-0.11384
13573	-0.20671
13574	0.00165
13575	-0.03370
13576	-0.04975
13577	-0.00018
13578	0.01127
13579	0.01649
13580	0.00618
13581	-0.00390
13582	-0.02029
13583	-0.01530
13584	0.01173
13585	0.00936
13586	-0.00060
13587	0.00883
13588	-0.01430
13589	-0.11686
13590	-0.25562
13591	-0.25757
13592	-0.11742
13593	-0.01656
13594	0.00001
13595	0.00088
13596	0.00091
13597	-0.01080
13598	-0.00370
13599	0.01213
13600	0.01876
13601	0.01830
13602	0.01530
13603	0.01243
13604	0.00756
13605	0.00111
13606	0.00273
13607	0.01566
13608	0.02091
13609	0.00590
13610	-0.00556
13611	0.03744
13612	0.04482
13613	-0.04470
13614	-0.03576
13615	0.02908
13616	0.03562
13617	0.03502
13618	0.01508
13619	-0.01697
13620	-0.12007
13621	-0.40848
13622	-0.03636
13623	1.09951
13624	1.07187
13625	-0.26091
13626	-0.51254
13627	-0.01078
13628	-0.03260
13629	0.03034
13630	0.11828
13631	-0.06652
13632	0.00070
13633	-0.19692
13634	-0.13510
13635	-0.74371
13636	-0.74894
13637	0.03857
13638	-0.01858
13639	-0.16777
13640	-0.28463
13641	-0.63523
13642	-0.33518
13643	-0.16868
13644	-0.15872
13645	-0.01196
13646	-0.11094
13647	-0.10964
13648	0.00152
13649	0.02662
13650	0.03549
13651	0.00455
13652	-0.00003
13653	-0.01144
13654	-0.01311
13655	0.00013
13656	0.00043
13657	-0.00064
13658	0.01100
13659	-0.00813
13660	-0.18816
13661	-0.37404
13662	-0.28440
13663	-0.09233
13664	-0.00461
13665	-0.00391
13666	-0.00298
13667	0.03347
13668	0.05927
13669	0.06190
13670	0.05244
13671	0.04213
13672	0.03598
13673	0.02620
13674	0.01219
13675	-0.00134
13676	-0.00589
13677	0.00259
13678	0.01730
13679	0.01331
13680	-0.04317
13681	-0.05534
13682	0.06658
13683	0.15405
13684	0.04070
13685	-0.05958
13686	-0.00221
13687	0.03721
13688	0.03496
13689	0.02130
13690	0.01105
13691	-0.02970
13692	-0.19247
13693	-0.84295
13694	-0.22516
13695	2.31428
13696	2.20322
13697	-0.12309
13698	1.07834
13699	0.07755
13700	-0.31225
13701	-0.05374
13702	0.36394
13703	-0.14515
13704	0.00050
13705	-0.35825
13706	-0.27325
13707	-0.71106
13708	-0.45836
13709	0.10892
13710	0.00288
13711	-0.12766
13712	-0.29237
13713	-0.52464
13714	-0.13017
13715	-0.08982
13716	-0.20090
13717	0.03253
13718	-0.06331
13719	-0.10831
13720	0.00267
13721	0.00259
13722	0.03333
13723	-0.00433
13724	-0.02589
13725	-0.05112
13726	-0.04765
13727	-0.00549
13728	0.00523
13729	-0.00030
13730	0.00819
13731	-0.00340
13732	-0.07910
13733	-0.20583
13734	-0.24508
13735	-0.14745
13736	-0.02673
13737	0.00299
13738	-0.00580
13739	0.00663
13740	0.00436
13741	0.00053
13742	0.00560
13743	0.01597
13744	0.01833
13745	0.01744
13746	0.02748
13747	0.02784
13748	0.00233
13749	-0.01022
13750	0.00315
13751	0.02235
13752	0.01360
13753	-0.00920
13754	0.02006
13755	0.04916
13756	-0.10802
13757	-0.19130
13758	-0.01121
13759	0.12558
13760	0.11269
13761	0.06167
13762	0.01824
13763	-0.00892
13764	-0.19192
13765	-0.61533
13766	0.03027
13767	1.86480
13768	1.36396
13769	-0.17686
13770	0.44090
13771	-0.04273
13772	-0.18427
13773	0.21183
13774	0.60668
13775	-0.60958
13776	-0.07849
13777	-0.14469
13778	-0.35585
13779	-0.97629
13780	-0.82739
13781	0.20868
13782	0.11415
13783	-0.15146
13784	-0.31690
13785	-0.49135
13786	-0.02974
13787	0.09687
13788	-0.32595
13789	-0.00887
13790	-0.04527
13791	-0.06889
13792	-0.00151
13793	0.00329
13794	-0.02883
13795	-0.00694
13796	-0.00723
13797	-0.01110
13798	-0.00505
13799	0.00309
13800	-0.00151
13801	-0.00184
13802	0.00401
13803	-0.00445
13804	-0.07832
13805	-0.22107
13806	-0.26281
13807	-0.13184
13808	-0.01271
13809	-0.00177
13810	-0.00866
13811	-0.00103
13812	-0.00126
13813	-0.00798
13814	-0.00115
13815	0.00900
13816	-0.00294
13817	-0.01172
13818	-0.01430
13819	-0.02383
13820	-0.02171
13821	-0.00727
13822	-0.00162
13823	0.00670
13824	0.01969
13825	-0.01526
13826	-0.02421
13827	0.09230
13828	0.12578
13829	-0.05278
13830	-0.06255
13831	0.04897
13832	0.06201
13833	0.04281
13834	0.02596
13835	-0.02150
13836	-0.24283
13837	-0.63078
13838	-0.15927
13839	0.94240
13840	1.25490
13841	-0.05305
13842	0.39814
13843	0.11589
13844	-0.08282
13845	0.15186
13846	0.44434
13847	-0.03460
13848	-0.04629
13849	-0.17703
13850	-0.42146
13851	-0.85841
13852	-0.91226
13853	-0.03444
13854	-0.03582
13855	-0.08496
13856	-0.17743
13857	-0.48812
13858	-0.20612
13859	0.03330
13860	-0.32773
13861	-0.08849
13862	-0.07299
13863	-0.05021
13864	0.00066
13865	0.00276
13866	-0.00749
13867	-0.00279
13868	-0.00433
13869	-0.01234
13870	-0.02840
13871	-0.01144
13872	0.00574
13873	-0.00140
13874	0.00946
13875	0.01854
13876	-0.02987
13877	-0.20119
13878	-0.30280
13879	-0.17516
13880	-0.02823
13881	0.00306
13882	-0.00170
13883	0.00301
13884	0.00907
13885	0.01316
13886	0.02161
13887	0.03257
13888	0.02106
13889	0.01074
13890	0.00791
13891	0.00169
13892	0.00592
13893	0.00711
13894	-0.00083
13895	0.03207
13896	0.06876
13897	0.02848
13898	-0.02016
13899	0.04699
13900	0.07486
13901	-0.04877
13902	-0.06209
13903	0.08069
13904	0.09780
13905	0.03661
13906	0.00485
13907	-0.00793
13908	-0.08016
13909	-0.19398
13910	-0.68979
13911	1.24344
13912	2.70536
13913	0.36644
13914	0.59076
13915	0.62248
13916	-0.05859
13917	0.05888
13918	0.50724
13919	0.13149
13920	-0.04578
13921	-0.17181
13922	-0.36804
13923	-0.48813
13924	-0.79821
13925	-0.16326
13926	0.02233
13927	-0.09892
13928	-0.18077
13929	-0.58427
13930	-0.44376
13931	-0.18972
13932	-0.26635
13933	-0.15261
13934	-0.11579
13935	-0.05282
13936	-0.00134
13937	-0.03016
13938	0.13780
13939	0.01361
13940	-0.00184
13941	-0.01254
13942	-0.02179
13943	-0.01394
13944	0.00266
13945	-0.00084
13946	0.00504
13947	0.01300
13948	-0.02562
13949	-0.16128
13950	-0.28234
13951	-0.20955
13952	-0.06662
13953	-0.00362
13954	-0.00023
13955	0.02322
13956	0.05768
13957	0.04853
13958	0.02833
13959	0.03420
13960	0.03560
13961	0.02107
13962	0.01314
13963	0.01462
13964	0.00672
13965	0.00028
13966	0.02514
13967	0.02150
13968	0.01205
13969	0.00930
13970	-0.00197
13971	0.02484
13972	0.00223
13973	-0.05173
13974	-0.02765
13975	0.02945
13976	0.04224
13977	0.04122
13978	0.03115
13979	0.00244
13980	-0.05882
13981	-0.20897
13982	-0.48485
13983	-0.49838
13984	1.03374
13985	2.37065
13986	0.28054
13987	1.33615
13988	1.08740
13989	-0.07234
13990	0.03335
13991	0.62545
13992	0.16459
13993	-0.04279
13994	-0.23209
13995	-0.13222
13996	-0.60383
13997	-1.14818
13998	-0.09612
13999	0.07937
14000	-0.17305
14001	-0.26895
14002	-0.72393
14003	-0.39041
14004	0.00570
14005	-0.29917
14006	-0.07685
14007	0.02978
14008	-0.05480
14009	-0.03967
14010	0.04998
14011	-0.02301
14012	0.01982
14013	0.00490
14014	-0.00048
14015	-0.00451
14016	0.00789
14017	0.01419
14018	0.00202
14019	-0.00875
14020	-0.00055
14021	-0.03968
14022	-0.21446
14023	-0.28574
14024	-0.12901
14025	-0.00989
14026	0.00331
14027	-0.00280
14028	0.01795
14029	0.03027
14030	0.01770
14031	0.00725
14032	0.00567
14033	0.00773
14034	0.00637
14035	0.00367
14036	0.00323
14037	0.00004
14038	0.00033
14039	0.01271
14040	0.02784
14041	0.03080
14042	0.00461
14043	0.00843
14044	0.05317
14045	-0.07470
14046	-0.14105
14047	-0.02689
14048	0.04821
14049	0.07472
14050	0.06667
14051	0.03122
14052	-0.03390
14053	-0.17629
14054	-0.15939
14055	-0.32707
14056	1.42669
14057	1.83820
14058	0.00486
14059	0.91916
14060	0.31030
14061	-0.08260
14062	0.06831
14063	0.41060
14064	-0.05191
14065	-0.00507
14066	-0.25624
14067	-0.29315
14068	-0.65514
14069	-0.72341
14070	-0.04659
14071	0.00666
14072	-0.12121
14073	-0.32828
14074	-0.56241
14075	-0.18058
14076	-0.08712
14077	-0.17104
14078	-0.02304
14079	-0.01605
14080	-0.02226
14081	-0.00447
14082	0.00344
14083	-0.03423
14084	-0.00693
14085	-0.00631
14086	-0.01383
14087	-0.01272
14088	0.00039
14089	0.00279
14090	0.00013
14091	0.00191
14092	0.01413
14093	-0.03022
14094	-0.22597
14095	-0.32680
14096	-0.15886
14097	-0.01270
14098	-0.00158
14099	-0.01411
14100	0.00977
14101	0.03943
14102	0.03242
14103	0.01609
14104	0.01485
14105	0.01921
14106	0.02125
14107	0.02713
14108	0.02880
14109	0.01146
14110	-0.00113
14111	0.00345
14112	0.00782
14113	-0.01209
14114	-0.03062
14115	0.00429
14116	0.07374
14117	0.01690
14118	-0.05823
14119	-0.02127
14120	0.06057
14121	0.08842
14122	0.04661
14123	0.01090
14124	-0.01622
14125	-0.09106
14126	-0.06499
14127	-0.39702
14128	1.52491
14129	2.60859
14130	0.02240
14131	0.63259
14132	0.24075
14133	-0.12492
14134	0.11920
14135	0.61287
14136	-0.04913
14137	0.06311
14138	-0.20980
14139	-0.20579
14140	-0.73364
14141	-0.83865
14142	0.03169
14143	0.00640
14144	-0.12747
14145	-0.25197
14146	-0.59428
14147	-0.18874
14148	-0.08917
14149	-0.31924
14150	-0.01919
14151	-0.03269
14152	-0.04952
14153	0.00942
14154	-0.01432
14155	0.02710
14156	-0.00469
14157	-0.00591
14158	-0.00780
14159	-0.00931
14160	-0.00078
14161	0.00092
14162	-0.00061
14163	0.00216
14164	-0.00273
14165	-0.06389
14166	-0.20961
14167	-0.29729
14168	-0.18674
14169	-0.03801
14170	0.00081
14171	0.00237
14172	0.01566
14173	0.01484
14174	-0.00975
14175	-0.02493
14176	-0.00385
14177	0.00438
14178	0.00728
14179	0.02186
14180	0.02169
14181	0.00531
14182	-0.00217
14183	0.01117
14184	0.01793
14185	0.00377
14186	-0.00053
14187	-0.01255
14188	0.08884
14189	0.07131
14190	-0.08167
14191	-0.03602
14192	0.04493
14193	0.04319
14194	0.01566
14195	0.00070
14196	-0.01984
14197	-0.16502
14198	-0.55149
14199	0.37286
14200	2.90995
14201	2.22320
14202	-0.60485
14203	0.22306
14204	0.04242
14205	-0.19923
14206	0.04413
14207	0.31067
14208	-0.09984
14209	0.02040
14210	-0.46027
14211	-0.49545
14212	-0.94189
14213	-0.62850
14214	0.23990
14215	-0.02715
14216	-0.07863
14217	-0.17483
14218	-0.50296
14219	-0.21453
14220	-0.02166
14221	-0.27341
14222	-0.10688
14223	-0.04591
14224	-0.07299
14225	0.00132
14226	-0.00604
14227	0.04313
14228	0.03231
14229	-0.00581
14230	-0.02131
14231	-0.03399
14232	-0.01600
14233	0.00831
14234	0.00322
14235	0.00115
14236	0.00687
14237	-0.02214
14238	-0.14328
14239	-0.25717
14240	-0.18750
14241	-0.03981
14242	0.00552
14243	-0.00307
14244	0.01073
14245	0.01610
14246	0.01645
14247	0.02278
14248	0.02255
14249	0.01882
14250	0.02330
14251	0.02432
14252	0.01308
14253	0.00326
14254	-0.00000
14255	0.00148
14256	0.01921
14257	0.06297
14258	0.05585
14259	-0.00062
14260	0.00934
14261	-0.03376
14262	-0.07901
14263	-0.02714
14264	0.05678
14265	0.06673
14266	0.02772
14267	0.00262
14268	-0.01641
14269	-0.14073
14270	-0.26140
14271	-0.64584
14272	0.77851
14273	2.01550
14274	0.51576
14275	-0.67298
14276	0.05735
14277	-0.12759
14278	-0.17717
14279	0.25252
14280	0.09608
14281	-0.09383
14282	-0.21275
14283	-0.46623
14284	-0.59500
14285	-1.02978
14286	-0.09748
14287	0.07985
14288	-0.23470
14289	-0.25307
14290	-0.57617
14291	-0.30935
14292	-0.02360
14293	-0.12981
14294	-0.08514
14295	-0.09717
14296	-0.04378
14297	-0.00728
14298	-0.00946
14299	0.00518
14300	-0.00299
14301	-0.00862
14302	-0.01373
14303	-0.01763
14304	-0.01150
14305	0.00066
14306	0.00073
14307	-0.00529
14308	-0.00755
14309	0.00078
14310	-0.04708
14311	-0.18871
14312	-0.25560
14313	-0.12846
14314	-0.00527
14315	0.00340
14316	-0.00111
14317	0.00447
14318	0.00370
14319	0.00229
14320	0.00656
14321	0.01212
14322	0.00100
14323	-0.00974
14324	-0.00272
14325	-0.00093
14326	-0.00461
14327	0.00809
14328	0.03178
14329	0.04512
14330	-0.00449
14331	-0.05676
14332	0.03701
14333	0.16478
14334	0.03081
14335	-0.13751
14336	-0.01867
14337	0.05989
14338	0.02118
14339	0.00565
14340	0.00464
14341	-0.00766
14342	-0.11995
14343	-0.56509
14344	-0.64857
14345	1.76815
14346	3.57646
14347	0.60345
14348	0.86442
14349	0.90904
14350	-0.34899
14351	-0.07339
14352	0.46545
14353	0.20960
14354	-0.21388
14355	-0.05786
14356	-0.34124
14357	-0.64406
14358	-1.49054
14359	-0.16060
14360	0.16030
14361	-0.15082
14362	-0.15293
14363	-0.58271
14364	-0.66716
14365	-0.01504
14366	-0.21619
14367	-0.11680
14368	0.02614
14369	-0.04291
14370	0.04430
14371	-0.09032
14372	0.06155
14373	-0.00674
14374	-0.00670
14375	-0.00829
14376	-0.01540
14377	-0.00906
14378	0.00765
14379	0.00033
14380	-0.00248
14381	0.00345
14382	0.00720
14383	-0.07711
14384	-0.24570
14385	-0.25325
14386	-0.09705
14387	-0.00279
14388	-0.00884
14389	-0.00820
14390	0.01206
14391	0.00072
14392	-0.01090
14393	0.00831
14394	0.02186
14395	0.01831
14396	0.01747
14397	0.01150
14398	0.00194
14399	-0.00042
14400	-0.00025
14401	-0.00007
14402	0.01677
14403	0.04701
14404	0.02924
14405	-0.00019
14406	0.02287
14407	-0.02573
14408	-0.07551
14409	0.00642
14410	0.07364
14411	0.05128
14412	0.02526
14413	0.00079
14414	0.00398
14415	-0.06368
14416	-0.39558
14417	-0.05282
14418	1.38923
14419	2.04066
14420	0.16146
14421	-0.15509
14422	0.16992
14423	-0.15302
14424	-0.17481
14425	-0.02302
14426	0.00194
14427	0.00490
14428	-0.22543
14429	-0.35121
14430	-0.55982
14431	-0.82006
14432	-0.09699
14433	0.02638
14434	-0.07490
14435	-0.23949
14436	-0.52334
14437	-0.21667
14438	-0.00517
14439	-0.20748
14440	-0.09206
14441	-0.01182
14442	-0.12995
14443	-0.02865
14444	0.01931
14445	-0.04027
14446	0.00318
14447	-0.00029
14448	-0.00755
14449	-0.02879
14450	-0.03330
14451	-0.00261
14452	0.00095
14453	0.00118
14454	0.01508
14455	-0.00613
14456	-0.14494
14457	-0.33016
14458	-0.30123
14459	-0.10741
14460	-0.00590
14461	0.00566
14462	0.02942
14463	0.05658
14464	0.04544
14465	0.02222
14466	0.01920
14467	0.02818
14468	0.03738
14469	0.03226
14470	0.01472
14471	0.00301
14472	-0.00163
14473	0.00974
14474	0.02072
14475	-0.00644
14476	-0.05251
14477	-0.04046
14478	0.03900
14479	0.13245
14480	0.09285
14481	-0.00194
14482	-0.00905
14483	0.01829
14484	0.01592
14485	0.00840
14486	0.00070
14487	-0.00944
14488	-0.06929
14489	-0.34977
14490	-0.11343
14491	1.09059
14492	2.51276
14493	0.21323
14494	0.21767
14495	0.20864
14496	-0.26763
14497	0.00235
14498	0.27302
14499	0.03499
14500	-0.00064
14501	-0.30120
14502	-0.43379
14503	-0.51743
14504	-0.63111
14505	-0.05559
14506	0.05464
14507	-0.14092
14508	-0.17892
14509	-0.40526
14510	-0.23104
14511	0.03187
14512	-0.24945
14513	-0.11975
14514	0.01639
14515	-0.06146
14516	-0.00538
14517	0.00690
14518	-0.09246
14519	-0.04803
14520	-0.01486
14521	-0.01662
14522	-0.02020
14523	-0.01410
14524	-0.00407
14525	-0.00239
14526	-0.00515
14527	0.00386
14528	0.00249
14529	-0.07230
14530	-0.20330
14531	-0.23099
14532	-0.10834
14533	-0.00644
14534	0.00089
14535	0.00143
14536	0.00672
14537	-0.00250
14538	-0.00868
14539	-0.00558
14540	0.00754
14541	0.02675
14542	0.03038
14543	0.01225
14544	-0.00224
14545	-0.01438
14546	-0.00480
14547	0.00761
14548	-0.01871
14549	-0.06488
14550	-0.01043
14551	0.10822
14552	0.15303
14553	0.03667
14554	-0.06165
14555	-0.02690
14556	0.01372
14557	0.02465
14558	0.03887
14559	0.04365
14560	0.03947
14561	-0.04070
14562	-0.29503
14563	-0.33428
14564	0.54392
14565	1.44208
14566	0.44594
14567	0.48663
14568	1.15705
14569	-0.05891
14570	0.10002
14571	0.77686
14572	0.52359
14573	-0.20954
14574	0.03815
14575	-0.08659
14576	-0.32883
14577	-1.01149
14578	-0.52466
14579	0.28637
14580	-0.01976
14581	-0.14992
14582	-0.20102
14583	-0.18051
14584	0.01821
14585	-0.05334
14586	-0.13171
14587	0.07724
14588	-0.07563
14589	-0.09865
14590	0.05759
14591	0.00802
14592	-0.04141
14593	-0.03178
14594	-0.07279
14595	0.02939
14596	-0.01294
14597	-0.03034
14598	-0.00207
14599	-0.00187
14600	-0.00475
14601	-0.00199
14602	-0.00332
14603	-0.02505
14604	-0.04463
14605	-0.06679
14606	-0.10737
14607	-0.14116
14608	-0.09916
14609	-0.01721
14610	0.01514
14611	0.02284
14612	0.02060
14613	0.01126
14614	0.00349
14615	0.00776
14616	0.01406
14617	0.01173
14618	0.01893
14619	0.03591
14620	0.03011
14621	0.00108
14622	-0.00047
14623	0.00567
14624	-0.00680
14625	-0.01527
14626	-0.00731
14627	0.00329
14628	0.00192
14629	-0.02253
14630	-0.03235
14631	-0.00618
14632	0.01377
14633	0.03678
14634	0.09538
14635	0.12116
14636	0.07744
14637	0.01979
14638	-0.02753
14639	-0.02491
14640	0.07414
14641	0.00268
14642	0.04265
14643	0.35493
14644	0.06820
14645	-0.16964
14646	0.00746
14647	0.06842
14648	-0.00980
14649	-0.00922
14650	0.01385
14651	0.00478
14652	-0.00171
14653	0.01561
14654	0.04549
14655	0.06002
14656	0.03448
14657	0.00608
14658	0.00135
14659	0.00558
14660	0.01017
14661	0.00277
14662	0.00003
14663	-0.00004
14664	-0.00091
14665	0.00324
14666	0.00904
14667	0.01425
14668	0.01672
14669	0.01478
14670	0.01143
14671	0.00674
14672	0.00110
14673	0.00031
14674	0.00025
14675	-0.00532
14676	-0.01136
14677	-0.01310
14678	-0.01229
14679	-0.00804
14680	-0.00215
14681	0.00088
14682	0.00070
14683	-0.00866
14684	-0.03218
14685	-0.05936
14686	-0.06390
14687	-0.02717
14688	-0.00101
14689	-0.00069
14690	0.00000
14691	0.00095
14692	0.01091
14693	0.00353
14694	0.00619
14695	0.02861
14696	0.01871
14697	0.00376
14698	0.00285
14699	0.00196
14700	-0.00192
14701	-0.01282
14702	-0.00780
14703	0.00050
14704	0.00139
14705	-0.00723
14706	-0.01699
14707	-0.00393
14708	0.00402
14709	-0.00008
14710	0.01226
14711	0.03705
14712	0.04889
14713	0.03620
14714	0.01403
14715	-0.00068
14716	-0.00781
14717	-0.00485
14718	-0.00063
14719	0.00166
14720	0.00016
14721	-0.01754
14722	-0.02235
14723	-0.02962
14724	-0.00620
14725	-0.24368
14726	-0.63322
14727	-0.72025
14728	-0.40965
14729	0.20971
14730	0.49910
14731	0.65903
14732	0.06028
14733	0.00859
14734	-0.26467
14735	-0.24347
14736	-0.01357
14737	-0.10660
14738	0.02939
14739	0.02541
14740	-0.00514
14741	0.01891
14742	0.08120
14743	0.12642
14744	0.14328
14745	0.17911
14746	0.10116
14747	0.02910
14748	-0.01579
14749	-0.10077
14750	-0.06128
14751	-0.01119
14752	-0.00151
14753	0.08369
14754	0.14551
14755	0.12767
14756	0.07173
14757	0.03436
14758	0.03162
14759	0.05398
14760	0.12581
14761	0.29572
14762	0.44169
14763	0.58134
14764	0.63756
14765	0.33494
14766	0.07091
14767	-0.01134
14768	-0.00025
14769	0.01754
14770	0.03893
14771	0.01286
14772	-0.07721
14773	-0.11528
14774	-0.11269
14775	-0.27327
14776	-0.51284
14777	-0.34261
14778	-0.09240
14779	0.00271
14780	0.02048
14781	0.03920
14782	0.11216
14783	0.27601
14784	0.41068
14785	0.18141
14786	0.06353
14787	0.06792
14788	-0.00427
14789	0.00445
14790	0.00722
14791	-0.01210
14792	-0.01647
14793	-0.00724
14794	0.00383
14795	0.01342
14796	0.01356
14797	0.00646
14798	-0.00116
14799	-0.00578
14800	-0.00468
14801	-0.01065
14802	-0.04219
14803	-0.07380
14804	-0.06607
14805	-0.05148
14806	-0.06247
14807	-0.08953
14808	-0.09042
14809	-0.06008
14810	-0.03470
14811	-0.02505
14812	-0.01355
14813	0.01061
14814	0.01937
14815	0.00981
14816	0.00157
14817	0.00030
14818	0.00349
14819	0.00138
14820	-0.00320
14821	-0.00282
14822	-0.00342
14823	-0.00285
14824	0.00083
14825	0.00029
14826	-0.00161
14827	-0.00641
14828	-0.01224
14829	0.00008
14830	0.01237
14831	0.06290
14832	-0.40939
14833	-0.64741
14834	-0.29334
14835	0.05506
14836	-0.07241
14837	-0.19180
14838	0.15179
14839	0.17971
14840	0.09323
14841	-0.00285
14842	0.02409
14843	-0.14839
14844	-0.25316
14845	-0.15372
14846	0.11741
14847	0.03099
14848	0.00899
14849	0.02301
14850	0.06601
14851	0.05629
14852	0.01163
14853	0.00407
14854	0.01720
14855	0.02664
14856	0.01652
14857	0.00706
14858	0.00130
14859	-0.00041
14860	-0.01549
14861	-0.01393
14862	0.00806
14863	0.03545
14864	0.02387
14865	-0.00150
14866	-0.02229
14867	0.03296
14868	0.10724
14869	0.10430
14870	0.14227
14871	0.19073
14872	0.15197
14873	0.14215
14874	0.28674
14875	0.30394
14876	0.21610
14877	0.27496
14878	0.35721
14879	0.48518
14880	0.48790
14881	0.44156
14882	0.34521
14883	0.14896
14884	-0.01440
14885	-0.12058
14886	-0.14193
14887	-0.10234
14888	-0.12552
14889	-0.16833
14890	-0.14783
14891	-0.11030
14892	-0.11615
14893	-0.10068
14894	-0.04295
14895	0.01709
14896	0.04228
14897	0.06185
14898	0.04098
14899	0.05136
14900	0.07101
14901	0.03883
14902	0.02749
14903	0.02447
14904	0.02454
14905	0.02569
14906	0.01872
14907	0.01657
14908	0.00701
14909	-0.00148
14910	-0.00049
14911	-0.00254
14912	0.01101
14913	-0.00818
14914	-0.00277
14915	0.01220
14916	0.02372
14917	0.01456
14918	0.00310
14919	0.00307
14920	-0.00418
14921	-0.00997
14922	-0.00785
14923	-0.00881
14924	-0.01338
14925	-0.01595
14926	-0.02159
14927	-0.02263
14928	-0.01671
14929	-0.01835
14930	-0.03345
14931	-0.03533
14932	-0.01973
14933	-0.00683
14934	-0.00045
14935	0.00075
14936	-0.00368
14937	-0.00642
14938	-0.00076
14939	0.00422
14940	0.00091
14941	0.00018
14942	0.00785
14943	0.00818
14944	0.00308
14945	-0.00581
14946	-0.01200
14947	-0.01154
14948	-0.00498
14949	-0.00005
14950	0.00001
14951	-0.00450
14952	-0.01749
14953	-0.01438
14954	0.01340
14955	0.06338
14956	-0.46861
14957	-0.52377
14958	-0.01877
14959	0.04576
14960	-0.26308
14961	0.18309
14962	0.35108
14963	0.15850
14964	0.16005
14965	-0.00983
14966	0.10788
14967	-0.05765
14968	-0.19150
14969	-0.10380
14970	-0.04123
14971	-0.01005
14972	-0.04437
14973	0.07073
14974	0.00329
14975	-0.03747
14976	-0.04067
14977	-0.01198
14978	0.01624
14979	0.03807
14980	0.04362
14981	0.03500
14982	0.00875
14983	0.00317
14984	0.03494
14985	0.10491
14986	0.11210
14987	0.17583
14988	0.14331
14989	0.11557
14990	0.09996
14991	0.08359
14992	0.14345
14993	0.22879
14994	0.26108
14995	0.25082
14996	0.17979
14997	0.12089
14998	0.09198
14999	0.09296
15000	0.12771
15001	0.14233
15002	0.10384
15003	0.12452
15004	0.17044
15005	0.16783
15006	0.16330
15007	0.13415
15008	0.14050
15009	0.16589
15010	0.15471
15011	0.03814
15012	-0.05906
15013	-0.02402
15014	0.09072
15015	0.10568
15016	-0.03346
15017	-0.13542
15018	-0.12327
15019	-0.02477
15020	0.02927
15021	-0.01163
15022	-0.14398
15023	-0.14519
15024	-0.18816
15025	-0.16953
15026	-0.07573
15027	0.01201
15028	0.04364
15029	0.04304
15030	0.00507
15031	0.03697
15032	0.11597
15033	0.08908
15034	0.02245
15035	0.02440
15036	0.00138
15037	-0.00927
15038	-0.00337
15039	0.01710
15040	0.01500
15041	0.00207
15042	-0.00530
15043	-0.00512
15044	-0.00041
15045	-0.00019
15046	-0.00552
15047	-0.00531
15048	0.00227
15049	0.00662
15050	-0.00311
15051	-0.02379
15052	-0.03132
15053	-0.02329
15054	-0.02103
15055	-0.03207
15056	-0.03806
15057	-0.02353
15058	-0.01150
15059	-0.01629
15060	-0.02553
15061	-0.03005
15062	-0.03020
15063	-0.03015
15064	-0.02218
15065	-0.00615
15066	0.00529
15067	-0.00051
15068	-0.01030
15069	-0.00310
15070	0.01038
15071	0.00696
15072	-0.00484
15073	-0.00863
15074	-0.00614
15075	-0.00441
15076	-0.00171
15077	0.00466
15078	0.00131
15079	-0.01220
15080	-0.01414
15081	-0.00332
15082	0.00580
15083	0.00782
15084	-0.02106
15085	-0.08060
15086	-0.03305
15087	0.00150
15088	0.03035
15089	-0.03921
15090	-0.13761
15091	-0.20760
15092	0.08285
15093	-0.03022
15094	0.16292
15095	0.03715
15096	-0.05984
15097	-0.21971
15098	0.01129
15099	0.12784
15100	0.03678
15101	0.01636
15102	-0.00124
15103	-0.01535
15104	-0.05562
15105	0.02627
15106	-0.01908
15107	0.00894
15108	0.02899
15109	0.00657
15110	0.01019
15111	-0.00327
15112	-0.01899
15113	-0.05591
15114	-0.03730
15115	-0.03186
15116	-0.06820
15117	-0.10710
15118	-0.11574
15119	-0.08961
15120	-0.06379
15121	-0.03104
15122	0.00029
15123	0.03146
15124	0.05816
15125	0.04237
15126	0.03681
15127	0.06328
15128	0.05489
15129	0.00339
15130	-0.02753
15131	0.00797
15132	0.05935
15133	0.08428
15134	0.15038
15135	0.26862
15136	0.31494
15137	0.25554
15138	0.31599
15139	0.42032
15140	0.45350
15141	0.44434
15142	0.44049
15143	0.40473
15144	0.30389
15145	0.24673
15146	0.22399
15147	0.18235
15148	0.13254
15149	0.04865
15150	0.00929
15151	0.03454
15152	0.03892
15153	-0.00255
15154	-0.03772
15155	-0.03894
15156	-0.03275
15157	-0.03111
15158	-0.04903
15159	-0.08327
15160	-0.06257
15161	0.02380
15162	0.06222
15163	0.05576
15164	0.04242
15165	-0.00791
15166	-0.01773
15167	-0.03759
15168	-0.01847
15169	0.00036
15170	-0.00070
15171	-0.01092
15172	-0.01524
15173	-0.00107
15174	0.00096
15175	0.00052
15176	0.00586
15177	-0.00176
15178	-0.02560
15179	-0.03558
15180	-0.01992
15181	-0.00744
15182	-0.00774
15183	-0.01463
15184	-0.02850
15185	-0.03332
15186	-0.01670
15187	-0.02662
15188	-0.04056
15189	-0.01703
15190	-0.00284
15191	-0.00048
15192	-0.00045
15193	0.00015
15194	0.00297
15195	0.00611
15196	0.00554
15197	0.00334
15198	0.00144
15199	-0.00136
15200	-0.00751
15201	-0.01346
15202	-0.01090
15203	-0.00410
15204	-0.00143
15205	-0.00127
15206	-0.00222
15207	-0.00420
15208	-0.00689
15209	-0.00219
15210	0.00333
15211	-0.01565
15212	-0.02259
15213	-0.00010
15214	0.01206
15215	0.00909
15216	0.00152
15217	-0.16970
15218	-0.01330
15219	0.02235
15220	-0.04044
15221	-0.12326
15222	-0.23194
15223	0.04472
15224	-0.00730
15225	0.22944
15226	0.13863
15227	0.01490
15228	-0.12561
15229	-0.06873
15230	0.01148
15231	-0.02051
15232	0.07957
15233	0.02908
15234	0.00308
15235	-0.00898
15236	0.00372
15237	-0.02630
15238	-0.02193
15239	0.02704
15240	0.00854
15241	0.00979
15242	0.00432
15243	-0.00764
15244	-0.00461
15245	0.00577
15246	0.02856
15247	0.02866
15248	0.01976
15249	0.02597
15250	0.01688
15251	0.00022
15252	-0.00365
15253	0.00848
15254	0.02736
15255	0.03181
15256	0.03409
15257	0.07117
15258	0.06759
15259	0.03801
15260	0.05431
15261	0.09564
15262	0.12466
15263	0.15108
15264	0.19192
15265	0.21024
15266	0.22132
15267	0.23888
15268	0.25930
15269	0.18509
15270	0.14773
15271	0.18472
15272	0.22826
15273	0.23557
15274	0.14127
15275	0.10560
15276	0.09431
15277	0.05803
15278	0.02927
15279	0.02365
15280	-0.01019
15281	-0.07314
15282	-0.07608
15283	-0.02053
15284	-0.00403
15285	-0.03860
15286	-0.05610
15287	-0.04399
15288	-0.03263
15289	0.00750
15290	0.02033
15291	-0.01610
15292	-0.04318
15293	-0.05022
15294	0.01435
15295	0.02845
15296	0.07522
15297	0.07018
15298	0.01650
15299	0.00204
15300	-0.00281
15301	-0.00396
15302	-0.00118
15303	0.00648
15304	-0.00109
15305	-0.00607
15306	-0.00820
15307	-0.00688
15308	-0.00095
15309	0.01230
15310	0.01438
15311	0.00158
15312	-0.00798
15313	-0.00453
15314	0.00333
15315	-0.00410
15316	-0.01647
15317	-0.02067
15318	-0.02811
15319	-0.03905
15320	-0.04302
15321	-0.04085
15322	-0.02901
15323	-0.01551
15324	-0.00367
15325	0.00242
15326	0.00506
15327	0.00646
15328	0.00359
15329	0.00258
15330	0.00339
15331	0.00125
15332	-0.00038
15333	0.00042
15334	-0.00036
15335	-0.00446
15336	-0.00576
15337	-0.00213
15338	-0.00121
15339	-0.00151
15340	-0.00093
15341	-0.00136
15342	-0.00072
15343	0.00234
15344	-0.01253
15345	-0.02826
15346	-0.01688
15347	0.00367
15348	0.00680
15349	-0.02226
15350	-0.11438
15351	-0.20790
15352	-0.07177
15353	0.04499
15354	0.02690
15355	-0.31006
15356	-0.14571
15357	0.05010
15358	0.02887
15359	0.10409
15360	0.02313
15361	-0.00430
15362	-0.01177
15363	-0.02036
15364	0.03821
15365	0.13975
15366	0.01169
15367	-0.02406
15368	-0.00354
15369	0.02061
15370	0.04582
15371	-0.02817
15372	0.03094
15373	0.04195
15374	0.01364
15375	-0.01445
15376	-0.01935
15377	-0.02214
15378	-0.03533
15379	-0.07099
15380	-0.06255
15381	-0.00090
15382	0.01690
15383	0.03052
15384	0.02335
15385	0.01244
15386	-0.00099
15387	-0.01984
15388	-0.02334
15389	0.01418
15390	0.08244
15391	0.11432
15392	0.06869
15393	0.08133
15394	0.09318
15395	0.09642
15396	0.13336
15397	0.13273
15398	0.18586
15399	0.20516
15400	0.12105
15401	0.11875
15402	0.16702
15403	0.15975
15404	0.17515
15405	0.22037
15406	0.23043
15407	0.13114
15408	-0.02758
15409	-0.07777
15410	-0.04894
15411	-0.01700
15412	0.02400
15413	0.03876
15414	0.00700
15415	0.01140
15416	0.02924
15417	0.01153
15418	-0.00379
15419	0.01837
15420	0.01840
15421	-0.00596
15422	0.00229
15423	0.04304
15424	0.02900
15425	-0.00171
15426	-0.00320
15427	0.01453
15428	0.01528
15429	0.00196
15430	-0.00259
15431	-0.00036
15432	-0.02285
15433	-0.03423
15434	-0.01373
15435	0.00592
15436	0.01157
15437	0.00702
15438	0.00020
15439	-0.00309
15440	-0.00500
15441	-0.01007
15442	-0.01434
15443	-0.01928
15444	-0.02331
15445	-0.02114
15446	-0.01713
15447	-0.01427
15448	-0.01115
15449	-0.00938
15450	-0.00164
15451	0.00244
15452	-0.00022
15453	0.00191
15454	0.00657
15455	0.00716
15456	0.00533
15457	0.00794
15458	0.00835
15459	0.00180
15460	0.00001
15461	0.00269
15462	0.00568
15463	0.00586
15464	0.00357
15465	0.00250
15466	0.00418
15467	0.00681
15468	0.00536
15469	0.00003
15470	0.00720
15471	0.00560
15472	-0.00251
15473	0.00129
15474	-0.02792
15475	-0.03559
15476	-0.00972
15477	0.00672
15478	0.01009
15479	0.01006
15480	0.00346
15481	-0.02727
15482	-0.05354
15483	-0.02838
15484	-0.00672
15485	-0.00108
15486	-0.09993
15487	-0.13091
15488	-0.21757
15489	0.02428
15490	0.01096
15491	0.08259
15492	0.09622
15493	-0.00995
15494	-0.18306
15495	0.07487
15496	0.22353
15497	-0.04170
15498	0.01457
15499	-0.01081
15500	0.00400
15501	-0.02497
15502	0.02755
15503	0.08494
15504	0.02153
15505	0.03583
15506	0.01383
15507	-0.01296
15508	-0.07340
15509	-0.06459
15510	-0.04165
15511	-0.04325
15512	-0.01736
15513	0.00295
15514	0.04187
15515	0.02957
15516	0.01967
15517	0.02555
15518	0.01504
15519	-0.00382
15520	0.02187
15521	0.12414
15522	0.17093
15523	0.10161
15524	0.10361
15525	0.10829
15526	0.08023
15527	0.09415
15528	0.10572
15529	0.13433
15530	0.09856
15531	0.06286
15532	0.12148
15533	0.16834
15534	0.20150
15535	0.17629
15536	0.08612
15537	0.11703
15538	0.17153
15539	0.16676
15540	0.05495
15541	-0.00911
15542	0.02017
15543	0.08167
15544	0.09298
15545	0.06662
15546	0.03023
15547	0.05021
15548	0.12416
15549	0.14213
15550	0.11663
15551	0.08607
15552	0.05970
15553	-0.00077
15554	-0.02574
15555	-0.00966
15556	0.02399
15557	0.03882
15558	0.01526
15559	0.01082
15560	0.03890
15561	0.02778
15562	0.01234
15563	-0.02251
15564	-0.05824
15565	0.05425
15566	-0.01514
15567	-0.01971
15568	-0.02009
15569	-0.00386
15570	0.01222
15571	0.01332
15572	0.00615
15573	0.00012
15574	-0.00751
15575	-0.02434
15576	-0.03075
15577	-0.02641
15578	-0.02072
15579	-0.02318
15580	-0.04289
15581	-0.06555
15582	-0.06733
15583	-0.04459
15584	-0.02484
15585	-0.01530
15586	-0.00654
15587	0.00614
15588	0.01782
15589	0.02410
15590	0.02698
15591	0.02704
15592	0.02311
15593	0.01178
15594	-0.00031
15595	-0.00343
15596	-0.00104
15597	0.00010
15598	-0.00002
15599	0.00137
15600	0.00391
15601	0.00181
15602	-0.00190
15603	-0.00215
15604	0.00115
15605	-0.00189
15606	-0.03396
15607	-0.05312
15608	-0.02078
15609	0.00955
15610	0.01254
15611	0.09760
15612	-0.28604
15613	-0.20258
15614	0.02064
15615	0.02473
15616	0.03010
15617	-0.16167
15618	-0.05708
15619	0.07832
15620	-0.11773
15621	0.11772
15622	0.07454
15623	-0.03838
15624	-0.27914
15625	-0.13776
15626	0.06432
15627	0.04428
15628	-0.02932
15629	-0.03191
15630	0.03499
15631	-0.02286
15632	0.07533
15633	0.09957
15634	0.07790
15635	0.13517
15636	0.06028
15637	-0.02558
15638	-0.07388
15639	-0.09269
15640	-0.12465
15641	-0.07536
15642	-0.01203
15643	0.04403
15644	0.07521
15645	0.07111
15646	0.01261
15647	-0.01095
15648	0.02984
15649	0.06756
15650	0.09653
15651	0.14973
15652	0.17372
15653	0.13166
15654	0.12037
15655	0.13670
15656	0.21370
15657	0.21610
15658	0.20995
15659	0.28049
15660	0.30189
15661	0.37314
15662	0.37016
15663	0.28229
15664	0.27043
15665	0.31696
15666	0.20058
15667	-0.09188
15668	-0.25697
15669	-0.13842
15670	0.06261
15671	0.14445
15672	0.17823
15673	0.19131
15674	0.11530
15675	-0.00259
15676	-0.08098
15677	-0.04487
15678	0.00157
15679	0.01409
15680	0.00713
15681	0.00875
15682	-0.00909
15683	-0.07529
15684	-0.04171
15685	0.05268
15686	0.05243
15687	0.05963
15688	0.02927
15689	0.05154
15690	0.05793
15691	0.00017
15692	0.03618
15693	-0.02714
15694	-0.02822
15695	0.00446
15696	0.03720
15697	0.03452
15698	0.01640
15699	0.00766
15700	0.00399
15701	-0.00263
15702	-0.00719
15703	-0.02060
15704	-0.04262
15705	-0.04299
15706	-0.03529
15707	-0.03647
15708	-0.04323
15709	-0.04393
15710	-0.03982
15711	-0.03064
15712	-0.00732
15713	0.00706
15714	0.01092
15715	0.01495
15716	0.01729
15717	0.01266
15718	0.00557
15719	0.00162
15720	-0.00048
15721	-0.00117
15722	0.00270
15723	0.00684
15724	0.00785
15725	0.00415
15726	0.00073
15727	-0.00403
15728	-0.00348
15729	-0.00090
15730	0.00044
15731	-0.00542
15732	-0.01349
15733	0.00001
15734	-0.06039
15735	-0.25183
15736	-0.16638
15737	-0.09672
15738	0.00430
15739	0.15643
15740	-0.57249
15741	-0.43787
15742	0.00783
15743	-0.03330
15744	0.13474
15745	0.03388
15746	0.00364
15747	-0.04266
15748	0.00222
15749	0.09163
15750	0.00266
15751	-0.02534
15752	-0.00196
15753	-0.06227
15754	0.04491
15755	0.07969
15756	0.03913
15757	0.01279
15758	0.02882
15759	-0.00611
15760	-0.01860
15761	-0.01162
15762	-0.05895
15763	-0.03913
15764	-0.00163
15765	0.02844
15766	0.09032
15767	0.03639
15768	0.02228
15769	0.05863
15770	0.07178
15771	0.02642
15772	0.00263
15773	0.02884
15774	0.06728
15775	0.05336
15776	0.09946
15777	0.16423
15778	0.14709
15779	0.13585
15780	0.10470
15781	0.11120
15782	0.11787
15783	0.12743
15784	0.21891
15785	0.23509
15786	0.19186
15787	0.19930
15788	0.19353
15789	0.06949
15790	-0.06680
15791	-0.10451
15792	-0.00448
15793	0.06428
15794	0.06039
15795	0.03096
15796	0.05857
15797	0.15010
15798	0.18769
15799	0.09595
15800	-0.01665
15801	-0.01690
15802	0.03110
15803	-0.00579
15804	-0.11851
15805	-0.15876
15806	-0.16553
15807	-0.13239
15808	-0.09481
15809	-0.09533
15810	-0.05710
15811	0.03941
15812	0.10607
15813	0.10075
15814	-0.01315
15815	-0.03007
15816	-0.01118
15817	0.00226
15818	0.00454
15819	-0.00136
15820	0.00265
15821	0.02185
15822	0.01838
15823	0.00461
15824	0.00114
15825	-0.00274
15826	-0.00869
15827	-0.00381
15828	-0.00101
15829	-0.00313
15830	-0.00397
15831	-0.00650
15832	-0.00695
15833	-0.00258
15834	-0.00417
15835	-0.01653
15836	-0.02170
15837	-0.01098
15838	0.00189
15839	0.00868
15840	0.00877
15841	0.00998
15842	0.01166
15843	0.00684
15844	0.00014
15845	-0.00220
15846	-0.00214
15847	0.00011
15848	0.00377
15849	0.00365
15850	-0.00136
15851	-0.00492
15852	-0.00301
15853	-0.00010
15854	-0.00160
15855	-0.00505
15856	-0.00429
15857	-0.00332
15858	-0.00201
15859	0.00609
15860	-0.00025
15861	-0.02276
15862	-0.02283
15863	-0.00144
15864	0.02578
15865	-0.08415
15866	-0.26282
15867	-0.18687
15868	0.12039
15869	-0.01956
15870	-0.54152
15871	-0.24305
15872	-0.00564
15873	0.23666
15874	0.13964
15875	0.14905
15876	0.02270
15877	-0.07562
15878	-0.12145
15879	0.02914
15880	-0.11380
15881	-0.14272
15882	-0.00492
15883	-0.01397
15884	0.14460
15885	0.08552
15886	0.03329
15887	0.02212
15888	0.01297
15889	0.00237
15890	-0.00491
15891	-0.01010
15892	-0.01679
15893	-0.01065
15894	-0.00538
15895	0.00188
15896	0.02687
15897	0.07692
15898	0.13421
15899	0.17348
15900	0.08112
15901	0.00339
15902	-0.02412
15903	0.03256
15904	0.13284
15905	0.17701
15906	0.15575
15907	0.05962
15908	-0.02357
15909	0.01706
15910	0.11949
15911	0.18024
15912	0.14188
15913	0.15739
15914	0.18171
15915	0.19912
15916	0.25826
15917	0.29991
15918	0.20232
15919	0.21147
15920	0.28674
15921	0.25203
15922	0.07156
15923	-0.10302
15924	-0.23858
15925	-0.19578
15926	-0.02148
15927	0.05559
15928	0.06351
15929	0.08451
15930	0.13396
15931	0.12187
15932	0.01196
15933	-0.08141
15934	-0.19200
15935	-0.27083
15936	-0.22363
15937	-0.12014
15938	-0.11971
15939	-0.09275
15940	-0.01937
15941	0.02124
15942	0.08044
15943	0.08575
15944	0.03504
15945	0.05674
15946	0.02962
15947	0.00152
15948	-0.00083
15949	0.00538
15950	-0.00413
15951	-0.01290
15952	-0.00620
15953	0.01182
15954	0.01329
15955	0.00716
15956	0.00274
15957	-0.00126
15958	-0.00537
15959	-0.00837
15960	-0.00976
15961	-0.01042
15962	-0.01432
15963	-0.02731
15964	-0.04009
15965	-0.04001
15966	-0.03168
15967	-0.02117
15968	-0.01135
15969	-0.00494
15970	-0.00083
15971	0.00200
15972	0.00333
15973	0.00467
15974	0.00545
15975	0.00637
15976	0.00318
15977	-0.00010
15978	0.00088
15979	0.00054
15980	-0.00171
15981	-0.00433
15982	-0.00591
15983	-0.00446
15984	-0.00445
15985	-0.00559
15986	-0.00466
15987	-0.00512
15988	0.00035
15989	0.00153
15990	-0.02503
15991	-0.03922
15992	-0.02285
15993	0.00102
15994	-0.00587
15995	-0.25939
15996	-0.22432
15997	0.00079
15998	0.06367
15999	-0.13858
16000	-0.46789
16001	-0.16118
16002	0.01224
16003	0.13996
16004	0.26963
16005	0.11573
16006	-0.01424
16007	-0.09596
16008	-0.11202
16009	-0.08407
16010	-0.09007
16011	-0.02557
16012	0.01954
16013	0.00938
16014	0.07187
16015	0.07537
16016	0.03529
16017	0.03720
16018	0.03373
16019	0.00847
16020	-0.01299
16021	-0.03288
16022	-0.01439
16023	0.00498
16024	0.02053
16025	0.03624
16026	0.03824
16027	0.02498
16028	0.02314
16029	0.02052
16030	0.02302
16031	0.04855
16032	0.09116
16033	0.17143
16034	0.14027
16035	0.10574
16036	0.13023
16037	0.09887
16038	0.03217
16039	-0.02739
16040	0.02182
16041	0.10264
16042	0.13427
16043	0.13213
16044	0.15006
16045	0.17083
16046	0.21616
16047	0.19168
16048	0.17421
16049	0.20495
16050	0.16886
16051	0.09221
16052	-0.04536
16053	-0.17739
16054	-0.20789
16055	-0.03067
16056	0.07182
16057	0.02416
16058	-0.01628
16059	0.05581
16060	0.12659
16061	0.11378
16062	0.05855
16063	0.00014
16064	-0.10595
16065	-0.20332
16066	-0.15448
16067	-0.12968
16068	-0.18851
16069	-0.08352
16070	0.09440
16071	0.22389
16072	0.22347
16073	0.00934
16074	0.00669
16075	0.02980
16076	0.01187
16077	0.01387
16078	0.06081
16079	-0.02155
16080	-0.02152
16081	-0.00463
16082	0.00958
16083	0.01207
16084	0.00909
16085	0.00356
16086	0.00000
16087	-0.00177
16088	-0.00548
16089	-0.00952
16090	-0.01324
16091	-0.02240
16092	-0.03706
16093	-0.04262
16094	-0.03588
16095	-0.03546
16096	-0.04191
16097	-0.03463
16098	-0.01645
16099	-0.00606
16100	-0.00576
16101	-0.01376
16102	-0.02249
16103	-0.01606
16104	-0.00250
16105	-0.00024
16106	0.00130
16107	0.00377
16108	-0.00191
16109	-0.01162
16110	-0.01424
16111	-0.00978
16112	-0.00904
16113	-0.01077
16114	-0.00700
16115	-0.00285
16116	-0.00178
16117	0.00385
16118	0.00620
16119	-0.00816
16120	-0.01403
16121	-0.00380
16122	0.03710
16123	-0.04134
16124	-0.29038
16125	-0.25211
16126	0.11169
16127	0.00332
16128	-0.49576
16129	-0.18396
16130	0.22769
16131	0.26842
16132	0.19674
16133	0.05585
16134	-0.02208
16135	-0.14847
16136	-0.21377
16137	-0.04910
16138	-0.10428
16139	-0.04946
16140	-0.00827
16141	0.02976
16142	0.12457
16143	0.06833
16144	0.03628
16145	0.00428
16146	-0.00600
16147	-0.02872
16148	-0.02506
16149	-0.04419
16150	-0.05632
16151	-0.03462
16152	-0.00773
16153	0.03014
16154	0.08427
16155	0.07384
16156	0.06543
16157	0.08594
16158	0.06042
16159	0.04118
16160	0.06092
16161	0.13022
16162	0.17777
16163	0.16018
16164	0.20625
16165	0.18829
16166	0.12155
16167	0.02347
16168	-0.04344
16169	0.01641
16170	0.11459
16171	0.16662
16172	0.18848
16173	0.20322
16174	0.22798
16175	0.19911
16176	0.17804
16177	0.16185
16178	0.22708
16179	0.24249
16180	0.14603
16181	0.11627
16182	0.18973
16183	0.20104
16184	0.07058
16185	-0.01666
16186	-0.03610
16187	-0.01860
16188	0.00992
16189	0.00004
16190	-0.01803
16191	0.00125
16192	-0.00391
16193	-0.08364
16194	-0.14799
16195	-0.09567
16196	-0.05490
16197	-0.07912
16198	-0.10842
16199	-0.05954
16200	0.02679
16201	0.10849
16202	0.05063
16203	0.03431
16204	0.01153
16205	-0.02961
16206	0.01475
16207	0.04559
16208	-0.00888
16209	-0.02297
16210	-0.00214
16211	0.01667
16212	0.00776
16213	0.00202
16214	0.00010
16215	-0.00124
16216	-0.00615
16217	-0.01102
16218	-0.00865
16219	-0.00116
16220	-0.00313
16221	-0.01273
16222	-0.01734
16223	-0.01709
16224	-0.01166
16225	-0.01298
16226	-0.01792
16227	-0.01465
16228	-0.00842
16229	-0.00604
16230	-0.00807
16231	-0.01397
16232	-0.01964
16233	-0.01938
16234	-0.01274
16235	-0.00303
16236	0.00254
16237	0.00180
16238	-0.00197
16239	-0.00471
16240	-0.00646
16241	-0.00504
16242	-0.00254
16243	-0.00282
16244	-0.00293
16245	-0.00467
16246	-0.00407
16247	0.00766
16248	0.00045
16249	-0.02795
16250	-0.01973
16251	0.00470
16252	0.00739
16253	0.12697
16254	-0.14321
16255	-0.13565
16256	-0.02291
16257	0.04763
16258	0.13652
16259	-0.55117
16260	-0.47221
16261	-0.00506
16262	0.01737
16263	0.08721
16264	0.23611
16265	0.15640
16266	0.01165
16267	-0.09807
16268	0.12691
16269	0.15070
16270	-0.32816
16271	-0.12924
16272	0.01524
16273	0.01105
16274	0.03450
16275	0.02055
16276	0.01530
16277	-0.00171
16278	0.00199
16279	0.00566
16280	0.01342
16281	0.02531
16282	0.00922
16283	0.01135
16284	0.05656
16285	0.05461
16286	0.01863
16287	-0.00667
16288	0.00065
16289	0.04576
16290	0.08691
16291	0.07486
16292	0.11592
16293	0.11677
16294	0.11222
16295	0.11542
16296	0.04296
16297	-0.05016
16298	-0.08470
16299	-0.02765
16300	0.08084
16301	0.10777
16302	0.10306
16303	0.20500
16304	0.26659
16305	0.24431
16306	0.21481
16307	0.29745
16308	0.40635
16309	0.35928
16310	0.33463
16311	0.16986
16312	0.02356
16313	0.00254
16314	0.02720
16315	0.03503
16316	0.04281
16317	0.05328
16318	0.02810
16319	0.03258
16320	0.08839
16321	0.12293
16322	0.04312
16323	0.00268
16324	0.00547
16325	-0.03471
16326	-0.06317
16327	-0.01223
16328	0.01869
16329	0.06668
16330	0.05889
16331	0.02352
16332	0.07591
16333	0.04767
16334	-0.02314
16335	0.00424
16336	-0.02806
16337	-0.00974
16338	-0.02934
16339	-0.01958
16340	0.00297
16341	-0.00037
16342	-0.00901
16343	-0.00100
16344	-0.00468
16345	-0.01132
16346	-0.01044
16347	-0.00895
16348	-0.00537
16349	0.00736
16350	0.01166
16351	-0.02582
16352	-0.05908
16353	-0.04676
16354	-0.03320
16355	-0.02723
16356	-0.01732
16357	-0.00861
16358	-0.00717
16359	-0.01322
16360	-0.01625
16361	-0.01521
16362	-0.01506
16363	-0.01557
16364	-0.01099
16365	-0.00250
16366	0.00175
16367	0.00125
16368	-0.00195
16369	-0.00709
16370	-0.01037
16371	-0.00205
16372	0.00883
16373	0.00523
16374	0.00027
16375	0.00159
16376	0.00204
16377	0.00009
16378	0.00116
16379	0.00185
16380	-0.00749
16381	-0.01552
16382	-0.00515
16383	0.00442
16384	0.00231
16385	-0.00170
16386	-0.05439
16387	-0.02458
16388	0.04828
16389	0.01054
16390	0.05618
16391	-0.25053
16392	-0.44560
16393	0.00184
16394	0.02363
16395	0.24965
16396	0.11536
16397	-0.04000
16398	-0.21130
16399	-0.05290
16400	0.04542
16401	-0.04612
16402	-0.15483
16403	0.00983
16404	-0.03893
16405	0.03990
16406	0.13959
16407	0.08306
16408	0.07521
16409	0.04024
16410	0.00749
16411	-0.02429
16412	-0.07927
16413	-0.14130
16414	-0.08289
16415	-0.00263
16416	0.04753
16417	0.07967
16418	0.03413
16419	0.02040
16420	-0.00535
16421	-0.00970
16422	0.03393
16423	0.09840
16424	0.09119
16425	0.05501
16426	0.06582
16427	0.09752
16428	0.13145
16429	0.10437
16430	0.11175
16431	0.16690
16432	0.14696
16433	0.08934
16434	0.07046
16435	0.14068
16436	0.27187
16437	0.23699
16438	0.14745
16439	0.20189
16440	0.27887
16441	0.25461
16442	0.27276
16443	0.22797
16444	0.16821
16445	0.12167
16446	0.07274
16447	0.03186
16448	0.04364
16449	0.06733
16450	0.05024
16451	-0.00435
16452	0.00716
16453	0.08712
16454	0.10200
16455	0.02620
16456	-0.01805
16457	-0.01576
16458	-0.04272
16459	-0.11117
16460	-0.15364
16461	-0.11244
16462	-0.10364
16463	-0.06147
16464	-0.00233
16465	0.04040
16466	0.01892
16467	-0.00943
16468	-0.03375
16469	0.00033
16470	0.00313
16471	0.01103
16472	0.01671
16473	-0.00588
16474	0.00440
16475	0.00321
16476	-0.00292
16477	-0.00026
16478	0.00590
16479	0.00310
16480	-0.00321
16481	-0.00542
16482	-0.00565
16483	-0.00436
16484	-0.00528
16485	-0.01001
16486	-0.01930
16487	-0.02764
16488	-0.02688
16489	-0.02174
16490	-0.00979
16491	-0.00136
16492	-0.00538
16493	-0.00989
16494	-0.00421
16495	0.00032
16496	-0.00183
16497	-0.00816
16498	-0.01046
16499	-0.00716
16500	-0.00439
16501	-0.00100
16502	0.00327
16503	0.00487
16504	0.00235
16505	-0.00124
16506	-0.00048
16507	0.00052
16508	-0.00058
16509	-0.00064
16510	-0.00156
16511	-0.00474
16512	-0.00649
16513	0.00224
16514	-0.01128
16515	-0.03121
16516	-0.01855
16517	0.00498
16518	0.12427
16519	0.01190
16520	-0.26809
16521	-0.20960
16522	0.13558
16523	0.07934
16524	-0.64346
16525	-0.26764
16526	0.07349
16527	0.10484
16528	0.43317
16529	0.13489
16530	0.00767
16531	-0.07757
16532	0.06478
16533	0.13939
16534	-0.08748
16535	-0.12104
16536	0.01007
16537	-0.00091
16538	0.01038
16539	0.06510
16540	0.03117
16541	0.01056
16542	-0.00157
16543	-0.00486
16544	-0.00754
16545	-0.00382
16546	0.01508
16547	0.02332
16548	-0.00262
16549	0.00131
16550	-0.02618
16551	-0.02117
16552	0.02099
16553	0.09811
16554	0.15611
16555	0.07438
16556	0.03560
16557	0.04427
16558	0.06294
16559	0.04716
16560	0.08923
16561	0.14946
16562	0.10377
16563	0.10225
16564	0.13752
16565	0.15140
16566	0.10731
16567	0.10635
16568	0.18360
16569	0.19462
16570	0.11478
16571	0.08681
16572	0.15040
16573	0.15513
16574	0.14869
16575	0.13753
16576	0.12490
16577	0.13914
16578	0.16992
16579	0.10787
16580	0.03433
16581	0.04464
16582	0.07819
16583	0.06783
16584	0.01552
16585	0.00079
16586	0.03490
16587	0.06739
16588	0.05110
16589	0.02220
16590	-0.01955
16591	-0.05797
16592	-0.09460
16593	-0.17067
16594	-0.20316
16595	-0.16421
16596	-0.17223
16597	-0.20536
16598	-0.18292
16599	-0.12311
16600	-0.10262
16601	-0.05557
16602	0.00985
16603	0.06651
16604	0.07282
16605	0.03726
16606	0.03234
16607	0.02510
16608	0.00119
16609	0.00423
16610	-0.00598
16611	-0.00784
16612	-0.00368
16613	0.00206
16614	0.00399
16615	0.00288
16616	0.00019
16617	-0.00124
16618	-0.00117
16619	-0.00231
16620	-0.00508
16621	-0.00438
16622	-0.00093
16623	-0.00150
16624	-0.00553
16625	-0.00579
16626	-0.00463
16627	-0.00601
16628	-0.01225
16629	-0.01142
16630	-0.00265
16631	0.00289
16632	0.00593
16633	0.00836
16634	0.01298
16635	0.01738
16636	0.01215
16637	0.00093
16638	-0.00204
16639	0.00265
16640	0.00720
16641	0.00412
16642	0.00003
16643	-0.00046
16644	0.00110
16645	0.00243
16646	0.00207
16647	0.00318
16648	0.00480
16649	0.00039
16650	0.00034
16651	-0.00197
16652	-0.01734
16653	-0.00765
16654	0.00687
16655	0.00062
16656	-0.06103
16657	-0.22307
16658	-0.10828
16659	0.05592
16660	-0.04389
16661	0.01731
16662	-0.16360
16663	-0.11752
16664	0.03231
16665	-0.04822
16666	-0.04604
16667	-0.00872
16668	-0.00722
16669	-0.07423
16670	-0.03043
16671	0.12488
16672	0.12450
16673	0.00291
16674	0.01451
16675	-0.00498
16676	-0.01593
16677	-0.00841
16678	-0.01351
16679	0.00304
16680	0.01047
16681	-0.00077
16682	0.01123
16683	0.01948
16684	-0.01138
16685	-0.00262
16686	-0.05130
16687	-0.03038
16688	-0.00609
16689	0.00556
16690	0.01625
16691	0.01423
16692	-0.00807
16693	-0.00373
16694	-0.00165
16695	-0.01971
16696	-0.00740
16697	0.06386
16698	0.18605
16699	0.14417
16700	0.11592
16701	0.10964
16702	0.11640
16703	0.13227
16704	0.19229
16705	0.22411
16706	0.14800
16707	0.16091
16708	0.16262
16709	0.14449
16710	0.12710
16711	0.07141
16712	-0.03366
16713	-0.07772
16714	-0.06704
16715	-0.05278
16716	-0.06443
16717	-0.03186
16718	0.03484
16719	0.11372
16720	0.10421
16721	0.09996
16722	0.14928
16723	0.08729
16724	-0.01181
16725	-0.04136
16726	-0.05488
16727	-0.00182
16728	0.02966
16729	0.03505
16730	0.03535
16731	0.01589
16732	0.00396
16733	-0.01151
16734	-0.05554
16735	-0.00395
16736	-0.00692
16737	-0.01122
16738	-0.00370
16739	0.00736
16740	-0.00042
16741	-0.00904
16742	-0.00758
16743	-0.00933
16744	-0.01460
16745	-0.01796
16746	-0.00036
16747	-0.00156
16748	-0.03329
16749	-0.03466
16750	-0.02017
16751	-0.03761
16752	-0.04161
16753	-0.01882
16754	-0.00418
16755	0.00750
16756	0.01895
16757	0.01944
16758	0.01352
16759	0.01134
16760	0.01254
16761	0.01193
16762	0.00878
16763	0.00554
16764	0.00177
16765	-0.00105
16766	0.00303
16767	0.00232
16768	-0.01002
16769	-0.01093
16770	-0.00192
16771	-0.00002
16772	0.00334
16773	0.01107
16774	0.00472
16775	-0.00093
16776	-0.01199
16777	-0.02134
16778	-0.00227
16779	0.01707
16780	0.01369
16781	-0.05773
16782	-0.08392
16783	-0.06444
16784	0.04439
16785	0.01086
16786	0.06854
16787	-0.30392
16788	-0.39401
16789	-0.03213
16790	-0.05696
16791	-0.05558
16792	0.05529
16793	0.02850
16794	-0.12228
16795	-0.04580
16796	0.25389
16797	0.12517
16798	-0.21878
16799	-0.04673
16800	-0.00681
16801	0.09183
16802	0.09816
16803	0.02669
16804	0.07459
16805	0.07103
16806	0.02862
16807	0.00183
16808	-0.01052
16809	-0.02919
16810	-0.00147
16811	0.04482
16812	0.07706
16813	0.02149
16814	-0.00841
16815	-0.01374
16816	0.02916
16817	0.08571
16818	0.09908
16819	0.05268
16820	0.01318
16821	-0.02020
16822	0.02049
16823	0.11567
16824	0.12378
16825	0.09254
16826	0.17775
16827	0.16757
16828	0.05085
16829	0.03913
16830	0.16377
16831	0.22978
16832	0.18482
16833	0.14820
16834	0.14399
16835	0.12969
16836	0.15253
16837	0.25231
16838	0.30890
16839	0.16343
16840	-0.08424
16841	-0.16731
16842	0.01412
16843	0.13671
16844	0.04488
16845	-0.06624
16846	-0.03128
16847	0.03097
16848	0.01330
16849	-0.07131
16850	-0.08523
16851	-0.08049
16852	-0.06328
16853	-0.06259
16854	-0.06732
16855	-0.00852
16856	0.03578
16857	0.02909
16858	0.00965
16859	0.02346
16860	0.02788
16861	-0.00236
16862	-0.00775
16863	-0.00933
16864	-0.01667
16865	-0.00425
16866	0.00746
16867	0.00456
16868	0.00045
16869	0.00049
16870	-0.01036
16871	-0.01753
16872	-0.00878
16873	0.00473
16874	0.00661
16875	-0.00221
16876	-0.01583
16877	-0.03081
16878	-0.03466
16879	-0.02223
16880	-0.00929
16881	-0.01140
16882	-0.02194
16883	-0.02191
16884	-0.01565
16885	-0.00733
16886	0.00339
16887	0.01060
16888	0.00718
16889	0.00167
16890	0.00008
16891	-0.00002
16892	0.00116
16893	0.00525
16894	0.00464
16895	-0.00072
16896	-0.00234
16897	-0.00228
16898	-0.00231
16899	-0.00315
16900	-0.00371
16901	-0.00193
16902	0.00075
16903	0.00072
16904	-0.00273
16905	-0.01245
16906	-0.02100
16907	-0.01477
16908	0.00369
16909	0.01821
16910	0.01857
16911	0.00679
16912	-0.01332
16913	-0.01088
16914	0.03060
16915	0.16546
16916	-0.01305
16917	-0.00763
16918	-0.09749
16919	-0.25848
16920	-0.11960
16921	0.06892
16922	0.18524
16923	0.14441
16924	0.02583
16925	-0.23714
16926	0.02044
16927	-0.02717
16928	-0.36432
16929	-0.13797
16930	-0.10837
16931	-0.00736
16932	-0.01260
16933	0.20151
16934	0.09179
16935	0.12695
16936	0.13791
16937	0.04591
16938	0.01711
16939	-0.02037
16940	-0.08923
16941	-0.14427
16942	-0.08089
16943	-0.03592
16944	-0.01673
16945	-0.01548
16946	-0.00946
16947	0.01511
16948	0.04807
16949	0.08165
16950	0.08522
16951	0.14432
16952	0.20475
16953	0.12697
16954	0.06356
16955	0.02092
16956	0.03682
16957	0.08025
16958	0.12433
16959	0.18654
16960	0.14746
16961	0.07239
16962	0.06034
16963	0.09453
16964	0.13702
16965	0.19070
16966	0.28989
16967	0.33375
16968	0.27375
16969	0.20280
16970	0.10410
16971	-0.01659
16972	-0.06989
16973	-0.02448
16974	0.08014
16975	0.10246
16976	0.06850
16977	0.11989
16978	0.24162
16979	0.23017
16980	0.12764
16981	0.06552
16982	0.06448
16983	0.05078
16984	-0.06476
16985	-0.11525
16986	-0.05636
16987	-0.03165
16988	-0.01137
16989	0.04959
16990	0.04317
16991	0.03211
16992	0.01262
16993	0.01368
16994	-0.00649
16995	-0.02161
16996	-0.00578
16997	-0.02709
16998	-0.02847
16999	-0.00326
17000	0.01067
17001	0.00909
17002	0.00485
17003	-0.00249
17004	-0.00646
17005	-0.00395
17006	-0.00149
17007	-0.00256
17008	-0.00286
17009	-0.00771
17010	-0.02641
17011	-0.03788
17012	-0.03540
17013	-0.03893
17014	-0.04239
17015	-0.03130
17016	-0.01374
17017	-0.00332
17018	-0.00053
17019	0.00034
17020	0.00048
17021	0.00012
17022	-0.00097
17023	-0.00258
17024	-0.00277
17025	-0.00001
17026	0.00104
17027	-0.00314
17028	-0.00629
17029	-0.00689
17030	-0.00470
17031	-0.00237
17032	-0.00178
17033	-0.00153
17034	-0.00151
17035	-0.00166
17036	0.00121
17037	-0.00960
17038	-0.03165
17039	-0.02445
17040	0.00104
17041	0.00994
17042	0.00430
17043	0.02366
17044	-0.18828
17045	-0.00768
17046	0.00572
17047	0.05351
17048	0.03389
17049	-0.46798
17050	-0.47491
17051	0.00273
17052	-0.05721
17053	-0.07052
17054	0.18147
17055	0.06536
17056	-0.05319
17057	-0.04869
17058	0.08991
17059	0.00823
17060	-0.14574
17061	-0.06898
17062	-0.00242
17063	0.01786
17064	0.03142
17065	0.07073
17066	0.12943
17067	0.08039
17068	0.05097
17069	0.00681
17070	-0.01443
17071	-0.05849
17072	-0.09359
17073	-0.10587
17074	-0.06602
17075	-0.00672
17076	0.06340
17077	0.12945
17078	0.08696
17079	0.02551
17080	0.01356
17081	0.06672
17082	0.15853
17083	0.20824
17084	0.16610
17085	0.10172
17086	0.05658
17087	0.06374
17088	0.10882
17089	0.15768
17090	0.23506
17091	0.22616
17092	0.13630
17093	0.07309
17094	0.11235
17095	0.22350
17096	0.25715
17097	0.14748
17098	0.03387
17099	0.06529
17100	0.10238
17101	0.00314
17102	-0.10923
17103	-0.12222
17104	-0.05614
17105	-0.01752
17106	0.04831
17107	0.14755
17108	0.17776
17109	0.11013
17110	0.03628
17111	0.02453
17112	0.00227
17113	-0.04819
17114	-0.04234
17115	-0.02226
17116	-0.04371
17117	-0.04915
17118	0.01913
17119	0.05754
17120	0.06592
17121	0.08400
17122	0.03015
17123	-0.00499
17124	-0.04554
17125	0.01433
17126	0.00004
17127	-0.01037
17128	-0.02336
17129	-0.01042
17130	0.00762
17131	0.00795
17132	0.00203
17133	0.00205
17134	0.00394
17135	0.00038
17136	-0.00039
17137	0.00277
17138	-0.00543
17139	-0.01514
17140	-0.02214
17141	-0.02567
17142	-0.01892
17143	-0.01779
17144	-0.02457
17145	-0.02466
17146	-0.01633
17147	-0.00567
17148	0.00007
17149	0.00113
17150	-0.00195
17151	-0.00848
17152	-0.01124
17153	-0.00841
17154	-0.00397
17155	0.00089
17156	0.00322
17157	0.00231
17158	-0.00231
17159	-0.00392
17160	-0.00073
17161	-0.00454
17162	-0.00528
17163	-0.00112
17164	0.00046
17165	0.00039
17166	0.00298
17167	-0.01098
17168	-0.02483
17169	-0.01608
17170	-0.00001
17171	0.04291
17172	-0.07674
17173	-0.23513
17174	-0.25298
17175	0.10646
17176	0.26037
17177	-0.40929
17178	-0.61517
17179	-0.08976
17180	-0.00720
17181	0.01166
17182	0.15504
17183	0.08924
17184	-0.10564
17185	0.02055
17186	0.08402
17187	-0.03780
17188	-0.12665
17189	-0.07235
17190	0.00550
17191	0.01488
17192	0.11972
17193	0.08229
17194	0.08828
17195	0.05264
17196	-0.00042
17197	-0.01486
17198	-0.00953
17199	0.01771
17200	0.03278
17201	0.02957
17202	0.03594
17203	0.01961
17204	-0.01971
17205	-0.04483
17206	-0.01885
17207	0.03284
17208	0.08738
17209	0.16429
17210	0.17610
17211	0.12139
17212	0.09593
17213	0.12333
17214	0.12426
17215	0.12980
17216	0.18233
17217	0.21032
17218	0.18514
17219	0.19094
17220	0.22371
17221	0.23628
17222	0.25790
17223	0.27511
17224	0.25267
17225	0.13397
17226	0.05426
17227	0.03478
17228	-0.05357
17229	-0.18486
17230	-0.23876
17231	-0.21883
17232	-0.09276
17233	0.06422
17234	0.10750
17235	0.09327
17236	0.15979
17237	0.18191
17238	0.03714
17239	-0.10963
17240	-0.12629
17241	-0.10192
17242	-0.08342
17243	-0.07414
17244	-0.02444
17245	0.05044
17246	0.06039
17247	0.07021
17248	0.04755
17249	0.03793
17250	0.02218
17251	0.02629
17252	0.01554
17253	0.00062
17254	-0.00428
17255	-0.01126
17256	0.01617
17257	0.02124
17258	0.00573
17259	0.00344
17260	0.00554
17261	0.00104
17262	-0.00310
17263	-0.00331
17264	0.00314
17265	0.00419
17266	-0.00901
17267	-0.02018
17268	-0.02045
17269	-0.01944
17270	-0.02553
17271	-0.03325
17272	-0.02558
17273	-0.00508
17274	0.00302
17275	-0.00333
17276	-0.00865
17277	-0.01169
17278	-0.01159
17279	-0.01059
17280	-0.00879
17281	-0.00212
17282	0.00434
17283	0.00486
17284	0.00296
17285	-0.00161
17286	-0.00419
17287	-0.00281
17288	-0.00550
17289	-0.00591
17290	0.00042
17291	0.00480
17292	0.00070
17293	0.00005
17294	-0.01201
17295	-0.03893
17296	-0.03827
17297	-0.01015
17298	0.00975
17299	0.01604
17300	0.00836
17301	0.00142
17302	-0.12742
17303	-0.03423
17304	0.00223
17305	0.00136
17306	-0.03212
17307	-0.07388
17308	-0.05586
17309	0.00343
17310	-0.01436
17311	0.09799
17312	0.03718
17313	-0.16960
17314	-0.12476
17315	0.27540
17316	-0.31217
17317	-0.37597
17318	-0.07165
17319	-0.01609
17320	0.01221
17321	0.03983
17322	0.07152
17323	0.08684
17324	0.06602
17325	0.04817
17326	0.02251
17327	-0.00565
17328	-0.05898
17329	-0.10014
17330	-0.06796
17331	0.02770
17332	0.12459
17333	0.15206
17334	0.18936
17335	0.08391
17336	0.00310
17337	-0.00541
17338	0.03422
17339	0.10983
17340	0.15378
17341	0.15395
17342	0.15325
17343	0.10974
17344	0.16592
17345	0.26647
17346	0.25918
17347	0.24399
17348	0.20953
17349	0.30828
17350	0.40434
17351	0.41867
17352	0.42283
17353	0.34949
17354	0.19854
17355	0.05979
17356	-0.02066
17357	-0.07433
17358	-0.11334
17359	-0.12687
17360	-0.13293
17361	-0.14776
17362	-0.11697
17363	-0.06058
17364	-0.03032
17365	-0.00386
17366	0.04065
17367	0.08733
17368	0.06845
17369	0.02266
17370	0.00881
17371	0.02576
17372	-0.00873
17373	-0.06060
17374	-0.02254
17375	0.09518
17376	0.13632
17377	0.09466
17378	0.08316
17379	0.05119
17380	-0.00083
17381	-0.00332
17382	-0.04152
17383	-0.00983
17384	-0.02578
17385	-0.03114
17386	-0.00919
17387	0.01761
17388	0.01687
17389	0.00632
17390	0.00129
17391	-0.00261
17392	-0.00363
17393	-0.00678
17394	-0.00270
17395	-0.00186
17396	-0.03523
17397	-0.06893
17398	-0.05790
17399	-0.03843
17400	-0.04213
17401	-0.04596
17402	-0.02690
17403	-0.00780
17404	-0.00372
17405	-0.01030
17406	-0.00840
17407	-0.00492
17408	-0.00786
17409	-0.00987
17410	-0.00758
17411	-0.00574
17412	-0.00225
17413	0.00128
17414	0.00008
17415	-0.00262
17416	-0.00449
17417	-0.00434
17418	-0.00199
17419	0.00236
17420	0.00901
17421	0.00565
17422	-0.00645
17423	0.00448
17424	-0.00246
17425	-0.02714
17426	-0.01842
17427	-0.00198
17428	0.00470
17429	0.02341
17430	-0.08691
17431	-0.20482
17432	-0.01491
17433	0.05404
17434	0.01912
17435	-0.25280
17436	-0.35393
17437	-0.01268
17438	-0.00027
17439	0.03573
17440	0.10516
17441	0.01297
17442	-0.10319
17443	-0.01071
17444	-0.03576
17445	-0.08260
17446	-0.12618
17447	-0.10157
17448	-0.03261
17449	0.03509
17450	0.07109
17451	0.09529
17452	0.10140
17453	0.06853
17454	0.03667
17455	0.02126
17456	0.00333
17457	-0.00405
17458	0.00232
17459	0.01844
17460	0.05269
17461	0.10425
17462	0.17360
17463	0.14460
17464	0.12517
17465	0.13305
17466	0.14806
17467	0.18950
17468	0.15394
17469	0.17010
17470	0.22829
17471	0.27079
17472	0.26084
17473	0.23281
17474	0.25973
17475	0.25339
17476	0.24183
17477	0.28751
17478	0.32261
17479	0.26420
17480	0.28710
17481	0.32735
17482	0.22663
17483	0.05211
17484	-0.12584
17485	-0.30864
17486	-0.43226
17487	-0.45187
17488	-0.42635
17489	-0.27299
17490	-0.11825
17491	-0.03198
17492	-0.00515
17493	-0.01023
17494	-0.01638
17495	-0.00785
17496	0.04919
17497	0.08888
17498	0.04988
17499	-0.06872
17500	-0.10104
17501	-0.04424
17502	0.07035
17503	0.16531
17504	0.03659
17505	0.06383
17506	0.08066
17507	0.00647
17508	0.00333
17509	0.00538
17510	0.00664
17511	0.00256
17512	-0.00811
17513	-0.01588
17514	0.01929
17515	0.03564
17516	0.02030
17517	0.00877
17518	0.00757
17519	0.00227
17520	-0.00446
17521	-0.00416
17522	0.00078
17523	-0.00278
17524	-0.00878
17525	0.00056
17526	-0.00038
17527	-0.02464
17528	-0.04880
17529	-0.06530
17530	-0.06827
17531	-0.04701
17532	-0.02391
17533	-0.01978
17534	-0.02073
17535	-0.02006
17536	-0.02480
17537	-0.02376
17538	-0.00338
17539	0.00471
17540	-0.00765
17541	-0.00546
17542	0.01618
17543	0.02146
17544	0.01542
17545	0.01483
17546	0.01213
17547	0.00759
17548	0.00375
17549	0.00073
17550	-0.00028
17551	-0.00022
17552	-0.00022
17553	-0.00036
17554	-0.00074
17555	-0.00128
17556	-0.00206
17557	-0.00245
17558	-0.00198
17559	-0.00134
17560	-0.00068
17561	0.00002
17562	-0.00129
17563	-0.00458
17564	-0.00847
17565	-0.00143
17566	0.00065
17567	0.00412
17568	-0.12790
17569	-0.18960
17570	0.03683
17571	-0.07459
17572	-0.06515
17573	-0.00060
17574	0.01484
17575	-0.00278
17576	-0.06332
17577	-0.13555
17578	-0.16984
17579	-0.04512
17580	-0.04572
17581	-0.00491
17582	0.03681
17583	0.08382
17584	0.06498
17585	0.04087
17586	0.07700
17587	0.07453
17588	0.02525
17589	-0.01258
17590	-0.04485
17591	-0.06133
17592	-0.07293
17593	-0.05208
17594	-0.02822
17595	-0.00620
17596	0.00297
17597	0.01784
17598	0.03219
17599	0.01713
17600	0.02014
17601	0.01825
17602	0.01226
17603	0.01247
17604	0.01832
17605	0.03169
17606	0.04264
17607	0.06257
17608	0.09921
17609	0.07900
17610	0.03922
17611	0.01537
17612	-0.00729
17613	-0.02409
17614	-0.04211
17615	-0.04644
17616	-0.03206
17617	-0.00540
17618	0.02026
17619	0.03734
17620	0.03885
17621	0.04120
17622	0.06276
17623	0.09699
17624	0.10814
17625	0.09376
17626	0.06746
17627	0.03448
17628	0.04046
17629	0.07008
17630	0.06759
17631	0.01881
17632	-0.01055
17633	-0.02497
17634	-0.03359
17635	-0.04458
17636	-0.03772
17637	-0.01619
17638	0.00665
17639	-0.00653
17640	-0.04277
17641	-0.06974
17642	-0.07605
17643	-0.08592
17644	-0.08215
17645	-0.04998
17646	-0.02233
17647	-0.00673
17648	0.00702
17649	0.00838
17650	0.00730
17651	0.01067
17652	0.01610
17653	0.02112
17654	0.02163
17655	0.02218
17656	0.01595
17657	0.02420
17658	0.02767
17659	0.01299
17660	-0.00957
17661	-0.00339
17662	0.01646
17663	0.02358
17664	0.00951
17665	-0.00429
17666	-0.02163
17667	-0.01835
17668	0.00512
17669	0.00751
17670	0.00110
17671	-0.00012
17672	0.00031
17673	0.00132
17674	0.00254
17675	0.00115
17676	0.00013
17677	-0.00036
17678	-0.00070
17679	0.00149
17680	0.00509
17681	0.00837
17682	0.00975
17683	0.00785
17684	0.00457
17685	0.00121
17686	-0.00684
17687	0.01131
17688	0.00470
17689	-0.01160
17690	0.01461
17691	-0.04711
17692	-0.05059
17693	-0.06174
17694	-0.04152
17695	-0.00461
17696	-0.02280
17697	-0.00975
17698	0.05736
17699	0.03507
17700	-0.00257
17701	0.01512
17702	0.02093
17703	-0.00360
17704	-0.02228
17705	-0.03851
17706	-0.02865
17707	-0.00491
17708	0.02083
17709	0.03818
17710	0.00828
17711	-0.00514
17712	-0.02275
17713	-0.03783
17714	-0.01711
17715	-0.01066
17716	-0.02222
17717	-0.04113
17718	-0.04082
17719	-0.01247
17720	0.01078
17721	0.00267
17722	-0.00859
17723	-0.01342
17724	-0.02381
17725	-0.03111
17726	-0.02172
17727	-0.00112
17728	0.01849
17729	0.02569
17730	0.02362
17731	0.01741
17732	0.00079
17733	-0.02459
17734	-0.03360
17735	-0.01270
17736	0.00908
17737	-0.00162
17738	-0.02956
17739	-0.03484
17740	-0.04239
17741	-0.06689
17742	-0.07489
17743	-0.04754
17744	-0.01321
17745	0.01329
17746	0.02097
17747	-0.00712
17748	-0.02885
17749	-0.00141
17750	0.02025
17751	0.01298
17752	-0.00853
17753	-0.01147
17754	0.01173
17755	0.01257
17756	-0.00786
17757	-0.02474
17758	0.00465
17759	0.04092
17760	0.04060
17761	0.02266
17762	0.00506
17763	0.00009
17764	0.01755
17765	0.02252
17766	0.01416
17767	0.01099
17768	0.00761
17769	-0.01283
17770	-0.02250
17771	-0.00457
17772	0.01924
17773	0.03848
17774	0.03354
17775	-0.00005
17776	-0.01678
17777	-0.00215
17778	0.04177
17779	0.07106
17780	0.04411
17781	0.00294
17782	-0.01903
17783	-0.01682
17784	0.01261
17785	0.01950
17786	-0.00871
17787	-0.01771
17788	-0.00100
17789	0.02461
17790	0.02486
17791	-0.00624
17792	-0.02922
17793	-0.02538
17794	0.00410
17795	0.02692
17796	0.02085
17797	0.00576
17798	-0.00262
17799	-0.00708
17800	-0.00579
17801	0.00316
17802	0.01558
17803	0.02581
17804	0.02753
17805	0.01820
17806	0.00542
17807	-0.01349
17808	-0.02770
17809	-0.02170
17810	-0.00492
17811	0.01321
17812	0.02777
17813	0.02753
17814	0.00841
17815	-0.00071
17816	0.01081
17817	0.02456
17818	0.01379
17819	-0.00491
17820	-0.00176
17821	0.00584
17822	-0.00013
17823	-0.01373
17824	-0.00659
17825	0.01487
17826	0.01406
17827	0.00224
17828	-0.00176
17829	0.00604
17830	0.00138
17831	-0.01187
17832	-0.01693
17833	-0.01361
17834	-0.00922
17835	-0.00071
17836	0.01418
17837	0.01913
17838	0.00289
17839	-0.02312
17840	-0.02035
17841	0.00371
17842	0.01009
17843	
17844	